  0.000,0.0
  1.000,0.007947631662176331
  0.000,0.007947631662176331
 3.0300E-05,0.00856849321090495
 6.0600E-05,0.010309668487614573
 9.0900E-05,0.013099291037050292
 1.2120E-04,0.015147598952493171
 1.5150E-04,0.01585575510247614
 1.8180E-04,0.01544573433985165
 2.1210E-04,0.014914085561057548
 2.4240E-04,0.015240339831818392
 2.7270E-04,0.015998248240597247
 3.0300E-04,0.01609022647047747
 3.3330E-04,0.014882022585167338
 3.6360E-04,0.012525256334550035
 3.9390E-04,0.010201059047092138
 4.2420E-04,0.008842139224616637
 4.5450E-04,0.00815187086479367
 4.8480E-04,0.007276344188167928
 5.1510E-04,0.00548388675188384
 5.4540E-04,0.0029659434246612376
 5.7570E-04,0.0008876420773093756
 6.0600E-04,5.668262417516659e-05
 6.3630E-04,0.0003056144281928723
 6.6660E-04,0.0007868244109395797
 6.9690E-04,0.0006473868330401252
 7.2720E-04,4.4290015380068094e-05
 7.5750E-04,-5.5299478393080765e-05
 7.8780E-04,0.001043038278300951
 8.1810E-04,0.003214996668040089
 8.4840E-04,0.005517553486122131
 8.7870E-04,0.007047447970459014
 9.0900E-04,0.007871439325624197
 9.3930E-04,0.008775815572112374
 9.6960E-04,0.010444901764293517
 9.9990E-04,0.012778384449501681
 1.0302E-03,0.014847442740951474
 1.0605E-03,0.015810084887101856
 1.0908E-03,0.015697421260933327
 1.1211E-03,0.015265581756103638
 1.1514E-03,0.01527586867077171
 1.1817E-03,0.015719863861637172
 1.2120E-03,0.015804139135363143
 1.2423E-03,0.014808539691623199
 1.2726E-03,0.012787942920342424
 1.3029E-03,0.010534705897270099
 1.3332E-03,0.008885426596325722
 1.3635E-03,0.007922908354390763
 1.3938E-03,0.006980740291516314
 1.4241E-03,0.005404241573834265
 1.4544E-03,0.0032203166378338235
 1.4847E-03,0.0011904634211007377
 1.5150E-03,0.00012161889140242452
 1.5453E-03,9.795929732472262e-05
 1.5756E-03,0.0004816316189075065
 1.6059E-03,0.0005656583844856318
 1.6362E-03,0.0002671108582946991
 1.6665E-03,0.0002238486291443111
 1.6968E-03,0.0011263571129514617
 1.7271E-03,0.0030130060769296904
 1.7574E-03,0.00521707572473842
 1.7877E-03,0.006959656579795028
 1.8180E-03,0.008060712648388667
 1.8483E-03,0.009046286227024284
 1.8786E-03,0.010539071915016443
 1.9089E-03,0.012588477316434594
 1.9392E-03,0.014564730587729668
 1.9695E-03,0.015716451103214044
 1.9998E-03,0.015867307279972417
 2.0301E-03,0.015534908366166715
 2.0604E-03,0.015379986581960933
 2.0907E-03,0.015551535744807063
 2.1210E-03,0.01554265352874982
 2.1513E-03,0.014711276727706179
 2.1816E-03,0.012946167412653788
 2.2119E-03,0.010801215044581525
 2.2422E-03,0.008996965641754347
 2.2725E-03,0.007776266781640774
 2.3028E-03,0.006734285279241417
 2.3331E-03,0.005299200642354767
 2.3634E-03,0.00336377783289147
 2.3937E-03,0.0014451358877437172
 2.4240E-03,0.00023428122081418012
 2.4543E-03,-3.28628726631866e-05
 2.4846E-03,0.00024053600680693968
 2.5149E-03,0.0004487940110095549
 2.5452E-03,0.0003905311399501307
 2.5755E-03,0.00045964008522590563
 2.6058E-03,0.0012384502645515472
 2.6361E-03,0.0028936784365969663
 2.6664E-03,0.0049802316333868255
 2.6967E-03,0.006834803183024891
 2.7270E-03,0.008165453376312378
 2.7573E-03,0.009267269346696068
 2.7876E-03,0.010654627529063623
 2.8179E-03,0.012483497186600582
 2.8482E-03,0.014339746403819315
 2.8785E-03,0.015592003570164112
 2.9088E-03,0.015961217224831608
 2.9391E-03,0.015749060211619002
 2.9694E-03,0.015503740970275525
 2.9997E-03,0.01546492714383163
 3.0300E-03,0.015334743739349878
 3.0603E-03,0.014591302072449993
 3.0906E-03,0.01303246400101165
 3.1209E-03,0.011010006869140757
 3.1512E-03,0.009127155703043406
 3.1815E-03,0.0077052746162448015
 3.2118E-03,0.006540067128602271
 3.2421E-03,0.005178761966265825
 3.2724E-03,0.003437370688239458
 3.3027E-03,0.0016423470767112018
 3.3330E-03,0.0003633694483327354
 3.3633E-03,-9.516304445248688e-05
 3.3936E-03,5.2931844874349774e-05
 3.4239E-03,0.00032144662975221297
 3.4542E-03,0.00044640262531018545
 3.4845E-03,0.0006402269588786842
 3.5148E-03,0.0013623102875038088
 3.5451E-03,0.0028374582225209866
 3.5754E-03,0.004798153011998008
 3.6057E-03,0.006702205201223135
 3.6360E-03,0.00820687862221809
 3.6663E-03,0.009434691880921182
 3.6966E-03,0.010777181321118299
 3.7269E-03,0.012437813242162019
 3.7572E-03,0.014169250629290777
 3.7875E-03,0.015462272326498019
 3.8178E-03,0.015996542055756156
 3.8481E-03,0.015910600488761147
 3.8784E-03,0.015630742123705674
 3.9087E-03,0.015434227422219778
 3.9390E-03,0.015180184032248694
 3.9693E-03,0.014468670066184013
 3.9996E-03,0.01306469033792027
 4.0299E-03,0.0111668311481205
 4.0602E-03,0.009257589239402194
 4.0905E-03,0.0076867706664467805
 4.1208E-03,0.0063977381464098496
 4.1511E-03,0.005058653591459222
 4.1814E-03,0.003461012416478524
 4.2117E-03,0.00178818873239293
 4.2420E-03,0.0004901762409439566
 4.2723E-03,-0.00010878667038794279
 4.3026E-03,-8.412608445402265e-05
 4.3329E-03,0.0001975090695901624
 4.3632E-03,0.00045600833702218874
 4.3935E-03,0.0007704330900369438
 4.4238E-03,0.0014815129174133382
 4.4541E-03,0.002825958801965295
 4.4844E-03,0.004665424828222903
 4.5147E-03,0.006575643595428249
 4.5450E-03,0.008205503342105156
 4.5753E-03,0.00955312178361844
 4.6056E-03,0.010892879994749341
 4.6359E-03,0.012433144838321353
 4.6662E-03,0.014046840269582458
 4.6965E-03,0.015340617536233916
 4.7268E-03,0.015992389095791742
 4.7571E-03,0.016024711378412198
 4.7874E-03,0.015748948234413897
 4.8177E-03,0.01544119394559395
 4.8480E-03,0.015072326295364643
 4.8783E-03,0.01435580438618858
 4.9086E-03,0.01306067182307605
 4.9389E-03,0.011277779199316747
 4.9692E-03,0.009377451098398697
 4.9995E-03,0.0077027943131108625
 5.0298E-03,0.006300651760162325
 5.0601E-03,0.004949923866087843
 5.0904E-03,0.0034516203571275644
 5.1207E-03,0.001889645872511717
 5.1510E-03,0.0006047291948038831
 5.1813E-03,-9.096296342147778e-05
 5.2116E-03,-0.0001774773515253649
 5.2419E-03,8.653275568174066e-05
 5.2722E-03,0.0004357250696349377
 5.3025E-03,0.0008577652875762436
 5.3328E-03,0.0015869671061731652
 5.3631E-03,0.0028428931941296585
 5.3934E-03,0.004574778606914886
 5.4237E-03,0.0064634283051739905
 5.4540E-03,0.00817717522186046
 5.4843E-03,0.00963027933668359
 5.5146E-03,0.010993638015182185
 5.5449E-03,0.01245409139473339
 5.5752E-03,0.013964836406630491
 5.6055E-03,0.015234384810170786
 5.6358E-03,0.015963952713050764
 5.6661E-03,0.01609921669198517
 5.6964E-03,0.01585129121987752
 5.7267E-03,0.015471183862835672
 5.7570E-03,0.015003204936215438
 5.7873E-03,0.01425922267493896
 5.8176E-03,0.013034860413104886
 5.8479E-03,0.01135079526169887
 5.8782E-03,0.009480645952856264
 5.9085E-03,0.007739374882076917
 5.9388E-03,0.006240658139645559
 5.9691E-03,0.004858269180955515
 5.9994E-03,0.0034228723785144763
 6.0297E-03,0.001954838625338007
 6.0600E-03,0.0007018426504460436
 6.0903E-03,-5.499992607639419e-05
 6.1206E-03,-0.00023538923922151287
 6.1509E-03,-6.6411352782706746e-06
 6.1812E-03,0.0003984723289152242
 6.2115E-03,0.0009105116852185229
 6.2418E-03,0.0016743137447176614
 6.2721E-03,0.002875654146559332
 6.3024E-03,0.0045178835570761945
 6.3327E-03,0.006369574165850142
 6.3630E-03,0.008134097422747084
 6.3933E-03,0.009674536685046236
 6.4236E-03,0.011075829994981912
 6.4539E-03,0.012488760790862021
 6.4842E-03,0.013914894076654763
 6.5145E-03,0.015146857049981196
 6.5448E-03,0.015922755620097095
 6.5751E-03,0.01614248385252193
 6.6054E-03,0.015934803868959905
 6.6357E-03,0.01551300123719034
 6.6660E-03,0.014964496314786555
 6.6963E-03,0.014181557561012274
 6.7266E-03,0.012998120840288917
 6.7569E-03,0.011394200916567775
 6.7872E-03,0.009564831817039618
 6.8175E-03,0.007785989184666044
 6.8478E-03,0.006209465142925606
 6.8781E-03,0.0047857072898263315
 6.9084E-03,0.0033849778265994937
 6.9387E-03,0.0019920349303994334
 6.9690E-03,0.00077979327385015
 6.9993E-03,-1.0762155248232553e-05
 7.0296E-03,-0.00026610757238941366
 7.0599E-03,-8.058933175126459e-05
 7.0902E-03,0.00035379999285573867
 7.1205E-03,0.0009368715253332883
 7.1508E-03,0.0017424152229608744
 7.1811E-03,0.0029150229493206618
 7.2114E-03,0.004486580852416764
 7.2417E-03,0.006294958130472494
 7.2720E-03,0.008085175809484367
 7.3023E-03,0.009693984832146844
 7.3326E-03,0.0111388311480156
 7.3629E-03,0.012528555275145774
 7.3932E-03,0.013888989821636704
 7.4235E-03,0.015078437191093447
 7.4538E-03,0.015877094627310007
 7.4841E-03,0.016162456283497387
 7.5144E-03,0.015999301308609208
 7.5447E-03,0.015558638333450578
 7.5750E-03,0.014948340250803778
 7.6053E-03,0.014122791595475059
 7.6356E-03,0.012958171763824465
 7.6659E-03,0.011415774796938198
 7.6962E-03,0.00963022806279792
 7.7265E-03,0.00783520123055429
 7.7568E-03,0.006199380874477623
 7.7871E-03,0.004731819535547556
 7.8174E-03,0.003345089430775345
 7.8477E-03,0.0020088437851185728
 7.8780E-03,0.0008391946255747239
 7.9083E-03,3.488007843190273e-05
 7.9386E-03,-0.0002771508345189819
 7.9689E-03,-0.0001361163681490397
 7.9992E-03,0.0003083013928665564
 8.0295E-03,0.0009442704379098846
 8.0598E-03,0.0017922537580397234
 8.0901E-03,0.0029546809950057114
 8.1204E-03,0.00447354598353808
 8.1507E-03,0.0062384328719688
 8.1810E-03,0.008036466998279007
 8.2113E-03,0.009695841464214042
 8.2416E-03,0.0111839375346954
 8.2719E-03,0.012567674631179332
 8.3022E-03,0.013880017759148716
 8.3325E-03,0.015027694671013402
 8.3628E-03,0.015832526729999834
 8.3931E-03,0.016166124785406615
 8.4234E-03,0.016046338857696688
 8.4537E-03,0.01560277688862105
 8.4840E-03,0.014947861735682234
 8.5143E-03,0.014081252128376673
 8.5446E-03,0.012920099683809493
 8.5749E-03,0.011422275975431957
 8.6052E-03,0.009678622973504785
 8.6355E-03,0.007882155422468319
 8.6658E-03,0.006203762125545171
 8.6961E-03,0.004694704395813636
 8.7264E-03,0.0033078340776062348
 8.7567E-03,0.0020117923041812792
 8.7870E-03,0.0008820598061741786
 8.8173E-03,7.752768634529752e-05
 8.8476E-03,-0.00027492757747765733
 8.8779E-03,-0.00017534150373814815
 8.9082E-03,0.00026615226455116154
 8.9385E-03,0.0009389965370576054
 8.9688E-03,0.0018260463984581766
 8.9991E-03,0.002990670161141202
 9.0294E-03,0.004472614979956936
 9.0597E-03,0.00619769420778324
 9.0900E-03,0.00799172104640604
 9.1203E-03,0.0096861448412721
 9.1506E-03,0.011213528497902043
 9.1809E-03,0.012602567943599262
 9.2112E-03,0.013882067186308683
 9.2415E-03,0.01499218484548368
 9.2718E-03,0.015792413662525012
 9.3021E-03,0.0161592730601232
 9.3324E-03,0.016078418722642925
 9.3627E-03,0.015642238502436314
 9.3930E-03,0.014957403991716812
 9.4233E-03,0.014054383555260657
 9.4536E-03,0.012886904992099955
 9.4839E-03,0.011419235813918717
 9.5142E-03,0.009712623735069549
 9.5445E-03,0.007924028470181891
 9.5748E-03,0.006217203116105482
 9.6051E-03,0.004671704154643403
 9.6354E-03,0.003275860044699529
 9.6657E-03,0.0020061611231350445
 9.6960E-03,0.0009110954163563546
 9.7263E-03,0.00011470649378039776
 9.7566E-03,-0.0002645919936483481
 9.7869E-03,-0.00020101631079207406
 9.8172E-03,0.0002296572132180527
 9.8475E-03,0.0009260773738804782
 9.8778E-03,0.0018465836538490588
 9.9081E-03,0.003020849859872171
 9.9384E-03,0.004478887954563925
 9.9687E-03,0.006169920638200295
 9.9990E-03,0.007952923435053565
 1.0029E-02,0.009669668350734616
 1.0060E-02,0.01123044859669121
 1.0090E-02,0.012631396602369338
 1.0120E-02,0.01389049060471331
 1.0151E-02,0.014969047077618201
 1.0181E-02,0.015758455599493255
 1.0211E-02,0.01614642497622286
 1.0241E-02,0.016098412613925382
 1.0272E-02,0.01567545582313532
 1.0302E-02,0.014972565402563434
 1.0332E-02,0.014039305489751611
 1.0363E-02,0.012860025875334996
 1.0393E-02,0.011410935208162066
 1.0423E-02,0.009735118019001536
 1.0454E-02,0.007959509834098046
 1.0484E-02,0.00623554325131698
 1.0514E-02,0.004659924126244401
 1.0544E-02,0.003250351306426993
 1.0575E-02,0.0019959909669739007
 1.0605E-02,0.0009292017483346741
 1.0635E-02,0.00014535767583728277
 1.0666E-02,-0.0002500645322163546
 1.0696E-02,-0.0002160440189801637
 1.0726E-02,0.00019975373413610512
 1.0757E-02,0.000909314079517488
 1.0787E-02,0.001856767539479777
 1.0817E-02,0.0030443987014505923
 1.0847E-02,0.0044886823500563085
 1.0878E-02,0.00615221659380185
 1.0908E-02,0.007920786882612241
 1.0938E-02,0.0096499785492317
 1.0969E-02,0.011237581800327606
 1.0999E-02,0.012653549291306871
 1.1029E-02,0.01390183521834989
 1.1060E-02,0.01495541335350455
 1.1090E-02,0.015731169360891254
 1.1120E-02,0.016130922814053324
 1.1150E-02,0.016109169929544424
 1.1181E-02,0.01570200213425488
 1.1211E-02,0.014990112599780558
 1.1241E-02,0.014033188860265259
 1.1272E-02,0.012839802155998399
 1.1302E-02,0.011400500745048498
 1.1332E-02,0.009748914454303825
 1.1363E-02,0.007988345835995132
 1.1393E-02,0.006255762721065612
 1.1423E-02,0.004656576735618994
 1.1453E-02,0.003231476565770308
 1.1484E-02,0.0019841957498969664
 1.1514E-02,0.0009391447212717943
 1.1544E-02,0.00016939629254206375
 1.1575E-02,-0.00023415328946580752
 1.1605E-02,-0.0002231670994690978
 1.1635E-02,0.00017644603618826904
 1.1666E-02,0.000891410332296338
 1.1696E-02,0.0018593143355294381
 1.1726E-02,0.0030613884674962066
 1.1756E-02,0.004499396896040127
 1.1787E-02,0.006141894947600482
 1.1817E-02,0.007895169381369575
 1.1847E-02,0.009629577424573321
 1.1878E-02,0.011237583081874943
 1.1908E-02,0.012669232189642837
 1.1938E-02,0.013913695179475846
 1.1969E-02,0.014948663074522056
 1.1999E-02,0.015710289773550032
 1.2029E-02,0.016115079559569798
 1.2059E-02,0.016113275538634286
 1.2090E-02,0.01572219791021118
 1.2120E-02,0.015007823268449605
 1.2150E-02,0.014033484982647079
 1.2181E-02,0.012825860006431471
 1.2211E-02,0.011390065565195218
 1.2241E-02,0.009756525365327316
 1.2272E-02,0.008010962630672679
 1.2302E-02,0.00627581693680377
 1.2332E-02,0.00465918595561093
 1.2362E-02,0.0032187577614076904
 1.2393E-02,0.0019727319237850868
 1.2423E-02,0.0009433634876571464
 1.2453E-02,0.00018735101088897038
 1.2484E-02,-0.00021872717887959776
 1.2514E-02,-0.00022478678282114857
 1.2544E-02,0.0001591572981756828
 1.2575E-02,0.0008741493196316443
 1.2605E-02,0.0018565861235780251
 1.2635E-02,0.0030724406439306797
 1.2665E-02,0.004509332035112281
 1.2696E-02,0.006136634609288209
 1.2726E-02,0.007875409576026405
 1.2756E-02,0.00961008458353071
 1.2787E-02,0.011232731588961105
 1.2817E-02,0.012679142185809563
 1.2847E-02,0.013924527741263404
 1.2878E-02,0.014946560039632212
 1.2908E-02,0.01569508838075574
 1.2938E-02,0.01610036437699742
 1.2968E-02,0.016112922540490644
 1.2999E-02,0.015736800555350438
 1.3029E-02,0.015024299758186203
 1.3059E-02,0.014038043812727736
 1.3090E-02,0.012817414452413814
 1.3120E-02,0.011380957167216781
 1.3150E-02,0.009760057968332816
 1.3181E-02,0.008028172147837229
 1.3211E-02,0.0062944480936881295
 1.3241E-02,0.004665687425410259
 1.3271E-02,0.0032113564684157895
 1.3302E-02,0.001962788184618344
 1.3332E-02,0.0009438794810224058
 1.3362E-02,0.00020008591060951349
 1.3393E-02,-0.00020490638564171494
 1.3423E-02,-0.00022288095456259692
 1.3453E-02,0.00014699967436862708
 1.3484E-02,0.0008585844551460364
 1.3514E-02,0.0018505167264391417
 1.3544E-02,0.0030784639937554564
 1.3574E-02,0.004517498578537005
 1.3605E-02,0.006134546128279506
 1.3635E-02,0.007860580873732093
 1.3665E-02,0.009592427981959327
 1.3696E-02,0.011224872116242908
 1.3726E-02,0.012684220215423654
 1.3756E-02,0.01393346285397366
 1.3787E-02,0.014947303810134281
 1.3817E-02,0.015684612437891366
 1.3847E-02,0.016087592155330052
 1.3877E-02,0.016109867461986022
 1.3908E-02,0.015746772851326217
 1.3938E-02,0.015038780536635103
 1.3968E-02,0.014045152428710406
 1.3999E-02,0.012813493689122483
 1.4029E-02,0.01137388500346506
 1.4059E-02,0.009761182141209808
 1.4090E-02,0.008040955019748473
 1.4120E-02,0.006310998562598567
 1.4150E-02,0.004674454383199055
 1.4180E-02,0.0032082836233939117
 1.4211E-02,0.001954970855856401
 1.4241E-02,0.0009422764053413604
 1.4271E-02,0.00020859780309420966
 1.4302E-02,-0.00019324668925030662
 1.4332E-02,-0.0002189901619790625
 1.4362E-02,0.00013896986381060444
 1.4393E-02,0.0008452224943119168
 1.4423E-02,0.0018426035964360544
 1.4453E-02,0.0030804663530269553
 1.4483E-02,0.004523436567634249
 1.4514E-02,0.006134174957587153
 1.4544E-02,0.007849673253356807
 1.4574E-02,0.009577023738554704
 1.4605E-02,0.011215417127601483
 1.4635E-02,0.012685476502491279
 1.4665E-02,0.01394012567483956
 1.4696E-02,0.014949523441300057
 1.4726E-02,0.015677853370519263
 1.4756E-02,0.01607709894214367
 1.4786E-02,0.01610544066937659
 1.4817E-02,0.01575312068220831
 1.4847E-02,0.01505096679277375
 1.4877E-02,0.014053520397622964
 1.4908E-02,0.012813094937408656
 1.4938E-02,0.01136911140140508
 1.4968E-02,0.009761148679899037
 1.4999E-02,0.00805031056784876
 1.5029E-02,0.0063252419610279114
 1.5059E-02,0.0046842753552889275
 1.5089E-02,0.0032085433522922296
 1.5120E-02,0.0019494705621228119
 1.5150E-02,0.0009397263915096889
 1.5180E-02,0.00021387855132908745
 1.5211E-02,-0.0001839036960110476
 1.5241E-02,-0.00021424731433615512
 1.5271E-02,0.00013408093069151107
 1.5302E-02,0.0008341854367328516
 1.5332E-02,0.0018339409473385818
 1.5362E-02,0.003079428557288607
 1.5392E-02,0.004527055743940258
 1.5423E-02,0.006134464950926104
 1.5453E-02,0.007841713430984016
 1.5483E-02,0.009563932729279506
 1.5514E-02,0.011205385745130171
 1.5544E-02,0.01268387548102652
 1.5574E-02,0.01394448241260425
 1.5605E-02,0.014952235731885795
 1.5635E-02,0.01567385649381812
 1.5665E-02,0.01606889325632581
 1.5695E-02,0.016100590410091455
 1.5726E-02,0.01575678840518446
 1.5756E-02,0.015060874044240282
 1.5786E-02,0.01406223376037743
 1.5817E-02,0.012815284416974259
 1.5847E-02,0.011366597509021484
 1.5877E-02,0.009760837769544367
 1.5908E-02,0.008057162049911528
 1.5938E-02,0.006337240323460976
 1.5968E-02,0.00469430391735883
 1.5998E-02,0.003211223156650762
 1.6029E-02,0.001946202503742133
 1.6059E-02,0.0009370423987029707
 1.6089E-02,0.00021682972133114345
 1.6120E-02,-0.0001767703421188295
 1.6150E-02,-0.00020943211272890055
 1.6180E-02,0.00013144280945745214
 1.6211E-02,0.0008253450484800552
 1.6241E-02,0.001825275807918496
 1.6271E-02,0.003076228387983962
 1.6301E-02,0.004528503847906278
 1.6332E-02,0.006134700741546482
 1.6362E-02,0.007835836557449533
 1.6392E-02,0.009552989430855767
 1.6423E-02,0.011195462758581477
 1.6453E-02,0.01268026836156813
 1.6483E-02,0.013946714545532769
 1.6514E-02,0.014954785251951505
 1.6544E-02,0.015671784599639384
 1.6574E-02,0.016062779034082562
 1.6604E-02,0.01609594374977856
 1.6635E-02,0.015758599039442097
 1.6665E-02,0.015068712017241654
 1.6695E-02,0.014070693132541055
 1.6726E-02,0.012819253297380229
 1.6756E-02,0.011366120366838118
 1.6786E-02,0.009760821475795937
 1.6817E-02,0.008062304115430534
 1.6847E-02,0.006347229608475085
 1.6877E-02,0.004703995121220757
 1.6907E-02,0.003215542541267112
 1.6938E-02,0.0019449178576592355
 1.6968E-02,0.0009347423570419892
 1.6998E-02,0.0002182174247422591
 1.7029E-02,-0.00017158548253769424
 1.7059E-02,-0.00020503585857351237
 1.7089E-02,0.00013030402513866326
 1.7120E-02,0.0008184287167318466
 1.7150E-02,0.0018170735600281966
 1.7180E-02,0.003071602421861242
 1.7210E-02,0.0045280638398076225
 1.7241E-02,0.006134442012062111
 1.7271E-02,0.00783132136805817
 1.7301E-02,0.009543902041372546
 1.7332E-02,0.011186064748780974
 1.7362E-02,0.0126753611074914
 1.7392E-02,0.013947121599864356
 1.7423E-02,0.014956778192933584
 1.7453E-02,0.0156709472035376
 1.7483E-02,0.01605845014972663
 1.7513E-02,0.01609187277464318
 1.7544E-02,0.0157592277711016
 1.7574E-02,0.01507479289121618
 1.7604E-02,0.014078547610748737
 1.7635E-02,0.012824341627416894
 1.7665E-02,0.011367362060554028
 1.7695E-02,0.009761429854943939
 1.7726E-02,0.008066381567000387
 1.7756E-02,0.006355533328041068
 1.7786E-02,0.004713039603085776
 1.7816E-02,0.0032208718310967202
 1.7847E-02,0.0019452876503594405
 1.7877E-02,0.0009331151017496514
 1.7907E-02,0.0002186561516713826
 1.7938E-02,-0.0001680150384812376
 1.7968E-02,-0.00020132720868421913
 1.7998E-02,0.00013006536477442766
 1.8029E-02,0.0008130978780150153
 1.8059E-02,0.001809583320465378
 1.8089E-02,0.003066134520343617
 1.8119E-02,0.004526077857080835
 1.8150E-02,0.006133458211944238
 1.8180E-02,0.007827599239409328
 1.8210E-02,0.009536325703401191
 1.8241E-02,0.01117740464873352
 1.8271E-02,0.012669707131334976
 1.8301E-02,0.01394605015207093
 1.8332E-02,0.014958018108824722
 1.8362E-02,0.015670805769016048
 1.8392E-02,0.0160555588408604
 1.8422E-02,0.016088558136162015
 1.8453E-02,0.015759198397056473
 1.8483E-02,0.015079465140421229
 1.8513E-02,0.01408563176602998
 1.8544E-02,0.012830040123736963
 1.8574E-02,0.011369973540741884
 1.8604E-02,0.00976281335555202
 1.8635E-02,0.00806988928548491
 1.8665E-02,0.006362501051314809
 1.8695E-02,0.004721301804442577
 1.8725E-02,0.0032267305530369605
 1.8756E-02,0.0019469619337993452
 1.8786E-02,0.0009322814955185909
 1.8816E-02,0.00021861201557582142
 1.8847E-02,-0.00016570889868891255
 1.8877E-02,-0.0001984126232742502
 1.8907E-02,0.0001302750776563515
 1.8938E-02,0.0008090027285647155
 1.8968E-02,0.0018028977717174442
 1.8998E-02,0.0030602622460750954
 1.9028E-02,0.0045228948675776395
 1.9059E-02,0.006131669691039249
 1.9089E-02,0.00782424662376097
 1.9119E-02,0.009529912958928199
 1.9150E-02,0.011169550040943704
 1.9180E-02,0.012663716359684067
 1.9210E-02,0.013943845682856719
 1.9241E-02,0.014958448721927708
 1.9271E-02,0.015670963720565898
 1.9301E-02,0.01605376204976691
 1.9331E-02,0.016086045507115232
 1.9362E-02,0.015758894485045624
 1.9392E-02,0.015083069214302754
 1.9422E-02,0.0140919101448881
 1.9453E-02,0.01283597802688255
 1.9483E-02,0.011373617039866783
 1.9513E-02,0.009764997390972712
 1.9544E-02,0.00807318531086176
 1.9574E-02,0.0063684678003583135
 1.9604E-02,0.004728766218047977
 1.9634E-02,0.0032327732979953614
 1.9665E-02,0.0019496084479141964
 1.9695E-02,0.0009322472234562658
 1.9725E-02,0.00021841779833409072
 1.9756E-02,-0.00016433777126280446
 1.9786E-02,-0.0001962882886738251
 1.9816E-02,0.0001306128646779596
 1.9847E-02,0.0008058171851599639
 1.9877E-02,0.001797004059382387
 1.9907E-02,0.0030542936143849436
 1.9937E-02,0.004518837375050205
 1.9968E-02,0.006129097668411181
 1.9998E-02,0.007820967442778042
 2.0028E-02,0.009524345223459393
 2.0059E-02,0.0111624720598299
 2.0089E-02,0.01265767334264826
 2.0119E-02,0.013940822585200659
 2.0150E-02,0.014958105908357382
 2.0180E-02,0.015671147676629242
 2.0210E-02,0.016052749797542256
 2.0240E-02,0.016084292544397305
 2.0271E-02,0.0157585786212635
 2.0301E-02,0.015085910651173609
 2.0331E-02,0.014097431314608957
 2.0362E-02,0.01284190339972689
 2.0392E-02,0.011377991532488783
 2.0422E-02,0.009767927362342055
 2.0453E-02,0.008076511086810515
 2.0483E-02,0.006373730130779541
 2.0513E-02,0.0047354934438493404
 2.0543E-02,0.0032387690997516677
 2.0574E-02,0.0019529351661205954
 2.0604E-02,0.0009329458068886281
 2.0634E-02,0.00021829406643442215
 2.0665E-02,-0.0001636142506699946
 2.0695E-02,-0.00019488208030583296
 2.0725E-02,0.0001308684093063942
 2.0755E-02,0.0008032586106594846
 2.0786E-02,0.0017918247982255467
 2.0816E-02,0.0030484289589529923
 2.0846E-02,0.004514183077258012
 2.0877E-02,0.0061258242816516414
 2.0907E-02,0.007817570978240228
 2.0937E-02,0.009519349886711473
 2.0968E-02,0.01115608434939033
 2.0998E-02,0.012651759579838922
 2.1028E-02,0.013937248249470461
 2.1059E-02,0.014957079712369245
 2.1089E-02,0.015671184916193757
 2.1119E-02,0.01605225989337106
 2.1149E-02,0.016083205801547044
 2.1180E-02,0.01575841496845662
 2.1210E-02,0.015088246357518858
 2.1240E-02,0.01410229181781818
 2.1271E-02,0.012847660355639341
 2.1301E-02,0.011382845278274295
 2.1331E-02,0.00977150363597003
 2.1362E-02,0.008080014236037918
 2.1392E-02,0.006378534563269121
 2.1422E-02,0.004741586101027116
 2.1452E-02,0.0032445785083966153
 2.1483E-02,0.001956700771331684
 2.1513E-02,0.0009342717083332759
 2.1543E-02,0.00021837217360667959
 2.1574E-02,-0.00016330225046262583
 2.1604E-02,-0.00019408569060706007
 2.1634E-02,0.00013091833632389082
 2.1664E-02,0.0008010962560106398
 2.1695E-02,0.0017872492505097931
 2.1725E-02,0.0030427839959248906
 2.1755E-02,0.004509157387212885
 2.1786E-02,0.006121962374856134
 2.1816E-02,0.007813948865705468
 2.1846E-02,0.009514706937546046
 2.1877E-02,0.011150272395934755
 2.1907E-02,0.012646076520169889
 2.1937E-02,0.013933337353419582
 2.1968E-02,0.014955486025792568
 2.1998E-02,0.015670980605654663
 2.2028E-02,0.016052082999808797
 2.2058E-02,0.016082668310819892
 2.2089E-02,0.015758492072979077
 2.2119E-02,0.015090280454056724
 2.2149E-02,0.01410660962489945
 2.2180E-02,0.012853166538609165
 2.2210E-02,0.011387979383853504
 2.2240E-02,0.00977560734948147
 2.2271E-02,0.008083771048763469
 2.2301E-02,0.006383074832181503
 2.2331E-02,0.004747163948412496
 2.2361E-02,0.0032501312825171783
 2.2392E-02,0.001960716700032966
 2.2422E-02,0.0009361043306574241
 2.2452E-02,0.00021871636954632267
 2.2483E-02,-0.00016321841622873883
 2.2513E-02,-0.00019377785679365134
 2.2543E-02,0.00013070418172899398
 2.2573E-02,0.000799151909554181
 2.2604E-02,0.0017831556209270594
 2.2634E-02,0.003037411575965502
 2.2664E-02,0.0045039333331694294
 2.2695E-02,0.0061176339522995265
 2.2725E-02,0.007810053488780621
 2.2755E-02,0.00951024841023008
 2.2786E-02,0.01114491420019456
 2.2816E-02,0.0126406668479492
 2.2846E-02,0.013929252868725239
 2.2877E-02,0.014953446605676898
 2.2907E-02,0.015670496682118885
 2.2937E-02,0.016052061031717624
 2.2967E-02,0.01608255870459422
 2.2998E-02,0.0157588435961682
 2.3028E-02,0.0150921662286959
 2.3058E-02,0.014110505636349649
 2.3089E-02,0.012858392560905492
 2.3119E-02,0.011393245298106595
 2.3149E-02,0.009780118094542118
 2.3180E-02,0.008087806691815554
 2.3210E-02,0.006387494772565552
 2.3240E-02,0.004752346874621659
 2.3270E-02,0.0032554064277933725
 2.3301E-02,0.0019648438091652105
 2.3331E-02,0.0009383243333871952
 2.3361E-02,0.00021934353486523456
 2.3392E-02,-0.00016322827877955154
 2.3422E-02,-0.00019383985772439732
 2.3452E-02,0.00013021307508150065
 2.3482E-02,0.0007972957785653235
 2.3513E-02,0.0017794259947937281
 2.3543E-02,0.0030323208336778054
 2.3573E-02,0.004498636182017101
 2.3604E-02,0.006112956038532199
 2.3634E-02,0.007805879259655515
 2.3664E-02,0.009505853522401603
 2.3695E-02,0.01113989384820507
 2.3725E-02,0.012635532935078376
 2.3755E-02,0.0139251112671125
 2.3786E-02,0.014951076156875765
 2.3816E-02,0.01566973375822446
 2.3846E-02,0.016052081695510024
 2.3876E-02,0.016082763544289135
 2.3907E-02,0.015759466080305855
 2.3937E-02,0.015094011853946602
 2.3967E-02,0.014114091940747323
 2.3998E-02,0.012863344574242474
 2.4028E-02,0.011398538852381294
 2.4058E-02,0.009784925083850014
 2.4089E-02,0.008092112307730822
 2.4119E-02,0.006391894529419517
 2.4149E-02,0.004757244319153619
 2.4179E-02,0.0032604154497896513
 2.4210E-02,0.001968985942747659
 2.4240E-02,0.0009408236392553177
 2.4270E-02,0.00022023956734289142
 2.4301E-02,-0.00016323964155035275
 2.4331E-02,-0.00019416502759108404
 2.4361E-02,0.00012946160781026603
 2.4391E-02,0.0007954395638072518
 2.4422E-02,0.0017759551861452076
 2.4452E-02,0.003027492842339192
 2.4482E-02,0.004493350414727263
 2.4513E-02,0.006108032225336286
 2.4543E-02,0.007801447197915739
 2.4573E-02,0.009501441443023104
 2.4604E-02,0.011135109384991173
 2.4634E-02,0.012630651853467616
 2.4664E-02,0.01392098985270104
 2.4695E-02,0.014948474932084474
 2.4725E-02,0.015668716488402096
 2.4755E-02,0.01605207109646606
 2.4785E-02,0.01608318433004627
 2.4816E-02,0.015760333306289717
 2.4846E-02,0.015095887954902862
 2.4876E-02,0.014117465330520098
 2.4907E-02,0.01286805034778256
 2.4937E-02,0.011403792692316278
 2.4967E-02,0.009789933285128359
 2.4998E-02,0.008096658661683985
 2.5028E-02,0.0063963382624271726
 2.5058E-02,0.004761949596588043
 2.5088E-02,0.003265189059676962
 2.5119E-02,0.001973082137541081
 2.5149E-02,0.0009435106693540525
 2.5179E-02,0.00022137231500536723
 2.5210E-02,-0.00016319472203986835
 2.5240E-02,-0.00019466357481304593
 2.5270E-02,0.00012848325894365605
 2.5301E-02,0.0007935285674057885
 2.5331E-02,0.0017726551989792514
 2.5361E-02,0.00302289290261902
 2.5391E-02,0.004488127734580479
 2.5422E-02,0.006102948671563579
 2.5452E-02,0.007796793065715883
 2.5482E-02,0.00949696333605804
 2.5513E-02,0.011130476522860809
 2.5543E-02,0.012625986951798219
 2.5573E-02,0.013916934752992036
 2.5604E-02,0.01494572536043311
 2.5634E-02,0.015667482296849437
 2.5664E-02,0.01605198570219499
 2.5694E-02,0.016083740483769256
 2.5725E-02,0.015761407157917535
 2.5755E-02,0.015097835541359768
 2.5785E-02,0.014120704526868373
 2.5816E-02,0.012872548617435347
 2.5846E-02,0.011408968250434949
 2.5876E-02,0.009795065784936302
 2.5907E-02,0.008101406376208015
 2.5937E-02,0.006400862077031321
 2.5967E-02,0.004766537776741606
 2.5997E-02,0.0032697672258317676
 2.6028E-02,0.001977098704255088
 2.6058E-02,0.0009463121816708864
 2.6088E-02,0.00022270124141379126
 2.6119E-02,-0.000163062211010405
 2.6149E-02,-0.00019526407978241348
 2.6179E-02,0.00012731909479345746
 2.6210E-02,0.0007915338283437378
 2.6240E-02,0.0017694564834518155
 2.6270E-02,0.0030184795572618965
 2.6300E-02,0.004482994903216658
 2.6331E-02,0.006097773109484445
 2.6361E-02,0.00779195864797709
 2.6391E-02,0.009492394558994671
 2.6422E-02,0.011125929367662008
 2.6452E-02,0.01262149625311556
 2.6482E-02,0.013912968637446975
 2.6513E-02,0.014942891538674417
 2.6543E-02,0.01566607327615597
 2.6573E-02,0.016051804716436267
 2.6603E-02,0.016084369678554464
 2.6634E-02,0.015762645480694237
 2.6664E-02,0.015099873604161495
 2.6694E-02,0.014123870104573232
 2.6725E-02,0.012876881562885677
 2.6755E-02,0.011414048291287327
 2.6785E-02,0.009800263733653182
 2.6816E-02,0.008106313246889471
 2.6846E-02,0.006405481463464151
 2.6876E-02,0.004771065985840104
 2.6906E-02,0.003274192165203189
 2.6937E-02,0.001981021880858581
 2.6967E-02,0.000949172768786353
 2.6997E-02,0.000224184134131977
 2.7028E-02,-0.0001628300525652939
 2.7058E-02,-0.00019591286376080696
 2.7088E-02,0.00012601126190604867
 2.7119E-02,0.0007894449148764221
 2.7149E-02,0.0017663070492260201
 2.7179E-02,0.003014210755176606
 2.7209E-02,0.004477960778882155
 2.7240E-02,0.006092555826652791
 2.7270E-02,0.007786985788292572
 2.7300E-02,0.009487727682210356
 2.7331E-02,0.011121419260227802
 2.7361E-02,0.012617138155001387
 2.7391E-02,0.013909097583850859
 2.7422E-02,0.014940020519580993
 2.7452E-02,0.0156645307228469
 2.7482E-02,0.016051523319949013
 2.7512E-02,0.01608502642644433
 2.7543E-02,0.015764007317239197
 2.7573E-02,0.015102005768373538
 2.7603E-02,0.014127006027081787
 2.7634E-02,0.012881089803279755
 2.7664E-02,0.011419030370254742
 2.7694E-02,0.009805484692911082
 2.7725E-02,0.008111339013998738
 2.7755E-02,0.0064101977146524955
 2.7785E-02,0.004775575157486449
 2.7815E-02,0.0032785037824313596
 2.7846E-02,0.001984851520059629
 2.7876E-02,0.0009520530009087111
 2.7906E-02,0.00022578146042881897
 2.7937E-02,-0.00016249921652945797
 2.7967E-02,-0.00019657198725406855
 2.7997E-02,0.0001245988985758473
 2.8028E-02,0.0007872638724887689
 2.8058E-02,0.0017631704368561343
 2.8088E-02,0.0030100478077734567
 2.8118E-02,0.004473022335773363
 2.8149E-02,0.006087331868640574
 2.8179E-02,0.00778191271949657
 2.8209E-02,0.009482966666552585
 2.8240E-02,0.011116912563230141
 2.8270E-02,0.012612874957547848
 2.8300E-02,0.013905316817938815
 2.8331E-02,0.014937144617551447
 2.8361E-02,0.01566289181043225
 2.8391E-02,0.01605114705988821
 2.8421E-02,0.016085679712825984
 2.8452E-02,0.015765456045345308
 2.8482E-02,0.015104225762487572
 2.8512E-02,0.014130142036996751
 2.8543E-02,0.01288520939711955
 2.8573E-02,0.011423921445647295
 2.8603E-02,0.009810700154645555
 2.8634E-02,0.008116448157167385
 2.8664E-02,0.006415003167376377
 2.8694E-02,0.004780092544460209
 2.8724E-02,0.003282737030589935
 2.8755E-02,0.0019885959553536153
 2.8785E-02,0.0009549268518706316
 2.8815E-02,0.00022745882384552678
 2.8846E-02,-0.00016207870098234125
 2.8876E-02,-0.00019721664900446145
 2.8906E-02,0.0001231158205118629
 2.8937E-02,0.000785000318662959
 2.8967E-02,0.0017600230399919849
 2.8997E-02,0.0030059574984961914
 2.9027E-02,0.004468169393359603
 2.9058E-02,0.0060821236882030085
 2.9088E-02,0.007776772040320018
 2.9118E-02,0.009478122189676237
 2.9149E-02,0.011112387925213053
 2.9179E-02,0.012608674688548108
 2.9209E-02,0.013901615220658704
 2.9240E-02,0.014934284126199
 2.9270E-02,0.01566118787278583
 2.9300E-02,0.016050687443231508
 2.9330E-02,0.0160863102560449
 2.9361E-02,0.015766960964096563
 2.9391E-02,0.015106521716745312
 2.9421E-02,0.014133296426260955
 2.9452E-02,0.012889270411436789
 2.9482E-02,0.011428733732509275
 2.9512E-02,0.009815892801156259
 2.9543E-02,0.008121611240522022
 2.9573E-02,0.006419885268628884
 2.9603E-02,0.004784634498531345
 2.9633E-02,0.003286920716398933
 2.9664E-02,0.001992268072750451
 2.9694E-02,0.0009577789314185944
 2.9724E-02,0.00022918805353321612
 2.9755E-02,-0.00016158170518610932
 2.9785E-02,-0.00019783240173517402
 2.9815E-02,0.00012158955994852048
 2.9846E-02,0.0007826677392194901
 2.9876E-02,0.0017568513288423128
 2.9906E-02,0.003001912940856266
 2.9936E-02,0.004463388220675928
 2.9967E-02,0.006076943936912168
 2.9997E-02,0.007771589988244406
 3.0027E-02,0.009473208180832802
 3.0058E-02,0.0111078335256652
 3.0088E-02,0.012604511756351975
 3.0118E-02,0.013897978704985601
 3.0149E-02,0.014931450076506815
 3.0179E-02,0.015659443857634337
 3.0209E-02,0.01605015867732987
 3.0239E-02,0.016086907773753302
 3.0270E-02,0.015768497756970357
 3.0300E-02,0.015108879318396709
 3.0330E-02,0.014136478747261406
 3.0361E-02,0.012893296534026188
 3.0391E-02,0.011433481635488338
 3.0421E-02,0.00982105379374153
 3.0452E-02,0.008126805196126201
 3.0482E-02,0.006424829520924128
 3.0512E-02,0.004789209145933193
 3.0542E-02,0.0032910772852364012
 3.0573E-02,0.0019958824541905194
 3.0603E-02,0.0009606018162338506
 3.0633E-02,0.00023094732439278402
 3.0664E-02,-0.00016102288656246887
 3.0694E-02,-0.00019841251355110393
 3.0724E-02,0.00012004131925300517
 3.0755E-02,0.0007802808449878368
 3.0785E-02,0.0017536492384998305
 3.0815E-02,0.002997893556195237
 3.0845E-02,0.004458664089094767
 3.0876E-02,0.006071798059174768
 3.0906E-02,0.007766386540055504
 3.0936E-02,0.009468239373745763
 3.0967E-02,0.011103244521435128
 3.0997E-02,0.012600366798427241
 3.1027E-02,0.013894392585266995
 3.1058E-02,0.014928646775484005
 3.1088E-02,0.01565767855398477
 3.1118E-02,0.016049575407324147
 3.1148E-02,0.01608746849155921
 3.1179E-02,0.01577004822013402
 3.1209E-02,0.015111283994053653
 3.1239E-02,0.014139692275635444
 3.1270E-02,0.012897305402410925
 3.1300E-02,0.011438179656938057
 3.1330E-02,0.009826180346982578
 3.1360E-02,0.008132012944160487
 3.1391E-02,0.006429821486352735
 3.1421E-02,0.0047938187737608575
 3.1451E-02,0.0032952232450032797
 3.1482E-02,0.001999453450968678
 3.1512E-02,0.0009633936911655557
 3.1542E-02,0.0002327206781624902
 3.1573E-02,-0.00016041652161307904
 3.1603E-02,-0.00019895564614192597
 3.1633E-02,0.00011848649630251718
 3.1663E-02,0.0007778538128724912
 3.1694E-02,0.0017504158778674753
 3.1724E-02,0.0029938844938914837
 3.1754E-02,0.00445398293612014
 3.1785E-02,0.0060666865270037965
 3.1815E-02,0.007761176010888651
 3.1845E-02,0.009463229696944851
 3.1876E-02,0.011098620824729772
 3.1906E-02,0.012596226015847369
 3.1936E-02,0.013890843077030446
 3.1966E-02,0.014925873949032753
 3.1997E-02,0.015655905249605376
 3.2027E-02,0.01604895124932903
 3.2057E-02,0.016087993006437415
 3.2088E-02,0.01577159954663462
 3.2118E-02,0.01511372228380662
 3.2148E-02,0.014142936088737712
 3.2179E-02,0.012901309335490413
 3.2209E-02,0.011442841084183728
 3.2239E-02,0.009831273689355817
 3.2269E-02,0.00813722263821897
 3.2300E-02,0.006434848042251896
 3.2330E-02,0.0047984618459688926
 3.2360E-02,0.003299369970698251
 3.2391E-02,0.0020029940226586884
 3.2421E-02,0.0009661564028514156
 3.2451E-02,0.00023449722067285983
 3.2482E-02,-0.00015977538670961986
 3.2512E-02,-0.00019946392898994228
 3.2542E-02,0.00011693552880984829
 3.2572E-02,0.0007753992469227797
 3.2603E-02,0.0017471536600201566
 3.2633E-02,0.002989875779917029
 3.2663E-02,0.004449332356507089
 3.2694E-02,0.006061606682861049
 3.2724E-02,0.007755967940468806
 3.2754E-02,0.009458191360298141
 3.2785E-02,0.011093965322959955
 3.2815E-02,0.012592080295306951
 3.2845E-02,0.013887318180969175
 3.2875E-02,0.014923128510465854
 3.2906E-02,0.01565413265511317
 3.2936E-02,0.01604829799518094
 3.2966E-02,0.01608848459357469
 3.2997E-02,0.01577314342124647
 3.3027E-02,0.01511618260896462
 3.3057E-02,0.014146206736116752
 3.3088E-02,0.012905316262411445
 3.3118E-02,0.011447477282325131
 3.3148E-02,0.009836337439081149
 3.3178E-02,0.008142426726634013
 3.3209E-02,0.0064398980304840835
 3.3239E-02,0.004803134570868196
 3.3269E-02,0.0033035246284275777
 3.3300E-02,0.0020065151069062603
 3.3330E-02,0.0009688938973291625
 3.3360E-02,0.00023627015036898507
 3.3391E-02,-0.00015911021657894544
 3.3421E-02,-0.00019994147556641145
 3.3451E-02,0.00011539483870067919
 3.3481E-02,0.0007729276543788708
 3.3512E-02,0.0017438668333207277
 3.3542E-02,0.002985861344243068
 3.3572E-02,0.0044447020610179095
 3.3603E-02,0.006056554151616459
 3.3633E-02,0.007750768056849027
 3.3663E-02,0.009453134431652514
 3.3694E-02,0.0110892825032443
 3.3724E-02,0.01258792424234158
 3.3754E-02,0.013883808063956966
 3.3784E-02,0.014920405892766019
 3.3815E-02,0.015652365864383806
 3.3845E-02,0.01604762526222429
 3.3875E-02,0.01608894790557926
 3.3906E-02,0.015774675055324372
 3.3936E-02,0.01511865558084467
 3.3966E-02,0.014149499499057317
 3.3997E-02,0.012909330684101225
 3.4027E-02,0.011452097420754044
 3.4057E-02,0.009841376382729252
 3.4087E-02,0.008147620994271148
 3.4118E-02,0.006444962498350366
 3.4148E-02,0.004807832091192595
 3.4178E-02,0.0033076911432173965
 3.4209E-02,0.0020100254327735916
 3.4239E-02,0.0009716110935936181
 3.4269E-02,0.00023803582503170348
 3.4300E-02,-0.00015842951723069894
 3.4330E-02,-0.0002003932586544493
 3.4360E-02,0.00011386779721758234
 3.4390E-02,0.0007704473261047353
 3.4421E-02,0.001740560426022068
 3.4451E-02,0.0029818380896508984
 3.4481E-02,0.0044400839890000685
 3.4512E-02,0.00605152387782718
 3.4542E-02,0.007745579212570629
 3.4572E-02,0.0094480667569161
 3.4603E-02,0.011084577446366024
 3.4633E-02,0.012583755241117461
 3.4663E-02,0.013880305094450603
 3.4693E-02,0.014917700998612574
 3.4724E-02,0.015650607263216584
 3.4754E-02,0.016046940460492647
 3.4784E-02,0.01608938803451864
 3.4815E-02,0.01577619226635304
 3.4845E-02,0.015121133988973558
 3.4875E-02,0.014152809274895848
 3.4906E-02,0.012913354564898553
 3.4936E-02,0.011456708491976988
 3.4966E-02,0.00984639561190552
 3.4996E-02,0.008152803674018775
 3.5027E-02,0.006450034654738596
 3.5057E-02,0.004812549315316514
 3.5087E-02,0.0033118710784052563
 3.5118E-02,0.0020135315858916883
 3.5148E-02,0.0009743130800353623
 3.5178E-02,0.0002397928833313105
 3.5209E-02,-0.00015773966645370646
 3.5239E-02,-0.00020082435571874371
 3.5269E-02,0.00011235557340901183
 3.5299E-02,0.0007679644372235095
 3.5330E-02,0.001737239501957572
 3.5360E-02,0.0029778050338312243
 3.5390E-02,0.004435472168898536
 3.5421E-02,0.006046510822779019
 3.5451E-02,0.007740402218789216
 3.5481E-02,0.009442994112317003
 3.5512E-02,0.011079855162974103
 3.5542E-02,0.012579572645734496
 3.5572E-02,0.01387680369493876
 3.5602E-02,0.014915008862598007
 3.5633E-02,0.015648857355752967
 3.5663E-02,0.016046248987337582
 3.5693E-02,0.016089809910216156
 3.5724E-02,0.015777694697535476
 3.5754E-02,0.015123612624467514
 3.5784E-02,0.01415613118232104
 3.5815E-02,0.012917388127832689
 3.5845E-02,0.011461315525805156
 3.5875E-02,0.009851399963235002
 3.5905E-02,0.008157974676283543
 3.5936E-02,0.006455109646151027
 3.5966E-02,0.004817281446692915
 3.5996E-02,0.0033160643828083146
 3.6027E-02,0.002017038232003189
 3.6057E-02,0.000977004597083235
 3.6087E-02,0.0002415414980633452
 3.6118E-02,-0.00015704516099069308
 3.6148E-02,-0.0002012394661752943
 3.6178E-02,0.0001108578607936028
 3.6208E-02,0.0007654833022565899
 3.6239E-02,0.0017339087022196255
 3.6269E-02,0.002973762598474484
 3.6299E-02,0.004430862456681214
 3.6330E-02,0.00604151040381996
 3.6360E-02,0.007735236546938547
 3.6390E-02,0.009437920478601983
 3.6421E-02,0.01107512017727935
 3.6451E-02,0.01257537708784674
 3.6481E-02,0.013873300049136394
 3.6511E-02,0.014912325029406457
 3.6542E-02,0.015647115422506058
 3.6572E-02,0.016045554505880286
 3.6602E-02,0.016090217921896514
 3.6633E-02,0.015779183153707077
 3.6663E-02,0.01512608797579674
 3.6693E-02,0.014159460900360719
 3.6724E-02,0.012921430486542441
 3.6754E-02,0.011465921884040414
 3.6784E-02,0.009856393687807052
 3.6815E-02,0.00816313496503299
 3.6845E-02,0.006460184256538781
 3.6875E-02,0.004822024301620574
 3.6905E-02,0.0033202700142015394
 3.6936E-02,0.002020548442067946
 3.6966E-02,0.0009796897623829534
 3.6996E-02,0.00024328279204481238
 3.7027E-02,-0.00015634892135541145
 3.7057E-02,-0.0002016426310981667
 3.7087E-02,0.00010937347111069013
 3.7117E-02,0.000763006707328231
 3.7148E-02,0.001730572004415877
 3.7178E-02,0.0029697120478744724
 3.7208E-02,0.00442625221375873
 3.7239E-02,0.006036518726733538
 3.7269E-02,0.007730080881254765
 3.7299E-02,0.009432848368432216
 3.7330E-02,0.011070376312379717
 3.7360E-02,0.012571169938609392
 3.7390E-02,0.013869791772983397
 3.7420E-02,0.01490964575379033
 3.7451E-02,0.015645380046100315
 3.7481E-02,0.016044859276976936
 3.7511E-02,0.0160906157340429
 3.7542E-02,0.015780659088454118
 3.7572E-02,0.015128557892913468
 3.7602E-02,0.014162794833639133
 3.7633E-02,0.012925480139940394
 3.7663E-02,0.011470529592833748
 3.7693E-02,0.009861380295910098
 3.7724E-02,0.008168286071063806
 3.7754E-02,0.00646525656585936
 3.7784E-02,0.004826774438253019
 3.7814E-02,0.0033244863967956243
 3.7845E-02,0.0020240640154050977
 3.7875E-02,0.0009823719344130254
 3.7905E-02,0.0002450183708434182
 3.7936E-02,-0.0001556526402504716
 3.7966E-02,-0.00020203713653621768
 3.7996E-02,0.00010790076179356158
 3.8026E-02,0.0007605362324682912
 3.8057E-02,0.0017272326139812014
 3.8087E-02,0.0029656550510226594
 3.8117E-02,0.004421639963542003
 3.8148E-02,0.006031532663514402
 3.8178E-02,0.007724933529726318
 3.8208E-02,0.009427779160084625
 3.8239E-02,0.011065626620732039
 3.8269E-02,0.012566952911603929
 3.8299E-02,0.013866277586532676
 3.8329E-02,0.01490696806528956
 3.8360E-02,0.015643649503931555
 3.8390E-02,0.016044164495908234
 3.8420E-02,0.016091006245453884
 3.8451E-02,0.01578212424004845
 3.8481E-02,0.015131021271212892
 3.8511E-02,0.014166130163069283
 3.8542E-02,0.012929535343829304
 3.8572E-02,0.011475139675254011
 3.8602E-02,0.009866362533621472
 3.8633E-02,0.008173429748386111
 3.8663E-02,0.006470325634435233
 3.8693E-02,0.004831529184284782
 3.8723E-02,0.003328711766781277
 3.8754E-02,0.0020275858074677413
 3.8784E-02,0.0009850537096142713
 3.8814E-02,0.00024675000469145936
 3.8845E-02,-0.00015495709232084818
 3.8875E-02,-0.00020242550470977018
 3.8905E-02,0.00010643795727125849
 3.8935E-02,0.0007580725740801856
 3.8966E-02,0.0017238929802661483
 3.8996E-02,0.002961593388150877
 3.9026E-02,0.00441702508782059
 3.9057E-02,0.006026549842042201
 3.9087E-02,0.007719792717173274
 3.9117E-02,0.009422713405123642
 3.9148E-02,0.011060873405543887
 3.9178E-02,0.012562727780320462
 3.9208E-02,0.013862757006203808
 3.9238E-02,0.014904289733050396
 3.9269E-02,0.015641922030671367
 3.9299E-02,0.016043470584691077
 3.9329E-02,0.016091391617295628
 3.9360E-02,0.015783580363643062
 3.9390E-02,0.015133477745645536
 3.9420E-02,0.01416946479242977
 3.9451E-02,0.012933594348846833
 3.9481E-02,0.011479752434281478
 3.9511E-02,0.00987134242533458
 3.9542E-02,0.008178567732000805
 3.9572E-02,0.00647539121212878
 3.9602E-02,0.004836286578308115
 3.9632E-02,0.003332944395620957
 3.9663E-02,0.002031114008526377
 3.9693E-02,0.0009877369798680308
 3.9723E-02,0.00024847940933792946
 3.9754E-02,-0.00015426241342445923
 3.9784E-02,-0.0002028095608080507
 3.9814E-02,0.00010498335545115376
 3.9844E-02,0.0007556158174497543
 3.9875E-02,0.0017205548665206712
 3.9905E-02,0.0029575287518371343
 3.9935E-02,0.004412407556620621
 3.9966E-02,0.006021568569240338
 3.9996E-02,0.00771465677355297
 4.0026E-02,0.00941765109389259
 4.0057E-02,0.011056118303922287
 4.0087E-02,0.012558496202790786
 4.0117E-02,0.01385923008967988
 4.0147E-02,0.014901609185225732
 4.0178E-02,0.015640195991657075
 4.0208E-02,0.016042777448771122
 4.0238E-02,0.016091773363618216
 4.0269E-02,0.015785029072914448
 4.0299E-02,0.015135927446051306
 4.0329E-02,0.01417279726198032
 4.0360E-02,0.01293765555789085
 4.0390E-02,0.011484367698808881
 4.0420E-02,0.009876321368072101
 4.0451E-02,0.008183701591573226
 4.0481E-02,0.006480453498669091
 4.0511E-02,0.004841045272601754
 4.0541E-02,0.0033371827278353373
 4.0572E-02,0.002034648377624313
 4.0602E-02,0.0009904230316763688
 4.0632E-02,0.0002502081148700512
 4.0663E-02,-0.00015356833137881065
 4.0693E-02,-0.00020319053789041988
 4.0723E-02,0.00010353544702013128
 4.0753E-02,0.0007531656571815053
 4.0784E-02,0.0017172194510345538
 4.0814E-02,0.00295346262830966
 4.0844E-02,0.004407787705591575
 4.0875E-02,0.006016587720266912
 4.0905E-02,0.007709524237646892
 4.0935E-02,0.009412591864582756
 4.0966E-02,0.011051362390552797
 4.0996E-02,0.012554259615513026
 4.1026E-02,0.013855697223082334
 4.1056E-02,0.014898925396129796
 4.1087E-02,0.015638469976405604
 4.1117E-02,0.016042084680828992
 4.1147E-02,0.016092152463830316
 4.1178E-02,0.015786471753243925
 4.1208E-02,0.015138370800768281
 4.1238E-02,0.014176126638768055
 4.1269E-02,0.012941717612006508
 4.1299E-02,0.011488985021608816
 4.1329E-02,0.009881300250333878
 4.1360E-02,0.008188832661088228
 4.1390E-02,0.006485512961368214
 4.1420E-02,0.004845804424487735
 4.1450E-02,0.003341425456225734
 4.1481E-02,0.002038188429535236
 4.1511E-02,0.0009931126639345618
 4.1541E-02,0.0002519374031141903
 4.1572E-02,-0.00015287434235019496
 4.1602E-02,-0.00020356919032914097
 4.1632E-02,0.00010209297736921
 4.1662E-02,0.0007507215740554723
 4.1693E-02,0.00171388744726559
 4.1723E-02,0.0029493962478520327
 4.1753E-02,0.004403166071848278
 4.1784E-02,0.0060116066264573435
 4.1814E-02,0.007704393910631889
 4.1844E-02,0.009407535172351277
 4.1875E-02,0.01104660630020813
 4.1905E-02,0.012550019195433916
 4.1935E-02,0.013852158967028043
 4.1965E-02,0.014896237772968316
 4.1996E-02,0.01563674283929531
 4.2026E-02,0.01604139171444319
 4.2056E-02,0.016092529476973236
 4.2087E-02,0.015787909523652704
 4.2117E-02,0.015140808383005439
 4.2147E-02,0.01417945239580137
 4.2178E-02,0.01294577941525487
 4.2208E-02,0.01149360381727094
 4.2238E-02,0.009886279559384255
 4.2269E-02,0.00819396200323536
 4.2299E-02,0.006490570185410245
 4.2329E-02,0.004850563572489746
 4.2359E-02,0.003345671536585214
 4.2390E-02,0.002041733564370179
 4.2420E-02,0.0009958062977239962
 4.2450E-02,0.00025366828572565676
 4.2481E-02,-0.00015217984464130385
 4.2511E-02,-0.00020394590954043952
 4.2541E-02,0.00010065495997962291
 4.2571E-02,0.0007482829609643698
 4.2602E-02,0.0017105592164266257
 4.2632E-02,0.0029453305730900055
 4.2662E-02,0.004398543270407975
 4.2693E-02,0.006006624961474858
 4.2723E-02,0.007699264861687533
 4.2753E-02,0.009402480405182915
 4.2784E-02,0.011041850336350495
 4.2814E-02,0.012545775852221806
 4.2844E-02,0.013848615938957453
 4.2874E-02,0.014893546042336111
 4.2905E-02,0.015635013698863484
 4.2935E-02,0.016040697933648977
 4.2965E-02,0.01609290465197299
 4.2996E-02,0.015789343240344204
 4.3026E-02,0.015143240807498608
 4.3056E-02,0.014182774307114152
 4.3087E-02,0.012949840134218304
 4.3117E-02,0.011498223469182018
 4.3147E-02,0.009891259494299198
 4.3178E-02,0.008199090423784073
 4.3208E-02,0.006495625783939489
 4.3238E-02,0.004855322539237358
 4.3268E-02,0.0033499201864459482
 4.3299E-02,0.002045283169381605
 4.3329E-02,0.0009985040870268862
 4.3359E-02,0.000255401521346992
 4.3390E-02,-0.00015148422560183822
 4.3420E-02,-0.00020432082480430837
 4.3450E-02,9.922066271066398e-05
 4.3480E-02,0.000745849209458445
 4.3511E-02,0.0017072348679446334
 4.3541E-02,0.0029412663139667533
 4.3571E-02,0.004393919908614038
 4.3602E-02,0.006001642638105617
 4.3632E-02,0.007694136405845897
 4.3662E-02,0.009397426960507767
 4.3693E-02,0.011037094567507944
 4.3723E-02,0.012541530247923859
 4.3753E-02,0.013845068736829884
 4.3783E-02,0.014890850153453256
 4.3814E-02,0.015633281915409455
 4.3844E-02,0.016040002745408136
 4.3874E-02,0.016093278022154735
 4.3905E-02,0.01579077351985551
 4.3935E-02,0.015145668660080446
 4.3965E-02,0.014186092353481628
 4.3996E-02,0.012953899171820282
 4.4026E-02,0.011502843394946519
 4.4056E-02,0.009896240056109108
 4.4087E-02,0.008204218495740259
 4.4117E-02,0.006500680330676915
 4.4147E-02,0.004860081336030166
 4.4177E-02,0.0033541708506096444
 4.4208E-02,0.0020488366729772152
 4.4238E-02,0.0010012060013145482
 4.4268E-02,0.0002571376401272873
 4.4299E-02,-0.00015078692327240192
 4.4329E-02,-0.00020469389366418428
 4.4359E-02,9.778957431492353e-05
 4.4389E-02,0.0007434197629915168
 4.4420E-02,0.0017039143453280604
 4.4450E-02,0.0029372039623803865
 4.4480E-02,0.004389296538492336
 4.4511E-02,0.005996659729696454
 4.4541E-02,0.007689008076310698
 4.4571E-02,0.009392374300003711
 4.4602E-02,0.011032338915454212
 4.4632E-02,0.012537282837289184
 4.4662E-02,0.013841517898106007
 4.4692E-02,0.014888150201946632
 4.4723E-02,0.015631547058691804
 4.4753E-02,0.016039305625395475
 4.4783E-02,0.016093649485690937
 4.4814E-02,0.015792200776861907
 4.4844E-02,0.01514809245783987
 4.4874E-02,0.014189406645908656
 4.4905E-02,0.012957956129514402
 4.4935E-02,0.011507463083002099
 4.4965E-02,0.009901221120641988
 4.4996E-02,0.008209346595172202
 4.5026E-02,0.006505734323163372
 4.5056E-02,0.004864840090187618
 4.5086E-02,0.0033584231646485766
 4.5117E-02,0.002052393580836876
 4.5147E-02,0.0010039119000464904
 4.5177E-02,0.00025887698595295015
 4.5208E-02,-0.00015008745390661024
 4.5238E-02,-0.00020506496788531367
 4.5268E-02,9.636136837551978e-05
 4.5298E-02,0.000740994148206466
 4.5329E-02,0.0017005974950342214
 4.5359E-02,0.0029331438315373117
 4.5389E-02,0.0043846736281702115
 4.5420E-02,0.005991676400713758
 4.5450E-02,0.007683879579489713
 4.5480E-02,0.009387321968038253
 4.5511E-02,0.011027583212187953
 4.5541E-02,0.012533033900644593
 4.5571E-02,0.013837963870239904
 4.5601E-02,0.014885446361625778
 4.5632E-02,0.01562980886269942
 4.5662E-02,0.016038606134784045
 4.5692E-02,0.016094018862784092
 4.5723E-02,0.015793625261664796
 4.5753E-02,0.015150512628120947
 4.5783E-02,0.014192717366126177
 4.5814E-02,0.012962010767909251
 4.5844E-02,0.011512082112504013
 4.5874E-02,0.00990620249929722
 4.5905E-02,0.008214474945731885
 4.5935E-02,0.006510788171166418
 4.5965E-02,0.004869598993139657
 4.5995E-02,0.0033626769174137944
 4.6026E-02,0.002055953491910577
 4.6056E-02,0.00100662158759255
 4.6086E-02,0.0002606197569007012
 4.6117E-02,-0.00014938542525560366
 4.6147E-02,-0.0002054338471956443
 4.6177E-02,9.493586092228343e-05
 4.6207E-02,0.0007385719836312025
 4.6238E-02,0.0016972841151607714
 4.6268E-02,0.0029290860947734443
 4.6298E-02,0.004380051551882567
 4.6329E-02,0.005986692858270977
 4.6359E-02,0.007678750756748304
 4.6389E-02,0.00938226960284216
 4.6420E-02,0.011022827251777896
 4.6450E-02,0.012528783588728925
 4.6480E-02,0.013834407009010997
 4.6510E-02,0.014882738843033327
 4.6541E-02,0.015628067189915187
 4.6571E-02,0.0160379039288871
 4.6601E-02,0.016094385942748975
 4.6632E-02,0.015795047101681923
 4.6662E-02,0.015152929505697492
 4.6692E-02,0.014196024724032336
 4.6723E-02,0.012966062966888518
 4.6753E-02,0.01151670015419404
 4.6783E-02,0.009911183976962263
 4.6814E-02,0.00821960365258382
 4.6844E-02,0.0065158421892698975
 4.6874E-02,0.004874358254633567
 4.6904E-02,0.0033669320070843682
 4.6935E-02,0.0020595160942784418
 4.6965E-02,0.001009334847520412
 4.6995E-02,0.0002623660398276337
 4.7026E-02,-0.00014868053885582974
 4.7056E-02,-0.00020580031814628732
 4.7086E-02,9.351297216368692e-05
 4.7116E-02,0.000736152978617471
 4.7147E-02,0.001693973992219872
 4.7177E-02,0.0029250308243741253
 4.7207E-02,0.0043754305940268655
 4.7238E-02,0.005981709319263479
 4.7268E-02,0.007673621548641554
 4.7298E-02,0.009377216933654226
 4.7329E-02,0.011018070823138002
 4.7359E-02,0.012524531958351886
 4.7389E-02,0.013830847581613442
 4.7419E-02,0.014880027860892337
 4.7450E-02,0.015626321994954763
 4.7480E-02,0.016037198752267504
 4.7510E-02,0.016094750514772535
 4.7541E-02,0.015796466337336598
 4.7571E-02,0.015155343339035909
 4.7601E-02,0.014199328929479331
 4.7632E-02,0.012970112692384742
 4.7662E-02,0.011521316966491857
 4.7692E-02,0.009916165343414048
 4.7723E-02,0.008224732741116732
 4.7753E-02,0.006520896608866507
 4.7783E-02,0.004879118081460478
 4.7813E-02,0.003371188413093396
 4.7844E-02,0.0020630811630927013
 4.7874E-02,0.0010120514735869688
 4.7904E-02,0.00026411584854198883
 4.7935E-02,-0.00014797257740100273
 4.7965E-02,-0.00020616417492094814
 4.7995E-02,9.209269631122859e-05
 4.8025E-02,0.0007337369260451252
 4.8056E-02,0.001690666924937321
 4.8086E-02,0.002920978023263211
 4.8116E-02,0.0043708109572504995
 4.8147E-02,0.005976725986220831
 4.8177E-02,0.007668491960824167
 4.8207E-02,0.009372163768144037
 4.8238E-02,0.011013313728411543
 4.8268E-02,0.012520279000791928
 4.8298E-02,0.013827285774597756
 4.8328E-02,0.014877313611494908
 4.8359E-02,0.015624573291320361
 4.8389E-02,0.016036490424809823
 4.8419E-02,0.016095112383708997
 4.8450E-02,0.01579788294853957
 4.8480E-02,0.015157754298472785
 4.8510E-02,0.0142026301715301
 4.8541E-02,0.012974159964599946
 4.8571E-02,0.011525932381411122
 4.8601E-02,0.00992114640755115
 4.8632E-02,0.008229862182206619
 4.8662E-02,0.006525951586487291
 4.8692E-02,0.004883878657451459
 4.8722E-02,0.0033754461641531458
 4.8753E-02,0.0020666485444056472
 4.8783E-02,0.0010147712809504411
 4.8813E-02,0.00026586914726870825
 4.8844E-02,-0.00014726139588835707
 4.8874E-02,-0.00020652523698440304
 4.8904E-02,9.06750722112037e-05
 4.8934E-02,0.0007313236875938657
 4.8965E-02,0.0016873627366272264
 4.8995E-02,0.0029169276509970685
 4.9025E-02,0.00436619277634819
 4.9056E-02,0.005971743036435804
 4.9086E-02,0.007663362041187597
 4.9116E-02,0.009367109982376784
 4.9147E-02,0.011008555798391904
 4.9177E-02,0.012516024670434618
 4.9207E-02,0.013823721710989712
 4.9237E-02,0.014874596265467433
 4.9268E-02,0.015622821131165114
 4.9298E-02,0.016035778832333827
 4.9328E-02,0.016095471384467697
 4.9359E-02,0.015799296882321172
 4.9389E-02,0.015160162493256182
 4.9419E-02,0.014205928611627729
 4.9450E-02,0.01297820483733022
 4.9480E-02,0.011530546292692165
 4.9510E-02,0.009926127007925318
 4.9541E-02,0.00823499191617756
 4.9571E-02,0.006531007218957445
 4.9601E-02,0.004888640136668253
 4.9631E-02,0.0033797053179175965
 4.9662E-02,0.0020702181427120605
 4.9692E-02,0.0010174941152132234
 4.9722E-02,0.0002676258734045317
 4.9753E-02,-0.00014654690623908768
 4.9783E-02,-0.00020688335453702844
 4.9813E-02,8.92601637837376e-05
 4.9843E-02,0.0007289131804175224
 4.9874E-02,0.0016840612816263114
 4.9904E-02,0.0029128796434703726
 4.9934E-02,0.004361576131333904
 4.9965E-02,0.005966760614796526
 4.9995E-02,0.007658231858014694
 5.0025E-02,0.009362055503799465
 5.0056E-02,0.011003796894260091
 5.0086E-02,0.012511768900385108
 5.0116E-02,0.013820155461318167
 5.0146E-02,0.014871875960471
 5.0177E-02,0.01562106558411513
 5.0207E-02,0.01603506390982878
 5.0237E-02,0.016095827383409735
 5.0268E-02,0.015800708068342512
 5.0298E-02,0.015162567983966879
 5.0328E-02,0.01420922437932395
 5.0359E-02,0.012982247380384428
 5.0389E-02,0.011535158642099252
 5.0419E-02,0.0099311070162541
 5.0450E-02,0.008240121870319975
 5.0480E-02,0.006536063558351249
 5.0510E-02,0.0048934026419569865
 5.0540E-02,0.0033839659456980347
 5.0571E-02,0.0020737899079285938
 5.0601E-02,0.0010202198550545523
 5.0631E-02,0.00026938595368999104
 5.0662E-02,-0.00014582906294198148
 5.0692E-02,-0.00020723840951813153
 5.0722E-02,8.784804557313377e-05
 5.0752E-02,0.0007265053641857478
 5.0783E-02,0.001680762447235166
 5.0813E-02,0.0029088339285465274
 5.0843E-02,0.00435696106242371
 5.0874E-02,0.005961778834845919
 5.0904E-02,0.0076531014881725465
 5.0934E-02,0.00935700030025626
 5.0965E-02,0.010999036910286917
 5.0995E-02,0.012507511618093608
 5.1025E-02,0.0138165870585147
 5.1055E-02,0.014869152802388682
 5.1086E-02,0.015619306725076481
 5.1116E-02,0.016034345628729466
 5.1146E-02,0.01609618027797954
 5.1177E-02,0.015802116431000875
 5.1207E-02,0.015164970794406553
 5.1237E-02,0.01421251757128683
 5.1268E-02,0.012986287665366485
 5.1298E-02,0.011539769403990888
 5.1328E-02,0.009936086333505113
 5.1359E-02,0.008245251967390479
 5.1389E-02,0.006541120621521705
 5.1419E-02,0.004898166263420176
 5.1449E-02,0.003388228118853611
 5.1480E-02,0.0020773638207900787
 5.1510E-02,0.0010229484088533445
 5.1540E-02,0.0002711493133609284
 5.1571E-02,-0.00014510785209403634
 5.1601E-02,-0.00020759031490840633
 5.1631E-02,8.643879140634328e-05
 5.1661E-02,0.0007241002279649927
 5.1692E-02,0.0016774661506145925
 5.1722E-02,0.0029047904348746697
 5.1752E-02,0.004352347580879164
 5.1783E-02,0.005956797779835379
 5.1813E-02,0.007647971006147249
 5.1843E-02,0.009351944366544249
 5.1874E-02,0.01099427576976369
 5.1904E-02,0.012503252753315378
 5.1934E-02,0.013813016509043775
 5.1964E-02,0.014866426868278503
 5.1995E-02,0.015617544626304724
 5.2025E-02,0.016033623986724043
 5.2055E-02,0.016096529995402318
 5.2086E-02,0.015803521899826384
 5.2116E-02,0.015167370925429526
 5.2146E-02,0.014215808257519896
 5.2177E-02,0.012990325761295586
 5.2207E-02,0.011544378578095812
 5.2237E-02,0.009941064890639804
 5.2268E-02,0.008250382137265836
 5.2298E-02,0.00654617840488656
 5.2328E-02,0.004902931065490393
 5.2358E-02,0.003392491904748848
 5.2389E-02,0.002080939884727552
 5.2419E-02,0.0010256797130139188
 5.2449E-02,0.00027291588443273114
 5.2480E-02,-0.00014438327990017968
 5.2510E-02,-0.0002079390101561711
 5.2540E-02,8.503246841918706e-05
 5.2570E-02,0.000721697780072277
 5.2601E-02,0.0016741723346736723
 5.2631E-02,0.002900749097637036
 5.2661E-02,0.004347735678735544
 5.2692E-02,0.005951817506788055
 5.2722E-02,0.007642840478429192
 5.2752E-02,0.009346887714859337
 5.2783E-02,0.010989513420945625
 5.2813E-02,0.012498992243408188
 5.2843E-02,0.013809443802156537
 5.2873E-02,0.014863698210005138
 5.2904E-02,0.015615779351232708
 5.2934E-02,0.01603289899689521
 5.2964E-02,0.016096876486384873
 5.2995E-02,0.01580492441202565
 5.3025E-02,0.015169768361733858
 5.3055E-02,0.014219096483325502
 5.3086E-02,0.012994361727334577
 5.3116E-02,0.011548986177577962
 5.3146E-02,0.00994604264066052
 5.3177E-02,0.008255512317596064
 5.3207E-02,0.006551236889786072
 5.3237E-02,0.004907697088493063
 5.3267E-02,0.003396757360139128
 5.3298E-02,0.002084518115205304
 5.3328E-02,0.0010284137255100916
 5.3358E-02,0.0002746856081121585
 5.3389E-02,-0.00014365536498027318
 5.3419E-02,-0.00020828445648961413
 5.3449E-02,8.362913418139269e-05
 5.3479E-02,0.0007192980410353379
 5.3510E-02,0.0016708809646476274
 5.3540E-02,0.0028967098634343153
 5.3570E-02,0.0043431253386329825
 5.3601E-02,0.00594683805322064
 5.3631E-02,0.007637709962526018
 5.3661E-02,0.009341830368766804
 5.3692E-02,0.01098474983354902
 5.3722E-02,0.0124947300371842
 5.3752E-02,0.013805868918331528
 5.3782E-02,0.01486096686010132
 5.3813E-02,0.015614010953113613
 5.3843E-02,0.01603217068160917
 5.3873E-02,0.016097219721405674
 5.3904E-02,0.015806323915855434
 5.3934E-02,0.015172163079824802
 5.3964E-02,0.014222382275021032
 5.3995E-02,0.012998395611634865
 5.4025E-02,0.011553592223168891
 5.4055E-02,0.00995101955503858
 5.4086E-02,0.008260642457195749
 5.4116E-02,0.006556296050713968
 5.4146E-02,0.004912464355191965
 5.4176E-02,0.003401024531247713
 5.4207E-02,0.0020880985347705755
 5.4237E-02,0.0010311504223479515
 5.4267E-02,0.0002764584372003475
 5.4298E-02,-0.00014292413172059385
 5.4328E-02,-0.00020862663210150537
 5.4358E-02,8.222883484025958e-05
 5.4388E-02,0.0007169010363067709
 5.4419E-02,0.0016675920214948466
 5.4449E-02,0.00289267268895858
 5.4479E-02,0.004338516536804435
 5.4510E-02,0.005941859439010363
 5.4540E-02,0.007632579502947191
 5.4570E-02,0.009336772354613632
 5.4601E-02,0.010979984991370024
 5.4631E-02,0.012490466093460294
 5.4661E-02,0.013802291833059345
 5.4691E-02,0.014858232835285687
 5.4722E-02,0.015612239473475164
 5.4752E-02,0.016031439066519555
 5.4782E-02,0.01609755968549108
 5.4813E-02,0.015807720370869676
 5.4843E-02,0.015174555053361865
 5.4873E-02,0.014225665645309174
 5.4904E-02,0.013002427452004911
 5.4934E-02,0.01155819673931019
 5.4964E-02,0.009955995619938592
 5.4995E-02,0.008265772516783567
 5.5025E-02,0.00656135586041668
 5.5055E-02,0.004917232875433932
 5.5085E-02,0.003405293453407931
 5.5116E-02,0.0020916811679633565
 5.5146E-02,0.0010338897922532694
 5.5176E-02,0.0002782343352161549
 5.5207E-02,-0.00014218960644469874
 5.5237E-02,-0.0002089655279700889
 5.5267E-02,8.08316053404406e-05
 5.5297E-02,0.0007145067925391173
 5.5328E-02,0.0016643054983874494
 5.5358E-02,0.002888637542252199
 5.5388E-02,0.004333909249343845
 5.5419E-02,0.005936881673392609
 5.5449E-02,0.007627449134586134
 5.5479E-02,0.009331713700636362
 5.5510E-02,0.010975218890710564
 5.5540E-02,0.012486200382896887
 5.5570E-02,0.013798712522494155
 5.5600E-02,0.014855496142132944
 5.5631E-02,0.015610464943682956
 5.5661E-02,0.016030704177529227
 5.5691E-02,0.01609789637415717
 5.5722E-02,0.015809113746953825
 5.5752E-02,0.015176944255929059
 5.5782E-02,0.014228946596198127
 5.5813E-02,0.013006457274991348
 5.5843E-02,0.011562799748832954
 5.5873E-02,0.009960970829989039
 5.5904E-02,0.008270902466114564
 5.5934E-02,0.00656641629129999
 5.5964E-02,0.0049220026487961244
 5.5994E-02,0.003409564151096057
 5.6025E-02,0.002095266037804248
 5.6055E-02,0.001036631832650603
 5.6085E-02,0.00028001327569900363
 5.6116E-02,-0.00014145181398725527
 5.6146E-02,-0.00020930114328641963
 5.6176E-02,7.943747121632428e-05
 5.6206E-02,0.0007121153353649753
 5.6237E-02,0.0016610213971323755
 5.6267E-02,0.002884604401440386
 5.6297E-02,0.004329303454248227
 5.6328E-02,0.005931904757726893
 5.6358E-02,0.007622318882524065
 5.6388E-02,0.00932665443273921
 5.6419E-02,0.010970451534858225
 5.6449E-02,0.012481932885090558
 5.6479E-02,0.013795130964430169
 5.6509E-02,0.014852756779705198
 5.6540E-02,0.015608687385636769
 5.6570E-02,0.01602996603821938
 5.6600E-02,0.016098229789842315
 5.6631E-02,0.015810504023283663
 5.6661E-02,0.015179330663776929
 5.6691E-02,0.014232225123573854
 5.6722E-02,0.013010485098789971
 5.6752E-02,0.01156740127285447
 5.6782E-02,0.009965945187127477
 5.6813E-02,0.008276032284893627
 5.6843E-02,0.0065714773196177325
 5.6873E-02,0.004926773669995489
 5.6903E-02,0.003413836641092207
 5.6934E-02,0.002098853165301657
 5.6964E-02,0.0010393765472384352
 5.6994E-02,0.00028179524101499
 5.7025E-02,-0.00014071077613439877
 5.7055E-02,-0.00020963348274382574
 5.7085E-02,7.80464493294993e-05
 5.7115E-02,0.0007097266867924083
 5.7146E-02,0.0016577397239839445
 5.7176E-02,0.0028805732520529163
 5.7206E-02,0.0043246991319359235
 5.7237E-02,0.005926928687863358
 5.7267E-02,0.00761718876326399
 5.7297E-02,0.009321594573069018
 5.7328E-02,0.01096568293132167
 5.7358E-02,0.012477663587183755
 5.7388E-02,0.013791547139821786
 5.7418E-02,0.014850014742539774
 5.7449E-02,0.015606906813356441
 5.7479E-02,0.01602922466844779
 5.7509E-02,0.01609855993874565
 5.7540E-02,0.015811891186199186
 5.7570E-02,0.015181714256354442
 5.7600E-02,0.014235501219185853
 5.7631E-02,0.013014510933962838
 5.7661E-02,0.011572001328434984
 5.7691E-02,0.009970918696232317
 5.7722E-02,0.008281161959180376
 5.7752E-02,0.0065765389243767
 5.7782E-02,0.004931545929473613
 5.7812E-02,0.0034181109323607297
 5.7843E-02,0.002102442566941156
 5.7873E-02,0.001042123942126408
 5.7903E-02,0.0002835802197461841
 5.7934E-02,-0.00013996651133124497
 5.7964E-02,-0.0002099625541607156
 5.7994E-02,7.665854995322113e-05
 5.8024E-02,0.0007073408653411445
 5.8055E-02,0.001654460488378846
 5.8085E-02,0.0028765440867617384
 5.8115E-02,0.004320096267488907
 5.8146E-02,0.005921953458036692
 5.8176E-02,0.0076120587879494935
 5.8206E-02,0.009316534140859027
 5.8237E-02,0.010960913090798162
 5.8267E-02,0.012473392483237485
 5.8297E-02,0.013787961034179837
 5.8327E-02,0.014847270023676216
 5.8358E-02,0.015605123235481974
 5.8388E-02,0.01602848008475842
 5.8418E-02,0.016098886829556274
 5.8449E-02,0.01581327522829848
 5.8479E-02,0.015184095017389727
 5.8509E-02,0.014238774873249361
 5.8540E-02,0.01301853478563204
 5.8570E-02,0.01157659992894854
 5.8600E-02,0.00997589136406548
 5.8631E-02,0.008286291480829629
 5.8661E-02,0.006581601088908379
 5.8691E-02,0.004936319416714537
 5.8721E-02,0.0034223870290887607
 5.8752E-02,0.0021060342558466443
 5.8782E-02,0.001044874025238972
 5.8812E-02,0.00028536820612010334
 5.8843E-02,-0.0001392190336709701
 5.8873E-02,-0.00021028836614132948
 5.8903E-02,7.527377856907661e-05
 5.8933E-02,0.0007049578855780974
 5.8964E-02,0.0016511837005166547
 5.8994E-02,0.0028725169026335776
 5.9024E-02,0.004315494849296403
 5.9055E-02,0.0059169790609802115
 5.9085E-02,0.007606928962251893
 5.9115E-02,0.009311473150540673
 5.9146E-02,0.010956142023738144
 5.9176E-02,0.012469119570919887
 5.9206E-02,0.013784372636097258
 5.9236E-02,0.014844522614913779
 5.9267E-02,0.015603336655694999
 5.9297E-02,0.01602773229930105
 5.9327E-02,0.016099210470907115
 5.9358E-02,0.015814656145964206
 5.9388E-02,0.015186472934110583
 5.9418E-02,0.014242046075537206
 5.9449E-02,0.013022556654834795
 5.9479E-02,0.011581197084090621
 5.9509E-02,0.00998086319773364
 5.9540E-02,0.008291420845716456
 5.9570E-02,0.0065866638003065124
 5.9600E-02,0.004941094121034866
 5.9630E-02,0.0034266649315751684
 5.9661E-02,0.00210962824134507
 5.9691E-02,0.0010476268043848075
 5.9721E-02,0.00028715919781171595
 5.9752E-02,-0.00013846835384669017
 5.9782E-02,-0.0002106109274549371
 5.9812E-02,7.389213696816353e-05
 5.9842E-02,0.0007025777584435309
 5.9873E-02,0.0016479093705186
 5.9903E-02,0.0028684917003303605
 5.9933E-02,0.004310894869615264
 5.9964E-02,0.005912005490046196
 5.9994E-02,0.00760179928910996
 6.0024E-02,0.009306411613673035
 6.0055E-02,0.01095136974091417
 6.0085E-02,0.012464844851652161
 6.0115E-02,0.013780781938149357
 6.0145E-02,0.014841772508857539
 6.0176E-02,0.015601547075004317
 6.0206E-02,0.01602698132108868
 6.0236E-02,0.016099530871140976
 6.0267E-02,0.01581603393858291
 6.0297E-02,0.015188847997086207
 6.0327E-02,0.01424531481619128
 6.0358E-02,0.013026576539585836
 6.0388E-02,0.011585792799853297
 6.0418E-02,0.009985834203278109
 6.0449E-02,0.008296550051907497
 6.0479E-02,0.006591727048508493
 6.0509E-02,0.004945870032064852
 6.0539E-02,0.003430944637266325
 6.0570E-02,0.0021132245292656473
 6.0600E-02,0.0010503822864186463
 6.0630E-02,0.0002889531948192418
 6.0661E-02,-0.00013771447935887637
 6.0691E-02,-0.0002109302460176517
 6.0721E-02,7.25136246459037e-05
 6.0751E-02,0.000700200491704093
 6.0782E-02,0.001644637507549031
 6.0812E-02,0.002864468482642113
 6.0842E-02,0.004306296323693204
 6.0873E-02,0.005907032739382851
 6.0903E-02,0.007596669769102583
 6.0933E-02,0.00930134953844101
 6.0964E-02,0.010946596251807416
 6.0994E-02,0.012460568328626435
 6.1024E-02,0.01377718893575049
 6.1054E-02,0.014839019699106915
 6.1085E-02,0.015599754492565667
 6.1115E-02,0.016026227156326373
 6.1145E-02,0.01609984803775932
 6.1176E-02,0.015817408607651604
 6.1206E-02,0.015191220200174469
 6.1236E-02,0.01424858108692744
 6.1267E-02,0.013030594436701175
 6.1297E-02,0.011590387080015491
 6.1327E-02,0.009990804386265466
 6.1358E-02,0.008301679099788031
 6.1388E-02,0.006596790826847209
 6.1418E-02,0.004950647141203187
 6.1448E-02,0.00343522614262451
 6.1479E-02,0.0021168231231945647
 6.1509E-02,0.0010531404773454437
 6.1539E-02,0.000290750198818776
 6.1570E-02,-0.00013695741498818585
 6.1600E-02,-0.0002112463284364693
 6.1630E-02,7.113823982730805e-05
 6.1661E-02,0.0006978260905997904
 6.1691E-02,0.00164136811952597
 6.1721E-02,0.002860447253538844
 6.1751E-02,0.0043016992091756065
 6.1782E-02,0.005902060804368547
 6.1812E-02,0.00759154040167112
 6.1842E-02,0.00929628693065517
 6.1873E-02,0.01094182156461158
 6.1903E-02,0.012456290006029574
 6.1933E-02,0.013773593626547117
 6.1963E-02,0.01483626418037453
 6.1994E-02,0.015597958906224542
 6.2024E-02,0.016025469808544652
 6.2054E-02,0.016100161976487032
 6.2085E-02,0.015818780155079294
 6.2115E-02,0.015193589538887439
 6.2145E-02,0.01425184488023178
 6.2176E-02,0.013034610341549175
 6.2206E-02,0.011594979925572426
 6.2236E-02,0.009995773750269598
 6.2267E-02,0.008306807989860875
 6.2297E-02,0.0066018551301605406
 6.2327E-02,0.004955425440610749
 6.2357E-02,0.003439509442833632
 6.2388E-02,0.0021204240242407926
 6.2418E-02,0.0010559013815255444
 6.2448E-02,0.0002925502119832528
 6.2479E-02,-0.00013619716353993768
 6.2509E-02,-0.0002115591799909638
 6.2539E-02,6.97659801137946e-05
 6.2570E-02,0.0006954545585193936
 6.2600E-02,0.001638101213185452
 6.2630E-02,0.002856428017824905
 6.2660E-02,0.004297103525921657
 6.2691E-02,0.005897089681991893
 6.2721E-02,0.0075864111859514855
 6.2751E-02,0.009291223794509331
 6.2782E-02,0.010937045686424045
 6.2812E-02,0.012452009888808124
 6.2842E-02,0.013769996010252795
 6.2872E-02,0.014833505948972016
 6.2903E-02,0.015596160313742481
 6.2933E-02,0.01602470927992576
 6.2963E-02,0.01610047269214394
 6.2994E-02,0.0158201485836047
 6.3024E-02,0.015195956010864169
 6.3054E-02,0.014255106190267328
 6.3085E-02,0.01303862424950596
 6.3115E-02,0.011599571336223144
 6.3145E-02,0.01000074229794201
 6.3175E-02,0.008311936723344137
 6.3206E-02,0.00660691995525623
 6.3236E-02,0.004960204924114345
 6.3266E-02,0.0034437945331772107
 6.3297E-02,0.002124027232220457
 6.3327E-02,0.0010586650021572074
 6.3357E-02,0.00029435323671711273
 6.3388E-02,-0.00013543372640359522
 6.3418E-02,-0.00021186880476635814
 6.3448E-02,6.839684279293589e-05
 6.3478E-02,0.0006930858971270964
 6.3509E-02,0.0016348367935825623
 6.3539E-02,0.002852410779946012
 6.3569E-02,0.004292509274683013
 6.3600E-02,0.005892119370073582
 6.3630E-02,0.007581282120587016
 6.3660E-02,0.009286160132381526
 6.3691E-02,0.010932268622600166
 6.3721E-02,0.012447727981538512
 6.3751E-02,0.013766396087570203
 6.3782E-02,0.014830745002288575
 6.3812E-02,0.01559435871269259
 6.3842E-02,0.01602394557116602
 6.3872E-02,0.01610078018805676
 6.3903E-02,0.01582151389572468
 6.3933E-02,0.015198319614811398
 6.3963E-02,0.014258365012456364
 6.3994E-02,0.01304263615608304
 6.4024E-02,0.011604161310570071
 6.4054E-02,0.010005710030705686
 6.4085E-02,0.00831706530129852
 6.4115E-02,0.006611985299997629
 6.4145E-02,0.004964985586734792
 6.4175E-02,0.0034480814090071246
 6.4206E-02,0.0021276327458287893
 6.4236E-02,0.0010614313412033473
 6.4266E-02,0.00029615927528177496
 6.4297E-02,-0.00013466710387774244
 6.4327E-02,-0.00021217520549694172
 6.4357E-02,6.703082558608039e-05
 6.4388E-02,0.0006907201074467075
 6.4418E-02,0.0016315748650180184
 6.4448E-02,0.0028483955445951655
 6.4478E-02,0.004287916457636631
 6.4509E-02,0.0058871498681225785
 6.4539E-02,0.007576153205005416
 6.4569E-02,0.00928109594636203
 6.4600E-02,0.01092749037789758
 6.4630E-02,0.012443444288911233
 6.4660E-02,0.013762793860321506
 6.4690E-02,0.014827981338953453
 6.4721E-02,0.015592554100996336
 6.4751E-02,0.016023178682233487
 6.4781E-02,0.0161010844664668
 6.4812E-02,0.015822876093543225
 6.4842E-02,0.015200680350064676
 6.4872E-02,0.014261621343022205
 6.4903E-02,0.013046646056778959
 6.4933E-02,0.011608749846127099
 6.4963E-02,0.010010676948573261
 6.4993E-02,0.008322193724160617
 6.5024E-02,0.0066170511627233475
 6.5054E-02,0.004969767424312086
 6.5084E-02,0.0034523700659109475
 6.5115E-02,0.0021312405630335204
 6.5145E-02,0.0010642003995609823
 6.5175E-02,0.0002979683295598408
 6.5206E-02,-0.0001338972956177029
 6.5236E-02,-0.00021247838398610183
 6.5266E-02,6.56679265038602e-05
 6.5296E-02,0.0006883571897237117
 6.5327E-02,0.0016283154305651386
 6.5357E-02,0.002844382315809947
 6.5387E-02,0.004283325077217273
 6.5418E-02,0.005882181176235107
 6.5448E-02,0.0075710244386454255
 6.5478E-02,0.009276031237524943
 6.5509E-02,0.010922710955711578
 6.5539E-02,0.012439158814933614
 6.5569E-02,0.013759189330622368
 6.5600E-02,0.01482521495845052
 6.5630E-02,0.015590746477030706
 6.5660E-02,0.016022408612664494
 6.5690E-02,0.01610138552884559
 6.5721E-02,0.01582423517897982
 6.5751E-02,0.015203038216682153
 6.5781E-02,0.01426487517940862
 6.5812E-02,0.013050653947925392
 6.5842E-02,0.01161333694042966
 6.5872E-02,0.010015643051190749
 6.5903E-02,0.00832732199235194
 6.5933E-02,0.0066221175425195825
 6.5963E-02,0.004974550433830213
 6.5993E-02,0.003456660500124868
 6.6024E-02,0.0021348506815465954
 6.6054E-02,0.0010669721773752267
 6.6084E-02,0.0002997804009357509
 6.6115E-02,-0.00013312430106757293
 6.6145E-02,-0.00021277834135407888
 6.6175E-02,6.430814387808071e-05
 6.6206E-02,0.000685997143829333
 6.6236E-02,0.0016250584925052607
 6.6266E-02,0.0028403710971144002
 6.6296E-02,0.004278735136155316
 6.6327E-02,0.005877213295299923
 6.6357E-02,0.007565895821497866
 6.6387E-02,0.009270966006856316
 6.6418E-02,0.010917930358881235
 6.6448E-02,0.012434871563228832
 6.6478E-02,0.013755582500903129
 6.6508E-02,0.014822445860947825
 6.6539E-02,0.015588935839551206
 6.6569E-02,0.01602163536165089
 6.6599E-02,0.01610168337582915
 6.6630E-02,0.015825591153240233
 6.6660E-02,0.01520539321466506
 6.6690E-02,0.014268126519469466
 6.6721E-02,0.013054659826042935
 6.6751E-02,0.011617922590497846
 6.6781E-02,0.010020608337179802
 6.6811E-02,0.008332450105452737
 6.6842E-02,0.006627184438288723
 6.6872E-02,0.004979334612605136
 6.6902E-02,0.0034609527081296883
 6.6933E-02,0.002138463098818882
 6.6963E-02,0.0010697466741459803
 6.6993E-02,0.00030159549037031737
 6.7024E-02,-0.00013234811938415687
 6.7054E-02,-0.0002130750779447918
 6.7084E-02,6.295147675990369e-05
 6.7114E-02,0.0006836399697752397
 6.7145E-02,0.0016218040527957883
 6.7175E-02,0.0028363618918522317
 6.7205E-02,0.004274146637532747
 6.7236E-02,0.00587224622699601
 6.7266E-02,0.007560767354226729
 6.7296E-02,0.009265900255424042
 6.7327E-02,0.010913148589833676
 6.7357E-02,0.01243058253708055
 6.7387E-02,0.013751973373767698
 6.7418E-02,0.01481967404724191
 6.7448E-02,0.015587122187909886
 6.7478E-02,0.01602085892848947
 6.7508E-02,0.016101978007684162
 6.7539E-02,0.015826944017251876
 6.7569E-02,0.015207745344224054
 6.7599E-02,0.014271375361649853
 6.7630E-02,0.013058663688208273
 6.7660E-02,0.011622506793474286
 6.7690E-02,0.010025572804865204
 6.7721E-02,0.008337578062827285
 6.7751E-02,0.006632251849187958
 6.7781E-02,0.004984119958610172
 6.7811E-02,0.0034652466870484276
 6.7842E-02,0.002142077812383959
 6.7872E-02,0.0010725238889763514
 6.7902E-02,0.0003034135984029334
 6.7933E-02,-0.00013156874983520384
 6.7963E-02,-0.00021336859382001995
 6.7993E-02,6.159792441254766e-05
 6.8024E-02,0.0006812856672974176
 6.8054E-02,0.0016185521126932557
 6.8084E-02,0.002832354702598146
 6.8114E-02,0.004269559584033243
 6.8145E-02,0.005867279973034358
 6.8175E-02,0.007555639037544389
 6.8205E-02,0.009260833983977758
 6.8236E-02,0.010908365650310869
 6.8266E-02,0.012426291739096365
 6.8296E-02,0.013748361951566247
 6.8326E-02,0.014816899518330238
 6.8357E-02,0.015585305521702234
 6.8387E-02,0.016020079312409678
 6.8417E-02,0.016102269424245325
 6.8448E-02,0.01582829377145285
 6.8478E-02,0.015210094605444115
 6.8508E-02,0.014274621704745765
 6.8539E-02,0.013062665531926611
 6.8569E-02,0.01162708954658495
 6.8599E-02,0.010030536452255443
 6.8629E-02,0.008342705863368747
 6.8660E-02,0.006637319774190785
 6.8690E-02,0.004988906470001881
 6.8720E-02,0.003469542434235431
 6.8751E-02,0.0021456948198192
 6.8781E-02,0.0010753038206308622
 6.8811E-02,0.0003052347251214138
 6.8842E-02,-0.00013078619178642613
 6.8872E-02,-0.00021365888874378902
 6.8902E-02,6.0247486580236885e-05
 6.8932E-02,0.0006789342364425262
 6.8963E-02,0.001615302673389528
 6.8993E-02,0.0028283495317966006
 6.9023E-02,0.00426497397851514
 6.9054E-02,0.005862314535662017
 6.9084E-02,0.00755051087288697
 6.9114E-02,0.009255767193760952
 6.9145E-02,0.010903581542148572
 6.9175E-02,0.012421999171788971
 6.9205E-02,0.013744748236681287
 6.9236E-02,0.014814122275562246
 6.9266E-02,0.01558348584103581
 6.9296E-02,0.016019296512860215
 6.9326E-02,0.016102557625191256
 6.9357E-02,0.01582964041595566
 6.9387E-02,0.015212440998230966
 6.9417E-02,0.014277865547655253
 6.9448E-02,0.013066665354952146
 6.9478E-02,0.011631670847099792
 6.9508E-02,0.010035499277076781
 6.9539E-02,0.008347833505579477
 6.9569E-02,0.006642388212090228
 6.9599E-02,0.004993694145155169
 6.9629E-02,0.003473839947456506
 6.9660E-02,0.0021493141188738546
 6.9690E-02,0.0010780864677394607
 6.9720E-02,0.00030705887036492664
 6.9751E-02,-0.00013000044470294424
 6.9781E-02,-0.00021394596226396838
 6.9811E-02,5.8900163326646175e-05
 6.9842E-02,0.0006765856773537282
 6.9872E-02,0.0016120557358741492
 6.9902E-02,0.002824346381489301
 6.9932E-02,0.004260389823532914
 6.9963E-02,0.005857349917125584
 6.9993E-02,0.007545382861761282
 7.0023E-02,0.009250699885933255
 7.0054E-02,0.010898796266846644
 7.0084E-02,0.012417704837233019
 7.0114E-02,0.013741132231264809
 7.0144E-02,0.014811342320348768
 7.0175E-02,0.015581663146212387
 7.0205E-02,0.016018510529428792
 7.0235E-02,0.01610284261009346
 7.0266E-02,0.015830983950647175
 7.0296E-02,0.015214784522424725
 7.0326E-02,0.014281106889501191
 7.0357E-02,0.013070663155405629
 7.0387E-02,0.011636250692593806
 7.0417E-02,0.010040461277110174
 7.0447E-02,0.00835296098786921
 7.0478E-02,0.006647457161632025
 7.0508E-02,0.004998482982571142
 7.0538E-02,0.003478139224715871
 7.0569E-02,0.002152935707465633
 7.0599E-02,0.0010808718288590267
 7.0629E-02,0.0003088860336942894
 7.0660E-02,-0.000129211508273295
 7.0690E-02,-0.00021422981393868967
 7.0720E-02,5.755595486905401e-05
 7.0750E-02,0.0006742399902924576
 7.0781E-02,0.0016088113010244804
 7.0811E-02,0.0028203452534838933
 7.0841E-02,0.004255807121492874
 7.0872E-02,0.005852386119732294
 7.0902E-02,0.007540255005956215
 7.0932E-02,0.009245632061901645
 7.0963E-02,0.010894009825924205
 7.0993E-02,0.012413408737321137
 7.1023E-02,0.013737513937324607
 7.1054E-02,0.014808559654157932
 7.1084E-02,0.015579837437704306
 7.1114E-02,0.016017721361815153
 7.1144E-02,0.016103124378408492
 7.1175E-02,0.015832324375099665
 7.1205E-02,0.015217125177598895
 7.1235E-02,0.014284345729335452
 7.1266E-02,0.01307465893148412
 7.1296E-02,0.01164082908066093
 7.1326E-02,0.010045422449924669
 7.1357E-02,0.008358088308265729
 7.1387E-02,0.006652526621263641
 7.1417E-02,0.005003272980661411
 7.1447E-02,0.003482440264138154
 7.1478E-02,0.002156559583634629
 7.1508E-02,0.0010836599024828977
 7.1538E-02,0.0003107162145031259
 7.1569E-02,-0.0001284193823063436
 7.1599E-02,-0.00021451044327323144
 7.1629E-02,5.621486167044248e-05
 7.1660E-02,0.0006718971757567901
 7.1690E-02,0.0016055693697928411
 7.1720E-02,0.0028163461495065763
 7.1750E-02,0.004251225874714045
 7.1781E-02,0.005847423145861482
 7.1811E-02,0.00753512730745758
 7.1841E-02,0.009240563723247094
 7.1872E-02,0.010889222220935406
 7.1902E-02,0.012409110873859559
 7.1932E-02,0.013733893356734481
 7.1962E-02,0.014805774278471417
 7.1993E-02,0.015578008716240427
 7.2023E-02,0.016016929009978934
 7.2053E-02,0.016103402929718756
 7.2084E-02,0.015833661688911985
 7.2114E-02,0.015219462963288515
 7.2144E-02,0.014287582066270225
 7.2175E-02,0.01307865268162258
 7.2205E-02,0.01164540600914477
 7.2235E-02,0.010050382793273778
 7.2265E-02,0.008363215464831902
 7.2296E-02,0.0066575965894318774
 7.2326E-02,0.005008064137960411
 7.2356E-02,0.003486743064048528
 7.2387E-02,0.002160185745614174
 7.2417E-02,0.0010864506871737188
 7.2447E-02,0.00031254941207165107
 7.2478E-02,-0.00012762406677680914
 7.2508E-02,-0.00021478784981922077
 7.2538E-02,5.487688422722495e-05
 7.2568E-02,0.0006695572342879544
 7.2599E-02,0.0016023299430653888
 7.2629E-02,0.0028123490710572517
 7.2659E-02,0.00424664608526784
 7.2690E-02,0.005842460997754577
 7.2720E-02,0.007529999768264892
 7.2750E-02,0.009235494871622249
 7.2781E-02,0.010884433453369638
 7.2811E-02,0.012404811248460757
 7.2841E-02,0.013730270491180691
 7.2872E-02,0.014802986194695611
 7.2902E-02,0.015576176982553617
 7.2932E-02,0.016016133473879385
 7.2962E-02,0.01610367826354602
 7.2993E-02,0.01583499589146461
 7.3023E-02,0.015221797878806832
 7.3053E-02,0.014290815899355868
 7.3084E-02,0.013082644404298724
 7.3114E-02,0.011649981475977116
 7.3144E-02,0.01005534230487338
 7.3175E-02,0.008368342455460797
 7.3205E-02,0.006662667064335203
 7.3235E-02,0.005012856452860955
 7.3265E-02,0.003491047622815075
 7.3296E-02,0.002163814191721695
 7.3326E-02,0.001089244181523603
 7.3356E-02,0.00031438562559840753
 7.3387E-02,-0.00012682556176094858
 7.3417E-02,-0.0002150620331294854
 7.3447E-02,5.3542023209727444e-05
 7.3478E-02,0.0006672201666565061
 7.3508E-02,0.0015990930218789494
 7.3538E-02,0.0028083540196815965
 7.3568E-02,0.004242067755241982
 7.3599E-02,0.005837499677744925
 7.3629E-02,0.007524872390562145
 7.3659E-02,0.009230425508883673
 7.3690E-02,0.010879643524882947
 7.3720E-02,0.012400509862748679
 7.3750E-02,0.013726645342320699
 7.3780E-02,0.014800195404233671
 7.3811E-02,0.015574342237472845
 7.3841E-02,0.016015334753687906
 7.3871E-02,0.01610395037950569
 7.3902E-02,0.01583632698211178
 7.3932E-02,0.01522412992340421
 7.3962E-02,0.01429404722756448
 7.3993E-02,0.013086634098026066
 7.4023E-02,0.011654555479154317
 7.4053E-02,0.01006030098244456
 7.4083E-02,0.008373469277992132
 7.4114E-02,0.0066677380441214195
 7.4144E-02,0.0050176499237237476
 7.4174E-02,0.0034953539388290957
 7.4205E-02,0.0021674449203534125
 7.4235E-02,0.0010920403841430612
 7.4265E-02,0.0003162248542201608
 7.4296E-02,-0.00012602386746207554
 7.4326E-02,-0.0002153329928678068
 7.4356E-02,5.221027921934173e-05
 7.4386E-02,0.0006648859735974488
 7.4417E-02,0.0015958586072190861
 7.4447E-02,0.0028043609967897416
 7.4477E-02,0.004237490886491484
 7.4508E-02,0.0058325391879682125
 7.4538E-02,0.00751974517644003
 7.4568E-02,0.009225355636869622
 7.4599E-02,0.01087485243709456
 7.4629E-02,0.012396206718277313
 7.4659E-02,0.013723017911658017
 7.4690E-02,0.014797401908401751
 7.4720E-02,0.015572504481846407
 7.4750E-02,0.016014532849640162
 7.4780E-02,0.016104219277309442
 7.4811E-02,0.015837654960247458
 7.4841E-02,0.015226459096283175
 7.4871E-02,0.01429727604988081
 7.4902E-02,0.013090621761404025
 7.4932E-02,0.011659128016863623
 7.4962E-02,0.010065258823917596
 7.4993E-02,0.008378595930328813
 7.5023E-02,0.006672809526894992
 7.5053E-02,0.005022444548876659
 7.5083E-02,0.003499662010540606
 7.5114E-02,0.002171077930045521
 7.5144E-02,0.001094839293756823
 7.5174E-02,0.00031806709710147487
 7.5205E-02,-0.00012521898412598081
 7.5235E-02,-0.0002156007287460682
 7.5265E-02,5.0881652929166046e-05
 7.5296E-02,0.0006625546560197965
 7.5326E-02,0.001592626700209085
 7.5356E-02,0.0028003700038619433
 7.5386E-02,0.0042329154809174
 7.5417E-02,0.005827579530572739
 7.5447E-02,0.007514618128080314
 7.5477E-02,0.009220285257576781
 7.5508E-02,0.010870060191742406
 7.5538E-02,0.01239190181662908
 7.5568E-02,0.013719388200657429
 7.5598E-02,0.014794605708444031
 7.5629E-02,0.015570663716514208
 7.5659E-02,0.01601372776197389
 7.5689E-02,0.016104484956647593
 7.5720E-02,0.015838979825192372
 7.5750E-02,0.015228785396516146
 7.5780E-02,0.014300502365136735
 7.5811E-02,0.013094607392925313
 7.5841E-02,0.011663699087197174
 7.5871E-02,0.010070215827109265
 7.5901E-02,0.008383722410283146
 7.5932E-02,0.006677881510650392
 7.5962E-02,0.005027240326544681
 7.5992E-02,0.0035039718363332533
 7.6023E-02,0.0021747132193066527
 7.6053E-02,0.00109764090911364
 7.6083E-02,0.00031991235341037756
 7.6114E-02,-0.00012441091202053416
 7.6144E-02,-0.00021586524049014316
 7.6174E-02,4.955614499903112e-05
 7.6204E-02,0.000660226214832739
 7.6235E-02,0.0015893973020106391
 7.6265E-02,0.002796381042374746
 7.6295E-02,0.004228341540355562
 7.6326E-02,0.005822620707689288
 7.6356E-02,0.007509491247633013
 7.6386E-02,0.00921521437297948
 7.6417E-02,0.010865266790592215
 7.6447E-02,0.012387595159378024
 7.6477E-02,0.013715756210782738
 7.6508E-02,0.014791806805632537
 7.6538E-02,0.01556881994234094
 7.6568E-02,0.016012919491040143
 7.6598E-02,0.016104747417306817
 7.6629E-02,0.015840301576307687
 7.6659E-02,0.01523110882321397
 7.6689E-02,0.014303726172224125
 7.6720E-02,0.013098590991201352
 7.6750E-02,0.011668268688401264
 7.6780E-02,0.01007517198996261
 7.6811E-02,0.008388848715708094
 7.6841E-02,0.006682953993381814
 7.6871E-02,0.005032037254978387
 7.6901E-02,0.0035082834146701117
 7.6932E-02,0.0021783507867206824
 7.6962E-02,0.0011004452289604867
 7.6992E-02,0.00032176062221968976
 7.7023E-02,-0.00012359965154166899
 7.7053E-02,-0.00021612652791440514
 7.7083E-02,4.823375605571972e-05
 7.7114E-02,0.000657900650944352
 7.7144E-02,0.001586170413734385
 7.7174E-02,0.0027923941137085687
 7.7204E-02,0.004223769066528556
 7.7235E-02,0.005817662721312519
 7.7265E-02,0.0075043645372166335
 7.7295E-02,0.009210142985089952
 7.7326E-02,0.010860472235408382
 7.7356E-02,0.012383286748076497
 7.7386E-02,0.013712121943399713
 7.7416E-02,0.01478900520111986
 7.7447E-02,0.015566973160161254
 7.7477E-02,0.016012108037169435
 7.7507E-02,0.016105006659109286
 7.7538E-02,0.015841620212961625
 7.7568E-02,0.015233429375420198
 7.7598E-02,0.01430694746993303
 7.7629E-02,0.013102572554744209
 7.7659E-02,0.011672836818721034
 7.7689E-02,0.010080127310478412
 7.7719E-02,0.008393974844492969
 7.7750E-02,0.006688026973052715
 7.7780E-02,0.005036835332316336
 7.7810E-02,0.0035125967439209723
 7.7841E-02,0.0021819906309079626
 7.7871E-02,0.0011032522521879948
 7.7901E-02,0.00032361190278651234
 7.7932E-02,-0.0001227852030100288
 7.7962E-02,-0.00021638459085383398
 7.7992E-02,4.691448673255585e-05
 7.8022E-02,0.0006555779653608188
 7.8053E-02,0.0015829460366933528
 7.8083E-02,0.002788409219438868
 7.8113E-02,0.004219198061267037
 7.8144E-02,0.005812705573498226
 7.8174E-02,0.0074992379989753475
 7.8204E-02,0.009205071095988393
 7.8235E-02,0.010855676528094113
 7.8265E-02,0.012378976584382036
 7.8295E-02,0.013708485399923458
 7.8326E-02,0.014786200896067372
 7.8356E-02,0.015565123370771669
 7.8386E-02,0.01601129340072201
 7.8416E-02,0.016105262681910905
 7.8447E-02,0.01584293573455615
 7.8477E-02,0.015235747052173204
 7.8507E-02,0.014310166257023178
 7.8538E-02,0.013106552082035561
 7.8568E-02,0.011677403476351801
 7.8598E-02,0.010085081786635641
 7.8629E-02,0.008399100794527898
 7.8659E-02,0.006693100447629066
 7.8689E-02,0.005041634556701748
 7.8719E-02,0.003516911822447435
 7.8750E-02,0.0021856327504418682
 7.8780E-02,0.0011060619775987417
 7.8810E-02,0.0003254661942704111
 7.8841E-02,-0.0001219675667739243
 7.8871E-02,-0.00021663942917728442
 7.8901E-02,4.559833760661472e-05
 7.8932E-02,0.0006532581589950763
 7.8962E-02,0.0015797241720652637
 7.8992E-02,0.0027844263610294186
 7.9022E-02,0.004214628526304897
 7.9053E-02,0.005807749266201605
 7.9083E-02,0.0074941116349682806
 7.9113E-02,0.009199998707677117
 7.9144E-02,0.010850879670464615
 7.9174E-02,0.012374664669919587
 7.9204E-02,0.013704846581750965
 7.9234E-02,0.01478339389158944
 7.9265E-02,0.015563270574991864
 7.9295E-02,0.01601047558207603
 7.9325E-02,0.01610551548559441
 7.9356E-02,0.015844248140531085
 7.9386E-02,0.015238061852534198
 7.9416E-02,0.014313382532254686
 7.9447E-02,0.013110529571607143
 7.9477E-02,0.011681968659558955
 7.9507E-02,0.01009003541648867
 7.9537E-02,0.008404226563737602
 7.9568E-02,0.006698174415044167
 7.9598E-02,0.005046434926274589
 7.9628E-02,0.0035212286486200036
 7.9659E-02,0.0021892771439276917
 7.9689E-02,0.0011088744041001762
 7.9719E-02,0.0003273234958743339
 7.9750E-02,-0.00012114674324534589
 7.9780E-02,-0.0002168910427625135
 7.9810E-02,4.428530925219175e-05
 7.9840E-02,0.0006509412328261693
 7.9871E-02,0.0015765048211475049
 7.9901E-02,0.0027804455399936764
 7.9931E-02,0.00421006046340881
 7.9962E-02,0.005802793801406057
 7.9992E-02,0.007488985447282144
 8.0022E-02,0.009194925822221962
 8.0053E-02,0.010846081664428
 8.0083E-02,0.012370351006301161
 8.0113E-02,0.013701205490259324
 8.0144E-02,0.01478058418881956
 8.0174E-02,0.015561414773568191
 8.0204E-02,0.016009654581578627
 8.0234E-02,0.016105765070028248
 8.0265E-02,0.015845557430275645
 8.0295E-02,0.015240373775533668
 8.0325E-02,0.014316596294357553
 8.0356E-02,0.013114505021923474
 8.0386E-02,0.011686532366588932
 8.0416E-02,0.01009498819804635
 8.0447E-02,0.008409352150040057
 8.0477E-02,0.0067032488732613246
 8.0507E-02,0.005051236439130481
 8.0537E-02,0.003525547220787798
 8.0568E-02,0.002192923809984694
 8.0598E-02,0.0011116895305669494
 8.0628E-02,0.0003291838068272154
 8.0659E-02,-0.00012032273276106121
 8.0689E-02,-0.00021713943151061346
 8.0719E-02,4.297540225757447e-05
 8.0750E-02,0.0006486271878393573
 8.0780E-02,0.0015732879852145107
 8.0810E-02,0.0027764667578785178
 8.0840E-02,0.004205493874345741
 8.0871E-02,0.005797839181063995
 8.0901E-02,0.007483859437997096
 8.0931E-02,0.009189852441679244
 8.0962E-02,0.01084128251188389
 8.0992E-02,0.012366035595222178
 8.1022E-02,0.013697562126837648
 8.1052E-02,0.01477777178885392
 8.1083E-02,0.015559555967296062
 8.1113E-02,0.016008830399617854
 8.1143E-02,0.016106011435161417
 8.1174E-02,0.015846863603266193
 8.1204E-02,0.015242682820215394
 8.1234E-02,0.014319807542071841
 8.1265E-02,0.013118478431454948
 8.1295E-02,0.011691094595694654
 8.1325E-02,0.010099940129400483
 8.1355E-02,0.008414477551389504
 8.1386E-02,0.006708323820232203
 8.1416E-02,0.005056039093349328
 8.1446E-02,0.003529867537247813
 8.1477E-02,0.002196572747209217
 8.1507E-02,0.0011145073558905354
 8.1537E-02,0.00033104712634663867
 8.1568E-02,-0.00011949553571033434
 8.1598E-02,-0.0002173845953569456
 8.1628E-02,4.1668617150996724e-05
 8.1658E-02,0.0006463160249643516
 8.1689E-02,0.001570073665530216
 8.1719E-02,0.002772490016216082
 8.1749E-02,0.004200928760860191
 8.1780E-02,0.00579288540710247
 8.1810E-02,0.007478733609152653
 8.1840E-02,0.009184778568077161
 8.1871E-02,0.010836482214730644
 8.1901E-02,0.012361718438353216
 8.1931E-02,0.01369391649288722
 8.1962E-02,0.014774956692766659
 8.1992E-02,0.015557694156925856
 8.2022E-02,0.01600800303653424
 8.2052E-02,0.016106254580884508
 8.2083E-02,0.01584816665897107
 8.2113E-02,0.015244988985640286
 8.2143E-02,0.014323016274102762
 8.2174E-02,0.013122449798661184
 8.2204E-02,0.011695655345091533
 8.2234E-02,0.010104891208599252
 8.2265E-02,0.008419602765740709
 8.2295E-02,0.006713399253908432
 8.2325E-02,0.005060842887024934
 8.2355E-02,0.0035341895963248646
 8.2386E-02,0.002200223954186194
 8.2416E-02,0.0011173278789878766
 8.2446E-02,0.0003329134537039052
 8.2477E-02,-0.00011866515243416241
 8.2507E-02,-0.00021762653420330093
 8.2537E-02,4.036495446349913e-05
 8.2568E-02,0.0006440077451543715
 8.2598E-02,0.001566861863407023
 8.2628E-02,0.0027685153165887106
 8.2658E-02,0.004196365124762914
 8.2689E-02,0.0057879324814827885
 8.2719E-02,0.007473607962778659
 8.2749E-02,0.00917970420344082
 8.2780E-02,0.01083168077487739
 8.2810E-02,0.012357399537379415
 8.2840E-02,0.013690268589821242
 8.2870E-02,0.014772138901668053
 8.2901E-02,0.01555582934318796
 8.2931E-02,0.01600717249268577
 8.2961E-02,0.016106494507118416
 8.2992E-02,0.015849466596857407
 8.3022E-02,0.01524729227087705
 8.3052E-02,0.014326222489174896
 8.3083E-02,0.01312641912196907
 8.3113E-02,0.011700214613003765
 8.3143E-02,0.01010984143368348
 8.3173E-02,0.008424727791067326
 8.3204E-02,0.006718475172291929
 8.3234E-02,0.005065647818260215
 8.3264E-02,0.003538513396305595
 8.3295E-02,0.002203877429475039
 8.3325E-02,0.0011201510987401445
 8.3355E-02,0.0003347827881399777
 8.3386E-02,-0.00011783158328054576
 8.3416E-02,-0.00021786524796319617
 8.3446E-02,3.906441470985576e-05
 8.3476E-02,0.0006417023493280727
 8.3507E-02,0.0015636525801164868
 8.3537E-02,0.002764542660551632
 8.3567E-02,0.004191802967819621
 8.3598E-02,0.005782980406141637
 8.3628E-02,0.007468482500901848
 8.3658E-02,0.009174629349790273
 8.3689E-02,0.010826878194233147
 8.3719E-02,0.0123530788940098
 8.3749E-02,0.013686618419067443
 8.3780E-02,0.014769318416654763
 8.3810E-02,0.015553961526824166
 8.3840E-02,0.01600633876840935
 8.3870E-02,0.016106731213788448
 8.3901E-02,0.01585076341641827
 8.3931E-02,0.015249592675019139
 8.3961E-02,0.014329426186024384
 8.3992E-02,0.013130386399833216
 8.4022E-02,0.011704772397664518
 8.4052E-02,0.010114790802734395
 8.4083E-02,0.008429852625335334
 8.4113E-02,0.006723551573341705
 8.4143E-02,0.005070453885122277
 8.4173E-02,0.003542838935496674
 8.4204E-02,0.002207533171662087
 8.4234E-02,0.0011229770140419454
 8.4264E-02,0.000336655128917083
 8.4295E-02,-0.0001169948286013738
 8.4325E-02,-0.00021810073655568446
 8.4355E-02,3.776699843253937e-05
 8.4386E-02,0.0006393998384272617
 8.4416E-02,0.001560445816926292
 8.4446E-02,0.002760572049669881
 8.4476E-02,0.004187242291826519
 8.4507E-02,0.005778029183033587
 8.4537E-02,0.007463357225561837
 8.4567E-02,0.009169554009138032
 8.4598E-02,0.010822074474693997
 8.4628E-02,0.012348756509936769
 8.4658E-02,0.013682965982041712
 8.4688E-02,0.014766495238824484
 8.4719E-02,0.015552090708573807
 8.4749E-02,0.016005501864048654
 8.4779E-02,0.016106964700800655
 8.4810E-02,0.01585205711713603
 8.4840E-02,0.015251890197119358
 8.4870E-02,0.014332627363365403
 8.4901E-02,0.013134351630668423
 8.4931E-02,0.0117093286972597
 8.4961E-02,0.010119739313809807
 8.4991E-02,0.008434977266534624
 8.5022E-02,0.006728628455048185
 8.5052E-02,0.005075261085713005
 8.5082E-02,0.0035471662121714658
 8.5113E-02,0.0022111911793161656
 8.5143E-02,0.0011258056238082775
 8.5173E-02,0.00033853047529755834
 8.5204E-02,-0.00011615488873394032
 8.5234E-02,-0.00021833299991464396
 8.5264E-02,3.647270611524628e-05
 8.5294E-02,0.0006371002133760453
 8.5325E-02,0.0015572415751538783
 8.5355E-02,0.002756603485522642
 8.5385E-02,0.004182683098560153
 8.5416E-02,0.005773078814073937
 8.5446E-02,0.007458232138767671
 8.5476E-02,0.009164478183527345
 8.5507E-02,0.010817269618191294
 8.5537E-02,0.012344432386869967
 8.5567E-02,0.013679311280165456
 8.5598E-02,0.014763669369261967
 8.5628E-02,0.015550216889177104
 8.5658E-02,0.016004661779968895
 8.5688E-02,0.01610719496810789
 8.5719E-02,0.015853347698513723
 8.5749E-02,0.015254184836267481
 8.5779E-02,0.014335826019907112
 8.5810E-02,0.013138314812936484
 8.5840E-02,0.011713883510048186
 8.5870E-02,0.010124686964977305
 8.5901E-02,0.0084401017126371
 8.5931E-02,0.006733705815376165
 8.5961E-02,0.00508006941809897
 8.5991E-02,0.0035514952246309675
 8.6022E-02,0.0022148514509988592
 8.6052E-02,0.001128636926926367
 8.6082E-02,0.00034040882654300044
 8.6113E-02,-0.00011531176403481197
 8.6143E-02,-0.00021856203795897169
 8.6173E-02,3.518153827635596e-05
 8.6204E-02,0.0006348034750853439
 8.6234E-02,0.0015540398560536595
 8.6264E-02,0.002752636969679711
 8.6294E-02,0.0041781253898231655
 8.6325E-02,0.005768129301216003
 8.6355E-02,0.007453107242535998
 8.6385E-02,0.009159401874942503
 8.6416E-02,0.01081246362663066
 8.6446E-02,0.012340106526523866
 8.6476E-02,0.013675654314882994
 8.6507E-02,0.014760840809077427
 8.6537E-02,0.015548340069346614
 8.6567E-02,0.016003818516479012
 8.6597E-02,0.016107422015616088
 8.6628E-02,0.015854635160041194
 8.6658E-02,0.015256476591564695
 8.6688E-02,0.014339022154394655
 8.6719E-02,0.013142275945042253
 8.6749E-02,0.011718436834215102
 8.6779E-02,0.010129633754297426
 8.6809E-02,0.008445225961636238
 8.6840E-02,0.006738783652350203
 8.6870E-02,0.005084878880388312
 8.6900E-02,0.0035558259711535945
 8.6931E-02,0.002218513985278882
 8.6961E-02,0.0011314709222890072
 8.6991E-02,0.00034229018192045177
 8.7022E-02,-0.00011446545482811539
 8.7052E-02,-0.00021878785060180792
 8.7082E-02,3.38934954291619e-05
 8.7112E-02,0.000632509624473755
 8.7143E-02,0.0015508406609240873
 8.7173E-02,0.002748672503722245
 8.7203E-02,0.004173569167413912
 8.7234E-02,0.005763180646422379
 8.7264E-02,0.0074479825388945094
 8.7294E-02,0.009154325085396795
 8.7325E-02,0.010807656501901257
 8.7355E-02,0.01233577893059954
 8.7385E-02,0.013671995087619203
 8.7416E-02,0.014758009559378879
 8.7446E-02,0.015546460249835227
 8.7476E-02,0.01600297207392634
 8.7506E-02,0.016107645843240054
 8.7537E-02,0.01585591950121143
 8.7567E-02,0.015258765462097486
 8.7597E-02,0.014342215765564536
 8.7628E-02,0.013146235025434124
 8.7658E-02,0.0117229886679623
 8.7688E-02,0.010134579679803832
 8.7719E-02,0.008450350011493087
 8.7749E-02,0.0067438619639349886
 8.7779E-02,0.005089689470669243
 8.7809E-02,0.0035601584500125605
 8.7840E-02,0.0022221787806784876
 8.7870E-02,0.0011343076087590581
 8.7900E-02,0.0003441745406690956
 8.7931E-02,-0.00011361596145734404
 8.7961E-02,-0.00021901043776666155
 8.7991E-02,3.260857806414432e-05
 8.8022E-02,0.0006302186624457187
 8.8052E-02,0.0015476439910106607
 8.8082E-02,0.0027447100892214215
 8.8112E-02,0.004169014433132029
 8.8143E-02,0.005758232851610262
 8.8173E-02,0.007442858029852782
 8.8203E-02,0.00914924781689096
 8.8234E-02,0.010802848245914279
 8.8264E-02,0.012331449600833518
 8.8294E-02,0.013668333599830084
 8.8325E-02,0.014755175621265703
 8.8355E-02,0.015544577431369451
 8.8385E-02,0.01600212245264028
 8.8415E-02,0.016107866450902
 8.8446E-02,0.015857200721542106
 8.8476E-02,0.015261051446965938
 8.8506E-02,0.014345406852137695
 8.8537E-02,0.013150192052542245
 8.8567E-02,0.011727539009500316
 8.8597E-02,0.010139524739582486
 8.8627E-02,0.008455473860228971
 8.8658E-02,0.0067489407481432714
 8.8688E-02,0.005094501187027635
 8.8718E-02,0.003564492659478592
 8.8749E-02,0.002225845835758443
 8.8779E-02,0.001137146985251914
 8.8809E-02,0.0003460619020917487
 8.8840E-02,-0.00011276328423584259
 8.8870E-02,-0.00021922979935430853
 8.8900E-02,3.132678667891887e-05
 8.8930E-02,0.000627930589885916
 8.8961E-02,0.0015444498475933714
 8.8991E-02,0.002740749727750626
 8.9021E-02,0.004164461188795363
 8.9052E-02,0.005753285918772876
 8.9082E-02,0.007437733717420724
 8.9112E-02,0.009144170071414959
 8.9143E-02,0.010798038860560192
 8.9173E-02,0.012327118538916122
 8.9203E-02,0.013664669852969243
 8.9234E-02,0.014752338995870681
 8.9264E-02,0.015542691614676267
 8.9294E-02,0.016001269652934386
 8.9324E-02,0.016108083838499442
 8.9355E-02,0.015858478820531745
 8.9385E-02,0.015263334545292162
 8.9415E-02,0.014348595412878824
 8.9446E-02,0.013154147024798758
 8.9476E-02,0.011732087857015622
 8.9506E-02,0.010144468931652495
 8.9537E-02,0.008460597505795477
 8.9567E-02,0.0067540200029710725
 8.9597E-02,0.005099314027588125
 8.9627E-02,0.003568828597866375
 8.9658E-02,0.0022295151490691594
 8.9688E-02,0.0011399890506228355
 8.9718E-02,0.00034795226540959405
 8.9749E-02,-0.00011190742352073705
 8.9779E-02,-0.00021944593529566028
 8.9809E-02,3.0048121788502536e-05
 8.9840E-02,0.0006256454077292337
 8.9870E-02,0.0015412582319438424
 8.9900E-02,0.0027367914208729707
 8.9930E-02,0.004159909436187854
 8.9961E-02,0.00574833984983107
 8.9991E-02,0.007432609603631673
 9.0021E-02,0.009139091850990886
 9.0052E-02,0.010793228347753005
 9.0082E-02,0.012322785746562252
 9.0112E-02,0.013661003848468876
 9.0143E-02,0.014749499684298159
 9.0173E-02,0.015540802800509483
 9.0203E-02,0.016000413675172905
 9.0233E-02,0.016108298005970058
 9.0264E-02,0.015859753797661805
 9.0294E-02,0.01526561475614875
 9.0324E-02,0.01435178144650685
 9.0355E-02,0.013158099940643767
 9.0385E-02,0.011736635208744505
 9.0415E-02,0.010149412254089444
 9.0445E-02,0.00846572094617416
 9.0476E-02,0.006759099726404553
 9.0506E-02,0.005104127990405745
 9.0536E-02,0.0035731662634270875
 9.0567E-02,0.0022331867191666783
 9.0597E-02,0.0011428338037503913
 9.0627E-02,0.0003498456298857461
 9.0658E-02,-0.0001110483796393578
 9.0688E-02,-0.00021965884550728654
 9.0718E-02,2.877258388898885e-05
 9.0748E-02,0.000623363116864822
 9.0779E-02,0.001538069145321423
 9.0809E-02,0.0027328351701676476
 9.0839E-02,0.004155359177116385
 9.0870E-02,0.005743394646738594
 9.0900E-02,0.00742748569049871
 9.0930E-02,0.009134013157614968
 9.0961E-02,0.01078841670937672
 9.0991E-02,0.012318451225492568
 9.1000E-02,0.01274479125953705
