  0.000,0.0
  1.000,0.007947631662176331
  0.000,0.007947631662176331
 1.7320E-05,0.008292391300233246
 3.4640E-05,0.009323732556753554
 5.1960E-05,0.010868763570898325
 6.9280E-05,0.013183048560937565
 8.6600E-05,0.015744748978050727
 1.0392E-04,0.017743608488507548
 1.2124E-04,0.018745569205137338
 1.3856E-04,0.01863857643500795
 1.5588E-04,0.017350545792755086
 1.7320E-04,0.015134488545275052
 1.9052E-04,0.012783712769145854
 2.0784E-04,0.01089507387259396
 2.2516E-04,0.009535674959952526
 2.4248E-04,0.008727718058903692
 2.5980E-04,0.00835053109724809
 2.7712E-04,0.007823171766171436
 2.9444E-04,0.006605766452278504
 3.1176E-04,0.0047161201131018515
 3.2908E-04,0.0024137153690052707
 3.4640E-04,-2.717592460018325e-05
 3.6372E-04,-0.002017102892295802
 3.8104E-04,-0.0028898431206869427
 3.9836E-04,-0.002506799452658157
 4.1568E-04,-0.0011278122499653973
 4.3300E-04,0.0009363788994050032
 4.5032E-04,0.0031923442812334417
 4.6764E-04,0.005020543343718672
 4.8496E-04,0.00616515853832715
 5.0228E-04,0.006834573760386253
 5.1960E-04,0.00734458545950537
 5.3692E-04,0.008038511612179007
 5.5424E-04,0.009321595593682033
 5.7156E-04,0.01135030329262574
 5.8888E-04,0.013808997617491861
 6.0620E-04,0.016161144240076322
 6.2352E-04,0.017934535770390652
 6.4084E-04,0.018707343455471065
 6.5816E-04,0.018226831274886435
 6.7548E-04,0.016706987021297946
 6.9280E-04,0.014688308912593376
 7.1012E-04,0.012651137618226678
 7.2744E-04,0.010972622351727418
 7.4476E-04,0.009905797440594593
 7.6208E-04,0.009331744652233704
 7.7940E-04,0.008803698652858372
 7.9672E-04,0.007914445501743918
 8.1404E-04,0.006442064230117894
 8.3136E-04,0.004332633829928129
 8.4868E-04,0.0018310928138714133
 8.6600E-04,-0.0005092148089139324
 8.8332E-04,-0.002124852346666156
 9.0064E-04,-0.0026871633534202763
 9.1796E-04,-0.0021157463897736356
 9.3528E-04,-0.0005935469700521332
 9.5260E-04,0.0014046738362642392
 9.6992E-04,0.0033164882073391626
 9.8724E-04,0.0047923949564523715
 1.0046E-03,0.005757149827504985
 1.0219E-03,0.006349942759137024
 1.0392E-03,0.00692724828823627
 1.0565E-03,0.007928573440204204
 1.0738E-03,0.009586309541372262
 1.0912E-03,0.01181307013863125
 1.1085E-03,0.0142954196847629
 1.1258E-03,0.01655600790339643
 1.1431E-03,0.018056022322271582
 1.1604E-03,0.01845085308370021
 1.1778E-03,0.0177487663802785
 1.1951E-03,0.016230570912461936
 1.2124E-03,0.014332373894108751
 1.2297E-03,0.012545993382312274
 1.2470E-03,0.011218820143073165
 1.2644E-03,0.010381803445911702
 1.2817E-03,0.009796421761680375
 1.2990E-03,0.009108686684794295
 1.3163E-03,0.00796802948731895
 1.3336E-03,0.006175500206593198
 1.3510E-03,0.0038358304657528895
 1.3683E-03,0.0013398974089387445
 1.3856E-03,-0.0008099356544907983
 1.4029E-03,-0.0021602231191782395
 1.4202E-03,-0.0024297910611828883
 1.4376E-03,-0.001635869920893987
 1.4549E-03,-0.00010566606526794852
 1.4722E-03,0.0016900044414895376
 1.4895E-03,0.003325002674278807
 1.5068E-03,0.00453290862767242
 1.5242E-03,0.005300444380301501
 1.5415E-03,0.0058856595081981395
 1.5588E-03,0.00667201879425138
 1.5761E-03,0.007967399012367465
 1.5934E-03,0.009884588354690462
 1.6108E-03,0.012282330132725151
 1.6281E-03,0.014765865840071779
 1.6454E-03,0.016818868007117876
 1.6627E-03,0.018012210032457593
 1.6800E-03,0.018145816953645456
 1.6974E-03,0.017293623940265117
 1.7147E-03,0.015783833766281456
 1.7320E-03,0.014083676761459525
 1.7493E-03,0.012601607510349576
 1.7666E-03,0.011532926805122917
 1.7840E-03,0.010822580030942434
 1.8013E-03,0.01020673556291234
 1.8186E-03,0.009321012688606993
 1.8359E-03,0.007878885722143677
 1.8532E-03,0.005825946794178236
 1.8706E-03,0.003372643299439346
 1.8879E-03,0.0009279084013944778
 1.9052E-03,-0.001020695542277942
 1.9225E-03,-0.002075525173876761
 1.9398E-03,-0.0020838918687964766
 1.9572E-03,-0.0011804884579490046
 1.9745E-03,0.0002857196765789359
 1.9918E-03,0.0018789805353027615
 2.0091E-03,0.003232187393237514
 2.0264E-03,0.004190508993024885
 2.0438E-03,0.004858424135041602
 2.0611E-03,0.005524480471607452
 2.0784E-03,0.006524666279888977
 2.0957E-03,0.008096030789750512
 2.1130E-03,0.01025224883328164
 2.1304E-03,0.012743112263589344
 2.1477E-03,0.015134978330910095
 2.1650E-03,0.016962784772855236
 2.1823E-03,0.017882528079093313
 2.1996E-03,0.01778743903437504
 2.2170E-03,0.016847019954115985
 2.2343E-03,0.015432077667291306
 2.2516E-03,0.013960547087665183
 2.2689E-03,0.0127445204402693
 2.2862E-03,0.011886258360526276
 2.3036E-03,0.011248935805653188
 2.3209E-03,0.01052893607902766
 2.3382E-03,0.00940683021436692
 2.3555E-03,0.0076984834233924
 2.3728E-03,0.005446719155858714
 2.3902E-03,0.0029333604226310836
 2.4075E-03,0.0005993807941030772
 2.4248E-03,-0.001108783111428976
 2.4421E-03,-0.0018963886307760253
 2.4594E-03,-0.0017130851806188947
 2.4768E-03,-0.0007590174407122865
 2.4941E-03,0.0005946104769044121
 2.5114E-03,0.0019516974842143566
 2.5287E-03,0.0030446977904292844
 2.5460E-03,0.0038245672575346304
 2.5634E-03,0.004458892145075617
 2.5807E-03,0.005248376850697324
 2.5980E-03,0.006486845728603505
 2.6153E-03,0.008316090533171536
 2.6326E-03,0.010643387777385528
 2.6500E-03,0.01315543164005565
 2.6673E-03,0.015414380710214625
 2.6846E-03,0.017002447848069997
 2.7019E-03,0.01766730196328497
 2.7192E-03,0.01740630432033573
 2.7366E-03,0.016452286947841666
 2.7539E-03,0.015174828706146035
 2.7712E-03,0.01393844570745469
 2.7885E-03,0.012965770983315288
 2.8058E-03,0.012259876520073092
 2.8232E-03,0.01162197864895093
 2.8405E-03,0.01075297135659638
 2.8578E-03,0.009392762755893307
 2.8751E-03,0.007446700426816942
 2.8924E-03,0.005051420561776745
 2.9098E-03,0.002547861173761693
 2.9271E-03,0.00037079064619528757
 2.9444E-03,-0.00109707626573356
 2.9617E-03,-0.0016517242242783028
 2.9790E-03,-0.001331614128922518
 2.9964E-03,-0.00039183978229667725
 3.0137E-03,0.0008035796966265859
 3.0310E-03,0.0019246533983653476
 3.0483E-03,0.0027961852742043663
 3.0656E-03,0.0034539794585575294
 3.0830E-03,0.0041151322641776395
 3.1003E-03,0.005071052737862423
 3.1176E-03,0.006547966019769924
 3.1349E-03,0.008593724034090738
 3.1522E-03,0.01103331686658082
 3.1696E-03,0.013509445674913235
 3.1869E-03,0.015596533244357924
 3.2042E-03,0.016945067529499723
 3.2215E-03,0.01739744728868096
 3.2388E-03,0.01703161704704493
 3.2562E-03,0.01611914843955811
 3.2735E-03,0.015013425470163922
 3.2908E-03,0.014010374498581373
 3.3081E-03,0.013238639879904214
 3.3254E-03,0.012622704211626446
 3.3428E-03,0.011929942177254935
 3.3601E-03,0.010882014519712765
 3.3774E-03,0.009288196552215749
 3.3947E-03,0.007146525543981423
 3.4120E-03,0.004670331303795053
 3.4294E-03,0.0022305177930511287
 3.4467E-03,0.00023675792199238715
 3.4640E-03,-0.0009986021069895233
 3.4813E-03,-0.0013622910234584683
 3.4986E-03,-0.0009671211526965057
 3.5160E-03,-9.516802469490483e-05
 3.5333E-03,0.0009181658949303816
 3.5506E-03,0.001814412685285267
 3.5679E-03,0.0025070200174648408
 3.5852E-03,0.003103106322509376
 3.6026E-03,0.0038436396850553573
 3.6199E-03,0.004987957131254018
 3.6372E-03,0.006688985529228044
 3.6545E-03,0.008907550940502652
 3.6718E-03,0.01140058781179989
 3.6892E-03,0.01378991108685535
 3.7065E-03,0.01568482246285199
 3.7238E-03,0.01681081156252425
 3.7411E-03,0.017096009944148494
 3.7584E-03,0.01668289221263026
 3.7758E-03,0.015860554541590816
 3.7931E-03,0.014945062448203792
 3.8104E-03,0.014156229983866134
 3.8277E-03,0.013538577308570434
 3.8450E-03,0.012956065289812912
 3.8624E-03,0.012162457514822003
 3.8797E-03,0.010919158483645122
 3.8970E-03,0.00911248861535376
 3.9143E-03,0.006823369817792737
 3.9316E-03,0.004322110923951305
 3.9490E-03,0.0019894179383156876
 3.9663E-03,0.00019310154821633495
 3.9836E-03,-0.0008318226822074052
 4.0009E-03,-0.0010535186888118416
 4.0182E-03,-0.0006385974142798781
 4.0356E-03,0.00012452392827714154
 4.0529E-03,0.0009441177952944487
 4.0702E-03,0.0016388786457901673
 4.0875E-03,0.002201976085425374
 4.1048E-03,0.0027911331927958395
 4.1222E-03,0.003649918350977855
 4.1395E-03,0.0049916551672477385
 4.1568E-03,0.006892042622671223
 4.1741E-03,0.009233842886437122
 4.1914E-03,0.011726249656299415
 4.2088E-03,0.013991835573382353
 4.2261E-03,0.015688172889996216
 4.2434E-03,0.016618002757178476
 4.2607E-03,0.016785647599352943
 4.2780E-03,0.016378338444609414
 4.2954E-03,0.015681129863946354
 4.3127E-03,0.014959704447511733
 4.3300E-03,0.014356975425971887
 4.3473E-03,0.013843803201791178
 4.3646E-03,0.013242861500780377
 4.3820E-03,0.012315318513674945
 4.3993E-03,0.010875129883295752
 4.4166E-03,0.008885414818503249
 4.4339E-03,0.006498451624283724
 4.4512E-03,0.004022578458313086
 4.4686E-03,0.0018281444736363344
 4.4859E-03,0.0002287307895832342
 4.5032E-03,-0.0006170450199424122
 4.5205E-03,-0.0007463201607229946
 4.5378E-03,-0.0003606270211965406
 4.5552E-03,0.00026449326179547904
 4.5725E-03,0.0008927494547838543
 4.5898E-03,0.0014186292143370254
 4.6071E-03,0.0019018058506236816
 4.6244E-03,0.002531547157554801
 4.6418E-03,0.003535663152797709
 4.6591E-03,0.0050705752528037796
 4.6764E-03,0.007136556891368627
 4.6937E-03,0.009552028267351471
 4.7110E-03,0.011997733754183872
 4.7284E-03,0.014114667649940293
 4.7457E-03,0.015618563282163087
 4.7630E-03,0.016387074626219564
 4.7803E-03,0.01648663464454495
 4.7976E-03,0.016129730556039362
 4.8150E-03,0.015580286507044369
 4.8323E-03,0.015044826926931053
 4.8496E-03,0.014592407205719615
 4.8669E-03,0.014134504129884321
 4.8842E-03,0.01347201493178717
 4.9016E-03,0.012390120887949012
 4.9189E-03,0.010763078511358756
 4.9362E-03,0.008626970554033182
 4.9535E-03,0.006190989494321385
 4.9708E-03,0.003782135344847245
 4.9882E-03,0.0017442590888883391
 5.0055E-03,0.0003298941153502175
 5.0228E-03,-0.0003740902870334607
 5.0401E-03,-0.0004592326524088933
 5.0574E-03,-0.0001429203992164842
 5.0748E-03,0.0003278678027017664
 5.0921E-03,0.0007783511970176156
 5.1094E-03,0.0011733816786721376
 5.1267E-03,0.0016243341355149897
 5.1440E-03,0.002333280238038491
 5.1614E-03,0.0034971167457225425
 5.1787E-03,0.0052099862665487655
 5.1960E-03,0.007402896673719569
 5.2133E-03,0.009844994187635101
 5.2306E-03,0.012206968895377528
 5.2480E-03,0.014162797527259238
 5.2653E-03,0.01549109380524102
 5.2826E-03,0.01613758031973616
 5.2999E-03,0.016215394449306614
 5.3172E-03,0.015944204283147113
 5.3346E-03,0.015552960733919988
 5.3519E-03,0.015185042989502268
 5.3692E-03,0.014843103074735589
 5.3865E-03,0.014394906301123823
 5.4038E-03,0.013637314017268263
 5.4212E-03,0.012392615912124103
 5.4385E-03,0.010598623471005406
 5.4558E-03,0.008356393285438232
 5.4731E-03,0.005916142770649467
 5.4904E-03,0.003606114610883845
 5.5078E-03,0.0017313362895175423
 5.5251E-03,0.0004808005249711683
 5.5424E-03,-0.00012193406561225508
 5.5597E-03,-0.00020682487120723242
 5.5770E-03,9.984827406396237e-06
 5.5944E-03,0.00032171576547914045
 5.6117E-03,0.000616870478377528
 5.6290E-03,0.0009217956298542124
 5.6463E-03,0.001383513092238528
 5.6636E-03,0.002200107670267826
 5.6810E-03,0.00352659224967402
 5.6983E-03,0.005393794667798047
 5.7156E-03,0.007672761937495306
 5.7329E-03,0.010099441139219897
 5.7502E-03,0.012350924869163893
 5.7676E-03,0.014144516387638504
 5.7849E-03,0.015322020179318076
 5.8022E-03,0.015887441551150436
 5.8195E-03,0.015984517264814393
 5.8368E-03,0.015824026826678283
 5.8542E-03,0.015590283573791651
 5.8715E-03,0.015363955459171479
 5.8888E-03,0.015091535961286063
 5.9061E-03,0.014613147955535914
 5.9234E-03,0.013737239159221433
 5.9408E-03,0.012332202784421254
 5.9581E-03,0.010398279330759711
 5.9754E-03,0.008090819745253146
 5.9927E-03,0.005685045101430914
 6.0100E-03,0.0034953085463727386
 6.0274E-03,0.001779513636715909
 6.0447E-03,0.0006648789543378126
 6.0620E-03,0.00012268072612316259
 6.0793E-03,4.665784284873641e-07
 6.0966E-03,9.79848423561297e-05
 6.1140E-03,0.00025631378470024395
 6.1313E-03,0.00042489673383645245
 6.1486E-03,0.0006802174720309525
 6.1659E-03,0.001189093070681652
 6.1832E-03,0.0021314507082664112
 6.2006E-03,0.0036134249902973394
 6.2179E-03,0.00560544337434625
 6.2352E-03,0.007930237578896543
 6.2525E-03,0.010306311200097253
 6.2698E-03,0.012430867902036558
 6.2872E-03,0.014070881377819444
 6.3045E-03,0.015127849864397991
 6.3218E-03,0.015652111484816045
 6.3391E-03,0.015802345399173672
 6.3564E-03,0.01576723431456998
 6.3738E-03,0.01568081587150637
 6.3911E-03,0.015565139841264198
 6.4084E-03,0.015322742130816608
 6.4257E-03,0.014781595736006072
 6.4430E-03,0.013774425084613955
 6.4604E-03,0.012220682238431226
 6.4777E-03,0.010178372601762966
 6.4950E-03,0.007844713140345818
 6.5123E-03,0.005504634939492167
 6.5296E-03,0.0034464575833320398
 6.5470E-03,0.0018766814628947955
 6.5643E-03,0.0008659348879365037
 6.5816E-03,0.0003457937935624066
 6.5989E-03,0.00015636349051187934
 6.6162E-03,0.00012491033774102264
 6.6336E-03,0.00014404076433244408
 6.6509E-03,0.00021847489665133808
 6.6682E-03,0.000462094532636038
 6.6855E-03,0.0010466909979508071
 6.7028E-03,0.002122929590367965
 6.7202E-03,0.003745004528972373
 6.7375E-03,0.0058290670496076655
 6.7548E-03,0.008162403548913467
 6.7721E-03,0.010460653494477886
 6.7894E-03,0.012451724178801957
 6.8068E-03,0.013954724337407126
 6.8241E-03,0.014924251466437223
 6.8414E-03,0.015443956767479769
 6.8587E-03,0.01567313728513077
 6.8760E-03,0.015768349747315048
 6.8934E-03,0.015811528233393848
 6.9107E-03,0.015773153044535575
 6.9280E-03,0.015524918241911179
 6.9453E-03,0.014896673873513481
 6.9626E-03,0.013754880405513443
 6.9800E-03,0.012071259694954043
 6.9973E-03,0.009954105420686156
 7.0146E-03,0.007629314964654966
 7.0319E-03,0.005377828871023104
 7.0492E-03,0.0034530638209839884
 7.0666E-03,0.002009505196455344
 7.0839E-03,0.0010690320689159013
 7.1012E-03,0.0005367101353518948
 7.1185E-03,0.0002585648389829916
 7.1358E-03,9.770490865632528e-05
 7.1532E-03,-1.6683724108425323e-06
 7.1705E-03,1.2260387012370808e-05
 7.1878E-03,0.00027757359176017383
 7.2051E-03,0.0009580065503621683
 7.2224E-03,0.002167183257968381
 7.2398E-03,0.003907829053490322
 7.2571E-03,0.006050318148911691
 7.2744E-03,0.008359673708238305
 7.2917E-03,0.010561369506925383
 7.3090E-03,0.012421267781729502
 7.3264E-03,0.01380960559114586
 7.3437E-03,0.014725244882301623
 7.3610E-03,0.01527197553275582
 7.3783E-03,0.015597374201017302
 7.3956E-03,0.015819193942197725
 7.4130E-03,0.01596882613347543
 7.4303E-03,0.015974324753663626
 7.4476E-03,0.01568965979909176
 7.4649E-03,0.014958506464650672
 7.4822E-03,0.01368716926951239
 7.4996E-03,0.011897546123502852
 7.5169E-03,0.009738789601757109
 7.5342E-03,0.007452442022225788
 7.5515E-03,0.0053039247125804614
 7.5688E-03,0.003506221930942686
 7.5862E-03,0.0021643950036025613
 7.6035E-03,0.0012612245735394915
 7.6208E-03,0.0006881744794434612
 7.6381E-03,0.00030830852974938875
 7.6554E-03,2.5577027943286454e-05
 7.6728E-03,-0.00016726805311314372
 7.6901E-03,-0.00018117445857254488
 7.7074E-03,0.00013335399744698206
 7.7247E-03,0.0009212850619549102
 7.7420E-03,0.0022547301250989697
 7.7594E-03,0.00408842769999385
 7.7767E-03,0.006257015996435108
 7.7940E-03,0.008515908129960805
 7.8113E-03,0.010610727228513053
 7.8286E-03,0.012349246931879894
 7.8460E-03,0.013648907334143803
 7.8633E-03,0.014542595809866794
 7.8806E-03,0.01514172510682386
 7.8979E-03,0.015572266583701425
 7.9152E-03,0.01590976470730141
 7.9326E-03,0.016139439592864204
 7.9499E-03,0.016157320701216716
 7.9672E-03,0.015811991398067958
 7.9845E-03,0.014970390878689337
 8.0018E-03,0.013581530448066112
 8.0192E-03,0.011712684782198094
 8.0365E-03,0.009543322414009653
 8.0538E-03,0.0073184995372520475
 8.0711E-03,0.005279149052920869
 8.0884E-03,0.003595496085939319
 8.1058E-03,0.0023283591953836016
 8.1231E-03,0.001432046590487844
 8.1404E-03,0.0007963192815039712
 8.1577E-03,0.00030980317370604525
 8.1750E-03,-8.087165498210175e-05
 8.1924E-03,-0.00033993359650444816
 8.2097E-03,-0.00035179671983055815
 8.2270E-03,3.277742915382652e-05
 8.2443E-03,0.0009319074954974781
 8.2616E-03,0.0023748336225556063
 8.2790E-03,0.004274167551319892
 8.2963E-03,0.00643957166020891
 8.3136E-03,0.008628291038598884
 8.3309E-03,0.010613751327075288
 8.3482E-03,0.012246524460556239
 8.3656E-03,0.013485054628681091
 8.3829E-03,0.014385426856852845
 8.4002E-03,0.015055477749512524
 8.4175E-03,0.015592383672316745
 8.4348E-03,0.016029089953059173
 8.4522E-03,0.016311172285113428
 8.4695E-03,0.01631349471473014
 8.4868E-03,0.01589017970128655
 8.5041E-03,0.014938150132244421
 8.5214E-03,0.01344902923798328
 8.5388E-03,0.011528631050594396
 8.5561E-03,0.009375872538245955
 8.5734E-03,0.00722869864428783
 8.5907E-03,0.0052973189752486115
 8.6080E-03,0.0037097603603729393
 8.6254E-03,0.0024896958049852526
 8.6427E-03,0.0015737902009897214
 8.6600E-03,0.0008604192813444928
 8.6773E-03,0.0002695544071125275
 8.6946E-03,-0.00021047971201667247
 8.7120E-03,-0.0005082267952260674
 8.7293E-03,-0.0004923559221750496
 8.7466E-03,-2.3900367526876647e-05
 8.7639E-03,0.0009830715247499734
 8.7812E-03,0.0025163233487393373
 8.7986E-03,0.004453890927282864
 8.8159E-03,0.006591195900510395
 8.8332E-03,0.008697031933475673
 8.8505E-03,0.010577533652529269
 8.8678E-03,0.012124268715768834
 8.8852E-03,0.013328906956919066
 8.9025E-03,0.014260046225111294
 8.9198E-03,0.015012548597428833
 8.9371E-03,0.015650351542536252
 8.9544E-03,0.016166023375852222
 8.9718E-03,0.016473481782380194
 8.9891E-03,0.01643702701940758
 9.0064E-03,0.015925380194016795
 9.0237E-03,0.014869428807829883
 9.0410E-03,0.0133007777748164
 9.0584E-03,0.01135560343738265
 9.0757E-03,0.009241776993711155
 9.0930E-03,0.007181435790896791
 9.1103E-03,0.005350552251910518
 9.1276E-03,0.0038379628388771243
 9.1450E-03,0.0026385129897351306
 9.1623E-03,0.0016815786986963416
 9.1796E-03,0.0008824916182629787
 9.1969E-03,0.00019565193400596212
 9.2142E-03,-0.0003522724405985038
 9.2316E-03,-0.0006625851488303194
 9.2489E-03,-0.000598425147346782
 9.2662E-03,-3.90882504871518e-05
 9.2835E-03,0.001066507316948932
 9.3008E-03,0.0026683246033910447
 9.3182E-03,0.004618375245629556
 9.3355E-03,0.006707910587024475
 9.3528E-03,0.008724924763831776
 9.3701E-03,0.010510514902111705
 9.3874E-03,0.011993240293067663
 9.4048E-03,0.013189327504924707
 9.4221E-03,0.014169965490971683
 9.4394E-03,0.015009752949642394
 9.4567E-03,0.015737568341461332
 9.4740E-03,0.016309935598074362
 9.4914E-03,0.01661787668883223
 9.5087E-03,0.016524873840072077
 9.5260E-03,0.015921160082708434
 9.5433E-03,0.014772977276295016
 9.5606E-03,0.013147262405226925
 9.5780E-03,0.011201716906550255
 9.5953E-03,0.00914362113470639
 9.6126E-03,0.0071727857025273446
 9.6299E-03,0.00542997918042646
 9.6472E-03,0.003969777004606642
 9.6646E-03,0.0027670655433830195
 9.6819E-03,0.0017532586855001232
 9.6992E-03,0.0008667877034684732
 9.7165E-03,9.706079012720829e-05
 9.7338E-03,-0.0004960935242964081
 9.7512E-03,-0.0007956298012207215
 9.7685E-03,-0.000668267092455712
 9.7858E-03,-1.7338887540036788e-05
 9.8031E-03,0.0011731805958684958
 9.8204E-03,0.00282086924555908
 9.8378E-03,0.004760613792846731
 9.8551E-03,0.0067883916298414285
 9.8724E-03,0.008716817325050006
 9.8897E-03,0.010421790188745018
 9.9070E-03,0.011863206344063694
 9.9244E-03,0.013072935360618758
 9.9417E-03,0.014116085439151606
 9.9590E-03,0.015041950876441291
 9.9763E-03,0.01584489322923977
 9.9936E-03,0.01645127817337683
 1.0011E-02,0.016738136066668432
 1.0028E-02,0.016576557763688587
 1.0046E-02,0.01588294365098934
 1.0063E-02,0.014657970920464525
 1.0080E-02,0.012997803472323943
 1.0098E-02,0.01107279340122748
 1.0115E-02,0.009081472118172347
 1.0132E-02,0.007197064301498119
 1.0150E-02,0.0055264132532130816
 1.0167E-02,0.004096117963151286
 1.0184E-02,0.0028699161723801246
 1.0201E-02,0.001789144932876784
 1.0219E-02,0.000819222995007824
 1.0236E-02,-1.703967644511666e-05
 1.0253E-02,-0.0006330983238565935
 1.0271E-02,-0.000902299913097767
 1.0288E-02,-0.0007025594668822874
 1.0305E-02,3.522525435877412e-05
 1.0323E-02,0.0012939401356793887
 1.0340E-02,0.002965363051273372
 1.0357E-02,0.004875920852130259
 1.0375E-02,0.006833671865736003
 1.0392E-02,0.00867902901107502
 1.0409E-02,0.010320469923486914
 1.0427E-02,0.011742494266534415
 1.0444E-02,0.012984024864572301
 1.0461E-02,0.014097009983346087
 1.0479E-02,0.015102630653934733
 1.0496E-02,0.015963269923084708
 1.0513E-02,0.016582003230220948
 1.0531E-02,0.016830362003897214
 1.0548E-02,0.01659383448152208
 1.0565E-02,0.015817425443589224
 1.0583E-02,0.01453340057192845
 1.0600E-02,0.012860161624095413
 1.0617E-02,0.010972336857541603
 1.0634E-02,0.009053230279622569
 1.0652E-02,0.007247417131898793
 1.0669E-02,0.005630945809255734
 1.0686E-02,0.004209511233687825
 1.0704E-02,0.002943935415033531
 1.0721E-02,0.0017916531469314703
 1.0738E-02,0.0007467878936755433
 1.0756E-02,-0.00013783549165117203
 1.0773E-02,-0.0007560976908252348
 1.0790E-02,-0.0009798273221152507
 1.0808E-02,-0.0007040119024526194
 1.0825E-02,0.00011150198590593281
 1.0842E-02,0.0014200843622534658
 1.0860E-02,0.003094908762025552
 1.0877E-02,0.004961887000937934
 1.0894E-02,0.006846748443672038
 1.0912E-02,0.008618766092479585
 1.0929E-02,0.010215133187628529
 1.0946E-02,0.011637697135629402
 1.0964E-02,0.012924637231220759
 1.0981E-02,0.014109454326280645
 1.0998E-02,0.015184492417396299
 1.1016E-02,0.016084256986721793
 1.1033E-02,0.016695833437748032
 1.1050E-02,0.016892884882076197
 1.1067E-02,0.01658027196507046
 1.1085E-02,0.015731989414971257
 1.1102E-02,0.014407559611026183
 1.1119E-02,0.012740293004066712
 1.1137E-02,0.01090165058355267
 1.1154E-02,0.009055060813080043
 1.1171E-02,0.0073163951379290534
 1.1189E-02,0.005735440396201833
 1.1206E-02,0.004304313009249551
 1.1223E-02,0.0029881629294719546
 1.1241E-02,0.0017648578666833612
 1.1258E-02,0.0006569759788626302
 1.1275E-02,-0.00025735603334971994
 1.1293E-02,-0.0008597566395279108
 1.1310E-02,-0.0010275806117480578
 1.1327E-02,-0.0006769189357146153
 1.1345E-02,0.00020397090013865593
 1.1362E-02,0.0015438170398786926
 1.1379E-02,0.003204477901612218
 1.1397E-02,0.005018200587631817
 1.1414E-02,0.006832124744892413
 1.1431E-02,0.008543563982471775
 1.1449E-02,0.01011338852372631
 1.1466E-02,0.011553523906104432
 1.1483E-02,0.01289475714981332
 1.1500E-02,0.014148709448373518
 1.1518E-02,0.015279998006104408
 1.1535E-02,0.01620044822636785
 1.1552E-02,0.016788389747846143
 1.1570E-02,0.01692605036726049
 1.1587E-02,0.01654078214461773
 1.1604E-02,0.015634170274082967
 1.1622E-02,0.014287646489673539
 1.1639E-02,0.012642247995252223
 1.1656E-02,0.010860070541418939
 1.1674E-02,0.009081869031559681
 1.1691E-02,0.007396485464377237
 1.1708E-02,0.005832912054869354
 1.1726E-02,0.004376791056454039
 1.1743E-02,0.003003560341962327
 1.1760E-02,0.0017140159478446352
 1.1778E-02,0.0005572660791707666
 1.1795E-02,-0.00036883013174176615
 1.1812E-02,-0.0009406496650353307
 1.1830E-02,-0.0010467988311240405
 1.1847E-02,-0.0006266768160595926
 1.1864E-02,0.0003052047587545849
 1.1882E-02,0.00165858794816523
 1.1899E-02,0.003290949125431145
 1.1916E-02,0.005046370472320093
 1.1933E-02,0.00679532735408299
 1.1951E-02,0.008460788005634025
 1.1968E-02,0.010021553256597841
 1.1985E-02,0.011492780978362028
 1.2003E-02,0.012892601317334712
 1.2020E-02,0.014209122312075795
 1.2037E-02,0.015381853259161938
 1.2055E-02,0.01630576758159583
 1.2072E-02,0.01685718349262802
 1.2089E-02,0.01693191231630244
 1.2107E-02,0.01648113540587883
 1.2124E-02,0.015531179743642109
 1.2141E-02,0.014179487454900315
 1.2159E-02,0.012568197325974998
 1.2176E-02,0.010845282644303856
 1.2193E-02,0.009127783102670308
 1.2211E-02,0.00748057005067416
 1.2228E-02,0.005917782554335626
 1.2245E-02,0.004425077515159735
 1.2263E-02,0.0029926809993314
 1.2280E-02,0.0016450830713835892
 1.2297E-02,0.0004546745152143048
 1.2315E-02,-0.0004669241145534469
 1.2332E-02,-0.000997197933234085
 1.2349E-02,-0.0010402544930589314
 1.2366E-02,-0.000559305573186376
 1.2384E-02,0.0004083010647501548
 1.2401E-02,0.001759310001575805
 1.2418E-02,0.0033530274327874914
 1.2436E-02,0.005049380810127806
 1.2453E-02,0.00674243335211038
 1.2470E-02,0.008377219593173918
 1.2488E-02,0.009944461201146015
 1.2505E-02,0.01145647670427291
 1.2522E-02,0.012914978736397454
 1.2540E-02,0.014284571276639305
 1.2557E-02,0.015483413552332112
 1.2574E-02,0.016395647796357497
 1.2592E-02,0.016901500357130894
 1.2609E-02,0.016913869552441212
 1.2626E-02,0.016407493975508537
 1.2644E-02,0.015429519921495218
 1.2661E-02,0.014087380796901751
 1.2678E-02,0.012518566846396111
 1.2696E-02,0.010853693798984102
 1.2713E-02,0.009186615181434078
 1.2730E-02,0.007562296356513777
 1.2748E-02,0.005986016458208307
 1.2765E-02,0.004449018406795957
 1.2782E-02,0.0029592932423763672
 1.2799E-02,0.0015642592437026062
 1.2817E-02,0.00035540090977184474
 1.2834E-02,-0.0005478578169996796
 1.2851E-02,-0.0010295031069464874
 1.2869E-02,-0.001011871686842587
 1.2886E-02,-0.00048100182807512333
 1.2903E-02,0.0005072191811887257
 1.2921E-02,0.001842454352714918
 1.2938E-02,0.0033910600176076796
 1.2955E-02,0.00503129937054831
 1.2973E-02,0.0066796234099119715
 1.2990E-02,0.008298727184048418
 1.3007E-02,0.009885377405900639
 1.3025E-02,0.01144401008020518
 1.3042E-02,0.012957676427378073
 1.3059E-02,0.01436889557139132
 1.3077E-02,0.01557898768673698
 1.3094E-02,0.016467089487172362
 1.3111E-02,0.016922191902377617
 1.3129E-02,0.016876272151806496
 1.3146E-02,0.01632598761864868
 1.3163E-02,0.015334694385772401
 1.3181E-02,0.014014055573003089
 1.3198E-02,0.012492258683620017
 1.3215E-02,0.010880827713178937
 1.3232E-02,0.009252276364653297
 1.3250E-02,0.007636349234813756
 1.3267E-02,0.006035144258641227
 1.3284E-02,0.004449939945454432
 1.3302E-02,0.0029079821724215388
 1.3319E-02,0.0014775821931922273
 1.3336E-02,0.0002645719621892147
 1.3354E-02,-0.0006094110853421062
 1.3371E-02,-0.001039102517902004
 1.3388E-02,-0.0009663259879744012
 1.3406E-02,-0.00039773915606572245
 1.3423E-02,0.0005970250969195739
 1.3440E-02,0.0019060472936013166
 1.3458E-02,0.003406789728125461
 1.3475E-02,0.004996887250307101
 1.3492E-02,0.006612803283837744
 1.3510E-02,0.008230049671616727
 1.3527E-02,0.009846029551880714
 1.3544E-02,0.011453438592800017
 1.3562E-02,0.013015859688638769
 1.3579E-02,0.01445627245278996
 1.3596E-02,0.015664045841348825
 1.3614E-02,0.0165186202162924
 1.3631E-02,0.016921403441951987
 1.3648E-02,0.016824025930729396
 1.3665E-02,0.016242350124149225
 1.3683E-02,0.015251018605935163
 1.3700E-02,0.013960728999174207
 1.3717E-02,0.012486931726774987
 1.3735E-02,0.010921717639131776
 1.3752E-02,0.009319127694745421
 1.3769E-02,0.007698623313662466
 1.3787E-02,0.006064189649766074
 1.3804E-02,0.004430360207604094
 1.3821E-02,0.0028437592006908185
 1.3839E-02,0.0013905874232350982
 1.3856E-02,0.0001860838286896541
 1.3873E-02,-0.0006508394656765008
 1.3891E-02,-0.0010286783695004531
 1.3908E-02,-0.0009086632722111476
 1.3925E-02,-0.000314947571427063
 1.3943E-02,0.0006740243031488456
 1.3960E-02,0.0019495620829395456
 1.3977E-02,0.0034030466663276747
 1.3995E-02,0.004951209116892029
 1.4012E-02,0.006547282936865847
 1.4029E-02,0.008174667197168724
 1.4047E-02,0.009826718010353506
 1.4064E-02,0.011481781844687266
 1.4081E-02,0.013084448715916748
 1.4098E-02,0.014541518811685788
 1.4116E-02,0.01573532859608895
 1.4133E-02,0.01655016954084325
 1.4150E-02,0.016902265728606543
 1.4168E-02,0.01676222310930706
 1.4185E-02,0.016161634670379826
 1.4202E-02,0.0151815318435582
 1.4220E-02,0.013927249206706198
 1.4237E-02,0.01249931909380877
 1.4254E-02,0.010971274422134063
 1.4272E-02,0.009382255521719776
 1.4289E-02,0.007746299293291247
 1.4306E-02,0.006073518677737288
 1.4324E-02,0.004393672044523203
 1.4341E-02,0.002771704481473744
 1.4358E-02,0.0013080513416760774
 1.4376E-02,0.00012254732663186606
 1.4393E-02,-0.0006727046598608856
 1.4410E-02,-0.0010017288991423109
 1.4428E-02,-0.0008439381247035433
 1.4445E-02,-0.00023725769637681217
 1.4462E-02,0.0007358152695128079
 1.4480E-02,0.001973752744645791
 1.4497E-02,0.0033834305830677583
 1.4514E-02,0.004899290926870712
 1.4531E-02,0.006487544840998139
 1.4549E-02,0.00813477082197774
 1.4566E-02,0.009826497918651826
 1.4583E-02,0.011525343456788283
 1.4601E-02,0.013158452959898693
 1.4618E-02,0.014620305874637776
 1.4635E-02,0.015790856841371177
 1.4653E-02,0.01656286919901874
 1.4670E-02,0.016868562458766046
 1.4687E-02,0.01669580577715616
 1.4705E-02,0.016088002973577823
 1.4722E-02,0.015127992064763682
 1.4739E-02,0.013912295373410917
 1.4757E-02,0.012525553020379257
 1.4774E-02,0.011024607612370145
 1.4791E-02,0.009437662564022013
 1.4809E-02,0.007777830103425833
 1.4826E-02,0.0060646264493212105
 1.4843E-02,0.004343813518883874
 1.4861E-02,0.002696649019196466
 1.4878E-02,0.0012338074586922363
 1.4895E-02,7.530733221576091e-05
 1.4913E-02,-0.0006766627214903423
 1.4930E-02,-0.0009622500679467422
 1.4947E-02,-0.0007769160023327811
 1.4964E-02,-0.00016834162993681811
 1.4982E-02,0.0007812465812657697
 1.4999E-02,0.0019804254978421274
 1.5016E-02,0.0033519859303560544
 1.5034E-02,0.004845825854862822
 1.5051E-02,0.006437096082867037
 1.5068E-02,0.00811131914582861
 1.5086E-02,0.009843419154231228
 1.5103E-02,0.011580042336837156
 1.5120E-02,0.013233266864014555
 1.5138E-02,0.014689307296437668
 1.5155E-02,0.015829878350180817
 1.5172E-02,0.016558823176588383
 1.5190E-02,0.01682441747924845
 1.5207E-02,0.016629295429450564
 1.5224E-02,0.01602460464132537
 1.5242E-02,0.015090952929738975
 1.5259E-02,0.013913622219801372
 1.5276E-02,0.012561481132750062
 1.5294E-02,0.011077290061227603
 1.5311E-02,0.009482378112600082
 1.5328E-02,0.007792854860564138
 1.5346E-02,0.006039890022893967
 1.5363E-02,0.004284957905175449
 1.5380E-02,0.002622924274835776
 1.5397E-02,0.0011706543788808502
 1.5415E-02,4.454571056967428e-05
 1.5432E-02,-0.0006652058562042193
 1.5449E-02,-0.000914422213986904
 1.5467E-02,-0.000711826156934442
 1.5484E-02,-0.00011082762987166565
 1.5501E-02,0.0008103078892021998
 1.5519E-02,0.0019721779638124885
 1.5536E-02,0.0033128901706041703
 1.5553E-02,0.00479493110060025
 1.5571E-02,0.0063983849162667535
 1.5588E-02,0.008104142322686565
 1.5605E-02,0.009874771701923777
 1.5623E-02,0.011641698064961781
 1.5640E-02,0.013304878764316424
 1.5657E-02,0.014746245677681305
 1.5675E-02,0.015852730264971002
 1.5692E-02,0.01654083713883961
 1.5709E-02,0.016773994612212073
 1.5727E-02,0.0165665783875359
 1.5744E-02,0.015973529949180484
 1.5761E-02,0.01506990035951815
 1.5779E-02,0.013928325312152474
 1.5796E-02,0.012602955710497344
 1.5813E-02,0.011125557652503566
 1.5830E-02,0.009514490219146927
 1.5848E-02,0.007792051166635801
 1.5865E-02,0.00600229860224785
 1.5882E-02,0.00422122677703242
 1.5900E-02,0.0025541691333433184
 1.5917E-02,0.0011203303452277321
 1.5934E-02,2.943146832332707e-05
 1.5952E-02,-0.000641396820941307
 1.5969E-02,-0.0008623333015829541
 1.5986E-02,-0.0006521811070741196
 1.6004E-02,-6.628424034939415e-05
 1.6021E-02,0.0008239782529967228
 1.6038E-02,0.001952143551797454
 1.6056E-02,0.003270199059115933
 1.6073E-02,0.004749998912711865
 1.6090E-02,0.0063728211976363715
 1.6108E-02,0.008112129507468839
 1.6125E-02,0.009917372654043112
 1.6142E-02,0.011706311300738485
 1.6160E-02,0.013370041201088765
 1.6177E-02,0.014789892095831553
 1.6194E-02,0.015860673365771665
 1.6212E-02,0.016512156652239426
 1.6229E-02,0.016721245373137114
 1.6246E-02,0.016510763452801027
 1.6263E-02,0.01593583361469715
 1.6281E-02,0.01506343281908278
 1.6298E-02,0.013953106791969701
 1.6315E-02,0.012646080643109603
 1.6333E-02,0.011166441131038313
 1.6350E-02,0.009533111589781302
 1.6367E-02,0.007776949478964723
 1.6385E-02,0.0059551900443048904
 1.6402E-02,0.004156452378208161
 1.6419E-02,0.0024932110724636756
 1.6437E-02,0.001083558923305147
 1.6454E-02,2.831169337126887e-05
 1.6471E-02,-0.000608609268267738
 1.6489E-02,-0.0008097543969074281
 1.6506E-02,-0.0006006779241570625
 1.6523E-02,-3.528966602905426e-05
 1.6541E-02,0.0008240111276220796
 1.6558E-02,0.0019237090718329185
 1.6575E-02,0.003227600350622231
 1.6593E-02,0.004713574776013713
 1.6610E-02,0.006360818225585968
 1.6627E-02,0.008133409615747593
 1.6645E-02,0.009967807587104058
 1.6662E-02,0.011770265030655798
 1.6679E-02,0.013426348512809886
 1.6696E-02,0.014819986445383135
 1.6714E-02,0.01585568446474353
 1.6731E-02,0.016476212071385964
 1.6748E-02,0.016669706059422428
 1.6766E-02,0.01646411084076485
 1.6783E-02,0.01591162385899975
 1.6800E-02,0.01506947641979191
 1.6818E-02,0.013984533521015158
 1.6835E-02,0.012687413212836052
 1.6852E-02,0.011197834499819804
 1.6870E-02,0.009538289898235302
 1.6887E-02,0.007749722423854645
 1.6904E-02,0.005902003371617962
 1.6922E-02,0.004093991671225802
 1.6939E-02,0.0024420159328972383
 1.6956E-02,0.0010601559260754244
 1.6974E-02,3.89364767102475e-05
 1.6991E-02,-0.0005702688029469813
 1.7008E-02,-0.0007599424603192255
 1.7026E-02,-0.0005591329605538237
 1.7043E-02,-1.7515964063522437e-05
 1.7060E-02,0.0008127422297166372
 1.7078E-02,0.0018902984509994553
 1.7095E-02,0.0031882661336850747
 1.7112E-02,0.004687343436621025
 1.7129E-02,0.006361924187358528
 1.7147E-02,0.008165581946223278
 1.7164E-02,0.01002267421635076
 1.7181E-02,0.011830488849473726
 1.7199E-02,0.013472259126403135
 1.7216E-02,0.014837109321689298
 1.7233E-02,0.015840226934335403
 1.7251E-02,0.016436375073243702
 1.7268E-02,0.01662233192597005
 1.7285E-02,0.016428004379187826
 1.7303E-02,0.01590017864988564
 1.7320E-02,0.015085495111004776
 1.7337E-02,0.014019255084095399
 1.7355E-02,0.012724101642172792
 1.7372E-02,0.01121849616296617
 1.7389E-02,0.009530870459274466
 1.7407E-02,0.007712961160316532
 1.7424E-02,0.00584605429552569
 1.7441E-02,0.004036585940447363
 1.7459E-02,0.00240168254805013
 1.7476E-02,0.0010491561646279498
 1.7493E-02,5.8662376843163135e-05
 1.7511E-02,-0.0005296588113133453
 1.7528E-02,-0.0007155382736886036
 1.7545E-02,-0.0005285189673462098
 1.7562E-02,-1.1898171790225153e-05
 1.7580E-02,0.0007928472417198843
 1.7597E-02,0.0018551450203089506
 1.7614E-02,0.00315472239075319
 1.7632E-02,0.004672141485415536
 1.7649E-02,0.006374969213509528
 1.7666E-02,0.008205938665003864
 1.7684E-02,0.01007879411834426
 1.7701E-02,0.011884580240311953
 1.7718E-02,0.013507084064078329
 1.7736E-02,0.014842548798682702
 1.7753E-02,0.015817055187314598
 1.7770E-02,0.016395784702206633
 1.7788E-02,0.016581419677529675
 1.7805E-02,0.01640300669154849
 1.7822E-02,0.01590011692868579
 1.7840E-02,0.015108715062001466
 1.7857E-02,0.014054197012663838
 1.7874E-02,0.012753974595741112
 1.7892E-02,0.011228002426887948
 1.7909E-02,0.00951233447721315
 1.7926E-02,0.007669464132555801
 1.7944E-02,0.005790359631192435
 1.7961E-02,0.003986292313380943
 1.7978E-02,0.0023725114567758575
 1.7995E-02,0.0010489966490255125
 1.8013E-02,8.468370734360004e-05
 1.8030E-02,-0.0004897252809495842
 1.8047E-02,-0.0006784768052931532
 1.8065E-02,-0.000509009147736605
 1.8082E-02,-1.678862297348942e-05
 1.8099E-02,0.0007671423329488375
 1.8117E-02,0.0018211275612446329
 1.8134E-02,0.0031287848826250632
 1.8151E-02,0.004668015755107435
 1.8169E-02,0.006398218625797634
 1.8186E-02,0.00825164607214323
 1.8203E-02,0.010133342570369087
 1.8221E-02,0.011930822434811635
 1.8238E-02,0.01353087528979464
 1.8255E-02,0.014838092034904531
 1.8273E-02,0.015788980202340833
 1.8290E-02,0.016357168089346147
 1.8307E-02,0.01654854385115708
 1.8325E-02,0.016388927653175515
 1.8342E-02,0.015909565434884303
 1.8359E-02,0.01513631941244081
 1.8377E-02,0.01408670375351808
 1.8394E-02,0.012775574208044104
 1.8411E-02,0.011226656158697855
 1.8428E-02,0.009484617628997882
 1.8446E-02,0.007622034565728832
 1.8463E-02,0.005737489958597538
 1.8480E-02,0.003944445125176624
 1.8498E-02,0.0023540850409221646
 1.8515E-02,0.0010576786159809952
 1.8532E-02,0.00011420761911696111
 1.8550E-02,-0.00045296196713111693
 1.8567E-02,-0.0006499812273457522
 1.8584E-02,-0.0005000844814209257
 1.8602E-02,-3.0135771406753615e-05
 1.8619E-02,0.0007384058553329678
 1.8636E-02,0.0017906668085723738
 1.8654E-02,0.0031115781266879503
 1.8671E-02,0.004674367266563267
 1.8688E-02,0.006429598126148243
 1.8706E-02,0.00829997787496179
 1.8723E-02,0.010184015332901137
 1.8740E-02,0.011968237062776835
 1.8758E-02,0.013544361223627309
 1.8775E-02,0.01482588553396596
 1.8792E-02,0.015758724082558823
 1.8810E-02,0.01632275871267811
 1.8827E-02,0.01652458060603487
 1.8844E-02,0.016384951700576494
 1.8861E-02,0.015926344879307254
 1.8879E-02,0.01516562404001642
 1.8896E-02,0.014114637819716972
 1.8913E-02,0.01278814185715706
 1.8931E-02,0.011215366616522225
 1.8948E-02,0.009449932888168444
 1.8965E-02,0.007573317665742615
 1.8983E-02,0.0056894871093806304
 1.9000E-02,0.003911688330911745
 1.9017E-02,0.0023454046234207254
 1.9035E-02,0.0010729580225510194
 1.9052E-02,0.00014462531839465797
 1.9069E-02,-0.00042132469717215285
 1.9087E-02,-0.0006305974082444878
 1.9104E-02,-0.0005006786802782436
 1.9121E-02,-4.968991207555723e-05
 1.9139E-02,0.0007091817232721015
 1.9156E-02,0.001765600611433069
 1.9173E-02,0.0031035136790236967
 1.9191E-02,0.004690021094667612
 1.9208E-02,0.006466806304650358
 1.9225E-02,0.008348404180488322
 1.9243E-02,0.010229037638950042
 1.9260E-02,0.011996489311416988
 1.9277E-02,0.01354876694943959
 1.9294E-02,0.014808225109644092
 1.9312E-02,0.015728749204488853
 1.9329E-02,0.016294221820976555
 1.9346E-02,0.016509751822269665
 1.9364E-02,0.01638977941153652
 1.9381E-02,0.015948152212780113
 1.9398E-02,0.015194229853790582
 1.9416E-02,0.014136444563133104
 1.9433E-02,0.012791572779811959
 1.9450E-02,0.01119551436570636
 1.9468E-02,0.009410600788912232
 1.9485E-02,0.007525664097169132
 1.9502E-02,0.005647815112744649
 1.9520E-02,0.003888033823918213
 1.9537E-02,0.0023450346908049785
 1.9554E-02,0.0010925220941448194
 1.9572E-02,0.00017365699264801826
 1.9589E-02,-0.00039616678595372657
 1.9606E-02,-0.0006202237675419798
 1.9624E-02,-0.0005092763666434958
 1.9641E-02,-7.311374027930582e-05
 1.9658E-02,0.0006817199674462441
 1.9676E-02,0.001747221250135842
 1.9693E-02,0.0031044334825589487
 1.9710E-02,0.0047134442081450565
 1.9727E-02,0.006507546026222457
 1.9745E-02,0.008394768876001603
 1.9762E-02,0.010267238770741047
 1.9779E-02,0.012015847791221093
 1.9797E-02,0.013545688281689358
 1.9814E-02,0.01478740215050923
 1.9831E-02,0.01570114102009348
 1.9849E-02,0.016272619646528198
 1.9866E-02,0.016503682941328257
 1.9883E-02,0.016401749567907183
 1.9901E-02,0.015972692102087523
 1.9918E-02,0.015220104892880814
 1.9935E-02,0.01415114583776893
 1.9953E-02,0.012786317633879322
 1.9970E-02,0.011168793943259368
 1.9987E-02,0.009368890025183152
 2.0005E-02,0.007481026298868418
 2.0022E-02,0.005613347817827454
 2.0039E-02,0.0038729392939682973
 2.0057E-02,0.0023512331328503625
 2.0074E-02,0.0011141115683381293
 2.0091E-02,0.00019940624815243096
 2.0109E-02,-0.0003782886723623603
 2.0126E-02,-0.0006182637220738787
 2.0143E-02,-0.0005241299108578238
 2.0160E-02,-9.820256036018098e-05
 2.0178E-02,0.0006578137536926917
 2.0195E-02,0.0017362073344832992
 2.0212E-02,0.0031136380299969313
 2.0230E-02,0.004742835937822569
 2.0247E-02,0.006549622502878803
 2.0264E-02,0.008437342267893494
 2.0282E-02,0.010298029244718104
 2.0299E-02,0.012027091177517182
 2.0316E-02,0.013536965522651882
 2.0334E-02,0.014765599525203172
 2.0351E-02,0.015677576070654134
 2.0368E-02,0.016258475820569322
 2.0386E-02,0.016505551840936016
 2.0403E-02,0.016419027985283455
 2.0420E-02,0.015997845175938063
 2.0438E-02,0.015241678392882796
 2.0455E-02,0.01415833373611737
 2.0472E-02,0.012773287259978944
 2.0490E-02,0.011137074207224498
 2.0507E-02,0.009326894175682835
 2.0524E-02,0.007440905557548729
 2.0542E-02,0.005586413330901089
 2.0559E-02,0.0038654405819830585
 2.0576E-02,0.0023621302578017223
 2.0593E-02,0.0011356900810148207
 2.0611E-02,0.00022047074959645994
 2.0628E-02,-0.0003679090674092671
 2.0645E-02,-0.0006236673392776642
 2.0663E-02,-0.0005433315297084736
 2.0680E-02,-0.00012293503323103139
 2.0697E-02,0.0006388117998753914
 2.0715E-02,0.0017327134659907762
 2.0732E-02,0.0031300328888050335
 2.0749E-02,0.004776283503626505
 2.0767E-02,0.006591050504825512
 2.0784E-02,0.008474835273324368
 2.0801E-02,0.01032130743935503
 2.0819E-02,0.012031329060617562
 2.0836E-02,0.01352446900897338
 2.0853E-02,0.014744702466719332
 2.0871E-02,0.015659206789106067
 2.0888E-02,0.01625175325711375
 2.0905E-02,0.016514143672523008
 2.0923E-02,0.016439695561056608
 2.0940E-02,0.016021735937617992
 2.0957E-02,0.015257846794588857
 2.0975E-02,0.014158100563872381
 2.0992E-02,0.012753724885769252
 2.1009E-02,0.011102255181362953
 2.1026E-02,0.00928642193086332
 2.1044E-02,0.007406310481222206
 2.1061E-02,0.0055668271835593195
 2.1078E-02,0.0038642344780063995
 2.1096E-02,0.0023758142158436836
 2.1113E-02,0.0011554817740306996
 2.1130E-02,0.00023589834287337586
 2.1148E-02,-0.0003647931868249547
 2.1165E-02,-0.0006351136603756823
 2.1182E-02,-0.000564996637893926
 2.1200E-02,-0.0001456007775826657
 2.1217E-02,0.00062558651661471
 2.1234E-02,0.0017364432396502758
 2.1252E-02,0.003152282440539113
 2.1269E-02,0.004811949197823117
 2.1286E-02,0.006630222975286117
 2.1304E-02,0.008506512334236039
 2.1321E-02,0.01033750772036618
 2.1338E-02,0.012030005968711793
 2.1356E-02,0.013510099296165274
 2.1373E-02,0.014726336835730327
 2.1390E-02,0.015646762995767265
 2.1408E-02,0.0162520157626938
 2.1425E-02,0.016528041229160764
 2.1442E-02,0.016461919433456387
 2.1459E-02,0.01604283881720631
 2.1477E-02,0.015267989251835272
 2.1494E-02,0.014150969643159407
 2.1511E-02,0.012729088215753252
 2.1529E-02,0.01106615479583587
 2.1546E-02,0.009248939650555212
 2.1563E-02,0.007377785502480553
 2.1581E-02,0.0055540049921628774
 2.1598E-02,0.0038678429987369185
 2.1615E-02,0.0023904962243569937
 2.1633E-02,0.0011720877267842396
 2.1650E-02,0.0002452239772274932
 2.1667E-02,-0.00036829682657838554
 2.1685E-02,-0.0006511095067888793
 2.1702E-02,-0.0005873756879504516
 2.1719E-02,-0.0001648862143522432
 2.1737E-02,0.0006184939522353272
 2.1754E-02,0.0017466471394128357
 2.1771E-02,0.003178813380754628
 2.1789E-02,0.004848036058343571
 2.1806E-02,0.006665802770039535
 2.1823E-02,0.008531996529530936
 2.1841E-02,0.010347336969999652
 2.1858E-02,0.012024613595432183
 2.1875E-02,0.01349553083362026
 2.1892E-02,0.014711692018453498
 2.1910E-02,0.015640477142570382
 2.1927E-02,0.016258446532777193
 2.1944E-02,0.016545699720345294
 2.1962E-02,0.01648403362087339
 2.1979E-02,0.01606001972188205
 2.1996E-02,0.015271946706034082
 2.2014E-02,0.01413781734633676
 2.2031E-02,0.012700944545756333
 2.2048E-02,0.011030418285838972
 2.2066E-02,0.009215529849271329
 2.2083E-02,0.007355432516089459
 2.2100E-02,0.005547035062090227
 2.2118E-02,0.0038747039359842824
 2.2135E-02,0.0024045793082318936
 2.2152E-02,0.0011845035455478926
 2.2170E-02,0.00024843052580684674
 2.2187E-02,-0.0003774400935809412
 2.2204E-02,-0.0006700546006962374
 2.2222E-02,-0.0006088619650305979
 2.2239E-02,-0.0001797888148117424
 2.2256E-02,0.0006175630046429644
 2.2274E-02,0.0017623945090019673
 2.2291E-02,0.0032081249413574127
 2.2308E-02,0.004883083315854077
 2.2325E-02,0.006696959727905594
 2.2343E-02,0.008551427937453332
 2.2360E-02,0.010351861812732958
 2.2377E-02,0.012016736287138025
 2.2395E-02,0.013482252826365391
 2.2412E-02,0.014701585615324997
 2.2429E-02,0.01564018055638364
 2.2447E-02,0.016269959971543634
 2.2464E-02,0.01656554168004831
 2.2481E-02,0.01650458239264958
 2.2499E-02,0.01607250677564499
 2.2516E-02,0.015269922977002179
 2.2533E-02,0.014119732603748736
 2.2551E-02,0.012670832665916993
 2.2568E-02,0.010996426444476683
 2.2585E-02,0.009186873164348103
 2.2603E-02,0.007338966574144785
 2.2620E-02,0.0055447797039780795
 2.2637E-02,0.0038832711539554376
 2.2655E-02,0.0024167087201501392
 2.2672E-02,0.0011920857221371557
 2.2689E-02,0.000245822723658018
 2.2707E-02,-0.0003911070542479358
 2.2724E-02,-0.0006904774340274569
 2.2741E-02,-0.0006282228468662184
 2.2758E-02,-0.00018981489342780224
 2.2776E-02,0.0006223382497226938
 2.2793E-02,0.001782442118874926
 2.2810E-02,0.0032386552514227993
 2.2828E-02,0.00491580402465954
 2.2845E-02,0.006723168474656534
 2.2862E-02,0.008565233673924828
 2.2880E-02,0.010352284257692237
 2.2897E-02,0.012007876025342264
 2.2914E-02,0.013471481745418228
 2.2932E-02,0.014696481374840958
 2.2949E-02,0.015645416590977238
 2.2966E-02,0.01628537401400762
 2.2984E-02,0.016586138180627766
 2.3001E-02,0.016522462576257026
 2.3018E-02,0.016079964046548458
 2.3036E-02,0.015262487211097662
 2.3053E-02,0.01409797127070553
 2.3070E-02,0.012640207905277236
 2.3088E-02,0.010965270247846734
 2.3105E-02,0.009163277147101764
 2.3122E-02,0.007327801133266957
 2.3140E-02,0.0055459983035014565
 2.3157E-02,0.0038921457679374195
 2.3174E-02,0.002425884534523088
 2.3191E-02,0.0011946344841290766
 2.3209E-02,0.00023809041480611236
 2.3226E-02,-0.00040797409505978065
 2.3243E-02,-0.0007109208125787422
 2.3261E-02,-0.0006444166418227523
 2.3278E-02,-0.0001947229687312694
 2.3295E-02,0.0006321885673394849
 2.3313E-02,0.00180555156666752
 2.3330E-02,0.00326905534102048
 2.3347E-02,0.004945270917202989
 2.3365E-02,0.0067442827785955195
 2.3382E-02,0.008574095277692154
 2.3399E-02,0.010349831204866801
 2.3417E-02,0.01199930605076244
 2.3434E-02,0.013464018581902791
 2.3451E-02,0.014696373937318614
 2.3469E-02,0.015655355050381743
 2.3486E-02,0.016303337863990817
 2.3503E-02,0.016606125517328364
 2.3521E-02,0.016536810167864225
 2.3538E-02,0.016082344878807088
 2.3555E-02,0.015250409716237472
 2.3573E-02,0.014073803729056743
 2.3590E-02,0.012610332264671308
 2.3607E-02,0.010937702198709017
 2.3624E-02,0.009144685809729238
 2.3642E-02,0.007321089551816461
 2.3659E-02,0.005549378677215999
 2.3676E-02,0.0039000532406953934
 2.3694E-02,0.002431353510049721
 2.3711E-02,0.0011921935176171224
 2.3728E-02,0.00022603596123117276
 2.3746E-02,-0.00042681475805112217
 2.3763E-02,-0.0007302317144834129
 2.3780E-02,-0.0006568278142600365
 2.3798E-02,-0.00019468315481525617
 2.3815E-02,0.0006462230839139706
 2.3832E-02,0.0018304634815087563
 2.3850E-02,0.003298198908719316
 2.3867E-02,0.004970945431769765
 2.3884E-02,0.006760582008546387
 2.3902E-02,0.008579026059356589
 2.3919E-02,0.010345884684346293
 2.3936E-02,0.011992273002837719
 2.3954E-02,0.013460527375962124
 2.3971E-02,0.014701127040370864
 2.3988E-02,0.015669153364683927
 2.4006E-02,0.01632266855706527
 2.4023E-02,0.016624472676824036
 2.4040E-02,0.016547171188251872
 2.4057E-02,0.016079964274725952
 2.4075E-02,0.015234659959470737
 2.4092E-02,0.014048480262883732
 2.4109E-02,0.012582252746681028
 2.4127E-02,0.010914162592674744
 2.4144E-02,0.009130768402474955
 2.4161E-02,0.007317868626929776
 2.4179E-02,0.005553711493948708
 2.4196E-02,0.0039060201282959586
 2.4213E-02,0.0024327667875519007
 2.4231E-02,0.0011851819201825933
 2.4248E-02,0.00021068860782880638
 2.4265E-02,-0.00044638698790642106
 2.4283E-02,-0.0007474375256755687
 2.4300E-02,-0.0006651334182345169
 2.4317E-02,-0.0001901539865216804
 2.4335E-02,0.0006633675502197134
 2.4352E-02,0.0018558846622481234
 2.4369E-02,0.003325045833435345
 2.4387E-02,0.004992404105362533
 2.4404E-02,0.006772374505657358
 2.4421E-02,0.0085808909987279
 2.4439E-02,0.010341472866208687
 2.4456E-02,0.011987513652031183
 2.4473E-02,0.01346111803440261
 2.4490E-02,0.014710139995755775
 2.4508E-02,0.015685701369064435
 2.4525E-02,0.01634215339693653
 2.4542E-02,0.01664031737282514
 2.4560E-02,0.016553354952970334
 2.4577E-02,0.01607336664170009
 2.4594E-02,0.015216298263057686
 2.4612E-02,0.014023160755582215
 2.4629E-02,0.01255677740109645
 2.4646E-02,0.010894796358720631
 2.4664E-02,0.009120955346009992
 2.4681E-02,0.007317080877850657
 2.4698E-02,0.005557865989892457
 2.4716E-02,0.0039092827281996334
 2.4733E-02,0.0024300228979738637
 2.4750E-02,0.0011741975513701649
 2.4768E-02,0.0001931131985478294
 2.4785E-02,-0.0004655668940078451
 2.4802E-02,-0.0007617771858886254
 2.4820E-02,-0.000669205198652161
 2.4837E-02,-0.00018165292214295832
 2.4854E-02,0.0006827066339076824
 2.4872E-02,0.0018809117073743022
 2.4889E-02,0.0033491141992060764
 2.4906E-02,0.005009833825344974
 2.4923E-02,0.006780502671811183
 2.4941E-02,0.008580917733074104
 2.4958E-02,0.010337785372699181
 2.4975E-02,0.01198576698852356
 2.4993E-02,0.013465836144367204
 2.5010E-02,0.014722784838901184
 2.5027E-02,0.015703970494125148
 2.5045E-02,0.01636078163704747
 2.5062E-02,0.016653067348923533
 2.5079E-02,0.016555415677636263
 2.5097E-02,0.016063221694396456
 2.5114E-02,0.015196335456519631
 2.5131E-02,0.01399878984660947
 2.5149E-02,0.012534405916842642
 2.5166E-02,0.010879456848193315
 2.5183E-02,0.009114507630806198
 2.5201E-02,0.007317681366769983
 2.5218E-02,0.0055608960073467335
 2.5235E-02,0.00390935645619455
 2.5253E-02,0.002423276484779774
 2.5270E-02,0.0011599565426254177
 2.5287E-02,0.00017428415521408922
 2.5305E-02,-0.00048353231370564214
 2.5322E-02,-0.0007729387775159838
 2.5339E-02,-0.0006694076127770481
 2.5356E-02,-0.00017013049714940996
 2.5374E-02,0.0007030155188577101
 2.5391E-02,0.0019044584072064807
 2.5408E-02,0.003369811638044818
 2.5426E-02,0.005023298406959401
 2.5443E-02,0.006785596607686144
 2.5460E-02,0.008579999652084412
 2.5478E-02,0.010335584483699077
 2.5495E-02,0.01198733453397428
 2.5512E-02,0.013474386846044501
 2.5530E-02,0.014738280627674754
 2.5547E-02,0.015723004529818233
 2.5564E-02,0.016377808739996308
 2.5582E-02,0.016662498679531953
 2.5599E-02,0.016553757867138398
 2.5616E-02,0.01605042532464743
 2.5634E-02,0.015175829586427554
 2.5651E-02,0.013976194534608048
 2.5668E-02,0.012515430406688568
 2.5686E-02,0.010867805200115016
 2.5703E-02,0.009110604396104774
 2.5720E-02,0.007318703279156049
 2.5738E-02,0.005562081617040668
 2.5755E-02,0.003906066362718835
 2.5772E-02,0.0024129871203189294
 2.5789E-02,0.0011434018203658489
 2.5807E-02,0.00015529720685252663
 2.5824E-02,-0.0004994144914314677
 2.5841E-02,-0.0007805618031895958
 2.5859E-02,-0.0006659636664376097
 2.5876E-02,-0.00015623667442238147
 2.5893E-02,0.0007235401610217411
 2.5911E-02,0.001926025433573291
 2.5928E-02,0.0033871444026834117
 2.5945E-02,0.0050333518435146584
 2.5963E-02,0.006788573267341946
 2.5980E-02,0.008579076281822754
 2.5997E-02,0.010335469128761755
 2.6015E-02,0.011992230924084026
 2.6032E-02,0.013486172286891288
 2.6049E-02,0.014755616695715526
 2.6067E-02,0.015741731543867307
 2.6084E-02,0.016392470344450006
 2.6101E-02,0.01666840002306051
 2.6119E-02,0.016548753135256895
 2.6136E-02,0.016035738405353776
 2.6153E-02,0.015155591854410724
 2.6171E-02,0.01395588586169775
 2.6188E-02,0.012499836096845235
 2.6205E-02,0.01085928591294264
 2.6222E-02,0.009108347658862068
 2.6240E-02,0.0073192363487501145
 2.6257E-02,0.005560830157178264
 2.6274E-02,0.0038993359331324163
 2.6292E-02,0.0023995832771021167
 2.6309E-02,0.0011252508212949237
 2.6326E-02,0.00013682370242498916
 2.6344E-02,-0.0005129093016930046
 2.6361E-02,-0.000784888691547786
 2.6378E-02,-0.0006596270510116637
 2.6396E-02,-0.00014099714231110855
 2.6413E-02,0.0007433361753025749
 2.6430E-02,0.0019450827908493095
 2.6448E-02,0.0034011833065146014
 2.6465E-02,0.005040635786128478
 2.6482E-02,0.0067904125149710875
 2.6500E-02,0.008579121803985675
 2.6517E-02,0.010338085673405224
 2.6534E-02,0.012000597006963896
 2.6552E-02,0.013500859187031746
 2.6569E-02,0.014774208084066995
 2.6586E-02,0.01575963553365267
 2.6604E-02,0.016404607652183725
 2.6621E-02,0.016671109098545387
 2.6638E-02,0.016541169517627827
 2.6655E-02,0.01602011308972733
 2.6673E-02,0.015136429629660416
 2.6690E-02,0.01393824531862695
 2.6707E-02,0.012487457510659085
 2.6725E-02,0.010853275171297368
 2.6742E-02,0.009106921307094036
 2.6759E-02,0.0073186139429503435
 2.6777E-02,0.005556910635772425
 2.6794E-02,0.0038894904671743363
 2.6811E-02,0.0023838557798018314
 2.6829E-02,0.0011064932140749642
 2.6846E-02,0.00011971216363593955
 2.6863E-02,-0.000523593223505505
 2.6881E-02,-0.000786042688560993
 2.6898E-02,-0.0006509857521703978
 2.6915E-02,-0.00012521672724043783
 2.6933E-02,0.0007616938699448039
 2.6950E-02,0.0019612668199323986
 2.6967E-02,0.003412001342882009
 2.6985E-02,0.005045555787928398
 2.7002E-02,0.006791597198593791
 2.7019E-02,0.008580393984303264
 2.7037E-02,0.010343240708253345
 2.7054E-02,0.012011732406974378
 2.7071E-02,0.013517382211805961
 2.7088E-02,0.014792914234639555
 2.7106E-02,0.01577582986073108
 2.7123E-02,0.01641383199795748
 2.7140E-02,0.016670801873697818
 2.7158E-02,0.016531612530730884
 2.7175E-02,0.016004300437987295
 2.7192E-02,0.01511891576611421
 2.7210E-02,0.013923427007913495
 2.7227E-02,0.012477961784371269
 2.7244E-02,0.010849078530005624
 2.7262E-02,0.009105534393692077
 2.7279E-02,0.007316246307900426
 2.7296E-02,0.005550147024067244
 2.7314E-02,0.0038768127658762217
 2.7331E-02,0.0023664090961286197
 2.7348E-02,0.0010877935321655016
 2.7366E-02,0.00010440836324019666
 2.7383E-02,-0.000531421240644127
 2.7400E-02,-0.0007843888527142828
 2.7418E-02,-0.0006406438725149907
 2.7435E-02,-0.00010945094677025017
 2.7452E-02,0.00077840004178454
 2.7470E-02,0.001974892144043333
 2.7487E-02,0.0034204445600629057
 2.7504E-02,0.00504930658063334
 2.7521E-02,0.006793368209334415
 2.7539E-02,0.00858386927265151
 2.7556E-02,0.010351441177682637
 2.7573E-02,0.01202564683543207
 2.7591E-02,0.013535406264401017
 2.7608E-02,0.01481132150484803
 2.7625E-02,0.015790093747060762
 2.7643E-02,0.016420283991892257
 2.7660E-02,0.01666798095401152
 2.7677E-02,0.016520782516076044
 2.7695E-02,0.01598893860297283
 2.7712E-02,0.015103377983953139
 2.7729E-02,0.01391131423175936
 2.7747E-02,0.012470825054635443
 2.7764E-02,0.010845962151908448
 2.7781E-02,0.00910352496723591
 2.7799E-02,0.007311800141531786
 2.7816E-02,0.00554066508486462
 2.7833E-02,0.0038618386166592083
 2.7851E-02,0.0023479763487285438
 2.7868E-02,0.0010697845017735564
 2.7885E-02,9.11728016333047e-05
 2.7903E-02,-0.0005366505317504072
 2.7920E-02,-0.000780669554929681
 2.7937E-02,-0.0006296350831690137
 2.7954E-02,-9.474678282192386e-05
 2.7972E-02,0.0007926491415081971
 2.7989E-02,0.0019855307782663608
 2.8006E-02,0.003426433558236774
 2.8024E-02,0.005051983082130302
 2.8041E-02,0.0067957527197802115
 2.8058E-02,0.008589301169339088
 2.8076E-02,0.010362086011248196
 2.8093E-02,0.012041467197155327
 2.8110E-02,0.013554004660802477
 2.8128E-02,0.01482872095581895
 2.8145E-02,0.015802154238831693
 2.8162E-02,0.016424204439502862
 2.8180E-02,0.0166633039452692
 2.8197E-02,0.016509514842270777
 2.8214E-02,0.015974746900481635
 2.8232E-02,0.015090179337902382
 2.8249E-02,0.013901814965847262
 2.8266E-02,0.01246557643445328
 2.8284E-02,0.010843294654968276
 2.8301E-02,0.009100375685461473
 2.8318E-02,0.007305097577055829
 2.8336E-02,0.005528719107038119
 2.8353E-02,0.0038451843451567922
 2.8370E-02,0.0023293372946631766
 2.8387E-02,0.0010531663771486165
 2.8405E-02,8.043907982303769e-05
 2.8422E-02,-0.0005391693108610847
 2.8439E-02,-0.0007749958845380568
 2.8457E-02,-0.0006180810173981043
 2.8474E-02,-8.099815470598119e-05
 2.8491E-02,0.0008049394588750271
 2.8509E-02,0.0019940914867186943
 2.8526E-02,0.0034311432554315338
 2.8543E-02,0.00505476621657009
 2.8561E-02,0.006799653932298805
 2.8578E-02,0.008597110224371464
 2.8595E-02,0.010375060203744672
 2.8613E-02,0.012058658255891058
 2.8630E-02,0.013572458951304616
 2.8647E-02,0.014844478910197023
 2.8665E-02,0.01581166185233763
 2.8682E-02,0.01642558890043049
 2.8699E-02,0.016657019586481817
 2.8717E-02,0.016498112759673715
 2.8734E-02,0.01596186421784379
 2.8751E-02,0.015079147505531796
 2.8769E-02,0.01389443193249271
 2.8786E-02,0.012461518907979542
 2.8803E-02,0.010840392164487855
 2.8820E-02,0.009095628638468611
 2.8838E-02,0.007296030411752502
 2.8855E-02,0.005514530504080939
 2.8872E-02,0.003827238656456289
 2.8890E-02,0.0023108012912693306
 2.8907E-02,0.001037930383915973
 2.8924E-02,7.174036580352629e-05
 2.8942E-02,-0.0005398886398717102
 2.8959E-02,-0.0007685576974728583
 2.8976E-02,-0.000607191414392322
 2.8994E-02,-6.917395745614763e-05
 2.9011E-02,0.0008147153456499547
 2.9028E-02,0.0020004613514984985
 2.9046E-02,0.0034347909178269317
 2.9063E-02,0.005058003518711501
 2.9080E-02,0.006805348288182755
 2.9098E-02,0.00860738178035977
 2.9115E-02,0.010390266298179228
 2.9132E-02,0.012077069165928479
 2.9150E-02,0.01359075736485343
 2.9167E-02,0.014858892758099852
 2.9184E-02,0.015819292517341287
 2.9202E-02,0.016425421124126368
 2.9219E-02,0.016650224789108013
 2.9236E-02,0.01648753421135349
 2.9253E-02,0.015950891550243852
 2.9271E-02,0.015070424209084415
 2.9288E-02,0.01388890065013289
 2.9305E-02,0.012458172594154915
 2.9323E-02,0.010836819355856581
 2.9340E-02,0.009089128700153874
 2.9357E-02,0.007284852170668384
 2.9375E-02,0.005498741555183912
 2.9392E-02,0.0038088796251430903
 2.9409E-02,0.002293260677092518
 2.9427E-02,0.0010247805390597258
 2.9444E-02,6.548458250807572e-05
 2.9461E-02,-0.0005386749876105504
 2.9479E-02,-0.0007613641139210426
 2.9496E-02,-0.0005969410931940481
 2.9513E-02,-5.907602351411256e-05
 2.9531E-02,0.0008223803548085521
 2.9548E-02,0.002005150837269892
 2.9565E-02,0.003437794181620946
 2.9583E-02,0.005061791838669087
 2.9600E-02,0.006812444099293951
 2.9617E-02,0.008619197461760231
 2.9635E-02,0.010406373763483322
 2.9652E-02,0.01209519166980002
 2.9669E-02,0.013607491542000295
 2.9686E-02,0.014870883016838414
 2.9704E-02,0.015824403381212094
 2.9721E-02,0.016423454785654976
 2.9738E-02,0.01664290986741227
 2.9756E-02,0.01647779688345969
 2.9773E-02,0.015941699672595577
 2.9790E-02,0.015063659256013245
 2.9808E-02,0.01388469749671894
 2.9825E-02,0.012454980164004075
 2.9842E-02,0.01083215025162933
 2.9860E-02,0.009080695355125852
 2.9877E-02,0.007271636647809205
 2.9894E-02,0.005481573945048952
 2.9912E-02,0.0037902940025933097
 2.9929E-02,0.0022766808495852855
 2.9946E-02,0.0010133491553516684
 2.9964E-02,6.098681041834817e-05
 2.9981E-02,-0.0005363807987624696
 2.9998E-02,-0.0007541952597021179
 3.0016E-02,-0.0005877858429362279
 3.0033E-02,-5.065504850359983e-05
 3.0050E-02,0.0008285402549290296
 3.0068E-02,0.0020092323824663777
 3.0085E-02,0.003441499085520955
 3.0102E-02,0.005067526533522007
 3.0119E-02,0.006822208622916521
 3.0137E-02,0.008633620141193994
 3.0154E-02,0.010424276516204084
 3.0171E-02,0.012113862454096954
 3.0189E-02,0.013623563484168908
 3.0206E-02,0.014881482490386446
 3.0223E-02,0.015828124562724026
 3.0241E-02,0.016420786665311486
 3.0258E-02,0.01663595606495308
 3.0275E-02,0.01646940446067331
 3.0293E-02,0.015934342140737887
 3.0310E-02,0.015058511647153347
 3.0327E-02,0.013881262125629108
 3.0345E-02,0.012451402630406718
 3.0362E-02,0.010826093029633378
 3.0379E-02,0.009070417922174959
 3.0397E-02,0.00725685163998134
 3.0414E-02,0.005463738442189924
 3.0431E-02,0.003772217549714218
 3.0449E-02,0.002261599363804191
 3.0466E-02,0.0010038217257452493
 3.0483E-02,5.8039962249219505e-05
 3.0501E-02,-0.0005335348661813485
 3.0518E-02,-0.000747764341969694
 3.0535E-02,-0.0005804877963847836
 3.0552E-02,-4.4651245932565806e-05
 3.0570E-02,0.0008324514656049349
 3.0587E-02,0.0020118505067736147
 3.0604E-02,0.0034447986853181826
 3.0622E-02,0.005073749082155158
 3.0639E-02,0.006832831087460049
 3.0656E-02,0.00864860997335355
 3.0674E-02,0.010441930007435499
 3.0691E-02,0.01213129481195777
 3.0708E-02,0.013637664144360582
 3.0726E-02,0.014889967808789383
 3.0743E-02,0.01583028289330307
 3.0760E-02,0.016417632052037646
 3.0778E-02,0.016629738401168475
 3.0795E-02,0.01646267485646415
 3.0812E-02,0.015928943958142882
 3.0830E-02,0.015054893266538825
 3.0847E-02,0.013878377750912796
 3.0864E-02,0.01244723410130083
 3.0882E-02,0.010818580779136657
 3.0899E-02,0.009058428925695205
 3.0916E-02,0.007240798716925614
 3.0934E-02,0.005445602927950689
 3.0951E-02,0.003754961334180151
 3.0968E-02,0.002248190559408369
 3.0985E-02,0.0009962477906729633
 3.1003E-02,5.6685291064336265e-05
 3.1020E-02,-0.000529913246527601
 3.1037E-02,-0.0007414624277015858
 3.1055E-02,-0.0005739126364554458
 3.1072E-02,-3.93824224361359e-05
 3.1089E-02,0.000836231133180989
 3.1107E-02,0.002015336971767836
 3.1124E-02,0.003449975160355291
 3.1141E-02,0.005082459977421216
 3.1159E-02,0.006845891208162425
 3.1176E-02,0.00866530451464072
 3.1193E-02,0.010460107513409912
 3.1211E-02,0.01214802306730601
 3.1228E-02,0.013650198863054318
 3.1245E-02,0.014896661981934435
 3.1263E-02,0.01583108827035032
 3.1280E-02,0.016414003898915428
 3.1297E-02,0.016623987523370406
 3.1315E-02,0.01645702545020957
 3.1332E-02,0.0159246681987401
 3.1349E-02,0.0150518601502495
 3.1367E-02,0.01387518841116342
 3.1384E-02,0.012441884110914556
 3.1401E-02,0.010809382990474249
 3.1418E-02,0.009044829077689697
 3.1436E-02,0.007223759330973032
 3.1453E-02,0.005427401067150659
 3.1470E-02,0.0037384753229108237
 3.1488E-02,0.002235949700568593
 3.1505E-02,0.0009896100626970714
 3.1522E-02,5.54563022903302e-05
 3.1540E-02,-0.0005272799506571828
 3.1557E-02,-0.000737170035831576
 3.1574E-02,-0.0005699082928592064
 3.1592E-02,-3.6586454435214846e-05
 3.1609E-02,0.0008382532059845683
 3.1626E-02,0.002018134504266881
 3.1644E-02,0.003455503005751319
 3.1661E-02,0.005092182396893635
 3.1678E-02,0.006860054932056991
 3.1696E-02,0.008682670652556759
 3.1713E-02,0.010478252748857247
 3.1730E-02,0.012164098463210265
 3.1748E-02,0.013661856478139842
 3.1765E-02,0.014902794886546101
 3.1782E-02,0.01583210345523457
 3.1800E-02,0.01641153064777027
 3.1817E-02,0.016620143990460835
 3.1834E-02,0.016453537047340365
 3.1851E-02,0.015922186192875904
 3.1869E-02,0.015049746694620367
 3.1886E-02,0.013871848110237488
 3.1903E-02,0.012435505838083824
 3.1921E-02,0.010798794117712583
 3.1938E-02,0.009030120554611281
 3.1955E-02,0.007206430578506157
 3.1973E-02,0.005409962120418554
 3.1990E-02,0.003723655694565658
 3.2007E-02,0.002225816079751017
 3.2025E-02,0.0009849291347073723
 3.2042E-02,5.554221779859503e-05
 3.2059E-02,-0.0005241830113869005
 3.2077E-02,-0.0007331269566125673
 3.2094E-02,-0.0005664551793421152
 3.2111E-02,-3.4143630325645345e-05
 3.2129E-02,0.0008404909501254219
 3.2146E-02,0.002021792879591035
 3.2163E-02,0.0034622732644869992
 3.2181E-02,0.005103018249914449
 3.2198E-02,0.0068746415699687796
 3.2215E-02,0.008699379221840593
 3.2233E-02,0.010494603544029073
 3.2250E-02,0.012177557250607917
 3.2267E-02,0.013670658519264188
 3.2284E-02,0.014906480975764066
 3.2302E-02,0.015831565320926562
 3.2319E-02,0.016408554845795537
 3.2336E-02,0.016616638655301486
 3.2354E-02,0.016450748070333043
 3.2371E-02,0.015920210974808228
 3.2388E-02,0.015047534516131488
 3.2406E-02,0.013867683628338474
 3.2423E-02,0.012427782019581073
 3.2440E-02,0.010786767540165044
 3.2458E-02,0.009014349430336754
 3.2475E-02,0.007188720480757633
 3.2492E-02,0.005392836777880662
 3.2510E-02,0.0037095548240424717
 3.2527E-02,0.00221632707705517
 3.2544E-02,0.0009803442075760349
 3.2562E-02,5.490404716719413e-05
 3.2579E-02,-0.0005225748534796016
 3.2596E-02,-0.0007309550946870516
 3.2614E-02,-0.0005646720576272771
 3.2631E-02,-3.258859303697083e-05
 3.2648E-02,0.0008429958823887285
 3.2666E-02,0.0020269086369428925
 3.2683E-02,0.003471383754284435
 3.2700E-02,0.005116546867389739
 3.2717E-02,0.00689171704286292
 3.2735E-02,0.008717987760010863
 3.2752E-02,0.010512175006629711
 3.2769E-02,0.012191764371609858
 3.2787E-02,0.013680125904376828
 3.2804E-02,0.01491113655779796
 3.2821E-02,0.015832506929212717
 3.2839E-02,0.016407493462699655
 3.2856E-02,0.016615143638617935
 3.2873E-02,0.0164495941086022
 3.2891E-02,0.01591908309982388
 3.2908E-02,0.015045203806792844
 3.2925E-02,0.013862579273629893
 3.2943E-02,0.012418728858721195
 3.2960E-02,0.01077359333459882
 3.2977E-02,0.008998117779857574
 3.2995E-02,0.0071714924748438585
 3.3012E-02,0.005377048942034968
 3.3029E-02,0.0036972502750930907
 3.3047E-02,0.002208532951448043
 3.3064E-02,0.0009768301980594485
 3.3081E-02,5.4407834262131514e-05
 3.3099E-02,-0.0005217507176788489
 3.3116E-02,-0.0007302130220183513
 3.3133E-02,-0.0005645431771819956
 3.3150E-02,-3.25345664139191e-05
 3.3168E-02,0.0008443286981144175
 3.3185E-02,0.002031086271093552
 3.3202E-02,0.003479473082937893
 3.3220E-02,0.005128577779698537
 3.3237E-02,0.006906532417385331
 3.3254E-02,0.008733543729777448
 3.3272E-02,0.010526178357980646
 3.3289E-02,0.012202402876361606
 3.3306E-02,0.013686612040262615
 3.3324E-02,0.014913859037412817
 3.3341E-02,0.01583273845440353
 3.3358E-02,0.016406776581836775
 3.3376E-02,0.01661460151865486
 3.3393E-02,0.016449440630099635
 3.3410E-02,0.015918526411764167
 3.3428E-02,0.015042781238587162
 3.3445E-02,0.013856790941653502
 3.3462E-02,0.012408719380478491
 3.3480E-02,0.010759611756735368
 3.3497E-02,0.00898157226896799
 3.3514E-02,0.007154574151731407
 3.3532E-02,0.005362066327149938
 3.3549E-02,0.0036859268907977116
 3.3566E-02,0.0022015328469348356
 3.3583E-02,0.0009736855170478062
 3.3601E-02,5.3865101517920535e-05
 3.3618E-02,-0.000521111324693078
 3.3635E-02,-0.0007293352481752466
 3.3653E-02,-0.0005634846691288998
 3.3670E-02,-3.045063635768216e-05
 3.3687E-02,0.0008488029116737269
 3.3705E-02,0.00203920846663816
 3.3722E-02,0.0034917717365133896
 3.3739E-02,0.005144484710648663
 3.3757E-02,0.006924420613038983
 3.3774E-02,0.0087511634561801
 3.3791E-02,0.01054132969975192
 3.3809E-02,0.012213591166753964
 3.3826E-02,0.013693439788880987
 3.3843E-02,0.014917010839585399
 3.3861E-02,0.01583357354941569
 3.3878E-02,0.016406695298504765
 3.3895E-02,0.016614437575790644
 3.3913E-02,0.016449117923890755
 3.3930E-02,0.015917112365917592
 3.3947E-02,0.015038911352810068
 3.3965E-02,0.013849292805516358
 3.3982E-02,0.01239718638760397
 3.3999E-02,0.010744697206637115
 3.4016E-02,0.00896488477727831
 3.4034E-02,0.007138211511288096
 3.4051E-02,0.005347965806575508
 3.4068E-02,0.0036752805369610767
 3.4086E-02,0.0021944895873823125
 3.4103E-02,0.0009694488895730874
 3.4120E-02,5.1140980904864903e-05
 3.4138E-02,-0.0005234981496677598
 3.4155E-02,-0.0007319008342474792
 3.4172E-02,-0.0005658353236070665
 3.4190E-02,-3.142044289874014e-05
 3.4207E-02,0.0008506806084445741
 3.4224E-02,0.0020450806677668808
 3.4242E-02,0.0035019399174927883
 3.4259E-02,0.005158180335831851
 3.4276E-02,0.006939971882476892
 3.4294E-02,0.008766491481645447
 3.4311E-02,0.010554585203148741
 3.4328E-02,0.01222368963536951
 3.4346E-02,0.013700294312938892
 3.4363E-02,0.014921381280696781
 3.4380E-02,0.015836601303676263
 3.4398E-02,0.016409315518638057
 3.4415E-02,0.016616907249743997
 3.4432E-02,0.016450850643449616
 3.4449E-02,0.01591688787040008
 3.4467E-02,0.015035378454963012
 3.4484E-02,0.0138415670974997
 3.4501E-02,0.012385305309875406
 3.4519E-02,0.010729749648598831
 3.4536E-02,0.008948758602938924
 3.4553E-02,0.007123050523810979
 3.4571E-02,0.005335539581512238
 3.4588E-02,0.0036665027443977503
 3.4605E-02,0.0021892609931486048
 3.4623E-02,0.0009668741260101367
 3.4640E-02,5.0023394736207e-05
 3.4657E-02,-0.0005240852828700673
 3.4675E-02,-0.0007321947234859498
 3.4692E-02,-0.0005652806907096693
 3.4709E-02,-2.8921179759584066e-05
 3.4727E-02,0.0008562580933491033
 3.4744E-02,0.002054355174998731
 3.4761E-02,0.0035146368339018393
 3.4779E-02,0.005173081598087962
 3.4796E-02,0.0069552211317146
 3.4813E-02,0.008780142307555298
 3.4831E-02,0.010565185459862606
 3.4848E-02,0.012230680731936071
 3.4865E-02,0.01370407652828442
 3.4882E-02,0.0149230260424955
 3.4900E-02,0.01583732802428985
 3.4917E-02,0.016409940707621792
 3.4934E-02,0.016617482316372955
 3.4952E-02,0.01645062904547764
 3.4969E-02,0.01591463214886832
 3.4986E-02,0.015029884463714227
 3.5004E-02,0.01383219838894708
 3.5021E-02,0.012372327643015907
 3.5038E-02,0.010714334508532153
 3.5056E-02,0.008932654057791329
 3.5073E-02,0.007108046746982771
 3.5090E-02,0.005322934658126121
 3.5108E-02,0.0036567719749279713
 3.5125E-02,0.002182051412073281
 3.5142E-02,0.0009613176915447409
 3.5160E-02,4.523765627203525e-05
 3.5177E-02,-0.0005285126636048509
 3.5194E-02,-0.0007359336085303868
 3.5212E-02,-0.0005673100642237057
 3.5229E-02,-2.788878614404678e-05
 3.5246E-02,0.0008615053936556111
 3.5264E-02,0.0020642754824643007
 3.5281E-02,0.003528724929523855
 3.5298E-02,0.00518993465848133
 3.5315E-02,0.006972916823714737
 3.5333E-02,0.008796788291993983
 3.5350E-02,0.010579434982331748
 3.5367E-02,0.012242024433265379
 3.5385E-02,0.013712809444896678
 3.5402E-02,0.014929916099735032
 3.5419E-02,0.015843128368178812
 3.5437E-02,0.016414947507829594
 3.5454E-02,0.016621319022301077
 3.5471E-02,0.016452345930616754
 3.5489E-02,0.015913082919401578
 3.5506E-02,0.015024229907028395
 3.5523E-02,0.013822334662753377
 3.5541E-02,0.012359064590816909
 3.5558E-02,0.010699246233953404
 3.5575E-02,0.00891765150877626
 3.5593E-02,0.007094830072146757
 3.5610E-02,0.005312529371376006
 3.5627E-02,0.00364931964826737
 3.5645E-02,0.002176926237540411
 3.5662E-02,0.0009575141851934131
 3.5679E-02,4.18713429366427e-05
 3.5697E-02,-0.0005317906121994686
 3.5714E-02,-0.0007387697825177995
 3.5731E-02,-0.0005687924355822269
 3.5748E-02,-2.6939601807824407e-05
 3.5766E-02,0.0008656464823811995
 3.5783E-02,0.0020716721483240285
 3.5800E-02,0.0035386215906200048
 3.5818E-02,0.005200942321196908
 3.5835E-02,0.006983437964251945
 3.5852E-02,0.008805517785466822
 3.5870E-02,0.01058574443397503
 3.5887E-02,0.012246082972793225
 3.5904E-02,0.01371539722087018
 3.5922E-02,0.01493200692150997
 3.5939E-02,0.015845407985910404
 3.5956E-02,0.01641745876324246
 3.5974E-02,0.016623375205213748
 3.5991E-02,0.016452748812786754
 3.6008E-02,0.015910563068493106
 3.6026E-02,0.015017940447062181
 3.6043E-02,0.013812209210998183
 3.6060E-02,0.012345903117731736
 3.6078E-02,0.01068449788441977
 3.6095E-02,0.008902979728439831
 3.6112E-02,0.007081627369521403
 3.6130E-02,0.0053015650915478486
 3.6147E-02,0.0036406487888723544
 3.6164E-02,0.002170083014972194
 3.6181E-02,0.0009519017960821724
 3.6199E-02,3.718293389215759e-05
 3.6216E-02,-0.0005352956972162644
 3.6233E-02,-0.0007402519683158234
 3.6251E-02,-0.0005670930005086632
 3.6268E-02,-2.1019979673160354e-05
 3.6285E-02,0.0008762563642026549
 3.6303E-02,0.002086592174890293
 3.6320E-02,0.0035566201400672693
 3.6337E-02,0.005220222753617412
 3.6355E-02,0.007002110989282605
 3.6372E-02,0.008822087702324653
 3.6389E-02,0.010599433626831115
 3.6407E-02,0.012256883182078128
 3.6424E-02,0.013723842592645773
 3.6441E-02,0.014938770785511153
 3.6459E-02,0.015850891124768455
 3.6476E-02,0.016421536289833574
 3.6493E-02,0.0166254027046463
 3.6511E-02,0.016451822754469266
 3.6528E-02,0.01590592777295341
 3.6545E-02,0.015009374673609896
 3.6563E-02,0.013800232769329134
 3.6580E-02,0.012331714636218736
 3.6597E-02,0.010669660845715448
 3.6614E-02,0.008888973042270874
 3.6632E-02,0.007069430059499549
 3.6649E-02,0.005291431551762554
 3.6666E-02,0.0036321569798211002
 3.6684E-02,0.002162432076145402
 3.6701E-02,0.0009443394320836822
 3.6718E-02,2.9394085518980105e-05
 3.6736E-02,-0.0005429904256328288
 3.6753E-02,-0.0007469641521043411
 3.6770E-02,-0.0005716722689193556
 3.6788E-02,-2.247740683416707e-05
 3.6805E-02,0.0008783723217128817
 3.6822E-02,0.002092012078398619
 3.6840E-02,0.003564431140894074
 3.6857E-02,0.005229174144382447
 3.6874E-02,0.0070110263355177525
 3.6892E-02,0.00883022210719684
 3.6909E-02,0.010606638106517075
 3.6926E-02,0.012263515415217068
 3.6944E-02,0.013730464154276478
 3.6961E-02,0.014945756142133742
 3.6978E-02,0.01585810975538393
 3.6996E-02,0.01642824191175035
 3.7013E-02,0.01663038334607173
 3.7030E-02,0.016453763570635372
 3.7047E-02,0.015903854490445193
 3.7065E-02,0.015003012081856164
 3.7082E-02,0.013790143128196498
 3.7099E-02,0.012319163535945303
 3.7117E-02,0.010656260675073366
 3.7134E-02,0.008876236962273213
 3.7151E-02,0.00705840033185423
 3.7169E-02,0.005282513489168241
 3.7186E-02,0.0036252069224625705
 3.7203E-02,0.002157047686844377
 3.7221E-02,0.0009402225308770256
 3.7238E-02,2.663030628792724e-05
 3.7255E-02,-0.0005438549832254663
 3.7273E-02,-0.0007450857383131755
 3.7290E-02,-0.0005662504046964928
 3.7307E-02,-1.3138820476061327e-05
 3.7325E-02,0.0008913025573021665
 3.7342E-02,0.0021074674000489176
 3.7359E-02,0.003580816988050003
 3.7377E-02,0.0052447679541117375
 3.7394E-02,0.0070244216429201835
 3.7411E-02,0.00884065685750245
 3.7429E-02,0.010614091365147679
 3.7446E-02,0.012268545275874634
 3.7463E-02,0.0137338581556274
 3.7480E-02,0.014948135150418124
 3.7498E-02,0.01585964006893543
 3.7515E-02,0.016428563815908723
 3.7532E-02,0.01662877654342843
 3.7550E-02,0.016449475704397663
 3.7567E-02,0.015896455638844807
 3.7584E-02,0.014992630312865537
 3.7602E-02,0.013777486040354751
 3.7619E-02,0.01230531748348638
 3.7636E-02,0.01064234840328956
 3.7654E-02,0.008863070464300711
 3.7671E-02,0.0070462669658320435
 3.7688E-02,0.0052711799439726535
 3.7706E-02,0.0036141391782034396
 3.7723E-02,0.0021457596820734586
 3.7740E-02,0.0009286150472236961
 3.7758E-02,1.518450620302135e-05
 3.7775E-02,-0.000554109285421169
 3.7792E-02,-0.0007528207427976901
 3.7810E-02,-0.0005702203188020258
 3.7827E-02,-1.2551102635168236e-05
 3.7844E-02,0.0008965581987529924
 3.7862E-02,0.0021168105155706654
 3.7879E-02,0.0035931827974024473
 3.7896E-02,0.005258943109763624
 3.7913E-02,0.007039378158548913
 3.7931E-02,0.0088557587671369
 3.7948E-02,0.010629103124731771
 3.7965E-02,0.012283452219035953
 3.7983E-02,0.01374858531050272
 3.8000E-02,0.014962291945038186
 3.8017E-02,0.015872409013253586
 3.8035E-02,0.016438794469290245
 3.8052E-02,0.016635263779232044
 3.8069E-02,0.016451325720428647
 3.8087E-02,0.015893403993385343
 3.8104E-02,0.014985189030097556
 3.8121E-02,0.013766857403055752
 3.8139E-02,0.012293097882979847
 3.8156E-02,0.010630123451991465
 3.8173E-02,0.008852042160043708
 3.8191E-02,0.007037039760544405
 3.8208E-02,0.005263770537721906
 3.8225E-02,0.0036081887255403258
 3.8243E-02,0.002140850601612017
 3.8260E-02,0.0009245578257162529
 3.8277E-02,1.215671001089907e-05
 3.8295E-02,-0.0005556264753490065
 3.8312E-02,-0.0007522788792803108
 3.8329E-02,-0.0005673112394041978
 3.8346E-02,-7.452939549379076e-06
 3.8364E-02,0.0009031068210847629
 3.8381E-02,0.0021236512025880074
 3.8398E-02,0.003599050608055
 3.8416E-02,0.00526283967266231
 3.8433E-02,0.007040865355776469
 3.8450E-02,0.008855061371607395
 3.8468E-02,0.010626980078092266
 3.8485E-02,0.01228088344007642
 3.8502E-02,0.013746390433880084
 3.8520E-02,0.014960822133918956
 3.8537E-02,0.015871423265563157
 3.8554E-02,0.016437559906787105
 3.8572E-02,0.016632834090551215
 3.8589E-02,0.016446886324833657
 3.8606E-02,0.01588655146369777
 3.8624E-02,0.014976043315795091
 3.8641E-02,0.01375597512303984
 3.8658E-02,0.012281234758071777
 3.8676E-02,0.010617952132556117
 3.8693E-02,0.008839945988892923
 3.8710E-02,0.0070250684719149175
 3.8728E-02,0.0052517749842531025
 3.8745E-02,0.003596076663176638
 3.8762E-02,0.0021288542846620495
 3.8779E-02,0.0009133963206102704
 3.8797E-02,3.0141742629213354e-06
 3.8814E-02,-0.0005613155987638127
 3.8831E-02,-0.0007531728609037946
 3.8849E-02,-0.0005625177935646283
 3.8866E-02,3.221505915907666e-06
 3.8883E-02,0.000919098442050652
 3.8901E-02,0.002143785475643155
 3.8918E-02,0.0036218364482589875
 3.8935E-02,0.005286803496153427
 3.8953E-02,0.007064809378191708
 3.8970E-02,0.008878165937436042
 3.8987E-02,0.01064873489700912
 3.9005E-02,0.01230090169280818
 3.9022E-02,0.013764205158520776
 3.9039E-02,0.014975768189700684
 3.9057E-02,0.01588266970772189
 3.9074E-02,0.01644429239673803
 3.9091E-02,0.016634520740268246
 3.9109E-02,0.016443519872875092
 3.9126E-02,0.015878762911306812
 3.9143E-02,0.01496502680062541
 3.9161E-02,0.01374323376546375
 3.9178E-02,0.012268225718542565
 3.9195E-02,0.010605749409113664
 3.9212E-02,0.008829035102497284
 3.9230E-02,0.007015339391898058
 3.9247E-02,0.005242706918231812
 3.9264E-02,0.0035870384371895422
 3.9282E-02,0.0021194036708333816
 3.9299E-02,0.0009034666424861395
 3.9316E-02,-7.07525635730837e-06
 3.9334E-02,-0.0005710168509808218
 3.9351E-02,-0.0007619594417947874
 3.9368E-02,-0.0005701167054149597
 3.9386E-02,-3.2832902437596656e-06
 3.9403E-02,0.0009132835439620719
 3.9420E-02,0.0021381489808667293
 3.9438E-02,0.0036160264866533873
 3.9455E-02,0.005280845490332294
 3.9472E-02,0.007059178240572933
 3.9490E-02,0.008873672152458448
 3.9507E-02,0.010646256472888048
 3.9524E-02,0.012301054877265617
 3.9542E-02,0.013767072799913443
 3.9559E-02,0.01498078625100281
 3.9576E-02,0.01588871651207938
 3.9594E-02,0.01644995279480859
 3.9611E-02,0.016638436295258928
 3.9628E-02,0.016444708994428854
 3.9645E-02,0.01587681039420125
 3.9663E-02,0.014960093501312957
 3.9680E-02,0.013735904408309196
 3.9697E-02,0.012259270120154455
 3.9715E-02,0.010595898012177163
 3.9732E-02,0.008818855051720175
 3.9749E-02,0.007005249429586289
 3.9767E-02,0.0052331074426757345
 3.9784E-02,0.0035784821450031076
 3.9801E-02,0.0021127130120490584
 3.9819E-02,0.0008997241527252684
 3.9836E-02,-6.687209390500394e-06
 3.9853E-02,-0.0005654888668187742
 3.9871E-02,-0.0007507535377087069
 3.9888E-02,-0.0005533865692494848
 3.9905E-02,1.806573332876441e-05
 3.9923E-02,0.0009377243771755642
 3.9940E-02,0.0021638181185839322
 3.9957E-02,0.0036410773409973254
 3.9975E-02,0.005303760859614334
 3.9992E-02,0.0070789511875460915
 4.0009E-02,0.008889815388464097
 4.0027E-02,0.01065866421390338
 4.0044E-02,0.012309793797280746
 4.0061E-02,0.013772199447931448
 4.0078E-02,0.0149822685184792
 4.0096E-02,0.015886485175291298
 4.0113E-02,0.016444048117493594
 4.0130E-02,0.016629169551914475
 4.0148E-02,0.01643274827310854
 4.0165E-02,0.01586312944564911
 4.0182E-02,0.014945780237802993
 4.0200E-02,0.013721887625154068
 4.0217E-02,0.0122460631198967
 4.0234E-02,0.01058345923455837
 4.0252E-02,0.008806626808700499
 4.0269E-02,0.006992370942663709
 4.0286E-02,0.005218733418073674
 4.0304E-02,0.0035620989334511316
 4.0321E-02,0.002094345783065184
 4.0338E-02,0.0008799695546285247
 4.0356E-02,-2.6803510728138974e-05
 4.0373E-02,-0.0005847670674404979
 4.0390E-02,-0.0007680876376313784
 4.0408E-02,-0.0005679495966947345
 4.0425E-02,6.7740911999248634e-06
 4.0442E-02,0.0009299617409837818
 4.0460E-02,0.0021597534863262
 4.0477E-02,0.003640926656317903
 4.0494E-02,0.00530782699183172
 4.0511E-02,0.007087535284410383
 4.0529E-02,0.00890302488543294
 4.0546E-02,0.010676191926717725
 4.0563E-02,0.012330762193455478
 4.0581E-02,0.013795146356488087
 4.0598E-02,0.015005303031361831
 4.0615E-02,0.01590758380325777
 4.0633E-02,0.016461412461512066
 4.0650E-02,0.016641545180451422
 4.0667E-02,0.016439617633314224
 4.0685E-02,0.015864733356926515
 4.0702E-02,0.014942976684444673
 4.0719E-02,0.013715904692484022
 4.0737E-02,0.012238229524404481
 4.0754E-02,0.010574992515959844
 4.0771E-02,0.008798528331728247
 4.0789E-02,0.006985431091419837
 4.0806E-02,0.005213606824611243
 4.0823E-02,0.0035593840495962504
 4.0841E-02,0.002094605670120518
 4.0858E-02,0.0008836609061373818
 4.0875E-02,-1.9480810652451196e-05
 4.0893E-02,-0.0005740455607860605
 4.0910E-02,-0.0007547566415166267
 4.0927E-02,-0.0005533591439902869
 4.0944E-02,2.0862830863354427e-05
 4.0962E-02,0.0009416602199919398
 4.0979E-02,0.0021673948312066786
 4.0996E-02,0.003643382967238283
 4.1014E-02,0.005304702668759985
 4.1031E-02,0.0070791822354389225
 4.1048E-02,0.008890383474944284
 4.1066E-02,0.010660517342154495
 4.1083E-02,0.012313328962790727
 4.1100E-02,0.013777022461949855
 4.1118E-02,0.014987249891976947
 4.1135E-02,0.01589008329534945
 4.1152E-02,0.01644477078170676
 4.1170E-02,0.016625997584859085
 4.1187E-02,0.016425367495600997
 4.1204E-02,0.01585189868273121
 4.1222E-02,0.01493147018228508
 4.1239E-02,0.013705315714399044
 4.1256E-02,0.012227787309110175
 4.1274E-02,0.010563664259717564
 4.1291E-02,0.008785252964192726
 4.1308E-02,0.006969431342358067
 4.1326E-02,0.005194682780291616
 4.1343E-02,0.00353808889659612
 4.1360E-02,0.002072240440557385
 4.1377E-02,0.0008620847792228789
 4.1395E-02,-3.8167868087139257e-05
 4.1412E-02,-0.0005878526514723558
 4.1429E-02,-0.000762086922560341
 4.1447E-02,-0.0005531661020196547
 4.1464E-02,2.905821772221991e-05
 4.1481E-02,0.0009578511632794044
 4.1499E-02,0.0021912003575566717
 4.1516E-02,0.0036741238156582654
 4.1533E-02,0.005341407669104968
 4.1551E-02,0.007120536490953633
 4.1568E-02,0.008934668194889837
 4.1585E-02,0.010705607595097819
 4.1603E-02,0.012356802591195766
 4.1620E-02,0.013816394182420288
 4.1637E-02,0.015020294487941703
 4.1655E-02,0.01591517178297219
 4.1672E-02,0.016461129025242317
 4.1689E-02,0.016633812891720133
 4.1707E-02,0.016425710178065833
 4.1724E-02,0.01584647840027417
 4.1741E-02,0.014922292155754975
 4.1759E-02,0.013694324884300524
 4.1776E-02,0.012216584026332904
 4.1793E-02,0.010553346163462598
 4.1810E-02,0.008776394169754231
 4.1828E-02,0.006962167317871147
 4.1845E-02,0.00518884205090552
 4.1862E-02,0.003533308698169855
 4.1880E-02,0.00206802285770282
 4.1897E-02,0.0008577860587667692
 4.1914E-02,-4.338335369008224e-05
 4.1932E-02,-0.0005950377704513469
 4.1949E-02,-0.0007724608934078579
 4.1966E-02,-0.0005679578978288004
 4.1984E-02,8.857910340836377e-06
 4.2001E-02,0.0009317699304171067
 4.2018E-02,0.002159509372302154
 4.2036E-02,0.0036379261620585798
 4.2053E-02,0.005302543188397831
 4.2070E-02,0.0070813122224576905
 4.2088E-02,0.008897479006923673
 4.2105E-02,0.010672545414665554
 4.2122E-02,0.012329351762050404
 4.2140E-02,0.013795277541647732
 4.2157E-02,0.015005483931095789
 4.2174E-02,0.015906026782452645
 4.2192E-02,0.016456595107643534
 4.2209E-02,0.016632611007140575
 4.2226E-02,0.016426474324346137
 4.2243E-02,0.015847837660491644
 4.2261E-02,0.014922926793748948
 4.2278E-02,0.013693040320370014
 4.2295E-02,0.012212434687075278
 4.2313E-02,0.010545808658340235
 4.2330E-02,0.00876555189093518
 4.2347E-02,0.0069488436112655535
 4.2365E-02,0.005174618000741921
 4.2382E-02,0.0035203875585756274
 4.2399E-02,0.0020589484071281317
 4.2417E-02,0.0008550685167272689
 4.2434E-02,-3.765140335504943e-05
 4.2451E-02,-0.000579491388709477
 4.2469E-02,-0.0007466394090918524
 4.2486E-02,-0.0005323301378399021
 4.2503E-02,5.299648881992381e-05
 4.2521E-02,0.0009824790621246542
 4.2538E-02,0.002214411011797727
 4.2555E-02,0.003694396370247179
 4.2573E-02,0.00535787255877608
 4.2590E-02,0.007132842912918062
 4.2607E-02,0.008942740585986255
 4.2625E-02,0.010709410675151871
 4.2642E-02,0.012356218912594173
 4.2659E-02,0.013811261107004888
 4.2676E-02,0.015010571416822535
 4.2694E-02,0.015901144576916115
 4.2711E-02,0.016443535157841613
 4.2728E-02,0.016613799118792776
 4.2746E-02,0.01640460318096252
 4.2763E-02,0.015825430684184072
 4.2780E-02,0.014901927463837509
 4.2798E-02,0.013674522422443389
 4.2815E-02,0.012196499863056315
 4.2832E-02,0.01053168754586827
 4.2850E-02,0.008751869229011586
 4.2867E-02,0.0069339643978532095
 4.2884E-02,0.0051569775570340735
 4.2902E-02,0.003498728004216646
 4.2919E-02,0.0020324280681110266
 4.2936E-02,0.0008232620730903098
 4.2954E-02,-7.480449443645785e-05
 4.2971E-02,-0.0006217209253807712
 4.2988E-02,-0.0007933138725909714
 4.3006E-02,-0.0005823607922003766
 4.3023E-02,1.2674228681162827e-06
 4.3040E-02,0.0009313250209271957
 4.3058E-02,0.0021666252285391474
 4.3075E-02,0.0036530190737781056
 4.3092E-02,0.005325772249872924
 4.3109E-02,0.007112243323659537
 4.3127E-02,0.008934816157330317
 4.3144E-02,0.010714061801197276
 4.3161E-02,0.012372085788299585
 4.3179E-02,0.0138359624340551
 4.3196E-02,0.0150410921367272
 4.3213E-02,0.01593426778934932
 4.3231E-02,0.016476223085761094
 4.3248E-02,0.01664346797642253
 4.3265E-02,0.01642928750020121
 4.3283E-02,0.015843869421358313
 4.3300E-02,0.014913612060675511
 4.3317E-02,0.01367972919039481
 4.3335E-02,0.012196300015462777
 4.3352E-02,0.010527904063037963
 4.3369E-02,0.008746943971961366
 4.3387E-02,0.006930715947605055
 4.3404E-02,0.0051582617194701865
 4.3421E-02,0.0035070448931795086
 4.3439E-02,0.002049541666875835
 4.3456E-02,0.0008499031294218421
 4.3473E-02,-3.9096763108046446e-05
 4.3491E-02,-0.000578593138068824
 4.3508E-02,-0.000745436618147068
 4.3525E-02,-0.00053314408130631
 4.3542E-02,4.803406063588463e-05
 4.3560E-02,0.0009718591013366124
 4.3577E-02,0.0021975226799644224
 4.3594E-02,0.0036715766484001484
 4.3612E-02,0.0053302342170608846
 4.3629E-02,0.0071019538015122015
 4.3646E-02,0.008910267731530957
 4.3664E-02,0.01067683979408094
 4.3681E-02,0.01232471612743715
 4.3698E-02,0.013781678579460527
 4.3716E-02,0.014983538756566411
 4.3733E-02,0.015877156596907863
 4.3750E-02,0.016422957582641555
 4.3768E-02,0.01659676381077969
 4.3785E-02,0.016390830755596317
 4.3802E-02,0.015814070559557695
 4.3820E-02,0.014891520049727672
 4.3837E-02,0.013663156596570263
 4.3854E-02,0.012182170085629159
 4.3872E-02,0.01051277494789545
 4.3889E-02,0.008727612468832127
 4.3906E-02,0.0069047731939891974
 4.3924E-02,0.005124481874294822
 4.3941E-02,0.003465537394921887
 4.3958E-02,0.002001669476553716
 4.3975E-02,0.0007980336374123847
 4.3993E-02,-9.190816319770473e-05
 4.4010E-02,-0.0006288948706967808
 4.4027E-02,-0.0007896017283079613
 4.4045E-02,-0.0005675350626410553
 4.4062E-02,2.6895657830108615e-05
 4.4079E-02,0.0009670507923042439
 4.4097E-02,0.0022113757007066444
 4.4114E-02,0.0037052610424789588
 4.4131E-02,0.005383373043592881
 4.4149E-02,0.007172396573130965
 4.4166E-02,0.008994133490286525
 4.4183E-02,0.01076887514926473
 4.4201E-02,0.012418924374569743
 4.4218E-02,0.013872092974294304
 4.4235E-02,0.01506496980101233
 4.4253E-02,0.015945758948323095
 4.4270E-02,0.01647652684143737
 4.4287E-02,0.01663475699151472
 4.4305E-02,0.016414174937077003
 4.4322E-02,0.01582485729044567
 4.4339E-02,0.014892669987671409
 4.4357E-02,0.013658095894078893
 4.4374E-02,0.012174517337075341
 4.4391E-02,0.01050601681460804
 4.4408E-02,0.00872475341924599
 4.4426E-02,0.006907973960538897
 4.4443E-02,0.005134734720367371
 4.4460E-02,0.003482443257872651
 4.4478E-02,0.0020233743179684967
 4.4495E-02,0.000821355389514659
 4.4512E-02,-7.116541537394584e-05
 4.4530E-02,-0.000615477463176756
 4.4547E-02,-0.0007882555898742293
 4.4564E-02,-0.000582437302910306
 4.4582E-02,-7.3443315138701235e-06
 4.4599E-02,0.0009118814300557382
 4.4616E-02,0.002135437003659514
 4.4634E-02,0.0036105317842406773
 4.4651E-02,0.005273519456513212
 4.4668E-02,0.007052454312091764
 4.4686E-02,0.008870039289570489
 4.4703E-02,0.010646902909798554
 4.4720E-02,0.012305087853434428
 4.4738E-02,0.013771577477548314
 4.4755E-02,0.014981649705644596
 4.4772E-02,0.015881845184406388
 4.4790E-02,0.01643237431292699
 4.4807E-02,0.016608853504933196
 4.4824E-02,0.01640332686201841
 4.4841E-02,0.015824574363077347
 4.4859E-02,0.014897730083019646
 4.4876E-02,0.013663240765048441
 4.4893E-02,0.012175194467948305
 4.4911E-02,0.010499052937260849
 4.4928E-02,0.008708839685905431
 4.4945E-02,0.006883869132010239
 4.4963E-02,0.005105146917771666
 4.4980E-02,0.0034516217085048826
 4.4997E-02,0.0019965084132505433
 4.5015E-02,0.0008039116381491798
 4.5032E-02,-7.405034471991481e-05
 4.5049E-02,-0.000599477072230438
 4.5067E-02,-0.0007501973206720886
 4.5084E-02,-0.0005205477159884923
 4.5101E-02,7.855487854161131e-05
 4.5119E-02,0.00102020781944901
 4.5136E-02,0.0022627450583721795
 4.5153E-02,0.0037515480863343654
 4.5171E-02,0.005421397821960659
 4.5188E-02,0.007199298826860848
 4.5205E-02,0.009007673246318161
 4.5223E-02,0.010767783878412655
 4.5240E-02,0.012403214169223178
 4.5257E-02,0.01384321473933979
 4.5274E-02,0.015025731745380506
 4.5292E-02,0.015899970747862393
 4.5309E-02,0.016428410542693176
 4.5326E-02,0.01658823861100541
 4.5344E-02,0.01637221404882583
 4.5361E-02,0.01578897094954579
 4.5378E-02,0.01486276159167563
 4.5396E-02,0.013632620295747697
 4.5413E-02,0.012150924362083437
 4.5430E-02,0.0104813455161175
 4.5448E-02,0.008696219871595365
 4.5465E-02,0.006873413538691531
 4.5482E-02,0.005092820668632486
 4.5500E-02,0.0034326869928341347
 4.5517E-02,0.0019659871735645366
 4.5534E-02,0.0007570878221426765
 4.5552E-02,-0.00014110457576504715
 4.5569E-02,-0.0006893767378236202
 4.5586E-02,-0.0008637670781147708
 4.5604E-02,-0.0006564581906359679
 4.5621E-02,-7.604348771380958e-05
 4.5638E-02,0.0008527958134957614
 4.5656E-02,0.002090196592055002
 4.5673E-02,0.0035826263078993087
 4.5690E-02,0.005265028198238321
 4.5707E-02,0.007063586972899645
 4.5725E-02,0.008899031939488737
 4.5742E-02,0.010690309317519256
 4.5759E-02,0.012358382342528043
 4.5777E-02,0.01382988890825496
 4.5794E-02,0.015040418690404836
 4.5811E-02,0.01593725058357934
 4.5829E-02,0.016481484117886913
 4.5846E-02,0.01664957054052774
 4.5863E-02,0.016434271605970607
 4.5881E-02,0.01584504279379113
 4.5898E-02,0.0149077869221692
 4.5915E-02,0.013663900662322358
 4.5933E-02,0.01216856220623806
 4.5950E-02,0.010488276795619736
 4.5967E-02,0.008697786906937068
 4.5985E-02,0.006876535807206109
 4.6002E-02,0.005104920882680533
 4.6019E-02,0.003460580800392663
 4.6037E-02,0.002014936111547281
 4.6054E-02,0.00083015255039438
 4.6071E-02,-4.336949905109659e-05
 4.6089E-02,-0.000568935152729464
 4.6106E-02,-0.0007249155339978935
 4.6123E-02,-0.0005055285594183266
 4.6140E-02,7.896969438269427e-05
 4.6158E-02,0.0010027085304540237
 4.6175E-02,0.0022252676895024043
 4.6192E-02,0.0036933834655065974
 4.6210E-02,0.005343248365803644
 4.6227E-02,0.007103305902244465
 4.6244E-02,0.008897396596977298
 4.6262E-02,0.010648080529422593
 4.6279E-02,0.012279955656649867
 4.6296E-02,0.013722807505509221
 4.6314E-02,0.014914456559262759
 4.6331E-02,0.015803214632336464
 4.6348E-02,0.016349914752975443
 4.6366E-02,0.016529514709194976
 4.6383E-02,0.016332270788705774
 4.6400E-02,0.01576444260571802
 4.6418E-02,0.014848446101228131
 4.6435E-02,0.013622343065879857
 4.6452E-02,0.012138563567184062
 4.6470E-02,0.010461812827989952
 4.6487E-02,0.008666203343404101
 4.6504E-02,0.006831753155902976
 4.6522E-02,0.005040484011127062
 4.6539E-02,0.0033724165829894116
 4.6556E-02,0.0019017678507251038
 4.6573E-02,0.000693601349179252
 4.6591E-02,-0.00019891469042393516
 4.6608E-02,-0.0007365925281497661
 4.6625E-02,-0.0008956890864593528
 4.6643E-02,-0.0006688156363805263
 4.6660E-02,-6.532657373137598e-05
 4.6677E-02,0.0008888496129092929
 4.6695E-02,0.002152036996063687
 4.6712E-02,0.0036684116919188875
 4.6729E-02,0.005370433587073734
 4.6747E-02,0.007182049800674279
 4.6764E-02,0.009022468041437567
 4.6781E-02,0.010810187007155147
 4.6799E-02,0.012466924798120142
 4.6816E-02,0.0139211240027984
 4.6833E-02,0.015110832761380031
 4.6851E-02,0.015985923081090515
 4.6868E-02,0.016509739847777555
 4.6885E-02,0.016660321016907554
 4.6903E-02,0.016431277445022166
 4.6920E-02,0.01583229834063695
 4.6937E-02,0.014889124816629403
 4.6955E-02,0.013642789456368957
 4.6972E-02,0.01214798588566444
 4.6989E-02,0.010470574529357258
 4.7006E-02,0.008684387412663197
 4.7024E-02,0.006867611335409845
 4.7041E-02,0.0050990683289229444
 4.7058E-02,0.0034546723090613297
 4.7076E-02,0.002004254222664688
 4.7093E-02,0.0008088522408183575
 4.7110E-02,-8.151853287971219e-05
 4.7128E-02,-0.0006296508204672294
 4.7145E-02,-0.0008125181419565825
 4.7162E-02,-0.0006222308433894774
 4.7180E-02,-6.652054557324092e-05
 4.7197E-02,0.0008313384197714377
 4.7214E-02,0.0020332676623579723
 4.7232E-02,0.003487840824039941
 4.7249E-02,0.005132438328962501
 4.7266E-02,0.006895998956727971
 4.7284E-02,0.008702197576736681
 4.7301E-02,0.010472833962086215
 4.7318E-02,0.012131212527494073
 4.7336E-02,0.013605333025329368
 4.7353E-02,0.01483077862564943
 4.7370E-02,0.015753257237921016
 4.7388E-02,0.0163308089141011
 4.7405E-02,0.01653570894413575
 4.7422E-02,0.01635604519347399
 4.7439E-02,0.015796848470936545
 4.7457E-02,0.014880567999213857
 4.7474E-02,0.013646661872975982
 4.7491E-02,0.01215013412018966
 4.7509E-02,0.010458988881920539
 4.7526E-02,0.00865074850428317
 4.7543E-02,0.0068083349516869125
 4.7561E-02,0.005015701668916369
 4.7578E-02,0.003353613812812296
 4.7595E-02,0.0018959041040655501
 4.7613E-02,0.0007063921726277633
 4.7630E-02,-0.00016350221872306174
 4.7647E-02,-0.0006765362760910088
 4.7665E-02,-0.0008109338983033026
 4.7682E-02,-0.0005612645421250557
 4.7699E-02,6.112358009012552e-05
 4.7717E-02,0.0010282680650329755
 4.7734E-02,0.002296554185883595
 4.7751E-02,0.003808615169990641
 4.7769E-02,0.005496164991438304
 4.7786E-02,0.007283570771411362
 4.7803E-02,0.009091812995548043
 4.7821E-02,0.010842415443670532
 4.7838E-02,0.012460972318759728
 4.7855E-02,0.01388003168115762
 4.7872E-02,0.01504127574409206
 4.7890E-02,0.015897122089238176
 4.7907E-02,0.01641198183845007
 4.7924E-02,0.016563393320403387
 4.7942E-02,0.01634311151643049
 4.7959E-02,0.01575803969294353
 4.7976E-02,0.014830726674612132
 4.7994E-02,0.013599103704861502
 4.8011E-02,0.012115232273766926
 4.8028E-02,0.01044303019573773
 4.8046E-02,0.00865514829618252
 4.8063E-02,0.006829317820089753
 4.8080E-02,0.005044545556051817
 4.8098E-02,0.00337749152890327
 4.8115E-02,0.0018992519484182333
 4.8132E-02,0.0006726406239330335
 4.8150E-02,-0.0002500466957240786
 4.8167E-02,-0.0008288677319636233
 4.8184E-02,-0.0010377562144865502
 4.8202E-02,-0.0008657583111284663
 4.8219E-02,-0.00031791543981283296
 4.8236E-02,0.0005843613725998358
 4.8254E-02,0.001803628913474516
 4.8271E-02,0.003287641716923464
 4.8288E-02,0.00497154749951921
 4.8305E-02,0.0067809612999817975
 4.8323E-02,0.008635675142258192
 4.8340E-02,0.010453648212008372
 4.8357E-02,0.012154891491304005
 4.8375E-02,0.01366493981292438
 4.8392E-02,0.014917771553943525
 4.8409E-02,0.015858216565654518
 4.8427E-02,0.016444011266602155
 4.8444E-02,0.016647663467031046
 4.8461E-02,0.016458153195987296
 4.8479E-02,0.01588226916465943
 4.8496E-02,0.014945197678297847
 4.8513E-02,0.01368996261585464
 4.8531E-02,0.012175481479109107
 4.8548E-02,0.010473288736908205
 4.8565E-02,0.008663277929633551
 4.8583E-02,0.006829011136610682
 4.8600E-02,0.005053169416625686
 4.8617E-02,0.003413590643220229
 4.8635E-02,0.0019801278472481513
 4.8652E-02,0.0008123258284870819
 4.8669E-02,-4.227095931750972e-05
 4.8687E-02,-0.0005494289127659589
 4.8704E-02,-0.0006893293707110346
 4.8721E-02,-0.000457478777570958
 4.8738E-02,0.00013474299620653207
 4.8756E-02,0.0010601822085373764
 4.8773E-02,0.0022769249945230885
 4.8790E-02,0.0037303252755772334
 4.8808E-02,0.005355912908450211
 4.8825E-02,0.00708284618270524
 4.8842E-02,0.008837470095093542
 4.8860E-02,0.010546574748040688
 4.8877E-02,0.012140103851704682
 4.8894E-02,0.01355326731740825
 4.8912E-02,0.014728187699619243
 4.8929E-02,0.015615325420748885
 4.8946E-02,0.016174955665626076
 4.8964E-02,0.016378873566699384
 4.8981E-02,0.01621229842054335
 4.8998E-02,0.015675717072710933
 4.9016E-02,0.014786244357102796
 4.9033E-02,0.013578047242971236
 4.9050E-02,0.01210150499365828
 4.9068E-02,0.010421021041933728
 4.9085E-02,0.008611666297847723
 4.9102E-02,0.006755035665012915
 4.9120E-02,0.004934805484548111
 4.9137E-02,0.003232471104368367
 4.9154E-02,0.001723618912077707
 4.9171E-02,0.0004748929763277402
 4.9189E-02,-0.0004583744127328053
 4.9206E-02,-0.0010340329409412468
 4.9223E-02,-0.0012246870871109369
 4.9241E-02,-0.0010190874318490443
 4.9258E-02,-0.0004232749147895684
 4.9275E-02,0.0005387798363699223
 4.9293E-02,0.0018254142703548028
 4.9310E-02,0.003378732396245068
 4.9327E-02,0.005127431220783128
 4.9345E-02,0.006990832863947527
 4.9362E-02,0.008883661583781458
 4.9379E-02,0.010720927211850795
 4.9397E-02,0.012422274408859024
 4.9414E-02,0.013915350966920002
 4.9431E-02,0.015138097278897242
 4.9449E-02,0.01604022287771442
 4.9466E-02,0.016584343051859855
 4.9483E-02,0.016747202980789595
 4.9501E-02,0.016521127887501548
 4.9518E-02,0.0159154226383391
 4.9535E-02,0.01495712158614062
 4.9553E-02,0.013690461224576327
 4.9570E-02,0.01217473967275955
 4.9587E-02,0.010480685645598781
 4.9604E-02,0.008685883133641176
 4.9622E-02,0.006870021043078094
 4.9639E-02,0.005110678841545316
 4.9656E-02,0.003480074036566199
 4.9674E-02,0.002042837338374616
 4.9691E-02,0.0008545819474899928
 4.9708E-02,-3.912910402148332e-05
 4.9726E-02,-0.0006037942030018408
 4.9743E-02,-0.0008171489305486599
 4.9760E-02,-0.0006704262048417768
 4.9778E-02,-0.0001693994715808399
 4.9795E-02,0.0006651884575595248
 4.9812E-02,0.0017981372572082824
 4.9830E-02,0.0031813444427497123
 4.9847E-02,0.004756235520864128
 4.9864E-02,0.006456708925541519
 4.9882E-02,0.008212179305185445
 4.9899E-02,0.00995037466175188
 4.9916E-02,0.011599719065982656
 4.9934E-02,0.013091347345961282
 4.9951E-02,0.014360957550623245
 4.9968E-02,0.015350771557363488
 4.9986E-02,0.016011850899871657
 5.0003E-02,0.016306879366184145
 5.0020E-02,0.016213260666589163
 5.0037E-02,0.01572607794080216
 5.0055E-02,0.01486026862640547
 5.0072E-02,0.013651371983964213
 5.0089E-02,0.012154420670780031
 5.0107E-02,0.01044092233331769
 5.0124E-02,0.008594284482593388
 5.0141E-02,0.006704330284311668
 5.0159E-02,0.004861668676882393
 5.0176E-02,0.003152619415599198
 5.0193E-02,0.0016551614155604158
 5.0211E-02,0.0004360278319947889
 5.0228E-02,-0.0004512543474571721
 5.0245E-02,-0.0009677664437939392
 5.0263E-02,-0.0010904207655686288
 5.0280E-02,-0.000813182562268949
 5.0297E-02,-0.00014813813080625994
 5.0315E-02,0.0008740507556749495
 5.0332E-02,0.002204874156370952
 5.0349E-02,0.0037802903362157483
 5.0367E-02,0.0055246563493658
 5.0384E-02,0.007355827861948951
 5.0401E-02,0.009190618654410634
 5.0419E-02,0.010949710010205225
 5.0436E-02,0.012561287702609489
 5.0453E-02,0.013963083247772524
 5.0470E-02,0.015103003848415635
 5.0488E-02,0.01593899268465586
 5.0505E-02,0.01643895734146828
 5.0522E-02,0.01658142338130535
 5.0540E-02,0.016357085959591195
 5.0557E-02,0.01577084849853375
 5.0574E-02,0.01484351012942678
 5.0592E-02,0.013612216273593538
 5.0609E-02,0.012129153587334749
 5.0626E-02,0.010458545808537873
 5.0644E-02,0.008672515269993646
 5.0661E-02,0.006846637230513302
 5.0678E-02,0.00505596477876291
 5.0696E-02,0.003371988550038667
 5.0713E-02,0.0018605845796292604
 5.0730E-02,0.0005806749761068705
 5.0748E-02,-0.0004168391522552286
 5.0765E-02,-0.0010902992061054034
 5.0782E-02,-0.0014089020712012002
 5.0800E-02,-0.0013546476828679571
 5.0817E-02,-0.000924297425056363
 5.0834E-02,-0.0001308692621484202
 5.0852E-02,0.000995808752807459
 5.0869E-02,0.0024098088038888928
 5.0886E-02,0.00405112364682306
 5.0903E-02,0.005848763229838485
 5.0921E-02,0.007724499535098186
 5.0938E-02,0.00959674379303929
 5.0955E-02,0.011384092258886716
 5.0973E-02,0.01300829792285728
 5.0990E-02,0.01439673787399494
 5.1007E-02,0.015484707736963841
 5.1025E-02,0.01621798788034685
 5.1042E-02,0.016556009625655524
 5.1059E-02,0.01647554702217804
 5.1077E-02,0.015974302426928856
 5.1094E-02,0.01507336383573621
 5.1111E-02,0.013817533480982845
 5.1129E-02,0.012272965229995205
 5.1146E-02,0.010522240356614802
 5.1163E-02,0.008657700659828772
 5.1181E-02,0.006774263858492105
 5.1198E-02,0.004962935876549287
 5.1215E-02,0.0033058884570211786
 5.1233E-02,0.0018734377704321171
 5.1250E-02,0.0007226819891457484
 5.1267E-02,-0.00010287441972920558
 5.1285E-02,-0.0005734873357497398
 5.1302E-02,-0.0006736745673211423
 5.1319E-02,-0.0004031465150263192
 5.1336E-02,0.00022224238033386628
 5.1354E-02,0.001170268219012855
 5.1371E-02,0.0023935492812022768
 5.1388E-02,0.003832483447434822
 5.1406E-02,0.005419604423670705
 5.1423E-02,0.0070845383427830646
 5.1440E-02,0.008758511283015987
 5.1458E-02,0.01037751654081188
 5.1475E-02,0.011883732578084697
 5.1492E-02,0.013225364045974946
 5.1510E-02,0.014355567107845439
 5.1527E-02,0.015231421828885683
 5.1544E-02,0.015813921760402513
 5.1562E-02,0.016069584433835517
 5.1579E-02,0.0159736519518525
 5.1596E-02,0.015514197029922502
 5.1614E-02,0.014696009401866906
 5.1631E-02,0.013543079365123504
 5.1648E-02,0.012098869288593982
 5.1666E-02,0.010424202287720324
 5.1683E-02,0.00859321177101553
 5.1700E-02,0.0066881970905698605
 5.1718E-02,0.0047943567445855335
 5.1735E-02,0.002995204791675113
 5.1752E-02,0.001369087369450062
 5.1769E-02,-1.3223817505701946e-05
 5.1787E-02,-0.0010902290771255818
 5.1804E-02,-0.0018112385610467834
 5.1821E-02,-0.002138254088608252
 5.1839E-02,-0.00204840399140796
 5.1856E-02,-0.0015367050334239977
 5.1873E-02,-0.0006185224603788749
 5.1891E-02,0.0006691356314622673
 5.1908E-02,0.002268298161485937
 5.1925E-02,0.004103086213462802
 5.1943E-02,0.006084913016060477
 5.1960E-02,0.008118996332013895
 5.1977E-02,0.01011097215224563
 5.1995E-02,0.011972376118594303
 5.2000E-02,0.012510964217563418
