  0.000,0.0
  1.000,0.01853585595185055
  0.000,0.01853585595185055
 1.4180E-05,0.019159293489522545
 2.8360E-05,0.021238327916662404
 4.2540E-05,0.024145085212521636
 5.6720E-05,0.028267690949457334
 7.0900E-05,0.0336912925997962
 8.5080E-05,0.039252987531182656
 9.9260E-05,0.043492944684270764
 1.1344E-04,0.04562366554751443
 1.2762E-04,0.04544981914520698
 1.4180E-04,0.0427357011584742
 1.5598E-04,0.03735997776387207
 1.7016E-04,0.030316607310347885
 1.8434E-04,0.023240307671213815
 1.9852E-04,0.017028267955423847
 2.1270E-04,0.011975345988141355
 2.2688E-04,0.008581952407943527
 2.4106E-04,0.007166389829554859
 2.5524E-04,0.007011369214979965
 2.6942E-04,0.006865867365079766
 2.8360E-04,0.006161326363223043
 2.9778E-04,0.004892212613289723
 3.1196E-04,0.002826667343718413
 3.2614E-04,-3.973817565169251e-05
 3.4032E-04,-0.0027623688734497993
 3.5450E-04,-0.004073600864524218
 3.6868E-04,-0.0033609112382881204
 3.8286E-04,-0.0005281989999730632
 3.9704E-04,0.004542141380257187
 4.1122E-04,0.011614369992844407
 4.2540E-04,0.01959881445876708
 4.3958E-04,0.027090750789721924
 4.5376E-04,0.033154332653305946
 4.6794E-04,0.03734189334735981
 4.8212E-04,0.03933757366223686
 4.9630E-04,0.03910985318401212
 5.1048E-04,0.03738060405889069
 5.2466E-04,0.03530559713048429
 5.3884E-04,0.03359540709940556
 5.5302E-04,0.032450650997047366
 5.6720E-04,0.03205613585982828
 5.8138E-04,0.03235689740088335
 5.9556E-04,0.03257738307403905
 6.0974E-04,0.03167394177191194
 6.2392E-04,0.029122542361823905
 6.3810E-04,0.024866439521704198
 6.5228E-04,0.018960533305695734
 6.6646E-04,0.011829896949134163
 6.8064E-04,0.00453949149677126
 6.9482E-04,-0.0016492047705689442
 7.0900E-04,-0.005883229710251435
 7.2318E-04,-0.007775360243229149
 7.3736E-04,-0.007182908003286775
 7.5154E-04,-0.004331138011451394
 7.6572E-04,-4.971145282241327e-05
 7.7990E-04,0.004547399902464671
 7.9408E-04,0.008665901726696179
 8.0826E-04,0.011937598854941181
 8.2244E-04,0.014185191894447412
 8.3662E-04,0.015525845237670997
 8.5080E-04,0.016606098333541378
 8.6498E-04,0.018288970280572196
 8.7916E-04,0.02107555254043578
 8.9334E-04,0.025028367806163104
 9.0752E-04,0.029996964661413262
 9.2170E-04,0.03551336359422891
 9.3588E-04,0.040623196728823946
 9.5006E-04,0.04422750731448959
 9.6424E-04,0.045611325434134174
 9.7842E-04,0.04452345014015341
 9.9260E-04,0.04101542727721881
 1.0068E-03,0.03553806971486252
 1.0210E-03,0.029040578160008906
 1.0351E-03,0.022641728384847522
 1.0493E-03,0.017169397393231558
 1.0635E-03,0.01305230783141589
 1.0777E-03,0.010426437248936687
 1.0919E-03,0.009081862936677676
 1.1060E-03,0.008388119356691027
 1.1202E-03,0.007561883125243835
 1.1344E-03,0.006096909800206367
 1.1486E-03,0.003883597792336122
 1.1628E-03,0.0010845782284920175
 1.1769E-03,-0.0018407613756610017
 1.1911E-03,-0.004076467027172133
 1.2053E-03,-0.004729360268282415
 1.2195E-03,-0.0032489963129177226
 1.2337E-03,0.0004692752177241511
 1.2478E-03,0.006187609379136187
 1.2620E-03,0.013294358425229285
 1.2762E-03,0.020790657890423506
 1.2904E-03,0.02757918896165415
 1.3046E-03,0.03284821652913661
 1.3187E-03,0.03619675033889409
 1.3329E-03,0.03757956662502668
 1.3471E-03,0.037324574212571474
 1.3613E-03,0.03612590031773731
 1.3755E-03,0.03478851459919785
 1.3896E-03,0.03387629527985211
 1.4038E-03,0.03358491687451486
 1.4180E-03,0.03380185263611703
 1.4322E-03,0.03411366909555087
 1.4464E-03,0.03382771157098498
 1.4605E-03,0.03222122022160424
 1.4747E-03,0.028877139976436404
 1.4889E-03,0.02380044071575471
 1.5031E-03,0.01735550034155685
 1.5173E-03,0.010243153448735796
 1.5314E-03,0.003448027025871157
 1.5456E-03,-0.0020220541943215577
 1.5598E-03,-0.005460948471960579
 1.5740E-03,-0.006587133503121744
 1.5882E-03,-0.005506856408928227
 1.6023E-03,-0.002697378286063433
 1.6165E-03,0.0010540231097949165
 1.6307E-03,0.0048936949835932005
 1.6449E-03,0.008197880949807682
 1.6591E-03,0.010697468503358511
 1.6732E-03,0.012454528804521258
 1.6874E-03,0.0138345956264433
 1.7016E-03,0.0154353045010018
 1.7158E-03,0.017861141396458467
 1.7300E-03,0.021449714085971544
 1.7441E-03,0.02615511207650041
 1.7583E-03,0.03158349321166936
 1.7725E-03,0.03704462355405638
 1.7867E-03,0.04164436932103675
 1.8009E-03,0.04452102925239377
 1.8150E-03,0.04512313530404633
 1.8292E-03,0.043330826606628556
 1.8434E-03,0.0394292163971226
 1.8576E-03,0.034056977570633015
 1.8718E-03,0.02810172715022595
 1.8859E-03,0.02246350909540381
 1.9001E-03,0.017792390624373468
 1.9143E-03,0.0143691516917851
 1.9285E-03,0.012119701388403521
 1.9427E-03,0.010664634658885817
 1.9568E-03,0.009423459673401528
 1.9710E-03,0.007829655723656972
 1.9852E-03,0.005565080581188821
 1.9994E-03,0.00266551855755616
 2.0136E-03,-0.0005049237261670865
 2.0277E-03,-0.0033238712358290485
 2.0419E-03,-0.005031526329872861
 2.0561E-03,-0.00494777521663311
 2.0703E-03,-0.0027028122340149135
 2.0845E-03,0.0016570971642963779
 2.0986E-03,0.007694241755096556
 2.1128E-03,0.014655404032290906
 2.1270E-03,0.021603181267999216
 2.1412E-03,0.027639346664756505
 2.1554E-03,0.03213877577112162
 2.1695E-03,0.03486507177879408
 2.1837E-03,0.03596030212637822
 2.1979E-03,0.03587664524551158
 2.2121E-03,0.03524889723769253
 2.2263E-03,0.034685031413106825
 2.2404E-03,0.03455407523566722
 2.2546E-03,0.034885812885475924
 2.2688E-03,0.035390281175977895
 2.2830E-03,0.03553848951295152
 2.2972E-03,0.034699527661097705
 2.3113E-03,0.03234601004223099
 2.3255E-03,0.02825435040998714
 2.3397E-03,0.02259550128480395
 2.3539E-03,0.015904783886621077
 2.3681E-03,0.008984518308826867
 2.3822E-03,0.0027511440549422405
 2.3964E-03,-0.0019779458826617293
 2.4106E-03,-0.004688337146584751
 2.4248E-03,-0.005266759287963401
 2.4390E-03,-0.0039825469909337925
 2.4531E-03,-0.0014008816677450499
 2.4673E-03,0.001760932832058056
 2.4815E-03,0.004834475690736138
 2.4957E-03,0.007391254765270193
 2.5099E-03,0.009335133798050614
 2.5240E-03,0.010884103301408626
 2.5382E-03,0.012482668385232765
 2.5524E-03,0.014658985454903897
 2.5666E-03,0.0178343998076389
 2.5808E-03,0.02214941377836141
 2.5949E-03,0.027386555965846188
 2.6091E-03,0.03300328269919087
 2.6233E-03,0.038237602227476006
 2.6375E-03,0.04226829807581538
 2.6517E-03,0.04441664138928585
 2.6658E-03,0.044327158252494565
 2.6800E-03,0.042050500974460364
 2.6942E-03,0.038014096468387416
 2.7084E-03,0.03291599011886415
 2.7226E-03,0.027563497368530258
 2.7367E-03,0.02267478375192942
 2.7509E-03,0.0187041283410586
 2.7651E-03,0.015761274693863007
 2.7793E-03,0.013637006986338332
 2.7935E-03,0.011902117702398117
 2.8076E-03,0.01005777139870964
 2.8218E-03,0.0077165477047930215
 2.8360E-03,0.004756381901609652
 2.8502E-03,0.0013829631471909826
 2.8644E-03,-0.0019112152912145858
 2.8785E-03,-0.0044605621231207995
 2.8927E-03,-0.005588037680535513
 2.9069E-03,-0.004790285911743144
 2.9211E-03,-0.0018910046250977838
 2.9353E-03,0.002897190348842949
 2.9494E-03,0.009014532951124444
 2.9636E-03,0.01567164602689124
 2.9778E-03,0.022017375641229124
 2.9920E-03,0.02733027025567205
 3.0062E-03,0.03117897692342928
 3.0203E-03,0.03349323052843925
 3.0345E-03,0.03453212945307863
 3.0487E-03,0.034775868618545334
 3.0629E-03,0.03476830910226892
 3.0771E-03,0.03494027835489726
 3.0912E-03,0.035467108880825084
 3.1054E-03,0.03621388390763459
 3.1196E-03,0.03677935512366129
 3.1338E-03,0.036613069048441686
 3.1480E-03,0.0351770813274591
 3.1621E-03,0.03211968537106784
 3.1763E-03,0.027408898652301342
 3.1905E-03,0.02137612051701151
 3.2047E-03,0.014660113446284116
 3.2189E-03,0.008076749135993396
 3.2330E-03,0.0024458565961229676
 3.2472E-03,-0.0015900004834089642
 3.2614E-03,-0.00370497753142107
 3.2756E-03,-0.0039419384922419615
 3.2898E-03,-0.0026676256251948194
 3.3039E-03,-0.00045471442178790945
 3.3181E-03,0.0020788483788497514
 3.3323E-03,0.004439083411283055
 3.3465E-03,0.006385642597004559
 3.3607E-03,0.00797778564512941
 3.3748E-03,0.00952732313326692
 3.3890E-03,0.011481637641457544
 3.4032E-03,0.014268017302373792
 3.4174E-03,0.01813478750496155
 3.4316E-03,0.023036317242142525
 3.4457E-03,0.02860294861627748
 3.4599E-03,0.03420369366813555
 3.4741E-03,0.03907895070934638
 3.4883E-03,0.0425109204450459
 3.5025E-03,0.04399381523475354
 3.5166E-03,0.043356393946969184
 3.5308E-03,0.04079711227982146
 3.5450E-03,0.03682456048235267
 3.5592E-03,0.03212646058018826
 3.5734E-03,0.027401666801727592
 3.5875E-03,0.023194536913957686
 3.6017E-03,0.01977710952561461
 3.6159E-03,0.017115099757460644
 3.6301E-03,0.014923329167211466
 3.6443E-03,0.012787642288450321
 3.6584E-03,0.010319314907315266
 3.6726E-03,0.007303348078047361
 3.6868E-03,0.0037973633088082483
 3.7010E-03,0.00014761060016440846
 3.7152E-03,-0.003082200311195789
 3.7293E-03,-0.005245547220778919
 3.7435E-03,-0.005776148172867851
 3.7577E-03,-0.004340498523213157
 3.7719E-03,-0.0009380048141959842
 3.7861E-03,0.004082918021577828
 3.8002E-03,0.010096702079298098
 3.8144E-03,0.01633775267588028
 3.8286E-03,0.022068282256085474
 3.8428E-03,0.0267373413128499
 3.8570E-03,0.030088553237069136
 3.8711E-03,0.03218485059050559
 3.8853E-03,0.03334631954366922
 3.8995E-03,0.03402395985954645
 3.9137E-03,0.03464481565556168
 3.9279E-03,0.03546876643252543
 3.9420E-03,0.03649802080447773
 3.9562E-03,0.037467871319628185
 3.9704E-03,0.03792052297342085
 3.9846E-03,0.0373386322566933
 3.9988E-03,0.03530241366691469
 4.0129E-03,0.031629388584219584
 4.0271E-03,0.02645676437010868
 4.0413E-03,0.020240040502338952
 4.0555E-03,0.013667708647975042
 4.0697E-03,0.007516825974407297
 4.0838E-03,0.002486899875735256
 4.0980E-03,-0.0009471213567161449
 4.1122E-03,-0.0026246380559122456
 4.1264E-03,-0.0027076142844111384
 4.1406E-03,-0.0016074827619156165
 4.1547E-03,0.00014569908866958773
 4.1689E-03,0.0020560044129390347
 4.1831E-03,0.0037969463932874758
 4.1973E-03,0.00529222604358362
 4.2115E-03,0.0067180742291479125
 4.2256E-03,0.008428055485000563
 4.2398E-03,0.01082442170621763
 4.2540E-03,0.014211894614040156
 4.2682E-03,0.018673028580680956
 4.2824E-03,0.024001355691570383
 4.2965E-03,0.029714285931362144
 4.3107E-03,0.035143463247678634
 4.3249E-03,0.03957811613993856
 4.3391E-03,0.0424247499944758
 4.3533E-03,0.04334256987401335
 4.3674E-03,0.042317990084124076
 4.3816E-03,0.03965704941199194
 4.3958E-03,0.03589898170483516
 4.4100E-03,0.03167656090256384
 4.4242E-03,0.027561024181870356
 4.4383E-03,0.023931952579887603
 4.4525E-03,0.02090660720323632
 4.4667E-03,0.018347293207625827
 4.4809E-03,0.015942335980403913
 4.4951E-03,0.013335326367411214
 4.5092E-03,0.010265614768102511
 4.5234E-03,0.006681110271558434
 4.5376E-03,0.0027908532220593195
 4.5518E-03,-0.0009595359431803538
 4.5660E-03,-0.003983689553579923
 4.5801E-03,-0.00569504048499413
 4.5943E-03,-0.005654817966806137
 4.6085E-03,-0.003689303609550756
 4.6227E-03,5.519782793512009e-05
 4.6369E-03,0.005135763925542235
 4.6510E-03,0.010908643153737838
 4.6652E-03,0.01667163046061881
 4.6794E-03,0.021816351739931975
 4.6936E-03,0.025951792063932482
 4.7078E-03,0.028966849029756755
 4.7219E-03,0.03101573293283464
 4.7361E-03,0.032432475261744566
 4.7503E-03,0.0336007685859995
 4.7645E-03,0.03481621914326096
 4.7787E-03,0.03617933623750141
 4.7928E-03,0.037549683864424276
 4.8070E-03,0.03857490440783396
 4.8212E-03,0.03878682981410574
 4.8354E-03,0.03773780903293778
 4.8496E-03,0.03513957222465178
 4.8637E-03,0.030966378938629878
 4.8779E-03,0.025493275751218424
 4.8921E-03,0.019257413455226614
 4.9063E-03,0.012951820258961536
 4.9205E-03,0.007279947328743718
 4.9346E-03,0.002809102727719512
 4.9488E-03,-0.00014007310141388998
 4.9630E-03,-0.001540554860925549
 4.9772E-03,-0.0016312707019259167
 4.9914E-03,-0.000824200669894343
 5.0055E-03,0.00042671506924694383
 5.0197E-03,0.001758598406549378
 5.0339E-03,0.002998697631272217
 5.0481E-03,0.0042025916908129
 5.0623E-03,0.005621147294500519
 5.0764E-03,0.007606291179962659
 5.0906E-03,0.010482989289298644
 5.1048E-03,0.014423487232116077
 5.1190E-03,0.01935903823328115
 5.1332E-03,0.02495493808299097
 5.1473E-03,0.030657940663396707
 5.1615E-03,0.03580498835803634
 5.1757E-03,0.03976519411332269
 5.1899E-03,0.042078200561543835
 5.2041E-03,0.04255280791182131
 5.2182E-03,0.041299749387839306
 5.2324E-03,0.03869018689278822
 5.2466E-03,0.035252148594923434
 5.2608E-03,0.03153398747980869
 5.2750E-03,0.02797206493139824
 5.2891E-03,0.024797642156806153
 5.3033E-03,0.02200687746501316
 5.3175E-03,0.019400686939329653
 5.3317E-03,0.016681684836814946
 5.3459E-03,0.01357932355117134
 5.3600E-03,0.009967139697061651
 5.3742E-03,0.00593883408356504
 5.3884E-03,0.0018208739345981443
 5.4026E-03,-0.0018836231363809249
 5.4168E-03,-0.0046054400096096505
 5.4309E-03,-0.005844628657575343
 5.4451E-03,-0.005294948734120122
 5.4593E-03,-0.0029248697385551798
 5.4735E-03,0.001006451944383785
 5.4877E-03,0.0060030521835429665
 5.5018E-03,0.011441981637898188
 5.5160E-03,0.01671020997905863
 5.5302E-03,0.02133303630278427
 5.5444E-03,0.02506111768511219
 5.5586E-03,0.02789411785310143
 5.5727E-03,0.030036048270928112
 5.5869E-03,0.03179659365538483
 5.6011E-03,0.03346765481152247
 5.6153E-03,0.035210488409105636
 5.6295E-03,0.03698537841734294
 5.6436E-03,0.038544009623805726
 5.6578E-03,0.03948752126346664
 5.6720E-03,0.039374798416353024
 5.6862E-03,0.037851109937168906
 5.7004E-03,0.034761372555339516
 5.7145E-03,0.03021658853324267
 5.7287E-03,0.024594511416834434
 5.7429E-03,0.018473063414436813
 5.7571E-03,0.012513470551099571
 5.7713E-03,0.007323928876721531
 5.7854E-03,0.003339149867556415
 5.7996E-03,0.0007459904971311992
 5.8138E-03,-0.0005270668821536347
 5.8280E-03,-0.0007556717953709539
 5.8422E-03,-0.00031704544953705
 5.8563E-03,0.00043163475127692866
 5.8705E-03,0.001260210066552107
 5.8847E-03,0.002128669939069252
 5.8989E-03,0.0031892816912563577
 5.9131E-03,0.0047276022586837906
 5.9272E-03,0.007059441560708514
 5.9414E-03,0.01041296805885316
 5.9556E-03,0.014829233269586073
 5.9698E-03,0.02010966736660512
 5.9840E-03,0.02582657818265757
 5.9981E-03,0.031395676711910514
 6.0123E-03,0.03619293231871894
 6.0265E-03,0.039685866693444725
 6.0407E-03,0.04154504843024567
 6.0549E-03,0.041706635097421736
 6.0690E-03,0.04037000214121128
 6.0832E-03,0.037932065189183004
 6.0974E-03,0.03487694294196666
 6.1116E-03,0.0316515373799236
 6.1258E-03,0.028560878446704116
 6.1399E-03,0.025710752357919503
 6.1541E-03,0.023011763972682772
 6.1683E-03,0.02024218186436431
 6.1825E-03,0.017150568907349027
 6.1967E-03,0.013568088955988242
 6.2108E-03,0.009498008015098328
 6.2250E-03,0.005156453613501814
 6.2392E-03,0.0009517253753611966
 6.2534E-03,-0.002593712114922608
 6.2676E-03,-0.004958363113216388
 6.2817E-03,-0.0057436042117941675
 6.2959E-03,-0.0047704536780624595
 6.3101E-03,-0.0021259322192372777
 6.3243E-03,0.0018532717854723491
 6.3385E-03,0.006655720648931647
 6.3526E-03,0.011709145885557312
 6.3668E-03,0.016503626101668684
 6.3810E-03,0.020692151690870665
 6.3952E-03,0.02414293207914186
 6.4094E-03,0.02693088737720437
 6.4235E-03,0.029272551894065905
 6.4377E-03,0.03142427317137603
 6.4519E-03,0.0335734366634154
 6.4661E-03,0.035753985658446216
 6.4803E-03,0.037810635906680067
 6.4944E-03,0.03942265552804204
 6.5086E-03,0.04018142605228403
 6.5228E-03,0.03970092492651555
 6.5370E-03,0.03773091338931969
 6.5512E-03,0.03424147197951044
 6.5653E-03,0.029455082617778718
 6.5795E-03,0.023816675215933933
 6.5937E-03,0.017908854148324854
 6.6079E-03,0.012334240579585331
 6.6221E-03,0.0075954830942619135
 6.6362E-03,0.004003612608721618
 6.6504E-03,0.00163727251020938
 6.6646E-03,0.0003615431842000445
 6.6788E-03,-0.00010074088348591262
 6.6930E-03,-6.617098625149405e-05
 6.7071E-03,0.00021439069883581518
 6.7213E-03,0.0006340195807257394
 6.7355E-03,0.001259518213189876
 6.7497E-03,0.002304790135496393
 6.7639E-03,0.004055485108450506
 6.7780E-03,0.006766286373861834
 6.7922E-03,0.01055989850853302
 6.8064E-03,0.015356403117198764
 6.8206E-03,0.02085363368697116
 6.8348E-03,0.026565736850321483
 6.8489E-03,0.03191146191598246
 6.8631E-03,0.036330117559223454
 6.8773E-03,0.039395416045069055
 6.8915E-03,0.04089777360355971
 6.9057E-03,0.04087395283904619
 6.9198E-03,0.03957708873026952
 6.9340E-03,0.03739630461178163
 6.9482E-03,0.03474864688245508
 6.9624E-03,0.031973122542729646
 6.9766E-03,0.02925540422339487
 6.9907E-03,0.026602802618386677
 7.0049E-03,0.023874962523962796
 7.0191E-03,0.020860266681951962
 7.0333E-03,0.017375304457285586
 7.0475E-03,0.013358409093436703
 7.0616E-03,0.008929932711462574
 7.0758E-03,0.004401147895456306
 7.0900E-03,0.0002278420440011749
 7.1042E-03,-0.0030801327222709585
 7.1184E-03,-0.005070025422953489
 7.1325E-03,-0.0054490887552160775
 7.1467E-03,-0.004152441318382166
 7.1609E-03,-0.0013583527278053344
 7.1751E-03,0.0025528846707633876
 7.1893E-03,0.007085684228784385
 7.2034E-03,0.011738810051370275
 7.2176E-03,0.016109360791084847
 7.2318E-03,0.019964297408642195
 7.2460E-03,0.023261727719459113
 7.2602E-03,0.02611797274294921
 7.2743E-03,0.02873134620175817
 7.2885E-03,0.031285448531865274
 7.3027E-03,0.03386024895548125
 7.3169E-03,0.03637683643822674
 7.3311E-03,0.038592260471804855
 7.3452E-03,0.04014696442572588
 7.3594E-03,0.04065263157012232
 7.3736E-03,0.0397968075300655
 7.3878E-03,0.03743566655157663
 7.4020E-03,0.033649198995049964
 7.4161E-03,0.028743132087155697
 7.4303E-03,0.0231962803843815
 7.4445E-03,0.01756673346519504
 7.4587E-03,0.012381195066600738
 7.4729E-03,0.008035914044706549
 7.4870E-03,0.004734042510608503
 7.5012E-03,0.002474117813083933
 7.5154E-03,0.0010905399408703941
 7.5296E-03,0.0003330924476040353
 7.5438E-03,-3.765119254412304e-05
 7.5579E-03,-0.00016609829933496908
 7.5721E-03,-5.2191830421766727e-05
 7.5863E-03,0.0004495242245273991
 7.6005E-03,0.0015821933573157239
 7.6147E-03,0.0036037305790149747
 7.6288E-03,0.00669200170871778
 7.6430E-03,0.010864876460983672
 7.6572E-03,0.015938133621213393
 7.6714E-03,0.021534194044212994
 7.6856E-03,0.02714114872002875
 7.6997E-03,0.0322080487995954
 7.7139E-03,0.03625249505914388
 7.7281E-03,0.03895299892473187
 7.7423E-03,0.040202503633354904
 7.7565E-03,0.04010986161165375
 7.7706E-03,0.03895010748251291
 7.7848E-03,0.03707814091725911
 7.7990E-03,0.03483008472024308
 7.8132E-03,0.03243942405727533
 7.8274E-03,0.029990391974812666
 7.8415E-03,0.027420378605805568
 7.8557E-03,0.024569386140576258
 7.8699E-03,0.021261461005439408
 7.8841E-03,0.01739415254578665
 7.8983E-03,0.013009793877935036
 7.9124E-03,0.008327398898410221
 7.9266E-03,0.003724828477699744
 7.9408E-03,-0.000325434826148511
 7.9550E-03,-0.0033508555497068705
 7.9692E-03,-0.004979451940036981
 7.9833E-03,-0.005020479223846501
 7.9975E-03,-0.0035044804388330063
 8.0117E-03,-0.0006726393483071358
 8.0259E-03,0.0030814476932326295
 8.0401E-03,0.007302154522447611
 8.0542E-03,0.011570679529468643
 8.0684E-03,0.015586703823412342
 8.0826E-03,0.019212093344097663
 8.0968E-03,0.022466422889416502
 8.1110E-03,0.025477401642175466
 8.1251E-03,0.02840168049467557
 8.1393E-03,0.03133959813441629
 8.1535E-03,0.03426895468156574
 8.1677E-03,0.03701750555189366
 8.1819E-03,0.0392830668942001
 8.1960E-03,0.0406968605106592
 8.2102E-03,0.040913580526219004
 8.2244E-03,0.03970395686377957
 8.2386E-03,0.03702450669452849
 8.2528E-03,0.033045089091003475
 8.2669E-03,0.028126194911493662
 8.2811E-03,0.022751434391955535
 8.2953E-03,0.01743263134103038
 8.3095E-03,0.012611998608239163
 8.3237E-03,0.008586204290810483
 8.3378E-03,0.005470812690492174
 8.3520E-03,0.0032124673045862908
 8.3662E-03,0.001643330328374847
 8.3804E-03,0.0005611095160838572
 8.3946E-03,-0.00018858119581325076
 8.4087E-03,-0.0006510262272432326
 8.4229E-03,-0.0007397196966477579
 8.4371E-03,-0.00025864718104174093
 8.4513E-03,0.001036606336673089
 8.4655E-03,0.0033559449279881256
 8.4796E-03,0.006793265584739414
 8.4938E-03,0.011269480529654059
 8.5080E-03,0.016516810171060582
 8.5222E-03,0.022110213936712933
 8.5364E-03,0.02753929021249142
 8.5505E-03,0.03230309116817854
 8.5647E-03,0.0360039820381415
 8.5789E-03,0.03841674207753185
 8.5931E-03,0.039515661614154596
 8.6073E-03,0.03945369818065352
 8.6214E-03,0.03850067573046311
 8.6356E-03,0.036958426797597824
 8.6498E-03,0.03507666441340026
 8.6640E-03,0.032992643980243264
 8.6782E-03,0.030710631451058158
 8.6923E-03,0.028125860014199235
 8.7065E-03,0.025085168983262986
 8.7207E-03,0.021466267783438294
 8.7349E-03,0.01725232181304798
 8.7491E-03,0.012579760340665873
 8.7632E-03,0.007744549922628572
 8.7774E-03,0.003163598578428
 8.7916E-03,-0.0006997574004544535
 8.8058E-03,-0.003427451310664127
 8.8200E-03,-0.004732165959502485
 8.8341E-03,-0.004514819865514454
 8.8483E-03,-0.002879652897282236
 8.8625E-03,-0.00010355482318088896
 8.8767E-03,0.003431889625633214
 8.8909E-03,0.007327592996489479
 8.9050E-03,0.011250546939597773
 8.9192E-03,0.014992246225587822
 8.9334E-03,0.018487510431310653
 8.9476E-03,0.0217902629091518
 8.9618E-03,0.025014727645627954
 8.9759E-03,0.02826002090980199
 8.9901E-03,0.03154062585543723
 9.0043E-03,0.03474352379195283
 9.0185E-03,0.03762531221664487
 9.0327E-03,0.039851512501226614
 9.0468E-03,0.04106847722001012
 9.0610E-03,0.040989046185837166
 9.0752E-03,0.03946893687288964
 9.0894E-03,0.036553017059081705
 9.1036E-03,0.032478556780476966
 9.1177E-03,0.027634082612286906
 9.1319E-03,0.022484322416803804
 9.1461E-03,0.01748062626437732
 9.1603E-03,0.012979767271427075
 9.1745E-03,0.009191312712283503
 9.1886E-03,0.006165691484315608
 9.2028E-03,0.0038239539803064265
 9.2170E-03,0.0020190392461591315
 9.2312E-03,0.0006100852180154662
 9.2454E-03,-0.0004718872956428963
 9.2595E-03,-0.001185871441403925
 9.2737E-03,-0.0013814139149203948
 9.2879E-03,-0.0008379635858239607
 9.3021E-03,0.0006677021588449084
 9.3163E-03,0.0032846381169089386
 9.3304E-03,0.007022987671787969
 9.3446E-03,0.011719871630659608
 9.3588E-03,0.01704647960910706
 9.3730E-03,0.022556080183369336
 9.3872E-03,0.027761791224633042
 9.4013E-03,0.032224934209619346
 9.4155E-03,0.03563182421688176
 9.4297E-03,0.03783984326859323
 9.4439E-03,0.038881874161345184
 9.4581E-03,0.03892939081183625
 9.4722E-03,0.03822558923969204
 9.4864E-03,0.03700780879284555
 9.5006E-03,0.03544097795640481
 9.5148E-03,0.03358029321067371
 9.5290E-03,0.03137285778253681
 9.5431E-03,0.028696948967487073
 9.5573E-03,0.025426980386030088
 9.5715E-03,0.021504969943924056
 9.5857E-03,0.016997387463617855
 9.5999E-03,0.012120174844113187
 9.6140E-03,0.007223433579456884
 9.6282E-03,0.0027383197516517074
 9.6424E-03,-0.0009010174075216441
 9.6566E-03,-0.003340864271623389
 9.6708E-03,-0.004375686466655622
 9.6849E-03,-0.003983270607921656
 9.6991E-03,-0.002318889832307531
 9.7133E-03,0.0003292526473104092
 9.7275E-03,0.0036111057109172004
 9.7417E-03,0.007193485559389963
 9.7558E-03,0.010825854562465969
 9.7700E-03,0.014376434844098882
 9.7842E-03,0.017830278979002072
 9.7984E-03,0.021251510409859415
 9.8126E-03,0.024721871171493597
 9.8267E-03,0.028274247968791664
 9.8409E-03,0.031841203249550816
 9.8551E-03,0.0352343567451078
 9.8693E-03,0.038161897600200646
 9.8835E-03,0.04028088991534307
 9.8976E-03,0.041271244165942036
 9.9118E-03,0.04091194065500775
 9.9260E-03,0.03913908450473106
 9.9402E-03,0.036069997431478436
 9.9544E-03,0.03198656138700985
 9.9685E-03,0.027281900477717273
 9.9827E-03,0.022384176072806027
 9.9969E-03,0.01767710556775427
 1.0011E-02,0.013437260165629496
 1.0025E-02,0.009803242875264552
 1.0039E-02,0.006782953283159869
 1.0054E-02,0.004294775219131516
 1.0068E-02,0.0022294616619715412
 1.0082E-02,0.000514129949568177
 1.0096E-02,-0.0008404736436896962
 1.0110E-02,-0.001723376245907302
 1.0125E-02,-0.0019426705020352112
 1.0139E-02,-0.0012758011591758886
 1.0153E-02,0.00046279544610837225
 1.0167E-02,0.003355354879862444
 1.0181E-02,0.007334367532723917
 1.0195E-02,0.012169646019445621
 1.0210E-02,0.017493731512025896
 1.0224E-02,0.022860410294270918
 1.0238E-02,0.02782232226998802
 1.0252E-02,0.032008498415804845
 1.0266E-02,0.03518260407144883
 1.0281E-02,0.037267806974588855
 1.0295E-02,0.038333170950418105
 1.0309E-02,0.03854682345057643
 1.0323E-02,0.038109984748676565
 1.0337E-02,0.03719082321882007
 1.0351E-02,0.03587669702267595
 1.0366E-02,0.034157830880073056
 1.0380E-02,0.03194643623073872
 1.0394E-02,0.029125211601949124
 1.0408E-02,0.025610812651781896
 1.0422E-02,0.02141355265971254
 1.0436E-02,0.016675468219141044
 1.0451E-02,0.011674715541701079
 1.0465E-02,0.006793433963395366
 1.0479E-02,0.0024561656491117008
 1.0493E-02,-0.0009461059421163359
 1.0507E-02,-0.0031273772129822067
 1.0522E-02,-0.003955787964529934
 1.0536E-02,-0.003468667136292145
 1.0550E-02,-0.0018504927274246082
 1.0564E-02,0.0006196400869527888
 1.0578E-02,0.0036367052531607828
 1.0592E-02,0.006936335189139565
 1.0607E-02,0.010342020758842538
 1.0621E-02,0.013781232440833267
 1.0635E-02,0.01726751855726877
 1.0649E-02,0.020855133819442203
 1.0663E-02,0.02458039096282687
 1.0678E-02,0.02840761846919937
 1.0692E-02,0.03219634913725647
 1.0706E-02,0.03570050590095613
 1.0720E-02,0.038601485273647825
 1.0734E-02,0.040567568432429056
 1.0748E-02,0.041324593947979486
 1.0763E-02,0.04071938263990294
 1.0777E-02,0.038759019237032274
 1.0791E-02,0.0356153759962459
 1.0805E-02,0.03159348040173369
 1.0819E-02,0.02707190247749634
 1.0834E-02,0.022430602219876687
 1.0848E-02,0.017984660044749544
 1.0862E-02,0.013940275745116207
 1.0876E-02,0.010383024494895537
 1.0890E-02,0.007299418475928111
 1.0904E-02,0.0046237816093692655
 1.0919E-02,0.002295719050329415
 1.0933E-02,0.00031083020328491386
 1.0947E-02,-0.0012505437502830887
 1.0961E-02,-0.002225434659106483
 1.0975E-02,-0.0024013814714238984
 1.0990E-02,-0.0015719760243516317
 1.1004E-02,0.0004001862226065791
 1.1018E-02,0.0035304798927399197
 1.1032E-02,0.0076841325508310914
 1.1046E-02,0.012581632978055738
 1.1060E-02,0.017837569613790648
 1.1075E-02,0.023024036764653078
 1.1089E-02,0.027743246164761284
 1.1103E-02,0.031691513794733325
 1.1117E-02,0.034699085228134065
 1.1131E-02,0.03673676027642413
 1.1145E-02,0.03788922542919155
 1.1160E-02,0.03830392233148187
 1.1174E-02,0.03813069436926884
 1.1188E-02,0.03746960126881064
 1.1202E-02,0.036341618195081804
 1.1216E-02,0.03469022465529542
 1.1231E-02,0.032413020721944706
 1.1245E-02,0.02941392998101959
 1.1259E-02,0.025660611149166682
 1.1273E-02,0.021230036212321692
 1.1287E-02,0.01632826691897686
 1.1301E-02,0.011277420015764083
 1.1316E-02,0.006471710684599715
 1.1330E-02,0.0023128295422299725
 1.1344E-02,-0.0008595426356073194
 1.1358E-02,-0.002825000109263691
 1.1372E-02,-0.003513625416555744
 1.1387E-02,-0.0030041510896849115
 1.1401E-02,-0.0014906359443180167
 1.1415E-02,0.0007727307859486266
 1.1429E-02,0.0035336487217493304
 1.1443E-02,0.006594096216697305
 1.1457E-02,0.009839641875805176
 1.1472E-02,0.013238842869645752
 1.1486E-02,0.016814326678528044
 1.1500E-02,0.020595092196694104
 1.1514E-02,0.024564835340833424
 1.1528E-02,0.028622266375192787
 1.1543E-02,0.03256612981390333
 1.1557E-02,0.03611084666653988
 1.1571E-02,0.0389302080494379
 1.1585E-02,0.0407186613253956
 1.1599E-02,0.04125461051944123
 1.1613E-02,0.04044924675022376
 1.1628E-02,0.03836803553835811
 1.1642E-02,0.03521915185627048
 1.1656E-02,0.031311883053880024
 1.1670E-02,0.026995876316510563
 1.1684E-02,0.022596922633743396
 1.1699E-02,0.018365466836424375
 1.1713E-02,0.014450160533269047
 1.1727E-02,0.010901671197314954
 1.1741E-02,0.007703604507249197
 1.1755E-02,0.004820054244310687
 1.1769E-02,0.0022449230843159572
 1.1784E-02,3.790887909829342e-05
 1.1798E-02,-0.0016640344768710576
 1.1812E-02,-0.0026639645967344496
 1.1826E-02,-0.002747017246735483
 1.1840E-02,-0.0017362937407867647
 1.1854E-02,0.00045247115643449326
 1.1869E-02,0.0037725059013056983
 1.1883E-02,0.00803487870549854
 1.1897E-02,0.012928681166272857
 1.1911E-02,0.01806843491941654
 1.1925E-02,0.023057532795584104
 1.1940E-02,0.02755232312840828
 1.1954E-02,0.031311309849412584
 1.1968E-02,0.034217964387118896
 1.1982E-02,0.03627277220673728
 1.1996E-02,0.03755841971757436
 1.2010E-02,0.03818917187086513
 1.2025E-02,0.03825952049487307
 1.2039E-02,0.03780700546343142
 1.2053E-02,0.03679981069817814
 1.2067E-02,0.03515253312768132
 1.2081E-02,0.03276541518315918
 1.2096E-02,0.029575553631787294
 1.2110E-02,0.02560501566811182
 1.2124E-02,0.020991400189347094
 1.2138E-02,0.01599101434764378
 1.2152E-02,0.010952202692327388
 1.2166E-02,0.006264414220436091
 1.2181E-02,0.0022951005665762915
 1.2195E-02,-0.0006702430268560747
 1.2209E-02,-0.0024704594895999625
 1.2223E-02,-0.003083758694504863
 1.2237E-02,-0.0026127593894968468
 1.2252E-02,-0.0012446284008090036
 1.2266E-02,0.0008023242605836374
 1.2280E-02,0.003331035800368248
 1.2294E-02,0.0062032172853808375
 1.2308E-02,0.009352593585375994
 1.2322E-02,0.012771380843814016
 1.2337E-02,0.016475098747071627
 1.2351E-02,0.020456939595087417
 1.2365E-02,0.024645917647897184
 1.2379E-02,0.028882083606923445
 1.2393E-02,0.032917464022257426
 1.2408E-02,0.03644432058571973
 1.2422E-02,0.03914472692736715
 1.2436E-02,0.040749399592868156
 1.2450E-02,0.04109087784100173
 1.2464E-02,0.040137351285448215
 1.2478E-02,0.0379983972716861
 1.2493E-02,0.03490125560108046
 1.2507E-02,0.031143987599560444
 1.2521E-02,0.02703779470888208
 1.2535E-02,0.022853293926202074
 1.2549E-02,0.01878402879251119
 1.2563E-02,0.014935427087839553
 1.2578E-02,0.01134024329731527
 1.2592E-02,0.007994220294873546
 1.2606E-02,0.0049002421862940505
 1.2620E-02,0.0021070832525507855
 1.2634E-02,-0.00026945338222826576
 1.2649E-02,-0.0020501545312480033
 1.2663E-02,-0.0030208942891392894
 1.2677E-02,-0.002979071841362257
 1.2691E-02,-0.0017858806329228627
 1.2705E-02,0.0005896012890148337
 1.2719E-02,0.004046654559600524
 1.2734E-02,0.00835654668474381
 1.2748E-02,0.013193591844868749
 1.2762E-02,0.01818661776182101
 1.2776E-02,0.022978540081106787
 1.2790E-02,0.027279686440552113
 1.2805E-02,0.030902263046524027
 1.2819E-02,0.03376848375102801
 1.2833E-02,0.03589200685183815
 1.2847E-02,0.037339489645586796
 1.2861E-02,0.03818429319969194
 1.2875E-02,0.03846621418223432
 1.2890E-02,0.03816910052912224
 1.2904E-02,0.03722290915113381
 1.2918E-02,0.03552966792296335
 1.2932E-02,0.03300587388388541
 1.2946E-02,0.0296290071995937
 1.2961E-02,0.0254744104412694
 1.2975E-02,0.020731178460060732
 1.2989E-02,0.015691263342688767
 1.3003E-02,0.010713172195910082
 1.3017E-02,0.006168431671162026
 1.3031E-02,0.002383556327818975
 1.3046E-02,-0.000408611575949425
 1.3060E-02,-0.0020968628484163455
 1.3074E-02,-0.0026930184306189443
 1.3088E-02,-0.002307796270222375
 1.3102E-02,-0.0011086868917168
 1.3117E-02,0.0007282074407735425
 1.3131E-02,0.0030592339191641135
 1.3145E-02,0.005796367766484189
 1.3159E-02,0.00890697159851909
 1.3173E-02,0.012391310279606268
 1.3187E-02,0.016245337456581216
 1.3202E-02,0.020420507039768766
 1.3216E-02,0.024793339255415763
 1.3230E-02,0.02915491836941946
 1.3244E-02,0.03322510208467791
 1.3258E-02,0.03668943184810252
 1.3272E-02,0.039250385770991776
 1.3287E-02,0.04068045265649815
 1.3301E-02,0.04086370117792791
 1.3315E-02,0.03981533879324139
 1.3329E-02,0.037674453487832334
 1.3343E-02,0.0346721370360212
 1.3358E-02,0.031083553996417088
 1.3372E-02,0.027176490956978352
 1.3386E-02,0.023169435837744383
 1.3400E-02,0.01920921609617766
 1.3414E-02,0.01537255727946146
 1.3428E-02,0.011689196708092528
 1.3443E-02,0.008178240808017732
 1.3457E-02,0.004885889853773164
 1.3471E-02,0.0019124152419654327
 1.3485E-02,-0.0005805983952144023
 1.3499E-02,-0.002386118126814149
 1.3514E-02,-0.0032874553912177213
 1.3528E-02,-0.0031051146225270984
 1.3542E-02,-0.0017425287769780903
 1.3556E-02,0.0007815209795440572
 1.3570E-02,0.004322783826452758
 1.3584E-02,0.008627083601389243
 1.3599E-02,0.013368359641898166
 1.3613E-02,0.018200287476767454
 1.3627E-02,0.02280912592797389
 1.3641E-02,0.02695524846781847
 1.3655E-02,0.03049396010557338
 1.3670E-02,0.033371850103002934
 1.3684E-02,0.035601549255493005
 1.3698E-02,0.037223525297561094
 1.3712E-02,0.038266870993099236
 1.3726E-02,0.03872101142419915
 1.3740E-02,0.03852690824908691
 1.3755E-02,0.03759061274333896
 1.3769E-02,0.03581550681016284
 1.3783E-02,0.033144073129045035
 1.3797E-02,0.02959707580282429
 1.3811E-02,0.025298439379346373
 1.3826E-02,0.02047778227827901
 1.3840E-02,0.015448472330157215
 1.3854E-02,0.010565582838543263
 1.3868E-02,0.006173442526955993
 1.3882E-02,0.0025551608164274984
 1.3896E-02,-0.00010410732956254434
 1.3911E-02,-0.0017320854567583234
 1.3925E-02,-0.002360147666742916
 1.3939E-02,-0.002093823599183359
 1.3953E-02,-0.001072003272028544
 1.3967E-02,0.0005735746552570401
 1.3981E-02,0.002747487936437894
 1.3996E-02,0.005400886135947452
 1.4010E-02,0.008520796769821542
 1.4024E-02,0.012102480103042334
 1.4038E-02,0.01611373136929673
 1.4052E-02,0.020462454784967422
 1.4067E-02,0.02497812092286872
 1.4081E-02,0.029414053292725607
 1.4095E-02,0.033471851391649404
 1.4109E-02,0.03684316201061641
 1.4123E-02,0.039259114338774465
 1.4137E-02,0.04053539422220854
 1.4152E-02,0.04060182864077707
 1.4166E-02,0.03950927449022658
 1.4180E-02,0.03741249235158712
 1.4194E-02,0.03453390787555669
 1.4208E-02,0.031117997698956644
 1.4223E-02,0.027388164950731188
 1.4237E-02,0.023516847239609385
 1.4251E-02,0.01961559137907309
 1.4265E-02,0.015746079482450437
 1.4279E-02,0.011947194842026894
 1.4293E-02,0.00826877948035434
 1.4308E-02,0.004800950383182916
 1.4322E-02,0.0016891725502760722
 1.4336E-02,-0.0008706521836651339
 1.4350E-02,-0.0026571616572734287
 1.4364E-02,-0.0034629560420818125
 1.4379E-02,-0.003138657652910608
 1.4393E-02,-0.0016302386085705657
 1.4407E-02,0.0010002841856196233
 1.4421E-02,0.004576592275521841
 1.4435E-02,0.00883241212253278
 1.4449E-02,0.01345291800505101
 1.4464E-02,0.018123358444664575
 1.4478E-02,0.022573353752564255
 1.4492E-02,0.026606638862271437
 1.4506E-02,0.030110064227248996
 1.4520E-02,0.03304133400687559
 1.4535E-02,0.035400705234227524
 1.4549E-02,0.037196111923958775
 1.4563E-02,0.03841274892297651
 1.4577E-02,0.03899663073112944
 1.4591E-02,0.03885746554140212
 1.4605E-02,0.03789051839536792
 1.4620E-02,0.036011550180868095
 1.4634E-02,0.03319496034442836
 1.4648E-02,0.0295040354107829
 1.4662E-02,0.02510406401348399
 1.4676E-02,0.020253513067254605
 1.4690E-02,0.015274237499511564
 1.4705E-02,0.010507217064568964
 1.4719E-02,0.006264070587240168
 1.4733E-02,0.002785599496193102
 1.4747E-02,0.00021664149591836416
 1.4761E-02,-0.0013978436545494632
 1.4776E-02,-0.0020960820139982635
 1.4790E-02,-0.0019680687400175276
 1.4804E-02,-0.0011188953501866002
 1.4818E-02,0.00036271968812933374
 1.4832E-02,0.0024220827555743027
 1.4846E-02,0.00503791054043619
 1.4861E-02,0.008204345343274893
 1.4875E-02,0.01190155882358474
 1.4889E-02,0.016064299449355786
 1.4903E-02,0.020558541939548
 1.4917E-02,0.025174381159323335
 1.4932E-02,0.029639011411346346
 1.4946E-02,0.03364819401284198
 1.4960E-02,0.03690950682606824
 1.4974E-02,0.039187286467147614
 1.4988E-02,0.04033846884082572
 1.5002E-02,0.04033073683975729
 1.5017E-02,0.039238917454380566
 1.5031E-02,0.03722119284340543
 1.5045E-02,0.03448184608099446
 1.5059E-02,0.03123053311946518
 1.5073E-02,0.02764858094006616
 1.5088E-02,0.023870461605745012
 1.5102E-02,0.019984075660165242
 1.5116E-02,0.016048067264987646
 1.5130E-02,0.012119579491562876
 1.5144E-02,0.008282949848071118
 1.5158E-02,0.004669621348479522
 1.5173E-02,0.0014620447122472174
 1.5187E-02,-0.0011211313148821842
 1.5201E-02,-0.0028559943206253277
 1.5215E-02,-0.00355322999024178
 1.5229E-02,-0.0030970278268830755
 1.5244E-02,-0.0014730922546096496
 1.5258E-02,0.0012216045258975244
 1.5272E-02,0.004790174649994892
 1.5286E-02,0.008965843672085683
 1.5300E-02,0.013453572378201384
 1.5314E-02,0.017973371806861822
 1.5329E-02,0.02229519146198343
 1.5343E-02,0.02625770919988225
 1.5357E-02,0.029767820905154105
 1.5371E-02,0.032782906700504946
 1.5385E-02,0.03528259045456483
 1.5399E-02,0.03723943428865763
 1.5414E-02,0.03859807446115367
 1.5428E-02,0.0392697021324071
 1.5442E-02,0.039144250628272786
 1.5456E-02,0.038117430792993685
 1.5470E-02,0.03612530580906372
 1.5485E-02,0.03317665647164757
 1.5499E-02,0.0293736464941802
 1.5513E-02,0.02491419517780715
 1.5527E-02,0.020074202397212755
 1.5541E-02,0.015173034772165209
 1.5555E-02,0.010530023093523452
 1.5570E-02,0.006421969332622555
 1.5584E-02,0.0030512458063384107
 1.5598E-02,0.0005311533590714916
 1.5612E-02,-0.0011093837149774393
 1.5626E-02,-0.0019047245971131918
 1.5641E-02,-0.0019220724691117127
 1.5655E-02,-0.0012308780429711712
 1.5669E-02,0.0001191051918532143
 1.5683E-02,0.0021050772188336855
 1.5697E-02,0.004722118337585829
 1.5711E-02,0.007960960365270586
 1.5726E-02,0.01177969266876959
 1.5740E-02,0.0160784422859363
 1.5754E-02,0.020685512691229573
 1.5768E-02,0.02536054610944346
 1.5782E-02,0.029815763186807787
 1.5797E-02,0.033751437425248956
 1.5811E-02,0.03689780490518303
 1.5825E-02,0.03905368474568049
 1.5839E-02,0.04011274904412141
 1.5853E-02,0.04007148247713111
 1.5867E-02,0.039017576693063084
 1.5882E-02,0.037102519517122866
 1.5896E-02,0.03450608031073105
 1.5910E-02,0.03140218544796022
 1.5924E-02,0.027934857985281232
 1.5938E-02,0.024209729938668833
 1.5952E-02,0.020302031316901767
 1.5967E-02,0.01627720222620684
 1.5981E-02,0.012216670586081176
 1.5995E-02,0.00823986625825449
 1.6009E-02,0.004514590540380312
 1.6023E-02,0.0012511235497347896
 1.6038E-02,-0.001319978862168763
 1.6052E-02,-0.0029818312721163103
 1.6066E-02,-0.0035689336331681133
 1.6080E-02,-0.0029993921765585343
 1.6094E-02,-0.0012935426715964577
 1.6108E-02,0.0014258401536579733
 1.6123E-02,0.0049520162791950335
 1.6137E-02,0.009027086802000029
 1.6151E-02,0.01338129472681631
 1.6165E-02,0.017769542244898573
 1.6179E-02,0.02199684317340067
 1.6194E-02,0.025927603037892728
 1.6208E-02,0.029478116599271693
 1.6222E-02,0.032596267116007535
 1.6236E-02,0.035235842092908747
 1.6250E-02,0.03733420458626675
 1.6264E-02,0.0388009180903493
 1.6279E-02,0.03952163861027676
 1.6293E-02,0.03937707223639169
 1.6307E-02,0.03827230278401395
 1.6321E-02,0.036168572358113486
 1.6335E-02,0.03310855298450003
 1.6350E-02,0.029227584354183742
 1.6364E-02,0.02474688331867752
 1.6378E-02,0.019949379566363088
 1.6392E-02,0.015143314739255117
 1.6406E-02,0.010621835773092683
 1.6420E-02,0.006627699349081893
 1.6435E-02,0.0033306858186893805
 1.6449E-02,0.0008218534649250685
 1.6463E-02,-0.0008756900361867651
 1.6477E-02,-0.001784063510950861
 1.6491E-02,-0.0019434102424721678
 1.6506E-02,-0.0013885196520280515
 1.6520E-02,-0.00013612432833069537
 1.6534E-02,0.0018135884751322863
 1.6548E-02,0.004461972598173333
 1.6562E-02,0.007788188898756757
 1.6576E-02,0.011724220850365275
 1.6591E-02,0.016136767576084177
 1.6605E-02,0.020822536230020686
 1.6619E-02,0.025520014268810155
 1.6633E-02,0.029936437717513836
 1.6647E-02,0.03378455354730919
 1.6661E-02,0.03682102346589048
 1.6676E-02,0.03887770233548114
 1.6690E-02,0.03987874434702706
 1.6704E-02,0.039840096698280446
 1.6718E-02,0.03885245293878427
 1.6732E-02,0.03705291472514186
 1.6747E-02,0.03459330466865476
 1.6761E-02,0.0316135598283662
 1.6775E-02,0.028226812974823573
 1.6789E-02,0.024519174595035848
 1.6803E-02,0.020562879006169384
 1.6817E-02,0.016437561140403113
 1.6832E-02,0.012252056005055793
 1.6846E-02,0.008158903179101638
 1.6860E-02,0.004355738302169872
 1.6874E-02,0.0010713995667800806
 1.6888E-02,-0.001461140378820737
 1.6903E-02,-0.0030391607442019244
 1.6917E-02,-0.0035238414702437695
 1.6931E-02,-0.0028650447186685064
 1.6945E-02,-0.0011111553054722354
 1.6959E-02,0.001598458334219278
 1.6973E-02,0.0050565405574712965
 1.6988E-02,0.009021003087734365
 1.7002E-02,0.013250028213970583
 1.7016E-02,0.017531073954125048
 1.7030E-02,0.021697534720680214
 1.7044E-02,0.02563033962242262
 1.7059E-02,0.029245970406472196
 1.7073E-02,0.032476103487591904
 1.7087E-02,0.03524630350018232
 1.7101E-02,0.03746130979939528
 1.7115E-02,0.03900243491816079
 1.7129E-02,0.03973899698907802
 1.7144E-02,0.039551533388901355
 1.7158E-02,0.03836095024575076
 1.7172E-02,0.03615575743732055
 1.7186E-02,0.033009692665749844
 1.7200E-02,0.029084323502876312
 1.7215E-02,0.024615008142736875
 1.7229E-02,0.01988284736457141
 1.7243E-02,0.015178804083639606
 1.7257E-02,0.010768047249306602
 1.7271E-02,0.006862313745167794
 1.7285E-02,0.0036057891287645575
 1.7300E-02,0.001076341728205759
 1.7314E-02,-0.0007000902689214385
 1.7328E-02,-0.001727483380063105
 1.7342E-02,-0.0020173521405228855
 1.7356E-02,-0.0015729983479617045
 1.7370E-02,-0.00038517319125165464
 1.7385E-02,0.0015595649464695477
 1.7399E-02,0.004260357063825165
 1.7413E-02,0.007679103159733884
 1.7427E-02,0.011720321859807814
 1.7441E-02,0.016220613969284637
 1.7456E-02,0.02095219529962976
 1.7470E-02,0.02564134323856173
 1.7484E-02,0.029998659566202724
 1.7498E-02,0.03375484891961527
 1.7512E-02,0.036694126603606526
 1.7526E-02,0.038677855670038196
 1.7541E-02,0.03965346386547587
 1.7555E-02,0.0396474512588141
 1.7569E-02,0.03874534148156843
 1.7583E-02,0.037064643013886955
 1.7597E-02,0.034728395939015666
 1.7612E-02,0.03184629029691177
 1.7626E-02,0.02850784769275196
 1.7640E-02,0.02478847488335816
 1.7654E-02,0.020765360632630025
 1.7668E-02,0.016537258832050906
 1.7682E-02,0.012240985057755735
 1.7697E-02,0.008058276711597255
 1.7711E-02,0.004209291676170554
 1.7725E-02,0.0009327159038243133
 1.7739E-02,-0.001543801260519147
 1.7753E-02,-0.0030363830767052577
 1.7768E-02,-0.0034332579845811973
 1.7782E-02,-0.002712022056959939
 1.7796E-02,-0.0009418015428552995
 1.7810E-02,0.0017300474628028793
 1.7824E-02,0.00510332548406927
 1.7838E-02,0.008956243137670492
 1.7853E-02,0.01307511507983982
 1.7867E-02,0.017275808643567463
 1.7881E-02,0.02141274881305559
 1.7895E-02,0.02537484191569647
 1.7909E-02,0.02907134387256568
 1.7924E-02,0.03241346122534318
 1.7938E-02,0.035298575779490145
 1.7952E-02,0.03760312437110776
 1.7966E-02,0.0391875823983104
 1.7980E-02,0.03991340761850332
 1.7994E-02,0.03966819506993863
 1.8009E-02,0.038392680553421966
 1.8023E-02,0.036102347148156945
 1.8037E-02,0.032897498679855496
 1.8051E-02,0.028958472191776777
 1.8065E-02,0.024526397766450526
 1.8079E-02,0.01987355040150605
 1.8094E-02,0.015269884210396966
 1.8108E-02,0.010953119864844173
 1.8122E-02,0.007108594758010813
 1.8136E-02,0.0038623351229256004
 1.8150E-02,0.0012872410118592134
 1.8165E-02,-0.000581141576767666
 1.8179E-02,-0.0017251435286755044
 1.8193E-02,-0.0021283574676617826
 1.8207E-02,-0.0017673072421692639
 1.8221E-02,-0.0006141842789740314
 1.8235E-02,0.0013499692108270365
 1.8250E-02,0.004115478498197045
 1.8264E-02,0.007623674301703203
 1.8278E-02,0.01175248398516665
 1.8292E-02,0.016313218886353672
 1.8306E-02,0.021061035245874313
 1.8321E-02,0.02571803266190871
 1.8335E-02,0.0300046267885426
 1.8349E-02,0.03367259085569582
 1.8363E-02,0.03653262526627007
 1.8377E-02,0.03847065368482496
 1.8391E-02,0.03944991163288614
 1.8406E-02,0.039499514558379634
 1.8420E-02,0.03869357549107781
 1.8434E-02,0.03712716154984998
 1.8448E-02,0.03489583613286948
 1.8462E-02,0.03208412712633722
 1.8477E-02,0.028765406340678278
 1.8491E-02,0.02501217231209088
 1.8505E-02,0.02091257474563083
 1.8519E-02,0.01658707813178971
 1.8533E-02,0.01219896694822499
 1.8547E-02,0.00795399274787657
 1.8562E-02,0.00408740671866928
 1.8576E-02,0.0008400956291877092
 1.8590E-02,-0.0015714063133246367
 1.8604E-02,-0.0029844454197044514
 1.8618E-02,-0.0033126385743929543
 1.8633E-02,-0.0025560837647834117
 1.8647E-02,-0.0007972732426287574
 1.8661E-02,0.0018159660870918119
 1.8675E-02,0.0050961137841322906
 1.8689E-02,0.008843888631274489
 1.8703E-02,0.012871940911407507
 1.8718E-02,0.017019240735593077
 1.8732E-02,0.021153877607528966
 1.8746E-02,0.02516531839198185
 1.8760E-02,0.028950145027117725
 1.8774E-02,0.03239709345135926
 1.8788E-02,0.03537734603658028
 1.8803E-02,0.03774445479342899
 1.8817E-02,0.03934542531477139
 1.8831E-02,0.040041158497341425
 1.8845E-02,0.03973155473348005
 1.8859E-02,0.03837894552723208
 1.8874E-02,0.03602360153311517
 1.8888E-02,0.03278686768793894
 1.8902E-02,0.028860508380004986
 1.8916E-02,0.0244842763954606
 1.8930E-02,0.019916609425238183
 1.8944E-02,0.015404928537435782
 1.8959E-02,0.01116186208127598
 1.8973E-02,0.007351922281189555
 1.8987E-02,0.004090239783304025
 1.9001E-02,0.001451722501966144
 1.9015E-02,-0.0005136760536380725
 1.9030E-02,-0.0017653089865448369
 1.9044E-02,-0.0022613293559597264
 1.9058E-02,-0.0019570924921265584
 1.9072E-02,-0.0008134349335890004
 1.9086E-02,0.001187274760671265
 1.9100E-02,0.004021918487304696
 1.9115E-02,0.007610091867363583
 1.9129E-02,0.011805733718698246
 1.9143E-02,0.016400523133456756
 1.9157E-02,0.02113972797971446
 1.9171E-02,0.025748005172541735
 1.9186E-02,0.029960052407036912
 1.9200E-02,0.03354969971881163
 1.9214E-02,0.036351377956780895
 1.9228E-02,0.03826983396091543
 1.9242E-02,0.03927696518435158
 1.9256E-02,0.03939790355756433
 1.9271E-02,0.038691098547358325
 1.9285E-02,0.037228419575522365
 1.9299E-02,0.03508088480116059
 1.9313E-02,0.03231366390624104
 1.9327E-02,0.028991061377303035
 1.9342E-02,0.025189094051910967
 1.9356E-02,0.021010896654254516
 1.9370E-02,0.016599182128795076
 1.9384E-02,0.012140626206128165
 1.9398E-02,0.00785915627836591
 1.9412E-02,0.003998117577333324
 1.9427E-02,0.000794341821675728
 1.9441E-02,-0.001550574027712191
 1.9455E-02,-0.002895566416083957
 1.9469E-02,-0.0031764706419838487
 1.9483E-02,-0.002410052238235201
 1.9497E-02,-0.0006852586421579104
 1.9512E-02,0.001855726370631131
 1.9526E-02,0.005041724926075049
 1.9540E-02,0.00869618976098163
 1.9554E-02,0.012654841120411264
 1.9568E-02,0.016773889465057437
 1.9583E-02,0.02092822921752248
 1.9597E-02,0.02500189941121489
 1.9611E-02,0.028875318756393605
 1.9625E-02,0.03241470681529646
 1.9639E-02,0.03546844902714501
 1.9653E-02,0.03787312876793202
 1.9668E-02,0.03946909357956324
 1.9682E-02,0.0401225352179864
 1.9696E-02,0.03974895035190557
 1.9710E-02,0.03833211004408389
 1.9724E-02,0.035933524279994994
 1.9739E-02,0.032689621050240814
 1.9753E-02,0.028796860317463365
 1.9767E-02,0.024487950047494277
 1.9781E-02,0.02000442351822485
 1.9795E-02,0.015571520380689614
 1.9809E-02,0.011380431337280825
 1.9824E-02,0.007580790664389278
 1.9838E-02,0.004283448090244585
 1.9852E-02,0.001570805052799414
 1.9866E-02,-0.0004899023272544683
 1.9880E-02,-0.0018355526626539548
 1.9895E-02,-0.0024025907978499315
 1.9909E-02,-0.0021311391192696425
 1.9923E-02,-0.0009772026776498632
 1.9937E-02,0.0010701814450995782
 1.9951E-02,0.003971733714767297
 1.9965E-02,0.0076259491064158925
 1.9980E-02,0.011866584409539149
 1.9994E-02,0.016471626364823883
 2.0008E-02,0.021182912221379007
 2.0022E-02,0.02573287681817793
 2.0036E-02,0.029873065365100947
 2.0051E-02,0.03339858094883026
 2.0065E-02,0.03616367228542553
 2.0079E-02,0.03808594299860111
 2.0093E-02,0.03913956659054548
 2.0107E-02,0.03934063051234172
 2.0121E-02,0.03872956085216021
 2.0136E-02,0.03735600369793452
 2.0150E-02,0.03527046097112605
 2.0164E-02,0.03252471656471149
 2.0178E-02,0.02918028769681284
 2.0192E-02,0.02532158524054555
 2.0206E-02,0.021068879144732468
 2.0221E-02,0.01658598320750107
 2.0235E-02,0.012078847503796408
 2.0249E-02,0.007783623157379585
 2.0263E-02,0.003945587547356319
 2.0277E-02,0.0007928171934235015
 2.0292E-02,-0.0014900019618665932
 2.0306E-02,-0.002782124378536636
 2.0320E-02,-0.003037445708377727
 2.0334E-02,-0.0022834919582494914
 2.0348E-02,-0.0006096139912614498
 2.0362E-02,0.0018522056395679446
 2.0377E-02,0.004948965492292851
 2.0391E-02,0.008525471392235117
 2.0405E-02,0.012436300184282
 2.0419E-02,0.016549007780729583
 2.0433E-02,0.02073932338297187
 2.0448E-02,0.02488143688108293
 2.0462E-02,0.02883793104508922
 2.0476E-02,0.03245403448501523
 2.0490E-02,0.035559637247947154
 2.0504E-02,0.03798025407820945
 2.0518E-02,0.0395554612884278
 2.0533E-02,0.04016100972985141
 2.0547E-02,0.039729481839531955
 2.0561E-02,0.03826440131275749
 2.0575E-02,0.035844126351412785
 2.0589E-02,0.03261428232216566
 2.0604E-02,0.028770256383201576
 2.0618E-02,0.024533631086737458
 2.0632E-02,0.020127743142244876
 2.0646E-02,0.015757481989067776
 2.0660E-02,0.011597039817751696
 2.0674E-02,0.007787000695524989
 2.0689E-02,0.004439561627333874
 2.0703E-02,0.0016485210398713432
 2.0717E-02,-0.000500473837265454
 2.0731E-02,-0.001923767283922848
 2.0745E-02,-0.0025405660808629727
 2.0760E-02,-0.0022815385566360706
 2.0774E-02,-0.0011033756935928355
 2.0788E-02,0.0009944540053084862
 2.0802E-02,0.003955514257332552
 2.0816E-02,0.007659233181483459
 2.0830E-02,0.011923690012888337
 2.0845E-02,0.016518928039854903
 2.0859E-02,0.021188784974759213
 2.0873E-02,0.025677111836548982
 2.0887E-02,0.029753160059044197
 2.0901E-02,0.033231156206741275
 2.0916E-02,0.035980601513151814
 2.0930E-02,0.03792622685101954
 2.0944E-02,0.03903915507933281
 2.0958E-02,0.0393229577447205
 2.0972E-02,0.03879936197620864
 2.0986E-02,0.037498084377219035
 2.1001E-02,0.03545373651572365
 2.1015E-02,0.03271040373984347
 2.1029E-02,0.029332010173674084
 2.1043E-02,0.025414648890296383
 2.1057E-02,0.021096220466317105
 2.1071E-02,0.016559220768264007
 2.1086E-02,0.012024213757063171
 2.1100E-02,0.007733950099003749
 2.1114E-02,0.003930582698115166
 2.1128E-02,0.000830310968395657
 2.1142E-02,-0.001399442925013991
 2.1157E-02,-0.002655754288841905
 2.1171E-02,-0.002905921207307433
 2.1185E-02,-0.0021826805296510194
 2.1199E-02,-0.0005708499842651674
 2.1213E-02,0.0018107781303998668
 2.1227E-02,0.00482761596515833
 2.1242E-02,0.008343250474236868
 2.1256E-02,0.012226438883170977
 2.1270E-02,0.01635057717964812
 2.1284E-02,0.0205873931045202
 2.1298E-02,0.024798374112559158
 2.1313E-02,0.02882816892743901
 2.1327E-02,0.032503693566702
 2.1341E-02,0.0356410628279636
 2.1355E-02,0.03806019476826537
 2.1369E-02,0.03960462501461806
 2.1383E-02,0.0401623642289071
 2.1398E-02,0.039683020286791
 2.1412E-02,0.03818707374474106
 2.1426E-02,0.03576497334115544
 2.1440E-02,0.03256612871544286
 2.1454E-02,0.02878026443295577
 2.1469E-02,0.024615316651355884
 2.1483E-02,0.020276647493089828
 2.1497E-02,0.015951684974766775
 2.1511E-02,0.01180237853787485
 2.1525E-02,0.007965583541816808
 2.1539E-02,0.004559284643058138
 2.1554E-02,0.0016910364151345174
 2.1568E-02,-0.0005354548901145796
 2.1582E-02,-0.0020189550820108207
 2.1596E-02,-0.0026661804749542302
 2.1610E-02,-0.0024035914044540697
 2.1624E-02,-0.0011928869375007992
 2.1639E-02,0.0009538014382729019
 2.1653E-02,0.003963337003200302
 2.1667E-02,0.007699094069532921
 2.1681E-02,0.011968221755623822
 2.1695E-02,0.016538011109570917
 2.1710E-02,0.021158525630778344
 2.1724E-02,0.025587145490263866
 2.1738E-02,0.029610257871333732
 2.1752E-02,0.033058119603156924
 2.1766E-02,0.03581071751597612
 2.1780E-02,0.03779477386939051
 2.1795E-02,0.03897425865301361
 2.1809E-02,0.03933827506542032
 2.1823E-02,0.03889057387428703
 2.1837E-02,0.037644132866068256
 2.1851E-02,0.035622452333001056
 2.1866E-02,0.03286697720400347
 2.1880E-02,0.029447995809331565
 2.1894E-02,0.025475066408657106
 2.1908E-02,0.021102853283041106
 2.1922E-02,0.016529266371987282
 2.1936E-02,0.011984715371718892
 2.1951E-02,0.007713585229181241
 2.1965E-02,0.003951089889227064
 2.1979E-02,0.000899914885969006
 2.1993E-02,-0.0012888095251038009
 2.2007E-02,-0.0025266756551157923
 2.2022E-02,-0.0027896530450038995
 2.2036E-02,-0.002110817162637094
 2.2050E-02,-0.0005667581991225866
 2.2064E-02,0.001738441799750851
 2.2078E-02,0.004687548554110072
 2.2092E-02,0.008159584421185147
 2.2107E-02,0.012032769339398097
 2.2121E-02,0.016181534342862083
 2.2135E-02,0.020470019399122342
 2.2149E-02,0.0247456145872007
 2.2163E-02,0.028836206275166518
 2.2178E-02,0.032553812627986324
 2.2192E-02,0.035705497104731414
 2.2206E-02,0.03811032465963427
 2.2220E-02,0.039619260326612254
 2.2234E-02,0.04013382783920638
 2.2248E-02,0.03961936144454298
 2.2263E-02,0.038109810488255014
 2.2277E-02,0.03570299770818858
 2.2291E-02,0.03254746397208887
 2.2305E-02,0.028823949524771627
 2.2319E-02,0.024725651072671516
 2.2333E-02,0.020441376644422124
 2.2348E-02,0.016144626441165117
 2.2362E-02,0.011989782063716054
 2.2376E-02,0.008114510820618405
 2.2390E-02,0.0046457597088410425
 2.2404E-02,0.001705793523106095
 2.2419E-02,-0.0005851374010753699
 2.2433E-02,-0.002111782670196476
 2.2447E-02,-0.0027730038013441772
 2.2461E-02,-0.0024955024763673637
 2.2475E-02,-0.0012490452197389322
 2.2489E-02,0.0009407270489388778
 2.2504E-02,0.003985565646103778
 2.2518E-02,0.007736377675506105
 2.2532E-02,0.011993990552671942
 2.2546E-02,0.016527321742173882
 2.2560E-02,0.02109562136227261
 2.2575E-02,0.025470539675782736
 2.2589E-02,0.029453923295092256
 2.2603E-02,0.03288842744448471
 2.2617E-02,0.035659931913481255
 2.2631E-02,0.037692852303149706
 2.2645E-02,0.03894117423584931
 2.2660E-02,0.039378935684987355
 2.2674E-02,0.03899370418535065
 2.2688E-02,0.03778540422148921
 2.2702E-02,0.03577099047248564
 2.2716E-02,0.032993464833771954
 2.2731E-02,0.0295321662098344
 2.2745E-02,0.025510567936067742
 2.2759E-02,0.02109819926248735
 2.2773E-02,0.0165046651381365
 2.2787E-02,0.011965702105809502
 2.2801E-02,0.00772324195935875
 2.2816E-02,0.004003009629583598
 2.2830E-02,0.0009938460533929112
 2.2844E-02,-0.0011674446694851402
 2.2858E-02,-0.002403253534560364
 2.2872E-02,-0.002693764959234184
 2.2887E-02,-0.0020684072155903828
 2.2901E-02,-0.0005931051169569962
 2.2915E-02,0.0016430041964403588
 2.2929E-02,0.004538014383457535
 2.2943E-02,0.007982652803840768
 2.2957E-02,0.0118601836830146
 2.2972E-02,0.016042168215866865
 2.2986E-02,0.020382827250613206
 2.3000E-02,0.024715326445146724
 2.3014E-02,0.028852897669043445
 2.3028E-02,0.03259642655383967
 2.3042E-02,0.03574831990640429
 2.3057E-02,0.03813061514419848
 2.3071E-02,0.039603921499891656
 2.3085E-02,0.040083279827420666
 2.3099E-02,0.03954754969433002
 2.3113E-02,0.03804035163834211
 2.3128E-02,0.03566253096837556
 2.3142E-02,0.032558043750106756
 2.3156E-02,0.02889657475529478
 2.3170E-02,0.02485671011877066
 2.3184E-02,0.02061298541566866
 2.3198E-02,0.016328775027673735
 2.3213E-02,0.012155173543856144
 2.3227E-02,0.008234254619147445
 2.3241E-02,0.004703863208901773
 2.3255E-02,0.0017007339778894008
 2.3269E-02,-0.0006406796529452095
 2.3284E-02,-0.0021949087904110844
 2.3298E-02,-0.0028571795718527514
 2.3312E-02,-0.0025579321563151433
 2.3326E-02,-0.0012768318563278287
 2.3340E-02,0.0009472949754365846
 2.3354E-02,0.004013472504573862
 2.3369E-02,0.007763934993286746
 2.3383E-02,0.011997360843978573
 2.3397E-02,0.016487712707292157
 2.3411E-02,0.021005165557742837
 2.3425E-02,0.02533522824980818
 2.3440E-02,0.029292761933881716
 2.3454E-02,0.032729012451655604
 2.3468E-02,0.03553162331870188
 2.3482E-02,0.03761938003193879
 2.3496E-02,0.038934670756056396
 2.3510E-02,0.03943700052771352
 2.3525E-02,0.03910027921096207
 2.3539E-02,0.03791520104265501
 2.3553E-02,0.03589624814547762
 2.3567E-02,0.03309119070152338
 2.3581E-02,0.029589895781766375
 2.3596E-02,0.02552910059906114
 2.3610E-02,0.021090606724115717
 2.3624E-02,0.016491895160153237
 2.3638E-02,0.011970028419856643
 2.3652E-02,0.00776138929301968
 2.3666E-02,0.00408085695480953
 2.3681E-02,0.0011041675477232878
 2.3695E-02,-0.001043576611137059
 2.3709E-02,-0.0022917762853234807
 2.3723E-02,-0.0026209081402655343
 2.3737E-02,-0.002053759202916829
 2.3751E-02,-0.000644330683826443
 2.3766E-02,0.001532372473288951
 2.3780E-02,0.004387114715106186
 2.3794E-02,0.007818552549518784
 2.3808E-02,0.011711127474198684
 2.3822E-02,0.015930622963525234
 2.3837E-02,0.020320180094268073
 2.3851E-02,0.02469963898485217
 2.3865E-02,0.02887028751416553
 2.3879E-02,0.032625660440321363
 2.3893E-02,0.03576732930791302
 2.3907E-02,0.03812312395663762
 2.3922E-02,0.039564349854299186
 2.3936E-02,0.04001856689641993
 2.3950E-02,0.03947539065031123
 2.3964E-02,0.03798433454426932
 2.3978E-02,0.035645514226421454
 2.3993E-02,0.03259559787321744
 2.4007E-02,0.028992292166506544
 2.4021E-02,0.025000672290256484
 2.4035E-02,0.020783812927817825
 2.4049E-02,0.01649871211231101
 2.4063E-02,0.012296840564200256
 2.4078E-02,0.008327260322216038
 2.4092E-02,0.004739519511915957
 2.4106E-02,0.0016836410999745929
 2.4120E-02,-0.0006945570715122468
 2.4134E-02,-0.0022631066427783297
 2.4149E-02,-0.002917186846149755
 2.4163E-02,-0.0025934636368118613
 2.4177E-02,-0.0012822187089207
 2.4191E-02,0.0009657760672092026
 2.4205E-02,0.00403967344861592
 2.4219E-02,0.007776728908528058
 2.4234E-02,0.011977001407642587
 2.4248E-02,0.016421907051816433
 2.4262E-02,0.020893181079944884
 2.4276E-02,0.02518888438987902
 2.4290E-02,0.029134003898099933
 2.4305E-02,0.03258469565749344
 2.4319E-02,0.03542690023747115
 2.4333E-02,0.03757146521359907
 2.4347E-02,0.0389486588994847
 2.4361E-02,0.039504853849126734
 2.4375E-02,0.039203237557108604
 2.4390E-02,0.0380289383133095
 2.4404E-02,0.03599735684721335
 2.4418E-02,0.03316322580815468
 2.4432E-02,0.02962734429928739
 2.4446E-02,0.025538224822111596
 2.4460E-02,0.021086974571364762
 2.4475E-02,0.016495320329781363
 2.4489E-02,0.011998346626574959
 2.4503E-02,0.00782480429610356
 2.4517E-02,0.004178422283428914
 2.4531E-02,0.0012233780550942523
 2.4546E-02,-0.000923960072446352
 2.4560E-02,-0.0021964238903327145
 2.4574E-02,-0.0025715642155776934
 2.4588E-02,-0.0020635391554670313
 2.4602E-02,-0.0007142028214673557
 2.4616E-02,0.0014139766757381243
 2.4631E-02,0.00424145829664568
 2.4645E-02,0.007671281520988813
 2.4659E-02,0.011585912764902815
 2.4673E-02,0.01584345428583517
 2.4687E-02,0.020275827421587192
 2.4702E-02,0.024691205339864963
 2.4716E-02,0.02888193523610315
 2.4730E-02,0.032637729796584344
 2.4744E-02,0.03576241801677929
 2.4758E-02,0.038091437114973585
 2.4772E-02,0.039506834255529984
 2.4787E-02,0.03994695695421786
 2.4801E-02,0.039409146806625425
 2.4815E-02,0.03794531335953246
 2.4829E-02,0.03565183498286418
 2.4843E-02,0.032656391340728855
 2.4858E-02,0.029104774287881673
 2.4872E-02,0.025150348705284084
 2.4886E-02,0.020947766975504677
 2.4900E-02,0.01665109406008776
 2.4914E-02,0.012415086421740674
 2.4928E-02,0.008397382468775558
 2.4943E-02,0.004759075123808352
 2.4957E-02,0.001661622260652436
 2.4971E-02,-0.0007408318289244256
 2.4985E-02,-0.002313213447595588
 2.4999E-02,-0.002953484833928696
 2.5014E-02,-0.0026060402019859583
 2.5028E-02,-0.0012715515326479836
 2.5042E-02,0.0009891510754840012
 2.5056E-02,0.004058381557425597
 2.5070E-02,0.007771770329422263
 2.5084E-02,0.01193352233204915
 2.5099E-02,0.016333935511442993
 2.5113E-02,0.02076601173196768
 2.5127E-02,0.025038431816495524
 2.5141E-02,0.02898326737685412
 2.5155E-02,0.03245826576238085
 2.5169E-02,0.035344973442006426
 2.5184E-02,0.03754496925846324
 2.5198E-02,0.03897679082832527
 2.5212E-02,0.03957567647657335
 2.5226E-02,0.03929714874841217
 2.5240E-02,0.038124049058133914
 2.5255E-02,0.03607530217908506
 2.5269E-02,0.033213826967795755
 2.5283E-02,0.029650868651155533
 2.5297E-02,0.025544659511372386
 2.5311E-02,0.0210925544535216
 2.5325E-02,0.016517302519162606
 2.5340E-02,0.012049497600715732
 2.5354E-02,0.007909134351194735
 2.5368E-02,0.0042893521738191515
 2.5382E-02,0.001344853708578756
 2.5396E-02,-0.0008136925149202609
 2.5411E-02,-0.002119391191461429
 2.5425E-02,-0.002544440981129752
 2.5439E-02,-0.002093330637129626
 2.5453E-02,-0.0007963893174824301
 2.5467E-02,0.0012943410977756733
 2.5481E-02,0.004105991648753287
 2.5496E-02,0.007542872687976246
 2.5510E-02,0.011483118424144265
 2.5524E-02,0.015776186042984124
 2.5538E-02,0.020243465804947982
 2.5552E-02,0.02468361531358219
 2.5567E-02,0.028883068072071104
 2.5581E-02,0.03263079247522009
 2.5595E-02,0.03573516562536396
 2.5609E-02,0.03804011329602223
 2.5623E-02,0.039437659380753144
 2.5637E-02,0.0398747414633048
 2.5652E-02,0.03935340158625052
 2.5666E-02,0.037924920631835744
 2.5680E-02,0.035679740904625196
 2.5694E-02,0.032735776499841336
 2.5708E-02,0.02922775383265836
 2.5723E-02,0.025299563529156844
 2.5737E-02,0.021100442317491412
 2.5751E-02,0.016784477146848834
 2.5765E-02,0.012511810286208937
 2.5779E-02,0.0084493350812428
 2.5793E-02,0.004768768960956744
 2.5808E-02,0.001640742886580354
 2.5822E-02,-0.0007752563374407192
 2.5836E-02,-0.0023439442827831608
 2.5850E-02,-0.002968088554999078
 2.5864E-02,-0.0026004184998195605
 2.5878E-02,-0.0012510293302623499
 2.5893E-02,0.0010114643637550457
 2.5907E-02,0.00406549874125481
 2.5921E-02,0.0077479239098048845
 2.5935E-02,0.011869048677800085
 2.5949E-02,0.016228594834005697
 2.5964E-02,0.020629812985057446
 2.5978E-02,0.02488970638809329
 2.5992E-02,0.02884448257396427
 2.6006E-02,0.032350685107143826
 2.6020E-02,0.035283586776720416
 2.6034E-02,0.03753504422790781
 2.6049E-02,0.03901295731707907
 2.6063E-02,0.03964376728660993
 2.6077E-02,0.03937827191805575
 2.6091E-02,0.038199764946219454
 2.6105E-02,0.03613248684500955
 2.6120E-02,0.03324790174046674
 2.6134E-02,0.02966653552548887
 2.6148E-02,0.02555397472641306
 2.6162E-02,0.021110906117901833
 2.6176E-02,0.01655843052064887
 2.6190E-02,0.012120949859754378
 2.6205E-02,0.008009426211884978
 2.6219E-02,0.00440762434207323
 2.6233E-02,0.001463140333102909
 2.6247E-02,-0.0007161833554731227
 2.6261E-02,-0.002061126103832177
 2.6276E-02,-0.0025369141934422175
 2.6290E-02,-0.0021381596807972373
 2.6304E-02,-0.0008849232864697029
 2.6318E-02,0.0011788043139002518
 2.6332E-02,0.003983979842885179
 2.6346E-02,0.007433639886741036
 2.6361E-02,0.011400033207346678
 2.6375E-02,0.015723829668406953
 2.6389E-02,0.020217193388948472
 2.6403E-02,0.024671661786973796
 2.6417E-02,0.028870587748437197
 2.6432E-02,0.03260469486349628
 2.6446E-02,0.03568839452448847
 2.6460E-02,0.03797417137062067
 2.6474E-02,0.039362665081618425
 2.6488E-02,0.039806986802174676
 2.6502E-02,0.03931107008310852
 2.6517E-02,0.037923133838327905
 2.6531E-02,0.035726288889540644
 2.6545E-02,0.032828701972550486
 2.6559E-02,0.02935545401083453
 2.6573E-02,0.025443389091857234
 2.6588E-02,0.02123909748698134
 2.6602E-02,0.016899043348520704
 2.6616E-02,0.012590057406285955
 2.6630E-02,0.008488189126231446
 2.6644E-02,0.004774313739452992
 2.6658E-02,0.0016258050991273362
 2.6673E-02,-0.0007952380537986801
 2.6687E-02,-0.0023556108683855295
 2.6701E-02,-0.002964118782960738
 2.6715E-02,-0.0025816722568070753
 2.6729E-02,-0.0012262965150637902
 2.6743E-02,0.0010280330319698576
 2.6758E-02,0.004058570073420796
 2.6772E-02,0.007705620762912082
 2.6786E-02,0.01178677029359087
 2.6800E-02,0.016110957460802898
 2.6814E-02,0.02049015485168605
 2.6829E-02,0.024747259726806643
 2.6843E-02,0.028719948647198672
 2.6857E-02,0.032261383341700166
 2.6871E-02,0.03523946659356337
 2.6885E-02,0.03753661498426438
 2.6899E-02,0.039051671129059475
 2.6914E-02,0.03970472370491103
 2.6928E-02,0.03944448496816188
 2.6942E-02,0.03825681432095459
 2.6956E-02,0.03617228071380353
 2.6970E-02,0.033270533757110435
 2.6985E-02,0.029679751533086874
 2.6999E-02,0.025570427089145097
 2.7013E-02,0.021143982292644525
 2.7027E-02,0.01661783055055973
 2.7041E-02,0.012209250645508811
 2.7055E-02,0.008120594844462719
 2.7070E-02,0.004527907156960632
 2.7084E-02,0.0015741066351229664
 2.7098E-02,-0.0006332477754971066
 2.7112E-02,-0.002020644040597496
 2.7126E-02,-0.0025454765183008897
 2.7141E-02,-0.0021929559902884453
 2.7155E-02,-0.0009745514627369741
 2.7169E-02,0.0010713778699733645
 2.7183E-02,0.0038771097329508833
 2.7197E-02,0.007342496639304417
 2.7211E-02,0.011333102793893468
 2.7226E-02,0.0156813375488548
 2.7240E-02,0.020191846413117998
 2.7254E-02,0.02465146930642543
 2.7268E-02,0.02884295684124477
 2.7282E-02,0.032560647711375824
 2.7296E-02,0.03562572410637004
 2.7311E-02,0.03789864472100144
 2.7325E-02,0.039286922070395705
 2.7339E-02,0.03974741898933797
 2.7353E-02,0.039283523114058805
 2.7367E-02,0.0379386036733721
 2.7382E-02,0.0357877870000563
 2.7396E-02,0.03293014710141784
 2.7410E-02,0.029482896928183268
 2.7424E-02,0.025578244487026877
 2.7438E-02,0.02136251725277826
 2.7452E-02,0.016996264657171557
 2.7467E-02,0.012653577013333209
 2.7481E-02,0.008518944323015087
 2.7495E-02,0.004780597767575041
 2.7509E-02,0.0016202598191047907
 2.7523E-02,-0.0007996941151275942
 2.7538E-02,-0.002349783315106255
 2.7552E-02,-0.0029453633536154055
 2.7566E-02,-0.002554772406864972
 2.7580E-02,-0.0012021555536138161
 2.7594E-02,0.001035524381901515
 2.7608E-02,0.004036631147491763
 2.7623E-02,0.007646517995678712
 2.7637E-02,0.011690506701930992
 2.7651E-02,0.015985960395559082
 2.7665E-02,0.02035174649021112
 2.7679E-02,0.02461429402402674
 2.7694E-02,0.02861049573059331
 2.7708E-02,0.03218860179583098
 2.7722E-02,0.035208754156383595
 2.7736E-02,0.03754478171263611
 2.7750E-02,0.03908833030797053
 2.7764E-02,0.039755494718524687
 2.7779E-02,0.03949511376998833
 2.7793E-02,0.038297075068209875
 2.7807E-02,0.03619859269499955
 2.7821E-02,0.03328659062404082
 2.7835E-02,0.02969501383936867
 2.7850E-02,0.025596920484572103
 2.7864E-02,0.021192309307599168
 2.7878E-02,0.016693516793633262
 2.7892E-02,0.012310450465536638
 2.7906E-02,0.008237806379692158
 2.7920E-02,0.004645797177670392
 2.7935E-02,0.0016749723321999922
 2.7949E-02,-0.0005652949920317363
 2.7963E-02,-0.0019958808893693475
 2.7977E-02,-0.0025661590386421
 2.7991E-02,-0.002252928552405096
 2.8005E-02,-0.0010609623392980915
 2.8020E-02,0.000974726824937827
 2.8034E-02,0.0037856835542395533
 2.8048E-02,0.007267309381619338
 2.8062E-02,0.011278346117020357
 2.8076E-02,0.01564396915423269
 2.8091E-02,0.02016321585087485
 2.8105E-02,0.024620502870419475
 2.8119E-02,0.02879999805128191
 2.8133E-02,0.03250087127916837
 2.8147E-02,0.03555115901488757
 2.8161E-02,0.03781822506803773
 2.8176E-02,0.03921452831758946
 2.8190E-02,0.039698427745255734
 2.8204E-02,0.039270797265757225
 2.8218E-02,0.037969012324862675
 2.8232E-02,0.03586020312129369
 2.8247E-02,0.03303546985492361
 2.8261E-02,0.029606096584415775
 2.8275E-02,0.025701881991768753
 2.8289E-02,0.021470797130547538
 2.8303E-02,0.01707854519717446
 2.8317E-02,0.012706420005082146
 2.8332E-02,0.008546192023030252
 2.8346E-02,0.004791504476960923
 2.8360E-02,0.001626231483178574
 2.8374E-02,-0.0007888287872875621
 2.8388E-02,-0.0023289307052021565
 2.8403E-02,-0.002915878696554703
 2.8417E-02,-0.0025242576052961286
 2.8431E-02,-0.0011823954385812715
 2.8445E-02,0.0010319235804353195
 2.8459E-02,0.003999981357281406
 2.8473E-02,0.007573139773132308
 2.8488E-02,0.011584313816096127
 2.8502E-02,0.01585808447026007
 2.8516E-02,0.02021827484945216
 2.8530E-02,0.024492703250931135
 2.8544E-02,0.028515716624482455
 2.8559E-02,0.032129751745947455
 2.8573E-02,0.035187392321295134
 2.8587E-02,0.037555129418560006
 2.8601E-02,0.03911936623216177
 2.8615E-02,0.03979432744630608
 2.8629E-02,0.03953069221813547
 2.8644E-02,0.03832321390068256
 2.8658E-02,0.03621548770508229
 2.8672E-02,0.03330042277563951
 2.8686E-02,0.02971577243395206
 2.8700E-02,0.025635068492760378
 2.8714E-02,0.021255231863323284
 2.8729E-02,0.016782751233745424
 2.8743E-02,0.012420479780577821
 2.8757E-02,0.008356769316126582
 2.8771E-02,0.004757946154698035
 2.8785E-02,0.0017642370784338541
 2.8800E-02,-0.00051157743876981
 2.8814E-02,-0.0019840520960704103
 2.8828E-02,-0.0025949024587495827
 2.8842E-02,-0.002313848222096748
 2.8856E-02,-0.0011409037792779351
 2.8870E-02,0.0008902484567826683
 2.8885E-02,0.0037088719431238922
 2.8899E-02,0.007205255602510058
 2.8913E-02,0.011231721153628017
 2.8927E-02,0.015607565252150835
 2.8941E-02,0.020128155993197228
 2.8956E-02,0.02457748205042644
 2.8970E-02,0.028742637998071113
 2.8984E-02,0.032428239230595096
 2.8998E-02,0.03546873055736964
 2.9012E-02,0.03773699916705433
 2.9026E-02,0.03914851245304274
 2.9041E-02,0.0396611622720387
 2.9055E-02,0.039271856154659536
 2.9069E-02,0.03801142830067479
 2.9083E-02,0.035939516211330146
 2.9097E-02,0.033140658687657004
 2.9112E-02,0.029722142931708325
 2.9126E-02,0.02581328082121798
 2.9140E-02,0.021565076183915254
 2.9154E-02,0.01714886608884363
 2.9168E-02,0.012752592517940446
 2.9182E-02,0.008573871388873819
 2.9197E-02,0.004809836856402823
 2.9211E-02,0.0016446304440199421
 2.9225E-02,-0.0007638644373339043
 2.9239E-02,-0.0022960690791003456
 2.9253E-02,-0.002879650642145697
 2.9268E-02,-0.0024939998056521533
 2.9282E-02,-0.0011697252580370105
 2.9296E-02,0.0010164146301213958
 2.9310E-02,0.003949912305475993
 2.9324E-02,0.007488527384979073
 2.9338E-02,0.011472150955931307
 2.9353E-02,0.01573112871902625
 2.9367E-02,0.020092347343427967
 2.9381E-02,0.02438319910963605
 2.9395E-02,0.028434241104226203
 2.9409E-02,0.03208176194763546
 2.9423E-02,0.03517145153912963
 2.9438E-02,0.03756394388764165
 2.9452E-02,0.03914229133952955
 2.9466E-02,0.039820634511549456
 2.9480E-02,0.03955268636204286
 2.9494E-02,0.03833834329953254
 2.9509E-02,0.036226870512465766
 2.9523E-02,0.03331566059940787
 2.9537E-02,0.029744395657908165
 2.9551E-02,0.02568533730598946
 2.9565E-02,0.02133119398172546
 2.9579E-02,0.016882385901603295
 2.9594E-02,0.012535459477862016
 2.9608E-02,0.008473929149465348
 2.9622E-02,0.00486208749630844
 2.9636E-02,0.0018415322404741422
 2.9650E-02,-0.000470472828639123
 2.9665E-02,-0.0019819915858931996
 2.9679E-02,-0.0026278607827420184
 2.9693E-02,-0.0023722339732876
 2.9707E-02,-0.0012122018233572988
 2.9721E-02,0.0008182253017189401
 2.9735E-02,0.003644996589363455
 2.9750E-02,0.007153158859436867
 2.9764E-02,0.011189421106026467
 2.9778E-02,0.015568724893583269
 2.9792E-02,0.020084594494545898
 2.9806E-02,0.0245222218636283
 2.9821E-02,0.028672622702740434
 2.9835E-02,0.03234594650313532
 2.9849E-02,0.03538220745576279
 2.9863E-02,0.03765828093950854
 2.9877E-02,0.03909083241666334
 2.9891E-02,0.039635696017661995
 2.9906E-02,0.03928487565350126
 2.9920E-02,0.038062633860894604
 2.9934E-02,0.036021996542946196
 2.9948E-02,0.03324248944535731
 2.9962E-02,0.02982919320509191
 2.9977E-02,0.02591247589143949
 2.9991E-02,0.021647250455468933
 3.0005E-02,0.017210461971982123
 3.0019E-02,0.01279578369041983
 3.0033E-02,0.008605122261641802
 3.0047E-02,0.004837335007927001
 3.0062E-02,0.001675329948541077
 3.0076E-02,-0.0007267536018916699
 3.0090E-02,-0.0022544408865906936
 3.0104E-02,-0.002840328118831206
 3.0118E-02,-0.0024670640504904444
 3.0132E-02,-0.001165797519652449
 3.0147E-02,0.0009892005085691878
 3.0161E-02,0.0038884208217484463
 3.0175E-02,0.007395923461996785
 3.0189E-02,0.011357622144847323
 3.0203E-02,0.015608078838840439
 3.0218E-02,0.019975522749728133
 3.0232E-02,0.02428549534759358
 3.0246E-02,0.028364022925078093
 3.0260E-02,0.0320413898246518
 3.0274E-02,0.03515738037548235
 3.0288E-02,0.03756833343818587
 3.0303E-02,0.039155659255213054
 3.0317E-02,0.03983480377767931
 3.0331E-02,0.03956320588577128
 3.0345E-02,0.038345713439107754
 3.0359E-02,0.0362362418267275
 3.0374E-02,0.03333510059401376
 3.0388E-02,0.02978221665224998
 3.0402E-02,0.025747238961803046
 3.0416E-02,0.02141802569442482
 3.0430E-02,0.016989164562786766
 3.0444E-02,0.012651935395467447
 3.0459E-02,0.008586572160495402
 3.0473E-02,0.004956981488098353
 3.0487E-02,0.001907422852518048
 3.0501E-02,-0.0004397713425640338
 3.0515E-02,-0.001986449978540506
 3.0530E-02,-0.002661629713386277
 3.0544E-02,-0.0024254498461277326
 3.0558E-02,-0.0012737004004185865
 3.0572E-02,0.0007580257589983174
 3.0586E-02,0.0035918162752792944
 3.0600E-02,0.0071077824184061465
 3.0615E-02,0.011148096023845921
 3.0629E-02,0.01552489520355808
 3.0643E-02,0.020031466507181246
 3.0657E-02,0.024455429810625845
 3.0671E-02,0.028592233344004535
 3.0686E-02,0.03225722158228456
 3.0700E-02,0.03529488317510467
 3.0714E-02,0.03758453171068802
 3.0728E-02,0.039042450059221544
 3.0742E-02,0.03962123496245878
 3.0756E-02,0.03930752884644537
 3.0771E-02,0.03811940895616526
 3.0785E-02,0.036104411495616974
 3.0799E-02,0.033338597413128605
 3.0813E-02,0.029926391197882263
 3.0827E-02,0.026000346896510734
 3.0841E-02,0.021719689722125703
 3.0856E-02,0.017266542734776708
 3.0870E-02,0.012839167980696667
 3.0884E-02,0.008642221461208851
 3.0898E-02,0.0048747632092390955
 3.0912E-02,0.001717379753736788
 3.0927E-02,-0.0006798972491315418
 3.0941E-02,-0.0022072417868381124
 3.0955E-02,-0.0028010325454862275
 3.0969E-02,-0.002445651871612439
 3.0983E-02,-0.0011713004942529438
 3.0997E-02,0.000951287364412834
 3.1012E-02,0.0038179285833514487
 3.1026E-02,0.0072985032475466
 3.1040E-02,0.01124379185914694
 3.1054E-02,0.015491057068436552
 3.1068E-02,0.01986840826122288
 3.1083E-02,0.024198524974231944
 3.1097E-02,0.028302617610811872
 3.1111E-02,0.03200548396703097
 3.1125E-02,0.03514218128734234
 3.1139E-02,0.0375662704189431
 3.1153E-02,0.03915896121901698
 3.1168E-02,0.039837978519757324
 3.1182E-02,0.03956472846961338
 3.1196E-02,0.038348456223829534
 3.1210E-02,0.03624653188277813
 3.1224E-02,0.03336067371639876
 3.1239E-02,0.029829644801170604
 3.1253E-02,0.02581955522878599
 3.1267E-02,0.021513218254945763
 3.1281E-02,0.0170999744367044
 3.1295E-02,0.012767038410335402
 3.1309E-02,0.008692850877316735
 3.1324E-02,0.005042299827223389
 3.1338E-02,0.0019631831659239216
 3.1352E-02,-0.0004169476931954359
 3.1366E-02,-0.0019943402265087196
 3.1380E-02,-0.0026933992903240465
 3.1395E-02,-0.0024717235004570416
 3.1409E-02,-0.001325141239237095
 3.1423E-02,0.000708329758246214
 3.1437E-02,0.003546796538308015
 3.1451E-02,0.007066069593814395
 3.1465E-02,0.011104998684350612
 3.1480E-02,0.015474383499499055
 3.1494E-02,0.019968590182347395
 3.1508E-02,0.02437847904626451
 3.1522E-02,0.028504019111087568
 3.1536E-02,0.03216509180989046
 3.1551E-02,0.03520943734593031
 3.1565E-02,0.03751735495059091
 3.1579E-02,0.03900345989481969
 3.1593E-02,0.03961634451819409
 3.1607E-02,0.03933724858096101
 3.1621E-02,0.03817875745802269
 3.1636E-02,0.03618415366857212
 3.1650E-02,0.03342747249807602
 3.1664E-02,0.030013731064101892
 3.1678E-02,0.026078388076879462
 3.1692E-02,0.021784976052827393
 3.1706E-02,0.01732007194921164
 3.1721E-02,0.01288528345316465
 3.1735E-02,0.008686593529905418
 3.1749E-02,0.004922049634121228
 3.1763E-02,0.0017692363865946885
 3.1777E-02,-0.0006258867810543722
 3.1792E-02,-0.002157404958546838
 3.1806E-02,-0.002764242746697149
 3.1820E-02,-0.0024311176218203955
 3.1834E-02,-0.001186101038324531
 3.1848E-02,0.0009042544225086977
 3.1862E-02,0.003741027527812836
 3.1877E-02,0.007199164756601883
 3.1891E-02,0.011133076806483356
 3.1905E-02,0.01538134466868407
 3.1919E-02,0.01977080613542577
 3.1933E-02,0.02412067081900178
 3.1948E-02,0.028247433988218273
 3.1962E-02,0.031971188223547206
 3.1976E-02,0.0351235119958093
 3.1990E-02,0.03755656272854725
 3.2004E-02,0.0391524760672354
 3.2018E-02,0.03983182725962613
 3.2033E-02,0.03955985255043124
 3.2047E-02,0.03834938844283264
 3.2061E-02,0.03626000743183222
 3.2075E-02,0.033393481110642415
 3.2089E-02,0.029886319909971974
 3.2104E-02,0.025900567735898293
 3.2118E-02,0.021614167244069015
 3.2132E-02,0.017212036047342054
 3.2146E-02,0.012878569547535686
 3.2160E-02,0.00879174159970178
 3.2174E-02,0.005118467431172985
 3.2189E-02,0.0020105659612127944
 3.2203E-02,-0.0003994015872831199
 3.2217E-02,-0.0020029227119916153
 3.2231E-02,-0.0027210337346984075
 3.2245E-02,-0.002510099636057441
 3.2260E-02,-0.0013670040319156956
 3.2274E-02,0.0006673580439383797
 3.2288E-02,0.0035073459352887096
 3.2302E-02,0.0070253228583599565
 3.2316E-02,0.011058058140125235
 3.2330E-02,0.015416305683819666
 3.2345E-02,0.019896504379996047
 3.2359E-02,0.024293179935038496
 3.2373E-02,0.028410565011124066
 3.2387E-02,0.03207221069797761
 3.2401E-02,0.035127869459368126
 3.2415E-02,0.03745755412784526
 3.2430E-02,0.038973255049739516
 3.2444E-02,0.039619178164107954
 3.2458E-02,0.03937145651674738
 3.2472E-02,0.038238074499052976
 3.2486E-02,0.03625930144608183
 3.2501E-02,0.03350839719408527
 3.2515E-02,0.03009189027393017
 3.2529E-02,0.02614848224036121
 3.2543E-02,0.021845680791983645
 3.2557E-02,0.017373607627727154
 3.2571E-02,0.012935979507976036
 3.2586E-02,0.008738879378247837
 3.2600E-02,0.004978456964864365
 3.2614E-02,0.0018289891810168543
 3.2628E-02,-0.0005672839644435173
 3.2642E-02,-0.002107446546890169
 3.2657E-02,-0.002731747504601898
 3.2671E-02,-0.002424040569490303
 3.2685E-02,-0.0012094162480768354
 3.2699E-02,0.0008500296615780495
 3.2713E-02,0.0036602638689011554
 3.2727E-02,0.007100379657776636
 3.2742E-02,0.011027203840844331
 3.2756E-02,0.01527945782519722
 3.2770E-02,0.01968188644004962
 3.2784E-02,0.024049987715386755
 3.2798E-02,0.02819594510416954
 3.2813E-02,0.03193608388879201
 3.2827E-02,0.035099720348814555
 3.2841E-02,0.03753877208850108
 3.2855E-02,0.039137094430026026
 3.2869E-02,0.039818321960062714
 3.2883E-02,0.03955108996151565
 3.2898E-02,0.03835087515839943
 3.2912E-02,0.036278242705296435
 3.2926E-02,0.03343388005041175
 3.2940E-02,0.029951289228335412
 3.2954E-02,0.025988277531238134
 3.2969E-02,0.021718374785465816
 3.2983E-02,0.017323033199651002
 3.2997E-02,0.012985022681911665
 3.3011E-02,0.008882954069556545
 3.3025E-02,0.005186484033959202
 3.3039E-02,0.002051584838506802
 3.3054E-02,-0.00038465549111703487
 3.3068E-02,-0.0020099294517473667
 3.3082E-02,-0.002743088627828428
 3.3096E-02,-0.0025403458212173587
 3.3110E-02,-0.0014003267852772078
 3.3124E-02,0.0006330883580357442
 3.3139E-02,0.0034710100868151645
 3.3153E-02,0.006983323274693476
 3.3167E-02,0.011005892468146537
 3.3181E-02,0.015350489295009768
 3.3195E-02,0.01981628881360278
 3.3210E-02,0.024201566538446587
 3.3224E-02,0.028314302948286494
 3.3238E-02,0.031980744956421475
 3.3252E-02,0.035051492322673725
 3.3266E-02,0.03740523394135456
 3.3280E-02,0.0389507082108938
 3.3295E-02,0.03962768839757997
 3.3309E-02,0.039407746339129364
 3.3323E-02,0.03829525194963468
 3.3337E-02,0.036328618074293044
 3.3351E-02,0.0335813396670537
 3.3366E-02,0.030162045974282264
 3.3380E-02,0.0262126904470844
 3.3394E-02,0.021904184691945668
 3.3408E-02,0.017429201427201967
 3.3422E-02,0.012992422098033973
 3.3436E-02,0.008799045556503233
 3.3451E-02,0.005042765534699698
 3.3465E-02,0.0018945672107826572
 3.3479E-02,-0.000506446515208217
 3.3493E-02,-0.0020593710218145492
 3.3507E-02,-0.0027046561372693467
 3.3522E-02,-0.002424337521295907
 3.3536E-02,-0.0012399972838057244
 3.3550E-02,0.0007906848517954116
 3.3564E-02,0.0035779676454860696
 3.3578E-02,0.007004103451430231
 3.3592E-02,0.01092722486304083
 3.3607E-02,0.015185262856736725
 3.3621E-02,0.01960037092810259
 3.3635E-02,0.023984404855481783
 3.3649E-02,0.028145854030141526
 3.3663E-02,0.03189827407542838
 3.3677E-02,0.03506982472111431
 3.3692E-02,0.03751309635521193
 3.3706E-02,0.03911413558065015
 3.3720E-02,0.039799539797016316
 3.3734E-02,0.03954070696381441
 3.3748E-02,0.03835475343399304
 3.3763E-02,0.03630214656159983
 3.3777E-02,0.033481606946081675
 3.3791E-02,0.030023192656569504
 3.3805E-02,0.026080602005071087
 3.3819E-02,0.02182360469508269
 3.3833E-02,0.017431184415086218
 3.3848E-02,0.013085553212926577
 3.3862E-02,0.008966806301600001
 3.3876E-02,0.005247739510740862
 3.3890E-02,0.0020883203701455837
 3.3904E-02,-0.00037050504104823526
 3.3919E-02,-0.0020136304632274336
 3.3933E-02,-0.002758775583881218
 3.3947E-02,-0.0025628254680951554
 3.3961E-02,-0.0014265219206383102
 3.3975E-02,0.0006034460945073727
 3.3989E-02,0.0034356172973058433
 3.4004E-02,0.006938391668345423
 3.4018E-02,0.010947769117222703
 3.4032E-02,0.015277344077351623
 3.4046E-02,0.019729380253567932
 3.4060E-02,0.0241057085417615
 3.4075E-02,0.028217370473713647
 3.4089E-02,0.03189231825735016
 3.4103E-02,0.034980975755611474
 3.4117E-02,0.037359931606181604
 3.4131E-02,0.03893435436087622
 3.4145E-02,0.03963981091638518
 3.4160E-02,0.0394440192012115
 3.4174E-02,0.03834872842308891
 3.4188E-02,0.03639150297145309
 3.4202E-02,0.03364682007134515
 3.4216E-02,0.030225693126563508
 3.4231E-02,0.026273071766487063
 3.4245E-02,0.021962548448341526
 3.4259E-02,0.017488355104602452
 3.4273E-02,0.013055147740760751
 3.4287E-02,0.008866520910469506
 3.4301E-02,0.0051134553487867124
 3.4316E-02,0.0019639172460589964
 3.4330E-02,-0.00044540234000723256
 3.4344E-02,-0.002014631425982724
 3.4358E-02,-0.002683455137823569
 3.4372E-02,-0.0024314000867751767
 3.4387E-02,-0.0012763097039285706
 3.4401E-02,0.0007282612483827601
 3.4415E-02,0.003496131730087497
 3.4429E-02,0.006911740443721672
 3.4443E-02,0.010833576953706644
 3.4457E-02,0.015098114818769093
 3.4472E-02,0.019524712153745672
 3.4486E-02,0.023921896565434
 3.4500E-02,0.02809520985629199
 3.4514E-02,0.03185641351435431
 3.4528E-02,0.035033449737061094
 3.4542E-02,0.03748022888908856
 3.4557E-02,0.03908516887882193
 3.4571E-02,0.039777495272229964
 3.4585E-02,0.03953061250982824
 3.4599E-02,0.038362306735041284
 3.4613E-02,0.03633202941218981
 3.4628E-02,0.03353591796297749
 3.4642E-02,0.030100438260762
 3.4656E-02,0.02617553720556409
 3.4670E-02,0.02192798732457342
 3.4684E-02,0.01753526186119772
 3.4698E-02,0.013179906115694846
 3.4713E-02,0.009044081506670697
 3.4727E-02,0.005303838668834196
 3.4741E-02,0.00212276033471193
 3.4755E-02,-0.0003551201529827775
 3.4769E-02,-0.0020128490641955522
 3.4784E-02,-0.002767887937757566
 3.4798E-02,-0.0025783543914330983
 3.4812E-02,-0.0014472028251793787
 3.4826E-02,0.000576460661270223
 3.4840E-02,0.003399375549276061
 3.4854E-02,0.006889400228982118
 3.4869E-02,0.01088352835621208
 3.4883E-02,0.015197718468071306
 3.4897E-02,0.019637401379536804
 3.4911E-02,0.0240075591950884
 3.4925E-02,0.02812151920517645
 3.4940E-02,0.03180800493679269
 3.4954E-02,0.03491642708481268
 3.4968E-02,0.03732076201814322
 3.4982E-02,0.03892256095836929
 3.4996E-02,0.039653613488753806
 3.5010E-02,0.03947857092653693
 3.5025E-02,0.0383974913900393
 3.5039E-02,0.036447908577875616
 3.5053E-02,0.0337057651550835
 3.5067E-02,0.03028447671674044
 3.5081E-02,0.026331538851192222
 3.5096E-02,0.022022430829433143
 3.5110E-02,0.017552023201978247
 3.5124E-02,0.013124149677109849
 3.5138E-02,0.008940342461704023
 3.5152E-02,0.005188871819922643
 3.5166E-02,0.00203514425424094
 3.5181E-02,-0.0003857723396732582
 3.5195E-02,-0.0019741362464121264
 3.5209E-02,-0.0026680970162874223
 3.5223E-02,-0.0024442411817696755
 3.5237E-02,-0.0013166977725473088
 3.5251E-02,0.0006646320306255805
 3.5266E-02,0.0034163381612888353
 3.5280E-02,0.006824153661987932
 3.5294E-02,0.010746172816279194
 3.5308E-02,0.015017003573200401
 3.5322E-02,0.01945325524838224
 3.5337E-02,0.023860615735741848
 3.5351E-02,0.028042476580171963
 3.5365E-02,0.03180969439412054
 3.5379E-02,0.03499073324230244
 3.5393E-02,0.03744121233887475
 3.5407E-02,0.039051854492280054
 3.5422E-02,0.039754011456033536
 3.5436E-02,0.03952229514770148
 3.5450E-02,0.0383742846321472
 3.5464E-02,0.03636770025241266
 3.5478E-02,0.03359573687855177
 3.5493E-02,0.03018136072450257
 3.5507E-02,0.02627128392329795
 3.5521E-02,0.02203007927682031
 3.5535E-02,0.017634568856969547
 3.5549E-02,0.01326831778049636
 3.5563E-02,0.009115881320912548
 3.5578E-02,0.005356445999063772
 3.5592E-02,0.0021566782507608144
 3.5606E-02,-0.0003370997933957137
 3.5620E-02,-0.0020069352683486875
 3.5634E-02,-0.0027707002187505277
 3.5649E-02,-0.002588053835459453
 3.5663E-02,-0.0014640304075118685
 3.5677E-02,0.0005503837928985042
 3.5691E-02,0.0033609237295249674
 3.5705E-02,0.006835742976622041
 3.5719E-02,0.010813481250130097
 3.5734E-02,0.015112753000849556
 3.5748E-02,0.01954200954739822
 3.5762E-02,0.02390884050916912
 3.5776E-02,0.0280280674637384
 3.5790E-02,0.03172836260760671
 3.5805E-02,0.03485749442443826
 3.5819E-02,0.03728656315126138
 3.5833E-02,0.03891367550359067
 3.5847E-02,0.039667405269530415
 3.5861E-02,0.03951013321203164
 3.5875E-02,0.03844103906711134
 3.5890E-02,0.03649823338935959
 3.5904E-02,0.0337593616379689
 3.5918E-02,0.030340045395811484
 3.5932E-02,0.02638975156080639
 3.5946E-02,0.022085050991242517
 3.5960E-02,0.01762065398481229
 3.5975E-02,0.01319898597469071
 3.5989E-02,0.00901930104175609
 3.6003E-02,0.00526736925488863
 3.6017E-02,0.002106613820408447
 3.6031E-02,-0.00032873667046198676
 3.6046E-02,-0.0019382932392419175
 3.6060E-02,-0.00265810950361584
 3.6074E-02,-0.0024616397399371943
 3.6088E-02,-0.0013595252767784455
 3.6102E-02,0.0006014035966127565
 3.6116E-02,0.0033397282232467533
 3.6131E-02,0.00674171164443459
 3.6145E-02,0.010664511357760429
 3.6159E-02,0.014940697961228284
 3.6173E-02,0.019384376455481286
 3.6187E-02,0.023798989141723233
 3.6202E-02,0.027986559503752652
 3.6216E-02,0.031757796955438344
 3.6230E-02,0.03494221486764584
 3.6244E-02,0.03739729578585755
 3.6258E-02,0.039015808173692615
 3.6272E-02,0.0397306292106228
 3.6287E-02,0.039516801232125656
 3.6301E-02,0.03839095562139126
 3.6315E-02,0.036408579337482594
 3.6329E-02,0.03365979659398124
 3.6343E-02,0.030264352935652546
 3.6358E-02,0.02636633344485064
 3.6372E-02,0.022128880031416942
 3.6386E-02,0.017728882967818882
 3.6400E-02,0.0133514011788594
 3.6414E-02,0.009183484320915297
 3.6428E-02,0.005407155931857025
 3.6443E-02,0.002191550430031326
 3.6457E-02,-0.000315485900198538
 3.6471E-02,-0.0019957072456708133
 3.6485E-02,-0.002767853357754417
 3.6499E-02,-0.0025932108049386586
 3.6514E-02,-0.0014785865424263415
 3.6528E-02,0.0005237687028717276
 3.6542E-02,0.0033193420682737463
 3.6556E-02,0.006777274896394115
 3.6570E-02,0.01073829427167066
 3.6584E-02,0.015023741941567645
 3.6599E-02,0.019444773151898142
 3.6613E-02,0.023810967933821207
 3.6627E-02,0.027937893617556456
 3.6641E-02,0.03165349578290411
 3.6655E-02,0.034803483083565276
 3.6669E-02,0.037256033475315885
 3.6684E-02,0.038906146617847526
 3.6698E-02,0.03967980881019821
 3.6712E-02,0.03953787735074697
 3.6726E-02,0.03847931532927224
 3.6740E-02,0.03654320629171517
 3.6755E-02,0.03380892190023889
 3.6769E-02,0.03039393538627006
 3.6783E-02,0.026449050811349108
 3.6797E-02,0.022151190244249663
 3.6811E-02,0.017694258529368803
 3.6825E-02,0.013278897028883714
 3.6840E-02,0.00910207521937319
 3.6854E-02,0.0053474248831823085
 3.6868E-02,0.0021770154845547575
 3.6882E-02,-0.0002750390394655857
 3.6896E-02,-0.001907079914315173
 3.6911E-02,-0.0026527128608253474
 3.6925E-02,-0.0024822728745260403
 3.6939E-02,-0.0014032866715064016
 3.6953E-02,0.0005398554655765063
 3.6967E-02,0.0032670094616667326
 3.6981E-02,0.006664360360525777
 3.6996E-02,0.010587794687983446
 3.7010E-02,0.014867875878717983
 3.7024E-02,0.01931659083064212
 3.7038E-02,0.02373577350888538
 3.7052E-02,0.027926794532426625
 3.7067E-02,0.031700815099422
 3.7081E-02,0.034888718345591485
 3.7095E-02,0.03734980588846404
 3.7109E-02,0.038978496287837054
 3.7123E-02,0.039708554525914416
 3.7137E-02,0.0395147486416413
 3.7152E-02,0.038412183165376895
 3.7166E-02,0.03645381554636713
 3.7180E-02,0.033726765678110913
 3.7194E-02,0.030347967229172056
 3.7208E-02,0.026459516064559985
 3.7222E-02,0.02222381476773198
 3.7237E-02,0.0178183781049517
 3.7251E-02,0.013430028692045362
 3.7265E-02,0.009248221617551327
 3.7279E-02,0.005457395069231003
 3.7293E-02,0.0022285113557361973
 3.7308E-02,-0.0002897428732705639
 3.7322E-02,-0.001979371406874952
 3.7336E-02,-0.0027602371740532996
 3.7350E-02,-0.0025951548725141795
 3.7364E-02,-0.0014922785426873307
 3.7378E-02,0.000495512214516015
 3.7393E-02,0.003274129698836486
 3.7407E-02,0.00671423129733668
 3.7421E-02,0.010658872596242559
 3.7435E-02,0.014932012371420028
 3.7449E-02,0.019347079385819796
 3.7464E-02,0.023715011772718175
 3.7478E-02,0.027851461446749385
 3.7492E-02,0.03158313803455491
 3.7506E-02,0.034753471902694934
 3.7520E-02,0.0372278505945734
 3.7534E-02,0.038898612557051265
 3.7549E-02,0.03968979430570699
 3.7563E-02,0.03956138491070379
 3.7577E-02,0.038512624848032966
 3.7591E-02,0.036583769270984015
 3.7605E-02,0.033855766116477
 3.7620E-02,0.030447483927026946
 3.7634E-02,0.026510426579733556
 3.7648E-02,0.022221222944939972
 3.7662E-02,0.017772495716829165
 3.7676E-02,0.013362921230681375
 3.7690E-02,0.009187345998184163
 3.7705E-02,0.005427721348668504
 3.7719E-02,0.0022453906674792285
 3.7733E-02,-0.00022502080587801735
 3.7747E-02,-0.001880130266640524
 3.7761E-02,-0.0026509355975154795
 3.7776E-02,-0.0025048291541656365
 3.7790E-02,-0.001446687241729743
 3.7804E-02,0.0004809148289712751
 3.7818E-02,0.003198491651261254
 3.7832E-02,0.006591710631093518
 3.7846E-02,0.010515043114791045
 3.7861E-02,0.014797235571370197
 3.7875E-02,0.019248629672588884
 3.7889E-02,0.02367007821945784
 3.7903E-02,0.0278629102534476
 3.7917E-02,0.03163916846522334
 3.7931E-02,0.03483123781392996
 3.7946E-02,0.03730003860275623
 3.7960E-02,0.03894116257932931
 3.7974E-02,0.03968864032435922
 3.7988E-02,0.03951636854625323
 3.8002E-02,0.038437515991093664
 3.8017E-02,0.03650240059001594
 3.8031E-02,0.0337953554291435
 3.8045E-02,0.03043098628402734
 3.8059E-02,0.02655001672378212
 3.8073E-02,0.022314690732433737
 3.8087E-02,0.017903533715973845
 3.8102E-02,0.013505218974916163
 3.8116E-02,0.009311372194608326
 3.8130E-02,0.005508354362526822
 3.8144E-02,0.0022683409412405137
 3.8158E-02,-0.0002597120149298521
 3.8173E-02,-0.0019584311483297904
 3.8187E-02,-0.002748878370261551
 3.8201E-02,-0.00259515590214906
 3.8215E-02,-0.001506274347235392
 3.8229E-02,0.0004648646175166309
 3.8243E-02,0.0032251570219815084
 3.8258E-02,0.006647135748571394
 3.8272E-02,0.010576248692447839
 3.8286E-02,0.014838823694983471
 3.8300E-02,0.01925007187377797
 3.8314E-02,0.02362168970461419
 3.8329E-02,0.027768869333895246
 3.8343E-02,0.0315167442128569
 3.8357E-02,0.03470642320370531
 3.8371E-02,0.03720076890253557
 3.8385E-02,0.03888996001969222
 3.8399E-02,0.0396966837051921
 3.8414E-02,0.03958059628465922
 3.8428E-02,0.03854154038705091
 3.8442E-02,0.03662096897548208
 3.8456E-02,0.03390112781423592
 3.8470E-02,0.03050177464190602
 3.8485E-02,0.026574517956303022
 3.8499E-02,0.022295171161726066
 3.8513E-02,0.017854766582394665
 3.8527E-02,0.013450003338950611
 3.8541E-02,0.00927388984366572
 3.8555E-02,0.00550719930236206
 3.8570E-02,0.002311130803531006
 3.8584E-02,-0.0001786765195458703
 3.8598E-02,-0.0018568286596641322
 3.8612E-02,-0.0026517210468535524
 3.8626E-02,-0.0025280988816212173
 3.8641E-02,-0.001488692631406319
 3.8655E-02,0.0004251610782442289
 3.8669E-02,0.003134143969535953
 3.8683E-02,0.006523132248670148
 3.8697E-02,0.010445200524308413
 3.8711E-02,0.014727583603540635
 3.8726E-02,0.01917948722187007
 3.8740E-02,0.02360135816662516
 3.8754E-02,0.02779496904325177
 3.8768E-02,0.0315735079465366
 3.8782E-02,0.03477083351271338
 3.8796E-02,0.03724917339086464
 3.8811E-02,0.038904784050026626
 3.8825E-02,0.039671395697090446
 3.8839E-02,0.039521565084064285
 3.8853E-02,0.038466281540581425
 3.8867E-02,0.03655327043046118
 3.8882E-02,0.033864401400071784
 3.8896E-02,0.030512462444860534
 3.8910E-02,0.02663736142538111
 3.8924E-02,0.02240163451037423
 3.8938E-02,0.01798504004944238
 3.8952E-02,0.013578035999677501
 3.8967E-02,0.009374083115337889
 3.8981E-02,0.0055609520189233205
 3.8995E-02,0.0023114800107061225
 3.9009E-02,-0.0002255478874414918
 3.9023E-02,-0.0019335924863779924
 3.9038E-02,-0.002734841128044129
 3.9052E-02,-0.0025943465467122197
 3.9066E-02,-0.0015214678151720302
 3.9080E-02,0.0004314123685886218
 3.9094E-02,0.003172601336494808
 3.9108E-02,0.00657670633807152
 3.9123E-02,0.010491484828942493
 3.9137E-02,0.014745292953565341
 3.9151E-02,0.019154619067264296
 3.9165E-02,0.02353138675638032
 3.9179E-02,0.02768991625657123
 3.9194E-02,0.03145358440080212
 3.9208E-02,0.03466127910203713
 3.9222E-02,0.03717369209486836
 3.9236E-02,0.0388793532728351
 3.9250E-02,0.03970012874519433
 3.9264E-02,0.03959574386297665
 3.9279E-02,0.03856680953209893
 3.9293E-02,0.0366558625333534
 3.9307E-02,0.03394608443202951
 3.9321E-02,0.030557611623953884
 3.9335E-02,0.02664163759495753
 3.9350E-02,0.02237277258741114
 3.9364E-02,0.01794030699617832
 3.9378E-02,0.013539086586523499
 3.9392E-02,0.00936064513578914
 3.9406E-02,0.005585080189688346
 3.9420E-02,0.002373950369365148
 3.9435E-02,-0.00013572322366672785
 3.9449E-02,-0.0018364025801396629
 3.9463E-02,-0.0026540184029581336
 3.9477E-02,-0.002551038798600622
 3.9491E-02,-0.0015285498238273077
 3.9505E-02,0.000372854029148261
 3.9520E-02,0.00307366454939274
 3.9534E-02,0.0064578458061555054
 3.9548E-02,0.010377223462218066
 3.9562E-02,0.014657897005589686
 3.9576E-02,0.019108439087583185
 3.9591E-02,0.023529383615185948
 3.9605E-02,0.02772329674826875
 3.9619E-02,0.03150462450017019
 3.9633E-02,0.03470854467069994
 3.9647E-02,0.03719821397195445
 3.9661E-02,0.03887005572227016
 3.9676E-02,0.03965701881032007
 3.9690E-02,0.039529987436558015
 3.9704E-02,0.03849767762556266
 3.9718E-02,0.03660539168223612
 3.9732E-02,0.03393292124578479
 3.9747E-02,0.030591731570369464
 3.9761E-02,0.026721383655198324
 3.9775E-02,0.02248502048232101
 3.9789E-02,0.01806370837288228
 3.9803E-02,0.0136495056155147
 3.9817E-02,0.00943731516683002
 3.9832E-02,0.005615822972038376
 3.9846E-02,0.002358066373374132
 3.9860E-02,-0.00018764552104448768
 3.9874E-02,-0.0019056743621710744
 3.9888E-02,-0.002719144842896876
 3.9903E-02,-0.0025936696560300626
 3.9917E-02,-0.001538469944559891
 3.9931E-02,0.00039504083240546567
 3.9945E-02,0.003116873785672534
 3.9959E-02,0.006503766732222697
 3.9973E-02,0.01040559239098246
 3.9988E-02,0.014652344216915492
 4.0002E-02,0.019061307285861882
 4.0016E-02,0.023444193656854274
 4.0030E-02,0.027614174782056522
 4.0044E-02,0.03139283147523904
 4.0059E-02,0.03461703964421253
 4.0073E-02,0.03714572052097052
 4.0087E-02,0.03886623779737692
 4.0101E-02,0.03970006990956259
 4.0115E-02,0.03960727750485527
 4.0129E-02,0.03858926695986798
 4.0144E-02,0.03668944044088105
 4.0158E-02,0.03399151168779398
 4.0172E-02,0.030615517518786203
 4.0186E-02,0.02671181382747614
 4.0200E-02,0.022453555045959264
 4.0214E-02,0.018028274182770407
 4.0229E-02,0.013629187664724478
 4.0243E-02,0.009446755307631812
 4.0257E-02,0.00566086596482388
 4.0271E-02,0.002433843429118175
 4.0285E-02,-9.567511224762779e-05
 4.0300E-02,-0.0018180081142499301
 4.0314E-02,-0.0026568557729302377
 4.0328E-02,-0.0025728129221864304
 4.0342E-02,-0.0015657847731632847
 4.0356E-02,0.0003239787350791804
 4.0370E-02,0.0030165554737412456
 4.0385E-02,0.006395007465447728
 4.0399E-02,0.010310152681401095
 4.0413E-02,0.014587362262787276
 4.0427E-02,0.019035038239571256
 4.0441E-02,0.02345419447455288
 4.0456E-02,0.027648407855673428
 4.0470E-02,0.03143336570643995
 4.0484E-02,0.03464532021511651
 4.0498E-02,0.03714795199283392
 4.0512E-02,0.03883739701094103
 4.0526E-02,0.03964544402003395
 4.0541E-02,0.03954110460420984
 4.0555E-02,0.038530854268678534
 4.0569E-02,0.036657828055773244
 4.0583E-02,0.03400014757073596
 4.0597E-02,0.03066840330055168
 4.0612E-02,0.026802174713449745
 4.0626E-02,0.02256539473021442
 4.0640E-02,0.01814038910591783
 4.0654E-02,0.013720550058805864
 4.0668E-02,0.009501811364404023
 4.0682E-02,0.005673329701642719
 4.0697E-02,0.002407984770182476
 4.0711E-02,-0.00014656511804170096
 4.0725E-02,-0.001875528579902498
 4.0739E-02,-0.002702701079648852
 4.0753E-02,-0.0025938493270584065
 4.0768E-02,-0.001557621779494569
 4.0782E-02,0.0003558831426737493
 4.0796E-02,0.003058543980880509
 4.0810E-02,0.006429167100439664
 4.0824E-02,0.010319470596052179
 4.0838E-02,0.014560681690367287
 4.0853E-02,0.018970455426313045
 4.0867E-02,0.023359959031699552
 4.0881E-02,0.027541066459071284
 4.0895E-02,0.03133363915776048
 4.0909E-02,0.034572822347297215
 4.0923E-02,0.03711617618121593
 4.0938E-02,0.03885032420544047
 4.0952E-02,0.039696683971503624
 4.0966E-02,0.03961579032525407
 4.0980E-02,0.03860975897562231
 4.0994E-02,0.03672257061808497
 4.1009E-02,0.03403806250620999
 4.1023E-02,0.03067575309286658
 4.1037E-02,0.026784845524607317
 4.1051E-02,0.022536911690026768
 4.1065E-02,0.018117821809443678
 4.1079E-02,0.013719451355633796
 4.1094E-02,0.009531588303194895
 4.1108E-02,0.005734318253039736
 4.1122E-02,0.002491028322499532
 4.1136E-02,-5.7918178705458536e-05
 4.1150E-02,-0.0018008036212968613
 4.1165E-02,-0.0026593929157961447
 4.1179E-02,-0.0025928101486208657
 4.1193E-02,-0.00160018025826228
 4.1207E-02,0.0002783011967040867
 4.1221E-02,0.0029621967744113773
 4.1235E-02,0.006333781055611253
 4.1250E-02,0.01024316372823261
 4.1264E-02,0.014515390682420446
 4.1278E-02,0.018959091061242165
 4.1292E-02,0.023376043642226774
 4.1306E-02,0.02757093160688357
 4.1321E-02,0.03136056476918539
 4.1335E-02,0.03458196992159049
 4.1349E-02,0.03709895349602388
 4.1363E-02,0.038806977018503
 4.1377E-02,0.039636398924091626
 4.1391E-02,0.039554278534619285
 4.1406E-02,0.03856498292527211
 4.1420E-02,0.036709786854562616
 4.1434E-02,0.03406553917021206
 4.1448E-02,0.030742334180425695
 4.1462E-02,0.026880026258561673
 4.1476E-02,0.022643402832648485
 4.1491E-02,0.018215904643156693
 4.1505E-02,0.013791944127390817
 4.1519E-02,0.00956808837893705
 4.1533E-02,0.005733591194844995
 4.1547E-02,0.002460925455917111
 4.1562E-02,-0.00010295976561941608
 4.1576E-02,-0.0018439733870422217
 4.1590E-02,-0.0026862709325341273
 4.1604E-02,-0.002595383451328621
 4.1618E-02,-0.0015790239820797835
 4.1632E-02,0.00031426180381716596
 4.1647E-02,0.002998268756313106
 4.1661E-02,0.006353719425543422
 4.1675E-02,0.010233865909903196
 4.1689E-02,0.014470784174531903
 4.1703E-02,0.018882145840284588
 4.1718E-02,0.023278348164558694
 4.1732E-02,0.027469932364581357
 4.1746E-02,0.03127520508013252
 4.1760E-02,0.0345279005928625
 4.1774E-02,0.03708460600515393
 4.1788E-02,0.03883155552627309
 4.1803E-02,0.03969032418859864
 4.1817E-02,0.03962194802492164
 4.1831E-02,0.038629081086034814
 4.1845E-02,0.03675596100328802
 4.1859E-02,0.03408616453354717
 4.1874E-02,0.030738350032007804
 4.1888E-02,0.02686036095930695
 4.1902E-02,0.022622169683283507
 4.1916E-02,0.018208159663255417
 4.1930E-02,0.013809184922601107
 4.1944E-02,0.009614736346922732
 4.1959E-02,0.005805423610711515
 4.1973E-02,0.002545887900742044
 4.1987E-02,-2.1778756931292026e-05
 4.2001E-02,-0.0017840084751507045
 4.2015E-02,-0.0026609543220973498
 4.2030E-02,-0.0026106428104328075
 4.2044E-02,-0.0016317404328548373
 4.2058E-02,0.00023542810002115757
 4.2072E-02,0.0029099142015857685
 4.2086E-02,0.0062733955054538205
 4.2100E-02,0.010175598543775553
 4.2115E-02,0.014441615735208602
 4.2129E-02,0.018880621336802694
 4.2143E-02,0.02329533760734972
 4.2157E-02,0.027491545522148605
 4.2171E-02,0.031286985150870535
 4.2186E-02,0.0345191352785537
 4.2200E-02,0.03705156395073356
 4.2214E-02,0.03877875234322298
 4.2228E-02,0.03962946463575729
 4.2242E-02,0.039568830463489545
 4.2256E-02,0.03859931089308276
 4.2271E-02,0.03676064675671861
 4.2285E-02,0.03412877477200412
 4.2299E-02,0.03081358922025628
 4.2313E-02,0.026955370271346975
 4.2327E-02,0.022719724632567342
 4.2341E-02,0.018290996659035677
 4.2356E-02,0.0138642892686375
 4.2370E-02,0.009636444315773597
 4.2384E-02,0.005796522144593793
 4.2398E-02,0.0025164440263889996
 4.2412E-02,-5.7511324591823145e-05
 4.2427E-02,-0.0018117425215643116
 4.2441E-02,-0.002670441040726913
 4.2455E-02,-0.002598553149288737
 4.2469E-02,-0.0016025770556935197
 4.2483E-02,0.0002706286460854256
 4.2497E-02,0.0029367286081467747
 4.2512E-02,0.006278147634427609
 4.2526E-02,0.010149349308629055
 4.2540E-02,0.014382915494408195
 4.2554E-02,0.01879626494237923
 4.2568E-02,0.02319890260641999
 4.2583E-02,0.027400095409357405
 4.2597E-02,0.031216818808319634
 4.2611E-02,0.03448172434885562
 4.2625E-02,0.03705076975009682
 4.2639E-02,0.03881006574816227
 4.2653E-02,0.03968146097166076
 4.2668E-02,0.03962642802688099
 4.2682E-02,0.03864793232469384
 4.2696E-02,0.036790141604581994
 4.2710E-02,0.03413603485996778
 4.2724E-02,0.030803154363162406
 4.2739E-02,0.026937878152598575
 4.2753E-02,0.02270865112595061
 4.2767E-02,0.018298598707471945
 4.2781E-02,0.013897875216784077
 4.2795E-02,0.009696000651242207
 4.2809E-02,0.0058743501907618685
 4.2824E-02,0.0025989100902751253
 4.2838E-02,1.341719127722317e-05
 4.2852E-02,-0.0017669460675886863
 4.2866E-02,-0.002661044286602303
 4.2880E-02,-0.0026261297996627124
 4.2895E-02,-0.0016606466683969845
 4.2909E-02,0.00019486619353939146
 4.2923E-02,0.0028590376628809056
 4.2937E-02,0.0062131864820687156
 4.2951E-02,0.010106979037898853
 4.2965E-02,0.014365874947854431
 4.2980E-02,0.01879982545784708
 4.2994E-02,0.02321257720060607
 4.3000E-02,0.025103007517973338
