  0.000,0.0
  1.000,0.011919364530334771
  0.000,0.011919364530334771
 1.5870E-05,0.012383304901007064
 3.1740E-05,0.013837375049320507
 4.7610E-05,0.015918924424370397
 6.3480E-05,0.01903640000999002
 7.9350E-05,0.022815765719626704
 9.5220E-05,0.026168719653354527
 1.1109E-04,0.02826040740389974
 1.2696E-04,0.028815536499261846
 1.4283E-04,0.027705152779640342
 1.5870E-04,0.024849757159935437
 1.7457E-04,0.020890274082125758
 1.9044E-04,0.016989245611459595
 2.0631E-04,0.013751476309872121
 2.2218E-04,0.01129476881876521
 2.3805E-04,0.00982467945908351
 2.5392E-04,0.009238167475170176
 2.6979E-04,0.00873999844371543
 2.8566E-04,0.00756228731607871
 3.0153E-04,0.005626024634220713
 3.1740E-04,0.0030936353243389576
 3.3327E-04,9.496184078746977e-05
 3.4914E-04,-0.0027331073548657824
 3.6501E-04,-0.004381067477707336
 3.8088E-04,-0.004328009772149894
 3.9675E-04,-0.0026363888160650297
 4.1262E-04,0.0005128225842634206
 4.2849E-04,0.004711957495708666
 4.4436E-04,0.009060928582375258
 4.6023E-04,0.012664926134706168
 4.7610E-04,0.015202461999575236
 4.9197E-04,0.016734695384720635
 5.0784E-04,0.01743979380693572
 5.2371E-04,0.017770676291571766
 5.3958E-04,0.018434468337711736
 5.5545E-04,0.019873074696322896
 5.7132E-04,0.021940968852623168
 5.8719E-04,0.024231599472041614
 6.0306E-04,0.026294768000982495
 6.1893E-04,0.027442124824669966
 6.3480E-04,0.026980627962485196
 6.5067E-04,0.024784244519145526
 6.6654E-04,0.021249065407565628
 6.8241E-04,0.016894215490963628
 6.9828E-04,0.012382250476742681
 7.1415E-04,0.008543953992762452
 7.3002E-04,0.0059246933806789415
 7.4589E-04,0.004497788182966964
 7.6176E-04,0.003928668059810677
 7.7763E-04,0.00379654278098122
 7.9350E-04,0.0035659158357602954
 8.0937E-04,0.0027558511580804525
 8.2524E-04,0.0013031612462262342
 8.4111E-04,-0.00039000676140384734
 8.5698E-04,-0.0017649933672420784
 8.7285E-04,-0.0022790009403611607
 8.8872E-04,-0.001415369264914698
 9.0459E-04,0.0010781127365589293
 9.2046E-04,0.004922729984942519
 9.3633E-04,0.009464239416688528
 9.5220E-04,0.014000190672878502
 9.6807E-04,0.01786598706918595
 9.8394E-04,0.020513985715888826
 9.9981E-04,0.021797788414276483
 1.0157E-03,0.022056940873440897
 1.0316E-03,0.021824060945027833
 1.0474E-03,0.021589102980750386
 1.0633E-03,0.02175925522736796
 1.0792E-03,0.022503979642595814
 1.0950E-03,0.02355986190521258
 1.1109E-03,0.024354051004367303
 1.1268E-03,0.024319213115699977
 1.1426E-03,0.023041496086272567
 1.1585E-03,0.02032554904372892
 1.1744E-03,0.016355289376159793
 1.1902E-03,0.011731674664779975
 1.2061E-03,0.007226081447230049
 1.2220E-03,0.003504530404308654
 1.2379E-03,0.0010214595505179608
 1.2537E-03,-6.0119092617660474e-05
 1.2696E-03,2.490514930811113e-05
 1.2855E-03,0.0007296776925274071
 1.3013E-03,0.0014867584392328126
 1.3172E-03,0.0019129481618487812
 1.3331E-03,0.001858181999312002
 1.3490E-03,0.0014734248677984296
 1.3648E-03,0.0012297939619273911
 1.3807E-03,0.0017088865710748525
 1.3966E-03,0.003322895603174509
 1.4124E-03,0.006202362400895802
 1.4283E-03,0.01017138182756106
 1.4442E-03,0.01471620827684488
 1.4600E-03,0.019091690128422746
 1.4759E-03,0.02259467491134434
 1.4918E-03,0.0247821944553451
 1.5076E-03,0.02553147950547931
 1.5235E-03,0.025048619640565848
 1.5394E-03,0.023831693026388556
 1.5553E-03,0.022483420522180532
 1.5711E-03,0.021451008981595437
 1.5870E-03,0.020891945020407712
 1.6029E-03,0.020675765540693076
 1.6187E-03,0.020419633684773408
 1.6346E-03,0.019598793026034355
 1.6505E-03,0.017779743378834822
 1.6664E-03,0.014825811935404238
 1.6822E-03,0.010938101697160823
 1.6981E-03,0.006600473689296788
 1.7140E-03,0.0024908079723105847
 1.7298E-03,-0.0007018415395127842
 1.7457E-03,-0.002515767898975196
 1.7616E-03,-0.002844264974857102
 1.7774E-03,-0.0019113855289043698
 1.7933E-03,-0.0001881682823973625
 1.8092E-03,0.0017394396403301515
 1.8250E-03,0.0033796932922725313
 1.8409E-03,0.00451954369606113
 1.8568E-03,0.005262273167394911
 1.8727E-03,0.005948712506207676
 1.8885E-03,0.007037769168963457
 1.9044E-03,0.008939283268120622
 1.9203E-03,0.011820872080263722
 1.9361E-03,0.015506466432537237
 1.9520E-03,0.01952549743982586
 1.9679E-03,0.023243671352935733
 1.9837E-03,0.02602052923958057
 1.9996E-03,0.027396713798759343
 2.0155E-03,0.0272501269823261
 2.0314E-03,0.025816791138156114
 2.0472E-03,0.023581020861039803
 2.0631E-03,0.021121043089386747
 2.0790E-03,0.01894099301836397
 2.0948E-03,0.01730414752063382
 2.1107E-03,0.016152090830262266
 2.1266E-03,0.015167113911386546
 2.1424E-03,0.013920101768182765
 2.1583E-03,0.012031301295997903
 2.1742E-03,0.009325875935753798
 2.1901E-03,0.005942687546123598
 2.2059E-03,0.002322000817932736
 2.2218E-03,-0.000928228175904319
 2.2377E-03,-0.003208614779893313
 2.2535E-03,-0.004092452425786248
 2.2694E-03,-0.00345616406515792
 2.2853E-03,-0.0015246135096856203
 2.3011E-03,0.0012115674837678463
 2.3170E-03,0.004164395538749706
 2.3329E-03,0.006822406902305244
 2.3488E-03,0.00889146421294168
 2.3646E-03,0.010375871097555603
 2.3805E-03,0.011551843434869225
 2.3964E-03,0.012830129565922457
 2.4122E-03,0.014579610887117211
 2.4281E-03,0.016980241217836665
 2.4440E-03,0.01993134284664613
 2.4598E-03,0.02304516568440784
 2.4757E-03,0.025752432604261598
 2.4916E-03,0.02748222140556222
 2.5075E-03,0.02783543779010868
 2.5233E-03,0.026701978300102347
 2.5392E-03,0.02430092878355073
 2.5551E-03,0.02111959105779745
 2.5709E-03,0.017757327417166416
 2.5868E-03,0.014739901401962699
 2.6027E-03,0.012376796073151546
 2.6185E-03,0.010692943826375942
 2.6344E-03,0.009448337009595801
 2.6503E-03,0.008252394151146591
 2.6662E-03,0.006736911788120999
 2.6820E-03,0.004712759913406998
 2.6979E-03,0.0022560146728449817
 2.7138E-03,-0.000291488344320405
 2.7296E-03,-0.0024105015062973723
 2.7455E-03,-0.0035659936120654304
 2.7614E-03,-0.0033831732496442226
 2.7772E-03,-0.0017679971577446774
 2.7931E-03,0.0010599255088111943
 2.8090E-03,0.004623457894812279
 2.8249E-03,0.008324040765732506
 2.8407E-03,0.011620130270747873
 2.8566E-03,0.014179436294103183
 2.8725E-03,0.015951193111361756
 2.8883E-03,0.0171462150226503
 2.9042E-03,0.018134987846474455
 2.9201E-03,0.019289693845943326
 2.9359E-03,0.02082506596530567
 2.9518E-03,0.022701921725388468
 2.9677E-03,0.024624237413981148
 2.9836E-03,0.026122973972809837
 2.9994E-03,0.026702853228118648
 3.0153E-03,0.026010231812490917
 3.0312E-03,0.023960598886349993
 3.0470E-03,0.020777011624834956
 3.0629E-03,0.016932412159315017
 3.0788E-03,0.013019015681067066
 3.0946E-03,0.009581314698275733
 3.1105E-03,0.006964943679329368
 3.1264E-03,0.005236957269582838
 3.1423E-03,0.004202901207161187
 3.1581E-03,0.0035062800126241115
 3.1740E-03,0.002776011327804777
 3.1899E-03,0.0017772895796520744
 3.2057E-03,0.0005125657424493184
 3.2216E-03,-0.0007670567567668117
 3.2375E-03,-0.0016411664462042488
 3.2533E-03,-0.001659106493596807
 3.2692E-03,-0.0004957065668943455
 3.2851E-03,0.001925071153859636
 3.3010E-03,0.005384148347172416
 3.3168E-03,0.00941726761297949
 3.3327E-03,0.013440861817037571
 3.3486E-03,0.016911833532665364
 3.3644E-03,0.019473688518326822
 3.3803E-03,0.021042011203968432
 3.3962E-03,0.021798040274173647
 3.4120E-03,0.02209472338327636
 3.4279E-03,0.02231226502452227
 3.4438E-03,0.02271158880255992
 3.4597E-03,0.023332255371528603
 3.4755E-03,0.023971349335083852
 3.4914E-03,0.024253156576798558
 3.5073E-03,0.023763550528637663
 3.5231E-03,0.022201498753515552
 3.5390E-03,0.019499016659346058
 3.5549E-03,0.015869948829878973
 3.5707E-03,0.01176758550813567
 3.5866E-03,0.007763934398392411
 3.6025E-03,0.0043930118047515124
 3.6184E-03,0.00200921214560752
 3.6342E-03,0.0007035400203749599
 3.6501E-03,0.0003041808660707232
 3.6660E-03,0.0004617821882776724
 3.6818E-03,0.0007885227296714995
 3.6977E-03,0.0010015019624854996
 3.7136E-03,0.001023420864652316
 3.7294E-03,0.0010084760537446657
 3.7453E-03,0.0012834758692614114
 3.7612E-03,0.0022232854801241785
 3.7771E-03,0.004104846270645097
 3.7929E-03,0.00699012947757246
 3.8088E-03,0.010676087326283635
 3.8247E-03,0.014729028591944904
 3.8405E-03,0.018595126939027897
 3.8564E-03,0.021751575349747265
 3.8723E-03,0.023847597018276857
 3.8881E-03,0.02478995219166622
 3.9040E-03,0.0247472137105062
 3.9199E-03,0.02407201376767656
 3.9358E-03,0.023167288755631434
 3.9516E-03,0.02234322576994799
 3.9675E-03,0.021714180595725108
 3.9834E-03,0.02116869441972329
 3.9992E-03,0.02042123866105288
 4.0151E-03,0.019128627593602534
 4.0310E-03,0.017031430718372063
 4.0469E-03,0.014070607747576172
 4.0627E-03,0.010438989542302327
 4.0786E-03,0.0065504680676235355
 4.0945E-03,0.0029361044021194503
 4.1103E-03,9.978763730138923e-05
 4.1262E-03,-0.0016192888350468149
 4.1421E-03,-0.002132095424327256
 4.1579E-03,-0.001606843846606719
 4.1738E-03,-0.00039746363283894794
 4.1897E-03,0.001082421422214207
 4.2055E-03,0.0024981922183082332
 4.2214E-03,0.003698657111359099
 4.2373E-03,0.004751376138986908
 4.2532E-03,0.005898703919538999
 4.2690E-03,0.007450643149611301
 4.2849E-03,0.009650873974980276
 4.3008E-03,0.012562012263919963
 4.3166E-03,0.01601045065124517
 4.3325E-03,0.0196103849848496
 4.3484E-03,0.022859725481946647
 4.3643E-03,0.025277478402358985
 4.3801E-03,0.02653842810337629
 4.3960E-03,0.026560729768335307
 4.4119E-03,0.025517579275596156
 4.4277E-03,0.02377034184659115
 4.4436E-03,0.021746605224466174
 4.4595E-03,0.01980391951003605
 4.4753E-03,0.01812438322526664
 4.4912E-03,0.01667496317556302
 4.5071E-03,0.015245653173217197
 4.5229E-03,0.013550722831021331
 4.5388E-03,0.011357601654360288
 4.5547E-03,0.00859921987128366
 4.5706E-03,0.005430739599283113
 4.5864E-03,0.002210084382983467
 4.6023E-03,-0.0005920315126900439
 4.6182E-03,-0.0025230628639148676
 4.6340E-03,-0.0032781112517138475
 4.6499E-03,-0.0027861379060623677
 4.6658E-03,-0.0012249389869858178
 4.6816E-03,0.0010395950382286355
 4.6975E-03,0.003569165556445573
 4.7134E-03,0.005985266108934179
 4.7293E-03,0.008074759391538155
 4.7451E-03,0.009834613295907069
 4.7610E-03,0.011441828570261485
 4.7769E-03,0.013160175494839365
 4.7927E-03,0.015216877985885852
 4.8086E-03,0.01769198489500735
 4.8245E-03,0.020458566876420822
 4.8404E-03,0.02319513034853924
 4.8562E-03,0.025467476560217823
 4.8721E-03,0.026853465617581552
 4.8880E-03,0.02706954185045831
 4.9038E-03,0.026057388437320354
 4.9197E-03,0.024002182222632867
 4.9356E-03,0.02127641470460122
 4.9514E-03,0.018328163798283326
 4.9673E-03,0.01555120889796521
 4.9832E-03,0.013179690046814333
 4.9990E-03,0.011240985024462528
 5.0149E-03,0.009580842777149033
 5.0308E-03,0.007950701932584167
 5.0467E-03,0.006126172645758134
 5.0625E-03,0.004015318180717576
 5.0784E-03,0.0017192745118960323
 5.0943E-03,-0.0004759746307032727
 5.1101E-03,-0.002174784514791921
 5.1260E-03,-0.002989553936189749
 5.1419E-03,-0.0026620497796585128
 5.1578E-03,-0.0011483037778181357
 5.1736E-03,0.0013607483901724965
 5.1895E-03,0.004489732733024422
 5.2054E-03,0.0077841856348967245
 5.2212E-03,0.010836530532099481
 5.2371E-03,0.013391651747289707
 5.2530E-03,0.01539817206598673
 5.2688E-03,0.01698997050350894
 5.2847E-03,0.018405794821642365
 5.3006E-03,0.019875493120518232
 5.3164E-03,0.02151256040705218
 5.3323E-03,0.023250307485564215
 5.3482E-03,0.02484389289715733
 5.3641E-03,0.025938176665345584
 5.3799E-03,0.026179226645422604
 5.3958E-03,0.025332371298283567
 5.4117E-03,0.023367109711303652
 5.4275E-03,0.02048019383273098
 5.4434E-03,0.01704893480896169
 5.4593E-03,0.013529933825663528
 5.4751E-03,0.010336302380263661
 5.4910E-03,0.007733247437836428
 5.5069E-03,0.005785330319933292
 5.5228E-03,0.0043710407548082815
 5.5386E-03,0.003257814260148535
 5.5545E-03,0.0022107777254756736
 5.5704E-03,0.0010975531962801556
 5.5862E-03,-4.70165346417408e-05
 5.6021E-03,-0.001018566502653269
 5.6180E-03,-0.0015043522311901085
 5.6339E-03,-0.0011874549144522577
 5.6497E-03,0.0001407650048877514
 5.6656E-03,0.0024976901609128624
 5.6815E-03,0.005684054179690935
 5.6973E-03,0.009325260348157467
 5.7132E-03,0.012966600227221809
 5.7291E-03,0.016191913679459567
 5.7449E-03,0.018727545053921903
 5.7608E-03,0.02049833395557479
 5.7767E-03,0.02161846136557493
 5.7925E-03,0.0223218824946999
 5.8084E-03,0.022857223104179855
 5.8243E-03,0.02338358213591134
 5.8402E-03,0.023902989091852896
 5.8560E-03,0.02425262543947203
 5.8719E-03,0.02415951705152018
 5.8878E-03,0.023339141849885777
 5.9036E-03,0.02160447666011502
 5.9195E-03,0.018948341325607028
 5.9354E-03,0.015570677011101637
 5.9512E-03,0.011840775964792426
 5.9671E-03,0.008206238744772245
 5.9830E-03,0.005078054104344356
 5.9989E-03,0.0027287705548341332
 6.0147E-03,0.0012360061959089475
 6.0306E-03,0.0004883132971806735
 6.0465E-03,0.0002497358492809516
 6.0623E-03,0.00026010453467992885
 6.0782E-03,0.00033660437422945114
 6.0941E-03,0.0004421673038721354
 6.1100E-03,0.0006976984275119287
 6.1258E-03,0.0013342533881797506
 6.1417E-03,0.002601674168286526
 6.1576E-03,0.004664942613215193
 6.1734E-03,0.007523684458716224
 6.1893E-03,0.010982634267437149
 6.2052E-03,0.014684087532717237
 6.2210E-03,0.018192884332126475
 6.2369E-03,0.021107001638622336
 6.2528E-03,0.02315825494603445
 6.2686E-03,0.02427086689850279
 6.2845E-03,0.02455968637580306
 6.3004E-03,0.024269957942740575
 6.3163E-03,0.023679972036295387
 6.3321E-03,0.02300004244537267
 6.3480E-03,0.022301983900443426
 6.3639E-03,0.02150252797651018
 6.3797E-03,0.020405666754672896
 6.3956E-03,0.01878890978153506
 6.4115E-03,0.016503522704371998
 6.4274E-03,0.013554010658241538
 6.4432E-03,0.010129052898907203
 6.4591E-03,0.006572394795768412
 6.4750E-03,0.0033022992653592795
 6.4908E-03,0.0007052697529130549
 6.5067E-03,-0.000961829775526616
 6.5226E-03,-0.0016301183844183872
 6.5384E-03,-0.0014195675977155848
 6.5543E-03,-0.0005833682337271252
 6.5702E-03,0.0005848224006984449
 6.5860E-03,0.0018494269801580642
 6.6019E-03,0.003104428767397808
 6.6178E-03,0.004394355482305892
 6.6337E-03,0.005878562420144745
 6.6495E-03,0.007751823357213538
 6.6654E-03,0.010148998859979028
 6.6813E-03,0.013066949891411956
 6.6971E-03,0.01633113391371443
 6.7130E-03,0.01961942412010602
 6.7289E-03,0.022536609072878046
 6.7447E-03,0.02471606014088349
 6.7606E-03,0.025915822358952602
 6.7765E-03,0.02607805723444598
 6.7924E-03,0.0253328908154117
 6.8082E-03,0.023946216584226118
 6.8241E-03,0.022229555107791062
 6.8400E-03,0.02044239694149807
 6.8558E-03,0.018719468122336932
 6.8717E-03,0.017046499308652818
 6.8876E-03,0.01529143940686215
 6.9035E-03,0.013279267909752252
 6.9193E-03,0.010883886783347391
 6.9352E-03,0.008104862488686259
 6.9511E-03,0.005101937073291853
 6.9669E-03,0.002174502726976079
 6.9828E-03,-0.0003082193806051379
 6.9987E-03,-0.0020040379115261555
 7.0145E-03,-0.0026904480046096866
 7.0304E-03,-0.002323264277131855
 7.0463E-03,-0.0010426186842583502
 7.0621E-03,0.000875060697166641
 7.0780E-03,0.003102901266687658
 7.0939E-03,0.005358903110224604
 7.1098E-03,0.007479566068158393
 7.1256E-03,0.009448215401118235
 7.1415E-03,0.011369822017115092
 7.1574E-03,0.013402215302543687
 7.1732E-03,0.01566826512547892
 7.1891E-03,0.018179943207733838
 7.2050E-03,0.0208011063369934
 7.2209E-03,0.023262787515793564
 7.2367E-03,0.025227092427231194
 7.2526E-03,0.026379360437355722
 7.2685E-03,0.02651856217106069
 7.2843E-03,0.025616258550571633
 7.3002E-03,0.02382477555686951
 7.3161E-03,0.0214320912246013
 7.3319E-03,0.01877855641276851
 7.3478E-03,0.016162984303452557
 7.3637E-03,0.013768713487895705
 7.3795E-03,0.011633091985255627
 7.3954E-03,0.009668981675063673
 7.4113E-03,0.007729356313311262
 7.4272E-03,0.0056916869038952204
 7.4430E-03,0.0035323312509804084
 7.4589E-03,0.00136469735403376
 7.4748E-03,-0.0005726909937875863
 7.4906E-03,-0.0019751185924675643
 7.5065E-03,-0.002558617075200528
 7.5224E-03,-0.00214648946357153
 7.5382E-03,-0.0007270309070619978
 7.5541E-03,0.0015365458800942697
 7.5700E-03,0.004347381498727288
 7.5859E-03,0.00735417270285137
 7.6017E-03,0.01024274809774675
 7.6176E-03,0.012810594668897293
 7.6335E-03,0.015000808194332221
 7.6493E-03,0.016885665217849503
 7.6652E-03,0.018606968645078555
 7.6811E-03,0.020294781099870724
 7.6970E-03,0.021993260456772346
 7.7128E-03,0.023619705421055605
 7.7287E-03,0.024971543312901596
 7.7446E-03,0.025779688960773633
 7.7604E-03,0.025790916893109028
 7.7763E-03,0.024851897564227062
 7.7922E-03,0.022966736827735857
 7.8080E-03,0.020308539932905798
 7.8239E-03,0.01718076529227912
 7.8398E-03,0.01394074661061288
 7.8556E-03,0.010910112566155442
 7.8715E-03,0.008300815080752389
 7.8874E-03,0.006179883824400567
 7.9033E-03,0.004482865802024549
 7.9191E-03,0.0030696398655982522
 7.9350E-03,0.001802308406355803
 7.9509E-03,0.0006177569356482972
 7.9667E-03,-0.0004304347889767001
 7.9826E-03,-0.0011754724400333228
 7.9985E-03,-0.0013854783733528626
 8.0143E-03,-0.0008403671444018044
 8.0302E-03,0.0005882247443278622
 8.0461E-03,0.002880834569560546
 8.0620E-03,0.0058570496769125915
 8.0778E-03,0.009210477979843234
 8.0937E-03,0.012581191682596653
 8.1096E-03,0.0156427576700329
 8.1254E-03,0.018176233707365656
 8.1413E-03,0.02010793232361014
 8.1572E-03,0.021499909920690955
 8.1730E-03,0.02249795333297688
 8.1889E-03,0.023255957542355293
 8.2048E-03,0.02386325179220407
 8.2207E-03,0.024300101399613416
 8.2365E-03,0.024436805329985774
 8.2524E-03,0.024076863507241624
 8.2683E-03,0.023029622231859653
 8.2841E-03,0.02118766497031571
 8.3000E-03,0.018582409339798687
 8.3159E-03,0.01539852143489043
 8.3317E-03,0.01194144624829793
 8.3476E-03,0.008567918449930132
 8.3635E-03,0.005601487662200361
 8.3794E-03,0.0032598228080587648
 8.3952E-03,0.0016163891093231497
 8.4111E-03,0.0006075389826622089
 8.4270E-03,8.102759782859545e-05
 8.4428E-03,-0.00013157593289767706
 8.4587E-03,-0.00014372410439754768
 8.4746E-03,3.1682982242814157e-05
 8.4904E-03,0.0004868609440863714
 8.5063E-03,0.0013813218745649166
 8.5222E-03,0.0028747474253201363
 8.5381E-03,0.005053632143131667
 8.5539E-03,0.007877024682437003
 8.5698E-03,0.011160493716473834
 8.5857E-03,0.014604880520323257
 8.6015E-03,0.017861620660710634
 8.6174E-03,0.020614296314591014
 8.6333E-03,0.022650654266103104
 8.6491E-03,0.02390245285709028
 8.6650E-03,0.02444118802799309
 8.6809E-03,0.024432411360238406
 8.6968E-03,0.02406502454716238
 8.7126E-03,0.023479993278987858
 8.7285E-03,0.02272269677957342
 8.7444E-03,0.021734775035101603
 8.7602E-03,0.020387726858267483
 8.7761E-03,0.018546233864751984
 8.7920E-03,0.01613901568744358
 8.8078E-03,0.013212362239580397
 8.8237E-03,0.009947226519387495
 8.8396E-03,0.006632943420450347
 8.8555E-03,0.0036051240173368714
 8.8713E-03,0.0011671648510618439
 8.8872E-03,-0.0004798436859816573
 8.9031E-03,-0.001276911145534848
 8.9189E-03,-0.001304787717367525
 8.9348E-03,-0.0007414122263419791
 8.9507E-03,0.0002058373989576957
 8.9665E-03,0.001370103250707575
 8.9824E-03,0.0026738912519506707
 8.9983E-03,0.004140895782496953
 9.0142E-03,0.005867597109323359
 9.0300E-03,0.007965130015372846
 9.0459E-03,0.010492038256629036
 9.0618E-03,0.01340168595786
 9.0776E-03,0.016523274240557537
 9.0935E-03,0.019584239327413346
 9.1094E-03,0.02226799779094832
 9.1252E-03,0.024289134286892777
 9.1411E-03,0.02546216403161253
 9.1570E-03,0.02574198578833082
 9.1729E-03,0.0252234512483519
 9.1887E-03,0.024100986287010313
 9.2046E-03,0.02260232644611057
 9.2205E-03,0.020918734309868996
 9.2363E-03,0.019154796135994478
 9.2522E-03,0.017313892192140946
 9.2681E-03,0.015323131778950713
 9.2839E-03,0.013088097153900021
 9.2998E-03,0.010557643071815156
 9.3157E-03,0.007775607692356988
 9.3316E-03,0.004900720289734636
 9.3474E-03,0.0021867253417585547
 9.3633E-03,-7.186374444966524e-05
 9.3792E-03,-0.0016114342741247322
 9.3950E-03,-0.002265581808067107
 9.4109E-03,-0.0020049956881417886
 9.4268E-03,-0.0009384918721063603
 9.4426E-03,0.0007246028732521854
 9.4585E-03,0.0027380271857035533
 9.4744E-03,0.004887180923976305
 9.4903E-03,0.007040486080802267
 9.5061E-03,0.009167323146349203
 9.5220E-03,0.01131778065482637
 9.5379E-03,0.0135724125422718
 9.5537E-03,0.015980327261720405
 9.5696E-03,0.01850784406535989
 9.5855E-03,0.021016362825769276
 9.6013E-03,0.023278229553855872
 9.6172E-03,0.025026539068536496
 9.6331E-03,0.026023280645051564
 9.6490E-03,0.026123868669604842
 9.6648E-03,0.025317075446977786
 9.6807E-03,0.02372740315074574
 9.6966E-03,0.021579296283149734
 9.7124E-03,0.019135108210888895
 9.7283E-03,0.016627165453718888
 9.7442E-03,0.014205827663023309
 9.7600E-03,0.011919689704005872
 9.7759E-03,0.009733032074989484
 9.7918E-03,0.0075730313828152665
 9.8077E-03,0.005389291520375919
 9.8235E-03,0.0032042393915205293
 9.8394E-03,0.0011361556975463278
 9.8553E-03,-0.0006140321043104698
 9.8711E-03,-0.001808752128661581
 9.8870E-03,-0.00223801741745876
 9.9029E-03,-0.0017810834426529635
 9.9187E-03,-0.0004454210975728373
 9.9346E-03,0.0016297941543987726
 9.9505E-03,0.004206983053228471
 9.9664E-03,0.007009664210155357
 9.9822E-03,0.009789166964258193
 9.9981E-03,0.012377429356774466
 1.0014E-02,0.014709609119019456
 1.0030E-02,0.01681047795193733
 1.0046E-02,0.018750767676301513
 1.0062E-02,0.02058968266127902
 1.0077E-02,0.022324312564726206
 1.0093E-02,0.02386418100040593
 1.0109E-02,0.025040520051024733
 1.0125E-02,0.0256479819748428
 1.0141E-02,0.02550536917757442
 1.0157E-02,0.024515318814632432
 1.0173E-02,0.022702970814323216
 1.0189E-02,0.02022046549419105
 1.0204E-02,0.017315356216858164
 1.0220E-02,0.014272867780708591
 1.0236E-02,0.011350382091531212
 1.0252E-02,0.008724790469938263
 1.0268E-02,0.006468749448073002
 1.0284E-02,0.004562043389930727
 1.0300E-02,0.0029325173508493625
 1.0315E-02,0.0015112976662558792
 1.0331E-02,0.00028247320939151356
 1.0347E-02,-0.0006904568302431229
 1.0363E-02,-0.0012709974732915364
 1.0379E-02,-0.0012872934121274503
 1.0395E-02,-0.0005886603031103152
 1.0411E-02,0.0008978452324953483
 1.0427E-02,0.003129910668520223
 1.0442E-02,0.005944503616266143
 1.0458E-02,0.009087057661271108
 1.0474E-02,0.012266633116066926
 1.0490E-02,0.015219934488065768
 1.0506E-02,0.01776425334311433
 1.0522E-02,0.01982318433092635
 1.0538E-02,0.021418096126139072
 1.0554E-02,0.02262976719966794
 1.0569E-02,0.023544463892628043
 1.0585E-02,0.024203724579665933
 1.0601E-02,0.02457556933041564
 1.0617E-02,0.024557341092407453
 1.0633E-02,0.024009456503467332
 1.0649E-02,0.022808680683384867
 1.0665E-02,0.020902723124532563
 1.0681E-02,0.018347278035216092
 1.0696E-02,0.015312332539443163
 1.0712E-02,0.012054706690894017
 1.0728E-02,0.00886492793655965
 1.0744E-02,0.0060049227582861355
 1.0760E-02,0.0036558555606182874
 1.0776E-02,0.0018918884877528646
 1.0792E-02,0.0006869450996229108
 1.0807E-02,-4.933263995306853e-05
 1.0823E-02,-0.0004197347411829601
 1.0839E-02,-0.0004900169623305381
 1.0855E-02,-0.0002589392216145553
 1.0871E-02,0.00034194198163742934
 1.0887E-02,0.0014187492434744437
 1.0903E-02,0.0030662697859380156
 1.0919E-02,0.00531644257473749
 1.0934E-02,0.008102384402671303
 1.0950E-02,0.011251009149552531
 1.0966E-02,0.01450794552504129
 1.0982E-02,0.017587832564257132
 1.0998E-02,0.02023468111341151
 1.1014E-02,0.022273631556693138
 1.1030E-02,0.023638263518146026
 1.1046E-02,0.024365704356200356
 1.1061E-02,0.024562426737315457
 1.1077E-02,0.024353226655343483
 1.1093E-02,0.023831197743173743
 1.1109E-02,0.023025804213748124
 1.1125E-02,0.021899695775611214
 1.1141E-02,0.020374918678891428
 1.1157E-02,0.018379031346857984
 1.1172E-02,0.01589473665060919
 1.1188E-02,0.012995305567314906
 1.1204E-02,0.009852727883299599
 1.1220E-02,0.006714596202088941
 1.1236E-02,0.003856132260166189
 1.1252E-02,0.0015219959997476223
 1.1268E-02,-0.00012414808641268856
 1.1284E-02,-0.0010269410146172557
 1.1299E-02,-0.0012357625040386087
 1.1315E-02,-0.0008725936554463414
 1.1331E-02,-8.280343224146126e-05
 1.1347E-02,0.001014336072540045
 1.1363E-02,0.0023588955567221508
 1.1379E-02,0.003956567972985813
 1.1395E-02,0.005856580758991797
 1.1411E-02,0.008109580677063957
 1.1426E-02,0.010720721383850202
 1.1442E-02,0.013614928364724053
 1.1458E-02,0.01662734732151237
 1.1474E-02,0.019523629946775187
 1.1490E-02,0.022044749802011397
 1.1506E-02,0.023962782255138638
 1.1522E-02,0.025130292994015816
 1.1537E-02,0.02550795628445343
 1.1553E-02,0.02516212949055985
 1.1569E-02,0.024233957982688407
 1.1585E-02,0.022890844993310188
 1.1601E-02,0.021276674445548323
 1.1617E-02,0.01947718587348951
 1.1633E-02,0.017511425570098868
 1.1649E-02,0.01535113086238006
 1.1664E-02,0.012960313148792969
 1.1680E-02,0.010340403576454582
 1.1696E-02,0.007564410589040704
 1.1712E-02,0.00478723167428461
 1.1728E-02,0.002227296174876715
 1.1744E-02,0.00012436803069085624
 1.1760E-02,-0.0013136398686930842
 1.1776E-02,-0.001958255142570385
 1.1791E-02,-0.00178760448095321
 1.1807E-02,-0.0008849062346374383
 1.1823E-02,0.0005906957546213829
 1.1839E-02,0.002451105403451367
 1.1855E-02,0.00452864911760136
 1.1871E-02,0.006711999065075112
 1.1887E-02,0.00895759071755718
 1.1902E-02,0.011273920434965659
 1.1918E-02,0.013685360038732566
 1.1934E-02,0.016189082387260897
 1.1950E-02,0.018721027735825707
 1.1966E-02,0.021143786008356293
 1.1982E-02,0.02326185761044175
 1.1998E-02,0.024860464674024123
 1.2014E-02,0.025756022066344073
 1.2029E-02,0.025842253457832486
 1.2045E-02,0.02511715886687969
 1.2061E-02,0.023682215385593824
 1.2077E-02,0.021714243322228967
 1.2093E-02,0.01941923367225718
 1.2109E-02,0.016983125176269626
 1.2125E-02,0.014535161140184383
 1.2141E-02,0.012134895798493167
 1.2156E-02,0.009785747025181365
 1.2172E-02,0.00746897320449421
 1.2188E-02,0.0051850998602629445
 1.2204E-02,0.0029874039956135287
 1.2220E-02,0.000994860322774529
 1.2236E-02,-0.0006210028799719567
 1.2252E-02,-0.001671985650244791
 1.2268E-02,-0.002000710079046881
 1.2283E-02,-0.0015245423664162967
 1.2299E-02,-0.0002617351705382601
 1.2315E-02,0.001668766325312321
 1.2331E-02,0.004073965004835904
 1.2347E-02,0.00673154437311792
 1.2363E-02,0.009438628908860285
 1.2379E-02,0.012049433111365587
 1.2394E-02,0.014490579305057191
 1.2410E-02,0.01675047475515383
 1.2426E-02,0.018847890319788625
 1.2442E-02,0.02079183416356977
 1.2458E-02,0.02254763401446209
 1.2474E-02,0.024021898552081106
 1.2490E-02,0.025072493760342502
 1.2506E-02,0.025541046737930524
 1.2521E-02,0.025297675757943103
 1.2537E-02,0.024283273119333686
 1.2553E-02,0.022535220811144133
 1.2569E-02,0.020187722478842773
 1.2585E-02,0.01744619777465377
 1.2601E-02,0.01454361036558785
 1.2617E-02,0.01169235461573728
 1.2633E-02,0.009046510449254384
 1.2648E-02,0.0066855567553930585
 1.2664E-02,0.004623315567463732
 1.2680E-02,0.0028374557300478486
 1.2696E-02,0.0013081254850693179
 1.2712E-02,5.143349440525375e-05
 1.2728E-02,-0.0008645257787896933
 1.2744E-02,-0.0013272948967873225
 1.2759E-02,-0.0012093387380237052
 1.2775E-02,-0.00040950906965664033
 1.2791E-02,0.0011071120992790784
 1.2807E-02,0.0032845085150018946
 1.2823E-02,0.005974912929802763
 1.2839E-02,0.008962950346823172
 1.2855E-02,0.012007759749302085
 1.2871E-02,0.014890330409050096
 1.2886E-02,0.017451694937828367
 1.2902E-02,0.019610758321489206
 1.2918E-02,0.021357374186348557
 1.2934E-02,0.022724517804520783
 1.2950E-02,0.02375027769505557
 1.2966E-02,0.024443586817985825
 1.2982E-02,0.024766083857466235
 1.2998E-02,0.024636777126869593
 1.3013E-02,0.023958222101435705
 1.3029E-02,0.022655405580177992
 1.3045E-02,0.020713988438165496
 1.3061E-02,0.01820452771183761
 1.3077E-02,0.01528378837152845
 1.3093E-02,0.01217174381297434
 1.3109E-02,0.009110817070477515
 1.3124E-02,0.00631965981978465
 1.3140E-02,0.003955408514937702
 1.3156E-02,0.002095403933166922
 1.3172E-02,0.0007428518664301575
 1.3188E-02,-0.00014696874286874247
 1.3204E-02,-0.0006299706135088949
 1.3220E-02,-0.0007392261636273599
 1.3236E-02,-0.00046562839135014196
 1.3251E-02,0.0002400147805527065
 1.3267E-02,0.0014441954268492325
 1.3283E-02,0.003195176773811686
 1.3299E-02,0.005487184724632617
 1.3315E-02,0.008237115416997655
 1.3331E-02,0.011282598087472779
 1.3347E-02,0.014403320920099091
 1.3363E-02,0.01735991054059363
 1.3378E-02,0.019938874674144527
 1.3394E-02,0.021990101607185012
 1.3410E-02,0.023445850056965048
 1.3426E-02,0.024316257960985483
 1.3442E-02,0.02466410591309403
 1.3458E-02,0.024568294562223106
 1.3474E-02,0.024088977252905906
 1.3489E-02,0.02324638162660273
 1.3505E-02,0.022020398504244733
 1.3521E-02,0.020370711578046312
 1.3537E-02,0.01827005995984753
 1.3553E-02,0.01573858520023332
 1.3569E-02,0.012866671639284111
 1.3585E-02,0.009817417168268252
 1.3601E-02,0.0068066010942626045
 1.3616E-02,0.0040654691479417495
 1.3632E-02,0.0017973307830507334
 1.3648E-02,0.000140986862727266
 1.3664E-02,-0.0008482521139591766
 1.3680E-02,-0.0011949406624024502
 1.3696E-02,-0.0009795533546266577
 1.3712E-02,-0.00030296321681454836
 1.3728E-02,0.000748416978533988
 1.3743E-02,0.002125183484419726
 1.3759E-02,0.003817994704945896
 1.3775E-02,0.005840768896392588
 1.3791E-02,0.008200565648103144
 1.3807E-02,0.010865351643798095
 1.3823E-02,0.013741719723197552
 1.3839E-02,0.01667142028383817
 1.3855E-02,0.01944934491950447
 1.3870E-02,0.02185844044746963
 1.3886E-02,0.023711312730129143
 1.3902E-02,0.024885923482081074
 1.3918E-02,0.025344597528949277
 1.3934E-02,0.025130950178504464
 1.3950E-02,0.024346505229448753
 1.3966E-02,0.02311528999923198
 1.3981E-02,0.021548377262004145
 1.3997E-02,0.0197199832009137
 1.4013E-02,0.01766248960152244
 1.4029E-02,0.015381102033681345
 1.4045E-02,0.01288204013093729
 1.4061E-02,0.01020347052708128
 1.4077E-02,0.007437399045140711
 1.4093E-02,0.0047337523485814215
 1.4108E-02,0.0022838680559262715
 1.4124E-02,0.0002875493970851588
 1.4140E-02,-0.0010866018149893362
 1.4156E-02,-0.001735521441330844
 1.4172E-02,-0.0016402623356534403
 1.4188E-02,-0.0008634115195987717
 1.4204E-02,0.0004733171962273031
 1.4220E-02,0.002223729525497404
 1.4235E-02,0.004252738694129929
 1.4251E-02,0.006461629817168366
 1.4267E-02,0.008795485663900164
 1.4283E-02,0.011231467733620479
 1.4299E-02,0.013753231423291573
 1.4315E-02,0.01632150631023405
 1.4331E-02,0.018852202037142964
 1.4346E-02,0.02121086708828139
 1.4362E-02,0.023226783543060722
 1.4378E-02,0.024723281586332038
 1.4394E-02,0.025555248505253567
 1.4410E-02,0.025642178607865336
 1.4426E-02,0.024986362073408895
 1.4442E-02,0.023670534542398425
 1.4458E-02,0.021835917312676582
 1.4473E-02,0.019647841870533846
 1.4489E-02,0.01725997119585222
 1.4505E-02,0.014788249357261633
 1.4521E-02,0.012302136418869656
 1.4537E-02,0.00983465966781117
 1.4553E-02,0.007406376609773459
 1.4569E-02,0.00505365389823574
 1.4585E-02,0.0028502725603004576
 1.4600E-02,0.0009137160911429651
 1.4616E-02,-0.0006072262093297133
 1.4632E-02,-0.0015604888970083219
 1.4648E-02,-0.0018259327597970692
 1.4664E-02,-0.001346658470906235
 1.4680E-02,-0.0001464225975142204
 1.4696E-02,0.001672512423972284
 1.4711E-02,0.0039505722739205
 1.4727E-02,0.006504578554937508
 1.4743E-02,0.009163582307087923
 1.4759E-02,0.011795992423067912
 1.4775E-02,0.014320283029694458
 1.4791E-02,0.0166971956583688
 1.4807E-02,0.018907613409144142
 1.4823E-02,0.020925073559914784
 1.4838E-02,0.022693597747603173
 1.4854E-02,0.02411958935647861
 1.4870E-02,0.02508163508612508
 1.4886E-02,0.025455809814867194
 1.4902E-02,0.02514862290802541
 1.4918E-02,0.024126904977255663
 1.4934E-02,0.022434683645414736
 1.4950E-02,0.020191190494931316
 1.4965E-02,0.017570199384558567
 1.4981E-02,0.014766875115938927
 1.4997E-02,0.011962207685906905
 1.5013E-02,0.009295641932982612
 1.5029E-02,0.0068535513556132795
 1.5045E-02,0.004675781248229357
 1.5061E-02,0.0027764335056222177
 1.5076E-02,0.0011703997289435912
 1.5092E-02,-0.00010459415046923772
 1.5108E-02,-0.0009789358457897353
 1.5124E-02,-0.0013589682929463914
 1.5140E-02,-0.0011497112247208661
 1.5156E-02,-0.0002852094352771643
 1.5172E-02,0.001243563294075737
 1.5188E-02,0.0033727813667840303
 1.5203E-02,0.005967658975555384
 1.5219E-02,0.008842339626281306
 1.5235E-02,0.011792228236970086
 1.5251E-02,0.014629271152591898
 1.5267E-02,0.01720985323542462
 1.5283E-02,0.019447530737309815
 1.5299E-02,0.02130790741933106
 1.5315E-02,0.022788885365759726
 1.5330E-02,0.02389429166724505
 1.5346E-02,0.024610899661752353
 1.5362E-02,0.024897464846434215
 1.5378E-02,0.024690070816540493
 1.5394E-02,0.02392230143302138
 1.5410E-02,0.022553477708027566
 1.5426E-02,0.020595205707530408
 1.5442E-02,0.0181267880856901
 1.5457E-02,0.015293554485159441
 1.5473E-02,0.012287680436956851
 1.5489E-02,0.009316729908300535
 1.5505E-02,0.0065690765089693225
 1.5521E-02,0.004186244817076475
 1.5537E-02,0.002249810243619604
 1.5553E-02,0.0007856420613723831
 1.5568E-02,-0.00021739696652567538
 1.5584E-02,-0.0007817905698519881
 1.5600E-02,-0.0009182840184918907
 1.5616E-02,-0.0006137291807331345
 1.5632E-02,0.0001657657761343055
 1.5648E-02,0.0014574393966874488
 1.5664E-02,0.0032763481735742332
 1.5680E-02,0.00559081384347407
 1.5695E-02,0.008307884403279637
 1.5711E-02,0.011274736446633671
 1.5727E-02,0.014296823450812866
 1.5743E-02,0.01716813015687724
 1.5759E-02,0.019704930466015628
 1.5775E-02,0.02177328808387187
 1.5791E-02,0.02330258272966439
 1.5807E-02,0.024281915751419338
 1.5822E-02,0.02474181717927963
 1.5838E-02,0.02472837102957116
 1.5854E-02,0.02427912526535625
 1.5870E-02,0.023409219688251527
 1.5886E-02,0.022112390203485727
 1.5902E-02,0.020376186196187366
 1.5918E-02,0.018205675223440167
 1.5933E-02,0.01564681528695522
 1.5949E-02,0.0128005898885228
 1.5965E-02,0.009821947328610546
 1.5981E-02,0.006902562450424116
 1.5997E-02,0.004241766363657918
 1.6013E-02,0.002013884605656451
 1.6029E-02,0.00034140420417258814
 1.6045E-02,-0.0007185066964974362
 1.6060E-02,-0.0011709175373535085
 1.6076E-02,-0.0010655729636826084
 1.6092E-02,-0.00047145161961068753
 1.6108E-02,0.0005476729757554718
 1.6124E-02,0.0019484822382016018
 1.6140E-02,0.003709397913246552
 1.6156E-02,0.005818104124469051
 1.6172E-02,0.008250375014287289
 1.6187E-02,0.01094840475392968
 1.6203E-02,0.013807177947881636
 1.6219E-02,0.016674857418082282
 1.6235E-02,0.019368552811769944
 1.6251E-02,0.021701700723292538
 1.6267E-02,0.023515347334195594
 1.6283E-02,0.024704202549438982
 1.6298E-02,0.025229920018468906
 1.6314E-02,0.02511812982670472
 1.6330E-02,0.02444094607719923
 1.6346E-02,0.023291244373943802
 1.6362E-02,0.021757425125384113
 1.6378E-02,0.019906856245321312
 1.6394E-02,0.017782931308490027
 1.6410E-02,0.015415811574513058
 1.6425E-02,0.012842096133304589
 1.6441E-02,0.010125508175158266
 1.6457E-02,0.007370250413983093
 1.6473E-02,0.004721102199806412
 1.6489E-02,0.0023487778785690294
 1.6505E-02,0.0004240381609965753
 1.6521E-02,-0.000912121426127241
 1.6537E-02,-0.001573455418167155
 1.6552E-02,-0.0015413121448856514
 1.6568E-02,-0.0008618242888535517
 1.6584E-02,0.0003711580651385431
 1.6600E-02,0.0020415938436555703
 1.6616E-02,0.004036976785865795
 1.6632E-02,0.006266273306612001
 1.6648E-02,0.008664985259549203
 1.6664E-02,0.011186799839649939
 1.6679E-02,0.013785959920865799
 1.6695E-02,0.016397713816855522
 1.6711E-02,0.018924903087874197
 1.6727E-02,0.021236687443951328
 1.6743E-02,0.023181277394235592
 1.6759E-02,0.024609731340812957
 1.6775E-02,0.025403991410116882
 1.6790E-02,0.025500693593824113
 1.6806E-02,0.024903456428296614
 1.6822E-02,0.02367994607229707
 1.6838E-02,0.021944829251287934
 1.6854E-02,0.01983414155653853
 1.6870E-02,0.017479142016396942
 1.6886E-02,0.014987565674608069
 1.6902E-02,0.012437412397846195
 1.6917E-02,0.009883984991809472
 1.6933E-02,0.007376314611560655
 1.6949E-02,0.0049759203055008555
 1.6965E-02,0.002770099166060091
 1.6981E-02,0.0008738667085490732
 1.6997E-02,-0.0005813994091222539
 1.7013E-02,-0.0014699462400440562
 1.7029E-02,-0.00169785154473686
 1.7044E-02,-0.0012254042924274777
 1.7060E-02,-7.862754879664371e-05
 1.7076E-02,0.0016537719684013407
 1.7092E-02,0.003837216648750215
 1.7108E-02,0.006316767956207449
 1.7124E-02,0.008943677260583848
 1.7140E-02,0.011595237832301281
 1.7155E-02,0.014182642084384562
 1.7171E-02,0.016645699168317846
 1.7187E-02,0.01893773461608302
 1.7203E-02,0.021007277609983485
 1.7219E-02,0.022784143187125894
 1.7235E-02,0.024175906130165566
 1.7251E-02,0.025077089167924522
 1.7267E-02,0.025388892403696937
 1.7282E-02,0.025043492870263244
 1.7298E-02,0.02402513026186184
 1.7314E-02,0.02238098802433362
 1.7330E-02,0.020218018426986575
 1.7346E-02,0.017686291221280855
 1.7362E-02,0.0149536787876807
 1.7378E-02,0.01217931374389353
 1.7394E-02,0.00949341183652076
 1.7409E-02,0.00698872485100604
 1.7425E-02,0.004724885006688469
 1.7441E-02,0.0027425777145532204
 1.7457E-02,0.0010812753054460767
 1.7473E-02,-0.00020676640508985396
 1.7489E-02,-0.0010520827496122503
 1.7505E-02,-0.0013755325620872986
 1.7520E-02,-0.001105912673764163
 1.7536E-02,-0.00020213464884244676
 1.7552E-02,0.0013273654792749527
 1.7568E-02,0.003414686842842105
 1.7584E-02,0.0059358380487021835
 1.7600E-02,0.008727122692746133
 1.7616E-02,0.011610153460260801
 1.7632E-02,0.01441844314595365
 1.7647E-02,0.017018142630594413
 1.7663E-02,0.019317534126648547
 1.7679E-02,0.021263663672940733
 1.7695E-02,0.022828746192274176
 1.7711E-02,0.02399227482760999
 1.7727E-02,0.024726011196641473
 1.7743E-02,0.024987817750684524
 1.7759E-02,0.02472704167541517
 1.7774E-02,0.023899980621509862
 1.7790E-02,0.02249027275261917
 1.7806E-02,0.0205271083111724
 1.7822E-02,0.018094618979660974
 1.7838E-02,0.015328512851815863
 1.7854E-02,0.012400073099672218
 1.7870E-02,0.009491665612703164
 1.7885E-02,0.0067705618106993866
 1.7901E-02,0.004368307458480486
 1.7917E-02,0.0023709440870587776
 1.7933E-02,0.0008217842255714082
 1.7949E-02,-0.00026563283354212033
 1.7965E-02,-0.0008899723371381989
 1.7981E-02,-0.0010467612073320554
 1.7997E-02,-0.0007210596572041312
 1.8012E-02,0.00010906194197709336
 1.8028E-02,0.0014593776116593577
 1.8044E-02,0.0033213632397966018
 1.8060E-02,0.005645685409109598
 1.8076E-02,0.008333672849808106
 1.8092E-02,0.011240696942809205
 1.8108E-02,0.014191612233567423
 1.8124E-02,0.017004526858024505
 1.8139E-02,0.01951647133728149
 1.8155E-02,0.02160391372947168
 1.8171E-02,0.02319274323323763
 1.8187E-02,0.024255759239887993
 1.8203E-02,0.02479971702557946
 1.8219E-02,0.024847249897146317
 1.8235E-02,0.02442042025227031
 1.8250E-02,0.023531783229890385
 1.8266E-02,0.022185990333787382
 1.8282E-02,0.0203910984549667
 1.8298E-02,0.01817519681116328
 1.8314E-02,0.01560192433650901
 1.8330E-02,0.012778611589432543
 1.8346E-02,0.009853087212860448
 1.8362E-02,0.006998858901272161
 1.8377E-02,0.0043921776070289355
 1.8393E-02,0.002187153655504841
 1.8409E-02,0.0004957412312346675
 1.8425E-02,-0.0006221507870784642
 1.8441E-02,-0.0011563922369298122
 1.8457E-02,-0.0011340018816684845
 1.8473E-02,-0.0006011051284095765
 1.8489E-02,0.00039410215621310714
 1.8504E-02,0.0018116505597567507
 1.8520E-02,0.0036202103866224008
 1.8536E-02,0.00578808962544991
 1.8552E-02,0.008268704827266396
 1.8568E-02,0.010986491137301982
 1.8584E-02,0.013829255195820487
 1.8600E-02,0.01665095395569719
 1.8616E-02,0.019285471947658492
 1.8631E-02,0.02156830254902197
 1.8647E-02,0.02336034004498134
 1.8663E-02,0.02456716764389307
 1.8679E-02,0.025148567645236566
 1.8695E-02,0.025116043009232925
 1.8711E-02,0.024519901403807907
 1.8727E-02,0.02343065389691362
 1.8742E-02,0.021921055113499077
 1.8758E-02,0.020054550228838213
 1.8774E-02,0.017883411312082084
 1.8790E-02,0.015456300272743678
 1.8806E-02,0.012831595695159983
 1.8822E-02,0.010090714410086686
 1.8838E-02,0.007345550452695809
 1.8854E-02,0.004736072074020773
 1.8869E-02,0.0024174082416162754
 1.8885E-02,0.0005393099941892992
 1.8901E-02,-0.0007764991229933494
 1.8917E-02,-0.001454734007574975
 1.8933E-02,-0.0014755945808670242
 1.8949E-02,-0.0008721906335247393
 1.8965E-02,0.00028234747987031304
 1.8981E-02,0.0018936697158547372
 1.8996E-02,0.0038648958175958913
 1.9012E-02,0.006109541299423317
 1.9028E-02,0.008555249545649284
 1.9044E-02,0.011138219353914706
 1.9060E-02,0.013791518157651738
 1.9076E-02,0.016432644438700284
 1.9092E-02,0.018956018675561105
 1.9107E-02,0.021234433737178926
 1.9123E-02,0.023130434628815758
 1.9139E-02,0.02451515075295221
 1.9155E-02,0.025289431878886114
 1.9171E-02,0.025401147850611858
 1.9187E-02,0.024853546158554323
 1.9203E-02,0.02370228282540262
 1.9219E-02,0.02204224138418916
 1.9234E-02,0.019988360982255038
 1.9250E-02,0.017656375449489756
 1.9266E-02,0.015149077234630853
 1.9282E-02,0.01255158767033596
 1.9298E-02,0.009935878820841754
 1.9314E-02,0.007371552613068289
 1.9330E-02,0.004937728338490396
 1.9346E-02,0.00273053388572012
 1.9361E-02,0.0008622446615297232
 1.9377E-02,-0.0005489658567412324
 1.9393E-02,-0.00139639627804656
 1.9409E-02,-0.0016044611762885245
 1.9425E-02,-0.0011447652698974493
 1.9441E-02,-4.3679164238045066e-05
 1.9457E-02,0.0016209890321646034
 1.9472E-02,0.0037333279252054884
 1.9488E-02,0.006158758411362444
 1.9504E-02,0.008763936333813895
 1.9520E-02,0.011431593817745628
 1.9536E-02,0.014066687048396406
 1.9552E-02,0.016593265904619778
 1.9568E-02,0.018944657244838514
 1.9584E-02,0.02105179341227282
 1.9599E-02,0.022835071071205148
 1.9615E-02,0.02420381144083907
 1.9631E-02,0.025064659043961008
 1.9647E-02,0.02533702853908297
 1.9663E-02,0.02497108231716254
 1.9679E-02,0.023962589628283466
 1.9695E-02,0.02235977253343385
 1.9711E-02,0.020259638894241185
 1.9726E-02,0.01779453681568388
 1.9742E-02,0.015112656183749325
 1.9758E-02,0.012357958006304294
 1.9774E-02,0.00965496314318235
 1.9790E-02,0.0071020214298575125
 1.9806E-02,0.004773739261362181
 1.9822E-02,0.0027301644594834255
 1.9838E-02,0.0010281388104106614
 1.9853E-02,-0.0002703508036123409
 1.9869E-02,-0.0010967870558820647
 1.9885E-02,-0.0013830989350764422
 1.9901E-02,-0.0010753377085033755
 1.9917E-02,-0.00014986881515864615
 1.9933E-02,0.0013732402773947757
 1.9949E-02,0.0034243271007055077
 1.9964E-02,0.005888234122893225
 1.9980E-02,0.008617859243218506
 1.9996E-02,0.011453721107695183
 2.0012E-02,0.014244305313092346
 2.0028E-02,0.01686184504327945
 2.0044E-02,0.019209797726786194
 2.0060E-02,0.021221070623560795
 2.0076E-02,0.02284908897951424
 2.0091E-02,0.024056072816645575
 2.0107E-02,0.024803635027798178
 2.0123E-02,0.02504979324281984
 2.0139E-02,0.024754057034749668
 2.0155E-02,0.023889242023385913
 2.0171E-02,0.022456099075157387
 2.0187E-02,0.02049560386714364
 2.0203E-02,0.01809425613336667
 2.0218E-02,0.015379823908635286
 2.0234E-02,0.01250793649130761
 2.0250E-02,0.009642786753922206
 2.0266E-02,0.00693700009600343
 2.0282E-02,0.004515879902348313
 2.0298E-02,0.0024697188758317
 2.0314E-02,0.0008551975998636622
 2.0329E-02,-0.00029602772180705047
 2.0345E-02,-0.0009656515306639017
 2.0361E-02,-0.001138835916293571
 2.0377E-02,-0.0008001009109785066
 2.0393E-02,6.327250447189445e-05
 2.0409E-02,0.0014514145906700704
 2.0425E-02,0.003339158763086502
 2.0441E-02,0.005665256248332156
 2.0456E-02,0.008327950175619095
 2.0472E-02,0.011189467760760057
 2.0488E-02,0.01408921372231605
 2.0504E-02,0.016862688506981992
 2.0520E-02,0.019361324146602216
 2.0536E-02,0.02146813880009659
 2.0552E-02,0.023105459657343366
 2.0568E-02,0.024233506462749903
 2.0583E-02,0.024841516219992567
 2.0599E-02,0.024935359001173784
 2.0615E-02,0.02452649159208142
 2.0631E-02,0.023626332982426432
 2.0647E-02,0.022247998402808108
 2.0663E-02,0.020414537488578313
 2.0679E-02,0.018170341186891717
 2.0694E-02,0.015591055716471826
 2.0710E-02,0.012787620968605386
 2.0726E-02,0.009901841686336139
 2.0742E-02,0.00709359929208766
 2.0758E-02,0.0045225149518308945
 2.0774E-02,0.0023286812529266154
 2.0790E-02,0.0006173995024564929
 2.0806E-02,-0.0005483992483251811
 2.0821E-02,-0.001146779029895735
 2.0837E-02,-0.001187955139140413
 2.0853E-02,-0.0007016674756584083
 2.0869E-02,0.0002746097307264044
 2.0885E-02,0.001702623940897533
 2.0901E-02,0.0035434172571042273
 2.0917E-02,0.005751078548052032
 2.0933E-02,0.008263127343822115
 2.0948E-02,0.010991845403763868
 2.0964E-02,0.013820746018116123
 2.0980E-02,0.016608791264207008
 2.0996E-02,0.01920245440681022
 2.1012E-02,0.021453113211239654
 2.1028E-02,0.023235423006013806
 2.1044E-02,0.02446187582164552
 2.1059E-02,0.02508986050456078
 2.1075E-02,0.025119834716257994
 2.1091E-02,0.02458593884911745
 2.1107E-02,0.023542617608300422
 2.1123E-02,0.022051827309691158
 2.1139E-02,0.02017487324612005
 2.1155E-02,0.017971042952652897
 2.1171E-02,0.015502630015530924
 2.1186E-02,0.01284355832595133
 2.1202E-02,0.01008742686801304
 2.1218E-02,0.007350867197829208
 2.1234E-02,0.00476961095793552
 2.1250E-02,0.002487092271575919
 2.1266E-02,0.0006379428298041094
 2.1282E-02,-0.0006694698552391421
 2.1298E-02,-0.0013668504466988409
 2.1313E-02,-0.0014325381778788903
 2.1329E-02,-0.0008893886101036178
 2.1345E-02,0.00020487461731454623
 2.1361E-02,0.0017715152804055525
 2.1377E-02,0.003724466514265041
 2.1393E-02,0.0059798457928971005
 2.1409E-02,0.0084589965702804
 2.1424E-02,0.011085162006862076
 2.1440E-02,0.01377621879881034
 2.1456E-02,0.016437350309974452
 2.1472E-02,0.018957628763721424
 2.1488E-02,0.021213173669596644
 2.1504E-02,0.02307729354843057
 2.1520E-02,0.0244355596143005
 2.1536E-02,0.025201933296771672
 2.1551E-02,0.025331496503701336
 2.1567E-02,0.024826217366403527
 2.1583E-02,0.023732237263122416
 2.1599E-02,0.022129704540069517
 2.1615E-02,0.020118360953139965
 2.1631E-02,0.01780318831437982
 2.1647E-02,0.01528409418818155
 2.1663E-02,0.012651989819574539
 2.1678E-02,0.009991256950989454
 2.1694E-02,0.007386316348323922
 2.1710E-02,0.004928568889782841
 2.1726E-02,0.0027198583773046566
 2.1742E-02,0.0008698348376719558
 2.1758E-02,-0.0005132443123646512
 2.1774E-02,-0.001336380445747889
 2.1790E-02,-0.0015367077509083182
 2.1805E-02,-0.001093132977150712
 2.1821E-02,-3.1293287270766365e-05
 2.1837E-02,0.0015797023497044961
 2.1853E-02,0.0036378744410209387
 2.1869E-02,0.006023321841999143
 2.1885E-02,0.00861337523372126
 2.1901E-02,0.011294004079542813
 2.1916E-02,0.013964982753261296
 2.1932E-02,0.016538550210801094
 2.1948E-02,0.018933548955808004
 2.1964E-02,0.021068547665805515
 2.1980E-02,0.0228577295572576
 2.1996E-02,0.02421227572508692
 2.2012E-02,0.0250479486355938
 2.2028E-02,0.02529727360826307
 2.2043E-02,0.024922910951330896
 2.2059E-02,0.02392812660273137
 2.2075E-02,0.022360945767590054
 2.2091E-02,0.02031039320462623
 2.2107E-02,0.017895580521967366
 2.2123E-02,0.01525051073645592
 2.2139E-02,0.012508637235174756
 2.2155E-02,0.009791064942055668
 2.2170E-02,0.0072008871230639804
 2.2186E-02,0.0048239966987143335
 2.2202E-02,0.0027345263270711424
 2.2218E-02,0.0010015860256764935
 2.2234E-02,-0.0003063328185926211
 2.2250E-02,-0.0011219470393133923
 2.2266E-02,-0.0013855222189737264
 2.2281E-02,-0.0010555353370479783
 2.2297E-02,-0.0001204996360571922
 2.2313E-02,0.0013919004258430916
 2.2329E-02,0.003411632086725844
 2.2345E-02,0.00583068669383132
 2.2361E-02,0.008514368406240558
 2.2377E-02,0.011316817029229181
 2.2393E-02,0.014096878217271725
 2.2408E-02,0.0167304666589753
 2.2424E-02,0.019116822477795628
 2.2440E-02,0.021178117698378244
 2.2456E-02,0.022854040437063614
 2.2472E-02,0.0240945442093327
 2.2488E-02,0.024854380344253375
 2.2504E-02,0.025092197290573017
 2.2520E-02,0.02477518384983274
 2.2535E-02,0.02388807492310938
 2.2551E-02,0.02244356746124272
 2.2567E-02,0.020490418565990664
 2.2583E-02,0.018115987382104196
 2.2599E-02,0.01544157919685319
 2.2615E-02,0.012611121906558054
 2.2631E-02,0.009775728289174728
 2.2646E-02,0.007077904007627896
 2.2662E-02,0.004639162172226888
 2.2678E-02,0.0025536172979344603
 2.2694E-02,0.0008881642484208894
 2.2710E-02,-0.00031223860766808
 2.2726E-02,-0.001017179388814831
 2.2742E-02,-0.001204749337647873
 2.2758E-02,-0.0008595618642634237
 2.2773E-02,2.4117547749704683e-05
 2.2789E-02,0.0014351074450832254
 2.2805E-02,0.00333658515407666
 2.2821E-02,0.005659363718952927
 2.2837E-02,0.008300247457170236
 2.2853E-02,0.011127095682447193
 2.2869E-02,0.013990187856418758
 2.2885E-02,0.016737525807809
 2.2900E-02,0.01923047591880349
 2.2916E-02,0.021356056368661294
 2.2932E-02,0.023033246825912814
 2.2948E-02,0.024212585597154456
 2.2964E-02,0.024870394051297654
 2.2980E-02,0.025000539808955786
 2.2996E-02,0.02460720001826201
 2.3012E-02,0.02370144261859342
 2.3027E-02,0.022302839577859366
 2.3043E-02,0.020445317929010554
 2.3059E-02,0.018184732083283653
 2.3075E-02,0.015604794386638757
 2.3091E-02,0.012818321276306641
 2.3107E-02,0.009962134867360539
 2.3123E-02,0.007185941456094808
 2.3138E-02,0.004637427379811195
 2.3154E-02,0.0024470328509241593
 2.3170E-02,0.0007159881414207977
 2.3186E-02,-0.0004898068369909327
 2.3202E-02,-0.0011392687263689324
 2.3218E-02,-0.0012301759095114356
 2.3234E-02,-0.0007804958322580229
 2.3250E-02,0.00017969713761628277
 2.3265E-02,0.0016129386509170377
 2.3281E-02,0.0034744075210915186
 2.3297E-02,0.005707833960810404
 2.3313E-02,0.008239502312280938
 2.3329E-02,0.010973447407748187
 2.3345E-02,0.01379074057655834
 2.3361E-02,0.016554535310777645
 2.3377E-02,0.019120696384018608
 2.3392E-02,0.021351982565209714
 2.3408E-02,0.02313251197089497
 2.3424E-02,0.02437903053194705
 2.3440E-02,0.025046405190955745
 2.3456E-02,0.025126479823125075
 2.3472E-02,0.024641394749430875
 2.3488E-02,0.02363402924817837
 2.3503E-02,0.02215886884577624
 2.3519E-02,0.02027612576562879
 2.3535E-02,0.018050529892563862
 2.3551E-02,0.01555435149070328
 2.3567E-02,0.012872553541973739
 2.3583E-02,0.01010706793473772
 2.3599E-02,0.00737735171875906
 2.3615E-02,0.004815551338287557
 2.3630E-02,0.0025563883849161755
 2.3646E-02,0.0007236804667242987
 2.3662E-02,-0.0005833751395165753
 2.3678E-02,-0.0013008007439122041
 2.3694E-02,-0.0014047993903946684
 2.3710E-02,-0.0009101746596228638
 2.3726E-02,0.0001368204108301136
 2.3742E-02,0.0016687118135987646
 2.3757E-02,0.00360693126849325
 2.3773E-02,0.0058690222886171005
 2.3789E-02,0.00837137683935692
 2.3805E-02,0.011027697507575953
 2.3821E-02,0.013745006101629124
 2.3837E-02,0.016419977961018694
 2.3853E-02,0.018938346891626157
 2.3868E-02,0.021179107318588054
 2.3884E-02,0.02302357839285122
 2.3900E-02,0.024367648631925153
 2.3916E-02,0.02513428061410439
 2.3932E-02,0.02528304790799414
 2.3948E-02,0.02481421409841753
 2.3964E-02,0.02376640818695608
 2.3980E-02,0.02220879154740517
 2.3995E-02,0.02023014006931132
 2.4011E-02,0.01792798069412282
 2.4027E-02,0.015400601224311784
 2.4043E-02,0.012743523096469268
 2.4059E-02,0.010050318824667843
 2.4075E-02,0.007416053776755881
 2.4091E-02,0.004940677320957284
 2.4107E-02,0.0027296987210403047
 2.4122E-02,0.0008904484001478125
 2.4138E-02,-0.0004761855360500525
 2.4154E-02,-0.0012869802562819673
 2.4170E-02,-0.0014877976393161188
 2.4186E-02,-0.0010621194354752666
 2.4202E-02,-3.428971887767013e-05
 2.4218E-02,0.001533496684743617
 2.4233E-02,0.0035496666479206004
 2.4249E-02,0.005904912963347985
 2.4265E-02,0.008483963465203343
 2.4281E-02,0.011174645650532106
 2.4297E-02,0.013872526448357094
 2.4313E-02,0.016481029801885132
 2.4329E-02,0.0189085247301383
 2.4345E-02,0.021064899368020577
 2.4360E-02,0.02286024993763336
 2.4376E-02,0.02420748272496289
 2.4392E-02,0.02502913647142544
 2.4408E-02,0.02526709091398216
 2.4424E-02,0.024892596379125134
 2.4440E-02,0.023913664430485097
 2.4456E-02,0.022377444328746565
 2.4472E-02,0.02036658737187998
 2.4487E-02,0.017990316493792465
 2.4503E-02,0.01537240489595394
 2.4519E-02,0.012639038562987918
 2.4535E-02,0.009909350943880464
 2.4551E-02,0.007290354016308297
 2.4567E-02,0.004876419330333913
 2.4583E-02,0.002751918768278619
 2.4598E-02,0.0009946333815903266
 2.4614E-02,-0.0003225931632786893
 2.4630E-02,-0.0011337100316068539
 2.4646E-02,-0.0013851752288190481
 2.4662E-02,-0.0010443295676431821
 2.4678E-02,-0.00010804725376761164
 2.4694E-02,0.0013911200864893006
 2.4710E-02,0.003383570807613503
 2.4725E-02,0.005767039036067402
 2.4741E-02,0.008416098969461112
 2.4757E-02,0.01119469825648888
 2.4773E-02,0.013968828461253286
 2.4789E-02,0.016616543629472916
 2.4805E-02,0.019033507505527174
 2.4821E-02,0.021133760383538053
 2.4837E-02,0.02284694292834766
 2.4852E-02,0.024114281004606004
 2.4868E-02,0.02488587010668706
 2.4884E-02,0.025121130091718794
 2.4900E-02,0.024792966156540967
 2.4916E-02,0.023894631886747696
 2.4932E-02,0.022447075806225136
 2.4948E-02,0.020504084784226398
 2.4964E-02,0.018152983471203525
 2.4979E-02,0.015509866601924487
 2.4995E-02,0.012709928023675217
 2.5011E-02,0.00989488149049652
 2.5027E-02,0.007200274133605002
 2.5043E-02,0.0047454174607421
 2.5059E-02,0.002627741670916568
 2.5075E-02,0.000921933561400002
 2.5090E-02,-0.00031726906927948234
 2.5106E-02,-0.0010507929785848256
 2.5122E-02,-0.0012518790909698443
 2.5138E-02,-0.0009054965212781569
 2.5154E-02,-1.1120741167438826e-05
 2.5170E-02,0.0014119667608694948
 2.5186E-02,0.003318860552575034
 2.5202E-02,0.005635178902566465
 2.5217E-02,0.008257290114987546
 2.5233E-02,0.011057620340689231
 2.5249E-02,0.013894553873414189
 2.5265E-02,0.016625050934329127
 2.5281E-02,0.019117283673042922
 2.5297E-02,0.021260601845019912
 2.5313E-02,0.022970983401636075
 2.5329E-02,0.024191523278566107
 2.5344E-02,0.02488900231993713
 2.5360E-02,0.025048664655980622
 2.5376E-02,0.024669660538066514
 2.5392E-02,0.02376308485074124
 2.5408E-02,0.022353351461606927
 2.5424E-02,0.02048220608215824
 2.5440E-02,0.018213493020347787
 2.5455E-02,0.015636264619990813
 2.5471E-02,0.01286414111411888
 2.5487E-02,0.010029890799802993
 2.5503E-02,0.007275652896104417
 2.5519E-02,0.004740585548314977
 2.5535E-02,0.0025485403786671816
 2.5551E-02,0.0007983772898420144
 2.5567E-02,-0.0004412578142728547
 2.5582E-02,-0.0011321975875932962
 2.5598E-02,-0.0012629921053112366
 2.5614E-02,-0.0008431166658997122
 2.5630E-02,0.00010249521385320964
 2.5646E-02,0.0015366783565443464
 2.5662E-02,0.0034101856964760726
 2.5678E-02,0.005659266815976007
 2.5694E-02,0.00820232546566075
 2.5709E-02,0.010937861165277792
 2.5725E-02,0.013745670445109995
 2.5741E-02,0.0164923375779124
 2.5757E-02,0.019040691947816296
 2.5773E-02,0.02126159784492236
 2.5789E-02,0.023045611285180605
 2.5805E-02,0.024311969764838494
 2.5820E-02,0.02501310430960141
 2.5836E-02,0.025134143750687808
 2.5852E-02,0.024688297108541476
 2.5868E-02,0.02371008515981109
 2.5884E-02,0.02224879423504726
 2.5900E-02,0.020364124264375557
 2.5916E-02,0.018124951042992755
 2.5932E-02,0.015610789778466687
 2.5947E-02,0.012914394523421068
 2.5963E-02,0.010143352028799894
 2.5979E-02,0.007418726460736596
 2.5995E-02,0.004869717687242658
 2.6011E-02,0.0026246060556994236
 2.6027E-02,0.000799531998404374
 2.6043E-02,-0.0005125256192322831
 2.6059E-02,-0.001250123000421956
 2.6074E-02,-0.0013873002158208089
 2.6090E-02,-0.0009325402868126208
 2.6106E-02,7.646880504207402e-05
 2.6122E-02,0.00158040843415117
 2.6138E-02,0.0035059373222636444
 2.6154E-02,0.005771343567351525
 2.6170E-02,0.008289198774410086
 2.6186E-02,0.01096622599338069
 2.6201E-02,0.013701724596412265
 2.6217E-02,0.01638651922552052
 2.6233E-02,0.018904302760114008
 2.6249E-02,0.02113645441396808
 2.6265E-02,0.022970197248076387
 2.6281E-02,0.024308724949213118
 2.6297E-02,0.025081095531919416
 2.6312E-02,0.025249547483304643
 2.6328E-02,0.024812499329054737
 2.6344E-02,0.023802653101427585
 2.6360E-02,0.022280955869860616
 2.6376E-02,0.020328244016434845
 2.6392E-02,0.018036855962885345
 2.6408E-02,0.015504211843296522
 2.6424E-02,0.012829436853802131
 2.6439E-02,0.010112873523336641
 2.6455E-02,0.007457210963915411
 2.6471E-02,0.004968335846787277
 2.6487E-02,0.0027540887954181754
 2.6503E-02,0.0009198604483053737
 2.6519E-02,-0.0004388732067180934
 2.6535E-02,-0.0012457914405784713
 2.6551E-02,-0.0014526557772036718
 2.6566E-02,-0.0010456823847912128
 2.6582E-02,-4.767771342120198e-05
 2.6598E-02,0.0014846514154026466
 2.6614E-02,0.0034675234974462102
 2.6630E-02,0.005799298479168517
 2.6646E-02,0.008369840532865989
 2.6662E-02,0.011067993456817441
 2.6677E-02,0.013785971459458288
 2.6693E-02,0.016420644727614245
 2.6709E-02,0.018872817600005747
 2.6725E-02,0.021046280881886197
 2.6741E-02,0.022848440093482563
 2.6757E-02,0.02419367435748862
 2.6773E-02,0.025009488931652068
 2.6789E-02,0.025244362814848667
 2.6804E-02,0.024875361864904112
 2.6820E-02,0.023913378055883245
 2.6836E-02,0.022404348568189365
 2.6852E-02,0.020425848864950438
 2.6868E-02,0.018079701805340645
 2.6884E-02,0.015482291536021231
 2.6900E-02,0.012754777749075203
 2.6916E-02,0.010015217797248139
 2.6931E-02,0.0073737993427204565
 2.6947E-02,0.0049312465652260225
 2.6963E-02,0.002779376617535853
 2.6979E-02,0.00100211335294854
 2.6995E-02,-0.00032476963306600514
 2.7011E-02,-0.0011363027974916327
 2.7027E-02,-0.0013834707489040372
 2.7042E-02,-0.0010398598646611827
 2.7058E-02,-0.00010801099218194865
 2.7074E-02,0.0013765298958985112
 2.7090E-02,0.003345023390296716
 2.7106E-02,0.00569979820034267
 2.7122E-02,0.008322360320504592
 2.7138E-02,0.01108372205678869
 2.7154E-02,0.013854790930870133
 2.7169E-02,0.016514787981387488
 2.7185E-02,0.018956407833491846
 2.7201E-02,0.021087538826043646
 2.7217E-02,0.022830460815551564
 2.7233E-02,0.024120165437940506
 2.7249E-02,0.02490356007576019
 2.7265E-02,0.025140791636765056
 2.7281E-02,0.02480894661456245
 2.7296E-02,0.023907291431942458
 2.7312E-02,0.022462392029022567
 2.7328E-02,0.020531183815155642
 2.7344E-02,0.018200453311897225
 2.7360E-02,0.015582118993317823
 2.7376E-02,0.012804858030168863
 2.7392E-02,0.010003637546815169
 2.7407E-02,0.007309244761377568
 2.7423E-02,0.004839802345453007
 2.7439E-02,0.002695550673502945
 2.7455E-02,0.0009571200755335413
 2.7471E-02,-0.0003135417367285155
 2.7487E-02,-0.0010711319955924027
 2.7503E-02,-0.0012855265942059383
 2.7519E-02,-0.000942098993728608
 2.7534E-02,-4.413685590014694e-05
 2.7550E-02,0.0013833509460596768
 2.7566E-02,0.0032899296978672887
 2.7582E-02,0.005597906172925526
 2.7598E-02,0.008203801155727176
 2.7614E-02,0.0109837104942729
 2.7630E-02,0.0138020459408025
 2.7646E-02,0.01652216715796553
 2.7661E-02,0.01901686926181783
 2.7677E-02,0.02117675653596227
 2.7693E-02,0.02291519140331618
 2.7709E-02,0.024169541362694075
 2.7725E-02,0.02489951407880674
 2.7741E-02,0.02508412103797422
 2.7757E-02,0.02471900075570773
 2.7772E-02,0.023815411624224233
 2.7788E-02,0.022401327827817372
 2.7804E-02,0.020524048926556845
 2.7820E-02,0.018252922483983084
 2.7836E-02,0.01568046383583551
 2.7852E-02,0.012920452565929403
 2.7868E-02,0.010102398683066696
 2.7884E-02,0.007362835145787068
 2.7899E-02,0.004834856176295425
 2.7915E-02,0.0026378668900975625
 2.7931E-02,0.0008694634117960137
 2.7947E-02,-0.0003992555585569937
 2.7963E-02,-0.0011246278721840051
 2.7979E-02,-0.0012883256481278805
 2.7995E-02,-0.000893657660609875
 2.8011E-02,3.805700334319961e-05
 2.8026E-02,0.0014697305522002185
 2.8042E-02,0.0033488420866403957
 2.8058E-02,0.005606297912780904
 2.8074E-02,0.008155028528552644
 2.8090E-02,0.010889872648209346
 2.8106E-02,0.01369007117974547
 2.8122E-02,0.016424967988812662
 2.8138E-02,0.018962525503310172
 2.8153E-02,0.0211793387332922
 2.8169E-02,0.02297028057363987
 2.8185E-02,0.024255922417325753
 2.8201E-02,0.024986449599728313
 2.8217E-02,0.025141745591645403
 2.8233E-02,0.024728340385043512
 2.8249E-02,0.02377467412309313
 2.8264E-02,0.02232637510955138
 2.8280E-02,0.02044292314412127
 2.8296E-02,0.01819629092053547
 2.8312E-02,0.015671204924100398
 2.8328E-02,0.012965875451417192
 2.8344E-02,0.01019168828407193
 2.8360E-02,0.007470553542383517
 2.8376E-02,0.004929304785243023
 2.8391E-02,0.0026915008033191468
 2.8407E-02,0.000867883519006027
 2.8423E-02,-0.0004527120642334173
 2.8439E-02,-0.001210196309852589
 2.8455E-02,-0.0013765504748689224
 2.8471E-02,-0.0009552848137862335
 2.8487E-02,2.2340502415943084e-05
 2.8503E-02,0.0015029508928953547
 2.8518E-02,0.00341688423088313
 2.8534E-02,0.005682802973067802
 2.8550E-02,0.008210385816613102
 2.8566E-02,0.010901288452742294
 2.8582E-02,0.0136493443012615
 2.8598E-02,0.016341374753639903
 2.8614E-02,0.018859855688867222
 2.8629E-02,0.02108808081169577
 2.8645E-02,0.02291757530678639
 2.8661E-02,0.024256645406448483
 2.8677E-02,0.025038397631057453
 2.8693E-02,0.025226519166264866
 2.8709E-02,0.024817601961130944
 2.8725E-02,0.02383966282169696
 2.8741E-02,0.022347478294673
 2.8756E-02,0.020416103244545507
 2.8772E-02,0.01813423709520403
 2.8788E-02,0.015598857838553576
 2.8804E-02,0.012911858703620285
 2.8820E-02,0.010178539847294171
 2.8836E-02,0.007507033954404477
 2.8852E-02,0.005007345080130744
 2.8868E-02,0.0027887892580147804
 2.8883E-02,0.000955204379268918
 2.8899E-02,-0.00040185219386625927
 2.8915E-02,-0.0012108659100218415
 2.8931E-02,-0.0014275012023616225
 2.8947E-02,-0.0010394759222777648
 2.8963E-02,-6.799737044350495e-05
 2.8979E-02,0.0014345905400115371
 2.8994E-02,0.0033903661890490474
 2.9010E-02,0.005703265894555212
 2.9026E-02,0.008266739081471729
 2.9042E-02,0.010970151227783928
 2.9058E-02,0.013703088421478186
 2.9074E-02,0.016357566111827204
 2.9090E-02,0.018828927768217558
 2.9106E-02,0.02101667220535637
 2.9121E-02,0.02282641970332755
 2.9137E-02,0.0241737291589232
 2.9153E-02,0.024989683949338957
 2.9169E-02,0.025227347845158458
 2.9185E-02,0.024867638523851484
 2.9201E-02,0.02392307232741206
 2.9217E-02,0.022438242790876292
 2.9233E-02,0.020486680619112886
 2.9248E-02,0.01816465104922384
 2.9264E-02,0.015583182150159854
 2.9280E-02,0.012859949696734464
 2.9296E-02,0.010112473297812494
 2.9312E-02,0.007453475243336007
 2.9328E-02,0.00498843089161741
 2.9344E-02,0.00281457878681037
 2.9360E-02,0.001020215048502988
 2.9375E-02,-0.000316886237088103
 2.9391E-02,-0.0011326205242285776
 2.9407E-02,-0.0013812152188634598
 2.9423E-02,-0.00104058390131203
 2.9439E-02,-0.00011702301819177454
 2.9455E-02,0.0013521944555228535
 2.9471E-02,0.003299395691906871
 2.9486E-02,0.005630581787874007
 2.9502E-02,0.008232454063947061
 2.9518E-02,0.010981121776377941
 2.9534E-02,0.013750868166646248
 2.9550E-02,0.01642148273134757
 2.9566E-02,0.018883232300759754
 2.9582E-02,0.021039350905082573
 2.9598E-02,0.022806708643652206
 2.9613E-02,0.024115814268101117
 2.9629E-02,0.024911354481702775
 2.9645E-02,0.025154066848806295
 2.9661E-02,0.024824029500668702
 2.9677E-02,0.02392468143822218
 2.9693E-02,0.022486333567341445
 2.9709E-02,0.020567791209041047
 2.9725E-02,0.018255041870956123
 2.9740E-02,0.01565666566131422
 2.9756E-02,0.012896472869582188
 2.9772E-02,0.010104589166214893
 2.9788E-02,0.007408563911382816
 2.9804E-02,0.0049259629759252944
 2.9820E-02,0.0027593717433995386
 2.9836E-02,0.0009939613749150686
 2.9851E-02,-0.0003029795624581537
 2.9867E-02,-0.0010816300350382
 2.9883E-02,-0.0013094856743750185
 2.9899E-02,-0.0009722582089899676
 2.9915E-02,-7.595724328001146e-05
 2.9931E-02,0.001350428123218581
 2.9947E-02,0.003252753724182232
 2.9963E-02,0.005551301318341842
 2.9978E-02,0.00814307125099136
 2.9994E-02,0.010907092000374397
 3.0010E-02,0.013712252200622619
 3.0026E-02,0.016426468454876487
 3.0042E-02,0.018925642137901988
 3.0058E-02,0.021100948201148263
 3.0074E-02,0.022863509413763302
 3.0090E-02,0.024146272838070918
 3.0105E-02,0.024903671046335642
 3.0121E-02,0.02511016902366906
 3.0137E-02,0.024758904362721164
 3.0153E-02,0.023861299281507174
 3.0169E-02,0.022447882421279076
 3.0185E-02,0.020569835919653286
 3.0201E-02,0.01830023537514237
 3.0216E-02,0.01573377303102504
 3.0232E-02,0.012984017020488329
 3.0248E-02,0.01017788133209226
 3.0264E-02,0.007447760106534878
 3.0280E-02,0.00492246108942926
 3.0296E-02,0.0027184348244636202
 3.0312E-02,0.0009327232798720031
 3.0328E-02,-0.0003614280785056627
 3.0343E-02,-0.0011160777923128256
 3.0359E-02,-0.0013077364347780802
 3.0375E-02,-0.0009351900451701667
 3.0391E-02,-1.7167403352677112e-05
 3.0407E-02,0.0014092553275299982
 3.0423E-02,0.003289194478896757
 3.0439E-02,0.005549794192218564
 3.0455E-02,0.008100234105345931
 3.0470E-02,0.010832981863509596
 3.0486E-02,0.013627152124489242
 3.0502E-02,0.016354278136036682
 3.0518E-02,0.01888608062979556
 3.0534E-02,0.02110316944699999
 3.0550E-02,0.022903253399057657
 3.0566E-02,0.02420748733133966
 3.0581E-02,0.024964040204122316
 3.0597E-02,0.025148679265385734
 3.0613E-02,0.024762903241290758
 3.0629E-02,0.023830684523863874
 3.0645E-02,0.022395031802187323
 3.0661E-02,0.020515323668289617
 3.0677E-02,0.018265793200874406
 3.0693E-02,0.015734869708969427
 3.0708E-02,0.013024545696540405
 3.0724E-02,0.010248725059914322
 3.0740E-02,0.007529700227738011
 3.0756E-02,0.0049924410035378005
 3.0772E-02,0.0027570792732839653
 3.0788E-02,0.0009306082700773911
 3.0804E-02,-0.000400828406876534
 3.0820E-02,-0.001177723738260137
 3.0835E-02,-0.0013701636995883193
 3.0851E-02,-0.000977725876722877
 3.0867E-02,-2.6809061344572468e-05
 3.0883E-02,0.001433587695565251
 3.0899E-02,0.0033364339978034056
 3.0915E-02,0.0056005882417736914
 3.0931E-02,0.008133584036656255
 3.0946E-02,0.010833432056142348
 3.0962E-02,0.013590120724095465
 3.0978E-02,0.016287747026774234
 3.0994E-02,0.01880808171114486
 3.1010E-02,0.021035910505618333
 3.1026E-02,0.022865849376737322
 3.1042E-02,0.024209725689928678
 3.1058E-02,0.025003257514607063
 3.1073E-02,0.02521077899357744
 3.1089E-02,0.024827154991834313
 3.1105E-02,0.02387668073004743
 3.1121E-02,0.02240946357034316
 3.1137E-02,0.02049631085226499
 3.1153E-02,0.018223336069488207
 3.1169E-02,0.015687296993228853
 3.1185E-02,0.01299217494309084
 3.1200E-02,0.010246876647000636
 3.1216E-02,0.007563409546833896
 3.1232E-02,0.005054631845044278
 3.1248E-02,0.0028307957258488356
 3.1264E-02,0.0009945457815146233
 3.1280E-02,-0.0003653466408451093
 3.1296E-02,-0.0011806495348126445
 3.1312E-02,-0.0014095256538876196
 3.1327E-02,-0.001040376645958063
 3.1343E-02,-9.284945549424583e-05
 3.1359E-02,0.001384196023022526
 3.1375E-02,0.0033172755815805127
 3.1391E-02,0.005614412683715252
 3.1407E-02,0.008171583821235872
 3.1423E-02,0.01087840172752625
 3.1438E-02,0.013622423963958461
 3.1454E-02,0.016292083065960385
 3.1470E-02,0.018778779909181174
 3.1486E-02,0.0209789791020166
 3.1502E-02,0.0227970945746455
 3.1518E-02,0.02414957486170479
 3.1534E-02,0.02497002340464706
 3.1550E-02,0.02521462032611741
 3.1565E-02,0.024866749643694192
 3.1581E-02,0.02393971273940594
 3.1597E-02,0.022476744342851296
 3.1613E-02,0.020548139972010576
 3.1629E-02,0.01824596594857862
 3.1645E-02,0.015677344202659375
 3.1661E-02,0.01295752183153989
 3.1677E-02,0.010203789851642884
 3.1692E-02,0.007530867874315044
 3.1708E-02,0.005047781244643931
 3.1724E-02,0.00285572774130543
 3.1740E-02,0.0010461403370001627
 3.1756E-02,-0.000301805449728856
 3.1772E-02,-0.0011246371065478295
 3.1788E-02,-0.0013788419832142039
 3.1803E-02,-0.0010452592160062372
 3.1819E-02,-0.000132589108286258
 3.1835E-02,0.0013210203789164286
 3.1851E-02,0.003249033838393561
 3.1867E-02,0.005560394331952149
 3.1883E-02,0.008145713954227755
 3.1899E-02,0.010884791526869282
 3.1915E-02,0.01365422697671081
 3.1930E-02,0.01633402122676814
 3.1946E-02,0.018812476434525622
 3.1962E-02,0.02098929920823809
 3.1978E-02,0.022777362551188
 3.1994E-02,0.024103918246743652
 3.2010E-02,0.02491206291058962
 3.2026E-02,0.025162952021330093
 3.2042E-02,0.02483874080141078
 3.2057E-02,0.023945693879643418
 3.2073E-02,0.022516540310445962
 3.2089E-02,0.020611092034360033
 3.2105E-02,0.018314423576002766
 3.2121E-02,0.01573244545091794
 3.2137E-02,0.01298532397930062
 3.2153E-02,0.010199707915195515
 3.2168E-02,0.0075009575044274425
 3.2184E-02,0.0050064653738341736
 3.2200E-02,0.0028207547016325615
 3.2216E-02,0.0010324781688603316
 3.2232E-02,-0.0002870909974877125
 3.2248E-02,-0.0010848142360526882
 3.2264E-02,-0.001326453703823578
 3.2280E-02,-0.000997939813237845
 3.2295E-02,-0.00010716152388112656
 3.2311E-02,0.0013141938742514416
 3.2327E-02,0.003209565827501088
 3.2343E-02,0.005498084976781923
 3.2359E-02,0.00807739715662275
 3.2375E-02,0.010828869742940072
 3.2391E-02,0.01362471682869985
 3.2407E-02,0.01633609046053213
 3.2422E-02,0.01884095006089358
 3.2438E-02,0.021030617030049225
 3.2454E-02,0.022814315115347986
 3.2470E-02,0.024121560751454628
 3.2486E-02,0.024902817615866844
 3.2502E-02,0.025129189015034532
 3.2518E-02,0.02479197934927416
 3.2533E-02,0.02390270405638002
 3.2549E-02,0.02249366391767309
 3.2565E-02,0.02061869407800619
 3.2581E-02,0.018353333924066288
 3.2597E-02,0.01579357552498004
 3.2613E-02,0.013052575612375097
 3.2629E-02,0.010255191321539585
 3.2645E-02,0.007530771065876032
 3.2660E-02,0.005005114251913379
 3.2676E-02,0.0027927517467432423
 3.2692E-02,0.000990618404944498
 3.2708E-02,-0.0003261810887669181
 3.2724E-02,-0.0011063493181008026
 3.2740E-02,-0.0013224843661344804
 3.2756E-02,-0.000970007083531968
 3.2772E-02,-6.573691046970727e-05
 3.2787E-02,0.0013532822075383443
 3.2803E-02,0.0032305166339398044
 3.2819E-02,0.0054905136368683174
 3.2835E-02,0.008039930266686968
 3.2851E-02,0.010769745297097871
 3.2867E-02,0.013559191072867828
 3.2883E-02,0.016281517736327626
 3.2899E-02,0.018811176821118596
 3.2914E-02,0.02103155694367041
 3.2930E-02,0.022842173368886727
 3.2946E-02,0.024164286164083074
 3.2962E-02,0.024944279762051103
 3.2978E-02,0.02515466748798106
 3.2994E-02,0.02479311894861445
 3.3010E-02,0.023880277365357572
 3.3025E-02,0.022457226221351916
 3.3041E-02,0.020583262687864215
 3.3057E-02,0.018334221488923143
 3.3073E-02,0.015801120235491656
 3.3089E-02,0.013088536988183533
 3.3105E-02,0.010312013809374763
 3.3121E-02,0.0075939528743454825
 3.3137E-02,0.005057881306142957
 3.3152E-02,0.002821473236750476
 3.3168E-02,0.0009891631609184367
 3.3184E-02,-0.000354584758548865
 3.3200E-02,-0.0011503492480293568
 3.3216E-02,-0.0013665028770291864
 3.3232E-02,-0.0009994878501944802
 3.3248E-02,-7.198608209995282e-05
 3.3264E-02,0.001370270182732752
 3.3279E-02,0.0032621792537658447
 3.3295E-02,0.005522731857786881
 3.3311E-02,0.008057912337117777
 3.3327E-02,0.010763141755746008
 3.3343E-02,0.013525725998241655
 3.3359E-02,0.01622791991986422
 3.3375E-02,0.01875109867487047
 3.3390E-02,0.020981176455081567
 3.3406E-02,0.02281494824492044
 3.3422E-02,0.024166610332796556
 3.3438E-02,0.02497348669105181
 3.3454E-02,0.025200035648480345
 3.3470E-02,0.024839528155054268
 3.3486E-02,0.023913279435985813
 3.3502E-02,0.022467826500505703
 3.3517E-02,0.020570815545130097
 3.3533E-02,0.018306484273492723
 3.3549E-02,0.015771467945224438
 3.3565E-02,0.013071290894615397
 3.3581E-02,0.010317462953305089
 3.3597E-02,0.007624740748069046
 3.3613E-02,0.0051079640221366185
 3.3629E-02,0.0028779900459644137
 3.3644E-02,0.001036587079038011
 3.3660E-02,-0.0003294044399450092
 3.3676E-02,-0.0011539301382720434
 3.3692E-02,-0.0013966661795010767
 3.3708E-02,-0.0010461609561694578
 3.3724E-02,-0.00012058897326935349
 3.3740E-02,0.0013339928724245519
 3.3755E-02,0.0032474930887964803
 3.3771E-02,0.005530963895555595
 3.3787E-02,0.008082190419787472
 3.3803E-02,0.010790893630385653
 3.3819E-02,0.013543088575138525
 3.3835E-02,0.016224572855818784
 3.3851E-02,0.0187238978294626
 3.3867E-02,0.020935367609668014
 3.3882E-02,0.02276255404030903
 3.3898E-02,0.024122531245095735
 3.3914E-02,0.024950622023807857
 3.3930E-02,0.02520505628510558
 3.3946E-02,0.024870710486266913
 3.3962E-02,0.023961115504961574
 3.3978E-02,0.022518193889126358
 3.3994E-02,0.020609635802098684
 3.4009E-02,0.01832430741396994
 3.4025E-02,0.015766455491484116
 3.4041E-02,0.013049615884235975
 3.4057E-02,0.010291015747985003
 3.4073E-02,0.0076069306965958
 3.4089E-02,0.005109037782901841
 3.4105E-02,0.0029014393934841264
 3.4120E-02,0.0010778454963345954
 3.4136E-02,-0.0002815475895020002
 3.4152E-02,-0.0011136772284112075
 3.4168E-02,-0.0013765432458825552
 3.4184E-02,-0.0010528891792586082
 3.4200E-02,-0.00015286556438653595
 3.4216E-02,0.0012850737892004106
 3.4232E-02,0.0031955281342265903
 3.4247E-02,0.005489811800854191
 3.4263E-02,0.008061502354618996
 3.4279E-02,0.010793085964300557
 3.4295E-02,0.013562755893520044
 3.4311E-02,0.016250521764716096
 3.4327E-02,0.018743106091495428
 3.4343E-02,0.02093753126536644
 3.4359E-02,0.02274369205465446
 3.4374E-02,0.024086437236309596
 3.4390E-02,0.02490767795810529
 3.4406E-02,0.0251688096425195
 3.4422E-02,0.02485336614352374
 3.4438E-02,0.02396945471192125
 3.4454E-02,0.022551285005411426
 3.4470E-02,0.02065909655256073
 3.4486E-02,0.018377021700974397
 3.4501E-02,0.015808828241925355
 3.4517E-02,0.013071941610770826
 3.4533E-02,0.010290508339850103
 3.4549E-02,0.00758841909123307
 3.4565E-02,0.005083117893033871
 3.4581E-02,0.002880722167901919
 3.4597E-02,0.001072570837752685
 3.4612E-02,-0.0002670588803642263
 3.4628E-02,-0.001082550211429404
 3.4644E-02,-0.0013383516465051756
 3.4660E-02,-0.0010204752686614944
 3.4676E-02,-0.00013804401201427243
 3.4692E-02,0.0012754931625474008
 3.4708E-02,0.0031620739516546874
 3.4724E-02,0.0054402663643773885
 3.4739E-02,0.008008429838754305
 3.4755E-02,0.010749798584706096
 3.4771E-02,0.01353906059022678
 3.4787E-02,0.0162496593050305
 3.4803E-02,0.018760892829508442
 3.4819E-02,0.020963975429998456
 3.4835E-02,0.02276652856957767
 3.4851E-02,0.024095385119374903
 3.4866E-02,0.02489798670433162
 3.4882E-02,0.025142904809890974
 3.4898E-02,0.024820046807556003
 3.4914E-02,0.023940919658604093
 3.4930E-02,0.022538992849592376
 3.4946E-02,0.02066985289480812
 3.4962E-02,0.018410605156007738
 3.4977E-02,0.01585794650335586
 3.4993E-02,0.013124526001110106
 3.5009E-02,0.01033357456296332
 3.5025E-02,0.007612204410446228
 3.5041E-02,0.005084121520288724
 3.5057E-02,0.002862650419591314
 3.5073E-02,0.0010448928053614398
 3.5089E-02,-0.00029244274277550144
 3.5104E-02,-0.001095400400799213
 3.5120E-02,-0.0013335714523320097
 3.5136E-02,-0.0009998228690050574
 3.5152E-02,-0.0001095116752794532
 3.5168E-02,0.0013004156496278195
 3.5184E-02,0.003172329768842273
 3.5200E-02,0.005429038529418965
 3.5216E-02,0.007975550854760413
 3.5231E-02,0.010701957216068144
 3.5247E-02,0.013487735729539155
 3.5263E-02,0.016207468805502622
 3.5279E-02,0.018737572631679477
 3.5295E-02,0.02096332525973279
 3.5311E-02,0.022785334583492373
 3.5327E-02,0.024124666509114937
 3.5342E-02,0.024926135238796953
 3.5358E-02,0.025159654898627024
 3.5374E-02,0.02481994058360942
 3.5390E-02,0.02392510750180778
 3.5406E-02,0.022514774058331646
 3.5422E-02,0.02064812271160499
 3.5438E-02,0.01840207631210211
 3.5454E-02,0.01586942048284266
 3.5469E-02,0.013156466587473086
 3.5485E-02,0.01037979439097306
 3.5501E-02,0.007661765082454468
 3.5517E-02,0.005124808758638811
 3.5533E-02,0.002884864650106573
 3.5549E-02,0.0010446643577562286
 3.5565E-02,-0.00031230560678043116
 3.5581E-02,-0.0011263960470781931
 3.5596E-02,-0.0013644440577765806
 3.5612E-02,-0.0010203651392321589
 3.5628E-02,-0.00011395952511686011
 3.5644E-02,0.0013115247420153906
 3.5660E-02,0.0031924455451131845
 3.5676E-02,0.005447926186556568
 3.5692E-02,0.00798287068870621
 3.5707E-02,0.010690891475068291
 3.5723E-02,0.013457444714091752
 3.5739E-02,0.01616355111456639
 3.5755E-02,0.018690372552801687
 3.5771E-02,0.020924650264947917
 3.5787E-02,0.022764676853896076
 3.5803E-02,0.024126186562769367
 3.5819E-02,0.02494740822931241
 3.5834E-02,0.02519258794462844
 3.5850E-02,0.024853542205865733
 3.5866E-02,0.02394917263117625
 3.5882E-02,0.022523247187273037
 3.5898E-02,0.02064101721764557
 3.5914E-02,0.018385318886423068
 3.5930E-02,0.015852689042112414
 3.5946E-02,0.013149762111152933
 3.5961E-02,0.010389906838988387
 3.5977E-02,0.00768982236455163
 3.5993E-02,0.005165729033766798
 3.6009E-02,0.0029288921814633866
 3.6025E-02,0.0010804732363458493
 3.6041E-02,-0.00029397519337097193
 3.6057E-02,-0.001129776323428456
 3.6073E-02,-0.0013874302023815129
 3.6088E-02,-0.0010552821267124247
 3.6104E-02,-0.0001501388867904505
 3.6120E-02,0.001284223385653625
 3.6136E-02,0.0031803422122550443
 3.6152E-02,0.005451549304954259
 3.6168E-02,0.007996953898583143
 3.6184E-02,0.010706326749327484
 3.6199E-02,0.013464526885638763
 3.6215E-02,0.01615541883446728
 3.6231E-02,0.01866548720131266
 3.6247E-02,0.020887478483165498
 3.6263E-02,0.02272434551092188
 3.6279E-02,0.0240935589269631
 3.6295E-02,0.024931558777619007
 3.6311E-02,0.02519785322828013
 3.6326E-02,0.024878129732581702
 3.6342E-02,0.023985785435172095
 3.6358E-02,0.0225615060068441
 3.6374E-02,0.020670862729030313
 3.6390E-02,0.01840025414098634
 3.6406E-02,0.01585178360421287
 3.6422E-02,0.01313776129306992
 3.6438E-02,0.010375427931587237
 3.6453E-02,0.00768225953233414
 3.6469E-02,0.0051719158345545704
 3.6485E-02,0.0029506447268416924
 3.6501E-02,0.0011138360442647232
 3.6517E-02,-0.00025753145972630333
 3.6533E-02,-0.001100608210663859
 3.6549E-02,-0.0013743431322439281
 3.6564E-02,-0.001062644199001601
 3.6580E-02,-0.0001764431075817819
 3.6596E-02,0.0012458762693904853
 3.6612E-02,0.0031400069092743
 3.6628E-02,0.005419192991380882
 3.6644E-02,0.007979285634812476
 3.6660E-02,0.010704749163552116
 3.6676E-02,0.013474882031410312
 3.6691E-02,0.01616959924577874
 3.6707E-02,0.018674359880242547
 3.6723E-02,0.020884132090139607
 3.6739E-02,0.02270656567262789
 3.6755E-02,0.024064698372552453
 3.6771E-02,0.024899509798631998
 3.6787E-02,0.02517246790649952
 3.6803E-02,0.024867954077827156
 3.6818E-02,0.023995202204174764
 3.6834E-02,0.022589241378033566
 3.6850E-02,0.02071035242974369
 3.6866E-02,0.018441741009614456
 3.6882E-02,0.01588544119869078
 3.6898E-02,0.013156800317723179
 3.6914E-02,0.010378155419337131
 3.6929E-02,0.007672417814920961
 3.6945E-02,0.005157207194506968
 3.6961E-02,0.0029399531822997763
 3.6977E-02,0.0011140880454514302
 3.6993E-02,-0.00024381216485142953
 3.7009E-02,-0.0010762348344596235
 3.7025E-02,-0.0013465812843325466
 3.7041E-02,-0.0010408087691395804
 3.7056E-02,-0.00016878205426053847
 3.7072E-02,0.0012349705547027975
 3.7088E-02,0.0031115294671467675
 3.7104E-02,0.00537929214057984
 3.7120E-02,0.007937341762402806
 3.7136E-02,0.010670406038334765
 3.7152E-02,0.013455016731908465
 3.7168E-02,0.01616623411379697
 3.7183E-02,0.018684202639738298
 3.7199E-02,0.020899884583922033
 3.7215E-02,0.022719550210133447
 3.7231E-02,0.02406791162721727
 3.7247E-02,0.024890074586123228
 3.7263E-02,0.025152659295988103
 3.7279E-02,0.024844458135291278
 3.7295E-02,0.023976860706574808
 3.7310E-02,0.022584043848569782
 3.7326E-02,0.020722687398607758
 3.7342E-02,0.018470828350342652
 3.7358E-02,0.015925468701342725
 3.7374E-02,0.013198715949620379
 3.7390E-02,0.010412514658654878
 3.7406E-02,0.007692337542767016
 3.7421E-02,0.005160448590504362
 3.7437E-02,0.0029294530119324154
 3.7453E-02,0.001096778906333171
 3.7469E-02,-0.0002594820201956853
 3.7485E-02,-0.0010832423164573652
 3.7501E-02,-0.0013417431334114957
 3.7517E-02,-0.0010258652038369108
 3.7533E-02,-0.00014979300351755502
 3.7548E-02,0.0012497082915128976
 3.7564E-02,0.0031143427252551493
 3.7580E-02,0.005365810054487033
 3.7596E-02,0.007908094952473896
 3.7612E-02,0.010630809454244087
 3.7628E-02,0.013413738638874014
 3.7644E-02,0.01613249169912602
 3.7660E-02,0.018664881754054563
 3.7675E-02,0.02089743802658633
 3.7691E-02,0.02273136682693162
 3.7707E-02,0.0240873552645969
 3.7723E-02,0.02490883329347869
 3.7739E-02,0.02516360879641699
 3.7755E-02,0.024844075779622575
 3.7771E-02,0.023966382315116202
 3.7786E-02,0.022568982236266483
 3.7802E-02,0.020710883600533123
 3.7818E-02,0.018469698626612435
 3.7834E-02,0.01593937744279958
 3.7850E-02,0.01322735838070838
 3.7866E-02,0.010450851368167181
 3.7882E-02,0.007732101918309994
 3.7898E-02,0.005192723535934625
 3.7913E-02,0.0029474599309973633
 3.7929E-02,0.0010979562839919937
 3.7945E-02,-0.0002727914396568295
 3.7961E-02,-0.0011047105921404695
 3.7977E-02,-0.0013632631030776185
 3.7993E-02,-0.0010402994091899664
 3.8009E-02,-0.00015334644625822032
 3.8025E-02,0.0012562796932690497
 3.8040E-02,0.003126083875055299
 3.8056E-02,0.005375352288161555
 3.8072E-02,0.007908270802273338
 3.8088E-02,0.010617216006686931
 3.8104E-02,0.013386387082840116
 3.8120E-02,0.016095986692104165
 3.8136E-02,0.01862706602645842
 3.8151E-02,0.020866950777218823
 3.8167E-02,0.02271492720328748
 3.8183E-02,0.0240876731046651
 3.8199E-02,0.024923837937904352
 3.8215E-02,0.02518724433934158
 3.8231E-02,0.024868386700229474
 3.8247E-02,0.023984183649578793
 3.8263E-02,0.022576217482109327
 3.8278E-02,0.0207078843610869
 3.8294E-02,0.01846093366268461
 3.8310E-02,0.01593178832697792
 3.8326E-02,0.013227852580357554
 3.8342E-02,0.01046380280286317
 3.8358E-02,0.007757701865472337
 3.8374E-02,0.005226735947815974
 3.8390E-02,0.002982463431354377
 3.8405E-02,0.0011256589002681453
 3.8421E-02,-0.0002589341149645749
 3.8437E-02,-0.0011074405275454868
 3.8453E-02,-0.0013807039498678628
 3.8469E-02,-0.0010666413246684999
 3.8485E-02,-0.0001807949632462143
 3.8501E-02,0.0012349446436959108
 3.8516E-02,0.003115190973905534
 3.8532E-02,0.00537503049750228
 3.8548E-02,0.007914576317540683
 3.8564E-02,0.010623640485983242
 3.8580E-02,0.013386232022327747
 3.8596E-02,0.01608480057025391
 3.8612E-02,0.018604321422554998
 3.8628E-02,0.020836394539113838
 3.8643E-02,0.022683482231802683
 3.8659E-02,0.02406325610399493
 3.8675E-02,0.024912820676367187
 3.8691E-02,0.025192404826601594
 3.8707E-02,0.024888031511722707
 3.8723E-02,0.024012729315125454
 3.8739E-02,0.02260603025197735
 3.8755E-02,0.020731758516164434
 3.8770E-02,0.018474379391830893
 3.8786E-02,0.015934369955551614
 3.8802E-02,0.013223141328592421
 3.8818E-02,0.010457975156311736
 3.8834E-02,0.007757267637579734
 3.8850E-02,0.005236167781603306
 3.8866E-02,0.003002527218186777
 3.8881E-02,0.0011530054722496677
 3.8897E-02,-0.0002307798474029876
 3.8913E-02,-0.0010860237164263707
 3.8929E-02,-0.0013722021905277285
 3.8945E-02,-0.0010738549368423675
 3.8961E-02,-0.00020223005767413605
 3.8977E-02,0.0012046001339909916
 3.8993E-02,0.003083360902292852
 3.9008E-02,0.005348883511766003
 3.9024E-02,0.007898784531925695
 3.9040E-02,0.010619004339355451
 3.9056E-02,0.013389619704960939
 3.9072E-02,0.016090409789507827
 3.9088E-02,0.018605829345761493
 3.9104E-02,0.020829266000596428
 3.9120E-02,0.02266665552630148
 3.9135E-02,0.02403963671732359
 3.9151E-02,0.024888414984010846
 3.9167E-02,0.025174382992996982
 3.9183E-02,0.02488236805383214
 3.9199E-02,0.024022210753015374
 3.9215E-02,0.022629295128087017
 3.9231E-02,0.020763688231210345
 3.9247E-02,0.018507706164664565
 3.9262E-02,0.01596196316619002
 3.9278E-02,0.013240211061397725
 3.9294E-02,0.010463465074883885
 3.9310E-02,0.007753985390838809
 3.9326E-02,0.00522962588820239
 3.9342E-02,0.0029988977200907916
 3.9358E-02,0.001156883950664567
 3.9373E-02,-0.0002180471168778289
 3.9389E-02,-0.0010668889081034039
 3.9405E-02,-0.0013521593452725375
 3.9421E-02,-0.0010596326419205627
 3.9437E-02,-0.00019953846803843762
 3.9453E-02,0.0011930154701899891
 3.9469E-02,0.0030587091873960125
 3.9485E-02,0.005316032244783707
 3.9500E-02,0.007864773816842207
 3.9516E-02,0.01059086427633631
 3.9532E-02,0.013372213639353226
 3.9548E-02,0.01608501528827902
 3.9564E-02,0.0186099203915742
 3.9580E-02,0.020837557334897942
 3.9596E-02,0.022673048131399268
 3.9612E-02,0.024039403487553943
 3.9627E-02,0.024879888243151963
 3.9643E-02,0.02515957623253003
 3.9659E-02,0.02486632493967854
 3.9675E-02,0.024011303164389985
 3.9691E-02,0.02262904457953854
 3.9707E-02,0.020776843565288375
 3.9723E-02,0.0185332225426349
 3.9738E-02,0.015995223771483096
 3.9754E-02,0.013274416658267472
 3.9770E-02,0.010491727841404851
 3.9786E-02,0.007771431944596955
 3.9802E-02,0.005234816130461597
 3.9818E-02,0.002994098729497784
 3.9834E-02,0.0011471224208026295
 3.9850E-02,-0.0002268236938793907
 3.9865E-02,-0.0010699184533950025
 3.9881E-02,-0.0013475308710200473
 3.9897E-02,-0.0010489552233154114
 3.9913E-02,-0.00018739313634605933
 3.9929E-02,0.0012006537523007361
 3.9945E-02,0.003056548664140294
 3.9961E-02,0.005301343902668242
 3.9977E-02,0.007838442798974648
 3.9992E-02,0.010557258479786096
 4.0008E-02,0.013337908604043703
 4.0024E-02,0.01605679528277477
 4.0040E-02,0.018592716217776698
 4.0056E-02,0.020833001259025194
 4.0072E-02,0.022679118896609625
 4.0088E-02,0.024051269127108282
 4.0103E-02,0.02489165391355377
 4.0119E-02,0.025166343121109536
 4.0135E-02,0.024865865708088443
 4.0151E-02,0.024004792666730022
 4.0167E-02,0.022620605793414572
 4.0183E-02,0.020772068713739582
 4.0199E-02,0.01853717347614367
 4.0215E-02,0.01601058873290059
 4.0230E-02,0.013300445550637677
 4.0246E-02,0.010524305025416614
 4.0262E-02,0.007804264118126326
 4.0278E-02,0.005261341378312761
 4.0294E-02,0.0030094849680602827
 4.0310E-02,0.0011496972034844071
 4.0326E-02,-0.00023517750844805627
 4.0342E-02,-0.0010845208830740246
 4.0357E-02,-0.0013625535349440557
 4.0373E-02,-0.0010594043945457347
 4.0389E-02,-0.0001907644412115515
 4.0405E-02,0.0012035976181813631
 4.0421E-02,0.0030621300968567953
 4.0437E-02,0.005304326796624805
 4.0453E-02,0.007833932438382341
 4.0468E-02,0.010542503643669848
 4.0484E-02,0.013313398124601626
 4.0500E-02,0.016026277323147778
 4.0516E-02,0.018562128530009613
 4.0532E-02,0.020808664565139006
 4.0548E-02,0.022665791551346934
 4.0564E-02,0.024050707026613168
 4.0580E-02,0.024902149999445143
 4.0595E-02,0.02518339272877569
 4.0611E-02,0.02488372757891533
 4.0627E-02,0.024018417317538374
 4.0643E-02,0.022627283403842995
 4.0659E-02,0.02077224737619113
 4.0675E-02,0.01853418112384205
 4.0691E-02,0.016009362206103994
 4.0707E-02,0.013305703323697193
 4.0722E-02,0.010538784662502094
 4.0738E-02,0.007827620708459783
 4.0754E-02,0.005290079017574096
 4.0770E-02,0.0030379465128853632
 4.0786E-02,0.0011717846560724253
 4.0802E-02,-0.00022412131058365935
 4.0818E-02,-0.0010862897535195326
 4.0834E-02,-0.0013755799863397675
 4.0849E-02,-0.0010793430788186844
 4.0865E-02,-0.00021195517230509673
 4.0881E-02,0.0011862786683237477
 4.0897E-02,0.0030516475298114493
 4.0913E-02,0.005300627699026797
 4.0929E-02,0.007834130508173932
 4.0945E-02,0.01054203355873517
 4.0960E-02,0.01330774349824507
 4.0976E-02,0.01601268473292929
 4.0992E-02,0.018540726062480774
 4.1008E-02,0.020782603820126522
 4.1024E-02,0.02264035999076317
 4.1040E-02,0.02403170297523082
 4.1056E-02,0.024894059639400456
 4.1072E-02,0.02518797450883815
 4.1087E-02,0.024899472901872468
 4.1103E-02,0.02404106328912199
 4.1119E-02,0.022651202286169243
 4.1135E-02,0.020792246205163713
 4.1151E-02,0.01854711143973811
 4.1167E-02,0.016015008047151925
 4.1183E-02,0.013306661288024312
 4.1199E-02,0.0105393894557414
 4.1214E-02,0.007832288927422201
 4.1230E-02,0.005301636205827977
 4.1246E-02,0.003056504300744283
 4.1262E-02,0.0011945471237758524
 4.1278E-02,-0.00020205569182002404
 4.1294E-02,-0.001070397122785403
 4.1310E-02,-0.001370160005399665
 4.1325E-02,-0.0010861288731368651
 4.1341E-02,-0.0002295441619890098
 4.1357E-02,0.0011619866196611866
 4.1373E-02,0.0030261523989217514
 4.1389E-02,0.005279103840469415
 4.1405E-02,0.007819845287976275
 4.1421E-02,0.010535431387407371
 4.1437E-02,0.013306492217174132
 4.1452E-02,0.01601265832395856
 4.1468E-02,0.01853758434879106
 4.1484E-02,0.020773430978563486
 4.1500E-02,0.022624805659841853
 4.1516E-02,0.024012238448233816
 4.1532E-02,0.024875260214981914
 4.1548E-02,0.025175066764972335
 4.1564E-02,0.024896632148369433
 4.1579E-02,0.024050029439129924
 4.1595E-02,0.022670674938042437
 4.1611E-02,0.0208182586369878
 4.1627E-02,0.01857425647664256
 4.1643E-02,0.016038106185604
 4.1659E-02,0.013322317524961278
 4.1675E-02,0.010546927039690977
 4.1690E-02,0.007833760216272499
 4.1706E-02,0.005300921081705875
 4.1722E-02,0.00305781109729269
 4.1738E-02,0.0012008281192119545
 4.1754E-02,-0.00019023752523893373
 4.1770E-02,-0.001055167970806702
 4.1786E-02,-0.0013557003031196588
 4.1802E-02,-0.0010773152694988689
 4.1817E-02,-0.00023032134559773383
 4.1833E-02,0.0011499613242560891
 4.1849E-02,0.003004139577594217
 4.1865E-02,0.0052509762246410185
 4.1881E-02,0.007790944400789634
 4.1897E-02,0.01051096242670412
 4.1913E-02,0.01328998529658102
 4.1929E-02,0.016005000699954457
 4.1944E-02,0.01853693644895593
 4.1960E-02,0.02077604308870147
 4.1976E-02,0.022626451232273585
 4.1992E-02,0.0240097749498047
 4.2008E-02,0.02486778805581641
 4.2024E-02,0.025164294763355015
 4.2040E-02,0.02488632745794822
 4.2055E-02,0.024044739396537018
 4.2071E-02,0.022674153195165206
 4.2087E-02,0.02083212630311442
 4.2103E-02,0.01859734887161913
 4.2119E-02,0.016066725121848886
 4.2135E-02,0.013351305967406111
 4.2151E-02,0.010571209660240964
 4.2167E-02,0.007849840962837511
 4.2182E-02,0.005307846954990378
 4.2198E-02,0.0030572922091814413
 4.2214E-02,0.0011964865383149673
 4.2230E-02,-0.0001942281081277655
 4.2246E-02,-0.0010555895343817734
 4.2262E-02,-0.0013514376629734414
 4.2278E-02,-0.0010697600803978428
 4.2294E-02,-0.0002229003692263659
 4.2309E-02,0.0011529729869623603
 4.2325E-02,0.0029991209099038425
 4.2341E-02,0.005236274141301495
 4.2357E-02,0.007767558132834927
 4.2373E-02,0.010482367150095099
 4.2389E-02,0.0132611495297882
 4.2405E-02,0.015980919456666163
 4.2421E-02,0.018521162519728518
 4.2436E-02,0.02076969843907485
 4.2452E-02,0.02262803932557378
 4.2468E-02,0.024015846861371593
 4.2484E-02,0.02487423022817896
 4.2500E-02,0.025167799523219327
 4.2516E-02,0.02488554844500128
 4.2532E-02,0.02404074289351337
 4.2547E-02,0.02267001611780561
 4.2563E-02,0.020831820712209837
 4.2579E-02,0.018604293367961336
 4.2595E-02,0.016082494815144545
 4.2611E-02,0.013374938364786289
 4.2627E-02,0.010599342968686686
 4.2643E-02,0.007877642306933896
 4.2659E-02,0.0053304251342219475
 4.2674E-02,0.003071130487279508
 4.2690E-02,0.0012004272287157954
 4.2706E-02,-0.00019876412540956612
 4.2722E-02,-0.0010652099806318848
 4.2738E-02,-0.001362000461833745
 4.2754E-02,-0.0010777957922876707
 4.2770E-02,-0.0002267593858211517
 4.2786E-02,0.001152628563411315
 4.2801E-02,0.0029996390602839134
 4.2817E-02,0.005234033219148702
 4.2833E-02,0.0077593363681950495
 4.2849E-02,0.010466595755905667
 4.2865E-02,0.013238623686245872
 4.2881E-02,0.015954723334641062
 4.2897E-02,0.01849582730796664
 4.2912E-02,0.020749868568649018
 4.2928E-02,0.022617086233432598
 4.2944E-02,0.024014886778480477
 4.2960E-02,0.02488186721260298
 4.2976E-02,0.025180673028771222
 4.2992E-02,0.024899497108268217
 4.3008E-02,0.024052192164202516
 4.3024E-02,0.02267712506511539
 4.3039E-02,0.02083500713263976
 4.3055E-02,0.018605967695286486
 4.3071E-02,0.01608610043892007
 4.3087E-02,0.013383628691481858
 4.3103E-02,0.010614746236057768
 4.3119E-02,0.007899133991123955
 4.3135E-02,0.005355155915906564
 4.3151E-02,0.003094803770869729
 4.3166E-02,0.0012185700111776968
 4.3182E-02,-0.00018945631258399033
 4.3198E-02,-0.0010658961723813624
 4.3214E-02,-0.0013714037044571525
 4.3230E-02,-0.0010926885158328388
 4.3246E-02,-0.00024305705559913996
 4.3262E-02,0.0011385332457798968
 4.3277E-02,0.002989746077743293
 4.3293E-02,0.005228182990873728
 4.3309E-02,0.0077554138955724435
 4.3325E-02,0.010461415091772317
 4.3341E-02,0.013229187833372045
 4.3357E-02,0.015939428811406427
 4.3373E-02,0.018475201761107903
 4.3389E-02,0.02072658701966119
 4.3404E-02,0.02259525395978504
 4.3420E-02,0.02399882313703796
 4.3436E-02,0.024874791976171647
 4.3452E-02,0.02518372887354627
 4.3468E-02,0.024911428813644502
 4.3484E-02,0.024069783855070727
 4.3500E-02,0.02269624521430112
 4.3516E-02,0.020851910844702618
 4.3531E-02,0.018618423566413824
 4.3547E-02,0.016093972128566288
 4.3563E-02,0.013388727257273624
 4.3579E-02,0.010620014984788451
 4.3595E-02,0.0079074507275239
 4.3611E-02,0.0053681640053301624
 4.3627E-02,0.0031121715736124175
 4.3643E-02,0.0012379324824506508
 4.3658E-02,-0.0001718500317188722
 4.3674E-02,-0.0010540419018666325
 4.3690E-02,-0.001368285336440581
 4.3706E-02,-0.001099320950530965
 4.3722E-02,-0.00025814539938231096
 4.3738E-02,0.0011182059611475601
 4.3754E-02,0.002968331127367909
 4.3769E-02,0.005209503859359308
 4.3785E-02,0.007741844574963444
 4.3801E-02,0.010453265336771402
 4.3817E-02,0.013224792137028606
 4.3833E-02,0.01593590027803357
 4.3849E-02,0.01846958950329662
 4.3865E-02,0.020717041140205755
 4.3881E-02,0.02258180073469114
 4.3896E-02,0.023983485165819524
 4.3912E-02,0.024861009623395307
 4.3928E-02,0.02517527560619292
 4.3944E-02,0.024911183787054165
 4.3960E-02,0.024078772499157096
 4.3976E-02,0.022713267545324118
 4.3992E-02,0.02087387979248731
 4.4008E-02,0.01864129872228856
 4.4023E-02,0.016113977265421756
 4.4039E-02,0.013403448432261468
 4.4055E-02,0.010629019899558795
 4.4071E-02,0.007912233111224997
 4.4087E-02,0.005371443375916119
 4.4103E-02,0.003116793253689407
 4.4119E-02,0.0012457443738581437
 4.4134E-02,-0.00016076211430046086
 4.4150E-02,-0.0010415008427395638
 4.4166E-02,-0.0013574999252012362
 4.4182E-02,-0.0010938662600771597
 4.4198E-02,-0.00026078445550737283
 4.4214E-02,0.0011064682101731452
 4.4230E-02,0.0029486475788003605
 4.4246E-02,0.005184905864368134
 4.4261E-02,0.00771637464949468
 4.4277E-02,0.010430805934003713
 4.4293E-02,0.013207972791891879
 4.4309E-02,0.015925437591928583
 4.4325E-02,0.018464269274989613
 4.4341E-02,0.020714337321998382
 4.4357E-02,0.022578913535899782
 4.4373E-02,0.023978441570377915
 4.4388E-02,0.02485345016500509
 4.4404E-02,0.02516665816598572
 4.4420E-02,0.024904333154098034
 4.4436E-02,0.02407692691224046
 4.4452E-02,0.02271894460013009
 4.4468E-02,0.020887945596439018
 4.4484E-02,0.01866255586248205
 4.4499E-02,0.01613941312379564
 4.4515E-02,0.013429064663467303
 4.4531E-02,0.010650970748263263
 4.4547E-02,0.007927899553863978
 4.4563E-02,0.005380094754660059
 4.4579E-02,0.0031196280595167394
 4.4595E-02,0.0012453091014561915
 4.4611E-02,-0.00016157150261873385
 4.4626E-02,-0.001040514119523263
 4.4642E-02,-0.0013540619307667928
 4.4658E-02,-0.0010890770572881774
 4.4674E-02,-0.00025711311402646503
 4.4690E-02,0.0011060629606280945
 4.4706E-02,0.0029417914827856223
 4.4722E-02,0.005170714623631185
 4.4738E-02,0.00769588420143597
 4.4753E-02,0.010406780466786829
 4.4769E-02,0.013184151085356515
 4.4785E-02,0.015905464449368013
 4.4801E-02,0.01845066232874331
 4.4817E-02,0.020707826485895614
 4.4833E-02,0.022578365182358
 4.4849E-02,0.0239813841802767
 4.4864E-02,0.024857018367690904
 4.4880E-02,0.02516863417896704
 4.4896E-02,0.024903933932697065
 4.4912E-02,0.024075071954885844
 4.4928E-02,0.022717914958335948
 4.4944E-02,0.0208905505695221
 4.4960E-02,0.01867109031301212
 4.4976E-02,0.01615475898168039
 4.4991E-02,0.013450241809963518
 4.5007E-02,0.010675291932576207
 4.5023E-02,0.007951681928433641
 4.5039E-02,0.005399695143870344
 4.5055E-02,0.003132462828132419
 4.5071E-02,0.0012505273556840295
 4.5087E-02,-0.00016297503386120062
 4.5103E-02,-0.0010461731572556751
 4.5118E-02,-0.0013611319780356612
 4.5134E-02,-0.0010952428932377671
 4.5150E-02,-0.0002613705064005461
 4.5166E-02,0.0011031124616543448
 4.5182E-02,0.002938228492155821
 4.5198E-02,0.005164071714595705
 4.5214E-02,0.007684133455256801
 4.5229E-02,0.010389199873888914
 4.5245E-02,0.01316177065241061
 4.5261E-02,0.01588093392612848
 4.5277E-02,0.01842757653827882
 4.5293E-02,0.020689725901948796
 4.5309E-02,0.022567738062454865
 4.5325E-02,0.02397899579040686
 4.5341E-02,0.02486178296013036
 4.5356E-02,0.025178064184589757
 4.5372E-02,0.024915009998687482
 4.5388E-02,0.024085240527086518
 4.5404E-02,0.022725881451784048
 4.5420E-02,0.020896607804537167
 4.5436E-02,0.018676879886714765
 4.5452E-02,0.0161625545785464
 4.5468E-02,0.013462003599833915
 4.5483E-02,0.01069181689475548
 4.5499E-02,0.00797214185862375
 4.5515E-02,0.0054217236181354714
 4.5531E-02,0.0031527679016720503
 4.5547E-02,0.0012658303636953415
 4.5563E-02,-0.00015498292470742447
 4.5579E-02,-0.0010461702482855615
 4.5595E-02,-0.0013680161803314996
 4.5610E-02,-0.0011065386265063672
 4.5626E-02,-0.00027405454955348456
 4.5642E-02,0.0010916414395496336
 4.5658E-02,0.0029293574864997255
 4.5674E-02,0.005157617963764176
 4.5690E-02,0.007678539783964079
 4.5706E-02,0.010382210762362563
 4.5721E-02,0.013151357604137897
 4.5737E-02,0.015866154021038165
 4.5753E-02,0.01840906970194566
 4.5769E-02,0.020669677452736124
 4.5785E-02,0.022549312654869962
 4.5801E-02,0.02396542679892666
 4.5817E-02,0.02485541771574742
 4.5833E-02,0.025179680293077253
 4.5848E-02,0.024923625938514507
 4.5864E-02,0.0240984770744817
 4.5880E-02,0.022740746896717803
 4.5896E-02,0.02091044116594824
 4.5912E-02,0.018688137640696455
 4.5928E-02,0.016171183010564544
 4.5944E-02,0.013469281162573246
 4.5960E-02,0.010699730234133056
 4.5975E-02,0.00798251489653558
 4.5991E-02,0.005435400227216706
 4.6007E-02,0.0031691296446726483
 4.6023E-02,0.0012828180805410062
 4.6039E-02,-0.00014034398853192864
 4.6055E-02,-0.0010369107754097586
 4.6071E-02,-0.0013663091423274933
 4.6086E-02,-0.0011130301786687914
 4.6102E-02,-0.00028765746409682334
 4.6118E-02,0.001073425823661951
 4.6134E-02,0.0029096961507321974
 4.6150E-02,0.00513942598990793
 4.6166E-02,0.007663681873988683
 4.6182E-02,0.010371079699973237
 4.6198E-02,0.013142958503746728
 4.6213E-02,0.015858655204897182
 4.6229E-02,0.018400625974702635
 4.6245E-02,0.020659241184067388
 4.6261E-02,0.022537153106126195
 4.6277E-02,0.0239531768207985
 4.6293E-02,0.024845626531425583
 4.6309E-02,0.025175018853368345
 4.6325E-02,0.024926010873380887
 4.6340E-02,0.024108408885254996
 4.6356E-02,0.022757086612131577
 4.6372E-02,0.020930702070303207
 4.6388E-02,0.018709196148059038
 4.6404E-02,0.016190173650557176
 4.6420E-02,0.01348438110762595
 4.6436E-02,0.010710578538827287
 4.6451E-02,0.007990136590513078
 4.6467E-02,0.005441672011934075
 4.6483E-02,0.0031759756050910946
 4.6499E-02,0.0012914111617316072
 4.6515E-02,-0.0001301034779446176
 4.6531E-02,-0.0010264629314592237
 4.6547E-02,-0.0013580250476280414
 4.6563E-02,-0.0011094620092629128
 4.6578E-02,-0.00029069813969655536
 4.6594E-02,0.0010631938394760191
 4.6610E-02,0.0028932465028878055
 4.6626E-02,0.005119047466154996
 4.6642E-02,0.007642331910061022
 4.6658E-02,0.010351546918563806
 4.6674E-02,0.01312710893038238
 4.6690E-02,0.015847005443454954
 4.6705E-02,0.018392375756075035
 4.6721E-02,0.02065274393584727
 4.6737E-02,0.022530657362897364
 4.6753E-02,0.023945582156513677
 4.6769E-02,0.024836994441085575
 4.6785E-02,0.025166661723410776
 4.6801E-02,0.024920123457812637
 4.6816E-02,0.0241073608248361
 4.6832E-02,0.022762610584053444
 4.6848E-02,0.020943250008134948
 4.6864E-02,0.018727681645310523
 4.6880E-02,0.016212190725917792
 4.6896E-02,0.01350683156853517
 4.6912E-02,0.010730504929244222
 4.6928E-02,0.008005490451339163
 4.6943E-02,0.005451771117482901
 4.6959E-02,0.0031815104411536616
 4.6975E-02,0.0012940125189629453
 4.6991E-02,-0.00012857893492779042
 4.7007E-02,-0.0010246811191301883
 4.7023E-02,-0.0013557007721936981
 4.7039E-02,-0.0011074844719505378
 4.7055E-02,-0.00029081425793185775
 4.7070E-02,0.0010590293223488052
 4.7086E-02,0.002883631981881225
 4.7102E-02,0.0051037452108845605
 4.7118E-02,0.007622515533813901
 4.7134E-02,0.010329593789398963
 4.7150E-02,0.013105999320087307
 4.7166E-02,0.015829522655189263
 4.7182E-02,0.018380367589769363
 4.7197E-02,0.020646684506325636
 4.7213E-02,0.02252964729936785
 4.7229E-02,0.023947778544385623
 4.7245E-02,0.02484031946484928
 4.7261E-02,0.02516954918452665
 4.7277E-02,0.02492205401914382
 4.7293E-02,0.024109010429713987
 4.7308E-02,0.022765566576550236
 4.7324E-02,0.02094939385032519
 4.7340E-02,0.018738448612826777
 4.7356E-02,0.01622795794531664
 4.7372E-02,0.013526642482423044
 4.7388E-02,0.010752226106491434
 4.7404E-02,0.008026353077172383
 4.7420E-02,0.005469121411174169
 4.7435E-02,0.0031935235211137383
 4.7451E-02,0.001300137294148697
 4.7467E-02,-0.00012758503774014753
 4.7483E-02,-0.0010271315377647096
 4.7499E-02,-0.00135964032393915
 4.7515E-02,-0.0011114058834490524
 4.7531E-02,-0.0002941882482525891
 4.7547E-02,0.0010555891914815455
 4.7562E-02,0.00287862525241766
 4.7578E-02,0.005095375865688265
 4.7594E-02,0.007609420530649672
 4.7610E-02,0.010311461921305337
 4.7626E-02,0.013083866288995749
 4.7642E-02,0.01580563418456131
 4.7658E-02,0.018357646608257127
 4.7673E-02,0.020627971298327646
 4.7689E-02,0.022516957957844867
 4.7705E-02,0.023941821338125866
 4.7721E-02,0.024840421939122746
 4.7737E-02,0.025174009924772586
 4.7753E-02,0.024928790532645257
 4.7769E-02,0.024116278434444575
 4.7785E-02,0.02277250780751965
 4.7800E-02,0.020956232648205984
 4.7816E-02,0.018746279156703356
 4.7832E-02,0.016238203442090572
 4.7848E-02,0.013540378264031067
 4.7864E-02,0.010769603225905054
 4.7880E-02,0.008046324076197
 4.7896E-02,0.00548956890636032
 4.7912E-02,0.003211758466572604
 4.7927E-02,0.001313610284670268
 4.7943E-02,-0.00012058812105543155
 4.7959E-02,-0.0010270338634344846
 4.7975E-02,-0.0013655037993817536
 4.7991E-02,-0.0011212656377863539
 4.8000E-02,-0.0007193894234012413
