  0.000,0.0
  1.000,0.010595607223304163
  0.000,0.010595607223304163
 1.8520E-05,0.011094469844851363
 3.7040E-05,0.012534248342929336
 5.5560E-05,0.014792059529901362
 7.4080E-05,0.018081393439108404
 9.2600E-05,0.021436955606057233
 1.1112E-04,0.02378016308001178
 1.2964E-04,0.024670186190492962
 1.4816E-04,0.024004680496490665
 1.6668E-04,0.021845680926578723
 1.8520E-04,0.018969645885963386
 2.0372E-04,0.016506792979489607
 2.2224E-04,0.014824777466302837
 2.4076E-04,0.013801689616106182
 2.5928E-04,0.013290034127950219
 2.7780E-04,0.012630693777992585
 2.9632E-04,0.010951611628059838
 3.1484E-04,0.008141151896876564
 3.3336E-04,0.004705101597871044
 3.5188E-04,0.0011721755985975462
 3.7040E-04,-0.001679552455922165
 3.8892E-04,-0.0029627520561641635
 4.0744E-04,-0.0025436991826247256
 4.2596E-04,-0.0009698340146033536
 4.4448E-04,0.0011777717025973431
 4.6300E-04,0.0032336998701319973
 4.8152E-04,0.004540540422837128
 5.0004E-04,0.005079925188880599
 5.1856E-04,0.005455453922775679
 5.3708E-04,0.00627025610173918
 5.5560E-04,0.007973729210497705
 5.7412E-04,0.010847415291792433
 5.9264E-04,0.014604366460862214
 6.1116E-04,0.018387376982761924
 6.2968E-04,0.021356599397019515
 6.4820E-04,0.023005239048764965
 6.6672E-04,0.023125421071310017
 6.8524E-04,0.021985661088519903
 7.0376E-04,0.020372003058005527
 7.2228E-04,0.019024606889580506
 7.4080E-04,0.01824041831301338
 7.5932E-04,0.01799901874451294
 7.7784E-04,0.017921101942958925
 7.9636E-04,0.017268734736397805
 8.1488E-04,0.015474442030931224
 8.3340E-04,0.012509175387792833
 8.5192E-04,0.00873324114813456
 8.7044E-04,0.004804546942045578
 8.8896E-04,0.0015891039697031577
 9.0748E-04,-0.00028565545950939896
 9.2600E-04,-0.000759001560227439
 9.4452E-04,-0.00019673615865657842
 9.6304E-04,0.0008153513353398028
 9.8156E-04,0.0016224939968349321
 1.0001E-03,0.0018317849217999605
 1.0186E-03,0.0015838643876421926
 1.0371E-03,0.001404359157830973
 1.0556E-03,0.0018892960705560536
 1.0742E-03,0.003522695178614255
 1.0927E-03,0.006445144964377286
 1.1112E-03,0.010250458340420996
 1.1297E-03,0.014171493961861646
 1.1482E-03,0.017457274305841826
 1.1668E-03,0.019580232768035784
 1.1853E-03,0.020395568972237803
 1.2038E-03,0.02026095632802455
 1.2223E-03,0.019828303881196253
 1.2408E-03,0.019652112244563
 1.2594E-03,0.019985254808742157
 1.2779E-03,0.0207044866833201
 1.2964E-03,0.021293441580440407
 1.3149E-03,0.021078049330534816
 1.3334E-03,0.019609405791038773
 1.3520E-03,0.01685419106642893
 1.3705E-03,0.013190628617231963
 1.3890E-03,0.009325259203992266
 1.4075E-03,0.0060380544341838965
 1.4260E-03,0.003825659038948065
 1.4446E-03,0.0027347873320004105
 1.4631E-03,0.0024298063922352396
 1.4816E-03,0.002349494266807369
 1.5001E-03,0.0019566170529781196
 1.5186E-03,0.0010384213724347223
 1.5372E-03,-0.00017608488094853782
 1.5557E-03,-0.001153436027824382
 1.5742E-03,-0.0012799710614456144
 1.5927E-03,-0.00010555215717365676
 1.6112E-03,0.0024135428710063984
 1.6298E-03,0.005854647858282368
 1.6483E-03,0.009522801117928898
 1.6668E-03,0.01271969125104184
 1.6853E-03,0.014977906257026745
 1.7038E-03,0.01624325907563831
 1.7224E-03,0.01687656315724748
 1.7409E-03,0.01742528723860198
 1.7594E-03,0.0183402804146954
 1.7779E-03,0.019774928882027466
 1.7964E-03,0.02148641082935307
 1.8150E-03,0.02290694291050969
 1.8335E-03,0.023404782103070825
 1.8520E-03,0.022574225280224295
 1.8705E-03,0.020400605789363282
 1.8890E-03,0.01728094286430205
 1.9076E-03,0.01389095442726192
 1.9261E-03,0.01090734336084087
 1.9446E-03,0.008731370789635822
 1.9631E-03,0.007369497565620778
 1.9816E-03,0.006480292308198293
 2.0002E-03,0.005549976035424952
 2.0187E-03,0.00416201409516514
 2.0372E-03,0.0022306525447849355
 2.0557E-03,5.66871971290836e-05
 2.0742E-03,-0.0017916363649357002
 2.0928E-03,-0.0026988699550545515
 2.1113E-03,-0.002263323658769736
 2.1298E-03,-0.0004859041076418552
 2.1483E-03,0.0022295405341710944
 2.1668E-03,0.005248300506606334
 2.1854E-03,0.007950241123845101
 2.2039E-03,0.00996746622373272
 2.2224E-03,0.011320110088805293
 2.2409E-03,0.012364301331448134
 2.2594E-03,0.013582947078320086
 2.2780E-03,0.015337443000806087
 2.2965E-03,0.017675704188371832
 2.3150E-03,0.02026844290385722
 2.3335E-03,0.022524008155864167
 2.3520E-03,0.023834614014152815
 2.3706E-03,0.02382484902962176
 2.3891E-03,0.022500927683134345
 2.4076E-03,0.020251703079588443
 2.4261E-03,0.01768703917418284
 2.4446E-03,0.015377634711700797
 2.4632E-03,0.013628834810339618
 2.4817E-03,0.012385297407076183
 2.5002E-03,0.01128996589810694
 2.5187E-03,0.009878174402095785
 2.5372E-03,0.007829390304448035
 2.5558E-03,0.005149762600800513
 2.5743E-03,0.0022010799425518095
 2.5928E-03,-0.0004230885501839859
 2.6113E-03,-0.002124573867095513
 2.6298E-03,-0.00254263578650214
 2.6484E-03,-0.0016963032641126898
 2.6669E-03,3.908501180569781e-05
 2.6854E-03,0.0020983831160928047
 2.7039E-03,0.0039630507363889065
 2.7224E-03,0.005373752953256948
 2.7410E-03,0.006421296901158799
 2.7595E-03,0.007470724760852586
 2.7780E-03,0.008962215888242416
 2.7965E-03,0.011181093702799797
 2.8150E-03,0.014091188784326032
 2.8336E-03,0.017308182890488598
 2.8521E-03,0.020233139037297294
 2.8706E-03,0.022283239468217128
 2.8891E-03,0.023115102562967744
 2.9076E-03,0.022750525817910698
 2.9262E-03,0.021550917304928894
 2.9447E-03,0.020046457411803886
 2.9632E-03,0.018699704632934307
 2.9817E-03,0.017713072831981955
 3.0002E-03,0.016959089115235738
 3.0188E-03,0.016060701796128177
 3.0373E-03,0.014589997207031044
 3.0558E-03,0.012294741787882691
 3.0743E-03,0.009246505092261052
 3.0928E-03,0.005847137519914708
 3.1114E-03,0.00269274093431785
 3.1299E-03,0.00034998447881787013
 3.1484E-03,-0.0008584526042142884
 3.1669E-03,-0.0009626613439452213
 3.1854E-03,-0.0003045969337513862
 3.2040E-03,0.0006294240711141576
 3.2225E-03,0.0014309634474128099
 3.2410E-03,0.001949712792968638
 3.2595E-03,0.002349231889547086
 3.2780E-03,0.0030150145464452054
 3.2966E-03,0.004359998782853269
 3.3151E-03,0.006612810611383961
 3.3336E-03,0.009681133525294454
 3.3521E-03,0.013154092662498142
 3.3706E-03,0.016444332651231942
 3.3892E-03,0.019005851018863183
 3.4077E-03,0.020534067873920328
 3.4262E-03,0.02106380250121587
 3.4447E-03,0.020921970247626695
 3.4632E-03,0.020556840526441723
 3.4818E-03,0.020323209258227816
 3.5003E-03,0.020319058176747323
 3.5188E-03,0.020343652105108804
 3.5373E-03,0.019995895069328647
 3.5558E-03,0.01886981657834597
 3.5744E-03,0.016758115464388306
 3.5929E-03,0.01377244219447617
 3.6114E-03,0.010328285187167803
 3.6299E-03,0.007000108064359428
 3.6484E-03,0.004308433364090085
 3.6670E-03,0.0025323073150644933
 3.6855E-03,0.0016282228744023883
 3.7040E-03,0.0012871286009680568
 3.7225E-03,0.0011019654304485916
 3.7410E-03,0.0007715385374871655
 3.7596E-03,0.00024933646569493754
 3.7781E-03,-0.00022946828857990702
 3.7966E-03,-0.0002533429129753115
 3.8151E-03,0.0005754397251255715
 3.8336E-03,0.0024490557369774187
 3.8522E-03,0.005245861464779078
 3.8707E-03,0.008554670854354893
 3.8892E-03,0.011821074247969056
 3.9077E-03,0.014552112250855311
 3.9262E-03,0.01649165513960982
 3.9448E-03,0.01769117887841755
 3.9633E-03,0.018446061295186698
 3.9818E-03,0.019128165351989423
 4.0003E-03,0.019991252473236912
 4.0188E-03,0.0210358234623516
 4.0374E-03,0.021993346203755162
 4.0559E-03,0.022437635002280642
 4.0744E-03,0.021973972963739857
 4.0929E-03,0.020421561927344026
 4.1114E-03,0.017908793217155283
 4.1300E-03,0.014839455000943434
 4.1485E-03,0.011744070787554973
 4.1670E-03,0.0090813089181331
 4.1855E-03,0.007076241175914266
 4.2040E-03,0.005664332745363043
 4.2226E-03,0.004562705242517616
 4.2411E-03,0.0034350919620887554
 4.2596E-03,0.0020759688349802664
 4.2781E-03,0.0005307837751374895
 4.2966E-03,-0.0009015056983679474
 4.3152E-03,-0.001784540810374971
 4.3337E-03,-0.0017284752409187012
 4.3522E-03,-0.0005612198684050702
 4.3707E-03,0.0015883333268330781
 4.3892E-03,0.004331553776723844
 4.4078E-03,0.007167477148873568
 4.4263E-03,0.009672443525460282
 4.4448E-03,0.011650104768234694
 4.4633E-03,0.013177238042088722
 4.4818E-03,0.014527181230046747
 4.5004E-03,0.016007289191725397
 4.5189E-03,0.017784226482349882
 4.5374E-03,0.0197755118066441
 4.5559E-03,0.021656417375718797
 4.5744E-03,0.02298018883231923
 4.5930E-03,0.023358964833972692
 4.6115E-03,0.022625967433964164
 4.6300E-03,0.020908026855629203
 4.6485E-03,0.01857683576424019
 4.6670E-03,0.01610064349975143
 4.6856E-03,0.01386190234171577
 4.7041E-03,0.012020476737335981
 4.7226E-03,0.010480710037853926
 4.7411E-03,0.008974501595674896
 4.7596E-03,0.007221558288546004
 4.7782E-03,0.00509399126480748
 4.7967E-03,0.002710904885345363
 4.8152E-03,0.0004202489303349131
 4.8337E-03,-0.0013247942345128983
 4.8522E-03,-0.0021413014213970513
 4.8708E-03,-0.0018676596089157766
 4.8893E-03,-0.0006247649285447846
 4.9078E-03,0.0012384262331143416
 4.9263E-03,0.0032904419094131423
 4.9448E-03,0.005190167675002258
 4.9634E-03,0.006811767060387596
 4.9819E-03,0.008267878463340097
 5.0004E-03,0.00982273497932976
 5.0189E-03,0.011735643851047816
 5.0374E-03,0.014105682868158116
 5.0560E-03,0.016787665711598815
 5.0745E-03,0.019417909812786675
 5.0930E-03,0.021539734873921867
 5.1115E-03,0.022774503012287266
 5.1300E-03,0.022963961215990477
 5.1486E-03,0.022222255994706123
 5.1671E-03,0.020875730675019907
 5.1856E-03,0.019318076163651655
 5.2041E-03,0.01784534468741631
 5.2226E-03,0.016543259568352436
 5.2412E-03,0.015275275502322678
 5.2597E-03,0.013774960418078443
 5.2782E-03,0.011800067321944548
 5.2967E-03,0.00927846093482092
 5.3152E-03,0.006379979049495898
 5.3338E-03,0.003481359377014096
 5.3523E-03,0.0010386353998854576
 5.3708E-03,-0.0005779576623659674
 5.3893E-03,-0.001215349937547901
 5.4078E-03,-0.0009792787384959075
 5.4264E-03,-0.0001696819552729522
 5.4449E-03,0.0008604783659428435
 5.4634E-03,0.0018602973700506213
 5.4819E-03,0.002781733896880614
 5.5004E-03,0.003782477298292771
 5.5190E-03,0.005130903565897441
 5.5375E-03,0.007056500730508704
 5.5560E-03,0.00961309929321546
 5.5745E-03,0.01261652232970281
 5.5930E-03,0.015685481175463995
 5.6116E-03,0.018369118775199696
 5.6301E-03,0.020306540687163862
 5.6486E-03,0.021349642214249186
 5.6671E-03,0.021596715490455925
 5.6856E-03,0.02132369456765357
 5.7042E-03,0.020844978476315734
 5.7227E-03,0.020366365901604396
 5.7412E-03,0.019895306846230545
 5.7597E-03,0.01924763873173965
 5.7782E-03,0.018146903856698624
 5.7968E-03,0.016371208965406114
 5.8153E-03,0.013881543658845195
 5.8338E-03,0.01087378345855359
 5.8523E-03,0.007730427160547178
 5.8708E-03,0.004892336073754061
 5.8894E-03,0.002705724738068848
 5.9079E-03,0.0013100213272031003
 5.9264E-03,0.0006137449640238786
 5.9449E-03,0.0003667628313164576
 5.9634E-03,0.0002952778757586144
 5.9820E-03,0.00023888080993032156
 6.0005E-03,0.00022872851560495715
 6.0190E-03,0.0004724740609148595
 6.0375E-03,0.0012531322701718507
 6.0560E-03,0.002787181981083444
 6.0746E-03,0.005105171067436895
 6.0931E-03,0.008008194395599548
 6.1116E-03,0.011120362375396398
 6.1301E-03,0.014015407671974674
 6.1486E-03,0.01636322741079863
 6.1672E-03,0.018033568090046876
 6.1857E-03,0.01911308563095776
 6.2042E-03,0.019830325516265356
 6.2227E-03,0.020423714231029653
 6.2412E-03,0.021012386911313786
 6.2598E-03,0.021527796097408305
 6.2783E-03,0.02173662767969542
 6.2968E-03,0.021344811279282328
 6.3153E-03,0.02013633230269489
 6.3338E-03,0.018085046936899933
 6.3524E-03,0.015389591496645975
 6.3709E-03,0.012415421735865056
 6.3894E-03,0.009568852486941698
 6.4079E-03,0.00715751797362499
 6.4264E-03,0.005296995338342042
 6.4450E-03,0.003902441176009969
 6.4635E-03,0.0027664912657229665
 6.4820E-03,0.0016869225591037234
 6.5005E-03,0.0005861261667889194
 6.5190E-03,-0.0004313887018995337
 6.5376E-03,-0.0011093884953862739
 6.5561E-03,-0.001145019902636888
 6.5746E-03,-0.0003223784559850339
 6.5931E-03,0.0013842393728014377
 6.6116E-03,0.003782894162566286
 6.6302E-03,0.006524774893022014
 6.6487E-03,0.009227214050966218
 6.6672E-03,0.011606028514045299
 6.6857E-03,0.013560516622963726
 6.7042E-03,0.015175590895421674
 6.7228E-03,0.016642259276524903
 6.7413E-03,0.018133667268573104
 6.7598E-03,0.01969323320061871
 6.7783E-03,0.02118563879164862
 6.7968E-03,0.022333291618546133
 6.8154E-03,0.022822842624753367
 6.8339E-03,0.022435184073832708
 6.8524E-03,0.021141812069161194
 6.8709E-03,0.01912517954403884
 6.8894E-03,0.016714123986048202
 6.9080E-03,0.0142626829658386
 6.9265E-03,0.012025044416059321
 6.9450E-03,0.010080354776231655
 6.9635E-03,0.008338512738608429
 6.9820E-03,0.006622105910710052
 7.0006E-03,0.004786161288892472
 7.0191E-03,0.002821018265363984
 7.0376E-03,0.000891490633311237
 7.0561E-03,-0.0007060255698757868
 7.0746E-03,-0.0016504241054355194
 7.0932E-03,-0.001720442608439704
 7.1117E-03,-0.0008828874392588438
 7.1302E-03,0.0006935389076772885
 7.1487E-03,0.0027044573848538783
 7.1672E-03,0.004827034355479846
 7.1858E-03,0.0068372771688968315
 7.2043E-03,0.008676938668022709
 7.2228E-03,0.010442180639435883
 7.2413E-03,0.012300918957706661
 7.2598E-03,0.014377292498932194
 7.2784E-03,0.0166560561600036
 7.2969E-03,0.01895067785099902
 7.3154E-03,0.020950620204742046
 7.3339E-03,0.022328209226243755
 7.3524E-03,0.022859061206229027
 7.3710E-03,0.0225039145373057
 7.3895E-03,0.021416634257859682
 7.4080E-03,0.019875610501317875
 7.4265E-03,0.01816927610932877
 7.4450E-03,0.016486137552231363
 7.4636E-03,0.014856988117399099
 7.4821E-03,0.013173316165919043
 7.5006E-03,0.011271950476089518
 7.5191E-03,0.009046692711014041
 7.5376E-03,0.006535913407358041
 7.5562E-03,0.003945932000061873
 7.5747E-03,0.0015985568489881139
 7.5932E-03,-0.00017531378552430909
 7.6117E-03,-0.0011504719697773933
 7.6302E-03,-0.00128149784619524
 7.6488E-03,-0.0007050411681350999
 7.6673E-03,0.0003295269072647282
 7.6858E-03,0.0015699118720022796
 7.7043E-03,0.0028627691095066106
 7.7228E-03,0.0042033455798459966
 7.7414E-03,0.005712086590141572
 7.7599E-03,0.007549938146600569
 7.7784E-03,0.009811247864406052
 7.7969E-03,0.012443034709233311
 7.8154E-03,0.015227731423458641
 7.8340E-03,0.017838532806628025
 7.8525E-03,0.019944511399389287
 7.8710E-03,0.021320716959219856
 7.8895E-03,0.021916234197304506
 7.9080E-03,0.021851664782842416
 7.9266E-03,0.021348527790594794
 7.9451E-03,0.020622817935892296
 7.9636E-03,0.01979023249503004
 7.9821E-03,0.018824748814117928
 8.0006E-03,0.01758808205055642
 8.0192E-03,0.01591586769805495
 8.0377E-03,0.01372118736282048
 8.0562E-03,0.011068374364955044
 8.0747E-03,0.00818322205379895
 8.0932E-03,0.005393838034800509
 8.1118E-03,0.00302689170037507
 8.1303E-03,0.0013033956413310377
 8.1488E-03,0.00027804987981996433
 8.1673E-03,-0.00015313662105703897
 8.1858E-03,-0.00018210306118289252
 8.2044E-03,1.2639733736195038e-05
 8.2229E-03,0.00035262276433069273
 8.2414E-03,0.000892958263537924
 8.2599E-03,0.0017883850913145206
 8.2784E-03,0.003207504180970301
 8.2970E-03,0.005233909214986929
 8.3155E-03,0.00779878045832102
 8.3340E-03,0.010675759841762418
 8.3525E-03,0.013541681941639294
 8.3710E-03,0.01607794224382176
 8.3896E-03,0.018069543040381643
 8.4081E-03,0.019459978624959694
 8.4266E-03,0.020339642211504267
 8.4451E-03,0.02087471416009049
 8.4636E-03,0.02120951367804735
 8.4822E-03,0.021386550090269775
 8.5007E-03,0.021320129812362334
 8.5192E-03,0.020835212015676556
 8.5377E-03,0.01975401076705766
 8.5562E-03,0.0179915067372596
 8.5748E-03,0.015616955511379857
 8.5933E-03,0.012853421298058696
 8.6118E-03,0.010014626326256998
 8.6303E-03,0.007405825001648608
 8.6488E-03,0.005230865367262196
 8.6674E-03,0.0035444300141834633
 8.6859E-03,0.002268286137720171
 8.7044E-03,0.0012622326352397014
 8.7229E-03,0.00041666618317075883
 8.7414E-03,-0.00027535767949918093
 8.7600E-03,-0.0006991451057165635
 8.7785E-03,-0.0006611989898521312
 8.7970E-03,2.4955780536033275e-05
 8.8155E-03,0.0014478982384211188
 8.8340E-03,0.0035426821280885963
 8.8526E-03,0.006095433167659682
 8.8711E-03,0.008806966173523915
 8.8896E-03,0.011388605480865267
 8.9081E-03,0.013649541018571002
 8.9266E-03,0.015539036126799126
 8.9452E-03,0.017126878632865484
 8.9637E-03,0.018532751182032382
 8.9822E-03,0.019837592809107393
 9.0007E-03,0.021017647846025982
 9.0192E-03,0.02193147565350907
 9.0378E-03,0.02236642937560563
 9.0563E-03,0.022124537179538606
 9.0748E-03,0.021110064921727175
 9.0933E-03,0.01938009850363301
 9.1118E-03,0.01713565329781521
 9.1304E-03,0.01465687193419317
 9.1489E-03,0.012210197034721672
 9.1674E-03,0.009967255290047735
 9.1859E-03,0.007969483660490564
 9.2044E-03,0.006151990910752311
 9.2230E-03,0.0044139463837548935
 9.2415E-03,0.002702446058703815
 9.2600E-03,0.001071191794806347
 9.2785E-03,-0.00031319606127877954
 9.2970E-03,-0.001220993137728481
 9.3156E-03,-0.0014441207465871588
 9.3341E-03,-0.0008791431157192023
 9.3526E-03,0.0004275079461650192
 9.3711E-03,0.0022917063500097583
 9.3896E-03,0.004455962949687145
 9.4082E-03,0.006678199966270743
 9.4267E-03,0.008806957878136071
 9.4452E-03,0.010811394599526916
 9.4637E-03,0.01275465645898752
 9.4822E-03,0.014724324992184314
 9.5008E-03,0.016752558377202555
 9.5193E-03,0.018762930489422645
 9.5378E-03,0.02056896824777434
 9.5563E-03,0.02192635779454699
 9.5748E-03,0.02261690200076144
 9.5934E-03,0.022528098310386543
 9.6119E-03,0.021693951026786184
 9.6304E-03,0.020279560315959278
 9.6489E-03,0.01851659848101886
 9.6674E-03,0.01661805573733862
 9.6860E-03,0.01470922357915419
 9.7045E-03,0.012804127334478912
 9.7230E-03,0.010836117253703625
 9.7415E-03,0.00872721920921669
 9.7600E-03,0.006463752648612582
 9.7786E-03,0.0041431130269331444
 9.7971E-03,0.0019695493463291903
 9.8156E-03,0.00019943836463412663
 9.8341E-03,-0.0009411076633899262
 9.8526E-03,-0.0013312866613537037
 9.8712E-03,-0.0009915068973659796
 9.8897E-03,-6.538563796881704e-05
 9.9082E-03,0.0012435792528663167
 9.9267E-03,0.002752660422226778
 9.9452E-03,0.004362784977182578
 9.9638E-03,0.006076874926968108
 9.9823E-03,0.007966884294180347
 1.0001E-02,0.010105637682169712
 1.0019E-02,0.01249519541858253
 1.0038E-02,0.015025001016763188
 1.0056E-02,0.017479901697336236
 1.0075E-02,0.019596108207156265
 1.0093E-02,0.021141968198076438
 1.0112E-02,0.021989395322897894
 1.0130E-02,0.022145803231306136
 1.0149E-02,0.02173367329284986
 1.0167E-02,0.02092775635933272
 1.0186E-02,0.019878207832335352
 1.0205E-02,0.018653613926827354
 1.0223E-02,0.017228500720187726
 1.0242E-02,0.01551979886516981
 1.0260E-02,0.01345482016393982
 1.0279E-02,0.01103925739202552
 1.0297E-02,0.008393697808795082
 1.0316E-02,0.005741079042327334
 1.0334E-02,0.0033491671911766918
 1.0353E-02,0.0014518811759693445
 1.0371E-02,0.00018245163508462826
 1.0390E-02,-0.0004539122060622316
 1.0408E-02,-0.0005574815508477111
 1.0427E-02,-0.00027286395782361104
 1.0445E-02,0.00028296065232130436
 1.0464E-02,0.001071417976653161
 1.0482E-02,0.0021397726008880987
 1.0501E-02,0.003582584341771079
 1.0519E-02,0.00547512169699213
 1.0538E-02,0.0078092145053054
 1.0556E-02,0.010461085596013563
 1.0575E-02,0.013206746729473416
 1.0593E-02,0.01577973451644713
 1.0612E-02,0.01794742524038505
 1.0630E-02,0.01957404170162088
 1.0649E-02,0.020644338363656502
 1.0668E-02,0.021239234061125527
 1.0686E-02,0.021475687849373863
 1.0705E-02,0.021438556892240345
 1.0723E-02,0.021135236751929732
 1.0742E-02,0.020493304786634806
 1.0760E-02,0.019401939449797977
 1.0779E-02,0.01777821173456846
 1.0797E-02,0.015628130948057255
 1.0816E-02,0.013074501425475048
 1.0834E-02,0.010338193465741144
 1.0853E-02,0.007679844666674497
 1.0871E-02,0.005326220344899206
 1.0890E-02,0.003411921679960842
 1.0908E-02,0.001960127294582695
 1.0927E-02,0.0009088139127441746
 1.0945E-02,0.00016906433731231243
 1.0964E-02,-0.00031168293151613157
 1.0982E-02,-0.000510296337633908
 1.1001E-02,-0.00033037548383871795
 1.1019E-02,0.00035451725283762025
 1.1038E-02,0.0016360540467714423
 1.1056E-02,0.003513731241507231
 1.1075E-02,0.00587077306684968
 1.1093E-02,0.00849486171411937
 1.1112E-02,0.011135767914343458
 1.1131E-02,0.013575991900720239
 1.1149E-02,0.01568501981286002
 1.1168E-02,0.017435172456521063
 1.1186E-02,0.018874016847978847
 1.1205E-02,0.020067400335697042
 1.1223E-02,0.021039902824232
 1.1242E-02,0.021740288351810685
 1.1260E-02,0.0220480976253347
 1.1279E-02,0.02181897641609851
 1.1297E-02,0.020948902033293554
 1.1316E-02,0.01942885563743763
 1.1334E-02,0.01736548717380962
 1.1353E-02,0.01495812662195649
 1.1371E-02,0.012441501683498134
 1.1390E-02,0.010018291459031077
 1.1408E-02,0.007809704796481656
 1.1427E-02,0.005843959343758828
 1.1445E-02,0.004085646348406592
 1.1464E-02,0.002490988968533554
 1.1482E-02,0.0010628204561332515
 1.1501E-02,-0.00012043071261078672
 1.1519E-02,-0.0009156463915789548
 1.1538E-02,-0.001161820720658908
 1.1556E-02,-0.0007427117426757569
 1.1575E-02,0.00036187990946162933
 1.1594E-02,0.00205865034658407
 1.1612E-02,0.00416503007066099
 1.1631E-02,0.00646504720083757
 1.1649E-02,0.00877323788174792
 1.1668E-02,0.010979853418164622
 1.1686E-02,0.013059146565399794
 1.1705E-02,0.01503898159294134
 1.1723E-02,0.01694712244078246
 1.1742E-02,0.018759753776455782
 1.1760E-02,0.020376609661749222
 1.1779E-02,0.0216350970718101
 1.1797E-02,0.022358335062749982
 1.1816E-02,0.02241680730218561
 1.1834E-02,0.021777072180545292
 1.1853E-02,0.0205164536255151
 1.1871E-02,0.01879740180326175
 1.1890E-02,0.01681269028334015
 1.1908E-02,0.014725054348169073
 1.1927E-02,0.012626828127381267
 1.1945E-02,0.01053585894864542
 1.1964E-02,0.008427671409295068
 1.1982E-02,0.0062877586783756535
 1.2001E-02,0.0041590669567807305
 1.2019E-02,0.00216203198654078
 1.2038E-02,0.00047683526139732316
 1.2057E-02,-0.0007056243221346915
 1.2075E-02,-0.0012436434863969691
 1.2094E-02,-0.0010902119844431934
 1.2112E-02,-0.00030496237144826157
 1.2131E-02,0.0009721051398819143
 1.2149E-02,0.0025734092600549667
 1.2168E-02,0.004360189530827155
 1.2186E-02,0.006258505028923304
 1.2205E-02,0.008260200571058458
 1.2223E-02,0.010389948767856889
 1.2242E-02,0.012654606862603699
 1.2260E-02,0.014998983190744625
 1.2279E-02,0.017289257425092446
 1.2297E-02,0.019333035368112938
 1.2316E-02,0.020928764931119396
 1.2334E-02,0.021924160325438154
 1.2353E-02,0.02225914842768936
 1.2371E-02,0.02197549457222047
 1.2390E-02,0.021189735685958208
 1.2408E-02,0.020041916234635877
 1.2427E-02,0.01864285854450222
 1.2445E-02,0.017042826924207003
 1.2464E-02,0.01523450488244371
 1.2482E-02,0.01318767634180008
 1.2501E-02,0.010898779437402138
 1.2520E-02,0.008431848896092671
 1.2538E-02,0.005931168312270137
 1.2557E-02,0.0035984712227761194
 1.2575E-02,0.0016431747658688148
 1.2594E-02,0.0002259849893710903
 1.2612E-02,-0.0005808914932488248
 1.2631E-02,-0.000800935036263473
 1.2649E-02,-0.0005260223802725663
 1.2668E-02,0.00013243367346946222
 1.2686E-02,0.001091994145313684
 1.2705E-02,0.002326087072088895
 1.2723E-02,0.0038579935902124467
 1.2742E-02,0.005725503451501305
 1.2760E-02,0.00793300823701109
 1.2779E-02,0.010413517674386134
 1.2797E-02,0.013018842964347011
 1.2816E-02,0.015543885157879123
 1.2834E-02,0.017776013715699694
 1.2853E-02,0.01954949050004485
 1.2871E-02,0.020782642787329837
 1.2890E-02,0.021483011706201673
 1.2908E-02,0.021719668938257584
 1.2927E-02,0.021576110573372418
 1.2945E-02,0.021105314726414567
 1.2964E-02,0.020307116881052426
 1.2983E-02,0.019137723387974696
 1.3001E-02,0.01754658257422942
 1.3020E-02,0.015523445584309228
 1.3038E-02,0.013133741987735504
 1.3057E-02,0.0105254153257125
 1.3075E-02,0.00790284148291769
 1.3094E-02,0.005477827536371483
 1.3112E-02,0.0034176086861901433
 1.3131E-02,0.0018109118855192683
 1.3149E-02,0.0006651302441090731
 1.3168E-02,-6.593958829770861e-05
 1.3186E-02,-0.0004375166028390307
 1.3205E-02,-0.00047313922667521714
 1.3223E-02,-0.00014641473952872606
 1.3242E-02,0.0006065497981205777
 1.3260E-02,0.0018496919680737285
 1.3279E-02,0.00360149898640927
 1.3297E-02,0.005802255955637646
 1.3316E-02,0.00830945377995334
 1.3334E-02,0.010924624720745532
 1.3353E-02,0.013441273388597217
 1.3371E-02,0.01569447407170938
 1.3390E-02,0.017592099375336144
 1.3408E-02,0.01911579215841195
 1.3427E-02,0.02029308869350612
 1.3446E-02,0.021154659531682947
 1.3464E-02,0.021696909613601968
 1.3483E-02,0.02186743414115086
 1.3501E-02,0.02158033051752709
 1.3520E-02,0.020754803384039542
 1.3538E-02,0.019359884771751143
 1.3557E-02,0.017445116554410542
 1.3575E-02,0.015143004060152615
 1.3594E-02,0.012641275117168716
 1.3612E-02,0.01013602771614766
 1.3631E-02,0.007784959602529616
 1.3649E-02,0.005679527459226973
 1.3668E-02,0.0038463311406475888
 1.3686E-02,0.002275101729991579
 1.3705E-02,0.0009590922939060197
 1.3723E-02,-7.151582535022184e-05
 1.3742E-02,-0.0007391528477891888
 1.3760E-02,-0.0009368442548216361
 1.3779E-02,-0.0005672871558312226
 1.3797E-02,0.0004138992382191635
 1.3816E-02,0.001969773169780604
 1.3834E-02,0.003981306382986319
 1.3853E-02,0.006275224472297743
 1.3871E-02,0.008669194243211638
 1.3890E-02,0.011015804143286985
 1.3909E-02,0.01322759459411258
 1.3927E-02,0.015273939187587668
 1.3946E-02,0.017153074861050575
 1.3964E-02,0.01885350453460017
 1.3983E-02,0.02032353245831669
 1.4001E-02,0.02146386656231619
 1.4020E-02,0.02214776029162309
 1.4038E-02,0.022260716188135986
 1.4057E-02,0.021742847934208415
 1.4075E-02,0.02061554509385655
 1.4094E-02,0.01898073953392928
 1.4112E-02,0.01699286744962284
 1.4131E-02,0.014815315746204429
 1.4149E-02,0.012579575779823514
 1.4168E-02,0.01036371938119222
 1.4186E-02,0.00819795951751792
 1.4205E-02,0.006092933368131112
 1.4223E-02,0.004076311058093447
 1.4242E-02,0.002219780965453325
 1.4260E-02,0.0006429017351837936
 1.4279E-02,-0.0005092742828520685
 1.4297E-02,-0.0011061415238329156
 1.4316E-02,-0.0010724564999778227
 1.4334E-02,-0.0004129972383334475
 1.4353E-02,0.0007893925248900711
 1.4372E-02,0.002401392778835676
 1.4390E-02,0.004280599073950335
 1.4409E-02,0.006313248242468155
 1.4427E-02,0.008432819798532096
 1.4446E-02,0.010612798131742771
 1.4464E-02,0.01283848554196948
 1.4483E-02,0.015072098009758663
 1.4501E-02,0.017228342931113822
 1.4520E-02,0.019172984623269395
 1.4538E-02,0.020746641317477853
 1.4557E-02,0.02180476502489547
 1.4575E-02,0.022257421594865746
 1.4594E-02,0.022092355589232653
 1.4612E-02,0.02137195021127381
 1.4631E-02,0.020205911469244994
 1.4649E-02,0.01871184193789232
 1.4668E-02,0.01698076582471288
 1.4686E-02,0.015062014137688012
 1.4705E-02,0.012972923933313467
 1.4723E-02,0.010727561033677092
 1.4742E-02,0.008370122316603643
 1.4760E-02,0.0059965656793145306
 1.4779E-02,0.0037532386538967235
 1.4797E-02,0.0018114756821540111
 1.4816E-02,0.0003277784192671938
 1.4835E-02,-0.0005944005027267755
 1.4853E-02,-0.0009258537266259759
 1.4872E-02,-0.0007076676806607111
 1.4890E-02,-2.4736793018238887e-05
 1.4909E-02,0.0010311502949607292
 1.4927E-02,0.0023924240294009805
 1.4946E-02,0.004027826900717376
 1.4964E-02,0.0059310415482169655
 1.4983E-02,0.008092062702955729
 1.5001E-02,0.010465352646586325
 1.5020E-02,0.012950389081022995
 1.5038E-02,0.015394848350142437
 1.5057E-02,0.017620739518731107
 1.5075E-02,0.019463687422818066
 1.5094E-02,0.020809710371374926
 1.5112E-02,0.021614832713323973
 1.5131E-02,0.02190027427461253
 1.5149E-02,0.02172648819846251
 1.5168E-02,0.02115831330797853
 1.5186E-02,0.02023700482942455
 1.5205E-02,0.01897140826341844
 1.5223E-02,0.01735165236565498
 1.5242E-02,0.015378433054689663
 1.5260E-02,0.01309381028669372
 1.5279E-02,0.010598591665918271
 1.5298E-02,0.008047172547092155
 1.5316E-02,0.005620543894411944
 1.5335E-02,0.0034876986350937927
 1.5353E-02,0.001770681367638726
 1.5372E-02,0.0005268807317062114
 1.5390E-02,-0.0002453528413396505
 1.5409E-02,-0.0005817289144677779
 1.5427E-02,-0.0005198178805674736
 1.5446E-02,-7.452493777261669e-05
 1.5464E-02,0.0007676900686152698
 1.5483E-02,0.002033443831717844
 1.5501E-02,0.003733182603308357
 1.5520E-02,0.005831742379164437
 1.5538E-02,0.008232746903859771
 1.5557E-02,0.010785014415176174
 1.5575E-02,0.013309659214082222
 1.5594E-02,0.015637624203664175
 1.5612E-02,0.01764289007161394
 1.5631E-02,0.019258546446467135
 1.5649E-02,0.020470420185691732
 1.5668E-02,0.02129271315278253
 1.5686E-02,0.021737792059914197
 1.5705E-02,0.021794511999728088
 1.5723E-02,0.021425290148077678
 1.5742E-02,0.02058346264923463
 1.5761E-02,0.019243128563152943
 1.5779E-02,0.017427849076066353
 1.5798E-02,0.015224803962657062
 1.5816E-02,0.01277718717967107
 1.5835E-02,0.010256990723185758
 1.5853E-02,0.007828728324812169
 1.5872E-02,0.005618400420350372
 1.5890E-02,0.0036995027750165114
 1.5909E-02,0.002100299771523427
 1.5927E-02,0.0008272949999977046
 1.5946E-02,-0.00010708275177148045
 1.5964E-02,-0.000666099018117928
 1.5983E-02,-0.000788699119864343
 1.6001E-02,-0.0004084701615930786
 1.6020E-02,0.0005165028698191895
 1.6038E-02,0.0019760794962821703
 1.6057E-02,0.0038952954682779017
 1.6075E-02,0.006142687230143601
 1.6094E-02,0.00855705714233362
 1.6112E-02,0.010982218773620642
 1.6131E-02,0.013296007238214246
 1.6149E-02,0.015422553100339034
 1.6168E-02,0.017324292256288554
 1.6186E-02,0.018979112986908082
 1.6205E-02,0.020354481642213686
 1.6224E-02,0.02139150848856257
 1.6242E-02,0.022007246871798104
 1.6261E-02,0.02211515428615186
 1.6279E-02,0.021655301945529573
 1.6298E-02,0.020621299457804252
 1.6316E-02,0.01907204743559632
 1.6335E-02,0.017122826284625966
 1.6353E-02,0.014919029154338041
 1.6372E-02,0.012603155487179076
 1.6390E-02,0.010288294995097653
 1.6409E-02,0.008048152639010856
 1.6427E-02,0.005926158264309797
 1.6446E-02,0.003957717296464793
 1.6464E-02,0.0021939303774953602
 1.6483E-02,0.0007146311473921266
 1.6501E-02,-0.00037647337141414185
 1.6520E-02,-0.0009736423673991137
 1.6538E-02,-0.0009992759218200556
 1.6557E-02,-0.0004298523992113427
 1.6575E-02,0.0006933700734386265
 1.6594E-02,0.0022735256917386227
 1.6612E-02,0.004183468955526011
 1.6631E-02,0.006296835304736065
 1.6649E-02,0.00851226675698482
 1.6668E-02,0.010761564698993
 1.6687E-02,0.012999849204046735
 1.6705E-02,0.01518387190212508
 1.6724E-02,0.01724988742482496
 1.6742E-02,0.0191026265928688
 1.6761E-02,0.020621888819459765
 1.6779E-02,0.021685316040547013
 1.6798E-02,0.02219854943335576
 1.6816E-02,0.022120462363252057
 1.6835E-02,0.02147306242617072
 1.6853E-02,0.020332118722603043
 1.6872E-02,0.01880273067389235
 1.6890E-02,0.016990303983216045
 1.6909E-02,0.014979001344904591
 1.6927E-02,0.012826033735613118
 1.6946E-02,0.01057284333510262
 1.6964E-02,0.008266565918354814
 1.6983E-02,0.005980534300083055
 1.7001E-02,0.003823012544320154
 1.7020E-02,0.001928606936059268
 1.7038E-02,0.0004345321447758934
 1.7057E-02,-0.0005493022305544763
 1.7075E-02,-0.0009645523714173434
 1.7094E-02,-0.0008134956650731598
 1.7112E-02,-0.00014972421089428972
 1.7131E-02,0.0009449801750752524
 1.7150E-02,0.0023873973400269015
 1.7168E-02,0.004111898096752546
 1.7187E-02,0.006074208540833159
 1.7205E-02,0.008239430762395031
 1.7224E-02,0.01056103754562711
 1.7242E-02,0.012961713252079064
 1.7261E-02,0.015326201980856533
 1.7279E-02,0.01751106965139418
 1.7298E-02,0.0193688095628929
 1.7316E-02,0.020777318874877947
 1.7335E-02,0.021663272161716395
 1.7353E-02,0.022010424302680846
 1.7372E-02,0.02185028014480461
 1.7390E-02,0.02124003736530762
 1.7409E-02,0.02023794360265136
 1.7427E-02,0.018886919350758
 1.7446E-02,0.017213214163338153
 1.7464E-02,0.015239837338223499
 1.7483E-02,0.013007671675693243
 1.7501E-02,0.010593566036503214
 1.7520E-02,0.008115890729888643
 1.7538E-02,0.0057234776702248455
 1.7557E-02,0.0035711296726014504
 1.7575E-02,0.0017907608577664587
 1.7594E-02,0.00046915471227720884
 1.7613E-02,-0.00035950864763560663
 1.7631E-02,-0.0007045170173861064
 1.7650E-02,-0.0005980512100480606
 1.7668E-02,-7.298640587699904e-05
 1.7687E-02,0.0008508291532880535
 1.7705E-02,0.002165875464855303
 1.7724E-02,0.003862639140590564
 1.7742E-02,0.005908802815955504
 1.7761E-02,0.008232221199327275
 1.7779E-02,0.010716528321201697
 1.7798E-02,0.013212850153685445
 1.7816E-02,0.01556414636887641
 1.7835E-02,0.01763322551468771
 1.7853E-02,0.019323876270011055
 1.7872E-02,0.02058753678734421
 1.7890E-02,0.021414166844029515
 1.7909E-02,0.021812733810244556
 1.7927E-02,0.021790997258093973
 1.7946E-02,0.021344210154245945
 1.7964E-02,0.020458011324876586
 1.7983E-02,0.01912412100963532
 1.8001E-02,0.017361440501788054
 1.8020E-02,0.015232465109258672
 1.8038E-02,0.012846730725439705
 1.8057E-02,0.010348511114573376
 1.8076E-02,0.007892721768679781
 1.8094E-02,0.00561799334524194
 1.8113E-02,0.0036269720925831417
 1.8131E-02,0.0019806489923170165
 1.8150E-02,0.0007073865248196155
 1.8168E-02,-0.00017898633447181842
 1.8187E-02,-0.0006613515317400714
 1.8205E-02,-0.0007106223604589879
 1.8224E-02,-0.0002906752491688596
 1.8242E-02,0.0006250029812823725
 1.8261E-02,0.002032357552912591
 1.8279E-02,0.0038811332108498447
 1.8298E-02,0.006072179221345342
 1.8316E-02,0.008469919149211047
 1.8335E-02,0.010925821963079101
 1.8353E-02,0.013304106737251315
 1.8372E-02,0.015500104307669772
 1.8390E-02,0.01744503044167877
 1.8409E-02,0.019096920340566675
 1.8427E-02,0.020423484367465154
 1.8446E-02,0.021386020115383323
 1.8464E-02,0.021932781144785852
 1.8483E-02,0.02200570746119821
 1.8501E-02,0.021558179653519725
 1.8520E-02,0.02057624710841095
 1.8539E-02,0.019093915384415537
 1.8557E-02,0.017195383541829375
 1.8576E-02,0.015002571408756285
 1.8594E-02,0.012652453321840156
 1.8613E-02,0.010272897295872541
 1.8631E-02,0.007966080708010203
 1.8650E-02,0.005804997197643141
 1.8668E-02,0.0038426934439177874
 1.8687E-02,0.002128285188640172
 1.8705E-02,0.0007209498176114395
 1.8724E-02,-0.0003057975187919259
 1.8742E-02,-0.0008726916423702744
 1.8761E-02,-0.0009133649618778515
 1.8779E-02,-0.00039552498261223004
 1.8798E-02,0.0006642950433081161
 1.8816E-02,0.002198880652634943
 1.8835E-02,0.00410253681756105
 1.8853E-02,0.006252697460112356
 1.8872E-02,0.008532514514386845
 1.8890E-02,0.01084587741554343
 1.8909E-02,0.01311988816062756
 1.8927E-02,0.015295497231188018
 1.8946E-02,0.017312280839592357
 1.8964E-02,0.019095884671103614
 1.8983E-02,0.0205553604908403
 1.9002E-02,0.021593068008859087
 1.9020E-02,0.02212403140942903
 1.9039E-02,0.022097195166093098
 1.9057E-02,0.021509890265999563
 1.9076E-02,0.020409504271110337
 1.9094E-02,0.018881658674084673
 1.9113E-02,0.017029785689419263
 1.9131E-02,0.014954404737178182
 1.9150E-02,0.012740151225614704
 1.9168E-02,0.01045485990809953
 1.9187E-02,0.008159447119993547
 1.9205E-02,0.005922442721148259
 1.9224E-02,0.0038309472445724555
 1.9242E-02,0.001991424647220621
 1.9261E-02,0.0005183363113981201
 1.9279E-02,-0.00048586913926629
 1.9298E-02,-0.0009519038834523437
 1.9316E-02,-0.0008576901450672753
 1.9335E-02,-0.00022990835355700574
 1.9353E-02,0.0008672116316049028
 1.9372E-02,0.002350901730084839
 1.9390E-02,0.004138700787056606
 1.9409E-02,0.006159638635438438
 1.9427E-02,0.008353987864529507
 1.9446E-02,0.010663127165485557
 1.9465E-02,0.013015615080539594
 1.9483E-02,0.01531735903119632
 1.9502E-02,0.01745199860151035
 1.9520E-02,0.019293088651878405
 1.9539E-02,0.020724371293279625
 1.9557E-02,0.021660707618868624
 1.9576E-02,0.022061746683445058
 1.9594E-02,0.021933361943820763
 1.9613E-02,0.02131698003285325
 1.9631E-02,0.020271913383687938
 1.9650E-02,0.018858494925077206
 1.9668E-02,0.017129040588571582
 1.9687E-02,0.015129813917354075
 1.9705E-02,0.012911974152853847
 1.9724E-02,0.010545269234231274
 1.9742E-02,0.008126852939163414
 1.9761E-02,0.005779656907389665
 1.9779E-02,0.0036393080913063452
 1.9798E-02,0.0018336254764159574
 1.9816E-02,0.0004620366740222177
 1.9835E-02,-0.0004176113456497928
 1.9853E-02,-0.0007904465224664045
 1.9872E-02,-0.0006746861369609395
 1.9890E-02,-0.00010559330750875443
 1.9909E-02,0.0008793015997933935
 1.9928E-02,0.0022472718867754204
 1.9946E-02,0.003967111786473946
 1.9965E-02,0.005997773212244967
 1.9983E-02,0.008275058814037096
 2.0002E-02,0.010703611740098254
 2.0020E-02,0.01315929994968806
 2.0039E-02,0.015502645941614107
 2.0057E-02,0.017599155451702257
 2.0076E-02,0.019339360459530937
 2.0094E-02,0.02065145054886649
 2.0113E-02,0.021502496394521876
 2.0131E-02,0.02188908817045164
 2.0150E-02,0.02182259385282732
 2.0168E-02,0.02131626274310509
 2.0187E-02,0.020380189000181348
 2.0205E-02,0.01902627565563365
 2.0224E-02,0.017280544366046858
 2.0242E-02,0.015196559423292512
 2.0261E-02,0.012862962928274178
 2.0279E-02,0.010400486281440939
 2.0298E-02,0.007948253848072248
 2.0316E-02,0.005643757254464977
 2.0335E-02,0.003603549975851594
 2.0353E-02,0.0019113398301857881
 2.0372E-02,0.0006169361139562834
 2.0391E-02,-0.0002551249450254946
 2.0409E-02,-0.0006924628117790691
 2.0428E-02,-0.0006840767562030933
 2.0446E-02,-0.00021733867782033417
 2.0465E-02,0.0007156257214337145
 2.0483E-02,0.002105057554810625
 2.0502E-02,0.003910292906327554
 2.0520E-02,0.006052707597365909
 2.0539E-02,0.008419055319041874
 2.0557E-02,0.010875070936482831
 2.0576E-02,0.013284914478791364
 2.0594E-02,0.01552962073241374
 2.0613E-02,0.017518245626655545
 2.0631E-02,0.019188625513738875
 2.0650E-02,0.020499163330744592
 2.0668E-02,0.021416842188760103
 2.0687E-02,0.021908078676506352
 2.0705E-02,0.02193745941626473
 2.0724E-02,0.021475572356758635
 2.0742E-02,0.020512766170694502
 2.0761E-02,0.019072699818795363
 2.0779E-02,0.017219302077200547
 2.0798E-02,0.015053354774969548
 2.0816E-02,0.012699193229689862
 2.0835E-02,0.010286093035404424
 2.0854E-02,0.007930998920398162
 2.0872E-02,0.005728457384798517
 2.0891E-02,0.003750324297170729
 2.0909E-02,0.002053505191156635
 2.0928E-02,0.0006905526514209654
 2.0946E-02,-0.00028311338329138885
 2.0965E-02,-0.000809842964512497
 2.0983E-02,-0.0008389668216109245
 2.1002E-02,-0.0003411973023284703
 2.1020E-02,0.000677784429372646
 2.1039E-02,0.0021705491473380982
 2.1057E-02,0.004051305808467364
 2.1076E-02,0.006208697599519655
 2.1094E-02,0.008523452410585813
 2.1113E-02,0.010884495077570049
 2.1131E-02,0.013198042752564526
 2.1150E-02,0.015387453619378936
 2.1168E-02,0.01738574284806965
 2.1187E-02,0.019125888470516182
 2.1205E-02,0.02053491245163259
 2.1224E-02,0.021535869008290912
 2.1242E-02,0.022058136711167655
 2.1261E-02,0.02205245886934597
 2.1279E-02,0.02150476783117391
 2.1298E-02,0.020443036916631806
 2.1317E-02,0.018934140660112134
 2.1335E-02,0.017071761238359788
 2.1354E-02,0.014959968739301574
 2.1372E-02,0.012698656579964829
 2.1391E-02,0.01037587495612944
 2.1409E-02,0.008068811826345149
 2.1428E-02,0.005851201731026929
 2.1446E-02,0.0038020567059502976
 2.1465E-02,0.0020100733894867335
 2.1483E-02,0.0005700933060266088
 2.1502E-02,-0.0004283340227351929
 2.1520E-02,-0.0009165444817667121
 2.1539E-02,-0.0008606860737111554
 2.1557E-02,-0.00026859191802349716
 2.1576E-02,0.0008130283478707792
 2.1594E-02,0.0023098303406878466
 2.1613E-02,0.0041349516373137205
 2.1631E-02,0.00620212944879677
 2.1650E-02,0.00843217544971029
 2.1668E-02,0.010751377514811233
 2.1687E-02,0.013084166266083852
 2.1705E-02,0.015345040307411156
 2.1724E-02,0.017435116764109058
 2.1742E-02,0.019246602909550697
 2.1761E-02,0.02067488992433177
 2.1780E-02,0.021634444609349206
 2.1798E-02,0.022072782992620464
 2.1817E-02,0.021977393703899055
 2.1835E-02,0.02137328559595161
 2.1854E-02,0.020312626834663533
 2.1872E-02,0.018861053094669924
 2.1891E-02,0.01708629375103351
 2.1909E-02,0.015053352341415232
 2.1928E-02,0.012827237877097495
 2.1946E-02,0.010480634007116837
 2.1965E-02,0.008101519737946594
 2.1983E-02,0.005795663328957978
 2.2002E-02,0.003681128167373122
 2.2020E-02,0.001875464143809093
 2.2039E-02,0.00047954579202756946
 2.2057E-02,-0.00043638387053450466
 2.2076E-02,-0.0008396876336511465
 2.2094E-02,-0.0007333588637744698
 2.2113E-02,-0.0001467307202949581
 2.2131E-02,0.0008766668497290999
 2.2150E-02,0.002288797230583189
 2.2168E-02,0.004040534671797639
 2.2187E-02,0.006078122957671439
 2.2205E-02,0.0083353736122187
 2.2224E-02,0.01072643793378146
 2.2243E-02,0.013143929140502246
 2.2261E-02,0.015464942145396433
 2.2280E-02,0.0175640986324529
 2.2298E-02,0.019329639585297757
 2.2317E-02,0.020677165609462193
 2.2335E-02,0.021556516582163735
 2.2354E-02,0.02195009570535418
 2.2372E-02,0.021864439930327596
 2.2391E-02,0.021319481782184978
 2.2409E-02,0.020340584998788058
 2.2428E-02,0.018956811405861914
 2.2446E-02,0.017205735984050837
 2.2465E-02,0.015141883697536718
 2.2483E-02,0.01284396321183666
 2.2502E-02,0.010416361077630554
 2.2520E-02,0.00798270300498466
 2.2539E-02,0.005672646117712258
 2.2557E-02,0.003605957137123553
 2.2576E-02,0.0018790934825176997
 2.2594E-02,0.0005584447386477258
 2.2613E-02,-0.0003184058031236495
 2.2631E-02,-0.0007353406595875219
 2.2650E-02,-0.0006885945900489979
 2.2668E-02,-0.0001805878998128571
 2.2687E-02,0.0007802622425342027
 2.2706E-02,0.0021737436437717222
 2.2724E-02,0.003959062591897098
 2.2743E-02,0.0060677256244899575
 2.2761E-02,0.008402318661279953
 2.2780E-02,0.010843080770651204
 2.2798E-02,0.013260950573999572
 2.2817E-02,0.015533063285232542
 2.2835E-02,0.01755567613887123
 2.2854E-02,0.01925063514282896
 2.2872E-02,0.02056426407771456
 2.2891E-02,0.021460736891738722
 2.2909E-02,0.021914188525770296
 2.2928E-02,0.021904070285630226
 2.2946E-02,0.02141647282285361
 2.2965E-02,0.020451133621442148
 2.2983E-02,0.0190309665210402
 2.3002E-02,0.017209486037444044
 2.3020E-02,0.015072103776368705
 2.3039E-02,0.012729682172328827
 2.3057E-02,0.01030587887950166
 2.3076E-02,0.007922320021480807
 2.3094E-02,0.005686413685808713
 2.3113E-02,0.0036853397299214667
 2.3131E-02,0.0019870123991144743
 2.3150E-02,0.0006458254417206545
 2.3169E-02,-0.0002909356565026219
 2.3187E-02,-0.0007801651611228508
 2.3206E-02,-0.0007857987756209601
 2.3224E-02,-0.00028688267750213265
 2.3243E-02,0.0007123797572748625
 2.3261E-02,0.0021750642277307743
 2.3280E-02,0.0040301734632634525
 2.3298E-02,0.006178844132741905
 2.3317E-02,0.008506462653539094
 2.3335E-02,0.010896727366918548
 2.3354E-02,0.01324306730677434
 2.3372E-02,0.015454148639930053
 2.3391E-02,0.01745287836709804
 2.3409E-02,0.019171166411990896
 2.3428E-02,0.020544475379689706
 2.3446E-02,0.021510099137985173
 2.3465E-02,0.022011218801220804
 2.3483E-02,0.022005939669024515
 2.3502E-02,0.021477988304660755
 2.3520E-02,0.020444674236264778
 2.3539E-02,0.018958579809177364
 2.3557E-02,0.017101860065631306
 2.3576E-02,0.014974948546604796
 2.3594E-02,0.012683597829027253
 2.3613E-02,0.010328613299846148
 2.3632E-02,0.008001202091034713
 2.3650E-02,0.005784215482425044
 2.3669E-02,0.003756893498783913
 2.3687E-02,0.001999202285772843
 2.3706E-02,0.000592144990504603
 2.3724E-02,-0.0003876209152865067
 2.3743E-02,-0.0008777894176491729
 2.3761E-02,-0.0008416572113781256
 2.3780E-02,-0.00027638489912074147
 2.3798E-02,0.0007849969586975696
 2.3817E-02,0.0022787237906190024
 2.3835E-02,0.00412070664135879
 2.3854E-02,0.00621840474780685
 2.3872E-02,0.008480051274081465
 2.3891E-02,0.010818577637175116
 2.3909E-02,0.013150135555377503
 2.3928E-02,0.015389634064407468
 2.3946E-02,0.017447077958296673
 2.3965E-02,0.01922811221617121
 2.3983E-02,0.02064021790755474
 2.4002E-02,0.021603341460040948
 2.4020E-02,0.02206155642659775
 2.4039E-02,0.021991628576824147
 2.4057E-02,0.021405411312720637
 2.4076E-02,0.02034537908386074
 2.4095E-02,0.01887526699328726
 2.4113E-02,0.017069561907747284
 2.4132E-02,0.015005719396066873
 2.4150E-02,0.012761431412464696
 2.4169E-02,0.010416752357499427
 2.4187E-02,0.008058535707738944
 2.4206E-02,0.005783485663351954
 2.4224E-02,0.0036966898548811853
 2.4243E-02,0.0019045118856096924
 2.4261E-02,0.0005032896524528182
 2.4280E-02,-0.0004327273969368465
 2.4298E-02,-0.0008602335349823286
 2.4317E-02,-0.0007696934646056738
 2.4335E-02,-0.0001816461838892203
 2.4354E-02,0.0008615133683395649
 2.4372E-02,0.0023046863969839668
 2.4391E-02,0.004086558471031879
 2.4409E-02,0.0061413746716125345
 2.4428E-02,0.008396356886761507
 2.4446E-02,0.010767306729711032
 2.4465E-02,0.01315593782668377
 2.4483E-02,0.015451848578170849
 2.4502E-02,0.017540057738545625
 2.4520E-02,0.0193125566513851
 2.4539E-02,0.02068047396594692
 2.4558E-02,0.02158302455713273
 2.4576E-02,0.021990616270642846
 2.4595E-02,0.021901790743310875
 2.4613E-02,0.02133606800829144
 2.4632E-02,0.020326203398790387
 2.4650E-02,0.018913232594640946
 2.4669E-02,0.017146059650099636
 2.4687E-02,0.015084974783443922
 2.4706E-02,0.012806439427760972
 2.4724E-02,0.010405661291731948
 2.4743E-02,0.007994263507488492
 2.4761E-02,0.005692381339747489
 2.4780E-02,0.0036168998842495163
 2.4798E-02,0.001869230913724976
 2.4817E-02,0.0005262840987829999
 2.4835E-02,-0.0003629845491335561
 2.4854E-02,-0.0007753006798593065
 2.4872E-02,-0.0007071527431741979
 2.4891E-02,-0.00016855280041786023
 2.4909E-02,0.0008204443231410096
 2.4928E-02,0.002228995503223286
 2.4946E-02,0.004011272301032497
 2.4965E-02,0.006101459740981128
 2.4983E-02,0.008411264916148999
 2.5002E-02,0.010832408515462327
 2.5021E-02,0.013244585608814766
 2.5039E-02,0.015527116017421147
 2.5058E-02,0.017570950697130355
 2.5076E-02,0.019287539667237907
 2.5095E-02,0.020612369213294315
 2.5113E-02,0.02150316857030469
 2.5132E-02,0.021934905986695997
 2.5150E-02,0.02189481437818839
 2.5169E-02,0.021380328292413295
 2.5187E-02,0.020401155437194514
 2.5206E-02,0.018984502267584927
 2.5224E-02,0.01718071684150143
 2.5243E-02,0.015066092365738446
 2.5261E-02,0.012740527812124255
 2.5280E-02,0.010319749661913444
 2.5298E-02,0.007923978786688816
 2.5317E-02,0.005666326136667597
 2.5335E-02,0.0036442185654487333
 2.5354E-02,0.0019358013200304945
 2.5372E-02,0.0006011450488042896
 2.5391E-02,-0.00031386406927624085
 2.5409E-02,-0.0007740061773817028
 2.5428E-02,-0.000754164240314014
 2.5446E-02,-0.00024264979534211059
 2.5465E-02,0.0007527261873880371
 2.5484E-02,0.0021985615930149014
 2.5502E-02,0.004032850368840024
 2.5521E-02,0.006167144008557673
 2.5539E-02,0.008494027983503741
 2.5558E-02,0.01089799427053767
 2.5576E-02,0.01326651845394394
 2.5595E-02,0.015498212278707646
 2.5613E-02,0.017506284427621054
 2.5632E-02,0.019217599445769534
 2.5650E-02,0.02056947013300272
 2.5669E-02,0.021507143155473002
 2.5687E-02,0.021984387477076567
 2.5706E-02,0.021967928158783297
 2.5724E-02,0.021444437378515677
 2.5743E-02,0.020427313569459694
 2.5761E-02,0.018960215898226853
 2.5780E-02,0.017115400703132708
 2.5798E-02,0.014986859029017335
 2.5817E-02,0.012680225846638908
 2.5835E-02,0.010302564795753677
 2.5854E-02,0.007954946432346368
 2.5872E-02,0.005729336396292787
 2.5891E-02,0.0037093276046170067
 2.5909E-02,0.0019725680989801844
 2.5928E-02,0.0005920900969244313
 2.5947E-02,-0.00036559265762678276
 2.5965E-02,-0.0008460907639969475
 2.5984E-02,-0.0008150044417990835
 2.6002E-02,-0.0002652882664826203
 2.6021E-02,0.0007787752048894069
 2.6039E-02,0.0022627629543762774
 2.6058E-02,0.004108338663097044
 2.6076E-02,0.006222549503573349
 2.6095E-02,0.00850720974731932
 2.6113E-02,0.010865637637070652
 2.6132E-02,0.013205398292646296
 2.6150E-02,0.015437607907489572
 2.6169E-02,0.017474929499178865
 2.6187E-02,0.01923094313807934
 2.6206E-02,0.020622864136375006
 2.6224E-02,0.021577931949438297
 2.6243E-02,0.022041939551858285
 2.6261E-02,0.021987147492110927
 2.6280E-02,0.021416781029155636
 2.6298E-02,0.020364472502923076
 2.6317E-02,0.018888878974924625
 2.6335E-02,0.017065462475376363
 2.6354E-02,0.014978305919600221
 2.6372E-02,0.012714481534215383
 2.6391E-02,0.010362071012822684
 2.6410E-02,0.008011103436187742
 2.6428E-02,0.00575524904373117
 2.6447E-02,0.0036917160525974757
 2.6465E-02,0.0019176103868301403
 2.6484E-02,0.0005226671866984864
 2.6502E-02,-0.0004199856577002817
 2.6521E-02,-0.0008622928390604143
 2.6539E-02,-0.0007862964983553197
 2.6558E-02,-0.0002042422421199789
 2.6576E-02,0.0008459142289492275
 2.6595E-02,0.0023076491093643216
 2.6613E-02,0.004112940413620924
 2.6632E-02,0.0061869517671683475
 2.6650E-02,0.00844939956758972
 2.6669E-02,0.010813408765345641
 2.6687E-02,0.013183975454181778
 2.6706E-02,0.015458460004667851
 2.6724E-02,0.017530695251642678
 2.6743E-02,0.019298680339265132
 2.6761E-02,0.020674156667690295
 2.6780E-02,0.02159137157047264
 2.6798E-02,0.022012471769988762
 2.6817E-02,0.021928179403395424
 2.6835E-02,0.02135416188138457
 2.6854E-02,0.020325046760032814
 2.6873E-02,0.018888688901407734
 2.6891E-02,0.017102799756819914
 2.6910E-02,0.01503464027007868
 2.6928E-02,0.01276280290684258
 2.6947E-02,0.010378920032957909
 2.6965E-02,0.00798696734303075
 2.6984E-02,0.005698757627271455
 2.7002E-02,0.003625831334725104
 2.7021E-02,0.0018695354291866093
 2.7039E-02,0.0005119458034054331
 2.7058E-02,-0.0003899437939045822
 2.7076E-02,-0.0008055661223846102
 2.7095E-02,-0.0007281368405058616
 2.7113E-02,-0.00016991126005904376
 2.7132E-02,0.0008422293193222274
 2.7150E-02,0.0022689743876339865
 2.7169E-02,0.004058040455822391
 2.7187E-02,0.006141929743285934
 2.7206E-02,0.00843610027048901
 2.7224E-02,0.01083974155624898
 2.7243E-02,0.013240408471792097
 2.7261E-02,0.015522204729280323
 2.7280E-02,0.01757570930761253
 2.7298E-02,0.019307061378227908
 2.7317E-02,0.02064390510826524
 2.7336E-02,0.021537121742828146
 2.7354E-02,0.02195890660245133
 2.7373E-02,0.021899071541776987
 2.7391E-02,0.02136189740858423
 2.7410E-02,0.020365247403433363
 2.7428E-02,0.018942272528569688
 2.7447E-02,0.017144524292861257
 2.7465E-02,0.015044323834064599
 2.7484E-02,0.012734258472064797
 2.7502E-02,0.010322683074768442
 2.7521E-02,0.007925654523387182
 2.7539E-02,0.005657144515466029
 2.7558E-02,0.0036200435459642537
 2.7576E-02,0.0019001048456255237
 2.7595E-02,0.0005637517520989206
 2.7613E-02,-0.0003408719514509216
 2.7632E-02,-0.0007814188422584082
 2.7650E-02,-0.0007395591728334205
 2.7669E-02,-0.00021138524631203514
 2.7687E-02,0.0007898568767957912
 2.7706E-02,0.0022299686944448377
 2.7724E-02,0.004051036213184714
 2.7743E-02,0.006171701838651785
 2.7761E-02,0.00849145472462275
 2.7780E-02,0.010898428862018429
 2.7799E-02,0.013278870453571545
 2.7817E-02,0.01552584873956021
 2.7836E-02,0.0175451887761252
 2.7854E-02,0.019257818896809234
 2.7873E-02,0.020599214339587495
 2.7891E-02,0.021517728950009887
 2.7910E-02,0.021973857262538667
 2.7928E-02,0.02194176191986475
 2.7947E-02,0.021413064860151928
 2.7965E-02,0.020401542579304766
 2.7984E-02,0.018946601834854228
 2.8002E-02,0.017113592602802378
 2.8021E-02,0.014990069873098902
 2.8039E-02,0.012678587668684332
 2.8058E-02,0.010287858012771949
 2.8076E-02,0.007924597086075274
 2.8095E-02,0.005687911290018547
 2.8113E-02,0.0036668698990105484
 2.8132E-02,0.0019405094260168238
 2.8150E-02,0.0005785355412465526
 2.8169E-02,-0.00035914581147580827
 2.8187E-02,-0.0008251805813882916
 2.8206E-02,-0.0007896168901503462
 2.8224E-02,-0.00024541388156212136
 2.8243E-02,0.0007874778754414643
 2.8262E-02,0.0022612961747631955
 2.8280E-02,0.004103680429259763
 2.8299E-02,0.006224279860646317
 2.8317E-02,0.008522956154848155
 2.8336E-02,0.010897361806283538
 2.8354E-02,0.013248170076844241
 2.8373E-02,0.015481411745935182
 2.8391E-02,0.0175087119199666
 2.8410E-02,0.01924712554740432
 2.8428E-02,0.020620346328060916
 2.8447E-02,0.021562283660190733
 2.8465E-02,0.02202272062064498
 2.8484E-02,0.021973560888166724
 2.8502E-02,0.02141358900857435
 2.8521E-02,0.02036997616610339
 2.8539E-02,0.01889583746330957
 2.8558E-02,0.017064522966983426
 2.8576E-02,0.014962408400782907
 2.8595E-02,0.012682280350837748
 2.8613E-02,0.010318859416102456
 2.8632E-02,0.007966835306732003
 2.8650E-02,0.005720530728094146
 2.8669E-02,0.0036735270168067953
 2.8687E-02,0.0019166181746100663
 2.8706E-02,0.0005332895623471304
 2.8725E-02,-0.00040683097978243786
 2.8743E-02,-0.0008549870844337996
 2.8762E-02,-0.0007887290668524716
 2.8780E-02,-0.0002140967550355535
 2.8799E-02,0.0008360553036607232
 2.8817E-02,0.002306884049731192
 2.8836E-02,0.004127832205570437
 2.8854E-02,0.006218381773015208
 2.8873E-02,0.008491880561257435
 2.8891E-02,0.010857162295633504
 2.8910E-02,0.0132188633725367
 2.8928E-02,0.015478049043765763
 2.8947E-02,0.017534682257015533
 2.8965E-02,0.019292634430962095
 2.8984E-02,0.020666719877411588
 2.9002E-02,0.021590177309708948
 2.9021E-02,0.022020597731520524
 2.9039E-02,0.021942704127317858
 2.9058E-02,0.02136745490962187
 2.9076E-02,0.020328209542794018
 2.9095E-02,0.018875614883720523
 2.9113E-02,0.01707305497612684
 2.9132E-02,0.014993893948627235
 2.9150E-02,0.0127206225170925
 2.9169E-02,0.010344904823685655
 2.9188E-02,0.007966916985431761
 2.9206E-02,0.00569254384494291
 2.9225E-02,0.003627879047761134
 2.9243E-02,0.00187166697596806
 2.9262E-02,0.0005073068980682967
 2.9280E-02,-0.0004036215577042082
 2.9299E-02,-0.000824805687361525
 2.9317E-02,-0.0007451632946765471
 2.9336E-02,-0.00017606053527390204
 2.9354E-02,0.0008526469649402441
 2.9373E-02,0.0022960572420606274
 2.9391E-02,0.0040960732692179565
 2.9410E-02,0.00618165136526932
 2.9428E-02,0.008468464532834511
 2.9447E-02,0.010859525533341447
 2.9465E-02,0.0132480980884136
 2.9484E-02,0.015523352964533204
 2.9502E-02,0.01757807822749458
 2.9521E-02,0.01931683351651017
 2.9539E-02,0.020662653253117887
 2.9558E-02,0.021560882645310513
 2.9576E-02,0.021979767693833658
 2.9595E-02,0.021908566389348974
 2.9613E-02,0.021354708124545874
 2.9632E-02,0.02034158149977013
 2.9651E-02,0.01890787210515216
 2.9669E-02,0.01710831218598246
 2.9688E-02,0.01501472963284827
 2.9706E-02,0.012715839164491533
 2.9725E-02,0.010314509800450141
 2.9743E-02,0.007922147258047876
 2.9762E-02,0.00565095357679506
 2.9780E-02,0.003605679542540766
 2.9799E-02,0.0018766998092682844
 2.9817E-02,0.0005357286708026193
 2.9836E-02,-0.00036551524931989433
 2.9854E-02,-0.000794454016482656
 2.9873E-02,-0.0007360300077569167
 2.9891E-02,-0.00019173506528104018
 2.9910E-02,0.0008199576257123456
 2.9928E-02,0.0022620085679501615
 2.9947E-02,0.00407720895913314
 2.9965E-02,0.00618805828204853
 2.9984E-02,0.00849928938923076
 3.0002E-02,0.010903314504313134
 3.0021E-02,0.013287792045483854
 3.0039E-02,0.015543723741662158
 3.0058E-02,0.017572325755771917
 3.0076E-02,0.01928944639149847
 3.0095E-02,0.02062729357137913
 3.0114E-02,0.021534254338049178
 3.0132E-02,0.02197419376612723
 3.0151E-02,0.021926556018185005
 3.0169E-02,0.02138789922774539
 3.0188E-02,0.02037450064473459
 3.0206E-02,0.018924825672272473
 3.0225E-02,0.017100351443167957
 3.0243E-02,0.014983618504612188
 3.0262E-02,0.01267329389891217
 3.0280E-02,0.01027707338086068
 3.0299E-02,0.007903979751161173
 3.0317E-02,0.0056577194660454855
 3.0336E-02,0.003632207314953678
 3.0354E-02,0.0019094120177272126
 3.0373E-02,0.0005587386660292153
 3.0391E-02,-0.00036334510558975964
 3.0410E-02,-0.0008146006182557452
 3.0428E-02,-0.0007696891090765831
 3.0447E-02,-0.00022373992255265735
 3.0465E-02,0.0008044247358054943
 3.0484E-02,0.0022708746574195636
 3.0502E-02,0.0041080117786151185
 3.0521E-02,0.006229014692468948
 3.0539E-02,0.008534442126387046
 3.0558E-02,0.010919479276738605
 3.0577E-02,0.013280245289266624
 3.0595E-02,0.015518138160355022
 3.0614E-02,0.01754212271385932
 3.0632E-02,0.01926975616150434
 3.0651E-02,0.02062820391448253
 3.0669E-02,0.021556329481509325
 3.0688E-02,0.022008230487017683
 3.0706E-02,0.02195766461956417
 3.0725E-02,0.021402088278892163
 3.0743E-02,0.020364848942702247
 3.0762E-02,0.018894522762353365
 3.0780E-02,0.017061284459931443
 3.0799E-02,0.014951153908097807
 3.0817E-02,0.01265957414243045
 3.0836E-02,0.010285785768884791
 3.0854E-02,0.007928885165294369
 3.0873E-02,0.005685557828272106
 3.0891E-02,0.0036486679068371904
 3.0910E-02,0.0019055197666259932
 3.0928E-02,0.0005348442422961673
 3.0947E-02,-0.00039771117686183727
 3.0965E-02,-0.0008449218130682184
 3.0984E-02,-0.0007828403632553304
 3.1002E-02,-0.00021373729553181102
 3.1021E-02,0.0008338221823565888
 3.1040E-02,0.0023078362833735384
 3.1058E-02,0.004137825088554101
 3.1077E-02,0.00624049824115807
 3.1095E-02,0.008524760590481805
 3.1114E-02,0.010895254879577446
 3.1132E-02,0.013254497666441534
 3.1151E-02,0.015504422305089865
 3.1169E-02,0.017548462561140753
 3.1188E-02,0.019295050592046996
 3.1206E-02,0.020662680998151797
 3.1225E-02,0.021585832967766935
 3.1243E-02,0.0220204330620724
 3.1262E-02,0.02194746099918119
 3.1280E-02,0.02137379609206841
 3.1299E-02,0.020330265403103318
 3.1317E-02,0.01886771749948962
 3.1336E-02,0.017052441766598713
 3.1354E-02,0.014962180950237734
 3.1373E-02,0.012683394649922925
 3.1391E-02,0.010309601846008288
 3.1410E-02,0.007939940937752325
 3.1428E-02,0.005676848487867442
 3.1447E-02,0.0036220803263756693
 3.1465E-02,0.0018710379604623358
 3.1484E-02,0.0005061914998538578
 3.1503E-02,-0.0004090594519181067
 3.1521E-02,-0.0008347182183979548
 3.1540E-02,-0.0007558608482175942
 3.1558E-02,-0.0001816241381203817
 3.1577E-02,0.0008576997451578074
 3.1595E-02,0.0023142315309924054
 3.1614E-02,0.004125602350518873
 3.1632E-02,0.006217020039521319
 3.1651E-02,0.008502523722341908
 3.1669E-02,0.010886275542820388
 3.1688E-02,0.013264929561327545
 3.1706E-02,0.015531779126222044
 3.1725E-02,0.017582660248391082
 3.1743E-02,0.019322797290473523
 3.1762E-02,0.020673269181045884
 3.1780E-02,0.021575777945256978
 3.1799E-02,0.021994921714677186
 3.1817E-02,0.02191799048429725
 3.1836E-02,0.021353065245900103
 3.1854E-02,0.020326586718814474
 3.1873E-02,0.018881414985376085
 3.1891E-02,0.017075808436301465
 3.1910E-02,0.01498298983273032
 3.1928E-02,0.01269039093189677
 3.1947E-02,0.010297541633431998
 3.1966E-02,0.007911958565514042
 3.1984E-02,0.00564312531290245
 3.2003E-02,0.0035954214710833244
 3.2021E-02,0.0018613178312967132
 3.2040E-02,0.0005161117752330315
 3.2058E-02,-0.00038504877534867906
 3.2077E-02,-0.0008078843878090998
 3.2095E-02,-0.0007381778085972373
 3.2114E-02,-0.0001805014477179348
 3.2132E-02,0.0008426327742297234
 3.2151E-02,0.0022908864562985348
 3.2169E-02,0.004105861806691092
 3.2188E-02,0.006211424823455112
 3.2206E-02,0.00851556300373666
 3.2225E-02,0.01091435156370818
 3.2243E-02,0.01329788384765515
 3.2262E-02,0.015557296949586264
 3.2280E-02,0.017591605881893145
 3.2299E-02,0.019313130399081772
 3.2317E-02,0.020650827346245355
 3.2336E-02,0.021551598768655558
 3.2354E-02,0.021980304759554075
 3.2373E-02,0.021919489653982827
 3.2391E-02,0.021369620829493355
 3.2410E-02,0.020350049667336726
 3.2429E-02,0.01890021182942866
 3.2447E-02,0.017080111163798505
 3.2466E-02,0.014969101352735239
 3.2484E-02,0.012662416942758228
 3.2503E-02,0.010265627529097309
 3.2521E-02,0.00788788662191248
 3.2540E-02,0.005635222542271532
 3.2558E-02,0.003605017164633435
 3.2577E-02,0.0018822925404603757
 3.2595E-02,0.0005377108908440776
 3.2614E-02,-0.00037339759716423324
 3.2632E-02,-0.0008118808226460592
 3.2651E-02,-0.0007561457925654455
 3.2669E-02,-0.00020416026225899804
 3.2688E-02,0.0008244803456873664
 3.2706E-02,0.0022873848947553128
 3.2725E-02,0.004120043026157274
 3.2743E-02,0.006238838878182121
 3.2762E-02,0.008546191087044935
 3.2780E-02,0.010936948592940778
 3.2799E-02,0.013304833643593183
 3.2817E-02,0.015547845573041766
 3.2836E-02,0.017572061327025015
 3.2854E-02,0.01929395863269751
 3.2873E-02,0.020641942317235117
 3.2892E-02,0.02155793405139175
 3.2910E-02,0.02199962016369747
 3.2929E-02,0.02194337026182029
 3.2947E-02,0.021387212069804155
 3.2966E-02,0.020352866812391294
 3.2984E-02,0.018885897102393103
 3.3003E-02,0.01705348773566356
 3.3021E-02,0.014940074764240833
 3.3040E-02,0.012641665805839593
 3.3058E-02,0.010259991767151828
 3.3077E-02,0.007897480530062973
 3.3095E-02,0.005653526193086357
 3.3114E-02,0.003621881027118483
 3.3132E-02,0.00188851070591124
 3.3151E-02,0.0005291394013676896
 3.3169E-02,-0.00039398631661463114
 3.3188E-02,-0.0008360097937870213
 3.3206E-02,-0.0007733624584785359
 3.3225E-02,-0.00020663176848676975
 3.3243E-02,0.0008385274850177449
 3.3262E-02,0.0023128851138431716
 3.3280E-02,0.004147301881589634
 3.3299E-02,0.006257749474473504
 3.3317E-02,0.00855059721429603
 3.3336E-02,0.010927239327430572
 3.3355E-02,0.013287640322122802
 3.3373E-02,0.015532991807568687
 3.3392E-02,0.017568125429909077
 3.3410E-02,0.01930441328034401
 3.3429E-02,0.020663573381641317
 3.3447E-02,0.02158222796819015
 3.3466E-02,0.022016496458269443
 3.3484E-02,0.021945603762937367
 3.3503E-02,0.021373592705306216
 3.3521E-02,0.020328711411100136
 3.3540E-02,0.018860702580296755
 3.3558E-02,0.01703677591575449
 3.3577E-02,0.014937268602663922
 3.3595E-02,0.012651809877936803
 3.3614E-02,0.01027630451140517
 3.3632E-02,0.007910471927742024
 3.3651E-02,0.005655287743163208
 3.3669E-02,0.0036096496022357
 3.3688E-02,0.001865940926806594
 3.3706E-02,0.000504737215968475
 3.3725E-02,-0.00041056551971051225
 3.3743E-02,-0.0008381622368532112
 3.3762E-02,-0.0007603909783446107
 3.3780E-02,-0.00018401091288127325
 3.3799E-02,0.0008615773591743355
 3.3818E-02,0.002327435436945387
 3.3836E-02,0.004148585081178558
 3.3855E-02,0.006247163270134436
 3.3873E-02,0.008534975260382941
 3.3892E-02,0.01091572527767976
 3.3910E-02,0.013287555208769354
 3.3929E-02,0.01554652204442485
 3.3947E-02,0.01759129011833521
 3.3966E-02,0.01932875951825816
 3.3984E-02,0.020679844010250928
 3.4003E-02,0.021584379463439194
 3.4021E-02,0.02200429697485474
 3.4040E-02,0.021924675306815692
 3.4058E-02,0.021352893781739688
 3.4077E-02,0.02031658462896425
 3.4095E-02,0.018861237198279087
 3.4114E-02,0.017048084877094513
 3.4132E-02,0.014952424672713547
 3.4151E-02,0.01266200825012076
 3.4169E-02,0.01027484120273875
 3.4188E-02,0.00789577784348686
 3.4206E-02,0.005631686203980343
 3.4225E-02,0.003585515690330778
 3.4243E-02,0.0018500851547439679
 3.4262E-02,0.0005026102195360811
 3.4281E-02,-0.0003991828774924566
 3.4299E-02,-0.0008189817004122479
 3.4318E-02,-0.0007420481163233732
 3.4336E-02,-0.00017424793762549058
 3.4355E-02,0.000859293973456079
 3.4373E-02,0.002315380500530953
 3.4392E-02,0.004133691386941995
 3.4410E-02,0.006237880498446691
 3.4429E-02,0.00853746446914527
 3.4447E-02,0.010931068756442296
 3.4466E-02,0.01331120830566514
 3.4484E-02,0.015570242401837495
 3.4503E-02,0.017606688286984997
 3.4521E-02,0.01933090413753617
 3.4540E-02,0.020669336880384276
 3.4558E-02,0.021566996707460834
 3.4577E-02,0.021988369247591164
 3.4595E-02,0.021917375649234586
 3.4614E-02,0.021357076741584775
 3.4632E-02,0.020329567282256628
 3.4651E-02,0.01887604735973681
 3.4669E-02,0.017056609893662786
 3.4688E-02,0.014949059299651502
 3.4706E-02,0.01264618888218078
 3.4725E-02,0.01025135475503184
 3.4744E-02,0.007872720545821246
 3.4762E-02,0.00561698200718208
 3.4781E-02,0.003583530477732145
 3.4799E-02,0.0018598196868339452
 3.4818E-02,0.0005182509203980937
 3.4836E-02,-0.00038561633215539453
 3.4855E-02,-0.0008140708065865264
 3.4873E-02,-0.0007480650247687311
 3.4892E-02,-0.00018817489225773335
 3.4910E-02,0.0008443956066042017
 3.4929E-02,0.00230726625705814
 3.4947E-02,0.004137468542682492
 3.4966E-02,0.006253708066956101
 3.4984E-02,0.008560426502385098
 3.5003E-02,0.010953270131789067
 3.5021E-02,0.013325165151294907
 3.5040E-02,0.015572073758825987
 3.5058E-02,0.017597709189743384
 3.5077E-02,0.019316929945006566
 3.5095E-02,0.020658019808965443
 3.5114E-02,0.02156438111360719
 3.5132E-02,0.021996190679072547
 3.5151E-02,0.021932292550750545
 3.5169E-02,0.021372164316623653
 3.5188E-02,0.020337402548224616
 3.5207E-02,0.0188720156446905
 3.5225E-02,0.017040972852438812
 3.5244E-02,0.014926878967744124
 3.5262E-02,0.01262515225698595
 3.5281E-02,0.01023846705443115
 3.5299E-02,0.007871325866143709
 3.5318E-02,0.005625415191121421
 3.5336E-02,0.003595977212533092
 3.5355E-02,0.0018689874452300595
 3.5373E-02,0.0005186612345227596
 3.5392E-02,-0.00039516764371497095
 3.5410E-02,-0.0008299630602002011
 3.5429E-02,-0.0007634435526358303
 3.5447E-02,-0.00019597335804154867
 3.5466E-02,0.000848336157446456
 3.5484E-02,0.0023223521556615403
 3.5503E-02,0.00415858718768355
 3.5521E-02,0.006273429760245812
 3.5540E-02,0.008572200385733988
 3.5558E-02,0.010954208174875916
 3.5577E-02,0.013317195630221719
 3.5595E-02,0.015560968277674012
 3.5614E-02,0.017590425468190007
 3.5632E-02,0.019318452469777477
 3.5651E-02,0.02066909645241297
 3.5670E-02,0.021581152308170506
 3.5688E-02,0.02201186803647342
 3.5707E-02,0.021940138405794122
 3.5725E-02,0.021368452824809488
 3.5744E-02,0.02032305736856499
 3.5762E-02,0.018852209530573913
 3.5781E-02,0.01702287661691633
 3.5799E-02,0.014916560989575584
 3.5818E-02,0.012624996512953533
 3.5836E-02,0.010246239207971512
 3.5855E-02,0.007881283076338702
 3.5873E-02,0.005630953173459283
 3.5892E-02,0.0035926358826412442
 3.5910E-02,0.001856487644891434
 3.5929E-02,0.0005010804860457493
 3.5947E-02,-0.0004111486143525099
 3.5966E-02,-0.0008379635084375867
 3.5984E-02,-0.0007601560375709342
 3.6003E-02,-0.00018259184071238704
 3.6021E-02,0.0008666522610162577
 3.6040E-02,0.0023387324459733915
 3.6058E-02,0.004167425699619262
 3.6077E-02,0.006272772972438492
 3.6095E-02,0.008564504293163562
 3.6114E-02,0.010945142845772252
 3.6133E-02,0.013313036013968353
 3.6151E-02,0.01556573005944772
 3.6170E-02,0.017604012336220245
 3.6188E-02,0.019336630378902465
 3.6207E-02,0.020685301681883747
 3.6225E-02,0.02158933121177537
 3.6244E-02,0.02200909444382074
 3.6262E-02,0.0219278579629455
 3.6281E-02,0.02135181425638496
 3.6299E-02,0.020308636541913394
 3.6318E-02,0.018845138367096517
 3.6336E-02,0.017024644252051035
 3.6355E-02,0.014924449316607786
 3.6373E-02,0.012633384998590966
 3.6392E-02,0.010249188489335849
 3.6410E-02,0.00787524779653025
 3.6429E-02,0.005616425745755803
 3.6447E-02,0.0035740015845457714
 3.6466E-02,0.0018401627852170151
 3.6484E-02,0.0004927592328019534
 3.6503E-02,-0.00040892724436221743
 3.6521E-02,-0.0008268652271114561
 3.6540E-02,-0.000745267439140192
 3.6558E-02,-0.00017015947344333501
 3.6577E-02,0.000871958569594391
 3.6596E-02,0.0023358284697547055
 3.6614E-02,0.00415921703034313
 3.6633E-02,0.006264787416593244
 3.6651E-02,0.008562365078341072
 3.6670E-02,0.01095200257582773
 3.6688E-02,0.013328104244103274
 3.6707E-02,0.015584541788743614
 3.6725E-02,0.017620315773209494
 3.6744E-02,0.019345059494614
 3.6762E-02,0.020683656391403345
 3.6781E-02,0.02157946558522737
 3.6799E-02,0.02199603106688011
 3.6818E-02,0.02191753003130541
 3.6836E-02,0.021348439408243013
 3.6855E-02,0.020312882519032457
 3.6873E-02,0.018853883778717773
 3.6892E-02,0.01703242863320398
 3.6910E-02,0.01492596067471895
 3.6929E-02,0.012625879595948504
 3.6947E-02,0.010233774534988123
 3.6966E-02,0.007856471944382142
 3.6984E-02,0.005600351693367605
 3.7003E-02,0.0035656315367344313
 3.7021E-02,0.0018413351648218176
 3.7040E-02,0.0005014389352313731
 3.7059E-02,-0.0003976671163373551
 3.7077E-02,-0.0008186149567200783
 3.7096E-02,-0.0007437937189984044
 3.7114E-02,-0.00017575432234682347
 3.7133E-02,0.0008625727048131575
 3.7151E-02,0.0023280049552119337
 3.7170E-02,0.0041579684950439726
 3.7188E-02,0.006272514960897696
 3.7207E-02,0.00857773349771986
 3.7225E-02,0.01097045437795249
 3.7244E-02,0.013343782976648878
 3.7262E-02,0.01559277632890949
 3.7281E-02,0.01761957376648826
 3.7299E-02,0.01933751624228319
 3.7318E-02,0.020674138834708578
 3.7336E-02,0.021573247901422683
 3.7355E-02,0.021996461995163127
 3.7373E-02,0.021924540792778835
 3.7392E-02,0.021358586459902826
 3.7410E-02,0.020320897953716013
 3.7429E-02,0.018855040536332926
 3.7447E-02,0.017024671774995864
 3.7466E-02,0.014910865000964313
 3.7484E-02,0.012608016572214366
 3.7503E-02,0.010218774301745493
 3.7522E-02,0.007848638045812588
 3.7540E-02,0.005600876403232813
 3.7559E-02,0.0035721878410951567
 3.7577E-02,0.0018492109846220777
 3.7596E-02,0.0005057009448446582
 3.7614E-02,-0.00039994060645593093
 3.7633E-02,-0.0008270156620307644
 3.7651E-02,-0.0007547546605525868
 3.7670E-02,-0.0001841277819154257
 3.7688E-02,0.0008612310655218532
 3.7707E-02,0.0023354531598884848
 3.7725E-02,0.004172467233339295
 3.7744E-02,0.006289541195185431
 3.7762E-02,0.008591900798490714
 3.7781E-02,0.010977793750258803
 3.7799E-02,0.01334338341292817
 3.7818E-02,0.015587070363138264
 3.7836E-02,0.017613152745934803
 3.7855E-02,0.019335007950672976
 3.7873E-02,0.020678090735070574
 3.7892E-02,0.021582952210327036
 3.7910E-02,0.022008238595006717
 3.7929E-02,0.0219333477758221
 3.7947E-02,0.021360242317797658
 3.7966E-02,0.020313932638455844
 3.7985E-02,0.01884136106531369
 3.8003E-02,0.017008754847779778
 3.8022E-02,0.0148978393899939
 3.8040E-02,0.012601484050271066
 3.8059E-02,0.010219326511899789
 3.8077E-02,0.007853713133214013
 3.8096E-02,0.005606004946631408
 3.8114E-02,0.003573066398065985
 3.8133E-02,0.0018436821332075083
 3.8151E-02,0.0004947667346424025
 3.8170E-02,-0.0004125138734311525
 3.8188E-02,-0.0008363215070395884
 3.8207E-02,-0.0007568807921785564
 3.8225E-02,-0.00017786199000015626
 3.8244E-02,0.0008738695612959712
 3.8262E-02,0.0023500843372844956
 3.8281E-02,0.004184234677250522
 3.8299E-02,0.006295179737341034
 3.8318E-02,0.00859108093273852
 3.8336E-02,0.010973158786939658
 3.8355E-02,0.013339273053972318
 3.8373E-02,0.01558750258170147
 3.8392E-02,0.017619960085304913
 3.8410E-02,0.01934695254066006
 3.8429E-02,0.02069134728502101
 3.8448E-02,0.02159274302189638
 3.8466E-02,0.022010896983930654
 3.8485E-02,0.02192790006096048
 3.8503E-02,0.02134881470208356
 3.8522E-02,0.02030081052110256
 3.8540E-02,0.018831122745343307
 3.8559E-02,0.01700430625038993
 3.8577E-02,0.014899213947240732
 3.8596E-02,0.012605928238745016
 3.8614E-02,0.010222621187951534
 3.8633E-02,0.007852136820192208
 3.8651E-02,0.005598066897677646
 3.8670E-02,0.003560244786839262
 3.8688E-02,0.0018298455880827456
 3.8707E-02,0.00048453832901247727
 3.8725E-02,-0.0004157281555819414
 3.8744E-02,-0.0008317749045221648
 3.8762E-02,-0.000746770822383155
 3.8781E-02,-0.00016634148420266177
 3.8799E-02,0.0008825136560609257
 3.8818E-02,0.002353280835246904
 3.8836E-02,0.004182195697927532
 3.8855E-02,0.006290723233253637
 3.8873E-02,0.00858829527461156
 3.8892E-02,0.010975505569589
 3.8911E-02,0.013347969205202393
 3.8929E-02,0.015600896749726156
 3.8948E-02,0.017634177731370243
 3.8966E-02,0.01935752410776273
 3.8985E-02,0.02069510148120778
 3.9003E-02,0.021589132995293032
 3.9022E-02,0.022002180384668807
 3.9040E-02,0.021918101522365604
 3.9059E-02,0.021341935880007594
 3.9077E-02,0.020299081308485057
 3.9096E-02,0.018834063635387643
 3.9114E-02,0.017009008595271977
 3.9133E-02,0.014901704630626466
 3.9151E-02,0.012603007691944298
 3.9170E-02,0.010213358893869063
 3.9188E-02,0.00783836458897242
 3.9207E-02,0.0055836555990087505
 3.9225E-02,0.0035494865610994197
 3.9244E-02,0.0018256543665406612
 3.9262E-02,0.00048725642070860417
 3.9281E-02,-0.0004084008344177707
 3.9299E-02,-0.0008237079867022201
 3.9318E-02,-0.0007416672123322513
 3.9336E-02,-0.00016610500785824123
 3.9355E-02,0.0008785903951648238
 3.9374E-02,0.0023481569631078293
 3.9392E-02,0.004179716497634684
 3.9411E-02,0.006293855787394366
 3.9429E-02,0.008597745672158819
 3.9448E-02,0.0109893274714605
 3.9466E-02,0.013362335484974234
 3.9485E-02,0.015611693743621067
 3.9503E-02,0.017638720931730075
 3.9522E-02,0.019355643354144327
 3.9540E-02,0.020689124346004537
 3.9559E-02,0.021582782324309272
 3.9577E-02,0.021998880071329125
 3.9596E-02,0.021919442467428576
 3.9614E-02,0.021346978747815756
 3.9633E-02,0.02030479902717478
 3.9651E-02,0.018836721289229554
 3.9670E-02,0.017005865409425596
 3.9688E-02,0.014892283920099813
 3.9707E-02,0.012589375338272944
 3.9725E-02,0.01019929082981665
 3.9744E-02,0.007827773175423016
 3.9762E-02,0.0055789678250780135
 3.9781E-02,0.003550683013627841
 3.9799E-02,0.001830382490774191
 3.9818E-02,0.00049195708786729
 3.9837E-02,-0.00040685837141237813
 3.9855E-02,-0.0008266066763857833
 3.9874E-02,-0.0007478621385689047
 3.9892E-02,-0.00017253345730331305
 3.9911E-02,0.0008755386337970858
 3.9929E-02,0.0023510160645494583
 3.9948E-02,0.004188783662606268
 3.9966E-02,0.00630700290881178
 3.9985E-02,0.008611284739435496
 4.0003E-02,0.010999547979367117
 4.0022E-02,0.013367038647688453
 4.0040E-02,0.015611052722603658
 4.0059E-02,0.017635095750790357
 4.0077E-02,0.01935244095609663
 4.0096E-02,0.020689214310785912
 4.0114E-02,0.021587171943581878
 4.0133E-02,0.02200623426940807
 4.0151E-02,0.021926657865978468
 4.0170E-02,0.021350554290160605
 4.0188E-02,0.02030239474231303
 4.0207E-02,0.018828216414381243
 4.0225E-02,0.016993451166927093
 4.0244E-02,0.014879553918648286
 4.0262E-02,0.012579817735503164
 4.0281E-02,0.01019484643778782
 4.0300E-02,0.007828089483102717
 4.0318E-02,0.0055816679451523125
 4.0337E-02,0.003552519950905066
 4.0355E-02,0.0018287611839959924
 4.0374E-02,0.00048614920263399916
 4.0392E-02,-0.000415341776063088
 4.0411E-02,-0.000834645594918404
 4.0429E-02,-0.0007520802058678585
 4.0448E-02,-0.00017077580060967617
 4.0466E-02,0.0008832514549886982
 4.0485E-02,0.0023624745956418785
 4.0503E-02,0.004200519058391737
 4.0522E-02,0.006315748694355627
 4.0540E-02,0.008615328950081467
 4.0559E-02,0.010999385386663812
 4.0577E-02,0.013365043454488948
 4.0596E-02,0.015610324461648858
 4.0614E-02,0.01763799451908991
 4.0633E-02,0.019359462697972618
 4.0651E-02,0.020698703974475305
 4.0670E-02,0.02159600032820719
 4.0688E-02,0.02201113821772637
 4.0707E-02,0.021925651577075322
 4.0725E-02,0.021343790343045524
 4.0744E-02,0.020292098640685013
 4.0763E-02,0.01881772834413579
 4.0781E-02,0.016985801230583842
 4.0800E-02,0.014876199189525192
 4.0818E-02,0.012580093246177971
 4.0837E-02,0.01019636339950773
 4.0855E-02,0.0078278950321553
 4.0874E-02,0.005577646821717903
 4.0892E-02,0.003544415886494564
 4.0911E-02,0.0018183675431210872
 4.0929E-02,0.0004765868423536959
 4.0948E-02,-0.00042093968832392786
 4.0966E-02,-0.0008344633691930145
 4.0985E-02,-0.0007463822457432377
 4.1003E-02,-0.00016177191248594488
 4.1022E-02,0.0008923734645944561
 4.1040E-02,0.002368920343797419
 4.1059E-02,0.004203060168481679
 4.1077E-02,0.006315184784299782
 4.1096E-02,0.008614042506007735
 4.1114E-02,0.011000193108910166
 4.1133E-02,0.013369856575250298
 4.1151E-02,0.015619212708903813
 4.1170E-02,0.017649068340193103
 4.1188E-02,0.019369626119550253
 4.1207E-02,0.02070494627925873
 4.1226E-02,0.021596658143102878
 4.1244E-02,0.022006574599367626
 4.1263E-02,0.021918057727886183
 4.1281E-02,0.021336203268219785
 4.1300E-02,0.020287072503792785
 4.1318E-02,0.018816246580271992
 4.1337E-02,0.016986905860917535
 4.1355E-02,0.014877493791438566
 4.1374E-02,0.012578889357551064
 4.1392E-02,0.010190957806794455
 4.1411E-02,0.007818411013414827
 4.1429E-02,0.0055660680855623345
 4.1448E-02,0.0035337995162952785
 4.1466E-02,0.0018115832174532345
 4.1485E-02,0.0004751354405912703
 4.1503E-02,-0.0004175132847006694
 4.1522E-02,-0.0008283121465205261
 4.1540E-02,-0.0007403742632739346
 4.1559E-02,-0.0001582198138890778
 4.1577E-02,0.0008927109589963628
 4.1596E-02,0.002367128698819614
 4.1614E-02,0.004201528832177432
 4.1633E-02,0.0063164803608314005
 4.1651E-02,0.00861969640351569
 4.1670E-02,0.01100994071578133
 4.1689E-02,0.013381664616523434
 4.1707E-02,0.015630083511499106
 4.1726E-02,0.017656267817207118
 4.1744E-02,0.019371796949460895
 4.1763E-02,0.020702620261928494
 4.1781E-02,0.02159194818876128
 4.1800E-02,0.022002188926580388
 4.1818E-02,0.021916076353817576
 4.1837E-02,0.021337158638055687
 4.1855E-02,0.02028973811994705
 4.1874E-02,0.018818222016537788
 4.1892E-02,0.016985733997564336
 4.1911E-02,0.014871812410748734
 4.1929E-02,0.012569106728541448
 4.1948E-02,0.010179154470288578
 4.1966E-02,0.007807512246067575
 4.1985E-02,0.0055586517524968525
 4.2003E-02,0.003531061565433716
 4.2022E-02,0.0018129100882197447
 4.2040E-02,0.0004784631604026527
 4.2059E-02,-0.0004147196958814315
 4.2077E-02,-0.0008278957936182011
 4.2096E-02,-0.0007426537014237489
 4.2114E-02,-0.0001618513073525273
 4.2133E-02,0.0008901194942483603
 4.2152E-02,0.0023679263958348313
 4.2170E-02,0.0042069365063781726
 4.2189E-02,0.006325990193745955
 4.2207E-02,0.008631221221735888
 4.2226E-02,0.011020647392282647
 4.2244E-02,0.01338912598991315
 4.2263E-02,0.0156332448116672
 4.2281E-02,0.017655807329289338
 4.2300E-02,0.01936972902472924
 4.2318E-02,0.02070132295942202
 4.2337E-02,0.02159305019191913
 4.2355E-02,0.022005809819173872
 4.2374E-02,0.021920755356100424
 4.2392E-02,0.021340500676774756
 4.2411E-02,0.020289488658948265
 4.2429E-02,0.018813293750514857
 4.2448E-02,0.016976731777988176
 4.2466E-02,0.01486082604374393
 4.2485E-02,0.01255886468169028
 4.2503E-02,0.010171911725857016
 4.2522E-02,0.007804159445662352
 4.2540E-02,0.0055584316304041394
 4.2559E-02,0.003532008777500647
 4.2577E-02,0.0018128119516039602
 4.2596E-02,0.0004759118125711333
 4.2615E-02,-0.00041964982190068945
 4.2633E-02,-0.0008336430083416904
 4.2652E-02,-0.0007468366354445012
 4.2670E-02,-0.0001623131351997653
 4.2689E-02,0.0008943504644940438
 4.2707E-02,0.0023761816888415496
 4.2726E-02,0.004217156705237446
 4.2744E-02,0.006335567760792391
 4.2763E-02,0.008638066743567593
 4.2781E-02,0.011024013096722445
 4.2800E-02,0.013389829497206587
 4.2818E-02,0.015633201662207157
 4.2837E-02,0.017657085536485984
 4.2855E-02,0.019373548410723723
 4.2874E-02,0.02070744427016314
 4.2892E-02,0.02159982473832798
 4.2911E-02,0.022010867252454443
 4.2929E-02,0.021922025086736355
 4.2948E-02,0.021337115997129445
 4.2966E-02,0.020282175934745437
 4.2985E-02,0.01880407754614214
 4.3003E-02,0.016968088562776606
 4.3022E-02,0.014854660513109741
 4.3040E-02,0.012555757654548992
 4.3059E-02,0.010170965277656402
 4.3078E-02,0.007803499318539998
 4.3096E-02,0.0055561371448295885
 4.3115E-02,0.0035270541370815587
 4.3133E-02,0.0018056009886281636
 4.3152E-02,0.0004681701058256529
 4.3170E-02,-0.00042557725643790846
 4.3189E-02,-0.0008357790794057067
 4.3207E-02,-0.00074441142929842
 4.3226E-02,-0.00015608875031232917
 4.3244E-02,0.0009024088468273235
 4.3263E-02,0.002383741122130187
 4.3281E-02,0.004222490224798053
 4.3300E-02,0.006338240465290011
 4.3318E-02,0.00863903717415571
 4.3337E-02,0.011025111731006416
 4.3355E-02,0.0133928506491822
 4.3374E-02,0.01563901443327566
 4.3392E-02,0.017665159472386484
 4.3411E-02,0.019382105100225377
 4.3429E-02,0.02071416908517891
 4.3448E-02,0.02160282577654539
 4.3466E-02,0.02200946031893516
 4.3485E-02,0.021917001550442156
 4.3503E-02,0.02133037938026558
 4.3522E-02,0.020275911273898474
 4.3541E-02,0.018799821779622156
 4.3559E-02,0.01696611071472927
 4.3578E-02,0.0148539204599068
 4.3596E-02,0.012554454832274431
 4.3615E-02,0.010167428239841403
 4.3633E-02,0.007797018384965198
 4.3652E-02,0.005547370048614714
 4.3670E-02,0.0035178249418453167
 4.3689E-02,0.001798180577101116
 4.3707E-02,0.0004643538912865856
 4.3726E-02,-0.00042519148516343677
 4.3744E-02,-0.0008320002363817212
 4.3763E-02,-0.0007390646150478484
 4.3781E-02,-0.00015120136374880463
 4.3800E-02,0.0009054843619659262
 4.3818E-02,0.0023848830304203017
 4.3837E-02,0.004222800916190947
 4.3855E-02,0.006339485616920763
 4.3874E-02,0.008642782879101377
 4.3892E-02,0.011031944019516418
 4.3911E-02,0.01340202438671166
 4.3929E-02,0.01564868847302367
 4.3948E-02,0.017673116265888345
 4.3966E-02,0.01938663985634426
 4.3985E-02,0.020714759838150403
 4.4004E-02,0.02160029349430337
 4.4022E-02,0.022005553745283173
 4.4041E-02,0.021913594762549542
 4.4059E-02,0.02132863907434186
 4.4078E-02,0.020275801314653983
 4.4096E-02,0.01880016078574188
 4.4115E-02,0.016965152420876598
 4.4133E-02,0.014850195561248395
 4.4152E-02,0.012547498857349189
 4.4170E-02,0.010158072213888147
 4.4189E-02,0.007787113351948948
 4.4207E-02,0.0055390662337010035
 4.4226E-02,0.0035127211707959376
 4.4244E-02,0.0017967143815442834
 4.4263E-02,0.00046569464439938173
 4.4281E-02,-0.000422706269085539
 4.4300E-02,-0.0008300833177431218
 4.4318E-02,-0.0007386994676127181
 4.4337E-02,-0.00015220801296269876
 4.4355E-02,0.0009043492194840895
 4.4374E-02,0.002385339168430898
 4.4392E-02,0.00422623280087493
 4.4411E-02,0.006346265812405121
 4.4429E-02,0.008652030400182316
 4.4448E-02,0.011041825500313188
 4.4467E-02,0.013410467202850395
 4.4485E-02,0.015654194474178776
 4.4504E-02,0.01767532178771051
 4.4522E-02,0.019386380729663564
 4.4541E-02,0.02071361891979517
 4.4559E-02,0.02159983597031302
 4.4578E-02,0.022006591568043906
 4.4596E-02,0.021915806335111553
 4.4615E-02,0.021330711090172053
 4.4633E-02,0.020276027552491076
 4.4652E-02,0.018797230611361813
 4.4670E-02,0.016958778866131573
 4.4689E-02,0.014841305002972312
 4.4707E-02,0.012537898624680792
 4.4726E-02,0.010149742351878398
 4.4744E-02,0.00778143271090424
 4.4763E-02,0.00553630942575719
 4.4781E-02,0.003512041311179542
 4.4800E-02,0.0017966116238820465
 4.4818E-02,0.00046475747214613674
 4.4837E-02,-0.0004251177835445616
 4.4855E-02,-0.0008335146981606567
 4.4874E-02,-0.0007417809641130311
 4.4892E-02,-0.00015325521622786204
 4.4911E-02,0.0009065790908707061
 4.4930E-02,0.0023910688582299533
 4.4948E-02,0.004234519100019413
 4.4967E-02,0.006355350430177103
 4.4985E-02,0.008660034114719576
 4.5004E-02,0.011047482469512
 4.5022E-02,0.01341358034853989
 4.5041E-02,0.015655617113522924
 4.5059E-02,0.017676480074311024
 4.5078E-02,0.019388553512148098
 4.5096E-02,0.020717297288996704
 4.5115E-02,0.02160444774397555
 4.5133E-02,0.02201071309905249
 4.5152E-02,0.021917767748426662
 4.5170E-02,0.021329327156735155
 4.5189E-02,0.020271131563311822
 4.5207E-02,0.018789776465858832
 4.5226E-02,0.016950467536636912
 4.5244E-02,0.014833900651169287
 4.5263E-02,0.012532534556864976
 4.5281E-02,0.01014651880099398
 4.5300E-02,0.007779477403577266
 4.5318E-02,0.00553426682286948
 4.5337E-02,0.003508768130958176
 4.5355E-02,0.0017917673630055168
 4.5374E-02,0.0004590273133415787
 4.5393E-02,-0.0004302665644116328
 4.5411E-02,-0.0008364356681994753
 4.5430E-02,-0.0007413459334294383
 4.5448E-02,-0.00014934059133461547
 4.5467E-02,0.0009130290087648001
 4.5485E-02,0.002398427740899337
 4.5504E-02,0.00424114335377292
 4.5522E-02,0.006360231792796425
 4.5541E-02,0.008663156441753575
 4.5559E-02,0.011049730894004028
 4.5578E-02,0.013416248885174193
 4.5596E-02,0.01565973749531227
 4.5615E-02,0.017682272444778033
 4.5633E-02,0.019395244548441038
 4.5652E-02,0.020723388063732466
 4.5670E-02,0.021608314520815936
 4.5689E-02,0.02201127733528405
 4.5707E-02,0.0219149415685049
 4.5726E-02,0.021324040265792068
 4.5744E-02,0.02026493036269437
 4.5763E-02,0.018784173959846176
 4.5781E-02,0.016946330537333496
 4.5800E-02,0.014831141697880265
 4.5818E-02,0.01253023920903033
 4.5837E-02,0.010143445750974107
 4.5856E-02,0.007774704786619756
 4.5874E-02,0.0055276951839830935
 4.5893E-02,0.00350125557760826
 4.5911E-02,0.0017848358108958988
 4.5930E-02,0.00045426784891641867
 4.5948E-02,-0.0004318295202398553
 4.5967E-02,-0.0008347447800998442
 4.5985E-02,-0.0007373036964721299
 4.6004E-02,-0.00014440122384025411
 4.6022E-02,0.0009174867886347461
 4.6041E-02,0.002401671116741408
 4.6059E-02,0.004243350339088534
 4.6078E-02,0.006362338208734509
 4.6096E-02,0.008666357295604657
 4.6115E-02,0.011054860652864203
 4.6133E-02,0.013423317855571151
 4.6152E-02,0.015667831929149018
 4.6170E-02,0.017689865070036167
 4.6189E-02,0.01940078111010543
 4.6207E-02,0.02072589406308666
 4.6226E-02,0.021607758048523003
 4.6244E-02,0.0220085320115785
 4.6263E-02,0.02191136997742372
 4.6281E-02,0.021320884727930887
 4.6300E-02,0.02026278096797564
 4.6319E-02,0.01878274725016339
 4.6337E-02,0.016944652960727613
 4.6356E-02,0.014828052135114123
 4.6374E-02,0.012524984163859162
 4.6393E-02,0.010136100982793841
 4.6411E-02,0.007766235023971483
 4.6430E-02,0.005519623870935813
 4.6448E-02,0.003495088180469697
 4.6467E-02,0.0017814875639035653
 4.6485E-02,0.0004537433568409541
 4.6504E-02,-0.00043036924261013933
 4.6522E-02,-0.0008325625769099672
 4.6541E-02,-0.0007355023478909358
 4.6559E-02,-0.0001434338212467274
 4.6578E-02,0.0009179975022760825
 4.6596E-02,0.0024027274745962567
 4.6615E-02,0.004246082267667395
 4.6633E-02,0.006367435916069115
 4.6652E-02,0.008673686866512986
 4.6670E-02,0.011063434364607454
 4.6689E-02,0.013431634733657057
 4.6707E-02,0.015674441332106874
 4.6726E-02,0.017693908545728505
 4.6744E-02,0.0194022781847787
 4.6763E-02,0.020725651110627494
 4.6782E-02,0.02160694557526198
 4.6800E-02,0.022008121065651327
 4.6819E-02,0.021911678852085423
 4.6837E-02,0.021321436353440117
 4.6856E-02,0.020262532369190046
 4.6874E-02,0.018780587106043967
 4.6893E-02,0.01693994485800093
 4.6911E-02,0.014820981591812473
 4.6930E-02,0.012516554868266068
 4.6948E-02,0.010127780658222245
 4.6967E-02,0.007759405105100407
 4.6985E-02,0.005515072096782099
 4.7004E-02,0.0034927625156201073
 4.7022E-02,0.001780613553068389
 4.7041E-02,0.0004532469721333322
 4.7059E-02,-0.00043132442119566013
 4.7078E-02,-0.0008341632333224376
 4.7096E-02,-0.0007371805266181474
 4.7115E-02,-0.0001441146310723839
 4.7133E-02,0.0009194060767431288
 4.7152E-02,0.002406819692769041
 4.7170E-02,0.004252642477754517
 4.7189E-02,0.0063754676076868185
 4.7207E-02,0.008681771607123549
 4.7226E-02,0.011070264942804437
 4.7245E-02,0.013436491296181257
 4.7263E-02,0.015677405560279942
 4.7282E-02,0.01769572710921097
 4.7300E-02,0.01940394140090411
 4.7319E-02,0.020727877629793643
 4.7337E-02,0.021609804016002737
 4.7356E-02,0.022010957440624857
 4.7374E-02,0.021913382186046364
 4.7393E-02,0.021320924714865633
 4.7411E-02,0.020259244071886964
 4.7430E-02,0.018774759905573563
 4.7448E-02,0.016932559903330046
 4.7467E-02,0.014813396643123942
 4.7485E-02,0.012509987319480147
 4.7504E-02,0.01012286534244877
 4.7522E-02,0.007756016909390264
 4.7541E-02,0.005512485290652714
 4.7559E-02,0.0034900700711505096
 4.7578E-02,0.0017772161772130353
 4.7596E-02,0.0004491926395615356
 4.7615E-02,-0.0004353019811618368
 4.7633E-02,-0.000836924847266681
 4.7652E-02,-0.0007376576781003595
 4.7670E-02,-0.0001417723648464666
 4.7689E-02,0.0009243223113512296
 4.7708E-02,0.0024133611042426867
 4.7726E-02,0.004259523908570541
 4.7745E-02,0.0063815641330136445
 4.7763E-02,0.008686528986530011
 4.7782E-02,0.011073847541009348
 4.7800E-02,0.013439607686191752
 4.7819E-02,0.015680894309708544
 4.7837E-02,0.017700090528579425
 4.7856E-02,0.0194090370365994
 4.7874E-02,0.020732906564079435
 4.7893E-02,0.021613603092940983
 4.7911E-02,0.02201246784163424
 4.7930E-02,0.021912088857420155
 4.7948E-02,0.02131707422081238
 4.7967E-02,0.020253746342825975
 4.7985E-02,0.018768818412412597
 4.8004E-02,0.016927193387744188
 4.8022E-02,0.014809061475367697
 4.8041E-02,0.012506463106529832
 4.8059E-02,0.010119448771205661
 4.8078E-02,0.007751932399209149
 4.8096E-02,0.005507326070262902
 4.8115E-02,0.003484071216298173
 4.8133E-02,0.0017712365542112646
 4.8152E-02,0.0004444117403878049
 4.8171E-02,-0.00043784072411068113
 4.8189E-02,-0.0008367255722136302
 4.8208E-02,-0.0007349601048445731
 4.8226E-02,-0.00013743629815018434
 4.8245E-02,0.0009291832718740351
 4.8263E-02,0.0024178351073526434
 4.8282E-02,0.004263246677685525
 4.8300E-02,0.006384806083787607
 4.8319E-02,0.008689989692137558
 4.8337E-02,0.011078252942569049
 4.8356E-02,0.013445292191975173
 4.8374E-02,0.015687556056599366
 4.8393E-02,0.017706831123811443
 4.8411E-02,0.01941467119135457
 4.8430E-02,0.020736407827686484
 4.8448E-02,0.021614491979971267
 4.8467E-02,0.022010974288314316
 4.8485E-02,0.02190902053246514
 4.8504E-02,0.021313451475673467
 4.8522E-02,0.020250366301483847
 4.8541E-02,0.01876594011505718
 4.8559E-02,0.016924480483983526
 4.8578E-02,0.014805803759828214
 4.8596E-02,0.01250197448707902
 4.8615E-02,0.010113461698318699
 4.8634E-02,0.00774481120126032
 4.8652E-02,0.005500002334645848
 4.8671E-02,0.0034777271933287253
 4.8689E-02,0.0017668732079509702
 4.8708E-02,0.0004424880495391707
 4.8726E-02,-0.0004375427310582392
 4.8745E-02,-0.0008349550521112611
 4.8763E-02,-0.0007326386815278024
 4.8782E-02,-0.00013524630907642027
 4.8800E-02,0.0009310822417962875
 4.8819E-02,0.002419838314953092
 4.8837E-02,0.004266073717069099
 4.8856E-02,0.006389112745912364
 4.8874E-02,0.008695996616414048
 4.8893E-02,0.011085557914772034
 4.8911E-02,0.013452951893545152
 4.8930E-02,0.01569440439339311
 4.8948E-02,0.017711897285468292
 4.8967E-02,0.019417517071792248
 4.8985E-02,0.020737240391874304
 4.9004E-02,0.021614005502768822
 4.9022E-02,0.022009996074703254
 4.9041E-02,0.0219081192942837
 4.9059E-02,0.02131268235795599
 4.9078E-02,0.020249264442911582
 4.9097E-02,0.01876376347398289
 4.9115E-02,0.01692059188314917
 4.9134E-02,0.014800020642853634
 4.9152E-02,0.012494729549024272
 4.9171E-02,0.010105701346644628
 4.9189E-02,0.007737674284078105
 4.9208E-02,0.00549441766394992
 4.9226E-02,0.0034741030045630666
 4.9245E-02,0.001765010153926601
 4.9263E-02,0.00044174851043579785
 4.9282E-02,-0.00043788851106539085
 4.9300E-02,-0.0008353619087724409
 4.9319E-02,-0.0007330618465051681
 4.9337E-02,-0.00013515804260292967
 4.9356E-02,0.0009324431313108656
 4.9374E-02,0.002423095560710805
 4.9393E-02,0.00427138637601124
 4.9411E-02,0.006396037580109546
 4.9430E-02,0.008703602733401827
 4.9448E-02,0.011092745760410687
 4.9467E-02,0.01345883944225586
 4.9485E-02,0.0156986146050226
 4.9504E-02,0.017714625073221836
 4.9522E-02,0.019419351486956702
 4.9541E-02,0.020738825367122227
 4.9560E-02,0.02161569280576813
 4.9578E-02,0.022011646217650088
 4.9597E-02,0.02190913938069359
 4.9615E-02,0.021312284040969732
 4.9634E-02,0.020246827287345663
 4.9652E-02,0.01875914229656031
 4.9671E-02,0.016914231465032455
 4.9689E-02,0.014792826185308885
 4.9708E-02,0.012487748494884527
 4.9726E-02,0.01009975428833695
 4.9745E-02,0.007733093674352493
 4.9763E-02,0.0054910042159256635
 4.9782E-02,0.0034713130909884006
 4.9800E-02,0.0017622860405636165
 4.9819E-02,0.0004388414752650408
 4.9837E-02,-0.00044074745251103126
 4.9856E-02,-0.0008375204361165791
 4.9874E-02,-0.0007337088712544478
 4.9893E-02,-0.00013367504975629358
 4.9911E-02,0.0009361964229775988
 4.9930E-02,0.002428686943854168
 4.9948E-02,0.004277950252987322
 4.9967E-02,0.006402587520107439
 4.9985E-02,0.00870938239278508
 5.0004E-02,0.011097467378427886
 5.0023E-02,0.013462709605725834
 5.0041E-02,0.015702141211874514
 5.0060E-02,0.017718295809169282
 5.0078E-02,0.019423330201823283
 5.0097E-02,0.020742803904741914
 5.0115E-02,0.021618966216118057
 5.0134E-02,0.022013379823629605
 5.0152E-02,0.02190871094823411
 5.0171E-02,0.021309550932807782
 5.0189E-02,0.0202422015017899
 5.0208E-02,0.018753440801599873
 5.0226E-02,0.01690836764423631
 5.0245E-02,0.01478747701439831
 5.0263E-02,0.012483141146806154
 5.0282E-02,0.010095661692251836
 5.0300E-02,0.007729035522397856
 5.0319E-02,0.005486559312732988
 5.0337E-02,0.0034664006133938944
 5.0356E-02,0.0017572881003956938
 5.0374E-02,0.00043451030677390157
 5.0393E-02,-0.000443558924477407
 5.0411E-02,-0.0008381880080711457
 5.0430E-02,-0.0007320835014719561
 5.0448E-02,-0.0001301398174110729
 5.0467E-02,0.0009408824970309161
 5.0486E-02,0.0024336891398229997
 5.0504E-02,0.004282671410284739
 5.0523E-02,0.006406859017016956
 5.0541E-02,0.00871345260789674
 5.0560E-02,0.011101797325523879
 5.0578E-02,0.013467670593012415
 5.0597E-02,0.015707752321687387
 5.0615E-02,0.01772412094222351
 5.0634E-02,0.01942858350690513
 5.0652E-02,0.02074662004857204
 5.0671E-02,0.021620718969722577
 5.0689E-02,0.022012911024072962
 5.0708E-02,0.021906371332955858
 5.0726E-02,0.021306036992487627
 5.0745E-02,0.020238261671653202
 5.0763E-02,0.01874958061503921
 5.0782E-02,0.01690468226725016
 5.0800E-02,0.014783681802396278
 5.0819E-02,0.012478782439522534
 5.0837E-02,0.010090410237600055
 5.0856E-02,0.00772292882520151
 5.0874E-02,0.005480082390206235
 5.0893E-02,0.0034603664224182244
 5.0911E-02,0.0017525673296768924
 5.0930E-02,0.0004317263322901857
 5.0949E-02,-0.0004442391654849813
 5.0967E-02,-0.0008370788232273668
 5.0986E-02,-0.00072981321797581
 5.1004E-02,-0.00012736725124861455
 5.1023E-02,0.0009437424878250401
 5.1041E-02,0.0024366112411565465
 5.1060E-02,0.004285974882117053
 5.1078E-02,0.006410995266029539
 5.1097E-02,0.008718722565187105
 5.1115E-02,0.011108126886457051
 5.1134E-02,0.013474546711701601
 5.1152E-02,0.01571435147266234
 5.1171E-02,0.01772957688400835
 5.1189E-02,0.019432279988795844
 5.1208E-02,0.02074838325313546
 5.1226E-02,0.021620828727353953
 5.1245E-02,0.022011929479483255
 5.1263E-02,0.021904867508141336
 5.1282E-02,0.021304330369024235
 5.1300E-02,0.020236297968393
 5.1319E-02,0.018746993084565195
 5.1337E-02,0.01690100884147544
 5.1356E-02,0.01477863911135148
 5.1374E-02,0.012472472628475832
 5.1393E-02,0.010083366384864508
 5.1412E-02,0.007715976045089883
 5.1430E-02,0.005474072693784797
 5.1449E-02,0.0034559004141663267
 5.1467E-02,0.0017498208968536543
 5.1486E-02,0.00043045382761434394
 5.1504E-02,-0.0004445312489408193
 5.1523E-02,-0.0008368678268347924
 5.1541E-02,-0.0007293244312601766
 5.1560E-02,-0.00012647070479014817
 5.1578E-02,0.0009454577552888382
 5.1597E-02,0.002439619696367832
 5.1615E-02,0.004290551620255307
 5.1634E-02,0.006417025840445097
 5.1652E-02,0.008725671848671445
 5.1671E-02,0.011115183588861415
 5.1689E-02,0.013480883274222614
 5.1708E-02,0.01571938876844084
 5.1726E-02,0.01773314152269425
 5.1745E-02,0.019434589630409116
 5.1763E-02,0.020749871062449972
 5.1782E-02,0.021621888465358396
 5.1800E-02,0.02201269671155162
 5.1819E-02,0.02190513516464474
 5.1837E-02,0.02130363628889159
 5.1856E-02,0.020234145105318905
 5.1875E-02,0.018743103880147164
 5.1893E-02,0.016895499939428796
 5.1912E-02,0.014772037625416796
 5.1930E-02,0.012465564806160782
 5.1949E-02,0.01007694279868389
 5.1967E-02,0.007710582098363091
 5.1986E-02,0.00546986984529468
 5.2004E-02,0.0034526940109832335
 5.2023E-02,0.0017472370127649644
 5.2041E-02,0.0004281825022415999
 5.2060E-02,-0.00044653705465281276
 5.2078E-02,-0.0008383274094208203
 5.2097E-02,-0.0007297282961401478
 5.2115E-02,-0.0001253000327814714
 5.2134E-02,0.0009484879125826258
 5.2152E-02,0.0024444010727504057
 5.2171E-02,0.0042965783479617286
 5.2189E-02,0.006423548559657634
 5.2208E-02,0.008731944927883518
 5.2226E-02,0.011120700008974608
 5.2245E-02,0.013485498005625976
 5.2263E-02,0.01572328116345811
 5.2282E-02,0.017736638352221015
 5.2300E-02,0.01943793153196234
 5.2319E-02,0.020753029422720212
 5.2338E-02,0.021624516562266886
 5.2356E-02,0.02201423871105066
 5.2375E-02,0.02190504607301944
 5.2393E-02,0.021301616420231997
 5.2412E-02,0.02023028586113215
 5.2430E-02,0.018737880453169636
 5.2449E-02,0.016889613572603275
 5.2467E-02,0.014766175545512008
 5.2486E-02,0.012460181056059784
 5.2504E-02,0.010072152691467752
 5.2523E-02,0.00770621192073717
 5.2541E-02,0.005465634593239994
 5.2560E-02,0.003448419787432034
 5.2578E-02,0.0017430258274548488
 5.2597E-02,0.00042444355991510174
 5.2615E-02,-0.0004492058575070409
 5.2634E-02,-0.000839357570398667
 5.2652E-02,-0.0007288040378786863
 5.2671E-02,-0.00012248997459528342
 5.2689E-02,0.0009527477691969303
 5.2708E-02,0.002449465434153945
 5.2726E-02,0.004301823197283619
 5.2745E-02,0.006428574944461564
 5.2763E-02,0.008736669643766964
 5.2782E-02,0.011125297516123261
 5.2801E-02,0.013490223890297689
 5.2819E-02,0.01572825967537258
 5.2838E-02,0.017741712064125052
 5.2856E-02,0.01944264325035102
 5.2875E-02,0.020756747571273663
 5.2893E-02,0.021626651461645365
 5.2912E-02,0.022014456692299553
 5.2930E-02,0.02190338900871973
 5.2949E-02,0.021298475611958058
 5.2967E-02,0.020226242855722016
 5.2986E-02,0.01873348507855296
 5.3004E-02,0.016885195865486344
 5.3023E-02,0.014761771877468344
 5.3041E-02,0.01245560320534151
 5.3060E-02,0.010067164882176072
 5.3078E-02,0.007700733158304185
 5.3097E-02,0.005459872847974469
 5.3115E-02,0.0034428751582798512
 5.3134E-02,0.0017383579709725945
 5.3152E-02,0.00042125862619601397
 5.3171E-02,-0.00045055810979992424
 5.3189E-02,-0.0008388902572177756
 5.3208E-02,-0.0007268591078089717
 5.3226E-02,-0.00011958058707388938
 5.3245E-02,0.0009561482953569838
 5.3264E-02,0.002453095824320064
 5.3282E-02,0.004305693727797688
 5.3301E-02,0.006432891070976575
 5.3319E-02,0.008741657075887477
 5.3338E-02,0.011131009783907846
 5.3356E-02,0.013496421211746339
 5.3375E-02,0.015734416422710396
 5.3393E-02,0.01774715331577781
 5.3412E-02,0.01944675390123793
 5.3430E-02,0.02075916539977803
 5.3449E-02,0.02162736250739811
 5.3467E-02,0.022013754106295854
 5.3486E-02,0.021901716184037173
 5.3504E-02,0.0212962245005054
 5.3523E-02,0.02022359686983455
 5.3541E-02,0.018730374899452312
 5.3560E-02,0.016881385411381487
 5.3578E-02,0.014757033399525403
 5.3597E-02,0.01244990078222323
 5.3615E-02,0.01006076186977253
 5.3634E-02,0.007694172798905196
 5.3652E-02,0.005453837154818373
 5.3671E-02,0.0034379806007827003
 5.3689E-02,0.0017349739507486546
 5.3708E-02,0.00041942441390688126
 5.3727E-02,-0.0004510855802192956
 5.3745E-02,-0.0008384823495264327
 5.3764E-02,-0.000725825498728784
 5.3782E-02,-0.00011802810350984702
 5.3801E-02,0.0009583460863452999
 5.3819E-02,0.0024562062105147587
 5.3838E-02,0.004309952430860991
 5.3856E-02,0.0064383283513668906
 5.3875E-02,0.008748001900172277
 5.3893E-02,0.011137717504594653
 5.3912E-02,0.013502816111143547
 5.3930E-02,0.015739890193368786
 5.3949E-02,0.01775133619773371
 5.3967E-02,0.019449587424228337
 5.3986E-02,0.020760848998716525
 5.4004E-02,0.021628201500310924
 5.4023E-02,0.02201397925155194
 5.4041E-02,0.02190135647220196
 5.4060E-02,0.02129509009552305
 5.4078E-02,0.020221379332065085
 5.4097E-02,0.018726819161796308
 5.4115E-02,0.016876455753842938
 5.4134E-02,0.014750998009420997
 5.4152E-02,0.012443295156977202
 5.4171E-02,0.010054244370191789
 5.4190E-02,0.007688332607290958
 5.4208E-02,0.005449035138066638
 5.4227E-02,0.0034342884568515264
 5.4245E-02,0.0017322334787244023
 5.4264E-02,0.0004173961463361244
 5.4282E-02,-0.000452553668986479
 5.4301E-02,-0.0008393430392327368
 5.4319E-02,-0.0007258281608918919
 5.4338E-02,-0.00011682451536843886
 5.4356E-02,0.0009610327941266979
 5.4375E-02,0.0024604246794945523
 5.4393E-02,0.004315448679776443
 5.4412E-02,0.006444588525957469
 5.4430E-02,0.008754395926414388
 5.4449E-02,0.011143683699846212
 5.4467E-02,0.01350800945506922
 5.4486E-02,0.015744233490070703
 5.4504E-02,0.017754956390882398
 5.4523E-02,0.01945266982934223
 5.4541E-02,0.020763477914447347
 5.4560E-02,0.021630260866440387
 5.4578E-02,0.022015159562392656
 5.4597E-02,0.021901266307709687
 5.4615E-02,0.021293423654228302
 5.4634E-02,0.020218066027182274
 5.4653E-02,0.018722088784888152
 5.4671E-02,0.016870789477091863
 5.4690E-02,0.01474498520270556
 5.4708E-02,0.012437456650562877
 5.4727E-02,0.010048896569257823
 5.4745E-02,0.007683547928908607
 5.4764E-02,0.005444711217480662
 5.4782E-02,0.003430290596673697
 5.4801E-02,0.001728543018251034
 5.4819E-02,0.0004141956276108114
 5.4838E-02,-0.0004548989395571297
 5.4856E-02,-0.0008404010487552705
 5.4875E-02,-0.0007252643226785944
 5.4893E-02,-0.00011454269172138831
 5.4912E-02,0.0009648339144265107
 5.4930E-02,0.0024653048221794146
 5.4949E-02,0.0043208664667573
 5.4967E-02,0.006450069446129117
 5.4986E-02,0.00875965695743025
 5.5004E-02,0.011148663675973666
 5.5023E-02,0.013512796342879312
 5.5041E-02,0.015748925352242517
 5.5060E-02,0.01775952189490143
 5.5078E-02,0.019456873933216517
 5.5097E-02,0.020766909028570552
 5.5116E-02,0.021632450395959638
 5.5134E-02,0.022015743394060552
 5.5153E-02,0.021900118790203198
 5.5171E-02,0.021290706270324096
 5.5190E-02,0.02021417001310672
 5.5208E-02,0.01871749694820168
 5.5227E-02,0.01686591706782421
 5.5245E-02,0.014740067735279826
 5.5264E-02,0.012432530726250862
 5.5282E-02,0.010043877897907906
 5.5301E-02,0.00767836751657131
 5.5319E-02,0.0054394451353937
 5.5338E-02,0.0034252219780270504
 5.5356E-02,0.0017241252825576237
 5.5375E-02,0.00041092984784932263
 5.5393E-02,-0.0004566215253197915
 5.5412E-02,-0.0008404247914802299
 5.5430E-02,-0.000723710187135602
 5.5449E-02,-0.00011174820219129328
 5.5467E-02,0.0009684486267090644
 5.5486E-02,0.0024693863391824925
 5.5504E-02,0.004325228695890438
 5.5523E-02,0.0064547039711949465
 5.5541E-02,0.008764652127699817
 5.5560E-02,0.011154072116218931
 5.5579E-02,0.013518513485623974
 5.5597E-02,0.01575463670984319
 5.5616E-02,0.017764746326200818
 5.5634E-02,0.019461087609241867
 5.5653E-02,0.020769698966165297
 5.5671E-02,0.021633633112862642
 5.5690E-02,0.022015399268817896
 5.5708E-02,0.021898529369545384
 5.5727E-02,0.02128822380160718
 5.5745E-02,0.02021107732736396
 5.5764E-02,0.01871391884199098
 5.5782E-02,0.016861820382848464
 5.5801E-02,0.014735347197061472
 5.5819E-02,0.012427139134823632
 5.5838E-02,0.010037939444759733
 5.5856E-02,0.007672220443478258
 5.5875E-02,0.00543359117255434
 5.5893E-02,0.0034202010821513923
 5.5912E-02,0.001720367008498617
 5.5930E-02,0.00040864289076281667
 5.5949E-02,-0.00045747678477857465
 5.5967E-02,-0.0008400719983064005
 5.5986E-02,-0.0007224317815515311
 5.6000E-02,-0.0003014704718509308
