  0.000,0.0
  1.000,0.01985869689234798
  0.000,0.01985869689234798
 1.4180E-05,0.02052668546736286
 2.8360E-05,0.02275429909202295
 4.2540E-05,0.02586865636441564
 5.6720E-05,0.0302855982106343
 7.0900E-05,0.03609625891617421
 8.5080E-05,0.04205423059264818
 9.9260E-05,0.04659512487950278
 1.1344E-04,0.04887556392285637
 1.2762E-04,0.048686735246615674
 1.4180E-04,0.04577639098892664
 1.5598E-04,0.04001541695109368
 1.7016E-04,0.0324701433275363
 1.8434E-04,0.024892276016492996
 1.9852E-04,0.018241810698344817
 2.1270E-04,0.012833530604916377
 2.2688E-04,0.00920285380649747
 2.4106E-04,0.007689317906333114
 2.5524E-04,0.007522927183486388
 2.6942E-04,0.007363621163708823
 2.8360E-04,0.006603706271232062
 2.9778E-04,0.00523834672325056
 3.1196E-04,0.0030201981084099286
 3.2614E-04,-5.382117458500174e-05
 3.4032E-04,-0.002970436529654181
 3.5450E-04,-0.004371856981407091
 3.6868E-04,-0.0036031116618408035
 3.8286E-04,-0.000562486356658203
 3.9704E-04,0.004874845555640825
 4.1122E-04,0.012454935011784615
 4.2540E-04,0.021009138299150514
 4.3958E-04,0.029032320177368374
 4.5376E-04,0.03552282229893542
 4.6794E-04,0.0400022467253216
 4.8212E-04,0.04213339356947316
 4.9630E-04,0.04188434593905486
 5.1048E-04,0.04003051820266292
 5.2466E-04,0.03781065605361417
 5.3884E-04,0.0359848078249172
 5.5302E-04,0.03476639863448908
 5.6720E-04,0.034351880536215046
 5.8138E-04,0.034679966682676616
 5.9556E-04,0.03491745851990826
 6.0974E-04,0.03394595320187807
 6.2392E-04,0.031205529324835623
 6.3810E-04,0.02663713103041255
 6.5228E-04,0.02030154904277867
 6.6646E-04,0.01265689691411811
 6.8064E-04,0.004846211618882297
 6.9482E-04,-0.001779196771486303
 7.0900E-04,-0.006307366912541063
 7.2318E-04,-0.008325520192255602
 7.3736E-04,-0.007682895702923886
 7.5154E-04,-0.004623135270601847
 7.6572E-04,-3.6611674883574134e-05
 7.7990E-04,0.004883537010556914
 7.9408E-04,0.009288059635716623
 8.0826E-04,0.012784478449645984
 8.2244E-04,0.015184842847350995
 8.3662E-04,0.01661686593615555
 8.5080E-04,0.017774803196476847
 8.6498E-04,0.019583049905622534
 8.7916E-04,0.022576672905607085
 8.9334E-04,0.02682051463162562
 9.0752E-04,0.032151232529952875
 9.2170E-04,0.03806505768004914
 9.3588E-04,0.04353775794199585
 9.5006E-04,0.047392141181743244
 9.6424E-04,0.048864183187453746
 9.7842E-04,0.047687345442574906
 9.9260E-04,0.043919669122674615
 1.0068E-03,0.038047127229745174
 1.0210E-03,0.031088638867212377
 1.0351E-03,0.024242357809006403
 1.0493E-03,0.018392620140304215
 1.0635E-03,0.013995421494451241
 1.0777E-03,0.011193117906875119
 1.0919E-03,0.009757690021286906
 1.1060E-03,0.009011906619000292
 1.1202E-03,0.008117319071244309
 1.1344E-03,0.006534412253838653
 1.1486E-03,0.004149261945914516
 1.1628E-03,0.0011395631366617242
 1.1769E-03,-0.0019994294303888336
 1.1911E-03,-0.004391941271700705
 1.2053E-03,-0.005081956517300649
 1.2195E-03,-0.0034826119306398083
 1.2337E-03,0.000514743777983862
 1.2478E-03,0.006651920012202346
 1.2620E-03,0.014270666609748354
 1.2762E-03,0.02229921721522913
 1.2904E-03,0.029562563261247683
 1.3046E-03,0.035193614973765816
 1.3187E-03,0.03876622306806325
 1.3329E-03,0.040235584436918645
 1.3471E-03,0.039956375551767315
 1.3613E-03,0.03867425964657162
 1.3755E-03,0.03725116692958162
 1.3896E-03,0.0362884314697797
 1.4038E-03,0.03599184390415472
 1.4180E-03,0.036236852305000004
 1.4322E-03,0.036576949301727134
 1.4464E-03,0.03626804563131378
 1.4605E-03,0.03453650153984922
 1.4747E-03,0.03093862170454809
 1.4889E-03,0.02548392571893271
 1.5031E-03,0.018567050984495743
 1.5173E-03,0.010942418194999004
 1.5314E-03,0.0036665610079063497
 1.5456E-03,-0.002182016111209501
 1.5598E-03,-0.005850324785748169
 1.5740E-03,-0.0070411106969393445
 1.5882E-03,-0.005872311109477568
 1.6023E-03,-0.002858386132136238
 1.6165E-03,0.001156011087381773
 1.6307E-03,0.005257707761668172
 1.6449E-03,0.008781879177961423
 1.6591E-03,0.011444435702254535
 1.6732E-03,0.013315895797963507
 1.6874E-03,0.014790937638742473
 1.7016E-03,0.016510994360733625
 1.7158E-03,0.019122270596783914
 1.7300E-03,0.02298294328210498
 1.7441E-03,0.028039456899025192
 1.7583E-03,0.03386571025035891
 1.7725E-03,0.039719046136535235
 1.7867E-03,0.044640315033073426
 1.8009E-03,0.04770782393266525
 1.8150E-03,0.04833459286606218
 1.8292E-03,0.04639710259701742
 1.8434E-03,0.04220552841041799
 1.8576E-03,0.03644764232410486
 1.8718E-03,0.030075577603132807
 1.8859E-03,0.02405168737458593
 1.9001E-03,0.01906792878808201
 1.9143E-03,0.015419553859329749
 1.9285E-03,0.013022125193522196
 1.9427E-03,0.011465769422620143
 1.9568E-03,0.010127737530734251
 1.9710E-03,0.008403287244801614
 1.9852E-03,0.005956284902742637
 1.9994E-03,0.002830762622135403
 2.0136E-03,-0.0005781490816576433
 2.0277E-03,-0.003600413103361959
 2.0419E-03,-0.005421360752817107
 2.0561E-03,-0.005314689596878879
 2.0703E-03,-0.002888932245437744
 2.0845E-03,0.001800781074648467
 2.0986E-03,0.008280644818761363
 2.1128E-03,0.015740563508571514
 2.1270E-03,0.023175556758435373
 2.1412E-03,0.029625408549613454
 2.1554E-03,0.03442484360748816
 2.1695E-03,0.0373261381060619
 2.1837E-03,0.03848663762780641
 2.1979E-03,0.03839428423581683
 2.2121E-03,0.037730070549408475
 2.2263E-03,0.037143202429601264
 2.2404E-03,0.03702431772536005
 2.2546E-03,0.03739944944218756
 2.2688E-03,0.037952598159955456
 2.2830E-03,0.03811352278761222
 2.2972E-03,0.03720554330383969
 2.3113E-03,0.03466608427155517
 2.3255E-03,0.03026069900038285
 2.3397E-03,0.02417869801152807
 2.3539E-03,0.016999011001578333
 2.3681E-03,0.009584522504727674
 2.3822E-03,0.002917366141862307
 2.3964E-03,-0.002129770779696805
 2.4106E-03,-0.005011273145226794
 2.4248E-03,-0.005611958929804993
 2.4390E-03,-0.004225454289785147
 2.4531E-03,-0.0014600831346098533
 2.4673E-03,0.001915781418882346
 2.4815E-03,0.005189187457533327
 2.4957E-03,0.007906451282348462
 2.5099E-03,0.009970557177878736
 2.5240E-03,0.01162000333534901
 2.5382E-03,0.013333756502053972
 2.5524E-03,0.01567745362610914
 2.5666E-03,0.01909922524409644
 2.5808E-03,0.023744114382495414
 2.5949E-03,0.029373081272642685
 2.6091E-03,0.03539984135567657
 2.6233E-03,0.04100522277043112
 2.6375E-03,0.04530966778771886
 2.6517E-03,0.047589494070041545
 2.6658E-03,0.0474696714762911
 2.6800E-03,0.04501097983935473
 2.6942E-03,0.040676855493439544
 2.7084E-03,0.03521817126933753
 2.7226E-03,0.02949932849039916
 2.7367E-03,0.02428566134817751
 2.7509E-03,0.020057463860821037
 2.7651E-03,0.016925431366894478
 2.7793E-03,0.014659826790935526
 2.7935E-03,0.012797972535029963
 2.8076E-03,0.01080626286874527
 2.8218E-03,0.008273987642917535
 2.8360E-03,0.005076931069434776
 2.8502E-03,0.0014423597762272416
 2.8644E-03,-0.002096598048931215
 2.8785E-03,-0.004824217816343761
 2.8927E-03,-0.006016195768956945
 2.9069E-03,-0.005137709834435598
 2.9211E-03,-0.0020063485839757335
 2.9353E-03,0.003143413082507407
 2.9494E-03,0.00970659575035099
 2.9636E-03,0.01683494296644156
 2.9778E-03,0.023617483064973674
 2.9920E-03,0.029285516603498925
 3.0062E-03,0.03338328984143765
 3.0203E-03,0.03584228905451253
 3.0345E-03,0.03694553635494885
 3.0487E-03,0.03721021245587515
 3.0629E-03,0.03721810522183199
 3.0771E-03,0.03742639431189834
 3.0912E-03,0.03801631744432893
 3.1054E-03,0.03883639892079945
 3.1196E-03,0.03945126453483132
 3.1338E-03,0.0392685659532246
 3.1480E-03,0.03771313451525785
 3.1621E-03,0.034412910681768195
 3.1763E-03,0.02934054409092716
 3.1905E-03,0.02285817965589949
 3.2047E-03,0.01565555010008729
 3.2189E-03,0.008608947124244537
 3.2330E-03,0.002594976745568603
 3.2472E-03,-0.0017031586384021235
 3.2614E-03,-0.003943472955723689
 3.2756E-03,-0.004178832669712097
 3.2898E-03,-0.0028071292562470078
 3.3039E-03,-0.0004436585087313834
 3.3181E-03,0.0022515537388273985
 3.3323E-03,0.0047545622670758505
 3.3465E-03,0.006814885617910496
 3.3607E-03,0.008502812216534665
 3.3748E-03,0.010157230966181988
 3.3890E-03,0.012259041801164942
 3.4032E-03,0.01526386730156746
 3.4174E-03,0.019432373085233094
 3.4316E-03,0.024708577679837102
 3.4457E-03,0.030689586357988685
 3.4599E-03,0.036694536828944295
 3.4741E-03,0.041908058367403134
 3.4883E-03,0.04556339769215948
 3.5025E-03,0.04712431697377626
 3.5166E-03,0.046414865057781425
 3.5308E-03,0.04365494873941474
 3.5450E-03,0.03939454676216689
 3.5592E-03,0.034371952906842834
 3.5734E-03,0.029333243248481928
 3.5875E-03,0.024855449224820254
 3.6017E-03,0.02122206694437465
 3.6159E-03,0.01838886821137927
 3.6301E-03,0.016045287219200316
 3.6443E-03,0.013746365852858967
 3.6584E-03,0.011078587140142983
 3.6726E-03,0.007818001903781898
 3.6868E-03,0.0040343745050297605
 3.7010E-03,0.00010608395334585005
 3.7152E-03,-0.0033581023459326675
 3.7293E-03,-0.005664542980408947
 3.7435E-03,-0.006209680055989435
 3.7577E-03,-0.004642597277809525
 3.7719E-03,-0.0009704996875166479
 3.7861E-03,0.004426178657542055
 3.8002E-03,0.010872596352815598
 3.8144E-03,0.017547577327045073
 3.8286E-03,0.023663696161107063
 3.8428E-03,0.028636909741353078
 3.8570E-03,0.03220031402092885
 3.8711E-03,0.03442853928106622
 3.8853E-03,0.03566924328703212
 3.8995E-03,0.036406595685211186
 3.9137E-03,0.03709502548613587
 3.9279E-03,0.03800657469398114
 3.9420E-03,0.039135693245885915
 3.9562E-03,0.04019152224169132
 3.9704E-03,0.04067895125527338
 3.9846E-03,0.04004296165932257
 3.9988E-03,0.03783723425195369
 4.0129E-03,0.033872994992359406
 4.0271E-03,0.02830539297977054
 4.0413E-03,0.021629702665024522
 4.0555E-03,0.01458790864152467
 4.0697E-03,0.008012755564632726
 4.0838E-03,0.0026496874029991032
 4.0980E-03,-0.0009995455632130076
 4.1122E-03,-0.002771066816876354
 4.1264E-03,-0.002845388187547542
 4.1406E-03,-0.0016672239235731789
 4.1547E-03,0.0001957080277684984
 4.1689E-03,0.0022162938897726456
 4.1831E-03,0.004051862462115356
 4.1973E-03,0.005628745586540364
 4.2115E-03,0.007142567928707569
 4.2256E-03,0.00897585105608928
 4.2398E-03,0.011559207665518644
 4.2540E-03,0.01521476773010512
 4.2682E-03,0.020023782937441895
 4.2824E-03,0.025756943574966978
 4.2965E-03,0.031890399051801785
 4.3107E-03,0.037704385350973604
 4.3249E-03,0.042437819953953945
 4.3391E-03,0.045459374500325
 4.3533E-03,0.04641144239306922
 4.3674E-03,0.04528795518566623
 4.3816E-03,0.04242391973040932
 4.3958E-03,0.038400844425502775
 4.4100E-03,0.03389603388008046
 4.4242E-03,0.029516544436452286
 4.4383E-03,0.025661089371515837
 4.4525E-03,0.02244652339359331
 4.4667E-03,0.019718149850988666
 4.4809E-03,0.017138423559151725
 4.4951E-03,0.014326402811808695
 4.5092E-03,0.011008041297429015
 4.5234E-03,0.007135623755629636
 4.5376E-03,0.002941856838447181
 4.5518E-03,-0.001088844654222717
 4.5660E-03,-0.004324921195904774
 4.5801E-03,-0.006139110324740547
 4.5943E-03,-0.006066641018548623
 4.6085E-03,-0.003929385535171852
 4.6227E-03,0.00010742653109960514
 4.6369E-03,0.005562560547779619
 4.6510E-03,0.01174315045664659
 4.6652E-03,0.01789803853649835
 4.6794E-03,0.02338062010042173
 4.6936E-03,0.027779825625415047
 4.7078E-03,0.030985038438527197
 4.7219E-03,0.033168178300393696
 4.7361E-03,0.03469029551669663
 4.7503E-03,0.035961252200681006
 4.7645E-03,0.037292445325383616
 4.7787E-03,0.038783581756609384
 4.7928E-03,0.04027573543392519
 4.8070E-03,0.04138476244564655
 4.8212E-03,0.041606097061693006
 4.8354E-03,0.040461661316399444
 4.8496E-03,0.03764827463612283
 4.8637E-03,0.033146630906269334
 4.8779E-03,0.027259986678485927
 4.8921E-03,0.020570310771565296
 4.9063E-03,0.013822652342859947
 4.9205E-03,0.007768579148256064
 4.9346E-03,0.0030097326380302087
 4.9488E-03,-0.00011885978076286432
 4.9630E-03,-0.0015967178646846924
 4.9772E-03,-0.0016859466822798873
 4.9914E-03,-0.0008300555004879663
 5.0055E-03,0.000487043032864473
 5.0197E-03,0.001882879786977709
 5.0339E-03,0.003180847745723915
 5.0481E-03,0.004448823910032877
 5.0623E-03,0.005961500606261737
 5.0764E-03,0.008097835670357774
 5.0906E-03,0.01120338955049242
 5.1048E-03,0.01545628877988953
 5.1190E-03,0.02077436934789844
 5.1332E-03,0.026790715682192427
 5.1473E-03,0.03290670244869011
 5.1615E-03,0.03841008524161042
 5.1757E-03,0.04262766290502306
 5.1899E-03,0.045072855251538584
 5.2041E-03,0.04554964065651395
 5.2182E-03,0.04418529042022018
 5.2324E-03,0.04138352371027487
 5.2466E-03,0.03771185380437537
 5.2608E-03,0.03375476053764054
 5.2750E-03,0.029972715573356283
 5.2891E-03,0.026604336248584468
 5.3033E-03,0.02363673841112837
 5.3175E-03,0.020850638209300165
 5.3317E-03,0.017925852471787608
 5.3459E-03,0.014575800431101318
 5.3600E-03,0.010672214748867684
 5.3742E-03,0.006324669210242793
 5.3884E-03,0.0018915635550911308
 5.4026E-03,-0.002082360520285603
 5.4168E-03,-0.004986002445338797
 5.4309E-03,-0.006287222134624051
 5.4451E-03,-0.005665153115550097
 5.4593E-03,-0.0030949984003958856
 5.4735E-03,0.001137274352303353
 5.4877E-03,0.006494871284821771
 5.5018E-03,0.012309256933009601
 5.5160E-03,0.017927102726215803
 5.5302E-03,0.022846928548167854
 5.5444E-03,0.026810446832209144
 5.5586E-03,0.02982552455616019
 5.5727E-03,0.03211610858513835
 5.5869E-03,0.03401504295549716
 5.6011E-03,0.03583150622579542
 5.6153E-03,0.03773105338715629
 5.6295E-03,0.03966222326599414
 5.6436E-03,0.04135079612607346
 5.6578E-03,0.04236423575627663
 5.6720E-03,0.04222916500968056
 5.6862E-03,0.04056944112003444
 5.7004E-03,0.03722646168408574
 5.7145E-03,0.03232827063164502
 5.7287E-03,0.026287738785759573
 5.7429E-03,0.019728942873699654
 5.7571E-03,0.0133605699090881
 5.7713E-03,0.007829770200242
 5.7854E-03,0.003594351991960035
 5.7996E-03,0.0008453070792173415
 5.8138E-03,-0.0005019272869789231
 5.8280E-03,-0.000747187696945463
 5.8422E-03,-0.00029448867087073475
 5.8563E-03,0.00047821824344725794
 5.8705E-03,0.0013323611700404052
 5.8847E-03,0.0022342040554663993
 5.8989E-03,0.0033546444369115047
 5.9131E-03,0.005003908026524784
 5.9272E-03,0.007520008754029145
 5.9414E-03,0.011142541425957601
 5.9556E-03,0.015907412599322022
 5.9698E-03,0.021592754695169542
 5.9840E-03,0.02773262708652581
 5.9981E-03,0.03369679958851441
 6.0123E-03,0.03881711404767068
 6.0265E-03,0.04252810066959759
 6.0407E-03,0.04448512692768164
 6.0549E-03,0.04462917398138264
 6.0690E-03,0.04318176849811741
 6.0832E-03,0.04057245081483454
 6.0974E-03,0.037319341332442205
 6.1116E-03,0.03389591932489334
 6.1258E-03,0.03062032718071544
 6.1399E-03,0.027596322570437842
 6.1541E-03,0.024720232913795537
 6.1683E-03,0.0217503628927608
 6.1825E-03,0.018418113188652246
 6.1967E-03,0.014548163910824856
 6.2108E-03,0.010152779481386886
 6.2250E-03,0.0054729938119136125
 6.2392E-03,0.000953914710221355
 6.2534E-03,-0.0028408775604797398
 6.2676E-03,-0.005353769786374863
 6.2817E-03,-0.006163397993051887
 6.2959E-03,-0.005086647905824377
 6.3101E-03,-0.002225952593089936
 6.3243E-03,0.002050619531903468
 6.3385E-03,0.007191572544678776
 6.3526E-03,0.012584998905660425
 6.3668E-03,0.01769021278403937
 6.3810E-03,0.022143936716299054
 6.3952E-03,0.025814043039271213
 6.4094E-03,0.028788024709967778
 6.4235E-03,0.03130130620191681
 6.4377E-03,0.03362720859684538
 6.4519E-03,0.03596075407685927
 6.4661E-03,0.038329742370449
 6.4803E-03,0.040558750889856714
 6.4944E-03,0.04229706071852772
 6.5086E-03,0.04310370751049965
 6.5228E-03,0.04256677511655535
 6.5370E-03,0.040424250171915976
 6.5512E-03,0.03665292853386169
 6.5653E-03,0.031500333697240715
 6.5795E-03,0.02545007975705772
 6.5937E-03,0.0191291210651185
 6.6079E-03,0.013180912585847217
 6.6221E-03,0.008137417529079571
 6.6362E-03,0.0043227338858384924
 6.6504E-03,0.0018119873573969685
 6.6646E-03,0.0004540066457959743
 6.6788E-03,-5.050603449474134e-05
 6.6930E-03,-3.820965196903583e-05
 6.7071E-03,0.0002288539043426676
 6.7213E-03,0.0006452673376319051
 6.7355E-03,0.00129163707795114
 6.7497E-03,0.0024035412080152764
 6.7639E-03,0.004289121038986906
 6.7780E-03,0.007218553711663795
 6.7922E-03,0.011316488522867735
 6.8064E-03,0.01648812767988388
 6.8206E-03,0.022400754513264585
 6.8348E-03,0.028527509334939558
 6.8489E-03,0.034243591159977854
 6.8631E-03,0.03895106593253325
 6.8773E-03,0.04220022199531157
 6.8915E-03,0.04377588040149111
 6.9057E-03,0.043726582155731594
 6.9198E-03,0.042330000686220386
 6.9340E-03,0.04000507616647018
 6.9482E-03,0.03719561867381354
 6.9624E-03,0.03425752463095094
 6.9766E-03,0.03138014225446203
 6.9907E-03,0.028562108853799926
 7.0049E-03,0.025646672685443402
 7.0191E-03,0.022405270004197696
 7.0333E-03,0.01864466826039144
 7.0475E-03,0.014306274668858775
 7.0616E-03,0.00952857727876583
 7.0758E-03,0.004654081524457402
 7.0900E-03,0.00017719517987480147
 7.1042E-03,-0.0033543646619635516
 7.1184E-03,-0.005459071386067914
 7.1325E-03,-0.005830763481949711
 7.1467E-03,-0.004409269002564241
 7.1609E-03,-0.0013942918923875785
 7.1751E-03,0.0028009878610399455
 7.1893E-03,0.0076443755904666445
 7.2034E-03,0.012602429027300837
 7.2176E-03,0.017250868549532217
 7.2318E-03,0.02134921997937901
 7.2460E-03,0.024861145451504814
 7.2602E-03,0.027916840934665184
 7.2743E-03,0.030729857533244496
 7.2885E-03,0.03349320467100492
 7.3027E-03,0.036285091495340246
 7.3169E-03,0.03901175829287349
 7.3311E-03,0.04140446382535311
 7.3452E-03,0.04307263283319193
 7.3594E-03,0.04359945520797448
 7.3736E-03,0.042654217721276984
 7.3878E-03,0.040090631677975844
 7.4020E-03,0.03600382393437025
 7.4161E-03,0.03072976092008208
 7.4303E-03,0.02478650384171175
 7.4445E-03,0.018772295257246125
 7.4587E-03,0.013246876000172568
 7.4729E-03,0.008626586618643788
 7.4870E-03,0.005119540602509964
 7.5012E-03,0.0027159098696388495
 7.5154E-03,0.001233517922567398
 7.5296E-03,0.0004043272083485502
 7.5438E-03,-2.334019766056923e-05
 7.5579E-03,-0.00019589586919951284
 7.5721E-03,-0.00010379458959520378
 7.5863E-03,0.00041690243160361073
 7.6005E-03,0.001631235365684305
 7.6147E-03,0.0038152789854354902
 7.6288E-03,0.007154623491832683
 7.6430E-03,0.011660085054772226
 7.6572E-03,0.017124848440765037
 7.6714E-03,0.02313634055914814
 7.6856E-03,0.029141635879849925
 7.6997E-03,0.034550782660838476
 7.7139E-03,0.038852017297514314
 7.7281E-03,0.041709380152078146
 7.7423E-03,0.043017800507081594
 7.7565E-03,0.04290208259442258
 7.7706E-03,0.0416613819581225
 7.7848E-03,0.039675481472117045
 7.7990E-03,0.03729921737743193
 7.8132E-03,0.03477405390509832
 7.8274E-03,0.03218049988111828
 7.8415E-03,0.029443348135867214
 7.8557E-03,0.026386876551231224
 7.8699E-03,0.022823256880838097
 7.8841E-03,0.0186482029976083
 7.8983E-03,0.013915831563470763
 7.9124E-03,0.008870417205963009
 7.9266E-03,0.003924638116490617
 7.9408E-03,-0.00041136264653363237
 7.9550E-03,-0.003632335473992653
 7.9692E-03,-0.0053453923542109896
 7.9833E-03,-0.005354866264465087
 7.9975E-03,-0.003702831150086075
 8.0117E-03,-0.0006551686354283335
 8.0259E-03,0.0033628068803396114
 8.0401E-03,0.007864129931116244
 8.0542E-03,0.012405754729031784
 8.0684E-03,0.016674498474111614
 8.0826E-03,0.02053153580272865
 8.0968E-03,0.024005125622411083
 8.1110E-03,0.027235527478416417
 8.1251E-03,0.030389221553269237
 8.1393E-03,0.0335679360254556
 8.1535E-03,0.03673926786928808
 8.1677E-03,0.03970956202059712
 8.1819E-03,0.04214794086031256
 8.1960E-03,0.04365613684850431
 8.2102E-03,0.04386589050821228
 8.2244E-03,0.04253769062265742
 8.2386E-03,0.03963384385099848
 8.2528E-03,0.03534555286756717
 8.2669E-03,0.030066028078577684
 8.2811E-03,0.024316201306282516
 8.2953E-03,0.018642250776376306
 8.3095E-03,0.013511384986768798
 8.3237E-03,0.009232294446055958
 8.3378E-03,0.005919567772213973
 8.3520E-03,0.0035092696046081064
 8.3662E-03,0.0018191088254605116
 8.3804E-03,0.0006348407635842516
 8.3946E-03,-0.00020217922978388032
 8.4087E-03,-0.000731276966248529
 8.4229E-03,-0.0008506530914659397
 8.4371E-03,-0.0003437273899229373
 8.4513E-03,0.0010536233045481125
 8.4655E-03,0.003563639334738689
 8.4796E-03,0.007280088948900907
 8.4938E-03,0.012109067779873216
 8.5080E-03,0.017754635822411352
 8.5222E-03,0.023754916366290672
 8.5364E-03,0.029560875764133555
 8.5505E-03,0.03463851979179822
 8.5647E-03,0.038568755775163145
 8.5789E-03,0.04111958418472293
 8.5931E-03,0.0422726288790034
 8.6073E-03,0.04219831995064028
 8.6214E-03,0.04118788846409698
 8.6356E-03,0.039561849248692056
 8.6498E-03,0.03758063482223756
 8.6640E-03,0.035381881614050356
 8.6782E-03,0.03296099685401781
 8.6923E-03,0.030199320935007087
 8.7065E-03,0.026930840516220012
 8.7207E-03,0.023027626009201455
 8.7349E-03,0.018478881223432494
 8.7491E-03,0.013440163152011988
 8.7632E-03,0.008237516847745287
 8.7774E-03,0.003323672661331092
 8.7916E-03,-0.0008034234606751935
 8.8058E-03,-0.003699232467056827
 8.8200E-03,-0.005063237830954669
 8.8341E-03,-0.004798509981952698
 8.8483E-03,-0.0030253520851668872
 8.8625E-03,-4.611668749776544e-05
 8.8767E-03,0.0037291119815967364
 8.8909E-03,0.007876245077698393
 8.9050E-03,0.012045773231460177
 8.9192E-03,0.01602338202777686
 8.9334E-03,0.019747654870720895
 8.9476E-03,0.023281842390268922
 8.9618E-03,0.02674937927333516
 8.9759E-03,0.03025280864135913
 8.9901E-03,0.03380028607665131
 9.0043E-03,0.03726165513319557
 9.0185E-03,0.04036783558981248
 9.0327E-03,0.04275521514704926
 9.0468E-03,0.04404415205050876
 9.0610E-03,0.043930986442945366
 9.0752E-03,0.042268819256212696
 9.0894E-03,0.03911499189451326
 9.1036E-03,0.034732013540026196
 9.1177E-03,0.029541171752976738
 9.1319E-03,0.024040710410323775
 9.1461E-03,0.018709742656964467
 9.1603E-03,0.013922471518858212
 9.1745E-03,0.009894008632074878
 9.1886E-03,0.006670167562217869
 9.2028E-03,0.004161588681639496
 9.2170E-03,0.002210674494425736
 9.2312E-03,0.000671205940147698
 9.2454E-03,-0.0005225717124080845
 9.2595E-03,-0.0013173460390820632
 9.2737E-03,-0.0015438611423339921
 9.2879E-03,-0.0009612521814960636
 9.3021E-03,0.0006694941492185275
 9.3163E-03,0.0035032712459417904
 9.3304E-03,0.007542792755840454
 9.3446E-03,0.012604241944604007
 9.3588E-03,0.018327366531238256
 9.3730E-03,0.02422905331047181
 9.3872E-03,0.029787863461689712
 9.4013E-03,0.03453865954029654
 9.4155E-03,0.03815359333581263
 9.4297E-03,0.04048926492682557
 9.4439E-03,0.04158893619833948
 9.4581E-03,0.041640804673004905
 9.4722E-03,0.0409051345908732
 9.4864E-03,0.03963121110742234
 9.5006E-03,0.037987390559054965
 9.5148E-03,0.03602338761923651
 9.5290E-03,0.033674598866244354
 9.5431E-03,0.030806333102042116
 9.5573E-03,0.027284571092496733
 9.5715E-03,0.023052376010291975
 9.5857E-03,0.018189361544002434
 9.5999E-03,0.012936178050235787
 9.6140E-03,0.007675549668431023
 9.6282E-03,0.002873295872488123
 9.6424E-03,-0.0010063369237595823
 9.6566E-03,-0.003589773290670928
 9.6708E-03,-0.004665178075034748
 9.6849E-03,-0.004217803604514448
 9.6991E-03,-0.0024212794529608153
 9.7133E-03,0.00041207676892020565
 9.7275E-03,0.003908346102746225
 9.7417E-03,0.007716012841680151
 9.7558E-03,0.011574944330063255
 9.7700E-03,0.01535282698788914
 9.7842E-03,0.01904069142465236
 9.7984E-03,0.02271054783995866
 9.8126E-03,0.026448652076248858
 9.8267E-03,0.030284648098425706
 9.8409E-03,0.034137946106381316
 9.8551E-03,0.03779790389904485
 9.8693E-03,0.04094499966084093
 9.8835E-03,0.04320876864046438
 9.8976E-03,0.04424791928914456
 9.9118E-03,0.04383158152993402
 9.9260E-03,0.04189990611690068
 9.9402E-03,0.03858751926441732
 9.9544E-03,0.03420321034011352
 9.9685E-03,0.029170918870675768
 9.9827E-03,0.023947310239525156
 9.9969E-03,0.01893717080212698
 1.0011E-02,0.014427956541366863
 1.0025E-02,0.01055919386869355
 1.0039E-02,0.007332712113107513
 1.0054E-02,0.004658575594354538
 1.0068E-02,0.002422056853199886
 1.0082E-02,0.0005515599688313798
 1.0096E-02,-0.0009325127686585558
 1.0110E-02,-0.0019023952969833592
 1.0125E-02,-0.002146028077349151
 1.0139E-02,-0.0014226675997130404
 1.0153E-02,0.00046404320668476883
 1.0167E-02,0.003595682379807441
 1.0181E-02,0.007891085177935676
 1.0195E-02,0.013094862868579544
 1.0210E-02,0.018806972146331546
 1.0224E-02,0.024547112392670725
 1.0238E-02,0.02983848110260231
 1.0252E-02,0.034290190601203786
 1.0266E-02,0.037657916032505914
 1.0281E-02,0.03986815024192593
 1.0295E-02,0.04100124417174576
 1.0309E-02,0.04123950458797021
 1.0323E-02,0.04079591893646109
 1.0337E-02,0.03984399389598427
 1.0351E-02,0.03846840374462046
 1.0366E-02,0.03664993353346874
 1.0380E-02,0.034288347102180976
 1.0394E-02,0.031256031574886406
 1.0408E-02,0.027466516335701838
 1.0422E-02,0.022937644946405832
 1.0436E-02,0.017830476268499113
 1.0451E-02,0.01245154263889885
 1.0465E-02,0.007216079293519167
 1.0479E-02,0.002580469128646086
 1.0493E-02,-0.0010395289226225184
 1.0507E-02,-0.003344403169681222
 1.0522E-02,-0.004201645884002474
 1.0536E-02,-0.0036594735132010987
 1.0550E-02,-0.00192098632403804
 1.0564E-02,0.0007135712268622628
 1.0578E-02,0.003920705954353048
 1.0592E-02,0.007424099936286943
 1.0607E-02,0.011043288861770771
 1.0621E-02,0.014708582614923835
 1.0635E-02,0.018439709293442665
 1.0649E-02,0.022295792163106093
 1.0663E-02,0.026312247137471666
 1.0678E-02,0.03044383232554127
 1.0692E-02,0.03453140541666168
 1.0706E-02,0.038303409829946476
 1.0720E-02,0.041413490037872196
 1.0734E-02,0.04350553618806531
 1.0748E-02,0.04428962990675421
 1.0763E-02,0.04360898411693179
 1.0777E-02,0.04148003839201179
 1.0791E-02,0.038094876402779705
 1.0805E-02,0.033785138470467206
 1.0819E-02,0.028956802060292802
 1.0834E-02,0.024012753248936106
 1.0848E-02,0.01928292429348616
 1.0862E-02,0.014979236696306027
 1.0876E-02,0.011185474320481524
 1.0890E-02,0.007882535081497739
 1.0904E-02,0.0049999116977674975
 1.0919E-02,0.0024772927242471933
 1.0933E-02,0.00031769096134015183
 1.0947E-02,-0.0013838623298524971
 1.0961E-02,-0.0024450119465047717
 1.0975E-02,-0.0026336681405024092
 1.0990E-02,-0.0017287052793168566
 1.1004E-02,0.0004126202145216637
 1.1018E-02,0.0037990794797153806
 1.1032E-02,0.008277424860118593
 1.1046E-02,0.013540559730640684
 1.1060E-02,0.019171191824809555
 1.1075E-02,0.02471093556797181
 1.1089E-02,0.029738093353869482
 1.1103E-02,0.03393501153318226
 1.1117E-02,0.03712867885019161
 1.1131E-02,0.03929543481927578
 1.1145E-02,0.040530335995206015
 1.1160E-02,0.040991202347040616
 1.1174E-02,0.040833997825355066
 1.1188E-02,0.040158168587199
 1.1202E-02,0.03897736692613456
 1.1216E-02,0.037223560156479846
 1.1231E-02,0.03478294226141424
 1.1245E-02,0.03155297457524004
 1.1259E-02,0.02750377271680612
 1.1273E-02,0.02272561304177082
 1.1287E-02,0.01744795926557687
 1.1301E-02,0.012023099939200258
 1.1316E-02,0.006877087658621917
 1.1330E-02,0.0024395099381792386
 1.1344E-02,-0.0009307106725613508
 1.1358E-02,-0.0030052677867348577
 1.1372E-02,-0.0037177534385433382
 1.1387E-02,-0.0031593696741137375
 1.1401E-02,-0.001541376488661992
 1.1415E-02,0.0008649314671928133
 1.1429E-02,0.003794366318361827
 1.1443E-02,0.00704256882125519
 1.1457E-02,0.010495285532670779
 1.1472E-02,0.014125454634823644
 1.1486E-02,0.017960424920837447
 1.1500E-02,0.02203001045609555
 1.1514E-02,0.026311469593310537
 1.1528E-02,0.030688422790837618
 1.1543E-02,0.0349369418370265
 1.1557E-02,0.03874457751818838
 1.1571E-02,0.04175895827609003
 1.1585E-02,0.04365426582031
 1.1599E-02,0.04419866515739364
 1.1613E-02,0.043305120385543315
 1.1628E-02,0.04105220419311125
 1.1642E-02,0.037669388653751384
 1.1656E-02,0.033490695523538776
 1.1670E-02,0.028888857699284794
 1.1684E-02,0.024207015482740613
 1.1699E-02,0.019705156889078958
 1.1713E-02,0.015534054237940045
 1.1727E-02,0.01174165694386439
 1.1741E-02,0.008307940488537204
 1.1755E-02,0.005196510327804679
 1.1769E-02,0.002406867830660907
 1.1784E-02,1.1316353619529422e-05
 1.1798E-02,-0.0018350282482324381
 1.1812E-02,-0.0029150050204024332
 1.1826E-02,-0.0029961281475654176
 1.1840E-02,-0.001891057319129237
 1.1854E-02,0.0004844444513561737
 1.1869E-02,0.004072007754577302
 1.1883E-02,0.008660962460266179
 1.1897E-02,0.013912172105035918
 1.1911E-02,0.019410436095126413
 1.1925E-02,0.024733046776693513
 1.1940E-02,0.029517854199211824
 1.1954E-02,0.03351435730047008
 1.1968E-02,0.03660592666300701
 1.1982E-02,0.038799065127174674
 1.1996E-02,0.04018449285352946
 1.2010E-02,0.04088233856474323
 1.2025E-02,0.040987752737066924
 1.2039E-02,0.04053273885485909
 1.2053E-02,0.039475108414448824
 1.2067E-02,0.03771758742168427
 1.2081E-02,0.03515142303063289
 1.2096E-02,0.03171175008091417
 1.2110E-02,0.027428432575918316
 1.2124E-02,0.02245708015078096
 1.2138E-02,0.017080186416064954
 1.2152E-02,0.011676380629269411
 1.2166E-02,0.00666437975123019
 1.2181E-02,0.002435002219638354
 1.2195E-02,-0.0007122576226961394
 1.2209E-02,-0.0026128667639646096
 1.2223E-02,-0.0032511242842801014
 1.2237E-02,-0.002742055814853273
 1.2252E-02,-0.001287339879593228
 1.2266E-02,0.0008822020537734316
 1.2280E-02,0.003561882812208879
 1.2294E-02,0.006611592268871138
 1.2308E-02,0.009967789460624652
 1.2322E-02,0.013626985701228621
 1.2337E-02,0.017606728409954822
 1.2351E-02,0.0218964637146479
 1.2365E-02,0.02641358313524969
 1.2379E-02,0.030978649130559345
 1.2393E-02,0.035318598895921066
 1.2408E-02,0.039099043590509606
 1.2422E-02,0.04197868353168691
 1.2436E-02,0.043672555419431616
 1.2450E-02,0.04400807145662224
 1.2464E-02,0.042959415061638175
 1.2478E-02,0.0406514300120225
 1.2493E-02,0.03733215279274366
 1.2507E-02,0.0333213569979522
 1.2521E-02,0.028948616939612686
 1.2535E-02,0.024496784976639062
 1.2549E-02,0.020164823801997012
 1.2563E-02,0.016058260627069155
 1.2578E-02,0.01220774873233999
 1.2592E-02,0.008608473444115153
 1.2606E-02,0.00526751330182237
 1.2620E-02,0.0022442585879066533
 1.2634E-02,-0.00032888653725257014
 1.2649E-02,-0.002252641316730106
 1.2663E-02,-0.0032933384479537434
 1.2677E-02,-0.00323380556957549
 1.2691E-02,-0.0019293685763639907
 1.2705E-02,0.0006460219023619799
 1.2719E-02,0.004376254146495329
 1.2734E-02,0.009009145834890809
 1.2748E-02,0.014191624433619782
 1.2762E-02,0.01952596822239712
 1.2776E-02,0.024633639833881445
 1.2790E-02,0.029211327084565843
 1.2805E-02,0.03306597294231963
 1.2819E-02,0.03612128847861448
 1.2833E-02,0.038395961731922966
 1.2847E-02,0.039961376202373534
 1.2861E-02,0.04089202952315928
 1.2875E-02,0.041223516658125625
 1.2890E-02,0.04093047502361328
 1.2904E-02,0.03993099229389181
 1.2918E-02,0.0381162982764393
 1.2932E-02,0.03539722451726138
 1.2946E-02,0.031753945477319745
 1.2961E-02,0.027274293016500722
 1.2975E-02,0.0221688093831619
 1.2989E-02,0.016756876933056126
 1.3003E-02,0.011426011620689212
 1.3017E-02,0.006573578797400434
 1.3031E-02,0.0025448277257100185
 1.3046E-02,-0.000417965809827846
 1.3060E-02,-0.0022034737318896696
 1.3074E-02,-0.002830673034795184
 1.3088E-02,-0.002421276836614502
 1.3102E-02,-0.0011537762695597357
 1.3117E-02,0.0007878818410494224
 1.3131E-02,0.003256989033121295
 1.3145E-02,0.006166943785950064
 1.3159E-02,0.00948889645470229
 1.3173E-02,0.013225996942215618
 1.3187E-02,0.017372746499259323
 1.3202E-02,0.021872255020182488
 1.3216E-02,0.02658495682935853
 1.3230E-02,0.03127933303252604
 1.3244E-02,0.035649231095531274
 1.3258E-02,0.039355061948647775
 1.3272E-02,0.042079468964052326
 1.3287E-02,0.04358383908818408
 1.3301E-02,0.04375146309895665
 1.3315E-02,0.04260645608304994
 1.3329E-02,0.04030384165867981
 1.3343E-02,0.03709374503797328
 1.3358E-02,0.03326933038592366
 1.3372E-02,0.029112111336071257
 1.3386E-02,0.024848498387172274
 1.3400E-02,0.020627926445657148
 1.3414E-02,0.016526662765379268
 1.3428E-02,0.012574176543272312
 1.3443E-02,0.008792728800787911
 1.3457E-02,0.005237288461466316
 1.3471E-02,0.0020229366879342117
 1.3485E-02,-0.000669456191359546
 1.3499E-02,-0.0026123233671534905
 1.3514E-02,-0.0035712887638991034
 1.3528E-02,-0.003355932794050182
 1.3542E-02,-0.0018682553597795582
 1.3556E-02,0.0008640808099694901
 1.3570E-02,0.004678941570874999
 1.3584E-02,0.009298408587295722
 1.3599E-02,0.014371026860011226
 1.3613E-02,0.01952766581939101
 1.3627E-02,0.024437612791037913
 1.3641E-02,0.028851601846384488
 1.3655E-02,0.03262210080585849
 1.3670E-02,0.03569738149065642
 1.3684E-02,0.03809299425168449
 1.3698E-02,0.03985029981708582
 1.3712E-02,0.04099501372070278
 1.3726E-02,0.041508391020367436
 1.3740E-02,0.04131983375687126
 1.3755E-02,0.04032342192865215
 1.3769E-02,0.03841389499679388
 1.3783E-02,0.03553187482289408
 1.3797E-02,0.03170521445779372
 1.3811E-02,0.027074096587545032
 1.3826E-02,0.02189169443685171
 1.3840E-02,0.016498681373484706
 1.3854E-02,0.011276829717953943
 1.3868E-02,0.006592456859314713
 1.3882E-02,0.002743076283331899
 1.3896E-02,-8.035263435597325e-05
 1.3911E-02,-0.0018073773739494473
 1.3925E-02,-0.0024762596027615965
 1.3939E-02,-0.0022011164846059356
 1.3953E-02,-0.0011279391677346301
 1.3967E-02,0.0006080330751570787
 1.3981E-02,0.0029119457856396297
 1.3996E-02,0.005738306591514533
 1.4010E-02,0.009077666927221544
 1.4024E-02,0.012925794600141434
 1.4038E-02,0.017245196651659064
 1.4052E-02,0.02193118662458926
 1.4067E-02,0.026793647685139994
 1.4081E-02,0.03156149575516361
 1.4095E-02,0.035910701948493655
 1.4109E-02,0.039510242079284934
 1.4123E-02,0.042075268025755654
 1.4137E-02,0.043414552065995586
 1.4152E-02,0.04346050150052498
 1.4166E-02,0.04227447604524218
 1.4180E-02,0.04002655838612324
 1.4194E-02,0.03695554958553453
 1.4208E-02,0.033319949431749644
 1.4223E-02,0.029352677728699567
 1.4237E-02,0.025230793417415853
 1.4251E-02,0.02106694771146653
 1.4265E-02,0.01692305473467961
 1.4279E-02,0.012840410922149872
 1.4293E-02,0.008875944471000935
 1.4308E-02,0.005132649177812304
 1.4322E-02,0.0017739723523312791
 1.4336E-02,-0.0009835094073684433
 1.4350E-02,-0.002898650347589523
 1.4364E-02,-0.0037490256032982378
 1.4379E-02,-0.0033781656653057448
 1.4393E-02,-0.0017345586022021746
 1.4407E-02,0.001107909868929544
 1.4421E-02,0.0049538278799303465
 1.4435E-02,0.009514081227886557
 1.4449E-02,0.014451226011345696
 1.4464E-02,0.019431608662620233
 1.4478E-02,0.024171852707584256
 1.4492E-02,0.028469017727601
 1.4506E-02,0.03220826053185647
 1.4520E-02,0.03534797576789977
 1.4535E-02,0.03788847960366959
 1.4549E-02,0.03983464709610219
 1.4563E-02,0.04116432576742564
 1.4577E-02,0.04181244773860738
 1.4591E-02,0.041676090952329325
 1.4605E-02,0.040639597965455146
 1.4620E-02,0.03861295117513384
 1.4634E-02,0.03557256650119452
 1.4648E-02,0.03159263289651616
 1.4662E-02,0.026857393063125963
 1.4676E-02,0.02164970808624378
 1.4690E-02,0.016317498597818447
 1.4705E-02,0.011225474352524276
 1.4719E-02,0.006703365107428977
 1.4733E-02,0.0030026519613817475
 1.4747E-02,0.0002714194057334123
 1.4761E-02,-0.0014478952359821577
 1.4776E-02,-0.002199056836201803
 1.4790E-02,-0.0020776154324553125
 1.4804E-02,-0.0011918621391927894
 1.4818E-02,0.0003697080755054969
 1.4832E-02,0.0025555207562854843
 1.4846E-02,0.005348353298545618
 1.4861E-02,0.008744550677139997
 1.4875E-02,0.012721818290891153
 1.4889E-02,0.01720580598605949
 1.4903E-02,0.022046290126917088
 1.4917E-02,0.02701135519593167
 1.4932E-02,0.03180320839579921
 1.4946E-02,0.03609340232033629
 1.4960E-02,0.03956987051959141
 1.4974E-02,0.041984770431962554
 1.4988E-02,0.043191643010910365
 1.5002E-02,0.04316301411247109
 1.5017E-02,0.041984589336517684
 1.5031E-02,0.039828251623961655
 1.5045E-02,0.036911480757114014
 1.5059E-02,0.0334540858000374
 1.5073E-02,0.029643400890179212
 1.5088E-02,0.025616318858536526
 1.5102E-02,0.021461539984047776
 1.5116E-02,0.017239599955178864
 1.5130E-02,0.013013213471434845
 1.5144E-02,0.008877593406374496
 1.5158E-02,0.004980447631106881
 1.5173E-02,0.001524283019028282
 1.5187E-02,-0.0012513642530716067
 1.5201E-02,-0.003104482989990251
 1.5215E-02,-0.003833837682421874
 1.5229E-02,-0.0033201903302433286
 1.5244E-02,-0.001554981777431078
 1.5258E-02,0.0013510502044527287
 1.5272E-02,0.005181871608651295
 1.5286E-02,0.009649680307832934
 1.5300E-02,0.014440013821757282
 1.5314E-02,0.01925769716361255
 1.5329E-02,0.023862913949500332
 1.5343E-02,0.028089533953239418
 1.5357E-02,0.03184275313576869
 1.5371E-02,0.03507876166840867
 1.5385E-02,0.03777399771509128
 1.5399E-02,0.03989423610954893
 1.5414E-02,0.04137356500183246
 1.5428E-02,0.042110284520407035
 1.5442E-02,0.04198176281501023
 1.5456E-02,0.040874693835079835
 1.5470E-02,0.038722569816038194
 1.5485E-02,0.03553980263601552
 1.5499E-02,0.031442476978096774
 1.5513E-02,0.02664905530507764
 1.5527E-02,0.021459557204526525
 1.5541E-02,0.01621735879927499
 1.5555E-02,0.0112622531954253
 1.5570E-02,0.006885571687962019
 1.5584E-02,0.0032974479620076673
 1.5598E-02,0.0006129664322519959
 1.5612E-02,-0.0011410843471775665
 1.5626E-02,-0.0020024708829278737
 1.5641E-02,-0.0020406488154041374
 1.5655E-02,-0.0013246814555045662
 1.5669E-02,9.88134507789824e-05
 1.5683E-02,0.002211618850268209
 1.5697E-02,0.005012510912449879
 1.5711E-02,0.008492344889534254
 1.5726E-02,0.012603526157075114
 1.5740E-02,0.01723360774387515
 1.5754E-02,0.022191909350072186
 1.5768E-02,0.027214725847755736
 1.5782E-02,0.03198976583750633
 1.5797E-02,0.03619524948770288
 1.5811E-02,0.039545010765432764
 1.5825E-02,0.041829123649256186
 1.5839E-02,0.04294054010903367
 1.5853E-02,0.04288175929364625
 1.5867E-02,0.04175068914280268
 1.5882E-02,0.03971019665475438
 1.5896E-02,0.03694989719921817
 1.5910E-02,0.03365040091965729
 1.5924E-02,0.02995908937717678
 1.5938E-02,0.025982898491179626
 1.5952E-02,0.0217985632761601
 1.5967E-02,0.017475736150959313
 1.5981E-02,0.013104709188815445
 1.5995E-02,0.008819149679284797
 1.6009E-02,0.004805642855644139
 1.6023E-02,0.0012955270520162003
 1.6038E-02,-0.0014605239844605123
 1.6052E-02,-0.0032298379085497035
 1.6066E-02,-0.003838202027760352
 1.6080E-02,-0.0032035166833104104
 1.6094E-02,-0.0013542065834364972
 1.6108E-02,0.0015723487827122222
 1.6123E-02,0.005351171862809418
 1.6137E-02,0.009705754362050739
 1.6151E-02,0.01435019622759071
 1.6165E-02,0.019027471679390326
 1.6179E-02,0.023535182891343667
 1.6194E-02,0.027733738572097058
 1.6208E-02,0.0315367804831873
 1.6222E-02,0.034888542458417236
 1.6236E-02,0.0377363278169845
 1.6250E-02,0.040007469518576096
 1.6264E-02,0.041598673315376866
 1.6279E-02,0.042381948113204296
 1.6293E-02,0.042226425737916184
 1.6307E-02,0.04103062439786092
 1.6321E-02,0.03875643939835486
 1.6335E-02,0.03545527271345688
 1.6350E-02,0.0312784988349414
 1.6364E-02,0.026468423081889462
 1.6378E-02,0.021330924066917112
 1.6392E-02,0.016195691621228844
 1.6406E-02,0.011373088069087895
 1.6420E-02,0.007117354803947153
 1.6435E-02,0.0036040191677236934
 1.6449E-02,0.0009254835776384362
 1.6463E-02,-0.0008960272911380815
 1.6477E-02,-0.001883433313062726
 1.6491E-02,-0.002075871219473382
 1.6506E-02,-0.0015047040591316613
 1.6520E-02,-0.00018151886068614527
 1.6534E-02,0.0018985328729538493
 1.6548E-02,0.004739290803337954
 1.6562E-02,0.00831750904087578
 1.6576E-02,0.012556333698070021
 1.6591E-02,0.017306975642229
 1.6605E-02,0.022345278037474003
 1.6619E-02,0.02738604747865451
 1.6633E-02,0.03211331184314917
 1.6647E-02,0.03622034823682029
 1.6661E-02,0.03945056837018244
 1.6676E-02,0.04162993218449758
 1.6690E-02,0.042683631400036115
 1.6704E-02,0.042633801028228675
 1.6718E-02,0.041579883699043925
 1.6732E-02,0.03966764713071897
 1.6747E-02,0.03705553661351251
 1.6761E-02,0.0338873125790186
 1.6775E-02,0.030277739446495845
 1.6789E-02,0.026314096259995385
 1.6803E-02,0.022071600795851385
 1.6817E-02,0.01763677600763338
 1.6832E-02,0.013130455443405867
 1.6846E-02,0.008722152703983993
 1.6860E-02,0.004629886637363763
 1.6874E-02,0.0011035935551819333
 1.6888E-02,-0.0016051486190138916
 1.6903E-02,-0.0032804683037105107
 1.6917E-02,-0.0037778619254409925
 1.6931E-02,-0.003049575646691096
 1.6945E-02,-0.001153524228665852
 1.6959E-02,0.0017564244226568888
 1.6973E-02,0.005456408077509337
 1.6988E-02,0.009688452358124454
 1.7002E-02,0.014197681817697934
 1.7016E-02,0.018762242813601972
 1.7030E-02,0.02320955863703015
 1.7044E-02,0.027416436490534286
 1.7059E-02,0.03129504864850186
 1.7073E-02,0.03477068394363263
 1.7087E-02,0.03775934587763388
 1.7101E-02,0.04015316146106131
 1.7115E-02,0.04181919441573587
 1.7129E-02,0.04261328483616942
 1.7144E-02,0.04240606521579294
 1.7158E-02,0.04111457356853676
 1.7172E-02,0.038730944309771226
 1.7186E-02,0.035340062851074806
 1.7200E-02,0.031120724499323488
 1.7215E-02,0.026329014116064267
 1.7229E-02,0.021267165365218398
 1.7243E-02,0.016244818945191565
 1.7257E-02,0.011541393079218854
 1.7271E-02,0.007377755625681985
 1.7285E-02,0.0039027355499602887
 1.7300E-02,0.0011959885736079236
 1.7314E-02,-0.0007155615623329436
 1.7328E-02,-0.0018339026782812169
 1.7342E-02,-0.002166580541714643
 1.7356E-02,-0.001711126421794005
 1.7370E-02,-0.00045203919817179603
 1.7385E-02,0.001628745422378128
 1.7399E-02,0.004531049939057803
 1.7413E-02,0.008211674745623631
 1.7427E-02,0.012563459549883287
 1.7441E-02,0.017405303642869657
 1.7456E-02,0.022487578421549144
 1.7470E-02,0.0275134011831412
 1.7484E-02,0.0321720457447105
 1.7498E-02,0.03617747118738456
 1.7512E-02,0.039303461490704884
 1.7526E-02,0.041407618554925675
 1.7541E-02,0.04243926268803938
 1.7555E-02,0.04243041438731418
 1.7569E-02,0.04147333084705588
 1.7583E-02,0.039691366909208485
 1.7597E-02,0.03721132453507728
 1.7612E-02,0.0341445871764075
 1.7626E-02,0.03058147832169983
 1.7640E-02,0.02659925594977501
 1.7654E-02,0.02228008671346924
 1.7668E-02,0.017732362730149855
 1.7682E-02,0.013107647335829219
 1.7697E-02,0.008606651187623751
 1.7711E-02,0.004470627985495168
 1.7725E-02,0.0009586077323193863
 1.7739E-02,-0.0016851541264904495
 1.7753E-02,-0.0032663157593752663
 1.7768E-02,-0.003670053238269835
 1.7782E-02,-0.002878200890831432
 1.7796E-02,-0.0009699825609204135
 1.7810E-02,0.0018936264253804848
 1.7824E-02,0.005497918298961249
 1.7838E-02,0.009607974451261573
 1.7853E-02,0.013999728103021839
 1.7867E-02,0.01848161099679612
 1.7881E-02,0.022902647803347036
 1.7895E-02,0.027146735845574234
 1.7909E-02,0.031116718519203078
 1.7924E-02,0.034714666940700016
 1.7938E-02,0.037825754165562
 1.7952E-02,0.040311973095886355
 1.7966E-02,0.042019025847860075
 1.7980E-02,0.042795806626324005
 1.7994E-02,0.04252209520620105
 1.8009E-02,0.04113743703395849
 1.8023E-02,0.03866345764859383
 1.8037E-02,0.035213264962482095
 1.8051E-02,0.030984757428394648
 1.8065E-02,0.02623870874662695
 1.8079E-02,0.021266323864403976
 1.8094E-02,0.016353514994337556
 1.8108E-02,0.011749757402665904
 1.8122E-02,0.007647926884126647
 1.8136E-02,0.004178432056283885
 1.8150E-02,0.0014170987856472208
 1.8165E-02,-0.0005973125939751126
 1.8179E-02,-0.0018424252534958315
 1.8193E-02,-0.002295381504850373
 1.8207E-02,-0.0019253492044742017
 1.8221E-02,-0.0006979907737881578
 1.8235E-02,0.0014091848290896148
 1.8250E-02,0.004385039913543496
 1.8264E-02,0.008163199758427124
 1.8278E-02,0.012607560826848867
 1.8292E-02,0.01751027861185551
 1.8306E-02,0.022604506880962355
 1.8321E-02,0.027590368375586885
 1.8335E-02,0.03216915308818832
 1.8349E-02,0.03607850660452368
 1.8363E-02,0.03912101065078201
 1.8377E-02,0.041180194553572816
 1.8391E-02,0.04222122413538322
 1.8406E-02,0.0422774245567095
 1.8420E-02,0.04142733347281223
 1.8434E-02,0.03976918038507672
 1.8448E-02,0.03739995585012644
 1.8462E-02,0.03440452218654185
 1.8477E-02,0.030857027467126034
 1.8491E-02,0.02683312158736355
 1.8505E-02,0.022428189516761957
 1.8519E-02,0.017774922408367852
 1.8533E-02,0.013053561511402582
 1.8547E-02,0.008490061620682481
 1.8562E-02,0.004340694891029299
 1.8576E-02,0.0008653464592982031
 1.8590E-02,-0.0017050792893291045
 1.8604E-02,-0.003199969524049304
 1.8618E-02,-0.003531974824607678
 1.8633E-02,-0.0027065243265649297
 1.8647E-02,-0.0008160042325261589
 1.8661E-02,0.0019795925096456764
 1.8675E-02,0.005480555560722506
 1.8689E-02,0.009477039445945308
 1.8703E-02,0.013773437838644625
 1.8718E-02,0.01820240047578499
 1.8732E-02,0.022626424392480776
 1.8746E-02,0.026928523126993446
 1.8760E-02,0.0309965632181046
 1.8774E-02,0.03470760903021854
 1.8788E-02,0.03791855164222386
 1.8803E-02,0.04046743146016956
 1.8817E-02,0.042186710211587604
 1.8831E-02,0.042926177332726044
 1.8845E-02,0.04258018181268171
 1.8859E-02,0.04111230614782713
 1.8874E-02,0.03857090007367018
 1.8888E-02,0.03509100341345864
 1.8902E-02,0.030881536488241733
 1.8916E-02,0.026200302154599446
 1.8930E-02,0.02132232136642573
 1.8944E-02,0.01650851336275711
 1.8959E-02,0.011981356238284802
 1.8973E-02,0.007912065518209698
 1.8987E-02,0.00442061174649107
 1.9001E-02,0.0015864520672014106
 1.9015E-02,-0.000534895699741432
 1.9030E-02,-0.001895631659367272
 1.9044E-02,-0.002445569723019867
 1.9058E-02,-0.0021318734624195122
 1.9072E-02,-0.0009092766948444978
 1.9086E-02,0.001241829660915366
 1.9100E-02,0.004294615902834067
 1.9115E-02,0.00815865126154008
 1.9129E-02,0.01267208765824171
 1.9143E-02,0.01760673931591402
 1.9157E-02,0.02268640603566899
 1.9171E-02,0.027615402579948725
 1.9186E-02,0.03211159066546247
 1.9200E-02,0.03593698981776772
 1.9214E-02,0.03891961810030737
 1.9228E-02,0.0409624484260568
 1.9242E-02,0.042038665033217903
 1.9256E-02,0.042175869406582855
 1.9271E-02,0.04143456611323586
 1.9285E-02,0.03988742668014419
 1.9299E-02,0.03760517975946543
 1.9313E-02,0.03465271275072547
 1.9327E-02,0.03109574383953776
 1.9342E-02,0.02701514428585045
 1.9356E-02,0.022523575233597794
 1.9370E-02,0.01777822183559053
 1.9384E-02,0.012984301583259722
 1.9398E-02,0.008386441683958384
 1.9412E-02,0.0042482909566595554
 1.9427E-02,0.0008239560153708242
 1.9441E-02,-0.0016728444522264587
 1.9455E-02,-0.003095240030656402
 1.9469E-02,-0.0033795636579961354
 1.9483E-02,-0.0025482836329471033
 1.9497E-02,-0.0006994123651415337
 1.9512E-02,0.0020145142573759194
 1.9526E-02,0.005412445970174793
 1.9540E-02,0.009309474481199575
 1.9554E-02,0.01353456425215897
 1.9568E-02,0.017938004192802844
 1.9583E-02,0.02238829032262898
 1.9597E-02,0.026761219866827737
 1.9611E-02,0.030926212204414178
 1.9625E-02,0.03473565573454491
 1.9639E-02,0.03802219328248429
 1.9653E-02,0.040606542380572236
 1.9668E-02,0.042315336736580805
 1.9682E-02,0.04300543222046998
 1.9696E-02,0.04258899590642666
 1.9710E-02,0.04105309569616455
 1.9724E-02,0.038468617702201995
 1.9739E-02,0.034985868243902846
 1.9753E-02,0.030817476769859565
 1.9767E-02,0.026212311494889708
 1.9781E-02,0.021426209898945066
 1.9795E-02,0.016695860615683226
 1.9809E-02,0.012221039070732935
 1.9824E-02,0.008157941321916221
 1.9838E-02,0.004623273234471167
 1.9852E-02,0.0017058819238578173
 1.9866E-02,-0.000519167450612242
 1.9880E-02,-0.0019795739014722975
 1.9895E-02,-0.0026021913609009023
 1.9909E-02,-0.0023187965694486945
 1.9923E-02,-0.0010802600446449596
 1.9937E-02,0.0011245472273295732
 1.9951E-02,0.004250483652815084
 1.9965E-02,0.008184121551459606
 1.9980E-02,0.012742310458667425
 1.9994E-02,0.01768313744892935
 2.0008E-02,0.022728036048771903
 2.0022E-02,0.02759097523497678
 2.0036E-02,0.03200884120670926
 2.0051E-02,0.035766807296408167
 2.0065E-02,0.03871377465325799
 2.0079E-02,0.040765524005720664
 2.0093E-02,0.04189635750738252
 2.0107E-02,0.04212287287154623
 2.0121E-02,0.0414853174025877
 2.0136E-02,0.040032231257085674
 2.0150E-02,0.037812754241861465
 2.0164E-02,0.03487843027733681
 2.0178E-02,0.031293321412317304
 2.0192E-02,0.027148590007574788
 2.0206E-02,0.022576166123598355
 2.0221E-02,0.017756117063941847
 2.0235E-02,0.012913876972594747
 2.0249E-02,0.008306148466770687
 2.0263E-02,0.004197323444870554
 2.0277E-02,0.0008308581907036936
 2.0292E-02,-0.0015985152900674358
 2.0306E-02,-0.00296592862944774
 2.0320E-02,-0.003226603568020149
 2.0334E-02,-0.0024135101637224295
 2.0348E-02,-0.0006237803175767975
 2.0362E-02,0.00200222235934815
 2.0377E-02,0.005303758964720243
 2.0391E-02,0.00911900529709381
 2.0405E-02,0.013296649937053102
 2.0419E-02,0.017698103962396683
 2.0433E-02,0.022191450496123172
 2.0448E-02,0.0266407077731136
 2.0462E-02,0.030895372523455214
 2.0476E-02,0.03478516444412237
 2.0490E-02,0.038123414571626976
 2.0504E-02,0.040720032190625796
 2.0518E-02,0.04240213611747675
 2.0533E-02,0.043038038274391836
 2.0547E-02,0.04255899679613876
 2.0561E-02,0.04097338360895642
 2.0575E-02,0.03836959407948442
 2.0589E-02,0.03490671271685905
 2.0604E-02,0.0307949054123482
 2.0618E-02,0.02626992869089948
 2.0632E-02,0.02156738030534193
 2.0646E-02,0.01690205136642941
 2.0660E-02,0.012456083350785869
 2.0674E-02,0.008377065953164254
 2.0689E-02,0.00478445096094712
 2.0703E-02,0.001780455666411048
 2.0717E-02,-0.0005394271092859647
 2.0731E-02,-0.0020808396131564684
 2.0745E-02,-0.0027527682230550398
 2.0760E-02,-0.0024779530328502366
 2.0774E-02,-0.0012092846628635496
 2.0788E-02,0.0010520603460966148
 2.0802E-02,0.0042418898011667185
 2.0816E-02,0.008226318437553134
 2.0830E-02,0.01280601512491643
 2.0845E-02,0.017731650367877827
 2.0859E-02,0.022728076246901416
 2.0873E-02,0.02752260381085393
 2.0887E-02,0.03187173429728199
 2.0901E-02,0.035581132535528956
 2.0916E-02,0.03851540037900068
 2.0930E-02,0.040596844520106735
 2.0944E-02,0.04179522193064804
 2.0958E-02,0.04211262637398839
 2.0972E-02,0.0415686583645772
 2.0986E-02,0.040190542244220105
 2.1001E-02,0.03801106874723638
 2.1015E-02,0.03507466336854089
 2.1029E-02,0.03144924104950651
 2.1043E-02,0.027239550029302832
 2.1057E-02,0.022596982557133233
 2.1071E-02,0.017721542474243242
 2.1086E-02,0.012853613601335079
 2.1100E-02,0.008255829290184813
 2.1114E-02,0.004187974372709636
 2.1128E-02,0.0008797443977279591
 2.1142E-02,-0.0014931567459092856
 2.1157E-02,-0.0028248405320883425
 2.1171E-02,-0.0030841638990083374
 2.1185E-02,-0.0023085439379933446
 2.1199E-02,-0.0005890171099883921
 2.1213E-02,0.0019491913232178202
 2.1227E-02,0.005165573606960823
 2.1242E-02,0.008918292465061477
 2.1256E-02,0.013070494200950213
 2.1270E-02,0.01748871193021239
 2.1284E-02,0.02203551466943124
 2.1298E-02,0.02656032501327116
 2.1313E-02,0.030892946983217793
 2.1327E-02,0.03484363987849865
 2.1341E-02,0.038211730367461595
 2.1355E-02,0.04080227568197823
 2.1369E-02,0.04244785912602476
 2.1383E-02,0.043030894798655184
 2.1398E-02,0.042501328842716096
 2.1412E-02,0.040885505129987156
 2.1426E-02,0.0382839883635864
 2.1440E-02,0.03485875976401725
 2.1454E-02,0.030812705104489378
 2.1469E-02,0.02636602380111959
 2.1483E-02,0.021734651382785186
 2.1497E-02,0.01711490711061658
 2.1511E-02,0.012676625266677257
 2.1525E-02,0.00856456029331139
 2.1539E-02,0.00490555699933481
 2.1554E-02,0.001817471012457537
 2.1568E-02,-0.0005844917482019422
 2.1582E-02,-0.0021874068849345144
 2.1596E-02,-0.0028877012207315887
 2.1610E-02,-0.002604758983626317
 2.1624E-02,-0.001298005106599226
 2.1639E-02,0.0010169482237340748
 2.1653E-02,0.004257681061036378
 2.1667E-02,0.008273395418118949
 2.1681E-02,0.01285387987515306
 2.1695E-02,0.01774800384353851
 2.1710E-02,0.02268844377425993
 2.1724E-02,0.027417853382822533
 2.1738E-02,0.031711403814211184
 2.1752E-02,0.03539162356245934
 2.1766E-02,0.03833349993779685
 2.1780E-02,0.04046031778132444
 2.1795E-02,0.041733023683159835
 2.1809E-02,0.042137385196555764
 2.1823E-02,0.04167346571281802
 2.1837E-02,0.04035090180297142
 2.1851E-02,0.038191454409008466
 2.1866E-02,0.03523788390196796
 2.1880E-02,0.03156605789572206
 2.1894E-02,0.027295945239794416
 2.1908E-02,0.022597136259300057
 2.1922E-02,0.017685766971929365
 2.1936E-02,0.012811874303124839
 2.1951E-02,0.008238680449470803
 2.1965E-02,0.00421742518885567
 2.1979E-02,0.0009625679293215907
 2.1993E-02,-0.0013678430662687024
 2.2007E-02,-0.002683065235080123
 2.2022E-02,-0.0029603442480164353
 2.2036E-02,-0.0022363102992402706
 2.2050E-02,-0.0005920992878238052
 2.2064E-02,0.0018635524098677384
 2.2078E-02,0.005008905104153737
 2.2092E-02,0.008718235802752525
 2.2107E-02,0.01286392326905708
 2.2121E-02,0.01731246714079269
 2.2135E-02,0.021917237661124994
 2.2149E-02,0.026511847115675585
 2.2163E-02,0.030907988173657693
 2.2178E-02,0.03490040188210127
 2.2192E-02,0.038279635767270705
 2.2206E-02,0.040850976924260214
 2.2220E-02,0.042456026095625966
 2.2234E-02,0.04299235767329756
 2.2248E-02,0.04242688743779683
 2.2263E-02,0.0407999151350585
 2.2277E-02,0.038218966689727574
 2.2291E-02,0.03484394641445758
 2.2305E-02,0.03086707563967587
 2.2319E-02,0.026492114768647775
 2.2333E-02,0.021917183324544613
 2.2348E-02,0.017324185315203113
 2.2362E-02,0.012875800004806766
 2.2376E-02,0.008718789193704706
 2.2390E-02,0.004990610909434633
 2.2404E-02,0.0018254912607240572
 2.2419E-02,-0.0006435933848509354
 2.2433E-02,-0.002289230674026371
 2.2447E-02,-0.003000388322088321
 2.2461E-02,-0.002697831667917324
 2.2475E-02,-0.0013506129156652276
 2.2489E-02,0.0010106021191090633
 2.2504E-02,0.004287182090402866
 2.2518E-02,0.00831551402048496
 2.2532E-02,0.012879570574641622
 2.2546E-02,0.01773107602487206
 2.2560E-02,0.02261351545139373
 2.2575E-02,0.02728538938575918
 2.2589E-02,0.031538430114343395
 2.2603E-02,0.035207887946929264
 2.2617E-02,0.03817409495721592
 2.2631E-02,0.04035675247859404
 2.2645E-02,0.04170515796042291
 2.2660E-02,0.042188406522564684
 2.2674E-02,0.04178925701924375
 2.2688E-02,0.04050395132003571
 2.2702E-02,0.03834822278637509
 2.2716E-02,0.03536761029597342
 2.2731E-02,0.03164860965804152
 2.2745E-02,0.027326596226256113
 2.2759E-02,0.022587015836320973
 2.2773E-02,0.01765791611569005
 2.2787E-02,0.012794046140627359
 2.2801E-02,0.008254901274653541
 2.2816E-02,0.004280652458324374
 2.2830E-02,0.001070464158843824
 2.2844E-02,-0.001232862926789504
 2.2858E-02,-0.002549521869531137
 2.2872E-02,-0.0028602820719193173
 2.2887E-02,-0.002196786227465228
 2.2901E-02,-0.0006278680399006116
 2.2915E-02,0.001754183028307444
 2.2929E-02,0.004843928227992976
 2.2943E-02,0.008527542120234672
 2.2957E-02,0.012681818331937492
 2.2972E-02,0.017169114322846374
 2.2986E-02,0.021831316862703065
 2.3000E-02,0.026486385090484774
 2.3014E-02,0.030930452518901124
 2.3028E-02,0.03494699069440699
 2.3042E-02,0.038322553382931786
 2.3057E-02,0.040866674370269425
 2.3071E-02,0.04243212620100644
 2.3085E-02,0.04293135223061764
 2.3099E-02,0.04234558780083808
 2.3113E-02,0.0407248117332323
 2.3128E-02,0.03817878183990445
 2.3142E-02,0.034861436030388576
 2.3156E-02,0.030952337561560673
 2.3170E-02,0.026639242751744376
 2.3184E-02,0.022105186550649726
 2.3198E-02,0.017521929796269677
 2.3213E-02,0.01304963977500452
 2.3227E-02,0.00884083638103518
 2.3241E-02,0.005045435538959057
 2.3255E-02,0.0018134813073493257
 2.3269E-02,-0.0007070679870872314
 2.3284E-02,-0.002378570483851119
 2.3298E-02,-0.003087103371383355
 2.3312E-02,-0.002758453949424074
 2.3326E-02,-0.001373033447938677
 2.3340E-02,0.001024077638969864
 2.3354E-02,0.004320865893539664
 2.3369E-02,0.008345151316602597
 2.3383E-02,0.012879603278548292
 2.3397E-02,0.01768235392020335
 2.3411E-02,0.022509327386739643
 2.3425E-02,0.027134139078856534
 2.3440E-02,0.03136219184211639
 2.3454E-02,0.03503720080931425
 2.3468E-02,0.038040383616512935
 2.3482E-02,0.040284414056245686
 2.3496E-02,0.04170544887951217
 2.3510E-02,0.04225677309777349
 2.3525E-02,0.04190681444035235
 2.3539E-02,0.040642685970789884
 2.3553E-02,0.03847848314117633
 2.3567E-02,0.035465838704739634
 2.3581E-02,0.03170321794234965
 2.3596E-02,0.02734041306131224
 2.3610E-02,0.022575685636402866
 2.3624E-02,0.017644742832934837
 2.3638E-02,0.012802743890459685
 2.3652E-02,0.00830227346860537
 2.3666E-02,0.004371224465505191
 2.3681E-02,0.0011945476974110042
 2.3695E-02,-0.0010971376367316286
 2.3709E-02,-0.0024307495398980293
 2.3723E-02,-0.0027863706255801413
 2.3737E-02,-0.002187585311519578
 2.3751E-02,-0.0006898212860715599
 2.3766E-02,0.0016299231924533845
 2.3780E-02,0.004679414985879023
 2.3794E-02,0.008352535967925035
 2.3808E-02,0.012526349330162211
 2.3822E-02,0.017056095567871576
 2.3837E-02,0.02177117970794619
 2.3851E-02,0.02647515399916382
 2.3865E-02,0.03095174112443378
 2.3879E-02,0.034977333818467723
 2.3893E-02,0.03833858216827253
 2.3907E-02,0.04085214158507702
 2.3922E-02,0.04238283475754963
 2.3936E-02,0.04285662134113909
 2.3950E-02,0.04226584891937595
 2.3964E-02,0.040665995954588016
 2.3978E-02,0.038165045478125055
 2.3993E-02,0.03490822729699187
 2.4007E-02,0.031061710798533412
 2.4021E-02,0.02679870792729648
 2.4035E-02,0.02229041477083412
 2.4049E-02,0.01770258786762139
 2.4063E-02,0.01319678444414091
 2.4078E-02,0.008933888470318365
 2.4092E-02,0.005076882732325679
 2.4106E-02,0.0017900857504511
 2.4120E-02,-0.0007668293096237946
 2.4134E-02,-0.0024500886047445205
 2.4149E-02,-0.0031466936187418333
 2.4163E-02,-0.002789954736019417
 2.4177E-02,-0.0013721583634114648
 2.4191E-02,0.0010488016314653449
 2.4205E-02,0.004350808680551703
 2.4219E-02,0.00835718023185791
 2.4234E-02,0.012853029413227033
 2.4248E-02,0.017605310247622824
 2.4262E-02,0.02238281393303094
 2.4276E-02,0.026972600139250492
 2.4290E-02,0.031190432109993248
 2.4305E-02,0.03488444571502361
 2.4319E-02,0.03793307083739855
 2.4333E-02,0.04023965266476749
 2.4347E-02,0.041726902924843164
 2.4361E-02,0.04233406641731387
 2.4375E-02,0.04201859452681488
 2.4390E-02,0.04076249041222267
 2.4404E-02,0.03858179556047539
 2.4418E-02,0.03553640939032839
 2.4432E-02,0.03173694151584724
 2.4446E-02,0.027345739278045123
 2.4460E-02,0.022570498719334982
 2.4475E-02,0.01765061365750332
 2.4489E-02,0.012838171841449149
 2.4503E-02,0.00837679875691365
 2.4517E-02,0.004482040651102378
 2.4531E-02,0.001326552744947029
 2.4546E-02,-0.0009678530890946534
 2.4560E-02,-0.0023309104125864054
 2.4574E-02,-0.002738631164431485
 2.4588E-02,-0.0022045970035340303
 2.4602E-02,-0.0007708457952534296
 2.4616E-02,0.0014989493927133053
 2.4631E-02,0.004522383901316983
 2.4645E-02,0.008197178353478088
 2.4659E-02,0.01239735645969277
 2.4673E-02,0.016969189487227015
 2.4687E-02,0.02172970576832081
 2.4702E-02,0.026470081360828415
 2.4716E-02,0.030965029400931727
 2.4730E-02,0.0349877080811092
 2.4744E-02,0.038328103445507224
 2.4758E-02,0.04081174575878993
 2.4772E-02,0.042315299934651274
 2.4787E-02,0.04277613507654768
 2.4801E-02,0.042194286660576
 2.4815E-02,0.04062693084137569
 2.4829E-02,0.03817713562388861
 2.4843E-02,0.03497979767776683
 2.4858E-02,0.031188018009871026
 2.4872E-02,0.026962641148598122
 2.4886E-02,0.02246644997775504
 2.4900E-02,0.017862932182955277
 2.4914E-02,0.013318062665828495
 2.4928E-02,0.009002590283363138
 2.4943E-02,0.005092138653140428
 2.4957E-02,0.0017630729404427702
 2.4971E-02,-0.0008166358119655985
 2.4985E-02,-0.0025007567506945007
 2.4999E-02,-0.0031801528167734495
 2.5014E-02,-0.002797065531448469
 2.5028E-02,-0.0013551607850483599
 2.5042E-02,0.0010771127239592657
 2.5056E-02,0.004370940136012584
 2.5070E-02,0.008348762704883723
 2.5084E-02,0.012801002075074334
 2.5099E-02,0.017504761842886435
 2.5113E-02,0.02224113340243078
 2.5127E-02,0.02680831728370793
 2.5141E-02,0.031029027942613346
 2.5155E-02,0.03475223858485367
 2.5169E-02,0.03785081150293383
 2.5184E-02,0.04021754368840746
 2.5198E-02,0.04176237152160238
 2.5212E-02,0.0424128707377847
 2.5226E-02,0.042118936894225134
 2.5240E-02,0.04086099624381534
 2.5255E-02,0.03865971721384108
 2.5269E-02,0.03558436645697615
 2.5283E-02,0.0317569245881145
 2.5297E-02,0.027349866208208184
 2.5311E-02,0.0225769087911051
 2.5325E-02,0.01767766823655094
 2.5340E-02,0.012898586154282812
 2.5354E-02,0.008473337382918819
 2.5368E-02,0.004605972350472928
 2.5382E-02,0.0014593023336781992
 2.5396E-02,-0.0008502885974929976
 2.5411E-02,-0.0022519620106196568
 2.5425E-02,-0.002715180847501347
 2.5439E-02,-0.0022426222768460774
 2.5453E-02,-0.0008638476304655277
 2.5467E-02,0.0013683203599957996
 2.5481E-02,0.004377944567102719
 2.5496E-02,0.008063251112737447
 2.5510E-02,0.012292822990638892
 2.5524E-02,0.016903142994198685
 2.5538E-02,0.02169984531304145
 2.5552E-02,0.026464244468419836
 2.5567E-02,0.030965404892498334
 2.5581E-02,0.03497654154195426
 2.5595E-02,0.03829330204512454
 2.5609E-02,0.04075081961158004
 2.5623E-02,0.04223653728016125
 2.5637E-02,0.04269667296837894
 2.5652E-02,0.042135597042762915
 2.5666E-02,0.04060895644958947
 2.5680E-02,0.03821268354873778
 2.5694E-02,0.03507072858339165
 2.5708E-02,0.031324277359992464
 2.5723E-02,0.027124403186822185
 2.5737E-02,0.02262880026645353
 2.5751E-02,0.018001831561322276
 2.5765E-02,0.01341599908105735
 2.5779E-02,0.00905242318879852
 2.5793E-02,0.00509814252998549
 2.5808E-02,0.0017389517607879993
 2.5822E-02,-0.0008521726163465445
 2.5836E-02,-0.0025296156847426747
 2.5850E-02,-0.003190124899135215
 2.5864E-02,-0.002785303605298695
 2.5878E-02,-0.001328925495579142
 2.5893E-02,0.0011026299046674084
 2.5907E-02,0.004377111599687746
 2.5921E-02,0.00831910002754499
 2.5935E-02,0.0127262774063886
 2.5949E-02,0.01738625841541469
 2.5964E-02,0.022091110801813744
 2.5978E-02,0.02664753038710664
 2.5992E-02,0.030881938750646227
 2.6006E-02,0.03464118934785433
 2.6020E-02,0.0377907127647359
 2.6034E-02,0.04021249292093348
 2.6049E-02,0.04180509380500529
 2.6063E-02,0.042487105769425514
 2.6077E-02,0.042204096914663675
 2.6091E-02,0.040937806830393005
 2.6105E-02,0.03871529538786603
 2.6120E-02,0.03561535811037117
 2.6134E-02,0.03176986809027269
 2.6148E-02,0.027358719072421038
 2.6162E-02,0.02259845578500411
 2.6176E-02,0.01772610722470596
 2.6190E-02,0.012980805729995722
 2.6205E-02,0.008586202460895635
 2.6219E-02,0.004736379129617182
 2.6233E-02,0.0015870069676628944
 2.6247E-02,-0.0007478161089354441
 2.6261E-02,-0.0021939534403142835
 2.6276E-02,-0.0027127446333570083
 2.6290E-02,-0.0022959616265456283
 2.6304E-02,-0.0009622565033278101
 2.6318E-02,0.0012436928620269403
 2.6332E-02,0.00424930985863155
 2.6346E-02,0.007950661071830279
 2.6361E-02,0.012209387684442258
 2.6375E-02,0.016852252053990234
 2.6389E-02,0.021675110393951032
 2.6403E-02,0.026452138671865102
 2.6417E-02,0.030949840588268464
 2.6432E-02,0.03494410013575752
 2.6446E-02,0.038237652643924605
 2.6460E-02,0.04067508814645592
 2.6474E-02,0.04215295341057383
 2.6488E-02,0.04262357415521252
 2.6502E-02,0.0420926000750328
 2.6517E-02,0.04061161424605743
 2.6531E-02,0.03826808919508404
 2.6545E-02,0.03517527065312196
 2.6559E-02,0.031464163548855444
 2.6573E-02,0.02727881639918532
 2.6588E-02,0.022774839891954484
 2.6602E-02,0.01811991669616115
 2.6616E-02,0.013494297445741803
 2.6630E-02,0.009089146686704557
 2.6644E-02,0.005101138471796657
 2.6658E-02,0.0017227548956966184
 2.6673E-02,-0.0008709788884198955
 2.6687E-02,-0.00253743406271031
 2.6701E-02,-0.003180387782548005
 2.6715E-02,-0.002760421272745227
 2.6729E-02,-0.0012996130216496428
 2.6743E-02,0.0011204559252164206
 2.6758E-02,0.004367012629040494
 2.6772E-02,0.008269086197002508
 2.6786E-02,0.012632699764184394
 2.6800E-02,0.017255540006200578
 2.6814E-02,0.021938815182796022
 2.6829E-02,0.02649498623965436
 2.6843E-02,0.03075130281290876
 2.6857E-02,0.03455025576824859
 2.6871E-02,0.037748847872667655
 2.6885E-02,0.04021876985620285
 2.6899E-02,0.041849104042680225
 2.6914E-02,0.04255219768958974
 2.6928E-02,0.042272134555198876
 2.6942E-02,0.04099413524290374
 2.6956E-02,0.038752554082253414
 2.6970E-02,0.035635112352217245
 2.6985E-02,0.031781637329968235
 2.6999E-02,0.027376702904832358
 2.7013E-02,0.022636891029860263
 2.7027E-02,0.01779456154294847
 2.7041E-02,0.01308072426520682
 2.7055E-02,0.008709675245282184
 2.7070E-02,0.004867487424086334
 2.7084E-02,0.0017054043907817657
 2.7098E-02,-0.0006620364254867547
 2.7112E-02,-0.0021553997867476155
 2.7126E-02,-0.0027271655888773715
 2.7141E-02,-0.0023589225129340427
 2.7155E-02,-0.0010603928252241384
 2.7169E-02,0.0011291939935678566
 2.7183E-02,0.00413794121373707
 2.7197E-02,0.007857817773423762
 2.7211E-02,0.012142851503693892
 2.7226E-02,0.016810859276632936
 2.7240E-02,0.02164992815663495
 2.7254E-02,0.02642979086133826
 2.7268E-02,0.030917038526620817
 2.7282E-02,0.034892104893696194
 2.7296E-02,0.03816541566062026
 2.7311E-02,0.04059018105093556
 2.7325E-02,0.042070007810249374
 2.7339E-02,0.04256064025089428
 2.7353E-02,0.042066409271348235
 2.7367E-02,0.04063303606103855
 2.7382E-02,0.03833902278720666
 2.7396E-02,0.0352878210335713
 2.7410E-02,0.03160233096316752
 2.7424E-02,0.02742224640056921
 2.7438E-02,0.022903628108281213
 2.7452E-02,0.01821918634207721
 2.7467E-02,0.013557341954606002
 2.7481E-02,0.00911833073258291
 2.7495E-02,0.005106365681214677
 2.7509E-02,0.0017179704202321205
 2.7523E-02,-0.0008722572322273849
 2.7538E-02,-0.002526311473568758
 2.7552E-02,-0.0031553583996388225
 2.7566E-02,-0.002727947376579319
 2.7580E-02,-0.0012723616542388088
 2.7594E-02,0.0011272345575232049
 2.7608E-02,0.004339972844155827
 2.7623E-02,0.008200908989961867
 2.7637E-02,0.012524711028024084
 2.7651E-02,0.01711808816270647
 2.7665E-02,0.02178927452916089
 2.7679E-02,0.026353894053175873
 2.7694E-02,0.030637644550832035
 2.7708E-02,0.034477145056950216
 2.7722E-02,0.03772074198633152
 2.7736E-02,0.04023094502605437
 2.7750E-02,0.04188950148700765
 2.7764E-02,0.04260510852676927
 2.7779E-02,0.04232269608828337
 2.7793E-02,0.04103239863962498
 2.7807E-02,0.038776012288304094
 2.7821E-02,0.03564901074022438
 2.7835E-02,0.03179700719196649
 2.7850E-02,0.027406687976534817
 2.7864E-02,0.02269240599911972
 2.7878E-02,0.017880501384288823
 2.7892E-02,0.013193787769954751
 2.7906E-02,0.008838421318560757
 2.7920E-02,0.004994632736005306
 2.7935E-02,0.0018117627482223393
 2.7949E-02,-0.0005930150831116704
 2.7963E-02,-0.0021336922300562453
 2.7977E-02,-0.0027538774137574073
 2.7991E-02,-0.0024262259225865564
 2.8005E-02,-0.0011536982771696285
 2.8020E-02,0.0010274284886806105
 2.8034E-02,0.00404379096331832
 2.8048E-02,0.007782044220241315
 2.8062E-02,0.012088644709404012
 2.8076E-02,0.01677375039478949
 2.8091E-02,0.02161985930439696
 2.8105E-02,0.026394741217048004
 2.8119E-02,0.030867180681943038
 2.8133E-02,0.03482332065381184
 2.8147E-02,0.03808117646311531
 2.8161E-02,0.04050124821208891
 2.8176E-02,0.0419920092122056
 2.8190E-02,0.042510167416938784
 2.8204E-02,0.04205668974050142
 2.8218E-02,0.0406703569433527
 2.8232E-02,0.038420879324905545
 2.8247E-02,0.03540329551071745
 2.8261E-02,0.03173460236541037
 2.8275E-02,0.027552556541375416
 2.8289E-02,0.02301564257675133
 2.8303E-02,0.018302592872036276
 2.8317E-02,0.013609748085291787
 2.8332E-02,0.009144993991433266
 2.8346E-02,0.005117881992787302
 2.8360E-02,0.0017265977843030121
 2.8374E-02,-0.000856601350258876
 2.8388E-02,-0.0024992644035932137
 2.8403E-02,-0.0031196496978804665
 2.8417E-02,-0.0026928354491564366
 2.8431E-02,-0.0012511217706622155
 2.8445E-02,0.001121085874730793
 2.8459E-02,0.0042966851819016185
 2.8473E-02,0.008117637045676971
 2.8488E-02,0.012406914134728754
 2.8502E-02,0.016978784615899942
 2.8516E-02,0.021646322021596904
 2.8530E-02,0.026226000417896776
 2.8544E-02,0.030540156906947034
 2.8559E-02,0.034418726025226616
 2.8573E-02,0.037701801412811986
 2.8587E-02,0.04024421938119384
 2.8601E-02,0.04192259055969511
 2.8615E-02,0.04264424965899775
 2.8629E-02,0.0423567253253043
 2.8644E-02,0.04105580671699991
 2.8658E-02,0.03879026232909727
 2.8672E-02,0.03566177160548431
 2.8686E-02,0.031819536153939634
 2.8700E-02,0.027450108180062386
 2.8714E-02,0.022763927418289268
 2.8729E-02,0.017980647039323276
 2.8743E-02,0.013315409042344413
 2.8757E-02,0.008967796145655644
 2.8771E-02,0.005114373710919882
 2.8785E-02,0.0019047728741949043
 2.8800E-02,-0.0005395819150766108
 2.8814E-02,-0.002125507606423837
 2.8828E-02,-0.0027883126047911558
 2.8842E-02,-0.0024933025180136894
 2.8856E-02,-0.0012388401098844743
 2.8870E-02,0.0009395937777985834
 2.8885E-02,0.003965604660244504
 2.8899E-02,0.007719983717070995
 2.8913E-02,0.012042227398009678
 2.8927E-02,0.016736439757138732
 2.8941E-02,0.021581691388067023
 2.8956E-02,0.02634591959811457
 2.8970E-02,0.030801622828351735
 2.8984E-02,0.03474115137478952
 2.8998E-02,0.03798945271311217
 2.9012E-02,0.04041268604425691
 2.9026E-02,0.04192203505341554
 2.9041E-02,0.04247308016119688
 2.9055E-02,0.042061969039144415
 2.9069E-02,0.04072011769555284
 2.9083E-02,0.03850916281919147
 2.9097E-02,0.0355173899028645
 2.9112E-02,0.03185803675456983
 2.9126E-02,0.02766896447919585
 2.9140E-02,0.02311246443348027
 2.9154E-02,0.01837364210959837
 2.9168E-02,0.013655986290386557
 2.9182E-02,0.009173353549929982
 2.9197E-02,0.0051385071069291926
 2.9211E-02,0.0017492992584873198
 2.9225E-02,-0.0008256782229305809
 2.9239E-02,-0.002459828787685467
 2.9253E-02,-0.0030777015245406322
 2.9268E-02,-0.002659222807657508
 2.9282E-02,-0.0012386079388472001
 2.9296E-02,0.0011014488498379132
 2.9310E-02,0.0042388866128320254
 2.9324E-02,0.008022825912748596
 2.9338E-02,0.012283711680114408
 2.9353E-02,0.016841680481483948
 2.9367E-02,0.021512558057129823
 2.9381E-02,0.02611175370439419
 2.9395E-02,0.03045702259773683
 2.9409E-02,0.03437141912843035
 2.9423E-02,0.037687665954223494
 2.9438E-02,0.04025464307203246
 2.9452E-02,0.041945906887988
 2.9466E-02,0.04266930864024121
 2.9480E-02,0.04237613909379455
 2.9494E-02,0.04106797480503357
 2.9509E-02,0.038799626233373366
 2.9523E-02,0.03567724316581573
 2.9537E-02,0.03185155196588649
 2.9551E-02,0.02750714243771419
 2.9565E-02,0.02284944431255844
 2.9579E-02,0.01809135214034116
 2.9594E-02,0.013441302804368203
 2.9608E-02,0.009094041301804922
 2.9622E-02,0.005224496713107628
 2.9636E-02,0.001984360656647392
 2.9650E-02,-0.0004996593234783938
 2.9665E-02,-0.0021271877848556353
 2.9679E-02,-0.002826229867619913
 2.9693E-02,-0.002556479481158968
 2.9707E-02,-0.0013137072622859765
 2.9721E-02,0.0008656728471320254
 2.9735E-02,0.003901249933236539
 2.9750E-02,0.007667975043357457
 2.9764E-02,0.011999409053008347
 2.9778E-02,0.01669534773562929
 2.9792E-02,0.021533426407392836
 2.9806E-02,0.02628344740799838
 2.9821E-02,0.030722565266058606
 2.9835E-02,0.03464926987851975
 2.9849E-02,0.0378943841766635
 2.9863E-02,0.040327971712195335
 2.9877E-02,0.04186195477576338
 2.9891E-02,0.04244913665380109
 2.9906E-02,0.04207996784274379
 2.9920E-02,0.04077863029598661
 2.9934E-02,0.038599786745684136
 2.9948E-02,0.03562673390147019
 2.9962E-02,0.031970895176507697
 2.9977E-02,0.0277718298794086
 2.9991E-02,0.023196446234852362
 3.0005E-02,0.018436032230947225
 3.0019E-02,0.013700090108127963
 3.0033E-02,0.009206681277184018
 3.0047E-02,0.005169865647497087
 3.0062E-02,0.001785617309414476
 3.0076E-02,-0.0007818960052595543
 3.0090E-02,-0.0024117036057559526
 3.0104E-02,-0.003033496571207503
 3.0118E-02,-0.0026302955378317773
 3.0132E-02,-0.001236348987508846
 3.0147E-02,0.0010688604360822394
 3.0161E-02,0.004169026902518979
 3.0175E-02,0.007920166780304135
 3.0189E-02,0.012159030072716789
 3.0203E-02,0.01670987049103244
 3.0218E-02,0.021389408165277703
 3.0232E-02,0.026010529202588784
 3.0246E-02,0.030385744580286735
 3.0260E-02,0.0343315419211513
 3.0274E-02,0.037674475247102546
 3.0288E-02,0.04025923043623271
 3.0303E-02,0.041958150185830136
 3.0317E-02,0.04268101896570361
 3.0331E-02,0.04238349729535721
 3.0345E-02,0.041072584598650076
 3.0359E-02,0.03880789972755794
 3.0374E-02,0.03569830029478431
 3.0388E-02,0.031894228785663385
 3.0402E-02,0.027576950555638687
 3.0416E-02,0.022946337844014116
 3.0430E-02,0.018208937485825458
 3.0444E-02,0.013567732826376685
 3.0459E-02,0.00921437812474864
 3.0473E-02,0.00532393114377618
 3.0487E-02,0.0020514476303467315
 3.0501E-02,-0.0004705909281214923
 3.0515E-02,-0.0021350681193555805
 3.0530E-02,-0.0028639533255725392
 3.0544E-02,-0.002613065972700081
 3.0558E-02,-0.0013773195018224151
 3.0572E-02,0.0008046760942733067
 3.0586E-02,0.0038480431663282175
 3.0600E-02,0.007622375014353407
 3.0615E-02,0.011956579459672007
 3.0629E-02,0.01664787761784615
 3.0643E-02,0.021474183331443304
 3.0657E-02,0.02620839286080759
 3.0671E-02,0.030632727941861723
 3.0686E-02,0.034551301554977785
 3.0700E-02,0.037799511120266666
 3.0714E-02,0.04024959622049255
 3.0728E-02,0.04181253522308623
 3.0742E-02,0.04243717701116363
 3.0756E-02,0.04210792287268122
 3.0771E-02,0.04084228716514168
 3.0785E-02,0.03868928542704925
 3.0799E-02,0.03572894734419766
 3.0813E-02,0.03207252712451705
 3.0827E-02,0.02786240248215961
 3.0841E-02,0.023270390751736234
 3.0856E-02,0.01849335091120844
 3.0870E-02,0.013745453927922095
 3.0884E-02,0.00924725678124736
 3.0898E-02,0.005212507504671597
 3.0912E-02,0.0018342290571789271
 3.0927E-02,-0.0007280849456777227
 3.0941E-02,-0.0023584538936416146
 3.0955E-02,-0.0029903658705286392
 3.0969E-02,-0.0026082488161262955
 3.0983E-02,-0.001244813365850761
 3.0997E-02,0.0010246997274746628
 3.1012E-02,0.004089952133511066
 3.1026E-02,0.007813195444205494
 3.1040E-02,0.012036132847530117
 3.1054E-02,0.016585460954023763
 3.1068E-02,0.021277253723537858
 3.1083E-02,0.025920886422218146
 3.1097E-02,0.030323459466039777
 3.1111E-02,0.03429559308113962
 3.1125E-02,0.03765904616947192
 3.1139E-02,0.0402559828370908
 3.1153E-02,0.04195904682855658
 3.1168E-02,0.04268090038043762
 3.1182E-02,0.04238169214736095
 3.1196E-02,0.04107310719931867
 3.1210E-02,0.038818184404641194
 3.1224E-02,0.035726831099435134
 3.1239E-02,0.031947731198291744
 3.1253E-02,0.027657934853455444
 3.1267E-02,0.023051688911607738
 3.1281E-02,0.018329960791820404
 3.1295E-02,0.01369167064731382
 3.1309E-02,0.00932701266162745
 3.1324E-02,0.005412599769084367
 3.1338E-02,0.0021076877917837653
 3.1352E-02,-0.0004494465216308588
 3.1366E-02,-0.0021457413698609904
 3.1380E-02,-0.002898524040176405
 3.1395E-02,-0.002661351629381061
 3.1409E-02,-0.0014296739092497146
 3.1423E-02,0.0007549046477870493
 3.1437E-02,0.0038030508066314566
 3.1451E-02,0.007579815912717332
 3.1465E-02,0.01191085256899763
 3.1480E-02,0.016592407257249767
 3.1494E-02,0.02140404035845486
 3.1508E-02,0.026122507291704587
 3.1522E-02,0.030535052964650988
 3.1536E-02,0.034450574230560665
 3.1551E-02,0.037707639524544305
 3.1565E-02,0.04017908129989932
 3.1579E-02,0.04177360405470101
 3.1593E-02,0.04243538817132873
 3.1607E-02,0.042142880687885804
 3.1621E-02,0.04090780372520756
 3.1636E-02,0.0387749394710718
 3.1650E-02,0.035822614785928304
 3.1664E-02,0.03216320170200596
 3.1678E-02,0.027942556324367623
 3.1692E-02,0.02333726091607139
 3.1706E-02,0.018548839968680012
 3.1721E-02,0.01379471610263417
 3.1735E-02,0.009296400297199515
 3.1749E-02,0.005266081005866674
 3.1763E-02,0.0018932122198933683
 3.1777E-02,-0.0006672111266100692
 3.1792E-02,-0.002303281837256769
 3.1806E-02,-0.0029508790752750154
 3.1820E-02,-0.0025943256902493713
 3.1834E-02,-0.0012635853965872147
 3.1848E-02,0.0009709224999635991
 3.1862E-02,0.004004622353843728
 3.1877E-02,0.0077050697332913184
 3.1891E-02,0.011917518063149665
 3.1905E-02,0.016469614529660986
 3.1919E-02,0.021175611362242885
 3.1933E-02,0.02584083382628999
 3.1948E-02,0.03026721523363446
 3.1962E-02,0.0342604674588312
 3.1976E-02,0.03763896689176739
 3.1990E-02,0.04024383653175587
 3.2004E-02,0.041949166282709574
 3.2018E-02,0.04267099441315495
 3.2033E-02,0.04237367526222109
 3.2047E-02,0.04107259623366456
 3.2061E-02,0.038832803088854125
 3.2075E-02,0.035763797192797174
 3.2089E-02,0.032011402488561554
 3.2104E-02,0.027748004756823885
 3.2118E-02,0.023162546845807458
 3.2132E-02,0.018451416464217815
 3.2146E-02,0.013810872428621631
 3.2160E-02,0.009431069203684184
 3.2174E-02,0.0054912275163538785
 3.2189E-02,0.0021552040129235147
 3.2203E-02,-0.00043328624890248257
 3.2217E-02,-0.002156250803307929
 3.2231E-02,-0.0029277699155100686
 3.2245E-02,-0.0027005347567655045
 3.2260E-02,-0.0014715513312365807
 3.2274E-02,0.0007142127573614078
 3.2288E-02,0.003763349223770956
 3.2302E-02,0.007537392368756309
 3.2316E-02,0.011860129971261367
 3.2330E-02,0.01652821236622092
 3.2345E-02,0.021323839389213412
 3.2359E-02,0.026027964416917338
 3.2373E-02,0.030432449840465725
 3.2387E-02,0.03434993871007242
 3.2401E-02,0.037620785511181996
 3.2415E-02,0.04011706235991559
 3.2430E-02,0.041744248051141866
 3.2444E-02,0.042441563025635405
 3.2458E-02,0.0421819467454517
 3.2472E-02,0.04097238950869011
 3.2486E-02,0.03885482254587687
 3.2501E-02,0.035907195610569986
 3.2515E-02,0.03224390601555354
 3.2529E-02,0.028014531686046493
 3.2543E-02,0.023399935739213444
 3.2557E-02,0.018605231585173902
 3.2571E-02,0.013849719689428289
 3.2586E-02,0.009354568150694138
 3.2600E-02,0.005329536694407308
 3.2614E-02,0.001960301539086734
 3.2628E-02,-0.0006021370945528443
 3.2642E-02,-0.002248869255822113
 3.2657E-02,-0.0029168111673769904
 3.2671E-02,-0.0025889165741125324
 3.2685E-02,-0.0012915700983289185
 3.2699E-02,0.0009098069885535116
 3.2713E-02,0.003915877100621886
 3.2727E-02,0.007598418343304948
 3.2742E-02,0.011804891180990524
 3.2756E-02,0.016362654057390222
 3.2770E-02,0.02108333904706587
 3.2784E-02,0.02576808076780937
 3.2798E-02,0.03021420033901192
 3.2813E-02,0.03422360011304539
 3.2827E-02,0.03761261694629084
 3.2841E-02,0.04022255376804567
 3.2855E-02,0.041929713381951644
 3.2869E-02,0.04265361481685438
 3.2883E-02,0.0423622344393915
 3.2898E-02,0.04107355173719603
 3.2912E-02,0.03885328756180922
 3.2926E-02,0.035809348107303365
 3.2940E-02,0.03208397406795936
 3.2954E-02,0.027844823841207407
 3.2969E-02,0.02327614669028852
 3.2983E-02,0.018570864116666447
 3.2997E-02,0.013923884066247219
 3.3011E-02,0.009526471000422126
 3.3025E-02,0.0055611305694426485
 3.3039E-02,0.0021963430304864297
 3.3054E-02,-0.0004193731817041515
 3.3068E-02,-0.0021642128448172357
 3.3082E-02,-0.0029503055425423455
 3.3096E-02,-0.002730599897925161
 3.3110E-02,-0.0015043053404418434
 3.3124E-02,0.0006802498863691501
 3.3139E-02,0.0037262320859194646
 3.3153E-02,0.007492777884860389
 3.3167E-02,0.011803095262461465
 3.3181E-02,0.016455340682561423
 3.3195E-02,0.021234974611371187
 3.3210E-02,0.025927121130432437
 3.3224E-02,0.030327593670125712
 3.3238E-02,0.03425165918144101
 3.3252E-02,0.037540187469531625
 3.3266E-02,0.04006341859097079
 3.3280E-02,0.04172302531601164
 3.3295E-02,0.04245333660760006
 3.3309E-02,0.042222481146700706
 3.3323E-02,0.0410338502940192
 3.3337E-02,0.038927782441259495
 3.3351E-02,0.035982889638755296
 3.3366E-02,0.032316132370283385
 3.3380E-02,0.02808070211588537
 3.3394E-02,0.023461020659358824
 3.3408E-02,0.01866465341203868
 3.3422E-02,0.013911537767616264
 3.3436E-02,0.00942149097314899
 3.3451E-02,0.0054013405122405305
 3.3465E-02,0.0020331188243810465
 3.3479E-02,-0.0005354373934789488
 3.3493E-02,-0.0021972885584513823
 3.3507E-02,-0.0028891726423639387
 3.3522E-02,-0.0025917000725700213
 3.3536E-02,-0.0013272061039602515
 3.3550E-02,0.0008437268412629017
 3.3564E-02,0.003826255832700113
 3.3578E-02,0.007495257265386397
 3.3592E-02,0.011699199783452931
 3.3607E-02,0.016264205657647704
 3.3621E-02,0.02099884824073317
 3.3635E-02,0.025700260747750135
 3.3649E-02,0.030161917273960358
 3.3663E-02,0.034183043091349924
 3.3677E-02,0.037579126650172594
 3.3692E-02,0.04019257630979811
 3.3706E-02,0.04190231624548249
 3.3720E-02,0.04263112793004139
 3.3734E-02,0.04234982638104533
 3.3748E-02,0.04107785064172971
 3.3763E-02,0.03888042541222933
 3.3777E-02,0.03586297131968608
 3.3791E-02,0.03216377745015029
 3.3805E-02,0.02794602585117059
 3.3819E-02,0.023390070505422925
 3.3833E-02,0.018686491519002646
 3.3848E-02,0.014029989047103005
 3.3862E-02,0.009613787611245749
 3.3876E-02,0.00562400502858162
 3.3890E-02,0.0022334629886678627
 3.3904E-02,-0.00040532924497519666
 3.3919E-02,-0.0021678743864684516
 3.3933E-02,-0.0029654757080215086
 3.3947E-02,-0.0027521632645964448
 3.3961E-02,-0.0015296518311859544
 3.3975E-02,0.0006506697313915673
 3.3989E-02,0.0036893613478391346
 3.4004E-02,0.00744427706823041
 3.4018E-02,0.011739153721415797
 3.4032E-02,0.016374455895993553
 3.4046E-02,0.021139183451728015
 3.4060E-02,0.025822312537134073
 3.4075E-02,0.030222780030063297
 3.4089E-02,0.03415736723219998
 3.4103E-02,0.037466371354006066
 3.4117E-02,0.040017431317989946
 3.4131E-02,0.0417081731610075
 3.4145E-02,0.04246838663895253
 3.4160E-02,0.042262237178355075
 3.4174E-02,0.041090627072658585
 3.4188E-02,0.038993370165767864
 3.4202E-02,0.03605047603568282
 3.4216E-02,0.03238167116531228
 3.4231E-02,0.028143377849916627
 3.4245E-02,0.02352271492704773
 3.4259E-02,0.01872859574340447
 3.4273E-02,0.013980548943365596
 3.4287E-02,0.009496336622172473
 3.4301E-02,0.005479679588625816
 3.4316E-02,0.0021093656281116675
 3.4330E-02,-0.000469271198874752
 3.4344E-02,-0.002149974974360715
 3.4358E-02,-0.002868288502531615
 3.4372E-02,-0.0026018069410285523
 3.4387E-02,-0.0013686698293661967
 3.4401E-02,0.0007749622538376975
 3.4415E-02,0.0037378755475159634
 3.4429E-02,0.007396966855679663
 3.4443E-02,0.01160071596239675
 3.4457E-02,0.016173363687367184
 3.4472E-02,0.02092030631867224
 3.4486E-02,0.02563511614979675
 3.4500E-02,0.030108299465090572
 3.4514E-02,0.034137482956947546
 3.4528E-02,0.03753829088123237
 3.4542E-02,0.04015485936393459
 3.4557E-02,0.04186882594570767
 3.4571E-02,0.042605772858897724
 3.4585E-02,0.04233846636969735
 3.4599E-02,0.041086735792177816
 3.4613E-02,0.03891435103479283
 3.4628E-02,0.035923660071782534
 3.4642E-02,0.03224894291312861
 3.4656E-02,0.028049390018957322
 3.4670E-02,0.02350235173238801
 3.4684E-02,0.018797119880264907
 3.4698E-02,0.014129113559873906
 3.4713E-02,0.009694065963033661
 3.4727E-02,0.005681730032787281
 3.4741E-02,0.0022687621391464263
 3.4755E-02,-0.0003892345805261337
 3.4769E-02,-0.0021661135489544586
 3.4784E-02,-0.002973257723105683
 3.4798E-02,-0.0027663034778382532
 3.4812E-02,-0.0015494743149265366
 3.4826E-02,0.0006232974999609551
 3.4840E-02,0.0036508618450789695
 3.4854E-02,0.007390822142893976
 3.4869E-02,0.011668332036087099
 3.4883E-02,0.01628666816522313
 3.4897E-02,0.021038354187420852
 3.4911E-02,0.025715689051116
 3.4925E-02,0.03011983576312898
 3.4940E-02,0.03406807033190811
 3.4954E-02,0.03739925417184012
 3.4968E-02,0.039977953937798696
 3.4982E-02,0.04169779793664135
 3.4996E-02,0.0424845914480863
 3.5010E-02,0.04229944440208992
 3.5025E-02,0.041141781946825814
 3.5039E-02,0.03905173286157608
 3.5053E-02,0.03611114277371594
 3.5067E-02,0.0324424236052635
 3.5081E-02,0.02820465284568492
 3.5096E-02,0.023586734479619415
 3.5110E-02,0.018797930941013556
 3.5124E-02,0.014056547702024443
 3.5138E-02,0.00957788116782747
 3.5152E-02,0.005562647241111616
 3.5166E-02,0.0021869720356504155
 3.5181E-02,-0.0004053099442889452
 3.5195E-02,-0.002107749936072355
 3.5209E-02,-0.0028539107144914116
 3.5223E-02,-0.0026179908175867446
 3.5237E-02,-0.0014140579911608156
 3.5251E-02,0.0007055551909910325
 3.5266E-02,0.003652362859771001
 3.5280E-02,0.00730431890156593
 3.5294E-02,0.011509150657160395
 3.5308E-02,0.01608886095950038
 3.5322E-02,0.020845816198958332
 3.5337E-02,0.025570638397799057
 3.5351E-02,0.030051773960310543
 3.5365E-02,0.034086209202022294
 3.5379E-02,0.037490452135768286
 3.5393E-02,0.040110701424930034
 3.5407E-02,0.04183113967861568
 3.5422E-02,0.042579526171709715
 3.5436E-02,0.04232967118742808
 3.5450E-02,0.04110085232403639
 3.5464E-02,0.038954665166339324
 3.5478E-02,0.035990083153879415
 3.5493E-02,0.032337573075749915
 3.5507E-02,0.028152971145333546
 3.5521E-02,0.023611526520417446
 3.5535E-02,0.01890216272432354
 3.5549E-02,0.014221704404040882
 3.5563E-02,0.009768660726770177
 3.5578E-02,0.0057361968113137495
 3.5592E-02,0.0023041529506931634
 3.5606E-02,-0.00036967440364107755
 3.5620E-02,-0.0021583950938365046
 3.5634E-02,-0.0029741378149516096
 3.5649E-02,-0.0027743927261532062
 3.5663E-02,-0.0015656557607870575
 3.5677E-02,0.0005962518220661906
 3.5691E-02,0.003609364085175842
 3.5705E-02,0.007331925314634766
 3.5719E-02,0.011591153512901884
 3.5734E-02,0.016193366356380842
 3.5748E-02,0.020934360972779672
 3.5762E-02,0.0256090990705879
 3.5776E-02,0.03002008105335453
 3.5790E-02,0.03398420333858711
 3.5805E-02,0.037338270562041434
 3.5819E-02,0.03994357880867381
 3.5833E-02,0.04169003660772299
 3.5847E-02,0.042500142215285516
 3.5861E-02,0.0423328411536002
 3.5875E-02,0.04118694230928842
 3.5890E-02,0.039103485191426895
 3.5904E-02,0.03616632052682411
 3.5918E-02,0.03250024347479983
 3.5932E-02,0.02826629747675415
 3.5946E-02,0.023654284555671076
 3.5960E-02,0.01887297310775731
 3.5975E-02,0.014138874589057158
 3.5989E-02,0.009664673954596144
 3.6003E-02,0.005648397980440615
 3.6017E-02,0.0022641995923575135
 3.6031E-02,-0.0003447142021960805
 3.6046E-02,-0.0020708837554969206
 3.6060E-02,-0.002845349389149698
 3.6074E-02,-0.0026387921074603133
 3.6088E-02,-0.001461539654428716
 3.6102E-02,0.0006372103533235718
 3.6116E-02,0.003570834641092964
 3.6131E-02,0.007217541885966891
 3.6145E-02,0.01142378551203077
 3.6159E-02,0.016009231141282717
 3.6173E-02,0.02077356504988176
 3.6187E-02,0.0255051626029715
 3.6202E-02,0.029991276477248006
 3.6216E-02,0.03402904590512542
 3.6230E-02,0.03743636772931847
 3.6244E-02,0.04006158346205399
 3.6258E-02,0.04179105590260096
 3.6272E-02,0.042554012457183744
 3.6287E-02,0.04232444930975193
 3.6301E-02,0.04112031990763438
 3.6315E-02,0.0390005692240128
 3.6329E-02,0.036060744543943146
 3.6343E-02,0.03242788430475879
 3.6358E-02,0.028255184380795394
 3.6372E-02,0.023716639049131523
 3.6386E-02,0.01900155061718065
 3.6400E-02,0.014308593892590718
 3.6414E-02,0.009839076331224186
 3.6428E-02,0.005789170806085743
 3.6443E-02,0.0023411817022731636
 3.6457E-02,-0.0003457403222252519
 3.6471E-02,-0.0021446925717045775
 3.6485E-02,-0.0029689754819831322
 3.6499E-02,-0.0027779402873016994
 3.6514E-02,-0.0015799437549683744
 3.6528E-02,0.000568021492328454
 3.6542E-02,0.0035640022994249043
 3.6556E-02,0.007267598946220547
 3.6570E-02,0.011508502319852423
 3.6584E-02,0.016096063419783216
 3.6599E-02,0.020828932428207964
 3.6613E-02,0.02550401641310978
 3.6627E-02,0.029924335215123693
 3.6641E-02,0.03390571075479135
 3.6655E-02,0.037282508813830176
 3.6669E-02,0.03991278975956693
 3.6684E-02,0.041683184118264154
 3.6698E-02,0.042513610557461806
 3.6712E-02,0.04236166412915616
 3.6726E-02,0.04122621554186993
 3.6740E-02,0.039149572662520386
 3.6755E-02,0.036217532048714536
 3.6769E-02,0.03255681365697546
 3.6783E-02,0.028329695724624692
 3.6797E-02,0.023726074445127587
 3.6811E-02,0.01895356611869496
 3.6825E-02,0.014226553351252082
 3.6840E-02,0.009755186451572726
 3.6854E-02,0.005735267649991388
 3.6868E-02,0.0023397002668177984
 3.6882E-02,-0.0002881516466585795
 3.6896E-02,-0.0020391853502844033
 3.6911E-02,-0.002841609678843655
 3.6925E-02,-0.0026626847629019528
 3.6939E-02,-0.0015094730626318143
 3.6953E-02,0.000571239868595489
 3.6967E-02,0.0034939190084998534
 3.6981E-02,0.007136412299501192
 3.6996E-02,0.011343609472830944
 3.7010E-02,0.01593295338198886
 3.7024E-02,0.020701937631928943
 3.7038E-02,0.025437418929497996
 3.7052E-02,0.0299262270522757
 3.7067E-02,0.03396625857200522
 3.7081E-02,0.03737707345330303
 3.7095E-02,0.04000902669701044
 3.7109E-02,0.041750165014729425
 3.7123E-02,0.04253045756595592
 3.7137E-02,0.04232332920635577
 3.7152E-02,0.0411448280874947
 3.7166E-02,0.039051001419955184
 3.7180E-02,0.036134123029477674
 3.7194E-02,0.03251831177220802
 3.7208E-02,0.028354847211919117
 3.7222E-02,0.02381720921479011
 3.7237E-02,0.019095633576933904
 3.7251E-02,0.014390863716754538
 3.7265E-02,0.009906829376470486
 3.7279E-02,0.005842189970144271
 3.7293E-02,0.002380990111021369
 3.7308E-02,-0.00031699522425555297
 3.7322E-02,-0.002125389533686681
 3.7336E-02,-0.0029588680565500866
 3.7350E-02,-0.002778457295779529
 3.7364E-02,-0.0015938521348724183
 3.7378E-02,0.0005375004288984987
 3.7393E-02,0.0035143767362775906
 3.7407E-02,0.007198255671042094
 3.7421E-02,0.011421488754592382
 3.7435E-02,0.015996263530900116
 3.7449E-02,0.020723556753801525
 3.7464E-02,0.02540150906509632
 3.7478E-02,0.0298329573482335
 3.7492E-02,0.033832147960896966
 3.7506E-02,0.037230844895250914
 3.7520E-02,0.03988409229402005
 3.7534E-02,0.04167578432025455
 3.7549E-02,0.04252397555925217
 3.7563E-02,0.04238560440044846
 3.7577E-02,0.041260086279058306
 3.7591E-02,0.039191138371077905
 3.7605E-02,0.036266264836171444
 3.7620E-02,0.03261355939055513
 3.7634E-02,0.028395822502261123
 3.7648E-02,0.023802364811120164
 3.7662E-02,0.01903918780686685
 3.7676E-02,0.014318423451705819
 3.7690E-02,0.009847936987828907
 3.7705E-02,0.005821856533772216
 3.7719E-02,0.002412535512394255
 3.7733E-02,-0.00023584700247265573
 3.7747E-02,-0.002012107440404238
 3.7761E-02,-0.002841523533731034
 3.7776E-02,-0.002688198817240871
 3.7790E-02,-0.0015564857959342157
 3.7804E-02,0.000508547055605639
 3.7818E-02,0.0034218071470213047
 3.7832E-02,0.007060360182720122
 3.7846E-02,0.011267449181200172
 3.7861E-02,0.015858572040875336
 3.7875E-02,0.02062959285384123
 3.7889E-02,0.025366545311087178
 3.7903E-02,0.02985647567985268
 3.7917E-02,0.03389844772892875
 3.7931E-02,0.037313754282484464
 3.7946E-02,0.039954475729419424
 3.7960E-02,0.04170977669735338
 3.7974E-02,0.042509679816932835
 3.7988E-02,0.04232641656762363
 3.8002E-02,0.041173743689806946
 3.8017E-02,0.039104764903166174
 3.8031E-02,0.036208786111612684
 3.8045E-02,0.03260757817208086
 3.8059E-02,0.0284511844681809
 3.8073E-02,0.02391317281338019
 3.8087E-02,0.019185072948950988
 3.8102E-02,0.014469718087844623
 3.8116E-02,0.009973337580419602
 3.8130E-02,0.005896499619617933
 3.8144E-02,0.002424313606145392
 3.8158E-02,-0.0002834113403976193
 3.8173E-02,-0.00210117094994851
 3.8187E-02,-0.0029450250727888765
 3.8201E-02,-0.0027773481605810777
 3.8215E-02,-0.0016085988126560975
 3.8229E-02,0.0005039867674839693
 3.8243E-02,0.0034604901547929836
 3.8258E-02,0.007124599746661339
 3.8272E-02,0.01133132511453357
 3.8286E-02,0.01589535624427335
 3.8300E-02,0.02061942285796644
 3.8314E-02,0.02530224311069284
 3.8329E-02,0.029745911754820286
 3.8343E-02,0.033762790073511614
 3.8357E-02,0.037182064934292554
 3.8371E-02,0.039856116260996076
 3.8385E-02,0.04166668490890293
 3.8399E-02,0.0425306161509828
 3.8414E-02,0.04240473951666468
 3.8428E-02,0.041289306938572565
 3.8442E-02,0.03922940192873079
 3.8456E-02,0.03631387146748424
 3.8470E-02,0.032671597075168264
 3.8485E-02,0.028465254677150345
 3.8499E-02,0.0238830376986566
 3.8513E-02,0.019129059703625623
 3.8527E-02,0.014413259577391195
 3.8541E-02,0.009941587540382085
 3.8555E-02,0.005907077241945858
 3.8570E-02,0.0024821624423498685
 3.8584E-02,-0.0001876536005602095
 3.8598E-02,-0.001988856215540441
 3.8612E-02,-0.002843867602410979
 3.8626E-02,-0.0027140145155204317
 3.8641E-02,-0.0016015196854750641
 3.8655E-02,0.0004496427413404633
 3.8669E-02,0.0033543262293706105
 3.8683E-02,0.006988578683206708
 3.8697E-02,0.011194085328782846
 3.8711E-02,0.015784788247485634
 3.8726E-02,0.020555505780386698
 3.8740E-02,0.02529206869194596
 3.8754E-02,0.029782228135264013
 3.8768E-02,0.03382643974410243
 3.8782E-02,0.037247630081592875
 3.8796E-02,0.039899210312099594
 3.8811E-02,0.04167088173328658
 3.8825E-02,0.04249211209546523
 3.8839E-02,0.04233347045410165
 3.8853E-02,0.041206220077401025
 3.8867E-02,0.03916064022815056
 3.8882E-02,0.03628347503232564
 3.8896E-02,0.03269472824121848
 3.8910E-02,0.028543803109654344
 3.8924E-02,0.024004803657499036
 3.8938E-02,0.019270732211294963
 3.8952E-02,0.014546373015718955
 3.8967E-02,0.010039837608159852
 3.8981E-02,0.005953021016050216
 3.8995E-02,0.0024715090033313424
 3.9009E-02,-0.0002452911984592004
 3.9023E-02,-0.0020729144082332535
 3.9038E-02,-0.0029286593031095337
 3.9052E-02,-0.0027758309656985844
 3.9066E-02,-0.0016250770022234445
 3.9080E-02,0.00046715319568878385
 3.9094E-02,0.003402667979035513
 3.9108E-02,0.007047518874734939
 3.9123E-02,0.011239218650561223
 3.9137E-02,0.015794539650291692
 3.9151E-02,0.02051739448800156
 3.9165E-02,0.025206514680716635
 3.9179E-02,0.02966284880016601
 3.9194E-02,0.033696739529948797
 3.9208E-02,0.03713497013860839
 3.9222E-02,0.0398276895496967
 3.9236E-02,0.04165505994254958
 3.9250E-02,0.04253327652486887
 3.9264E-02,0.04241945147908435
 3.9279E-02,0.04131479081678823
 3.9293E-02,0.03926555693893773
 3.9307E-02,0.03636149941076071
 3.9321E-02,0.03273171543826094
 3.9335E-02,0.02853820855567796
 3.9350E-02,0.023967679944466164
 3.9364E-02,0.019222253534256908
 3.9378E-02,0.014509872202920618
 3.9392E-02,0.010035011081623815
 3.9406E-02,0.005990170685950647
 3.9420E-02,0.0025483942866946063
 3.9435E-02,-0.0001431375141037472
 3.9449E-02,-0.0019684970925388416
 3.9463E-02,-0.002847461867401334
 3.9477E-02,-0.002739027125419377
 3.9491E-02,-0.001643844366963861
 3.9505E-02,0.00039468643568860455
 3.9520E-02,0.003291023934540347
 3.9534E-02,0.006920128812833682
 3.9548E-02,0.011122349130180106
 3.9562E-02,0.015710521907353496
 3.9576E-02,0.02047897843350418
 3.9591E-02,0.02521386185770526
 3.9605E-02,0.0297039607599794
 3.9619E-02,0.03375118289925575
 3.9633E-02,0.03717986131543171
 3.9647E-02,0.03984428632998774
 3.9661E-02,0.041634144181659116
 3.9676E-02,0.04247784714008656
 3.9690E-02,0.04234398912305206
 3.9704E-02,0.04124129994470759
 3.9718E-02,0.03921747701833531
 3.9732E-02,0.03635716035568174
 3.9747E-02,0.03277913324041441
 3.9761E-02,0.02863264456704482
 3.9775E-02,0.0240926269299434
 3.9789E-02,0.019353575046043372
 3.9803E-02,0.014621966856701422
 3.9817E-02,0.010107332348119787
 3.9832E-02,0.0060123495477579746
 3.9846E-02,0.0025226038953516583
 3.9860E-02,-0.00020318060871238547
 3.9874E-02,-0.002041589204600329
 3.9888E-02,-0.002910899356336705
 3.9903E-02,-0.002774887213994289
 3.9917E-02,-0.00164385559535238
 3.9931E-02,0.0004269962289479626
 3.9945E-02,0.0033414711616127774
 3.9959E-02,0.00696798442078006
 3.9973E-02,0.011146286267740557
 3.9988E-02,0.015694772662211122
 4.0002E-02,0.020418012921919634
 4.0016E-02,0.02511430212377004
 4.0030E-02,0.029583192182452284
 4.0044E-02,0.03363302457047505
 4.0059E-02,0.037088459628004986
 4.0073E-02,0.039797882758959166
 4.0087E-02,0.041640404305329545
 4.0101E-02,0.04253201206818033
 4.0115E-02,0.04243033904146626
 4.0129E-02,0.041337514764736495
 4.0144E-02,0.039300690587658844
 4.0158E-02,0.036410049353982794
 4.0172E-02,0.0327943837891706
 4.0186E-02,0.028614595609913394
 4.0200E-02,0.02405567102203555
 4.0214E-02,0.0193177871616785
 4.0229E-02,0.014607185516613837
 4.0243E-02,0.010127330374669759
 4.0257E-02,0.006070695338428663
 4.0271E-02,0.0026113431933898253
 4.0285E-02,-0.00010166555071286628
 4.0300E-02,-0.0019500495458926073
 4.0314E-02,-0.00285124559431439
 4.0328E-02,-0.0027623834969627728
 4.0342E-02,-0.0016830446921002704
 4.0356E-02,0.00034354447172464295
 4.0370E-02,0.0032312562079224475
 4.0385E-02,0.006854032918846909
 4.0399E-02,0.011051196127005228
 4.0413E-02,0.015634945882296542
 4.0427E-02,0.02039962521890009
 4.0441E-02,0.025132084260694902
 4.0456E-02,0.02962233295976474
 4.0470E-02,0.033673655498182575
 4.0484E-02,0.03711147782885816
 4.0498E-02,0.039790504601609364
 4.0512E-02,0.04159991857955624
 4.0526E-02,0.04246669830176079
 4.0541E-02,0.0423572976475724
 4.0555E-02,0.04127800584002135
 4.0569E-02,0.039274262733381235
 4.0583E-02,0.03642907034136333
 4.0597E-02,0.03286047136555623
 4.0612E-02,0.02871792270499567
 4.0626E-02,0.024177331738443244
 4.0640E-02,0.01943457636348749
 4.0654E-02,0.014697494001035465
 4.0668E-02,0.010176565197846833
 4.0682E-02,0.006074776450695575
 4.0697E-02,0.0025773597446452673
 4.0711E-02,-0.0001577814584723899
 4.0725E-02,-0.0020081687519580118
 4.0739E-02,-0.002892725439969508
 4.0753E-02,-0.002775238266208713
 4.0768E-02,-0.0016652025150582363
 4.0782E-02,0.00038377244363369456
 4.0796E-02,0.0032776094412926447
 4.0810E-02,0.006886965310785711
 4.0824E-02,0.011053492426617656
 4.0838E-02,0.015596753695021462
 4.0853E-02,0.02032152206424933
 4.0867E-02,0.025025330519515474
 4.0881E-02,0.029506225162371377
 4.0895E-02,0.03357068362880852
 4.0909E-02,0.03704159000746795
 4.0923E-02,0.0397660278110979
 4.0938E-02,0.04162250643875045
 4.0952E-02,0.042527123817009856
 4.0966E-02,0.042438131903372985
 4.0980E-02,0.041358436600378745
 4.0994E-02,0.03933572679140533
 4.1009E-02,0.03646015950657459
 4.1023E-02,0.03285978161994785
 4.1037E-02,0.028694089172071856
 4.1051E-02,0.024146268563981638
 4.1065E-02,0.01941470562726117
 4.1079E-02,0.014704291985748394
 4.1094E-02,0.010217931351831125
 4.1108E-02,0.00614849595508733
 4.1122E-02,0.002671352954733265
 4.1136E-02,-6.249013203350577e-05
 4.1150E-02,-0.0019325665025293124
 4.1165E-02,-0.0028543297275907082
 4.1179E-02,-0.0027834933455933106
 4.1193E-02,-0.0017189879824635094
 4.1207E-02,0.00029585775028796116
 4.1221E-02,0.0031742715141922346
 4.1235E-02,0.00678935253797429
 4.1250E-02,0.010979756545501554
 4.1264E-02,0.0155574952845779
 4.1278E-02,0.02031733878691869
 4.1292E-02,0.02504711389181214
 4.1306E-02,0.029538103747521322
 4.1321E-02,0.03359478985150746
 4.1335E-02,0.0370433309397238
 4.1349E-02,0.03973840401414022
 4.1363E-02,0.041568285818742993
 4.1377E-02,0.0424582682018863
 4.1391E-02,0.042372630494355454
 4.1406E-02,0.04131541407806006
 4.1420E-02,0.039330167780961885
 4.1434E-02,0.03649869504854182
 4.1448E-02,0.032938689857991296
 4.1462E-02,0.028800054394362607
 4.1476E-02,0.02425968914847016
 4.1491E-02,0.019514650127332302
 4.1505E-02,0.014773762067529908
 4.1519E-02,0.010248018144627499
 4.1533E-02,0.006140328143802137
 4.1547E-02,0.0026353416488143237
 4.1562E-02,-0.00010987054682296861
 4.1576E-02,-0.0019735600574138155
 4.1590E-02,-0.0028749285512580497
 4.1604E-02,-0.0027773451921656554
 4.1618E-02,-0.0016891251135430366
 4.1632E-02,0.0003379286376302133
 4.1647E-02,0.003211861114685186
 4.1661E-02,0.006805359223280424
 4.1675E-02,0.010961610395179046
 4.1689E-02,0.01550092239370639
 4.1703E-02,0.020227910035694116
 4.1718E-02,0.024939141681200764
 4.1732E-02,0.029431169839776283
 4.1746E-02,0.033508832283240066
 4.1760E-02,0.03699361182005627
 4.1774E-02,0.039731714101559845
 4.1788E-02,0.04160140539719603
 4.1803E-02,0.042519088276135014
 4.1817E-02,0.04244361253292317
 4.1831E-02,0.04137843027844885
 4.1845E-02,0.039371392334138104
 4.1859E-02,0.03651221181024994
 4.1874E-02,0.032927843040655914
 4.1888E-02,0.028776194844003587
 4.1902E-02,0.024238685479348127
 4.1916E-02,0.019512143967651642
 4.1930E-02,0.01480048384052781
 4.1944E-02,0.010306454814946117
 4.1959E-02,0.006223657874808211
 4.1973E-02,0.0027289284288944207
 4.1987E-02,-2.4825531376497945e-05
 4.2001E-02,-0.0019151955600309018
 4.2015E-02,-0.00285602656156845
 4.2030E-02,-0.0028020194612159276
 4.2044E-02,-0.001751777586141206
 4.2058E-02,0.00025111210134424046
 4.2072E-02,0.003119285941809837
 4.2086E-02,0.006725247847344115
 4.2100E-02,0.010907363011012059
 4.2115E-02,0.015477856039550621
 4.2129E-02,0.020232242687667986
 4.2143E-02,0.02495947702465929
 4.2157E-02,0.029452057766699125
 4.2171E-02,0.03351541472448325
 4.2186E-02,0.036976067921832105
 4.2200E-02,0.03968827487694186
 4.2214E-02,0.04153910159289802
 4.2228E-02,0.04245201894824151
 4.2242E-02,0.04238920430089333
 4.2256E-02,0.041352710245851985
 4.2271E-02,0.0393845687012874
 4.2285E-02,0.036565771012488604
 4.2299E-02,0.033013955497386366
 4.2313E-02,0.02887958943240982
 4.2327E-02,0.024340480681971984
 4.2341E-02,0.01959459588884257
 4.2356E-02,0.014851370944986977
 4.2370E-02,0.010321928893946779
 4.2384E-02,0.0062088166610817066
 4.2398E-02,0.002695988276455854
 4.2412E-02,-6.0229178487889584e-05
 4.2427E-02,-0.001938551932165813
 4.2441E-02,-0.0028580912718120985
 4.2455E-02,-0.0027814272380417343
 4.2469E-02,-0.0017154211731138778
 4.2483E-02,0.00029003223480109433
 4.2497E-02,0.0031450037792664543
 4.2512E-02,0.006723942448450052
 4.2526E-02,0.010871204750984503
 4.2540E-02,0.015407479396691294
 4.2554E-02,0.020136960676834882
 4.2568E-02,0.024855163265981913
 4.2583E-02,0.02935725499101566
 4.2597E-02,0.03344671134589432
 4.2611E-02,0.03694398484773397
 4.2625E-02,0.03969476694453412
 4.2639E-02,0.041577338429313354
 4.2653E-02,0.042508488522239235
 4.2668E-02,0.042447549621812145
 4.2682E-02,0.04139823981988733
 4.2696E-02,0.039408203747253394
 4.2710E-02,0.036566355221440305
 4.2724E-02,0.03299830998997354
 4.2739E-02,0.028860319043313907
 4.2753E-02,0.024332155132983542
 4.2767E-02,0.01960937132037524
 4.2781E-02,0.014895264200679834
 4.2795E-02,0.010392771685618241
 4.2809E-02,0.00629645324879819
 4.2824E-02,0.002784667450877465
 4.2838E-02,1.2088247233540007e-05
 4.2852E-02,-0.0018972213417895508
 4.2866E-02,-0.002855859159669393
 4.2880E-02,-0.002817851749723563
 4.2895E-02,-0.0017816986976449069
 4.2909E-02,0.00020870590542518773
 4.2923E-02,0.003065545892348415
 4.2937E-02,0.006661018446802981
 4.2951E-02,0.010833558447240724
 4.2965E-02,0.01539593788814448
 4.2980E-02,0.020144636950317638
 4.2994E-02,0.02486978127802581
 4.3000E-02,0.026893868931410884
