  0.000,0.0
  1.000,0.009271696347629406
  0.000,0.009271696347629406
 2.2600E-05,0.009816991641285465
 4.5200E-05,0.011286787905341166
 6.7800E-05,0.01389061381445438
 9.0400E-05,0.01700605803261473
 1.1300E-04,0.019361459972953028
 1.3560E-04,0.020350625382060727
 1.5820E-04,0.01990092367430421
 1.8080E-04,0.018359271041960504
 2.0340E-04,0.016773981656281543
 2.2600E-04,0.015998639401761737
 2.4860E-04,0.015837886412223997
 2.7120E-04,0.01574637189074075
 2.9380E-04,0.015040699005586758
 3.1640E-04,0.012985549225750402
 3.3900E-04,0.00976100458258064
 3.6160E-04,0.006338383709180422
 3.8420E-04,0.0035509210033731857
 4.0680E-04,0.0019753978678099995
 4.2940E-04,0.0016932710378549211
 4.5200E-04,0.0019137905846467775
 4.7460E-04,0.0017576170850881418
 4.9720E-04,0.0009716501184099274
 5.1980E-04,-0.0002507271668419574
 5.4240E-04,-0.0012104955068888514
 5.6500E-04,-0.0009699232265237086
 5.8760E-04,0.0007631504083347141
 6.1020E-04,0.0035313445348723787
 6.3280E-04,0.006564313325581767
 6.5540E-04,0.008999105921586892
 6.7800E-04,0.010386024631313908
 7.0060E-04,0.011095534772231673
 7.2320E-04,0.011876569044354454
 7.4580E-04,0.013299792127678813
 7.6840E-04,0.015525726783849874
 7.9100E-04,0.018068768763019372
 8.1360E-04,0.019988779156280417
 8.3620E-04,0.020589451899047755
 8.5880E-04,0.019789203769620015
 8.8140E-04,0.018050752452408194
 9.0400E-04,0.016209442646438903
 9.2660E-04,0.014969177692391611
 9.4920E-04,0.014366856619873658
 9.7180E-04,0.01388574239632392
 9.9440E-04,0.012847158489063381
 1.0170E-03,0.010756795351983865
 1.0396E-03,0.007734453348246826
 1.0622E-03,0.004527143871205228
 1.0848E-03,0.001988990002117538
 1.1074E-03,0.0006504917803079402
 1.1300E-03,0.0004881876982848369
 1.1526E-03,0.0008987422659756893
 1.1752E-03,0.0011297710367735919
 1.1978E-03,0.0008204801372356261
 1.2204E-03,0.00016964212096009688
 1.2430E-03,-0.00019060380488327344
 1.2656E-03,0.0004534463874969212
 1.2882E-03,0.0023929437370601983
 1.3108E-03,0.005274029847689495
 1.3334E-03,0.008332903770044394
 1.3560E-03,0.010803018369090792
 1.3786E-03,0.012312371582538591
 1.4012E-03,0.013104330351146803
 1.4238E-03,0.013821439050375786
 1.4464E-03,0.015021626574012046
 1.4690E-03,0.016827259794801812
 1.4916E-03,0.018815188154374843
 1.5142E-03,0.02021780601405247
 1.5368E-03,0.020409449827003986
 1.5594E-03,0.019290288681677877
 1.5820E-03,0.017310890637283072
 1.6046E-03,0.015219017911354334
 1.6272E-03,0.013628733136218079
 1.6498E-03,0.01264268250462133
 1.6724E-03,0.011842842036876501
 1.6950E-03,0.010614706422199525
 1.7176E-03,0.008553785729505877
 1.7402E-03,0.0057695170406707975
 1.7628E-03,0.0028815266262414217
 1.7854E-03,0.0006625085027354557
 1.8080E-03,-0.000397272622523913
 1.8306E-03,-0.0003350619677549337
 1.8532E-03,0.00032950131021160613
 1.8758E-03,0.000934662639594609
 1.8984E-03,0.001112587474515081
 1.9210E-03,0.0010067202725838609
 1.9436E-03,0.0011598558522423505
 1.9662E-03,0.0021676518560482198
 1.9888E-03,0.004277025056238913
 2.0114E-03,0.007188387290455076
 2.0340E-03,0.010210989628608622
 2.0566E-03,0.012644784113181366
 2.0792E-03,0.014152344614638952
 2.1018E-03,0.014921756569208397
 2.1244E-03,0.015500440909625386
 2.1470E-03,0.016399366793952052
 2.1696E-03,0.017744503870053496
 2.1922E-03,0.019176542567751385
 2.2148E-03,0.020047916086060644
 2.2374E-03,0.019818642467277044
 2.2600E-03,0.018395263319648258
 2.2826E-03,0.016188708277628458
 2.3052E-03,0.013877373974384292
 2.3278E-03,0.0120205066315517
 2.3504E-03,0.010746235325474673
 2.3730E-03,0.009719906374200924
 2.3956E-03,0.008408986377560757
 2.4182E-03,0.006461561629021856
 2.4408E-03,0.003971411432581393
 2.4634E-03,0.0014693560740740843
 2.4860E-03,-0.0003663023909654202
 2.5086E-03,-0.0010946876231079858
 2.5312E-03,-0.0007485324885637555
 2.5538E-03,0.0002101481236322614
 2.5764E-03,0.0011864158513252003
 2.5990E-03,0.001823960484164841
 2.6216E-03,0.0022127766731257314
 2.6442E-03,0.0028057863663077066
 2.6668E-03,0.004107972551950206
 2.6894E-03,0.006326650014786735
 2.7120E-03,0.009198315884387331
 2.7346E-03,0.012107799109741267
 2.7572E-03,0.014421805766236103
 2.7798E-03,0.01582752038669208
 2.8024E-03,0.016475827043903973
 2.8250E-03,0.016841569419691643
 2.8476E-03,0.017387058429367944
 2.8702E-03,0.018246214678996137
 2.8928E-03,0.019125363008182725
 2.9154E-03,0.019476569468968752
 2.9380E-03,0.018838852949327602
 2.9606E-03,0.01713528672123527
 2.9832E-03,0.014737280413259867
 3.0058E-03,0.012260267215192681
 3.0284E-03,0.010220251153182966
 3.0510E-03,0.008759434464411837
 3.0736E-03,0.007609555058271103
 3.0962E-03,0.006313473544124341
 3.1188E-03,0.004560194865932242
 3.1414E-03,0.002423612380561023
 3.1640E-03,0.00035864279795464566
 3.1866E-03,-0.0010451112458860993
 3.2092E-03,-0.001399552500029032
 3.2318E-03,-0.0007345953321100879
 3.2544E-03,0.0005346486865225682
 3.2770E-03,0.001866393265828956
 3.2996E-03,0.002917457325533979
 3.3222E-03,0.003733129216531259
 3.3448E-03,0.0046850179147128294
 3.3674E-03,0.006200677969537761
 3.3900E-03,0.008454872560327835
 3.4126E-03,0.011214114942411833
 3.4352E-03,0.013933194639047521
 3.4578E-03,0.016044399635190824
 3.4804E-03,0.017259980596593245
 3.5030E-03,0.01770373916961829
 3.5256E-03,0.01779362203639501
 3.5482E-03,0.017950347372315042
 3.5708E-03,0.01831608831832221
 3.5934E-03,0.018658723929850036
 3.6160E-03,0.018518670569808625
 3.6386E-03,0.017505870987635785
 3.6612E-03,0.015562006058411817
 3.6838E-03,0.01302387008760791
 3.7064E-03,0.010449274264313723
 3.7290E-03,0.008314665687125904
 3.7516E-03,0.006770063277260714
 3.7742E-03,0.0055999398330605675
 3.7968E-03,0.0044107878022816155
 3.8194E-03,0.002924684738674874
 3.8420E-03,0.00119411148991846
 3.8646E-03,-0.00039527831142154046
 3.8872E-03,-0.0013356692803930968
 3.9098E-03,-0.0012912433959371642
 3.9324E-03,-0.0002935173902073552
 3.9550E-03,0.0012811396098074803
 3.9776E-03,0.002935735133910832
 4.0002E-03,0.004339618599557308
 4.0228E-03,0.005501340364953885
 4.0454E-03,0.006722280115130801
 4.0680E-03,0.008363424279776696
 4.0906E-03,0.01057301325204129
 4.1132E-03,0.013145451789095975
 4.1358E-03,0.015600189693312767
 4.1584E-03,0.017432656853963623
 4.1810E-03,0.018382513793942127
 4.2036E-03,0.018554934052147858
 4.2262E-03,0.01832269335253526
 4.2488E-03,0.018072505545752345
 4.2714E-03,0.017954971730574816
 4.2940E-03,0.017793609291643357
 4.3166E-03,0.017207691027244676
 4.3392E-03,0.015870559209097034
 4.3618E-03,0.013741636648173588
 4.3844E-03,0.011127198305538603
 4.4070E-03,0.008532106658849634
 4.4296E-03,0.0063945705585834334
 4.4522E-03,0.004866866373418829
 4.4748E-03,0.0037746777192375573
 4.4974E-03,0.0027764004697861944
 4.5200E-03,0.0016200447022218082
 4.5426E-03,0.0003360995324069951
 4.5652E-03,-0.0007537639294645784
 4.5878E-03,-0.0012171670204367733
 4.6104E-03,-0.0007685407486966245
 4.6330E-03,0.0005555590025029704
 4.6556E-03,0.0024108330914131312
 4.6782E-03,0.004339289761876775
 4.7008E-03,0.0060227926729685445
 4.7234E-03,0.007440376586005666
 4.7460E-03,0.008834320691795496
 4.7686E-03,0.010509379368149595
 4.7912E-03,0.01259283624660932
 4.8138E-03,0.014906214115896373
 4.8364E-03,0.01702938789808868
 4.8590E-03,0.018518263082784345
 4.8816E-03,0.019142025323849895
 4.9042E-03,0.01899443610163947
 4.9268E-03,0.018412503839383393
 4.9494E-03,0.017755355843942076
 4.9720E-03,0.017181914044953617
 4.9946E-03,0.016565079277767045
 5.0172E-03,0.015593850945787368
 5.0398E-03,0.013997611141060096
 5.0624E-03,0.011751410515535033
 5.0850E-03,0.009133660718764432
 5.1076E-03,0.006599933372740582
 5.1302E-03,0.0045506451852475645
 5.1528E-03,0.0031350453525584984
 5.1754E-03,0.0022099282023331267
 5.1980E-03,0.001474982066146626
 5.2206E-03,0.0006976785002407323
 5.2432E-03,-0.00011367361003331131
 5.2658E-03,-0.000696455209519725
 5.2884E-03,-0.0006876468754565462
 5.3110E-03,0.00015091055536904944
 5.3336E-03,0.0017755738271625194
 5.3562E-03,0.003869052249829335
 5.3788E-03,0.006008249893682648
 5.4014E-03,0.007888297223282804
 5.4240E-03,0.009465588223754592
 5.4466E-03,0.010933856620971625
 5.4692E-03,0.012551457135597095
 5.4918E-03,0.0144300963084289
 5.5144E-03,0.016418222708685728
 5.5370E-03,0.018152632015859153
 5.5596E-03,0.019247074845949928
 5.5822E-03,0.019501714626859578
 5.6048E-03,0.019004764681333445
 5.6274E-03,0.01806505091595181
 5.6500E-03,0.01701915323599784
 5.6726E-03,0.016033664018723442
 5.6952E-03,0.015024560473321926
 5.7178E-03,0.01374162655127174
 5.7404E-03,0.011962899057640721
 5.7630E-03,0.009676179271399516
 5.7856E-03,0.007133467984652462
 5.8082E-03,0.004743711573976717
 5.8308E-03,0.0028695404931358675
 5.8534E-03,0.0016523121696047915
 5.8760E-03,0.0009710575222580098
 5.8986E-03,0.0005574662189413919
 5.9212E-03,0.00019287226965511515
 5.9438E-03,-0.0001364256626667248
 5.9664E-03,-0.00022199195050090948
 5.9890E-03,0.00023589878663780693
 6.0116E-03,0.0014314737976961179
 6.0342E-03,0.0033132516292812045
 6.0568E-03,0.005587437906192326
 6.0794E-03,0.007863078455611712
 6.1020E-03,0.009849950191970765
 6.1246E-03,0.011488412761580274
 6.1472E-03,0.01293349110005076
 6.1698E-03,0.014406331190978032
 6.1924E-03,0.016008196367704088
 6.2150E-03,0.017614524102551335
 6.2376E-03,0.018915931295248507
 6.2602E-03,0.019581343155762453
 6.2828E-03,0.01944259488740451
 6.3054E-03,0.018586832257801257
 6.3280E-03,0.017300634014115777
 6.3506E-03,0.015901740844571462
 6.3732E-03,0.014563139744984596
 6.3958E-03,0.01323754684726775
 6.4184E-03,0.01172677899140424
 6.4410E-03,0.009850125026183782
 6.4636E-03,0.007604730335056445
 6.4862E-03,0.005216731961548553
 6.5088E-03,0.003050331891013474
 6.5314E-03,0.0014301668160118517
 6.5540E-03,0.0004854077214600227
 6.5766E-03,0.00010966642048753158
 6.5992E-03,5.8707739534405494e-05
 6.6218E-03,0.00012312782191501603
 6.6444E-03,0.00026784154676671296
 6.6670E-03,0.0006520504117919889
 6.6896E-03,0.001518368066797257
 6.7122E-03,0.0030211503699150264
 6.7348E-03,0.005101461856255203
 6.7574E-03,0.007486861788282421
 6.7800E-03,0.009816903727906553
 6.8026E-03,0.011817845050502662
 6.8252E-03,0.01342029629904361
 6.8478E-03,0.014749622429798492
 6.8704E-03,0.01599818751674251
 6.8930E-03,0.017261552120463753
 6.9156E-03,0.018442230435868626
 6.9382E-03,0.019281715405136478
 6.9608E-03,0.019501261452860963
 6.9834E-03,0.018964276592170617
 7.0060E-03,0.017759973876436925
 7.0286E-03,0.016157084618679516
 7.0512E-03,0.01445697930237307
 7.0738E-03,0.012837151896618451
 7.0964E-03,0.011280697603584718
 7.1190E-03,0.009632942174488143
 7.1416E-03,0.007747093978619881
 7.1642E-03,0.0056259069985150085
 7.1868E-03,0.003469572096695279
 7.2094E-03,0.0015988932028347346
 7.2320E-03,0.0003002877917897733
 7.2546E-03,-0.0003128646911071622
 7.2772E-03,-0.00033877815217475427
 7.2998E-03,-4.1566925967047655e-06
 7.3224E-03,0.00048731975861735356
 7.3450E-03,0.001080352965073765
 7.3676E-03,0.0018900303171980391
 7.3902E-03,0.00310820237219697
 7.4128E-03,0.004853931513764829
 7.4354E-03,0.007062170656077992
 7.4580E-03,0.00948083536138784
 7.4806E-03,0.01177924827242597
 7.5032E-03,0.013702261726875336
 7.5258E-03,0.015176605357533918
 7.5484E-03,0.016306175073078064
 7.5710E-03,0.017262112588308502
 7.5936E-03,0.018138472627056097
 7.6162E-03,0.01886476489518676
 7.6388E-03,0.019230373636739122
 7.6614E-03,0.019005745551606133
 7.6840E-03,0.018084959929441678
 7.7066E-03,0.016561161375062524
 7.7292E-03,0.01468822108120116
 7.7518E-03,0.012752483349549058
 7.7744E-03,0.010933514901922332
 7.7970E-03,0.009238447585331187
 7.8196E-03,0.007547881532962089
 7.8422E-03,0.005741801758941827
 7.8648E-03,0.0038247061703448578
 7.8874E-03,0.0019703839351087387
 7.9100E-03,0.000457298234084357
 7.9326E-03,-0.0004664146479078947
 7.9552E-03,-0.0007059847543859136
 7.9778E-03,-0.0003565857828957959
 8.0004E-03,0.000367443918444213
 8.0230E-03,0.0012656910772531529
 8.0456E-03,0.0022644053283207145
 8.0682E-03,0.00343989460350415
 8.0908E-03,0.004939757884163682
 8.1134E-03,0.006852764488503053
 8.1360E-03,0.009109866512768978
 8.1586E-03,0.011479245094014386
 8.1812E-03,0.013659919494282049
 8.2038E-03,0.0154175571444582
 8.2264E-03,0.016680350373006407
 8.2490E-03,0.017537986250458857
 8.2716E-03,0.01814698828124811
 8.2942E-03,0.01860343027149129
 8.3168E-03,0.018863408193562504
 8.3394E-03,0.018761025059301932
 8.3620E-03,0.018112409911670565
 8.3846E-03,0.016840625832990907
 8.4072E-03,0.015043443990179407
 8.4298E-03,0.012961594287084887
 8.4524E-03,0.010866751084625311
 8.4750E-03,0.008937672887201278
 8.4976E-03,0.007199275885313314
 8.5202E-03,0.0055595742874457585
 8.5428E-03,0.003918510581457158
 8.5654E-03,0.002278530107260607
 8.5880E-03,0.0007864297442003187
 8.6106E-03,-0.00032067460426302673
 8.6332E-03,-0.0008326654651990505
 8.6558E-03,-0.0006753384154763918
 8.6784E-03,5.5313743252676396e-05
 8.7010E-03,0.0011535019679874978
 8.7236E-03,0.0024206827958813304
 8.7462E-03,0.0037670058782991868
 8.7688E-03,0.005235547642548503
 8.7914E-03,0.006936285128711727
 8.8140E-03,0.008932995429085905
 8.8366E-03,0.011155308289395812
 8.8592E-03,0.013392244563213591
 8.8818E-03,0.015372885995190204
 8.9044E-03,0.016885868942638358
 8.9270E-03,0.01786556085870655
 8.9496E-03,0.018393701703925708
 8.9722E-03,0.018617774569246563
 8.9948E-03,0.018638625396086565
 9.0174E-03,0.018438078128992903
 9.0400E-03,0.017891488923843558
 9.0626E-03,0.016856742777439582
 9.0852E-03,0.015283458453227875
 9.1078E-03,0.013273683873936038
 9.1304E-03,0.011055622541878992
 9.1530E-03,0.008885806481012453
 9.1756E-03,0.0069389845640203986
 9.1982E-03,0.005251793905447866
 9.2208E-03,0.003752279197667069
 9.2434E-03,0.0023539843561354353
 9.2660E-03,0.0010537617552118887
 9.2886E-03,-2.9094269817505703e-05
 9.3112E-03,-0.0006976884053118521
 9.3338E-03,-0.000779202617783295
 9.3564E-03,-0.0002210449064518926
 9.3790E-03,0.0008773631189325987
 9.4016E-03,0.002316253639175
 9.4242E-03,0.003898558468113251
 9.4468E-03,0.0055212289868664804
 9.4694E-03,0.007199828906432964
 9.4920E-03,0.009013382612812218
 9.5146E-03,0.011006133728359024
 9.5372E-03,0.013109429376399064
 9.5598E-03,0.015134131769257996
 9.5824E-03,0.016839970031267228
 9.6050E-03,0.01804047423242598
 9.6276E-03,0.01868017052623334
 9.6502E-03,0.018838059592766986
 9.6728E-03,0.018657085937530626
 9.6954E-03,0.01824478096600795
 9.7180E-03,0.017607308119729912
 9.7406E-03,0.01665745492822153
 9.7632E-03,0.015290513600129665
 9.7858E-03,0.013479563939962285
 9.8084E-03,0.011329681828730525
 9.8310E-03,0.009056237839400703
 9.8536E-03,0.006899498011190558
 9.8762E-03,0.005026825854638197
 9.8988E-03,0.0034808217689828707
 9.9214E-03,0.0022027667742922
 9.9440E-03,0.0011140502059661416
 9.9666E-03,0.0002028183840358616
 9.9892E-03,-0.0004393797714069776
 1.0012E-02,-0.0006544466963004942
 1.0034E-02,-0.00030558897556759776
 1.0057E-02,0.0006380505108683045
 1.0080E-02,0.0020722055529790837
 1.0102E-02,0.0038017975951538845
 1.0125E-02,0.005631748197390334
 1.0147E-02,0.0074491827076440175
 1.0170E-02,0.009247964515698953
 1.0193E-02,0.011082769777640543
 1.0215E-02,0.012983769928989579
 1.0238E-02,0.014887225021228152
 1.0260E-02,0.016627041353396196
 1.0283E-02,0.01799419530979959
 1.0306E-02,0.018828659209603922
 1.0328E-02,0.019088290293811726
 1.0351E-02,0.018853466615917597
 1.0373E-02,0.018265995512601458
 1.0396E-02,0.017441133540544957
 1.0419E-02,0.01640742411260259
 1.0441E-02,0.015110886266154916
 1.0464E-02,0.013479478321228535
 1.0486E-02,0.011506081124121098
 1.0509E-02,0.009296815447516815
 1.0532E-02,0.00705318776660557
 1.0554E-02,0.004997613646051984
 1.0577E-02,0.0032866800513962017
 1.0599E-02,0.0019636255168236855
 1.0622E-02,0.0009768772897466727
 1.0645E-02,0.0002506407907027458
 1.0667E-02,-0.00023818180317965306
 1.0690E-02,-0.00042560939781530465
 1.0712E-02,-0.00019049913174498293
 1.0735E-02,0.0005698082476012544
 1.0758E-02,0.0018652174856275188
 1.0780E-02,0.0035863087050233174
 1.0803E-02,0.005542434123359205
 1.0825E-02,0.00754180407967462
 1.0848E-02,0.009465450560617771
 1.0871E-02,0.011291338346814667
 1.0893E-02,0.013056212466228182
 1.0916E-02,0.014781475412673857
 1.0938E-02,0.016411453847634212
 1.0961E-02,0.017804292642855338
 1.0984E-02,0.01878264739307532
 1.1006E-02,0.019213978990306694
 1.1029E-02,0.01907177531310894
 1.1051E-02,0.018440802590660773
 1.1074E-02,0.017464035490009522
 1.1097E-02,0.01626462255640799
 1.1119E-02,0.014890955054419104
 1.1142E-02,0.013317722576181282
 1.1164E-02,0.01150047924375406
 1.1187E-02,0.009447806864261131
 1.1210E-02,0.007264333855168484
 1.1232E-02,0.0051361531259358694
 1.1255E-02,0.003265981693220666
 1.1277E-02,0.0017963872603618302
 1.1300E-02,0.0007664817442567203
 1.1323E-02,0.00012656057712821323
 1.1345E-02,-0.0002005486144244351
 1.1368E-02,-0.00025103287980344504
 1.1390E-02,1.2233594408690024e-05
 1.1413E-02,0.0006757841488533099
 1.1436E-02,0.0018106698497985833
 1.1458E-02,0.003407475724039976
 1.1481E-02,0.005352308423887212
 1.1503E-02,0.00745961622241819
 1.1526E-02,0.009542831876088856
 1.1549E-02,0.011480853429131145
 1.1571E-02,0.013241415101995908
 1.1594E-02,0.014849428487411293
 1.1616E-02,0.016322514125763927
 1.1639E-02,0.017615993560080576
 1.1662E-02,0.01861324972079563
 1.1684E-02,0.01916872464742623
 1.1707E-02,0.01917781189497551
 1.1729E-02,0.018631019976555665
 1.1752E-02,0.017619419442081268
 1.1775E-02,0.016288392946978307
 1.1797E-02,0.014768310206921363
 1.1820E-02,0.013124341348726934
 1.1842E-02,0.011354977177851657
 1.1865E-02,0.009438060525022371
 1.1888E-02,0.007393479199262762
 1.1910E-02,0.005321468628496223
 1.1933E-02,0.0033908506880356796
 1.1955E-02,0.0017827294214824102
 1.1978E-02,0.000622719952835525
 1.2001E-02,-5.827625852430538e-05
 1.2023E-02,-0.0003124683912099731
 1.2046E-02,-0.00022168100708848471
 1.2068E-02,0.00016374077190013043
 1.2091E-02,0.0008553877371993594
 1.2114E-02,0.001908069416678327
 1.2136E-02,0.0033643698900093473
 1.2159E-02,0.005197948729476626
 1.2181E-02,0.007291964109636939
 1.2204E-02,0.009467377719208225
 1.2227E-02,0.011545244248149216
 1.2249E-02,0.01340636468233914
 1.2272E-02,0.01501364387185282
 1.2294E-02,0.016385804629731774
 1.2317E-02,0.01754120746822122
 1.2340E-02,0.01844870810744722
 1.2362E-02,0.01901757260268619
 1.2385E-02,0.01913368537392348
 1.2407E-02,0.01872014401643551
 1.2430E-02,0.017784949319817955
 1.2453E-02,0.01642633662428619
 1.2475E-02,0.014792336393917062
 1.2498E-02,0.013019099168277056
 1.2520E-02,0.011185037973798677
 1.2543E-02,0.009307351264657992
 1.2566E-02,0.007380743563410775
 1.2588E-02,0.005431878778032161
 1.2611E-02,0.0035535311583406205
 1.2633E-02,0.001895293892507397
 1.2656E-02,0.0006148670873121905
 1.2679E-02,-0.0001815608036833125
 1.2701E-02,-0.00047459678447314766
 1.2724E-02,-0.0003223511786866347
 1.2746E-02,0.00018639793565026472
 1.2769E-02,0.0009868996672642127
 1.2792E-02,0.0020671674143697364
 1.2814E-02,0.003453708551528961
 1.2837E-02,0.005164338297207234
 1.2859E-02,0.007158827966787112
 1.2882E-02,0.009319590534328868
 1.2905E-02,0.01147608315559814
 1.2927E-02,0.01345966782026615
 1.2950E-02,0.015157006115535847
 1.2972E-02,0.016531172656680457
 1.2995E-02,0.017599765450078565
 1.3018E-02,0.018385808781512043
 1.3040E-02,0.018873704286747308
 1.3063E-02,0.018998763603156672
 1.3085E-02,0.01867742490127358
 1.3108E-02,0.017859550056490172
 1.3131E-02,0.016570206310090266
 1.3153E-02,0.014914665990447171
 1.3176E-02,0.013042938351802527
 1.3198E-02,0.011094843276220734
 1.3221E-02,0.009158133632856174
 1.3244E-02,0.007263508136677306
 1.3266E-02,0.0054171215742475545
 1.3289E-02,0.0036479176888499884
 1.3311E-02,0.0020381682595044413
 1.3334E-02,0.0007163783222505784
 1.3357E-02,-0.00018464860909485868
 1.3379E-02,-0.0005800347208837725
 1.3402E-02,-0.0004643257306488856
 1.3424E-02,9.60893310661021e-05
 1.3447E-02,0.001004169643164275
 1.3470E-02,0.0021813368913188155
 1.3492E-02,0.0035946092837895547
 1.3515E-02,0.005246104732396593
 1.3537E-02,0.007133032477391985
 1.3560E-02,0.00920481217872782
 1.3583E-02,0.011345810837645881
 1.3605E-02,0.013396331782259345
 1.3628E-02,0.015200831866558314
 1.3650E-02,0.016655555562205854
 1.3673E-02,0.017728214802794504
 1.3696E-02,0.01843965121225925
 1.3718E-02,0.018820766714194886
 1.3741E-02,0.018872883541575736
 1.3763E-02,0.018556944681261903
 1.3786E-02,0.01781845087794087
 1.3809E-02,0.016632372280970174
 1.3831E-02,0.01503957034324415
 1.3854E-02,0.013151333499694183
 1.3876E-02,0.011118190841499015
 1.3899E-02,0.00908097394326808
 1.3922E-02,0.007132630109605045
 1.3944E-02,0.0053121676259172265
 1.3967E-02,0.0036319432269743303
 1.3989E-02,0.0021188882349757942
 1.4012E-02,0.0008419436171283028
 1.4035E-02,-9.305327913227053e-05
 1.4057E-02,-0.0005792372889381162
 1.4080E-02,-0.0005542301449518617
 1.4102E-02,-2.8025968301576606e-05
 1.4125E-02,0.0009233588649353687
 1.4148E-02,0.0021942859553813763
 1.4170E-02,0.003693719140642214
 1.4193E-02,0.005370835605274828
 1.4215E-02,0.007207686732443167
 1.4238E-02,0.009185383128447876
 1.4261E-02,0.011246866941502405
 1.4283E-02,0.013281463224054057
 1.4306E-02,0.01514284346949008
 1.4328E-02,0.016691269370584166
 1.4351E-02,0.017835906958054613
 1.4374E-02,0.01855292445568974
 1.4396E-02,0.01886998377145915
 1.4419E-02,0.018828282377566008
 1.4441E-02,0.018446723438692834
 1.4464E-02,0.017710832258958253
 1.4487E-02,0.016593056603409016
 1.4509E-02,0.0150911308953371
 1.4532E-02,0.013259672545909179
 1.4554E-02,0.011214193209461681
 1.4577E-02,0.009103635464593281
 1.4600E-02,0.0070667855677742815
 1.4622E-02,0.005197541095806364
 1.4645E-02,0.0035381896586584296
 1.4667E-02,0.002102356956115661
 1.4690E-02,0.0009110384203706208
 1.4713E-02,1.7399236188624513e-05
 1.4735E-02,-0.0004965324461994396
 1.4758E-02,-0.0005502969195312234
 1.4780E-02,-0.00010443611274719582
 1.4803E-02,0.0008150375739328587
 1.4826E-02,0.0021221354203011487
 1.4848E-02,0.0037032064553649637
 1.4871E-02,0.005456845298146639
 1.4893E-02,0.00731802629193451
 1.4916E-02,0.00925335684129558
 1.4939E-02,0.01123255921460343
 1.4961E-02,0.013196136809723974
 1.4984E-02,0.015041488882375833
 1.5006E-02,0.016638156878162804
 1.5029E-02,0.017864670796768303
 1.5052E-02,0.018645939621238727
 1.5074E-02,0.018969659735886008
 1.5097E-02,0.018873025561703026
 1.5119E-02,0.01840909535369281
 1.5142E-02,0.017614256149988596
 1.5165E-02,0.0164969103223864
 1.5187E-02,0.015053726714382851
 1.5210E-02,0.013302232457922399
 1.5232E-02,0.011308104370289906
 1.5255E-02,0.009188656310228712
 1.5278E-02,0.007088652430660123
 1.5300E-02,0.005141540272942429
 1.5323E-02,0.003437980390538049
 1.5345E-02,0.0020188193409880614
 1.5368E-02,0.0008944832879874691
 1.5391E-02,7.662873294444507e-05
 1.5413E-02,-0.0003992687795435939
 1.5436E-02,-0.0004755656481218752
 1.5458E-02,-9.801058552175873e-05
 1.5481E-02,0.0007503191890388064
 1.5504E-02,0.0020277461873001675
 1.5526E-02,0.0036389071259226866
 1.5549E-02,0.005463553912392523
 1.5571E-02,0.0073926143259313085
 1.5594E-02,0.00935086480929766
 1.5617E-02,0.011294257641672932
 1.5639E-02,0.013185884880556095
 1.5662E-02,0.014967838092042036
 1.5684E-02,0.016548632008729688
 1.5707E-02,0.017815980740030355
 1.5730E-02,0.01866874781852006
 1.5752E-02,0.019049775931803736
 1.5775E-02,0.01896053928996215
 1.5797E-02,0.01844956724849358
 1.5820E-02,0.017582466326416503
 1.5843E-02,0.01641224504967757
 1.5865E-02,0.014967836206952329
 1.5888E-02,0.013266841688526303
 1.5910E-02,0.011343072455180023
 1.5933E-02,0.0092700417291401
 1.5956E-02,0.007163978959975594
 1.5978E-02,0.005162568212894911
 1.6001E-02,0.0033905611655898034
 1.6023E-02,0.0019314111001581468
 1.6046E-02,0.0008202601371743795
 1.6069E-02,6.046904769660226e-05
 1.6091E-02,-0.00034839604601020867
 1.6114E-02,-0.0003898133040032951
 1.6136E-02,-3.0439904361632616e-05
 1.6159E-02,0.0007586796466988645
 1.6182E-02,0.0019731225146391975
 1.6204E-02,0.003556769317211294
 1.6227E-02,0.0054063281136860295
 1.6249E-02,0.007397079249993914
 1.6272E-02,0.009415467156477194
 1.6295E-02,0.011380302664701287
 1.6317E-02,0.013241689919541185
 1.6340E-02,0.014960735836593082
 1.6362E-02,0.016484962613389657
 1.6385E-02,0.01773679222933642
 1.6408E-02,0.018624054898458146
 1.6430E-02,0.019067485541127985
 1.6453E-02,0.019029332364770814
 1.6475E-02,0.018526227037729198
 1.6498E-02,0.017618911062408295
 1.6521E-02,0.016385356730122928
 1.6543E-02,0.014893593222257707
 1.6566E-02,0.01319014510584605
 1.6588E-02,0.011309777107819323
 1.6611E-02,0.009298654370120521
 1.6634E-02,0.007234528759624697
 1.6656E-02,0.005229369115332527
 1.6679E-02,0.0034107516234694636
 1.6701E-02,0.0018914863274045366
 1.6724E-02,0.0007442228952911148
 1.6747E-02,-5.270633018216223e-06
 1.6769E-02,-0.0003638425636004084
 1.6792E-02,-0.0003460129756169125
 1.6814E-02,4.525635585920438e-05
 1.6837E-02,0.0008198045306058582
 1.6860E-02,0.001982930962149328
 1.6882E-02,0.0035108227106884814
 1.6905E-02,0.005334924156885432
 1.6927E-02,0.007346184028740158
 1.6950E-02,0.009418101021420357
 1.6973E-02,0.011436147772900057
 1.6995E-02,0.013317475370048747
 1.7018E-02,0.015011009952954978
 1.7040E-02,0.0164802463192442
 1.7063E-02,0.017681633483084776
 1.7086E-02,0.018553886763693548
 1.7108E-02,0.01902640035839097
 1.7131E-02,0.019042688992759474
 1.7153E-02,0.018585099685289062
 1.7176E-02,0.01768591326574638
 1.7199E-02,0.016418051367154303
 1.7221E-02,0.014870840210157063
 1.7244E-02,0.013125050594475903
 1.7266E-02,0.011241349526751036
 1.7289E-02,0.00926751996818122
 1.7312E-02,0.007257869118005437
 1.7334E-02,0.005290581194997823
 1.7357E-02,0.0034700820277743637
 1.7379E-02,0.0019108704904349772
 1.7402E-02,0.0007108505784753237
 1.7425E-02,-7.120854141653922e-05
 1.7447E-02,-0.0004218701990265201
 1.7470E-02,-0.0003605192899201622
 1.7492E-02,8.306913891257953e-05
 1.7515E-02,0.0008867002870638351
 1.7538E-02,0.002038233482409221
 1.7560E-02,0.003521650582607983
 1.7583E-02,0.0052963948453864755
 1.7605E-02,0.007284144314489807
 1.7628E-02,0.00937283176899681
 1.7651E-02,0.011437264037228136
 1.7673E-02,0.013365615740826934
 1.7696E-02,0.015077597513302964
 1.7718E-02,0.016525336720923156
 1.7741E-02,0.017678667089483326
 1.7764E-02,0.018505969559625676
 1.7786E-02,0.018964100733314213
 1.7809E-02,0.019004863038783033
 1.7831E-02,0.018594758428628174
 1.7854E-02,0.017736119151294246
 1.7877E-02,0.016476492455287227
 1.7899E-02,0.01490008637912692
 1.7922E-02,0.013105812077594705
 1.7944E-02,0.011184315679867284
 1.7967E-02,0.009206555913980834
 1.7990E-02,0.0072289458684978575
 1.8012E-02,0.005309594729697747
 1.8035E-02,0.0035232788478945067
 1.8057E-02,0.0019636764019664767
 1.8080E-02,0.0007294758243741998
 1.8103E-02,-9.885095052558916e-05
 1.8125E-02,-0.00047884615931040206
 1.8148E-02,-0.00041155597769271777
 1.8170E-02,6.964954178373362e-05
 1.8193E-02,0.0009194336175167723
 1.8216E-02,0.0020974060443405586
 1.8238E-02,0.00357167056852051
 1.8261E-02,0.005307863036342217
 1.8283E-02,0.007251912821855334
 1.8306E-02,0.009318922299135207
 1.8329E-02,0.011396958295331393
 1.8351E-02,0.013365449640715663
 1.8374E-02,0.015118938119355777
 1.8396E-02,0.01658366788412924
 1.8419E-02,0.017718910079025554
 1.8442E-02,0.018504231982249954
 1.8464E-02,0.01892233809632116
 1.8487E-02,0.018949431606206556
 1.8509E-02,0.018559887198826158
 1.8532E-02,0.017742661732240227
 1.8555E-02,0.016519156446006687
 1.8577E-02,0.014950972901350699
 1.8600E-02,0.013131928119803255
 1.8622E-02,0.011168093410331911
 1.8645E-02,0.009156654632724564
 1.8668E-02,0.007174742642089992
 1.8690E-02,0.005282917300518421
 1.8713E-02,0.0035387861397538586
 1.8735E-02,0.0020100195667046294
 1.8758E-02,0.0007765984407863231
 1.8781E-02,-8.093223377890198e-05
 1.8803E-02,-0.0005014835845368493
 1.8826E-02,-0.00046059359525606723
 1.8848E-02,2.4925557803200137e-05
 1.8871E-02,0.0009071765014390795
 1.8894E-02,0.0021258124200082096
 1.8916E-02,0.003624039312077762
 1.8939E-02,0.005353065217789538
 1.8961E-02,0.007263685398670709
 1.8984E-02,0.009291995164294143
 1.9007E-02,0.011350070550817435
 1.9029E-02,0.013329490828213782
 1.9052E-02,0.015117665317784343
 1.9074E-02,0.01661899138562133
 1.9097E-02,0.01776982528652856
 1.9120E-02,0.018539956849124836
 1.9142E-02,0.01892141173023816
 1.9165E-02,0.01891290059542737
 1.9187E-02,0.018510462629361093
 1.9210E-02,0.01771048563547954
 1.9233E-02,0.016523104487924063
 1.9255E-02,0.01498710737103564
 1.9278E-02,0.013176184333564302
 1.9300E-02,0.011191406512746147
 1.9323E-02,0.009143051825053464
 1.9346E-02,0.0071311811526400155
 1.9368E-02,0.005234858923818954
 1.9391E-02,0.003514372236020099
 1.9413E-02,0.002022726865644736
 1.9436E-02,0.0008171014651418625
 1.9459E-02,-3.875218068009813e-05
 1.9481E-02,-0.00048422293617436044
 1.9504E-02,-0.00047887156185515665
 1.9526E-02,-1.710067464375881e-05
 1.9549E-02,0.0008681241285030097
 1.9572E-02,0.0021147323920104877
 1.9594E-02,0.003648735514574836
 1.9617E-02,0.005399410979572293
 1.9639E-02,0.007304468469994019
 1.9662E-02,0.009303775243856102
 1.9685E-02,0.011327568792315439
 1.9707E-02,0.013288633433916758
 1.9730E-02,0.015085486237783281
 1.9752E-02,0.01661674444865741
 1.9775E-02,0.017799814284571825
 1.9798E-02,0.018584212412350344
 1.9820E-02,0.01895294412583801
 1.9843E-02,0.01891246078555459
 1.9865E-02,0.018478387474160553
 1.9888E-02,0.017666333100183507
 1.9911E-02,0.016493407963736505
 1.9933E-02,0.014988932497679734
 1.9956E-02,0.013206702299754906
 1.9978E-02,0.011229880314164064
 2.0001E-02,0.009163890575077861
 2.0024E-02,0.007119883389633323
 2.0046E-02,0.005196957630571848
 2.0069E-02,0.0034719145242024267
 2.0091E-02,0.0020005753109366415
 2.0114E-02,0.0008276097302199695
 2.0137E-02,-3.2122898057463994e-06
 2.0159E-02,-0.0004463404795304852
 2.0182E-02,-0.0004622311227131196
 2.0204E-02,-3.1600099793439634e-05
 2.0227E-02,0.0008322650582534992
 2.0250E-02,0.0020807437679766267
 2.0272E-02,0.0036387956241724397
 2.0295E-02,0.005420896895024479
 2.0317E-02,0.007345452103066407
 2.0340E-02,0.009340481338994192
 2.0363E-02,0.011339096187124961
 2.0385E-02,0.013269783242892437
 2.0408E-02,0.015049777972419291
 2.0430E-02,0.0165878303139308
 2.0453E-02,0.017796696913369898
 2.0476E-02,0.01860946874298304
 2.0498E-02,0.01899122685991912
 2.0521E-02,0.01894012535101064
 2.0543E-02,0.018478192603541756
 2.0566E-02,0.017638069233946375
 2.0589E-02,0.016453906537755608
 2.0611E-02,0.014961541360083905
 2.0634E-02,0.01320683320120075
 2.0656E-02,0.01125560551818662
 2.0679E-02,0.009197357675352152
 2.0702E-02,0.007138570508660794
 2.0724E-02,0.0051877154622066
 2.0747E-02,0.0034390868881815943
 2.0769E-02,0.001963232091138538
 2.0792E-02,0.0008076983053823858
 2.0815E-02,5.600494515283893e-06
 2.0837E-02,-0.0004150125695288614
 2.0860E-02,-0.00042809197642015325
 2.0882E-02,-1.555724780501227e-05
 2.0905E-02,0.0008210161500995447
 2.0928E-02,0.0020502793451375283
 2.0950E-02,0.003609293788819545
 2.0973E-02,0.005412018190511952
 2.0995E-02,0.007364128465443388
 2.1018E-02,0.009376661293240298
 2.1041E-02,0.011372020418575149
 2.1063E-02,0.013280833345066738
 2.1086E-02,0.015033903056567353
 2.1108E-02,0.0165564940024187
 2.1131E-02,0.017770587637720037
 2.1154E-02,0.018605567692281354
 2.1176E-02,0.01901228791666257
 2.1199E-02,0.01897306483038869
 2.1221E-02,0.018502314635969023
 2.1244E-02,0.017637951178427844
 2.1267E-02,0.016428925416083928
 2.1289E-02,0.014926171497988928
 2.1312E-02,0.013181610718150136
 2.1334E-02,0.011254432701737555
 2.1357E-02,0.009219032321989864
 2.1380E-02,0.0071677373867648116
 2.1402E-02,0.005204561004825761
 2.1425E-02,0.003431700259713554
 2.1447E-02,0.0019349666950225356
 2.1470E-02,0.0007750291126389281
 2.1493E-02,-1.2115945739331183e-05
 2.1515E-02,-0.0004074817977796785
 2.1538E-02,-0.000400340547462129
 2.1560E-02,1.530787227441979e-05
 2.1583E-02,0.0008364661266529813
 2.1606E-02,0.0020417969255517097
 2.1628E-02,0.003583514804244065
 2.1651E-02,0.005386456218534805
 2.1673E-02,0.0073561995376249
 2.1696E-02,0.00939284645355001
 2.1719E-02,0.01140386938166173
 2.1741E-02,0.013310233278816707
 2.1764E-02,0.015044286680415126
 2.1786E-02,0.01654300926926361
 2.1809E-02,0.017742944741092156
 2.1832E-02,0.018581859490122084
 2.1854E-02,0.019007682846318624
 2.1877E-02,0.018990417228567945
 2.1899E-02,0.018530493277697273
 2.1922E-02,0.017658857325014158
 2.1945E-02,0.01642878015818086
 2.1967E-02,0.014904045931392374
 2.1990E-02,0.01314994163314535
 2.2012E-02,0.011231274441236347
 2.2035E-02,0.00921691075270433
 2.2058E-02,0.007186027798739503
 2.2080E-02,0.005230066804251431
 2.2103E-02,0.0034469952941036464
 2.2125E-02,0.0019292711131392525
 2.2148E-02,0.0007508738355766463
 2.2171E-02,-4.051664323560518e-05
 2.2193E-02,-0.00042307271680268647
 2.2216E-02,-0.0003937613460403053
 2.2238E-02,4.001266870184636e-05
 2.2261E-02,0.0008644478562172634
 2.2284E-02,0.0020566399852457694
 2.2306E-02,0.003577352478775006
 2.2329E-02,0.005364710671631079
 2.2351E-02,0.007334060881581738
 2.2374E-02,0.009385732806045155
 2.2397E-02,0.011417814967576328
 2.2419E-02,0.013338153655748933
 2.2442E-02,0.015070391351942287
 2.2464E-02,0.016552572882138582
 2.2487E-02,0.01773135066315104
 2.2510E-02,0.018557324780097507
 2.2532E-02,0.01898602867519283
 2.2555E-02,0.01898518819235421
 2.2577E-02,0.018544583675401426
 2.2600E-02,0.017682818139776454
 2.2623E-02,0.01644679796002636
 2.2645E-02,0.014903824172487135
 2.2668E-02,0.013130331585531953
 2.2690E-02,0.011202951541452197
 2.2713E-02,0.009195738568210394
 2.2736E-02,0.00718327794283794
 2.2758E-02,0.005245567505918312
 2.2781E-02,0.0034694130537026467
 2.2803E-02,0.0019432821035522353
 2.2826E-02,0.0007467283776879169
 2.2849E-02,-6.096824223920786e-05
 2.2871E-02,-0.00044758457937699826
 2.2894E-02,-0.00040732114461156555
 2.2916E-02,4.589481553998634e-05
 2.2939E-02,0.0008865402231753056
 2.2962E-02,0.0020820573552861542
 2.2984E-02,0.0035915566343177364
 2.3007E-02,0.005360455558732414
 2.3029E-02,0.0073157499072581044
 2.3052E-02,0.009366532679741125
 2.3075E-02,0.011411368178076739
 2.3097E-02,0.013350059160389303
 2.3120E-02,0.015094729602544538
 2.3142E-02,0.016575591292244965
 2.3165E-02,0.017739976879897198
 2.3188E-02,0.018547202345581926
 2.3210E-02,0.018964105037459333
 2.3233E-02,0.018965297283000587
 2.3255E-02,0.0185388166583724
 2.3278E-02,0.0176940616798723
 2.3301E-02,0.016467050358245503
 2.3323E-02,0.014919280698359598
 2.3346E-02,0.013130029479720565
 2.3368E-02,0.011185590508872731
 2.3391E-02,0.009170471171708591
 2.3414E-02,0.007164033476208413
 2.3436E-02,0.005242475262051692
 2.3459E-02,0.00348264975538017
 2.3481E-02,0.0019631196609851925
 2.3504E-02,0.0007596924243868685
 2.3527E-02,-6.369106007633827e-05
 2.3549E-02,-0.00046470468970744516
 2.3572E-02,-0.00042830526834530976
 2.3594E-02,3.424708400847964e-05
 2.3617E-02,0.0008919112082315861
 2.3640E-02,0.0021018859467198878
 2.3662E-02,0.0036146647171082045
 2.3685E-02,0.005373973045192793
 2.3707E-02,0.00731302032569222
 2.3730E-02,0.009351108032622343
 2.3753E-02,0.011394655576700946
 2.3775E-02,0.013344125524741311
 2.3798E-02,0.015104755644527429
 2.3820E-02,0.016596650829625317
 2.3843E-02,0.017760105564113678
 2.3866E-02,0.01855481017033268
 2.3888E-02,0.018955110735649334
 2.3911E-02,0.018945570174561395
 2.3933E-02,0.018520452815810613
 2.3956E-02,0.017687852030221274
 2.3979E-02,0.01647583666805485
 2.4001E-02,0.014936304280407122
 2.4024E-02,0.013143248910453547
 2.4046E-02,0.011185240327424658
 2.4069E-02,0.009155152981635039
 2.4092E-02,0.0071415827713130296
 2.4114E-02,0.005225113101878229
 2.4137E-02,0.003479465546751683
 2.4159E-02,0.0019745514539541917
 2.4182E-02,0.0007773932347573506
 2.4205E-02,-5.1570001310833734e-05
 2.4227E-02,-0.0004661271624970245
 2.4250E-02,-0.00044244106829417594
 2.4272E-02,1.644266234687437e-05
 2.4295E-02,0.000882033145846458
 2.4318E-02,0.002106870694375337
 2.4340E-02,0.003632502914892036
 2.4363E-02,0.005394971163296441
 2.4385E-02,0.007325790945389899
 2.4408E-02,0.009349552721706969
 2.4431E-02,0.011381618401000791
 2.4453E-02,0.013329485700500259
 2.4476E-02,0.015099184244176646
 2.4498E-02,0.01660493111131057
 2.4521E-02,0.017778158254057506
 2.4544E-02,0.018572239833875945
 2.4566E-02,0.018961655489504407
 2.4589E-02,0.01893743095817937
 2.4611E-02,0.018502584407873064
 2.4634E-02,0.017670830887420014
 2.4657E-02,0.016469290753474333
 2.4679E-02,0.014943001442834314
 2.4702E-02,0.013157495650905899
 2.4724E-02,0.011196540840218023
 2.4747E-02,0.009154814002163933
 2.4770E-02,0.007128149099940785
 2.4792E-02,0.005205280720484469
 2.4815E-02,0.0034639465040221798
 2.4837E-02,0.0019714889953286255
 2.4860E-02,0.0007874144727149947
 2.4883E-02,-3.5625783973201636e-05
 2.4905E-02,-0.00045468090281537037
 2.4928E-02,-0.00044268663285062794
 2.4950E-02,4.9619229228942455e-06
 2.4973E-02,0.0008670697261994669
 2.4996E-02,0.0020985989124355647
 2.5018E-02,0.0036371734230177333
 2.5041E-02,0.005411027517964142
 2.5063E-02,0.0073448313091811325
 2.5086E-02,0.009361508093454173
 2.5109E-02,0.01138091690088774
 2.5131E-02,0.013318386186072123
 2.5154E-02,0.015086241279350127
 2.5176E-02,0.016599581013158844
 2.5199E-02,0.01778480996795722
 2.5222E-02,0.018587535831322815
 2.5244E-02,0.018976576388741936
 2.5267E-02,0.018942903522771323
 2.5289E-02,0.018495092264194175
 2.5312E-02,0.01765455359871907
 2.5335E-02,0.016453475801271825
 2.5357E-02,0.014936236465658623
 2.5380E-02,0.01316245213644524
 2.5402E-02,0.011208435644416663
 2.5425E-02,0.009164503889420342
 2.5448E-02,0.007127898634958296
 2.5470E-02,0.005193609287192019
 2.5493E-02,0.0034465637745039347
 2.5515E-02,0.001957773688614082
 2.5538E-02,0.0007846494857243187
 2.5561E-02,-2.6683648740728565e-05
 2.5583E-02,-0.0004401749016624632
 2.5606E-02,-0.00043178416286396445
 2.5628E-02,5.764220360720564e-06
 2.5651E-02,0.0008579276964313577
 2.5674E-02,0.002086145094799142
 2.5696E-02,0.0036303268722238354
 2.5719E-02,0.005415411216693394
 2.5741E-02,0.007359260016562305
 2.5764E-02,0.009378704639138043
 2.5787E-02,0.01139198528807412
 2.5809E-02,0.013318250008951982
 2.5832E-02,0.015076678871752807
 2.5854E-02,0.016588000261093996
 2.5877E-02,0.01777955644730527
 2.5900E-02,0.018592668490830817
 2.5922E-02,0.01898935231552896
 2.5945E-02,0.018955509589291552
 2.5967E-02,0.018499517645266448
 2.5990E-02,0.017647559805107585
 2.6013E-02,0.01643858544188295
 2.6035E-02,0.014921534256817904
 2.6058E-02,0.01315559464768943
 2.6080E-02,0.011211980793162319
 2.6103E-02,0.009174444055537915
 2.6126E-02,0.007136272070555183
 2.6148E-02,0.005193534150301176
 2.6171E-02,0.0034365574610413802
 2.6193E-02,0.0019426918416314686
 2.6216E-02,0.0007726925735153697
 2.6239E-02,-2.901439457645837e-05
 2.6261E-02,-0.00043204118491471655
 2.6284E-02,-0.0004184575858818125
 2.6306E-02,1.621659618872642e-05
 2.6329E-02,0.0008596405266415568
 2.6352E-02,0.0020790352082248444
 2.6374E-02,0.0036200580726046673
 2.6397E-02,0.005409795403752638
 2.6419E-02,0.007363348380631168
 2.6442E-02,0.009391615961153526
 2.6465E-02,0.011407422540883408
 2.6487E-02,0.0133283614523983
 2.6510E-02,0.015076853131895782
 2.6532E-02,0.016579624112972022
 2.6555E-02,0.017769046619547944
 2.6578E-02,0.018587408170915188
 2.6600E-02,0.01899307498087024
 2.6623E-02,0.018965995022113744
 2.6645E-02,0.018510009245086466
 2.6668E-02,0.01765099480603767
 2.6691E-02,0.016431994231306212
 2.6713E-02,0.014907882524243252
 2.6736E-02,0.013141949010597885
 2.6758E-02,0.011205163868717605
 2.6781E-02,0.009176887177364042
 2.6804E-02,0.0071446257719682185
 2.6826E-02,0.005200866711044039
 2.6849E-02,0.0034367459530923847
 2.6871E-02,0.0019342688142135595
 2.6894E-02,0.0007597740134516122
 2.6917E-02,-3.9269164941638235e-05
 2.6939E-02,-0.0004338402958854054
 2.6962E-02,-0.00041091974284867286
 2.6984E-02,2.8565941811388245e-05
 2.7007E-02,0.0008697003453878368
 2.7030E-02,0.0020815119790907302
 2.7052E-02,0.0036146821729544512
 2.7075E-02,0.005401394725517306
 2.7097E-02,0.00735876028634652
 2.7120E-02,0.009395373203773125
 2.7143E-02,0.011418892981357507
 2.7165E-02,0.01334210317089273
 2.7188E-02,0.015085944570038052
 2.7210E-02,0.016579889241722115
 2.7233E-02,0.0177615559009332
 2.7256E-02,0.018577722736251752
 2.7278E-02,0.01898772964241674
 2.7301E-02,0.01896842177155541
 2.7323E-02,0.018518431444974594
 2.7346E-02,0.017659580126308135
 2.7369E-02,0.01643452428459461
 2.7391E-02,0.014901644278131928
 2.7414E-02,0.013129435545048272
 2.7436E-02,0.01119254943294273
 2.7459E-02,0.009170246630994769
 2.7482E-02,0.007146254265179454
 2.7504E-02,0.005207970874478306
 2.7527E-02,0.0034432902159941994
 2.7549E-02,0.0019348034985561414
 2.7572E-02,0.0007528590941282766
 2.7595E-02,-5.015826934457314e-05
 2.7617E-02,-0.0004424639550801258
 2.7640E-02,-0.0004121288341966063
 2.7662E-02,3.566563443026889e-05
 2.7685E-02,0.0008812219208245108
 2.7708E-02,0.002091203032015299
 2.7730E-02,0.0036177676118247654
 2.7753E-02,0.005397463251398133
 2.7775E-02,0.007351920564541687
 2.7798E-02,0.009391606745721634
 2.7821E-02,0.01142226469377953
 2.7843E-02,0.013352185266997168
 2.7866E-02,0.015098042007000809
 2.7888E-02,0.016587909430622255
 2.7911E-02,0.01776172926642241
 2.7934E-02,0.01857086667408749
 2.7956E-02,0.018978667489366042
 2.7979E-02,0.018962940863250097
 2.8001E-02,0.018519685166574797
 2.8024E-02,0.017666167082415477
 2.8047E-02,0.016441419389803494
 2.8069E-02,0.014903379455623963
 2.8092E-02,0.013123539556680995
 2.8114E-02,0.011181113548220708
 2.8137E-02,0.009158661879161763
 2.8160E-02,0.007139924190731513
 2.8182E-02,0.005209047675517643
 2.8205E-02,0.0034494480627320773
 2.8227E-02,0.0019407848963105014
 2.8250E-02,0.0007538104627124061
 2.8273E-02,-5.564092130402355e-05
 2.8295E-02,-0.0004514596947272469
 2.8318E-02,-0.00041920988002251583
 2.8340E-02,3.506719924805285e-05
 2.8363E-02,0.0008879904370303676
 2.8386E-02,0.0021019982900749344
 2.8408E-02,0.003627083470229138
 2.8431E-02,0.005400995300111347
 2.8453E-02,0.007349153981141341
 2.8476E-02,0.009386033440338459
 2.8499E-02,0.01141911642708568
 2.8521E-02,0.01335510671184148
 2.8544E-02,0.01510677343280233
 2.8566E-02,0.016598408870706675
 2.8589E-02,0.017768643124568526
 2.8612E-02,0.01857080373125304
 2.8634E-02,0.01897224481883609
 2.8657E-02,0.01895434601356582
 2.8679E-02,0.01851404692292643
 2.8702E-02,0.01766638158474631
 2.8725E-02,0.016446401216905653
 2.8747E-02,0.014908807050078726
 2.8770E-02,0.013124609782912092
 2.8792E-02,0.011175580396931162
 2.8815E-02,0.009148274072384522
 2.8838E-02,0.0071293842369522815
 2.8860E-02,0.005203155612451815
 2.8883E-02,0.0034502087725365614
 2.8905E-02,0.0019462634827142986
 2.8928E-02,0.0007594236752550109
 2.8951E-02,-5.421968812569368e-05
 2.8973E-02,-0.0004555924467895191
 2.8996E-02,-0.00042645512635448575
 2.9018E-02,2.9421401469276675e-05
 2.9041E-02,0.0008879877984954794
 2.9064E-02,0.0021084967351186513
 2.9086E-02,0.0036372114111531072
 2.9109E-02,0.005409903838821361
 2.9131E-02,0.007352966813639366
 2.9154E-02,0.009384164698229372
 2.9177E-02,0.011414531165875041
 2.9199E-02,0.013352381621568538
 2.9222E-02,0.015109177397824592
 2.9244E-02,0.016605820785396946
 2.9267E-02,0.01777759262359231
 2.9290E-02,0.018576596010901027
 2.9312E-02,0.018971839683720505
 2.9335E-02,0.018948203767904105
 2.9357E-02,0.01850580729830944
 2.9380E-02,0.017660592849026494
 2.9403E-02,0.016445721837565527
 2.9425E-02,0.014912415960196077
 2.9448E-02,0.01312879689972608
 2.9470E-02,0.011176130065188923
 2.9493E-02,0.009143147797500906
 2.9516E-02,0.007120037684320511
 2.9538E-02,0.00519368495817563
 2.9561E-02,0.003444870790903201
 2.9583E-02,0.0019469134836986321
 2.9606E-02,0.0007644517202650509
 2.9629E-02,-4.881358254587502e-05
 2.9651E-02,-0.0004536694811514324
 2.9674E-02,-0.0004293312013379025
 2.9696E-02,2.377402121439521e-05
 2.9719E-02,0.0008836509291754301
 2.9742E-02,0.002109042787245544
 2.9764E-02,0.0036434606742257267
 2.9787E-02,0.0054193872893170255
 2.9809E-02,0.007361415530757603
 2.9832E-02,0.009388092573472834
 2.9855E-02,0.011413308845326493
 2.9877E-02,0.01334852603871512
 2.9900E-02,0.015106694449913334
 2.9922E-02,0.01660764469552087
 2.9945E-02,0.01778371698115319
 2.9968E-02,0.018584051051689757
 2.9990E-02,0.018976517670998547
 3.0013E-02,0.018947388916435604
 3.0035E-02,0.018499838664046836
 3.0058E-02,0.017652637878266285
 3.0081E-02,0.016439816458440202
 3.0103E-02,0.01491099862198765
 3.0126E-02,0.01313126576221359
 3.0148E-02,0.011179304741378644
 3.0171E-02,0.009143329884246945
 3.0194E-02,0.0071153778949562905
 3.0216E-02,0.005185387183423156
 3.0239E-02,0.00343649629604113
 3.0261E-02,0.0019422294593856781
 3.0284E-02,0.0007651635528314017
 3.0307E-02,-4.4047354221131234e-05
 3.0329E-02,-0.00044834493353857396
 3.0352E-02,-0.00042689861954925575
 3.0374E-02,2.204778416688754e-05
 3.0397E-02,0.0008794375977068559
 3.0420E-02,0.0021058707705722845
 3.0442E-02,0.0036444802561820602
 3.0465E-02,0.005425374371615561
 3.0487E-02,0.007370247992953585
 3.0510E-02,0.009396014494799949
 3.0533E-02,0.01141719054305984
 3.0555E-02,0.013347717918067601
 3.0578E-02,0.015103334084119477
 3.0600E-02,0.016605241957611417
 3.0623E-02,0.017784909133132028
 3.0646E-02,0.018588926782944038
 3.0668E-02,0.018982545687518622
 3.0691E-02,0.018950984158112905
 3.0713E-02,0.0184985838177336
 3.0736E-02,0.01764677926447968
 3.0759E-02,0.01643211376773172
 3.0781E-02,0.014905034744960412
 3.0804E-02,0.013129274838705091
 3.0826E-02,0.011180864589083834
 3.0849E-02,0.009145717144154995
 3.0872E-02,0.0071153478555737795
 3.0894E-02,0.005181261368067956
 3.0917E-02,0.0034292612844026077
 3.0939E-02,0.0019349738259053536
 3.0962E-02,0.0007612129440197019
 3.0985E-02,-4.313606565835065e-05
 3.1007E-02,-0.0004436927059782105
 3.1030E-02,-0.0004215664822426733
 3.1052E-02,2.497257762882325e-05
 3.1075E-02,0.0008787395137630383
 3.1098E-02,0.002102916507978188
 3.1120E-02,0.0036423136429177285
 3.1143E-02,0.0054267692831651655
 3.1165E-02,0.007375932859807862
 3.1188E-02,0.009404167361495104
 3.1211E-02,0.01142451044847045
 3.1233E-02,0.013351401451519942
 3.1256E-02,0.01510273081720005
 3.1278E-02,0.016602169922156847
 3.1301E-02,0.017782448226265127
 3.1324E-02,0.018589451507300337
 3.1346E-02,0.018986223576798224
 3.1369E-02,0.01895566773864999
 3.1391E-02,0.018501152662473822
 3.1414E-02,0.01764508924420464
 3.1437E-02,0.016426340901982722
 3.1459E-02,0.014897585816212661
 3.1482E-02,0.013123331070816322
 3.1504E-02,0.011178469644142881
 3.1527E-02,0.00914659374636996
 3.1550E-02,0.007117165144761462
 3.1572E-02,0.005181170956135936
 3.1595E-02,0.0034257374633409826
 3.1617E-02,0.0019288147425316994
 3.1640E-02,0.0007550888990394454
 3.1663E-02,-4.6297730590482474e-05
 3.1685E-02,-0.00044248056959395607
 3.1708E-02,-0.000416921352249392
 3.1730E-02,3.0365331024446106e-05
 3.1753E-02,0.0008821139017892289
 3.1776E-02,0.0021031102848235476
 3.1798E-02,0.003640433679006712
 3.1821E-02,0.005425436672066941
 3.1843E-02,0.0073775875366252
 3.1866E-02,0.009409490133938348
 3.1889E-02,0.011431940369913464
 3.1911E-02,0.013358042174104606
 3.1934E-02,0.01510607814919762
 3.1956E-02,0.01660158855271055
 3.1979E-02,0.017779488413086113
 3.2002E-02,0.01858682121122994
 3.2024E-02,0.018986065221588824
 3.2047E-02,0.018958213956524344
 3.2069E-02,0.018504591447050505
 3.2092E-02,0.017646712257282895
 3.2115E-02,0.016424252552832024
 3.2137E-02,0.014891909022578918
 3.2160E-02,0.01311616608433716
 3.2182E-02,0.011172640367563887
 3.2205E-02,0.009143965466251628
 3.2228E-02,0.007117574982558597
 3.2250E-02,0.005182623353763074
 3.2273E-02,0.003425728780029287
 3.2295E-02,0.001925954746968597
 3.2318E-02,0.0007500116788696435
 3.2341E-02,-5.129229938300524e-05
 3.2363E-02,-0.0004448242624666506
 3.2386E-02,-0.0004153435800020653
 3.2408E-02,3.5070383704367434e-05
 3.2431E-02,0.000887585651914778
 3.2454E-02,0.0021068678567450604
 3.2476E-02,0.0036413700232682403
 3.2499E-02,0.005424439023593534
 3.2521E-02,0.007376909872307804
 3.2544E-02,0.009411277805898621
 3.2567E-02,0.01143682866052639
 3.2589E-02,0.013364698355457184
 3.2612E-02,0.015111966700058283
 3.2634E-02,0.016604480053775565
 3.2657E-02,0.017778775472809417
 3.2680E-02,0.018583830807587364
 3.2702E-02,0.018983184058834774
 3.2725E-02,0.018957379564282024
 3.2747E-02,0.018506089645173612
 3.2770E-02,0.017649023457689667
 3.2793E-02,0.01642503275266141
 3.2815E-02,0.014889487190035279
 3.2838E-02,0.0131106247758137
 3.2860E-02,0.01116581232827894
 3.2883E-02,0.009138355466101688
 3.2906E-02,0.007114880512645643
 3.2928E-02,0.00518276922561884
 3.2951E-02,0.003427004204465765
 3.2973E-02,0.0019261547070617978
 3.2996E-02,0.0007478652164399149
 3.3019E-02,-5.5294347018230994e-05
 3.3041E-02,-0.00044871008484721834
 3.3064E-02,-0.0004168682823009055
 3.3086E-02,3.704263470450243e-05
 3.3109E-02,0.000892379851874692
 3.3132E-02,0.00211240495373169
 3.3154E-02,0.003645423200060988
 3.3177E-02,0.005425958411903355
 3.3199E-02,0.007376598881350115
 3.3222E-02,0.0094110732937106
 3.3245E-02,0.011438617730919717
 3.3267E-02,0.013369074484102454
 3.3290E-02,0.015117797857918714
 3.3312E-02,0.016609553293758832
 3.3335E-02,0.0177811138487516
 3.3358E-02,0.018582864756768836
 3.3380E-02,0.01898005519508521
 3.3403E-02,0.018954197259552018
 3.3425E-02,0.018504610298815526
 3.3448E-02,0.017649575465847868
 3.3471E-02,0.016426350379167853
 3.3493E-02,0.014889547220598081
 3.3516E-02,0.013107957476767849
 3.3538E-02,0.011160468896789236
 3.3561E-02,0.00913193384708227
 3.3584E-02,0.007109599202910861
 3.3606E-02,0.00518016722962202
 3.3629E-02,0.0034270707868403966
 3.3651E-02,0.0019274194188804651
 3.3674E-02,0.0007483806971545393
 3.3697E-02,-5.669461593920137e-05
 3.3719E-02,-0.000451660469205362
 3.3742E-02,-0.00041968724153053583
 3.3764E-02,3.630960320279858e-05
 3.3787E-02,0.0008947412392773596
 3.3810E-02,0.002117282881931799
 3.3832E-02,0.0036509836520626977
 3.3855E-02,0.005430202141366634
 3.3877E-02,0.007378535308594677
 3.3900E-02,0.009411253914500718
 3.3923E-02,0.011438707154404636
 3.3945E-02,0.013370734927148225
 3.3968E-02,0.015121585758352964
 3.3990E-02,0.016614514091023113
 3.4013E-02,0.01778532353151311
 3.4036E-02,0.018584578280808194
 3.4058E-02,0.018978748066627575
 3.4081E-02,0.018950857692648027
 3.4103E-02,0.01850110807442198
 3.4126E-02,0.01764750632026255
 3.4149E-02,0.01642607556557843
 3.4171E-02,0.014890020104717917
 3.4194E-02,0.013107435823213442
 3.4216E-02,0.011157661810435862
 3.4239E-02,0.009126867102150028
 3.4262E-02,0.007103663292131914
 3.4284E-02,0.0051753226981076945
 3.4307E-02,0.003424706471902903
 3.4329E-02,0.00192756902541108
 3.4352E-02,0.0007497753198364213
 3.4375E-02,-5.57807624212396e-05
 3.4397E-02,-0.0004523027074693983
 3.4420E-02,-0.00042162918384050247
 3.4442E-02,3.449323910613758e-05
 3.4465E-02,0.0008947451005870868
 3.4488E-02,0.002119996723909799
 3.4510E-02,0.0036559093906493286
 3.4533E-02,0.005435720238238691
 3.4555E-02,0.0073828516270834765
 3.4578E-02,0.009413439363436643
 3.4601E-02,0.011439189701685752
 3.4623E-02,0.013370947072088364
 3.4646E-02,0.01512299524465474
 3.4668E-02,0.016617645628823365
 3.4691E-02,0.017789380221038924
 3.4714E-02,0.018587895207320716
 3.4736E-02,0.018979792872254313
 3.4759E-02,0.018949155726496993
 3.4781E-02,0.01849752074355251
 3.4804E-02,0.017643695928082515
 3.4827E-02,0.01642349453519149
 3.4849E-02,0.014889053435594147
 3.4872E-02,0.013107224528515232
 3.4894E-02,0.011156708197108524
 3.4917E-02,0.009124037563514176
 3.4940E-02,0.007098961673574622
 3.4962E-02,0.0051699549131363895
 3.4985E-02,0.0034203996372743134
 3.5007E-02,0.0019255694336365364
 3.5030E-02,0.0007501441412717802
 3.5053E-02,-5.4144463403345646e-05
 3.5075E-02,-0.0004509345924472194
 3.5098E-02,-0.0004215248785463712
 3.5120E-02,3.34952858126165e-05
 3.5143E-02,0.0008938447790385509
 3.5166E-02,0.002120657311747897
 3.5188E-02,0.003658911530068408
 3.5211E-02,0.005440632388761181
 3.5233E-02,0.0073882433292069335
 3.5256E-02,0.009417702613489022
 3.5279E-02,0.011441459100929773
 3.5301E-02,0.013371552196742013
 3.5324E-02,0.015123172211470404
 3.5346E-02,0.016618695186680542
 3.5369E-02,0.01779180075999387
 3.5392E-02,0.018591030351816754
 3.5414E-02,0.018982210059687088
 3.5437E-02,0.0189495171101936
 3.5459E-02,0.018495404019565065
 3.5482E-02,0.01763985745763563
 3.5505E-02,0.01641941616477101
 3.5527E-02,0.014886058726372964
 3.5550E-02,0.013105713541842267
 3.5572E-02,0.0111559810399204
 3.5595E-02,0.009122807753563174
 3.5618E-02,0.007096232388970819
 3.5640E-02,0.00516570970725166
 3.5663E-02,0.0034156790541777916
 3.5685E-02,0.0019218885735153457
 3.5708E-02,0.0007486139629370287
 3.5731E-02,-5.344941114200695e-05
 3.5753E-02,-0.0004489759950042185
 3.5776E-02,-0.00041967535148338455
 3.5798E-02,3.431014936712269e-05
 3.5821E-02,0.0008937049811905616
 3.5844E-02,0.0021205655790675357
 3.5866E-02,0.003660126459080955
 3.5889E-02,0.005443835939325507
 3.5911E-02,0.007393060715683149
 3.5934E-02,0.009422871463907693
 3.5957E-02,0.011445541519054126
 3.5979E-02,0.013373748557443749
 3.6002E-02,0.015123735794766967
 3.6024E-02,0.016618697304640072
 3.6047E-02,0.017792399717755522
 3.6070E-02,0.018592703343269176
 3.6092E-02,0.018984426122652238
 3.6115E-02,0.01895105178387874
 3.6137E-02,0.01849509658096893
 3.6160E-02,0.017637338390446528
 3.6183E-02,0.01641535423611072
 3.6205E-02,0.014881777785369484
 3.6228E-02,0.013102420101875716
 3.6250E-02,0.011154081873017987
 3.6273E-02,0.009121736116744023
 3.6296E-02,0.007094882591156865
 3.6318E-02,0.005163202406240811
 3.6341E-02,0.0034119778328130512
 3.6363E-02,0.0019178848952755927
 3.6386E-02,0.0007456298417613382
 3.6409E-02,-5.4431281660604204e-05
 3.6431E-02,-0.000447879020084174
 3.6454E-02,-0.00041734617991301957
 3.6476E-02,3.663897340088173e-05
 3.6499E-02,0.0008951700884690759
 3.6522E-02,0.002121177899632393
 3.6544E-02,0.0036607175334086983
 3.6567E-02,0.0054454847433673135
 3.6589E-02,0.007396361530250807
 3.6612E-02,0.009427499333298445
 3.6635E-02,0.011450384864777749
 3.6657E-02,0.013377525996707149
 3.6680E-02,0.015125715282890206
 3.6702E-02,0.01661907504039943
 3.6725E-02,0.01779210986390156
 3.6748E-02,0.018592783405491056
 3.6770E-02,0.018985336627048037
 3.6793E-02,0.018952373555141854
 3.6815E-02,0.01849579100093669
 3.6838E-02,0.017636405063039963
 3.6861E-02,0.0164124750242079
 3.6883E-02,0.014877547510063165
 3.6906E-02,0.013098023043001058
 3.6928E-02,0.011150616975009867
 3.6951E-02,0.009119608833227277
 3.6974E-02,0.007093635798411333
 3.6996E-02,0.005161883567711698
 3.7019E-02,0.0034098071383296055
 3.7041E-02,0.0019148054555169615
 3.7064E-02,0.0007423980721282233
 3.7087E-02,-5.666944148209694e-05
 3.7109E-02,-0.0004482619785142309
 3.7132E-02,-0.00041580400528145966
 3.7154E-02,3.935462122209863e-05
 3.7177E-02,0.0008979475748408019
 3.7200E-02,0.00212321008049085
 3.7222E-02,0.0036619581406080242
 3.7245E-02,0.005446618136909219
 3.7267E-02,0.0073983105919232005
 3.7290E-02,0.009430781984731495
 3.7313E-02,0.011454721347550026
 3.7335E-02,0.013381941259685549
 3.7358E-02,0.015129072797577562
 3.7380E-02,0.016620711710546427
 3.7403E-02,0.01779218126616025
 3.7426E-02,0.018592110488763743
 3.7448E-02,0.01898485487479524
 3.7471E-02,0.018952530520001426
 3.7493E-02,0.01849626671802465
 3.7516E-02,0.017636326087924894
 3.7539E-02,0.016410984948521844
 3.7561E-02,0.0148743765481558
 3.7584E-02,0.013093702407435369
 3.7606E-02,0.011146206296621473
 3.7629E-02,0.009116106961346362
 3.7652E-02,0.007091439215220919
 3.7674E-02,0.005160623530689463
 3.7697E-02,0.003408659335266813
 3.7719E-02,0.001913073177898113
 3.7742E-02,0.0007400030740791078
 3.7765E-02,-5.909343252862183e-05
 3.7787E-02,-0.0004497295153032563
 3.7810E-02,-0.00041556714778927354
 3.7832E-02,4.1352910675435594e-05
 3.7855E-02,0.0009010343985114831
 3.7878E-02,0.0021263790490727826
 3.7900E-02,0.00366445403815784
 3.7923E-02,0.005448348882197387
 3.7945E-02,0.007399835581538579
 3.7968E-02,0.00943289002909158
 3.7991E-02,0.011457865377638245
 3.8013E-02,0.013385883835546558
 3.8036E-02,0.015132963537760336
 3.8058E-02,0.016623548754307958
 3.8081E-02,0.01779337123373472
 3.8104E-02,0.01859178214419241
 3.8126E-02,0.018983736359763984
 3.8149E-02,0.018951471270128178
 3.8171E-02,0.018495704003973785
 3.8194E-02,0.01763602729352835
 3.8217E-02,0.016410222419184814
 3.8239E-02,0.014872421910202634
 3.8262E-02,0.013090329828317631
 3.8284E-02,0.011141890891559529
 3.8307E-02,0.009111795641087573
 3.8330E-02,0.007088036551056422
 3.8352E-02,0.005158509857000591
 3.8375E-02,0.00340753528134494
 3.8397E-02,0.0019122203905312023
 3.8420E-02,0.0007387931840844393
 3.8443E-02,-6.076090948619315e-05
 3.8465E-02,-0.00045133234976114364
 3.8488E-02,-0.00041626582348178404
 3.8510E-02,4.220055970960738e-05
 3.8533E-02,0.000903468593858052
 3.8556E-02,0.0021297928915473634
 3.8578E-02,0.0036679338761173444
 3.8601E-02,0.005451188669951874
 3.8623E-02,0.007401908357082359
 3.8646E-02,0.009434650758673344
 3.8669E-02,0.011459989299715295
 3.8691E-02,0.013388770035032468
 3.8714E-02,0.015136415265950071
 3.8736E-02,0.016626830284296665
 3.8759E-02,0.017795606238935592
 3.8782E-02,0.018592446984584572
 3.8804E-02,0.018982944249798614
 3.8827E-02,0.018949874613764805
 3.8849E-02,0.018494079453298274
 3.8872E-02,0.01763480342292835
 3.8895E-02,0.016409242568959443
 3.8917E-02,0.014871085898218334
 3.8940E-02,0.013088021736028368
 3.8962E-02,0.011138423340718894
 3.8985E-02,0.009107592815117981
 3.9008E-02,0.007083942089570612
 3.9030E-02,0.00515533857502286
 3.9053E-02,0.0034056448003445218
 3.9075E-02,0.0019113639052845321
 3.9098E-02,0.0007383386759394408
 3.9121E-02,-6.138643598632102e-05
 3.9143E-02,-0.00045225217446284385
 3.9166E-02,-0.0004170587783770695
 3.9188E-02,4.224192862307079e-05
 3.9211E-02,0.0009048890646970553
 3.9234E-02,0.002132614056182601
 3.9256E-02,0.003671605158056642
 3.9279E-02,0.005454879437343891
 3.9301E-02,0.0074049603061105895
 3.9324E-02,0.009436912497521707
 3.9347E-02,0.011461830255964887
 3.9369E-02,0.013390770796694098
 3.9392E-02,0.015138931726516362
 3.9414E-02,0.016629705550992035
 3.9437E-02,0.01779821055752348
 3.9460E-02,0.01859402110872842
 3.9482E-02,0.018983033436780844
 3.9505E-02,0.018948585356436516
 3.9527E-02,0.018492002355575694
 3.9550E-02,0.017632653039647672
 3.9573E-02,0.016407439225426163
 3.9595E-02,0.014869537810617195
 3.9618E-02,0.013086238804788068
 3.9640E-02,0.011135886932483142
 3.9663E-02,0.009104147689165037
 3.9686E-02,0.007079964786175741
 3.9708E-02,0.005151576929498641
 3.9731E-02,0.003402827462008268
 3.9753E-02,0.0019098199842012239
 3.9776E-02,0.0007378593273172451
 3.9799E-02,-6.136389985070744e-05
 3.9821E-02,-0.000452256448393058
 3.9844E-02,-0.00041723591720985365
 3.9866E-02,4.2222042185656244e-05
 3.9889E-02,0.0009056152427650095
 3.9912E-02,0.002134542606879233
 3.9934E-02,0.003674739107310374
 3.9957E-02,0.005458717551961886
 3.9979E-02,0.0074087476589534415
 4.0002E-02,0.00944003818087438
 4.0025E-02,0.011464128338101004
 4.0047E-02,0.013392542412350335
 4.0070E-02,0.015140680081528957
 4.0092E-02,0.016631753263949854
 4.0115E-02,0.017800440139372643
 4.0138E-02,0.01859590098390214
 4.0160E-02,0.0189839133450305
 4.0183E-02,0.018948077653233118
 4.0205E-02,0.018490213329069055
 4.0228E-02,0.017630122519129904
 4.0251E-02,0.01640482794402877
 4.0273E-02,0.014867257184159212
 4.0296E-02,0.013084251079683222
 4.0318E-02,0.011133795565278846
 4.0341E-02,0.009101516655256811
 4.0364E-02,0.0070766641423531795
 4.0386E-02,0.005147937438998761
 4.0409E-02,0.0033995071169172983
 4.0431E-02,0.001907464280465529
 4.0454E-02,0.0007367639906189288
 4.0477E-02,-6.138215227863655e-05
 4.0499E-02,-0.00045170538430213693
 4.0522E-02,-0.0004166090542119142
 4.0544E-02,4.275665448251443e-05
 4.0567E-02,0.0009063064949814771
 4.0590E-02,0.002135873801864155
 4.0612E-02,0.0036770874951889167
 4.0635E-02,0.005462069270528794
 4.0657E-02,0.007412646130497416
 4.0680E-02,0.009443798871256412
 4.0703E-02,0.011467188201590452
 4.0725E-02,0.013394730191707418
 4.0748E-02,0.015142244182789519
 4.0770E-02,0.016633135041114643
 4.0793E-02,0.017801937890951545
 4.0816E-02,0.018597436201802955
 4.0838E-02,0.018985045348839415
 4.0861E-02,0.018948257174829022
 4.0883E-02,0.018489117016292914
 4.0906E-02,0.01762786080878091
 4.0929E-02,0.016401898244899234
 4.0951E-02,0.014864272475599035
 4.0974E-02,0.01308161218690164
 4.0996E-02,0.01113150814544229
 4.1019E-02,0.00909926205613202
 4.1042E-02,0.0070740748865143685
 4.1064E-02,0.005144901817953745
 4.1087E-02,0.003396310996194833
 4.1109E-02,0.0019046807131343584
 4.1132E-02,0.0007349580846977245
 4.1155E-02,-6.195185517441e-05
 4.1177E-02,-0.00045120680047998417
 4.1200E-02,-0.0004155069006657107
 4.1222E-02,4.3996873136033774e-05
 4.1245E-02,0.0009074963838290372
 4.1268E-02,0.002137190816693212
 4.1290E-02,0.00367892235801529
 4.1313E-02,0.0054647299887013116
 4.1335E-02,0.007416104956338171
 4.1358E-02,0.009447641073839866
 4.1381E-02,0.011470795927640092
 4.1403E-02,0.013397589251549628
 4.1426E-02,0.015144186397565929
 4.1448E-02,0.016634369918462046
 4.1471E-02,0.01780285864472948
 4.1494E-02,0.018598324612915777
 4.1516E-02,0.018985861201074136
 4.1539E-02,0.018948643600185333
 4.1561E-02,0.01848861764451081
 4.1584E-02,0.01762621275802657
 4.1607E-02,0.01639921846380354
 4.1629E-02,0.014861021900170688
 4.1652E-02,0.013078360141970584
 4.1674E-02,0.011128642303537488
 4.1697E-02,0.009096821144279158
 4.1720E-02,0.0070718033905843025
 4.1742E-02,0.005142487510314809
 4.1765E-02,0.0033936534151784315
 4.1787E-02,0.0019020211276569179
 4.1810E-02,0.0007327888688087648
 4.1833E-02,-6.314316359562163e-05
 4.1855E-02,-0.0004512014462640413
 4.1878E-02,-0.00041446545157160285
 4.1900E-02,4.5643341051968456e-05
 4.1923E-02,0.0009093051315016306
 4.1946E-02,0.0021389556599865443
 4.1968E-02,0.0036807591516311708
 4.1991E-02,0.005466949610441266
 4.2013E-02,0.007418956250927478
 4.2036E-02,0.009451086426817827
 4.2059E-02,0.01147446111269037
 4.2081E-02,0.013400920584747806
 4.2104E-02,0.015146719783131765
 4.2126E-02,0.01663594770722115
 4.2149E-02,0.017803663486706714
 4.2172E-02,0.018598713408100258
 4.2194E-02,0.018986105712528557
 4.2217E-02,0.018948740715415194
 4.2239E-02,0.018488287187865743
 4.2262E-02,0.01762508292586779
 4.2285E-02,0.016397082042361174
 4.2307E-02,0.01485800292517324
 4.2330E-02,0.013074886906510772
 4.2352E-02,0.01112524287830653
 4.2375E-02,0.009093866788730203
 4.2398E-02,0.00706935594058518
 4.2420E-02,0.005140340839327152
 4.2443E-02,0.0033915381788900997
 4.2465E-02,0.0018998414844638713
 4.2488E-02,0.0007307415873991782
 4.2511E-02,-6.464240592047622e-05
 4.2533E-02,-0.0004517395561754603
 4.2556E-02,-0.00041386477691697504
 4.2578E-02,4.722368379735635e-05
 4.2601E-02,0.0009114606361213854
 4.2624E-02,0.0021412629269897425
 4.2646E-02,0.0036829976401325237
 4.2669E-02,0.0054691834512266705
 4.2691E-02,0.007421428973263407
 4.2714E-02,0.00945399788185806
 4.2737E-02,0.011477768534435717
 4.2759E-02,0.013404289972326445
 4.2782E-02,0.015149659927825236
 4.2804E-02,0.016638045815725783
 4.2827E-02,0.017804778801630387
 4.2850E-02,0.01859901192578976
 4.2872E-02,0.01898591791638041
 4.2895E-02,0.01894833344217811
 4.2917E-02,0.018487692572532913
 4.2940E-02,0.017624090159889545
 4.2963E-02,0.016395395245292873
 4.2985E-02,0.014855464848740738
 4.3008E-02,0.01307162769055903
 4.3030E-02,0.011121660194308599
 4.3053E-02,0.009090448449487741
 4.3076E-02,0.00706645305011383
 4.3098E-02,0.005138028899456337
 4.3121E-02,0.0033896478210067886
 4.3143E-02,0.0018981349844745025
 4.3166E-02,0.0007291217229583938
 4.3189E-02,-6.60231447972842e-05
 4.3211E-02,-0.0004525381714082952
 4.3234E-02,-0.00041373898238788206
 4.3256E-02,4.841045111247266e-05
 4.3279E-02,0.0009135468388234676
 4.3302E-02,0.0021438657343678005
 4.3324E-02,0.0036857112411195713
 4.3347E-02,0.005471777165726114
 4.3369E-02,0.007423925068332286
 4.3392E-02,0.009456584693969927
 4.3415E-02,0.011480606976456482
 4.3437E-02,0.01340733721807302
 4.3460E-02,0.015152622599758468
 4.3482E-02,0.016640493944263233
 4.3505E-02,0.017806351823368906
 4.3528E-02,0.018599591128003308
 4.3550E-02,0.018985660979698355
 4.3573E-02,0.01894755238808364
 4.3595E-02,0.01848665293732161
 4.3618E-02,0.01762285669590987
 4.3641E-02,0.01639381888055535
 4.3663E-02,0.01485331665490561
 4.3686E-02,0.013068793905348808
 4.3708E-02,0.01111827477788463
 4.3731E-02,0.00908687899320745
 4.3754E-02,0.007063147015958081
 4.3776E-02,0.005135313252409044
 4.3799E-02,0.0033876029665453403
 4.3821E-02,0.0018966169352339114
 4.3844E-02,0.0007279143809295265
 4.3867E-02,-6.70235242979778e-05
 4.3889E-02,-0.00045322275222031054
 4.3912E-02,-0.0004138331412209309
 4.3934E-02,4.918248693603581e-05
 4.3957E-02,0.0009152818815487098
 4.3980E-02,0.0021463978395346397
 4.4002E-02,0.003688676331476165
 4.4025E-02,0.005474786748750952
 4.4047E-02,0.007426743184216184
 4.4070E-02,0.0094592014790501
 4.4093E-02,0.011483167254694327
 4.4115E-02,0.01340997268831041
 4.4138E-02,0.015155295531685119
 4.4160E-02,0.016642952298881047
 4.4183E-02,0.017808225765375805
 4.4206E-02,0.01860057274777149
 4.4228E-02,0.018985657458053373
 4.4251E-02,0.018946719559918484
 4.4273E-02,0.01848529039789357
 4.4296E-02,0.017621230835775062
 4.4319E-02,0.016392023623452257
 4.4341E-02,0.014851256694872406
 4.4364E-02,0.013066298006692685
 4.4386E-02,0.011115265568361841
 4.4409E-02,0.009083490946558937
 4.4432E-02,0.007059717045062534
 4.4454E-02,0.00513224761146548
 4.4477E-02,0.0033852005106253403
 4.4499E-02,0.0018949550661758333
 4.4522E-02,0.000726864502402443
 4.4545E-02,-6.76644621665413e-05
 4.4567E-02,-0.0004535691071737545
 4.4590E-02,-0.00041381848442027715
 4.4612E-02,4.9769180348237555e-05
 4.4635E-02,0.0009166549034085331
 4.4658E-02,0.0021486168564355396
 4.4680E-02,0.0036915707109692634
 4.4703E-02,0.005478009974887259
 4.4725E-02,0.007429925060768382
 4.4748E-02,0.009462106082304175
 4.4771E-02,0.011485762047292245
 4.4793E-02,0.013412370026149435
 4.4816E-02,0.015157607072583458
 4.4838E-02,0.016645150337771378
 4.4861E-02,0.017810100310411945
 4.4884E-02,0.018601812838209494
 4.4906E-02,0.018986007573095293
 4.4929E-02,0.01894611525528731
 4.4951E-02,0.01848389029326031
 4.4974E-02,0.017619326278877277
 4.4997E-02,0.01638988258838609
 4.5019E-02,0.01484899803436405
 4.5042E-02,0.013063871898190632
 4.5064E-02,0.011112549012964316
 4.5087E-02,0.009080435444802238
 4.5110E-02,0.007056453548861944
 4.5132E-02,0.005129080961293085
 4.5155E-02,0.0033824944569933128
 4.5177E-02,0.001892976649453108
 4.5200E-02,0.00072568124006292
 4.5223E-02,-6.817425809403123e-05
 4.5245E-02,-0.0004536024821438229
 4.5268E-02,-0.0004135033060161194
 4.5290E-02,5.0458956329851e-05
 4.5313E-02,0.0009178720670676178
 4.5336E-02,0.0021505200081554034
 4.5358E-02,0.0036941861333837497
 4.5381E-02,0.005481163550836026
 4.5403E-02,0.007433288098565122
 4.5426E-02,0.009465328644039313
 4.5449E-02,0.011488613803101646
 4.5471E-02,0.01341480477318292
 4.5494E-02,0.015159714935299166
 4.5516E-02,0.016647031341585933
 4.5539E-02,0.017811741213807762
 4.5562E-02,0.01860304611678226
 4.5584E-02,0.01898657948804809
 4.5607E-02,0.018945821581304326
 4.5629E-02,0.018482696051698826
 4.5652E-02,0.01761739573157753
 4.5675E-02,0.0163875012598931
 4.5697E-02,0.014846434879364991
 4.5720E-02,0.01306126573220388
 4.5742E-02,0.011109886982176756
 4.5765E-02,0.009077633269167346
 4.5788E-02,0.00705348388533758
 4.5810E-02,0.005126066780627872
 4.5833E-02,0.003379706679784749
 4.5855E-02,0.0018907351039292744
 4.5878E-02,0.000724217954461792
 4.5901E-02,-6.880734978569091e-05
 4.5923E-02,-0.00045352703909994974
 4.5946E-02,-0.00041291580061493283
 4.5968E-02,5.141553151651805e-05
 4.5991E-02,0.0009191862586973645
 4.6014E-02,0.0021522923694863314
 4.6036E-02,0.00369652607631099
 4.6059E-02,0.005484068734457321
 4.6081E-02,0.007436583353503631
 4.6104E-02,0.009468704521951801
 4.6127E-02,0.011491743287893498
 4.6149E-02,0.013417468697781789
 4.6172E-02,0.01516186180752396
 4.6194E-02,0.016648738312408852
 4.6217E-02,0.017813104125266863
 4.6240E-02,0.018604069908651467
 4.6262E-02,0.0189871389998412
 4.6285E-02,0.018945718062461984
 4.6307E-02,0.018481774557764057
 4.6330E-02,0.017615650468095517
 4.6353E-02,0.016385103321088886
 4.6375E-02,0.014843664781779077
 4.6398E-02,0.01305839161715619
 4.6420E-02,0.01110706206149509
 4.6443E-02,0.00907487303788011
 4.6466E-02,0.0070507333711480455
 4.6488E-02,0.005123312120208811
 4.6511E-02,0.003377058283498089
 4.6533E-02,0.0018884280003976994
 4.6556E-02,0.0007225268046736088
 4.6579E-02,-6.968800138478805e-05
 4.6601E-02,-0.000453565231521143
 4.6624E-02,-0.0004122383805545572
 4.6646E-02,5.2608876573574464e-05
 4.6669E-02,0.0009207371053688595
 4.6692E-02,0.002154155538904241
 4.6714E-02,0.0036987564979251452
 4.6737E-02,0.0054867337491474565
 4.6759E-02,0.007439657557411081
 4.6782E-02,0.009472015074707263
 4.6805E-02,0.011495002245766061
 4.6827E-02,0.013420375039393279
 4.6850E-02,0.015164212872476258
 4.6872E-02,0.016650484881067497
 4.6895E-02,0.017814318496216643
 4.6918E-02,0.01860485006279113
 4.6940E-02,0.01898751086913229
 4.6963E-02,0.018945598040754234
 4.6985E-02,0.018481015934731743
 4.7008E-02,0.01761414460173295
 4.7031E-02,0.016382872009511544
 4.7053E-02,0.014840885619695382
 4.7076E-02,0.01305533950366682
 4.7098E-02,0.011104001522963935
 4.7121E-02,0.009071965682333738
 4.7144E-02,0.007048014482069223
 4.7166E-02,0.00512074692281048
 4.7189E-02,0.00337463900360057
 4.7211E-02,0.0018862480825774255
 4.7234E-02,0.0007207835936089038
 4.7257E-02,-7.076581887212438e-05
 4.7279E-02,-0.00045382215787803193
 4.7302E-02,-0.000411665418031258
 4.7324E-02,5.387615724742901e-05
 4.7347E-02,0.000922493635528109
 4.7370E-02,0.0021562284358086926
 4.7392E-02,0.0037010714712218066
 4.7415E-02,0.005489307253460988
 4.7437E-02,0.007442522447344507
 4.7460E-02,0.009475129014056463
 4.7483E-02,0.01149819875706294
 4.7505E-02,0.013423390469302082
 4.7528E-02,0.015166775387510411
 4.7550E-02,0.016652413216773278
 4.7573E-02,0.017815572282558024
 4.7596E-02,0.018605503593123348
 4.7618E-02,0.018987669325869375
 4.7641E-02,0.018945310113550273
 4.7663E-02,0.018480237930175045
 4.7686E-02,0.017612778111716618
 4.7709E-02,0.016380850761443
 4.7731E-02,0.01483825620760069
 4.7754E-02,0.013052284350209326
 4.7776E-02,0.011100788093986961
 4.7799E-02,0.009068851297376378
 4.7822E-02,0.007045162911614326
 4.7844E-02,0.005118204930404285
 4.7867E-02,0.003372383412040886
 4.7889E-02,0.0018842703469096795
 4.7912E-02,0.0007191562348504324
 4.7935E-02,-7.188448097135273e-05
 4.7957E-02,-0.0004542495569747081
 4.7980E-02,-0.00041128562016247514
 4.8002E-02,5.504763894592624e-05
 4.8025E-02,0.0009243106174447135
 4.8048E-02,0.0021584798498663193
 4.8070E-02,0.00370357213418412
 4.8093E-02,0.005491959118155485
 4.8115E-02,0.007445311047382541
 4.8138E-02,0.009478060583756645
 4.8161E-02,0.011501220476947448
 4.8183E-02,0.013426346610756774
 4.8206E-02,0.015169429587745017
 4.8228E-02,0.016654525868618264
 4.8251E-02,0.017816987740369692
 4.8274E-02,0.018606195780030924
 4.8296E-02,0.018987719995493473
 4.8319E-02,0.01894483535993008
 4.8341E-02,0.018479309832386298
 4.8364E-02,0.017611390346349304
 4.8387E-02,0.016378948675827426
 4.8409E-02,0.014835811071397502
 4.8432E-02,0.013049363699694299
 4.8454E-02,0.011097576383224176
 4.8477E-02,0.009065605785202399
 4.8500E-02,0.007042129573134201
 4.8522E-02,0.0051155434541788
 4.8545E-02,0.0033701441927331917
 4.8567E-02,0.0018824339266691305
 4.8590E-02,0.0007177071988248272
 4.8613E-02,-7.289780196675629e-05
 4.8635E-02,-0.00045470853016964247
 4.8658E-02,-0.0004110531128573871
 4.8680E-02,5.604861248951831e-05
 4.8703E-02,0.0009260399193258984
 4.8726E-02,0.0021607803581199345
 4.8748E-02,0.0037062275841024646
 4.8771E-02,0.005494775230125681
 4.8793E-02,0.007448171962552691
 4.8816E-02,0.009480928701939537
 4.8839E-02,0.011504083346730443
 4.8861E-02,0.013429147434932145
 4.8884E-02,0.015172027828664177
 4.8906E-02,0.01665671537464687
 4.8929E-02,0.017818563762418225
 4.8952E-02,0.018607031663200223
 4.8974E-02,0.018987808149104436
 4.8997E-02,0.018944269011453106
 4.9019E-02,0.018478218297519985
 4.9042E-02,0.017609868555737304
 4.9065E-02,0.016377024218590726
 4.9087E-02,0.014833467729399506
 4.9110E-02,0.013046604670564194
 4.9132E-02,0.011094485420225304
 4.9155E-02,0.009062365699229972
 4.9178E-02,0.00703898395617965
 4.9200E-02,0.005112722516764682
 4.9223E-02,0.003367797522589454
 4.9245E-02,0.0018806083712161758
 4.9268E-02,0.0007163800646009591
 4.9291E-02,-7.375393379826037e-05
 4.9313E-02,-0.00045507189213096934
 4.9336E-02,-0.00041084456601174696
 4.9358E-02,5.6922403095976785e-05
 4.9381E-02,0.0009276187678672695
 4.9404E-02,0.002163000759754838
 4.9426E-02,0.00370892258188374
 4.9449E-02,0.005497725411940433
 4.9471E-02,0.00745117801469625
 4.9494E-02,0.009483863299612514
 4.9517E-02,0.011506893575557594
 4.9539E-02,0.013431809933196709
 4.9562E-02,0.015174488122682597
 4.9584E-02,0.01665885233599548
 4.9607E-02,0.01782020402391464
 4.9630E-02,0.01860800733843245
 4.9652E-02,0.01898802394395071
 4.9675E-02,0.018943738683192813
 4.9697E-02,0.018477049080650766
 4.9720E-02,0.017608203898290504
 4.9743E-02,0.016374980214041667
 4.9765E-02,0.014831101550368212
 4.9788E-02,0.013043932525389223
 4.9810E-02,0.011091536183260864
 4.9833E-02,0.009059233961082663
 4.9856E-02,0.007035846598869097
 4.9878E-02,0.005109805604602513
 4.9901E-02,0.0033653110696580174
 4.9923E-02,0.0018786863081482377
 4.9946E-02,0.0007150593868709945
 4.9969E-02,-7.450500646871748e-05
 4.9991E-02,-0.0004552967834353205
 5.0014E-02,-0.00041054939873006987
 5.0036E-02,5.777844007028227e-05
 5.0059E-02,0.0009290878515595203
 5.0082E-02,0.002165088441603391
 5.0104E-02,0.0037115445050072632
 5.0127E-02,0.005500707136236302
 5.0149E-02,0.0074543000610508585
 5.0172E-02,0.009486926018404753
 5.0195E-02,0.011509764704953785
 5.0217E-02,0.01343442887849213
 5.0240E-02,0.015176827997194449
 5.0262E-02,0.016660866838114508
 5.0285E-02,0.01782179517462168
 5.0308E-02,0.01860903654797404
 5.0330E-02,0.018988361385140384
 5.0353E-02,0.018943321681274276
 5.0375E-02,0.018475914232709237
 5.0398E-02,0.017606473514342257
 5.0421E-02,0.016372811434660878
 5.0443E-02,0.01482862886150365
 5.0466E-02,0.013041237575983754
 5.0488E-02,0.011088661045873555
 5.0511E-02,0.009056226485191093
 5.0534E-02,0.0070328064206321116
 5.0556E-02,0.005106899061506842
 5.0579E-02,0.00336274272597369
 5.0601E-02,0.0018766418050635404
 5.0624E-02,0.000713652129943383
 5.0647E-02,-7.525312291332758e-05
 5.0669E-02,-0.00045543122611943075
 5.0692E-02,-0.00041013234042067685
 5.0714E-02,5.871280320546735e-05
 5.0737E-02,0.0009305441980612291
 5.0760E-02,0.002167081427623641
 5.0782E-02,0.003714049374852417
 5.0805E-02,0.005503622289970528
 5.0827E-02,0.007457446955646077
 5.0850E-02,0.00949008897298763
 5.0873E-02,0.011512748822117592
 5.0895E-02,0.013437103438559802
 5.0918E-02,0.0151791319504368
 5.0940E-02,0.016662776545085238
 5.0963E-02,0.01782327767417887
 5.0986E-02,0.01861002005129438
 5.1008E-02,0.018988743300661942
 5.1031E-02,0.018943010493133784
 5.1053E-02,0.018474879968416173
 5.1076E-02,0.017604775739652658
 5.1099E-02,0.0163705872007931
 5.1121E-02,0.014826047307701162
 5.1144E-02,0.013038447846679665
 5.1166E-02,0.011085763520673057
 5.1189E-02,0.009053282156753616
 5.1212E-02,0.007029875177610868
 5.1234E-02,0.005104079640472842
 5.1257E-02,0.0033601862593478815
 5.1279E-02,0.00187452755635809
 5.1302E-02,0.0007121376983326301
 5.1325E-02,-7.607883420344616e-05
 5.1347E-02,-0.0004555654677933132
 5.1370E-02,-0.00040963750809147874
 5.1392E-02,5.9754371222016584e-05
 5.1415E-02,0.0009320712305456967
 5.1438E-02,0.0021690656888749263
 5.1460E-02,0.0037164725681553736
 5.1483E-02,0.005506434217780095
 5.1505E-02,0.007460533274298183
 5.1528E-02,0.009493271195085078
 5.1551E-02,0.011515819448037628
 5.1573E-02,0.013439877542982768
 5.1596E-02,0.015181486548696782
 5.1618E-02,0.01666465673259033
 5.1641E-02,0.01782466901312592
 5.1664E-02,0.01861090721250685
 5.1686E-02,0.018989082846178097
 5.1709E-02,0.0189427361331058
 5.1731E-02,0.018473937718685145
 5.1754E-02,0.017603167221052148
 5.1777E-02,0.01636839376689996
 5.1799E-02,0.014823419121215145
 5.1822E-02,0.013035563238996954
 5.1844E-02,0.011082781758483028
 5.1867E-02,0.009050316145362853
 5.1890E-02,0.007026997707363165
 5.1912E-02,0.005101355704210459
 5.1935E-02,0.003357707860521506
 5.1957E-02,0.0018724261953564677
 5.1980E-02,0.0007105639743703606
 5.2003E-02,-7.699830025280309e-05
 5.2025E-02,-0.0004557691935772281
 5.2048E-02,-0.00040914462006301516
 5.2070E-02,6.086271912736515e-05
 5.2093E-02,0.0009336924602760634
 5.2116E-02,0.002171113611266712
 5.2138E-02,0.003718890208651883
 5.2161E-02,0.005509175705492423
 5.2183E-02,0.007463528563780058
 5.2206E-02,0.00949639835291683
 5.2229E-02,0.011518904709250209
 5.2251E-02,0.013442726213307115
 5.2274E-02,0.015183928767614973
 5.2296E-02,0.01666658292821135
 5.2319E-02,0.01782603620172748
 5.2342E-02,0.018611715117197877
 5.2364E-02,0.018989337025073882
 5.2387E-02,0.018942422644788945
 5.2409E-02,0.018473025866643716
 5.2432E-02,0.017601638705393094
 5.2455E-02,0.01636627953413131
 5.2477E-02,0.014820819921406004
 5.2500E-02,0.013032639571361812
 5.2522E-02,0.011079717408923858
 5.2545E-02,0.009047275362381493
 5.2568E-02,0.00702409946756404
 5.2590E-02,0.005098677520328213
 5.2613E-02,0.003355313140543431
 5.2635E-02,0.001870394748643306
 5.2658E-02,0.000709003737020112
 5.2681E-02,-7.796808289606944e-05
 5.2703E-02,-0.00045605489421847147
 5.2726E-02,-0.0004087139129519237
 5.2748E-02,6.19674725390648e-05
 5.2771E-02,0.0009353709331496151
 5.2794E-02,0.0021732442109816483
 5.2816E-02,0.0037213650629148434
 5.2839E-02,0.005511914112593931
 5.2861E-02,0.007466463101094374
 5.2884E-02,0.009499445233717204
 5.2907E-02,0.011521939961892607
 5.2929E-02,0.013445585691742111
 5.2952E-02,0.015186435173650535
 5.2974E-02,0.016668586183628625
 5.2997E-02,0.017827445099728945
 5.3020E-02,0.018612503373049302
 5.3042E-02,0.018989522344425348
 5.3065E-02,0.01894203357614686
 5.3087E-02,0.018472078010626013
 5.3110E-02,0.017600135196955878
 5.3133E-02,0.01636423485859446
 5.3155E-02,0.01481829100616285
 5.3178E-02,0.013029743103995997
 5.3200E-02,0.011076620493769031
 5.3223E-02,0.009044162786434868
 5.3246E-02,0.0070211349431329746
 5.3268E-02,0.005095979622693971
 5.3291E-02,0.0033529573130782245
 5.3313E-02,0.0018684366146211624
 5.3336E-02,0.0007075060684137884
 5.3359E-02,-7.892411945084566e-05
 5.3381E-02,-0.0004563832250683585
 5.3404E-02,-0.0004083548569782524
 5.3426E-02,6.30166045189245e-05
 5.3449E-02,0.0009370445610538437
 5.3472E-02,0.0021754237811821573
 5.3494E-02,0.003723912394080764
 5.3517E-02,0.005514703827972349
 5.3539E-02,0.0074693964526030485
 5.3562E-02,0.009502439710040783
 5.3585E-02,0.011524904415056962
 5.3607E-02,0.013448399793993612
 5.3630E-02,0.015188949247679212
 5.3652E-02,0.01667064462250176
 5.3675E-02,0.017828921722032192
 5.3698E-02,0.018613329380982802
 5.3720E-02,0.018989691794015894
 5.3743E-02,0.01894158473845951
 5.3765E-02,0.01847106330696967
 5.3788E-02,0.017598598681618303
 5.3811E-02,0.016362210693143083
 5.3833E-02,0.01481582257632455
 5.3856E-02,0.01302690902273081
 5.3878E-02,0.011073549041438528
 5.3901E-02,0.009041023206683329
 5.3924E-02,0.0070181080975402045
 5.3946E-02,0.005093223038581274
 5.3969E-02,0.003350582915820649
 5.3991E-02,0.0018665115059829083
 5.4014E-02,0.0007060726058209356
 5.4037E-02,-7.982420886151428e-05
 5.4059E-02,-0.0004566978286245063
 5.4082E-02,-0.00040803186874473587
 5.4104E-02,6.400311799822868e-05
 5.4127E-02,0.0009386684453522232
 5.4150E-02,0.002177597577793274
 5.4172E-02,0.003726501520813356
 5.4195E-02,0.005517556991484287
 5.4217E-02,0.007472375714882405
 5.4240E-02,0.009505434422603636
 5.4263E-02,0.011527823653244744
 5.4285E-02,0.013451151450696834
 5.4308E-02,0.015191422186008212
 5.4330E-02,0.016672708173831423
 5.4353E-02,0.017830445730419735
 5.4376E-02,0.018614214874692087
 5.4398E-02,0.018989895371590383
 5.4421E-02,0.018941123203570647
 5.4443E-02,0.018469996784654604
 5.4466E-02,0.017597003109593626
 5.4489E-02,0.016360156376632906
 5.4511E-02,0.014813370918756057
 5.4534E-02,0.013024127553819126
 5.4556E-02,0.011070532981653109
 5.4579E-02,0.009037907413596726
 5.4602E-02,0.007015059000504352
 5.4624E-02,0.00509041243338675
 5.4647E-02,0.003348156620653352
 5.4669E-02,0.001864569013385747
 5.4692E-02,0.0007046671474908368
 5.4715E-02,-8.066809858964686e-05
 5.4737E-02,-0.0004569624581492729
 5.4760E-02,-0.0004076953976877078
 5.4782E-02,6.49591484481429e-05
 5.4805E-02,0.0009402376010053822
 5.4828E-02,0.002179726886337336
 5.4850E-02,0.0037290842036259023
 5.4873E-02,0.005520445730523508
 5.4895E-02,0.007475410439446301
 5.4918E-02,0.009508470126426676
 5.4941E-02,0.011530744168778468
 5.4963E-02,0.013453864085077873
 5.4986E-02,0.015193840045216421
 5.5008E-02,0.016674734470341693
 5.5031E-02,0.017831972794562542
 5.5054E-02,0.018615141017712254
 5.5076E-02,0.018990151181433046
 5.5099E-02,0.018940692498843437
 5.5121E-02,0.018468920234497043
 5.5144E-02,0.01759536267936577
 5.5167E-02,0.01635804995711827
 5.5189E-02,0.014810891818863265
 5.5212E-02,0.013021359765376632
 5.5234E-02,0.01106756270736698
 5.5257E-02,0.00903484082349151
 5.5280E-02,0.0070120320837884845
 5.5302E-02,0.005087583627122031
 5.5325E-02,0.0033456835673692504
 5.5347E-02,0.0018625806757807677
 5.5370E-02,0.0007032454969194675
 5.5393E-02,-8.148828514883586e-05
 5.5415E-02,-0.0004571779334914046
 5.5438E-02,-0.0004073143450726046
 5.5460E-02,6.59282363478511e-05
 5.5483E-02,0.0009417810094478824
 5.5506E-02,0.0021818083466597646
 5.5528E-02,0.0037316270885638676
 5.5551E-02,0.00552332756217003
 5.5573E-02,0.00747847535101771
 5.5596E-02,0.009511554235732767
 5.5619E-02,0.011533701205002212
 5.5641E-02,0.013456578735300406
 5.5664E-02,0.015196224219501793
 5.5686E-02,0.01667671218838851
 5.5709E-02,0.017833466156354404
 5.5732E-02,0.01861606858417007
 5.5754E-02,0.018990441833365235
 5.5777E-02,0.01894030765260994
 5.5799E-02,0.01846787152811465
 5.5822E-02,0.017593714470463945
 5.5845E-02,0.016355904776977313
 5.5867E-02,0.014808366822286246
 5.5890E-02,0.013018567090561615
 5.5912E-02,0.01106460356655532
 5.5935E-02,0.009031814099772807
 5.5958E-02,0.007009048889139656
 5.5980E-02,0.005084775465084321
 5.6003E-02,0.0033431957505426187
 5.6025E-02,0.0018605519220563098
 5.6048E-02,0.0007017833842225202
 5.6071E-02,-8.23234959610084e-05
 5.6093E-02,-0.0004573733958695649
 5.6116E-02,-0.0004068903453934786
 5.6138E-02,6.69370333763126e-05
 5.6161E-02,0.0009433369076206487
 5.6184E-02,0.0021838680607619313
 5.6206E-02,0.0037341281162528387
 5.6229E-02,0.005526173774812968
 5.6251E-02,0.007481533057021616
 5.6274E-02,0.009514663868317617
 5.6297E-02,0.011536700418185936
 5.6319E-02,0.013459325856827109
 5.6342E-02,0.015198610912141156
 5.6364E-02,0.016678660827606235
 5.6387E-02,0.017834916683501113
 5.6410E-02,0.01861696570328161
 5.6432E-02,0.018990732638688376
 5.6455E-02,0.018939952656942503
 5.6477E-02,0.018466863092208383
 5.6500E-02,0.017592091413932663
 5.6523E-02,0.016353753716736308
 5.6545E-02,0.014805808410056388
 5.6568E-02,0.0130157340581654
 5.6590E-02,0.011061621940392712
 5.6613E-02,0.00902879642149736
 5.6636E-02,0.007006100429756875
 5.6658E-02,0.0050820061692828785
 5.6681E-02,0.0033407271118552472
 5.6703E-02,0.001858511307768892
 5.6726E-02,0.000700286380146299
 5.6749E-02,-8.319439491255272e-05
 5.6771E-02,-0.000457582760011982
 5.6794E-02,-0.0004064495042420218
 5.6816E-02,6.7983303387399e-05
 5.6839E-02,0.0009449281102366124
 5.6862E-02,0.002185939589083644
 5.6884E-02,0.0037366107659167138
 5.6907E-02,0.005528983340992276
 5.6929E-02,0.007484558864493739
 5.6952E-02,0.009517766131572052
 5.6975E-02,0.011539721126051165
 5.6997E-02,0.013462109667849515
 5.7020E-02,0.015201026422293073
 5.7042E-02,0.016680612308054392
 5.7065E-02,0.017836342113938784
 5.7088E-02,0.018617825070379117
 5.7110E-02,0.01899099598248213
 5.7133E-02,0.01893959685303951
 5.7155E-02,0.018465880229856884
 5.7178E-02,0.017590503739413562
 5.7201E-02,0.0163516253925111
 5.7223E-02,0.014803245720936775
 5.7246E-02,0.013012872294500906
 5.7268E-02,0.01105860489583169
 5.7291E-02,0.00902575850014415
 5.7314E-02,0.007003159309314021
 5.7336E-02,0.005079267157516349
 5.7359E-02,0.003338293031544613
 5.7381E-02,0.0018564884717284878
 5.7404E-02,0.0006987799505202524
 5.7427E-02,-8.409538675959794e-05
 5.7449E-02,-0.0004578235917489313
 5.7472E-02,-0.00040602150444860356
 5.7494E-02,6.904368318014263e-05
 5.7517E-02,0.0009465519531184516
 5.7540E-02,0.002188042438738827
 5.7562E-02,0.0037391044764365482
 5.7585E-02,0.005531777354516312
 5.7607E-02,0.0074875525535807435
 5.7630E-02,0.009520839807100426
 5.7653E-02,0.01154273440986845
 5.7675E-02,0.013464911501558801
 5.7698E-02,0.015203473797335866
 5.7720E-02,0.016682589322364737
 5.7743E-02,0.017837770575056592
 5.7766E-02,0.018618662790735725
 5.7788E-02,0.01899122607839879
 5.7811E-02,0.018939216328324567
 5.7833E-02,0.018464895857617614
 5.7856E-02,0.01758893798486704
 5.7879E-02,0.016349528182622114
 5.7901E-02,0.01480070360611747
 5.7924E-02,0.01301000760876363
 5.7946E-02,0.011055563224979041
 5.7969E-02,0.009022689560597418
 5.7992E-02,0.007000200028134935
 5.8014E-02,0.005076534093035642
 5.8037E-02,0.003335885368900775
 5.8059E-02,0.0018544963654124735
 5.8082E-02,0.000697289961175489
 5.8105E-02,-8.500377839081952e-05
 5.8127E-02,-0.000458090362328642
 5.8150E-02,-0.0004056212532987704
 5.8172E-02,7.009220876692503e-05
 5.8195E-02,0.0009481875471944626
 5.8218E-02,0.0021901736582505306
 5.8240E-02,0.00374162590691674
 5.8263E-02,0.005534581624846457
 5.8285E-02,0.007490533053501361
 5.8308E-02,0.009523885298462667
 5.8331E-02,0.011545722053958313
 5.8353E-02,0.013467705947200986
 5.8376E-02,0.015205936213403793
 5.8398E-02,0.016684593972231397
 5.8421E-02,0.017839221634333362
 5.8444E-02,0.018619503638779608
 5.8466E-02,0.018991437527618775
 5.8489E-02,0.018938806556994994
 5.8511E-02,0.018463889284888704
 5.8534E-02,0.017587370238751513
 5.8557E-02,0.016347449782673457
 5.8579E-02,0.014798188886947687
 5.8602E-02,0.013007161567943196
 5.8624E-02,0.011052519775260713
 5.8647E-02,0.009019599588583595
 5.8670E-02,0.006997213642464802
 5.8692E-02,0.005073784789626153
 5.8715E-02,0.003333482518855466
 5.8737E-02,0.0018525273116059549
 5.8760E-02,0.0006958272903831793
 5.8783E-02,-8.589701119461005e-05
 5.8805E-02,-0.00045836286545246677
 5.8828E-02,-0.00040524335867058836
 5.8850E-02,7.11162511893499e-05
 5.8873E-02,0.0009498121946514233
 5.8896E-02,0.002192314587999611
 5.8918E-02,0.003744171931400762
 5.8941E-02,0.0055374103606707255
 5.8963E-02,0.007493522978731123
 5.8986E-02,0.009526919573118743
 5.9009E-02,0.011548684933134086
 5.9031E-02,0.013470477381025678
 5.9054E-02,0.015208391353004112
 5.9076E-02,0.01668661111273705
 5.9099E-02,0.017840696632220404
 5.9122E-02,0.018620364471845723
 5.9144E-02,0.01899165213830056
 5.9167E-02,0.018938380755319964
 5.9189E-02,0.01846285702600844
 5.9212E-02,0.017585782610854
 5.9235E-02,0.01634536909192008
 5.9257E-02,0.014795690338176709
 5.9280E-02,0.013004339686102545
 5.9302E-02,0.011049493249379039
 5.9325E-02,0.009016508797741312
 5.9348E-02,0.0069942093647022315
 5.9370E-02,0.005071011854587812
 5.9393E-02,0.0033310651913516717
 5.9415E-02,0.0018505621428555512
 5.9438E-02,0.0006943847353544283
 5.9461E-02,-8.676597312090486e-05
 5.9483E-02,-0.0004586214391187775
 5.9506E-02,-0.0004048698420872053
 5.9528E-02,7.212101402876732e-05
 5.9551E-02,0.0009514152166632415
 5.9574E-02,0.0021944453972506735
 5.9596E-02,0.003746725897184489
 5.9619E-02,0.005540260351866003
 5.9641E-02,0.0074965344327762706
 5.9664E-02,0.009529962436000789
 5.9687E-02,0.011551638241288428
 5.9709E-02,0.013473227026431459
 5.9732E-02,0.015210825829732667
 5.9754E-02,0.016688621154304396
 5.9777E-02,0.01784218195248729
 5.9800E-02,0.018621246025313433
 5.9822E-02,0.01899188442182726
 5.9845E-02,0.01893795811157869
 5.9867E-02,0.018461811028083166
 5.9890E-02,0.01758417247205451
 5.9913E-02,0.01634327065433298
 5.9935E-02,0.014793189349792246
 5.9958E-02,0.013001531741471714
 5.9980E-02,0.011046488068080814
 6.0003E-02,0.009013433395402379
 6.0026E-02,0.0069912050686688305
 6.0048E-02,0.005068223764388577
 6.0071E-02,0.003328627304594361
 6.0093E-02,0.001848584098898955
 6.0116E-02,0.000692945302212058
 6.0139E-02,-8.761739093080488e-05
 6.0161E-02,-0.00045885847320189133
 6.0184E-02,-0.00040448357700088465
 6.0206E-02,7.312248148363308e-05
 6.0229E-02,0.0009530015905572689
 6.0252E-02,0.002196557073727234
 6.0274E-02,0.0037492704883429805
 6.0297E-02,0.005543116749755693
 6.0319E-02,0.007499564191629179
 6.0342E-02,0.00953302418301073
 6.0365E-02,0.011554599313055669
 6.0387E-02,0.013475968474887396
 6.0410E-02,0.015213241114298942
 6.0432E-02,0.016690612638552645
 6.0455E-02,0.017843660407964847
 6.0478E-02,0.018622136069980873
 6.0500E-02,0.018992134635657642
 6.0523E-02,0.018937551105645663
 6.0545E-02,0.01846076816487762
 6.0568E-02,0.017582550607499324
 6.0591E-02,0.016341152541398073
 6.0613E-02,0.014790672579166737
 6.0636E-02,0.012998721328686484
 6.0658E-02,0.011043494938149902
 6.0681E-02,0.009010376889445532
 6.0704E-02,0.006988214787694417
 6.0726E-02,0.005065436314373561
 6.0749E-02,0.003326176638209486
 6.0771E-02,0.001846588202759231
 6.0794E-02,0.0006914944387459031
 6.0817E-02,-8.846632208828046e-05
 6.0839E-02,-0.00045908022472963746
 6.0862E-02,-0.0004040782285990403
 6.0884E-02,7.413556175933254e-05
 6.0907E-02,0.0009545855166413648
 6.0930E-02,0.0021986543426784537
 6.0952E-02,0.00375179811483197
 6.0975E-02,0.005545964442998697
 6.0997E-02,0.007502599026475725
 6.1020E-02,0.009536101630748197
 6.1043E-02,0.011557576894331647
 6.1065E-02,0.013478716891167192
 6.1088E-02,0.01521564935389272
 6.1110E-02,0.016692587203594508
 6.1133E-02,0.01784512220216617
 6.1156E-02,0.01862301953487429
 6.1178E-02,0.01899239180842817
 6.1201E-02,0.01893715962367463
 6.1223E-02,0.01845973915982644
 6.1246E-02,0.017580931849207865
 6.1269E-02,0.016339024478872092
 6.1291E-02,0.014788138669472727
 6.1314E-02,0.01299589694057653
 6.1336E-02,0.011040499406016119
 6.1359E-02,0.009007330844636332
 6.1382E-02,0.0069852412713270395
 6.1404E-02,0.005062661646262836
 6.1427E-02,0.003323727143409298
 6.1449E-02,0.0018445815787425399
 6.1472E-02,0.000690028097436763
 6.1495E-02,-8.932539222013269e-05
 6.1517E-02,-0.000459300026615279
 6.1540E-02,-0.0004036595954127474
 6.1562E-02,7.516550939642384e-05
 6.1585E-02,0.0009561799638647707
 6.1608E-02,0.0022007498103793948
 6.1630E-02,0.0037543132338364407
 6.1653E-02,0.005548797053483225
 6.1675E-02,0.007505625757387516
 6.1698E-02,0.009539183003263738
 6.1721E-02,0.011560567883519605
 6.1743E-02,0.01348147969331722
 6.1766E-02,0.015218063808036086
 6.1788E-02,0.01669455569597193
 6.1811E-02,0.01784656907575269
 6.1834E-02,0.018623888053772783
 6.1856E-02,0.018992642730975496
 6.1879E-02,0.018936773831682623
 6.1901E-02,0.018458723613850696
 6.1924E-02,0.01757932540115102
 6.1947E-02,0.016336899496440016
 6.1969E-02,0.014785596380138648
 6.1992E-02,0.012993057681690153
 6.2014E-02,0.011037491555714263
 6.2037E-02,0.009004282532892214
 6.2060E-02,0.006982276873648668
 6.2082E-02,0.005059901881122007
 6.2105E-02,0.003321289316071716
 6.2127E-02,0.0018425765417568758
 6.2150E-02,0.000688552788159343
 6.2173E-02,-9.019786973435363e-05
 6.2195E-02,-0.0004595288248825095
 6.2218E-02,-0.0004032394755242503
 6.2240E-02,7.620696910157047e-05
 6.2263E-02,0.0009577892738794018
 6.2286E-02,0.002202854751677594
 6.2308E-02,0.003756827028401661
 6.2331E-02,0.005551618761931368
 6.2353E-02,0.007508639037237084
 6.2376E-02,0.009542256811503707
 6.2399E-02,0.01156356180610248
 6.2421E-02,0.013484253891624508
 6.2444E-02,0.015220490758246535
 6.2466E-02,0.01669652970311832
 6.2489E-02,0.017848010705585306
 6.2512E-02,0.018624743418834078
 6.2534E-02,0.018992880267374463
 6.2557E-02,0.018936382158143344
 6.2579E-02,0.018457712720590103
 6.2602E-02,0.01757773065060707
 6.2625E-02,0.01633478548598477
 6.2647E-02,0.01478305715258299
 6.2670E-02,0.01299021143381491
 6.2692E-02,0.011034470863117126
 6.2715E-02,0.009001223418495375
 6.2738E-02,0.0069793103925459305
 6.2760E-02,0.005057150098385854
 6.2783E-02,0.0033188647593261848
 6.2805E-02,0.0018405821571596014
 6.2828E-02,0.0006870793752940506
 6.2851E-02,-9.107781801812368e-05
 6.2873E-02,-0.00045976923673855634
 6.2896E-02,-0.00040282735175541724
 6.2918E-02,7.724950746190338e-05
 6.2941E-02,0.0009594085157595593
 6.2964E-02,0.002204972738328804
 6.2986E-02,0.0037593492945480885
 6.3009E-02,0.005554439482248528
 6.3031E-02,0.007511642768705542
 6.3054E-02,0.009545318584544916
 6.3077E-02,0.011566548652780562
 6.3099E-02,0.0134870301762867
 6.3122E-02,0.015222927348172866
 6.3144E-02,0.01669851453530478
 6.3167E-02,0.0178494572132651
 6.3190E-02,0.018625594257363844
 6.3212E-02,0.01899310622240436
 6.3235E-02,0.018935978525273078
 6.3257E-02,0.018456696348418972
 6.3280E-02,0.01757613971797267
 6.3303E-02,0.01633268167854563
 6.3325E-02,0.014780527745246696
 6.3348E-02,0.012987368238077697
 6.3370E-02,0.011031444412786306
 6.3393E-02,0.00899815327228264
 6.3416E-02,0.006976334487799225
 6.3438E-02,0.005054396444066637
 6.3461E-02,0.0033164472172732356
 6.3483E-02,0.0018385996032820196
 6.3506E-02,0.0006856156814567956
 6.3529E-02,-9.195565820556862e-05
 6.3551E-02,-0.0004600158588994709
 6.3574E-02,-0.0004024252992758407
 6.3596E-02,7.82849152170969e-05
 6.3619E-02,0.0009610284685848561
 6.3642E-02,0.0022070992427140204
 6.3664E-02,0.003761882955939785
 6.3687E-02,0.0055572677197445065
 6.3709E-02,0.007514645734139435
 6.3732E-02,0.009548371949353877
 6.3755E-02,0.011569524695411419
 6.3777E-02,0.01348979983175304
 6.3800E-02,0.015225365308800688
 6.3822E-02,0.016700507483081824
 6.3845E-02,0.017850913078828145
 6.3868E-02,0.01862644940514334
 6.3890E-02,0.018993328281148372
 6.3913E-02,0.01893556471933479
 6.3935E-02,0.018455669328325392
 6.3958E-02,0.017574543737103186
 6.3981E-02,0.016330581029814592
 6.4003E-02,0.014778007280220691
 6.4026E-02,0.01298453387504131
 6.4048E-02,0.01102842101222921
 6.4071E-02,0.008995078455969772
 6.4094E-02,0.00697334916191715
 6.4116E-02,0.005051634612973211
 6.4139E-02,0.003314028026817681
 6.4161E-02,0.0018366232324908912
 6.4184E-02,0.0006841625390174545
 6.4207E-02,-9.28246461213355e-05
 6.4229E-02,-0.0004602602507691606
 6.4252E-02,-0.0004020284089585313
 6.4274E-02,7.931156708244972e-05
 6.4297E-02,0.0009626420313381635
 6.4320E-02,0.0022092261209722655
 6.4342E-02,0.0037644238664964647
 6.4365E-02,0.0055601058546158435
 6.4387E-02,0.0075176553137501455
 6.4410E-02,0.009551424680989802
 6.4433E-02,0.01157249329224597
 6.4455E-02,0.013492559759384045
 6.4478E-02,0.01522779705600651
 6.4500E-02,0.01670250120766498
 6.4523E-02,0.017852375748896233
 6.4546E-02,0.01862731263453977
 6.4568E-02,0.01899355415330385
 6.4591E-02,0.018935147581483354
 6.4613E-02,0.018454633405086088
 6.4636E-02,0.01757293831895747
 6.4659E-02,0.01632847578505456
 6.4681E-02,0.014775489464757353
 6.4704E-02,0.01298170739578719
 6.4726E-02,0.011025405599153706
 6.4749E-02,0.0089920066910727
 6.4772E-02,0.006970360122402127
 6.4794E-02,0.005048864786939151
 6.4817E-02,0.003311601777891516
 6.4839E-02,0.0018346454327398504
 6.4862E-02,0.0006827148556556016
 6.4885E-02,-9.368422928974173e-05
 6.4907E-02,-0.0004604966033893833
 6.4930E-02,-0.00040162924751321714
 6.4952E-02,8.033391552516168e-05
 6.4975E-02,0.0009642479501173146
 6.4998E-02,0.0022113472352633078
 6.5020E-02,0.003766964837860124
 6.5043E-02,0.005562950099113012
 6.5065E-02,0.0075206734328786135
 6.5088E-02,0.009554483179218753
 6.5111E-02,0.011575461321906955
 6.5133E-02,0.013495313057502949
 6.5156E-02,0.015230220022533561
 6.5178E-02,0.01670448911232645
 6.5201E-02,0.01785383871375334
 6.5224E-02,0.01862818155146185
 6.5246E-02,0.018993787007773714
 6.5269E-02,0.018934733835036445
 6.5291E-02,0.018453594664287403
 6.5314E-02,0.017571325149435185
 6.5337E-02,0.01632636222362787
 6.5359E-02,0.014772967519443077
 6.5382E-02,0.012978883182677118
 6.5404E-02,0.01102239718351886
 6.5427E-02,0.008988942189093652
 6.5450E-02,0.006967374134870818
 6.5472E-02,0.005046092081835477
 6.5495E-02,0.0033091687883610357
 6.5517E-02,0.0018326615675434911
 6.5540E-02,0.0006812659466154535
 6.5563E-02,-9.453899385136451e-05
 6.5585E-02,-0.0004607245887661821
 6.5608E-02,-0.0004012228164597269
 6.5630E-02,8.135850278012706e-05
 6.5653E-02,0.0009658502565222766
 6.5676E-02,0.0022134616367974064
 6.5698E-02,0.0037695005688275305
 6.5721E-02,0.005565794112224131
 6.5743E-02,0.007523696638916082
 6.5766E-02,0.009557548990035483
 6.5789E-02,0.01157843433069173
 6.5811E-02,0.013498065808282578
 6.5834E-02,0.015232637058807135
 6.5856E-02,0.01670646907901218
 6.5879E-02,0.01785529623952582
 6.5902E-02,0.018629050385836267
 6.5924E-02,0.018994024610651965
 6.5947E-02,0.018934326135690946
 6.5969E-02,0.01845255896638116
 6.5992E-02,0.017569709639261705
 6.6015E-02,0.016324241961404425
 6.6037E-02,0.014770438297155679
 6.6060E-02,0.012976055312975068
 6.6082E-02,0.011019390754500057
 6.6105E-02,0.00898588394306907
 6.6128E-02,0.006964394785830696
 6.6150E-02,0.005043322422332588
 6.6173E-02,0.0033067336397388522
 6.6195E-02,0.0018306720553046539
 6.6218E-02,0.0006798118434570564
 6.6241E-02,-9.53948067896846e-05
 6.6263E-02,-0.0004609483323511184
 6.6286E-02,-0.0004008089659873223
 6.6308E-02,8.238962559354939e-05
 6.6331E-02,0.0009674547051095548
 6.6354E-02,0.002215572970393825
 6.6376E-02,0.0037720303599400686
 6.6399E-02,0.0055686333188135605
 6.6421E-02,0.0075267193414575335
 6.6444E-02,0.009560618972466076
 6.6467E-02,0.01158141354867546
 6.6489E-02,0.013500822814961028
 6.6512E-02,0.015235053539277314
 6.6534E-02,0.01670844372265588
 6.6557E-02,0.017856746586274383
 6.6580E-02,0.018629914156374792
 6.6602E-02,0.018994261850099142
 6.6625E-02,0.018933922406701786
 6.6647E-02,0.018451528529885738
 6.6670E-02,0.017568096892930922
 6.6693E-02,0.016322119805126507
 6.6715E-02,0.014767903334506699
 6.6738E-02,0.012973221129650915
 6.6760E-02,0.011016381140233537
 6.6783E-02,0.008982827486258265
 6.6806E-02,0.006961421070087317
 6.6828E-02,0.0050405588575595526
 6.6851E-02,0.0033043015171878706
 6.6873E-02,0.001828680995253222
 6.6896E-02,0.000678353035815499
 6.6919E-02,-9.625506044351538e-05
 6.6941E-02,-0.0004611729804529864
 6.6964E-02,-0.00040039140279477
 6.6986E-02,8.342729441238131e-05
 6.7009E-02,0.0009690649858479737
 6.7032E-02,0.00221768629494785
 6.7054E-02,0.0037745575015274424
 6.7077E-02,0.005571467221945786
 6.7099E-02,0.007529737595195951
 6.7122E-02,0.009563688200932853
 6.7145E-02,0.011584396124083629
 6.7167E-02,0.013503585045911176
 6.7190E-02,0.015237473620971978
 6.7212E-02,0.01671041778948644
 6.7235E-02,0.017858192146852216
 6.7258E-02,0.01863077144105249
 6.7280E-02,0.018994494401508136
 6.7303E-02,0.01893351812254542
 6.7325E-02,0.018450501431787093
 6.7348E-02,0.017566488758655293
 6.7371E-02,0.016320000198885822
 6.7393E-02,0.014765366899588352
 6.7416E-02,0.012970382085333583
 6.7438E-02,0.011013366102869595
 6.7461E-02,0.008979768305468577
 6.7484E-02,0.006958449009044576
 6.7506E-02,0.005037800399013026
 6.7529E-02,0.003301875008657796
 6.7551E-02,0.0018266929228843533
 6.7574E-02,0.0006768931883139278
 6.7597E-02,-9.711921757214303e-05
 6.7619E-02,-0.00046140142895487163
 6.7642E-02,-0.00039997463839426675
 6.7664E-02,8.446818246970312e-05
 6.7687E-02,0.0009706810018097198
 6.7710E-02,0.002219804776071952
 6.7732E-02,0.0037770864382992895
 6.7755E-02,0.005574298787740109
 6.7777E-02,0.007532751066526861
 6.7800E-02,0.009566753276028385
 6.7823E-02,0.011587377719662135
 6.7845E-02,0.013506349916594088
 6.7868E-02,0.015239898056238443
 6.7890E-02,0.01671239487500264
 6.7913E-02,0.017859637110530444
 6.7936E-02,0.018631624424696375
 6.7958E-02,0.01899472110949278
 6.7981E-02,0.018933109530816703
 6.8000E-02,0.01854812436858361
