  0.000,0.0
  1.000,0.010595607223304163
  0.000,0.010595607223304163
 1.7540E-05,0.011062138037181979
 3.5080E-05,0.012448975656911204
 5.2620E-05,0.014542901355726922
 7.0160E-05,0.01766755935618481
 8.7700E-05,0.021077303673585464
 1.0524E-04,0.023684909760644576
 1.2278E-04,0.024937905999595878
 1.4032E-04,0.02469686398769692
 1.5786E-04,0.02288588519175822
 1.7540E-04,0.01992138297027594
 1.9294E-04,0.01689885945247431
 2.1048E-04,0.014544078101644788
 2.2802E-04,0.012894670624170882
 2.4556E-04,0.011959328397390386
 2.6310E-04,0.01148777131593481
 2.8064E-04,0.010642851939929957
 2.9818E-04,0.008789845670629206
 3.1572E-04,0.006062659352563815
 3.3326E-04,0.002843235788476876
 3.5080E-04,-0.00043136211727852307
 3.6834E-04,-0.0028967775218557575
 3.8588E-04,-0.0037507949444735927
 4.0342E-04,-0.002972082527507456
 4.2096E-04,-0.0009778326726375664
 4.3850E-04,0.0017668349558770712
 4.5604E-04,0.004538700005655094
 4.7358E-04,0.00658507574855288
 4.9112E-04,0.007763873126183788
 5.0866E-04,0.008478849286204765
 5.2620E-04,0.00918712302294863
 5.4374E-04,0.010376668746951544
 5.6128E-04,0.012523401485344114
 5.7882E-04,0.01562527317918755
 5.9636E-04,0.01907760837034763
 6.1390E-04,0.02212877730942922
 6.3144E-04,0.02417281350100051
 6.4898E-04,0.024715038152219655
 6.6652E-04,0.023629471459295965
 6.8406E-04,0.021433789559727384
 7.0160E-04,0.018894470193548486
 7.1914E-04,0.01658037943855947
 7.3668E-04,0.014898706620969553
 7.5422E-04,0.01397724152933415
 7.7176E-04,0.013404537312979083
 7.8930E-04,0.012515400883922613
 8.0684E-04,0.010871318959300795
 8.2438E-04,0.008320669960359035
 8.4192E-04,0.004999877000421784
 8.5946E-04,0.0014835153698956353
 8.7700E-04,-0.0013976550204820794
 8.9454E-04,-0.003015974219126672
 9.1208E-04,-0.0031370838728700264
 9.2962E-04,-0.0018702851380172634
 9.4716E-04,0.00031257104521193184
 9.6470E-04,0.0026702669625369236
 9.8224E-04,0.004584941868668133
 9.9978E-04,0.005850583753433436
 1.0173E-03,0.006606113346954938
 1.0349E-03,0.007245310099580683
 1.0524E-03,0.008348799934794019
 1.0699E-03,0.010369217743625307
 1.0875E-03,0.01331582452775089
 1.1050E-03,0.016799576746467523
 1.1226E-03,0.02021252610218906
 1.1401E-03,0.02283570228393278
 1.1576E-03,0.02408832670375629
 1.1752E-03,0.023839271527275205
 1.1927E-03,0.02241003072216863
 1.2103E-03,0.020355595324223156
 1.2278E-03,0.018302860607154033
 1.2453E-03,0.016755410971438518
 1.2629E-03,0.015832546457544533
 1.2804E-03,0.015231112016492115
 1.2980E-03,0.014451462379605482
 1.3155E-03,0.013015392631364675
 1.3330E-03,0.010630610957331185
 1.3506E-03,0.0073811840855278876
 1.3681E-03,0.003772163524142655
 1.3857E-03,0.0005111993223582364
 1.4032E-03,-0.0017648892645821057
 1.4207E-03,-0.0026607805613050994
 1.4383E-03,-0.0021552497026771453
 1.4558E-03,-0.0006456507515239683
 1.4734E-03,0.001240017213496039
 1.4909E-03,0.002938758901524916
 1.5084E-03,0.004132374188938726
 1.5260E-03,0.004831472583712386
 1.5435E-03,0.005393862657798403
 1.5611E-03,0.0063577413216218135
 1.5786E-03,0.00814777958377501
 1.5961E-03,0.010884174111311993
 1.6137E-03,0.014334951246278378
 1.6312E-03,0.017945332871457425
 1.6488E-03,0.021003129314393857
 1.6663E-03,0.022925284200047618
 1.6838E-03,0.02346992629511741
 1.7014E-03,0.02277651521843952
 1.7189E-03,0.02129838975644055
 1.7365E-03,0.01964006834692015
 1.7540E-03,0.01829871553418612
 1.7715E-03,0.017452636940833727
 1.7891E-03,0.016929596964592647
 1.8066E-03,0.016310732933774878
 1.8242E-03,0.015101179232649422
 1.8417E-03,0.012960415031509935
 1.8592E-03,0.009898037165726934
 1.8768E-03,0.006295563066003571
 1.8943E-03,0.002769468940699774
 1.9119E-03,-2.3683056720672033e-05
 1.9294E-03,-0.0016053269621093993
 1.9469E-03,-0.0018571395729730122
 1.9645E-03,-0.0010463153596946021
 1.9820E-03,0.0003184660659267778
 1.9996E-03,0.0016932514864920008
 2.0171E-03,0.0026999790767792886
 2.0346E-03,0.003280695104660005
 2.0522E-03,0.0037142997383298633
 2.0697E-03,0.004466642828373081
 2.0873E-03,0.005971998336842605
 2.1048E-03,0.008442572433638093
 2.1223E-03,0.011746744536847998
 2.1399E-03,0.015412579703414454
 2.1574E-03,0.018787656302736877
 2.1750E-03,0.021274517921274095
 2.1925E-03,0.022526660000152934
 2.2100E-03,0.022553188714894576
 2.2276E-03,0.021702957355485275
 2.2451E-03,0.020507957783049886
 2.2627E-03,0.01945032962269535
 2.2802E-03,0.018773759498939845
 2.2977E-03,0.018403798594858422
 2.3153E-03,0.017986917902310946
 2.3328E-03,0.017049988168741318
 2.3504E-03,0.015227136456461687
 2.3679E-03,0.012439107499456422
 2.3854E-03,0.00894983942145056
 2.4030E-03,0.005298704637499497
 2.4205E-03,0.0021280615856058395
 2.4381E-03,-4.326071644238441e-05
 2.4556E-03,-0.0009982114663216936
 2.4731E-03,-0.0008715361330782411
 2.4907E-03,-7.008686464879074e-05
 2.5082E-03,0.0008994812439585458
 2.5258E-03,0.0016423220625633715
 2.5433E-03,0.0020386223500056975
 2.5608E-03,0.0022792654169379823
 2.5784E-03,0.002768548113986921
 2.5959E-03,0.003944446811989898
 2.6135E-03,0.006078174807459498
 2.6310E-03,0.009128943296175366
 2.6485E-03,0.012725808930631103
 2.6661E-03,0.016284928592145285
 2.6836E-03,0.019204550444056827
 2.7012E-03,0.02106607273070289
 2.7187E-03,0.021771604655690988
 2.7362E-03,0.021556058422451854
 2.7538E-03,0.020865130403828463
 2.7713E-03,0.020159777322600825
 2.7889E-03,0.019727733684968336
 2.8064E-03,0.0195680424789911
 2.8239E-03,0.019397203780293967
 2.8415E-03,0.018781416873943826
 2.8590E-03,0.017334971534837002
 2.8766E-03,0.01489902066612548
 2.8941E-03,0.011635326314173794
 2.9116E-03,0.007998374944929635
 2.9292E-03,0.004588825570117418
 2.9467E-03,0.0019473474213622765
 2.9643E-03,0.00037648975483530107
 2.9818E-03,-0.0001438686840174667
 2.9993E-03,7.932302980307403e-05
 3.0169E-03,0.0005974924489720823
 3.0344E-03,0.001018059702436998
 3.0520E-03,0.0011689370631928243
 3.0695E-03,0.0011640629913714066
 3.0870E-03,0.0013497295129126317
 3.1046E-03,0.0021519246610055536
 3.1221E-03,0.003882531642329681
 3.1397E-03,0.006586554011237386
 3.1572E-03,0.009994767819313822
 3.1747E-03,0.013597168492448885
 3.1923E-03,0.01680856044365309
 3.2098E-03,0.019165957215577175
 3.2274E-03,0.020479072135832173
 3.2449E-03,0.02087162301196247
 3.2624E-03,0.020701255520848488
 3.2800E-03,0.020394309941624767
 3.2975E-03,0.020259772766415034
 3.3151E-03,0.02035679940049667
 3.3326E-03,0.0204722439601632
 3.3501E-03,0.020216112675002246
 3.3677E-03,0.019192881579040557
 3.3852E-03,0.01718069723486615
 3.4028E-03,0.014247814704838302
 3.4203E-03,0.010756408069322477
 3.4378E-03,0.007250470995896093
 3.4554E-03,0.004274606031149621
 3.4729E-03,0.0021950064752960774
 3.4905E-03,0.0010898831500525767
 3.5080E-03,0.0007518372329498984
 3.5255E-03,0.0008009885916137386
 3.5431E-03,0.0008602888669013993
 3.5606E-03,0.0007207109263464063
 3.5782E-03,0.00043177670514820456
 3.5957E-03,0.0002815680531217714
 3.6132E-03,0.0006728013808562205
 3.6308E-03,0.0019458497685965487
 3.6483E-03,0.004221849126868533
 3.6659E-03,0.007328104809475053
 3.6834E-03,0.010835287180628492
 3.7009E-03,0.014194113996554136
 3.7185E-03,0.016918684550898875
 3.7360E-03,0.018743112155606634
 3.7536E-03,0.019690600558342885
 3.7711E-03,0.020030463970491734
 3.7886E-03,0.020141484186322566
 3.8062E-03,0.020337055896818737
 3.8237E-03,0.020724365008650058
 3.8413E-03,0.021154938703690385
 3.8588E-03,0.02128503498982335
 3.8763E-03,0.02072119753351186
 3.8939E-03,0.019193103595697744
 3.9114E-03,0.016683224569018374
 3.9290E-03,0.01345972648656897
 3.9465E-03,0.009999576319039642
 3.9640E-03,0.006832543993805902
 3.9816E-03,0.004366627585586995
 3.9991E-03,0.0027629565427220422
 4.0167E-03,0.0019088969423981471
 4.0342E-03,0.001497587409748232
 4.0517E-03,0.0011794108219179687
 4.0693E-03,0.0007239128230955739
 4.0868E-03,0.0001270304834402495
 4.1044E-03,-0.0003802336605691972
 4.1219E-03,-0.000425172702606237
 4.1394E-03,0.0003497429245961464
 4.1570E-03,0.0021296110847721294
 4.1745E-03,0.004832147098405468
 4.1921E-03,0.008113820170449173
 4.2096E-03,0.011475911910204624
 4.2271E-03,0.014428853255220014
 4.2447E-03,0.016650360412401803
 4.2622E-03,0.018076238429428477
 4.2798E-03,0.01888930330554863
 4.2973E-03,0.01941232043659517
 4.3148E-03,0.0199498930839939
 4.3324E-03,0.02064446874205352
 4.3499E-03,0.021404668822387733
 4.3675E-03,0.021934692865036975
 4.3850E-03,0.021853297475043602
 4.4025E-03,0.020854413415231907
 4.4201E-03,0.018844140963609594
 4.4376E-03,0.015998735953584736
 4.4552E-03,0.012720186268155827
 4.4727E-03,0.009506468252814728
 4.4902E-03,0.006787396294090645
 4.5078E-03,0.004790637011957665
 4.5253E-03,0.0034895701629419967
 4.5429E-03,0.0026512421749389035
 4.5604E-03,0.0019631210446538704
 4.5779E-03,0.0011865187317664596
 4.5955E-03,0.0002739684859166423
 4.6130E-03,-0.0005972862623136498
 4.6306E-03,-0.0010890693108633353
 4.6481E-03,-0.0008375421824627006
 4.6656E-03,0.0003941332438642291
 4.6832E-03,0.0026069504273675973
 4.7007E-03,0.005545013633234543
 4.7183E-03,0.008771185065192678
 4.7358E-03,0.011809984635458006
 4.7533E-03,0.014302071147164343
 4.7709E-03,0.016110173391569196
 4.7884E-03,0.01733564718669851
 4.8060E-03,0.018240930566963142
 4.8235E-03,0.019111096542091966
 4.8410E-03,0.020111607833732916
 4.8586E-03,0.021200283093315134
 4.8761E-03,0.02212949860288425
 4.8937E-03,0.02253812242820452
 4.9112E-03,0.022096222271762885
 4.9287E-03,0.020644309949797966
 4.9463E-03,0.01827112605731887
 4.9638E-03,0.015298440412350017
 4.9814E-03,0.01217848490101307
 4.9989E-03,0.009344572287462842
 5.0164E-03,0.007073667007290955
 5.0340E-03,0.005414038411893601
 5.0515E-03,0.0042046945563777175
 5.0691E-03,0.003176707246121337
 5.0866E-03,0.0020939729509879177
 5.1041E-03,0.000875500063839922
 5.1217E-03,-0.0003506880389334583
 5.1392E-03,-0.0012840600285198055
 5.1568E-03,-0.0015641280764924477
 5.1743E-03,-0.000914115016339087
 5.1918E-03,0.0007417272765915743
 5.2094E-03,0.003234039562192795
 5.2269E-03,0.006195294732820303
 5.2445E-03,0.009179682942614564
 5.2620E-03,0.011809176181406346
 5.2795E-03,0.013888728171430671
 5.2971E-03,0.015446128180870612
 5.3146E-03,0.016682477542968643
 5.3322E-03,0.017855122836936573
 5.3497E-03,0.01914172602487584
 5.3672E-03,0.020541368295900395
 5.3848E-03,0.021853341606474744
 5.4023E-03,0.022742742166762992
 5.4199E-03,0.02286689813958885
 5.4374E-03,0.022012109135928628
 5.4549E-03,0.02018587521384749
 5.4725E-03,0.01762748635168016
 5.4900E-03,0.014732539516130273
 5.5076E-03,0.011921309495164244
 5.5251E-03,0.009502852587549107
 5.5426E-03,0.007587729673890599
 5.5602E-03,0.006082301811269822
 5.5777E-03,0.004764714980268084
 5.5953E-03,0.0034100875132080546
 5.6128E-03,0.0019130882720162284
 5.6303E-03,0.0003575867168411845
 5.6479E-03,-0.0009953667718224928
 5.6654E-03,-0.0017969332482259475
 5.6830E-03,-0.0017417863331992424
 5.7005E-03,-0.0006891104066344732
 5.7180E-03,0.0012747673958517533
 5.7356E-03,0.0038570491127098375
 5.7531E-03,0.006654520561247403
 5.7707E-03,0.009287399489942649
 5.7882E-03,0.011518633698370265
 5.8057E-03,0.013312424618725201
 5.8233E-03,0.01481033467456909
 5.8408E-03,0.016236472625221047
 5.8584E-03,0.017771620512648304
 5.8759E-03,0.019448375130670065
 5.8934E-03,0.021110577983877655
 5.9110E-03,0.02245420038755471
 5.9285E-03,0.02313397970881894
 5.9461E-03,0.02289353656426317
 5.9636E-03,0.021667061077886095
 5.9811E-03,0.019611918355172713
 5.9987E-03,0.01705915759702464
 6.0162E-03,0.014401638851277893
 6.0338E-03,0.011964058730344056
 6.0513E-03,0.009905787169409902
 6.0688E-03,0.00819369469548114
 6.0864E-03,0.006653784464175007
 6.1039E-03,0.00507888661971535
 6.1215E-03,0.0033474660304173625
 6.1390E-03,0.0015044810057100598
 6.1565E-03,-0.0002292087301916754
 6.1741E-03,-0.001523431499895698
 6.1916E-03,-0.0020552130846899566
 6.2092E-03,-0.0016291510228929494
 6.2267E-03,-0.0002540877620782465
 6.2442E-03,0.0018541590373470662
 6.2618E-03,0.004345067152614429
 6.2793E-03,0.006852240218098429
 6.2969E-03,0.009112197029468553
 6.3144E-03,0.011036897255359708
 6.3319E-03,0.012712574975701928
 6.3495E-03,0.014327169470295354
 6.3670E-03,0.01605731058203295
 6.3846E-03,0.01796186973881723
 6.4021E-03,0.01992617091634766
 6.4196E-03,0.021680388298068308
 6.4372E-03,0.022885719485778094
 6.4547E-03,0.023254556011658507
 6.4723E-03,0.02265703582285917
 6.4898E-03,0.021171656264510015
 6.5073E-03,0.01905994064814938
 6.5249E-03,0.016675437258111013
 6.5424E-03,0.014343297639151893
 6.5600E-03,0.012257897372260778
 6.5775E-03,0.010438104066020507
 6.5950E-03,0.008756260978455988
 6.6126E-03,0.007027291411734846
 6.6301E-03,0.0051203561870753886
 6.6477E-03,0.003046702942786244
 6.6652E-03,0.0009871943901020495
 6.6827E-03,-0.0007525249407086955
 6.7003E-03,-0.0018420932741549912
 6.7178E-03,-0.0020424637103391946
 6.7354E-03,-0.0012922935527669962
 6.7529E-03,0.0002691374042511137
 6.7704E-03,0.002351233460894919
 6.7880E-03,0.004613976690078538
 6.8055E-03,0.006782247442408778
 6.8231E-03,0.00872785890893086
 6.8406E-03,0.010487851903879054
 6.8581E-03,0.012213386943993243
 6.8757E-03,0.014071507502870196
 6.8932E-03,0.01614088001364125
 6.9108E-03,0.018344845151737923
 6.9283E-03,0.020449959429171667
 6.9458E-03,0.02213179394756229
 6.9634E-03,0.02308264375899523
 6.9809E-03,0.02311882088921471
 6.9985E-03,0.022245190636418343
 7.0160E-03,0.020651610668882114
 7.0335E-03,0.018643082351106205
 7.0511E-03,0.016531701576991804
 7.0686E-03,0.014533292748402923
 7.0862E-03,0.012709107150899297
 7.1037E-03,0.010974392629190123
 7.1212E-03,0.00916858233005605
 7.1388E-03,0.007157139870849708
 7.1563E-03,0.004922557602817456
 7.1739E-03,0.0026065874568405537
 7.1914E-03,0.0004855807438026733
 7.2089E-03,-0.0011122082554663793
 7.2265E-03,-0.0019152208323779548
 7.2440E-03,-0.0018006518804523598
 7.2616E-03,-0.0008341345134105634
 7.2791E-03,0.0007580614758406946
 7.2966E-03,0.0026728859685852444
 7.3142E-03,0.004637092231106159
 7.3317E-03,0.006494602681577629
 7.3493E-03,0.008240798027676119
 7.3668E-03,0.009991441555607836
 7.3843E-03,0.011900335658803463
 7.4019E-03,0.014060390906135967
 7.4194E-03,0.01642934221592485
 7.4370E-03,0.018811333509627222
 7.4545E-03,0.02090309083040931
 7.4720E-03,0.022387417168803107
 7.4896E-03,0.023037637172278823
 7.5071E-03,0.022792060896312725
 7.5247E-03,0.02176940221381521
 7.5422E-03,0.02021961198843431
 7.5597E-03,0.0184302269843249
 7.5773E-03,0.01662571968369219
 7.5948E-03,0.014899546862877058
 7.6124E-03,0.013204928002691187
 7.6299E-03,0.01140647610001472
 7.6474E-03,0.00937027559670036
 7.6650E-03,0.007054631952426537
 7.6825E-03,0.004563597000798695
 7.7001E-03,0.0021404888559771844
 7.7176E-03,0.00010282915025019166
 7.7351E-03,-0.0012563728139146277
 7.7527E-03,-0.001762656641511426
 7.7702E-03,-0.0014130568411496965
 7.7878E-03,-0.0003678472267498263
 7.8053E-03,0.001114919400260952
 7.8228E-03,0.0027757053509175414
 7.8404E-03,0.004442418645261853
 7.8579E-03,0.006077174306321393
 7.8755E-03,0.007763330971131105
 7.8930E-03,0.009639433760335568
 7.9105E-03,0.011808090173555441
 7.9281E-03,0.01425784186415761
 7.9456E-03,0.01683082091085829
 7.9632E-03,0.01925057924722251
 7.9807E-03,0.021200324509834084
 7.9982E-03,0.022421512803418045
 8.0158E-03,0.02279445515494858
 8.0333E-03,0.022369658729981777
 8.0509E-03,0.021338230812336174
 8.0684E-03,0.01995388949632177
 8.0859E-03,0.01843814538590231
 8.1035E-03,0.016906422165673403
 8.1210E-03,0.015343916331454899
 8.1386E-03,0.013639611975200866
 8.1561E-03,0.01166331001139384
 8.1736E-03,0.009353222095836208
 8.1912E-03,0.006777501511050732
 8.2087E-03,0.0041436574696321424
 8.2263E-03,0.0017508099544808805
 8.2438E-03,-9.732334006052148e-05
 8.2613E-03,-0.0011851706172291115
 8.2789E-03,-0.0014480451737276707
 8.2964E-03,-0.0009811039811916738
 8.3140E-03,8.014581512048782e-06
 8.3315E-03,0.00128334395092957
 8.3490E-03,0.002667800134841875
 8.3666E-03,0.004098972508160613
 8.3841E-03,0.005632006488587814
 8.4017E-03,0.007389598740928761
 8.4192E-03,0.009480507649140803
 8.4367E-03,0.011920665556050362
 8.4543E-03,0.014589938467629765
 8.4718E-03,0.017243300708328108
 8.4894E-03,0.01957340731249899
 8.5069E-03,0.0213009358576858
 8.5244E-03,0.022257860134161797
 8.5420E-03,0.022431531223446627
 8.5595E-03,0.021953022035565907
 8.5771E-03,0.0210353553921554
 8.5946E-03,0.01988701141417517
 8.6121E-03,0.018635539654584615
 8.6297E-03,0.01729149216778497
 8.6472E-03,0.015766237507747454
 8.6648E-03,0.013935283667094164
 8.6823E-03,0.011720329087570215
 8.6998E-03,0.009155718091371348
 8.7174E-03,0.006411280542221742
 8.7349E-03,0.003761093801782834
 8.7525E-03,0.0015093917281063414
 8.7700E-03,-9.807814330848089e-05
 8.7875E-03,-0.0009432572881754063
 8.8051E-03,-0.0010593654530763508
 8.8226E-03,-0.0006007785608738796
 8.8402E-03,0.00022779894393288713
 8.8577E-03,0.0012540672620651918
 8.8752E-03,0.0023997002276735734
 8.8928E-03,0.0036965966267047696
 8.9103E-03,0.005252172727612525
 8.9279E-03,0.007178722290707412
 8.9454E-03,0.009516403321508455
 8.9629E-03,0.012182029128337253
 8.9805E-03,0.01496556288518062
 8.9980E-03,0.017577180420180562
 9.0156E-03,0.019727559957733974
 9.0331E-03,0.021210730080880456
 9.0506E-03,0.021957706612928674
 9.0682E-03,0.022040752607829183
 9.0857E-03,0.021627742634545633
 9.1033E-03,0.020905859352397256
 9.1208E-03,0.02000573330356821
 9.1383E-03,0.01895643942581036
 9.1559E-03,0.017688885104292885
 9.1734E-03,0.01608532991688843
 9.1910E-03,0.014054033830630176
 9.2085E-03,0.011597834704259269
 9.2260E-03,0.008847863130191432
 9.2436E-03,0.006047597414430363
 9.2611E-03,0.0034923542550985556
 9.2787E-03,0.001447064768665851
 9.2962E-03,7.371506785615193e-05
 9.3137E-03,-0.0006041518188331905
 9.3313E-03,-0.0006872384708238652
 9.3488E-03,-0.0003435612541284436
 9.3664E-03,0.00026759488112768374
 9.3839E-03,0.001060051136799478
 9.4014E-03,0.002047788568842559
 9.4190E-03,0.003324372658989816
 9.4365E-03,0.005003821102188919
 9.4541E-03,0.007147628458879541
 9.4716E-03,0.009708327848831884
 9.4891E-03,0.012513454163263021
 9.5067E-03,0.0152977193215326
 9.5242E-03,0.01777201859763719
 9.5418E-03,0.01970319194467839
 9.5593E-03,0.020974139678125815
 9.5768E-03,0.02160170007919415
 9.5944E-03,0.021706517915358874
 9.6119E-03,0.02144817958533386
 9.6295E-03,0.02095247510921622
 9.6470E-03,0.020260339301741325
 9.6645E-03,0.019318835912863406
 9.6821E-03,0.01801726300006316
 9.6996E-03,0.016253054207275023
 9.7172E-03,0.014000006764927717
 9.7347E-03,0.01135033203989471
 9.7522E-03,0.008512477254289033
 9.7698E-03,0.005764350285762169
 9.7873E-03,0.003379334640469703
 9.8049E-03,0.0015531898880456068
 9.8224E-03,0.0003594015601075867
 9.8399E-03,-0.0002508759410079401
 9.8575E-03,-0.0004058044170064187
 9.8750E-03,-0.0002451697825305716
 9.8926E-03,0.0001441682762585613
 9.9101E-03,0.000763583751603975
 9.9276E-03,0.0016947742915753854
 9.9452E-03,0.0030523072139091445
 9.9627E-03,0.004916377655028333
 9.9803E-03,0.007273629616954954
 9.9978E-03,0.009990811650712974
 1.0015E-02,0.01283306232453536
 1.0033E-02,0.01552092745364185
 1.0050E-02,0.017804832171984766
 1.0068E-02,0.01952879411698006
 1.0086E-02,0.020659463594107745
 1.0103E-02,0.021270408895078977
 1.0121E-02,0.021489362176725105
 1.0138E-02,0.02143072206423409
 1.0156E-02,0.02114112227993371
 1.0173E-02,0.020580173915391745
 1.0191E-02,0.01964394808810128
 1.0208E-02,0.01822127382838327
 1.0226E-02,0.016259510206342316
 1.0243E-02,0.01381248305223979
 1.0261E-02,0.011050323997980655
 1.0278E-02,0.008226135845894756
 1.0296E-02,0.005611576445965716
 1.0314E-02,0.0034256952664623477
 1.0331E-02,0.0017838318468482194
 1.0349E-02,0.0006852282168089779
 1.0366E-02,4.258070746822177e-05
 1.0384E-02,-0.0002597621313978889
 1.0401E-02,-0.0003033206497629356
 1.0419E-02,-9.436572642321632e-05
 1.0436E-02,0.0004391706339286009
 1.0454E-02,0.0014116784576510798
 1.0471E-02,0.00291961058780876
 1.0489E-02,0.00498176082801505
 1.0506E-02,0.007504827424468653
 1.0524E-02,0.010289092375848668
 1.0542E-02,0.013073214086396742
 1.0559E-02,0.015601671765034967
 1.0577E-02,0.01768945889679508
 1.0594E-02,0.019259778587955884
 1.0612E-02,0.020341301854613095
 1.0629E-02,0.021027672613280004
 1.0647E-02,0.0214168809859889
 1.0664E-02,0.021555873393473247
 1.0682E-02,0.021413256715655863
 1.0699E-02,0.020891266167006678
 1.0717E-02,0.01987204924650572
 1.0734E-02,0.018279257798684233
 1.0752E-02,0.016129576602048494
 1.0770E-02,0.013552691297753054
 1.0787E-02,0.010770721612721287
 1.0805E-02,0.008044235427874394
 1.0822E-02,0.005605123857047304
 1.0840E-02,0.003601615029308634
 1.0857E-02,0.0020756392748525407
 1.0875E-02,0.0009797670738193032
 1.0892E-02,0.0002252597655916695
 1.0910E-02,-0.00025936671712682935
 1.0927E-02,-0.00048368049397647323
 1.0945E-02,-0.00038301883580097465
 1.0963E-02,0.00015635775439001685
 1.0980E-02,0.0012448264189331426
 1.0998E-02,0.002931022579083451
 1.1015E-02,0.005161450904671834
 1.1033E-02,0.007775044799761949
 1.1050E-02,0.010535907359527762
 1.1068E-02,0.0131924430123356
 1.1085E-02,0.015540727004670803
 1.1103E-02,0.017468387747506947
 1.1120E-02,0.018963135977566378
 1.1138E-02,0.02008421893192611
 1.1155E-02,0.020909813851380216
 1.1173E-02,0.021482773998805903
 1.1191E-02,0.021777453730124026
 1.1208E-02,0.021701499604557174
 1.1226E-02,0.0211321039261021
 1.1243E-02,0.019972075972243285
 1.1261E-02,0.018202874257528354
 1.1278E-02,0.015912752783910807
 1.1296E-02,0.013287979678222792
 1.1313E-02,0.010569706661485722
 1.1331E-02,0.007992592865677972
 1.1348E-02,0.005728303425787576
 1.1366E-02,0.003854782898504631
 1.1383E-02,0.0023617433577254737
 1.1401E-02,0.0011883560023103297
 1.1419E-02,0.0002764622872198785
 1.1436E-02,-0.0003832641119536802
 1.1454E-02,-0.0007315801647233056
 1.1471E-02,-0.0006557967289941746
 1.1489E-02,-3.392857488819685e-05
 1.1506E-02,0.0012098359920603285
 1.1524E-02,0.003060806373564406
 1.1541E-02,0.005398844229056994
 1.1559E-02,0.008019570000504163
 1.1576E-02,0.010684326469023897
 1.1594E-02,0.013180263977969934
 1.1611E-02,0.015368057549614778
 1.1629E-02,0.017199839836249158
 1.1647E-02,0.01870190925425762
 1.1664E-02,0.019930837053470946
 1.1682E-02,0.020922092393802605
 1.1699E-02,0.02165302998214052
 1.1717E-02,0.02203599017654912
 1.1734E-02,0.021944841259963162
 1.1752E-02,0.02126456035686172
 1.1769E-02,0.01994392410540066
 1.1787E-02,0.018029888656188677
 1.1804E-02,0.015669370958863935
 1.1822E-02,0.013077003843935543
 1.1840E-02,0.010480822034888954
 1.1857E-02,0.008066368036963357
 1.1875E-02,0.005940023782675253
 1.1892E-02,0.004124448495205089
 1.1910E-02,0.002586086429111181
 1.1927E-02,0.0012819829743166325
 1.1945E-02,0.00020566446625386575
 1.1962E-02,-0.0005874699761446622
 1.1980E-02,-0.0009862602177285757
 1.1997E-02,-0.0008594981643270352
 1.2015E-02,-0.00010723259945135343
 1.2032E-02,0.001292811007207989
 1.2050E-02,0.0032624593921050165
 1.2068E-02,0.005633562331993238
 1.2085E-02,0.00818833010942635
 1.2103E-02,0.010714534038478213
 1.2120E-02,0.013054884035553835
 1.2138E-02,0.015132419127587502
 1.2155E-02,0.016943465546541206
 1.2173E-02,0.0185227322279974
 1.2190E-02,0.019896192320198694
 1.2208E-02,0.021042099642877156
 1.2225E-02,0.02187695542313409
 1.2243E-02,0.02227293222551855
 1.2260E-02,0.022100343372167198
 1.2278E-02,0.021278413382857284
 1.2296E-02,0.019814011679089385
 1.2313E-02,0.017812600755307686
 1.2331E-02,0.015456559275035267
 1.2348E-02,0.012958854095668508
 1.2366E-02,0.010509592316350309
 1.2383E-02,0.00823548794448693
 1.2401E-02,0.006186809230246341
 1.2418E-02,0.00435520685101662
 1.2436E-02,0.0027134656738113036
 1.2453E-02,0.0012595991091774801
 1.2471E-02,4.621591934952625e-05
 1.2488E-02,-0.0008177241349716102
 1.2506E-02,-0.0011943116397059987
 1.2524E-02,-0.0009628707876040834
 1.2541E-02,-6.681132325274885e-05
 1.2559E-02,0.001457463858182103
 1.2576E-02,0.003481314116435753
 1.2594E-02,0.005814473498854869
 1.2611E-02,0.008254129174200497
 1.2629E-02,0.010634010973827119
 1.2646E-02,0.012855290887408671
 1.2664E-02,0.014888555222828389
 1.2681E-02,0.016747792396677386
 1.2699E-02,0.018448543418114492
 1.2717E-02,0.01996859460246626
 1.2734E-02,0.021228372887641154
 1.2752E-02,0.02210005568052231
 1.2769E-02,0.022442624571784597
 1.2787E-02,0.02214941547252926
 1.2804E-02,0.02118943928960972
 1.2822E-02,0.019625992023981974
 1.2839E-02,0.017604931750149308
 1.2857E-02,0.015316887902753916
 1.2874E-02,0.012947790112028141
 1.2892E-02,0.01063641573520739
 1.2909E-02,0.008454495710175277
 1.2927E-02,0.006415636693250914
 1.2945E-02,0.004507682420455922
 1.2962E-02,0.002733806969235514
 1.2980E-02,0.0011443050107417068
 1.2997E-02,-0.00015499893302988376
 1.3015E-02,-0.0010221918635672652
 1.3032E-02,-0.0013196564150161501
 1.3050E-02,-0.000959902459857469
 1.3067E-02,6.104191293719585e-05
 1.3085E-02,0.0016558559499414934
 1.3102E-02,0.0036670319140942225
 1.3120E-02,0.005908950079378644
 1.3137E-02,0.008214992711809057
 1.3155E-02,0.01047206872032333
 1.3173E-02,0.012630206899375928
 1.3190E-02,0.014685023236222634
 1.3208E-02,0.016641802084562438
 1.3225E-02,0.018477264278571458
 1.3243E-02,0.02011589908541664
 1.3260E-02,0.02143171461171266
 1.3278E-02,0.02227585108962651
 1.3295E-02,0.02251989072209524
 1.3313E-02,0.022098151014110272
 1.3330E-02,0.021032401943328328
 1.3348E-02,0.019429240026105268
 1.3365E-02,0.017451039201123276
 1.3383E-02,0.01527166547810439
 1.3401E-02,0.013033872427034188
 1.3418E-02,0.010824238763997731
 1.3436E-02,0.008674166955082396
 1.3453E-02,0.006584835630946305
 1.3471E-02,0.004564362453839859
 1.3488E-02,0.0026606247755453496
 1.3506E-02,0.0009750864852456178
 1.3523E-02,-0.0003492173682877115
 1.3541E-02,-0.001161845013775024
 1.3558E-02,-0.0013485229805282517
 1.3576E-02,-0.0008674421217953687
 1.3594E-02,0.0002357364817675506
 1.3611E-02,0.0018399716905421408
 1.3629E-02,0.003783372980671165
 1.3646E-02,0.0059069356378908654
 1.3664E-02,0.008090928500262476
 1.3681E-02,0.010270629297441719
 1.3699E-02,0.01242660099544184
 1.3716E-02,0.014555039748142231
 1.3734E-02,0.01663175309429815
 1.3751E-02,0.018585834599133717
 1.3769E-02,0.020295102102487216
 1.3786E-02,0.021606483550614303
 1.3804E-02,0.02237433895108001
 1.3822E-02,0.02250229402001771
 1.3839E-02,0.021972513556635008
 1.3857E-02,0.020851128182988853
 1.3874E-02,0.01926781718603749
 1.3892E-02,0.017377593515002603
 1.3909E-02,0.015319597624182118
 1.3927E-02,0.013188505049707585
 1.3944E-02,0.011028733498862046
 1.3962E-02,0.00885223510183317
 1.3979E-02,0.006671076714634704
 1.3997E-02,0.004530078073979111
 1.4014E-02,0.002524838925250903
 1.4032E-02,0.0007964751805121168
 1.4050E-02,-0.0004961380994019714
 1.4067E-02,-0.0012166694574741186
 1.4085E-02,-0.001289061164723525
 1.4102E-02,-0.0007184043475579461
 1.4120E-02,0.00041285397084586
 1.4137E-02,0.0019716739204037196
 1.4155E-02,0.00381367271231604
 1.4172E-02,0.005819781863071822
 1.4190E-02,0.007916625381555928
 1.4207E-02,0.010073738129956517
 1.4225E-02,0.012280225345780422
 1.4242E-02,0.014511817323849104
 1.4260E-02,0.01670315327166086
 1.4278E-02,0.018737994294158365
 1.4295E-02,0.02046278810979422
 1.4313E-02,0.02171951219831166
 1.4330E-02,0.022385817596424776
 1.4348E-02,0.02240735932233508
 1.4365E-02,0.02181009880311819
 1.4383E-02,0.0206881342800234
 1.4400E-02,0.019172123375051794
 1.4418E-02,0.01739078111346041
 1.4435E-02,0.015440308388084332
 1.4453E-02,0.013373031101870552
 1.4471E-02,0.011208504632433227
 1.4488E-02,0.00896112034198181
 1.4506E-02,0.006671542230886408
 1.4523E-02,0.004427770601659504
 1.4541E-02,0.0023658541775944627
 1.4558E-02,0.0006485215711635008
 1.4576E-02,-0.0005710534897673152
 1.4593E-02,-0.0011870798546471232
 1.4611E-02,-0.0011665128584647814
 1.4628E-02,-0.000552660333576611
 1.4646E-02,0.0005538776245644062
 1.4663E-02,0.002029165675623947
 1.4681E-02,0.00376147089363191
 1.4699E-02,0.005674823473804517
 1.4716E-02,0.007732175079605106
 1.4734E-02,0.009918165153029646
 1.4751E-02,0.01220985787645032
 1.4769E-02,0.014548735655217053
 1.4786E-02,0.01682676639987149
 1.4804E-02,0.01889370159167931
 1.4821E-02,0.020584183762122846
 1.4839E-02,0.021755183281854124
 1.4856E-02,0.0223199788983084
 1.4874E-02,0.022266079730875854
 1.4891E-02,0.021650688212644816
 1.4909E-02,0.020576026791179765
 1.4927E-02,0.019154583917116087
 1.4944E-02,0.01747798218248218
 1.4962E-02,0.015601309352354889
 1.4979E-02,0.01354818474461597
 1.4997E-02,0.01133323927461256
 1.5014E-02,0.008991532000562017
 1.5032E-02,0.0066015692556087744
 1.5049E-02,0.0042911531193671375
 1.5067E-02,0.0022222035640152077
 1.5084E-02,0.0005591726910570401
 1.5102E-02,-0.0005676998679762892
 1.5119E-02,-0.0010908829055550247
 1.5137E-02,-0.0010155280578026402
 1.5155E-02,-0.00040779463037098204
 1.5172E-02,0.0006332978516851883
 1.5190E-02,0.0020091282442802564
 1.5207E-02,0.0036468465401621013
 1.5225E-02,0.00550739467017046
 1.5242E-02,0.0075739721170542135
 1.5260E-02,0.009826818314207873
 1.5277E-02,0.012215834700007545
 1.5295E-02,0.014643539184525052
 1.5312E-02,0.016966756028574986
 1.5330E-02,0.019017936870507797
 1.5348E-02,0.02063908829522869
 1.5365E-02,0.021716120239773633
 1.5383E-02,0.022201102557288493
 1.5400E-02,0.022114562326708494
 1.5418E-02,0.021527705964288203
 1.5435E-02,0.020532188115704394
 1.5453E-02,0.01920967009257774
 1.5470E-02,0.01761308756185352
 1.5488E-02,0.015766458045702366
 1.5505E-02,0.013682292222916741
 1.5523E-02,0.011388371254233861
 1.5540E-02,0.008951746029805672
 1.5558E-02,0.006488852832242558
 1.5576E-02,0.00415617886696206
 1.5593E-02,0.0021237020562881203
 1.5611E-02,0.0005402389043627851
 1.5628E-02,-0.0004968879177681882
 1.5646E-02,-0.0009570766090395189
 1.5663E-02,-0.0008716252383927279
 1.5681E-02,-0.0003116365786871725
 1.5698E-02,0.0006420452852165215
 1.5716E-02,0.0019247806701255207
 1.5733E-02,0.0034999199120173403
 1.5751E-02,0.0053524078053324275
 1.5768E-02,0.0074677585734318035
 1.5786E-02,0.009806039514476995
 1.5804E-02,0.012282668203715028
 1.5821E-02,0.014765215503357867
 1.5839E-02,0.0170890637891864
 1.5856E-02,0.019087231658733925
 1.5874E-02,0.02062395626758633
 1.5891E-02,0.021620015728187066
 1.5909E-02,0.022060928184843807
 1.5926E-02,0.02198581798534715
 1.5944E-02,0.021462217317034717
 1.5961E-02,0.02055737122177171
 1.5979E-02,0.019317626133011325
 1.5996E-02,0.017763839680007595
 1.6014E-02,0.015903958684180652
 1.6032E-02,0.013756729770688899
 1.6049E-02,0.011375825670109578
 1.6067E-02,0.008863360400948723
 1.6084E-02,0.006365931565714611
 1.6102E-02,0.004053272436362746
 1.6119E-02,0.0020865212252816345
 1.6137E-02,0.000587254632343972
 1.6154E-02,-0.00038183587236772436
 1.6172E-02,-0.0008182760724648049
 1.6189E-02,-0.0007637600501428153
 1.6207E-02,-0.0002779522096055241
 1.6225E-02,0.0005869544213368025
 1.6242E-02,0.0018007196746627472
 1.6260E-02,0.003353135743801082
 1.6277E-02,0.0052371589357541005
 1.6295E-02,0.007424807762088479
 1.6312E-02,0.009846660113274983
 1.6330E-02,0.012384517628669548
 1.6347E-02,0.014881666371733653
 1.6365E-02,0.017168200566439643
 1.6382E-02,0.01909286808650741
 1.6400E-02,0.020550244811958857
 1.6417E-02,0.02149381607610486
 1.6435E-02,0.02193103079341049
 1.6453E-02,0.021903393872312354
 1.6470E-02,0.02146036375802744
 1.6488E-02,0.020637947083177743
 1.6505E-02,0.019450608346368112
 1.6523E-02,0.017899391775408655
 1.6540E-02,0.01599231491664529
 1.6558E-02,0.013767901009650856
 1.6575E-02,0.011311254357677228
 1.6593E-02,0.008754923616734836
 1.6610E-02,0.006262781875183893
 1.6628E-02,0.004001863243448759
 1.6645E-02,0.0021118459799630077
 1.6663E-02,0.0006827866285847362
 1.6681E-02,-0.0002515376619069658
 1.6698E-02,-0.0007034030303106444
 1.6716E-02,-0.0007092381847035595
 1.6733E-02,-0.00030558191780761146
 1.6751E-02,0.00048709439336165855
 1.6768E-02,0.0016662212097123656
 1.6786E-02,0.0032342373566881166
 1.6803E-02,0.005176789323750139
 1.6821E-02,0.007441675759509615
 1.6838E-02,0.009928118863305652
 1.6856E-02,0.012492002331888952
 1.6873E-02,0.014966473528617281
 1.6891E-02,0.017191251096164904
 1.6909E-02,0.019040523329569597
 1.6926E-02,0.0204398504218463
 1.6944E-02,0.021366786733321083
 1.6961E-02,0.021836291868684268
 1.6979E-02,0.021877850816836745
 1.6996E-02,0.02151423141921843
 1.7014E-02,0.020750786435914225
 1.7031E-02,0.019579600946803388
 1.7049E-02,0.017996475960544954
 1.7066E-02,0.016023280874171954
 1.7084E-02,0.013725799538248554
 1.7102E-02,0.01121879812800592
 1.7119E-02,0.008654999318398244
 1.7137E-02,0.006200952347399951
 1.7154E-02,0.004007911690322404
 1.7172E-02,0.002187745656657878
 1.7189E-02,0.0008018635362419286
 1.7207E-02,-0.0001339761984501932
 1.7224E-02,-0.0006322722363514791
 1.7242E-02,-0.0007118418572337807
 1.7259E-02,-0.0003808474582696942
 1.7277E-02,0.00036805790199644
 1.7294E-02,0.0015485211265691174
 1.7312E-02,0.0031612306133714475
 1.7330E-02,0.005172942841872059
 1.7347E-02,0.007503082049383792
 1.7365E-02,0.010024411010816664
 1.7382E-02,0.012578848040035099
 1.7400E-02,0.015003605173526922
 1.7417E-02,0.017158791754189273
 1.7435E-02,0.01894707326414408
 1.7452E-02,0.020319119570123757
 1.7470E-02,0.021264159946149865
 1.7487E-02,0.021790743673483354
 1.7505E-02,0.02190646790300204
 1.7522E-02,0.021605523833919293
 1.7540E-02,0.02086941932344895
 1.7558E-02,0.019680593316476574
 1.7575E-02,0.01804313426288862
 1.7593E-02,0.016001673278121135
 1.7610E-02,0.013650005632768056
 1.7628E-02,0.011124898597705466
 1.7645E-02,0.008586289799548636
 1.7663E-02,0.0061903576958695535
 1.7680E-02,0.004064652669423749
 1.7698E-02,0.0022935621989461107
 1.7715E-02,0.0009182500388554983
 1.7733E-02,-5.046787497057484e-05
 1.7750E-02,-0.0006128039738114015
 1.7768E-02,-0.000763009210046042
 1.7786E-02,-0.00048221383902987086
 1.7803E-02,0.00025568325158846223
 1.7821E-02,0.0014674170864408293
 1.7838E-02,0.0031399915330620897
 1.7856E-02,0.005215289456552676
 1.7873E-02,0.0075866880834287225
 1.7891E-02,0.010110163218010306
 1.7908E-02,0.012626790723764438
 1.7926E-02,0.014989161937728035
 1.7943E-02,0.017082766329640637
 1.7961E-02,0.018835441401228434
 1.7979E-02,0.020212725936203713
 1.7996E-02,0.021202478379603453
 1.8014E-02,0.02179622199322846
 1.8031E-02,0.021975717237534387
 1.8049E-02,0.021710843390816352
 1.8066E-02,0.020969992806304297
 1.8084E-02,0.019738824763847786
 1.8101E-02,0.01803955831726249
 1.8119E-02,0.015942484160445948
 1.8136E-02,0.01356424203799629
 1.8154E-02,0.011052482809104366
 1.8171E-02,0.008561771170369766
 1.8189E-02,0.006228894363903842
 1.8207E-02,0.00415582512147019
 1.8224E-02,0.0024054474084634673
 1.8242E-02,0.0010100760032297218
 1.8259E-02,-1.2177644729760182e-05
 1.8277E-02,-0.0006410470123008698
 1.8294E-02,-0.0008453158240509263
 1.8312E-02,-0.000585793686966302
 1.8329E-02,0.00017076812538096892
 1.8347E-02,0.0014323464786777833
 1.8364E-02,0.0031649018899085144
 1.8382E-02,0.005285486927944289
 1.8399E-02,0.007668826293295518
 1.8417E-02,0.010165870267154977
 1.8435E-02,0.012628264147570971
 1.8452E-02,0.014930481264986225
 1.8470E-02,0.016982404942648483
 1.8487E-02,0.018728996247608046
 1.8505E-02,0.02013880435837997
 1.8522E-02,0.02118741169540561
 1.8540E-02,0.02184372342540037
 1.8557E-02,0.022065596338446063
 1.8575E-02,0.021807244715023173
 1.8592E-02,0.021035811279597662
 1.8610E-02,0.019750494376842436
 1.8627E-02,0.01799629354710921
 1.8645E-02,0.015866310846835145
 1.8663E-02,0.013490867045853235
 1.8680E-02,0.011016720055141246
 1.8698E-02,0.008583394760339858
 1.8715E-02,0.006304578353855162
 1.8733E-02,0.004260359304076103
 1.8750E-02,0.002501694954887902
 1.8768E-02,0.001063655503451686
 1.8785E-02,-1.936172737572613e-05
 1.8803E-02,-0.000703807115909841
 1.8820E-02,-0.0009374639479753323
 1.8838E-02,-0.0006707377189986944
 1.8856E-02,0.00012538613482532366
 1.8873E-02,0.0014418267671268922
 1.8891E-02,0.0032215793478058575
 1.8908E-02,0.005362058278337061
 1.8926E-02,0.007729537644458792
 1.8943E-02,0.010181058612517519
 1.8961E-02,0.01258642175897643
 1.8978E-02,0.014843020129607597
 1.8996E-02,0.016879233236482334
 1.9013E-02,0.01864670213581994
 1.9031E-02,0.020106195981801755
 1.9048E-02,0.02121420340935513
 1.9066E-02,0.02191687601786873
 1.9084E-02,0.022154735865190175
 1.9101E-02,0.021876943611223842
 1.9119E-02,0.02105977846193795
 1.9136E-02,0.01972198244696419
 1.9154E-02,0.01793057897158438
 1.9171E-02,0.015794304415141097
 1.9189E-02,0.013446471652464924
 1.9206E-02,0.01102303972069027
 1.9224E-02,0.008643324440504193
 1.9241E-02,0.0063995157838496195
 1.9259E-02,0.004357511508497116
 1.9276E-02,0.0025670191884412386
 1.9294E-02,0.0010752461487931783
 1.9312E-02,-6.277406755552262e-05
 1.9329E-02,-0.0007825971480403034
 1.9347E-02,-0.001019142807281123
 1.9364E-02,-0.0007230205786118663
 1.9382E-02,0.00012171484415360952
 1.9399E-02,0.00148537768844151
 1.9417E-02,0.0032911275640399177
 1.9434E-02,0.005425267775080187
 1.9452E-02,0.007756118774874624
 1.9469E-02,0.010155079297295106
 1.9487E-02,0.012512848110340617
 1.9504E-02,0.01474588404882684
 1.9522E-02,0.016792181541502152
 1.9540E-02,0.0185997275646632
 1.9557E-02,0.020113865140445206
 1.9575E-02,0.021270077802702438
 1.9592E-02,0.021996324900313217
 1.9610E-02,0.02222497119038755
 1.9627E-02,0.02191022113499825
 1.9645E-02,0.02104446094943499
 1.9662E-02,0.019667045809159827
 1.9680E-02,0.017861795496726406
 1.9697E-02,0.01574368398733643
 1.9715E-02,0.01343923356511209
 1.9733E-02,0.011067349203707059
 1.9750E-02,0.008726888052515166
 1.9768E-02,0.006494361982573237
 1.9785E-02,0.004431005826987912
 1.9803E-02,0.002594688433401072
 1.9820E-02,0.0010502930937330108
 1.9838E-02,-0.00012703183379223523
 1.9855E-02,-0.0008582865469293512
 1.9873E-02,-0.0010751228573912253
 1.9890E-02,-0.0007373615109603044
 1.9908E-02,0.00015304369115656097
 1.9925E-02,0.0015470542470608804
 1.9943E-02,0.0033547992920449025
 1.9961E-02,0.0054610879820339514
 1.9978E-02,0.007744864541106518
 1.9996E-02,0.010096001968176237
 2.0013E-02,0.012424127367288217
 2.0031E-02,0.014657522554704977
 2.0048E-02,0.01673420030900437
 2.0066E-02,0.01859039199195903
 2.0083E-02,0.020152642320388745
 2.0101E-02,0.02133811476196681
 2.0118E-02,0.022064216350429596
 2.0136E-02,0.02226466826176908
 2.0153E-02,0.02190628873075846
 2.0171E-02,0.02100017630455067
 2.0189E-02,0.019602922990876973
 2.0206E-02,0.017807171176482995
 2.0224E-02,0.015724777871866134
 2.0241E-02,0.013468488744411488
 2.0259E-02,0.011138315502642339
 2.0276E-02,0.008816667801310003
 2.0294E-02,0.006572603280964474
 2.0311E-02,0.00447182114943899
 2.0329E-02,0.0025867329973517667
 2.0346E-02,0.0010010027219125872
 2.0364E-02,-0.00019468874180879423
 2.0381E-02,-0.0009151941964836419
 2.0399E-02,-0.0010977558810003959
 2.0417E-02,-0.0007171788732179662
 2.0434E-02,0.00020628203294336008
 2.0452E-02,0.0016093381989662125
 2.0469E-02,0.0033976335484119484
 2.0487E-02,0.00546304530911247
 2.0504E-02,0.00770030230880136
 2.0522E-02,0.010017464623251373
 2.0539E-02,0.012337490554636229
 2.0557E-02,0.01459183787732367
 2.0574E-02,0.016710311252837774
 2.0592E-02,0.018612868381421482
 2.0610E-02,0.02020823659226535
 2.0627E-02,0.021401321826463635
 2.0645E-02,0.022107673489642064
 2.0662E-02,0.022270203363697495
 2.0680E-02,0.02187218501310811
 2.0697E-02,0.020941760601923494
 2.0715E-02,0.019546277486692014
 2.0732E-02,0.017778527427887304
 2.0750E-02,0.01573986833235245
 2.0767E-02,0.013526122924132727
 2.0785E-02,0.011220731510037198
 2.0802E-02,0.008896485541809782
 2.0820E-02,0.006623569883062548
 2.0838E-02,0.0044790439716681195
 2.0855E-02,0.0025523288960540725
 2.0873E-02,0.0009429480744257287
 2.0890E-02,-0.0002499968912365693
 2.0908E-02,-0.000943652866099604
 2.0925E-02,-0.001087249360924865
 2.0943E-02,-0.0006723884439715815
 2.0960E-02,0.00026584429356391807
 2.0978E-02,0.0016572527259729154
 2.0995E-02,0.0034112631425533015
 2.1013E-02,0.0054327099175957485
 2.1030E-02,0.007633276691808948
 2.1048E-02,0.00993521550811745
 2.1066E-02,0.012267274522298127
 2.1083E-02,0.014556029787773997
 2.1101E-02,0.016717727709690596
 2.1118E-02,0.018655537473787526
 2.1136E-02,0.020264874119745913
 2.1153E-02,0.02144608614049285
 2.1171E-02,0.022120663935839974
 2.1188E-02,0.022245484424184093
 2.1206E-02,0.02182012980730147
 2.1223E-02,0.020884801535035562
 2.1241E-02,0.019509801272276563
 2.1258E-02,0.017780589899122096
 2.1276E-02,0.015783857298295196
 2.1294E-02,0.013599293308755723
 2.1311E-02,0.011299170628377457
 2.1329E-02,0.008954493181464851
 2.1346E-02,0.006643687934996896
 2.1364E-02,0.004458736487303627
 2.1381E-02,0.0025046776073409252
 2.1399E-02,0.0008911339125486735
 2.1416E-02,-0.0002821766416111224
 2.1434E-02,-0.0009414181015500265
 2.1451E-02,-0.0010507740190013768
 2.1469E-02,-0.0006166914113381044
 2.1487E-02,0.000316979927952227
 2.1504E-02,0.001680877195817503
 2.1522E-02,0.003394527506562463
 2.1539E-02,0.005378102931375398
 2.1557E-02,0.0075577514305669915
 2.1574E-02,0.00986357145779185
 2.1592E-02,0.012222452388414153
 2.1609E-02,0.01455019918609989
 2.1627E-02,0.016747716538538345
 2.1644E-02,0.018704402942615425
 2.1662E-02,0.020308952336175735
 2.1679E-02,0.021464667428299253
 2.1697E-02,0.02210440136305243
 2.1715E-02,0.02220016768375093
 2.1732E-02,0.02176433065544254
 2.1750E-02,0.020842362752708985
 2.1767E-02,0.019500204952980608
 2.1785E-02,0.01781107571153063
 2.1802E-02,0.015846439649216924
 2.1820E-02,0.013673847946153474
 2.1837E-02,0.011361327433533684
 2.1855E-02,0.008985159742050183
 2.1872E-02,0.006636398621380603
 2.1890E-02,0.00442191635189328
 2.1907E-02,0.002457960546670286
 2.1925E-02,0.0008572526131195924
 2.1943E-02,-0.0002866566724220518
 2.1960E-02,-0.0009128106409993592
 2.1978E-02,-0.0009997637176563932
 2.1995E-02,-0.000564035803341889
 2.2013E-02,0.00034879566800530217
 2.2030E-02,0.0016766847673663284
 2.2048E-02,0.0033526061398045795
 2.2065E-02,0.005310958531911268
 2.2083E-02,0.007487249543641104
 2.2100E-02,0.009812382466032901
 2.2118E-02,0.01220523120962373
 2.2135E-02,0.014568014312812473
 2.2153E-02,0.01678793157007749
 2.2171E-02,0.018746025777883365
 2.2188E-02,0.02033128006074765
 2.2206E-02,0.021455744214958727
 2.2223E-02,0.022065895922750996
 2.2241E-02,0.022146726896193413
 2.2258E-02,0.02171769059107826
 2.2276E-02,0.02082260050213447
 2.2293E-02,0.01951765027422719
 2.2311E-02,0.017862119666567713
 2.2328E-02,0.015914899905130758
 2.2346E-02,0.013737318116611157
 2.2364E-02,0.011399949158651484
 2.2381E-02,0.00898930522583565
 2.2399E-02,0.00661021092123798
 2.2416E-02,0.004381330579831701
 2.2434E-02,0.0024240421957083514
 2.2451E-02,0.00084755154024576
 2.2469E-02,-0.00026526624240746466
 2.2486E-02,-0.0008669505762792218
 2.2504E-02,-0.0009469281921835154
 2.2521E-02,-0.0005255956968572246
 2.2539E-02,0.0003561501023280477
 2.2556E-02,0.0016476427741458507
 2.2574E-02,0.003295411350954734
 2.2592E-02,0.005244207925489222
 2.2609E-02,0.007432610728412042
 2.2627E-02,0.00978614569138553
 2.2644E-02,0.012212065285664061
 2.2662E-02,0.014599402020307357
 2.2679E-02,0.01682588078875226
 2.2697E-02,0.018770540864626956
 2.2714E-02,0.020328579090102862
 2.2732E-02,0.021423920631527472
 2.2749E-02,0.022015760620105032
 2.2767E-02,0.022097509063738637
 2.2784E-02,0.021689339756668587
 2.2802E-02,0.020827788137113366
 2.2820E-02,0.019556675759816795
 2.2837E-02,0.01792274643950058
 2.2855E-02,0.015977163808710733
 2.2872E-02,0.013781361531747485
 2.2890E-02,0.011413737741756858
 2.2907E-02,0.008973152605823254
 2.2925E-02,0.00657633397232197
 2.2942E-02,0.004348655763047804
 2.2960E-02,0.0024103779365420375
 2.2977E-02,0.0008622772808961452
 2.2995E-02,-0.00022507234166888762
 2.3012E-02,-0.0008154145681046188
 2.3030E-02,-0.0009037744029591619
 2.3048E-02,-0.0005082878166666905
 2.3065E-02,0.0003393776657939525
 2.3083E-02,0.0016010885520787192
 2.3100E-02,0.003234242580490763
 2.3118E-02,0.0051885101399873025
 2.3135E-02,0.007399537769425055
 2.3153E-02,0.009783303483272034
 2.3170E-02,0.012234756901820866
 2.3188E-02,0.014632808921090177
 2.3205E-02,0.016851278274830933
 2.3223E-02,0.018773035632889654
 2.3241E-02,0.020303256785412154
 2.3258E-02,0.021377939982446133
 2.3276E-02,0.021965565356867868
 2.3293E-02,0.022062290471710273
 2.3311E-02,0.02168338228310751
 2.3328E-02,0.020854767393288978
 2.3346E-02,0.01960818218333887
 2.3363E-02,0.017981604920266687
 2.3381E-02,0.016024197950486853
 2.3398E-02,0.013802882399743619
 2.3416E-02,0.011406765664237593
 2.3433E-02,0.008946307952166683
 2.3451E-02,0.006546078881952291
 2.3469E-02,0.004332428747825933
 2.3486E-02,0.0024193929426235905
 2.3504E-02,0.0008968728263128447
 2.3521E-02,-0.00017568577306325867
 2.3539E-02,-0.0007689270449323462
 2.3556E-02,-0.0008777742950593075
 2.3574E-02,-0.0005132874936302695
 2.3591E-02,0.0003041097878921144
 2.3609E-02,0.0015472415104488043
 2.3626E-02,0.003179855018633206
 2.3644E-02,0.005150894419810882
 2.3661E-02,0.007388563747147972
 2.3679E-02,0.00979771298102711
 2.3697E-02,0.012262958607344568
 2.3714E-02,0.014657807838550387
 2.3732E-02,0.016857742158505523
 2.3749E-02,0.01875365291925398
 2.3767E-02,0.02026183434036917
 2.3784E-02,0.021328004675514104
 2.3802E-02,0.021925040948287147
 2.3819E-02,0.022046393434355493
 2.3837E-02,0.021698586328513656
 2.3854E-02,0.02089624661718645
 2.3872E-02,0.01966173889496546
 2.3889E-02,0.01802928864080408
 2.3907E-02,0.01605135059685516
 2.3925E-02,0.013803789156707248
 2.3942E-02,0.01138666822494015
 2.3960E-02,0.008919007649449077
 2.3977E-02,0.006528126205931
 2.3995E-02,0.004336252868367692
 2.4012E-02,0.0024481314016416462
 2.4030E-02,0.000942963535307135
 2.4047E-02,-0.00012760314663978647
 2.4065E-02,-0.0007359756388362303
 2.4082E-02,-0.0008720890911754174
 2.4100E-02,-0.0005372402990722598
 2.4118E-02,0.0002588179027680588
 2.4135E-02,0.0014962775687605704
 2.4153E-02,0.003140076109598728
 2.4170E-02,0.0051337671962591504
 2.4188E-02,0.007395802262336523
 2.4205E-02,0.00982085845389887
 2.4223E-02,0.012287043468305853
 2.4240E-02,0.014667613711035667
 2.4258E-02,0.016844129282473738
 2.4275E-02,0.018717418470674332
 2.4293E-02,0.020213555422394867
 2.4310E-02,0.02128393632085216
 2.4328E-02,0.021900720984411877
 2.4346E-02,0.02205051965930107
 2.4363E-02,0.021729612659957095
 2.4381E-02,0.020943045708021003
 2.4398E-02,0.01970804484407563
 2.4416E-02,0.0180601230151522
 2.4433E-02,0.016058853065609058
 2.4451E-02,0.013790129795253665
 2.4468E-02,0.011362902730975934
 2.4486E-02,0.008900368284551943
 2.4503E-02,0.0065276635638118734
 2.4521E-02,0.004359389439498528
 2.4538E-02,0.00249030596968247
 2.4556E-02,0.000991296871661702
 2.4574E-02,-8.930135751168211e-05
 2.4591E-02,-0.0007208673608826956
 2.4609E-02,-0.0008851650442274438
 2.4626E-02,-0.0005734131604707757
 2.4644E-02,0.00021264316797452263
 2.4661E-02,0.0014560016265097336
 2.4679E-02,0.0031181584522020763
 2.4696E-02,0.005134426206145922
 2.4714E-02,0.007413563999433502
 2.4731E-02,0.009843010750141842
 2.4749E-02,0.012298989651218633
 2.4766E-02,0.014658964734663046
 2.4784E-02,0.01681308483550397
 2.4802E-02,0.01867168045874034
 2.4819E-02,0.020167411911670544
 2.4837E-02,0.021252690012991807
 2.4854E-02,0.021894696924038625
 2.4872E-02,0.022071047874777868
 2.4889E-02,0.021768581404828152
 2.4907E-02,0.02098618487409789
 2.4924E-02,0.019740606024092062
 2.4942E-02,0.018072671887363896
 2.4959E-02,0.016050859752204633
 2.4977E-02,0.013769940197908948
 2.4995E-02,0.011344132703971188
 2.5012E-02,0.008896194225900492
 2.5030E-02,0.006545314569184755
 2.5047E-02,0.004397049980745333
 2.5065E-02,0.0025376604311609175
 2.5082E-02,0.001033485550905571
 2.5100E-02,-6.590478355764443e-05
 2.5117E-02,-0.000723364016716484
 2.5135E-02,-0.0009114257148891436
 2.5152E-02,-0.0006130197296044268
 2.5170E-02,0.00017420661299783185
 2.5187E-02,0.0014315955096672172
 2.5205E-02,0.003113971643492292
 2.5223E-02,0.005147689865339734
 2.5240E-02,0.0074338889227798
 2.5258E-02,0.00985679100623219
 2.5275E-02,0.01229509198268517
 2.5293E-02,0.014633414841632697
 2.5310E-02,0.01677086993308022
 2.5328E-02,0.018624947507668813
 2.5345E-02,0.020130786651459637
 2.5363E-02,0.021237593143578957
 2.5380E-02,0.021904929468375193
 2.5398E-02,0.022101401500025892
 2.5415E-02,0.0218070116719188
 2.5433E-02,0.02101865745738415
 2.5451E-02,0.01975666176620498
 2.5468E-02,0.01806948133446689
 2.5486E-02,0.016034157699914064
 2.5503E-02,0.013751491698892317
 2.5521E-02,0.011336773985123923
 2.5538E-02,0.008908456209659979
 2.5556E-02,0.00657779056377202
 2.5573E-02,0.004441957818705778
 2.5591E-02,0.002581764144532219
 2.5608E-02,0.0010631997798129513
 2.5626E-02,-5.926802146163121e-05
 2.5643E-02,-0.0007402916348938476
 2.5661E-02,-0.0009441428918862222
 2.5679E-02,-0.0006486743188753887
 2.5696E-02,0.00014840329219352564
 2.5714E-02,0.0014233305013080489
 2.5731E-02,0.0031229003204188404
 2.5749E-02,0.005165767845597024
 2.5766E-02,0.007448812287402624
 2.5784E-02,0.009857150137023095
 2.5801E-02,0.01227516411585723
 2.5819E-02,0.014595671200825134
 2.5836E-02,0.01672519324742524
 2.5854E-02,0.018584875332990705
 2.5872E-02,0.02010828584455263
 2.5889E-02,0.021238454436276415
 2.5907E-02,0.021926615926800223
 2.5924E-02,0.02213419563949873
 2.5942E-02,0.021837982464436658
 2.5959E-02,0.021036842790800786
 2.5977E-02,0.019757384983433567
 2.5994E-02,0.018056080620792194
 2.6012E-02,0.016016455254684037
 2.6029E-02,0.01374164099991889
 2.6047E-02,0.011344170240250973
 2.6064E-02,0.008935759802597885
 2.6082E-02,0.006619655394820961
 2.6100E-02,0.004486965650086201
 2.6117E-02,0.00261678299521955
 2.6135E-02,0.0010784222624583438
 2.6152E-02,-6.661095964221133e-05
 2.6170E-02,-0.000765006452104902
 2.6187E-02,-0.000975284406906119
 2.6205E-02,-0.0006739882544458747
 2.6222E-02,0.00013759157151058544
 2.6240E-02,0.001428732298334621
 2.6257E-02,0.0031387243730775414
 2.6275E-02,0.00518122277494821
 2.6292E-02,0.007452632133261852
 2.6310E-02,0.009842319383052033
 2.6328E-02,0.01224194424672344
 2.6345E-02,0.014551715165895499
 2.6363E-02,0.016682702199324228
 2.6380E-02,0.018555935414495454
 2.6398E-02,0.020100247706725482
 2.6415E-02,0.02125119519813125
 2.6433E-02,0.021952763683448444
 2.6450E-02,0.022162207280019722
 2.6468E-02,0.0218568249879372
 2.6485E-02,0.021040393912143355
 2.6503E-02,0.019746793054346776
 2.6520E-02,0.01803915322936073
 2.6538E-02,0.0160043434645561
 2.6556E-02,0.013744169131946836
 2.6573E-02,0.011365695909618726
 2.6591E-02,0.008973225447038642
 2.6608E-02,0.006663606120621883
 2.6626E-02,0.0045251184766413495
 2.6643E-02,0.0026387168791735796
 2.6661E-02,0.0010795202456481549
 2.6678E-02,-8.35265010821107e-05
 2.6696E-02,-0.0007909761380106748
 2.6713E-02,-0.0009989094635715432
 2.6731E-02,-0.0006860319374738625
 2.6749E-02,0.00014053963647764778
 2.6766E-02,0.001442984387063636
 2.6784E-02,0.003155108360760988
 2.6801E-02,0.00518891970974804
 2.6819E-02,0.007443690265493803
 2.6836E-02,0.009815031787577606
 2.6854E-02,0.012201736304125427
 2.6871E-02,0.014509186968546696
 2.6889E-02,0.016649609192274664
 2.6906E-02,0.01854071262607671
 2.6924E-02,0.020104860315240364
 2.6941E-02,0.021270561444387097
 2.6959E-02,0.021976962354886866
 2.6977E-02,0.022180567151422564
 2.6994E-02,0.021862245219742674
 2.7012E-02,0.021032161560378355
 2.7029E-02,0.019730777023222693
 2.7047E-02,0.018025313542771648
 2.7064E-02,0.01600257269510492
 2.7082E-02,0.013760146435082709
 2.7099E-02,0.011398420047896415
 2.7117E-02,0.009015212070087477
 2.7134E-02,0.006703664093008
 2.7152E-02,0.004552591065209955
 2.7169E-02,0.0026474964764526343
 2.7187E-02,0.0010702465985277505
 2.7205E-02,-0.00010394051780071752
 2.7222E-02,-0.0008122775887912115
 2.7240E-02,-0.0010117068893035989
 2.7257E-02,-0.0006855789354245653
 2.7275E-02,0.00015248669955389893
 2.7292E-02,0.0014589646604502371
 2.7310E-02,0.003165076565778361
 2.7327E-02,0.005184427551476018
 2.7345E-02,0.007421448811712978
 2.7362E-02,0.009778426306652328
 2.7380E-02,0.012159686615741256
 2.7397E-02,0.014472808351524728
 2.7415E-02,0.01662800634126292
 2.7433E-02,0.018537581466160507
 2.7450E-02,0.020117243939232695
 2.7468E-02,0.021290240297225975
 2.7485E-02,0.021993903525877084
 2.7503E-02,0.022187036897243998
 2.7520E-02,0.021855931166891038
 2.7538E-02,0.02101705775412258
 2.7555E-02,0.01971548989948873
 2.7573E-02,0.018019484130136196
 2.7590E-02,0.016012862707143246
 2.7608E-02,0.013787403272367903
 2.7626E-02,0.011437155070609072
 2.7643E-02,0.009055595140981764
 2.7661E-02,0.006735231289929179
 2.7678E-02,0.004568184125088386
 2.7696E-02,0.0026458701404125993
 2.7713E-02,0.0010563217365862374
 2.7731E-02,-0.00012125521625258769
 2.7748E-02,-0.0008238040334776298
 2.7766E-02,-0.0010117582796537019
 2.7783E-02,-0.0006742589440871109
 2.7801E-02,0.00016935721737883116
 2.7818E-02,0.0014722522663667766
 2.7836E-02,0.0031660990273702167
 2.7854E-02,0.005168565083424624
 2.7871E-02,0.0073901560929629795
 2.7889E-02,0.009738840634847585
 2.7906E-02,0.012121989004665443
 2.7924E-02,0.014446390575120815
 2.7941E-02,0.01661796993665263
 2.7959E-02,0.018542956444763753
 2.7976E-02,0.02013162224294596
 2.7994E-02,0.021304550642116726
 2.8011E-02,0.02200019903462273
 2.8029E-02,0.02218176752244383
 2.8046E-02,0.02184138813602596
 2.8064E-02,0.02100041840045075
 2.8082E-02,0.019705858320617737
 2.8099E-02,0.01802412649134535
 2.8117E-02,0.01603415393341051
 2.8134E-02,0.01382170982592244
 2.8152E-02,0.011476097720333294
 2.8169E-02,0.009089182208656718
 2.8187E-02,0.006755609441937668
 2.8204E-02,0.004572515874392334
 2.8222E-02,0.002637205839837276
 2.8239E-02,0.0010421410822461393
 2.8257E-02,-0.00013222669349167169
 2.8274E-02,-0.0008252158882658451
 2.8292E-02,-0.0010022416487759536
 2.8310E-02,-0.0006579818740892809
 2.8327E-02,0.00018439707212003
 2.8345E-02,0.001477504231405927
 2.8362E-02,0.003155987801302847
 2.8380E-02,0.005142857040463608
 2.8397E-02,0.007354217328383594
 2.8415E-02,0.009701684237624793
 2.8432E-02,0.012092891067622116
 2.8450E-02,0.014431422769877324
 2.8467E-02,0.016617824899839678
 2.8485E-02,0.018552920630534406
 2.8503E-02,0.02014368923889515
 2.8520E-02,0.02131081207034874
 2.8538E-02,0.021996143019244973
 2.8555E-02,0.0221681587024434
 2.8573E-02,0.021823978991137118
 2.8590E-02,0.020987616114547452
 2.8608E-02,0.019705291975981205
 2.8625E-02,0.01803949677042585
 2.8643E-02,0.01606362834069518
 2.8660E-02,0.013858501988712156
 2.8678E-02,0.011510993149461099
 2.8695E-02,0.009113997551437478
 2.8713E-02,0.006766207101266394
 2.8731E-02,0.004570183561480298
 2.8748E-02,0.0026278717500917443
 2.8766E-02,0.0010337623444416403
 2.8783E-02,-0.0001330391388865862
 2.8801E-02,-0.0008159766644212558
 2.8818E-02,-0.0009856629195765007
 2.8836E-02,-0.0006409151638882759
 2.8853E-02,0.00019371872467081343
 2.8871E-02,0.0014728158824534121
 2.8888E-02,0.003135593063708097
 2.8906E-02,0.0051104407190966684
 2.8923E-02,0.0073175466980275414
 2.8941E-02,0.009669717287916876
 2.8959E-02,0.012072442663469157
 2.8976E-02,0.014424711177983447
 2.8994E-02,0.016621864117324785
 2.9011E-02,0.018560982448588666
 2.9029E-02,0.020148230649149435
 2.9046E-02,0.021306680392334618
 2.9064E-02,0.02198276613592169
 2.9081E-02,0.02214984185216772
 2.9099E-02,0.021808194720737317
 2.9116E-02,0.020981981420247035
 2.9134E-02,0.01971445168486908
 2.9151E-02,0.01806316537200258
 2.9169E-02,0.01609657319075664
 2.9187E-02,0.013892470415003015
 2.9204E-02,0.011537809403487139
 2.9222E-02,0.009128593729479238
 2.9239E-02,0.006768387414184205
 2.9257E-02,0.00456443565591821
 2.9274E-02,0.002621322956480111
 2.9292E-02,0.0010331176132017887
 2.9309E-02,-0.00012434149185384632
 2.9327E-02,-0.0007992516775891936
 2.9344E-02,-0.0009665182331559898
 2.9362E-02,-0.0006270340213983395
 2.9380E-02,0.00019565907347164743
 2.9397E-02,0.0014598570513912638
 2.9415E-02,0.003109757398480471
 2.9432E-02,0.005078041367650915
 2.9450E-02,0.007286823944815659
 2.9467E-02,0.009647744571309572
 2.9485E-02,0.01206253254872668
 2.9502E-02,0.014425346443238932
 2.9520E-02,0.016627565309093713
 2.9537E-02,0.018564747203211062
 2.9555E-02,0.02014455261353939
 2.9572E-02,0.021293927686603504
 2.9590E-02,0.021963961457003942
 2.9608E-02,0.02213153199097629
 2.9625E-02,0.021797865946854664
 2.9643E-02,0.020985059756455468
 2.9660E-02,0.01973209046640017
 2.9678E-02,0.01809170309302512
 2.9695E-02,0.016128873225021777
 2.9713E-02,0.013920602046452138
 2.9730E-02,0.011555998436227377
 2.9748E-02,0.009135271682201442
 2.9765E-02,0.0067665374495927254
 2.9783E-02,0.004560119815431065
 2.9800E-02,0.0026210021651454857
 2.9818E-02,0.0010408528182730178
 2.9836E-02,-0.00010867974592323592
 2.9853E-02,-0.0007800488442358367
 2.9871E-02,-0.0009507339333321935
 2.9888E-02,-0.0006214488860433506
 2.9906E-02,0.00018716615414939388
 2.9923E-02,0.0014379147175496146
 2.9941E-02,0.003079351938450773
 2.9958E-02,0.005046673001007036
 2.9976E-02,0.007261704493657669
 2.9993E-02,0.009633149727901446
 3.0011E-02,0.012058354854153474
 3.0028E-02,0.014427411136956845
 3.0046E-02,0.01662956471031589
 3.0064E-02,0.018561003018670738
 3.0081E-02,0.020132487989093038
 3.0099E-02,0.021275252494919416
 3.0116E-02,0.021944095278608945
 3.0134E-02,0.022117499220165794
 3.0151E-02,0.021795510723140097
 3.0169E-02,0.020996698957276096
 3.0186E-02,0.01975554352990902
 3.0204E-02,0.018121082324366152
 3.0221E-02,0.01615681245750629
 3.0239E-02,0.01394102903110196
 3.0257E-02,0.011566345643980312
 3.0274E-02,0.009137253198847204
 3.0292E-02,0.006765199679775239
 3.0309E-02,0.004561565905575786
 3.0327E-02,0.002629716938698046
 3.0344E-02,0.0010577078338858904
 3.0362E-02,-8.694047767888167e-05
 3.0379E-02,-0.0007596383598244094
 3.0397E-02,-0.0009384368133147874
 3.0414E-02,-0.0006219733141152334
 3.0432E-02,0.00017304518562039496
 3.0449E-02,0.0014136861442737314
 3.0467E-02,0.0030514479330362534
 3.0485E-02,0.005022028057225947
 3.0502E-02,0.0072451676118272775
 3.0520E-02,0.00962577563439179
 3.0537E-02,0.012057243727896573
 3.0555E-02,0.014427144032667856
 3.0572E-02,0.016624642869689083
 3.0590E-02,0.018548299259844102
 3.0607E-02,0.020112717125835088
 3.0625E-02,0.02125286488066447
 3.0642E-02,0.021925632912491798
 3.0660E-02,0.02210907182175403
 3.0677E-02,0.02180040158651746
 3.0695E-02,0.021014056537029556
 3.0713E-02,0.019780677918696785
 3.0730E-02,0.018147243096336613
 3.0748E-02,0.016177734430839964
 3.0765E-02,0.013953231453617721
 3.0783E-02,0.01157027695370547
 3.0800E-02,0.009136842199689636
 3.0818E-02,0.006766014301414359
 3.0835E-02,0.004568335419336281
 3.0853E-02,0.0026442218328846237
 3.0870E-02,0.0010778868899560656
 3.0888E-02,-6.6309042527206e-05
 3.0905E-02,-0.0007449564157974243
 3.0923E-02,-0.0009347993061189731
 3.0941E-02,-0.0006311668268259292
 3.0958E-02,0.0001532629768119635
 3.0976E-02,0.0013887432783447084
 3.0993E-02,0.003027891077318862
 3.1011E-02,0.005005056071173334
 3.1028E-02,0.007236744847880993
 3.1046E-02,0.009624068020579607
 3.1063E-02,0.012057589135993635
 3.1081E-02,0.014424154314587621
 3.1098E-02,0.016614583937068526
 3.1116E-02,0.018530787642013505
 3.1134E-02,0.02009104891540626
 3.1151E-02,0.021232843868001023
 3.1169E-02,0.021913367389350683
 3.1186E-02,0.022108621772417077
 3.1204E-02,0.021812214908632267
 3.1221E-02,0.021034813359280154
 3.1239E-02,0.019804596147577735
 3.1256E-02,0.01816831440249825
 3.1274E-02,0.0161919924108805
 3.1291E-02,0.013960148628928769
 3.1309E-02,0.011572743827971271
 3.1326E-02,0.009139754146965561
 3.1344E-02,0.006774049887333172
 3.1362E-02,0.004583829890241024
 3.1379E-02,0.0026659958147703684
 3.1397E-02,0.0011015033174250643
 3.1414E-02,-4.695989258541146e-05
 3.1432E-02,-0.0007353736162869804
 3.1449E-02,-0.0009377954789700827
 3.1467E-02,-0.0006458197348845208
 3.1484E-02,0.00013122289696319118
 3.1502E-02,0.0013652722068824667
 3.1519E-02,0.0030083641442599164
 3.1537E-02,0.004992294862866406
 3.1554E-02,0.0072301178551294025
 3.1572E-02,0.009620008121941127
 3.1590E-02,0.012051303439656769
 3.1607E-02,0.01441182525984747
 3.1625E-02,0.016595166297138978
 3.1642E-02,0.018506670971637783
 3.1660E-02,0.020067312548997036
 3.1677E-02,0.021215397865907478
 3.1695E-02,0.02190672030502615
 3.1712E-02,0.02211416551650712
 3.1730E-02,0.0218277092062232
 3.1747E-02,0.021055271599327872
 3.1765E-02,0.019824214522780204
 3.1782E-02,0.018182672199229925
 3.1800E-02,0.016199648477380653
 3.1818E-02,0.013963006815067264
 3.1835E-02,0.011575057242412676
 3.1853E-02,0.009146183793549114
 3.1870E-02,0.00678756862044444
 3.1888E-02,0.00460431873752721
 3.1905E-02,0.0026900969697140147
 3.1923E-02,0.0011237882055193796
 3.1940E-02,-3.197486807714981e-05
 3.1958E-02,-0.0007311671588199331
 3.1975E-02,-0.000944554657283076
 3.1993E-02,-0.0006604320569788484
 3.2011E-02,0.00011390402782728243
 3.2028E-02,0.0013504001744592035
 3.2046E-02,0.002999121243350753
 3.2063E-02,0.004988750217708303
 3.2081E-02,0.007229369290683882
 3.2098E-02,0.009617540816586466
 3.2116E-02,0.012043011459604593
 3.2133E-02,0.014395877785758043
 3.2151E-02,0.016572963877355018
 3.2168E-02,0.018482502845436455
 3.2186E-02,0.020046846906041166
 3.2203E-02,0.021203603670667252
 3.2221E-02,0.021906045133262924
 3.2239E-02,0.022123688850449498
 3.2256E-02,0.02184359796489155
 3.2274E-02,0.021072343320505834
 3.2291E-02,0.019837973679994524
 3.2309E-02,0.018191002488684275
 3.2326E-02,0.016203489918047126
 3.2344E-02,0.013965760375311081
 3.2361E-02,0.01158097338641442
 3.2379E-02,0.009158397864542986
 3.2396E-02,0.006806583552288666
 3.2414E-02,0.004627551780027144
 3.2431E-02,0.0027126779172448115
 3.2449E-02,0.001140295049220251
 3.2467E-02,-2.553019812394559e-05
 3.2484E-02,-0.0007358874243500478
 3.2502E-02,-0.0009583093878308382
 3.2519E-02,-0.0006787421114795424
 3.2537E-02,9.610890837983242e-05
 3.2554E-02,0.00133685298831553
 3.2572E-02,0.0029908822463357567
 3.2589E-02,0.004983985888308361
 3.2607E-02,0.007224319189090084
 3.2624E-02,0.009608270513695519
 3.2642E-02,0.012027236678040279
 3.2659E-02,0.014374119016520762
 3.2677E-02,0.016548561771358463
 3.2695E-02,0.01846048320384832
 3.2712E-02,0.020032086083345235
 3.2730E-02,0.021199025694193484
 3.2747E-02,0.021911568489002713
 3.2765E-02,0.022136339436357358
 3.2782E-02,0.02185873711274259
 3.2800E-02,0.021085514380174683
 3.2817E-02,0.019846625962923494
 3.2835E-02,0.018195404862419336
 3.2852E-02,0.016206475449825366
 3.2870E-02,0.01397141444984886
 3.2888E-02,0.011592800690536934
 3.2905E-02,0.009177709681247856
 3.2923E-02,0.0068317551949874
 3.2940E-02,0.004654449195045922
 3.2958E-02,0.0027360844473982735
 3.2975E-02,0.0011557720371006407
 3.2993E-02,-2.0084161152539304e-05
 3.3010E-02,-0.0007395891176923691
 3.3028E-02,-0.0009677994440335675
 3.3045E-02,-0.0006896322925543567
 3.3063E-02,8.74381049252869e-05
 3.3080E-02,0.0013318272813382863
 3.3098E-02,0.0029882494160321043
 3.3116E-02,0.004980460177422605
 3.3133E-02,0.007216087611737865
 3.3151E-02,0.009592748320113503
 3.3168E-02,0.012004359537691002
 3.3186E-02,0.014346645059122764
 3.3203E-02,0.016521252344394735
 3.3221E-02,0.018438478813645843
 3.3238E-02,0.02001911466539992
 3.3256E-02,0.021196145869815167
 3.3273E-02,0.021916935318119994
 3.3291E-02,0.02214607179405828
 3.3308E-02,0.021868528364027372
 3.3326E-02,0.02109233646177651
 3.3344E-02,0.01984984737511237
 3.3361E-02,0.01819688567095819
 3.3379E-02,0.016209617669151154
 3.3396E-02,0.013979566350555417
 3.3414E-02,0.011607670634038482
 3.3431E-02,0.009198437251091417
 3.3449E-02,0.006855019568343942
 3.3466E-02,0.004675576408785114
 3.3484E-02,0.0027507151934653188
 3.3501E-02,0.0011614290639247221
 3.3519E-02,-2.3147911711995017e-05
 3.3536E-02,-0.0007485921859836457
 3.3554E-02,-0.0009785957065110375
 3.3572E-02,-0.0006983687727078018
 3.3589E-02,8.282984162038881e-05
 3.3607E-02,0.0013308953509226337
 3.3624E-02,0.0029883257640098684
 3.3642E-02,0.004977872682313355
 3.3659E-02,0.007207786902204008
 3.3677E-02,0.00957769310279118
 3.3694E-02,0.01198410313027266
 3.3712E-02,0.014324886535048712
 3.3729E-02,0.016502530376834815
 3.3747E-02,0.018426528966111067
 3.3765E-02,0.0200155440129784
 3.3782E-02,0.021199949554016422
 3.3800E-02,0.02192504038475665
 3.3817E-02,0.022154680656006325
 3.3835E-02,0.02187471363994317
 3.3852E-02,0.02109524017428964
 3.3870E-02,0.019850999854000927
 3.3887E-02,0.01819951647737359
 3.3905E-02,0.016217238153268535
 3.3922E-02,0.013994397110895156
 3.3940E-02,0.01162954917078843
 3.3957E-02,0.0092246477657417
 3.3975E-02,0.006881117865892547
 3.3993E-02,0.004696887101481501
 3.4010E-02,0.002763913558010417
 3.4028E-02,0.0011655906309737667
 3.4045E-02,-2.643047989527806e-05
 3.4063E-02,-0.0007560516383238506
 3.4080E-02,-0.0009867382394239807
 3.4098E-02,-0.0007049373260449192
 3.4115E-02,7.796635010670703e-05
 3.4133E-02,0.0013257797758158035
 3.4150E-02,0.0029798544488518802
 3.4168E-02,0.004963253668787414
 3.4185E-02,0.007185919109838036
 3.4203E-02,0.009549901517396764
 3.4221E-02,0.011953922073373903
 3.4238E-02,0.014296963844445032
 3.4256E-02,0.016481076729843034
 3.4273E-02,0.018413917838214323
 3.4291E-02,0.020011607340575825
 3.4308E-02,0.021202237020496912
 3.4326E-02,0.021929927479928144
 3.4343E-02,0.022158875862474527
 3.4361E-02,0.021876562188997067
 3.4378E-02,0.021095310375734685
 3.4396E-02,0.019851730543163304
 3.4413E-02,0.018204082373832746
 3.4431E-02,0.01622810191571077
 3.4449E-02,0.014012138021639007
 3.4466E-02,0.011652442307108634
 3.4484E-02,0.009249163358319294
 3.4501E-02,0.006903141108409816
 3.4519E-02,0.004713171495880964
 3.4536E-02,0.0027731902806753038
 3.4554E-02,0.0011688972100238864
 3.4571E-02,-2.632513518967196e-05
 3.4589E-02,-0.0007558884704287284
 3.4606E-02,-0.0009841743729989598
 3.4624E-02,-0.0006995532691040004
 3.4642E-02,8.446113404632892e-05
 3.4659E-02,0.0013302244566002282
 3.4677E-02,0.002978926927008507
 3.4694E-02,0.004954858651758145
 3.4712E-02,0.007170121008155259
 3.4729E-02,0.009529031198109269
 3.4747E-02,0.01193181598879517
 3.4764E-02,0.014277638102126962
 3.4782E-02,0.01646736020754341
 3.4799E-02,0.018406580217641227
 3.4817E-02,0.02000931579394576
 3.4834E-02,0.02120234052238225
 3.4852E-02,0.02192973541984581
 3.4870E-02,0.02215690143259216
 3.4887E-02,0.02187321898326145
 3.4905E-02,0.02109277510100786
 3.4922E-02,0.019853025242810268
 3.4940E-02,0.018211748102939258
 3.4957E-02,0.016243003382984296
 3.4975E-02,0.014032888512919822
 3.4992E-02,0.011675691241791693
 3.5010E-02,0.009270644439793446
 3.5027E-02,0.006919075923996584
 3.5045E-02,0.004721483656401614
 3.5062E-02,0.002774063469972747
 3.5080E-02,0.0011644732681201986
 3.5098E-02,-3.297063912109676e-05
 3.5115E-02,-0.000762071852654891
 3.5133E-02,-0.0009886958606036508
 3.5150E-02,-0.0007031216748732082
 3.5168E-02,7.963173145300693e-05
 3.5185E-02,0.0013214716789277737
 3.5203E-02,0.002964413443767755
 3.5220E-02,0.004934538861661956
 3.5238E-02,0.007146002820581124
 3.5255E-02,0.009504618296899706
 3.5273E-02,0.01191094419034286
 3.5290E-02,0.014263162167107693
 3.5308E-02,0.016460208455667816
 3.5326E-02,0.0184055486215218
 3.5343E-02,0.020011679148313623
 3.5361E-02,0.021205034085907064
 3.5378E-02,0.021930635364314197
 3.5396E-02,0.022155695494495076
 3.5413E-02,0.02187152446055674
 3.5431E-02,0.021093463120879178
 3.5448E-02,0.019859026219359265
 3.5466E-02,0.018224817170614173
 3.5483E-02,0.01626293648754518
 3.5501E-02,0.014057496373867516
 3.5519E-02,0.011701533860126548
 3.5536E-02,0.00929422646123174
 3.5554E-02,0.006938024164815378
 3.5571E-02,0.004735241748859129
 3.5589E-02,0.0027838370807377714
 3.5606E-02,0.001172462705485306
 3.5624E-02,-2.472709972345605e-05
 3.5641E-02,-0.0007527658635753742
 3.5659E-02,-0.0009792876745062348
 3.5676E-02,-0.0006961223267542944
 3.5694E-02,8.105848307512196e-05
 3.5711E-02,0.0013147380854849815
 3.5729E-02,0.002948583474504959
 3.5747E-02,0.004910825182936002
 3.5764E-02,0.007117485579342223
 3.5782E-02,0.009475291291142749
 3.5799E-02,0.01188445748201496
 3.5817E-02,0.014241746451896957
 3.5834E-02,0.0164441883320523
 3.5852E-02,0.01839361187764177
 3.5869E-02,0.020001765208634496
 3.5887E-02,0.021195458841048738
 3.5904E-02,0.021920980220597356
 3.5922E-02,0.02214709163247582
 3.5939E-02,0.021866216176957286
 3.5957E-02,0.02109383263795571
 3.5975E-02,0.019866485292952693
 3.5992E-02,0.018239028394243843
 3.6010E-02,0.01628169587960105
 3.6027E-02,0.014077342288581426
 3.6045E-02,0.011718854800117898
 3.6062E-02,0.009306440061081073
 3.6080E-02,0.006944370401742892
 3.6097E-02,0.0047368862488376216
 3.6115E-02,0.0027832539283655557
 3.6132E-02,0.0011723499452942607
 3.6150E-02,-2.2565825456584377e-05
 3.6167E-02,-0.0007481333311825351
 3.6185E-02,-0.0009736258258356738
 3.6203E-02,-0.0006918666536477805
 3.6220E-02,8.153149481513052e-05
 3.6238E-02,0.0013101398288752875
 3.6255E-02,0.002939301730754312
 3.6273E-02,0.0048988355521993494
 3.6290E-02,0.00710562338842558
 3.6308E-02,0.00946618019803461
 3.6325E-02,0.011879528966499898
 3.6343E-02,0.014240746375116122
 3.6360E-02,0.01644537004076188
 3.6378E-02,0.018394539554322083
 3.6396E-02,0.0200004058127969
 3.6413E-02,0.021191124042868725
 3.6431E-02,0.021914738149191027
 3.6448E-02,0.022141477557243983
 3.6466E-02,0.021864347209163533
 3.6483E-02,0.021098265625756184
 3.6501E-02,0.019878257441527464
 3.6518E-02,0.0182572470794193
 3.6536E-02,0.016303827645242807
 3.6553E-02,0.014100078174915615
 3.6571E-02,0.011739207202868732
 3.6588E-02,0.009322641844334111
 3.6606E-02,0.006956233567283821
 3.6624E-02,0.0047454999954959715
 3.6641E-02,0.0027901694034039794
 3.6659E-02,0.0011786039820826217
 3.6676E-02,-1.7173392100008813e-05
 3.6694E-02,-0.0007451986363086426
 3.6711E-02,-0.0009756557523073081
 3.6729E-02,-0.0007013314377695863
 3.6746E-02,6.323563783693889e-05
 3.6764E-02,0.0012834033825414553
 3.6781E-02,0.002906397925593054
 3.6799E-02,0.00486334817177869
 3.6816E-02,0.0070714161817170265
 3.6834E-02,0.00943629507126699
 3.6852E-02,0.011855424206384253
 3.6869E-02,0.014222149446302321
 3.6887E-02,0.01643077583929021
 3.6904E-02,0.018382130522778265
 3.6922E-02,0.019989007736357912
 3.6939E-02,0.02118080616829201
 3.6957E-02,0.02190681877671925
 3.6974E-02,0.022137943912444974
 3.6992E-02,0.021866941241131026
 3.7009E-02,0.021107625798275933
 3.7027E-02,0.019893483129983774
 3.7044E-02,0.018276077668535312
 3.7062E-02,0.01632337544820304
 3.7080E-02,0.014117825686180453
 3.7097E-02,0.011753868413419896
 3.7115E-02,0.009334540523179871
 3.7132E-02,0.006967045502497471
 3.7150E-02,0.004757460181720519
 3.7167E-02,0.002805057385687446
 3.7185E-02,0.0011969079203185233
 3.7202E-02,3.414353480976672e-06
 3.7220E-02,-0.0007247756992236472
 3.7237E-02,-0.0009583501909468045
 3.7255E-02,-0.0006895997765589678
 3.7273E-02,6.823131188394606e-05
 3.7290E-02,0.0012820897537546413
 3.7308E-02,0.002900483293857456
 3.7325E-02,0.00485505611131181
 3.7343E-02,0.007062581552549907
 3.7360E-02,0.009427694008223601
 3.7378E-02,0.011846611172496737
 3.7395E-02,0.014211864415742136
 3.7413E-02,0.01641774745389439
 3.7430E-02,0.018365934720479902
 3.7448E-02,0.019970613562222354
 3.7465E-02,0.02116256155825409
 3.7483E-02,0.02189185136661584
 3.7501E-02,0.022129187265721634
 3.7518E-02,0.021866150044571653
 3.7536E-02,0.021114753317575466
 3.7553E-02,0.019906658433539882
 3.7571E-02,0.01829219237997708
 3.7588E-02,0.01633905816470816
 3.7606E-02,0.014130438169487211
 3.7623E-02,0.011762158107545611
 3.7641E-02,0.009338725894362302
 3.7658E-02,0.0069683362793058375
 3.7676E-02,0.0047572361678486046
 3.7693E-02,0.002804059888062772
 3.7711E-02,0.0011947840349018377
 3.7729E-02,-1.1965340977601255e-06
 3.7746E-02,-0.0007336486514017118
 3.7764E-02,-0.000972819362539487
 3.7781E-02,-0.0007097969875701077
 3.7799E-02,4.371995655840367e-05
 3.7816E-02,0.001255988203841691
 3.7834E-02,0.002876078713604453
 3.7851E-02,0.004835213260460254
 3.7869E-02,0.007048890434871814
 3.7886E-02,0.009420075102147278
 3.7904E-02,0.011843523952366156
 3.7921E-02,0.014211028782447076
 3.7939E-02,0.016417090603500377
 3.7957E-02,0.018364394531225053
 3.7974E-02,0.019968494089472075
 3.7992E-02,0.02116132109600595
 3.8009E-02,0.021893433242016144
 3.8027E-02,0.02213518296497864
 3.8044E-02,0.021877142142528703
 3.8062E-02,0.02113010215697994
 3.8079E-02,0.01992480685975241
 3.8097E-02,0.018311345292515036
 3.8114E-02,0.016357939219220383
 3.8132E-02,0.01414879688929869
 3.8150E-02,0.011780805062173372
 3.8167E-02,0.00935906842157847
 3.8185E-02,0.006991595101602346
 3.8202E-02,0.004783658685171138
 3.8220E-02,0.00283245275958838
 3.8237E-02,0.0012225656635816442
 3.8255E-02,2.2576744555686265e-05
 3.8272E-02,-0.0007172037320592039
 3.8290E-02,-0.0009660561473577515
 3.8307E-02,-0.0007135335605303376
 3.8325E-02,3.025887618746158e-05
 3.8342E-02,0.001234727681799544
 3.8360E-02,0.0028493476116736877
 3.8378E-02,0.00480500323233542
 3.8395E-02,0.007016409715162621
 3.8413E-02,0.009385753333591294
 3.8430E-02,0.011807432925065158
 3.8448E-02,0.014173511062306517
 3.8465E-02,0.016379298971414918
 3.8483E-02,0.01832847622194659
 3.8500E-02,0.019937296285555718
 3.8518E-02,0.02113769128532056
 3.8535E-02,0.02187936013451064
 3.8553E-02,0.022131103233195747
 3.8570E-02,0.021881692277968625
 3.8588E-02,0.021140436147204903
 3.8606E-02,0.01993738916707286
 3.8623E-02,0.018322948609192764
 3.8641E-02,0.0163664976208706
 3.8658E-02,0.014153818326211542
 3.8676E-02,0.011783215546659363
 3.8693E-02,0.009360578966093165
 3.8711E-02,0.0069938617074438245
 3.8728E-02,0.004787574166704599
 3.8746E-02,0.0028378439206582663
 3.8763E-02,0.0012283974985674978
 3.8781E-02,2.755421534152624e-05
 3.8798E-02,-0.0007139097929599493
 3.8816E-02,-0.0009642817030482302
 3.8834E-02,-0.000712031975622422
 3.8851E-02,3.341025432159828e-05
 3.8869E-02,0.0012413744377675429
 3.8886E-02,0.002860456840937356
 3.8904E-02,0.004820140046575428
 3.8921E-02,0.007033716147800923
 3.8939E-02,0.00940246375944473
 3.8956E-02,0.011820751893527817
 3.8974E-02,0.014181533430095743
 3.8991E-02,0.016381631095884124
 3.9009E-02,0.018326332452902598
 3.9027E-02,0.019933048365029876
 3.9044E-02,0.021134056837283977
 3.9062E-02,0.02187854825956043
 3.9079E-02,0.022134236799892907
 3.9097E-02,0.021888697776214713
 3.9114E-02,0.021150391735204208
 3.9132E-02,0.01994913657119713
 3.9149E-02,0.01833567805339076
 3.9167E-02,0.016380042695498084
 3.9184E-02,0.014168535939419701
 3.9202E-02,0.011799512653451649
 3.9219E-02,0.009378301699175858
 3.9237E-02,0.007011824671371059
 3.9255E-02,0.004803457796268766
 3.9272E-02,0.002848544545235763
 3.9290E-02,0.0012307342381900808
 3.9307E-02,1.9094299260094885e-05
 3.9325E-02,-0.0007341937244623337
 3.9342E-02,-0.000995747715412993
 3.9360E-02,-0.0007525788641890328
 3.9377E-02,-1.324848463558361e-05
 3.9395E-02,0.0011916928537677501
 3.9412E-02,0.002810324740213363
 3.9430E-02,0.004771296965283752
 3.9447E-02,0.006987147221806159
 3.9465E-02,0.009358783800244795
 3.9483E-02,0.011780682695272531
 3.9500E-02,0.014146231558674525
 3.9518E-02,0.01635269605084286
 3.9535E-02,0.01830546610314723
 3.9553E-02,0.019921490697186402
 3.9570E-02,0.02113203095716379
 3.9588E-02,0.021884962247503977
 3.9605E-02,0.02214680211636221
 3.9623E-02,0.02190446885921228
 3.9640E-02,0.021166567980819326
 3.9658E-02,0.01996385647840306
 3.9675E-02,0.018348523008559322
 3.9693E-02,0.016392065533150982
 3.9711E-02,0.014181799593804023
 3.9728E-02,0.011816301546337681
 3.9746E-02,0.009400288440627038
 3.9763E-02,0.0070394893742615604
 3.9781E-02,0.004835955089971563
 3.9798E-02,0.0028840353280101478
 3.9816E-02,0.0012670207667075926
 3.9833E-02,5.4287397428113074e-05
 3.9851E-02,-0.0007012478669537888
 3.9868E-02,-0.0009654440614356333
 3.9886E-02,-0.0007249186560024112
 3.9904E-02,1.1592052214745596e-05
 3.9921E-02,0.0012128676043128318
 3.9939E-02,0.0028261504583895073
 3.9956E-02,0.004779533944595418
 3.9974E-02,0.006985657923486417
 3.9991E-02,0.009346336088322256
 4.0009E-02,0.011757595650532401
 4.0026E-02,0.01411460867770516
 4.0044E-02,0.016316132378654428
 4.0061E-02,0.018268303494044066
 4.0079E-02,0.019887858272161652
 4.0096E-02,0.02110497951075705
 4.0114E-02,0.02186595648293699
 4.0132E-02,0.022135696200329857
 4.0149E-02,0.0218999124641761
 4.0167E-02,0.021166640428890486
 4.0184E-02,0.01996666672273007
 4.0202E-02,0.018352562157110636
 4.0219E-02,0.016396226165741982
 4.0237E-02,0.014185127554564612
 4.0254E-02,0.01181766238089302
 4.0272E-02,0.00939816265794489
 4.0289E-02,0.007032044807664031
 4.0307E-02,0.0048214160472239715
 4.0324E-02,0.00286123393776033
 4.0342E-02,0.0012359255757101
 4.0360E-02,1.6293452577857475e-05
 4.0377E-02,-0.0007434050895094792
 4.0395E-02,-0.0010081534510746237
 4.0412E-02,-0.0007644046043752543
 4.0430E-02,-2.1470369286674044e-05
 4.0447E-02,0.0011883076951707482
 4.0465E-02,0.002810847196080695
 4.0482E-02,0.004773076874932893
 4.0500E-02,0.006986896185259494
 4.0517E-02,0.009353887302331675
 4.0535E-02,0.011770245379528196
 4.0552E-02,0.014131464547531438
 4.0570E-02,0.01633651246407895
 4.0588E-02,0.018291461655491198
 4.0605E-02,0.01991272438107876
 4.0623E-02,0.021130090672703678
 4.0640E-02,0.021889675060174633
 4.0658E-02,0.022156676549587653
 4.0675E-02,0.021917646826397016
 4.0693E-02,0.021181849149101362
 4.0710E-02,0.01998133060958793
 4.0728E-02,0.018369515056665425
 4.0745E-02,0.01641839272473101
 4.0763E-02,0.014214638358122068
 4.0781E-02,0.011855137953796797
 4.0798E-02,0.009442403177470762
 4.0816E-02,0.007080221084051779
 4.0833E-02,0.004869682451220056
 4.0851E-02,0.0029055376404232927
 4.0868E-02,0.0012727296485685778
 4.0886E-02,4.298964073213294e-05
 4.0903E-02,-0.0007284754729631381
 4.0921E-02,-0.0010059868987287348
 4.0938E-02,-0.0007757227539645969
 4.0956E-02,-4.6966360542376835e-05
 4.0973E-02,0.001148028217618555
 4.0991E-02,0.002755644699167819
 4.1009E-02,0.004703832732844868
 4.1026E-02,0.0069059960643537525
 4.1044E-02,0.009265379709416762
 4.1061E-02,0.011679528334514737
 4.1079E-02,0.014044530595541902
 4.1096E-02,0.016258948928470122
 4.1114E-02,0.01822749200708216
 4.1131E-02,0.0198645629124187
 4.1149E-02,0.02109777494563051
 4.1166E-02,0.02187137939143798
 4.1184E-02,0.022149362026113308
 4.1201E-02,0.021917824610314912
 4.1219E-02,0.021186239091903765
 4.1237E-02,0.01998727176454292
 4.1254E-02,0.01837509706321729
 4.1272E-02,0.016422379949300323
 4.1289E-02,0.014216311929249518
 4.1307E-02,0.011854177368748383
 4.1324E-02,0.009438882276671022
 4.1342E-02,0.0070747178803407754
 4.1359E-02,0.004863426290951831
 4.1377E-02,0.0029004788567043175
 4.1394E-02,0.001271432826117656
 4.1412E-02,4.830890538001873e-05
 4.1429E-02,-0.00071390209443771
 4.1447E-02,-0.0009803107593448746
 4.1465E-02,-0.0007383700791653879
 4.1482E-02,1.10819040927189e-06
 4.1500E-02,0.0012044049179013947
 4.1517E-02,0.0028168137639406118
 4.1535E-02,0.004765780293034572
 4.1552E-02,0.006964840587526651
 4.1570E-02,0.009317902145632764
 4.1587E-02,0.011723493962456193
 4.1605E-02,0.014078774206978482
 4.1622E-02,0.016283267711596595
 4.1640E-02,0.01824244456783085
 4.1658E-02,0.019871283158087866
 4.1675E-02,0.02109786889641776
 4.1693E-02,0.021866903570624343
 4.1710E-02,0.02214281285541979
 4.1728E-02,0.02191202706828268
 4.1745E-02,0.0211840405706662
 4.1763E-02,0.01999103110534657
 4.1780E-02,0.018386071415531197
 4.1798E-02,0.01644019800759803
 4.1815E-02,0.014238741183091543
 4.1833E-02,0.011877324419727824
 4.1850E-02,0.009457821329853655
 4.1868E-02,0.007084385432650508
 4.1886E-02,0.004859525815613843
 4.1903E-02,0.0028801427928147635
 4.1921E-02,0.0012334822839075383
 4.1938E-02,-6.897065879962793e-06
 4.1956E-02,-0.0007848841223923342
 4.1973E-02,-0.0010649275780160196
 4.1991E-02,-0.0008341128455617769
 4.2008E-02,-0.00010291816952630729
 4.2026E-02,0.0010954440739512615
 4.2043E-02,0.002706979491960562
 4.2061E-02,0.004659874618463934
 4.2078E-02,0.006868121009611133
 4.2096E-02,0.009235472285245669
 4.2114E-02,0.011659496341034553
 4.2131E-02,0.014035612309115375
 4.2149E-02,0.016261109996005454
 4.2166E-02,0.01823918891466938
 4.2184E-02,0.019883015800687336
 4.2201E-02,0.021119700510955863
 4.2219E-02,0.02189395721397199
 4.2236E-02,0.022171104919601343
 4.2254E-02,0.02193903749025989
 4.2271E-02,0.021208886595860583
 4.2289E-02,0.020014282570788963
 4.2306E-02,0.01840933230652411
 4.2324E-02,0.016465613372830614
 4.2342E-02,0.014268563915842419
 4.2359E-02,0.011913607599160513
 4.2377E-02,0.009502231410989884
 4.2394E-02,0.007138089623931445
 4.2412E-02,0.004923091690884106
 4.2429E-02,0.002953399216019065
 4.2447E-02,0.00131533372858199
 4.2464E-02,8.13440822275322e-05
 4.2482E-02,-0.0006936728899177917
 4.2499E-02,-0.0009753194385920137
 4.2517E-02,-0.00075154655958963
 4.2535E-02,-3.317166493724494e-05
 4.2552E-02,0.0011469604445958443
 4.2570E-02,0.0027359894507516178
 4.2587E-02,0.004663903782256061
 4.2605E-02,0.00684690826055026
 4.2622E-02,0.009191025071928718
 4.2640E-02,0.011595795463127688
 4.2657E-02,0.013958067331120755
 4.2675E-02,0.016175904414060062
 4.2692E-02,0.018152637427707004
 4.2710E-02,0.019801007776209977
 4.2727E-02,0.021047242436186688
 4.2745E-02,0.02183478324448933
 4.2763E-02,0.02212732860889713
 4.2780E-02,0.02191086114874513
 4.2798E-02,0.021194434966120612
 4.2815E-02,0.020009661208251407
 4.2833E-02,0.018409004565931916
 4.2850E-02,0.016463121202983887
 4.2868E-02,0.014257506547900638
 4.2885E-02,0.011888694403873086
 4.2903E-02,0.00946017848998512
 4.2920E-02,0.00707814768927339
 4.2938E-02,0.004847085776892487
 4.2955E-02,0.0028653075196266157
 4.2973E-02,0.0012205656951032751
 4.2991E-02,-1.4060025696719476e-05
 4.3008E-02,-0.0007837164234274539
 4.3026E-02,-0.0010544792203796526
 4.3043E-02,-0.0008149664393121204
 4.3061E-02,-7.67371559262397e-05
 4.3078E-02,0.0011265118450623397
 4.3096E-02,0.002740811432951338
 4.3113E-02,0.004694632260153465
 4.3131E-02,0.006902224939074717
 4.3148E-02,0.009267404930786762
 4.3166E-02,0.011687628877481407
 4.3183E-02,0.014058229789156345
 4.3201E-02,0.01627670123466674
 4.3219E-02,0.018246933141903104
 4.3236E-02,0.01988328949845718
 4.3254E-02,0.02111438687619797
 4.3271E-02,0.021886388018134955
 4.3289E-02,0.02216557757169703
 4.3306E-02,0.02193998121189417
 4.3324E-02,0.02121986548820662
 4.3341E-02,0.02003709274558891
 4.3359E-02,0.01844344437272511
 4.3376E-02,0.016508122704529265
 4.3394E-02,0.01431466833868167
 4.3412E-02,0.011957476066810689
 4.3429E-02,0.00953800310722995
 4.3447E-02,0.007160706884245846
 4.3464E-02,0.004928751173436123
 4.3482E-02,0.0029395672749776406
 4.3499E-02,0.0012804428455814253
 4.3517E-02,2.4407349468425713e-05
 4.3534E-02,-0.0007732687051870999
 4.3552E-02,-0.0010776750743748693
 4.3569E-02,-0.0008757736204185417
 4.3587E-02,-0.00017676662982210405
 4.3604E-02,0.000988590842345108
 4.3622E-02,0.002569559965838399
 4.3640E-02,0.004497693270956649
 4.3657E-02,0.006689691568116823
 4.3675E-02,0.009050770272311479
 4.3692E-02,0.011478492931984934
 4.3710E-02,0.013867018263884517
 4.3727E-02,0.016111641697512877
 4.3745E-02,0.018113430823954182
 4.3762E-02,0.019783712426005677
 4.3780E-02,0.021048171117387583
 4.3797E-02,0.021850336763741297
 4.3815E-02,0.022154266719290095
 4.3832E-02,0.02194627673027015
 4.3850E-02,0.021235627024921766
 4.3868E-02,0.020054120380446013
 4.3885E-02,0.018454627485944567
 4.3903E-02,0.016508616125621513
 4.3920E-02,0.014302811147165558
 4.3938E-02,0.011935162131903623
 4.3955E-02,0.009510347918651747
 4.3973E-02,0.007135069277918335
 4.3990E-02,0.004913358248296577
 4.4008E-02,0.002942095923962644
 4.4025E-02,0.0013069008658446978
 4.4043E-02,7.852046277964176e-05
 4.4060E-02,-0.0006901636874533119
 4.4078E-02,-0.0009664024398954511
 4.4096E-02,-0.0007389970249509734
 4.4113E-02,-1.876728267495131e-05
 4.4131E-02,0.0011619818107211199
 4.4148E-02,0.002750979707117385
 4.4166E-02,0.004678408034926381
 4.4183E-02,0.006860077947760868
 4.4201E-02,0.00920120552703439
 4.4218E-02,0.011600595340300116
 4.4236E-02,0.013954998278890976
 4.4253E-02,0.016163400423747833
 4.4271E-02,0.018131061032859094
 4.4289E-02,0.019773211563534725
 4.4306E-02,0.021018393718312788
 4.4324E-02,0.021811424384033218
 4.4341E-02,0.022115922786416484
 4.4359E-02,0.021916246725151255
 4.4376E-02,0.021218630867312953
 4.4394E-02,0.02005134649582671
 4.4411E-02,0.018463780818108896
 4.4429E-02,0.016524425310626763
 4.4446E-02,0.014317859413005011
 4.4464E-02,0.011940901800569576
 4.4481E-02,0.009498151666926167
 4.4499E-02,0.007097170527652836
 4.4517E-02,0.004843579382214257
 4.4534E-02,0.00283634122525724
 4.4552E-02,0.0011634494630338985
 4.4569E-02,-0.00010181669869565647
 4.4587E-02,-0.0009039550324617626
 4.4604E-02,-0.001207549522964945
 4.4622E-02,-0.0009987868316470609
 4.4639E-02,-0.00028614599518487875
 4.4657E-02,0.0008997798006843598
 4.4674E-02,0.0025073762182072365
 4.4692E-02,0.0044660708013556805
 4.4709E-02,0.006689399666145136
 4.4727E-02,0.009079005780947235
 4.4745E-02,0.011529331625195805
 4.4762E-02,0.01393264129715016
 4.4780E-02,0.016183975495713092
 4.4797E-02,0.018185705524518116
 4.4815E-02,0.01985149569783324
 4.4832E-02,0.021109654196845164
 4.4850E-02,0.02190594308840147
 4.4867E-02,0.022205875458703242
 4.4885E-02,0.02199641493280417
 4.4902E-02,0.021286895931992334
 4.4920E-02,0.020108942506005516
 4.4937E-02,0.018515211766643877
 4.4955E-02,0.01657693315292255
 4.4973E-02,0.014380392746170357
 4.4990E-02,0.012022649316329922
 4.5008E-02,0.009606850767127466
 4.5025E-02,0.007237532392251573
 4.5043E-02,0.005016190142015927
 4.5060E-02,0.0030372718536202494
 4.5078E-02,0.0013846124981176954
 4.5095E-02,0.00012829109320096864
 4.5113E-02,-0.0006781093018862905
 4.5130E-02,-0.0009997961580895652
 4.5148E-02,-0.0008224759794393345
 4.5166E-02,-0.00015327857255331885
 4.5183E-02,0.0009792753969704048
 4.5201E-02,0.0025263580723365996
 4.5218E-02,0.004420961716160345
 4.5236E-02,0.00658094788456129
 4.5253E-02,0.00891280670916627
 4.5271E-02,0.011315868822473214
 4.5288E-02,0.01368668512199548
 4.5306E-02,0.015923288665991846
 4.5323E-02,0.017929138435478005
 4.5341E-02,0.019616706977976725
 4.5358E-02,0.02091080323882087
 4.5376E-02,0.021751735832680932
 4.5394E-02,0.022098323285553508
 4.5411E-02,0.02193058238614905
 4.5429E-02,0.021251743499928234
 4.5446E-02,0.020089157893176262
 4.5464E-02,0.01849372823434747
 4.5481E-02,0.01653767632101974
 4.5499E-02,0.014310722866725696
 4.5516E-02,0.011915049349225756
 4.5534E-02,0.009459632515702275
 4.5551E-02,0.007054584943492636
 4.5569E-02,0.004806009307504888
 4.5586E-02,0.002811650573652651
 4.5604E-02,0.0011573695246429045
 4.5622E-02,-8.574736202596254e-05
 4.5639E-02,-0.0008638788386465939
 4.5657E-02,-0.0011426841280888222
 4.5674E-02,-0.0009091691265201411
 4.5692E-02,-0.00017293672706199877
 4.5709E-02,0.0010335538715243997
 4.5727E-02,0.002656048590014467
 4.5744E-02,0.004621028793652755
 4.5762E-02,0.006839620745764054
 4.5779E-02,0.00921253852129513
 4.5797E-02,0.011635473332998983
 4.5814E-02,0.014004237078529665
 4.5832E-02,0.016219115455312242
 4.5850E-02,0.01818823655205065
 4.5867E-02,0.019830141353294712
 4.5885E-02,0.021075992260196824
 4.5902E-02,0.021871856211492763
 4.5920E-02,0.022181218562856278
 4.5937E-02,0.02198747463677194
 4.5955E-02,0.021295858081854663
 4.5972E-02,0.020134225698397804
 4.5990E-02,0.018552298639363127
 4.6007E-02,0.01661928649122947
 4.6025E-02,0.014420175202762583
 4.6043E-02,0.012051184359230672
 4.6060E-02,0.00961493498202641
 4.6078E-02,0.0072157794683767274
 4.6095E-02,0.0049555750967060705
 4.6113E-02,0.002929956211983919
 4.6130E-02,0.0012249830403484399
 4.6148E-02,-8.598447463614451e-05
 4.6165E-02,-0.0009452517538662743
 4.6183E-02,-0.001313523225859791
 4.6200E-02,-0.0011721866557356752
 4.6218E-02,-0.0005248352960359874
 4.6235E-02,0.0006022596694413855
 4.6253E-02,0.0021609080213557067
 4.6271E-02,0.004083056396887214
 4.6288E-02,0.006284061903990192
 4.6306E-02,0.008666916354376778
 4.6323E-02,0.011127009247813355
 4.6341E-02,0.013556986218587991
 4.6358E-02,0.015851323090186015
 4.6376E-02,0.017910388716815828
 4.6393E-02,0.019644015663666685
 4.6411E-02,0.02097481488017833
 4.6428E-02,0.021841482923761677
 4.6446E-02,0.02220213917835517
 4.6463E-02,0.022037424134154063
 4.6481E-02,0.021352816789712598
 4.6499E-02,0.02017950943865829
 4.6516E-02,0.018573318597963222
 4.6534E-02,0.01661148695938603
 4.6551E-02,0.014387688179618136
 4.6569E-02,0.012005943910566719
 4.6586E-02,0.009574389251472016
 4.6604E-02,0.00719975129758995
 4.6621E-02,0.004983025944854353
 4.6639E-02,0.0030163483629848395
 4.6656E-02,0.0013806756024472358
 4.6674E-02,0.00014373611434193348
 4.6691E-02,-0.0006422022700796917
 4.6709E-02,-0.0009428457275475783
 4.6727E-02,-0.0007443329470313246
 4.6744E-02,-5.5011206720830983e-05
 4.6762E-02,0.0010941213577315473
 4.6779E-02,0.002650716256836202
 4.6797E-02,0.004544108237090566
 4.6814E-02,0.00668965924862428
 4.6832E-02,0.008993744498137293
 4.6849E-02,0.011358648867628109
 4.6867E-02,0.01368672880274499
 4.6884E-02,0.015883480803542932
 4.6902E-02,0.017859632217342235
 4.6920E-02,0.019532818401978538
 4.6937E-02,0.020829581621673122
 4.6955E-02,0.02168823912255233
 4.6972E-02,0.0220626846745852
 4.6990E-02,0.021926587615650455
 4.7007E-02,0.021277031330046756
 4.7025E-02,0.02013660747543174
 4.7042E-02,0.01855330683453793
 4.7060E-02,0.016598045864074727
 4.7077E-02,0.014360202115476933
 4.7095E-02,0.011941940607208356
 4.7112E-02,0.009452230590880151
 4.7130E-02,0.007001286258372081
 4.7148E-02,0.004695857955415334
 4.7165E-02,0.002635439668526728
 4.7183E-02,0.0009091266196034262
 4.7200E-02,-0.0004072828800894663
 4.7218E-02,-0.0012542245115184426
 4.7235E-02,-0.0015913583700784156
 4.7253E-02,-0.0014003414646737852
 4.7270E-02,-0.0006868868468037206
 4.7288E-02,0.0005184453183457721
 4.7305E-02,0.0021611355464900887
 4.7323E-02,0.004165435089401002
 4.7340E-02,0.006438812384940677
 4.7358E-02,0.008877626505440118
 4.7376E-02,0.011373198120348635
 4.7393E-02,0.013817374816183036
 4.7411E-02,0.01610696829913346
 4.7428E-02,0.0181469287969478
 4.7446E-02,0.019852633898567992
 4.7463E-02,0.02115201269280125
 4.7481E-02,0.021988159836060606
 4.7498E-02,0.022322576338325937
 4.7516E-02,0.022138523146392763
 4.7533E-02,0.021443563071051417
 4.7551E-02,0.02027034108357456
 4.7568E-02,0.01867501619169509
 4.7586E-02,0.01673340938207975
 4.7604E-02,0.014535574620121755
 4.7621E-02,0.012179832830561253
 4.7639E-02,0.009767285021348427
 4.7656E-02,0.007397514530251559
 4.7674E-02,0.005165647123648295
 4.7691E-02,0.0031603557183522753
 4.7709E-02,0.0014620961946123082
 4.7726E-02,0.00014094915126093956
 4.7744E-02,-0.0007462171458808149
 4.7761E-02,-0.0011590789798577882
 4.7779E-02,-0.0010770481290681127
 4.7797E-02,-0.0005014998665278536
 4.7814E-02,0.0005435897832280853
 4.7832E-02,0.0020128166762297967
 4.7849E-02,0.0038421238874496062
 4.7867E-02,0.005952633567807547
 4.7884E-02,0.008254852341243814
 4.7902E-02,0.010652680478964435
 4.7919E-02,0.013046885885064013
 4.7937E-02,0.015337940875648071
 4.7954E-02,0.01742841571624414
 4.7972E-02,0.01922544777512145
 4.7989E-02,0.020643922077723354
 4.8007E-02,0.021610757194345517
 4.8025E-02,0.02207018674297769
 4.8042E-02,0.0219893409359243
 4.8060E-02,0.02136296985853173
 4.8077E-02,0.020216057525386168
 4.8095E-02,0.018603440813653983
 4.8112E-02,0.01660620125520469
 4.8130E-02,0.014325334812294525
 4.8147E-02,0.011873863084324986
 4.8165E-02,0.00936887678128042
 4.8182E-02,0.006924798322687899
 4.8200E-02,0.004648535791518742
 4.8217E-02,0.002636480455599102
 4.8235E-02,0.0009726965560184508
 4.8253E-02,-0.0002726477924234632
 4.8270E-02,-0.0010453878431428661
 4.8288E-02,-0.0013102165312009208
 4.8305E-02,-0.0010538319355915045
 4.8323E-02,-0.00028744595439794446
 4.8340E-02,0.0009523902946056873
 4.8358E-02,0.0026053511252042984
 4.8375E-02,0.00459136400513601
 4.8393E-02,0.006816554009865574
 4.8410E-02,0.009180098922499564
 4.8428E-02,0.011580699798839645
 4.8445E-02,0.013921423747673509
 4.8463E-02,0.01611226330555751
 4.8481E-02,0.0180707037548729
 4.8498E-02,0.019721425517588723
 4.8516E-02,0.020996614599713692
 4.8533E-02,0.021838029286645723
 4.8551E-02,0.022201022179472635
 4.8568E-02,0.02205958901089753
 4.8586E-02,0.02141085519413196
 4.8603E-02,0.020277500242434
 4.8621E-02,0.018707274442235296
 4.8638E-02,0.016769678617513276
 4.8656E-02,0.01455071877908675
 4.8674E-02,0.012147030176390116
 4.8691E-02,0.009660482487121438
 4.8709E-02,0.007193892976593023
 4.8726E-02,0.004847922815846935
 4.8744E-02,0.002718707999373071
 4.8761E-02,0.0008954963635298019
 4.8779E-02,-0.0005422813786368408
 4.8796E-02,-0.001528638316038375
 4.8814E-02,-0.0020150420818968655
 4.8831E-02,-0.00197416439797986
 4.8849E-02,-0.001402612705352765
 4.8866E-02,-0.00032208939271328074
 4.8884E-02,0.001221230879758772
 4.8902E-02,0.003159073136742006
 4.8919E-02,0.005404960266523829
 4.8937E-02,0.007859146054997193
 4.8954E-02,0.010413889358254276
 4.8972E-02,0.012958416460760732
 4.8989E-02,0.01538313890700278
 4.9007E-02,0.017583029935863467
 4.9024E-02,0.019460540197865105
 4.9042E-02,0.02092882486572252
 4.9059E-02,0.021915949044688045
 4.9077E-02,0.022370100250479218
 4.9094E-02,0.02226505080389854
 4.9112E-02,0.021604533173431403
 4.9130E-02,0.020424040091194525
 4.9147E-02,0.01878901600754615
 4.9165E-02,0.016789364702615252
 4.9182E-02,0.01453122531263632
 4.9200E-02,0.012127698980301953
 4.9217E-02,0.009690468244102145
 4.9235E-02,0.0073238624676373746
 4.9252E-02,0.005121904231955467
 4.9270E-02,0.0031677180444261406
 4.9287E-02,0.0015339561742558354
 4.9305E-02,0.00028276708210356175
 4.9322E-02,-0.0005357305935233762
 4.9340E-02,-0.0008865865109442296
 4.9358E-02,-0.0007538701002960001
 4.9375E-02,-0.0001437682457148409
 4.9393E-02,0.0009144170875464465
 4.9410E-02,0.0023700383493905257
 4.9428E-02,0.00415536191004113
 4.9445E-02,0.006191249039255473
 4.9463E-02,0.008392890058434174
 4.9480E-02,0.01067436608909748
 4.9498E-02,0.012951184439795083
 4.9515E-02,0.015140575509464342
 4.9533E-02,0.017160287239219692
 4.9551E-02,0.01892745115483168
 4.9568E-02,0.020359283939360533
 4.9586E-02,0.021376810723363227
 4.9603E-02,0.021911658894687196
 4.9621E-02,0.021914638965691065
 4.9638E-02,0.021363902500956905
 4.9656E-02,0.02027043774463511
 4.9673E-02,0.018679422206519407
 4.9691E-02,0.016667063112144623
 4.9708E-02,0.01433372772913414
 4.9726E-02,0.011795074760239582
 4.9743E-02,0.009173138525802586
 4.9761E-02,0.0065888717229177565
 4.9779E-02,0.004156890388746281
 4.9796E-02,0.0019823259146127905
 4.9814E-02,0.0001589307641835548
 4.9831E-02,-0.0012327322256002933
 4.9849E-02,-0.0021278774184955453
 4.9866E-02,-0.0024810706883544114
 4.9884E-02,-0.0022703309680391637
 4.9901E-02,-0.0015007570293156102
 4.9919E-02,-0.00020647947952611833
 4.9936E-02,0.0015499948240771681
 4.9954E-02,0.0036814743211957546
 4.9971E-02,0.006082658221393511
 4.9989E-02,0.008638660938865339
 5.0007E-02,0.011233738143114713
 5.0024E-02,0.01375825488148141
 5.0042E-02,0.016112627818242808
 5.0059E-02,0.018208213871723014
 5.0077E-02,0.0199664026659603
 5.0094E-02,0.021318006798722918
 5.0112E-02,0.02220483539159837
 5.0129E-02,0.022583975154883064
 5.0147E-02,0.022433621528152398
 5.0164E-02,0.021758282362159025
 5.0182E-02,0.020591142177537602
 5.0199E-02,0.018992247895531913
 5.0217E-02,0.017042687984044538
 5.0235E-02,0.014836372642619505
 5.0252E-02,0.012471645368815737
 5.0270E-02,0.010044716047743235
 5.0287E-02,0.007646110541492002
 5.0305E-02,0.005360119292528231
 5.0322E-02,0.0032659756262033717
 5.0340E-02,0.0014389259726221742
 5.0357E-02,-5.030189156682253e-05
 5.0375E-02,-0.00113828094364658
 5.0392E-02,-0.001773548964781177
 5.0410E-02,-0.0019218535929866687
 5.0428E-02,-0.001570340672488616
 5.0445E-02,-0.0007295276652544058
 5.0463E-02,0.0005672549887711187
 5.0480E-02,0.002266546801868897
 5.0498E-02,0.004298660626741512
 5.0515E-02,0.006581749031382615
 5.0533E-02,0.009025246905732108
 5.0550E-02,0.011532324290266373
 5.0568E-02,0.01400131787580913
 5.0585E-02,0.016326561847734736
 5.0603E-02,0.018399685599983052
 5.0620E-02,0.02011280131943189
 5.0638E-02,0.021364633957525303
 5.0656E-02,0.0220696456561572
 5.0673E-02,0.02216889869743571
 5.0691E-02,0.021640214861065894
 5.0708E-02,0.020504744439386068
 5.0726E-02,0.018827697626854
 5.0743E-02,0.016712433441070745
 5.0761E-02,0.014288874539749955
 5.0778E-02,0.011698888666671757
 5.0796E-02,0.00908217796396614
 5.0813E-02,0.006565771820775257
 5.0831E-02,0.004258665501612334
 5.0848E-02,0.0022512745728144098
 5.0866E-02,0.0006177984536716603
 5.0884E-02,-0.0005812237159384204
 5.0901E-02,-0.0012985049028691204
 5.0919E-02,-0.0015026610725192618
 5.0936E-02,-0.0011830961509248655
 5.0954E-02,-0.00035498494398564326
 5.0971E-02,0.0009381821461371709
 5.0989E-02,0.0026262928938759365
 5.1006E-02,0.004618849374469797
 5.1024E-02,0.006814586200842167
 5.1041E-02,0.009112262049509854
 5.1059E-02,0.011419764114086798
 5.1076E-02,0.013658781689545664
 5.1094E-02,0.01576372873959819
 5.1112E-02,0.01767596484621454
 5.1129E-02,0.019336461862733474
 5.1147E-02,0.020680879338586297
 5.1164E-02,0.021640155569039716
 5.1182E-02,0.022147364168025433
 5.1199E-02,0.02214875837806978
 5.1217E-02,0.02161516471999582
 5.1234E-02,0.020549934669796138
 5.1252E-02,0.018991096627557384
 5.1269E-02,0.017007456499614763
 5.1287E-02,0.014690440458316275
 5.1305E-02,0.012144549884926026
 5.1322E-02,0.009479032079312232
 5.1340E-02,0.0068023188815066245
 5.1357E-02,0.0042195195403153885
 5.1375E-02,0.0018319618888856391
 5.1392E-02,-0.0002630461091962127
 5.1410E-02,-0.0019738568303153143
 5.1427E-02,-0.003218213634574074
 5.1445E-02,-0.003928795802235709
 5.1462E-02,-0.0040595489916371835
 5.1480E-02,-0.0035913737316355674
 5.1497E-02,-0.0025359374154590836
 5.1515E-02,-0.0009368601421166913
 5.1533E-02,0.0011322023738352365
 5.1550E-02,0.0035727355908101296
 5.1568E-02,0.006269115354504914
 5.1585E-02,0.009097293793946916
 5.1603E-02,0.011932489286287967
 5.1620E-02,0.01465437856724874
 5.1638E-02,0.01714928399125204
 5.1655E-02,0.01931040752936953
 5.1673E-02,0.021038605915448958
 5.1690E-02,0.0222462351412998
 5.1708E-02,0.02286492731526255
 5.1725E-02,0.02285588715520458
 5.1743E-02,0.022219518624786914
 5.1761E-02,0.021000537341375334
 5.1778E-02,0.01928568726510913
 5.1796E-02,0.017193595600311938
 5.1813E-02,0.01485899118704277
 5.1831E-02,0.012415363910042707
 5.1848E-02,0.00998072357293088
 5.1866E-02,0.007650095093527091
 5.1883E-02,0.005495790589743423
 5.1901E-02,0.0035735292271746196
 5.1918E-02,0.0019306347593945475
 5.1936E-02,0.0006122832840164201
 5.1953E-02,-0.0003370844975479556
 5.1971E-02,-0.0008777681710016059
 5.1989E-02,-0.0009822298235596838
 5.2006E-02,-0.0006424441495265536
 5.2024E-02,0.00012610056644952528
 5.2041E-02,0.0012854774684064596
 5.2059E-02,0.002781031169169444
 5.2076E-02,0.004549456402108583
 5.2094E-02,0.006526311308091527
 5.2111E-02,0.008650411239327565
 5.2129E-02,0.010863431489432659
 5.2146E-02,0.01310453082176889
 5.2164E-02,0.015301990808428794
 5.2182E-02,0.01736573200570756
 5.2199E-02,0.019184909735458375
 5.2217E-02,0.020633497601290716
 5.2234E-02,0.021584285858537375
 5.2252E-02,0.02192861496973906
 5.2269E-02,0.021596696409871965
 5.2287E-02,0.020572863041114848
 5.2304E-02,0.018901531313198508
 5.2322E-02,0.016682242743652424
 5.2339E-02,0.014055319266516817
 5.2357E-02,0.011182476636102362
 5.2374E-02,0.008227792435475367
 5.2392E-02,0.005343402136750719
 5.2410E-02,0.0026621317184396262
 5.2427E-02,0.00029671973492599894
 5.2445E-02,-0.0016570797435682045
 5.2462E-02,-0.003117295944062904
 5.2480E-02,-0.004015484128713791
 5.2497E-02,-0.004300677350503764
 5.2515E-02,-0.003946829485257469
 5.2532E-02,-0.002961228516857539
 5.2550E-02,-0.001390456226868431
 5.2567E-02,0.0006790286618025435
 5.2585E-02,0.0031272536297216307
 5.2602E-02,0.00581388567342798
 5.2620E-02,0.008595673609851308
 5.2638E-02,0.01134331643263079
 5.2655E-02,0.01395234455542863
 5.2673E-02,0.01634472301398339
 5.2690E-02,0.018461625753533675
 5.2708E-02,0.020251602015572065
 5.2725E-02,0.02166062395492059
 5.2743E-02,0.02262969570389791
 5.2760E-02,0.023101761730446944
 5.2778E-02,0.02303496927431323
 5.2795E-02,0.022416519821805075
 5.2813E-02,0.02127116118318152
 5.2830E-02,0.01966056042419406
 5.2848E-02,0.017673654568612186
 5.2866E-02,0.01541176217911956
 5.2883E-02,0.012973826574105191
 5.2901E-02,0.010446522195802565
 5.2918E-02,0.00790194630321226
 5.2936E-02,0.005402607011878443
 5.2953E-02,0.003010304379567048
 5.2971E-02,0.0007941206648997426
 5.2988E-02,-0.0011663013795012696
 5.3000E-02,-0.0022878827513235977
