  0.000,0.0
  1.000,0.011919364530334771
  0.000,0.011919364530334771
 2.0830E-05,0.012561718201083013
 4.1660E-05,0.01432515689934083
 6.2490E-05,0.017330790436946093
 8.3320E-05,0.02129835286679882
 1.0415E-04,0.024716680895121558
 1.2498E-04,0.026581933734459193
 1.4581E-04,0.026644796272690636
 1.6664E-04,0.024973071927016914
 1.8747E-04,0.022370846363760303
 2.0830E-04,0.020242272829009502
 2.2913E-04,0.019112124904128832
 2.4996E-04,0.018612871131847723
 2.7079E-04,0.01826251776193623
 2.9162E-04,0.017128170242601007
 3.1245E-04,0.014360196485060714
 3.3328E-04,0.010294778792214136
 3.5411E-04,0.005938566286566555
 3.7494E-04,0.00219301054247095
 3.9577E-04,-2.476475273605538e-05
 4.1660E-04,-0.00034194365231706136
 4.3743E-04,0.0004754521204985899
 4.5826E-04,0.0014084036678697553
 4.7909E-04,0.001849214044746303
 4.9992E-04,0.0014805220571510423
 5.2075E-04,0.0006921697674043444
 5.4158E-04,0.0005800585404148891
 5.6241E-04,0.0019590346588166815
 5.8324E-04,0.004940933862403393
 6.0407E-04,0.009127186775052025
 6.2490E-04,0.01354402685873883
 6.4573E-04,0.01700930261069341
 6.6656E-04,0.01899370720407009
 6.8739E-04,0.01975745171817482
 7.0822E-04,0.019960467070238685
 7.2905E-04,0.020450721337624538
 7.4988E-04,0.021812705408478208
 7.7071E-04,0.023806288279281503
 7.9154E-04,0.02556552600656157
 8.1237E-04,0.026212738995362486
 8.3320E-04,0.025137871127458154
 8.5403E-04,0.0223269489375631
 8.7486E-04,0.01858827491843937
 8.9569E-04,0.015002982159455187
 9.1652E-04,0.012299628040520736
 9.3735E-04,0.010703737305064846
 9.5818E-04,0.0098099047124619
 9.7901E-04,0.00873915836117274
 9.9984E-04,0.0068175239563577255
 1.0207E-03,0.003999873517328446
 1.0415E-03,0.0008079277634950688
 1.0623E-03,-0.0018307242274560264
 1.0832E-03,-0.0029921223642305557
 1.1040E-03,-0.0023395342550756298
 1.1248E-03,-0.00026969671899879175
 1.1456E-03,0.0023903668728505927
 1.1665E-03,0.004750368970282146
 1.1873E-03,0.006279401121360105
 1.2081E-03,0.007141892695391837
 1.2290E-03,0.00803840897974845
 1.2498E-03,0.009707639496925364
 1.2706E-03,0.01254211830023275
 1.2915E-03,0.016337849942329785
 1.3123E-03,0.02027426787596423
 1.3331E-03,0.023345920247638513
 1.3539E-03,0.024900419610202992
 1.3748E-03,0.02487890086214958
 1.3956E-03,0.023817530129352952
 1.4164E-03,0.0225871285714681
 1.4373E-03,0.021861827601734336
 1.4581E-03,0.02173715665667755
 1.4789E-03,0.021750738482004366
 1.4998E-03,0.021137338889375957
 1.5206E-03,0.01924231621327506
 1.5414E-03,0.015960901864624323
 1.5622E-03,0.011841563300670474
 1.5831E-03,0.007798738292196026
 1.6039E-03,0.004699556026392765
 1.6247E-03,0.002973020872591347
 1.6456E-03,0.0024012271665757555
 1.6664E-03,0.0022980636508975
 1.6872E-03,0.0019527323519201811
 1.7081E-03,0.0010220264451709523
 1.7289E-03,-0.0002732054165159449
 1.7497E-03,-0.0012307141011885466
 1.7705E-03,-0.0010588282456607642
 1.7914E-03,0.0006654118317961923
 1.8122E-03,0.0037705822905019963
 1.8330E-03,0.007556258820095335
 1.8539E-03,0.011107544557215025
 1.8747E-03,0.01375353456530828
 1.8955E-03,0.015385779045448493
 1.9164E-03,0.01643464100706092
 1.9372E-03,0.017580138449913716
 1.9580E-03,0.019346096016180033
 1.9788E-03,0.021753282018267303
 1.9997E-03,0.024264096637413926
 2.0205E-03,0.026060216777207542
 2.0413E-03,0.02645542671083614
 2.0622E-03,0.025243320291388868
 2.0830E-03,0.022819347091608735
 2.1038E-03,0.019974201363696577
 2.1247E-03,0.01747456508915364
 2.1455E-03,0.01569147049684398
 2.1663E-03,0.014451223446150234
 2.1871E-03,0.013171466660904022
 2.2080E-03,0.01123517966004483
 2.2288E-03,0.008389473122370107
 2.2496E-03,0.004928026261622901
 2.2705E-03,0.0015802533503388723
 2.2913E-03,-0.0008260391384272425
 2.3121E-03,-0.0017722681094261006
 2.3330E-03,-0.0012979456214650227
 2.3538E-03,5.598373372502985e-05
 2.3746E-03,0.0015540618963370255
 2.3954E-03,0.0026564534722507372
 2.4163E-03,0.003301542975241755
 2.4371E-03,0.003915952951656044
 2.4579E-03,0.005140862286780076
 2.4788E-03,0.007444203780077471
 2.4996E-03,0.01082510986959068
 2.5204E-03,0.01475780421673812
 2.5413E-03,0.01842015041070856
 2.5621E-03,0.021087418493709518
 2.5829E-03,0.02246593376961258
 2.6037E-03,0.022796247362057754
 2.6246E-03,0.02268142478963121
 2.6454E-03,0.022724850303177214
 2.6662E-03,0.02317710025810673
 2.6871E-03,0.023793911754259045
 2.7079E-03,0.02397304951581173
 2.7287E-03,0.02309014142632721
 2.7496E-03,0.02086021062730478
 2.7704E-03,0.017525270709736036
 2.7912E-03,0.013759174254201447
 2.8120E-03,0.010349305230636352
 2.8329E-03,0.007828425112111188
 2.8537E-03,0.006245132417251073
 2.8745E-03,0.005196715451259937
 2.8954E-03,0.004106669425356568
 2.9162E-03,0.002586263520770454
 2.9370E-03,0.0006830525145846977
 2.9579E-03,-0.0011125066599828588
 2.9787E-03,-0.002110074321617058
 2.9995E-03,-0.0017825711556750349
 3.0203E-03,-4.780545898702953e-05
 3.0412E-03,0.0026801508413624537
 3.0620E-03,0.00569231230269532
 3.0828E-03,0.008334693955300964
 3.1037E-03,0.010319615528217373
 3.1245E-03,0.011828003409097464
 3.1453E-03,0.013353340662960485
 3.1662E-03,0.015377855224426862
 3.1870E-03,0.018055315440878465
 3.2078E-03,0.021074414122884227
 3.2286E-03,0.023780985718061594
 3.2495E-03,0.025491250230918104
 3.2703E-03,0.025826477582848856
 3.2911E-03,0.024892559076877152
 3.3120E-03,0.023208125075993583
 3.3328E-03,0.0214201862988225
 3.3536E-03,0.019965295916961216
 3.3745E-03,0.018859494690690076
 3.3953E-03,0.017725742661005486
 3.4161E-03,0.01604218820764071
 3.4369E-03,0.013475150835439396
 3.4578E-03,0.010111982850731002
 3.4786E-03,0.0064668431270771595
 3.4994E-03,0.0032576251981338766
 3.5203E-03,0.001072380536650465
 3.5411E-03,0.00010284279098861078
 3.5619E-03,8.733580248647825e-05
 3.5828E-03,0.0004893899408938143
 3.6036E-03,0.0008115979032908116
 3.6244E-03,0.0008753264782616559
 3.6452E-03,0.0009154387204818058
 3.6661E-03,0.0014388697181403507
 3.6869E-03,0.00292630380086334
 3.7077E-03,0.005540391728263415
 3.7286E-03,0.008997655853479237
 3.7494E-03,0.012674071239935733
 3.7702E-03,0.015889427792662923
 3.7911E-03,0.01821780056091912
 3.8119E-03,0.01965848998855002
 3.8327E-03,0.020579253860891385
 3.8535E-03,0.021465831767231255
 3.8744E-03,0.022615872873123607
 3.8952E-03,0.023945636132352104
 3.9160E-03,0.025014587969911035
 3.9369E-03,0.025253449569734226
 3.9577E-03,0.024272242964369792
 3.9785E-03,0.022081615550232973
 3.9994E-03,0.019107045982931285
 4.0202E-03,0.01598903171880354
 4.0410E-03,0.01327821192551836
 4.0618E-03,0.011188542672758001
 4.0827E-03,0.009538739350588448
 4.1035E-03,0.007910097739845457
 4.1243E-03,0.005931149533432393
 4.1452E-03,0.00353194603324448
 4.1660E-03,0.0010292337145745697
 4.1868E-03,-0.0010041974677724454
 4.2077E-03,-0.0020160348636452867
 4.2285E-03,-0.0017479778935731137
 4.2493E-03,-0.0003602021904789657
 4.2702E-03,0.001658038972645834
 4.2910E-03,0.003742283451985934
 4.3118E-03,0.005534406232451422
 4.3326E-03,0.007040762766646534
 4.3535E-03,0.008583792182114011
 4.3743E-03,0.010576608745955401
 4.3951E-03,0.013245289160527517
 4.4160E-03,0.01645107484055922
 4.4368E-03,0.019710467904150774
 4.4576E-03,0.022403811892364983
 4.4785E-03,0.0240609573675291
 4.4993E-03,0.024571526583579115
 4.5201E-03,0.024208366085725505
 4.5409E-03,0.023453895811168867
 4.5618E-03,0.022725752463520536
 4.5826E-03,0.022151457323629567
 4.6034E-03,0.021513260606946305
 4.6243E-03,0.020391124437909032
 4.6451E-03,0.018424378374682426
 4.6659E-03,0.015548306400978325
 4.6867E-03,0.01207609630215794
 4.7076E-03,0.008581180882277623
 4.7284E-03,0.0056429030508041034
 4.7492E-03,0.0035912721976074646
 4.7701E-03,0.0023858143481433345
 4.7909E-03,0.0016901319117574424
 4.8117E-03,0.0010981498454250913
 4.8326E-03,0.00038731193636001035
 4.8534E-03,-0.00033919303160269117
 4.8742E-03,-0.0006980867504397723
 4.8950E-03,-0.0002340808206951381
 4.9159E-03,0.0013229298651231147
 4.9367E-03,0.0038907035017362946
 4.9575E-03,0.007047753871028559
 4.9784E-03,0.010220145038744109
 4.9992E-03,0.012942316584316393
 5.0200E-03,0.015053047901348732
 5.0409E-03,0.01672353821530756
 5.0617E-03,0.01830585102306929
 5.0825E-03,0.020087109184505705
 5.1034E-03,0.022085165326826424
 5.1242E-03,0.02399795792232414
 5.1450E-03,0.0253348003307216
 5.1658E-03,0.02565910543896459
 5.1867E-03,0.024811679992393424
 5.2075E-03,0.02299440503362882
 5.2283E-03,0.020670004047325188
 5.2492E-03,0.01833305240204684
 5.2700E-03,0.016276056052264867
 5.2908E-03,0.014475434177952965
 5.3117E-03,0.012656032366066255
 5.3325E-03,0.010495789025819196
 5.3533E-03,0.007856691470995615
 5.3741E-03,0.004914758207507349
 5.3950E-03,0.002117331590073894
 5.4158E-03,-1.0184183189059729e-05
 5.4366E-03,-0.0011049222105507298
 5.4575E-03,-0.0011265347263680902
 5.4783E-03,-0.0003527740294028439
 5.4991E-03,0.0007846234691535951
 5.5200E-03,0.0019338702978245912
 5.5408E-03,0.0030005126088359915
 5.5616E-03,0.004173577506531705
 5.5824E-03,0.0057883937879790424
 5.6033E-03,0.00810255143767084
 5.6241E-03,0.011108094832508627
 5.6449E-03,0.014483052169006713
 5.6658E-03,0.017710032739013726
 5.6866E-03,0.02029956944295847
 5.7074E-03,0.02199959266962621
 5.7282E-03,0.022880266279557034
 5.7491E-03,0.023251151247758985
 5.7699E-03,0.023458390226156867
 5.7907E-03,0.023673846144083268
 5.8116E-03,0.02379119798697799
 5.8324E-03,0.023484886168381392
 5.8532E-03,0.022398968636909954
 5.8741E-03,0.02036244247748587
 5.8949E-03,0.01751344568098469
 5.9157E-03,0.01426447222536105
 5.9365E-03,0.011126918358657645
 5.9574E-03,0.008488779208710193
 5.9782E-03,0.0064633995584527735
 5.9990E-03,0.004887604171474417
 6.0199E-03,0.0034664218837511655
 6.0407E-03,0.0019829005367230164
 6.0615E-03,0.00045733468973154054
 6.0824E-03,-0.0008313385193721543
 6.1032E-03,-0.0014738941587996476
 6.1240E-03,-0.0011396737842309967
 6.1449E-03,0.00024648178244130944
 6.1657E-03,0.0024540663721864067
 6.1865E-03,0.005050120266845958
 6.2073E-03,0.007600380781346947
 6.2282E-03,0.00986097346343021
 6.2490E-03,0.011859215486605188
 6.2698E-03,0.013822728290525638
 6.2907E-03,0.015998385099626054
 6.3115E-03,0.018461946634225193
 6.3323E-03,0.021023643860959125
 6.3532E-03,0.023282482160649706
 6.3740E-03,0.024801286287258494
 6.3948E-03,0.02530909442996919
 6.4156E-03,0.024822751516731363
 6.4365E-03,0.023623426682011273
 6.4573E-03,0.02210229834672445
 6.4781E-03,0.020559862957738696
 6.4990E-03,0.019067168209792158
 6.5198E-03,0.01746239853176428
 6.5406E-03,0.015482137727941058
 6.5614E-03,0.012953581074323858
 6.5823E-03,0.009941331514242115
 6.6031E-03,0.006767572756511932
 6.6239E-03,0.003893360096010363
 6.6448E-03,0.0017237782101761504
 6.6656E-03,0.00044016941712942694
 6.6864E-03,-5.276486690148534e-05
 6.7073E-03,-3.9412857736601995e-05
 6.7281E-03,0.00018507348280010128
 6.7489E-03,0.00048623725657951646
 6.7697E-03,0.0009621158152804635
 6.7906E-03,0.0018773901053386686
 6.8114E-03,0.0034968097508636655
 6.8322E-03,0.005909269665198826
 6.8531E-03,0.008938753710379865
 6.8739E-03,0.012191423286511799
 6.8947E-03,0.015214913502823446
 6.9156E-03,0.017685755949276544
 6.9364E-03,0.019526103355681404
 6.9572E-03,0.020889550042437872
 6.9780E-03,0.022026833336037145
 6.9989E-03,0.023106898835848325
 7.0197E-03,0.02409215174702759
 7.0405E-03,0.024736403641388106
 7.0614E-03,0.02470686153915593
 7.0822E-03,0.023763968432737453
 7.1030E-03,0.021901492370130116
 7.1239E-03,0.019370891957327427
 7.1447E-03,0.016576700732458892
 7.1655E-03,0.013899104848750437
 7.1864E-03,0.0115382968700016
 7.2072E-03,0.009462203778237059
 7.2280E-03,0.007482493344957946
 7.2488E-03,0.005414344380033895
 7.2697E-03,0.0032307185285786024
 7.2905E-03,0.0011256630188010756
 7.3113E-03,-0.0005488887787438593
 7.3322E-03,-0.0014396083282318289
 7.3530E-03,-0.0013580776606654022
 7.3738E-03,-0.0003684727418787274
 7.3947E-03,0.0012493495427399156
 7.4155E-03,0.00314062350613215
 7.4363E-03,0.005044413798030671
 7.4571E-03,0.006900300551128644
 7.4780E-03,0.008837355310034316
 7.4988E-03,0.011053918293930353
 7.5196E-03,0.013655831119943874
 7.5405E-03,0.01654297703600363
 7.5613E-03,0.01940752434998141
 7.5821E-03,0.021846702485688162
 7.6029E-03,0.023530998641430035
 7.6238E-03,0.024338749240907395
 7.6446E-03,0.024386383128456184
 7.6654E-03,0.023940072016204003
 7.6863E-03,0.02325840189152347
 7.7071E-03,0.022452150400393358
 7.7279E-03,0.021436827192764657
 7.7488E-03,0.020002423636201958
 7.7696E-03,0.017960840538268272
 7.7904E-03,0.015289343408622496
 7.8112E-03,0.012190773890762896
 7.8321E-03,0.00903656933255758
 7.8529E-03,0.006222013545509079
 7.8737E-03,0.004010065457722778
 7.8946E-03,0.002445473076537118
 7.9154E-03,0.001382366297257901
 7.9362E-03,0.0006073333713561165
 7.9571E-03,-1.0892992095048884e-05
 7.9779E-03,-0.00042741217608972197
 7.9987E-03,-0.0004340440730573091
 8.0195E-03,0.00022805579119569068
 8.0404E-03,0.001717366685786544
 8.0612E-03,0.003984581167446566
 8.0820E-03,0.006767292536968677
 8.1029E-03,0.009690495839075382
 8.1237E-03,0.012420048491793574
 8.1445E-03,0.014788250943341692
 8.1654E-03,0.016826313498751747
 8.1862E-03,0.01868917986955874
 8.2070E-03,0.020516417453184527
 8.2278E-03,0.02230706324835239
 8.2487E-03,0.023878096370537255
 8.2695E-03,0.024930327719797248
 8.2903E-03,0.025186939339958615
 8.3112E-03,0.024530359419468132
 8.3320E-03,0.02306399010106742
 8.3528E-03,0.0210659522318837
 8.3737E-03,0.018860196882458543
 8.3945E-03,0.016674321885207385
 8.4153E-03,0.014559538979096658
 8.4361E-03,0.012413621925099472
 8.4570E-03,0.010091459854409903
 8.4778E-03,0.0075405177980496785
 8.4986E-03,0.0048854805485062614
 8.5195E-03,0.00241439148556514
 8.5403E-03,0.0004722154679175736
 8.5611E-03,-0.000682250604827175
 8.5820E-03,-0.0009807234830575104
 8.6028E-03,-0.0005567710200820278
 8.6236E-03,0.0003401695580156342
 8.6444E-03,0.0014805979492336563
 8.6653E-03,0.0027671434579112316
 8.6861E-03,0.004263393207526434
 8.7069E-03,0.006125367930253788
 8.7278E-03,0.008474644347846437
 8.7486E-03,0.011283698687748598
 8.7694E-03,0.014337343093934612
 8.7903E-03,0.017292997935576822
 8.8111E-03,0.01980926115248573
 8.8319E-03,0.021675504496754983
 8.8527E-03,0.022874846987388647
 8.8736E-03,0.02354900026936374
 8.8944E-03,0.023886452382978544
 8.9152E-03,0.023996418125279733
 8.9361E-03,0.023837810240323595
 8.9569E-03,0.023241771989685075
 8.9777E-03,0.02201497058742754
 8.9986E-03,0.02006677328787306
 9.0194E-03,0.017490422035882226
 9.0402E-03,0.014553277209437528
 9.0610E-03,0.011600343273147476
 9.0819E-03,0.00892177189845271
 9.1027E-03,0.0066537493408309265
 9.1235E-03,0.004763383659548105
 9.1444E-03,0.003122500791813012
 9.1652E-03,0.0016274729237648708
 9.1860E-03,0.0002979942566176427
 9.2069E-03,-0.0007001028208534767
 9.2277E-03,-0.0011211784336996977
 9.2485E-03,-0.0007599223051205223
 9.2693E-03,0.00043917894333889455
 9.2902E-03,0.0023417966375263123
 9.3110E-03,0.004674694278682853
 9.3318E-03,0.007140669127401293
 9.3527E-03,0.009536699832359684
 9.3735E-03,0.011813467040349739
 9.3943E-03,0.014046643586806254
 9.4152E-03,0.016338329571802854
 9.4360E-03,0.018704717922184935
 9.4568E-03,0.02101318823768344
 9.4776E-03,0.023004886742096
 9.4985E-03,0.02439228651200712
 9.5193E-03,0.02498044757222564
 9.5401E-03,0.02474775024300653
 9.5610E-03,0.023843721012069254
 9.5818E-03,0.022506238568469887
 9.6026E-03,0.020943513341943547
 9.6235E-03,0.01924440926201395
 9.6443E-03,0.017364339854347224
 9.6651E-03,0.015192318607419717
 9.6859E-03,0.012660502314843112
 9.7068E-03,0.009834633764804352
 9.7276E-03,0.006934393468060562
 9.7484E-03,0.004270815986526323
 9.7693E-03,0.002132742534503832
 9.7901E-03,0.0006815061047103054
 9.8109E-03,-9.175955593658362e-05
 9.8318E-03,-0.0003256575205236393
 9.8526E-03,-0.00018885060059131934
 9.8734E-03,0.0002237042048949383
 9.8942E-03,0.0009421807948153919
 9.9151E-03,0.002093619213286439
 9.9359E-03,0.0038102275947840447
 9.9567E-03,0.006125039011578643
 9.9776E-03,0.008912638476629663
 9.9984E-03,0.011908463935247731
 1.0019E-02,0.014798011414011046
 1.0040E-02,0.017329856021660074
 1.0061E-02,0.01939385899162237
 1.0082E-02,0.02102499709379987
 1.0103E-02,0.02233354437560337
 1.0123E-02,0.02340194506759287
 1.0144E-02,0.024206179703737472
 1.0165E-02,0.024605442454217478
 1.0186E-02,0.02440630381114948
 1.0207E-02,0.023466734960285097
 1.0228E-02,0.021783518059561267
 1.0248E-02,0.01951542517526518
 1.0269E-02,0.016929163386757158
 1.0290E-02,0.014296502110067187
 1.0311E-02,0.011796720490573084
 1.0332E-02,0.009474816831696682
 1.0353E-02,0.00727516478457202
 1.0373E-02,0.005129353464196906
 1.0394E-02,0.0030479362025737783
 1.0415E-02,0.0011642337382487549
 1.0436E-02,-0.00029519473380366663
 1.0457E-02,-0.0010988035971995188
 1.0477E-02,-0.0011105869212325906
 1.0498E-02,-0.0003497878927628239
 1.0519E-02,0.0010214357572997136
 1.0540E-02,0.0027752108213740558
 1.0561E-02,0.004718544663948394
 1.0582E-02,0.006764014383005865
 1.0602E-02,0.008934107176939623
 1.0623E-02,0.011299121016715687
 1.0644E-02,0.013884663589503212
 1.0665E-02,0.016601188521443266
 1.0686E-02,0.019235943336736224
 1.0707E-02,0.021513823826184577
 1.0727E-02,0.023196286575482526
 1.0748E-02,0.024166835595541298
 1.0769E-02,0.024458807596674178
 1.0790E-02,0.02421226746518971
 1.0811E-02,0.02358483208898767
 1.0832E-02,0.022665507991492966
 1.0852E-02,0.021438123004760078
 1.0873E-02,0.01981326033552732
 1.0894E-02,0.01770995416525985
 1.0915E-02,0.015141215220145221
 1.0936E-02,0.012255359702480558
 1.0957E-02,0.009309075614288202
 1.0977E-02,0.006584999267792057
 1.0998E-02,0.004296251030478046
 1.1019E-02,0.0025269706154318326
 1.1040E-02,0.0012381401632676043
 1.1061E-02,0.0003328040313125591
 1.1082E-02,-0.00025679406126040796
 1.1102E-02,-0.0005087370385752448
 1.1123E-02,-0.0003110328198807827
 1.1144E-02,0.0004783789517379435
 1.1165E-02,0.0019438987356042087
 1.1186E-02,0.004044700230231773
 1.1207E-02,0.0066045436919300775
 1.1227E-02,0.009365558623288717
 1.1248E-02,0.01207851606495388
 1.1269E-02,0.014582897313223509
 1.1290E-02,0.016836000969371857
 1.1311E-02,0.01887814575432573
 1.1332E-02,0.020755610852145227
 1.1352E-02,0.02244556224743118
 1.1373E-02,0.023825678728469652
 1.1394E-02,0.024706490340343227
 1.1415E-02,0.02491005910839093
 1.1436E-02,0.024353216929217013
 1.1456E-02,0.023090870599406448
 1.1477E-02,0.021296276698056987
 1.1498E-02,0.019188952487849232
 1.1519E-02,0.016948627584977335
 1.1540E-02,0.014660398749560688
 1.1561E-02,0.01231861078676904
 1.1581E-02,0.009884745055372393
 1.1602E-02,0.007365289474816747
 1.1623E-02,0.004864963186267359
 1.1644E-02,0.0025843289764059347
 1.1665E-02,0.0007611597806398312
 1.1686E-02,-0.00041459038777530845
 1.1706E-02,-0.0008681444884886543
 1.1727E-02,-0.0006550354425633409
 1.1748E-02,8.264266937968987e-05
 1.1769E-02,0.0011943346294595494
 1.1790E-02,0.002591176512917563
 1.1811E-02,0.004270979497571337
 1.1831E-02,0.006285875083286682
 1.1852E-02,0.008671863509205789
 1.1873E-02,0.011380304667786278
 1.1894E-02,0.014250423725361736
 1.1915E-02,0.017039805489570556
 1.1936E-02,0.0194986070021772
 1.1956E-02,0.021449686626134883
 1.1977E-02,0.022833715203656763
 1.1998E-02,0.023697257843883324
 1.2019E-02,0.024132481703941673
 1.2040E-02,0.024202881388109755
 1.2061E-02,0.023896308220348383
 1.2081E-02,0.023131056806912263
 1.2102E-02,0.02181138790809978
 1.2123E-02,0.01990165302472317
 1.2144E-02,0.017477861816712553
 1.2165E-02,0.014727595415413438
 1.2186E-02,0.011896933068913186
 1.2206E-02,0.009211366518448255
 1.2227E-02,0.00681122665441374
 1.2248E-02,0.004733811465104416
 1.2269E-02,0.002948936025060308
 1.2290E-02,0.0014259044543141204
 1.2311E-02,0.00019338519370154907
 1.2331E-02,-0.000641888942219143
 1.2352E-02,-0.0009288552243572201
 1.2373E-02,-0.0005408011533939556
 1.2394E-02,0.0005576464443284583
 1.2415E-02,0.002281194300887875
 1.2436E-02,0.004448219153501701
 1.2456E-02,0.006846322032558929
 1.2477E-02,0.009305010703616425
 1.2498E-02,0.01173815655209281
 1.2519E-02,0.01413566752324235
 1.2540E-02,0.016511534593520505
 1.2560E-02,0.018839025251965784
 1.2581E-02,0.021010570595058346
 1.2602E-02,0.022846250527839902
 1.2623E-02,0.024148193868206012
 1.2644E-02,0.024773103084255097
 1.2665E-02,0.0246850752911935
 1.2685E-02,0.023961324848492095
 1.2706E-02,0.02274858994116376
 1.2727E-02,0.021194195746313715
 1.2748E-02,0.01938875566628189
 1.2769E-02,0.01735040864361509
 1.2790E-02,0.015057353912854886
 1.2810E-02,0.012508918620592408
 1.2831E-02,0.009779843467605794
 1.2852E-02,0.007036209754140791
 1.2873E-02,0.00450227678735315
 1.2894E-02,0.0023940373233715755
 1.2915E-02,0.0008531603109324989
 1.2935E-02,-8.53406714667142e-05
 1.2956E-02,-0.0004765159988144499
 1.2977E-02,-0.00041081089526552947
 1.2998E-02,4.7907290287605884e-05
 1.3019E-02,0.0008976539151715624
 1.3040E-02,0.0021881040294574805
 1.3060E-02,0.0039711352776698235
 1.3081E-02,0.0062400073492170464
 1.3102E-02,0.008891447983529166
 1.3123E-02,0.011732777840791964
 1.3144E-02,0.01453214337187245
 1.3165E-02,0.01708691691169847
 1.3185E-02,0.019275747274564225
 1.3206E-02,0.021068734633739837
 1.3227E-02,0.022492852276691164
 1.3248E-02,0.023573738464385447
 1.3269E-02,0.024287334569994747
 1.3290E-02,0.024548938317448765
 1.3310E-02,0.024246395171753116
 1.3331E-02,0.023299751561606408
 1.3352E-02,0.021714985952551964
 1.3373E-02,0.019602350145720603
 1.3394E-02,0.017148723183599442
 1.3415E-02,0.014557874533695964
 1.3435E-02,0.011989351317239482
 1.3456E-02,0.009526847090782392
 1.3477E-02,0.007190498456926925
 1.3498E-02,0.0049836249568141035
 1.3519E-02,0.002945940996369067
 1.3539E-02,0.0011821211333580244
 1.3560E-02,-0.00015166086210425503
 1.3581E-02,-0.000897534745812236
 1.3602E-02,-0.0009565160907554686
 1.3623E-02,-0.00032827861876334567
 1.3644E-02,0.0008905354540165394
 1.3664E-02,0.00254821243186159
 1.3685E-02,0.004497740707245361
 1.3706E-02,0.0066431585894734385
 1.3727E-02,0.008949044352994397
 1.3748E-02,0.01141009936896337
 1.3769E-02,0.0139996145389818
 1.3789E-02,0.016627110002016884
 1.3810E-02,0.019130439860636304
 1.3831E-02,0.021308926953042776
 1.3852E-02,0.02298179710221391
 1.3873E-02,0.024042376972204307
 1.3894E-02,0.024480657954218627
 1.3914E-02,0.02436371373005441
 1.3935E-02,0.02378588615171187
 1.3956E-02,0.022816442912878945
 1.3977E-02,0.02147306728356207
 1.3998E-02,0.01973484849719898
 1.4019E-02,0.01758649465510223
 1.4039E-02,0.015068232494501725
 1.4060E-02,0.012302601143435088
 1.4081E-02,0.009481751861215477
 1.4102E-02,0.0068200979228735924
 1.4123E-02,0.004495669086958457
 1.4144E-02,0.002609366208467687
 1.4164E-02,0.0011814889105116147
 1.4185E-02,0.00018487741974616292
 1.4206E-02,-0.0004053793246859362
 1.4227E-02,-0.0005740780802978859
 1.4248E-02,-0.00026124204461193585
 1.4269E-02,0.0006064914561349811
 1.4289E-02,0.0020655300175931764
 1.4310E-02,0.004073725458015976
 1.4331E-02,0.006500828130059096
 1.4352E-02,0.009157385814368146
 1.4373E-02,0.01184814367100934
 1.4394E-02,0.014423186377465915
 1.4414E-02,0.016801627621679832
 1.4435E-02,0.018957701815664644
 1.4456E-02,0.020879470051814918
 1.4477E-02,0.022524987297188354
 1.4498E-02,0.02380180493451044
 1.4519E-02,0.02458262352709101
 1.4539E-02,0.02474991162114008
 1.4560E-02,0.02424623797043316
 1.4581E-02,0.023103628865249463
 1.4602E-02,0.02143627815861901
 1.4623E-02,0.0194003647012175
 1.4643E-02,0.017141994498707774
 1.4664E-02,0.014760070493171382
 1.4685E-02,0.012302202909244747
 1.4706E-02,0.009793464619875524
 1.4727E-02,0.007279855092865524
 1.4748E-02,0.004860440899704022
 1.4768E-02,0.00268845603450156
 1.4789E-02,0.0009386320439012438
 1.4810E-02,-0.00024357414126529773
 1.4831E-02,-0.0007852983737086488
 1.4852E-02,-0.0007004299772322709
 1.4873E-02,-6.831189919095221e-05
 1.4893E-02,0.0010107175307734156
 1.4914E-02,0.00245880498623759
 1.4935E-02,0.004240164687035973
 1.4956E-02,0.006347355625824013
 1.4977E-02,0.008763296628263311
 1.4998E-02,0.011421473156270788
 1.5018E-02,0.014187951577636854
 1.5039E-02,0.016877154128060373
 1.5060E-02,0.019295191075260582
 1.5081E-02,0.02128970372930026
 1.5102E-02,0.022781648382932573
 1.5123E-02,0.02376412710160334
 1.5143E-02,0.02427097236618076
 1.5164E-02,0.024333757485435214
 1.5185E-02,0.023951604098894373
 1.5206E-02,0.023090586956856465
 1.5227E-02,0.021712903775804072
 1.5248E-02,0.019819369774780746
 1.5268E-02,0.017481221935876486
 1.5289E-02,0.014842731979646723
 1.5310E-02,0.012091658748778093
 1.5331E-02,0.009411641748794355
 1.5352E-02,0.006940019420630284
 1.5373E-02,0.004751281389830187
 1.5393E-02,0.002872347021024244
 1.5414E-02,0.0013187624750973731
 1.5435E-02,0.00012994387515689117
 1.5456E-02,-0.0006174103484433417
 1.5477E-02,-0.0008263161845255257
 1.5498E-02,-0.00041861395408993886
 1.5518E-02,0.0006244274134324174
 1.5539E-02,0.0022418043615883743
 1.5560E-02,0.004304027634001317
 1.5581E-02,0.0066506498163263076
 1.5602E-02,0.009135149734298248
 1.5622E-02,0.011654790846386048
 1.5643E-02,0.014151599466029436
 1.5664E-02,0.01658647299388441
 1.5685E-02,0.018903029652543406
 1.5706E-02,0.021003265560200664
 1.5727E-02,0.0227504875686827
 1.5747E-02,0.02399996421265959
 1.5768E-02,0.024642449880671047
 1.5789E-02,0.024638475241151227
 1.5810E-02,0.024025978171273474
 1.5831E-02,0.02289789885092579
 1.5852E-02,0.02136212592946701
 1.5872E-02,0.01950511927092451
 1.5893E-02,0.017377883251611954
 1.5914E-02,0.01501028089028551
 1.5935E-02,0.012443929229513238
 1.5956E-02,0.009763651438786354
 1.5977E-02,0.00710818642969583
 1.5997E-02,0.004652087353510521
 1.6018E-02,0.0025663191093313093
 1.6039E-02,0.0009765519618892284
 1.6060E-02,-6.059513297544542e-05
 1.6081E-02,-0.0005526505810705258
 1.6102E-02,-0.000542133903518045
 1.6122E-02,-7.010616524926079e-05
 1.6143E-02,0.0008473217732010298
 1.6164E-02,0.002216912981449035
 1.6185E-02,0.004042419768035019
 1.6206E-02,0.006289956902975699
 1.6227E-02,0.008864773589661427
 1.6247E-02,0.011613708765971124
 1.6268E-02,0.014354017398211403
 1.6289E-02,0.016915254864723235
 1.6310E-02,0.019174038127570174
 1.6331E-02,0.02106544803194472
 1.6352E-02,0.022567433318650208
 1.6372E-02,0.02366898251235868
 1.6393E-02,0.02434124574536216
 1.6414E-02,0.02452870016073287
 1.6435E-02,0.024166064569844988
 1.6456E-02,0.023212218751549885
 1.6477E-02,0.021682732751471888
 1.6497E-02,0.019662980601672805
 1.6518E-02,0.0172939548386579
 1.6539E-02,0.014737263490618548
 1.6560E-02,0.012136583826143932
 1.6581E-02,0.009594283401098365
 1.6602E-02,0.007173336414768014
 1.6622E-02,0.004920807190649867
 1.6643E-02,0.002897566360983503
 1.6664E-02,0.001195774389427087
 1.6685E-02,-6.739034544865261e-05
 1.6706E-02,-0.0007781059325666953
 1.6726E-02,-0.000862478886707049
 1.6747E-02,-0.000312669145620202
 1.6768E-02,0.0008108124245796165
 1.6789E-02,0.0024016356607301113
 1.6810E-02,0.004343188030533067
 1.6831E-02,0.006538880477867822
 1.6851E-02,0.008922372708305643
 1.6872E-02,0.011444165712861394
 1.6893E-02,0.014044080080054366
 1.6914E-02,0.01662691685264629
 1.6935E-02,0.019056904216911807
 1.6956E-02,0.02117631878911266
 1.6976E-02,0.022840482999210668
 1.6997E-02,0.02395232163446474
 1.7018E-02,0.024479685769049436
 1.7039E-02,0.02444768790131559
 1.7060E-02,0.02391141651653556
 1.7081E-02,0.022924490963144434
 1.7101E-02,0.02152054736801535
 1.7122E-02,0.019717113795134314
 1.7143E-02,0.017538663257950966
 1.7164E-02,0.01504484142269262
 1.7185E-02,0.012346790835454872
 1.7206E-02,0.009600747206343387
 1.7226E-02,0.006980213218622635
 1.7247E-02,0.00463942330644226
 1.7268E-02,0.002685361677749037
 1.7289E-02,0.0011709155491717986
 1.7310E-02,0.00011045230234891438
 1.7331E-02,-0.0004926696598596917
 1.7351E-02,-0.0006230960555771567
 1.7372E-02,-0.00024841281125644244
 1.7393E-02,0.0006647924570716798
 1.7414E-02,0.0021224695126556073
 1.7435E-02,0.004078107729362201
 1.7456E-02,0.0064256053222277775
 1.7476E-02,0.009015172242831635
 1.7497E-02,0.011685402928542565
 1.7518E-02,0.014296295123308456
 1.7539E-02,0.016747775695026314
 1.7560E-02,0.018976304404687155
 1.7581E-02,0.020934005028242574
 1.7601E-02,0.022564085375405402
 1.7622E-02,0.023788032949378844
 1.7643E-02,0.024513322004536563
 1.7664E-02,0.024658847203377913
 1.7685E-02,0.02418528480673318
 1.7705E-02,0.023114509733205463
 1.7726E-02,0.02152771365423216
 1.7747E-02,0.01954295220166702
 1.7768E-02,0.017283471672049317
 1.7789E-02,0.014852598594605021
 1.7810E-02,0.012326897926579228
 1.7830E-02,0.009769021419883808
 1.7851E-02,0.007250803344382402
 1.7872E-02,0.004871591046583256
 1.7893E-02,0.0027594783208914606
 1.7914E-02,0.0010525155398290742
 1.7935E-02,-0.00013203322991927344
 1.7955E-02,-0.0007256673102533246
 1.7976E-02,-0.0007203790954522925
 1.7997E-02,-0.00015905078034232384
 1.8018E-02,0.0008895613872209968
 1.8039E-02,0.002357619406632705
 1.8060E-02,0.0041928035920339845
 1.8080E-02,0.006353909524508448
 1.8101E-02,0.008791366028658848
 1.8122E-02,0.011425095318469778
 1.8143E-02,0.014133816030088224
 1.8164E-02,0.016763866934296736
 1.8185E-02,0.019155173223490016
 1.8205E-02,0.021172740137431374
 1.8226E-02,0.022729025618145805
 1.8247E-02,0.023787340944826686
 1.8268E-02,0.02434644102387345
 1.8289E-02,0.024416260488841185
 1.8310E-02,0.023999037280324556
 1.8330E-02,0.02308657082364748
 1.8351E-02,0.021675050743003552
 1.8372E-02,0.01978886702133581
 1.8393E-02,0.017499527202428793
 1.8414E-02,0.014928105977270976
 1.8435E-02,0.012228248977589114
 1.8455E-02,0.009556955671013568
 1.8476E-02,0.0070466609721247615
 1.8497E-02,0.0047911774566111506
 1.8518E-02,0.0028504524181027125
 1.8539E-02,0.001269004834371619
 1.8560E-02,9.578414265131938e-05
 1.8580E-02,-0.0006071738143201554
 1.8601E-02,-0.0007734077886897507
 1.8622E-02,-0.00035431255765278486
 1.8643E-02,0.0006564484331439955
 1.8664E-02,0.002209474781535152
 1.8685E-02,0.00420473516306045
 1.8705E-02,0.00651334800630103
 1.8726E-02,0.0090056408024823
 1.8747E-02,0.011572168458009178
 1.8768E-02,0.014128552004684075
 1.8789E-02,0.01660399073142321
 1.8809E-02,0.01892222565614121
 1.8830E-02,0.020987767975990397
 1.8851E-02,0.022687193482674603
 1.8872E-02,0.023906905862885523
 1.8893E-02,0.02455956187068969
 1.8914E-02,0.024606331008321117
 1.8934E-02,0.024064049274454206
 1.8955E-02,0.02299408269760964
 1.8976E-02,0.021479122590826155
 1.8997E-02,0.01960010162358486
 1.9018E-02,0.017424763492930647
 1.9039E-02,0.015012571670095773
 1.9059E-02,0.012431381751303327
 1.9080E-02,0.009774670156871695
 1.9101E-02,0.007167679264822717
 1.9122E-02,0.004756789168228337
 1.9143E-02,0.00268549232153936
 1.9164E-02,0.0010676144735516254
 1.9184E-02,-2.999977891840911e-05
 1.9205E-02,-0.0005880278988030764
 1.9226E-02,-0.0006198308968066611
 1.9247E-02,-0.00015043690511320568
 1.9268E-02,0.0007987004003642299
 1.9289E-02,0.0022109346126684797
 1.9309E-02,0.004061538202164126
 1.9330E-02,0.00629868782787541
 1.9351E-02,0.008830031304718166
 1.9372E-02,0.011523871287140861
 1.9393E-02,0.01422639477775939
 1.9414E-02,0.016787940908787137
 1.9434E-02,0.019086572842663636
 1.9455E-02,0.021038737807507393
 1.9476E-02,0.0225937229111054
 1.9497E-02,0.023717184540975912
 1.9518E-02,0.024374609255164586
 1.9539E-02,0.024525159534457372
 1.9559E-02,0.024130235167244683
 1.9580E-02,0.02317260703414641
 1.9601E-02,0.021675778742158338
 1.9622E-02,0.01971266888796163
 1.9643E-02,0.017398069323921038
 1.9664E-02,0.014867692460981314
 1.9684E-02,0.012253442669214866
 1.9705E-02,0.009666176515143449
 1.9726E-02,0.007192841487373787
 1.9747E-02,0.004906936690212763
 1.9768E-02,0.002884046785593983
 1.9788E-02,0.001211628033546236
 1.9809E-02,-1.4392919060055931e-05
 1.9830E-02,-0.000706196181407166
 1.9851E-02,-0.0008063472355540451
 1.9872E-02,-0.00030485152191946617
 1.9893E-02,0.0007575447596209058
 1.9913E-02,0.0023014077857841965
 1.9934E-02,0.0042298875597931605
 1.9955E-02,0.006448662327677011
 1.9976E-02,0.008875253164974707
 1.9997E-02,0.011434583349626652
 2.0018E-02,0.014045403799724158
 2.0038E-02,0.016607327481635414
 2.0059E-02,0.018997953018922285
 2.0080E-02,0.021084070472365154
 2.0101E-02,0.022743214369271736
 2.0122E-02,0.023886050949047687
 2.0143E-02,0.024469387124754702
 2.0163E-02,0.02449434024682889
 2.0184E-02,0.023991827089601295
 2.0205E-02,0.023003890408209007
 2.0226E-02,0.021571062855430517
 2.0247E-02,0.019732114280285828
 2.0268E-02,0.017535289839123447
 2.0288E-02,0.01505348798208292
 2.0309E-02,0.012393364531054211
 2.0330E-02,0.00969139245959974
 2.0351E-02,0.00709677427671452
 2.0372E-02,0.004748060440510153
 2.0393E-02,0.002753628227765155
 2.0413E-02,0.0011840859398799554
 2.0434E-02,7.836728928069725e-05
 2.0455E-02,-0.0005418081796685845
 2.0476E-02,-0.0006585089013958365
 2.0497E-02,-0.00025351911421110494
 2.0518E-02,0.0006836520638933169
 2.0538E-02,0.002139995895954358
 2.0559E-02,0.004064455576149687
 2.0580E-02,0.006363387238529187
 2.0601E-02,0.008909839747508929
 2.0622E-02,0.011563401878597172
 2.0643E-02,0.014192007415658917
 2.0663E-02,0.01668629808492976
 2.0684E-02,0.01896132244482935
 2.0705E-02,0.02094721915391224
 2.0726E-02,0.022576373696608525
 2.0747E-02,0.023776199481693898
 2.0768E-02,0.024473305653366854
 2.0788E-02,0.024608245553350745
 2.0809E-02,0.024153879981117114
 2.0830E-02,0.02312799168466646
 2.0851E-02,0.021593450211800917
 2.0872E-02,0.019645494962444235
 2.0892E-02,0.01739217709375758
 2.0913E-02,0.01493719157832215
 2.0934E-02,0.01237256204509703
 2.0955E-02,0.009782933867237756
 2.0976E-02,0.007256719864434944
 2.0997E-02,0.004895558675406829
 2.1017E-02,0.0028145068794485782
 2.1038E-02,0.0011305283456106605
 2.1059E-02,-5.6645161887255036e-05
 2.1080E-02,-0.0006828515991994599
 2.1101E-02,-0.000728731647140875
 2.1122E-02,-0.0002160697166562278
 2.1142E-02,0.0008060837229606195
 2.1163E-02,0.0022778879932635315
 2.1184E-02,0.004139351249128863
 2.1205E-02,0.0063304019439039474
 2.1226E-02,0.008781844529979776
 2.1247E-02,0.011403952866202013
 2.1267E-02,0.014081009076673779
 2.1288E-02,0.01667706915146756
 2.1309E-02,0.019052270670916534
 2.1330E-02,0.021083318077763535
 2.1351E-02,0.022679454504698267
 2.1372E-02,0.023787508471965618
 2.1392E-02,0.02438524801481663
 2.1413E-02,0.024468225869365565
 2.1434E-02,0.02403834740294298
 2.1455E-02,0.023100921405397722
 2.1476E-02,0.02167180856860155
 2.1497E-02,0.01979029642296027
 2.1517E-02,0.017529771345769163
 2.1538E-02,0.014999055697812532
 2.1559E-02,0.012331982054502763
 2.1580E-02,0.00966882449189063
 2.1601E-02,0.007137332648071291
 2.1622E-02,0.00484112262430308
 2.1642E-02,0.002859116550103728
 2.1663E-02,0.0012538227121077486
 2.1684E-02,8.170021192076098e-05
 2.1705E-02,-0.0006019208010017097
 2.1726E-02,-0.0007475237888990324
 2.1747E-02,-0.00032420996122963663
 2.1767E-02,0.0006657152674827049
 2.1788E-02,0.0021781481299320334
 2.1809E-02,0.004129613617614001
 2.1830E-02,0.006410292547334825
 2.1851E-02,0.008901992190698798
 2.1871E-02,0.011493175422579922
 2.1892E-02,0.014085109026986384
 2.1913E-02,0.016588233364583357
 2.1934E-02,0.018913253414135453
 2.1955E-02,0.020964286114803294
 2.1976E-02,0.022640150318038
 2.1996E-02,0.023845250166982974
 2.2017E-02,0.024506011276943605
 2.2038E-02,0.024585471264643735
 2.2059E-02,0.024089227574245323
 2.2080E-02,0.02306017885034198
 2.2101E-02,0.021565065613410775
 2.2121E-02,0.019679715255958578
 2.2142E-02,0.017480047132520122
 2.2163E-02,0.015042266137799399
 2.2184E-02,0.012450282422182216
 2.2205E-02,0.009804187458881095
 2.2226E-02,0.007222867403626732
 2.2246E-02,0.004836924342544211
 2.2267E-02,0.0027733062855385127
 2.2288E-02,0.0011375802984186847
 2.2309E-02,1.1858693441644825e-06
 2.2330E-02,-0.0006014503616429108
 2.2351E-02,-0.0006660256760586286
 2.2371E-02,-0.0002065919246314015
 2.2392E-02,0.0007541129970705118
 2.2413E-02,0.0021869587468898543
 2.2434E-02,0.004050600347174519
 2.2455E-02,0.006281680521578976
 2.2476E-02,0.00878777769167875
 2.2496E-02,0.011448705656468702
 2.2517E-02,0.014127560587127823
 2.2538E-02,0.016687872112461977
 2.2559E-02,0.019010058018533848
 2.2580E-02,0.0210007997513115
 2.2601E-02,0.02259271176437485
 2.2621E-02,0.023736734084092895
 2.2642E-02,0.024393301964032055
 2.2663E-02,0.02452859618482041
 2.2684E-02,0.0241189504608139
 2.2705E-02,0.023161574497100112
 2.2726E-02,0.021685837118692736
 2.2746E-02,0.019758578638282405
 2.2767E-02,0.017479704012299292
 2.2788E-02,0.014969134185681899
 2.2809E-02,0.012350452223994323
 2.2830E-02,0.009737993174526111
 2.2851E-02,0.007231972453001527
 2.2871E-02,0.00492173704675533
 2.2892E-02,0.002892819115437303
 2.2913E-02,0.0012315452310777669
 2.2934E-02,2.2514862036915545e-05
 2.2955E-02,-0.0006615727184544576
 2.2975E-02,-0.0007737691343791725
 2.2996E-02,-0.00030404035337339727
 2.3017E-02,0.0007176251445367487
 2.3038E-02,0.0022276878676042076
 2.3059E-02,0.004142002206246926
 2.3080E-02,0.0063691769231386435
 2.3100E-02,0.00881857308116574
 2.3121E-02,0.011400483912493072
 2.3142E-02,0.01402058671978965
 2.3163E-02,0.01657405784230506
 2.3184E-02,0.018945014441449578
 2.3205E-02,0.021014052050566327
 2.3225E-02,0.022672160666166574
 2.3246E-02,0.023835661001036488
 2.3267E-02,0.02445598296656095
 2.3288E-02,0.024520556226030485
 2.3309E-02,0.024045472816701514
 2.3330E-02,0.023064543235020007
 2.3350E-02,0.02162077591075424
 2.3371E-02,0.01976444126959782
 2.3392E-02,0.01755779365372979
 2.3413E-02,0.015082468393602253
 2.3434E-02,0.012443760160204657
 2.3455E-02,0.009767398097801569
 2.3475E-02,0.007188285195722578
 2.3496E-02,0.0048348712641699005
 2.3517E-02,0.0028151187515827914
 2.3538E-02,0.0012091886036038493
 2.3559E-02,7.049828673389813e-05
 2.3580E-02,-0.000567426178607009
 2.3600E-02,-0.0006836006252025934
 2.3621E-02,-0.00026680971876257334
 2.3642E-02,0.0006805131372765164
 2.3663E-02,0.002133795337014181
 2.3684E-02,0.0040382622521879
 2.3705E-02,0.0063065879877067
 2.3725E-02,0.00882490603656014
 2.3746E-02,0.011465712649341446
 2.3767E-02,0.014102810202053048
 2.3788E-02,0.016622586735152566
 2.3809E-02,0.018928051743860714
 2.3830E-02,0.02093598630637398
 2.3850E-02,0.022571184255445773
 2.3871E-02,0.023763110172995906
 2.3892E-02,0.024448668554784864
 2.3913E-02,0.024581076336877873
 2.3934E-02,0.024141089406477523
 2.3954E-02,0.023145098676952733
 2.3975E-02,0.021645831661848556
 2.3996E-02,0.019724911864273033
 2.4017E-02,0.0174804400938717
 2.4038E-02,0.015014968332269722
 2.4059E-02,0.0124285787181644
 2.4079E-02,0.009818657765234797
 2.4100E-02,0.007284093904717453
 2.4121E-02,0.004929126646353815
 2.4142E-02,0.002862278279822682
 2.4163E-02,0.0011885693730119874
 2.4184E-02,-2.962354459733283e-06
 2.4204E-02,-0.0006516247530769735
 2.4225E-02,-0.0007322311216828139
 2.4246E-02,-0.000254365714947206
 2.4267E-02,0.0007451695923179577
 2.4288E-02,0.0022125204024580833
 2.4309E-02,0.004084504910122985
 2.4329E-02,0.006290703294891356
 2.4350E-02,0.008750235638251115
 2.4371E-02,0.011366813842223433
 2.4392E-02,0.014026884081442488
 2.4413E-02,0.01660420966613446
 2.4434E-02,0.018970872398338487
 2.4454E-02,0.02101121584843073
 2.4475E-02,0.02263358351203729
 2.4496E-02,0.023775720959212397
 2.4517E-02,0.024402863538509775
 2.4538E-02,0.02450111696471749
 2.4559E-02,0.02407082864473568
 2.4579E-02,0.023124136951487868
 2.4600E-02,0.021688086796955358
 2.4621E-02,0.01981116556076569
 2.4642E-02,0.017568784339629627
 2.4663E-02,0.015063377498452182
 2.4684E-02,0.012417336616720863
 2.4704E-02,0.009760553249607236
 2.4725E-02,0.007217000763369654
 2.4746E-02,0.004895126166162309
 2.4767E-02,0.00288469644535274
 2.4788E-02,0.0012593242183064361
 2.4809E-02,8.10351774681486e-05
 2.4829E-02,-0.0005975396922951123
 2.4850E-02,-0.0007360746021293768
 2.4871E-02,-0.0003140778179318784
 2.4892E-02,0.0006604218363524268
 2.4913E-02,0.0021456143801362017
 2.4934E-02,0.004067314283720338
 2.4954E-02,0.006327176957129459
 2.4975E-02,0.008814672550154778
 2.4996E-02,0.011418160959448007
 2.5017E-02,0.014031242121427638
 2.5038E-02,0.01655334773960732
 2.5058E-02,0.01888677252435208
 2.5079E-02,0.020934264678998272
 2.5100E-02,0.022600874387594522
 2.5121E-02,0.023801237498882417
 2.5142E-02,0.024470231692412123
 2.5163E-02,0.024572754489944608
 2.5183E-02,0.024108433171616993
 2.5204E-02,0.02310936012477029
 2.5225E-02,0.02163222297296349
 2.5246E-02,0.01974870627385771
 2.5267E-02,0.01753844941554385
 2.5288E-02,0.01508697075773449
 2.5308E-02,0.012487864547767354
 2.5329E-02,0.009845950730586814
 2.5350E-02,0.007277336577469052
 2.5371E-02,0.004903914061472066
 2.5392E-02,0.002842807808129895
 2.5413E-02,0.0011940819609161676
 2.5433E-02,3.110735213644007e-05
 2.5454E-02,-0.0006031937516212741
 2.5475E-02,-0.0006938221407485129
 2.5496E-02,-0.0002474264337153487
 2.5517E-02,0.0007136920044753319
 2.5538E-02,0.0021539705316757415
 2.5558E-02,0.004022541393400352
 2.5579E-02,0.006248823394028526
 2.5600E-02,0.0087395477495546
 2.5621E-02,0.011380626485540068
 2.5642E-02,0.014044965858025463
 2.5663E-02,0.01660434209806711
 2.5683E-02,0.018941395003488442
 2.5704E-02,0.02095776176704771
 2.5725E-02,0.0225763806471917
 2.5746E-02,0.02373895430808981
 2.5767E-02,0.024401879687005718
 2.5788E-02,0.024534386518402403
 2.5808E-02,0.02412096990663132
 2.5829E-02,0.023167381179117093
 2.5850E-02,0.021707011411294927
 2.5871E-02,0.01980379848827904
 2.5892E-02,0.017549201225134356
 2.5913E-02,0.015053551852332408
 2.5933E-02,0.012434730945495017
 2.5954E-02,0.009808201787540017
 2.5975E-02,0.00728143377413437
 2.5996E-02,0.004953213061165362
 2.6017E-02,0.002915670504505305
 2.6037E-02,0.0012554925984353687
 2.6058E-02,5.143872903158424e-05
 2.6079E-02,-0.0006324136948991953
 2.6100E-02,-0.0007555987087623019
 2.6121E-02,-0.0003086713367814731
 2.6142E-02,0.0006842481144457957
 2.6162E-02,0.002169026080431862
 2.6183E-02,0.0040696395518883734
 2.6204E-02,0.006297409175177747
 2.6225E-02,0.008757771337678391
 2.6246E-02,0.011352768423999921
 2.6267E-02,0.013980075219735785
 2.6287E-02,0.01653146869167361
 2.6308E-02,0.01889405488818849
 2.6329E-02,0.020956073443182045
 2.6350E-02,0.022616521484934017
 2.6371E-02,0.02379557810211278
 2.6392E-02,0.024442099471709673
 2.6412E-02,0.02453568519900158
 2.6433E-02,0.024083329027454917
 2.6454E-02,0.023113112002998554
 2.6475E-02,0.021668469057175597
 2.6496E-02,0.019805709954943868
 2.6517E-02,0.01759519867115853
 2.6537E-02,0.015124156207715896
 2.6558E-02,0.012497790759837243
 2.6579E-02,0.009836064093372
 2.6600E-02,0.007265543621296158
 2.6621E-02,0.004908306285539943
 2.6642E-02,0.002871399452353864
 2.6662E-02,0.0012401099335523393
 2.6683E-02,7.63986511560209e-05
 2.6704E-02,-0.0005786469000571663
 2.6725E-02,-0.0007012675905465915
 2.6746E-02,-0.00028343858265262553
 2.6767E-02,0.0006652996115222973
 2.6787E-02,0.002113489163558707
 2.6808E-02,0.004003666531144949
 2.6829E-02,0.006251673641104696
 2.6850E-02,0.008751124672738097
 2.6871E-02,0.01138240296449228
 2.6892E-02,0.01402344759978263
 2.6912E-02,0.01655886485844876
 2.6933E-02,0.018884942168307935
 2.6954E-02,0.02091037839137855
 2.6975E-02,0.022554762570620467
 2.6996E-02,0.02374783959580917
 2.7017E-02,0.024431865562986446
 2.7037E-02,0.02456729708263137
 2.7058E-02,0.024139815015966473
 2.7079E-02,0.023165489373166873
 2.7100E-02,0.02169140937839947
 2.7121E-02,0.019791060640306533
 2.7141E-02,0.017556080044134562
 2.7162E-02,0.015087504250590461
 2.7183E-02,0.012489472926926377
 2.7204E-02,0.009866669442316418
 2.7225E-02,0.007324515655320257
 2.7246E-02,0.004969523214708043
 2.7266E-02,0.002907111833481432
 2.7287E-02,0.001235671483951839
 2.7308E-02,3.7862905562570945e-05
 2.7329E-02,-0.000628087674272831
 2.7350E-02,-0.0007339915687184673
 2.7371E-02,-0.0002823392003050867
 2.7391E-02,0.0006976939443500421
 2.7412E-02,0.002156587326978737
 2.7433E-02,0.004030157040056753
 2.7454E-02,0.0062424600718524945
 2.7475E-02,0.008705778466864631
 2.7496E-02,0.01131951862704043
 2.7516E-02,0.013970758315747574
 2.7537E-02,0.016538498409029823
 2.7558E-02,0.018901789478761477
 2.7579E-02,0.020949823417279675
 2.7600E-02,0.0225909323632828
 2.7621E-02,0.02375784387514829
 2.7641E-02,0.024408286220761147
 2.7662E-02,0.02452218350144783
 2.7683E-02,0.024098078915727687
 2.7704E-02,0.023151340602897797
 2.7725E-02,0.021715212877215118
 2.7746E-02,0.019843714971473612
 2.7766E-02,0.017613901167321297
 2.7787E-02,0.015124902168759863
 2.7808E-02,0.012492525964249514
 2.7829E-02,0.009840276666870318
 2.7850E-02,0.007289335708324192
 2.7871E-02,0.004950446782317212
 2.7891E-02,0.0029195608694398316
 2.7912E-02,0.0012771332426399077
 2.7933E-02,8.918439827737892e-05
 2.7954E-02,-0.0005924108792580622
 2.7975E-02,-0.0007321327864897092
 2.7996E-02,-0.00031544875399551334
 2.8016E-02,0.0006460050405617628
 2.8037E-02,0.0021113737921382974
 2.8058E-02,0.0040117128535049305
 2.8079E-02,0.006255593042925284
 2.8100E-02,0.008737538629862845
 2.8120E-02,0.011346543367622834
 2.8141E-02,0.013972205866999363
 2.8162E-02,0.016507549215240926
 2.8183E-02,0.01884950575867605
 2.8204E-02,0.020899316688186443
 2.8225E-02,0.02256503523664543
 2.8245E-02,0.023766975180000448
 2.8266E-02,0.02444505644484048
 2.8287E-02,0.02456560568783607
 2.8308E-02,0.024125040758446497
 2.8329E-02,0.023149085884163964
 2.8350E-02,0.021688081477268653
 2.8370E-02,0.019810546314850085
 2.8391E-02,0.017597580813721796
 2.8412E-02,0.015139765069876784
 2.8433E-02,0.012536441451595031
 2.8454E-02,0.009895657256011717
 2.8475E-02,0.007332463119371595
 2.8495E-02,0.0049640310145063855
 2.8516E-02,0.0029017508339358603
 2.8537E-02,0.0012421667335042704
 2.8558E-02,5.940565764820326e-05
 2.8579E-02,-0.0005987919741445343
 2.8600E-02,-0.0007109124937589342
 2.8620E-02,-0.0002786332768524491
 2.8641E-02,0.0006767957320692593
 2.8662E-02,0.002116689443686269
 2.8683E-02,0.003984861992992886
 2.8704E-02,0.006206337757111579
 2.8725E-02,0.008686940429384123
 2.8745E-02,0.011315782206878042
 2.8766E-02,0.013971425389552863
 2.8787E-02,0.01653073280468465
 2.8808E-02,0.01887810081905031
 2.8829E-02,0.02091258726740041
 2.8850E-02,0.022551501111940233
 2.8870E-02,0.02373074172938521
 2.8891E-02,0.024403638966427776
 2.8912E-02,0.024540472520354087
 2.8933E-02,0.02413003051242293
 2.8954E-02,0.023182971209469563
 2.8975E-02,0.02173526832707244
 2.8995E-02,0.01984947337368113
 2.9016E-02,0.017612228818000394
 2.9037E-02,0.015128045045474528
 2.9058E-02,0.01251096937879401
 2.9079E-02,0.009876570566068409
 2.9100E-02,0.007336230319204053
 2.9120E-02,0.004994331471973398
 2.9141E-02,0.0029473331168987323
 2.9162E-02,0.001282792534248803
 2.9183E-02,7.662335496482864e-05
 2.9204E-02,-0.000611873160849866
 2.9224E-02,-0.0007460936595779077
 2.9245E-02,-0.000317189971576236
 2.9266E-02,0.0006539732839248062
 2.9287E-02,0.0021188760678228728
 2.9308E-02,0.004006696430727942
 2.9329E-02,0.006230985100706332
 2.9349E-02,0.008695456696477186
 2.9370E-02,0.011297587126500553
 2.9391E-02,0.01393021985666805
 2.9412E-02,0.016482684569607737
 2.9433E-02,0.0188433107226254
 2.9454E-02,0.020904470388247647
 2.9474E-02,0.022569818431486886
 2.9495E-02,0.02376201423807759
 2.9516E-02,0.0244286658318947
 2.9537E-02,0.024544838214504337
 2.9558E-02,0.024111898446555632
 2.9579E-02,0.023153969285987765
 2.9599E-02,0.021714038409147776
 2.9620E-02,0.01985142733483957
 2.9641E-02,0.01764107846680147
 2.9662E-02,0.015173672502352487
 2.9683E-02,0.01255474527854301
 2.9704E-02,0.009901200476945485
 2.9724E-02,0.00733479382074211
 2.9745E-02,0.004973660645911594
 2.9766E-02,0.002923969312706855
 2.9787E-02,0.0012737715734693449
 2.9808E-02,9.010267554319419e-05
 2.9829E-02,-0.0005810904612120207
 2.9849E-02,-0.0007137604482246788
 2.9870E-02,-0.0003010988106901597
 2.9891E-02,0.0006436014238659068
 2.9912E-02,0.0020849167472426836
 2.9933E-02,0.00396361047412473
 2.9954E-02,0.0061971251027520095
 2.9974E-02,0.008683366726727912
 2.9995E-02,0.011307525761273632
 3.0016E-02,0.013950368268484985
 3.0037E-02,0.016495876279871147
 3.0058E-02,0.01883660134984175
 3.0079E-02,0.020876352935889356
 3.0099E-02,0.022531190722819755
 3.0120E-02,0.02373040403442365
 3.0141E-02,0.02441886766776261
 3.0162E-02,0.024561038459283424
 3.0183E-02,0.024145530218553347
 3.0203E-02,0.023188414817302994
 3.0224E-02,0.021733589278960616
 3.0245E-02,0.019849633289957223
 3.0266E-02,0.017623985899373383
 3.0287E-02,0.015156252070518971
 3.0308E-02,0.012552501036487484
 3.0328E-02,0.00992153741926837
 3.0349E-02,0.0073728123551979685
 3.0370E-02,0.005014619809160802
 3.0391E-02,0.002951047912299074
 3.0412E-02,0.0012769147913456094
 3.0433E-02,7.119243129263255e-05
 3.0453E-02,-0.0006094865266639233
 3.0474E-02,-0.000735331611917397
 3.0495E-02,-0.00030464220524742603
 3.0516E-02,0.0006582005111329624
 3.0537E-02,0.002106773097168513
 3.0558E-02,0.003976903945383728
 3.0578E-02,0.0061898319693488805
 3.0599E-02,0.008653929514539197
 3.0620E-02,0.011265870442940073
 3.0641E-02,0.01391274341265454
 3.0662E-02,0.016476322417359406
 3.0683E-02,0.01883966133829767
 3.0703E-02,0.020894939196384132
 3.0724E-02,0.022550719115409793
 3.0745E-02,0.023736913160548802
 3.0766E-02,0.024406703384878423
 3.0787E-02,0.024535947437957988
 3.0808E-02,0.024121517311134932
 3.0828E-02,0.02318010407141281
 3.0849E-02,0.021748249349553654
 3.0870E-02,0.019883181060815065
 3.0891E-02,0.017663101550523405
 3.0912E-02,0.015185422830346934
 3.0933E-02,0.01256216154148004
 3.0953E-02,0.009912916863196288
 3.0974E-02,0.007356913667901307
 3.0995E-02,0.005005942096349967
 3.1016E-02,0.002959490060502402
 3.1037E-02,0.0013022470639780653
 3.1058E-02,0.00010306181774060851
 3.1078E-02,-0.000586055666182834
 3.1099E-02,-0.0007319380771857301
 3.1120E-02,-0.00032332902279206166
 3.1141E-02,0.0006259943876389471
 3.1162E-02,0.0020756015436455885
 3.1183E-02,0.003959560252748375
 3.1203E-02,0.006190643191762314
 3.1224E-02,0.008666696398195804
 3.1245E-02,0.01127752515064774
 3.1266E-02,0.013910708029021269
 3.1287E-02,0.016455565848854912
 3.1307E-02,0.01880563652224635
 3.1328E-02,0.020860827511322802
 3.1349E-02,0.022530492843167476
 3.1370E-02,0.023737978968834426
 3.1391E-02,0.02442609580873977
 3.1412E-02,0.024562099951908906
 3.1432E-02,0.024140612279531997
 3.1453E-02,0.02318353638798269
 3.1474E-02,0.02173716348183165
 3.1495E-02,0.019867655365815095
 3.1516E-02,0.017656467011910378
 3.1537E-02,0.015196829551768626
 3.1557E-02,0.012591428309263068
 3.1578E-02,0.009950434189141507
 3.1599E-02,0.007388622160784794
 3.1620E-02,0.005020672427777894
 3.1641E-02,0.002954702153352228
 3.1662E-02,0.001285102060222147
 3.1682E-02,8.629785782051031e-05
 3.1703E-02,-0.0005911738758118525
 3.1724E-02,-0.0007217721278686927
 3.1745E-02,-0.0003038133783357226
 3.1766E-02,0.0006426309168154878
 3.1787E-02,0.0020775374989357477
 3.1807E-02,0.003941872335848017
 3.1828E-02,0.006158086809723902
 3.1849E-02,0.008631293822513805
 3.1870E-02,0.011252283270423321
 3.1891E-02,0.013902864871409543
 3.1912E-02,0.016462999468675417
 3.1932E-02,0.01881834338268506
 3.1953E-02,0.02086663056505544
 3.1974E-02,0.02252186048596953
 3.1995E-02,0.02371625469995028
 3.2016E-02,0.024400861151866064
 3.2037E-02,0.024546039937641866
 3.2057E-02,0.024142684181602782
 3.2078E-02,0.023204143342146447
 3.2099E-02,0.021767927119138126
 3.2120E-02,0.019895879098513602
 3.2141E-02,0.017671848706477155
 3.2162E-02,0.015196789076230061
 3.2182E-02,0.012582195166741951
 3.2203E-02,0.009943354013453346
 3.2224E-02,0.0073937250613095445
 3.2245E-02,0.005041004722299288
 3.2266E-02,0.00298448097797149
 3.2286E-02,0.0013126664271815751
 3.2307E-02,0.00010023838463673967
 3.2328E-02,-0.0005960227999552278
 3.2349E-02,-0.0007416949169622571
 3.2370E-02,-0.00032832023047152815
 3.2391E-02,0.0006251229450376707
 3.2411E-02,0.0020735313896145394
 3.2432E-02,0.003949449264506997
 3.2453E-02,0.006168171049466048
 3.2474E-02,0.008632806297204362
 3.2495E-02,0.011238373309495113
 3.2516E-02,0.01387484326611492
 3.2536E-02,0.016429853408021042
 3.2557E-02,0.018792108890151444
 3.2578E-02,0.0208561329706711
 3.2599E-02,0.0225282016884189
 3.2620E-02,0.023732464237711828
 3.2641E-02,0.024415865129154075
 3.2661E-02,0.024550768684149262
 3.2682E-02,0.024134999400951002
 3.2703E-02,0.023189928471708445
 3.2724E-02,0.021757780012329
 3.2745E-02,0.01989922963651556
 3.2766E-02,0.017691703582836747
 3.2786E-02,0.01522794364446022
 3.2807E-02,0.012613858659867517
 3.2828E-02,0.009964746251536672
 3.2849E-02,0.007399613568315717
 3.2870E-02,0.005034210251034059
 3.2891E-02,0.0029740387137576385
 3.2911E-02,0.0013086804075020046
 3.2932E-02,0.00010823665066448805
 3.2953E-02,-0.0005781812657824605
 3.2974E-02,-0.0007227100295429146
 3.2995E-02,-0.0003187621704356073
 3.3016E-02,0.0006185334464129067
 3.3036E-02,0.0020515875070167625
 3.3057E-02,0.00392010532127058
 3.3078E-02,0.006142383112820535
 3.3099E-02,0.008618822941022158
 3.3120E-02,0.011237553156913467
 3.3141E-02,0.013881234168002706
 3.3161E-02,0.016433726333204838
 3.3182E-02,0.018785504424086455
 3.3203E-02,0.020837402657057722
 3.3224E-02,0.022503086699207708
 3.3245E-02,0.02371113980079109
 3.3266E-02,0.02440756444885278
 3.3286E-02,0.024558900680622303
 3.3307E-02,0.024155391192139792
 3.3328E-02,0.02321311882577874
 3.3349E-02,0.021774095962173508
 3.3370E-02,0.019903885995837412
 3.3390E-02,0.017687176376720813
 3.3411E-02,0.015222365051351185
 3.3432E-02,0.012616341135838618
 3.3453E-02,0.00998019424068627
 3.3474E-02,0.0074258363602138985
 3.3495E-02,0.005062884954429999
 3.3515E-02,0.0029949843280874518
 3.3536E-02,0.0013151249933988358
 3.3557E-02,0.0001002438220417839
 3.3578E-02,-0.0005939476058559358
 3.3599E-02,-0.0007367209766234858
 3.3620E-02,-0.00032381824315683036
 3.3640E-02,0.0006234566951834406
 3.3661E-02,0.0020609023551881826
 3.3682E-02,0.003924792314714329
 3.3703E-02,0.0061350473329065715
 3.3724E-02,0.008597882960244614
 3.3745E-02,0.01120830119328381
 3.3765E-02,0.013853203812350768
 3.3786E-02,0.016415797661236985
 3.3807E-02,0.018781388937372058
 3.3828E-02,0.02084393120871174
 3.3849E-02,0.0225121970252139
 3.3870E-02,0.023714457492663096
 3.3890E-02,0.024401077618863697
 3.3911E-02,0.024545195146575476
 3.3932E-02,0.024142250337167596
 3.3953E-02,0.02320926816719068
 3.3974E-02,0.021784413009847427
 3.3995E-02,0.01992667028306326
 3.4015E-02,0.01771494364796357
 3.4036E-02,0.015245716434916887
 3.4057E-02,0.012628803490091746
 3.4078E-02,0.009981423083954444
 3.4099E-02,0.007421479428856398
 3.4120E-02,0.005061219824980624
 3.4140E-02,0.003002180490910768
 3.4161E-02,0.0013317047982620933
 3.4182E-02,0.00012064816988578502
 3.4203E-02,-0.0005784712149628521
 3.4224E-02,-0.000733481529010376
 3.4245E-02,-0.0003347995584660149
 3.4265E-02,0.0006026408558888064
 3.4286E-02,0.0020386733323639926
 3.4307E-02,0.003909168404169693
 3.4328E-02,0.006129500455590187
 3.4349E-02,0.008599712480718533
 3.4369E-02,0.011210376329969117
 3.4390E-02,0.013848104299051627
 3.4411E-02,0.01640009355567333
 3.4432E-02,0.018757737407419126
 3.4453E-02,0.020819859436770356
 3.4474E-02,0.022496237053834283
 3.4494E-02,0.023711726959742378
 3.4515E-02,0.024410689144806055
 3.4536E-02,0.024560875996055765
 3.4557E-02,0.02415581172094858
 3.4578E-02,0.02321502769379595
 3.4599E-02,0.021782174378915022
 3.4619E-02,0.019921664278133994
 3.4640E-02,0.01771479103520714
 3.4661E-02,0.01525608353475121
 3.4682E-02,0.01265011494090118
 3.4703E-02,0.010008407132166296
 3.4724E-02,0.007445778965302871
 3.4744E-02,0.00507564820096779
 3.4765E-02,0.0030043273658765524
 3.4786E-02,0.0013249666743307556
 3.4807E-02,0.0001121599511458998
 3.4828E-02,-0.0005818568895924407
 3.4849E-02,-0.0007289814692319786
 3.4869E-02,-0.0003252130256230443
 3.4890E-02,0.0006104929203834344
 3.4911E-02,0.0020377206040284824
 3.4932E-02,0.003896026163741631
 3.4953E-02,0.006106441780252984
 3.4974E-02,0.008573620003363697
 3.4994E-02,0.011189247484099931
 3.5015E-02,0.01383699794073472
 3.5036E-02,0.016398695757339255
 3.5057E-02,0.0187608383356131
 3.5078E-02,0.020820454865597485
 3.5099E-02,0.0224895528352643
 3.5119E-02,0.02369797691173523
 3.5140E-02,0.024395075775433796
 3.5161E-02,0.024550845001032363
 3.5182E-02,0.024157058080828096
 3.5203E-02,0.023228418492213375
 3.5224E-02,0.021803245087815525
 3.5244E-02,0.019942944506885458
 3.5265E-02,0.017729687222825388
 3.5286E-02,0.015262217420669232
 3.5307E-02,0.01265032966541947
 3.5328E-02,0.010008928000902657
 3.5349E-02,0.00745255588105799
 3.5369E-02,0.0050908784016984185
 3.5390E-02,0.0030250423745788973
 3.5411E-02,0.0013444387446710053
 3.5432E-02,0.00012335798773037356
 3.5453E-02,-0.0005826298986816152
 3.5473E-02,-0.000740221850779783
 3.5494E-02,-0.000341107376832909
 3.5515E-02,0.0005969207352472807
 3.5536E-02,0.002030915416930533
 3.5557E-02,0.003895649580558618
 3.5578E-02,0.006107760049799096
 3.5598E-02,0.008570298442474417
 3.5619E-02,0.011177021423021991
 3.5640E-02,0.01381622510324257
 3.5661E-02,0.01637440838463773
 3.5682E-02,0.018740269563724866
 3.5703E-02,0.02080937762860778
 3.5723E-02,0.0224894041838526
 3.5744E-02,0.023705306286198716
 3.5765E-02,0.024403592341252743
 3.5786E-02,0.024554934407884456
 3.5807E-02,0.024154854006378523
 3.5828E-02,0.02322277029334043
 3.5848E-02,0.021800074418431098
 3.5869E-02,0.01994790120513926
 3.5890E-02,0.017744929034116605
 3.5911E-02,0.01528505870454
 3.5932E-02,0.012674482516781561
 3.5953E-02,0.010027655537204506
 3.5973E-02,0.007462032975567518
 3.5994E-02,0.005091958676465387
 3.6015E-02,0.0030225046393279526
 3.6036E-02,0.0013441508941108905
 3.6057E-02,0.0001289125192956281
 3.6078E-02,-0.0005719848673992521
 3.6098E-02,-0.0007292459591889198
 3.6119E-02,-0.00033602067194649657
 3.6140E-02,0.0005918108470148575
 3.6161E-02,0.0020155910931207006
 3.6182E-02,0.003874487405718175
 3.6203E-02,0.006087316681307838
 3.6223E-02,0.008555976801126814
 3.6244E-02,0.011170411357026377
 3.6265E-02,0.013814537355642144
 3.6286E-02,0.016372283116112305
 3.6307E-02,0.018732957604385984
 3.6328E-02,0.02079555724767028
 3.6348E-02,0.022472103299649035
 3.6369E-02,0.023690433468839246
 3.6390E-02,0.024396876808656914
 3.6411E-02,0.0245589323496956
 3.6432E-02,0.02416763433583327
 3.6452E-02,0.023238976500324433
 3.6473E-02,0.021813772225193418
 3.6494E-02,0.019955663316771108
 3.6515E-02,0.01774749444093142
 3.6536E-02,0.015286689354063358
 3.6557E-02,0.012680392391447639
 3.6577E-02,0.010040925557557055
 3.6598E-02,0.007481691179990048
 3.6619E-02,0.0051132627475958
 3.6640E-02,0.0030392681149409417
 3.6661E-02,0.001351854624781629
 3.6682E-02,0.0001269299514289467
 3.6702E-02,-0.0005802306655205922
 3.6723E-02,-0.0007382552470272463
 3.6744E-02,-0.00034123772271923763
 3.6765E-02,0.0005915645308902731
 3.6786E-02,0.0020175759170770933
 3.6807E-02,0.0038736724084224667
 3.6827E-02,0.006079278252225604
 3.6848E-02,0.00853949230522415
 3.6869E-02,0.011148342473800268
 3.6890E-02,0.013792526372933423
 3.6911E-02,0.016355966558983612
 3.6932E-02,0.018725197329104167
 3.6952E-02,0.020795171679254855
 3.6973E-02,0.02247476379359372
 3.6994E-02,0.023691218381030124
 3.7015E-02,0.024393084487585412
 3.7036E-02,0.024551624774974475
 3.7057E-02,0.024161081381880015
 3.7077E-02,0.023238313803090237
 3.7098E-02,0.021822151629667115
 3.7119E-02,0.0199724421451827
 3.7140E-02,0.01776843890285812
 3.7161E-02,0.015306073793326963
 3.7182E-02,0.012693855285174926
 3.7202E-02,0.010047545902629266
 3.7223E-02,0.007484183623145015
 3.7244E-02,0.005116213994132894
 3.7265E-02,0.0030463930674455124
 3.7286E-02,0.001363769479032669
 3.7307E-02,0.00014064724592678397
 3.7327E-02,-0.0005698183364749554
 3.7348E-02,-0.00073571014133604
 3.7369E-02,-0.00034816915373168575
 3.7390E-02,0.0005773587916540138
 3.7411E-02,0.0020009672468932413
 3.7432E-02,0.0038596833679225193
 3.7452E-02,0.006070548388441089
 3.7473E-02,0.008535085266256027
 3.7494E-02,0.011144519610229926
 3.7515E-02,0.013785047205257724
 3.7536E-02,0.016342654683278116
 3.7556E-02,0.018707373657546048
 3.7577E-02,0.020777176145831695
 3.7598E-02,0.02246182399808835
 3.7619E-02,0.02368681646873295
 3.7640E-02,0.02439723959593373
 3.7661E-02,0.024561006736415147
 3.7681E-02,0.02417087766790355
 3.7702E-02,0.023244826709871384
 3.7723E-02,0.021824717615981554
 3.7744E-02,0.0199736444574606
 3.7765E-02,0.01777251708263817
 3.7786E-02,0.015316410461108987
 3.7806E-02,0.012710913269101305
 3.7827E-02,0.01006837550036257
 3.7848E-02,0.007503764206204563
 3.7869E-02,0.0051299034944252125
 3.7890E-02,0.00305216828436949
 3.7911E-02,0.0013630636762306213
 3.7931E-02,0.00013735573202671944
 3.7952E-02,-0.0005716060695029272
 3.7973E-02,-0.0007340145623127971
 3.7994E-02,-0.00034421642141401474
 3.8015E-02,0.0005798323684781411
 3.8036E-02,0.0019978145141277166
 3.8056E-02,0.0038487066980645093
 3.8077E-02,0.006052842942977737
 3.8098E-02,0.00851464038899574
 3.8119E-02,0.0111262944106642
 3.8140E-02,0.01377255614911853
 3.8161E-02,0.016336356606557332
 3.8181E-02,0.018704716700526414
 3.8202E-02,0.020774252713211677
 3.8223E-02,0.02245572125418587
 3.8244E-02,0.023677378419380852
 3.8265E-02,0.024387283918167364
 3.8286E-02,0.02455488262434926
 3.8306E-02,0.02417215082678064
 3.8327E-02,0.023254346662979875
 3.8348E-02,0.021840109440490477
 3.8369E-02,0.019990491917377708
 3.8390E-02,0.017786590463215263
 3.8411E-02,0.015325735415907302
 3.8431E-02,0.012716574587141616
 3.8452E-02,0.010073643171552137
 3.8473E-02,0.007512038540869054
 3.8494E-02,0.005142608761574758
 3.8515E-02,0.003067742107419153
 3.8536E-02,0.0013775887513413731
 3.8556E-02,0.00014649058763256976
 3.8577E-02,-0.0005704382557329765
 3.8598E-02,-0.0007403523608315817
 3.8619E-02,-0.0003548757639379333
 3.8640E-02,0.000569036809372905
 3.8660E-02,0.001989877985571483
 3.8681E-02,0.0038439528162677776
 3.8702E-02,0.006048939601960693
 3.8723E-02,0.008508087499265226
 3.8744E-02,0.011114563342094302
 3.8765E-02,0.01375571281972569
 3.8785E-02,0.016317284204041445
 3.8806E-02,0.018687814043156305
 3.8827E-02,0.0207633079658094
 3.8848E-02,0.022452102888704552
 3.8869E-02,0.02367950860397075
 3.8890E-02,0.02439166235288695
 3.8910E-02,0.024558091001738853
 3.8931E-02,0.02417274377434475
 3.8952E-02,0.023253606128859846
 3.8973E-02,0.021841263588630172
 3.8994E-02,0.019996834922196012
 3.9015E-02,0.017799532443384995
 3.9035E-02,0.015343843339815672
 3.9056E-02,0.012736122973326505
 3.9077E-02,0.010090375676993862
 3.9098E-02,0.007523191985209433
 3.9119E-02,0.005148118419592844
 3.9140E-02,0.003069997630090125
 3.9160E-02,0.0013798954985569487
 3.9181E-02,0.00015108560610579014
 3.9202E-02,-0.0005637354109239862
 3.9223E-02,-0.0007341260550586741
 3.9244E-02,-0.00035275107394298596
 3.9265E-02,0.0005643654979323462
 3.9285E-02,0.001978160726642183
 3.9306E-02,0.0038276253507054797
 3.9327E-02,0.00603196504971966
 3.9348E-02,0.008494023658228428
 3.9369E-02,0.011104892416715159
 3.9390E-02,0.013749321681461289
 3.9410E-02,0.016311357043724904
 3.9431E-02,0.01867963543195739
 3.9452E-02,0.02075198578777401
 3.9473E-02,0.022439270026932034
 3.9494E-02,0.023668620499553306
 3.9515E-02,0.024386270244642873
 3.9535E-02,0.024560024003754045
 3.9556E-02,0.02418117848833702
 3.9577E-02,0.023265518466644583
 3.9598E-02,0.021853009236336048
 3.9619E-02,0.020005999169188944
 3.9639E-02,0.017806053501469608
 3.9660E-02,0.015349815777995487
 3.9681E-02,0.012744407200820498
 3.9702E-02,0.0101027840366287
 3.9723E-02,0.007539244664528061
 3.9744E-02,0.005165046999276944
 3.9764E-02,0.003083995884597125
 3.9785E-02,0.0013879448075035244
 3.9806E-02,0.0001523777133980934
 3.9827E-02,-0.0005675322167277723
 3.9848E-02,-0.0007398848401997171
 3.9869E-02,-0.0003576262711756106
 3.9889E-02,0.000561419661064373
 3.9910E-02,0.001975908539671117
 3.9931E-02,0.0038233538961821266
 3.9952E-02,0.00602312751951521
 3.9973E-02,0.008479823641866079
 3.9994E-02,0.011086946411744042
 4.0014E-02,0.013731037426187307
 4.0035E-02,0.016296358883973065
 4.0056E-02,0.018670079908316945
 4.0077E-02,0.020747665441013644
 4.0098E-02,0.022437973437898294
 4.0119E-02,0.0236675363591426
 4.0139E-02,0.024383661813736694
 4.0160E-02,0.02455626080570232
 4.0181E-02,0.02417856762541307
 4.0202E-02,0.023267033069028085
 4.0223E-02,0.02186060955408999
 4.0244E-02,0.02001945931320948
 4.0264E-02,0.017822928907147647
 4.0285E-02,0.015366567336064518
 4.0306E-02,0.012758075182396505
 4.0327E-02,0.010112314818184774
 4.0348E-02,0.0075457692395820295
 4.0369E-02,0.005170981904863462
 4.0389E-02,0.0030914727063901157
 4.0410E-02,0.0013974310109746728
 4.0431E-02,0.00016224005836123177
 4.0452E-02,-0.0005602855031871668
 4.0473E-02,-0.0007380849829988671
 4.0494E-02,-0.00036246680815485335
 4.0514E-02,0.0005510255001483913
 4.0535E-02,0.0019627954306763147
 4.0556E-02,0.003810688515728938
 4.0577E-02,0.006012871892249779
 4.0598E-02,0.008471898645847388
 4.0618E-02,0.011079532527077003
 4.0639E-02,0.01372183301775668
 4.0660E-02,0.016284100068267315
 4.0681E-02,0.01865548835339164
 4.0702E-02,0.02073330396123899
 4.0723E-02,0.022427082645200217
 4.0743E-02,0.023662476882834335
 4.0764E-02,0.024384797699112296
 4.0785E-02,0.02456187805195675
 4.0806E-02,0.024185860594940954
 4.0827E-02,0.023273616318843195
 4.0848E-02,0.02186573488303841
 4.0868E-02,0.020024285651794305
 4.0889E-02,0.0178297118208496
 4.0910E-02,0.015377221647323464
 4.0931E-02,0.012772900716156364
 4.0952E-02,0.010129581953294487
 4.0973E-02,0.007562392148127803
 4.0993E-02,0.005183919503589175
 4.1014E-02,0.003099108364997453
 4.1035E-02,0.0014001994487935132
 4.1056E-02,0.00016218030022280023
 4.1077E-02,-0.0005607931832714023
 4.1098E-02,-0.0007377052454013936
 4.1118E-02,-0.0003616671437434887
 4.1139E-02,0.0005502504960941824
 4.1160E-02,0.0019580772354530103
 4.1181E-02,0.003800685552620714
 4.1202E-02,0.005998156732181618
 4.1223E-02,0.008454849315736822
 4.1243E-02,0.011063283227652614
 4.1264E-02,0.01370884479905999
 4.1285E-02,0.016275112939930322
 4.1306E-02,0.0186494059655831
 4.1327E-02,0.020728055719173574
 4.1348E-02,0.022420980659451386
 4.1368E-02,0.023655321680727554
 4.1389E-02,0.024378128340865533
 4.1410E-02,0.024558230424981592
 4.1431E-02,0.024187436960699665
 4.1452E-02,0.023281087185415942
 4.1473E-02,0.021877820138609193
 4.1493E-02,0.02003833838170137
 4.1514E-02,0.017842987044371265
 4.1535E-02,0.01538814691144873
 4.1556E-02,0.012781671933948274
 4.1577E-02,0.010137779153756922
 4.1598E-02,0.007571842019448258
 4.1618E-02,0.0051954361219900685
 4.1639E-02,0.003111803546565337
 4.1660E-02,0.0014117408013794865
 4.1681E-02,0.00016986057244548075
 4.1702E-02,-0.0005587488298071759
 4.1722E-02,-0.0007412926735797789
 4.1743E-02,-0.0003691649527532011
 4.1764E-02,0.000541352895196449
 4.1785E-02,0.001949790292812757
 4.1806E-02,0.003793562498817157
 4.1827E-02,0.005991176515488564
 4.1847E-02,0.008446189746250936
 4.1868E-02,0.011051552881212602
 4.1889E-02,0.013694096067649602
 4.1910E-02,0.016259079497897882
 4.1931E-02,0.018634829038998223
 4.1952E-02,0.020717456304899445
 4.1972E-02,0.022415532751893234
 4.1993E-02,0.02365442443311624
 4.2014E-02,0.024379895421777348
 4.2035E-02,0.024560619614811312
 4.2056E-02,0.02418940086197776
 4.2077E-02,0.02328312104119415
 4.2097E-02,0.02188161554142322
 4.2118E-02,0.020045739521871025
 4.2139E-02,0.0178548238304053
 4.2160E-02,0.015403583315175471
 4.2181E-02,0.012798426263763233
 4.2202E-02,0.010153100824036757
 4.2222E-02,0.007583723331335446
 4.2243E-02,0.00520341591425875
 4.2264E-02,0.0031169450560846416
 4.2285E-02,0.0014158138473545489
 4.2306E-02,0.00017418515278236845
 4.2327E-02,-0.0005541636261247939
 4.2347E-02,-0.0007378465226967087
 4.2368E-02,-0.0003689494886235784
 4.2389E-02,0.000536695930861274
 4.2410E-02,0.0019400179212077924
 4.2431E-02,0.003780073903461984
 4.2452E-02,0.0059764191152316785
 4.2472E-02,0.00843254559753014
 4.2493E-02,0.011040299315881175
 4.2514E-02,0.01368498969336323
 4.2535E-02,0.016250772594999303
 4.2556E-02,0.018625876756326005
 4.2577E-02,0.02070735560205574
 4.2597E-02,0.02240522063713363
 4.2618E-02,0.023645959553218
 4.2639E-02,0.02437549160302026
 4.2660E-02,0.02456155117767727
 4.2681E-02,0.024195367747078457
 4.2701E-02,0.023292411634059023
 4.2722E-02,0.021891973935901688
 4.2743E-02,0.020055466349817516
 4.2764E-02,0.017863519536317502
 4.2785E-02,0.015412142729144035
 4.2806E-02,0.012808302591437034
 4.2826E-02,0.010165252685231468
 4.2847E-02,0.0075978268191298414
 4.2868E-02,0.005217776168772392
 4.2889E-02,0.0031291611013450306
 4.2910E-02,0.0014238437441899282
 4.2931E-02,0.00017724498533782567
 4.2951E-02,-0.0005553407714185361
 4.2972E-02,-0.0007415191797309037
 4.2993E-02,-0.0003733599712481724
 4.3014E-02,0.0005323853903603604
 4.3035E-02,0.0019353480390874164
 4.3056E-02,0.0037736664483287072
 4.3076E-02,0.005966896324290489
 4.3097E-02,0.008419484698548368
 4.3118E-02,0.01102469823204751
 4.3139E-02,0.01366898506571923
 4.3160E-02,0.016236754973882325
 4.3181E-02,0.018615471880229082
 4.3201E-02,0.020700810550489186
 4.3222E-02,0.022401512669680237
 4.3243E-02,0.023643554337528447
 4.3264E-02,0.0243733285655004
 4.3285E-02,0.024559715430919043
 4.3306E-02,0.024195083149702767
 4.3326E-02,0.023295361405953674
 4.3347E-02,0.021899321206169824
 4.3368E-02,0.02006710890985199
 4.3389E-02,0.017877984736336103
 4.3410E-02,0.015427181551273388
 4.3431E-02,0.012821865761373865
 4.3451E-02,0.01017632963442559
 4.3472E-02,0.007606707742299117
 4.3493E-02,0.005225612731108754
 4.3514E-02,0.0031370802736374673
 4.3535E-02,0.001432107109673212
 4.3556E-02,0.00018491607688237094
 4.3576E-02,-0.0005500373547335875
 4.3597E-02,-0.000740338731590351
 4.3618E-02,-0.00037714021918188015
 4.3639E-02,0.0005241790163904307
 4.3660E-02,0.0019243923384009126
 4.3681E-02,0.003761991091953396
 4.3701E-02,0.005955958524006792
 4.3722E-02,0.008409599657482081
 4.3743E-02,0.011015120759186006
 4.3764E-02,0.013658583719791886
 4.3785E-02,0.01622490000883422
 4.3805E-02,0.018602644596706346
 4.3826E-02,0.02068859487195121
 4.3847E-02,0.022391965923726373
 4.3868E-02,0.023638290777990234
 4.3889E-02,0.024372804038828254
 4.3910E-02,0.024563091809705426
 4.3930E-02,0.024200737495860866
 4.3951E-02,0.023301758200229113
 4.3972E-02,0.021905774154600603
 4.3993E-02,0.020074024463694867
 4.4014E-02,0.017886464988399672
 4.4035E-02,0.015438213294552538
 4.4055E-02,0.012835545861354531
 4.4076E-02,0.010191554872125237
 4.4097E-02,0.007621504040754493
 4.4118E-02,0.005237932955507543
 4.4139E-02,0.0031456487868335168
 4.4160E-02,0.001436867194413542
 4.4180E-02,0.0001868528573354968
 4.4201E-02,-0.0005495894266633857
 4.4222E-02,-0.0007405202857119146
 4.4243E-02,-0.00037807404958204935
 4.4264E-02,0.0005214708824253486
 4.4285E-02,0.001918612358132725
 4.4305E-02,0.0037523883150647683
 4.4326E-02,0.005942899748216288
 4.4347E-02,0.00839457604198666
 4.4368E-02,0.011000180460575331
 4.4389E-02,0.013645489126978287
 4.4410E-02,0.01621445409450391
 4.4430E-02,0.018594536836756485
 4.4451E-02,0.02068183494189723
 4.4472E-02,0.022385656222494908
 4.4493E-02,0.023632308309664948
 4.4514E-02,0.024368015242697626
 4.4535E-02,0.024560980620608654
 4.4555E-02,0.024202647115829947
 4.4576E-02,0.023308156956082758
 4.4597E-02,0.02191594238159217
 4.4618E-02,0.020086331317089767
 4.4639E-02,0.0178990863511976
 4.4660E-02,0.015449906999964253
 4.4680E-02,0.01284607448656223
 4.4701E-02,0.01020154144550388
 4.4722E-02,0.007631814698026178
 4.4743E-02,0.005248935246152378
 4.4764E-02,0.0031567582337511564
 4.4784E-02,0.0014466353143087524
 4.4805E-02,0.00019355512987356068
 4.4826E-02,-0.0005471773708756298
 4.4847E-02,-0.0007425706328001408
 4.4868E-02,-0.00038366971983093596
 4.4889E-02,0.0005138443035626013
 4.4909E-02,0.001910313739642513
 4.4930E-02,0.003744011248326444
 4.4951E-02,0.005934127986289104
 4.4972E-02,0.008384571523327833
 4.4993E-02,0.01098828223030044
 4.5014E-02,0.013631833788338377
 4.5034E-02,0.01620017199224824
 4.5055E-02,0.018581408576466018
 4.5076E-02,0.020671584925454595
 4.5097E-02,0.02237925558607077
 4.5118E-02,0.023629653599703815
 4.5139E-02,0.024368145519979435
 4.5159E-02,0.024562705553521254
 4.5180E-02,0.024205239436594084
 4.5201E-02,0.023311732559665004
 4.5222E-02,0.021921325327531584
 4.5243E-02,0.020094483353123874
 4.5264E-02,0.017910417609104733
 4.5284E-02,0.01546384828270292
 4.5305E-02,0.01286114899673652
 4.5326E-02,0.010215903693781718
 4.5347E-02,0.007643973609080664
 4.5368E-02,0.005258282140585276
 4.5389E-02,0.003163628782455168
 4.5409E-02,0.0014518873312666803
 4.5430E-02,0.0001979037836943964
 4.5451E-02,-0.0005436983718797042
 4.5472E-02,-0.0007407260401780327
 4.5493E-02,-0.00038465356074361543
 4.5514E-02,0.0005090640050363904
 4.5534E-02,0.0019015812306834234
 4.5555E-02,0.003732182229539395
 4.5576E-02,0.005920771639641147
 4.5597E-02,0.008371331525394796
 4.5618E-02,0.01097623384715122
 4.5639E-02,0.013621172943620344
 4.5659E-02,0.016190390410090218
 4.5680E-02,0.018571845612255337
 4.5701E-02,0.02066204408933338
 4.5722E-02,0.022370341195486355
 4.5743E-02,0.023622637280320356
 4.5764E-02,0.02436442903895077
 4.5784E-02,0.024563166198689024
 4.5805E-02,0.024209808032306525
 4.5826E-02,0.023319428476143433
 4.5847E-02,0.021930726679684185
 4.5868E-02,0.020104377975940644
 4.5888E-02,0.017920287006362966
 4.5909E-02,0.015473931865124826
 4.5930E-02,0.012872066432090882
 4.5951E-02,0.010228053269264292
 4.5972E-02,0.007657044412501488
 4.5993E-02,0.0052711540431169875
 4.6013E-02,0.0031747228237102177
 4.6034E-02,0.001459785444074296
 4.6055E-02,0.0002019122989566928
 4.6076E-02,-0.0005433355369959545
 4.6097E-02,-0.0007430696657246797
 4.6118E-02,-0.0003886284430620902
 4.6138E-02,0.0005040981684190691
 4.6159E-02,0.0018955543274807507
 4.6180E-02,0.003724476963065463
 4.6201E-02,0.005910729402523645
 4.6222E-02,0.00835881876877896
 4.6243E-02,0.010961954069356378
 4.6263E-02,0.01360654692485163
 4.6284E-02,0.01617706020842085
 4.6305E-02,0.018561060123127342
 4.6326E-02,0.020654246624091342
 4.6347E-02,0.02236516930951168
 4.6368E-02,0.02361932229399202
 4.6388E-02,0.024362368311743626
 4.6409E-02,0.02456235113031029
 4.6430E-02,0.024210872982361683
 4.6451E-02,0.02332329470060005
 4.6472E-02,0.02193803697201025
 4.6493E-02,0.020115031839467244
 4.6513E-02,0.01793333181443106
 4.6534E-02,0.015487873256071226
 4.6555E-02,0.012885436128261311
 4.6576E-02,0.010239936394798905
 4.6597E-02,0.007667293787030569
 4.6618E-02,0.005280190541224546
 4.6638E-02,0.003183044766703622
 4.6659E-02,0.0014674650571244636
 4.6680E-02,0.0002083607745115494
 4.6701E-02,-0.0005392012687690821
 4.6722E-02,-0.0007423444872634815
 4.6743E-02,-0.00039187831845623444
 4.6763E-02,0.000497145949832647
 4.6784E-02,0.0018859244600620694
 4.6805E-02,0.00371350942087065
 4.6826E-02,0.005899524834241817
 4.6847E-02,0.008347857986849484
 4.6867E-02,0.010951086300542773
 4.6888E-02,0.013595340240008224
 4.6909E-02,0.016165311370689488
 4.6930E-02,0.01854917579307353
 4.6951E-02,0.020643279000859167
 4.6972E-02,0.02235647774926465
 4.6992E-02,0.023614035807276536
 4.7013E-02,0.024360931992072045
 4.7034E-02,0.024564394392093434
 4.7055E-02,0.024215464183864735
 4.7076E-02,0.023329439777176185
 4.7097E-02,0.021945151259879548
 4.7117E-02,0.020123133208476713
 4.7138E-02,0.017942858092804673
 4.7159E-02,0.015499232765271848
 4.7180E-02,0.012898545159812435
 4.7201E-02,0.010254003786689688
 4.7222E-02,0.007680978216677929
 4.7242E-02,0.005292054621978761
 4.7263E-02,0.003192070753343327
 4.7284E-02,0.0014733652819209492
 4.7305E-02,0.00021152766768113996
 4.7326E-02,-0.0005380669919319524
 4.7347E-02,-0.0007427179869175238
 4.7367E-02,-0.00039374110931764844
 4.7388E-02,0.0004933081026697756
 4.7409E-02,0.0018794523763801686
 4.7430E-02,0.003704046835364602
 4.7451E-02,0.005887377469834381
 4.7472E-02,0.008334035224523353
 4.7492E-02,0.0109369956437576
 4.7513E-02,0.013582290667986743
 4.7534E-02,0.016154082941609943
 4.7555E-02,0.018539875302963405
 4.7576E-02,0.02063554601525219
 4.7597E-02,0.022349916390004432
 4.7617E-02,0.023608627534341398
 4.7638E-02,0.024357197873854805
 4.7659E-02,0.02456321410141311
 4.7680E-02,0.024217647332603176
 4.7701E-02,0.023335280845661693
 4.7722E-02,0.021954209092448936
 4.7742E-02,0.020134355347594456
 4.7763E-02,0.017954985302110933
 4.7784E-02,0.015511270386587634
 4.7805E-02,0.012910055444760132
 4.7826E-02,0.010265073473485235
 4.7847E-02,0.007691893030024738
 4.7867E-02,0.0053028705803633775
 4.7888E-02,0.003202326075770898
 4.7909E-02,0.0014820982895177156
 4.7930E-02,0.00021759887319454537
 4.7951E-02,-0.000535515613066847
 4.7971E-02,-0.0007439079102275489
 4.7992E-02,-0.00039819201833936487
 4.8013E-02,0.0004865229151110596
 4.8034E-02,0.0018712693195569318
 4.8055E-02,0.0036950274507210074
 4.8076E-02,0.005877577409810736
 4.8096E-02,0.008323188283942785
 4.8117E-02,0.010924902453850215
 4.8138E-02,0.013569190593006188
 4.8159E-02,0.01614079708633378
 4.8180E-02,0.01852763278418538
 4.8201E-02,0.020625577224102666
 4.8221E-02,0.022343022984461038
 4.8242E-02,0.023604951410355277
 4.8263E-02,0.02435630408196399
 4.8284E-02,0.02456443418077894
 4.8305E-02,0.024220491276431798
 4.8326E-02,0.02333969246941569
 4.8346E-02,0.021960528284320123
 4.8367E-02,0.020143012572505045
 4.8388E-02,0.01796610055092701
 4.8409E-02,0.015524381123650701
 4.8430E-02,0.012924128423069428
 4.8451E-02,0.010278802220975861
 4.8471E-02,0.007704129702622702
 4.8492E-02,0.005312970260809685
 4.8513E-02,0.0032102306910279836
 4.8534E-02,0.0014881285013549866
 4.8555E-02,0.00022207871315984271
 4.8576E-02,-0.0005325891600795418
 4.8596E-02,-0.000742966007772035
 4.8617E-02,-0.00039990844094912317
 4.8638E-02,0.00048160421651489125
 4.8659E-02,0.001863091433661394
 4.8680E-02,0.0036841674257470118
 4.8701E-02,0.005865099850935812
 4.8721E-02,0.008310278885751518
 4.8742E-02,0.01091247101047889
 4.8763E-02,0.013557646992586237
 4.8784E-02,0.016130108463201658
 4.8805E-02,0.01851761731229068
 4.8826E-02,0.02061626265891593
 4.8846E-02,0.0223348646763975
 4.8867E-02,0.023598782713721542
 4.8888E-02,0.02435303900090751
 4.8909E-02,0.024564677820524336
 4.8930E-02,0.024224264716552243
 4.8950E-02,0.023346417813409532
 4.8971E-02,0.02196928043205196
 4.8992E-02,0.02015290250276979
 4.9013E-02,0.017976587217248513
 4.9034E-02,0.015535351372277989
 4.9055E-02,0.01293571273773728
 4.9075E-02,0.01029103837099382
 4.9096E-02,0.007716668429359837
 4.9117E-02,0.005324993276729856
 4.9138E-02,0.0032206353560347775
 4.9159E-02,0.001495888902635885
 4.9180E-02,0.00022659763639349025
 4.9200E-02,-0.0005313179359803103
 4.9221E-02,-0.0007444640585264456
 4.9242E-02,-0.000403523759282017
 4.9263E-02,0.0004763525544787094
 4.9284E-02,0.0018563203986674526
 4.9305E-02,0.0036756888792532447
 4.9325E-02,0.005854692487700128
 4.9346E-02,0.008298018000754158
 4.9367E-02,0.010898928765798234
 4.9388E-02,0.013543845319422912
 4.9409E-02,0.016117239849674832
 4.9430E-02,0.018506673462362712
 4.9450E-02,0.02060776009042264
 4.9471E-02,0.022328803564001323
 4.9492E-02,0.02359484961480339
 4.9513E-02,0.024350933783243312
 4.9534E-02,0.02456438060922961
 4.9555E-02,0.02422609446994608
 4.9575E-02,0.023350850166327253
 4.9596E-02,0.02197662528420458
 4.9617E-02,0.02016301935487335
 4.9638E-02,0.017988796832340028
 4.9659E-02,0.015548597152715409
 4.9680E-02,0.012948891764108312
 4.9700E-02,0.01030333261005254
 4.9721E-02,0.007727708985171978
 4.9742E-02,0.005334782522698678
 4.9763E-02,0.0032292828779225038
 4.9784E-02,0.001503316419930948
 4.9805E-02,0.0002323823815491273
 4.9825E-02,-0.0005278693531760001
 4.9846E-02,-0.0007440459437108632
 4.9867E-02,-0.000406507732944929
 4.9888E-02,0.0004701227366614915
 4.9909E-02,0.0018475056851673846
 4.9930E-02,0.003665214576905199
 4.9950E-02,0.005843416298032952
 4.9971E-02,0.00828647838986278
 4.9992E-02,0.010887299499929835
 5.0013E-02,0.013532108761905606
 5.0034E-02,0.016105472654960803
 5.0054E-02,0.01849527783185221
 5.0075E-02,0.02059750416463652
 5.0096E-02,0.022320638983583326
 5.0117E-02,0.02358959596645689
 5.0138E-02,0.02434899261154923
 5.0159E-02,0.024565626614936397
 5.0179E-02,0.024229996972949443
 5.0200E-02,0.023356755442486953
 5.0221E-02,0.021984046370306872
 5.0242E-02,0.02017177946322619
 5.0263E-02,0.017998955141364213
 5.0284E-02,0.01556020598709563
 5.0304E-02,0.012961726633270118
 5.0325E-02,0.010316751463467512
 5.0346E-02,0.007740726992169925
 5.0367E-02,0.005346332247433508
 5.0388E-02,0.0032385300748473925
 5.0409E-02,0.0015098723098193418
 5.0429E-02,0.00023630931340743355
 5.0450E-02,-0.0005262514108959414
 5.0471E-02,-0.0007444394636258979
 5.0492E-02,-0.00040884818541086295
 5.0513E-02,0.0004656408716486606
 5.0534E-02,0.0018405998348236972
 5.0554E-02,0.0036557857250515005
 5.0575E-02,0.00583176917647559
 5.0596E-02,0.00827336450631584
 5.0617E-02,0.010873751647548606
 5.0638E-02,0.01351914680434297
 5.0659E-02,0.01609382841771861
 5.0679E-02,0.01848527539720818
 5.0700E-02,0.020589147348800643
 5.0721E-02,0.022313846229161206
 5.0742E-02,0.023584444688533702
 5.0763E-02,0.024345832275680986
 5.0784E-02,0.024564993548334114
 5.0804E-02,0.024232373717804283
 5.0825E-02,0.023362303603254107
 5.0846E-02,0.02199245780079409
 5.0867E-02,0.02018232806643633
 5.0888E-02,0.01801072486168352
 5.0909E-02,0.01557237772647292
 5.0929E-02,0.012973777802772082
 5.0950E-02,0.01032847171249422
 5.0971E-02,0.007752054637431512
 5.0992E-02,0.005357113046846399
 5.1013E-02,0.0032483409262211676
 5.1033E-02,0.0015180157052691703
 5.1054E-02,0.0002419905017981025
 5.1075E-02,-0.0005236525353426621
 5.1096E-02,-0.0007451418848539237
 5.1117E-02,-0.0004126055369210891
 5.1138E-02,0.000459411160889171
 5.1158E-02,0.001832564590463608
 5.1179E-02,0.0036464548950338313
 5.1200E-02,0.005821390035733336
 5.1221E-02,0.00826199990942324
 5.1242E-02,0.010861489781946834
 5.1263E-02,0.013506317916593773
 5.1283E-02,0.016081099985026548
 5.1304E-02,0.018473563081683055
 5.1325E-02,0.02057937896141582
 5.1346E-02,0.022306695731693752
 5.1367E-02,0.023580169899105954
 5.1388E-02,0.024344294661363793
 5.1408E-02,0.02456584148803977
 5.1429E-02,0.02423528454699717
 5.1450E-02,0.02336715104825672
 5.1471E-02,0.021999315149470698
 5.1492E-02,0.020191309323298618
 5.1513E-02,0.018021756006609768
 5.1533E-02,0.015585029345195872
 5.1554E-02,0.012987257965370489
 5.1575E-02,0.010341792105632838
 5.1596E-02,0.00776429039574553
 5.1617E-02,0.005367627419579208
 5.1638E-02,0.0032568659789184947
 5.1658E-02,0.0015245581986423784
 5.1679E-02,0.00024662542017972965
 5.1700E-02,-0.0005209799114508994
 5.1721E-02,-0.0007446919659967196
 5.1742E-02,-0.0004147537937776165
 5.1763E-02,0.00045438371600021364
 5.1783E-02,0.0018246859174398593
 5.1804E-02,0.003636163099030114
 5.1825E-02,0.00580946222727987
 5.1846E-02,0.008249340752907685
 5.1867E-02,0.010848885293097552
 5.1888E-02,0.013494276780820592
 5.1908E-02,0.016069855859886805
 5.1929E-02,0.018463223670883003
 5.1950E-02,0.02057012860548933
 5.1971E-02,0.022298930496437455
 5.1992E-02,0.023574482402333823
 5.2013E-02,0.024341309109435074
 5.2033E-02,0.024565982268511734
 5.2054E-02,0.024238599304424048
 5.2075E-02,0.023373281284222037
 5.2096E-02,0.02200762945057085
 5.2117E-02,0.020201128764079986
 5.2137E-02,0.018032554350343608
 5.2158E-02,0.015596507346776789
 5.2179E-02,0.012999261715733665
 5.2200E-02,0.01035413122377028
 5.2221E-02,0.007776566414604762
 5.2242E-02,0.005379176762366807
 5.2262E-02,0.003266859254828233
 5.2283E-02,0.0015322124624492749
 5.2304E-02,0.0002514245598334965
 5.2325E-02,-0.0005191664946326141
 5.2346E-02,-0.0007456485135668603
 5.2367E-02,-0.00041808819485451046
 5.2387E-02,0.0004490337923856906
 5.2408E-02,0.0018175216822706015
 5.2429E-02,0.0036272354723923626
 5.2450E-02,0.0057988128475185575
 5.2471E-02,0.008237188990564985
 5.2492E-02,0.010835750980709135
 5.2512E-02,0.013480962230444295
 5.2533E-02,0.016057286102758844
 5.2554E-02,0.018452219925972485
 5.2575E-02,0.020561225720297772
 5.2596E-02,0.022292325366151895
 5.2617E-02,0.023570130225404072
 5.2637E-02,0.02433910588115091
 5.2658E-02,0.024565927574135577
 5.2679E-02,0.02424084698411416
 5.2700E-02,0.023378049158710914
 5.2721E-02,0.022015018160138705
 5.2742E-02,0.020210950987796752
 5.2762E-02,0.018044271629697316
 5.2783E-02,0.015609314970163962
 5.2804E-02,0.013012283675681741
 5.2825E-02,0.010366629629566141
 5.2846E-02,0.007788063776634241
 5.2867E-02,0.005389437934137541
 5.2887E-02,0.0032757558949163363
 5.2908E-02,0.0015395554145270687
 5.2929E-02,0.0002568650437805597
 5.2950E-02,-0.0005161053736358226
 5.2971E-02,-0.0007454209538755802
 5.2992E-02,-0.00042093291592864494
 5.3012E-02,0.0004432265370538309
 5.3033E-02,0.0018092118804675576
 5.3054E-02,0.0036171010494156263
 5.3075E-02,0.005787550186058752
 5.3096E-02,0.00822534675786905
 5.3116E-02,0.010823677373498822
 5.3137E-02,0.01346888274803399
 5.3158E-02,0.016045457540128774
 5.3179E-02,0.01844106502874917
 5.3200E-02,0.020551364004419245
 5.3221E-02,0.022284472764615874
 5.3241E-02,0.02356491234971746
 5.3262E-02,0.024336877647467496
 5.3283E-02,0.024566689843168205
 5.3304E-02,0.024244300023669133
 5.3325E-02,0.02338375087442022
 5.3346E-02,0.022022561093260035
 5.3366E-02,0.02022006502393088
 5.3387E-02,0.018054802563411448
 5.3408E-02,0.015621098659654428
 5.3429E-02,0.013024993564674327
 5.3450E-02,0.01037969057912199
 5.3471E-02,0.007800689588092891
 5.3491E-02,0.005400783277195922
 5.3512E-02,0.0032851117884507433
 5.3533E-02,0.0015464940399149642
 5.3554E-02,0.00026126671870986833
 5.3575E-02,-0.0005141477583026678
 5.3596E-02,-0.0007457606760249663
 5.3616E-02,-0.0004235006943994319
 5.3637E-02,0.00043839148161326186
 5.3658E-02,0.0018020467333590738
 5.3679E-02,0.0036076709912527165
 5.3700E-02,0.005776179398742814
 5.3721E-02,0.008212651034203176
 5.3741E-02,0.010810472145391405
 5.3762E-02,0.013456006219289144
 5.3783E-02,0.016033593223372288
 5.3804E-02,0.018430647417206587
 5.3825E-02,0.020542605875815197
 5.3846E-02,0.02227748733148842
 5.3866E-02,0.023559853480549946
 5.3887E-02,0.02433401359897687
 5.3908E-02,0.024566364299693815
 5.3929E-02,0.024246797644042643
 5.3950E-02,0.023389138436414474
 5.3971E-02,0.02203059048798166
 5.3991E-02,0.020230192745683
 5.4012E-02,0.018066319316637724
 5.4033E-02,0.0156333054091343
 5.4054E-02,0.013037337638449858
 5.4075E-02,0.010391799177803562
 5.4096E-02,0.007812294941264992
 5.4116E-02,0.005411592667029778
 5.4137E-02,0.003294704897624091
 5.4158E-02,0.0015543141181145219
 5.4179E-02,0.0002667199491855651
 5.4200E-02,-0.0005115301601913917
 5.4220E-02,-0.0007461783831598132
 5.4241E-02,-0.0004268308522380541
 5.4262E-02,0.0004325312361039698
 5.4283E-02,0.0017941533179330308
 5.4304E-02,0.003598204796649666
 5.4325E-02,0.005765483276074556
 5.4345E-02,0.008200975174286718
 5.4366E-02,0.010798081582380454
 5.4387E-02,0.013443301873828528
 5.4408E-02,0.016021169539550555
 5.4429E-02,0.018419243845741153
 5.4450E-02,0.020532967085185705
 5.4470E-02,0.022270196850491853
 5.4491E-02,0.023555220563888334
 5.4512E-02,0.024332065412094636
 5.4533E-02,0.024566940169796336
 5.4554E-02,0.024249689146983215
 5.4575E-02,0.023394197057408916
 5.4595E-02,0.0220377451396432
 5.4616E-02,0.020239371031786225
 5.4637E-02,0.018077320834728662
 5.4658E-02,0.015645703042491483
 5.4679E-02,0.013050468884983095
 5.4700E-02,0.010404861904404785
 5.4720E-02,0.007824506514720485
 5.4741E-02,0.005422338124928411
 5.4762E-02,0.0033036063795293365
 5.4783E-02,0.0015611962482906302
 5.4804E-02,0.0002715010580374459
 5.4825E-02,-0.0005089529323502894
 5.4845E-02,-0.0007459812258611216
 5.4866E-02,-0.00042922031936953886
 5.4887E-02,0.000427434801096715
 5.4908E-02,0.001786442477877549
 5.4929E-02,0.003588250799538174
 5.4950E-02,0.005753900715766012
 5.4970E-02,0.008188497849034554
 5.4991E-02,0.010785407787259262
 5.5012E-02,0.013430982078890295
 5.5033E-02,0.01600958519713037
 5.5054E-02,0.018408676205084427
 5.5075E-02,0.02052370640780078
 5.5095E-02,0.02226262148595549
 5.5116E-02,0.023549793123169332
 5.5137E-02,0.024329239917701355
 5.5158E-02,0.02456702411984829
 5.5179E-02,0.02425273070904147
 5.5199E-02,0.023399955927539406
 5.5220E-02,0.022045762429150958
 5.5241E-02,0.02024910236331481
 5.5262E-02,0.01808826529468455
 5.5283E-02,0.015657465549407154
 5.5304E-02,0.013062731836347588
 5.5324E-02,0.010417292585959855
 5.5345E-02,0.007836662189973594
 5.5366E-02,0.005433631954295684
 5.5387E-02,0.003313363991555481
 5.5408E-02,0.001568783181308601
 5.5429E-02,0.00027646227860726063
 5.5449E-02,-0.0005068077293247615
 5.5470E-02,-0.0007465850202678058
 5.5491E-02,-0.0004323394084552566
 5.5512E-02,0.0004220786450673872
 5.5533E-02,0.0017790840880077437
 5.5554E-02,0.003579072271329771
 5.5574E-02,0.0057430999851701406
 5.5595E-02,0.008176390409543162
 5.5616E-02,0.010772497338042187
 5.5637E-02,0.01341795158173411
 5.5658E-02,0.01599720205674708
 5.5679E-02,0.018397651216337473
 5.5699E-02,0.02051457094366807
 5.5720E-02,0.022255677802236307
 5.5741E-02,0.023545153939231782
 5.5762E-02,0.024326926619303427
 5.5783E-02,0.024567063322804422
 5.5804E-02,0.0242551923720372
 5.5824E-02,0.023404910556543337
 5.5845E-02,0.022053181280507997
 5.5866E-02,0.020258757645456663
 5.5887E-02,0.018099689279387085
 5.5908E-02,0.01566999735116556
 5.5929E-02,0.013075634885551185
 5.5949E-02,0.01042988927471276
 5.5970E-02,0.007848424384986494
 5.5991E-02,0.005444190923174488
 5.6012E-02,0.0033224470343239925
 5.6033E-02,0.001576123148001208
 5.6054E-02,0.0002817393234844654
 5.6074E-02,-0.0005039521506785935
 5.6095E-02,-0.0007464629989460183
 5.6116E-02,-0.00043510185092996643
 5.6137E-02,0.0004165267150411863
 5.6158E-02,0.0017710926190761492
 5.6179E-02,0.0035691725434548382
 5.6199E-02,0.005731883272505935
 5.6220E-02,0.008164397265224534
 5.6241E-02,0.010760167906668661
 5.6262E-02,0.01340565273907801
 5.6283E-02,0.015985304710130356
 5.6303E-02,0.01838660374468011
 5.6324E-02,0.020504917223148317
 5.6345E-02,0.02224799907946611
 5.6366E-02,0.023539956164816012
 5.6387E-02,0.02432452573148343
 5.6408E-02,0.024567523655447142
 5.6428E-02,0.024258346469477166
 5.6449E-02,0.023410446849237636
 5.6470E-02,0.0220607519504478
 5.6491E-02,0.020268050905686393
 5.6512E-02,0.018110432297113673
 5.6533E-02,0.015681895916735345
 5.6553E-02,0.013088291872628895
 5.6574E-02,0.010442756488684769
 5.6595E-02,0.007860824934607708
 5.6616E-02,0.005455411434166664
 5.6637E-02,0.0033318614051680816
 5.6658E-02,0.001583292376968121
 5.6678E-02,0.00028644426860538214
 5.6699E-02,-0.000501753255934439
 5.6720E-02,-0.0007467218017896125
 5.6741E-02,-0.0004377598114560602
 5.6762E-02,0.0004115110365187499
 5.6783E-02,0.0017637830430529675
 5.6803E-02,0.00355973708126726
 5.6824E-02,0.005720668788525658
 5.6845E-02,0.008151949490868036
 5.6866E-02,0.010747177179104787
 5.6887E-02,0.013392844548493352
 5.6908E-02,0.015973322838304348
 5.6928E-02,0.01837593707156574
 5.6949E-02,0.020495897514337728
 5.6970E-02,0.022240859188154254
 5.6991E-02,0.02353490659181742
 5.7012E-02,0.024321799335833175
 5.7033E-02,0.024567357721748045
 5.7053E-02,0.02426090757979484
 5.7074E-02,0.023415737266481947
 5.7095E-02,0.022068548411366157
 5.7116E-02,0.02027791128909331
 5.7137E-02,0.01812177103248737
 5.7158E-02,0.015694094001052518
 5.7178E-02,0.01310079080075248
 5.7199E-02,0.010455095977296318
 5.7220E-02,0.007872616003628187
 5.7241E-02,0.0054662718612892595
 5.7262E-02,0.0033413606161631056
 5.7282E-02,0.001590946826599607
 5.7303E-02,0.00029177580902618933
 5.7324E-02,-0.0004991190156415028
 5.7345E-02,-0.0007469633647040042
 5.7366E-02,-0.0004408186124696311
 5.7387E-02,0.0004059014440085138
 5.7407E-02,0.0017560134610927172
 5.7428E-02,0.0035502274143338485
 5.7449E-02,0.0057098072913808195
 5.7470E-02,0.008140091700836434
 5.7491E-02,0.010734695570001417
 5.7512E-02,0.013380191227176048
 5.7532E-02,0.015961059825299356
 5.7553E-02,0.018364706000908393
 5.7574E-02,0.020486333524553743
 5.7595E-02,0.02223348449005714
 5.7616E-02,0.023530051066491614
 5.7637E-02,0.0243195821555815
 5.7657E-02,0.024567732685450733
 5.7678E-02,0.02426374256785051
 5.7699E-02,0.023420882341961862
 5.7720E-02,0.022075856016653985
 5.7741E-02,0.020287200607665222
 5.7762E-02,0.018132761167218764
 5.7782E-02,0.01570634941004971
 5.7803E-02,0.013113717299471495
 5.7824E-02,0.010467999468354017
 5.7845E-02,0.007884803179156045
 5.7866E-02,0.00547715020849555
 5.7887E-02,0.003350495818753283
 5.7907E-02,0.001598058451896838
 5.7928E-02,0.0002966845359643937
 5.7949E-02,-0.0004965548962214169
 5.7970E-02,-0.0007468808787019689
 5.7991E-02,-0.0004433301496783799
 5.8012E-02,0.00040077222221968973
 5.8032E-02,0.00174840488100614
 5.8053E-02,0.0035404800098532913
 5.8074E-02,0.005698444418922763
 5.8095E-02,0.008127744057568935
 5.8116E-02,0.010722001469886586
 5.8137E-02,0.013367715936960187
 5.8157E-02,0.01594926578488219
 5.8178E-02,0.018353977679696643
 5.8199E-02,0.020477031234739207
 5.8220E-02,0.022225986580309536
 5.8241E-02,0.02352475151082367
 5.8262E-02,0.024316836371894093
 5.8282E-02,0.024567774336412787
 5.8303E-02,0.0242666118171872
 5.8324E-02,0.023426401946981628
 5.8345E-02,0.022083667988864242
 5.8366E-02,0.020296845801160045
 5.8386E-02,0.0181437634432681
 5.8407E-02,0.015718266003430657
 5.8428E-02,0.013126137422527263
 5.8449E-02,0.010480502743418128
 5.8470E-02,0.007896912083214056
 5.8491E-02,0.005488314177624762
 5.8511E-02,0.0033601272859676242
 5.8532E-02,0.0016056124352751698
 5.8553E-02,0.00030174900271481625
 5.8574E-02,-0.0004941976743631989
 5.8595E-02,-0.0007472477239558125
 5.8616E-02,-0.00044628343419991345
 5.8636E-02,0.00039545284752316126
 5.8657E-02,0.001740964114475887
 5.8678E-02,0.0035311705187819004
 5.8699E-02,0.005687555879824504
 5.8720E-02,0.00811565438588469
 5.8741E-02,0.010709213343131884
 5.8761E-02,0.013354848415769598
 5.8782E-02,0.01593699425418744
 5.8803E-02,0.018342942801836546
 5.8824E-02,0.020467754298218264
 5.8845E-02,0.02221882556415495
 5.8866E-02,0.023519911077882746
 5.8886E-02,0.024314417301831804
 5.8907E-02,0.024567828565368627
 5.8928E-02,0.024269168609456684
 5.8949E-02,0.023431448931442573
 5.8970E-02,0.02209109777347083
 5.8991E-02,0.020306399865776727
 5.9011E-02,0.018155008589960036
 5.9032E-02,0.015730622920181667
 5.9053E-02,0.013138954464482596
 5.9074E-02,0.010493145161466384
 5.9095E-02,0.007908829882156035
 5.9116E-02,0.005499064165201474
 5.9136E-02,0.003369349788560421
 5.9157E-02,0.001612987058718407
 5.9178E-02,0.000306963870175709
 5.9199E-02,-0.0004914378040241736
 5.9220E-02,-0.0007471720711039419
 5.9241E-02,-0.00044898659180576104
 5.9261E-02,0.0003900640877965326
 5.9282E-02,0.0017331798533108435
 5.9303E-02,0.003521435479828253
 5.9324E-02,0.005676393772694998
 5.9345E-02,0.008103592561809874
 5.9365E-02,0.010696739192620642
 5.9386E-02,0.013342410232048695
 5.9407E-02,0.01592503427534228
 5.9428E-02,0.01833193240008517
 5.9449E-02,0.020458200365586453
 5.9470E-02,0.02221123346301292
 5.9490E-02,0.023514714154056576
 5.9511E-02,0.0243119024883393
 5.9532E-02,0.024568091425849516
 5.9553E-02,0.02427211721662113
 5.9574E-02,0.023436851813264388
 5.9595E-02,0.022098649835273522
 5.9615E-02,0.020315773131057365
 5.9636E-02,0.018165865412341154
 5.9657E-02,0.015742591914549468
 5.9678E-02,0.013151591381156229
 5.9699E-02,0.010505910337237403
 5.9720E-02,0.00792110571715753
 5.9740E-02,0.005510214830820254
 5.9761E-02,0.0033788026174757075
 5.9782E-02,0.001620303064534497
 5.9803E-02,0.00031186996197926425
 5.9824E-02,-0.0004890629854051064
 5.9845E-02,-0.0007473436402380366
 5.9865E-02,-0.0004516606568025339
 5.9886E-02,0.0003849692895739886
 5.9907E-02,0.001725799983647188
 5.9928E-02,0.0035120017388095472
 5.9949E-02,0.005665272467090329
 5.9970E-02,0.008091294021667209
 5.9990E-02,0.010683882281106923
 6.0011E-02,0.013329651262998388
 6.0032E-02,0.015912987328677596
 6.0053E-02,0.018321112064523193
 6.0074E-02,0.02044900573624401
 6.0095E-02,0.022203970430247816
 6.0115E-02,0.02350963342858158
 6.0136E-02,0.024309223949777393
 6.0157E-02,0.024567994838134793
 6.0178E-02,0.02427469983635456
 6.0199E-02,0.023442073681908527
 6.0220E-02,0.02210629652482659
 6.0240E-02,0.020325458521066264
 6.0261E-02,0.01817707762399716
 6.0282E-02,0.015754764337432895
 6.0303E-02,0.013164169179026432
 6.0324E-02,0.0105183869834311
 6.0345E-02,0.007933021527768883
 6.0365E-02,0.0055211305626880255
 6.0386E-02,0.0033882745414374753
 6.0407E-02,0.0016278843965962094
 6.0428E-02,0.0003171481191592486
 6.0449E-02,-0.0004864046779119586
 6.0469E-02,-0.0007474661131994856
 6.0490E-02,-0.0004545384516075638
 6.0511E-02,0.0003795356296174655
 6.0532E-02,0.0017181353422945143
 6.0553E-02,0.0035024954086041137
 6.0574E-02,0.005654332538454557
 6.0594E-02,0.008079334376890693
 6.0615E-02,0.010671339869533714
 6.0636E-02,0.013317013584815653
 6.0657E-02,0.015900803693183904
 6.0678E-02,0.018309970630908647
 6.0699E-02,0.02043947698330071
 6.0719E-02,0.02219653641614494
 6.0740E-02,0.023504630846328246
 6.0761E-02,0.024306822879376022
 6.0782E-02,0.02456821755074409
 6.0803E-02,0.024277464496142247
 6.0824E-02,0.023447236799070913
 6.0844E-02,0.02211367133632894
 6.0865E-02,0.020334802114858733
 6.0886E-02,0.01818805892117282
 6.0907E-02,0.015766937438329787
 6.0928E-02,0.0131769753330547
 6.0949E-02,0.010531194274341809
 6.0969E-02,0.007945191978294481
 6.0990E-02,0.005532090214242422
 6.1011E-02,0.003397560701266116
 6.1032E-02,0.0016351562659774762
 6.1053E-02,0.00032216583817295586
 6.1074E-02,-0.0004838120585668172
 6.1094E-02,-0.0007474193200044267
 6.1115E-02,-0.0004570985019030535
 6.1136E-02,0.0003744022197475369
 6.1157E-02,0.0017105976475629433
 6.1178E-02,0.0034928806720618266
 6.1199E-02,0.00564311313110559
 6.1219E-02,0.008067079127364095
 6.1240E-02,0.010658647085171741
 6.1261E-02,0.013304451407706641
 6.1282E-02,0.015888878365494574
 6.1303E-02,0.018299127615481834
 6.1324E-02,0.020430122192428325
 6.1344E-02,0.02218905459911836
 6.1365E-02,0.023499380924953968
 6.1386E-02,0.02430410410780764
 6.1407E-02,0.02456821806614495
 6.1428E-02,0.024280215444280575
 6.1448E-02,0.023452594417761992
 6.1469E-02,0.022121336574159024
 6.1490E-02,0.020344369464657144
 6.1511E-02,0.018199072778595265
 6.1532E-02,0.015778932553141597
 6.1553E-02,0.013189488556393347
 6.1573E-02,0.010543751882167218
 6.1594E-02,0.00795729102475179
 6.1615E-02,0.005543195972766323
 6.1636E-02,0.0034071334167636463
 6.1657E-02,0.001642704042017977
 6.1678E-02,0.00032730543398822596
 6.1698E-02,-0.0004813103266736611
 6.1719E-02,-0.0007476195152702678
 6.1740E-02,-0.0004599211947307915
 6.1761E-02,0.00036913824773367854
 6.1782E-02,0.001703136614687462
 6.1803E-02,0.003483512147166929
 6.1823E-02,0.005632179828254873
 6.1844E-02,0.008054998532506479
 6.1865E-02,0.010645926061464242
 6.1886E-02,0.013291675382078694
 6.1907E-02,0.01587666953382571
 6.1928E-02,0.018288082886968392
 6.1948E-02,0.020420752536876773
 6.1969E-02,0.02218174716819729
 6.1990E-02,0.0234943939665589
 6.2011E-02,0.024301588421750696
 6.2032E-02,0.02456824632025243
 6.2053E-02,0.024282798707841693
 6.2073E-02,0.023457674684217226
 6.2094E-02,0.02212875956888812
 6.2115E-02,0.020353855119680506
 6.2136E-02,0.018210204238605712
 6.2157E-02,0.015791176551515473
 6.2178E-02,0.0132022448114312
 6.2198E-02,0.010556415001968513
 6.2219E-02,0.00796930284338477
 6.2240E-02,0.005554072140415097
 6.2261E-02,0.0034164621112813044
 6.2282E-02,0.001650129206776183
 6.2303E-02,0.0003325141648047492
 6.2323E-02,-0.00047858049592966044
 6.2344E-02,-0.000747550396308941
 6.2365E-02,-0.0004625723319334945
 6.2386E-02,0.00036386257674116774
 6.2407E-02,0.001695494006157947
 6.2428E-02,0.0034738962853618363
 6.2448E-02,0.005621071355237331
 6.2469E-02,0.008042911941980651
 6.2490E-02,0.01063337214916151
 6.2511E-02,0.013279148840157731
 6.2532E-02,0.015864656689574517
 6.2552E-02,0.018277073282031767
 6.2573E-02,0.02041123612236108
 6.2594E-02,0.02217418734089328
 6.2615E-02,0.023489180847918754
 6.2636E-02,0.024298988941281668
 6.2657E-02,0.024568371170598312
 6.2677E-02,0.024285599158492845
 6.2698E-02,0.02346296837703265
 6.2719E-02,0.022136271221415194
 6.2740E-02,0.02036325256848372
 6.2761E-02,0.018221115278441363
 6.2782E-02,0.01580318466723253
 6.2802E-02,0.013214875168802669
 6.2823E-02,0.010569128706349273
 6.2844E-02,0.007981513900999836
 6.2865E-02,0.00556518974334355
 6.2886E-02,0.0034259472315524924
 6.2907E-02,0.0016575463817241408
 6.2927E-02,0.0003375611066096665
 6.2948E-02,-0.00047607222609856025
 6.2969E-02,-0.0007476366670774496
 6.2990E-02,-0.000465223143494001
 6.3000E-02,-0.0001313617328773056
