  0.000,0.0
  1.000,0.01456641940121728
  0.000,0.01456641940121728
 3.6040E-05,0.015885604286855624
 7.2080E-05,0.01982361547291917
 1.0812E-04,0.02470982304936339
 1.4416E-04,0.027088753749520394
 1.8020E-04,0.026977491693411376
 2.1624E-04,0.026845315707231334
 2.5228E-04,0.028514699472872183
 2.8832E-04,0.030418980549651548
 3.2436E-04,0.030316015530636925
 3.6040E-04,0.027566110643370334
 3.9644E-04,0.024029186650023456
 4.3248E-04,0.022092461626454056
 4.6852E-04,0.021218854511126806
 5.0456E-04,0.019270547131608726
 5.4060E-04,0.01520751301244932
 5.7664E-04,0.010310493628389629
 6.1268E-04,0.007091982444229432
 6.4872E-04,0.005937881876279133
 6.8476E-04,0.004970710541335585
 7.2080E-04,0.0027108350630393966
 7.5684E-04,-0.0002653015777840679
 7.9288E-04,-0.0017058530771844815
 8.2892E-04,-0.0005933347542868303
 8.6496E-04,0.0015804756652137142
 9.0100E-04,0.002940618222810714
 9.3704E-04,0.0033094658820254103
 9.7308E-04,0.004448814435188426
 1.0091E-03,0.007748594245037273
 1.0452E-03,0.012243245195185298
 1.0812E-03,0.01589039159312731
 1.1172E-03,0.017882049017911936
 1.1533E-03,0.01945984603164185
 1.1893E-03,0.022247149480837905
 1.2254E-03,0.025945716366618365
 1.2614E-03,0.028685899980543585
 1.2974E-03,0.029272411121911607
 1.3335E-03,0.028504071118138682
 1.3695E-03,0.028148952571598405
 1.4056E-03,0.02862501957909795
 1.4416E-03,0.028514049378468496
 1.4776E-03,0.026452772651270842
 1.5137E-03,0.022837416700811047
 1.5497E-03,0.01942871256312042
 1.5858E-03,0.017240512901323474
 1.6218E-03,0.015402368700634494
 1.6578E-03,0.012491442828941988
 1.6939E-03,0.008446110679416478
 1.7299E-03,0.004778088284262514
 1.7660E-03,0.0028322490913867252
 1.8020E-03,0.0022189606535853988
 1.8380E-03,0.001490959714363447
 1.8741E-03,5.80292589898437e-05
 1.9101E-03,-0.0010489062550233861
 1.9462E-03,-0.0004353957208487782
 1.9822E-03,0.0018856031203602244
 2.0182E-03,0.0045169568832864986
 2.0543E-03,0.006389945641129982
 2.0903E-03,0.007970580851106768
 2.1264E-03,0.010542576344545636
 2.1624E-03,0.014437468746415683
 2.1984E-03,0.018483144008526763
 2.2345E-03,0.021349520467200393
 2.2705E-03,0.023034115570950586
 2.3066E-03,0.024688449503181442
 2.3426E-03,0.027016201385172814
 2.3786E-03,0.029275660608082572
 2.4147E-03,0.030153400589755495
 2.4507E-03,0.029345271848191946
 2.4868E-03,0.02787901010626653
 2.5228E-03,0.026807742467300236
 2.5588E-03,0.025922258822819254
 2.5949E-03,0.02411283935583184
 2.6309E-03,0.020871448916530057
 2.6670E-03,0.01702836177484598
 2.7030E-03,0.013832529467137544
 2.7390E-03,0.011536573430154882
 2.7751E-03,0.009267622014907155
 2.8111E-03,0.0063068862164473005
 2.8472E-03,0.00313211994755934
 2.8832E-03,0.0009389250178985006
 2.9192E-03,0.00025622245749553913
 2.9553E-03,0.0003965140193768118
 2.9913E-03,0.00040907957773979683
 3.0274E-03,0.0003001370983384367
 3.0634E-03,0.0010030150952385832
 3.0994E-03,0.003161595264534211
 3.1355E-03,0.0062651997839447875
 3.1715E-03,0.009215775492340799
 3.2076E-03,0.011585983618536591
 3.2436E-03,0.013993812342696865
 3.2796E-03,0.017154778016279546
 3.3157E-03,0.020823393361424778
 3.3517E-03,0.023959300531856364
 3.3878E-03,0.02588838020973804
 3.4238E-03,0.026993780719184225
 3.4598E-03,0.028094599689804226
 3.4959E-03,0.02931799920606687
 3.5319E-03,0.029890752485548247
 3.5680E-03,0.029092772617595207
 3.6040E-03,0.02715468494359689
 3.6400E-03,0.024983259426957918
 3.6761E-03,0.023081174508120274
 3.7121E-03,0.021025312488307742
 3.7482E-03,0.01813840101870481
 3.7842E-03,0.01448059264237514
 3.8202E-03,0.01091258373227496
 3.8563E-03,0.008166760698094295
 3.8923E-03,0.006099647650337639
 3.9284E-03,0.004046645505907269
 3.9644E-03,0.001802870006154365
 4.0004E-03,-1.158591580128739e-05
 4.0365E-03,-0.0006470130436484023
 4.0725E-03,-9.483666862952029e-05
 4.1086E-03,0.0009520301341060526
 4.1446E-03,0.001976883116476708
 4.1806E-03,0.0032433694300289286
 4.2167E-03,0.005382207664145249
 4.2527E-03,0.008500153135581875
 4.2888E-03,0.011936472066647198
 4.3248E-03,0.014961358915962966
 4.3608E-03,0.017531208304660505
 4.3969E-03,0.02016516690954397
 4.4329E-03,0.023122720991595028
 4.4690E-03,0.025930934943604367
 4.5050E-03,0.0278504247517783
 4.5410E-03,0.02868356805781582
 4.5771E-03,0.02891405811103411
 4.6131E-03,0.029022311329496082
 4.6492E-03,0.02885298554770928
 4.6852E-03,0.02782461582473146
 4.7212E-03,0.025699859353060378
 4.7573E-03,0.02294081276759009
 4.7933E-03,0.020212688568526628
 4.8294E-03,0.01767098622859093
 4.8654E-03,0.014921281094114768
 4.9014E-03,0.011679131774022359
 4.9375E-03,0.00828435818410874
 4.9735E-03,0.005425327297690149
 5.0096E-03,0.0034283731041676565
 5.0456E-03,0.002001081792956985
 5.0816E-03,0.0007316684875219429
 5.1177E-03,-0.00030024725799935887
 5.1537E-03,-0.0005683507436616587
 5.1898E-03,0.0002678831653232319
 5.2258E-03,0.0019425077005392553
 5.2618E-03,0.003892891038388421
 5.2979E-03,0.005899331437213292
 5.3339E-03,0.00825390176433231
 5.3700E-03,0.01126263659982973
 5.4060E-03,0.014721603555843895
 5.4420E-03,0.01802670410379268
 5.4781E-03,0.020773125937527732
 5.5141E-03,0.02309355480471573
 5.5502E-03,0.025325759520937307
 5.5862E-03,0.027445842398377232
 5.6222E-03,0.028985969835645404
 5.6583E-03,0.029533468891514817
 5.6943E-03,0.02917950315058176
 5.7304E-03,0.028361029259775145
 5.7664E-03,0.027308493106814078
 5.8024E-03,0.025798001933486213
 5.8385E-03,0.023508443155242368
 5.8745E-03,0.020520917487987168
 5.9106E-03,0.017329991240204425
 5.9466E-03,0.014358901353569698
 5.9826E-03,0.011589086545297878
 6.0187E-03,0.008756108916434323
 6.0547E-03,0.005847106944513132
 6.0908E-03,0.0032660364311302417
 6.1268E-03,0.0014618841112081437
 6.1628E-03,0.0004894328799681551
 6.1989E-03,4.5561674970588325e-05
 6.2349E-03,-7.96497499126364e-05
 6.2710E-03,0.00028922039033385505
 6.3070E-03,0.0014845723383761064
 6.3430E-03,0.003543101669884843
 6.3791E-03,0.006099114246487309
 6.4151E-03,0.008751763912416369
 6.4512E-03,0.011442745975291317
 6.4872E-03,0.014378999778118169
 6.5232E-03,0.017612888309841652
 6.5593E-03,0.02081777640001647
 6.5953E-03,0.023541615592935876
 6.6314E-03,0.025618869089375173
 6.6674E-03,0.027230079890468085
 6.7034E-03,0.02854844110357841
 6.7395E-03,0.029429091952642112
 6.7755E-03,0.029532114820159227
 6.8116E-03,0.028718622543285128
 6.8476E-03,0.02722074736680194
 6.8836E-03,0.02537835684206681
 6.9197E-03,0.02327975904382093
 6.9557E-03,0.020754113781063614
 6.9918E-03,0.01771238844015604
 7.0278E-03,0.014398199157999555
 7.0638E-03,0.011231752172143058
 7.0999E-03,0.008444390229424358
 7.1359E-03,0.005957103513135692
 7.1720E-03,0.0036412233422476676
 7.2080E-03,0.0016208054733876662
 7.2440E-03,0.00023306666593285604
 7.2801E-03,-0.00030118764296474955
 7.3161E-03,-8.425438253567617e-05
 7.3522E-03,0.0006260410587005136
 7.3882E-03,0.0017395542517979557
 7.4242E-03,0.0034069314866873217
 7.4603E-03,0.00575871312524285
 7.4963E-03,0.008645865179151849
 7.5324E-03,0.01170918212246079
 7.5684E-03,0.01468921620431664
 7.6044E-03,0.017591543073307445
 7.6405E-03,0.020511233282445737
 7.6765E-03,0.023350027675060867
 7.7126E-03,0.025788518724761143
 7.7486E-03,0.027549120041091127
 7.7846E-03,0.028621366242870587
 7.8207E-03,0.0291742915521897
 7.8567E-03,0.02927634948916766
 7.8928E-03,0.02877977491632564
 7.9288E-03,0.027511325995578994
 7.9648E-03,0.025524215595998122
 8.0009E-03,0.023093873108194614
 8.0369E-03,0.02046588475575326
 8.0730E-03,0.017672314980491054
 8.1090E-03,0.0146385204493716
 8.1450E-03,0.011434171909407612
 8.1811E-03,0.00834545970000172
 8.2171E-03,0.005675681073415723
 8.2532E-03,0.0035220540702242155
 8.2892E-03,0.0018004215811101311
 8.3252E-03,0.00047493061832834006
 8.3613E-03,-0.000303319597656179
 8.3973E-03,-0.00032333211737340403
 8.4334E-03,0.000454452022881921
 8.4694E-03,0.0018514362736791377
 8.5054E-03,0.0036627189175596304
 8.5415E-03,0.0058449021632595135
 8.5775E-03,0.008469082486183728
 8.6136E-03,0.011507068328584946
 8.6496E-03,0.01472632226958659
 8.6856E-03,0.01782842079905638
 8.7217E-03,0.020659955482234024
 8.7577E-03,0.023238399483855393
 8.7938E-03,0.025571748317791056
 8.8298E-03,0.027508295596512786
 8.8658E-03,0.028809458426786
 8.9019E-03,0.029354977714277645
 8.9379E-03,0.029225462013747348
 8.9740E-03,0.028564751785612432
 9.0100E-03,0.027400381480792144
 9.0460E-03,0.025647166601456987
 9.0821E-03,0.02328362298124898
 9.1181E-03,0.02047414098991933
 9.1542E-03,0.017481586530402646
 9.1902E-03,0.014479044809744657
 9.2262E-03,0.011491692494447828
 9.2623E-03,0.008531312827805712
 9.2983E-03,0.005744164784742895
 9.3344E-03,0.0033806127677532757
 9.3704E-03,0.001621784939653093
 9.4064E-03,0.00047628778089894136
 9.4425E-03,-0.00013147596103842574
 9.4785E-03,-0.00020000692147622944
 9.5146E-03,0.0003782536020816195
 9.5506E-03,0.001679079186674901
 9.5866E-03,0.003617279632857746
 9.6227E-03,0.005988383118886841
 9.6587E-03,0.00862846201785641
 9.6948E-03,0.011494748567205813
 9.7308E-03,0.01457373487234028
 9.7668E-03,0.01774136056461211
 9.8029E-03,0.020757509855672842
 9.8389E-03,0.023405855473527443
 9.8750E-03,0.025608512824425868
 9.9110E-03,0.027379699432128736
 9.9470E-03,0.028685874874389197
 9.9831E-03,0.02939424428342615
 1.0019E-02,0.029375998151526125
 1.0055E-02,0.02863470100812274
 1.0091E-02,0.027300362890314796
 1.0127E-02,0.025499611845377128
 1.0163E-02,0.023265385726271855
 1.0199E-02,0.02059497206247386
 1.0235E-02,0.017576289279789915
 1.0271E-02,0.014418026884512596
 1.0307E-02,0.011342203828901288
 1.0343E-02,0.008469602296135673
 1.0380E-02,0.005833893136586955
 1.0416E-02,0.0034966543381658396
 1.0452E-02,0.0016108604167140296
 1.0488E-02,0.0003488217115392039
 1.0524E-02,-0.00021784001386540932
 1.0560E-02,-0.00013986904460689962
 1.0596E-02,0.00050808029484397
 1.0632E-02,0.001719298389841242
 1.0668E-02,0.0035261581484246837
 1.0704E-02,0.005890769886649559
 1.0740E-02,0.0086561454235271
 1.0776E-02,0.011621668871795117
 1.0812E-02,0.014651533065567917
 1.0848E-02,0.017686549110044865
 1.0884E-02,0.02065355528743024
 1.0920E-02,0.023394775827509224
 1.0956E-02,0.025711897370356084
 1.0992E-02,0.027474073784310583
 1.1028E-02,0.028659741750140813
 1.1064E-02,0.02928669746740655
 1.1100E-02,0.029324315446705534
 1.1136E-02,0.028700697431903035
 1.1172E-02,0.027395037869331493
 1.1208E-02,0.025497876470937278
 1.1244E-02,0.023163251112435754
 1.1281E-02,0.020512077345853898
 1.1317E-02,0.017604256464815213
 1.1353E-02,0.014507361263043687
 1.1389E-02,0.011367803393680945
 1.1425E-02,0.008388960495866368
 1.1461E-02,0.005738662361461207
 1.1497E-02,0.0034958679415395934
 1.1533E-02,0.001695181506810988
 1.1569E-02,0.00040525901817297315
 1.1605E-02,-0.0002626049153972007
 1.1641E-02,-0.0002289596478016747
 1.1677E-02,0.00048800180357002997
 1.1713E-02,0.0017955798466077982
 1.1749E-02,0.003607889581493004
 1.1785E-02,0.00588440644717636
 1.1821E-02,0.008581713400830976
 1.1857E-02,0.011584803091962123
 1.1893E-02,0.0147094076884681
 1.1929E-02,0.01777717409993957
 1.1965E-02,0.020675226791315705
 1.2001E-02,0.023333291109488678
 1.2037E-02,0.025655794725545723
 1.2073E-02,0.02750139554520593
 1.2109E-02,0.02874052553727635
 1.2145E-02,0.029322575660955624
 1.2182E-02,0.029272699730377258
 1.2218E-02,0.028626600133617026
 1.2254E-02,0.027387515045280975
 1.2290E-02,0.02555850684096151
 1.2326E-02,0.023206465221910545
 1.2362E-02,0.02047429384556486
 1.2398E-02,0.01752310780583288
 1.2434E-02,0.014472911719240596
 1.2470E-02,0.011409589366894908
 1.2506E-02,0.008441127270837455
 1.2542E-02,0.0057247558099864804
 1.2578E-02,0.0034248010833309696
 1.2614E-02,0.0016485923700291123
 1.2650E-02,0.00043454139331172616
 1.2686E-02,-0.00019932472280130976
 1.2722E-02,-0.00021239009535137194
 1.2758E-02,0.0004397310597914603
 1.2794E-02,0.0017479961444787288
 1.2830E-02,0.0036265130025243154
 1.2866E-02,0.0059528815250182825
 1.2902E-02,0.008623670139427718
 1.2938E-02,0.011559920383502249
 1.2974E-02,0.014662346696825566
 1.3010E-02,0.01777945668296954
 1.3046E-02,0.020734911352474912
 1.3083E-02,0.023385833076178385
 1.3119E-02,0.025645722226809862
 1.3155E-02,0.02745088320068577
 1.3191E-02,0.028719596807730927
 1.3227E-02,0.029360352647240517
 1.3263E-02,0.029321830938677816
 1.3299E-02,0.0286240703569475
 1.3335E-02,0.02733371610484291
 1.3371E-02,0.025515454760679724
 1.3407E-02,0.02321926784726112
 1.3443E-02,0.020515635044080896
 1.3479E-02,0.017529438701954773
 1.3515E-02,0.014425026592709103
 1.3551E-02,0.011356062991908583
 1.3587E-02,0.008436745081487809
 1.3623E-02,0.005762640040639179
 1.3659E-02,0.0034468987616427223
 1.3695E-02,0.001619589290472579
 1.3731E-02,0.0003856640847575707
 1.3767E-02,-0.00021045192684138658
 1.3803E-02,-0.00017392605117811887
 1.3839E-02,0.00048020134768736293
 1.3875E-02,0.0017439973975329945
 1.3911E-02,0.0035903466462292276
 1.3947E-02,0.005938695235520233
 1.3984E-02,0.008658699184133277
 1.4020E-02,0.011610724093299577
 1.4056E-02,0.014677357777788991
 1.4092E-02,0.017753140282699694
 1.4128E-02,0.02071308406923942
 1.4164E-02,0.023406832877232265
 1.4200E-02,0.02569226274003712
 1.4236E-02,0.027472455201854484
 1.4272E-02,0.028695901885770262
 1.4308E-02,0.029325682352831166
 1.4344E-02,0.02932085540869306
 1.4380E-02,0.028655795304911046
 1.4416E-02,0.02735383878961097
 1.4452E-02,0.025492824853984634
 1.4488E-02,0.023174724633776376
 1.4524E-02,0.02049516917672524
 1.4560E-02,0.017546687573613724
 1.4596E-02,0.01444551688691604
 1.4632E-02,0.011341831525988095
 1.4668E-02,0.008394269371685645
 1.4704E-02,0.005734262547574776
 1.4740E-02,0.0034577454586956807
 1.4776E-02,0.0016471115009970947
 1.4812E-02,0.00038917256985359695
 1.4848E-02,-0.00023844714815992826
 1.4885E-02,-0.00019899307313460217
 1.4921E-02,0.0004906428235075156
 1.4957E-02,0.0017800936462343934
 1.4993E-02,0.0036128711150991578
 1.5029E-02,0.005928287998414554
 1.5065E-02,0.008639162593962031
 1.5101E-02,0.011617950073192908
 1.5137E-02,0.014713830330429537
 1.5173E-02,0.017785064864301592
 1.5209E-02,0.02071280565369478
 1.5245E-02,0.023386660880503334
 1.5281E-02,0.025687718983117315
 1.5317E-02,0.02749699327070721
 1.5353E-02,0.028724265805074655
 1.5389E-02,0.02932604948576586
 1.5425E-02,0.029294546132176795
 1.5461E-02,0.028634813588057702
 1.5497E-02,0.027360284865893876
 1.5533E-02,0.025511716824082816
 1.5569E-02,0.02317382596407054
 1.5605E-02,0.020465969341755003
 1.5641E-02,0.01751490459675388
 1.5677E-02,0.014438729226620347
 1.5713E-02,0.01135558572079123
 1.5749E-02,0.008398914304314067
 1.5786E-02,0.005713003456727603
 1.5822E-02,0.0034277556813940885
 1.5858E-02,0.0016377934143553979
 1.5894E-02,0.00040562274556536163
 1.5930E-02,-0.00022095878401082647
 1.5966E-02,-0.00020339106840025188
 1.6002E-02,0.0004717861856785718
 1.6038E-02,0.0017745545259502716
 1.6074E-02,0.003633552785928464
 1.6110E-02,0.0059572132072963566
 1.6146E-02,0.008650197855614265
 1.6182E-02,0.01160910663925889
 1.6218E-02,0.01470869929345312
 1.6254E-02,0.01780230228155831
 1.6290E-02,0.0207424430835418
 1.6326E-02,0.023402660162580725
 1.6362E-02,0.025680329198006998
 1.6398E-02,0.027484115108672543
 1.6434E-02,0.02872812788278327
 1.6470E-02,0.029345103938418313
 1.6506E-02,0.02930578616689435
 1.6542E-02,0.028622933536008473
 1.6578E-02,0.027336668515017946
 1.6614E-02,0.025499787447748456
 1.6650E-02,0.02317981647882779
 1.6687E-02,0.020471911044826558
 1.6723E-02,0.01750204014750388
 1.6759E-02,0.014411414308073196
 1.6795E-02,0.011335850787521628
 1.6831E-02,0.008399138857008858
 1.6867E-02,0.005721243472922265
 1.6903E-02,0.003423675811838576
 1.6939E-02,0.0016186185132702222
 1.6975E-02,0.0003895443197106227
 1.7011E-02,-0.00021764892770068382
 1.7047E-02,-0.00018637855466773582
 1.7083E-02,0.0004824687029930324
 1.7119E-02,0.0017697307630276074
 1.7155E-02,0.0036259063992254877
 1.7191E-02,0.005964719117584366
 1.7227E-02,0.00867324584457817
 1.7263E-02,0.01162997176617398
 1.7299E-02,0.014713543108002835
 1.7335E-02,0.017797804558845536
 1.7371E-02,0.020746468994782448
 1.7407E-02,0.02342119994616849
 1.7443E-02,0.025699805644287733
 1.7479E-02,0.02748833783783385
 1.7515E-02,0.028718202636797117
 1.7551E-02,0.02933739471907343
 1.7588E-02,0.029310982064341354
 1.7624E-02,0.028632788994955118
 1.7660E-02,0.027334794648763552
 1.7696E-02,0.025482465989369013
 1.7732E-02,0.0231606212421066
 1.7768E-02,0.02046473921540399
 1.7804E-02,0.0175042122129531
 1.7840E-02,0.014407895885325699
 1.7876E-02,0.011318810046980349
 1.7912E-02,0.008378078666267205
 1.7948E-02,0.0057112859894976175
 1.7984E-02,0.0034270868988439123
 1.8020E-02,0.0016227165645281536
 1.8056E-02,0.0003831918965279443
 1.8092E-02,-0.00022995089395495382
 1.8128E-02,-0.00019029307784964008
 1.8164E-02,0.0004930903546482109
 1.8200E-02,0.001785316609579245
 1.8236E-02,0.0036332649049437837
 1.8272E-02,0.005963271184362354
 1.8308E-02,0.00867509205019433
 1.8344E-02,0.011644087543900797
 1.8380E-02,0.014734167402081673
 1.8416E-02,0.017811424330282644
 1.8452E-02,0.02074830356708167
 1.8489E-02,0.023420439492522434
 1.8525E-02,0.02570734058950889
 1.8561E-02,0.027502700907793377
 1.8597E-02,0.02872732732075528
 1.8633E-02,0.029333655196204685
 1.8669E-02,0.02930045079780329
 1.8705E-02,0.028627294277678232
 1.8741E-02,0.027337089494000544
 1.8777E-02,0.025483176015297388
 1.8813E-02,0.02315049829088933
 1.8849E-02,0.02044656145666975
 1.8885E-02,0.017489480069836187
 1.8921E-02,0.014402785041014925
 1.8957E-02,0.011317126088195354
 1.8993E-02,0.008369803817010892
 1.9029E-02,0.005695675389866548
 1.9065E-02,0.003413871732072972
 1.9101E-02,0.0016201759285780657
 1.9137E-02,0.0003882339582155982
 1.9173E-02,-0.00022741412757870455
 1.9209E-02,-0.0001944669851924081
 1.9245E-02,0.0004890320349954156
 1.9281E-02,0.0017904167336649601
 1.9317E-02,0.0036472979951275237
 1.9353E-02,0.0059769568348770775
 1.9390E-02,0.008681491124117932
 1.9426E-02,0.011646751701992367
 1.9462E-02,0.014741978522536035
 1.9498E-02,0.017826872450823983
 1.9534E-02,0.020763987029921528
 1.9570E-02,0.023427994351417767
 1.9606E-02,0.02570740718972694
 1.9642E-02,0.027503489291070972
 1.9678E-02,0.028733845189839714
 1.9714E-02,0.029341269370789038
 1.9750E-02,0.02930073277475675
 1.9786E-02,0.028618579500528374
 1.9822E-02,0.027326463399847754
 1.9858E-02,0.025477603761854484
 1.9894E-02,0.023148413005878332
 1.9930E-02,0.020440383184316707
 1.9966E-02,0.017475649756264654
 2.0002E-02,0.014386604342634276
 2.0038E-02,0.01130647169257814
 2.0074E-02,0.008365791225250758
 2.0110E-02,0.005691952654475933
 2.0146E-02,0.0034051947860769473
 2.0182E-02,0.0016093460320185556
 2.0218E-02,0.0003827798339831696
 2.0254E-02,-0.00022445485204248357
 2.0291E-02,-0.0001880669404728207
 2.0327E-02,0.0004923118656321449
 2.0363E-02,0.001790566272796623
 2.0399E-02,0.003650545881377542
 2.0435E-02,0.005987593969287978
 2.0471E-02,0.008696201441143055
 2.0507E-02,0.01165847297098427
 2.0543E-02,0.014748290454393728
 2.0579E-02,0.017832378383121395
 2.0615E-02,0.02077387551288675
 2.0651E-02,0.023441029087488394
 2.0687E-02,0.025717126241562513
 2.0723E-02,0.027505955997620523
 2.0759E-02,0.028732149519679475
 2.0795E-02,0.029341249356592547
 2.0831E-02,0.029303466936031985
 2.0867E-02,0.028619102555538543
 2.0903E-02,0.027320167486242598
 2.0939E-02,0.02546615495942962
 2.0975E-02,0.023137803688683015
 2.1011E-02,0.02043372276981214
 2.1047E-02,0.01746979436047512
 2.1083E-02,0.014376718007041366
 2.1119E-02,0.011292623173011886
 2.1155E-02,0.008353293857609707
 2.1192E-02,0.005685149173646339
 2.1228E-02,0.003402560743858177
 2.1264E-02,0.0016059563591572673
 2.1300E-02,0.00037687515500311347
 2.1336E-02,-0.00022908773523158015
 2.1372E-02,-0.0001867776687464281
 2.1408E-02,0.000499275983957971
 2.1444E-02,0.0017984144240300215
 2.1480E-02,0.0036558363100199246
 2.1516E-02,0.0059922107894940305
 2.1552E-02,0.00870451823493378
 2.1588E-02,0.011671404639454357
 2.1624E-02,0.014761733788763345
 2.1660E-02,0.01784190999468979
 2.1696E-02,0.02077973458858981
 2.1732E-02,0.023447187741674133
 2.1768E-02,0.02572576103628596
 2.1804E-02,0.027514342628236207
 2.1840E-02,0.02873582083265724
 2.1876E-02,0.029339349328607836
 2.1912E-02,0.02929957875772636
 2.1948E-02,0.02861662708441027
 2.1984E-02,0.027318148170462627
 2.2020E-02,0.025460747077769994
 2.2056E-02,0.023127415295409588
 2.2093E-02,0.020421315200234925
 2.2129E-02,0.01745952401226369
 2.2165E-02,0.014369221941989821
 2.2201E-02,0.011284836139594046
 2.2237E-02,0.00834289387941473
 2.2273E-02,0.005673959476611687
 2.2309E-02,0.0033946726174380695
 2.2345E-02,0.0016030138110770045
 2.2381E-02,0.0003764396727659431
 2.2417E-02,-0.0002301446059364277
 2.2453E-02,-0.00018820534800746805
 2.2489E-02,0.000500765170009101
 2.2525E-02,0.001804916976445077
 2.2561E-02,0.003665498043244491
 2.2597E-02,0.006001346719368854
 2.2633E-02,0.00871187477551048
 2.2669E-02,0.01167922315408041
 2.2705E-02,0.014772380701262145
 2.2741E-02,0.017854393827634613
 2.2777E-02,0.020790478405309475
 2.2813E-02,0.02345402318058505
 2.2849E-02,0.02573011278325713
 2.2885E-02,0.027518938913593034
 2.2921E-02,0.028740905934294972
 2.2957E-02,0.02934217464688387
 2.2994E-02,0.02929774483476715
 2.3030E-02,0.028611023619888112
 2.3066E-02,0.027311833394046862
 2.3102E-02,0.02545525632948481
 2.3138E-02,0.023121157744378926
 2.3174E-02,0.020411998056278524
 2.3210E-02,0.01744746956955315
 2.3246E-02,0.014357400961336812
 2.3282E-02,0.011275632442351113
 2.3318E-02,0.0083356868603825
 2.3354E-02,0.005666493308369529
 2.3390E-02,0.003386393785791984
 2.3426E-02,0.0015961528975642254
 2.3462E-02,0.0003735246969989482
 2.3498E-02,-0.00022917998079903664
 2.3534E-02,-0.00018572148165356425
 2.3570E-02,0.0005031518062680095
 2.3606E-02,0.0018082629812795202
 2.3642E-02,0.00367198001723899
 2.3678E-02,0.00601124610614619
 2.3714E-02,0.008722900839081602
 2.3750E-02,0.011688981740302489
 2.3786E-02,0.014780862273002723
 2.3822E-02,0.017863400985743537
 2.3858E-02,0.020800797529496196
 2.3895E-02,0.023463941176325963
 2.3931E-02,0.025737122480909237
 2.3967E-02,0.02752245543150308
 2.4003E-02,0.028742599870509224
 2.4039E-02,0.029343575007896926
 2.4075E-02,0.02929817701170941
 2.4111E-02,0.028608455609125994
 2.4147E-02,0.027305509142800277
 2.4183E-02,0.025446785270142245
 2.4219E-02,0.023112729318405557
 2.4255E-02,0.02040400434242642
 2.4291E-02,0.017438499432436656
 2.4327E-02,0.014346537700716469
 2.4363E-02,0.011264114428385055
 2.4399E-02,0.008325853753251239
 2.4435E-02,0.005659371703031844
 2.4471E-02,0.0033809386170776624
 2.4507E-02,0.0015910284882245276
 2.4543E-02,0.0003691292039577729
 2.4579E-02,-0.00023098815213864273
 2.4615E-02,-0.00018381290451084447
 2.4651E-02,0.0005078348756936537
 2.4687E-02,0.0018138603200628404
 2.4723E-02,0.0036778735119989024
 2.4759E-02,0.00601852176114636
 2.4796E-02,0.008732587755802185
 2.4832E-02,0.011700327693068354
 2.4868E-02,0.014791813431076791
 2.4904E-02,0.017872660991702982
 2.4940E-02,0.020808886957205043
 2.4976E-02,0.02347198167589009
 2.5012E-02,0.025744935708030613
 2.5048E-02,0.027528385411118027
 2.5084E-02,0.0287452606268647
 2.5120E-02,0.02934331400547421
 2.5156E-02,0.02929644523400052
 2.5192E-02,0.02860592509225221
 2.5228E-02,0.027301318526349375
 2.5264E-02,0.0254398260326066
 2.5300E-02,0.023103312432889
 2.5336E-02,0.020393807063426025
 2.5372E-02,0.017428883277417973
 2.5408E-02,0.014337354498092644
 2.5444E-02,0.011254455636429277
 2.5480E-02,0.008315739931593232
 2.5516E-02,0.005650231373767712
 2.5552E-02,0.0033742857795859525
 2.5588E-02,0.001587006672199822
 2.5624E-02,0.0003667187934249495
 2.5660E-02,-0.00023241203365410347
 2.5697E-02,-0.00018355408775938098
 2.5733E-02,0.0005109429546331681
 2.5769E-02,0.0018199245289521023
 2.5805E-02,0.0036856547435414745
 2.5841E-02,0.006026728733850715
 2.5877E-02,0.008741116581086464
 2.5913E-02,0.011709920604356966
 2.5949E-02,0.01480261656100199
 2.5985E-02,0.017883525136775137
 2.6021E-02,0.020818290029339
 2.6057E-02,0.02347941011100963
 2.6093E-02,0.025751014189651644
 2.6129E-02,0.027533642049576163
 2.6165E-02,0.028749117807819434
 2.6201E-02,0.02934457471433559
 2.6237E-02,0.02929464514339808
 2.6273E-02,0.028601849560186417
 2.6309E-02,0.02729606031556425
 2.6345E-02,0.025433590735737262
 2.6381E-02,0.02309546060462932
 2.6417E-02,0.020384039469723204
 2.6453E-02,0.01741804800576688
 2.6489E-02,0.014326859315958368
 2.6525E-02,0.011245029718965655
 2.6561E-02,0.008307080509069956
 2.6598E-02,0.005641930883920053
 2.6634E-02,0.003366831280159164
 2.6670E-02,0.0015815838030536727
 2.6706E-02,0.00036407349816934705
 2.6742E-02,-0.00023263067725613176
 2.6778E-02,-0.00018217471291954106
 2.6814E-02,0.0005137023785981745
 2.6850E-02,0.0018246467275067877
 2.6886E-02,0.003692801659719097
 2.6922E-02,0.006035788858291379
 2.6958E-02,0.008750893883872977
 2.6994E-02,0.011719596079699217
 2.7030E-02,0.01481226205103479
 2.7066E-02,0.017893462992744042
 2.7102E-02,0.020828145769371878
 2.7138E-02,0.023488069986213042
 2.7174E-02,0.025757543449101
 2.7210E-02,0.027538017908404457
 2.7246E-02,0.02875188506476932
 2.7282E-02,0.02934589331098453
 2.7318E-02,0.02929394356631017
 2.7354E-02,0.02859850965293773
 2.7390E-02,0.027290256932835395
 2.7426E-02,0.02542623178181466
 2.7462E-02,0.023087315650786713
 2.7499E-02,0.020375151143384635
 2.7535E-02,0.0174081377436464
 2.7571E-02,0.014316178810166783
 2.7607E-02,0.011234564491940558
 2.7643E-02,0.008297844262010806
 2.7679E-02,0.0056342277954192655
 2.7715E-02,0.0033603827659425744
 2.7751E-02,0.0015763199151311443
 2.7787E-02,0.00036056902124260645
 2.7823E-02,-0.00023362561051476645
 2.7859E-02,-0.00018051573931652251
 2.7895E-02,0.0005174335048294133
 2.7931E-02,0.0018298152057475373
 2.7967E-02,0.0036993331920057724
 2.8003E-02,0.006043968967603488
 2.8039E-02,0.00876063359926459
 2.8075E-02,0.011730107019692782
 2.8111E-02,0.01482255629842407
 2.8147E-02,0.017903058364122322
 2.8183E-02,0.020837115845371443
 2.8219E-02,0.023496414568945214
 2.8255E-02,0.02576470275732737
 2.8291E-02,0.027543154707463966
 2.8327E-02,0.02875458405333841
 2.8363E-02,0.02934641060133311
 2.8400E-02,0.029292716194533594
 2.8436E-02,0.028595560978962604
 2.8472E-02,0.02728524447065862
 2.8508E-02,0.02541905998200895
 2.8544E-02,0.023078528142337764
 2.8580E-02,0.020365606210056328
 2.8616E-02,0.017398372801894546
 2.8652E-02,0.014306244566735732
 2.8688E-02,0.01122450277524088
 2.8724E-02,0.008288175655557485
 2.8760E-02,0.005625817746142911
 2.8796E-02,0.003353844635265558
 2.8832E-02,0.0015716877507567302
 2.8868E-02,0.0003576220838749256
 2.8904E-02,-0.0002348214387193077
 2.8940E-02,-0.00017954016148942825
 2.8976E-02,0.0005208689915281674
 2.9012E-02,0.0018354430041096867
 2.9048E-02,0.0037064970457091726
 2.9084E-02,0.006052169230719974
 2.9120E-02,0.008769775225746837
 2.9156E-02,0.011740164360004576
 2.9192E-02,0.014833104934836328
 2.9228E-02,0.017913282406829757
 2.9264E-02,0.020846294364127632
 2.9301E-02,0.023504293477859917
 2.9337E-02,0.02577131362160247
 2.9373E-02,0.02754834004032953
 2.9409E-02,0.02875784669585776
 2.9445E-02,0.029347283102432446
 2.9481E-02,0.02929118849196163
 2.9517E-02,0.028592037851789355
 2.9553E-02,0.027280098599212637
 2.9589E-02,0.02541234488854676
 2.9625E-02,0.023070197864735766
 2.9661E-02,0.020355943701564422
 2.9697E-02,0.01738807184343866
 2.9733E-02,0.01429603209182091
 2.9769E-02,0.011214761744000093
 2.9805E-02,0.008279015356863597
 2.9841E-02,0.005617469715531834
 2.9877E-02,0.003346860288164654
 2.9913E-02,0.001566674828608789
 2.9949E-02,0.00035483990608373476
 2.9985E-02,-0.00023551639772444275
 3.0021E-02,-0.00017835031603015127
 3.0057E-02,0.0005239804292766439
 3.0093E-02,0.0018406322571265224
 3.0129E-02,0.003713663783986154
 3.0165E-02,0.006060806226823175
 3.0202E-02,0.008779238294021871
 3.0238E-02,0.01175003335147955
 3.0274E-02,0.014843203546211181
 3.0310E-02,0.01792336158929641
 3.0346E-02,0.02085580477844568
 3.0382E-02,0.023512552415026686
 3.0418E-02,0.025777872287281147
 3.0454E-02,0.02755310961225556
 3.0490E-02,0.028760849782168686
 3.0526E-02,0.02934836443469664
 3.0562E-02,0.029290058076624007
 3.0598E-02,0.02858859179997042
 3.0634E-02,0.027274612680960642
 3.0670E-02,0.025405299244084727
 3.0706E-02,0.023061952561217
 3.0742E-02,0.02034666136488495
 3.0778E-02,0.017377962084537228
 3.0814E-02,0.014285586134617107
 3.0850E-02,0.011204663411830835
 3.0886E-02,0.008269823961164801
 3.0922E-02,0.005609451759604454
 3.0958E-02,0.003340153016252401
 3.0994E-02,0.0015615486169397702
 3.1030E-02,0.00035171151594945026
 3.1066E-02,-0.0002363459757243544
 3.1103E-02,-0.00017691223408842287
 3.1139E-02,0.000527413643019285
 3.1175E-02,0.0018458226145520442
 3.1211E-02,0.0037205242596519287
 3.1247E-02,0.006069224268765692
 3.1283E-02,0.008788845254772316
 3.1319E-02,0.011760224691321238
 3.1355E-02,0.014853398693831399
 3.1391E-02,0.01793319618887787
 3.1427E-02,0.020865040388553906
 3.1463E-02,0.02352084611428
 3.1499E-02,0.025784719586394424
 3.1535E-02,0.027558049222910674
 3.1571E-02,0.028763687387939066
 3.1607E-02,0.029349150888436242
 3.1643E-02,0.0292888659407408
 3.1679E-02,0.028585380430131486
 3.1715E-02,0.02726935011635698
 3.1751E-02,0.025398179871868466
 3.1787E-02,0.023053429026868973
 3.1823E-02,0.020337243206273906
 3.1859E-02,0.01736802179548015
 3.1895E-02,0.014275395123196994
 3.1931E-02,0.011194585965026588
 3.1967E-02,0.008260400647471087
 3.2004E-02,0.005601247411989899
 3.2040E-02,0.0033335411787499764
 3.2076E-02,0.001556680878920141
 3.2112E-02,0.0003486865848120375
 3.2148E-02,-0.0002373442007668335
 3.2184E-02,-0.00017569023777673943
 3.2220E-02,0.0005308618767066777
 3.2256E-02,0.001851243140498702
 3.2292E-02,0.0037275458138787184
 3.2328E-02,0.00607754151590145
 3.2364E-02,0.008798225994614127
 3.2400E-02,0.011770352398989365
 3.2436E-02,0.014863769887028241
 3.2472E-02,0.017943221284906198
 3.2508E-02,0.0208742410826487
 3.2544E-02,0.023528924559152557
 3.2580E-02,0.025791438771444502
 3.2616E-02,0.027563099173798948
 3.2652E-02,0.028766723042892586
 3.2688E-02,0.029349965669776393
 3.2724E-02,0.029287492406385677
 3.2760E-02,0.02858200065975714
 3.2796E-02,0.02726413393783771
 3.2832E-02,0.02539125154143882
 3.2868E-02,0.023044993260948343
 3.2905E-02,0.020327697500748
 3.2941E-02,0.01735789928344925
 3.2977E-02,0.014265194042710936
 3.3013E-02,0.011184679405973797
 3.3049E-02,0.00825111404741196
 3.3085E-02,0.005592979680855645
 3.3121E-02,0.003326754514304483
 3.3157E-02,0.001551753580817043
 3.3193E-02,0.0003457963757205664
 3.3229E-02,-0.0002381774023757071
 3.3265E-02,-0.00017447053596135906
 3.3301E-02,0.0005341556511280329
 3.3337E-02,0.0018565608748798896
 3.3373E-02,0.0037346503159671153
 3.3409E-02,0.006086026068611363
 3.3445E-02,0.008807652909237563
 3.3481E-02,0.011780353712520017
 3.3517E-02,0.014874005203626531
 3.3553E-02,0.01795327042116594
 3.3589E-02,0.020883590095350082
 3.3625E-02,0.02353708410503618
 3.3661E-02,0.025798067070131762
 3.3697E-02,0.027567997184483422
 3.3733E-02,0.028769729267288324
 3.3769E-02,0.029350899290145116
 3.3806E-02,0.029286225759605485
 3.3842E-02,0.028578574248594987
 3.3878E-02,0.027258771294780656
 3.3914E-02,0.025384254727090504
 3.3950E-02,0.023036644486482717
 3.3986E-02,0.02031827737174622
 3.4022E-02,0.017347780169741717
 3.4058E-02,0.014254871159835085
 3.4094E-02,0.011174680730041882
 3.4130E-02,0.008241881114267442
 3.4166E-02,0.005584844884448848
 3.4202E-02,0.0033200178496691174
 3.4238E-02,0.0015467394418041819
 3.4274E-02,0.0003428012135793892
 3.4310E-02,-0.00023899442058146036
 3.4346E-02,-0.00017312792423282073
 3.4382E-02,0.0005375320765250688
 3.4418E-02,0.0018618270859494792
 3.4454E-02,0.003741643646678533
 3.4490E-02,0.006094485814562153
 3.4526E-02,0.008817175119866452
 3.4562E-02,0.011790452186425614
 3.4598E-02,0.014884219974572021
 3.4634E-02,0.017963209415742077
 3.4670E-02,0.02089287678137719
 3.4707E-02,0.02354530208714208
 3.4743E-02,0.02580479367721241
 3.4779E-02,0.027572903302918575
 3.4815E-02,0.02877263786996105
 3.4851E-02,0.029351745662784874
 3.4887E-02,0.02928498239901627
 3.4923E-02,0.02857524159638312
 3.4959E-02,0.02725344620056788
 3.4995E-02,0.025377186391021336
 3.5031E-02,0.02302820064588402
 3.5067E-02,0.020308852913717538
 3.5103E-02,0.017337747516311345
 3.5139E-02,0.014244614086277993
 3.5175E-02,0.011164645856765637
 3.5211E-02,0.00823255938323447
 3.5247E-02,0.005576684181000963
 3.5283E-02,0.0033133541998463098
 3.5319E-02,0.0015418105509639615
 3.5355E-02,0.0003398046097072135
 3.5391E-02,-0.00023988761939412913
 3.5427E-02,-0.00017183118813700527
 3.5463E-02,0.0005409577964830712
 3.5499E-02,0.0018671822409938796
 3.5535E-02,0.0037486611829821294
 3.5571E-02,0.0061028825603819635
 3.5608E-02,0.008826632434465591
 3.5644E-02,0.011800568019115224
 3.5680E-02,0.014894512365957152
 3.5716E-02,0.01797318790325644
 3.5752E-02,0.02090211446475683
 3.5788E-02,0.02355344204208232
 3.5824E-02,0.025811506022539114
 3.5860E-02,0.027577868727672518
 3.5896E-02,0.02877559610678501
 3.5932E-02,0.02935256205997675
 3.5968E-02,0.029283660163550072
 3.6004E-02,0.028571872254483835
 3.6040E-02,0.027248163358017954
 3.6076E-02,0.02537017741230135
 3.6112E-02,0.023019752595518854
 3.6148E-02,0.020299362513592437
 3.6184E-02,0.017327667537000963
 3.6220E-02,0.014234385300332109
 3.6256E-02,0.011154678095850362
 3.6292E-02,0.008223261034132297
 3.6328E-02,0.005568478639269762
 3.6364E-02,0.003306640066804999
 3.6400E-02,0.0015368950065018851
 3.6436E-02,0.00033687460932316877
 3.6472E-02,-0.00024073690157083933
 3.6509E-02,-0.00017055885564942614
 3.6545E-02,0.0005443312091155218
 3.6581E-02,0.001872530997006312
 3.6617E-02,0.0037557324182032614
 3.6653E-02,0.006111331035724267
 3.6689E-02,0.008836079953575555
 3.6725E-02,0.011810629420341296
 3.6761E-02,0.014904776107867024
 3.6797E-02,0.017983198416485977
 3.6833E-02,0.02091140152658882
 3.6869E-02,0.02356158308220423
 3.6905E-02,0.025818165749790328
 3.6941E-02,0.02758278826311807
 3.6977E-02,0.028778564822253397
 3.7013E-02,0.029353422769052905
 3.7049E-02,0.02928235150134082
 3.7085E-02,0.02856846106987525
 3.7121E-02,0.027242828722387855
 3.7157E-02,0.02536316429119296
 3.7193E-02,0.023011345956537872
 3.7229E-02,0.02028990155576683
 3.7265E-02,0.017317565323321425
 3.7301E-02,0.014224109949902223
 3.7337E-02,0.011144698262061404
 3.7373E-02,0.008214001357353881
 3.7410E-02,0.005560316853233733
 3.7446E-02,0.0032999253465078484
 3.7482E-02,0.0015319427534457365
 3.7518E-02,0.0003339257988223929
 3.7554E-02,-0.00024155591099734761
 3.7590E-02,-0.00016923747248077085
 3.7626E-02,0.0005477194180528067
 3.7662E-02,0.0018778507064655813
 3.7698E-02,0.0037627752154620123
 3.7734E-02,0.006119793269252279
 3.7770E-02,0.00884557014268596
 3.7806E-02,0.011820711827472779
 3.7842E-02,0.014915015052640234
 3.7878E-02,0.01799317005346265
 3.7914E-02,0.020920682412731123
 3.7950E-02,0.023569753888685166
 3.7986E-02,0.025824847997067635
 3.8022E-02,0.0275876886274395
 3.8058E-02,0.02878149004489939
 3.8094E-02,0.029354262312374178
 3.8130E-02,0.02928106138931184
 3.8166E-02,0.028565075618825875
 3.8202E-02,0.02723748667072689
 3.8238E-02,0.02535611333361661
 3.8274E-02,0.0230029127663136
 3.8311E-02,0.02028045335372738
 3.8347E-02,0.0173074950927388
 3.8383E-02,0.014213843928610963
 3.8419E-02,0.011134694203744537
 3.8455E-02,0.008204716839143096
 3.8491E-02,0.005552164243796227
 3.8527E-02,0.0032932468143984706
 3.8563E-02,0.001527014513197663
 3.8599E-02,0.0003309667075524121
 3.8635E-02,-0.000242397730814131
 3.8671E-02,-0.00016791424404887358
 3.8707E-02,0.0005511397166576272
 3.8743E-02,0.0018832001354933533
 3.8779E-02,0.0037698156717822975
 3.8815E-02,0.006128230925965634
 3.8851E-02,0.00885504945707341
 3.8887E-02,0.011830813538567277
 3.8923E-02,0.014925280261007659
 3.8959E-02,0.018003141773024353
 3.8995E-02,0.020929935695385763
 3.9031E-02,0.023577900784388442
 3.9067E-02,0.025831534559352595
 3.9103E-02,0.02759260899254645
 3.9139E-02,0.028784418119662092
 3.9175E-02,0.02935507620237368
 3.9212E-02,0.02927974127990424
 3.9248E-02,0.028561684904380265
 3.9284E-02,0.02723216204894536
 3.9320E-02,0.025349072956317085
 3.9356E-02,0.022994464077125455
 3.9392E-02,0.020270978675607808
 3.9428E-02,0.017297417420509824
 3.9464E-02,0.014203596796897141
 3.9500E-02,0.011124711449659087
 3.9536E-02,0.00819543143143063
 3.9572E-02,0.005543993839982284
 3.9608E-02,0.0032865613293722846
 3.9644E-02,0.0015221050672992217
 3.9680E-02,0.00032803567724818674
 3.9716E-02,-0.00024322917826215143
 3.9752E-02,-0.00016660232431298325
 3.9788E-02,0.0005545500658723854
 3.9824E-02,0.0018885613736347403
 3.9860E-02,0.0037768817608982387
 3.9896E-02,0.006136681976142152
 3.9932E-02,0.008864518338744725
 3.9968E-02,0.011840897779211925
 4.0004E-02,0.01493554442221096
 4.0040E-02,0.01801312954241056
 4.0076E-02,0.020939199700191632
 4.0113E-02,0.023586036132606986
 4.0149E-02,0.025838197017979098
 4.0185E-02,0.027597516568168456
 4.0221E-02,0.028787352917795654
 4.0257E-02,0.029355899307440956
 4.0293E-02,0.02927841281489111
 4.0329E-02,0.02855827064059661
 4.0365E-02,0.02722682038481361
 4.0401E-02,0.025342035891455186
 4.0437E-02,0.02298602827172967
 4.0473E-02,0.020261505332923844
 4.0509E-02,0.017287324872058696
 4.0545E-02,0.014193335946167545
 4.0581E-02,0.011114733440893074
 4.0617E-02,0.008186164903425306
 4.0653E-02,0.005535836293349758
 4.0689E-02,0.003279872007584976
 4.0725E-02,0.0015171867463359375
 4.0761E-02,0.0003251094037949071
 4.0797E-02,-0.00024404028587722917
 4.0833E-02,-0.00016527165309924695
 4.0869E-02,0.0005579627262967485
 4.0905E-02,0.001893914017075817
 4.0941E-02,0.0037839465629485093
 4.0977E-02,0.006145146651616012
 4.1014E-02,0.008874003251451571
 4.1050E-02,0.011850983664455939
 4.1086E-02,0.014945795645544031
 4.1122E-02,0.018023105994790036
 4.1158E-02,0.020948466049738785
 4.1194E-02,0.023594180533028624
 4.1230E-02,0.025844858556916015
 4.1266E-02,0.027602408110105347
 4.1302E-02,0.02879026940285076
 4.1338E-02,0.02935671653047428
 4.1374E-02,0.029277089438623886
 4.1410E-02,0.02855485737006449
 4.1446E-02,0.027221466431220222
 4.1482E-02,0.02533498162461437
 4.1518E-02,0.022977585745013566
 4.1554E-02,0.020252039069492193
 4.1590E-02,0.017277240801112828
 4.1626E-02,0.01418307281961593
 4.1662E-02,0.011104745712776679
 4.1698E-02,0.008176895491658762
 4.1734E-02,0.005527689817259134
 4.1770E-02,0.003273198808995908
 4.1806E-02,0.0015122759083653205
 4.1842E-02,0.00032218036382427435
 4.1878E-02,-0.0002448525400513215
 4.1915E-02,-0.00016393060624382964
 4.1951E-02,0.0005613925629973448
 4.1987E-02,0.0018992771324228067
 4.2023E-02,0.0037910095069815506
 4.2059E-02,0.006153605902336358
 4.2095E-02,0.008883490814590392
 4.2131E-02,0.011861080017980325
 4.2167E-02,0.01495605344851375
 4.2203E-02,0.018033076768959867
 4.2239E-02,0.02095771980367111
 4.2275E-02,0.023602317588932574
 4.2311E-02,0.02585152182646788
 4.2347E-02,0.02760730158382862
 4.2383E-02,0.028793178096487904
 4.2419E-02,0.02935751800204029
 4.2455E-02,0.02927575369016888
 4.2491E-02,0.028551442020225054
 4.2527E-02,0.027216115021624503
 4.2563E-02,0.025327923989218952
 4.2599E-02,0.022969132110743078
 4.2635E-02,0.020242563188200748
 4.2671E-02,0.01726715732915855
 4.2707E-02,0.014172818006430311
 4.2743E-02,0.011094763728125439
 4.2779E-02,0.008167624174131876
 4.2816E-02,0.005519540031696978
 4.2852E-02,0.003266530265291087
 4.2888E-02,0.001507378215204885
 4.2924E-02,0.00031926390819745753
 4.2960E-02,-0.0002456602366149806
 4.2996E-02,-0.00016259001058656602
 4.3032E-02,0.0005648260718560708
 4.3068E-02,0.001904651409742083
 4.3104E-02,0.0037980842903455785
 4.3140E-02,0.006162069074353944
 4.3176E-02,0.008892974478839284
 4.3212E-02,0.011871172914917178
 4.3248E-02,0.014966314042882118
 4.3284E-02,0.01804305268552371
 4.3320E-02,0.020966972543410917
 4.3356E-02,0.02361044516155156
 4.3392E-02,0.025858173934109056
 4.3428E-02,0.027612189660149788
 4.3464E-02,0.02879608623448316
 4.3500E-02,0.029358316141742037
 4.3536E-02,0.02927440753865627
 4.3572E-02,0.028548013878508964
 4.3608E-02,0.02721075640795311
 4.3644E-02,0.025320866328056656
 4.3680E-02,0.022960679314103255
 4.3717E-02,0.02023308311944436
 4.3753E-02,0.017257066728742488
 4.3789E-02,0.014162560540241306
 4.3825E-02,0.01108478701483459
 4.3861E-02,0.008158361318725854
 4.3897E-02,0.00551139498298709
 4.3933E-02,0.0032598621378306385
 4.3969E-02,0.0015024827090081648
 4.4005E-02,0.0003163561634468002
 4.4041E-02,-0.0002464555001608856
 4.4077E-02,-0.00016124031463531985
 4.4113E-02,0.0005682625471575921
 4.4149E-02,0.0019100269922068059
 4.4185E-02,0.0038051643782116276
 4.4221E-02,0.006170541006006529
 4.4257E-02,0.008902464158603244
 4.4293E-02,0.011881264871520095
 4.4329E-02,0.014976569580393319
 4.4365E-02,0.018053025555224506
 4.4401E-02,0.020976225959554583
 4.4437E-02,0.023618572487095306
 4.4473E-02,0.02586481996859304
 4.4509E-02,0.02761706703075001
 4.4545E-02,0.028798984980390387
 4.4581E-02,0.02935910970052545
 4.4618E-02,0.029273058714647943
 4.4654E-02,0.02854457981086729
 4.4690E-02,0.02720538805667862
 4.4726E-02,0.025313800102782627
 4.4762E-02,0.022952223622661284
 4.4798E-02,0.020223604503227632
 4.4834E-02,0.017246976782336165
 4.4870E-02,0.01415230060709725
 4.4906E-02,0.01107480811213545
 4.4942E-02,0.008149101293639268
 4.4978E-02,0.005503257844740041
 4.5014E-02,0.0032532022531452163
 4.5050E-02,0.0014975920186082626
 4.5086E-02,0.00031345141013148126
 4.5122E-02,-0.00024724508052432104
 4.5158E-02,-0.000159880863384758
 4.5194E-02,0.0005717090733302027
 4.5230E-02,0.0019154084349183927
 4.5266E-02,0.003812246188838629
 4.5302E-02,0.006179014628060871
 4.5338E-02,0.008911958179540437
 4.5374E-02,0.011891361562485592
 4.5410E-02,0.01498682583382176
 4.5446E-02,0.01806299404137887
 4.5482E-02,0.020985473429124404
 4.5519E-02,0.023626696032874664
 4.5555E-02,0.02587146381986297
 4.5591E-02,0.027621939982692852
 4.5627E-02,0.028801875119201063
 4.5663E-02,0.02935989311172932
 4.5699E-02,0.02927170239768163
 4.5735E-02,0.028541141746138286
 4.5771E-02,0.027200016087476037
 4.5807E-02,0.025306727895264784
 4.5843E-02,0.022943760945722456
 4.5879E-02,0.02021412184005574
 4.5915E-02,0.017236887484036297
 4.5951E-02,0.01414204359075379
 4.5987E-02,0.011064830974518823
 4.6023E-02,0.008139841742390524
 4.6059E-02,0.0054951230400637225
 4.6095E-02,0.003246548840566592
 4.6131E-02,0.0014927102998651422
 4.6167E-02,0.0003105544179296685
 4.6203E-02,-0.0002480295534782878
 4.6239E-02,-0.00015851674855478298
 4.6275E-02,0.0005751624747585615
 4.6311E-02,0.0019207983790434204
 4.6347E-02,0.003819334751349269
 4.6383E-02,0.006187491035789678
 4.6420E-02,0.008921452427137721
 4.6456E-02,0.011901458907138694
 4.6492E-02,0.014997083835746054
 4.6528E-02,0.0180729628759247
 4.6564E-02,0.020994717385574044
 4.6600E-02,0.023634812936448955
 4.6636E-02,0.02587810100443238
 4.6672E-02,0.02762680802294447
 4.6708E-02,0.028804760651311375
 4.6744E-02,0.029360669754091986
 4.6780E-02,0.029270337125420192
 4.6816E-02,0.028537695302832816
 4.6852E-02,0.027194638721994062
 4.6888E-02,0.025299652677603802
 4.6924E-02,0.022935295176587975
 4.6960E-02,0.020204635054286227
 4.6996E-02,0.017226794962393238
 4.7032E-02,0.01413178672754349
 4.7068E-02,0.011054857358514194
 4.7104E-02,0.008130586645851902
 4.7140E-02,0.005486991763395238
 4.7176E-02,0.003239898886632844
 4.7212E-02,0.001487834185510035
 4.7248E-02,0.000307665673277975
 4.7284E-02,-0.0002488052661932012
 4.7321E-02,-0.00015714576673959207
 4.7357E-02,0.0005786207962207424
 4.7393E-02,0.0019261932372002604
 4.7429E-02,0.0038264293440313417
 4.7465E-02,0.006195973197916951
 4.7501E-02,0.008930949770307771
 4.7537E-02,0.011911556098025487
 4.7573E-02,0.015007340193089047
 4.7609E-02,0.01808293037346348
 4.7645E-02,0.021003959921310784
 4.7681E-02,0.02364292638295958
 4.7717E-02,0.025884731816386657
 4.7753E-02,0.027631668271011236
 4.7789E-02,0.02880763920665453
 4.7825E-02,0.029361440731153366
 4.7861E-02,0.029268966034725764
 4.7897E-02,0.02853424170688147
 4.7933E-02,0.02718925380812568
 4.7969E-02,0.025292571703554593
 4.8005E-02,0.022926826437431824
 4.8041E-02,0.02019514694167725
 4.8077E-02,0.01721670116121524
 4.8113E-02,0.014121528725218012
 4.8149E-02,0.011044884437524964
 4.8185E-02,0.00812133521425053
 4.8222E-02,0.005478866209571269
 4.8258E-02,0.003233254775785091
 4.8294E-02,0.0014829632799424066
 4.8330E-02,0.000304782559125755
 4.8366E-02,-0.00024957374587491934
 4.8402E-02,-0.00015576647619271268
 4.8438E-02,0.0005820865888188082
 4.8474E-02,0.0019315934713326397
 4.8510E-02,0.0038335278140598965
 4.8546E-02,0.006204459086589308
 4.8582E-02,0.00894045082353145
 4.8618E-02,0.011921655555328762
 4.8654E-02,0.01501759606022335
 4.8690E-02,0.018092894996651905
 4.8726E-02,0.02101319876899154
 4.8762E-02,0.02365103620231924
 4.8798E-02,0.025891358330328604
 4.8834E-02,0.027636522391767365
 4.8870E-02,0.02881050996097785
 4.8906E-02,0.02936220380696753
 4.8942E-02,0.029267588294381242
 4.8978E-02,0.02853078253122098
 4.9014E-02,0.02718386329926495
 4.9050E-02,0.02528548485521265
 4.9086E-02,0.02291835272847687
 4.9123E-02,0.020185656154111047
 4.9159E-02,0.01720660704812797
 4.9195E-02,0.01411127160757376
 4.9231E-02,0.011034912746453865
 4.9267E-02,0.008112085864428246
 4.9303E-02,0.0054707447028693144
 4.9339E-02,0.0032266168343678455
 4.9375E-02,0.001478099463991069
 4.9411E-02,0.00030190613572921477
 4.9447E-02,-0.00025033605477550204
 4.9483E-02,-0.00015438069416806992
 4.9519E-02,0.0005855595542661528
 4.9555E-02,0.001937000631905752
 4.9591E-02,0.003840631581112965
 4.9627E-02,0.006212948220400407
 4.9663E-02,0.008949953843998125
 4.9699E-02,0.011931756472581271
 4.9735E-02,0.01502785254773582
 4.9771E-02,0.018102858340918744
 4.9807E-02,0.02102243400351425
 4.9843E-02,0.02365914088404921
 4.9879E-02,0.02589797936301562
 4.9915E-02,0.027641370988269846
 4.9951E-02,0.028813374499544776
 4.9987E-02,0.029362959538271807
 5.0024E-02,0.029266202753522676
 5.0060E-02,0.028527316387568835
 5.0096E-02,0.02717846730501788
 5.0132E-02,0.02527839356857062
 5.0168E-02,0.02290987499138136
 5.0204E-02,0.020176161977691762
 5.0240E-02,0.01719651118406466
 5.0276E-02,0.01410101502310918
 5.0312E-02,0.011024943436064628
 5.0348E-02,0.008102839781797391
 5.0384E-02,0.005462626985984147
 5.0420E-02,0.003219983716385363
 5.0456E-02,0.0014732420057906369
 5.0492E-02,0.0002990371858767175
 5.0528E-02,-0.0002510909002327215
 5.0564E-02,-0.00015298823455181244
 5.0600E-02,0.000589038569465578
 5.0636E-02,0.0019424137168597008
 5.0672E-02,0.003847741008743432
 5.0708E-02,0.006221441841807245
 5.0744E-02,0.00895945938128977
 5.0780E-02,0.011941858033747846
 5.0816E-02,0.015038108519758774
 5.0852E-02,0.018112820373436433
 5.0888E-02,0.021031666712939476
 5.0925E-02,0.023667241259859802
 5.0961E-02,0.02590459446695204
 5.0997E-02,0.027646212932937893
 5.1033E-02,0.02881623245016776
 5.1069E-02,0.029363708768365672
 5.1105E-02,0.029264810403234063
 5.1141E-02,0.028523843186878322
 5.1177E-02,0.0271730648044433
 5.1213E-02,0.02527129719886477
 5.1249E-02,0.0229013937668383
 5.1285E-02,0.020166665451278754
 5.1321E-02,0.017186413814028596
 5.1357E-02,0.014090758150699698
 5.1393E-02,0.011014975681578859
 5.1429E-02,0.008093597179160366
 5.1465E-02,0.005454514031543321
 5.1501E-02,0.0032133559331553032
 5.1537E-02,0.0014683903329605883
 5.1573E-02,0.0002961747912797034
 5.1609E-02,-0.00025183839749187394
 5.1645E-02,-0.00015158828809701112
 5.1681E-02,0.0005925243352839246
 5.1717E-02,0.0019478324443385308
 5.1753E-02,0.0038548552017728076
 5.1789E-02,0.0062299395667543625
 5.1826E-02,0.008968968023444268
 5.1862E-02,0.01195196103627711
 5.1898E-02,0.015048363974470222
 5.1934E-02,0.018122780301362
 5.1970E-02,0.021040896305700156
 5.2006E-02,0.02367533765644092
 5.2042E-02,0.025911204441572647
 5.2078E-02,0.027651048473367343
 5.2114E-02,0.02881908319790965
 5.2150E-02,0.029364450795142036
 5.2186E-02,0.02926341132307509
 5.2222E-02,0.02852036366576725
 5.2258E-02,0.027167656250955408
 5.2294E-02,0.025264195351882155
 5.2330E-02,0.022892908319606095
 5.2366E-02,0.02015716641943409
 5.2402E-02,0.017176315539640698
 5.2438E-02,0.014080501579534216
 5.2474E-02,0.01100500932507582
 5.2510E-02,0.008084357366670975
 5.2546E-02,0.00544640549284488
 5.2582E-02,0.0032067339105177933
 5.2618E-02,0.0014635451023517925
 5.2654E-02,0.0002933190227527504
 5.2690E-02,-0.00025257913209348617
 5.2727E-02,-0.00015018135080593187
 5.2763E-02,0.0005960170596984917
 5.2799E-02,0.001953257447472642
 5.2835E-02,0.0038619744145951674
 5.2871E-02,0.006238440956095532
 5.2907E-02,0.008978479194315582
 5.2943E-02,0.011962065482699881
 5.2979E-02,0.015058619472718054
 5.3015E-02,0.018132738529446593
 5.3051E-02,0.02105012252822854
 5.3087E-02,0.02368342949315418
 5.3123E-02,0.025917809111307824
 5.3159E-02,0.027655878049041814
 5.3195E-02,0.028821927234851285
 5.3231E-02,0.029365185548363856
 5.3267E-02,0.02926200498235934
 5.3303E-02,0.02851687750889609
 5.3339E-02,0.027162241938091695
 5.3375E-02,0.025257088556958122
 5.3411E-02,0.02288441875806126
 5.3447E-02,0.02014766445413533
 5.3483E-02,0.01716621595286783
 5.3519E-02,0.014070245439443053
 5.3555E-02,0.010995044868273747
 5.3591E-02,0.008075120590496523
 5.3628E-02,0.005438301063801094
 5.3664E-02,0.0032001171865594486
 5.3700E-02,0.0014587062768090403
 5.3736E-02,0.00029047030627002944
 5.3772E-02,-0.00025331275347784826
 5.3808E-02,-0.00014876757939308045
 5.3844E-02,0.0005995162884259639
 5.3880E-02,0.0019586885492884317
 5.3916E-02,0.0038690989626442964
 5.3952E-02,0.006246946412607682
 5.3988E-02,0.008987992877058978
 5.4024E-02,0.011972170961909556
 5.4060E-02,0.01506887472404751
 5.4096E-02,0.018142695240352648
 5.4132E-02,0.0210593457913689
 5.4168E-02,0.023691516886488583
 5.4204E-02,0.02592440815674028
 5.4240E-02,0.027660701312279688
 5.4276E-02,0.028824764620343238
 5.4312E-02,0.029365913412818658
 5.4348E-02,0.02926059160597336
 5.4384E-02,0.028513384506589724
 5.4420E-02,0.027156821495428647
 5.4456E-02,0.025249976750894975
 5.4492E-02,0.022875925400268587
 5.4529E-02,0.02013815985216743
 5.4565E-02,0.017156114963506476
 5.4601E-02,0.014059989379616177
 5.4637E-02,0.01098508214914078
 5.4673E-02,0.008065887081724489
 5.4709E-02,0.005430201078444587
 5.4745E-02,0.0031935057853998442
 5.4781E-02,0.0014538735510828402
 5.4817E-02,0.0002876283958390827
 5.4853E-02,-0.00025403914497224814
 5.4889E-02,-0.0001473466515455961
 5.4925E-02,0.0006030221386397663
 5.4961E-02,0.0019641255152624913
 5.4997E-02,0.0038762285545418476
 5.5033E-02,0.006255455947445188
 5.5069E-02,0.00899750936004814
 5.5105E-02,0.01198227766925183
 5.5141E-02,0.015079129584111893
 5.5177E-02,0.018152650131270518
 5.5213E-02,0.021068566007291054
 5.5249E-02,0.023699600059170815
 5.5285E-02,0.02593100181650535
 5.5321E-02,0.0276655182099485
 5.5357E-02,0.028827595073976673
 5.5393E-02,0.029366634229351984
 5.5430E-02,0.029259171347547876
 5.5466E-02,0.02850988492449787
 5.5502E-02,0.027151394966927752
 5.5538E-02,0.025242859708327497
 5.5574E-02,0.0228674280421761
 5.5610E-02,0.020128652688715058
 5.5646E-02,0.017146012829815847
 5.5682E-02,0.014049733519116736
 5.5718E-02,0.010975121006010224
 5.5754E-02,0.008056656609425651
 5.5790E-02,0.005422105529673709
 5.5826E-02,0.00318689993175979
 5.5862E-02,0.0014490471013242888
 5.5898E-02,0.00028479320560036354
 5.5934E-02,-0.00025475853743381664
 5.5970E-02,-0.00014591864964032215
 5.6006E-02,0.0006065347763685059
 5.6042E-02,0.0019695685458811546
 5.6078E-02,0.0038833631710394213
 5.6114E-02,0.006263969345107145
 5.6150E-02,0.0090070284981345
 5.6186E-02,0.011992385702968303
 5.6222E-02,0.01508938426133787
 5.6258E-02,0.01816260325483979
 5.6294E-02,0.02107778300886508
 5.6331E-02,0.02370767883764482
 5.6367E-02,0.025937590128562203
 5.6403E-02,0.027670328941582667
 5.6439E-02,0.028830418707088207
 5.6475E-02,0.029367347887526363
 5.6511E-02,0.02925774402156334
 5.6547E-02,0.028506378739774307
 5.6583E-02,0.02714596252271117
 5.6619E-02,0.025235737582489676
 5.6655E-02,0.022858926637657262
 5.6691E-02,0.02011914278994707
 5.6727E-02,0.017135909480454504
 5.6763E-02,0.014039477986398654
 5.6799E-02,0.010965161612767206
 5.6835E-02,0.008047429184453557
 5.6871E-02,0.005414014262955381
 5.6907E-02,0.003180299507397726
 5.6943E-02,0.0014442269953149401
 5.6979E-02,0.00028196490235532414
 5.7015E-02,-0.0002554708744430743
 5.7051E-02,-0.00014448369558322803
 5.7087E-02,0.0006100540565699071
 5.7123E-02,0.001975017653007064
 5.7159E-02,0.003890502960782369
 5.7195E-02,0.006272486699994995
 5.7232E-02,0.009016550210801532
 5.7268E-02,0.01200249490586389
 5.7304E-02,0.01509963871177512
 5.7340E-02,0.018172554723493703
 5.7376E-02,0.021086996911376815
 5.7412E-02,0.023715753186276802
 5.7448E-02,0.025944172944750397
 5.7484E-02,0.02767513342544299
 5.7520E-02,0.028833235597637025
 5.7556E-02,0.029368054518267843
 5.7592E-02,0.029256309642822227
 5.7628E-02,0.028502865831713076
 5.7664E-02,0.027140524057297537
 5.7700E-02,0.025228610411671598
 5.7736E-02,0.0228504213152222
 5.7772E-02,0.020109630210241498
 5.7808E-02,0.0171258048283315
 5.7844E-02,0.0140292226646872
 5.7880E-02,0.01095520397047384
 5.7916E-02,0.008038204924340325
 5.7952E-02,0.005405927367097517
 5.7988E-02,0.003173704466910954
 5.8024E-02,0.0014394131174517788
 5.8060E-02,0.00027914344928358834
 5.8096E-02,-0.00025617606816681474
 5.8133E-02,-0.00014304168908956536
 5.8169E-02,0.0006135799649168807
 5.8205E-02,0.001980472724681044
 5.8241E-02,0.003897647851287242
 5.8277E-02,0.006281008063462089
 5.8313E-02,0.009026074601588881
 5.8349E-02,0.012012605299014685
 5.8385E-02,0.015109892845665744
 5.8421E-02,0.018182504447492177
 5.8457E-02,0.021096207733774137
 5.8493E-02,0.02372382320377415
 5.8529E-02,0.02595075031631167
 5.8565E-02,0.02767993160078272
 5.8601E-02,0.028836045650491852
 5.8637E-02,0.029368754112024442
 5.8673E-02,0.029254868299369078
 5.8709E-02,0.028499346277805836
 5.8745E-02,0.02713507954716501
 5.8781E-02,0.02522147811081493
 5.8817E-02,0.02284191204493061
 5.8853E-02,0.02010011502056941
 5.8889E-02,0.017115698964025292
 5.8925E-02,0.014018967559465557
 5.8961E-02,0.01094524800204628
 5.8997E-02,0.008028983773323237
 5.9034E-02,0.005397844881206291
 5.9070E-02,0.0031671148969570936
 5.9106E-02,0.001434605495879354
 5.9142E-02,0.0002763287850024293
 5.9178E-02,-0.00025687418862378123
 5.9214E-02,-0.00014159261949710345
 5.9250E-02,0.0006171125788212142
 5.9286E-02,0.001985933807081109
 5.9322E-02,0.003904797799140693
 5.9358E-02,0.006289533355338089
 5.9394E-02,0.009035601649366183
 5.9430E-02,0.012022716939321297
 5.9466E-02,0.01512014671873013
 5.9502E-02,0.01819245240555898
 5.9538E-02,0.021105415400317094
 5.9574E-02,0.023731888850849793
 5.9610E-02,0.025957322285006162
 5.9646E-02,0.027684723534193437
 5.9682E-02,0.028838848872315963
 5.9718E-02,0.02936944660849748
 5.9754E-02,0.029253419941367237
 5.9790E-02,0.028495820101972956
 5.9826E-02,0.027129629060442098
 5.9862E-02,0.02521434070914712
 5.9898E-02,0.02283339878557067
 5.9935E-02,0.020090597167583765
 5.9971E-02,0.017105591895436856
 6.0007E-02,0.014008712736209548
 6.0043E-02,0.01093529375574082
 6.0079E-02,0.008019765710844057
 6.0115E-02,0.005389766750445317
 6.0151E-02,0.0031605307833787533
 6.0187E-02,0.001429804177702939
 6.0223E-02,0.00027352095944659723
 6.0259E-02,-0.0002575652456076722
 6.0295E-02,-0.00014013654474204538
 6.0331E-02,0.0006206518622655962
 6.0367E-02,0.0019914009266764135
 6.0403E-02,0.003911952854694728
 6.0439E-02,0.0062980625821895805
 6.0475E-02,0.009045131305023756
 6.0511E-02,0.012032829779058316
 6.0547E-02,0.015130400337882951
 6.0583E-02,0.01820239864227914
 6.0619E-02,0.02111461992886824
 6.0655E-02,0.023739950088505532
 6.0691E-02,0.025963888796232557
 6.0727E-02,0.027689509215536562
 6.0763E-02,0.028841645301579677
 6.0799E-02,0.029370132039428867
 6.0836E-02,0.029251964549764125
 6.0872E-02,0.028492287256188624
 6.0908E-02,0.027124172578926062
 6.0944E-02,0.02520719823947216
 6.0980E-02,0.02282488157868895
 6.1016E-02,0.02008107664996225
 6.1052E-02,0.017095483581928916
 6.1088E-02,0.013998458168031979
 6.1124E-02,0.010925341253820251
 6.1160E-02,0.008010550782314588
 6.1196E-02,0.005381692989899681
 6.1232E-02,0.003153952097102667
 6.1268E-02,0.0014250091314021178
 6.1304E-02,0.00027071998223349007
 6.1340E-02,-0.00025824919800013744
 6.1376E-02,-0.00013867344232455488
 6.1412E-02,0.0006241977915465377
 6.1448E-02,0.0019968740420834878
 6.1484E-02,0.003919113007117828
 6.1520E-02,0.0063065957715487085
 6.1556E-02,0.009054663593721732
 6.1592E-02,0.012042943804419292
 6.1628E-02,0.015140653663863232
 6.1664E-02,0.018212343138957924
 6.1700E-02,0.02112382134202003
 6.1737E-02,0.0237480069507185
 6.1773E-02,0.025970449853264795
 6.1809E-02,0.027694288615719126
 6.1845E-02,0.02884443491640919
 6.1881E-02,0.029370810420755497
 6.1917E-02,0.02925050216190926
 6.1953E-02,0.02848874775759652
 6.1989E-02,0.02711871008541257
 6.2025E-02,0.02520005068055759
 6.2061E-02,0.022816360434787783
 6.2097E-02,0.020071553505940056
 6.2133E-02,0.01708537405107244
 6.2169E-02,0.013988203847248144
 6.2205E-02,0.010915390472360594
 6.2241E-02,0.008001338985165727
 6.2277E-02,0.005373623627031626
 6.2313E-02,0.0031473788651741256
 6.2349E-02,0.001420220353112131
 6.2385E-02,0.00026792582626299294
 6.2421E-02,-0.0002589260604104394
 6.2457E-02,-0.0001372032955849007
 6.2493E-02,0.0006277503933842684
 6.2529E-02,0.002002353156126472
 6.2565E-02,0.003926278230787467
 6.2601E-02,0.006315132898996481
 6.2638E-02,0.009064198518110507
 6.2674E-02,0.012053059035021933
 6.2710E-02,0.01515090670089468
 6.2746E-02,0.018222285871130343
 6.2782E-02,0.02113301960897316
 6.2818E-02,0.0237560594303127
 6.2854E-02,0.025977005473057424
 6.2890E-02,0.02769906174735344
 6.2926E-02,0.028847217704145722
 6.2962E-02,0.029371481727049883
 6.2998E-02,0.029249032769108133
 6.3034E-02,0.0284852016233162
 6.3070E-02,0.027113241600438206
 6.3106E-02,0.025192898031097758
 6.3142E-02,0.02280783533419422
 6.3178E-02,0.020062027724741312
 6.3214E-02,0.017075263317590204
 6.3250E-02,0.013977949799419727
 6.3286E-02,0.010905441420671456
 6.3322E-02,0.007992130306712447
 6.3358E-02,0.0053655586489289656
 6.3394E-02,0.003140811095491316
 6.3430E-02,0.0014154378651115383
 6.3466E-02,0.00026513850244894643
 6.3502E-02,-0.0002595958460402276
 6.3539E-02,-0.00013572612598276043
 6.3575E-02,0.0006313096623075802
 6.3611E-02,0.0020078382819829275
 6.3647E-02,0.003933448536279168
 6.3683E-02,0.006323673954634498
 6.3719E-02,0.009073736055876544
 6.3755E-02,0.01206317545951821
 6.3791E-02,0.015161159457730567
 6.3827E-02,0.01823222685136134
 6.3863E-02,0.021142214725314083
 6.3899E-02,0.023764107506642283
 6.3935E-02,0.025983555639753672
 6.3971E-02,0.027703828614245897
 6.4007E-02,0.028849993678932713
 6.4043E-02,0.029372145961869985
 6.4079E-02,0.029247556358487057
 6.4115E-02,0.02848164884040028
 6.4151E-02,0.02710776712861595
 6.4187E-02,0.025185740309979287
 6.4223E-02,0.022799306290099526
 6.4259E-02,0.02005249930222748
 6.4295E-02,0.017065151370591655
 6.4331E-02,0.013967696025757492
 6.4367E-02,0.010895494115274008
 6.4403E-02,0.007982924762493586
 6.4440E-02,0.005357498055154877
 6.4476E-02,0.0031342487765850064
 6.4512E-02,0.0014106616631011013
 6.4548E-02,0.0002623580221529458
 6.4584E-02,-0.0002602585397836007
 6.4620E-02,-0.00013424193197590165
 6.4656E-02,0.0006348755850354123
 6.4692E-02,0.0020133294072298543
 6.4728E-02,0.003940623924706583
 6.4764E-02,0.006332218947300389
 6.4800E-02,0.00908327620725015
 6.4836E-02,0.012073293063875539
 6.4872E-02,0.015171411918501656
 6.4908E-02,0.01824216607706271
 6.4944E-02,0.02115140670090209
 6.4980E-02,0.02377215118693236
 6.5016E-02,0.0259901003477954
 6.5052E-02,0.027708589205292265
 6.5088E-02,0.02885276283917079
 6.5124E-02,0.02937280313680327
 6.5160E-02,0.02924607294277516
 6.5196E-02,0.02847808941031863
 6.5232E-02,0.027102286662900692
 6.5268E-02,0.025178577515858672
 6.5304E-02,0.02279077331455493
 6.5341E-02,0.020042968255434963
 6.5377E-02,0.017055038218329512
 6.5413E-02,0.013957442523542949
 6.5449E-02,0.010885548554002806
 6.5485E-02,0.007973722361091095
 6.5521E-02,0.00534944186069336
 6.5557E-02,0.003127691916367123
 6.5593E-02,0.0014058917420950454
 6.5629E-02,0.00025958437625345264
 6.5665E-02,-0.0002609141425316077
 6.5701E-02,-0.00013275070562904323
 6.5737E-02,0.0006384481668425999
 6.5773E-02,0.002018826525746629
 6.5809E-02,0.003947804383352773
 6.5845E-02,0.006340767869667357
 6.5881E-02,0.009092818974299638
 6.5917E-02,0.012083411850652244
 6.5953E-02,0.015181664075901
 6.5989E-02,0.01825210353239364
 6.6025E-02,0.021160595522884133
 6.6061E-02,0.023780190468735554
 6.6097E-02,0.0259966395998001
 6.6133E-02,0.02771334351753215
 6.6169E-02,0.028855525174133062
 6.6205E-02,0.02937345324249673
 6.6242E-02,0.029244582522759403
 6.6278E-02,0.028474523341401648
 6.6314E-02,0.027096800208543156
 6.6350E-02,0.025171409645384352
 6.6386E-02,0.022782236401794668
 6.6422E-02,0.020033434585928832
 6.6458E-02,0.017044923870649948
 6.6494E-02,0.013947189302033177
 6.6530E-02,0.010875604738012419
 6.6566E-02,0.007964523098611648
 6.6602E-02,0.005341390066094013
 6.6638E-02,0.0031211405235180125
 6.6674E-02,0.001401128111985212
 6.6710E-02,0.00025681756680895644
 6.6746E-02,-0.00026156266041033255
 6.6782E-02,-0.00013125245287234604
 6.6818E-02,0.0006420274084077481
 6.6854E-02,0.0020243296413020063
 6.6890E-02,0.003954989910570628
 6.6926E-02,0.0063493207122795985
 6.6962E-02,0.009102364346717049
 6.6998E-02,0.012093531816507632
 6.7034E-02,0.015191915932708093
 6.7070E-02,0.01826203921813089
 6.7106E-02,0.02116978118503747
 6.7143E-02,0.02378822534322998
 6.7179E-02,0.026003173392494316
 6.7215E-02,0.02771809155492872
 6.7251E-02,0.02885828068837832
 6.7287E-02,0.029374096277761094
 6.7323E-02,0.02924308509363224
 6.7359E-02,0.02847095063307294
 6.7395E-02,0.027091307772994812
 6.7431E-02,0.02516423670913122
 6.7467E-02,0.022773695558000816
 6.7503E-02,0.02002389829452643
 6.7539E-02,0.017034808329182645
 6.7575E-02,0.0139369363687183
 6.7611E-02,0.010865662677897922
 6.7647E-02,0.007955326981495177
 6.7683E-02,0.005333342670808039
 6.7719E-02,0.0031145945954486704
 6.7755E-02,0.001396370774609767
 6.7791E-02,0.00025405760005624495
 6.7827E-02,-0.0002622040890263113
 6.7863E-02,-0.00012974717574613706
 6.7899E-02,0.0006456133038722024
 6.7935E-02,0.002029838750533425
 6.7971E-02,0.0039621805074216134
 6.8007E-02,0.0063578774757559985
 6.8044E-02,0.009111912319326667
 6.8080E-02,0.012103652951562065
 6.8116E-02,0.01520216748069875
 6.8152E-02,0.018271973131770054
 6.8188E-02,0.021178963687654224
 6.8224E-02,0.023796255807804846
 6.8260E-02,0.02600970171933289
 6.8296E-02,0.027722833311999522
 6.8332E-02,0.02886102938226166
 6.8368E-02,0.029374732247288673
 6.8404E-02,0.02924158065853143
 6.8440E-02,0.028467371284093827
 6.8476E-02,0.027085809354137715
 6.8512E-02,0.025157058709418267
 6.8548E-02,0.022765150790438185
 6.8584E-02,0.020014359388550215
 6.8620E-02,0.017024691597271734
 6.8656E-02,0.013926683724610717
 6.8692E-02,0.010855722377268971
 6.8728E-02,0.007946134017614133
 6.8764E-02,0.005325299682974944
 6.8800E-02,0.0031080541355431616
 6.8836E-02,0.0013916197283792289
 6.8872E-02,0.00025130447393710066
 6.8908E-02,-0.00026283842754020684
 6.8945E-02,-0.00012823487234527297
 6.8981E-02,0.0006492058517416006
 6.9017E-02,0.002035353847341162
 6.9053E-02,0.003969376166911933
 6.9089E-02,0.0063664381563534
 6.9125E-02,0.009121462891168814
 6.9161E-02,0.012113775253264432
 6.9197E-02,0.015212418713072846
 6.9233E-02,0.0182819052646664
 6.9269E-02,0.02118814302478975
 6.9305E-02,0.02380428186038101
 6.9341E-02,0.026016224578777978
 6.9377E-02,0.027727568784523253
 6.9413E-02,0.02886377125009289
 6.9449E-02,0.02937536114828369
 6.9485E-02,0.029240069219732944
 6.9521E-02,0.028463785299105204
 6.9557E-02,0.02708030495485154
 6.9593E-02,0.02514987564673881
 6.9629E-02,0.022756602100489666
 6.9665E-02,0.020004817873039878
 6.9701E-02,0.017014573682116788
 6.9737E-02,0.013916431375109816
 6.9773E-02,0.010845783838113757
 6.9809E-02,0.007936944208135203
 6.9846E-02,0.0053172611062637515
 6.9882E-02,0.0031015191498623734
 6.9918E-02,0.0013868749782588998
 6.9954E-02,0.0002485581895877364
 6.9990E-02,-0.0002634656774722924
 7.0026E-02,-0.00012671554364628203
 7.0062E-02,0.0006528050525866609
 7.0098E-02,0.002040874931372033
 7.0134E-02,0.003976576885044763
 7.0170E-02,0.0063750027470818454
 7.0206E-02,0.0091310160557823
 7.0242E-02,0.012123898718056166
 7.0278E-02,0.015222669627892852
 7.0314E-02,0.01829183561353574
 7.0350E-02,0.021197319191185306
 7.0386E-02,0.023812303496352334
 7.0422E-02,0.026022741969534337
 7.0458E-02,0.027732297973903107
 7.0494E-02,0.028866506292922586
 7.0530E-02,0.029375982979827422
 7.0566E-02,0.02923855077624164
 7.0602E-02,0.02846019268007105
 7.0638E-02,0.02707479458049302
 7.0674E-02,0.02514268752723233
 7.0710E-02,0.02274804949266478
 7.0747E-02,0.019995273751456863
 7.0783E-02,0.017004454588646644
 7.0819E-02,0.013906179327496257
 7.0855E-02,0.010835847067915865
 7.0891E-02,0.007927757557882626
 7.0927E-02,0.005309226942583253
 7.0963E-02,0.0030949896396797187
 7.0999E-02,0.0013821365267152421
 7.1035E-02,0.0002458187498281172
 7.1071E-02,-0.0002640858380122147
 7.1107E-02,-0.00012518919168531505
 7.1143E-02,0.0006564109033500923
 7.1179E-02,0.0020464020006599167
 7.1215E-02,0.003983782660701451
 7.1251E-02,0.006383571245422591
 7.1287E-02,0.009140571807763058
 7.1323E-02,0.012134023338880104
 7.1359E-02,0.015232920218969229
 7.1395E-02,0.0183017641740098
 7.1431E-02,0.02120649218289389
 7.1467E-02,0.023820320710534717
 7.1503E-02,0.026029253885704227
 7.1539E-02,0.02773702087587703
 7.1575E-02,0.02886923450952354
 7.1611E-02,0.02937659774259501
 7.1648E-02,0.02923702532838922
 7.1684E-02,0.028456593426373283
 7.1720E-02,0.02706927823112293
 7.1756E-02,0.025135494353276947
 7.1792E-02,0.02273949297117047
 7.1828E-02,0.019985727027809437
 7.1864E-02,0.01699433431958729
 7.1900E-02,0.013895927584311442
 7.1936E-02,0.010825912070677044
 7.1972E-02,0.007918574072331519
 7.2008E-02,0.005301197196966263
 7.2044E-02,0.003088465607888018
 7.2080E-02,0.0013774043747884989
 7.2116E-02,0.00024308615533050085
 7.2152E-02,-0.00026469890826594114
 7.2188E-02,-0.0001236558164444626
 7.2224E-02,0.0006600234017265333
 7.2260E-02,0.0020519350508019663
 7.2296E-02,0.0039909934891993095
 7.2332E-02,0.0063921436477744255
 7.2368E-02,0.009150130144151888
 7.2404E-02,0.012144149111971302
 7.2440E-02,0.015243170481253171
 7.2476E-02,0.01831169094101167
 7.2512E-02,0.021215661996273463
 7.2549E-02,0.023828333500817245
 7.2585E-02,0.026035760325481425
 7.2621E-02,0.027741737488088322
 7.2657E-02,0.028871955897811153
 7.2693E-02,0.02937720543636845
 7.2729E-02,0.029235492878346276
 7.2765E-02,0.02845298754151729
 7.2801E-02,0.027063755910270933
 7.2837E-02,0.02512829612837112
 7.2873E-02,0.022730932540514677
 7.2909E-02,0.019976177708103355
 7.2945E-02,0.016984212881424182
 7.2981E-02,0.01388567615100343
 7.3017E-02,0.010815978850416083
 7.3053E-02,0.007909393754967133
 7.3089E-02,0.005293171873277571
 7.3125E-02,0.0030819470584108905
 7.3161E-02,0.001372678525265676
 7.3197E-02,0.00024036040716634644
 7.3233E-02,-0.00026530488828065764
 7.3269E-02,-0.00012211541818539306
 7.3305E-02,0.0006636425472370026
 7.3341E-02,0.0020574740800817877
 7.3377E-02,0.003998209366864425
 7.3413E-02,0.0064007199490392136
 7.3450E-02,0.009159691059711369
 7.3486E-02,0.012154276032663072
 7.3522E-02,0.015253420410307288
 7.3558E-02,0.018321615909711885
 7.3594E-02,0.021224828626337518
 7.3630E-02,0.02383634186309267
 7.3666E-02,0.026042261286387206
 7.3702E-02,0.027746447809400627
 7.3738E-02,0.028874670457110833
 7.3774E-02,0.02937780606056077
 7.3810E-02,0.029233953426257547
 7.3846E-02,0.028449375027159655
 7.3882E-02,0.027058227621013006
 7.3918E-02,0.025121092856229325
 7.3954E-02,0.022722368204449384
 7.3990E-02,0.019966625796384283
 7.4026E-02,0.016974090279157267
 7.4062E-02,0.013875425033439496
 7.4098E-02,0.010806047412922359
 7.4134E-02,0.00790021661055581
 7.4170E-02,0.005285150975096379
 7.4206E-02,0.003075433994135832
 7.4242E-02,0.0013679589805301673
 7.4278E-02,0.00023764150670811256
 7.4314E-02,-0.00026590377825447243
 7.4351E-02,-0.00012056799859894792
 7.4387E-02,0.0006672683374238524
 7.4423E-02,0.0020630190859044027
 7.4459E-02,0.004005430290783801
 7.4495E-02,0.00640930014541837
 7.4531E-02,0.009169254549594656
 7.4567E-02,0.012164404095602363
 7.4603E-02,0.015263670000958976
 7.4639E-02,0.018331539075269136
 7.4675E-02,0.021233992068276596
 7.4711E-02,0.023844345792430964
 7.4747E-02,0.026048756763868863
 7.4783E-02,0.027751151836409735
 7.4819E-02,0.028877378185485823
 7.4855E-02,0.029378399614440918
 7.4891E-02,0.029232406972118832
 7.4927E-02,0.028445755883941815
 7.4963E-02,0.027052693365010424
 7.4999E-02,0.025113884539630912
 7.5035E-02,0.02271379996646687
 7.5071E-02,0.019957071296271868
 7.5107E-02,0.016963966516290046
 7.5143E-02,0.013865174235310843
 7.5179E-02,0.010796117762325972
 7.5215E-02,0.007891042643381049
 7.5252E-02,0.005277134506287199
 7.5288E-02,0.0030689264180956506
 7.5324E-02,0.0013632457428961044
 7.5360E-02,0.00023492945574704496
 7.5396E-02,-0.0002664955771808392
 7.5432E-02,-0.000119013557969508
 7.5468E-02,0.0006709007704520129
 7.5504E-02,0.0020685700651633986
 7.5540E-02,0.0040126562572518065
 7.5576E-02,0.006417884232962927
 7.5612E-02,0.0091788206095712
 7.5648E-02,0.012174533296235393
 7.5684E-02,0.015273919248598024
 7.5720E-02,0.0183414604335886
 7.5756E-02,0.021243152318856633
 7.5792E-02,0.023852345286383716
 7.5828E-02,0.02605524675601387
 7.5864E-02,0.027755849567744618
 7.5900E-02,0.028880079082425156
 7.5936E-02,0.02937898609866531
 7.5972E-02,0.029230853517753688
 7.6008E-02,0.028442130114624292
 7.6044E-02,0.0270471531457833
 7.6080E-02,0.025106671182944747
 7.6116E-02,0.02270522783182795
 7.6153E-02,0.019947514213637708
 7.6189E-02,0.016953841598743344
 7.6225E-02,0.013854923762090712
 7.6261E-02,0.010786189903522184
 7.6297E-02,0.007881871857891652
 7.6333E-02,0.00526912247073513
 7.6369E-02,0.003062424333327713
 7.6405E-02,0.0013585388142855134
 7.6441E-02,0.00023222425513392316
 7.6477E-02,-0.00026708028490166904
 7.6513E-02,-0.00011745209671543336
 7.6549E-02,0.0006745398451109561
 7.6585E-02,0.002074127015596598
 7.6621E-02,0.0040198872628815835
 7.6657E-02,0.006426472207508622
 7.6693E-02,0.009188389235012199
 7.6729E-02,0.012184663629527057
 7.6765E-02,0.015284168147861632
 7.6801E-02,0.01835137997914862
 7.6837E-02,0.021252309372848117
 7.6873E-02,0.02386034034049785
 7.6909E-02,0.026061731259299496
 7.6945E-02,0.027760541000760273
 7.6981E-02,0.02888277314616503
 7.7017E-02,0.029379565512429977
 7.7054E-02,0.02922929306345212
 7.7090E-02,0.02843849772053672
 7.7126E-02,0.02704160696544973
 7.7162E-02,0.02509945278885344
 7.7198E-02,0.02269665180380287
 7.7234E-02,0.019937954552441465
 7.7270E-02,0.016943715531110397
 7.7306E-02,0.013844673618687391
 7.7342E-02,0.010776263841308724
 7.7378E-02,0.007872704258472356
 7.7414E-02,0.005261114872380028
 7.7450E-02,0.0030559277431831773
 7.7486E-02,0.0013538381971350396
 7.7522E-02,0.00022952590604095988
 7.7558E-02,-0.0002676579016562896
 7.7594E-02,-0.00011588361621075584
 7.7630E-02,0.0006781855592067015
 7.7666E-02,0.0020796899343237347
 7.7702E-02,0.004027123304116423
 7.7738E-02,0.006435064064841656
 7.7774E-02,0.00919796042136202
 7.7810E-02,0.012194795090933588
 7.7846E-02,0.015294416694261183
 7.7882E-02,0.01836129770751588
 7.7918E-02,0.02126146322588563
 7.7955E-02,0.02386833095071993
 7.7991E-02,0.0260682102703836
 7.8027E-02,0.027765226133023974
 7.8063E-02,0.02888546037519115
 7.8099E-02,0.029380137855141812
 7.8135E-02,0.029227725609654285
 7.8171E-02,0.028434858703283238
 7.8207E-02,0.027036054826727458
 7.8243E-02,0.025092229360933114
 7.8279E-02,0.02268807188646218
 7.8315E-02,0.019928392317024163
 7.8351E-02,0.016933588317943622
 7.8387E-02,0.013834423809790216
 7.8423E-02,0.010766339580294585
 7.8459E-02,0.00786353984934077
 7.8495E-02,0.005253111714826786
 7.8531E-02,0.0030494366506556335
 7.8567E-02,0.0013491438938918574
 7.8603E-02,0.00022683441027309716
 7.8639E-02,-0.00026822842661252603
 7.8675E-02,-0.00011430811686283173
 7.8711E-02,0.0006818379111229053
 7.8747E-02,0.0020852588187436493
 7.8783E-02,0.0040343643775624044
 7.8819E-02,0.006443659800865436
 7.8856E-02,0.009207534163884666
 7.8892E-02,0.012204927675409944
 7.8928E-02,0.0153046648829601
 7.8964E-02,0.01837121361436926
 7.9000E-02,0.021270613874281957
 7.9036E-02,0.023876317113941538
 7.9072E-02,0.026074683786830408
 7.9108E-02,0.027769904963026046
 7.9144E-02,0.028888140769014855
 7.9180E-02,0.029380703127294214
 7.9216E-02,0.02922615115764841
 7.9252E-02,0.02843121306490215
 7.9288E-02,0.027030496732564167
 7.9324E-02,0.025085000903081717
 7.9360E-02,0.02267948808447052
 7.9396E-02,0.019918827512470892
 7.9432E-02,0.016923459964435655
 7.9468E-02,0.013824174340573423
 7.9504E-02,0.010756417125541198
 7.9540E-02,0.00785437863523349
 7.9576E-02,0.005245113002099328
 7.9612E-02,0.0030429510587613546
 7.9648E-02,0.001344455906455103
 7.9684E-02,0.00022414976873635158
 7.9720E-02,-0.0002687918596632892
 7.9757E-02,-0.0001127255994193111
 7.9793E-02,0.0006854968991663866
 7.9829E-02,0.0020908336661960712
 7.9865E-02,0.004041610479780585
 7.9901E-02,0.006452259411579392
 7.9937E-02,0.009217110458104739
 7.9973E-02,0.012215061377959649
 8.0009E-02,0.015314912708546978
 8.0045E-02,0.018381127694261236
 8.0081E-02,0.021279761312950632
 8.0117E-02,0.023884298825717607
 8.0153E-02,0.026081151804875424
 8.0189E-02,0.027774577487734323
 8.0225E-02,0.02889081432560534
 8.0261E-02,0.02938126132807399
 8.0297E-02,0.02922456970784072
 8.0333E-02,0.028427560806812857
 8.0369E-02,0.027024932685090184
 8.0405E-02,0.025077767418054613
 8.0441E-02,0.022670900401287056
 8.0477E-02,0.019909260142887943
 8.0513E-02,0.01691333047509428
 8.0549E-02,0.013813925215557136
 8.0585E-02,0.010746496481362281
 8.0621E-02,0.00784522062024006
 8.0658E-02,0.005237118738042809
 8.0694E-02,0.0030364709708387365
 8.0730E-02,0.0013397742373198983
 8.0766E-02,0.00022147198278006696
 8.0802E-02,-0.0002693482006601507
 8.0838E-02,-0.00011113606475250036
 8.0874E-02,0.0006891625215071169
 8.0910E-02,0.002096414473931116
 8.0946E-02,0.00404886160715075
 8.0982E-02,0.00646086289273132
 8.1018E-02,0.00922668929951318
 8.1054E-02,0.012225196194114666
 8.1090E-02,0.015325160166664667
 8.1126E-02,0.018391039942908922
 8.1162E-02,0.02128890553784917
 8.1198E-02,0.023892276082551737
 8.1234E-02,0.026087614321844865
 8.1270E-02,0.027779243705365827
 8.1306E-02,0.028893481043964164
 8.1342E-02,0.029381812457258235
 8.1378E-02,0.029222981261049087
 8.1414E-02,0.02842390193102457
 8.1450E-02,0.027019362687448336
 8.1486E-02,0.0250705289098477
 8.1522E-02,0.022662308841394183
 8.1559E-02,0.019899690213118725
 8.1595E-02,0.016903199855025582
 8.1631E-02,0.013803676439975304
 8.1667E-02,0.01073657765277796
 8.1703E-02,0.007836065808746873
 8.1739E-02,0.005229128926257551
 8.1775E-02,0.0030299963897608365
 8.1811E-02,0.001335098888671206
 8.1847E-02,0.00021880105384784135
 8.1883E-02,-0.0002698974491391539
 8.1919E-02,-0.00010953951353269268
 8.1955E-02,0.000692834776471143
 8.1991E-02,0.0021020012394346813
 8.2027E-02,0.004056117756405104
 8.2063E-02,0.006469470240289439
 8.2099E-02,0.009236270683378093
 8.2135E-02,0.012235332118736487
 8.2171E-02,0.015335407252201663
 8.2207E-02,0.018400950355587992
 8.2243E-02,0.021298046544720534
 8.2279E-02,0.02390024888068464
 8.2315E-02,0.026094071334641908
 8.2351E-02,0.027783903613739516
 8.2387E-02,0.028896140923020123
 8.2423E-02,0.02938235651485951
 8.2460E-02,0.029221385818109333
 8.2496E-02,0.028420236439098932
 8.2532E-02,0.0270137867419911
 8.2568E-02,0.02506328538166859
 8.2604E-02,0.022653713408794945
 8.2640E-02,0.01989011772764725
 8.2676E-02,0.016893068108957823
 8.2712E-02,0.013793428018624616
 8.2748E-02,0.01072666064457141
 8.2784E-02,0.007826914205388398
 8.2820E-02,0.005221143570837951
 8.2856E-02,0.0030235273187289888
 8.2892E-02,0.0013304298626334843
 8.2928E-02,0.0002161369829650733
 8.2964E-02,-0.00027043960503895766
 8.3000E-02,-0.00010793594663375004
 8.3036E-02,0.0006965136621578816
 8.3072E-02,0.002107593959833918
 8.3108E-02,0.004063378923911813
 8.3144E-02,0.006478081450130084
 8.3180E-02,0.009245854605250277
 8.3216E-02,0.012245469147080204
 8.3252E-02,0.015345653960177388
 8.3288E-02,0.01841085892730593
 8.3324E-02,0.021307184328925737
 8.3361E-02,0.023908217216091144
 8.3397E-02,0.026100522839942006
 8.3433E-02,0.027788557210288712
 8.3469E-02,0.028898793961097343
 8.3505E-02,0.02938289350031628
 8.3541E-02,0.029219783379686223
 8.3577E-02,0.028416564332810396
 8.3613E-02,0.02700820485138308
 8.3649E-02,0.025056036836854183
 8.3685E-02,0.022645114107416594
 8.3721E-02,0.019880542690931553
 8.3757E-02,0.016882935241631977
 8.3793E-02,0.013783179956246842
 8.3829E-02,0.010716745461219413
 8.3865E-02,0.007817765814262948
 8.3901E-02,0.005213162675520505
 8.3937E-02,0.0030170637609648393
 8.3973E-02,0.0013257671616797872
 8.4009E-02,0.00021347977164147872
 8.4045E-02,-0.0002709746679549653
 8.4081E-02,-0.00010632536470953861
 8.4117E-02,0.0007001991769451612
 8.4153E-02,0.0021131926325408776
 8.4189E-02,0.004070645106160078
 8.4225E-02,0.006486696517993693
 8.4262E-02,0.009255441060439901
 8.4298E-02,0.012255607274369109
 8.4334E-02,0.015355900285934431
 8.4370E-02,0.018420765653617555
 8.4406E-02,0.021316318886353533
 8.4442E-02,0.0239161810852393
 8.4478E-02,0.02610696883505425
 8.4514E-02,0.02779320449325419
 8.4550E-02,0.028901440157327526
 8.4586E-02,0.029383423413562756
 8.4622E-02,0.029218173946629802
 8.4658E-02,0.028412885614076677
 8.4694E-02,0.027002617018566478
 8.4730E-02,0.025048783279233797
 8.4766E-02,0.022636510941671985
 8.4802E-02,0.019870965107758952
 8.4838E-02,0.016872801258130222
 8.4874E-02,0.013772932258042103
 8.4910E-02,0.010706832107763886
 8.4946E-02,0.007808620639884514
 8.4982E-02,0.005205186244003501
 8.5018E-02,0.0030106057193443393
 8.5054E-02,0.0013211107878793975
 8.5090E-02,0.00021082942107996825
 8.5126E-02,-0.0002715026376564247
 8.5163E-02,-0.00010470776858685101
 8.5199E-02,0.0007038913190307665
 8.5235E-02,0.002118797254970884
 8.5271E-02,0.00407791629988244
 8.5307E-02,0.006495315439943443
 8.5343E-02,0.009265030044367026
 8.5379E-02,0.012265746495559341
 8.5415E-02,0.015366146224329632
 8.5451E-02,0.01843067052960313
 8.5487E-02,0.021325450212476782
 8.5523E-02,0.02392414048407333
 8.5559E-02,0.026113409316512938
 8.5595E-02,0.027797845460057098
 8.5631E-02,0.028904079510226333
 8.5667E-02,0.029383946254253456
 8.5703E-02,0.029216557519552756
 8.5739E-02,0.028409200284303816
 8.5775E-02,0.0269970232457725
 8.5811E-02,0.025041524711847528
 8.5847E-02,0.022627903915361555
 8.5883E-02,0.019861384982434983
 8.5919E-02,0.016862666162972443
 8.5955E-02,0.013762684928603228
 8.5991E-02,0.010696920588778594
 8.6027E-02,0.007799478686666574
 8.6064E-02,0.005197214280274273
 8.6100E-02,0.0030041531970654263
 8.6136E-02,0.0013164607434373507
 8.6172E-02,0.00020818593247486214
 8.6208E-02,-0.00027202351394052066
 8.6244E-02,-0.00010308315908654143
 8.6280E-02,0.0007075900865244544
 8.6316E-02,0.0021244078242197003
 8.6352E-02,0.004085192501398941
 8.6388E-02,0.006503938211807456
 8.6424E-02,0.009274621552577076
 8.6460E-02,0.012275886806025607
 8.6496E-02,0.015376391770628554
 8.6532E-02,0.018440573550641076
 8.6568E-02,0.021334578303085282
 8.6604E-02,0.02393209540900584
 8.6640E-02,0.02611984428149116
 8.6676E-02,0.027802480108601108
 8.6712E-02,0.02890671201854857
 8.6748E-02,0.029384462022191103
 8.6784E-02,0.02921493409941981
 8.6820E-02,0.028405508345565992
 8.6856E-02,0.026991423535964332
 8.6892E-02,0.025034261138385767
 8.6928E-02,0.022619293032767225
 8.6965E-02,0.019851802319755182
 8.7001E-02,0.016852529961235187
 8.7037E-02,0.013752437972955587
 8.7073E-02,0.010687010908972758
 8.7109E-02,0.007790339958859562
 8.7145E-02,0.005189246788084238
 8.7181E-02,0.002997706197274979
 8.7217E-02,0.0013118170307132278
 8.7253E-02,0.00020554930719504844
 8.7289E-02,-0.0002725372964956451
 8.7325E-02,-0.0001014515368673521
 8.7361E-02,0.0007112954778338488
 8.7397E-02,0.0021300243377499733
 8.7433E-02,0.0040924737072536455
 8.7469E-02,0.006512564829344731
 8.7505E-02,0.00928421558032562
 8.7541E-02,0.012286028200814895
 8.7577E-02,0.015386636919916409
 8.7613E-02,0.018450474711994503
 8.7649E-02,0.021343703153777403
 8.7685E-02,0.023940045856245342
 8.7721E-02,0.026126273726982563
 8.7757E-02,0.02780710843684259
 8.7793E-02,0.028909337681191846
 8.7829E-02,0.029384970717148205
 8.7866E-02,0.02921330368693779
 8.7902E-02,0.028401809799546502
 8.7938E-02,0.02698581789179597
 8.7974E-02,0.02502699256231673
 8.8010E-02,0.022610678297978762
 8.8046E-02,0.019842217124241716
 8.8082E-02,0.016842392657768577
 8.8118E-02,0.013742191396108851
 8.8154E-02,0.010677103073241427
 8.8190E-02,0.007781204460966724
 8.8226E-02,0.005181283771259569
 8.8262E-02,0.002991264722998134
 8.8298E-02,0.0013071796518381777
 8.8334E-02,0.00020291954641582684
 8.8370E-02,-0.0002730439851454891
 8.8406E-02,-9.981290283566648e-05
 8.8442E-02,0.0007150074910713754
 8.8478E-02,0.002135646792864095
 8.8514E-02,0.004099759914015936
 8.8550E-02,0.006521195288519209
 8.8586E-02,0.009293812123063728
 8.8622E-02,0.012296170675031241
 8.8658E-02,0.015396881667202718
 8.8694E-02,0.018460374008825546
 8.8730E-02,0.021352824760061836
 8.8767E-02,0.023947991821762996
 8.8803E-02,0.026132697649636286
 8.8839E-02,0.027811730442266102
 8.8875E-02,0.02891195649666799
 8.8911E-02,0.029385472338739765
 8.8947E-02,0.02921166628272939
 8.8983E-02,0.028398104647827892
 8.9019E-02,0.02698020631570722
 8.9055E-02,0.02501971898689202
 8.9091E-02,0.02260205971492358
 8.9127E-02,0.01983262940026665
 8.9163E-02,0.01683225425717411
 8.9199E-02,0.013731945202713133
 8.9235E-02,0.010667197086148404
 8.9271E-02,0.007772072197269491
 8.9307E-02,0.005173325233597894
 8.9343E-02,0.002984828777344248
 8.9379E-02,0.001302548609101659
 8.9415E-02,0.00020029665149825723
 8.9451E-02,-0.00027354357958493593
 8.9487E-02,-9.816725773147421e-05
 8.9523E-02,0.0007187261244525685
 8.9559E-02,0.002141275186792037
 8.9595E-02,0.004107051118154105
 8.9631E-02,0.006529829585182757
 8.9668E-02,0.009303411176245082
 8.9704E-02,0.012306314223947274
 8.9740E-02,0.015407126007766465
 8.9776E-02,0.018470271436623286
 8.9812E-02,0.021361943117852764
 8.9848E-02,0.023955933302088027
 8.9884E-02,0.026139116046702694
 8.9920E-02,0.027816346122979098
 8.9956E-02,0.028914568463985654
 8.9992E-02,0.029385966886931403
 9.0028E-02,0.029210021887804853
 9.0064E-02,0.028394392892405602
 9.0100E-02,0.026974588810664044
 9.0136E-02,0.02501244041588061
 9.0172E-02,0.02259343728798651
 9.0208E-02,0.019823039152690538
 9.0244E-02,0.01682211476453596
 9.0280E-02,0.013721699397858578
 9.0316E-02,0.01065729295254882
 9.0352E-02,0.007762943172161031
 9.0388E-02,0.005165371178898828
 9.0424E-02,0.002978398363350864
 9.0460E-02,0.001297923904655541
 9.0496E-02,0.0001976806236517897
 9.0532E-02,-0.0002740360795567725
 9.0569E-02,-9.6514602291648e-05
 9.0605E-02,0.0007224513762671901
 9.0641E-02,0.002146909516909693
 9.0677E-02,0.004114347316210779
 9.0713E-02,0.0065384677152170185
 9.0749E-02,0.009313012735241433
 9.0785E-02,0.012316458842600568
 9.0821E-02,0.015417369936537684
 9.0857E-02,0.01848016699047717
 9.0893E-02,0.0213710582226219
 9.0929E-02,0.023963870293265986
 9.0965E-02,0.02614552891497346
 9.1001E-02,0.02782095547661526
 9.1037E-02,0.028917173581757202
 9.1073E-02,0.029386454361387458
 9.1109E-02,0.029208370502827617
 9.1145E-02,0.028390674534913368
 9.1181E-02,0.026968965379134596
 9.1217E-02,0.025005156852516808
 9.1253E-02,0.02258481102109939
 9.1289E-02,0.019813446385936045
 9.1325E-02,0.01681197418459927
 9.1361E-02,0.0137114539863916
 9.1397E-02,0.010647390677169643
 9.1433E-02,0.007753817390077734
 9.1470E-02,0.005157421611038894
 9.1506E-02,0.0029719734841726565
 9.1542E-02,0.00129330554075114
 9.1578E-02,0.00019507146407516198
 9.1614E-02,-0.0002745214849312602
 9.1650E-02,-9.485493741719553e-05
 9.1686E-02,0.0007261832446312748
 9.1722E-02,0.002152549780447323
 9.1758E-02,0.004121648504633535
 9.1794E-02,0.006547109674453222
 9.1830E-02,0.009322616795474166
 9.1866E-02,0.012326604526221677
 9.1902E-02,0.015427613448724436
 9.1938E-02,0.018490060665716374
 9.1974E-02,0.021380170070013808
 9.2010E-02,0.023971802791468967
 9.2046E-02,0.026151936251352283
 9.2082E-02,0.027825558500954143
 9.2118E-02,0.028919771848691923
 9.2154E-02,0.029386934761800793
 9.2190E-02,0.02920671212853647
 9.2226E-02,0.028386949577125377
 9.2262E-02,0.02696333602384227
 9.2298E-02,0.024997868300302765
 9.2334E-02,0.022576180918346036
 9.2371E-02,0.01980385110453531
 9.2407E-02,0.016801832522170677
 9.2443E-02,0.013701208973155826
 9.2479E-02,0.010637490264666235
 9.2515E-02,0.007744694855268276
 9.2551E-02,0.005149476533753791
 9.2587E-02,0.0029655541428686804
 9.2623E-02,0.0012886935196552323
 9.2659E-02,0.00019246917414183335
 9.2695E-02,-0.0002749997953639282
 9.2731E-02,-9.318826381751223e-05
 9.2767E-02,0.0007299217278319901
 9.2803E-02,0.0021581959747528226
 9.2839E-02,0.00412895467995263
 9.2875E-02,0.00655575545874321
 9.2911E-02,0.009332223352316364
 9.2947E-02,0.012336751269937801
 9.2983E-02,0.015437856539468768
 9.3019E-02,0.01849995245770944
 9.3055E-02,0.02138927865582224
 9.3091E-02,0.02397973079309164
 9.3127E-02,0.026158338052954155
 9.3163E-02,0.027830155193991686
 9.3199E-02,0.02892236326375293
 9.3235E-02,0.029387408088108913
 9.3272E-02,0.029205046765841815
 9.3308E-02,0.028383218020880587
 9.3344E-02,0.02695770074755517
 9.3380E-02,0.02499057476285551
 9.3416E-02,0.02256754698399923
 9.3452E-02,0.019794253313201955
 9.3488E-02,0.016791689782162802
 9.3524E-02,0.013690964363116285
 9.3560E-02,0.010627591719882066
 9.3596E-02,0.007735575572220936
 9.3632E-02,0.0051415359508918766
 9.3668E-02,0.0029591403424656677
 9.3704E-02,0.0012840878434722642
 9.3740E-02,0.00018987375499248727
 9.3776E-02,-0.0002754710106557952
 9.3812E-02,-9.151458229496019e-05
 9.3848E-02,0.0007336668240570205
 9.3884E-02,0.0021638480971079865
 9.3920E-02,0.004136265838690034
 9.3956E-02,0.00656440506400927
 9.3992E-02,0.009341832401219241
 9.4028E-02,0.012346899068849435
 9.4064E-02,0.015448099203733065
 9.4100E-02,0.018509842361584653
 9.4136E-02,0.021398383975564345
 9.4173E-02,0.023987654294207534
 9.4209E-02,0.02616473431655828
 9.4245E-02,0.027834745553317095
 9.4281E-02,0.02892494782549665
 9.4317E-02,0.02938787433995687
 9.4353E-02,0.029203374415462207
 9.4389E-02,0.028379479867886883
 9.4425E-02,0.026952059552811616
 9.4461E-02,0.024983276243438473
 9.4497E-02,0.02255890922199772
 9.4533E-02,0.019784653016395197
 9.4569E-02,0.016781545969356677
 9.4605E-02,0.013680720161097837
 9.4641E-02,0.01061769504743934
 9.4677E-02,0.0077264595451964
 9.4713E-02,0.005133599866261036
 9.4749E-02,0.00295273208612213
 9.4785E-02,0.001279488514491372
 9.4821E-02,0.0001872852079097037
 9.4857E-02,-0.0002759351306504681
 9.4893E-02,-8.98338937158077e-05
 9.4929E-02,0.0007374185314954272
 9.4965E-02,0.002169506144782043
 9.5001E-02,0.0041435819772973614
 9.5037E-02,0.006573058486041051
 9.5074E-02,0.009351443937560473
 9.5110E-02,0.01235704791821851
 9.5146E-02,0.01545834143679956
 9.5182E-02,0.01851973037274451
 9.5218E-02,0.02140748602495658
 9.5254E-02,0.023995573291086474
 9.5290E-02,0.026171125039237717
 9.5326E-02,0.02783932957690455
 9.5362E-02,0.028927525532799352
 9.5398E-02,0.029388333517141044
 9.5434E-02,0.02920169507817417
 9.5470E-02,0.028375735119972344
 9.5506E-02,0.026946412442446183
 9.5542E-02,0.0249759727456991
 9.5578E-02,0.022550267636574185
 9.5614E-02,0.019775050218747498
 9.5650E-02,0.016771401088643296
 9.5686E-02,0.013670476372077694
 9.5722E-02,0.010607800252167478
 9.5758E-02,0.0077173467786074805
 9.5794E-02,0.005125668283598429
 9.5830E-02,0.0029463293768358188
 9.5866E-02,0.0012748955349109346
 9.5902E-02,0.00018470353417154167
 9.5938E-02,-0.00027639215502143783
 9.5975E-02,-8.814619883125064e-05
 9.6011E-02,0.0007411768483539016
 9.6047E-02,0.002175170115097768
 9.6083E-02,0.0041509030923217866
 9.6119E-02,0.006581715720736609
 9.6155E-02,0.009361057956730676
 9.6191E-02,0.012367197813070347
 9.6227E-02,0.015468583233672306
 9.6263E-02,0.018529616486452686
 9.6299E-02,0.02141658479970243
 9.6335E-02,0.024003487780002195
 9.6371E-02,0.0261775102178967
 9.6407E-02,0.02784390726251563
 9.6443E-02,0.028930096384464244
 9.6479E-02,0.029388785619518798
 9.6515E-02,0.029200008754840124
 9.6551E-02,0.028371983778865958
 9.6587E-02,0.026940759419016743
 9.6623E-02,0.024968664273039808
 9.6659E-02,0.022541622231821313
 9.6695E-02,0.019765444924844618
 9.6731E-02,0.016761255144835674
 9.6767E-02,0.013660233000883062
 9.6803E-02,0.01059790733876801
 9.6839E-02,0.0077082372768655545
 9.6876E-02,0.005117741206806918
 9.6912E-02,0.0029399322177047177
 9.6948E-02,0.0012703089068732169
 9.6984E-02,0.0001821287349435081
 9.7020E-02,-0.0002768420836099573
 9.7056E-02,-8.645149846574224e-05
 9.7092E-02,0.0007449417728204964
 9.7128E-02,0.002180840005285629
 9.7164E-02,0.004158229180195521
 9.7200E-02,0.006590376763949572
 9.7236E-02,0.009370674454160923
 9.7272E-02,0.01237734874861269
 9.7308E-02,0.015478824589444348
 9.7344E-02,0.018539500697919015
 9.7380E-02,0.02142568029537749
 9.7416E-02,0.024011397757107523
 9.7452E-02,0.026183889849483465
 9.7488E-02,0.027848478607921716
 9.7524E-02,0.028932660379160816
 9.7560E-02,0.02938923064679337
 9.7596E-02,0.029198315446209523
 9.7632E-02,0.02836822584639271
 9.7668E-02,0.02693510048525251
 9.7704E-02,0.02496135082889405
 9.7740E-02,0.02253297301181442
 9.7777E-02,0.019755837139222243
 9.7813E-02,0.016751108142767545
 9.7849E-02,0.013649990052401148
 9.7885E-02,0.010588016311904586
 9.7921E-02,0.007699131044228102
 9.7957E-02,0.005109818639597797
 9.7993E-02,0.002933540611823053
 9.8029E-02,0.0012657286326737743
 9.8065E-02,0.0001795608115268783
 9.8101E-02,-0.00027728491618125324
 9.8137E-02,-8.474979343084949e-05
 9.8173E-02,0.0007487133031037786
 9.8209E-02,0.002186515812675185
 9.8245E-02,0.004165560237437228
 9.8281E-02,0.006599041611502184
 9.8317E-02,0.00938029342522995
 9.8353E-02,0.012387500720014093
 9.8389E-02,0.015489065499312215
 9.8425E-02,0.018549383002513457
 9.8461E-02,0.021434772507712956
 9.8497E-02,0.024019303218713164
 9.8533E-02,0.02619026393103326
 9.8569E-02,0.02785304361106149
 9.8605E-02,0.02893521751577375
 9.8641E-02,0.029389668598789116
 9.8678E-02,0.02919661515312767
 9.8714E-02,0.028364461324355907
 9.8750E-02,0.026929435643923205
 9.8786E-02,0.024954032416875063
 9.8822E-02,0.022524319980746065
 9.8858E-02,0.019746226866531397
 9.8894E-02,0.016740960087336682
 9.8930E-02,0.01363974753160014
 9.8966E-02,0.010578127176406726
 9.9002E-02,0.007690028085111454
 9.9038E-02,0.005101900585801004
 9.9074E-02,0.0029271545622027596
 9.9110E-02,0.0012611547144270674
 9.9146E-02,0.00017699976511368547
 9.9182E-02,-0.00027772065253266117
 9.9218E-02,-8.304108453931064e-05
 9.9254E-02,0.0007524914374187724
 9.9290E-02,0.002192197534541111
 9.9326E-02,0.004172896260542109
 9.9362E-02,0.006607710259268941
 9.9398E-02,0.009389914865333531
 9.9434E-02,0.012397653722385351
 9.9470E-02,0.015499305958313152
 9.9506E-02,0.018559263395453628
 9.9542E-02,0.02144386143231989
 9.9579E-02,0.024027204160984403
 9.9615E-02,0.026196632459430175
 9.9651E-02,0.027857602269672918
 9.9687E-02,0.028937767793021287
 9.9723E-02,0.02939009947527424
 9.9759E-02,0.02919490787636469
 9.9795E-02,0.028360690214496553
 9.9831E-02,0.026923764897615218
 9.9867E-02,0.02494670904032859
 9.9903E-02,0.022515663142651864
 9.9939E-02,0.019736614111274104
 0.1000,0.016730810983324018
 0.1000,0.013629505443310437
 0.1000,0.01056823993696308
 0.1001,0.00768092840387502
 0.1001,0.005093987049206651
 0.1002,0.002920774071943326
 0.1002,0.001256587154374471
 0.1002,0.00017444559695247905
 0.1003,-0.0002781492924694837
 0.1003,-8.13253726507203e-05
 0.1003,0.000756276173884075
 0.1004,0.00219788516813784
 0.1004,0.004180237245999011
 0.1004,0.006616382703097055
 0.1005,0.009399538769870928
 0.1005,0.01240780775088607
 0.1006,0.015509545961601572
 0.1006,0.018569141872092965
 0.1006,0.0214529470649215
 0.1007,0.02403510058017862
 0.1007,0.026202995431671403
 0.1007,0.02786215458161641
 0.1008,0.02894031120972334
 0.1008,0.02939052327607512
 0.1008,0.02919319361674564
 0.1009,0.028356912518631837
 0.1009,0.026918088249101243
 0.1009,0.024939380702841532
 0.1010,0.02250700250173424
 0.1010,0.01972699887808785
 0.1011,0.01672066083559577
 0.1011,0.013619263792449723
 0.1011,0.010558354598289962
 0.1012,0.007671832004853774
 0.1012,0.005086078033600299
 0.1012,0.0029143991440853034
 0.1013,0.0012520259547046922
 0.1013,0.00017189830828514044
 0.1013,-0.0002785708357366847
 0.1014,-7.960265853628848e-05
 0.1014,0.0007600675107345636
 0.1015,0.0022035787107489045
 0.1015,0.004187583190278964
 0.1015,0.006625058938837023
 0.1016,0.00940916513423192
 0.1016,0.012417962800640475
 0.1016,0.015519785504253607
 0.1017,0.018579018427687305
 0.1017,0.021462029401183677
 0.1017,0.02404299247257815
 0.1018,0.026209352844750018
 0.1018,0.02786670054474042
 0.1018,0.028942847764684164
 0.1019,0.029390940000999212
 0.1019,0.029191472375119078
 0.1020,0.028353128238569593
 0.1020,0.026912405701058753
 0.1020,0.024932047407883025
 0.1021,0.022498338062123733
 0.1021,0.019717381171574684
 0.1021,0.01671050964902421
 0.1022,0.01360902258390468
 0.1022,0.010548471165145602
 0.1022,0.007662738892442462
 0.1023,0.005078173542785121
 0.1023,0.0029080297816797326
 0.1024,0.0012474711175523938
 0.1024,0.00016935790028208778
 0.1024,-0.0002789852821637799
 0.1025,-7.78729430283058e-05
 0.1025,0.0007638654461439515
 0.1025,0.002209278159637236
 0.1026,0.004194934089845456
 0.1026,0.0066337389623350815
 0.1026,0.009418793953840725
 0.1027,0.012428118866824055
 0.1027,0.01553002458137337
 0.1028,0.0185888930574843
 0.1028,0.021471108436722716
 0.1028,0.024050879834358555
 0.1029,0.026215704695582612
 0.1029,0.027871240156817544
 0.1029,0.028945377456623393
 0.1030,0.029391349649797237
 0.1030,0.02918974415225688
 0.1030,0.0283493373760768
 0.1031,0.026906717256151725
 0.1031,0.024924709158883437
 0.1031,0.022489669827879265
 0.1032,0.019707760996266623
 0.1032,0.01670035742840215
 0.1033,0.013598781822549075
 0.1033,0.010538589642207205
 0.1033,0.007653649070947432
 0.1034,0.005070273580544364
 0.1034,0.0029016659878051843
 0.1034,0.001242922645170134
 0.1035,0.00016682437419700963
 0.1035,-0.00027939263156762746
 0.1035,-7.613622697778027e-05
 0.1036,0.0007676699782908376
 0.1036,0.0022149835120777363
 0.1037,0.004202289941195404
 0.1037,0.00664242276942399
 0.1037,0.009428425224076342
 0.1038,0.012438275944603104
 0.1038,0.015540263188130853
 0.1038,0.018598765756837877
 0.1039,0.021480184167262658
 0.1039,0.024058762661812165
 0.1039,0.02622205098121997
 0.1040,0.027875773415778793
 0.1040,0.028947900284421766
 0.1040,0.02939175222231117
 0.1041,0.029188008949014844
 0.1041,0.028345539933012885
 0.1042,0.026901022917174926
 0.1042,0.024917365959428252
 0.1042,0.02248099780319399
 0.1043,0.019698138356798862
 0.1043,0.0166902041786381
 0.1043,0.013588541513319886
 0.1044,0.010528710034252247
 0.1044,0.007644562544729849
 0.1044,0.0050623781506371045
 0.1045,0.002895307765494072
 0.1045,0.0012383805396990295
 0.1046,0.00016429773124973686
 0.1046,-0.0002797928837282768
 0.1046,-7.43925112194189e-05
 0.1047,0.0007714811053587324
 0.1047,0.0022206947653409426
 0.1047,0.004209650740806762
 0.1048,0.006651110355947162
 0.1048,0.009438058940297256
 0.1048,0.012448434029064577
 0.1049,0.015550501319573121
 0.1049,0.018608636520995838
 0.1049,0.0214892565884396
 0.1050,0.024066640951150253
 0.1050,0.02622839169860057
 0.1051,0.027880300319427117
 0.1051,0.02895041624684541
 0.1051,0.029392147718342716
 0.1052,0.029186266766191835
 0.1052,0.02834173591113364
 0.1052,0.026895322686779417
 0.1053,0.024910017812949062
 0.1053,0.022472321992169288
 0.1053,0.019688513257741715
 0.1054,0.016680049904540868
 0.1054,0.01357830166109095
 0.1055,0.010518832345986029
 0.1055,0.007635479318153018
 0.1055,0.0050544872568781905
 0.1056,0.002888955117791961
 0.1056,0.0012338448033327773
 0.1056,0.00016177797262964034
 0.1057,-0.0002801860384653487
 0.1057,-7.264179657621471e-05
 0.1057,0.0007752988254827722
 0.1058,0.0022264119166770374
 0.1058,0.004217016485145474
 0.1058,0.006659801717747034
 0.1059,0.009447695097938247
 0.1059,0.012458593115391988
 0.1060,0.015560738970834952
 0.1060,0.01861850534526444
 0.1060,0.021498325695941296
 0.1061,0.02407451469862216
 0.1061,0.02623472684469215
 0.1061,0.027884820865576865
 0.1062,0.028952925342681294
 0.1062,0.029392536137692677
 0.1062,0.029184517604622307
 0.1063,0.028337925312273814
 0.1063,0.026889616567681823
 0.1064,0.024902664722962903
 0.1064,0.022463642398942957
 0.1064,0.019678885703664765
 0.1065,0.01666989461094788
 0.1065,0.013568062270742113
 0.1065,0.01050895658211787
 0.1066,0.007626399395544099
 0.1066,0.0050466009030123715
 0.1066,0.0028826080477550114
 0.1067,0.0012293154382613453
 0.1067,0.00015926509958756455
 0.1068,-0.00028057209558251254
 0.1068,-7.088408389886643e-05
 0.1068,0.0007791231368731286
 0.1069,0.0022321349633506
 0.1069,0.004224387170679904
 0.1069,0.006668496850667546
 0.1070,0.00945733369235592
 0.1070,0.01246875319871008
 0.1070,0.015570976137047809
 0.1071,0.01862837222495529
 0.1071,0.021507391485481833
 0.1071,0.024082383900510772
 0.1072,0.026241056416508535
 0.1072,0.02788933505213735
 0.1073,0.028955427570781584
 0.1073,0.02939291748020502
 0.1073,0.029182761465151887
 0.1074,0.028334108138231957
 0.1074,0.026883904562615874
 0.1074,0.02489530669300265
 0.1075,0.02245495902767988
 0.1075,0.019669255699202273
 0.1075,0.016659738302730535
 0.1076,0.013557823347171809
 0.1076,0.01049908274739933
 0.1077,0.007617322781290627
 0.1077,0.0050387190928624995
 0.1077,0.0028762665584099287
 0.1078,0.0012247924466080736
 0.1078,0.00015675911327466853
 0.1078,-0.0002809510548844353
 0.1079,-6.911937400496082e-05
 0.1079,0.0007829540376824221
 0.1079,0.0022378639026151754
 0.1080,0.004231762793883953
 0.1080,0.006677195750546006
 0.1080,0.009466974718983025
 0.1081,0.012478914274178559
 0.1081,0.01558121281326349
 0.1082,0.018638237155291944
 0.1082,0.02151645395267738
 0.1082,0.024090248553045042
 0.1083,0.02624738041102875
 0.1083,0.027893842876905918
 0.1083,0.028957922929889485
 0.1084,0.029393291745655175
 0.1084,0.029180998348618672
 0.1084,0.028330284390843504
 0.1085,0.026878186674276806
 0.1085,0.024887943726512724
 0.1086,0.02244627188246971
 0.1086,0.019659623248921083
 0.1086,0.016649580984739263
 0.1087,0.013547584895276552
 0.1087,0.010489210846515062
 0.1087,0.007608249479686749
 0.1088,0.0050308418301784966
 0.1088,0.0028699306528240237
 0.1088,0.001220275830595685
 0.1089,0.00015426001492296307
 0.1089,-0.00028132291623061734
 0.1089,-6.734766778535578e-05
 0.1090,0.0007867915260606906
 0.1090,0.0022435987317239465
 0.1091,0.004239143351213467
 0.1091,0.00668589841319942
 0.1091,0.009476618173166161
 0.1092,0.012489076336939079
 0.1092,0.015591448994671282
 0.1092,0.018648100131650566
 0.1093,0.021525513093245508
 0.1093,0.02409810865246718
 0.1093,0.026253698825224814
 0.1094,0.027898344337771157
 0.1094,0.02896041141888318
 0.1095,0.029393658933896036
 0.1095,0.029179228255830303
 0.1095,0.028326454071908265
 0.1096,0.026872462905417744
 0.1096,0.024880575827060294
 0.1096,0.022437580967498493
 0.1097,0.01964998835742285
 0.1097,0.01663942266180316
 0.1097,0.013537346919954254
 0.1098,0.010479340884236795
 0.1098,0.007599179495110966
 0.1098,0.005022969118725837
 0.1099,0.002863600333997944
 0.1099,0.001215765592363512
 0.1100,0.0001517678057483562
 0.1100,-0.000281687679388409
 0.1100,-0.0002908700079032258
