  0.000,0.0
  1.000,0.007947631662176331
  0.000,0.007947631662176331
 2.0200E-05,0.008361414820022004
 4.0400E-05,0.009509674622336475
 6.0600E-05,0.011428209661074978
 8.0800E-05,0.01404277680912144
 1.0100E-04,0.016403442404284808
 1.2120E-04,0.017791961015166908
 1.4140E-04,0.01800354012082183
 1.6160E-04,0.017028721356920008
 1.8180E-04,0.015248466693589643
 2.0200E-04,0.013570662501172975
 2.2220E-04,0.012530445160121846
 2.4240E-04,0.011993499937023137
 2.6260E-04,0.011721367364820556
 2.8280E-04,0.011221366681491037
 3.0300E-04,0.00980658253937455
 3.2320E-04,0.007400693194579321
 3.4340E-04,0.004548659851630906
 3.6360E-04,0.0018220501280219784
 3.8380E-04,-0.0001621758312561894
 4.0400E-04,-0.0008753177602227747
 4.2420E-04,-0.00048421339507109297
 4.4440E-04,0.00036767121053421297
 4.6460E-04,0.0011707059947969264
 4.8480E-04,0.001538727556472169
 5.0500E-04,0.00135664970960122
 5.2520E-04,0.0011039116677809613
 5.4540E-04,0.0014610019732441315
 5.6560E-04,0.0027797943745675084
 5.8580E-04,0.005089348930892607
 6.0600E-04,0.008066385434931147
 6.2620E-04,0.010970348411893704
 6.4640E-04,0.013096499690319003
 6.6660E-04,0.014210622294275407
 6.8680E-04,0.014471782360322717
 7.0700E-04,0.014309774891272263
 7.2720E-04,0.014326231395593409
 7.4740E-04,0.014886953546670958
 7.6760E-04,0.01582000522307801
 7.8780E-04,0.01664101903414251
 8.0800E-04,0.016812064746726727
 8.2820E-04,0.015877850684979346
 8.4840E-04,0.013808015871371353
 8.6860E-04,0.01110450743217159
 8.8880E-04,0.008427423557369983
 9.0900E-04,0.006317076821334658
 9.2920E-04,0.005059411632018621
 9.4940E-04,0.004480375769056897
 9.6960E-04,0.004043975401846708
 9.8980E-04,0.003268174169321375
 1.0100E-03,0.0019621718164761
 1.0302E-03,0.0002824805380980326
 1.0504E-03,-0.0012529386018162716
 1.0706E-03,-0.0020044018873393264
 1.0908E-03,-0.0016037162859040095
 1.1110E-03,-0.00010984125591945865
 1.1312E-03,0.002065358796419226
 1.1514E-03,0.004298618716006366
 1.1716E-03,0.0060405377786524805
 1.1918E-03,0.007131518803964501
 1.2120E-03,0.007822903156690382
 1.2322E-03,0.008568352551786906
 1.2524E-03,0.009808312329266733
 1.2726E-03,0.011713820040842926
 1.2928E-03,0.014012443068510868
 1.3130E-03,0.016129732181530014
 1.3332E-03,0.017488055787887254
 1.3534E-03,0.01773331511955812
 1.3736E-03,0.016903938325459847
 1.3938E-03,0.015442735022321968
 1.4140E-03,0.013936664070591062
 1.4342E-03,0.012804878355208917
 1.4544E-03,0.01213959419680312
 1.4746E-03,0.011673303479058768
 1.4948E-03,0.010915424963009812
 1.5150E-03,0.009463070456888838
 1.5352E-03,0.007250759179148247
 1.5554E-03,0.004587297704247423
 1.5756E-03,0.0020409708363885014
 1.5958E-03,0.0002028068507338174
 1.6160E-03,-0.0006061056987715078
 1.6362E-03,-0.00047551647586606654
 1.6564E-03,0.0001875580613548254
 1.6766E-03,0.0008745876004560169
 1.6968E-03,0.0012273481323659958
 1.7170E-03,0.001238344473559637
 1.7372E-03,0.001248668774624963
 1.7574E-03,0.00173686926588126
 1.7776E-03,0.003061104264058156
 1.7978E-03,0.005262920717537683
 1.8180E-03,0.007999686406453571
 1.8382E-03,0.010686570046386836
 1.8584E-03,0.012777520855691994
 1.8786E-03,0.013998598694981504
 1.8988E-03,0.01444353313923405
 1.9190E-03,0.014506658204998626
 1.9392E-03,0.014650486015826494
 1.9594E-03,0.015135112158974744
 1.9796E-03,0.015880922909088598
 1.9998E-03,0.016509077743369044
 2.0200E-03,0.016525975436284375
 2.0402E-03,0.015586821060986206
 2.0604E-03,0.013694602751931805
 2.0806E-03,0.011209728472622844
 2.1008E-03,0.008686518190784259
 2.1210E-03,0.006628528168510395
 2.1412E-03,0.005263357164545448
 2.1614E-03,0.004457478052356198
 2.1816E-03,0.0038297228665358546
 2.2018E-03,0.002984521960734722
 2.2220E-03,0.0017379902174281484
 2.2422E-03,0.00024022124388982445
 2.2624E-03,-0.0010771733127731705
 2.2826E-03,-0.001714813450361966
 2.3028E-03,-0.0013544974346444234
 2.3230E-03,-1.422985702551646e-05
 2.3432E-03,0.0019525761791479824
 2.3634E-03,0.004021316284644819
 2.3836E-03,0.005749267428271319
 2.4038E-03,0.006974579450135943
 2.4240E-03,0.007861151206005881
 2.4442E-03,0.008781255916344568
 2.4644E-03,0.010090214773470014
 2.4846E-03,0.011904462483830362
 2.5048E-03,0.014009458691749873
 2.5250E-03,0.01594373511130137
 2.5452E-03,0.017207062650403913
 2.5654E-03,0.01749394089949778
 2.5856E-03,0.016837543690899324
 2.6058E-03,0.015582261605527045
 2.6260E-03,0.014202401664942839
 2.6462E-03,0.013068266633083367
 2.6664E-03,0.012273131880941993
 2.6866E-03,0.01160585975666226
 2.7068E-03,0.010688690637323446
 2.7270E-03,0.00920513473768263
 2.7472E-03,0.007093795071400016
 2.7674E-03,0.004613288957507442
 2.7876E-03,0.0022460174415260305
 2.8078E-03,0.00048349900415616855
 2.8280E-03,-0.0003949899109387861
 2.8482E-03,-0.0004346945816372416
 2.8684E-03,4.1610436707008476e-05
 2.8886E-03,0.0006132966167080158
 2.9088E-03,0.0009859802286649863
 2.9290E-03,0.0011422754978471165
 2.9492E-03,0.0013397940771103663
 2.9694E-03,0.0019629616440799682
 2.9896E-03,0.0033058951205437344
 3.0098E-03,0.005394874158342678
 3.0300E-03,0.007944449621777627
 3.0502E-03,0.010472095478209566
 3.0704E-03,0.012510052739069681
 3.0906E-03,0.013807483765545603
 3.1108E-03,0.014423905834058778
 3.1310E-03,0.014665899532807978
 3.1512E-03,0.014900545670147309
 3.1714E-03,0.015346001254738364
 3.1916E-03,0.015946901689776867
 3.2118E-03,0.01639617954495305
 3.2320E-03,0.01629354141883916
 3.2522E-03,0.015359403159994199
 3.2724E-03,0.013591620424670815
 3.2926E-03,0.011285197457955068
 3.3128E-03,0.008906632812047465
 3.3330E-03,0.00688546667024212
 3.3532E-03,0.005428592654065315
 3.3734E-03,0.004452412455896288
 3.3936E-03,0.003664140324914711
 3.4138E-03,0.0027468512224098915
 3.4340E-03,0.0015529969008803348
 3.4542E-03,0.00020617756002537318
 3.4744E-03,-0.0009428462474804966
 3.4946E-03,-0.001482465384185391
 3.5148E-03,-0.0011427927493336265
 3.5350E-03,6.755370752764946e-05
 3.5552E-03,0.0018597711314117062
 3.5754E-03,0.003799763713910294
 3.5956E-03,0.005509866351203621
 3.6158E-03,0.006834292791877718
 3.6360E-03,0.007886101543843844
 3.6562E-03,0.008953569265523311
 3.6764E-03,0.010315346356398957
 3.6966E-03,0.012061780837839113
 3.7168E-03,0.014015729673349865
 3.7370E-03,0.015793401698996255
 3.7572E-03,0.01697488425299889
 3.7774E-03,0.017298295772029446
 3.7976E-03,0.01677822086677732
 3.8178E-03,0.01568853585161195
 3.8380E-03,0.01442037828111815
 3.8582E-03,0.013288713084097684
 3.8784E-03,0.012386098126067707
 3.8986E-03,0.011558023014519421
 3.9188E-03,0.01051073708598168
 3.9390E-03,0.008993725150434844
 3.9592E-03,0.0069618225556641895
 3.9794E-03,0.004633004794589999
 3.9996E-03,0.00241104667433607
 4.0198E-03,0.0007120840574790239
 4.0400E-03,-0.00021656947893366487
 4.0602E-03,-0.000394424884459016
 4.0804E-03,-7.473641684912753e-05
 4.1006E-03,0.000401286515301902
 4.1208E-03,0.0007871575184751578
 4.1410E-03,0.001056454899480288
 4.1612E-03,0.0014073544007877788
 4.1814E-03,0.002145330534040445
 4.2016E-03,0.003505100683349088
 4.2218E-03,0.0055041351968136976
 4.2420E-03,0.007903799547858236
 4.2622E-03,0.010298521491893522
 4.2824E-03,0.012288117817844866
 4.3026E-03,0.013646533666991782
 4.3228E-03,0.014402102452337683
 4.3430E-03,0.014789970867225511
 4.3632E-03,0.01510338644159185
 4.3834E-03,0.015521924889541463
 4.4036E-03,0.016005474836955257
 4.4238E-03,0.016308531565630818
 4.4440E-03,0.016107198534441054
 4.4642E-03,0.015172987647457675
 4.4844E-03,0.013503707731223608
 4.5046E-03,0.011344192254030494
 4.5248E-03,0.009086056348330955
 4.5450E-03,0.007097488105722299
 4.5652E-03,0.00556951180014904
 4.5854E-03,0.004455675982418205
 4.6056E-03,0.003533507459223751
 4.6258E-03,0.0025539332427935227
 4.6460E-03,0.001400272295811265
 4.6662E-03,0.00017395784425945355
 4.6864E-03,-0.0008374660027505594
 4.7066E-03,-0.0012936579765462776
 4.7268E-03,-0.0009680015776550514
 4.7470E-03,0.00013750555802938638
 4.7672E-03,0.0017873557070887335
 4.7874E-03,0.0036197165063675263
 4.8076E-03,0.005310879614825036
 4.8278E-03,0.006713637493487673
 4.8480E-03,0.007900160649494331
 4.8682E-03,0.009089262522690935
 4.8884E-03,0.010497499545138195
 4.9086E-03,0.012192385216582492
 4.9288E-03,0.01402429978086947
 4.9490E-03,0.01567295922923924
 4.9692E-03,0.016785459317907994
 4.9894E-03,0.017135841029836306
 5.0096E-03,0.016725156865513437
 5.0298E-03,0.015771780510420483
 5.0500E-03,0.014597987207744965
 5.0702E-03,0.013471616126386827
 5.0904E-03,0.012483939563753781
 5.1106E-03,0.011525367200453697
 5.1308E-03,0.010369726224678064
 5.1510E-03,0.008822054320315733
 5.1712E-03,0.006852509669936688
 5.1914E-03,0.00464644495510767
 5.2116E-03,0.002544075912084843
 5.2318E-03,0.0008999476972943404
 5.2520E-03,-6.685233298900383e-05
 5.2722E-03,-0.00035660548301769465
 5.2924E-03,-0.00016585678678160816
 5.3126E-03,0.0002292149483670742
 5.3328E-03,0.0006221041311156247
 5.3530E-03,0.0009811663622259549
 5.3732E-03,0.0014572419959533586
 5.3934E-03,0.0022907552024724813
 5.4136E-03,0.0036670525718435635
 5.4338E-03,0.005595175092404869
 5.4540E-03,0.007873008193599512
 5.4742E-03,0.010157469328414674
 5.4944E-03,0.012104819818841294
 5.5146E-03,0.013510532011622051
 5.5348E-03,0.014378639514567538
 5.5550E-03,0.014886934495776428
 5.5752E-03,0.015267842835776979
 5.5954E-03,0.015667691210545554
 5.6156E-03,0.016057503626921824
 5.6358E-03,0.0162413232618896
 5.6560E-03,0.01595749599968101
 5.6762E-03,0.015020448439432243
 5.6964E-03,0.013429753214994369
 5.7166E-03,0.011390182870259492
 5.7368E-03,0.009232201054669802
 5.7570E-03,0.007273226332858492
 5.7772E-03,0.00568977188270848
 5.7974E-03,0.004464220028948849
 5.8176E-03,0.0034312615554860275
 5.8378E-03,0.0023979531947949623
 5.8580E-03,0.001273998885981796
 5.8782E-03,0.00014422324155966026
 5.8984E-03,-0.0007545544488522528
 5.9186E-03,-0.0011406630647667476
 5.9388E-03,-0.0008240598306356794
 5.9590E-03,0.0001973916011648979
 5.9792E-03,0.0017306850012901247
 5.9994E-03,0.0034729144262208474
 6.0196E-03,0.005145570251516459
 6.0398E-03,0.0066099286209752705
 6.0600E-03,0.007905804696690175
 6.0802E-03,0.00919564792219648
 6.1004E-03,0.01064465511611965
 6.1206E-03,0.012300197262698612
 6.1408E-03,0.014033817018469959
 6.1610E-03,0.015576619465693692
 6.1812E-03,0.016630787929139905
 6.2014E-03,0.017000858908869723
 6.2216E-03,0.016678298885873504
 6.2418E-03,0.015836950755657546
 6.2620E-03,0.014742595400688372
 6.2822E-03,0.013623584250110971
 6.3024E-03,0.012568766473539154
 6.3226E-03,0.01150411666903745
 6.3428E-03,0.010258521403212057
 6.3630E-03,0.008683259357129049
 6.3832E-03,0.00676229130901714
 6.4034E-03,0.004655493145492818
 6.4236E-03,0.0026516624816135953
 6.4438E-03,0.0010544745545888938
 6.4640E-03,5.8688475803205095e-05
 6.4842E-03,-0.00032149374834102815
 6.5044E-03,-0.00023694623578976697
 6.5246E-03,8.950392893461662e-05
 6.5448E-03,0.0004851210721273557
 6.5650E-03,0.0009153748262930462
 6.5852E-03,0.0014933165343983513
 6.6054E-03,0.0024062585172707597
 6.6256E-03,0.0037984006490372245
 6.6458E-03,0.005670579358185105
 6.6660E-03,0.007849421180851789
 6.6862E-03,0.010042635659600497
 6.7064E-03,0.011953223075409134
 6.7266E-03,0.013395430758212215
 6.7468E-03,0.01435464803356903
 6.7670E-03,0.014962367937311937
 6.7872E-03,0.015400910405030336
 6.8074E-03,0.015788326926458332
 6.8276E-03,0.01610349127275997
 6.8478E-03,0.0161901189143111
 6.8680E-03,0.015837482100468755
 6.8882E-03,0.014895996562578586
 6.9084E-03,0.013367916550594331
 6.9286E-03,0.011426208319352845
 6.9488E-03,0.009351545194370535
 6.9690E-03,0.0074191573161738345
 6.9892E-03,0.005792468043485175
 7.0094E-03,0.004476339824912327
 7.0296E-03,0.0033517763242040784
 7.0498E-03,0.002272153037400011
 7.0700E-03,0.0011698446360858033
 7.0902E-03,0.00011731117013859239
 7.1104E-03,-0.0006894241699843626
 7.1306E-03,-0.0010168347610623062
 7.1508E-03,-0.0007056831673582216
 7.1710E-03,0.0002483602232716028
 7.1912E-03,0.0016861863142774956
 7.2114E-03,0.0033530165273104222
 7.2316E-03,0.00500805392545462
 7.2518E-03,0.0065206811481192326
 7.2720E-03,0.007905270559681843
 7.2922E-03,0.00927852023288356
 7.3124E-03,0.010763103027863324
 7.3326E-03,0.012388819504773876
 7.3528E-03,0.01404341737382479
 7.3730E-03,0.015499460897003402
 7.3932E-03,0.016504436755891003
 7.4134E-03,0.016888768624332348
 7.4336E-03,0.01663721646328058
 7.4538E-03,0.01588792776133036
 7.4740E-03,0.014860433273745149
 7.4942E-03,0.013749988705226075
 7.5144E-03,0.012642303439765076
 7.5346E-03,0.011491524658466316
 7.5548E-03,0.010171360551311863
 7.5750E-03,0.00857148842462973
 7.5952E-03,0.006688229364174104
 7.6154E-03,0.004661642755322434
 7.6356E-03,0.0027389089431793445
 7.6558E-03,0.0011817321161959491
 7.6760E-03,0.00016401465407184603
 7.6962E-03,-0.000289253356039914
 7.7164E-03,-0.00029220838153423256
 7.7366E-03,-2.3889196319092575e-05
 7.7568E-03,0.00037143548609540957
 7.7770E-03,0.0008579801193257545
 7.7972E-03,0.0015186991365098183
 7.8174E-03,0.0024975791365674377
 7.8376E-03,0.0039045291888708247
 7.8578E-03,0.005732625186020594
 7.8780E-03,0.007831088397195927
 7.8982E-03,0.009948857910429619
 7.9184E-03,0.011827602023191894
 7.9386E-03,0.013297895224355987
 7.9588E-03,0.014330876053343527
 7.9790E-03,0.015020673619030098
 7.9992E-03,0.015508379318491245
 8.0194E-03,0.01588804748317954
 8.0396E-03,0.01614391565278908
 8.0598E-03,0.016151440522869386
 8.0800E-03,0.015741543656256112
 8.1002E-03,0.014794761464221451
 8.1204E-03,0.013316552677474818
 8.1406E-03,0.011454683728160412
 8.1608E-03,0.009449297988774565
 8.1810E-03,0.007540590840254527
 8.2012E-03,0.005880305943771332
 8.2214E-03,0.0044907747685311574
 8.2416E-03,0.003290483894555795
 8.2618E-03,0.00217101987821569
 8.2820E-03,0.0010841846360658556
 8.3022E-03,9.331559600930014e-05
 8.3224E-03,-0.0006383361739503671
 8.3426E-03,-0.0009167139643676773
 8.3628E-03,-0.0006084970075449145
 8.3830E-03,0.0002914693628254495
 8.4032E-03,0.001651090556875593
 8.4234E-03,0.00325486752523661
 8.4436E-03,0.004893434515220475
 8.4638E-03,0.006443764963442099
 8.4840E-03,0.007900268522155519
 8.5042E-03,0.009342523613508142
 8.5244E-03,0.010858027198975615
 8.5446E-03,0.01246132594116791
 8.5648E-03,0.014052502767395586
 8.5850E-03,0.015437541763114005
 8.6052E-03,0.01640116618795223
 8.6254E-03,0.016795723976538262
 8.6456E-03,0.01660141315734401
 8.6658E-03,0.01592780013359356
 8.6860E-03,0.014956571201454653
 8.7062E-03,0.013855269591628267
 8.7264E-03,0.012706094067876617
 8.7466E-03,0.01148547102439856
 8.7668E-03,0.010103566028621641
 8.7870E-03,0.008481916197169852
 8.8072E-03,0.006627824066176299
 8.8274E-03,0.004665981342101996
 8.8476E-03,0.002809908032383351
 8.8678E-03,0.0012867095043740788
 8.8880E-03,0.0002524574658152759
 8.9082E-03,-0.0002599041960479828
 8.9284E-03,-0.0003349803197240474
 8.9486E-03,-0.00011588944410428299
 8.9688E-03,0.0002770600719983195
 8.9890E-03,0.00080796436938926
 9.0092E-03,0.0015358439387305905
 9.0294E-03,0.002569364583185123
 9.0496E-03,0.003989888427677148
 9.0698E-03,0.005783294589268417
 9.0900E-03,0.00781652689537328
 9.1102E-03,0.009871968323993952
 9.1304E-03,0.011723256084299598
 9.1506E-03,0.01321510240396568
 9.1708E-03,0.014307809039103678
 9.1910E-03,0.015065375168546715
 9.2112E-03,0.015594988915131374
 9.2314E-03,0.015970373285129305
 9.2516E-03,0.016179284289993472
 9.2718E-03,0.01612254448683682
 9.2920E-03,0.015665112071617093
 9.3122E-03,0.014712700245397463
 9.3324E-03,0.01327421183772667
 9.3526E-03,0.011477477474122637
 9.3728E-03,0.009529666909581892
 9.3930E-03,0.007641906559777984
 9.4132E-03,0.005955597801795848
 9.4334E-03,0.004506600646232849
 9.4536E-03,0.0032437176075043217
 9.4738E-03,0.0020900383234514182
 9.4940E-03,0.0010139684708947846
 9.5142E-03,7.220001715225067e-05
 9.5344E-03,-0.0005983138289531604
 9.5546E-03,-0.0008358515969034474
 9.5748E-03,-0.0005288627485488273
 9.5950E-03,0.00032769444094040865
 9.6152E-03,0.0016232299003622417
 9.6354E-03,0.003174284904601381
 9.6556E-03,0.0047976669174006415
 9.6758E-03,0.006377340734886182
 9.6960E-03,0.007892090612237414
 9.7162E-03,0.009391399415327599
 9.7364E-03,0.010933688908780702
 9.7566E-03,0.012520314621482266
 9.7768E-03,0.014060689643431299
 9.7970E-03,0.015387713649473181
 9.8172E-03,0.016316693660303295
 9.8374E-03,0.0167185085973226
 9.8576E-03,0.01657037893891708
 9.8778E-03,0.01595900752446558
 9.8980E-03,0.015035129706474899
 9.9182E-03,0.013943108347712285
 9.9384E-03,0.012761500312895479
 9.9586E-03,0.011484316781712068
 9.9788E-03,0.010051356395754352
 9.9990E-03,0.008410568211722647
 1.0019E-02,0.006578942606758739
 1.0039E-02,0.004669296051365848
 1.0060E-02,0.0028679450900996528
 1.0080E-02,0.001373494813320121
 1.0100E-02,0.00032681359638456436
 1.0120E-02,-0.00023336105530920325
 1.0140E-02,-0.00036791348425609224
 1.0161E-02,-0.0001905117879421123
 1.0181E-02,0.00019867733534556379
 1.0201E-02,0.0007643986791200127
 1.0221E-02,0.0015466693870880618
 1.0241E-02,0.002625381054693149
 1.0262E-02,0.004058155472113368
 1.0282E-02,0.0058242969850805255
 1.0302E-02,0.007804617617161391
 1.0322E-02,0.009808610830685323
 1.0342E-02,0.011636324585067161
 1.0363E-02,0.013144666314421096
 1.0383E-02,0.014285747125235917
 1.0403E-02,0.015099287350069625
 1.0423E-02,0.01566461108689713
 1.0443E-02,0.016038244608761316
 1.0464E-02,0.016210107328464365
 1.0484E-02,0.016101266041017477
 1.0504E-02,0.015604473860187444
 1.0524E-02,0.014646462515716472
 1.0544E-02,0.01323961970305402
 1.0565E-02,0.011496029612950164
 1.0585E-02,0.0095960515139613
 1.0605E-02,0.007726711899546771
 1.0625E-02,0.006020313050969909
 1.0645E-02,0.004523152989777577
 1.0666E-02,0.003208536468087106
 1.0686E-02,0.0020255095997849812
 1.0706E-02,0.0009566354347455561
 1.0726E-02,5.38430867845132e-05
 1.0746E-02,-0.0005669933541263493
 1.0767E-02,-0.0007706229764432968
 1.0787E-02,-0.0004637546965363011
 1.0807E-02,0.0003579206729042102
 1.0827E-02,0.001600911161131965
 1.0847E-02,0.003107879792517243
 1.0868E-02,0.004717410643818988
 1.0888E-02,0.006319824324528782
 1.0908E-02,0.007881707434039988
 1.0928E-02,0.009428159478768752
 1.0948E-02,0.010993587127157835
 1.0969E-02,0.0125679785793139
 1.0989E-02,0.014067751892033164
 1.1009E-02,0.015347463368349901
 1.1029E-02,0.016247520955224946
 1.1049E-02,0.016654437204155215
 1.1070E-02,0.016543611157088592
 1.1090E-02,0.015983472676375902
 1.1110E-02,0.015099456464468709
 1.1130E-02,0.014016554851036478
 1.1150E-02,0.01280971566972978
 1.1171E-02,0.011486800787798217
 1.1191E-02,0.010011677605192105
 1.1211E-02,0.008354172134443361
 1.1231E-02,0.00653976987353402
 1.1251E-02,0.004672147604410904
 1.1272E-02,0.0029156542027144157
 1.1292E-02,0.0014454354961603688
 1.1312E-02,0.00038942880284594883
 1.1332E-02,-0.00020947154269659516
 1.1352E-02,-0.000393112013226614
 1.1373E-02,-0.0002510265997777424
 1.1393E-02,0.00013352983887073082
 1.1413E-02,0.0007264444045077551
 1.1433E-02,0.0015526713807816118
 1.1453E-02,0.00266867890195267
 1.1474E-02,0.004112365867597669
 1.1494E-02,0.0058571017211047445
 1.1514E-02,0.0077945230500433855
 1.1534E-02,0.009756084959500639
 1.1554E-02,0.011563638322380457
 1.1575E-02,0.013084574135849465
 1.1595E-02,0.014264856405807897
 1.1615E-02,0.015124655550792463
 1.1635E-02,0.015720407314021887
 1.1655E-02,0.016094114806441746
 1.1676E-02,0.01623687904577809
 1.1696E-02,0.016085900531752566
 1.1716E-02,0.015556612941873315
 1.1736E-02,0.014593273805113395
 1.1756E-02,0.013211662197419467
 1.1777E-02,0.011511445592896762
 1.1797E-02,0.009651196389900248
 1.1817E-02,0.007797975912653288
 1.1837E-02,0.006076125573739724
 1.1857E-02,0.004539963408220777
 1.1878E-02,0.003182583584868188
 1.1898E-02,0.001974405800841254
 1.1918E-02,0.0009100388958031263
 1.1938E-02,3.807072572935863e-05
 1.1958E-02,-0.0005425004869847843
 1.1979E-02,-0.0007180767071319871
 1.1999E-02,-0.0004106591533963676
 1.2019E-02,0.00038294290531736084
 1.2039E-02,0.001582815760349121
 1.2059E-02,0.0030529083000090454
 1.2080E-02,0.004649908862200072
 1.2100E-02,0.006269855767731439
 1.2120E-02,0.007869842030585165
 1.2140E-02,0.009455226072054254
 1.2160E-02,0.011040592994490025
 1.2181E-02,0.012606166108408444
 1.2201E-02,0.014073576171950052
 1.2221E-02,0.015314787173005223
 1.2241E-02,0.016190792470133133
 1.2261E-02,0.016601270280575568
 1.2282E-02,0.016520629046524536
 1.2302E-02,0.01600270796918862
 1.2322E-02,0.015152269489635495
 1.2342E-02,0.014078133632403962
 1.2362E-02,0.012851780639946683
 1.2383E-02,0.011491957043424539
 1.2403E-02,0.009982064843078849
 1.2423E-02,0.008310035427183038
 1.2443E-02,0.00650876450322154
 1.2463E-02,0.004674926422803046
 1.2484E-02,0.0029551450977217076
 1.2504E-02,0.0015052708870881594
 1.2524E-02,0.00044226815688857743
 1.2544E-02,-0.00018804362380725698
 1.2564E-02,-0.0004122431553567871
 1.2585E-02,-0.0003000960390762116
 1.2605E-02,7.932762347313284e-05
 1.2625E-02,0.0006933516020679961
 1.2645E-02,0.0015550129447511316
 1.2665E-02,0.002701726946570675
 1.2686E-02,0.004155023762882201
 1.2706E-02,0.0058829680945694926
 1.2726E-02,0.007785622187432632
 1.2746E-02,0.009712219677734201
 1.2766E-02,0.01150259742880948
 1.2787E-02,0.013033130569913755
 1.2807E-02,0.014245207794936291
 1.2827E-02,0.015143268741819888
 1.2847E-02,0.015764957419010538
 1.2867E-02,0.01614002879122998
 1.2888E-02,0.016260066323673814
 1.2908E-02,0.016075108401056755
 1.2928E-02,0.015519081243166206
 1.2948E-02,0.01455083831305292
 1.2968E-02,0.013189370065283477
 1.2989E-02,0.011524569926896835
 1.3009E-02,0.009697315630207577
 1.3029E-02,0.007858140676435726
 1.3049E-02,0.006124455172768442
 1.3069E-02,0.004556710370044549
 1.3090E-02,0.0031639720975101676
 1.3110E-02,0.0019342497491261926
 1.3130E-02,0.0008723815295416208
 1.3150E-02,2.4679512815231142e-05
 1.3170E-02,-0.0005233514349070235
 1.3191E-02,-0.00067581110521404
 1.3211E-02,-0.00036748955138603593
 1.3231E-02,0.00040346877928656587
 1.3251E-02,0.0015679201220128924
 1.3271E-02,0.00300715041143534
 1.3292E-02,0.004592888088964149
 1.3312E-02,0.006226270995277603
 1.3332E-02,0.007857027618152606
 1.3352E-02,0.00947454558389191
 1.3372E-02,0.011077061006506283
 1.3393E-02,0.012636432590345413
 1.3413E-02,0.014078128280472212
 1.3433E-02,0.015288089476554854
 1.3453E-02,0.016144178574133514
 1.3473E-02,0.016557141913592283
 1.3494E-02,0.01650098274163396
 1.3514E-02,0.016017900441364297
 1.3534E-02,0.015195774123272152
 1.3554E-02,0.014129932810603466
 1.3574E-02,0.01288859834617897
 1.3595E-02,0.01149904949077215
 1.3615E-02,0.009960530447792689
 1.3635E-02,0.008275944110628864
 1.3655E-02,0.006484620240924019
 1.3675E-02,0.004677895953238696
 1.3696E-02,0.00298810577397338
 1.3716E-02,0.0015552413185032205
 1.3736E-02,0.000486975893375811
 1.3756E-02,-0.00016886523715027395
 1.3776E-02,-0.00042662577920136655
 1.3797E-02,-0.00033988575376023755
 1.3817E-02,3.417061010852439e-05
 1.3837E-02,0.000664455007955609
 1.3857E-02,0.0015545953475345508
 1.3877E-02,0.0027265219039135733
 1.3898E-02,0.004188193505996386
 1.3918E-02,0.005902972450753675
 1.3938E-02,0.00777745971665189
 1.3958E-02,0.009675271200075846
 1.3978E-02,0.011451070462511256
 1.3999E-02,0.012988909880616456
 1.4019E-02,0.014226806247033586
 1.4039E-02,0.015156550424552575
 1.4059E-02,0.01580036529935394
 1.4079E-02,0.016177689389915307
 1.4100E-02,0.016280101963615356
 1.4120E-02,0.01606783938320196
 1.4140E-02,0.015489893061601418
 1.4160E-02,0.014517257764887458
 1.4180E-02,0.013171903621413093
 1.4201E-02,0.01153604420159355
 1.4221E-02,0.00973619394060591
 1.4241E-02,0.00790921352205045
 1.4261E-02,0.006166503843678948
 1.4281E-02,0.00457318136153773
 1.4302E-02,0.0031511930663157385
 1.4322E-02,0.0019030160766812818
 1.4342E-02,0.0008421602229361322
 1.4362E-02,1.3453287196231391e-05
 1.4382E-02,-0.0005083735585329255
 1.4403E-02,-0.0006418731278280659
 1.4423E-02,-0.0003325154040159292
 1.4443E-02,0.00042012364953382153
 1.4463E-02,0.0015554323580298738
 1.4483E-02,0.002968811230707612
 1.4504E-02,0.004544474722452668
 1.4524E-02,0.00618807623788171
 1.4544E-02,0.007843652565024402
 1.4564E-02,0.009487680605640734
 1.4584E-02,0.011104920811018005
 1.4605E-02,0.01266008508995887
 1.4625E-02,0.014081428080368004
 1.4645E-02,0.015266101428770211
 1.4665E-02,0.016105779920395715
 1.4685E-02,0.016520498966260157
 1.4706E-02,0.016484258238682645
 1.4726E-02,0.016029979551906912
 1.4746E-02,0.01523175848291755
 1.4766E-02,0.014173678201587062
 1.4786E-02,0.01292094952319305
 1.4807E-02,0.011507520599148146
 1.4827E-02,0.009945472830912102
 1.4847E-02,0.008250078888444564
 1.4867E-02,0.006466232136326882
 1.4887E-02,0.004681225889248762
 1.4908E-02,0.0030158853077268018
 1.4928E-02,0.0015971778599709668
 1.4948E-02,0.000524926192659998
 1.4968E-02,-0.00015171815586908122
 1.4988E-02,-0.00043730138268544336
 1.5009E-02,-0.000372156380579164
 1.5029E-02,-3.516488051168935e-06
 1.5049E-02,0.0006391684521621231
 1.5069E-02,0.0015521144643098114
 1.5089E-02,0.002744677471260418
 1.5110E-02,0.004213575718595935
 1.5130E-02,0.005918032459746092
 1.5150E-02,0.007769706437664575
 1.5170E-02,0.00964384022389516
 1.5190E-02,0.011407311109013616
 1.5211E-02,0.012950714719573361
 1.5231E-02,0.014209612512510654
 1.5251E-02,0.015165631764666876
 1.5271E-02,0.015828345678372144
 1.5291E-02,0.016208513246619764
 1.5312E-02,0.016297381358344236
 1.5332E-02,0.01606327205539732
 1.5352E-02,0.01546743883838715
 1.5372E-02,0.014490963746029267
 1.5392E-02,0.01315853817765221
 1.5413E-02,0.011546352701918935
 1.5433E-02,0.009769268716021568
 1.5453E-02,0.007952843350754591
 1.5473E-02,0.006203287364810099
 1.5493E-02,0.004589243909502214
 1.5514E-02,0.0031430411549542266
 1.5534E-02,0.0018790498859669027
 1.5554E-02,0.0008181193777583333
 1.5574E-02,4.174767323526459e-06
 1.5594E-02,-0.0004966417297004157
 1.5615E-02,-0.0006146755261516712
 1.5635E-02,-0.00030430264981816976
 1.5655E-02,0.00043345677758533816
 1.5675E-02,0.0015447422248685623
 1.5695E-02,0.0029364406824693096
 1.5716E-02,0.004503125774419103
 1.5736E-02,0.0061544251617501175
 1.5756E-02,0.007829995326417722
 1.5776E-02,0.009495884417383686
 1.5796E-02,0.011125752897392727
 1.5817E-02,0.012678220545099171
 1.5837E-02,0.014083530920264757
 1.5857E-02,0.015247815472025777
 1.5877E-02,0.01607404897936393
 1.5897E-02,0.0164900498858514
 1.5918E-02,0.01647007953560986
 1.5938E-02,0.01603967121376861
 1.5958E-02,0.015261671395609498
 1.5978E-02,0.014210795124239237
 1.5998E-02,0.012949506691284238
 1.6019E-02,0.01151695097523119
 1.6039E-02,0.009935602555641526
 1.6059E-02,0.008230945749287179
 1.6079E-02,0.006452667157193065
 1.6099E-02,0.004685017571386436
 1.6120E-02,0.0030395607014488913
 1.6140E-02,0.00163257619891521
 1.6160E-02,0.0005572663315872709
 1.6180E-02,-0.00013638737574070805
 1.6200E-02,-0.0004450908480790052
 1.6221E-02,-0.00039833832302273896
 1.6241E-02,-3.5038600046247105e-05
 1.6261E-02,0.0006169784771804052
 1.6281E-02,0.0015481054030891785
 1.6301E-02,0.0027574968264073565
 1.6322E-02,0.004232570448201567
 1.6342E-02,0.005928928724929378
 1.6362E-02,0.007762128568229488
 1.6382E-02,0.00961680498487012
 1.6402E-02,0.01136988948947841
 1.6423E-02,0.012917540862666858
 1.6443E-02,0.01419355912928007
 1.6463E-02,0.015171410303897154
 1.6483E-02,0.0158502951988864
 1.6503E-02,0.016233677833528276
 1.6524E-02,0.016312261522950497
 1.6544E-02,0.016060765706847367
 1.6564E-02,0.015450414827430923
 1.6584E-02,0.014470661342502331
 1.6604E-02,0.013148650430935514
 1.6625E-02,0.011555858238736982
 1.6645E-02,0.009797696655352751
 1.6665E-02,0.00799038377175676
 1.6685E-02,0.006235662708274529
 1.6705E-02,0.004604823490205538
 1.6726E-02,0.0031385546522988313
 1.6746E-02,0.0018609997904066441
 1.6766E-02,0.0007992112369924404
 1.6786E-02,-3.3667553877067937e-06
 1.6806E-02,-0.000487427538246525
 1.6827E-02,-0.0005929292070629055
 1.6847E-02,-0.0002816638416283831
 1.6867E-02,0.00044394798222944956
 1.6887E-02,0.0015353814958137767
 1.6907E-02,0.0029088681634354798
 1.6928E-02,0.004467571383370998
 1.6948E-02,0.006124598590564334
 1.6968E-02,0.007816251492749532
 1.6988E-02,0.009500161203722239
 1.7008E-02,0.011140850954843453
 1.7029E-02,0.012691758354683442
 1.7049E-02,0.014084513976624077
 1.7069E-02,0.01523243273499882
 1.7089E-02,0.01604772568201089
 1.7109E-02,0.01646472164347585
 1.7130E-02,0.016458108792193164
 1.7150E-02,0.016047540819607607
 1.7170E-02,0.01528668599812693
 1.7190E-02,0.014242459914088961
 1.7210E-02,0.012974847329085664
 1.7231E-02,0.011527027726792913
 1.7251E-02,0.009929882386279187
 1.7271E-02,0.008217318570222515
 1.7291E-02,0.006443138693682918
 1.7311E-02,0.004689323211460791
 1.7332E-02,0.003059990687298453
 1.7352E-02,0.0016626572830158637
 1.7372E-02,0.0005849531255240276
 1.7392E-02,-0.00012266734025284177
 1.7412E-02,-0.00045063988132599257
 1.7433E-02,-0.0004195929329868013
 1.7453E-02,-6.147585155299854e-05
 1.7473E-02,0.0005974375865575564
 1.7493E-02,0.0015429777423110402
 1.7513E-02,0.002766031560832898
 1.7534E-02,0.004246329520491244
 1.7554E-02,0.005936323842752297
 1.7574E-02,0.007754563990526016
 1.7594E-02,0.009593267127528775
 1.7614E-02,0.011337635561159276
 1.7635E-02,0.012888547136657161
 1.7655E-02,0.014178562103279927
 1.7675E-02,0.015174597146486037
 1.7695E-02,0.015867350739230776
 1.7715E-02,0.01625416099091341
 1.7736E-02,0.016325061759987766
 1.7756E-02,0.016059822056550804
 1.7776E-02,0.015437765731126289
 1.7796E-02,0.014455282199000637
 1.7816E-02,0.013141705910456606
 1.7837E-02,0.011564830180953476
 1.7857E-02,0.00982240776621242
 1.7877E-02,0.008022945291202047
 1.7897E-02,0.006264351750977214
 1.7917E-02,0.004619886841646288
 1.7938E-02,0.0031369671979328906
 1.7958E-02,0.0018477629570886583
 1.7978E-02,0.0007845624005263282
 1.7998E-02,-9.37044137904082e-06
 1.8018E-02,-0.00048015864508540405
 1.8039E-02,-0.0005755879079128172
 1.8059E-02,-0.00026361649015408186
 1.8079E-02,0.0004520144496374184
 1.8099E-02,0.0015269926855405022
 1.8119E-02,0.00288514942754019
 1.8140E-02,0.004436767171050868
 1.8160E-02,0.006097986670907498
 1.8180E-02,0.007802554693972256
 1.8200E-02,0.009501314752938876
 1.8220E-02,0.011151273280502307
 1.8241E-02,0.012701468189839995
 1.8261E-02,0.014084466402081388
 1.8281E-02,0.015219320812814588
 1.8301E-02,0.016025784660882045
 1.8321E-02,0.016443623519095216
 1.8342E-02,0.016448045088252764
 1.8362E-02,0.016054027368662436
 1.8382E-02,0.01530775152330007
 1.8402E-02,0.014269642751938217
 1.8422E-02,0.012997465899205437
 1.8443E-02,0.01153751975136198
 1.8463E-02,0.009927478746411922
 1.8483E-02,0.008208191762234153
 1.8503E-02,0.00643698463377533
 1.8523E-02,0.004694160464712698
 1.8544E-02,0.003077859122847631
 1.8564E-02,0.0016884171877384788
 1.8584E-02,0.0006087837629939743
 1.8604E-02,-0.00011036575067077594
 1.8624E-02,-0.00045445527865916224
 1.8645E-02,-0.0004368624761248573
 1.8665E-02,-8.372159203248226e-05
 1.8685E-02,0.0005801575211291793
 1.8705E-02,0.0015370433443967454
 1.8725E-02,0.0027711295908497756
 1.8746E-02,0.004255799934410205
 1.8766E-02,0.005940779136249901
 1.8786E-02,0.007746903946133677
 1.8806E-02,0.009572507953415977
 1.8826E-02,0.011309592466897946
 1.8847E-02,0.012863029754658594
 1.8867E-02,0.014164529213061383
 1.8887E-02,0.015175754740423776
 1.8907E-02,0.015880437124999792
 1.8927E-02,0.016270774078033307
 1.8948E-02,0.016336065378890124
 1.8968E-02,0.01606005487438417
 1.8988E-02,0.015428637997266787
 1.9008E-02,0.014443945522100536
 1.9028E-02,0.01313724761034408
 1.9049E-02,0.011573466358564755
 1.9069E-02,0.009844149113795725
 1.9089E-02,0.00805143838812089
 1.9109E-02,0.006289961657515542
 1.9129E-02,0.004634429381323524
 1.9150E-02,0.003137668881077414
 1.9170E-02,0.0018384399434470356
 1.9190E-02,0.0007734455234372
 1.9210E-02,-1.4020994984109865e-05
 1.9230E-02,-0.0004743863643589406
 1.9251E-02,-0.0005618030331206768
 1.9271E-02,-0.0002493483155809461
 1.9291E-02,0.000458017379219754
 1.9311E-02,0.0015193043758077633
 1.9331E-02,0.0028645233987062047
 1.9352E-02,0.00440985473091692
 1.9372E-02,0.006074073200546975
 1.9392E-02,0.007788992604478049
 1.9412E-02,0.009499987721075147
 1.9432E-02,0.011157885047017304
 1.9453E-02,0.012707993610276852
 1.9473E-02,0.014083482321974716
 1.9493E-02,0.015207979925403965
 1.9513E-02,0.01600739207013655
 1.9533E-02,0.016426016752787122
 1.9554E-02,0.016439622356451737
 1.9574E-02,0.016059470542490916
 1.9594E-02,0.015325635453230714
 1.9614E-02,0.01429314320824073
 1.9634E-02,0.013017784626106954
 1.9655E-02,0.011548258382939087
 1.9675E-02,0.009927722321815288
 1.9695E-02,0.008202741105462128
 1.9715E-02,0.006433648452338849
 1.9735E-02,0.004699523298031198
 1.9756E-02,0.0030937098731963547
 1.9776E-02,0.0017106680166500648
 1.9796E-02,0.0006294217794134971
 1.9816E-02,-9.930569654331364e-05
 1.9836E-02,-0.00045693389482953683
 1.9857E-02,-0.00045091096743852014
 1.9877E-02,-0.00010251416067662142
 1.9897E-02,0.0005648027258917277
 1.9917E-02,0.0015305382148831249
 1.9937E-02,0.002773474039135419
 1.9958E-02,0.004261759776564132
 1.9978E-02,0.005942769264841882
 1.9998E-02,0.0077390790163944165
 2.0018E-02,0.009553953137865069
 2.0038E-02,0.011284978188185281
 2.0059E-02,0.012840400556982304
 2.0079E-02,0.014151365868870225
 2.0099E-02,0.015175327171674469
 2.0119E-02,0.015890306187592938
 2.0139E-02,0.016284189743255427
 2.0160E-02,0.016345522034347162
 2.0180E-02,0.016061165854676707
 2.0200E-02,0.015422341750735553
 2.0220E-02,0.014435925650151529
 2.0240E-02,0.013134885761225842
 2.0261E-02,0.011581910123699022
 2.0281E-02,0.009863520262991081
 2.0301E-02,0.008076609092444067
 2.0321E-02,0.006313002407453017
 2.0341E-02,0.0046484658484757186
 2.0362E-02,0.0031401749657528903
 2.0382E-02,0.0018322976435261214
 2.0402E-02,0.0007652554675236483
 2.0422E-02,-1.7487201565625143e-05
 2.0442E-02,-0.0004697597999211478
 2.0463E-02,-0.0005508867583315367
 2.0483E-02,-0.000238188228773798
 2.0503E-02,0.0004622683690639771
 2.0523E-02,0.0015121118735500752
 2.0543E-02,0.002846377177645248
 2.0564E-02,0.004386128997298209
 2.0584E-02,0.006052422048076562
 2.0604E-02,0.007775619246063957
 2.0624E-02,0.009496693363859703
 2.0644E-02,0.01116139311121165
 2.0665E-02,0.012711872128705046
 2.0685E-02,0.01408165599068581
 2.0705E-02,0.01519801581256064
 2.0725E-02,0.01599187024458127
 2.0745E-02,0.016411289119481785
 2.0766E-02,0.01643260682731249
 2.0786E-02,0.0160641321781518
 2.0806E-02,0.015340957871674055
 2.0826E-02,0.01431361981287899
 2.0846E-02,0.01303616319005274
 2.0867E-02,0.011559122387865321
 2.0887E-02,0.009930076204136142
 2.0907E-02,0.008200291455305654
 2.0927E-02,0.006432663006120276
 2.0947E-02,0.004705390058162423
 2.0968E-02,0.0031079748707391174
 2.0988E-02,0.0017300714856369186
 2.1008E-02,0.0006474189790899555
 2.1028E-02,-8.93265053739619e-05
 2.1048E-02,-0.00045838566434586923
 2.1069E-02,-0.0004623574380921375
 2.1089E-02,-0.00011846331530428639
 2.1109E-02,0.000551084233271512
 2.1129E-02,0.0015236396982619383
 2.1149E-02,0.002773614806448026
 2.1170E-02,0.0042648479423929905
 2.1190E-02,0.0059426949189317615
 2.1210E-02,0.007731048415800979
 2.1230E-02,0.00953714425497171
 2.1250E-02,0.011263153988718373
 2.1271E-02,0.01282016854258275
 2.1291E-02,0.014138979095840878
 2.1311E-02,0.015173664407781333
 2.1331E-02,0.015897568720891573
 2.1351E-02,0.01629496518273141
 2.1372E-02,0.016353650436853537
 2.1392E-02,0.01606292552375554
 2.1412E-02,0.015418319812180246
 2.1432E-02,0.014430625117353607
 2.1452E-02,0.013134288694945519
 2.1473E-02,0.011590263565700702
 2.1493E-02,0.009881001927039097
 2.1513E-02,0.0080990683067779
 2.1533E-02,0.006333901790015851
 2.1553E-02,0.0046620233997327655
 2.1574E-02,0.0031441007617409233
 2.1594E-02,0.0018287388995963745
 2.1614E-02,0.0007594892182513019
 2.1634E-02,-1.992151626431136e-05
 2.1654E-02,-0.00046600529627798855
 2.1675E-02,-0.0005422819886756838
 2.1695E-02,-0.0002295822204379906
 2.1715E-02,0.0004650353048698509
 2.1735E-02,0.001505261978266123
 2.1755E-02,0.0028302176030802024
 2.1776E-02,0.004365011219059989
 2.1796E-02,0.006032665343715147
 2.1816E-02,0.007762464330075824
 2.1836E-02,0.009491841108859374
 2.1856E-02,0.011162374627537826
 2.1877E-02,0.012713552208799096
 2.1897E-02,0.014079078555509557
 2.1917E-02,0.015189118055150514
 2.1937E-02,0.01597866879763059
 2.1957E-02,0.016398933646695597
 2.1978E-02,0.01642679420808983
 2.1998E-02,0.016068213222958764
 2.2018E-02,0.01535421937702895
 2.2038E-02,0.014331614561531765
 2.2058E-02,0.01305290730467733
 2.2079E-02,0.011570026327229137
 2.2099E-02,0.00993411012328638
 2.2119E-02,0.008200290117146557
 2.2139E-02,0.006433636669903602
 2.2159E-02,0.004711729365125741
 2.2180E-02,0.003120996608445391
 2.2200E-02,0.001747166394020761
 2.2220E-02,0.0006632337969947292
 2.2240E-02,-8.028382861843754e-05
 2.2260E-02,-0.00045905198594816483
 2.2281E-02,-0.00047170311891938223
 2.2301E-02,-0.00013207227928476947
 2.2321E-02,0.0005387539736175465
 2.2341E-02,0.0015164799345671813
 2.2361E-02,0.0027719941615603734
 2.2382E-02,0.004265588694432958
 2.2402E-02,0.005940893797564384
 2.2422E-02,0.0077227918659856665
 2.2442E-02,0.009521715831669983
 2.2462E-02,0.011243598488438042
 2.2483E-02,0.012801924252802783
 2.2503E-02,0.014127280154190031
 2.2523E-02,0.015171041694695745
 2.2543E-02,0.015902720618303057
 2.2563E-02,0.01630356159901153
 2.2584E-02,0.016360641221979055
 2.2604E-02,0.016065158166037097
 2.2624E-02,0.015416122520280545
 2.2644E-02,0.014427552329863046
 2.2664E-02,0.01313517478155204
 2.2685E-02,0.011598597736710028
 2.2705E-02,0.009896979122398694
 2.2725E-02,0.00811931595504592
 2.2745E-02,0.006353018186398703
 2.2765E-02,0.0046751365625203965
 2.2786E-02,0.003149141446797305
 2.2806E-02,0.0018272776106276413
 2.2826E-02,0.0007557290392982909
 2.2846E-02,-2.146029966141477e-05
 2.2866E-02,-0.00046291004529836236
 2.2887E-02,-0.0005355378127599691
 2.2907E-02,-0.00022307324639471275
 2.2927E-02,0.00046654780587201603
 2.2947E-02,0.0014986410820563155
 2.2967E-02,0.002815648209776547
 2.2988E-02,0.004346026634839428
 2.3008E-02,0.006014493287752299
 2.3028E-02,0.0077495403360238755
 2.3048E-02,0.00948575717551461
 2.3068E-02,0.011161300580519569
 2.3089E-02,0.012713407662930864
 2.3109E-02,0.014075836026530987
 2.3129E-02,0.015181042779469273
 2.3149E-02,0.015967341029398615
 2.3169E-02,0.016388530859121214
 2.3190E-02,0.016422006824876254
 2.3210E-02,0.01607186714352712
 2.3230E-02,0.015365823788395587
 2.3250E-02,0.014347573237037736
 2.3270E-02,0.013068276272072321
 2.3291E-02,0.011580911567873034
 2.3311E-02,0.009939479628883842
 2.3331E-02,0.008202284935625014
 2.3351E-02,0.006436241559585347
 2.3371E-02,0.004718504438218326
 2.3392E-02,0.0031330462663988275
 2.3412E-02,0.001762391213417234
 2.3432E-02,0.0006772467966428611
 2.3452E-02,-7.20490869932283e-05
 2.3472E-02,-0.00045912027749289046
 2.3493E-02,-0.000479353551716845
 2.3513E-02,-0.00014375604602704387
 2.3533E-02,0.000527599619071516
 2.3553E-02,0.0015091564105463278
 2.3573E-02,0.0027689675137617326
 2.3594E-02,0.0042644119823939805
 2.3614E-02,0.00593765010299587
 2.3634E-02,0.007714303493076364
 2.3654E-02,0.009507376882481398
 2.3674E-02,0.011225886372290574
 2.3695E-02,0.012785326573591755
 2.3715E-02,0.014116186138702136
 2.3735E-02,0.015167675036923055
 2.3755E-02,0.01590616421688406
 2.3775E-02,0.016310360444569565
 2.3796E-02,0.016366659813367365
 2.3816E-02,0.01606772993205869
 2.3836E-02,0.015415387274582682
 2.3856E-02,0.014426303078273894
 2.3876E-02,0.01313730536738698
 2.3897E-02,0.011606960558995759
 2.3917E-02,0.009911759904963057
 2.3937E-02,0.008137760896096875
 2.3957E-02,0.006370651472496594
 2.3977E-02,0.0046878436136976185
 2.3998E-02,0.003155055868362994
 2.4018E-02,0.0018275183181319093
 2.4038E-02,0.0007536283008844173
 2.4058E-02,-2.222455041913621e-05
 2.4078E-02,-0.0004603090994353918
 2.4099E-02,-0.0005302895267558826
 2.4119E-02,-0.0002182845167089218
 2.4139E-02,0.0004670021536903617
 2.4159E-02,0.0014921658753543488
 2.4179E-02,0.0028023505540643884
 2.4200E-02,0.004328786023574066
 2.4220E-02,0.0059976453517857405
 2.4240E-02,0.007736847790389548
 2.4260E-02,0.009478701127459072
 2.4280E-02,0.011158555057805802
 2.4301E-02,0.012711749757948386
 2.4321E-02,0.0140720080604266
 2.4341E-02,0.015173598824449465
 2.4361E-02,0.01595752463888863
 2.4381E-02,0.01637973394616092
 2.4402E-02,0.01641809081108794
 2.4422E-02,0.016075210496217136
 2.4442E-02,0.01537609659954017
 2.4462E-02,0.014361862250257403
 2.4482E-02,0.013082489602377881
 2.4503E-02,0.01159173935856396
 2.4523E-02,0.009945909249935273
 2.4543E-02,0.008205906210669411
 2.4563E-02,0.006440203452158731
 2.4583E-02,0.004725676109395613
 2.4604E-02,0.0031443381779972333
 2.4624E-02,0.0017761025238718874
 2.4644E-02,0.000689773616968788
 2.4664E-02,-6.450860226668142e-05
 2.4684E-02,-0.0004587355599690725
 2.4705E-02,-0.00048563663391363774
 2.4725E-02,-0.00015385663123593902
 2.4745E-02,0.0005174398878081994
 2.4765E-02,0.0015017401374173176
 2.4785E-02,0.002764820186368172
 2.4806E-02,0.004261670170288798
 2.4826E-02,0.005933202661426338
 2.4846E-02,0.007705587239995714
 2.4866E-02,0.009493896039981818
 2.4886E-02,0.011209670912904543
 2.4907E-02,0.012770091611792742
 2.4927E-02,0.014105620861743412
 2.4947E-02,0.01516373355880413
 2.4967E-02,0.015908225737201007
 2.4987E-02,0.016315676983655575
 2.5008E-02,0.016371849194094925
 2.5028E-02,0.01607053947539929
 2.5048E-02,0.0154158219135314
 2.5068E-02,0.014426545214128134
 2.5088E-02,0.013140478584019849
 2.5109E-02,0.011615382872156937
 2.5129E-02,0.009925590477912985
 2.5149E-02,0.008154737302692913
 2.5169E-02,0.006387052284328771
 2.5189E-02,0.004700184041915916
 2.5210E-02,0.003161653579546291
 2.5230E-02,0.0018291395130455275
 2.5250E-02,0.0007528996152081624
 2.5270E-02,-2.232090995771404e-05
 2.5290E-02,-0.00045807507589982246
 2.5311E-02,-0.0005262423742944968
 2.5331E-02,-0.0002149056183735289
 2.5351E-02,0.00046656571366056977
 2.5371E-02,0.0014857761185887435
 2.5391E-02,0.002790069111609613
 2.5412E-02,0.00431297050623024
 2.5432E-02,0.005981902762350385
 2.5452E-02,0.007724379231286001
 2.5472E-02,0.00947087922034762
 2.5492E-02,0.0111544510968914
 2.5513E-02,0.012708837442248275
 2.5533E-02,0.014067667376559703
 2.5553E-02,0.015166636720991002
 2.5573E-02,0.01594892598007709
 2.5593E-02,0.01637225638811465
 2.5614E-02,0.016414913417704714
 2.5634E-02,0.016078331235572993
 2.5654E-02,0.015385299961648674
 2.5674E-02,0.014374782588109307
 2.5694E-02,0.013095732802191149
 2.5715E-02,0.01160248555911082
 2.5735E-02,0.0099531789438695
 2.5755E-02,0.008210851863196386
 2.5775E-02,0.0064452932737121636
 2.5795E-02,0.004733204953268838
 2.5816E-02,0.0031550414506265416
 2.5836E-02,0.0017885901312533498
 2.5856E-02,0.000701075847094209
 2.5876E-02,-5.7562483662047196e-05
 2.5896E-02,-0.0004580095981732791
 2.5917E-02,-0.0004908172630624174
 2.5937E-02,-0.00016265568944735808
 2.5957E-02,0.0005081204012156492
 2.5977E-02,0.0014942820539556262
 2.5997E-02,0.0027597810329836082
 2.6018E-02,0.004257651866495007
 2.6038E-02,0.005927751901977169
 2.6058E-02,0.007696653475929189
 2.6078E-02,0.00948108959975718
 2.6098E-02,0.011194669624071958
 2.6119E-02,0.01275598331307905
 2.6139E-02,0.014095515202149548
 2.6159E-02,0.01515934933907315
 2.6179E-02,0.015909169505821615
 2.6199E-02,0.01631977159455386
 2.6220E-02,0.016376332526058603
 2.6240E-02,0.01607351061165024
 2.6260E-02,0.01541719124422238
 2.6280E-02,0.014428005994605354
 2.6300E-02,0.013144523987883135
 2.6321E-02,0.011623883069660905
 2.6341E-02,0.00993866739314767
 2.6361E-02,0.008170518142315938
 2.6381E-02,0.006402429881373132
 2.6401E-02,0.004712196815815336
 2.6422E-02,0.003168784466550097
 2.6442E-02,0.0018318799868717083
 2.6462E-02,0.0007533049139216816
 2.6482E-02,-2.18428081818693e-05
 2.6502E-02,-0.0004561099950810102
 2.6523E-02,-0.0005231583070046845
 2.6543E-02,-0.0002126809944909255
 2.6563E-02,0.00046538086240023797
 2.6583E-02,0.00147942901889217
 2.6603E-02,0.0027785990380409823
 2.6624E-02,0.004298318987005947
 2.6644E-02,0.005967082040896962
 2.6664E-02,0.0077121221044705235
 2.6684E-02,0.009462455104395374
 2.6704E-02,0.01114924366176867
 2.6725E-02,0.012704885937641073
 2.6745E-02,0.014062879593042551
 2.6765E-02,0.0151600399114238
 2.6785E-02,0.015941307214188495
 2.6805E-02,0.016365861643454573
 2.6826E-02,0.016412360495732158
 2.6846E-02,0.01608129522551055
 2.6866E-02,0.015393644826265719
 2.6886E-02,0.014386581331996152
 2.6906E-02,0.013108162374486804
 2.6927E-02,0.011613136603650983
 2.6947E-02,0.009961113145844783
 2.6967E-02,0.008216875215426113
 2.6987E-02,0.006451319865433424
 2.7007E-02,0.004741052700274208
 2.7028E-02,0.003165289240267642
 2.7048E-02,0.0018000894031105215
 2.7068E-02,0.0007113700903924563
 2.7088E-02,-5.1123454877005886e-05
 2.7108E-02,-0.0004570281766966969
 2.7129E-02,-0.0004951092998876849
 2.7149E-02,-0.00017038503204460607
 2.7169E-02,0.0004995099644630216
 2.7189E-02,0.001486817949858489
 2.7209E-02,0.0027540334199464035
 2.7230E-02,0.004252593303049815
 2.7250E-02,0.005921465805582598
 2.7270E-02,0.007687516502763725
 2.7290E-02,0.00946881191031718
 2.7310E-02,0.011180652492006995
 2.7331E-02,0.012742805564420276
 2.7351E-02,0.014085807087942699
 2.7371E-02,0.015154625222279804
 2.7391E-02,0.01590920953638457
 2.7411E-02,0.01632285915860744
 2.7432E-02,0.016380215547438837
 2.7452E-02,0.016076586536464838
 2.7472E-02,0.01541930608924099
 2.7492E-02,0.014430461593924863
 2.7512E-02,0.013149297896844596
 2.7533E-02,0.011632470603558872
 2.7553E-02,0.009951147371601613
 2.7573E-02,0.008185326242993559
 2.7593E-02,0.006416958785544916
 2.7613E-02,0.004723919225869868
 2.7634E-02,0.0031763304319106225
 2.7654E-02,0.001835527649488241
 2.7674E-02,0.0007546471290929345
 2.7694E-02,-2.0871692378944973e-05
 2.7714E-02,-0.00045433884292468636
 2.7735E-02,-0.0005208452240015075
 2.7755E-02,-0.00021140038922284584
 2.7775E-02,0.00046356846285068175
 2.7795E-02,0.001473094890140447
 2.7815E-02,0.002767776284918485
 2.7836E-02,0.004284617815682375
 2.7856E-02,0.00595302950181633
 2.7876E-02,0.007700060878801024
 2.7896E-02,0.00945355842485638
 2.7916E-02,0.011143140286121535
 2.7937E-02,0.012700073966776443
 2.7957E-02,0.014057703363649763
 2.7977E-02,0.015153717774485813
 2.7997E-02,0.015934475842222722
 2.8017E-02,0.016360354572570148
 2.8038E-02,0.016410334191150965
 2.8058E-02,0.01608415134518955
 2.8078E-02,0.015401300799902085
 2.8098E-02,0.014397461186251214
 2.8118E-02,0.013119910147661803
 2.8139E-02,0.011623686450798462
 2.8159E-02,0.009969571950995596
 2.8179E-02,0.008223774956579635
 2.8199E-02,0.006458123876291041
 2.8219E-02,0.004749183157366376
 2.8240E-02,0.0031751861880688938
 2.8260E-02,0.001810791383728648
 2.8280E-02,0.0007208355795202265
 2.8300E-02,-4.511560425304059e-05
 2.8320E-02,-0.0004558568015191285
 2.8341E-02,-0.0004986852517084845
 2.8361E-02,-0.0001772353086842415
 2.8381E-02,0.0004914973250906391
 2.8401E-02,0.0014793722925301816
 2.8421E-02,0.002747724125548394
 2.8442E-02,0.004246687731470421
 2.8462E-02,0.005914484997546106
 2.8482E-02,0.007678192775738119
 2.8502E-02,0.009456947683835856
 2.8522E-02,0.011167432354951119
 2.8543E-02,0.012730395583063006
 2.8563E-02,0.014076441261753947
 2.8583E-02,0.015149641040933508
 2.8603E-02,0.015908518982084185
 2.8623E-02,0.016325116883492665
 2.8644E-02,0.01638358877287572
 2.8664E-02,0.016079725313422742
 2.8684E-02,0.015422014416209643
 2.8704E-02,0.014433728444072173
 2.8724E-02,0.013154679372842332
 2.8745E-02,0.011641148634836496
 2.8765E-02,0.009963155222895646
 2.8785E-02,0.008199343399066417
 2.8805E-02,0.006430784412697648
 2.8825E-02,0.004735386190511961
 2.8846E-02,0.003184198777492358
 2.8866E-02,0.0018399104159805464
 2.8886E-02,0.0007567632629111591
 2.8906E-02,-1.9478243673310444e-05
 2.8926E-02,-0.0004527044872787754
 2.8947E-02,-0.0005191482253214376
 2.8967E-02,-0.00021089092976228364
 2.8987E-02,0.0004612309152917077
 2.9007E-02,0.0014667538121568406
 2.9027E-02,0.002757469618938021
 2.9048E-02,0.004271692278929784
 2.9068E-02,0.005939616571054655
 2.9088E-02,0.007688178561482142
 2.9108E-02,0.009444291717566018
 2.9128E-02,0.01113630978504836
 2.9149E-02,0.012694549810452874
 2.9169E-02,0.014052190696709694
 2.9189E-02,0.015147600078003236
 2.9209E-02,0.01592827616697825
 2.9229E-02,0.016355574296837656
 2.9250E-02,0.016408750844159346
 2.9270E-02,0.01608693546723943
 2.9290E-02,0.01540840412197149
 2.9310E-02,0.014407588344018514
 2.9330E-02,0.013131087003362978
 2.9351E-02,0.011634134292879954
 2.9371E-02,0.009978444016466345
 2.9391E-02,0.008231386899167793
 2.9411E-02,0.00646557259486019
 2.9431E-02,0.004757562733648045
 2.9452E-02,0.0031848143277299
 2.9472E-02,0.0018208510212896116
 2.9492E-02,0.0007296204960963359
 2.9512E-02,-3.9473196573762306e-05
 2.9532E-02,-0.0004545452237990196
 2.9553E-02,-0.0005016841660673751
 2.9573E-02,-0.00018336322168843787
 2.9593E-02,0.0004839883136366728
 2.9613E-02,0.0014719611490391156
 2.9633E-02,0.0027409705060198308
 2.9654E-02,0.004240093136720778
 2.9674E-02,0.005906927058010746
 2.9694E-02,0.007668699625386934
 2.9714E-02,0.009445405817486981
 2.9734E-02,0.011154857015051632
 2.9755E-02,0.012718618364879685
 2.9775E-02,0.014067368890182263
 2.9795E-02,0.015144458550816402
 2.9815E-02,0.01590723783510089
 2.9835E-02,0.016326690807393317
 2.9856E-02,0.01638652948112255
 2.9876E-02,0.01608289635773847
 2.9896E-02,0.015425194153506992
 2.9916E-02,0.014437656082573047
 2.9936E-02,0.013160566758903154
 2.9957E-02,0.01164991600253226
 2.9977E-02,0.009974790196712581
 2.9997E-02,0.008212717819852663
 3.0017E-02,0.006444027794817829
 3.0037E-02,0.004746629848438765
 3.0058E-02,0.003192316902910989
 3.0078E-02,0.0018448887479020676
 3.0098E-02,0.0007595185930759285
 3.0118E-02,-1.7723562031583145e-05
 3.0138E-02,-0.00045116368251871464
 3.0159E-02,-0.0005179425159708712
 3.0179E-02,-0.0002110105798337667
 3.0199E-02,0.00045845480947371393
 3.0219E-02,0.0014603930556492685
 3.0239E-02,0.0027475741673120167
 3.0260E-02,0.004259399588811805
 3.0280E-02,0.005926735804444446
 3.0300E-02,0.007676457761307591
 3.0320E-02,0.009434735940118991
 3.0340E-02,0.011128889396603517
 3.0361E-02,0.012688436397460652
 3.0381E-02,0.014046387405575289
 3.0401E-02,0.015141632593642406
 3.0421E-02,0.015922582351675135
 3.0441E-02,0.016351388273022675
 3.0462E-02,0.01640753910623753
 3.0482E-02,0.01608967355285175
 3.0502E-02,0.015415064117161073
 3.0522E-02,0.01441709896815246
 3.0542E-02,0.013141786065371249
 3.0563E-02,0.011644482839763087
 3.0583E-02,0.009987640848881006
 3.0603E-02,0.008239577218431762
 3.0623E-02,0.0064735556062932055
 3.0643E-02,0.004766160721865238
 3.0664E-02,0.003194237820197651
 3.0684E-02,0.0018303939103267845
 3.0704E-02,0.0007378472666422057
 3.0724E-02,-3.413951530035228e-05
 3.0744E-02,-0.00045313097942954283
 3.0765E-02,-0.0005042180231439629
 3.0785E-02,-0.00018889748152933495
 3.0805E-02,0.0004769033698415976
 3.0825E-02,0.0014645944396069267
 3.0845E-02,0.0027338662980548874
 3.0866E-02,0.0042329386045722815
 3.0886E-02,0.005898890200628302
 3.0906E-02,0.007659054389991688
 3.0926E-02,0.009434114459026309
 3.0946E-02,0.011142802793133727
 3.0967E-02,0.012707362040252851
 3.0987E-02,0.014058547088679988
 3.1007E-02,0.01513912534262033
 3.1027E-02,0.01590547919533823
 3.1047E-02,0.016327701201771117
 3.1068E-02,0.01638910349372942
 3.1088E-02,0.016086077706951148
 3.1108E-02,0.015428747383436308
 3.1128E-02,0.014442121264857213
 3.1148E-02,0.013166874729292066
 3.1169E-02,0.0116587687065902
 3.1189E-02,0.00998613111546898
 3.1209E-02,0.008225570267811412
 3.1229E-02,0.0064567895831930235
 3.1249E-02,0.004757679399484574
 3.1270E-02,0.0032006280984271823
 3.1290E-02,0.0018503495804242862
 3.1310E-02,0.0007628018551044239
 3.1330E-02,-1.5660270249765406e-05
 3.1350E-02,-0.000449683915505858
 3.1371E-02,-0.0005171276284755683
 3.1391E-02,-0.00021164270243716725
 3.1411E-02,0.0004553132515209472
 3.1431E-02,0.0014540051358250526
 3.1451E-02,0.002738006226061934
 3.1472E-02,0.004247623125010727
 3.1492E-02,0.00591429751402341
 3.1512E-02,0.007664881409912332
 3.1532E-02,0.009424954892536294
 3.1552E-02,0.011120990616176881
 3.1573E-02,0.012681835558463616
 3.1593E-02,0.014040333616269413
 3.1613E-02,0.015135773624899977
 3.1633E-02,0.01591729277421955
 3.1653E-02,0.01634768738141621
 3.1674E-02,0.01640663827525135
 3.1694E-02,0.01609238406801664
 3.1714E-02,0.015421368431969427
 3.1734E-02,0.014426104551505692
 3.1754E-02,0.013152085441312045
 3.1775E-02,0.011654737057594795
 3.1795E-02,0.009997092212144067
 3.1815E-02,0.008248236899737168
 3.1835E-02,0.006481981124159677
 3.1855E-02,0.004774949375704464
 3.1876E-02,0.003203506709609967
 3.1896E-02,0.001839521779691389
 3.1916E-02,0.0007456169641518184
 3.1936E-02,-2.906579142801036e-05
 3.1956E-02,-0.00045164217567636553
 3.1977E-02,-0.0005063769332322163
 3.1997E-02,-0.00019394374664708587
 3.2017E-02,0.00047017537906961855
 3.2037E-02,0.0014572776330132233
 3.2057E-02,0.0027264862761141057
 3.2078E-02,0.0042253295357009175
 3.2098E-02,0.005890456370020415
 3.2118E-02,0.007649273823066476
 3.2138E-02,0.009423017049146176
 3.2158E-02,0.011131169251240646
 3.2179E-02,0.012696533984764374
 3.2199E-02,0.014049938400841311
 3.2219E-02,0.015133677933740559
 3.2239E-02,0.01590333436789422
 3.2259E-02,0.0163282470514915
 3.2280E-02,0.016391366748049245
 3.2300E-02,0.01608925390008271
 3.2320E-02,0.01543259563633309
 3.2340E-02,0.014447023097689141
 3.2360E-02,0.013173531751822438
 3.2381E-02,0.011667700979531211
 3.2401E-02,0.009997240480087835
 3.2421E-02,0.008237999075041587
 3.2441E-02,0.0064691534012709445
 3.2461E-02,0.004768561087718904
 3.2482E-02,0.003209088186278227
 3.2502E-02,0.0018562013577212704
 3.2522E-02,0.0007665212160296068
 3.2542E-02,-1.3333555095605036e-05
 3.2562E-02,-0.0004482409541979951
 3.2583E-02,-0.0005166227596506097
 3.2603E-02,-0.00021269158703420433
 3.2623E-02,0.000451867857896037
 3.2643E-02,0.001447586321623041
 3.2663E-02,0.002728699066922439
 3.2684E-02,0.004236267698878128
 3.2704E-02,0.0059022269130054525
 3.2724E-02,0.007653433234464853
 3.2744E-02,0.009414998753562224
 3.2764E-02,0.011112703966849985
 3.2785E-02,0.012674831581638409
 3.2805E-02,0.014034064297427415
 3.2825E-02,0.01512999126044556
 3.2845E-02,0.015912325431988006
 3.2865E-02,0.016344381847195232
 3.2886E-02,0.016405996818341487
 3.2906E-02,0.016095079847163404
 3.2926E-02,0.015427387263462176
 3.2946E-02,0.0144346963314999
 3.2966E-02,0.013162050563561012
 3.2987E-02,0.011664903253129619
 3.3007E-02,0.010006742446589986
 3.3027E-02,0.008257277194785622
 3.3047E-02,0.006490772913935464
 3.3067E-02,0.004783903864422739
 3.3088E-02,0.0032126599123127294
 3.3108E-02,0.0018483169682620034
 3.3128E-02,0.0007530129740878405
 3.3148E-02,-2.421021362532976e-05
 3.3168E-02,-0.00045009966324437996
 3.3189E-02,-0.0005082333370539021
 3.3209E-02,-0.00019858868888621167
 3.3229E-02,0.0004637478218160334
 3.3249E-02,0.0014500130453388418
 3.3269E-02,0.002718890018910773
 3.3290E-02,0.004217351940858297
 3.3310E-02,0.005881693868077907
 3.3330E-02,0.007639373720396126
 3.3350E-02,0.00941206916087009
 3.3370E-02,0.011119874879991104
 3.3391E-02,0.012686057569114015
 3.3411E-02,0.014041510267368273
 3.3431E-02,0.015128144210205594
 3.3451E-02,0.01590087700897107
 3.3471E-02,0.016328409772424925
 3.3492E-02,0.016393366688010797
 3.3512E-02,0.01609241434722712
 3.3532E-02,0.015436676096179465
 3.3552E-02,0.014452279039657562
 3.3572E-02,0.013180477933672953
 3.3593E-02,0.011676706069554671
 3.3613E-02,0.010008167771893131
 3.3633E-02,0.00825008426000735
 3.3653E-02,0.006481188667539644
 3.3673E-02,0.0047792982984527
 3.3694E-02,0.003217662863829902
 3.3714E-02,0.001862370002613339
 3.3734E-02,0.0007706009440220567
 3.3754E-02,-1.0782095706274482e-05
 3.3774E-02,-0.00044681691097573555
 3.3795E-02,-0.0005163629730883873
 3.3815E-02,-0.00021407873995228893
 3.3835E-02,0.0004481704853377841
 3.3855E-02,0.0014411355175258699
 3.3875E-02,0.002719599563193599
 3.3896E-02,0.0042252556640304875
 3.3916E-02,0.0058904617035053525
 3.3936E-02,0.007642098046370075
 3.3956E-02,0.009404906904423223
 3.3976E-02,0.01110410289672548
 3.3997E-02,0.012667494182378856
 3.4017E-02,0.014027609788779467
 3.4037E-02,0.015124261207424255
 3.4057E-02,0.015907614207344305
 3.4077E-02,0.01634139786057533
 3.4098E-02,0.016405571074951632
 3.4118E-02,0.016097769529721133
 3.4138E-02,0.01543317677644505
 3.4158E-02,0.014442948926731085
 3.4178E-02,0.013171736184467233
 3.4199E-02,0.011674988419843824
 3.4219E-02,0.010016547520875912
 3.4239E-02,0.008266625905571787
 3.4259E-02,0.006499867717431827
 3.4279E-02,0.004793002149295517
 3.4300E-02,0.003221727593745457
 3.4320E-02,0.0018568460714044569
 3.4340E-02,0.0007601040381880401
 3.4360E-02,-1.95370395005398e-05
 3.4380E-02,-0.000448518744099513
 3.4401E-02,-0.0005098454223697656
 3.4421E-02,-0.0002029033641343977
 3.4441E-02,0.0004575731688229855
 3.4461E-02,0.0014428008073187916
 3.4481E-02,0.002711124935732866
 3.4502E-02,0.0042090759642390025
 3.4522E-02,0.005872659568806237
 3.4542E-02,0.007629368701389616
 3.4562E-02,0.00940123597414316
 3.4582E-02,0.011108853572301963
 3.4603E-02,0.012675869440782077
 3.4623E-02,0.01403323449902173
 3.4643E-02,0.015122545343774262
 3.4663E-02,0.01589816648711495
 3.4683E-02,0.016328256284492318
 3.4704E-02,0.016395143476505305
 3.4724E-02,0.01609555207250931
 3.4744E-02,0.01544093853411955
 3.4764E-02,0.014457821607527309
 3.4784E-02,0.013187663188418687
 3.4805E-02,0.011685776796770245
 3.4825E-02,0.010018952097274061
 3.4845E-02,0.00826189089282034
 3.4865E-02,0.006492952953625937
 3.4885E-02,0.004789911707371102
 3.4906E-02,0.003226325578697672
 3.4926E-02,0.0018687956149849529
 3.4946E-02,0.0007749786210958496
 3.4966E-02,-8.03891970435535e-06
 3.4986E-02,-0.000445398746719728
 3.5007E-02,-0.0005162961344601131
 3.5027E-02,-0.00021573982993031577
 3.5047E-02,0.0004442647122565038
 3.5067E-02,0.0014346534232966646
 3.5087E-02,0.002710665470558228
 3.5108E-02,0.004214523718632434
 3.5128E-02,0.005878950035922955
 3.5148E-02,0.007630861890802471
 3.5168E-02,0.00939471017498391
 3.5188E-02,0.011095246956199789
 3.5209E-02,0.012659880977507388
 3.5229E-02,0.014020996309137633
 3.5249E-02,0.015118565084911995
 3.5269E-02,0.01590310583368103
 3.5289E-02,0.01633867477657998
 3.5310E-02,0.016405324121425757
 3.5330E-02,0.01610045865837703
 3.5350E-02,0.015438781856773432
 3.5370E-02,0.014450923323068337
 3.5390E-02,0.013181188063139091
 3.5411E-02,0.011684999768672542
 3.5431E-02,0.010026472658991105
 3.5451E-02,0.008276224332303617
 3.5471E-02,0.006509213085727117
 3.5491E-02,0.004802224802980665
 3.5512E-02,0.0032307330530700795
 3.5532E-02,0.0018651629141666964
 3.5552E-02,0.0007669467903795248
 3.5572E-02,-1.5015788730411337e-05
 3.5592E-02,-0.00044691049310073154
 3.5613E-02,-0.0005112598836081582
 3.5633E-02,-0.0002069459895031709
 3.5653E-02,0.00045161150609655
 3.5673E-02,0.001435639585104575
 3.5693E-02,0.0027032287010337443
 3.5714E-02,0.004200558776548528
 3.5734E-02,0.00586340078849806
 3.5754E-02,0.007619272108090679
 3.5774E-02,0.009390490269839903
 3.5794E-02,0.011098051752505722
 3.5815E-02,0.01266591726430413
 3.5835E-02,0.014025086781266651
 3.5855E-02,0.015116897302866023
 3.5875E-02,0.015895250613411228
 3.5895E-02,0.016327841554638765
 3.5916E-02,0.01639673104925062
 3.5936E-02,0.016098662747791957
 3.5956E-02,0.015445342828832483
 3.5976E-02,0.014463595661636993
 3.5996E-02,0.013195045677004719
 3.6017E-02,0.011694905940175363
 3.6037E-02,0.010029624310712838
 3.6057E-02,0.008273471858510068
 3.6077E-02,0.006504493972696075
 3.6097E-02,0.004800419485203959
 3.6118E-02,0.0032350558599135958
 3.6138E-02,0.0018754297977317225
 3.6158E-02,0.0007796028396781717
 3.6178E-02,-5.1321592058080736e-06
 3.6198E-02,-0.0004439771014980719
 3.6219E-02,-0.0005163804253024524
 3.6239E-02,-0.00021762216223080767
 3.6259E-02,0.0004401871154206282
 3.6279E-02,0.0014281419197698737
 3.6299E-02,0.002701863251117918
 3.6320E-02,0.0042040202926597065
 3.6340E-02,0.005867648800292906
 3.6360E-02,0.007619712111657543
 3.6380E-02,0.009384432638184967
 3.6400E-02,0.011086184392753547
 3.6421E-02,0.012652039547247805
 3.6441E-02,0.01401424643297797
 3.6461E-02,0.015112889080462908
 3.6481E-02,0.01589875743036149
 3.6501E-02,0.016336162796339947
 3.6522E-02,0.016405224783530403
 3.6542E-02,0.016103150518787017
 3.6562E-02,0.015444238335796955
 3.6582E-02,0.014458669335078228
 3.6602E-02,0.013190444403014725
 3.6623E-02,0.011694944413455532
 3.6643E-02,0.01003649044669211
 3.6663E-02,0.008286024780399477
 3.6683E-02,0.0065187655657312545
 3.6703E-02,0.004811554798038364
 3.6724E-02,0.0032396942103971446
 3.6744E-02,0.0018733109649029037
 3.6764E-02,0.0007735878562870288
 3.6784E-02,-1.0620529157913047e-05
 3.6804E-02,-0.0004452827858812288
 3.6825E-02,-0.0005125141550436298
 3.6845E-02,-0.0002107642331637742
 3.6865E-02,0.00044582935832393673
 3.6885E-02,0.0014285271102344017
 3.6905E-02,0.002695231207752451
 3.6926E-02,0.004191846942594476
 3.6946E-02,0.005853956853282017
 3.6966E-02,0.007609095975149204
 3.6986E-02,0.009379810827022612
 3.7006E-02,0.011087426030408309
 3.7027E-02,0.012656157836689046
 3.7047E-02,0.014017046212014954
 3.7067E-02,0.015111212039804882
 3.7087E-02,0.015892167859664328
 3.7107E-02,0.01632721070383026
 3.7128E-02,0.016398158033044466
 3.7148E-02,0.016101743960318392
 3.7168E-02,0.015449856969285502
 3.7188E-02,0.0144695561739402
 3.7208E-02,0.013202590483965512
 3.7229E-02,0.01170408649196731
 3.7249E-02,0.01004020870475008
 3.7269E-02,0.008284870106648317
 3.7289E-02,0.006515851232558744
 3.7309E-02,0.004810837511228688
 3.7330E-02,0.0032438379904448575
 3.7350E-02,0.0018822334755335382
 3.7370E-02,0.0007844312866062254
 3.7390E-02,-2.0857260271186107e-06
 3.7410E-02,-0.00044254539410902083
 3.7431E-02,-0.000516582339651949
 3.7451E-02,-0.00021968260558014323
 3.7471E-02,0.00043596835065832823
 3.7491E-02,0.001421603609336879
 3.7511E-02,0.002693166316716615
 3.7532E-02,0.004193703399410328
 3.7552E-02,0.00585652218629685
 3.7572E-02,0.007608637351568924
 3.7592E-02,0.009374093041091387
 3.7612E-02,0.011076954272606177
 3.7633E-02,0.01264400915878015
 3.7653E-02,0.014007379538186404
 3.7673E-02,0.015107222902865414
 3.7693E-02,0.0158945345075689
 3.7713E-02,0.016333821052205977
 3.7734E-02,0.016405246781469384
 3.7754E-02,0.016105846774283467
 3.7774E-02,0.015449574778713051
 3.7794E-02,0.014466227623459357
 3.7814E-02,0.013199537062728882
 3.7835E-02,0.011704829159598164
 3.7855E-02,0.01004657931450499
 3.7875E-02,0.008295988521593634
 3.7895E-02,0.006528489185004753
 3.7915E-02,0.004820977286239992
 3.7936E-02,0.0032486247844687012
 3.7956E-02,0.001881325299576721
 3.7976E-02,0.0007800655946179889
 3.7996E-02,-6.329246969399155e-06
 3.8016E-02,-0.00044364109519940076
 3.8037E-02,-0.0005136382171731478
 3.8057E-02,-0.00021439710078032475
 3.8077E-02,0.0004401986873208541
 3.8097E-02,0.0014214605694750876
 3.8117E-02,0.0026871561411403603
 3.8138E-02,0.0041829783680040035
 3.8158E-02,0.0058443604222073505
 3.8178E-02,0.007598851058227784
 3.8198E-02,0.009369181151889342
 3.8218E-02,0.011076941290537039
 3.8239E-02,0.012646555519453494
 3.8259E-02,0.014009094876872252
 3.8279E-02,0.015105498418911959
 3.8299E-02,0.015888949154997778
 3.8319E-02,0.016326400746394288
 3.8340E-02,0.016399448537528918
 3.8360E-02,0.016104794657537492
 3.8380E-02,0.01545445544581154
 3.8400E-02,0.01447566639595253
 3.8420E-02,0.01321026850140538
 3.8441E-02,0.01171331182393312
 3.8461E-02,0.010050724365283602
 3.8481E-02,0.008296120494515344
 3.8501E-02,0.006527057421071897
 3.8521E-02,0.004821179596069711
 3.8542E-02,0.0032526599621170303
 3.8562E-02,0.001889175125624778
 3.8582E-02,0.0007894291600920075
 3.8602E-02,1.0801010791765871e-06
 3.8622E-02,-0.00044109911802172626
 3.8643E-02,-0.0005168750546656018
 3.8663E-02,-0.00022188587387818494
 3.8683E-02,0.00043163408376421173
 3.8703E-02,0.0014150414909873494
 3.8723E-02,0.0026845536243142306
 3.8744E-02,0.004183538877391383
 3.8764E-02,0.005845540473580639
 3.8784E-02,0.00759762750603299
 3.8804E-02,0.00936370593875364
 3.8824E-02,0.011067588206603121
 3.8845E-02,0.012635822197575895
 3.8865E-02,0.014000412212886075
 3.8885E-02,0.015101558963969261
 3.8905E-02,0.01589040935116626
 3.8925E-02,0.016331616029009826
 3.8946E-02,0.016405367996721622
 3.8966E-02,0.016108547949145305
 3.8986E-02,0.01545481392965851
 3.9006E-02,0.01447363135651445
 3.9026E-02,0.013208492582816193
 3.9047E-02,0.011714660375320334
 3.9067E-02,0.010056722327356304
 3.9087E-02,0.008306084128784134
 3.9107E-02,0.006538354186907419
 3.9127E-02,0.004830479378579834
 3.9148E-02,0.0032575352234977422
 3.9168E-02,0.001889234200648513
 3.9188E-02,0.0007864115431282265
 3.9208E-02,-2.1232911383366714e-06
 3.9228E-02,-0.00044198910348280983
 3.9249E-02,-0.0005146560564435632
 3.9269E-02,-0.00021787649137439103
 3.9289E-02,0.0004346960351266009
 3.9309E-02,0.001414436879595756
 3.9329E-02,0.002679022236438884
 3.9350E-02,0.004173983889775673
 3.9370E-02,0.005834638595032337
 3.9390E-02,0.0075885468956106115
 3.9410E-02,0.009358588468783175
 3.9430E-02,0.011066569136115331
 3.9451E-02,0.012637080935757949
 3.9471E-02,0.014001217464800634
 3.9491E-02,0.01509976294171985
 3.9511E-02,0.015885619342266594
 3.9531E-02,0.016325442027298465
 3.9552E-02,0.016400622837783478
 3.9572E-02,0.016107814730723456
 3.9592E-02,0.015459117955120517
 3.9612E-02,0.014481896353822379
 3.9632E-02,0.013218055485706693
 3.9653E-02,0.011722575784626198
 3.9673E-02,0.010061186252172097
 3.9693E-02,0.008307251291397479
 3.9713E-02,0.00653813956134377
 3.9733E-02,0.004831457698560546
 3.9754E-02,0.00326151264837
 3.9774E-02,0.001896229334794351
 3.9794E-02,0.0007945678508985315
 3.9814E-02,4.348152863638353e-06
 3.9834E-02,-0.0004396353094580455
 3.9855E-02,-0.0005172371241503044
 3.9875E-02,-0.00022420311962379586
 3.9895E-02,0.00042720577619142347
 3.9915E-02,0.0014084587265200464
 3.9935E-02,0.0026760085478832836
 3.9956E-02,0.004173498949907308
 3.9976E-02,0.005834679016976239
 3.9996E-02,0.007586673649811958
 4.0016E-02,0.009353282592835969
 4.0036E-02,0.011058111754633207
 4.0057E-02,0.012627505355474489
 4.0077E-02,0.013993358620734345
 4.0097E-02,0.015095891739809898
 4.0117E-02,0.015886359713780388
 4.0137E-02,0.016329520260156383
 4.0158E-02,0.016405569841295986
 4.0178E-02,0.01611125379008414
 4.0198E-02,0.015459973874491224
 4.0218E-02,0.014480907574356782
 4.0238E-02,0.013217333052187087
 4.0259E-02,0.011724443920590842
 4.0279E-02,0.010066906218811155
 4.0299E-02,0.008316286115414849
 4.0319E-02,0.0065483359734096625
 4.0339E-02,0.004840049929790836
 4.0360E-02,0.0032664334356600887
 4.0380E-02,0.0018970604536159513
 4.0400E-02,0.0007926516147580937
 4.0420E-02,2.0131120523496403e-06
 4.0440E-02,-0.0004403291708087507
 4.0461E-02,-0.000515586840722461
 4.0481E-02,-0.00022122847405701436
 4.0501E-02,0.00042930179988708944
 4.0521E-02,0.001407452882733756
 4.0541E-02,0.002670844288457167
 4.0562E-02,0.004164888579193098
 4.0582E-02,0.005824813840805889
 4.0602E-02,0.007578191890674945
 4.0622E-02,0.009348022920664308
 4.0642E-02,0.011056286623148837
 4.0663E-02,0.012627709889762298
 4.0683E-02,0.013993400925655937
 4.0703E-02,0.015094010314139785
 4.0723E-02,0.01588219835970656
 4.0743E-02,0.01632435941060347
 4.0764E-02,0.016401697962311196
 4.0784E-02,0.01611080470658836
 4.0804E-02,0.015463828360316524
 4.0824E-02,0.014488221614763081
 4.0844E-02,0.013225931263607613
 4.0865E-02,0.01173187274886124
 4.0885E-02,0.010071606061799238
 4.0905E-02,0.008318285408097663
 4.0925E-02,0.0065491199777557825
 4.0945E-02,0.004841682137191441
 4.0966E-02,0.003270389159383898
 4.0986E-02,0.0019033756351254994
 4.1006E-02,0.0007998238589837765
 4.1026E-02,7.703922119338966e-06
 4.1046E-02,-0.0004381521328384511
 4.1067E-02,-0.0005176514177880427
 4.1087E-02,-0.0002266107717529591
 4.1107E-02,0.000422701355357876
 4.1127E-02,0.0014018584807395087
 4.1147E-02,0.002667517976685646
 4.1168E-02,0.0041635610478382495
 4.1188E-02,0.0058239173979255385
 4.1208E-02,0.007575767949152629
 4.1228E-02,0.009342831684559941
 4.1248E-02,0.01104854556925063
 4.1269E-02,0.012619080616886954
 4.1289E-02,0.013986230825711446
 4.1309E-02,0.015090217271827222
 4.1329E-02,0.015882367752716568
 4.1349E-02,0.016327511249178084
 4.1370E-02,0.016405836714569244
 4.1390E-02,0.016113963532435983
 4.1410E-02,0.01546506897441818
 4.1430E-02,0.01448807830759415
 4.1450E-02,0.013226076838316496
 4.1471E-02,0.011734185118278333
 4.1491E-02,0.010077120623619183
 4.1511E-02,0.008326573827676539
 4.1531E-02,0.0065584142265331345
 4.1551E-02,0.004849679337398351
 4.1572E-02,0.0032753253644197877
 4.1592E-02,0.0019048223995645802
 4.1612E-02,0.0007988070864528272
 4.1632E-02,6.093279038300588e-06
 4.1652E-02,-0.00043866269487035785
 4.1673E-02,-0.0005164458703070377
 4.1693E-02,-0.00022447434071248628
 4.1713E-02,0.00042399961955787456
 4.1733E-02,0.0014005054782673444
 4.1753E-02,0.00266263395871463
 4.1774E-02,0.004155712806468551
 4.1794E-02,0.005814904773358573
 4.1814E-02,0.007567793402738231
 4.1834E-02,0.009337476932273832
 4.1854E-02,0.011046075225322763
 4.1875E-02,0.012618422464326205
 4.1895E-02,0.013985634160154818
 4.1915E-02,0.015088243882289177
 4.1935E-02,0.0158787021936966
 4.1955E-02,0.01632317325741828
 4.1976E-02,0.01640268819520999
 4.1996E-02,0.01611376552000281
 4.2016E-02,0.015468573856100974
 4.2036E-02,0.01449462227676858
 4.2056E-02,0.013233879065439639
 4.2077E-02,0.01174119763415052
 4.2097E-02,0.010081992913964792
 4.2117E-02,0.008329241398502907
 4.2137E-02,0.006560017097469729
 4.2157E-02,0.0048518617822786245
 4.2178E-02,0.0032792843297309165
 4.2198E-02,0.0019105975525529563
 4.2218E-02,0.000805177890722357
 4.2238E-02,1.1135169147501785e-05
 4.2258E-02,-0.0004366485700284865
 4.2279E-02,-0.0005181042698654833
 4.2299E-02,-0.00022908958356404992
 4.2319E-02,0.0004181357793961743
 4.2339E-02,0.001395243811893336
 4.2359E-02,0.0026590715907801143
 4.2380E-02,0.004153706843651476
 4.2400E-02,0.005813238711438884
 4.2420E-02,0.007564903563538888
 4.2440E-02,0.009332359876555282
 4.2460E-02,0.01103890632511877
 4.2481E-02,0.012610566077270185
 4.2501E-02,0.013979039081334877
 4.2521E-02,0.01508453278234992
 4.2541E-02,0.015878419173224412
 4.2561E-02,0.016325570582716258
 4.2582E-02,0.016406155540630865
 4.2602E-02,0.01611667609611687
 4.2622E-02,0.015470110615775124
 4.2642E-02,0.014495161493280527
 4.2662E-02,0.013234739199265204
 4.2683E-02,0.011743888750594955
 4.2703E-02,0.010087357463998182
 4.2723E-02,0.008336930538224624
 4.2743E-02,0.006568572174479126
 4.2763E-02,0.004859359353920792
 4.2784E-02,0.0032842154389111627
 4.2804E-02,0.0019125347891557414
 4.2824E-02,0.0008048954174117706
 4.2844E-02,1.0128433617644485e-05
 4.2864E-02,-0.00043699038313801806
 4.2885E-02,-0.0005172453437464528
 4.2905E-02,-0.00022763147088243553
 4.2925E-02,0.0004187758505268725
 4.2945E-02,0.001393591708957769
 4.2965E-02,0.0026544004210507237
 4.2986E-02,0.004146473112314925
 4.3006E-02,0.005804926802025182
 4.3026E-02,0.007557357846043741
 4.3046E-02,0.009326944710929758
 4.3066E-02,0.011035919996417653
 4.3087E-02,0.012609202276083864
 4.3107E-02,0.013977907748437568
 4.3127E-02,0.01508246597024913
 4.3147E-02,0.015875143648406045
 4.3167E-02,0.01632190023003284
 4.3188E-02,0.016403605502385604
 4.3208E-02,0.016116698346034623
 4.3228E-02,0.015473344295914092
 4.3248E-02,0.014501082138458445
 4.3268E-02,0.013241884963631195
 4.3289E-02,0.011750545893515651
 4.3309E-02,0.01009235389969172
 4.3329E-02,0.008340134279250974
 4.3349E-02,0.006570846121992633
 4.3369E-02,0.004862004238253305
 4.3390E-02,0.0032881943227016847
 4.3410E-02,0.0019178818404552908
 4.3430E-02,0.000810614117178249
 4.3450E-02,1.4631584727351583e-05
 4.3470E-02,-0.00043512418225395065
 4.3491E-02,-0.0005185847903686049
 4.3511E-02,-0.0002316238468316575
 4.3531E-02,0.0004135215189829408
 4.3551E-02,0.0013886176065730032
 4.3571E-02,0.0026506612871915547
 4.3592E-02,0.0041439214668198086
 4.3612E-02,0.005802628974372262
 4.3632E-02,0.007554074548897241
 4.3652E-02,0.009321872257650056
 4.3672E-02,0.011029207474385566
 4.3693E-02,0.012601976620422525
 4.3713E-02,0.013971792083372089
 4.3733E-02,0.01507883637565088
 4.3753E-02,0.015874502534046823
 4.3773E-02,0.01632368319827239
 4.3794E-02,0.016406515372954473
 4.3814E-02,0.01611939022715178
 4.3834E-02,0.015475107812557981
 4.3854E-02,0.014502171727258957
 4.3874E-02,0.013243332800102599
 4.3895E-02,0.011753559077477905
 4.3915E-02,0.010097610464467497
 4.3935E-02,0.00834734270941521
 4.3955E-02,0.0065787959821939496
 4.3975E-02,0.004869082915829909
 4.3996E-02,0.0032931069259614252
 4.4016E-02,0.0019202094743606354
 4.4036E-02,0.0008109309248951564
 4.4056E-02,1.4128021672152975e-05
 4.4076E-02,-0.0004353124575117396
 4.4097E-02,-0.0005179949736564648
 4.4117E-02,-0.00023071404128052324
 4.4137E-02,0.00041361912768130606
 4.4157E-02,0.0013867088134927614
 4.4177E-02,0.0026461508762652686
 4.4198E-02,0.0041371829181547385
 4.4218E-02,0.005794892672457152
 4.4238E-02,0.0075468907851158635
 4.4258E-02,0.009316421849972096
 4.4278E-02,0.011025808887210617
 4.4299E-02,0.01260003585653927
 4.4319E-02,0.013970213710916269
 4.4339E-02,0.01507667813982901
 4.4359E-02,0.015871532967524197
 4.4379E-02,0.01632055395436172
 4.4400E-02,0.01640445989454016
 4.4420E-02,0.016119604478910105
 4.4440E-02,0.015478131651375364
 4.4460E-02,0.014507588017514493
 4.4480E-02,0.01324993739880924
 4.4501E-02,0.011759913489423141
 4.4521E-02,0.010102694512128613
 4.4541E-02,0.008350976193060421
 4.4561E-02,0.006581619581028873
 4.4581E-02,0.004872116004490223
 4.4602E-02,0.003297116317543117
 4.4622E-02,0.001925217855371931
 4.4642E-02,0.0008161195583035574
 4.4662E-02,1.818449623501139e-05
 4.4682E-02,-0.000433578935205049
 4.4703E-02,-0.0005190843153803236
 4.4723E-02,-0.0002342007523206421
 4.4743E-02,0.0004088689577898081
 4.4763E-02,0.0013819825365088665
 4.4783E-02,0.0026422807168362122
 4.4804E-02,0.004134192859127804
 4.4824E-02,0.00579207662897145
 4.4844E-02,0.0075432757617662684
 4.4864E-02,0.009311372693692197
 4.4884E-02,0.011019459861520413
 4.4905E-02,0.012593324481040037
 4.4925E-02,0.013964497192718233
 4.4945E-02,0.0150731268093323
 4.4965E-02,0.015870608687229622
 4.4985E-02,0.016321836781141796
 4.5006E-02,0.01640690705702634
 4.5026E-02,0.016122104596313976
 4.5046E-02,0.015480067686949248
 4.5066E-02,0.014509120877311982
 4.5086E-02,0.0132518681433615
 4.5107E-02,0.011763199864641602
 4.5127E-02,0.010107874765344922
 4.5147E-02,0.008357799392365604
 4.5167E-02,0.006589074244346006
 4.5187E-02,0.004878843988776151
 4.5208E-02,0.0033020022040052836
 4.5228E-02,0.0019278559677474451
 4.5248E-02,0.0008169253406654679
 4.5268E-02,1.8099979940791643e-05
 4.5288E-02,-0.00043362880914847617
 4.5309E-02,-0.0005187024835996609
 4.5329E-02,-0.00023373360882069462
 4.5349E-02,0.0004085199935177617
 4.5369E-02,0.001379854256049234
 4.5389E-02,0.00263789096468197
 4.5410E-02,0.004127853108696291
 4.5430E-02,0.0057848129209436645
 4.5450E-02,0.00753639703014557
 4.5470E-02,0.009305905019496446
 4.5490E-02,0.011015732193329525
 4.5511E-02,0.01259091214190904
 4.5531E-02,0.013962545301509055
 4.5551E-02,0.015070881391655199
 4.5571E-02,0.015867878338142724
 4.5591E-02,0.016319145567004652
 4.5612E-02,0.016405259737613063
 4.5632E-02,0.01612248524892189
 4.5652E-02,0.015482929581085145
 4.5672E-02,0.014514129194734379
 4.5692E-02,0.013258026784810287
 4.5713E-02,0.011769296860900223
 4.5733E-02,0.01011301899032664
 4.5753E-02,0.008361776950824924
 4.5773E-02,0.006592347794528754
 4.5793E-02,0.004882202621889273
 4.5814E-02,0.003306048268057234
 4.5834E-02,0.0019325970542894701
 4.5854E-02,0.0008216835785018579
 4.5874E-02,2.1786620370137623e-05
 4.5894E-02,-0.0004320130633252326
 4.5915E-02,-0.0005195959587403254
 4.5935E-02,-0.000236809858578919
 4.5955E-02,0.00040418673596894704
 4.5975E-02,0.0013753410413766302
 4.5995E-02,0.0026339249188094835
 4.6016E-02,0.0041245112506800375
 4.6036E-02,0.005781572130357155
 4.6056E-02,0.007532502768909742
 4.6076E-02,0.009300864103829402
 4.6096E-02,0.011009672223112069
 4.6117E-02,0.012584619711246171
 4.6137E-02,0.01395716063055822
 4.6157E-02,0.015067403320646837
 4.6177E-02,0.01586673032750439
 4.6197E-02,0.016320021269779956
 4.6218E-02,0.016407322945554245
 4.6238E-02,0.016124817868855695
 4.6258E-02,0.015484995855540312
 4.6278E-02,0.014516018586014747
 4.6298E-02,0.01326035393028533
 4.6319E-02,0.011772814419373978
 4.6339E-02,0.010118146616880874
 4.6359E-02,0.008368291738339658
 4.6379E-02,0.006599397565523111
 4.6399E-02,0.00488863743121311
 4.6420E-02,0.0033109029785390693
 4.6440E-02,0.0019354818980667826
 4.6460E-02,0.0008228882729688835
 4.6480E-02,2.205096894639764e-05
 4.6500E-02,-0.00043193911150843595
 4.6521E-02,-0.0005193740066249714
 4.6541E-02,-0.00023669958882621982
 4.6561E-02,0.0004034705853203787
 4.6581E-02,0.0013730257375636438
 4.6601E-02,0.00262962509359146
 4.6622E-02,0.004118492506123333
 4.6642E-02,0.005774696251903258
 4.6662E-02,0.007525880725443903
 4.6682E-02,0.009295391722671836
 4.6702E-02,0.01100568210627708
 4.6723E-02,0.012581822049980767
 4.6743E-02,0.01395489682680242
 4.6763E-02,0.015065076317436886
 4.6783E-02,0.01586418629575206
 4.6803E-02,0.016317684163958828
 4.6824E-02,0.016406012014922287
 4.6844E-02,0.01612534196491021
 4.6864E-02,0.01548773308500981
 4.6884E-02,0.014520696959148956
 4.6904E-02,0.013266145178038133
 4.6925E-02,0.011778692885564799
 4.6945E-02,0.010123330591400689
 4.6965E-02,0.008372544472607985
 4.6985E-02,0.0066030392555287126
 4.7005E-02,0.004892268801676547
 4.7026E-02,0.0033149887127270385
 4.7046E-02,0.0019400125842939998
 4.7066E-02,0.0008272974659336088
 4.7086E-02,2.5431846026105313e-05
 4.7106E-02,-0.00043042697491738383
 4.7127E-02,-0.0005201142569514808
 4.7147E-02,-0.00023944266086979978
 4.7167E-02,0.0003994820355258406
 4.7187E-02,0.0013686953227763704
 4.7207E-02,0.0026255900273604855
 4.7228E-02,0.004114868730924063
 4.7248E-02,0.0057711076011678335
 4.7268E-02,0.0075217517611567844
 4.7288E-02,0.009290348675453268
 4.7308E-02,0.010999851591280287
 4.7329E-02,0.012575870564431213
 4.7349E-02,0.013949787646077759
 4.7369E-02,0.015061665493355338
 4.7389E-02,0.01586286162829306
 4.7409E-02,0.016318228448900855
 4.7430E-02,0.01640775665731026
 4.7450E-02,0.016127528751432068
 4.7470E-02,0.015489896738474987
 4.7490E-02,0.014522872682117105
 4.7510E-02,0.013268797362980173
 4.7531E-02,0.011782405629005416
 4.7551E-02,0.010128423135748639
 4.7571E-02,0.00837881259893573
 4.7591E-02,0.006609758208667985
 4.7611E-02,0.00489845886974547
 4.7632E-02,0.0033198104457049632
 4.7652E-02,0.0019430933756225766
 4.7672E-02,0.0008288275849519142
 4.7692E-02,2.598657041635085e-05
 4.7712E-02,-0.00043024290400690005
 4.7733E-02,-0.0005200144057394158
 4.7753E-02,-0.00023961964738031363
 4.7773E-02,0.00039846437158524013
 4.7793E-02,0.001366221194502071
 4.7813E-02,0.0026213566968851425
 4.7834E-02,0.0041091082557493195
 4.7854E-02,0.005764549851388256
 4.7874E-02,0.007515345430847446
 4.7894E-02,0.009284880104910504
 4.7914E-02,0.01099565235013356
 4.7935E-02,0.012572758131801578
 4.7955E-02,0.013947263491356133
 4.7975E-02,0.015059263217451125
 4.7995E-02,0.015860462052693633
 4.8015E-02,0.01631617717102997
 4.8036E-02,0.01640672255025599
 4.8056E-02,0.016128175877146562
 4.8076E-02,0.015492538228170162
 4.8096E-02,0.014527284235683557
 4.8116E-02,0.01327428600040796
 4.8137E-02,0.011788098839085145
 4.8157E-02,0.010133631805827322
 4.8177E-02,0.008383285147133001
 4.8197E-02,0.0066137009495195135
 4.8217E-02,0.004902318542341402
 4.8238E-02,0.003323936631445868
 4.8258E-02,0.0019474589551248048
 4.8278E-02,0.0008329540904817479
 4.8298E-02,2.9115053516481307e-05
 4.8318E-02,-0.0004288211794371361
 4.8339E-02,-0.000520634880872527
 4.8359E-02,-0.0002420922351496135
 4.8379E-02,0.00039476082239958004
 4.8399E-02,0.0013620473502766793
 4.8419E-02,0.0026172730412111823
 4.8440E-02,0.004105258901586471
 4.8460E-02,0.005760676547221161
 4.8480E-02,0.007511019477636882
 4.8500E-02,0.009279828035105218
 4.8520E-02,0.010990003623099829
 4.8541E-02,0.012567083814241844
 4.8561E-02,0.013942382662386954
 4.8581E-02,0.015055913157641416
 4.8601E-02,0.01585899794889904
 4.8621E-02,0.016316451615421106
 4.8642E-02,0.016408202873470334
 4.8662E-02,0.01613023602269361
 4.8682E-02,0.015494773807501229
 4.8702E-02,0.014529689518126701
 4.8722E-02,0.013277204398902398
 4.8743E-02,0.011791976003552203
 4.8763E-02,0.01013870211611695
 4.8783E-02,0.00838935620472976
 4.8803E-02,0.006620149807508403
 4.8823E-02,0.004908304592885372
 4.8844E-02,0.0033287254213028618
 4.8864E-02,0.0019506952897594217
 4.8884E-02,0.0008347497080660876
 4.8904E-02,2.9911457006094513e-05
 4.8924E-02,-0.00042853965120800036
 4.8945E-02,-0.0005206275296536771
 4.8965E-02,-0.000242500020890819
 4.8985E-02,0.0003934959329242935
 4.9005E-02,0.0013594387920064376
 4.9025E-02,0.002613088443037555
 4.9046E-02,0.004099706141516492
 4.9066E-02,0.0057543796481156016
 4.9086E-02,0.007504794195135799
 4.9106E-02,0.009274368803214203
 4.9126E-02,0.010985637884925998
 4.9147E-02,0.012563714281307474
 4.9167E-02,0.013939641261656945
 4.9187E-02,0.015053442186987887
 4.9207E-02,0.01585670976098625
 4.9227E-02,0.016314630647112895
 4.9248E-02,0.016407396196045594
 4.9268E-02,0.016130988155074324
 4.9288E-02,0.015497341920962263
 4.9308E-02,0.01453388528213931
 4.9328E-02,0.01328244380890021
 4.9349E-02,0.011797512354921595
 4.9369E-02,0.010143924526763841
 4.9389E-02,0.008394004122604095
 4.9409E-02,0.0066243386169402545
 4.9429E-02,0.004912355229375332
 4.9450E-02,0.0033328913322684083
 4.9470E-02,0.0019549317716571523
 4.9490E-02,0.0008386476192346148
 4.9510E-02,3.283195813998064e-05
 4.9530E-02,-0.0004271962372745553
 4.9551E-02,-0.0005211544064705653
 4.9571E-02,-0.0002447529487176071
 4.9591E-02,0.0003900280471296641
 4.9611E-02,0.0013553988706077869
 4.9631E-02,0.002608971636987171
 4.9652E-02,0.004095676590161796
 4.9672E-02,0.005750273617328922
 4.9692E-02,0.007500303133464786
 4.9712E-02,0.00926930337921112
 4.9732E-02,0.010980132865428809
 4.9753E-02,0.012558265016552233
 4.9773E-02,0.013934949401256377
 4.9793E-02,0.015050146314363076
 4.9813E-02,0.01585513559824396
 4.9833E-02,0.016314685303618067
 4.9854E-02,0.01640865716510058
 4.9874E-02,0.016132938550538514
 4.9894E-02,0.015499629782740155
 4.9914E-02,0.01453647424453424
 4.9934E-02,0.013285579961313614
 4.9955E-02,0.01180152771472952
 4.9975E-02,0.010148981878143427
 4.9995E-02,0.008399917901594438
 5.0015E-02,0.006630567125832669
 5.0035E-02,0.004918171455796812
 5.0056E-02,0.00333764843815873
 5.0076E-02,0.001958291547272668
 5.0096E-02,0.0008406598981158893
 5.0116E-02,3.382953428091723e-05
 5.0136E-02,-0.0004268287873162185
 5.0157E-02,-0.0005212164204617066
 5.0177E-02,-0.00024534578064371856
 5.0197E-02,0.00038856077554460996
 5.0217E-02,0.0013526769097009378
 5.0237E-02,0.002604822398775004
 5.0258E-02,0.004090290842172438
 5.0278E-02,0.005744190530468643
 5.0298E-02,0.007494229622981851
 5.0318E-02,0.009263856829646915
 5.0338E-02,0.010975634667461513
 5.0359E-02,0.012554685496689795
 5.0379E-02,0.013932026749998756
 5.0399E-02,0.015047613181123645
 5.0419E-02,0.015852932723449176
 5.0439E-02,0.01631304953243916
 5.0460E-02,0.016408036991089007
 5.0480E-02,0.01613377987413103
 5.0500E-02,0.01550214174280783
 5.0520E-02,0.01454049544090225
 5.0540E-02,0.013290614102853492
 5.0561E-02,0.011806931385485268
 5.0581E-02,0.01015421018393086
 5.0601E-02,0.008404705543787758
 5.0621E-02,0.006634956971706506
 5.0641E-02,0.004922381723731608
 5.0662E-02,0.003341852365501265
 5.0682E-02,0.0019624275189880106
 5.0702E-02,0.0008443732834351105
 5.0722E-02,3.657897831655949e-05
 5.0742E-02,-0.0004255527233702614
 5.0763E-02,-0.0005216701294251151
 5.0783E-02,-0.0002474202210764738
 5.0803E-02,0.0003852878156280341
 5.0823E-02,0.0013487514239965484
 5.0843E-02,0.002600684024401883
 5.0864E-02,0.004086117619488912
 5.0884E-02,0.005739894406078681
 5.0904E-02,0.007489600356835551
 5.0924E-02,0.009258775576828644
 5.0944E-02,0.010970242969758673
 5.0965E-02,0.012549418725870225
 5.0985E-02,0.013927490990212016
 5.1005E-02,0.01504436507874292
 5.1025E-02,0.015851271645109577
 5.1045E-02,0.016312925059982337
 5.1066E-02,0.016409115848123507
 5.1086E-02,0.016135635301196924
 5.1106E-02,0.015504466790459252
 5.1126E-02,0.014543231034690922
 5.1146E-02,0.013293928116180069
 5.1167E-02,0.011811062635125148
 5.1187E-02,0.010159261150694217
 5.1207E-02,0.008410493938531051
 5.1227E-02,0.006641005860154879
 5.1247E-02,0.004928056799223456
 5.1268E-02,0.0033465798226923107
 5.1288E-02,0.001965885267097024
 5.1308E-02,0.0008465624485693339
 5.1328E-02,3.774406436552662e-05
 5.1348E-02,-0.00042510974405651466
 5.1369E-02,-0.0005217834770577319
 5.1389E-02,-0.00024816104655483345
 5.1409E-02,0.0003836551773446766
 5.1429E-02,0.0013459341263319497
 5.1449E-02,0.002596560159682168
 5.1470E-02,0.004080866140581903
 5.1490E-02,0.005733986527108977
 5.1510E-02,0.007483653934935922
 5.1530E-02,0.00925334348106376
 5.1550E-02,0.01096563945806174
 5.1571E-02,0.01254566768370862
 5.1591E-02,0.0139244171151207
 5.1611E-02,0.015041776062976662
 5.1631E-02,0.015849133563797413
 5.1651E-02,0.016311437852505228
 5.1672E-02,0.0164086482937275
 5.1692E-02,0.016136552010322255
 5.1712E-02,0.015506935801797203
 5.1732E-02,0.014547110936393434
 5.1752E-02,0.013298793163369698
 5.1773E-02,0.011816354165419006
 5.1793E-02,0.010164489848907441
 5.1813E-02,0.008415392744609005
 5.1833E-02,0.006645559882041244
 5.1853E-02,0.004932400438635069
 5.1874E-02,0.0033508194580260746
 5.1894E-02,0.001969943388593695
 5.1914E-02,0.0008501271858641442
 5.1934E-02,4.035312264738099e-05
 5.1954E-02,-0.00042389120373814617
 5.1975E-02,-0.0005221799186423447
 5.1995E-02,-0.00025009033049914445
 5.2015E-02,0.0003805435300166827
 5.2035E-02,0.001342106360186359
 5.2055E-02,0.0025924088297552346
 5.2076E-02,0.004076578618912149
 5.2096E-02,0.00572953528933435
 5.2116E-02,0.007478909132377363
 5.2136E-02,0.00924824524898943
 5.2156E-02,0.010960336865672864
 5.2177E-02,0.012540548673085879
 5.2197E-02,0.013920010053269333
 5.2217E-02,0.015038569637779133
 5.2237E-02,0.01584740376429597
 5.2257E-02,0.016311167257108704
 5.2278E-02,0.016409575860029217
 5.2298E-02,0.01613832534079817
 5.2318E-02,0.015509286487338849
 5.2338E-02,0.014549963267050835
 5.2358E-02,0.013302252218167478
 5.2379E-02,0.011820582373016905
 5.2399E-02,0.010169538977533112
 5.2419E-02,0.00842108129355169
 5.2439E-02,0.006651462474339667
 5.2459E-02,0.004937958376758347
 5.2480E-02,0.003355519750676513
 5.2500E-02,0.001973478934469725
 5.2520E-02,0.0008524608629082438
 5.2540E-02,4.165776747603396e-05
 5.2560E-02,-0.0004233819720968223
 5.2581E-02,-0.0005223305885050113
 5.2601E-02,-0.0002509491642447823
 5.2621E-02,0.0003787760572741419
 5.2641E-02,0.001339209201478819
 5.2661E-02,0.0025883029523858765
 5.2682E-02,0.0040714350928971205
 5.2702E-02,0.005723770955955878
 5.2722E-02,0.007473069019852966
 5.2742E-02,0.009242828268576933
 5.2762E-02,0.010955649663800996
 5.2783E-02,0.012536657493413672
 5.2803E-02,0.013916809977376005
 5.2823E-02,0.01503593063910041
 5.2843E-02,0.015845314363362763
 5.2863E-02,0.016309798885417698
 5.2884E-02,0.016409232893801327
 5.2904E-02,0.016139305439851735
 5.2924E-02,0.015511722622710656
 5.2944E-02,0.014553728709385412
 5.2964E-02,0.013306977918729847
 5.2985E-02,0.011825779176506982
 5.3005E-02,0.010174764316470917
 5.3025E-02,0.008426068403230087
 5.3045E-02,0.00665615051927283
 5.3065E-02,0.0049424134058450135
 5.3086E-02,0.003359792463549786
 5.3106E-02,0.00197747713881659
 5.3126E-02,0.0008559061435885263
 5.3146E-02,4.415189539753431e-05
 5.3166E-02,-0.00042221221909673624
 5.3187E-02,-0.0005226820978721427
 5.3207E-02,-0.0002527602546608914
 5.3227E-02,0.0003757980074901142
 5.3247E-02,0.0013354648566433775
 5.3267E-02,0.0025841450049712555
 5.3288E-02,0.004067056871586183
 5.3308E-02,0.005719193288576446
 5.3328E-02,0.007468227752230202
 5.3348E-02,0.009237712831166483
 5.3368E-02,0.010950416902518063
 5.3389E-02,0.012531657913738416
 5.3409E-02,0.013912508790274619
 5.3429E-02,0.01503276022086315
 5.3449E-02,0.0158435301146932
 5.3469E-02,0.01630940894249503
 5.3490E-02,0.016410034656997446
 5.3510E-02,0.016141007833294207
 5.3530E-02,0.015514090159570322
 5.3550E-02,0.014556673673827961
 5.3570E-02,0.01331055503244937
 5.3591E-02,0.011830088305139085
 5.3611E-02,0.01017981464488895
 5.3631E-02,0.008431677534008213
 5.3651E-02,0.00666193406481503
 5.3671E-02,0.004947874294199704
 5.3692E-02,0.003364468291751011
 5.3712E-02,0.001981074527701943
 5.3732E-02,0.0008583579988419424
 5.3752E-02,4.557291035479623e-05
 5.3772E-02,-0.00042164495264721767
 5.3793E-02,-0.0005228592384779378
 5.3813E-02,-0.0002537128479193121
 5.3833E-02,0.000373920867796396
 5.3853E-02,0.0013325010585717896
 5.3873E-02,0.0025800517166338945
 5.3894E-02,0.0040620001674978555
 5.3914E-02,0.00571354654890725
 5.3934E-02,0.007462476482135653
 5.3954E-02,0.009232310863999607
 5.3974E-02,0.010945663212478404
 5.3995E-02,0.01252765218878133
 5.4015E-02,0.01390920334654205
 5.4035E-02,0.015030076685108872
 5.4055E-02,0.01584147677070794
 5.4075E-02,0.016308135298929223
 5.4096E-02,0.016409793106790055
 5.4116E-02,0.01614204094237283
 5.4136E-02,0.015516501058564622
 5.4156E-02,0.014560346282764132
 5.4176E-02,0.013315165833612875
 5.4197E-02,0.01183520511712223
 5.4217E-02,0.010185034169547044
 5.4237E-02,0.0084367346688527
 5.4257E-02,0.0066667314814439094
 5.4277E-02,0.004952422333000796
 5.4298E-02,0.00336877132490812
 5.4318E-02,0.0019850269821383697
 5.4338E-02,0.0008617075582668648
 5.4358E-02,4.797321630481291e-05
 5.4378E-02,-0.0004205162749940241
 5.4399E-02,-0.0005231753514070808
 5.4419E-02,-0.00025542754060199754
 5.4439E-02,0.00037105357930648797
 5.4459E-02,0.001328827936089075
 5.4479E-02,0.0025758917553216285
 5.4500E-02,0.004057550189795761
 5.4520E-02,0.005708865957860235
 5.4540E-02,0.007457554772145151
 5.4560E-02,0.009227178620485391
 5.4580E-02,0.010940484962755688
 5.4601E-02,0.012522748949099681
 5.4621E-02,0.0139049890436236
 5.4641E-02,0.015026937078420047
 5.4661E-02,0.015839649241437766
 5.4681E-02,0.016307647714903818
 5.4702E-02,0.01641049012823219
 5.4722E-02,0.016143682036496437
 5.4742E-02,0.015518878802218814
 5.4762E-02,0.014563364462646377
 5.4782E-02,0.013318838836103348
 5.4803E-02,0.011839581606021346
 5.4823E-02,0.01019008762399598
 5.4843E-02,0.008442280702011074
 5.4863E-02,0.006672418247572292
 5.4883E-02,0.004957802955432157
 5.4904E-02,0.0033734254410071004
 5.4924E-02,0.0019886736182770865
 5.4944E-02,0.0008642561849126389
 5.4964E-02,4.949137921717657e-05
 5.4984E-02,-0.0004198982055994092
 5.5005E-02,-0.0005233705902127667
 5.5025E-02,-0.00025645429855848125
 5.5045E-02,0.00036908750360054986
 5.5065E-02,0.0013258087665951553
 5.5085E-02,0.002571807168422171
 5.5106E-02,0.00405256335637489
 5.5126E-02,0.005703315553980563
 5.5146E-02,0.007451877682170793
 5.5166E-02,0.00922179105808699
 5.5186E-02,0.010935678450550355
 5.5207E-02,0.012518649534994304
 5.5227E-02,0.013901595560553256
 5.5247E-02,0.015024213963992662
 5.5267E-02,0.015837622089833168
 5.5287E-02,0.01630644926280381
 5.5308E-02,0.016410330852657338
 5.5328E-02,0.0161447592062262
 5.5348E-02,0.01552127021972362
 5.5368E-02,0.014566961651165649
 5.5388E-02,0.013323354815725838
 5.5409E-02,0.011844630873166583
 5.5429E-02,0.010195299828664853
 5.5449E-02,0.008447393263566928
 5.5469E-02,0.0066773048947969624
 5.5489E-02,0.004962428652716546
 5.5510E-02,0.0033777560458736174
 5.5530E-02,0.0019925914944121936
 5.5550E-02,0.0008675293095721792
 5.5570E-02,5.181535263747031e-05
 5.5590E-02,-0.00041880383669791926
 5.5611E-02,-0.0005236586491474705
 5.5631E-02,-0.00025809019882021484
 5.5651E-02,0.0003663121734569846
 5.5671E-02,0.0013221964837668628
 5.5691E-02,0.0025676484828572217
 5.5712E-02,0.0040480568141975995
 5.5732E-02,0.005698551290718277
 5.5752E-02,0.007446888973818659
 5.5772E-02,0.009216642812512988
 5.5792E-02,0.010930542554129119
 5.5813E-02,0.012513823826205394
 5.5833E-02,0.013897452355120334
 5.5853E-02,0.015021100466879697
 5.5873E-02,0.01583575999721548
 5.5893E-02,0.01630588162284131
 5.5914E-02,0.016410940523713998
 5.5934E-02,0.016146347295992312
 5.5954E-02,0.015523653182067778
 5.5974E-02,0.014570037415839173
 5.5994E-02,0.013327105502949787
 5.6015E-02,0.011849063275234257
 5.6035E-02,0.010200357527513262
 5.6055E-02,0.008452889223099249
 5.6075E-02,0.006682913066312373
 5.6095E-02,0.004967743017461136
 5.6116E-02,0.0033823911439157276
 5.6136E-02,0.0019962774527857467
 5.6156E-02,0.0008701573174677531
 5.6176E-02,5.341474253201786e-05
 5.6196E-02,-0.00041814129236628805
 5.6217E-02,-0.0005238655527424526
 5.6237E-02,-0.00025917529885216746
 5.6257E-02,0.00036427422716628626
 5.6277E-02,0.0013191315243818126
 5.6297E-02,0.0025635698511290075
 5.6318E-02,0.004043126266860014
 5.6338E-02,0.005693079820713575
 5.6358E-02,0.0074412737720420214
 5.6378E-02,0.009211268728883124
 5.6398E-02,0.010925694060810698
 5.6419E-02,0.012509647708969958
 5.6439E-02,0.01389398523344039
 5.6459E-02,0.015018342238939613
 5.6479E-02,0.015833751350891087
 5.6499E-02,0.016304742541103184
 5.6520E-02,0.016410847722571505
 5.6540E-02,0.01614746083580728
 5.6560E-02,0.015526029418887744
 5.6580E-02,0.014573573192441161
 5.6600E-02,0.013331543139610021
 5.6621E-02,0.011854055493379537
 5.6641E-02,0.010205561591238142
 5.6661E-02,0.008458045565352101
 5.6681E-02,0.006687872497985045
 5.6701E-02,0.004972433565019536
 5.6722E-02,0.003386746670579298
 5.6742E-02,0.0020001695424563815
 5.6762E-02,0.0008733696684431291
 5.6782E-02,5.567686273237019e-05
 5.6802E-02,-0.00041707532660417474
 5.6823E-02,-0.0005241311864431654
 5.6843E-02,-0.00026074661657114555
 5.6863E-02,0.00036157538332236836
 5.6883E-02,0.0013155712632009907
 5.6903E-02,0.0025594147415533165
 5.6924E-02,0.0040385753314104295
 5.6944E-02,0.0056882476425149375
 5.6964E-02,0.0074362293314830085
 5.6984E-02,0.009206105528735627
 5.7004E-02,0.010920590883383768
 5.7025E-02,0.012504884219801995
 5.7045E-02,0.013889900014043388
 5.7065E-02,0.015015250638434306
 5.7085E-02,0.015831861479385145
 5.7105E-02,0.016304109081553483
 5.7126E-02,0.016411384393774955
 5.7146E-02,0.016149003038081058
 5.7166E-02,0.015528413887189198
 5.7186E-02,0.014576693970891279
 5.7206E-02,0.013335356573472696
 5.7227E-02,0.011858534161087439
 5.7247E-02,0.010210624075123806
 5.7267E-02,0.008463501831646302
 5.7287E-02,0.006693416916136324
 5.7307E-02,0.004977693351229426
 5.7328E-02,0.0033913653139196545
 5.7348E-02,0.0020038870177977023
 5.7368E-02,0.0008760629391694277
 5.7388E-02,5.734430264003692e-05
 5.7408E-02,-0.0004163738176835775
 5.7429E-02,-0.0005243448350950632
 5.7449E-02,-0.0002618772921455082
 5.7469E-02,0.00035947960521807857
 5.7489E-02,0.001312468644522908
 5.7509E-02,0.002555340174451633
 5.7530E-02,0.00403369019512841
 5.7550E-02,0.0056828408701538845
 5.7570E-02,0.007430665726069047
 5.7590E-02,0.009200743817291385
 5.7610E-02,0.010915708995738134
 5.7631E-02,0.012500645224804928
 5.7651E-02,0.013886371210959803
 5.7671E-02,0.015012461281514882
 5.7691E-02,0.015829865366368236
 5.7711E-02,0.01630301656725488
 5.7732E-02,0.016411345034191793
 5.7752E-02,0.016150146358837065
 5.7772E-02,0.015530778127044405
 5.7792E-02,0.01458017959516585
 5.7812E-02,0.013339729382944575
 5.7833E-02,0.01186347816706403
 5.7853E-02,0.010215819661862647
 5.7873E-02,0.008468692674948874
 5.7893E-02,0.006698435710964995
 5.7913E-02,0.004982438073017327
 5.7934E-02,0.003395743267758471
 5.7954E-02,0.002007760225013501
 5.7974E-02,0.0008792272251274649
 5.7994E-02,5.9556547761982904e-05
 5.8014E-02,-0.00041533112435181174
 5.8035E-02,-0.0005245923365075505
 5.8055E-02,-0.00026339548723329606
 5.8075E-02,0.00035684452517774075
 5.8095E-02,0.00130895293118997
 5.8115E-02,0.0025511902024591216
 5.8136E-02,0.004029104607571757
 5.8156E-02,0.005677953666489124
 5.8176E-02,0.007425574983173033
 5.8196E-02,0.009195566837428514
 5.8216E-02,0.010910630915624909
 5.8237E-02,0.012495931499455826
 5.8257E-02,0.013882333097566842
 5.8277E-02,0.015009387834168235
 5.8297E-02,0.015827952979566424
 5.8317E-02,0.016302328805198624
 5.8338E-02,0.016411820538599003
 5.8358E-02,0.01615164876234259
 5.8378E-02,0.015533161366131457
 5.8398E-02,0.014583335285818207
 5.8418E-02,0.013343593312756702
 5.8439E-02,0.011867994981501725
 5.8459E-02,0.010220887066907113
 5.8479E-02,0.008474117510671715
 5.8499E-02,0.00670392848073502
 5.8519E-02,0.004987653008477234
 5.8540E-02,0.0034003478458289973
 5.8560E-02,0.002011503092741813
 5.8580E-02,0.0008819743043039147
 5.8600E-02,6.128114033178205e-05
 5.8620E-02,-0.00041459542815045435
 5.8641E-02,-0.0005248089881458378
 5.8661E-02,-0.0002645614456242853
 5.8681E-02,0.00035470245679010236
 5.8701E-02,0.0013058195394471909
 5.8721E-02,0.002547118445474278
 5.8742E-02,0.004024256186084791
 5.8762E-02,0.00567259995297784
 5.8782E-02,0.007420054367451004
 5.8802E-02,0.009190216308827227
 5.8822E-02,0.010905722424081592
 5.8843E-02,0.012491640872657838
 5.8863E-02,0.01387875253303765
 5.8883E-02,0.015006570876829543
 5.8903E-02,0.015825964775913436
 5.8923E-02,0.01630127250519616
 5.8944E-02,0.016411823877726044
 5.8964E-02,0.01615281623387543
 5.8984E-02,0.01553551593864565
 5.9004E-02,0.014586779799673802
 5.9024E-02,0.013347912373896
 5.9045E-02,0.011872898204678283
 5.9065E-02,0.010226074176005316
 5.9085E-02,0.008479335470532149
 5.9105E-02,0.006708995692723248
 5.9125E-02,0.0049924430142015055
 5.9146E-02,0.0034047459200907603
 5.9166E-02,0.002015362826158812
 5.9186E-02,0.000885100830668506
 5.9206E-02,6.345341149317123e-05
 5.9226E-02,-0.00041357156823151295
 5.9247E-02,-0.0005250416125492054
 5.9267E-02,-0.00026603575276365086
 5.9287E-02,0.0003521206859771321
 5.9307E-02,0.0013023420515533865
 5.9327E-02,0.002542974626545044
 5.9348E-02,0.004019643734508237
 5.9368E-02,0.005667668261139681
 5.9388E-02,0.007414925206104574
 5.9408E-02,0.009185026769441114
 5.9428E-02,0.010900663422296276
 5.9449E-02,0.01248696678481309
 5.9469E-02,0.013874752504790278
 5.9489E-02,0.015003512279569845
 5.9509E-02,0.015824033943067316
 5.9529E-02,0.016300539750956848
 5.9550E-02,0.016412247965755293
 5.9570E-02,0.016154284034200942
 5.9590E-02,0.015537895958991342
 5.9610E-02,0.014589962292686852
 5.9630E-02,0.013351816758994686
 5.9651E-02,0.011877446342741373
 5.9671E-02,0.010231146362923263
 5.9691E-02,0.00848473544305763
 5.9711E-02,0.006714446680425562
 5.9731E-02,0.004997621193002549
 5.9752E-02,0.003409338624698907
 5.9772E-02,0.002019126291490372
 5.9792E-02,0.0008878924313203535
 5.9812E-02,6.5226151120019e-05
 5.9832E-02,-0.00041280581080632895
 5.9853E-02,-0.0005252584387894913
 5.9873E-02,-0.0002672287026389486
 5.9893E-02,0.0003499418095053145
 5.9913E-02,0.001299183708338393
 5.9933E-02,0.002538904892583778
 5.9954E-02,0.004014825081718023
 5.9974E-02,0.0056623580971492185
 5.9994E-02,0.007409440390822081
 6.0014E-02,0.009179686219556914
 6.0034E-02,0.010895733687396722
 6.0055E-02,0.012482633668366418
 6.0075E-02,0.013871128402195386
 6.0095E-02,0.015000670826562229
 6.0115E-02,0.015822050082224884
 6.0135E-02,0.01629951129948347
 6.0156E-02,0.016412285154367663
 6.0176E-02,0.016155470857362172
 6.0196E-02,0.0155402425439075
 6.0216E-02,0.0145933729497963
 6.0236E-02,0.013356091146924785
 6.0257E-02,0.011882315020151482
 6.0277E-02,0.01023632521748017
 6.0297E-02,0.00848997465090331
 6.0317E-02,0.006719553387694383
 6.0337E-02,0.005002449086345221
 6.0358E-02,0.0034137547162215827
 6.0378E-02,0.002022976777512171
 6.0398E-02,0.0008909895489879035
 6.0418E-02,6.736662659229359e-05
 6.0438E-02,-0.0004117969577656865
 6.0459E-02,-0.0005254786380137402
 6.0479E-02,-0.00026866655712001134
 6.0499E-02,0.0003474047625735947
 6.0519E-02,0.0012957391069379686
 6.0539E-02,0.002534767843312695
 6.0560E-02,0.0040101919861606425
 6.0580E-02,0.005657390526697779
 6.0600E-02,0.007404279395660819
 6.0620E-02,0.009174485330403888
 6.0640E-02,0.010890689019992785
 6.0661E-02,0.012477990991219655
 6.0681E-02,0.013867158986025046
 6.0701E-02,0.01499762418252601
 6.0721E-02,0.015820103936873397
 6.0741E-02,0.01629874107377885
 6.0762E-02,0.01641266585480093
 6.0782E-02,0.01615690847732998
 6.0802E-02,0.015542617921302071
 6.0822E-02,0.014596575740351232
 6.0842E-02,0.013360027762908807
 6.0863E-02,0.011886888755346159
 6.0883E-02,0.010241401867628099
 6.0903E-02,0.008495354972566656
 6.0923E-02,0.006724970629860258
 6.0943E-02,0.005007597236849415
 6.0964E-02,0.003418337532663573
 6.0984E-02,0.0020267570962345053
 6.1000E-02,0.0010941118353821064
