  0.000,0.0
  1.000,0.007947631662176331
  0.000,0.007947631662176331
 2.0830E-05,0.008375822260805865
 4.1660E-05,0.009551435081284794
 6.2490E-05,0.011555355790444564
 8.3320E-05,0.014201251784155567
 1.0415E-04,0.016482305325167364
 1.2498E-04,0.01772881244673156
 1.4581E-04,0.017773595066414655
 1.6664E-04,0.016660579139005226
 1.8747E-04,0.014924064222465994
 2.0830E-04,0.013500213679646588
 2.2913E-04,0.012741435304849873
 2.4996E-04,0.012405088351282767
 2.7079E-04,0.012171403492087878
 2.9162E-04,0.011419100472288673
 3.1245E-04,0.009579333641444863
 3.3328E-04,0.006872255902936052
 3.5411E-04,0.003967160548777717
 3.7494E-04,0.001465213225449642
 3.9577E-04,-2.0180542532398848e-05
 4.1660E-04,-0.00023644246788433795
 4.3743E-04,0.00030851805499216135
 4.5826E-04,0.0009348612419420101
 4.7909E-04,0.0012352450190918607
 4.9992E-04,0.0009948428160934072
 5.2075E-04,0.00047033530885507195
 5.4158E-04,0.0003917446493019493
 5.6241E-04,0.001304666199945534
 5.8324E-04,0.0032869981956625575
 6.0407E-04,0.0060759934268774605
 6.2490E-04,0.009023992218821008
 6.4573E-04,0.011341649668749575
 6.6656E-04,0.012672432919172595
 6.8739E-04,0.013186028534554719
 7.0822E-04,0.013320268848023356
 7.2905E-04,0.01364079265720558
 7.4988E-04,0.014540710862493363
 7.7071E-04,0.01586492762604723
 7.9154E-04,0.017039124048593368
 8.1237E-04,0.017477834371882894
 8.3320E-04,0.01677102662380579
 8.5403E-04,0.014903692192951947
 8.7486E-04,0.012410056793490339
 8.9569E-04,0.010010949077774084
 9.1652E-04,0.008196278889522835
 9.3735E-04,0.0071224047966287
 9.5818E-04,0.006524444642704981
 9.7901E-04,0.00581757911447659
 9.9984E-04,0.00454831361089908
 1.0207E-03,0.0026800894514693624
 1.0415E-03,0.0005552445385267656
 1.0623E-03,-0.001209764967815027
 1.0832E-03,-0.0019957032498898715
 1.1040E-03,-0.001571518705138322
 1.1248E-03,-0.00019600840947088635
 1.1456E-03,0.0015816625752199012
 1.1665E-03,0.003165797041451266
 1.1873E-03,0.004196674264746165
 1.2081E-03,0.004777655362926408
 1.2290E-03,0.005372718289100522
 1.2498E-03,0.00647588434931983
 1.2706E-03,0.008354099966630717
 1.2915E-03,0.010877903757015193
 1.3123E-03,0.01350457902777162
 1.3331E-03,0.015563247264237712
 1.3539E-03,0.016613798438848065
 1.3748E-03,0.016609827569160074
 1.3956E-03,0.015903053652329406
 1.4164E-03,0.015073155677812292
 1.4373E-03,0.014574568527327247
 1.4581E-03,0.014478961496026451
 1.4789E-03,0.014484705783432633
 1.4998E-03,0.014083569085203515
 1.5206E-03,0.012834843267334969
 1.5414E-03,0.0106602218982909
 1.5622E-03,0.00791772573709731
 1.5831E-03,0.005214447393821306
 1.6039E-03,0.0031323496113984375
 1.6247E-03,0.001965884412618479
 1.6456E-03,0.0015781254456345237
 1.6664E-03,0.001515072376302873
 1.6872E-03,0.001299659854638958
 1.7081E-03,0.0006951222257537887
 1.7289E-03,-0.000159934118383015
 1.7497E-03,-0.0008018978161338805
 1.7705E-03,-0.0007008802923495382
 1.7914E-03,0.0004324906444737685
 1.8122E-03,0.002492557199044739
 1.8330E-03,0.005017834355916341
 1.8539E-03,0.0073978113811713625
 1.8747E-03,0.009178780447452052
 1.8955E-03,0.010279604771376285
 1.9164E-03,0.010980650865244945
 1.9372E-03,0.011734445687809696
 1.9580E-03,0.012895728389488053
 1.9788E-03,0.014487412542481808
 1.9997E-03,0.016158727472769162
 2.0205E-03,0.017366112771037
 2.0413E-03,0.017647242808451282
 2.0622E-03,0.016855086399829914
 2.0830E-03,0.015244252567701982
 2.1038E-03,0.01333845943708235
 2.1247E-03,0.011653106737736889
 2.1455E-03,0.010445265011534397
 2.1663E-03,0.00960915045393959
 2.1871E-03,0.008761356800727737
 2.2080E-03,0.007487377739978635
 2.2288E-03,0.0056091893860732624
 2.2496E-03,0.003312067567756494
 2.2705E-03,0.0010764089527845635
 2.2913E-03,-0.0005439036024831821
 2.3121E-03,-0.001194354619956383
 2.3330E-03,-0.0008906705290418846
 2.3538E-03,1.3171933219323839e-05
 2.3746E-03,0.0010261133598380575
 2.3954E-03,0.001780548016413152
 2.4163E-03,0.0022248574221284774
 2.4371E-03,0.0026358243541682656
 2.4579E-03,0.0034402861266627253
 2.4788E-03,0.004956866109564546
 2.4996E-03,0.007195395131555236
 2.5204E-03,0.009814000670652303
 2.5413E-03,0.012266822267572818
 2.5621E-03,0.014065242170572558
 2.5829E-03,0.015003099622971479
 2.6037E-03,0.015230884709615687
 2.6246E-03,0.015146606655235694
 2.6454E-03,0.0151566969176393
 2.6662E-03,0.0154384491779543
 2.6871E-03,0.01583980930997166
 2.7079E-03,0.015964767498124463
 2.7287E-03,0.01539413501722059
 2.7496E-03,0.013927955913537494
 2.7704E-03,0.011715966436900127
 2.7912E-03,0.00920062908843115
 2.8120E-03,0.006908779864037946
 2.8329E-03,0.005205254960326109
 2.8537E-03,0.004134613102163516
 2.8745E-03,0.003436369700697513
 2.8954E-03,0.002725650419471995
 2.9162E-03,0.0017345461624123117
 2.9370E-03,0.00048254166774529825
 2.9579E-03,-0.0007124424618882139
 2.9787E-03,-0.0013911716638058034
 2.9995E-03,-0.0011947465206141002
 3.0203E-03,-5.652715872980752e-05
 3.0412E-03,0.0017572304584416887
 3.0620E-03,0.003776450280144162
 3.0828E-03,0.00555920212300284
 3.1037E-03,0.006902428907356846
 3.1245E-03,0.007916188883346756
 3.1453E-03,0.008925291902779301
 3.1662E-03,0.010255691038649178
 3.1870E-03,0.012020660428359808
 3.2078E-03,0.014023956443693331
 3.2286E-03,0.01583518096966292
 3.2495E-03,0.016995409726272094
 3.2703E-03,0.01724174720007479
 3.2911E-03,0.016632500511676633
 3.3120E-03,0.015505942065361305
 3.3328E-03,0.014294965546658144
 3.3536E-03,0.013300505394306565
 3.3745E-03,0.012546209695592716
 3.3953E-03,0.011789708376074143
 3.4161E-03,0.01068318679725638
 3.4369E-03,0.008995258797154794
 3.4578E-03,0.006771062142593773
 3.4786E-03,0.004343299200415844
 3.4994E-03,0.002189074122691266
 3.5203E-03,0.000708319189848943
 3.5411E-03,4.176548841688184e-05
 3.5619E-03,2.5804319938345604e-05
 3.5828E-03,0.0003057133609910806
 3.6036E-03,0.0005433770938013625
 3.6244E-03,0.0006073211637216531
 3.6452E-03,0.0006425688990435943
 3.6661E-03,0.0009825852939369184
 3.6869E-03,0.0019527663756771533
 3.7077E-03,0.0036732078416682884
 3.7286E-03,0.005967051713945702
 3.7494E-03,0.008424422212249809
 3.7702E-03,0.01058873072841101
 3.7911E-03,0.012165271283594417
 3.8119E-03,0.013140867706457629
 3.8327E-03,0.01375282955265639
 3.8535E-03,0.014326249029982691
 3.8744E-03,0.015069339244820897
 3.8952E-03,0.01593932394422371
 3.9160E-03,0.016651765355386924
 3.9369E-03,0.016827496432074734
 3.9577E-03,0.01619763946361687
 3.9785E-03,0.014755872993796795
 3.9994E-03,0.012775230997012239
 4.0202E-03,0.010680814264070942
 4.0410E-03,0.00884770933158224
 4.0618E-03,0.007432156256756232
 4.0827E-03,0.006325118125220283
 4.1035E-03,0.005251059997460486
 4.1243E-03,0.003955765456993535
 4.1452E-03,0.0023794394754386374
 4.1660E-03,0.0007206548600027557
 4.1868E-03,-0.0006439147486774276
 4.2077E-03,-0.001341097759553092
 4.2285E-03,-0.0011863921437489885
 4.2493E-03,-0.00027366210309513793
 4.2702E-03,0.001077527770381253
 4.2910E-03,0.002487692416500647
 4.3118E-03,0.0037069096126999767
 4.3326E-03,0.004726292831427572
 4.3535E-03,0.005752789665957254
 4.3743E-03,0.007063214134995954
 4.3951E-03,0.008818345087761335
 4.4160E-03,0.010938989129599746
 4.4368E-03,0.013112226711637913
 4.4576E-03,0.014925361597537554
 4.4785E-03,0.016056021002348157
 4.4993E-03,0.016417005878572116
 4.5201E-03,0.01617921644039732
 4.5409E-03,0.01566188637617625
 4.5618E-03,0.015151069371827919
 4.5826E-03,0.014745362935848494
 4.6034E-03,0.014311801684051767
 4.6243E-03,0.013574535069553799
 4.6451E-03,0.012286941879760434
 4.6659E-03,0.01039267759624168
 4.6867E-03,0.008087523285998377
 4.7076E-03,0.005748112025079756
 4.7284E-03,0.0037655068112824592
 4.7492E-03,0.0023723901524003326
 4.7701E-03,0.0015553583737582457
 4.7909E-03,0.0010972439520845639
 4.8117E-03,0.0007241308433183933
 4.8326E-03,0.0002759278892463658
 4.8534E-03,-0.00019244392355570878
 4.8742E-03,-0.0004339939435942714
 4.8950E-03,-0.0001438302311205956
 4.9159E-03,0.000868558307860704
 4.9367E-03,0.0025621905580847128
 4.9575E-03,0.004665909977637505
 4.9784E-03,0.006797701835090175
 4.9992E-03,0.008638297484465174
 5.0200E-03,0.010066583996323866
 5.0409E-03,0.011185622628705216
 5.0617E-03,0.012227573067706788
 5.0825E-03,0.01339121040332599
 5.1034E-03,0.014701738477448049
 5.1242E-03,0.01596984735107061
 5.1450E-03,0.016872671318259067
 5.1658E-03,0.0171131755078661
 5.1867E-03,0.016572134712765203
 5.2075E-03,0.015370981140376251
 5.2283E-03,0.013812179114553395
 5.2492E-03,0.012229954977416971
 5.2700E-03,0.010831999045758618
 5.2908E-03,0.009616596869456054
 5.3117E-03,0.008408043743420045
 5.3325E-03,0.006988900662087606
 5.3533E-03,0.005255456493911396
 5.3741E-03,0.0033107668509560597
 5.3950E-03,0.001443972440495784
 5.4158E-03,6.36316592460078e-06
 5.4366E-03,-0.0007496681160428943
 5.4575E-03,-0.0007830533994586873
 5.4783E-03,-0.0002687956715129965
 5.4991E-03,0.0005060019939417812
 5.5200E-03,0.0012977866973573685
 5.5408E-03,0.0020297429891713526
 5.5616E-03,0.0028167073634393224
 5.5824E-03,0.0038797266049683523
 5.6033E-03,0.005398017153147559
 5.6241E-03,0.007379708163685318
 5.6449E-03,0.009622312661939763
 5.6658E-03,0.011785270175586747
 5.6866E-03,0.01353646093705636
 5.7074E-03,0.014694898456205937
 5.7282E-03,0.01529418656402468
 5.7491E-03,0.015534384834989874
 5.7699E-03,0.0156502392074952
 5.7907E-03,0.01576849322944744
 5.8116E-03,0.015832052160504755
 5.8324E-03,0.015631795960467824
 5.8532E-03,0.014928141599486165
 5.8741E-03,0.013595785122643606
 5.8949E-03,0.011712642328576262
 5.9157E-03,0.009544430217027507
 5.9365E-03,0.007432829218329128
 5.9574E-03,0.005646916113111924
 5.9782E-03,0.0042766656794020995
 5.9990E-03,0.003223867918288305
 6.0199E-03,0.0022928881683238955
 6.0407E-03,0.0013300267478615416
 6.0615E-03,0.00033461443553942224
 6.0824E-03,-0.000519028292699786
 6.1032E-03,-0.0009609095387999812
 6.1240E-03,-0.000763167420496864
 6.1449E-03,0.00013788045590254591
 6.1657E-03,0.0016009534630021828
 6.1865E-03,0.0033420027417318835
 6.2073E-03,0.005065927543373488
 6.2282E-03,0.006597433636547674
 6.2490E-03,0.00794175725957327
 6.2698E-03,0.009244385773453863
 6.2907E-03,0.010673713287253108
 6.3115E-03,0.01229206293595246
 6.3323E-03,0.013986361790529466
 6.3532E-03,0.015497067891513642
 6.3740E-03,0.01653059215721322
 6.3948E-03,0.01689527735411463
 6.4156E-03,0.01658833533889647
 6.4365E-03,0.015787773891706776
 6.4573E-03,0.014754694199446422
 6.4781E-03,0.013699400458998924
 6.4990E-03,0.012683530167540008
 6.5198E-03,0.011610058741371785
 6.5406E-03,0.010304930211283283
 6.5614E-03,0.008644369032477027
 6.5823E-03,0.006657430720744435
 6.6031E-03,0.004547106194903598
 6.6239E-03,0.0026176109887419874
 6.6448E-03,0.0011461655049352388
 6.6656E-03,0.000267183635223431
 6.6864E-03,-7.037460337864772e-05
 6.7073E-03,-5.1391038953609635e-05
 6.7281E-03,0.00012180281855626985
 6.7489E-03,0.0003467988553810675
 6.7697E-03,0.0006759061861149516
 6.7906E-03,0.0012792822166839918
 6.8114E-03,0.0023372335006374696
 6.8322E-03,0.003920835968070836
 6.8531E-03,0.005926195837617868
 6.8739E-03,0.008098638800927194
 6.8947E-03,0.01013470053620375
 6.9156E-03,0.01180808675191928
 6.9364E-03,0.01305318633771565
 6.9572E-03,0.013962972834486902
 6.9780E-03,0.014704538608743645
 6.9989E-03,0.01539983646030726
 7.0197E-03,0.016037470361906333
 7.0405E-03,0.016463914685837886
 7.0614E-03,0.01645905813942475
 7.0822E-03,0.015855090859696455
 7.1030E-03,0.014634259146508163
 7.1239E-03,0.012952515317248656
 7.1447E-03,0.011076192685887939
 7.1655E-03,0.0092656171466854
 7.1864E-03,0.007667649267821538
 7.2072E-03,0.0062735751150151025
 7.2280E-03,0.004962918947243591
 7.2488E-03,0.0036072319065091852
 7.2697E-03,0.0021758147541645336
 7.2905E-03,0.0007848118404044004
 7.3113E-03,-0.0003377784148979573
 7.3322E-03,-0.0009529196002418657
 7.3530E-03,-0.0009233940892211056
 7.3738E-03,-0.0002785949672328296
 7.3947E-03,0.0008028678397543379
 7.4155E-03,0.0020827966788523953
 7.4363E-03,0.00337689129471923
 7.4571E-03,0.0046314976789147925
 7.4780E-03,0.005923477576458241
 7.4988E-03,0.007384993699953636
 7.5196E-03,0.009095673873923056
 7.5405E-03,0.011002069228734888
 7.5613E-03,0.0129093099647008
 7.5821E-03,0.01455068373867882
 7.6029E-03,0.015698733393783307
 7.6238E-03,0.016259107897101496
 7.6446E-03,0.01629782953822849
 7.6654E-03,0.015988664204686164
 7.6863E-03,0.015510256607086204
 7.7071E-03,0.014949290960864552
 7.7279E-03,0.01426191571470246
 7.7488E-03,0.013313488521462729
 7.7696E-03,0.011973960898814171
 7.7904E-03,0.010216062330557898
 7.8112E-03,0.008162065752596231
 7.8321E-03,0.006052886438133529
 7.8529E-03,0.004155243053319773
 7.8737E-03,0.002655779647288351
 7.8946E-03,0.001597614309243889
 7.9154E-03,0.0008915179143104621
 7.9362E-03,0.0003936492336225933
 7.9571E-03,6.239456702102737e-06
 7.9779E-03,-0.00025414553260920994
 7.9987E-03,-0.0002579778437662453
 8.0195E-03,0.00016710763106902586
 8.0404E-03,0.001135666343577823
 8.0612E-03,0.0026279899569234258
 8.0820E-03,0.00447949077999351
 8.1029E-03,0.006442188284900301
 8.1237E-03,0.00828598174311022
 8.1445E-03,0.009886342663571983
 8.1654E-03,0.011252805660521026
 8.1862E-03,0.012484902011692186
 8.2070E-03,0.013681422380846233
 8.2278E-03,0.014853852686930125
 8.2487E-03,0.015892110429445203
 8.2695E-03,0.016601981575787746
 8.2903E-03,0.016794584603379743
 8.3112E-03,0.016379912085276314
 8.3320E-03,0.01541426287710005
 8.3528E-03,0.014076287527324718
 8.3737E-03,0.012584788926956662
 8.3945E-03,0.011102445418816786
 8.4153E-03,0.00967654924939398
 8.4361E-03,0.00824719766050849
 8.4570E-03,0.006716554988546506
 8.4778E-03,0.005039796465393956
 8.4986E-03,0.0032868934028052444
 8.5195E-03,0.0016405172372759157
 8.5403E-03,0.000330116272001593
 8.5611E-03,-0.0004632740472804809
 8.5820E-03,-0.0006812819099371152
 8.6028E-03,-0.0004027389015818559
 8.6236E-03,0.00020815635258893155
 8.6444E-03,0.000991316127831352
 8.6653E-03,0.0018694470717341431
 8.6861E-03,0.0028739766319801794
 8.7069E-03,0.004105274762888838
 8.7278E-03,0.005650004021305698
 8.7486E-03,0.007501634360525606
 8.7694E-03,0.009528364817094745
 8.7903E-03,0.0115070333811695
 8.8111E-03,0.013206005509054795
 8.8319E-03,0.014473707778303488
 8.8527E-03,0.015286579018559834
 8.8736E-03,0.01573224313187265
 8.8944E-03,0.01593864998993428
 8.9152E-03,0.015988796419485186
 8.9361E-03,0.015867855417880543
 8.9569E-03,0.015471387077988787
 8.9777E-03,0.014669788884750077
 8.9986E-03,0.013393472702892059
 9.0194E-03,0.011691985074117499
 9.0402E-03,0.0097344028111918
 9.0610E-03,0.007750040107532898
 9.0819E-03,0.005940510112411635
 9.1027E-03,0.0044092038475632605
 9.1235E-03,0.003144373897625178
 9.1444E-03,0.002062828789692355
 9.1652E-03,0.0010886304478673516
 9.1860E-03,0.0002226877962215693
 9.2069E-03,-0.00043541561775248315
 9.2277E-03,-0.0007257498143154491
 9.2485E-03,-0.0005061357621946722
 9.2693E-03,0.00027194147564082625
 9.2902E-03,0.0015304082618512209
 9.3110E-03,0.003092411609830606
 9.3318E-03,0.004756161890162903
 9.3527E-03,0.006375730014244212
 9.3735E-03,0.007906458475514846
 9.3943E-03,0.009392164363737184
 9.4152E-03,0.01090297814489311
 9.4360E-03,0.012459307844392998
 9.4568E-03,0.013984684509349218
 9.4776E-03,0.015314335417426682
 9.4985E-03,0.016255967476772912
 9.5193E-03,0.016670878472601167
 9.5401E-03,0.016532460627976874
 9.5610E-03,0.015931337825148884
 9.5818E-03,0.015025095459884206
 9.6026E-03,0.0139601738958022
 9.6235E-03,0.012807974903972749
 9.6443E-03,0.011548894573405726
 9.6651E-03,0.010111569390864245
 9.6859E-03,0.00844452450944286
 9.7068E-03,0.0065799081127114285
 9.7276E-03,0.004653436918033577
 9.7484E-03,0.0028685045491597164
 9.7693E-03,0.0014225919801056548
 9.7901E-03,0.0004343240376074775
 9.8109E-03,-9.103725681330205e-05
 9.8318E-03,-0.00024066777045711878
 9.8526E-03,-0.00013051662304114942
 9.8734E-03,0.00016581812552268383
 9.8942E-03,0.0006569648142067904
 9.9151E-03,0.0014211331827950675
 9.9359E-03,0.0025484484869521926
 9.9567E-03,0.004070283512369534
 9.9776E-03,0.0059146942982733946
 9.9984E-03,0.007913024288292566
 1.0019E-02,0.00985524803882301
 1.0040E-02,0.011565523263144003
 1.0061E-02,0.012958747915928598
 1.0082E-02,0.014049378437065196
 1.0103E-02,0.014909630058429728
 1.0123E-02,0.015601392804875451
 1.0144E-02,0.016120033571727154
 1.0165E-02,0.016381332001682073
 1.0186E-02,0.016259007959765828
 1.0207E-02,0.015652605964105237
 1.0228E-02,0.014548897694553822
 1.0248E-02,0.013043374596734844
 1.0269E-02,0.011309877073026404
 1.0290E-02,0.009534205808259347
 1.0311E-02,0.007846603695132211
 1.0332E-02,0.006288093555434187
 1.0353E-02,0.00482696022793324
 1.0373E-02,0.003414436429497531
 1.0394E-02,0.002047619939978853
 1.0415E-02,0.0008040785607277886
 1.0436E-02,-0.00017173143304779093
 1.0457E-02,-0.0007238023838611829
 1.0477E-02,-0.0007525644719062166
 1.0498E-02,-0.00025955674118656403
 1.0519E-02,0.0006547021993061258
 1.0540E-02,0.0018381410151140066
 1.0561E-02,0.0031543562925918514
 1.0582E-02,0.004533968375569535
 1.0602E-02,0.0059835192885054
 1.0623E-02,0.007548618021978698
 1.0644E-02,0.009252923921016062
 1.0665E-02,0.011047593260384684
 1.0686E-02,0.012800038441806431
 1.0707E-02,0.014329485823755116
 1.0727E-02,0.01547146066650233
 1.0748E-02,0.0161376716156227
 1.0769E-02,0.016340237242420726
 1.0790E-02,0.01616839372915522
 1.0811E-02,0.01573127992869936
 1.0832E-02,0.015098301165326613
 1.0852E-02,0.014269307442875823
 1.0873E-02,0.013190141821182857
 1.0894E-02,0.011804181071841897
 1.0915E-02,0.010110835343565452
 1.0936E-02,0.008198179395136382
 1.0957E-02,0.006230897746171237
 1.0977E-02,0.004398836849239167
 1.0998E-02,0.0028525639315909413
 1.1019E-02,0.0016590861526011049
 1.1040E-02,0.0007998031285402332
 1.1061E-02,0.00020998952390156964
 1.1082E-02,-0.00016303169373853293
 1.1102E-02,-0.00031548784902186923
 1.1123E-02,-0.0001810339084988916
 1.1144E-02,0.0003336993061287119
 1.1165E-02,0.0012912929183661057
 1.1186E-02,0.0026750596569977214
 1.1207E-02,0.004376586625482513
 1.1227E-02,0.006226741936164343
 1.1248E-02,0.008054407850047943
 1.1269E-02,0.009742564944831342
 1.1290E-02,0.011253089941718445
 1.1311E-02,0.0126087384821436
 1.1332E-02,0.01384395639272414
 1.1352E-02,0.014952846683129404
 1.1373E-02,0.01586384126783052
 1.1394E-02,0.01645582758261994
 1.1415E-02,0.016607753999309294
 1.1436E-02,0.016255409525790996
 1.1456E-02,0.015425037255301543
 1.1477E-02,0.014225819369263518
 1.1498E-02,0.012805278311991925
 1.1519E-02,0.011291304951181271
 1.1540E-02,0.00975124680274524
 1.1561E-02,0.008188770968166089
 1.1581E-02,0.006578466883154815
 1.1602E-02,0.004917663392565301
 1.1623E-02,0.0032657443396599066
 1.1644E-02,0.0017482180979481255
 1.1665E-02,0.0005220363623586947
 1.1686E-02,-0.0002803145425756757
 1.1706E-02,-0.0005989550992137518
 1.1727E-02,-0.00046215777262238473
 1.1748E-02,3.810817360599375e-05
 1.1769E-02,0.000796805077654968
 1.1790E-02,0.0017451703619230105
 1.1811E-02,0.0028725425381594637
 1.1831E-02,0.004209757917482692
 1.1852E-02,0.005784277687329108
 1.1873E-02,0.007572629474224903
 1.1894E-02,0.009477242876228413
 1.1915E-02,0.011341597946229813
 1.1936E-02,0.012996950464447408
 1.1956E-02,0.01431690639294142
 1.1977E-02,0.015251939508971968
 1.1998E-02,0.015826793026027342
 1.2019E-02,0.016103654623851077
 1.2040E-02,0.016132210534531153
 1.2061E-02,0.01591433283771751
 1.2081E-02,0.015402733053588715
 1.2102E-02,0.014534096975269728
 1.2123E-02,0.013278251203105544
 1.2144E-02,0.011676059431927151
 1.2165E-02,0.009844734497371785
 1.2186E-02,0.007946747173226448
 1.2206E-02,0.006137973955815385
 1.2227E-02,0.004521633919020819
 1.2248E-02,0.0031311300656759696
 1.2269E-02,0.0019491349469708263
 1.2290E-02,0.0009507510272196975
 1.2311E-02,0.00014585176788363906
 1.2331E-02,-0.0004034523203712467
 1.2352E-02,-0.000600446094574335
 1.2373E-02,-0.00035749664434593425
 1.2394E-02,0.00035752847996250016
 1.2415E-02,0.001497077706570005
 1.2436E-02,0.0029451466083649904
 1.2456E-02,0.0045583016293122254
 1.2477E-02,0.00621518201450081
 1.2498E-02,0.007848988710288348
 1.2519E-02,0.009446991878341882
 1.2540E-02,0.011019107319180143
 1.2560E-02,0.012554336659559313
 1.2581E-02,0.01399030314371387
 1.2602E-02,0.015213829785249895
 1.2623E-02,0.016093510552997136
 1.2644E-02,0.01652774703472725
 1.2665E-02,0.016483213056345255
 1.2685E-02,0.01600373797312346
 1.2706E-02,0.015185388086772193
 1.2727E-02,0.014131475408702803
 1.2748E-02,0.012911617454129363
 1.2769E-02,0.011546266277685431
 1.2790E-02,0.010023908205099337
 1.2810E-02,0.008340191575908306
 1.2831E-02,0.006536288714063521
 1.2852E-02,0.004714245816428308
 1.2873E-02,0.0030195825045720914
 1.2894E-02,0.0015991223944950444
 1.2915E-02,0.00055536731902937
 1.2935E-02,-7.946452376782263e-05
 1.2956E-02,-0.000337192426678312
 1.2977E-02,-0.0002798439429190613
 1.2998E-02,4.2633455553288e-05
 1.3019E-02,0.0006199178708381002
 1.3040E-02,0.0014793602676733922
 1.3060E-02,0.002656107257241145
 1.3081E-02,0.004152229715216673
 1.3102E-02,0.005907900794219604
 1.3123E-02,0.007801297418924576
 1.3144E-02,0.009678539320862415
 1.3165E-02,0.011398932331633017
 1.3185E-02,0.012872686756688251
 1.3206E-02,0.014072468452007575
 1.3227E-02,0.015014300157417063
 1.3248E-02,0.015719767956370378
 1.3269E-02,0.016181308252394916
 1.3290E-02,0.01635029350095892
 1.3310E-02,0.01615489816380733
 1.3331E-02,0.015538271328344122
 1.3352E-02,0.014496296557195622
 1.3373E-02,0.013094243964155572
 1.3394E-02,0.011452841876015769
 1.3415E-02,0.009710577406868759
 1.3435E-02,0.007981544201886126
 1.3456E-02,0.00633018136072129
 1.3477E-02,0.004774809257310644
 1.3498E-02,0.0033161692625576227
 1.3519E-02,0.001973728385900994
 1.3539E-02,0.000808533127158268
 1.3560E-02,-8.105422112840508e-05
 1.3581E-02,-0.000589497000719981
 1.3602E-02,-0.0006446946904060855
 1.3623E-02,-0.00023784661525865517
 1.3644E-02,0.0005730351137238324
 1.3664E-02,0.0016876320178613963
 1.3685E-02,0.0030027822811175943
 1.3706E-02,0.0044462107400891
 1.3727E-02,0.00598735837734983
 1.3748E-02,0.007620847533056479
 1.3769E-02,0.009333100598747302
 1.3789E-02,0.01107179266224061
 1.3810E-02,0.012736249970995846
 1.3831E-02,0.014195508463751269
 1.3852E-02,0.015325716384396658
 1.3873E-02,0.016048031932915482
 1.3894E-02,0.01634780676368204
 1.3914E-02,0.016265816991250064
 1.3935E-02,0.01586716808944728
 1.3956E-02,0.01520519643670351
 1.3977E-02,0.014299925906723507
 1.3998E-02,0.013142290361077053
 1.4019E-02,0.011721009061156749
 1.4039E-02,0.010056496598237324
 1.4060E-02,0.008222252076261103
 1.4081E-02,0.006340873085855928
 1.4102E-02,0.004555480812435455
 1.4123E-02,0.0029905058354028277
 1.4144E-02,0.0017213816642865944
 1.4164E-02,0.0007677886246794676
 1.4185E-02,0.00011242518995488384
 1.4206E-02,-0.0002662688549662504
 1.4227E-02,-0.00036617322952120604
 1.4248E-02,-0.00015405073189200022
 1.4269E-02,0.00041714877177570855
 1.4289E-02,0.0013756986929807605
 1.4310E-02,0.002701183414830519
 1.4331E-02,0.004313999632289586
 1.4352E-02,0.0060907588499017964
 1.4373E-02,0.0078983590953202
 1.4394E-02,0.009629689009518234
 1.4414E-02,0.011223288842653162
 1.4435E-02,0.012658119679408044
 1.4456E-02,0.013928076134872657
 1.4477E-02,0.015011713962959654
 1.4498E-02,0.015855016107788385
 1.4519E-02,0.01637767251273451
 1.4539E-02,0.016500333798482026
 1.4560E-02,0.016178690639830212
 1.4581E-02,0.015426308503214433
 1.4602E-02,0.014314002453478948
 1.4623E-02,0.012945953666580122
 1.4643E-02,0.011424997027822426
 1.4664E-02,0.009824951294323677
 1.4685E-02,0.008183653150017131
 1.4706E-02,0.006518866100950444
 1.4727E-02,0.004856735148676239
 1.4748E-02,0.0032556997947681037
 1.4768E-02,0.0018113557900539046
 1.4789E-02,0.0006381999782518728
 1.4810E-02,-0.00016319578425305474
 1.4831E-02,-0.0005370697177380752
 1.4852E-02,-0.00048582917629018613
 1.4873E-02,-5.954840817544763e-05
 1.4893E-02,0.0006721824441152508
 1.4914E-02,0.0016507457242325013
 1.4935E-02,0.0028452084476791265
 1.4956E-02,0.004247002597033185
 1.4977E-02,0.005846541028106793
 1.4998E-02,0.007605705203850425
 1.5018E-02,0.009442489485622537
 1.5039E-02,0.011237585810055564
 1.5060E-02,0.012860885537551648
 1.5081E-02,0.01420514778538466
 1.5102E-02,0.015210217838258988
 1.5123E-02,0.015866237493905113
 1.5143E-02,0.01619550347672174
 1.5164E-02,0.016223911859643773
 1.5185E-02,0.015958183308444656
 1.5206E-02,0.01538150495305243
 1.5227E-02,0.014469848247691843
 1.5248E-02,0.013219697563076099
 1.5268E-02,0.011671500736148028
 1.5289E-02,0.009915278280878227
 1.5310E-02,0.008074301089845814
 1.5331E-02,0.006274399267988804
 1.5352E-02,0.004613995600971805
 1.5373E-02,0.0031493516847597054
 1.5393E-02,0.00190118419305812
 1.5414E-02,0.0008773123372881478
 1.5435E-02,9.754487005772788e-05
 1.5456E-02,-0.0003938816115070307
 1.5477E-02,-0.0005359320304331709
 1.5498E-02,-0.00027493255033960156
 1.5518E-02,0.000407474164387676
 1.5539E-02,0.001477609536956942
 1.5560E-02,0.002853507809865829
 1.5581E-02,0.004427628610403676
 1.5602E-02,0.006097139851082136
 1.5622E-02,0.007786634147281642
 1.5643E-02,0.009452517032312846
 1.5664E-02,0.011068393792182859
 1.5685E-02,0.012601109181695599
 1.5706E-02,0.013992084053983686
 1.5727E-02,0.015155580753149503
 1.5747E-02,0.01599618683883508
 1.5768E-02,0.016437217409164914
 1.5789E-02,0.01644563558686907
 1.5810E-02,0.016040765069741163
 1.5831E-02,0.015282582762017594
 1.5852E-02,0.0142460979852417
 1.5872E-02,0.012995447324552108
 1.5893E-02,0.011571051839029218
 1.5914E-02,0.00999572423567031
 1.5935E-02,0.008295078731807171
 1.5956E-02,0.006519707448445975
 1.5977E-02,0.004755586105824892
 1.5997E-02,0.003115545441392379
 1.6018E-02,0.0017148946265028394
 1.6039E-02,0.0006428509254148083
 1.6060E-02,-5.62820176945476e-05
 1.6081E-02,-0.0003834108248221846
 1.6102E-02,-0.0003674298489063257
 1.6122E-02,-4.060101359952794e-05
 1.6143E-02,0.0005797703142617176
 1.6164E-02,0.0014935045956134241
 1.6185E-02,0.002702816690833795
 1.6206E-02,0.004189376547634683
 1.6227E-02,0.00589652469170238
 1.6247E-02,0.007727411070337847
 1.6268E-02,0.009561395215451858
 1.6289E-02,0.011281338664107963
 1.6310E-02,0.012798665885854672
 1.6331E-02,0.014064350681386542
 1.6352E-02,0.015061579968171729
 1.6372E-02,0.015785626975055672
 1.6393E-02,0.016223139491498194
 1.6414E-02,0.016343034447884642
 1.6435E-02,0.01610454679496483
 1.6456E-02,0.015478352828901896
 1.6477E-02,0.014469312148864991
 1.6497E-02,0.013128235553705035
 1.6518E-02,0.011545774867298516
 1.6539E-02,0.009830932130873334
 1.6560E-02,0.008084700885188317
 1.6581E-02,0.0063816764999813265
 1.6602E-02,0.004767914887301292
 1.6622E-02,0.0032744086715277287
 1.6643E-02,0.0019371304473282574
 1.6664E-02,0.00081119240140041
 1.6685E-02,-2.9926935938538366e-05
 1.6706E-02,-0.0005108304872475739
 1.6726E-02,-0.0005783736650918725
 1.6747E-02,-0.00022121712882646106
 1.6768E-02,0.0005253331228477385
 1.6789E-02,0.0015916552595234767
 1.6810E-02,0.0028968661841484054
 1.6831E-02,0.004370765290278942
 1.6851E-02,0.005963812268740923
 1.6872E-02,0.0076410600375957476
 1.6893E-02,0.009364844064879734
 1.6914E-02,0.011077208293486396
 1.6935E-02,0.01269320321937032
 1.6956E-02,0.014110268455655117
 1.6976E-02,0.015230136219132955
 1.6997E-02,0.015982817111491566
 1.7018E-02,0.01634096635301429
 1.7039E-02,0.016317942230012376
 1.7060E-02,0.015951425134981545
 1.7081E-02,0.01528192728406585
 1.7101E-02,0.014337874573720842
 1.7122E-02,0.013134963248174517
 1.7143E-02,0.01168939817830205
 1.7164E-02,0.010036825847461111
 1.7185E-02,0.008245502575390523
 1.7206E-02,0.00641522814496287
 1.7226E-02,0.004661168836167838
 1.7247E-02,0.0030897604383965036
 1.7268E-02,0.0017780726061450993
 1.7289E-02,0.0007661135115524271
 1.7310E-02,6.46392327136562e-05
 1.7331E-02,-0.00032713532322722227
 1.7351E-02,-0.00040455633323316093
 1.7372E-02,-0.0001511398896172741
 1.7393E-02,0.0004534744875348858
 1.7414E-02,0.0014155643328133541
 1.7435E-02,0.002709401911223739
 1.7456E-02,0.00426966178737592
 1.7476E-02,0.00599913326842383
 1.7497E-02,0.007788707563660951
 1.7518E-02,0.009540226402239303
 1.7539E-02,0.011181437590597901
 1.7560E-02,0.012666697477311533
 1.7581E-02,0.01396479076083824
 1.7601E-02,0.015042115155500673
 1.7622E-02,0.015851795254654667
 1.7643E-02,0.016335825649795646
 1.7664E-02,0.016440010607469743
 1.7685E-02,0.016134261772735733
 1.7705E-02,0.015427643776003645
 1.7726E-02,0.014370125072068094
 1.7747E-02,0.013039886190319226
 1.7768E-02,0.011522513905318105
 1.7789E-02,0.009892435097502348
 1.7810E-02,0.00820538637332552
 1.7830E-02,0.006504477208081117
 1.7851E-02,0.004834901887480423
 1.7872E-02,0.0032576509105484174
 1.7893E-02,0.001853179231283568
 1.7914E-02,0.0007115329284547623
 1.7935E-02,-8.711468179735523e-05
 1.7955E-02,-0.0004922431204137844
 1.7976E-02,-0.0004934600562585572
 1.7997E-02,-0.0001168330651778657
 1.8018E-02,0.0005904490565844852
 1.8039E-02,0.0015787022262232094
 1.8060E-02,0.0028079176864004417
 1.8080E-02,0.004247611080992112
 1.8101E-02,0.005865463625895147
 1.8122E-02,0.007612163977241054
 1.8143E-02,0.0094120727494475
 1.8164E-02,0.011166285070838368
 1.8185E-02,0.01276802300051694
 1.8205E-02,0.014123644998452976
 1.8226E-02,0.015169498975020559
 1.8247E-02,0.015877008886397228
 1.8268E-02,0.01624458521765675
 1.8289E-02,0.016281822480419584
 1.8310E-02,0.01599528199337392
 1.8330E-02,0.015383913276370944
 1.8351E-02,0.014446563271280563
 1.8372E-02,0.013197133299134139
 1.8393E-02,0.011678516016443836
 1.8414E-02,0.0099668667305157
 1.8435E-02,0.008162781934170131
 1.8455E-02,0.006372835066520553
 1.8476E-02,0.004689936014702331
 1.8497E-02,0.003181456096847896
 1.8518E-02,0.0018897865605027812
 1.8539E-02,0.0008433234767224462
 1.8560E-02,7.040643588310605e-05
 1.8580E-02,-0.0003925947273640143
 1.8601E-02,-0.0005043793680898029
 1.8622E-02,-0.00023197746196249128
 1.8643E-02,0.0004326412788229794
 1.8664E-02,0.0014615248750230005
 1.8685E-02,0.0027914715652738184
 1.8705E-02,0.0043367064015829414
 1.8726E-02,0.006007550149028449
 1.8747E-02,0.007726204268593389
 1.8768E-02,0.009432593316923664
 1.8789E-02,0.011078754100138557
 1.8809E-02,0.012616523986048293
 1.8830E-02,0.013986873692017756
 1.8851E-02,0.015118227370970214
 1.8872E-02,0.015936083102740545
 1.8893E-02,0.01637993325157059
 1.8914E-02,0.016419313387104853
 1.8934E-02,0.016061035047636972
 1.8955E-02,0.015344146962045158
 1.8976E-02,0.0143254802052248
 1.8997E-02,0.013063353251674379
 1.9018E-02,0.011607617104619267
 1.9039E-02,0.010000429448564762
 1.9059E-02,0.008286057446688751
 1.9080E-02,0.006522938946823335
 1.9101E-02,0.004789916850503338
 1.9122E-02,0.0031816839047602323
 1.9143E-02,0.0017943158868692763
 1.9164E-02,0.0007071594946944885
 1.9184E-02,-3.062076393473478e-05
 1.9205E-02,-0.00040291394860221785
 1.9226E-02,-0.0004185178990880644
 1.9247E-02,-9.717427968218318e-05
 1.9268E-02,0.0005422601764316669
 1.9289E-02,0.0014851057806100666
 1.9309E-02,0.00271420433512404
 1.9330E-02,0.004197606035625046
 1.9351E-02,0.005878215837635384
 1.9372E-02,0.0076721802069708266
 1.9393E-02,0.009478258561600813
 1.9414E-02,0.011194639642164238
 1.9434E-02,0.012735747675979585
 1.9455E-02,0.01404163637677575
 1.9476E-02,0.015076544399647463
 1.9497E-02,0.015818921583609626
 1.9518E-02,0.016249628771438082
 1.9539E-02,0.016345706280053267
 1.9559E-02,0.016083755463978888
 1.9580E-02,0.015451433020490216
 1.9601E-02,0.014460844050682143
 1.9622E-02,0.013156294679130785
 1.9643E-02,0.011611635389604465
 1.9664E-02,0.009917777604868639
 1.9684E-02,0.008165998606877788
 1.9705E-02,0.006434660324741249
 1.9726E-02,0.004784908467344122
 1.9747E-02,0.003265945399387631
 1.9768E-02,0.0019252935429348347
 1.9788E-02,0.0008168757107619483
 1.9809E-02,1.1028589583157201e-06
 1.9830E-02,-0.0004642964148644673
 1.9851E-02,-0.0005387269081566172
 1.9872E-02,-0.000211373504232923
 1.9893E-02,0.0004943477740061253
 1.9913E-02,0.0015268199337089435
 1.9934E-02,0.0028197193630349103
 1.9955E-02,0.004306298932419267
 1.9976E-02,0.005927711440032684
 1.9997E-02,0.007632142456692862
 2.0018E-02,0.009366704743494665
 2.0038E-02,0.011068085068180794
 2.0059E-02,0.012658651361129264
 2.0080E-02,0.014051750960044365
 2.0101E-02,0.015164883969282563
 2.0122E-02,0.015935057178749653
 2.0143E-02,0.016329281827907938
 2.0163E-02,0.016345592047505988
 2.0184E-02,0.016004815766972713
 2.0205E-02,0.015337998281922805
 2.0226E-02,0.014376350361677587
 2.0247E-02,0.013148835066908343
 2.0268E-02,0.011688012951987835
 2.0288E-02,0.010039997763284556
 2.0309E-02,0.008271924076402495
 2.0330E-02,0.006471509623776702
 2.0351E-02,0.004737448661680339
 2.0372E-02,0.003164238344168062
 2.0393E-02,0.0018279928586167947
 2.0413E-02,0.0007792696571513763
 2.0434E-02,4.5235543123154005e-05
 2.0455E-02,-0.0003613501952692515
 2.0476E-02,-0.00043225397993901737
 2.0497E-02,-0.0001590452555865488
 2.0518E-02,0.00046356131654859563
 2.0538E-02,0.001428102185968276
 2.0559E-02,0.0027040110693268274
 2.0580E-02,0.004232730977753209
 2.0601E-02,0.005931835575457695
 2.0622E-02,0.007707097487099569
 2.0643E-02,0.009467379219666651
 2.0663E-02,0.0111358796137192
 2.0684E-02,0.012653349857790992
 2.0705E-02,0.013973256720172186
 2.0726E-02,0.015053150745072519
 2.0747E-02,0.01584838589571677
 2.0768E-02,0.016312832774880857
 2.0788E-02,0.01640717024726701
 2.0809E-02,0.016110948332991742
 2.0830E-02,0.015432277730139523
 2.0851E-02,0.014409983492191443
 2.0872E-02,0.013106823508663708
 2.0892E-02,0.011596875981949691
 2.0913E-02,0.009953017839403496
 2.0934E-02,0.008240052970953421
 2.0955E-02,0.006515740931911813
 2.0976E-02,0.004837544028482281
 2.0997E-02,0.0032697603733530456
 2.1017E-02,0.0018855323373577564
 2.1038E-02,0.0007610835876997362
 2.1059E-02,-3.612802500976495e-05
 2.1080E-02,-0.0004602005373120547
 2.1101E-02,-0.000494663077434864
 2.1122E-02,-0.0001519706054774998
 2.1142E-02,0.0005346445469697742
 2.1163E-02,0.001522470393471675
 2.1184E-02,0.002767956888071174
 2.1205E-02,0.004228702334992162
 2.1226E-02,0.005858703541351755
 2.1247E-02,0.007600683938871528
 2.1267E-02,0.009381078006689128
 2.1288E-02,0.011111935597102078
 2.1309E-02,0.012700334335501608
 2.1330E-02,0.014061842304109923
 2.1351E-02,0.01513234167995809
 2.1372E-02,0.015873306829622277
 2.1392E-02,0.0162689964653318
 2.1413E-02,0.01631814460597405
 2.1434E-02,0.01602539514643207
 2.1455E-02,0.015397502799908803
 2.1476E-02,0.01444637178522974
 2.1497E-02,0.013196951802406041
 2.1517E-02,0.011695071070555604
 2.1538E-02,0.010010052642152831
 2.1559E-02,0.008229550363705061
 2.1580E-02,0.006448043583367101
 2.1601E-02,0.004753681673232601
 2.1622E-02,0.003218931080967966
 2.1642E-02,0.0018983667385879602
 2.1663E-02,0.0008331314805117762
 2.1684E-02,5.81299966391091e-05
 2.1705E-02,-0.0003932216360170252
 2.1726E-02,-0.0004902618793209024
 2.1747E-02,-0.00021237450948443607
 2.1767E-02,0.0004412581629130248
 2.1788E-02,0.0014446496796358971
 2.1809E-02,0.00274479847047078
 2.1830E-02,0.004268973811048287
 2.1851E-02,0.005936471112575884
 2.1871E-02,0.007669688256084451
 2.1892E-02,0.009399984043697247
 2.1913E-02,0.011066768140818938
 2.1934E-02,0.012612010522349898
 2.1955E-02,0.013974824150848764
 2.1976E-02,0.015090643211902486
 2.1996E-02,0.01589687801209274
 2.2017E-02,0.016343222244520814
 2.2038E-02,0.01640203540596722
 2.2059E-02,0.016073916815014258
 2.2080E-02,0.015385892207601148
 2.2101E-02,0.01438330027923635
 2.2121E-02,0.013119516908232863
 2.2142E-02,0.011648458914332424
 2.2163E-02,0.010022964433589564
 2.2184E-02,0.008298684837075848
 2.2205E-02,0.0065399378360483235
 2.2226E-02,0.004822788457577476
 2.2246E-02,0.003232070812449096
 2.2267E-02,0.0018523396776572757
 2.2288E-02,0.0007560664746494939
 2.2309E-02,-6.023038173561717e-06
 2.2330E-02,-0.00040857204073553317
 2.2351E-02,-0.0004483091923869573
 2.2371E-02,-0.0001364152890123893
 2.2392E-02,0.0005089133054635721
 2.2413E-02,0.0014656457266677986
 2.2434E-02,0.0027054531499158072
 2.2455E-02,0.004187597300971128
 2.2476E-02,0.005853428352831672
 2.2496E-02,0.007625662729612328
 2.2517E-02,0.009414225061127993
 2.2538E-02,0.01112704080968412
 2.2559E-02,0.012681586467953462
 2.2580E-02,0.014012626913481607
 2.2601E-02,0.015073588257830456
 2.2621E-02,0.01583233116900094
 2.2642E-02,0.016264911744868316
 2.2663E-02,0.01635173048624364
 2.2684E-02,0.016078857336523786
 2.2705E-02,0.01544418128492472
 2.2726E-02,0.014465087645569178
 2.2746E-02,0.013183220423642223
 2.2767E-02,0.011663162218568798
 2.2788E-02,0.009984866288127895
 2.2809E-02,0.008232781574611703
 2.2830E-02,0.006486155057830322
 2.2851E-02,0.004814167662161024
 2.2871E-02,0.003276835887523654
 2.2892E-02,0.0019294811033630215
 2.2913E-02,0.0008267223950886764
 2.2934E-02,2.2366538959214398e-05
 2.2955E-02,-0.0004360003544531743
 2.2975E-02,-0.0005158041063661819
 2.2996E-02,-0.00020763942870938957
 2.3017E-02,0.00047118333283934156
 2.3038E-02,0.0014795177452860602
 2.3059E-02,0.002760385205863743
 2.3080E-02,0.004250391194036264
 2.3100E-02,0.005886415434982389
 2.3121E-02,0.007607198858897971
 2.3142E-02,0.009350427436783363
 2.3163E-02,0.011048486869489373
 2.3184E-02,0.012626841291777064
 2.3205E-02,0.014007559349976304
 2.3225E-02,0.015117654700976101
 2.3246E-02,0.0158991774524382
 2.3267E-02,0.016316868964413322
 2.3288E-02,0.01636028301118788
 2.3309E-02,0.016039990831869577
 2.3330E-02,0.01538036095830356
 2.3350E-02,0.014412895547880703
 2.3371E-02,0.013173431120452194
 2.3392E-02,0.011704067944387246
 2.3413E-02,0.01005782713823038
 2.3434E-02,0.008302311843876222
 2.3455E-02,0.006519000468459017
 2.3475E-02,0.004797027519189246
 2.3496E-02,0.003223199684918139
 2.3517E-02,0.001871991026158044
 2.3538E-02,0.0007992963256343189
 2.3559E-02,4.1793750157906426e-05
 2.3580E-02,-0.0003790729863112406
 2.3600E-02,-0.0004517096941382506
 2.3621E-02,-0.00017123321817519337
 2.3642E-02,0.00045933783170015117
 2.3663E-02,0.0014241734925896294
 2.3684E-02,0.002688962771824315
 2.3705E-02,0.004198170536894863
 2.3725E-02,0.005877619013844641
 2.3746E-02,0.007642178228345096
 2.3767E-02,0.009405812957615733
 2.3788E-02,0.011090130346286156
 2.3809E-02,0.012628483782007649
 2.3830E-02,0.01396511085977305
 2.3850E-02,0.015051401990996308
 2.3871E-02,0.01584279957287019
 2.3892E-02,0.016299269830952413
 2.3913E-02,0.016390091169895312
 2.3934E-02,0.016101072533266175
 2.3954E-02,0.015440690225014733
 2.3975E-02,0.014441898177772167
 2.3996E-02,0.013158382399604839
 2.4017E-02,0.011656707231877839
 2.4038E-02,0.010007701094936742
 2.4059E-02,0.008280545659342838
 2.4079E-02,0.006541329237319206
 2.4100E-02,0.004855247446455446
 2.4121E-02,0.0032895867448191427
 2.4142E-02,0.0019142118623672755
 2.4163E-02,0.0007977058082676268
 2.4184E-02,-2.0640946941301135e-07
 2.4204E-02,-0.000437132199904461
 2.4225E-02,-0.0004938554984319339
 2.4246E-02,-0.00017516808000422602
 2.4267E-02,0.0004943103537408998
 2.4288E-02,0.0014769751720282698
 2.4309E-02,0.002728330256707775
 2.4329E-02,0.004199684231025178
 2.4350E-02,0.005836958100910951
 2.4371E-02,0.007577478357484331
 2.4392E-02,0.00934791794516503
 2.4413E-02,0.011066061485621587
 2.4434E-02,0.012647075467983826
 2.4454E-02,0.014012539160878834
 2.4475E-02,0.015098948429547027
 2.4496E-02,0.015862575078150747
 2.4517E-02,0.016279354610487146
 2.4538E-02,0.016340918091935053
 2.4559E-02,0.016049665487859303
 2.4579E-02,0.015415951479263236
 2.4600E-02,0.014458950591623882
 2.4621E-02,0.013210425754529945
 2.4642E-02,0.011718730108984044
 2.4663E-02,0.010049960282233919
 2.4684E-02,0.008284473873191398
 2.4704E-02,0.006509282569295821
 2.4725E-02,0.004808895297048291
 2.4746E-02,0.003257909972964548
 2.4767E-02,0.001917664657288021
 2.4788E-02,0.0008371087275790955
 2.4809E-02,5.590812938920261e-05
 2.4829E-02,-0.000393194899473501
 2.4850E-02,-0.000485072275066614
 2.4871E-02,-0.00020629982928292029
 2.4892E-02,0.00043916583976647363
 2.4913E-02,0.0014257250516323307
 2.4934E-02,0.0027058587250526345
 2.4954E-02,0.004214586390885695
 2.4975E-02,0.005877164505867601
 2.4996E-02,0.007617064002811494
 2.5017E-02,0.009361347760299206
 2.5038E-02,0.011042138036152392
 2.5058E-02,0.0125950614874873
 2.5079E-02,0.013957193839438956
 2.5100E-02,0.015067218412860703
 2.5121E-02,0.01586916922884246
 2.5142E-02,0.01631898994632288
 2.5163E-02,0.016391373568870812
 2.5183E-02,0.016083918481753768
 2.5204E-02,0.015416780993680141
 2.5225E-02,0.014428108009637158
 2.5246E-02,0.013167466063198466
 2.5267E-02,0.011690215551590773
 2.5288E-02,0.01005493921479305
 2.5308E-02,0.008324101409899014
 2.5329E-02,0.006566153759662226
 2.5350E-02,0.00485638109989469
 2.5371E-02,0.0032743939761883363
 2.5392E-02,0.0018979804365723781
 2.5413E-02,0.0007950477669428561
 2.5433E-02,1.652424937729916e-05
 2.5454E-02,-0.0004072576678031962
 2.5475E-02,-0.00046581926415982994
 2.5496E-02,-0.00016461220337960213
 2.5517E-02,0.0004795361447981488
 2.5538E-02,0.0014410866196018944
 2.5558E-02,0.0026854261386164095
 2.5579E-02,0.004166319367534158
 2.5600E-02,0.005823496365110119
 2.5621E-02,0.007582879617199029
 2.5642E-02,0.009360732022360862
 2.5663E-02,0.011071038592574436
 2.5683E-02,0.012633777218664552
 2.5704E-02,0.013981277027368533
 2.5725E-02,0.01506084771581299
 2.5746E-02,0.01583375440533458
 2.5767E-02,0.016272389870710675
 2.5788E-02,0.016358208113700267
 2.5808E-02,0.0160822620288305
 2.5829E-02,0.015448444498913022
 2.5850E-02,0.014477729641190403
 2.5871E-02,0.013210838585939536
 2.5892E-02,0.011707291529415312
 2.5913E-02,0.010040467678159129
 2.5933E-02,0.008290184242335743
 2.5954E-02,0.006535414179049687
 2.5975E-02,0.0048495084354564615
 2.5996E-02,0.003298828765868163
 2.6017E-02,0.0019438340062437737
 2.6037E-02,0.0008404043364132361
 2.6058E-02,3.9204210019364786e-05
 2.6079E-02,-0.000417850164372641
 2.6100E-02,-0.000503138247024107
 2.6121E-02,-0.00020864383930924222
 2.6142E-02,0.00045141296286771036
 2.6162E-02,0.001441949658333076
 2.6183E-02,0.0027119178052838946
 2.6204E-02,0.004200685675758115
 2.6225E-02,0.005843394824933505
 2.6246E-02,0.007573615358810258
 2.6267E-02,0.009323305088679765
 2.6287E-02,0.011021682803667984
 2.6308E-02,0.012595284653476355
 2.6329E-02,0.013970831420562883
 2.6350E-02,0.01508094570802278
 2.6371E-02,0.01587108741319774
 2.6392E-02,0.016305232382418967
 2.6412E-02,0.016368263246013624
 2.6433E-02,0.016064536883866467
 2.6454E-02,0.015413837407049128
 2.6475E-02,0.014446985672542193
 2.6496E-02,0.01320320092255242
 2.6517E-02,0.011730015622765766
 2.6537E-02,0.010084853301878775
 2.6558E-02,0.008336221028154919
 2.6579E-02,0.006562475402499224
 2.6600E-02,0.004847288978589919
 2.6621E-02,0.0032726395436778917
 2.6642E-02,0.0019114534773133753
 2.6662E-02,0.000822256721968313
 2.6683E-02,4.721163090643616e-05
 2.6704E-02,-0.0003867242259203266
 2.6725E-02,-0.0004652096298309708
 2.6746E-02,-0.00018465375925625038
 2.6767E-02,0.0004475099073506424
 2.6787E-02,0.0014105026872817722
 2.6808E-02,0.0026673782978624424
 2.6829E-02,0.00416384323714266
 2.6850E-02,0.005830277406243701
 2.6871E-02,0.0075870489253348425
 2.6892E-02,0.009351657479852761
 2.6912E-02,0.011045415900058149
 2.6933E-02,0.012597724535268076
 2.6954E-02,0.013947312705536096
 2.6975E-02,0.015041399379244761
 2.6996E-02,0.015834711177080595
 2.7017E-02,0.016290166293871478
 2.7037E-02,0.016381872558458455
 2.7058E-02,0.016099540540616197
 2.7079E-02,0.015452329873230657
 2.7100E-02,0.014470125151174938
 2.7121E-02,0.013201295961403318
 2.7141E-02,0.011707568353799198
 2.7162E-02,0.010057882397083632
 2.7183E-02,0.008323374319798635
 2.7204E-02,0.006574779791904367
 2.7225E-02,0.004882080971329361
 2.7246E-02,0.003314921729693141
 2.7266E-02,0.0019418952721036694
 2.7287E-02,0.0008274856174541529
 2.7308E-02,2.6842556438331838e-05
 2.7329E-02,-0.0004200749994157688
 2.7350E-02,-0.0004928762619993901
 2.7371E-02,-0.0001920420556358512
 2.7391E-02,0.00046310400735485467
 2.7412E-02,0.0014385695688727343
 2.7433E-02,0.002690031878213443
 2.7454E-02,0.004165623745179363
 2.7475E-02,0.005806608465818678
 2.7496E-02,0.0075467948481463916
 2.7516E-02,0.00931243284109461
 2.7537E-02,0.011024213779306333
 2.7558E-02,0.012601938456981786
 2.7579E-02,0.013970984624382277
 2.7600E-02,0.015068677427301337
 2.7621E-02,0.01584859821699407
 2.7641E-02,0.016281797291452314
 2.7662E-02,0.01635530529713024
 2.7683E-02,0.016069501579767973
 2.7704E-02,0.015436180630000636
 2.7725E-02,0.014478426353040684
 2.7746E-02,0.013232075041178659
 2.7766E-02,0.011747358863253881
 2.7787E-02,0.010088927991911753
 2.7808E-02,0.008333070470974513
 2.7829E-02,0.006562252226391181
 2.7850E-02,0.004858385505444723
 2.7871E-02,0.003296816469809811
 2.7891E-02,0.0019425989149531313
 2.7912E-02,0.0008494302948829208
 2.7933E-02,6.031462658416509e-05
 2.7954E-02,-0.00039171405070007075
 2.7975E-02,-0.0004842445547468904
 2.7996E-02,-0.00020790739672141994
 2.8016E-02,0.0004303332265586533
 2.8037E-02,0.0014047189104389698
 2.8058E-02,0.002670665370381655
 2.8079E-02,0.00416777878089125
 2.8100E-02,0.005825206266475781
 2.8120E-02,0.007567623982190419
 2.8141E-02,0.00932004887774506
 2.8162E-02,0.01101045769379695
 2.8183E-02,0.012570468386528595
 2.8204E-02,0.013935393783471224
 2.8225E-02,0.015045246860697938
 2.8245E-02,0.015847623089919004
 2.8266E-02,0.016302171856965655
 2.8287E-02,0.016385263416114976
 2.8308E-02,0.016093068186160086
 2.8329E-02,0.015441810516175701
 2.8350E-02,0.014465152306895547
 2.8370E-02,0.01320986777479582
 2.8391E-02,0.011731551630411757
 2.8412E-02,0.010091763979066179
 2.8433E-02,0.00835696013449927
 2.8454E-02,0.0065983696677147635
 2.8475E-02,0.004891325919911519
 2.8495E-02,0.0033127649047176508
 2.8516E-02,0.0019365899655815649
 2.8537E-02,0.0008278036362893988
 2.8558E-02,3.708840815979178e-05
 2.8579E-02,-0.0004025471377502741
 2.8600E-02,-0.0004763163802637524
 2.8620E-02,-0.00018587615963737707
 2.8641E-02,0.00045338060298305766
 2.8662E-02,0.0014144226331462783
 2.8683E-02,0.0026592206615731594
 2.8704E-02,0.0041382122110227276
 2.8725E-02,0.005789815356857823
 2.8745E-02,0.007541452060575962
 2.8766E-02,0.009312936085385755
 2.8787E-02,0.011021954523706808
 2.8808E-02,0.012590328611943867
 2.8829E-02,0.013949337863644194
 2.8850E-02,0.015042845427294385
 2.8870E-02,0.015828026026154626
 2.8891E-02,0.0162745993971914
 2.8912E-02,0.016364024894069157
 2.8933E-02,0.01608983191302618
 2.8954E-02,0.01545931550124922
 2.8975E-02,0.014495746054587078
 2.8995E-02,0.013239625943677516
 2.9016E-02,0.011747718446281762
 2.9037E-02,0.010089479307357355
 2.9058E-02,0.008341657005582563
 2.9079E-02,0.006582590771009884
 2.9100E-02,0.004887726887600952
 2.9120E-02,0.003327112800594582
 2.9141E-02,0.001964536634012095
 2.9162E-02,0.0008571494196150887
 2.9183E-02,5.428125392468314e-05
 2.9204E-02,-0.00040520291936425065
 2.9224E-02,-0.0004966231807520786
 2.9245E-02,-0.00021302464835513626
 2.9266E-02,0.00043294084015023984
 2.9287E-02,0.0014097155463214425
 2.9308E-02,0.002669999583996931
 2.9329E-02,0.004155273187993245
 2.9349E-02,0.005800160833642789
 2.9370E-02,0.007535485278900833
 2.9391E-02,0.009289788815081284
 2.9412E-02,0.010990080002837343
 2.9433E-02,0.012563061656745544
 2.9454E-02,0.013937840741602403
 2.9474E-02,0.015050254501785985
 2.9495E-02,0.015847943476101283
 2.9516E-02,0.016294710042456795
 2.9537E-02,0.016372847322754076
 2.9558E-02,0.016082935437920675
 2.9579E-02,0.015441649662893629
 2.9599E-02,0.014478853694115378
 2.9620E-02,0.01323528355668966
 2.9641E-02,0.011761465792174132
 2.9662E-02,0.010117534657694795
 2.9683E-02,0.008372861621921293
 2.9704E-02,0.006604301843554243
 2.9724E-02,0.004892459110859831
 2.9745E-02,0.003316351886391897
 2.9766E-02,0.001947700802121485
 2.9787E-02,0.0008463038970120173
 2.9808E-02,5.749159862293042e-05
 2.9829E-02,-0.00038828421631263824
 2.9849E-02,-0.00047457355065503914
 2.9870E-02,-0.00019800145532970873
 2.9891E-02,0.00043178306918667666
 2.9912E-02,0.001391182896513669
 2.9933E-02,0.002641531289321245
 2.9954E-02,0.004128991793236194
 2.9974E-02,0.005786452677021531
 2.9995E-02,0.007537579548942576
 3.0016E-02,0.009302243117005043
 3.0037E-02,0.01100195644299379
 3.0058E-02,0.01256404327864222
 3.0079E-02,0.013923962747679349
 3.0099E-02,0.015026153141847408
 3.0120E-02,0.01582442475037312
 3.0141E-02,0.01628297544529526
 3.0162E-02,0.016378511455705794
 3.0183E-02,0.016103063405044714
 3.0203E-02,0.015466391098287827
 3.0224E-02,0.014496758935971327
 3.0245E-02,0.013239408007016286
 3.0266E-02,0.01175296643097749
 3.0287E-02,0.01010484277956511
 3.0308E-02,0.008366918515117268
 3.0328E-02,0.006612464201788721
 3.0349E-02,0.004914377447176518
 3.0370E-02,0.0033440351984320746
 3.0391E-02,0.0019697073930827866
 3.0412E-02,0.0008537763167721217
 3.0433E-02,4.8778570085242765e-05
 3.0453E-02,-0.00040689058761755447
 3.0474E-02,-0.0004923484262486247
 3.0495E-02,-0.00020562181905797277
 3.0516E-02,0.0004372386113933397
 3.0537E-02,0.001404754259572384
 3.0558E-02,0.0026531874171151354
 3.0578E-02,0.004129185545578094
 3.0599E-02,0.005771404926157658
 3.0620E-02,0.007511441013864295
 3.0641E-02,0.009274981510394194
 3.0662E-02,0.01098412707033551
 3.0683E-02,0.01256127453767085
 3.0703E-02,0.01393412488396278
 3.0724E-02,0.015040713310478826
 3.0745E-02,0.0158332235604838
 3.0766E-02,0.016279819005946692
 3.0787E-02,0.016364550739692642
 3.0808E-02,0.01608614907338497
 3.0828E-02,0.015456779015192112
 3.0849E-02,0.014501510942465577
 3.0870E-02,0.013258521403395071
 3.0891E-02,0.011779311294689196
 3.0912E-02,0.01012791685860514
 3.0933E-02,0.008378371197184329
 3.0953E-02,0.0066104044819485135
 3.0974E-02,0.004904161257620485
 3.0995E-02,0.0033351438144785016
 3.1016E-02,0.00197043742348698
 3.1037E-02,0.0008666258017671663
 3.1058E-02,6.901486490219549e-05
 3.1078E-02,-0.000388728911658429
 3.1099E-02,-0.0004853877668441048
 3.1120E-02,-0.00021376961617094754
 3.1141E-02,0.0004173715085401036
 3.1162E-02,0.0013820258025210007
 3.1183E-02,0.0026371999302141702
 3.1203E-02,0.004125224494337848
 3.1224E-02,0.005777764087594352
 3.1245E-02,0.007520553476894248
 3.1266E-02,0.009277715575960355
 3.1287E-02,0.01097490346825907
 3.1307E-02,0.012541232369016539
 3.1328E-02,0.013910632989124825
 3.1349E-02,0.015023506417721893
 3.1370E-02,0.015829263289397846
 3.1391E-02,0.01628965606967724
 3.1412E-02,0.016382137613057308
 3.1432E-02,0.016102177851476072
 3.1453E-02,0.015463716824078159
 3.1474E-02,0.014497603315774854
 3.1495E-02,0.013248612761663186
 3.1516E-02,0.011772067325365017
 3.1537E-02,0.010130979727026177
 3.1557E-02,0.008394082715595457
 3.1578E-02,0.006634405813409885
 3.1599E-02,0.0049276088885047324
 3.1620E-02,0.0033493270171505315
 3.1641E-02,0.0019712986863143246
 3.1662E-02,0.0008567579726213258
 3.1682E-02,5.6086088395288164e-05
 3.1703E-02,-0.00039624135380009656
 3.1724E-02,-0.00048283352394799383
 3.1745E-02,-0.00020283013621575995
 3.1766E-02,0.0004296434994366483
 3.1787E-02,0.001387090258119649
 3.1807E-02,0.002629723528996924
 3.1828E-02,0.004106047883151894
 3.1849E-02,0.005753550318607456
 3.1870E-02,0.007500322145351093
 3.1891E-02,0.009268143083896166
 3.1912E-02,0.010976922951794059
 3.1932E-02,0.012549750565434807
 3.1953E-02,0.013917489231594766
 3.1974E-02,0.015022049287488303
 3.1995E-02,0.01581805813898898
 3.2016E-02,0.01627332247371927
 3.2037E-02,0.016368879564463645
 3.2057E-02,0.01609935966600742
 3.2078E-02,0.015473885296036006
 3.2099E-02,0.0145171004071514
 3.2120E-02,0.013269510588013532
 3.2141E-02,0.011786360065461063
 3.2162E-02,0.010134758875484387
 3.2182E-02,0.008389450239044402
 3.2203E-02,0.006628118602335209
 3.2224E-02,0.004927218751906911
 3.2245E-02,0.0033589240630769917
 3.2266E-02,0.001989162203573472
 3.2286E-02,0.0008761724460760265
 3.2307E-02,6.886503283519809e-05
 3.2328E-02,-0.00039543595408073317
 3.2349E-02,-0.0004937029459194738
 3.2370E-02,-0.0002196684675567849
 3.2391E-02,0.00041484860181300215
 3.2411E-02,0.0013803746069517683
 3.2432E-02,0.0026319931952512544
 3.2453E-02,0.004112742460820901
 3.2474E-02,0.005757280425496279
 3.2495E-02,0.007495034676903426
 3.2516E-02,0.009252552556643836
 3.2536E-02,0.01095535600508357
 3.2557E-02,0.012529956450621157
 3.2578E-02,0.01390660845877862
 3.2599E-02,0.015022919649438832
 3.2620E-02,0.01582784265191777
 3.2641E-02,0.016285178956445226
 3.2661E-02,0.01637574603132134
 3.2682E-02,0.016097794895072286
 3.2703E-02,0.015465889862525988
 3.2724E-02,0.014508950195486847
 3.2745E-02,0.013268256306359909
 3.2766E-02,0.011795902674609518
 3.2786E-02,0.010153626331613892
 3.2807E-02,0.008411467587688872
 3.2828E-02,0.006645594523496493
 3.2849E-02,0.004934918802315855
 3.2870E-02,0.0033566914066566053
 3.2891E-02,0.0019817927103478773
 3.2911E-02,0.0008706405821305582
 3.2932E-02,7.042168678429456e-05
 3.2953E-02,-0.00038617854184528505
 3.2974E-02,-0.00048113300693100857
 3.2995E-02,-0.00021080450379147266
 3.3016E-02,0.0004141657195332657
 3.3036E-02,0.0013686667776603028
 3.3057E-02,0.002612994763454584
 3.3078E-02,0.004093468867788393
 3.3099E-02,0.005744369267917946
 3.3120E-02,0.00749133533993499
 3.3141E-02,0.009255793569854492
 3.3161E-02,0.010959587653328676
 3.3182E-02,0.012528965274868062
 3.3203E-02,0.013897441582326482
 3.3224E-02,0.015007609328529696
 3.3245E-02,0.01581240530810219
 3.3266E-02,0.01627644112194306
 3.3286E-02,0.016377720657827558
 3.3307E-02,0.016109564322620083
 3.3328E-02,0.015482126426042055
 3.3349E-02,0.014522774980861377
 3.3370E-02,0.0132748781447573
 3.3390E-02,0.011795071611027849
 3.3411E-02,0.010149592099913538
 3.3432E-02,0.008410491048885367
 3.3453E-02,0.0066523801434432515
 3.3474E-02,0.0049499073536083665
 3.3495E-02,0.0033756728994637896
 3.3515E-02,0.0019980376065387422
 3.3536E-02,0.0008783891630523501
 3.3557E-02,6.784889669634599e-05
 3.3578E-02,-0.0003961091820513631
 3.3599E-02,-0.0004923657281001747
 3.3620E-02,-0.0002175030047697128
 3.3640E-02,0.00041448675035877266
 3.3661E-02,0.0013738744187333266
 3.3682E-02,0.002617602253481569
 3.3703E-02,0.004091730074740477
 3.3724E-02,0.005733519353053138
 3.3745E-02,0.007473224428218099
 3.3765E-02,0.00923603603477184
 3.3786E-02,0.010944693492071847
 3.3807E-02,0.012523005089181543
 3.3828E-02,0.01390003904827257
 3.3849E-02,0.015014328372551422
 3.3870E-02,0.015817300974921355
 3.3890E-02,0.0162753776058639
 3.3911E-02,0.01637065606015595
 3.3932E-02,0.016100573039683357
 3.3953E-02,0.0154771616704632
 3.3974E-02,0.014526395729300966
 3.3995E-02,0.013287716564456273
 3.4015E-02,0.011813405549418439
 3.4036E-02,0.010167242181542545
 3.4057E-02,0.00842200738683745
 3.4078E-02,0.006655797484340656
 3.4099E-02,0.004947594759628136
 3.4120E-02,0.0033728432535590548
 3.4140E-02,0.0019997463618117695
 3.4161E-02,0.0008866581347678662
 3.4182E-02,8.046959333399793e-05
 3.4203E-02,-0.00038445563924681224
 3.4224E-02,-0.0004872880365177921
 3.4245E-02,-0.0002219063784472024
 3.4265E-02,0.0004019553959762888
 3.4286E-02,0.0013581155222217244
 3.4307E-02,0.002604483159671216
 3.4328E-02,0.004085033526342915
 3.4349E-02,0.005733062537982655
 3.4369E-02,0.007475148145983221
 3.4390E-02,0.009235087153831402
 3.4411E-02,0.01093724993107102
 3.4432E-02,0.012509199454234047
 3.4453E-02,0.013883833222515816
 3.4474E-02,0.015001504341568507
 3.4494E-02,0.01581245878898006
 3.4515E-02,0.016279561581638704
 3.4536E-02,0.016380882005775803
 3.4557E-02,0.016111495868778136
 3.4578E-02,0.015483967015259923
 3.4599E-02,0.014527346436105149
 3.4619E-02,0.013284984361432776
 3.4640E-02,0.011811755591646012
 3.4661E-02,0.010171301509786061
 3.4682E-02,0.008433607646582582
 3.4703E-02,0.0066728311475568935
 3.4724E-02,0.004964997101814483
 3.4744E-02,0.003385162074536611
 3.4765E-02,0.002003910489319577
 3.4786E-02,0.0008834596493196953
 3.4807E-02,7.397848300970259e-05
 3.4828E-02,-0.00038920763778780226
 3.4849E-02,-0.0004870901184266442
 3.4869E-02,-0.00021711364830184624
 3.4890E-02,0.00040764772928771845
 3.4911E-02,0.0013597328677733725
 3.4932E-02,0.0025985429847762247
 3.4953E-02,0.004071526656568342
 3.4974E-02,0.005715577251032199
 3.4994E-02,0.007459075905614851
 3.5015E-02,0.009224881961301957
 3.5036E-02,0.01093421690831253
 3.5057E-02,0.01251099379109616
 3.5078E-02,0.013885921065580467
 3.5099E-02,0.014999777531588529
 3.5119E-02,0.01580557834041802
 3.5140E-02,0.01626976122098204
 3.5161E-02,0.01637280397201551
 3.5182E-02,0.01610969798199417
 3.5203E-02,0.01549045471099475
 3.5224E-02,0.014540462073189942
 3.5244E-02,0.013300245303379192
 3.5265E-02,0.011824177829717938
 3.5286E-02,0.010177948969244838
 3.5307E-02,0.008434996716859815
 3.5328E-02,0.0066724492564134
 3.5349E-02,0.0049672174725250776
 3.5369E-02,0.003392699039491515
 3.5390E-02,0.002016197770919769
 3.5411E-02,0.0008968252649099412
 3.5432E-02,8.35148587166976e-05
 3.5453E-02,-0.00038709245055268795
 3.5473E-02,-0.0004928141686378708
 3.5494E-02,-0.00022774796618322808
 3.5515E-02,0.00039678737843635713
 3.5536E-02,0.0013525982780596998
 3.5557E-02,0.002596313309214321
 3.5578E-02,0.004072107687522346
 3.5598E-02,0.005714894681525034
 3.5619E-02,0.00745344796162049
 3.5640E-02,0.009213178701680029
 3.5661E-02,0.01091863573249836
 3.5682E-02,0.012496033638928336
 3.5703E-02,0.013876112021978578
 3.5723E-02,0.014997391171062103
 3.5744E-02,0.015809547796002483
 3.5765E-02,0.01627638027787856
 3.5786E-02,0.01637781160981835
 3.5807E-02,0.01611061080285689
 3.5828E-02,0.015487885231718188
 3.5848E-02,0.014537718992319799
 3.5869E-02,0.013301446105437922
 3.5890E-02,0.011831906867005875
 3.5911E-02,0.010191732852635456
 3.5932E-02,0.00845141910263447
 3.5953E-02,0.006686837366052404
 3.5973E-02,0.0049759865766292495
 3.5994E-02,0.0033950943589960815
 3.6015E-02,0.002014508151885047
 3.6036E-02,0.0008949731264704785
 3.6057E-02,8.480111468388805e-05
 3.6078E-02,-0.0003818622050408606
 3.6098E-02,-0.0004858119663317244
 3.6119E-02,-0.00022296201690918347
 3.6140E-02,0.0003957221239969915
 3.6161E-02,0.0013444021838174298
 3.6182E-02,0.002582817909058766
 3.6203E-02,0.004057363031072075
 3.6223E-02,0.005703114732086498
 3.6244E-02,0.0074469022212532736
 3.6265E-02,0.00921115946972385
 3.6286E-02,0.010918043175989671
 3.6307E-02,0.012493245002598677
 3.6328E-02,0.013869110752642518
 3.6348E-02,0.014986998132341466
 3.6369E-02,0.015799089232243435
 3.6390E-02,0.016269976293019104
 3.6411E-02,0.016378213837875466
 3.6432E-02,0.016117756692743113
 3.6452E-02,0.015498943045559786
 3.6473E-02,0.014548588929834589
 3.6494E-02,0.013308898767625702
 3.6515E-02,0.011835203982581716
 3.6536E-02,0.010192864885326391
 3.6557E-02,0.008453848495828576
 3.6577E-02,0.006693443857538648
 3.6598E-02,0.004987336111333927
 3.6619E-02,0.0034089698369319716
 3.6640E-02,0.002026952736350956
 3.6661E-02,0.000902279828430619
 3.6682E-02,8.537676173673572e-05
 3.6702E-02,-0.00038675539567261004
 3.6723E-02,-0.0004928234782634213
 3.6744E-02,-0.00022850177806140625
 3.6765E-02,0.0003935576196626791
 3.6786E-02,0.0013448634139940317
 3.6807E-02,0.002583007192828407
 3.6827E-02,0.0040539253258449325
 3.6848E-02,0.005694190794925641
 3.6869E-02,0.00743328388993248
 3.6890E-02,0.009196022363556256
 3.6911E-02,0.01090540210597983
 3.6932E-02,0.012485964983358033
 3.6952E-02,0.013867541315024526
 3.6973E-02,0.014988956314752652
 3.6994E-02,0.015801185050595055
 3.7015E-02,0.016269550877606172
 3.7036E-02,0.01637483563124608
 3.7057E-02,0.016113468196878863
 3.7077E-02,0.015497132382447973
 3.7098E-02,0.014552105519822885
 3.7119E-02,0.013318437618273999
 3.7140E-02,0.011848831957245882
 3.7161E-02,0.010206940763155042
 3.7182E-02,0.008464835965315947
 3.7202E-02,0.006699640015293214
 3.7223E-02,0.004989592172246199
 3.7244E-02,0.003410031705300866
 3.7265E-02,0.0020297955624706265
 3.7286E-02,0.0009083489721678187
 3.7307E-02,9.368984792260864e-05
 3.7327E-02,-0.00037916278170272506
 3.7348E-02,-0.0004893540784707234
 3.7369E-02,-0.00023119105480075682
 3.7390E-02,0.000385136477731152
 3.7411E-02,0.0013333990459372428
 3.7432E-02,0.0025720689566263912
 3.7452E-02,0.004046149539333045
 3.7473E-02,0.005690009035723595
 3.7494E-02,0.007430868745340068
 3.7515E-02,0.009192464951451939
 3.7536E-02,0.010898471061939634
 3.7556E-02,0.01247548673618826
 3.7577E-02,0.013855651612966856
 3.7598E-02,0.014979086973298156
 3.7619E-02,0.01579633410456106
 3.7640E-02,0.01627076877782403
 3.7661E-02,0.016380738782598728
 3.7681E-02,0.016121032524959427
 3.7702E-02,0.015503328327836316
 3.7723E-02,0.01455548630770658
 3.7744E-02,0.013319825995141765
 3.7765E-02,0.011850745162854366
 3.7786E-02,0.0102120785475434
 3.7806E-02,0.008474460526250189
 3.7827E-02,0.006712729283409641
 3.7848E-02,0.005003224427340811
 3.7869E-02,0.0034207924990777173
 3.7890E-02,0.0020354488710542184
 3.7911E-02,0.0009088780039366313
 3.7931E-02,9.115879885379034e-05
 3.7952E-02,-0.0003818367712686404
 3.7973E-02,-0.0004900450120859469
 3.7994E-02,-0.0002297332014540154
 3.8015E-02,0.0003868816374259819
 3.8036E-02,0.0013326059401112902
 3.8056E-02,0.0025665589029601043
 3.8077E-02,0.004035674765184445
 3.8098E-02,0.005676515233986471
 3.8119E-02,0.007417595051961058
 3.8140E-02,0.009182366608520462
 3.8161E-02,0.010892811572570759
 3.8181E-02,0.01247334958225472
 3.8202E-02,0.013854621193929193
 3.8223E-02,0.014976716488319138
 3.8244E-02,0.015791596489657247
 3.8265E-02,0.01626470204498527
 3.8286E-02,0.016375938419288617
 3.8306E-02,0.016120269924261594
 3.8327E-02,0.015508045821131536
 3.8348E-02,0.014564982352652753
 3.8369E-02,0.013331567198249128
 3.8390E-02,0.011861631886841419
 3.8411E-02,0.0102199790344164
 3.8431E-02,0.008479190220830327
 3.8452E-02,0.006715958777304199
 3.8473E-02,0.005007381831450048
 3.8494E-02,0.003427567692684554
 3.8515E-02,0.0020447164998009483
 3.8536E-02,0.0009186235073782008
 3.8556E-02,9.844627310403025e-05
 3.8577E-02,-0.00037937819345589745
 3.8598E-02,-0.0004930158447339206
 3.8619E-02,-0.00023668310203143182
 3.8640E-02,0.00037866658635161694
 3.8660E-02,0.0013256791475678667
 3.8681E-02,0.0025620214464012582
 3.8702E-02,0.004032706952592641
 3.8723E-02,0.005672973397433216
 3.8744E-02,0.007411338922112728
 3.8765E-02,0.009172590116367452
 3.8785E-02,0.010880651892286018
 3.8806E-02,0.012461442510593793
 3.8827E-02,0.013845841387212303
 3.8848E-02,0.014972779895456879
 3.8869E-02,0.01579227330341867
 3.8890E-02,0.016268055286482425
 3.8910E-02,0.016379448148362247
 3.8931E-02,0.016122227278328228
 3.8952E-02,0.015508461201006964
 3.8973E-02,0.014565521391778299
 3.8994E-02,0.013334558192601194
 3.9015E-02,0.01186869076710085
 3.9035E-02,0.010231001533507813
 3.9056E-02,0.008492258086942319
 3.9077E-02,0.0067282105052237084
 3.9098E-02,0.005016378653637402
 3.9119E-02,0.0034324228293983036
 3.9140E-02,0.002046389160759503
 3.9160E-02,0.0009192334348668057
 3.9181E-02,9.999236613339208e-05
 3.9202E-02,-0.0003761949722074934
 3.9223E-02,-0.0004892279610496529
 3.9244E-02,-0.00023451844303119324
 3.9265E-02,0.0003770009161054867
 3.9285E-02,0.001319231374660764
 3.9306E-02,0.0025516811889319323
 3.9327E-02,0.004020827941773901
 3.9348E-02,0.005662237360727471
 3.9369E-02,0.007403471379302887
 3.9390E-02,0.009167613946849793
 3.9410E-02,0.010877069905326777
 3.9431E-02,0.0124572367165838
 3.9452E-02,0.013839736914846246
 3.9473E-02,0.014965082483549755
 3.9494E-02,0.01578482444034604
 3.9515E-02,0.0162633292893062
 3.9535E-02,0.016379279881993218
 3.9556E-02,0.01612685689529685
 3.9577E-02,0.015516408014437787
 3.9598E-02,0.014574349364139512
 3.9619E-02,0.01334211536678099
 3.9639E-02,0.011874153852851663
 3.9660E-02,0.010235168569658679
 3.9681E-02,0.00849694331731908
 3.9702E-02,0.00673508186021623
 3.9723E-02,0.00502587656781765
 3.9744E-02,0.0034433503536059028
 3.9764E-02,0.0020563968034114357
 3.9785E-02,0.0009259381029865133
 3.9806E-02,0.00010212976839288367
 3.9827E-02,-0.0003781993579806563
 3.9848E-02,-0.0004935678380255526
 3.9869E-02,-0.00023901976919501924
 3.9889E-02,0.0003737144912159111
 3.9910E-02,0.0013170488208527806
 3.9931E-02,0.0025491561782714804
 3.9952E-02,0.004016081537015672
 3.9973E-02,0.005654115132093248
 3.9994E-02,0.007392323664064778
 4.0014E-02,0.00915527400096212
 4.0035E-02,0.010866039021010151
 4.0056E-02,0.01244951267414554
 4.0077E-02,0.013835911991376619
 4.0098E-02,0.014964188450638731
 4.0119E-02,0.015784996660710964
 4.0139E-02,0.016262920450081268
 4.0160E-02,0.016377814805866447
 4.0181E-02,0.016125311187146586
 4.0202E-02,0.015516663537201826
 4.0223E-02,0.01457812668198756
 4.0244E-02,0.013349965109327754
 4.0264E-02,0.011885054339975762
 4.0285E-02,0.010246947078350594
 4.0306E-02,0.008507293541817802
 4.0327E-02,0.006742631372748848
 4.0348E-02,0.005030736212571893
 4.0369E-02,0.003446861644225043
 4.0389E-02,0.00206022771276164
 4.0410E-02,0.0009310269146408253
 4.0431E-02,0.00010805368142150027
 4.0452E-02,-0.00037308843852661497
 4.0473E-02,-0.0004913147377047704
 4.0494E-02,-0.00024099284735295846
 4.0514E-02,0.000367563073006387
 4.0535E-02,0.0013081931664486676
 4.0556E-02,0.002539774647523343
 4.0577E-02,0.0040079927729949495
 4.0598E-02,0.005647942417354992
 4.0618E-02,0.007387330112095059
 4.0639E-02,0.009149945979205352
 4.0660E-02,0.010859090824567876
 4.0681E-02,0.012440760034850815
 4.0702E-02,0.013826536163701296
 4.0723E-02,0.014956244761649959
 4.0743E-02,0.015780430832454968
 4.0764E-02,0.016262621117884905
 4.0785E-02,0.016381209009287318
 4.0806E-02,0.01613071455362456
 4.0827E-02,0.01552218952901731
 4.0848E-02,0.014582660461839064
 4.0868E-02,0.013353677941469126
 4.0889E-02,0.011889187932614259
 4.0910E-02,0.010252994716777911
 4.0931E-02,0.008516030461364024
 4.0952E-02,0.0067535254228608815
 4.0973E-02,0.005042061166727231
 4.0993E-02,0.0034564545202617
 4.1014E-02,0.002066484973071093
 4.1035E-02,0.0009336086898043285
 4.1056E-02,0.00010792592387080932
 4.1077E-02,-0.00037428568420076324
 4.1098E-02,-0.0004922232985135605
 4.1118E-02,-0.0002412966502350893
 4.1139E-02,0.00036698267386670686
 4.1160E-02,0.0013057859787079977
 4.1181E-02,0.002534242838220426
 4.1202E-02,0.003999102379093466
 4.1223E-02,0.00563678377425474
 4.1243E-02,0.007375884224587296
 4.1264E-02,0.00914018779002105
 4.1285E-02,0.010852107946696546
 4.1306E-02,0.0124363540361794
 4.1327E-02,0.013823510493710982
 4.1348E-02,0.014953212126109512
 4.1368E-02,0.015776694255377567
 4.1389E-02,0.016258646988454712
 4.1410E-02,0.01637843508440939
 4.1431E-02,0.01613079815510234
 4.1452E-02,0.0155261043269923
 4.1473E-02,0.014590130762255132
 4.1493E-02,0.013363255271754597
 4.1514E-02,0.011898927311212346
 4.1535E-02,0.01026136613450489
 4.1556E-02,0.008522578294042064
 4.1577E-02,0.006758929282611148
 4.1598E-02,0.005047577827971569
 4.1618E-02,0.0034630545572048544
 4.1639E-02,0.0020741595825940606
 4.1660E-02,0.0009412262392094102
 4.1681E-02,0.00011371799922582756
 4.1702E-02,-0.0003718694563423438
 4.1722E-02,-0.0004937501026528946
 4.1743E-02,-0.00024608320290267336
 4.1764E-02,0.00036050063558665946
 4.1785E-02,0.0012992505185044387
 4.1806E-02,0.0025285703630477966
 4.1827E-02,0.003994108970334294
 4.1847E-02,0.005631433271501184
 4.1868E-02,0.007369015163816829
 4.1889E-02,0.00913131724845035
 4.1910E-02,0.010841870727257558
 4.1931E-02,0.012426334641543522
 4.1952E-02,0.013815554405001358
 4.1972E-02,0.014948583755509016
 4.1993E-02,0.01577553019649377
 4.2014E-02,0.016259992017484855
 4.2035E-02,0.016380833176078545
 4.2056E-02,0.016133112754720357
 4.2077E-02,0.01552812215604688
 4.2097E-02,0.014592625112496732
 4.2118E-02,0.013367480543928018
 4.2139E-02,0.011905825311549297
 4.2160E-02,0.010270919429462816
 4.2181E-02,0.00853366436085137
 4.2202E-02,0.006769757226121769
 4.2222E-02,0.005056475354930423
 4.2243E-02,0.003469186358859363
 4.2264E-02,0.002077798623920857
 4.2285E-02,0.000943442929853126
 4.2306E-02,0.00011566598812667644
 4.2327E-02,-0.0003696774566812688
 4.2347E-02,-0.000491782054103812
 4.2368E-02,-0.0002455600056243912
 4.2389E-02,0.00035827503913896385
 4.2410E-02,0.0012936371434542043
 4.2431E-02,0.0025200160371985974
 4.2452E-02,0.003984012034726606
 4.2472E-02,0.0056215251031404454
 4.2493E-02,0.007360587640429026
 4.2514E-02,0.00912470632158819
 4.2535E-02,0.01083646512863142
 4.2556E-02,0.012421093711761906
 4.2577E-02,0.013809744601369748
 4.2597E-02,0.014942327591809045
 4.2618E-02,0.015769865843148056
 4.2639E-02,0.01625640887838406
 4.2660E-02,0.016380533190734462
 4.2681E-02,0.01613639509194814
 4.2701E-02,0.015534221222263434
 4.2722E-02,0.014600086368979505
 4.2743E-02,0.013374869315526249
 4.2764E-02,0.011912387135270004
 4.2785E-02,0.010276840994058439
 4.2806E-02,0.008539803521900834
 4.2826E-02,0.006776998892114293
 4.2847E-02,0.005065071088444711
 4.2868E-02,0.0034784416836466017
 4.2889E-02,0.0020862816855400784
 4.2910E-02,0.0009496055796285523
 4.2931E-02,0.00011854647585183881
 4.2951E-02,-0.00037004331439133406
 4.2972E-02,-0.0004944558485323105
 4.2993E-02,-0.0002492439649263398
 4.3014E-02,0.00035454360899475916
 4.3035E-02,0.0012900148005034757
 4.3056E-02,0.002515855617856124
 4.3076E-02,0.003978330480454295
 4.3097E-02,0.005613676653885623
 4.3118E-02,0.00735077217171289
 4.3139E-02,0.009114032788930186
 4.3160E-02,0.010826530974016783
 4.3181E-02,0.012413302048438131
 4.3201E-02,0.013804721184044518
 4.3222E-02,0.014939743980580428
 4.3243E-02,0.015768754820097944
 4.3264E-02,0.016255792951041126
 4.3285E-02,0.016380020415680818
 4.3306E-02,0.01613641785833052
 4.3326E-02,0.015535790235287344
 4.3347E-02,0.014604196386820971
 4.3368E-02,0.013381881844562368
 4.3389E-02,0.011921726845933346
 4.3410E-02,0.010287172148282021
 4.3431E-02,0.00854959365183989
 4.3451E-02,0.0067851698239250035
 4.3472E-02,0.0050713933997887616
 4.3493E-02,0.0034834700730774788
 4.3514E-02,0.0020908776673112224
 4.3535E-02,0.0009543153863162809
 4.3556E-02,0.00012317711042495838
 4.3576E-02,-0.0003664173551213868
 4.3597E-02,-0.0004930575380449792
 4.3618E-02,-0.00025096471692376244
 4.3639E-02,0.000349628359742109
 4.3660E-02,0.001282725356991483
 4.3681E-02,0.002507540988396914
 4.3701E-02,0.003970251635408419
 4.3722E-02,0.005606468902451305
 4.3743E-02,0.007344269590352068
 4.3764E-02,0.009107539880173257
 4.3785E-02,0.010819384546754622
 4.3805E-02,0.01240541049879652
 4.3826E-02,0.013796782506356369
 4.3847E-02,0.014933019412854005
 4.3868E-02,0.015764516358930267
 4.3889E-02,0.016254739324252192
 4.3910E-02,0.016381972524575253
 4.3930E-02,0.016140453217278136
 4.3951E-02,0.015540739404856802
 4.3972E-02,0.014609231145505478
 4.3993E-02,0.01338687893002734
 4.4014E-02,0.011927216167337239
 4.4035E-02,0.010293905483315723
 4.4055E-02,0.008557975494011298
 4.4076E-02,0.006794865387708744
 4.4097E-02,0.005081331366062387
 4.4118E-02,0.0034922434593180752
 4.4139E-02,0.00209733166827881
 4.4160E-02,0.0009580116806036474
 4.4180E-02,0.0001244924293538189
 4.4201E-02,-0.0003666028334103152
 4.4222E-02,-0.0004939066025350376
 4.4243E-02,-0.0002521654512638909
 4.4264E-02,0.00034770490423319126
 4.4285E-02,0.0012792744388139521
 4.4305E-02,0.0025018414211688276
 4.4326E-02,0.0039621671058176116
 4.4347E-02,0.005596658457168776
 4.4368E-02,0.00733398956989423
 4.4389E-02,0.009098139509197304
 4.4410E-02,0.010811761278369055
 4.4430E-02,0.012399711040423663
 4.4451E-02,0.013792501301744435
 4.4472E-02,0.014929431413727306
 4.4493E-02,0.01576120163985484
 4.4514E-02,0.01625191007192279
 4.4535E-02,0.01638042277335245
 4.4555E-02,0.016141158061560537
 4.4576E-02,0.015544321101939203
 4.4597E-02,0.014615581514309837
 4.4618E-02,0.01339514261001669
 4.4639E-02,0.011936144554500159
 4.4660E-02,0.010302392475722752
 4.4680E-02,0.008565490797559302
 4.4701E-02,0.006801559604871509
 4.4722E-02,0.005087766507863091
 4.4743E-02,0.0034989050684814836
 4.4764E-02,0.0021041950680651847
 4.4784E-02,0.0009644030990461528
 4.4805E-02,0.00012932432105376094
 4.4826E-02,-0.00036434602058454284
 4.4847E-02,-0.0004946910709402646
 4.4868E-02,-0.0002556929554635635
 4.4889E-02,0.00034233742353841133
 4.4909E-02,0.001273128789073179
 4.4930E-02,0.0024956458304410726
 4.4951E-02,0.003956039504207002
 4.4972E-02,0.005590188006264711
 4.4993E-02,0.007326624007538003
 4.5014E-02,0.00908966049318833
 4.5034E-02,0.010802583189814238
 4.5055E-02,0.012390835216309246
 4.5076E-02,0.013785144609560561
 4.5097E-02,0.01492452410053536
 4.5118E-02,0.015759019494815348
 4.5139E-02,0.016252032816940615
 4.5159E-02,0.01638203451546713
 4.5180E-02,0.01614352231070579
 4.5201E-02,0.015547171340188867
 4.5222E-02,0.014619217380684958
 4.5243E-02,0.013400183862737572
 4.5264E-02,0.011943081609146174
 4.5284E-02,0.010311182434792393
 4.5305E-02,0.008575422590849164
 4.5326E-02,0.006811465886224559
 4.5347E-02,0.005096473035145606
 4.5368E-02,0.0035056815237697104
 4.5389E-02,0.002108972402912597
 4.5409E-02,0.000967649761060777
 4.5430E-02,0.00013165752302790395
 4.5451E-02,-0.00036259684367708877
 4.5472E-02,-0.0004937287230873924
 4.5493E-02,-0.00025617164660738674
 4.5514E-02,0.00033967375767426667
 4.5534E-02,0.001267892056803434
 4.5555E-02,0.002488090821106111
 4.5576E-02,0.00394703534650259
 4.5597E-02,0.005580886518643034
 4.5618E-02,0.007317999386388127
 4.5639E-02,0.00908216210021368
 4.5659E-02,0.01079608015583964
 4.5680E-02,0.012384872883576346
 4.5701E-02,0.013779364591195204
 4.5722E-02,0.014919012773751728
 4.5743E-02,0.015754390556434884
 4.5764E-02,0.01624919534072208
 4.5784E-02,0.016381769342764304
 4.5805E-02,0.016146093755284537
 4.5826E-02,0.015552182167648396
 4.5847E-02,0.014625783861375351
 4.5868E-02,0.01340733598785441
 4.5888E-02,0.011950174302468607
 4.5909E-02,0.010318100725524283
 4.5930E-02,0.008582477781988552
 4.5951E-02,0.006819048167032449
 4.5972E-02,0.005104657397630567
 4.5993E-02,0.0035140077072215534
 4.6013E-02,0.002116523992453565
 4.6034E-02,0.0009733950540434552
 4.6055E-02,0.00013487343017205573
 4.6076E-02,-0.0003620408873088719
 4.6097E-02,-0.000495374064894545
 4.6118E-02,-0.0002592539774469364
 4.6138E-02,0.00033581668089927876
 4.6159E-02,0.0012635086247556283
 4.6180E-02,0.0024829649774046414
 4.6201E-02,0.00394071913272505
 4.6222E-02,0.005573083670541965
 4.6243E-02,0.00730888615808138
 4.6263E-02,0.00907246570276624
 4.6284E-02,0.010786866316763318
 4.6305E-02,0.012377150890630711
 4.6326E-02,0.013773716054437883
 4.6347E-02,0.01491543671694666
 4.6368E-02,0.01575244026144151
 4.6388E-02,0.016248325438811245
 4.6409E-02,0.016381699937323465
 4.6430E-02,0.01614699191123756
 4.6451E-02,0.015554562676242906
 4.6472E-02,0.014630185106574137
 4.6493E-02,0.013413949391573643
 4.6513E-02,0.011958631107449257
 4.6534E-02,0.01032753481957914
 4.6555E-02,0.008591834628873111
 4.6576E-02,0.0068274783796427145
 4.6597E-02,0.005111789821306202
 4.6618E-02,0.0035199638101498336
 4.6638E-02,0.0021216758233624363
 4.6659E-02,0.000978006725380008
 4.6680E-02,0.00013882694235054372
 4.6701E-02,-0.00035928268674442526
 4.6722E-02,-0.0004945446908957179
 4.6743E-02,-0.0002609194723385997
 4.6763E-02,0.0003315671951993338
 4.6784E-02,0.0012571515526383814
 4.6805E-02,0.002475361893695949
 4.6826E-02,0.003932762862872623
 4.6847E-02,0.005565357607792044
 4.6867E-02,0.007301514096587147
 4.6888E-02,0.009065224784123908
 4.6909E-02,0.010779492809557562
 4.6930E-02,0.012369664693340884
 4.6951E-02,0.013766580832211961
 4.6972E-02,0.01490946279216057
 4.6992E-02,0.01574847752587484
 4.7013E-02,0.0162469076445895
 4.7034E-02,0.016382828219042366
 4.7055E-02,0.016150170441129545
 4.7076E-02,0.01555906403848414
 4.7097E-02,0.014635400758133016
 4.7117E-02,0.013419637339272438
 4.7138E-02,0.011964931381897114
 4.7159E-02,0.010334751042696868
 4.7180E-02,0.008600107378504083
 4.7201E-02,0.006836534348171351
 4.7222E-02,0.005120909057533936
 4.7242E-02,0.003528188959879393
 4.7263E-02,0.002128156689940641
 4.7284E-02,0.0009823010895112286
 4.7305E-02,0.00014100286591707718
 4.7326E-02,-0.00035879077998023947
 4.7347E-02,-0.0004952422634224064
 4.7367E-02,-0.0002625513298228374
 4.7388E-02,0.0003288868248298084
 4.7409E-02,0.001253046896247949
 4.7430E-02,0.0024694798156041963
 4.7451E-02,0.0039250756132284004
 4.7472E-02,0.005556315990898061
 4.7492E-02,0.0072919633323759924
 4.7513E-02,0.009056122804730312
 4.7534E-02,0.010771576358928444
 4.7555E-02,0.01236323558910789
 4.7576E-02,0.013761518973162079
 4.7597E-02,0.014905449927223242
 4.7617E-02,0.015745302893290746
 4.7638E-02,0.016244684233828105
 4.7659E-02,0.0163819990400417
 4.7680E-02,0.01615129983660974
 4.7701E-02,0.015562526772196215
 4.7722E-02,0.014641137666081628
 4.7742E-02,0.01342711081302991
 4.7763E-02,0.011973306658471789
 4.7784E-02,0.010343208644721123
 4.7805E-02,0.008608123256538949
 4.7826E-02,0.006843983959308506
 4.7847E-02,0.005127948349354878
 4.7867E-02,0.003534986158449214
 4.7888E-02,0.002134628527621631
 4.7909E-02,0.0009880030818538365
 4.7930E-02,0.0001452383830050229
 4.7951E-02,-0.0003566972073629815
 4.7971E-02,-0.0004956512040440759
 4.7992E-02,-0.0002653494662728528
 4.8013E-02,0.0003242277763215362
 4.8034E-02,0.0012472263778331109
 4.8055E-02,0.0024630703480178822
 4.8076E-02,0.003918327804524197
 4.8096E-02,0.005549166025001194
 4.8117E-02,0.007284231426144148
 4.8138E-02,0.009047787360463053
 4.8159E-02,0.010762967817933561
 4.8180E-02,0.012355037946153086
 4.8201E-02,0.013754571398493278
 4.8221E-02,0.014900449256092812
 4.8242E-02,0.01574256136812971
 4.8263E-02,0.016244067124919225
 4.8284E-02,0.016383070131667236
 4.8305E-02,0.016153591811180548
 4.8326E-02,0.015565788246062605
 4.8346E-02,0.014645423936575239
 4.8367E-02,0.013432672362126526
 4.8388E-02,0.011980340530335217
 4.8409E-02,0.010351612728457549
 4.8430E-02,0.008617392047762676
 4.8451E-02,0.006853307918700336
 4.8471E-02,0.005136469366092221
 4.8492E-02,0.0035420782117535615
 4.8513E-02,0.00214006011334963
 4.8534E-02,0.0009919024422354312
 4.8555E-02,0.00014788867374582746
 4.8576E-02,-0.0003551153742793148
 4.8596E-02,-0.0004952262806734119
 4.8617E-02,-0.0002664225068848368
 4.8638E-02,0.00032125383193444096
 4.8659E-02,0.0012421475450375562
 4.8680E-02,0.002456069730651809
 4.8701E-02,0.003909986693444734
 4.8721E-02,0.005540288202493289
 4.8742E-02,0.00727557037591554
 4.8763E-02,0.009039816904784491
 4.8784E-02,0.010755811819516521
 4.8805E-02,0.012348587968200687
 4.8826E-02,0.013748719730973274
 4.8846E-02,0.014895303323203707
 4.8867E-02,0.015738517140501753
 4.8888E-02,0.016241697067035543
 4.8909E-02,0.01638288290948107
 4.8930E-02,0.01615579131686406
 4.8950E-02,0.015570160590276957
 4.8971E-02,0.014651412713607032
 4.8992E-02,0.013439602058917916
 4.9013E-02,0.01198766985553448
 4.9034E-02,0.010359085823240957
 4.9055E-02,0.00862501288362247
 4.9075E-02,0.006861160094307118
 4.9096E-02,0.005144487332474518
 4.9117E-02,0.0035499015831824583
 4.9138E-02,0.002147056854573326
 4.9159E-02,0.0009973546989998565
 4.9180E-02,0.0001512467885479154
 4.9200E-02,-0.0003540420835780088
 4.9221E-02,-0.0004962396202934017
 4.9242E-02,-0.0002690781939112322
 4.9263E-02,0.00031741027363544575
 4.9284E-02,0.0012373792012050871
 4.9305E-02,0.0024503874126612013
 4.9325E-02,0.003903257089294519
 4.9346E-02,0.005532446757453469
 4.9367E-02,0.0072668173786918505
 4.9388E-02,0.009030684114584828
 4.9409E-02,0.010747056807161294
 4.9430E-02,0.01234096621299655
 4.9450E-02,0.013742750217519533
 4.9471E-02,0.014891146602877313
 4.9492E-02,0.015736024134656315
 4.9513E-02,0.01624059538504748
 4.9534E-02,0.016382994698637993
 4.9555E-02,0.016157161801402142
 4.9575E-02,0.015573027099174356
 4.9596E-02,0.014656032270687775
 4.9617E-02,0.013446033478920944
 4.9638E-02,0.011995631693291499
 4.9659E-02,0.010367971078111568
 4.9680E-02,0.00863405737574216
 4.9700E-02,0.006869679538291928
 4.9721E-02,0.005152062446586801
 4.9742E-02,0.003556419888834644
 4.9763E-02,0.0021525977504355037
 4.9784E-02,0.001001988533173346
 4.9805E-02,0.00015486367256511546
 4.9825E-02,-0.0003517759231416374
 4.9846E-02,-0.0004957708369150112
 4.9867E-02,-0.0002707584611918152
 4.9888E-02,0.00031351786335479074
 4.9909E-02,0.0012315751451803417
 4.9930E-02,0.002443250749193978
 4.9950E-02,0.0038954436724765043
 4.9971E-02,0.00552447533976731
 4.9992E-02,0.00725895267499798
 5.0013E-02,0.009022972150474205
 5.0034E-02,0.010739484811318041
 5.0054E-02,0.012333652041715933
 5.0075E-02,0.01373605100627212
 5.0096E-02,0.014885620997799788
 5.0117E-02,0.015732262617580692
 5.0138E-02,0.01623900534815496
 5.0159E-02,0.01638365207416635
 5.0179E-02,0.01615980584263195
 5.0200E-02,0.015577198684270526
 5.0221E-02,0.01466128026079717
 5.0242E-02,0.013452079116476673
 5.0263E-02,0.012002406065907101
 5.0284E-02,0.010375511246400347
 5.0304E-02,0.008642324338928866
 5.0325E-02,0.006878403813822679
 5.0346E-02,0.005160707949752257
 5.0367E-02,0.003564292628585001
 5.0388E-02,0.002159047602784951
 5.0409E-02,0.0010066022791633434
 5.0429E-02,0.0001575523088507895
 5.0450E-02,-0.00035083592301148514
 5.0471E-02,-0.0004963049937781862
 5.0492E-02,-0.0002725764337838605
 5.0513E-02,0.00031042509715246866
 5.0534E-02,0.0012270745749790532
 5.0554E-02,0.0024372191033648796
 5.0575E-02,0.003887945702299591
 5.0596E-02,0.0055158674885935535
 5.0617E-02,0.007249850615575244
 5.0638E-02,0.009014093458950745
 5.0659E-02,0.010731444650751015
 5.0679E-02,0.01232681430891351
 5.0700E-02,0.013730506928869287
 5.0721E-02,0.014881298377672509
 5.0742E-02,0.01572909912260456
 5.0763E-02,0.01623708612294452
 5.0784E-02,0.016383233117278694
 5.0804E-02,0.0161612082611552
 5.0825E-02,0.01558063035240825
 5.0846E-02,0.014666681862084068
 5.0867E-02,0.013459079326121262
 5.0888E-02,0.012010412653146929
 5.0909E-02,0.01038389274820861
 5.0929E-02,0.00865058967144377
 5.0950E-02,0.006886290002793091
 5.0971E-02,0.005168137083043518
 5.0992E-02,0.0035712302562166155
 5.1013E-02,0.0021653476162181093
 5.1033E-02,0.0010119295170998954
 5.1054E-02,0.00016143084409090997
 5.1075E-02,-0.00034886990610141224
 5.1096E-02,-0.0004965242203471115
 5.1117E-02,-0.00027495087703214075
 5.1138E-02,0.00030621443416616447
 5.1158E-02,0.0012215045406859556
 5.1179E-02,0.002430745461987468
 5.1200E-02,0.003880869576763789
 5.1221E-02,0.005508313896016743
 5.1242E-02,0.007241863792205832
 5.1263E-02,0.009005789771330937
 5.1283E-02,0.010723132581108113
 5.1304E-02,0.012319009011605214
 5.1325E-02,0.013723824217682387
 5.1346E-02,0.014876278555387873
 5.1367E-02,0.015726049352755525
 5.1388E-02,0.016236020505669697
 5.1408E-02,0.01638393764532194
 5.1429E-02,0.016163391687363655
 5.1450E-02,0.01558407746974504
 5.1471E-02,0.014671326636643328
 5.1492E-02,0.013464960837989088
 5.1513E-02,0.012017541901040027
 5.1533E-02,0.010392107681720055
 5.1554E-02,0.008659482774826704
 5.1575E-02,0.006895253912207744
 5.1596E-02,0.00517651037786357
 5.1617E-02,0.0035784720562312185
 5.1638E-02,0.0021711546657945642
 5.1658E-02,0.001016240748546725
 5.1679E-02,0.00016432473445702589
 5.1700E-02,-0.0003473232184158634
 5.1721E-02,-0.0004963715046824824
 5.1742E-02,-0.00027636379372311524
 5.1763E-02,0.0003030370040442765
 5.1783E-02,0.001216486302502956
 5.1804E-02,0.002424051763140665
 5.1825E-02,0.003872928335378158
 5.1846E-02,0.005499722861678111
 5.1867E-02,0.007233228699403148
 5.1888E-02,0.008997573959593526
 5.1908E-02,0.010715591354828807
 5.1929E-02,0.012312235590480959
 5.1950E-02,0.013717873838669055
 5.1971E-02,0.014871295728801193
 5.1992E-02,0.01572232276399426
 5.2013E-02,0.016233930607577607
 5.2033E-02,0.016383821417846788
 5.2054E-02,0.016165395068011457
 5.2075E-02,0.015588073727488634
 5.2096E-02,0.014676944460136279
 5.2117E-02,0.013471708006502362
 5.2137E-02,0.012024960489372247
 5.2158E-02,0.010399881651549082
 5.2179E-02,0.008667446334121774
 5.2200E-02,0.006903303914918662
 5.2221E-02,0.005184478402440903
 5.2242E-02,0.0035860334051516568
 5.2262E-02,0.0021778309863228467
 5.2283E-02,0.001021501725025187
 5.2304E-02,0.0001677402163326381
 5.2325E-02,-0.00034595705771770814
 5.2346E-02,-0.0004969950823923489
 5.2367E-02,-0.0002787222771833931
 5.2387E-02,0.00029925925279426443
 5.2408E-02,0.0012115376563356106
 5.2429E-02,0.0024180586744577135
 5.2450E-02,0.0038659395664711153
 5.2471E-02,0.005491823217663722
 5.2492E-02,0.007224654409322177
 5.2512E-02,0.008988760435366077
 5.2533E-02,0.01070712029361574
 5.2554E-02,0.01230470256509878
 5.2575E-02,0.013711740339077046
 5.2596E-02,0.014866798025137046
 5.2617E-02,0.015719479582660192
 5.2637E-02,0.01623263903192119
 5.2658E-02,0.016383984130315225
 5.2679E-02,0.016167006965381245
 5.2700E-02,0.015591219959892185
 5.2721E-02,0.014681711760965685
 5.2742E-02,0.01347805962399182
 5.2762E-02,0.012032645869469186
 5.2783E-02,0.01040843414711296
 5.2804E-02,0.008676275529720745
 5.2825E-02,0.006911839042102446
 5.2846E-02,0.005192292794677403
 5.2867E-02,0.00359289106581863
 5.2887E-02,0.002183638770770416
 5.2908E-02,0.001026201238622415
 5.2929E-02,0.0001712050092069899
 5.2950E-02,-0.0003439578014975156
 5.2971E-02,-0.0004967427002211252
 5.2992E-02,-0.00028043114236495667
 5.3012E-02,0.0002955606713373691
 5.3033E-02,0.0012060629758687746
 5.3054E-02,0.002411225348894992
 5.3075E-02,0.0038582539800931463
 5.3096E-02,0.005483746613872782
 5.3116E-02,0.0072165158818361325
 5.3137E-02,0.008980756493551505
 5.3158E-02,0.010699392976375911
 5.3179E-02,0.012297445479784685
 5.3200E-02,0.013705267300762861
 5.3221E-02,0.014861529947628679
 5.3241E-02,0.015715850391858275
 5.3262E-02,0.01623096610164017
 5.3283E-02,0.016384368872438878
 5.3304E-02,0.016169315952842562
 5.3325E-02,0.015595154724506495
 5.3346E-02,0.014686929126571529
 5.3366E-02,0.013484279076857642
 5.3387E-02,0.012039689509932467
 5.3408E-02,0.010416182992744352
 5.3429E-02,0.008684572415660148
 5.3450E-02,0.006920397885724007
 5.3471E-02,0.005200670739311731
 5.3491E-02,0.0036005460026300217
 5.3512E-02,0.0021900485445045647
 5.3533E-02,0.0010309874538483588
 5.3554E-02,0.0001742016400620919
 5.3575E-02,-0.00034272161374700183
 5.3596E-02,-0.0004971311266825723
 5.3616E-02,-0.0002823101223883986
 5.3637E-02,0.0002922550462025204
 5.3658E-02,0.001201332511513123
 5.3679E-02,0.0024050875196484785
 5.3700E-02,0.0038508436220810894
 5.3721E-02,0.00547538171476858
 5.3741E-02,0.007207686133895671
 5.3762E-02,0.008972034197211648
 5.3783E-02,0.010691307100575963
 5.3804E-02,0.012290379009402125
 5.3825E-02,0.013699425135337846
 5.3846E-02,0.014856986665978648
 5.3866E-02,0.015712644764474305
 5.3887E-02,0.016229185224763035
 5.3908E-02,0.016384172034843183
 5.3929E-02,0.016170882677375206
 5.3950E-02,0.015598584065920958
 5.3971E-02,0.014692145088448273
 5.3991E-02,0.013490994955176784
 5.4012E-02,0.012047453339549338
 5.4033E-02,0.010424483764319547
 5.4054E-02,0.008692955330375887
 5.4075E-02,0.006928533422306316
 5.4096E-02,0.005208348322698784
 5.4116E-02,0.0036076042712112335
 5.4137E-02,0.002196288257633848
 5.4158E-02,0.0010361216915802005
 5.4179E-02,0.00017787672800481115
 5.4200E-02,-0.0003408403630061086
 5.4220E-02,-0.000497250870718047
 5.4241E-02,-0.0002844345874471978
 5.4262E-02,0.0002883297374015039
 5.4283E-02,0.001195948385317645
 5.4304E-02,0.002398617729185976
 5.4325E-02,0.0038436022962921057
 5.4345E-02,0.005467594233559166
 5.4366E-02,0.0071995293366083485
 5.4387E-02,0.00896371734096808
 5.4408E-02,0.010683141961127744
 5.4429E-02,0.01228279338441886
 5.4450E-02,0.013692904865348994
 5.4470E-02,0.014851970345279056
 5.4491E-02,0.01570942142506656
 5.4512E-02,0.016227844376492762
 5.4533E-02,0.016384628128307863
 5.4554E-02,0.016172957186005442
 5.4575E-02,0.015602098976350724
 5.4595E-02,0.014696977407329182
 5.4616E-02,0.013497064899461333
 5.4637E-02,0.012054656447600887
 5.4658E-02,0.010432608776478934
 5.4679E-02,0.00870163825937845
 5.4700E-02,0.006937279280033197
 5.4720E-02,0.00521661590786472
 5.4741E-02,0.0036149158134508065
 5.4762E-02,0.0022023126260116346
 5.4783E-02,0.001040694172111944
 5.4804E-02,0.00018095212930906894
 5.4825E-02,-0.00033926960778763
 5.4845E-02,-0.0004972226157713461
 5.4866E-02,-0.0002860312879132537
 5.4887E-02,0.0002850291656306165
 5.4908E-02,0.0011909526521174962
 5.4929E-02,0.0023920958491684317
 5.4950E-02,0.0038359023646558146
 5.4970E-02,0.005459193658442844
 5.4991E-02,0.007190937672327283
 5.5012E-02,0.00895537732103323
 5.5033E-02,0.010675374383992131
 5.5054E-02,0.012275807286573416
 5.5075E-02,0.013686859125602285
 5.5095E-02,0.014847045596347022
 5.5116E-02,0.015705856561969125
 5.5137E-02,0.016225912365140892
 5.5158E-02,0.01638456001737463
 5.5179E-02,0.016174852592978992
 5.5199E-02,0.015605869951501707
 5.5220E-02,0.014702355881096026
 5.5241E-02,0.01350367101996583
 5.5262E-02,0.01206209384058776
 5.5283E-02,0.010440539922037877
 5.5304E-02,0.008709805499961785
 5.5324E-02,0.00694546754034903
 5.5345E-02,0.005224585331410358
 5.5366E-02,0.0036223488398440928
 5.5387E-02,0.002208811879277848
 5.5408E-02,0.0010458395096669226
 5.5429E-02,0.00018439258696440993
 5.5449E-02,-0.0003377328317797927
 5.5470E-02,-0.0004976020961228659
 5.5491E-02,-0.000288183032627866
 5.5512E-02,0.0002813303054891439
 5.5533E-02,0.0011859325988007375
 5.5554E-02,0.0023859374255213728
 5.5574E-02,0.0038287578819531697
 5.5595E-02,0.005451241936130604
 5.5616E-02,0.007182448377813151
 5.5637E-02,0.00894674084860855
 5.5658E-02,0.01066707367901648
 5.5679E-02,0.012268339164726322
 5.5699E-02,0.013680639882420957
 5.5720E-02,0.01484234436460534
 5.5741E-02,0.015702785356113094
 5.5762E-02,0.016224471987485813
 5.5783E-02,0.016384712110817438
 5.5804E-02,0.016176575661631866
 5.5824E-02,0.015609167703920544
 5.5845E-02,0.014707213869045816
 5.5866E-02,0.01350998713574969
 5.5887E-02,0.012069623726634147
 5.5908E-02,0.010448891413397712
 5.5929E-02,0.008718490726618709
 5.5949E-02,0.006953991121764189
 5.5970E-02,0.005232528484217985
 5.5991E-02,0.00362941209192742
 5.6012E-02,0.0022148016822757773
 5.6033E-02,0.0010506140190134992
 5.6054E-02,0.00018780304535691273
 5.6074E-02,-0.00033586759733931115
 5.6095E-02,-0.0004974699348203994
 5.6116E-02,-0.0002899125479894839
 5.6137E-02,0.0002777416394347613
 5.6158E-02,0.001180657410380562
 5.6179E-02,0.0023793019333794943
 5.6199E-02,0.0038211757420900288
 5.6220E-02,0.005443129535313744
 5.6241E-02,0.007174161227977871
 5.6262E-02,0.008938558166342899
 5.6283E-02,0.010659231456266577
 5.6303E-02,0.01226108558693569
 5.6324E-02,0.013674275102390655
 5.6345E-02,0.014837215705207336
 5.6366E-02,0.015699233967751587
 5.6387E-02,0.016222754231266134
 5.6408E-02,0.016384933698720645
 5.6428E-02,0.016178670903473212
 5.6449E-02,0.015612933223705638
 5.6470E-02,0.014712378331200574
 5.6491E-02,0.013516280862649561
 5.6512E-02,0.012076813990088203
 5.6533E-02,0.010456769400041966
 5.6553E-02,0.0087268235853976
 5.6574E-02,0.006962472196388462
 5.6595E-02,0.005240760215236346
 5.6616E-02,0.0036369385261225485
 5.6637E-02,0.0022211806579432703
 5.6658E-02,0.001055497454411906
 5.6678E-02,0.00019098895922383947
 5.6699E-02,-0.00033443319785293225
 5.6720E-02,-0.0004977372771122441
 5.6741E-02,-0.00029179109857440153
 5.6762E-02,0.00027433700289281954
 5.6783E-02,0.0011758016691655688
 5.6803E-02,0.0023730970893165657
 5.6824E-02,0.00381380616333314
 5.6845E-02,0.005434900693566938
 5.6866E-02,0.007165494970290886
 5.6887E-02,0.00892994029228633
 5.6908E-02,0.01065113245979394
 5.6928E-02,0.012253889461883914
 5.6949E-02,0.013668246598628683
 5.6970E-02,0.014832515886339576
 5.6991E-02,0.015695968513162132
 5.7012E-02,0.016221022360291007
 5.7033E-02,0.016384846727051913
 5.7053E-02,0.016180327499957792
 5.7074E-02,0.015616363492337092
 5.7095E-02,0.014717487243049526
 5.7116E-02,0.013522823339533845
 5.7137E-02,0.012084418188769664
 5.7158E-02,0.01046500003932233
 5.7178E-02,0.008735256849483187
 5.7199E-02,0.006970748706219805
 5.7220E-02,0.005248595328969757
 5.7241E-02,0.0036440927394241268
 5.7262E-02,0.002227414343409568
 5.7282E-02,0.0010605420615621452
 5.7303E-02,0.0001945569834080331
 5.7324E-02,-0.00033259921414109325
 5.7345E-02,-0.0004977987196770246
 5.7366E-02,-0.00029376270960409156
 5.7387E-02,0.0002705967060002046
 5.7407E-02,0.0011705539986974658
 5.7428E-02,0.0023666589249158702
 5.7449E-02,0.0038064892076048002
 5.7470E-02,0.005426982082179399
 5.7491E-02,0.007157228777545336
 5.7512E-02,0.008921596420924077
 5.7532E-02,0.010643034080807044
 5.7553E-02,0.01224642081969796
 5.7574E-02,0.013661819195356306
 5.7595E-02,0.01482750397854838
 5.7616E-02,0.015692642067814334
 5.7637E-02,0.01621950782484126
 5.7657E-02,0.016385132018953995
 5.7678E-02,0.016182305092501348
 5.7699E-02,0.015619886532977734
 5.7720E-02,0.014722408432695054
 5.7741E-02,0.01352899747578822
 5.7762E-02,0.012091670605208958
 5.7782E-02,0.010473082991588223
 5.7803E-02,0.008743823457698991
 5.7824E-02,0.006979365331781794
 5.7845E-02,0.005256793049241838
 5.7866E-02,0.003651437853221305
 5.7887E-02,0.002233567750572884
 5.7907E-02,0.0010652832468840468
 5.7928E-02,0.00019776690031476246
 5.7949E-02,-0.000330980893240631
 5.7970E-02,-0.0004978141082023833
 5.7991E-02,-0.00029544898281808583
 5.8012E-02,0.0002672297920641389
 5.8032E-02,0.0011655698801782187
 5.8053E-02,0.0023602366957102827
 5.8074E-02,0.003798936533755609
 5.8095E-02,0.005418706953672614
 5.8116E-02,0.00714867949790395
 5.8137E-02,0.008913195329658622
 5.8157E-02,0.010635133079669313
 5.8178E-02,0.012239294541337266
 5.8199E-02,0.013655691298290867
 5.8220E-02,0.014822584596538806
 5.8241E-02,0.015689149273137904
 5.8262E-02,0.016217655774747257
 5.8282E-02,0.01638508781370514
 5.8303E-02,0.01618413470912631
 5.8324E-02,0.015623517546701108
 5.8345E-02,0.014727629631716782
 5.8366E-02,0.013535497059771015
 5.8386E-02,0.012099095393156248
 5.8407E-02,0.0104810912955352
 5.8428E-02,0.008752109142022717
 5.8449E-02,0.006987647273055319
 5.8470E-02,0.005264783588041387
 5.8491E-02,0.003658815386305295
 5.8511E-02,0.0022399761742463026
 5.8532E-02,0.0010703659654326923
 5.8553E-02,0.00020122375406724728
 5.8574E-02,-0.00032933866535120185
 5.8595E-02,-0.0004980357658544384
 5.8616E-02,-0.0002974547637947839
 5.8636E-02,0.00026360711868784364
 5.8657E-02,0.001160534874166994
 5.8678E-02,0.002353997785718823
 5.8699E-02,0.0037917037504177136
 5.8720E-02,0.0054107170267119545
 5.8741E-02,0.007140228540381665
 5.8761E-02,0.00890465440522803
 5.8782E-02,0.01062693067603814
 5.8803E-02,0.012231867603783938
 5.8824E-02,0.013649423466358421
 5.8845E-02,0.0148177574672042
 5.8866E-02,0.015685926040798895
 5.8886E-02,0.016216100010142585
 5.8907E-02,0.016385202414153036
 5.8928E-02,0.016185896713994924
 5.8949E-02,0.0156268884970297
 5.8970E-02,0.014732536152807379
 5.8991E-02,0.013541794108108476
 5.9011E-02,0.012106535447622666
 5.9032E-02,0.010489320820174208
 5.9053E-02,0.00876069999962437
 5.9074E-02,0.006996152835242924
 5.9095E-02,0.005272796735116218
 5.9116E-02,0.003666005107081096
 5.9136E-02,0.0022460911975268534
 5.9157E-02,0.0010752113561067844
 5.9178E-02,0.00020463022892636313
 5.9199E-02,-0.0003275301804001536
 5.9220E-02,-0.0004979614551289776
 5.9241E-02,-0.00029919093982004423
 5.9261E-02,0.00026008681116199237
 5.9282E-02,0.0011553848955594187
 5.9303E-02,0.0023474934261445753
 5.9324E-02,0.0037842018952505708
 5.9345E-02,0.005402601467938739
 5.9365E-02,0.0071318633227749765
 5.9386E-02,0.008896363258818653
 5.9407E-02,0.010619005766324003
 5.9428E-02,0.01222459469345677
 5.9449E-02,0.013643101848230563
 5.9470E-02,0.014812696366251694
 5.9490E-02,0.0156824127083231
 5.9511E-02,0.01621435105208139
 5.9532E-02,0.0163853201318278
 5.9553E-02,0.016187850839302922
 5.9574E-02,0.015630531439854763
 5.9595E-02,0.014737643379636846
 5.9615E-02,0.013548109412703855
 5.9636E-02,0.012113799960195121
 5.9657E-02,0.010497274974153578
 5.9678E-02,0.008769063581859209
 5.9699E-02,0.007004601001920853
 5.9720E-02,0.0052809525850776315
 5.9740E-02,0.003673460662516322
 5.9761E-02,0.00225245324381402
 5.9782E-02,0.0010801548867166624
 5.9803E-02,0.00020793760288135687
 5.9824E-02,-0.000325959388517764
 5.9845E-02,-0.0004981303016987435
 5.9865E-02,-0.00030104053157637605
 5.9886E-02,0.0002566471071576143
 5.9907E-02,0.0011504685913685717
 5.9928E-02,0.002341252253576881
 5.9949E-02,0.0037768535466055153
 5.9970E-02,0.005394449882903901
 5.9990E-02,0.007123294571971336
 6.0011E-02,0.008887812363173764
 6.0032E-02,0.010610904832993939
 6.0053E-02,0.012217322447993551
 6.0074E-02,0.013636953807384493
 6.0095E-02,0.014807884028159529
 6.0115E-02,0.01567908513784497
 6.0136E-02,0.01621262119825175
 6.0157E-02,0.016385277029820136
 6.0178E-02,0.016189548047777218
 6.0199E-02,0.015633956548329803
 6.0220E-02,0.014742685259747618
 6.0240E-02,0.013554542632834093
 6.0261E-02,0.012121297949194433
 6.0282E-02,0.01050544935246556
 6.0303E-02,0.008777514216195218
 6.0324E-02,0.007012956659893174
 6.0345E-02,0.005288887978609669
 6.0365E-02,0.003680688861551831
 6.0386E-02,0.0022587057234986496
 6.0407E-02,0.0010851676857950975
 6.0428E-02,0.0002114579482758093
 6.0449E-02,-0.0003241437586381958
 6.0469E-02,-0.0004981503756778268
 6.0490E-02,-0.0003029126218155335
 6.0511E-02,0.00025303109206585946
 6.0532E-02,0.0011453220536808309
 6.0553E-02,0.0023348547079011734
 6.0574E-02,0.003769509189274413
 6.0594E-02,0.005386461433705537
 6.0615E-02,0.007114960318688306
 6.0636E-02,0.008879440822880067
 6.0657E-02,0.010602831329601263
 6.0678E-02,0.012209910652755809
 6.0699E-02,0.01363057353800865
 6.0719E-02,0.014802869847314456
 6.0740E-02,0.015675691337085074
 6.0761E-02,0.01621099161323605
 6.0782E-02,0.01638544126349508
 6.0803E-02,0.01619144279485694
 6.0824E-02,0.015637458755375182
 6.0844E-02,0.014747639209951625
 6.0865E-02,0.013560768103223333
 6.0886E-02,0.012128578476664278
 6.0907E-02,0.01051351182264262
 6.0928E-02,0.008786016817560775
 6.0949E-02,0.007021498578459692
 6.0969E-02,0.005297043061849334
 6.0990E-02,0.003688052898112788
 6.1011E-02,0.0022649397414347414
 6.1032E-02,0.0010900216166391825
 6.1053E-02,0.0002147690217608316
 6.1074E-02,-0.00032247086784895366
 6.1094E-02,-0.0004981661193183449
 6.1115E-02,-0.0003046324624958923
 6.1136E-02,0.0002496363314041892
 6.1157E-02,0.0011403499726554474
 6.1178E-02,0.0023284945867145645
 6.1199E-02,0.0037620488393493405
 6.1219E-02,0.005378269241233567
 6.1240E-02,0.007106446257741144
 6.1261E-02,0.008871010554889792
 6.1282E-02,0.01059485049140934
 6.1303E-02,0.01220269052356248
 6.1324E-02,0.013624377712372081
 6.1344E-02,0.014797930591832487
 6.1365E-02,0.01567221986076047
 6.1386E-02,0.016209170869871167
 6.1407E-02,0.016385400663159567
 6.1428E-02,0.016193225424833077
 6.1448E-02,0.01564099726869916
 6.1469E-02,0.014752753398301415
 6.1490E-02,0.01356718701881483
 6.1511E-02,0.012135978272108381
 6.1532E-02,0.01052155350106084
 6.1553E-02,0.008794369494332429
 6.1573E-02,0.007029842767025642
 6.1594E-02,0.0053050599943586995
 6.1615E-02,0.0036954137234403136
 6.1636E-02,0.002271308403270965
 6.1657E-02,0.0010950773922151675
 6.1678E-02,0.00021824338853979855
 6.1698E-02,-0.0003207570287222331
 6.1719E-02,-0.0004982803016049366
 6.1740E-02,-0.0003065319029258158
 6.1761E-02,0.0002460822308288772
 6.1782E-02,0.0011353283265641478
 6.1803E-02,0.0023222239878910008
 6.1823E-02,0.0037547706849895774
 6.1844E-02,0.005370255176147899
 6.1865E-02,0.007098011567802119
 6.1886E-02,0.008862519232248778
 6.1907E-02,0.01058670161219611
 6.1928E-02,0.012195285399434385
 6.1948E-02,0.013618077683870035
 6.1969E-02,0.014793020700757411
 6.1990E-02,0.01566889108089382
 6.2011E-02,0.01620752448139482
 6.2032E-02,0.016385467631931553
 6.2053E-02,0.016194987043197096
 6.2073E-02,0.015644394311496484
 6.2094E-02,0.014757678989983787
 6.2115E-02,0.013573468885549509
 6.2136E-02,0.012143363317096534
 6.2157E-02,0.010529707726134117
 6.2178E-02,0.008802899147248813
 6.2198E-02,0.007038332083170822
 6.2219E-02,0.005313112678804786
 6.2240E-02,0.003702683765558366
 6.2261E-02,0.002277511691095757
 6.2282E-02,0.0010999856637660436
 6.2303E-02,0.00022167087696204105
 6.2323E-02,-0.0003189610367963627
 6.2344E-02,-0.0004982243158599628
 6.2365E-02,-0.000308261194703791
 6.2386E-02,0.00024261075991533198
 6.2407E-02,0.0011302617622993823
 6.2428E-02,0.0023158094255945998
 6.2448E-02,0.003747330582949942
 6.2469E-02,0.005362150646108095
 6.2490E-02,0.007089607410289979
 6.2511E-02,0.008854162528586146
 6.2532E-02,0.010578717648281858
 6.2552E-02,0.012187985010080095
 6.2573E-02,0.013611764013549545
 6.2594E-02,0.01478798414252218
 6.2615E-02,0.01566538831014735
 6.2636E-02,0.01620574711434752
 6.2657E-02,0.016385512857481944
 6.2677E-02,0.016196842879839513
 6.2698E-02,0.01564794574209347
 6.2719E-02,0.014762731562328836
 6.2740E-02,0.013579778611502596
 6.2761E-02,0.012150659964469243
 6.2782E-02,0.01053770370090541
 6.2802E-02,0.008811285237285502
 6.2823E-02,0.007046769395212156
 6.2844E-02,0.005321232763959511
 6.2865E-02,0.003710104775594816
 6.2886E-02,0.0022838697186605738
 6.2907E-02,0.0011049719105358788
 6.2927E-02,0.00022506155557615987
 6.2948E-02,-0.0003172921309096768
 6.2969E-02,-0.0004983124748487026
 6.2990E-02,-0.0003100697200267232
 6.3000E-02,-8.752888522727993e-05
