  0.000,0.0
  1.000,0.013242968509476033
  0.000,0.013242968509476033
 1.3610E-05,0.0136645010601403
 2.7220E-05,0.015102593437826434
 4.0830E-05,0.017109097044358177
 5.4440E-05,0.019887559216681387
 6.8050E-05,0.023602595362060497
 8.1660E-05,0.027588703278662426
 9.5270E-05,0.030823313246453578
 1.0888E-04,0.03265515499563221
 1.2249E-04,0.03289700925475896
 1.3610E-04,0.031425500933463114
 1.4971E-04,0.028027586930187334
 1.6332E-04,0.023077176268913837
 1.7693E-04,0.017664930109763916
 1.9054E-04,0.012664402050570536
 2.0415E-04,0.008384110154715504
 2.1776E-04,0.005126237129490019
 2.3137E-04,0.003328482050426267
 2.4498E-04,0.0029352228253201568
 2.5859E-04,0.0031816484001021654
 2.7220E-04,0.0033595884849486274
 2.8581E-04,0.00330729299751189
 2.9942E-04,0.002911169232030231
 3.1303E-04,0.0018812466687935959
 3.2664E-04,0.00034183566021062746
 3.4025E-04,-0.000957517023132163
 3.5386E-04,-0.001271657136411188
 3.6747E-04,-0.00032440895817179103
 3.8108E-04,0.0019921981069239143
 3.9469E-04,0.005840991396210181
 4.0830E-04,0.01102954230538139
 4.2191E-04,0.016783693416473483
 4.3552E-04,0.022171141977443576
 4.4913E-04,0.026562292454157865
 4.6274E-04,0.029600728412414207
 4.7635E-04,0.030955746386885395
 4.8996E-04,0.03049342944676456
 5.0357E-04,0.028663794377783887
 5.1718E-04,0.026270433842240076
 5.3079E-04,0.02386219997626395
 5.4440E-04,0.021704824028293795
 5.5801E-04,0.020116282871156025
 5.7162E-04,0.01929132866048372
 5.8523E-04,0.018891041037375923
 5.9884E-04,0.018253202435603622
 6.1245E-04,0.016939241250676414
 6.2606E-04,0.014778017776997313
 6.3967E-04,0.01162673800729561
 6.5328E-04,0.007503673023550301
 6.6689E-04,0.0028743802905679293
 6.8050E-04,-0.0014606904132896566
 6.9411E-04,-0.004785582664497088
 7.0772E-04,-0.006662613846871212
 7.2133E-04,-0.006796615286431874
 7.3494E-04,-0.005036826336889568
 7.4855E-04,-0.0016424260269615122
 7.6216E-04,0.0026892939607076915
 7.7577E-04,0.007206279064991035
 7.8938E-04,0.011380853154961132
 8.0299E-04,0.014809336353183553
 8.1660E-04,0.017165179520065015
 8.3021E-04,0.018456863765122882
 8.4382E-04,0.019126054333471965
 8.5743E-04,0.01971246608710146
 8.7104E-04,0.020557328681235467
 8.8465E-04,0.021870327772071315
 8.9826E-04,0.023790374635595038
 9.1187E-04,0.026173357098596868
 9.2548E-04,0.028480520971301833
 9.3909E-04,0.030054313502556964
 9.5270E-04,0.03041958982178583
 9.6631E-04,0.029282747806689623
 9.7992E-04,0.026487600995419525
 9.9353E-04,0.022174391801707317
 1.0071E-03,0.01689282578654104
 1.0208E-03,0.011409465070921726
 1.0344E-03,0.006410256383341627
 1.0480E-03,0.002412863684347376
 1.0616E-03,-0.00019677061559201896
 1.0752E-03,-0.001270865656485812
 1.0888E-03,-0.0010522369390919208
 1.1024E-03,-6.5134919513946e-05
 1.1160E-03,0.0011796196987503105
 1.1296E-03,0.002308414893623042
 1.1432E-03,0.0030382668308627557
 1.1569E-03,0.0032583371358244025
 1.1705E-03,0.003192766665896628
 1.1841E-03,0.0033244256648851888
 1.1977E-03,0.004122569671696288
 1.2113E-03,0.005903478444845648
 1.2249E-03,0.00884710908626825
 1.2385E-03,0.012933004155419533
 1.2521E-03,0.017806674143057158
 1.2657E-03,0.022821123296785765
 1.2793E-03,0.027273114127242773
 1.2929E-03,0.030585038297833565
 1.3066E-03,0.03233646938582418
 1.3202E-03,0.032313823997764
 1.3338E-03,0.030637827552595188
 1.3474E-03,0.027773366898604126
 1.3610E-03,0.024330790009406043
 1.3746E-03,0.02086408679831562
 1.3882E-03,0.01781847088596826
 1.4018E-03,0.015493481805200798
 1.4154E-03,0.013920871674722224
 1.4291E-03,0.01282343870110619
 1.4427E-03,0.011776939812625384
 1.4563E-03,0.010407779843427226
 1.4699E-03,0.008459365921961346
 1.4835E-03,0.005822108888959147
 1.4971E-03,0.002635572006815806
 1.5107E-03,-0.0006645442856521894
 1.5243E-03,-0.003483134450560348
 1.5379E-03,-0.005264669046869648
 1.5515E-03,-0.005591099996201364
 1.5652E-03,-0.004226970364788486
 1.5788E-03,-0.0012117614765842165
 1.5924E-03,0.003080233966783507
 1.6060E-03,0.00803710624503154
 1.6196E-03,0.012999186413571742
 1.6332E-03,0.017386705527330924
 1.6468E-03,0.020760450964045062
 1.6604E-03,0.022909556890798193
 1.6740E-03,0.023932050805640755
 1.6876E-03,0.024180181723760838
 1.7013E-03,0.024089176981510023
 1.7149E-03,0.024043145323282382
 1.7285E-03,0.024316548682277696
 1.7421E-03,0.024999202997297094
 1.7557E-03,0.025915711035502713
 1.7693E-03,0.02666293318082288
 1.7829E-03,0.02676826818269941
 1.7965E-03,0.025831601089282584
 1.8101E-03,0.02359773710229216
 1.8237E-03,0.020029256993989098
 1.8373E-03,0.015382140586366643
 1.8510E-03,0.010183407950844492
 1.8646E-03,0.005088492255428322
 1.8782E-03,0.0007263390470947208
 1.8918E-03,-0.0023967348636651383
 1.9054E-03,-0.003977175244172848
 1.9190E-03,-0.0039983916948892195
 1.9326E-03,-0.0027400447853259727
 1.9462E-03,-0.000667684004318595
 1.9598E-03,0.0017153683850761833
 1.9734E-03,0.003969464371573061
 1.9871E-03,0.005796345966924059
 2.0007E-03,0.007123453816504493
 2.0143E-03,0.008130950261563002
 2.0279E-03,0.009164402342567244
 2.0415E-03,0.010594523568540846
 2.0551E-03,0.012712433006555394
 2.0687E-03,0.01565470988930069
 2.0823E-03,0.019326440287403376
 2.0959E-03,0.023371073831408313
 2.1095E-03,0.027246920231068436
 2.1232E-03,0.030368871414570182
 2.1368E-03,0.032230629607067046
 2.1504E-03,0.032495355434692605
 2.1640E-03,0.031080651522170443
 2.1776E-03,0.028203575457571437
 2.1912E-03,0.02432751415367414
 2.2048E-03,0.020032439293685096
 2.2184E-03,0.015886689944703453
 2.2320E-03,0.012348891717938088
 2.2457E-03,0.009679578550467676
 2.2593E-03,0.007882297557732783
 2.2729E-03,0.0067301882062256084
 2.2865E-03,0.005874381372652944
 2.3001E-03,0.004964207019458226
 2.3137E-03,0.0037402008009304252
 2.3273E-03,0.002114966786397021
 2.3409E-03,0.00023055847961337642
 2.3545E-03,-0.001559946037168333
 2.3681E-03,-0.00279405155471136
 2.3817E-03,-0.0030243051053508566
 2.3954E-03,-0.0019206817113353578
 2.4090E-03,0.000643141589874322
 2.4226E-03,0.004526412240461587
 2.4362E-03,0.009326060775377277
 2.4498E-03,0.014466071189734201
 2.4634E-03,0.01932452969010905
 2.4770E-03,0.02334945526829225
 2.4906E-03,0.02615827813982996
 2.5042E-03,0.027616624990003995
 2.5178E-03,0.027857522774722233
 2.5315E-03,0.027216602478088645
 2.5451E-03,0.026118460719279125
 2.5587E-03,0.024965413513930137
 2.5723E-03,0.024042037901450996
 2.5859E-03,0.02343773969505298
 2.5995E-03,0.02301979532511928
 2.6131E-03,0.022485337357587672
 2.6267E-03,0.021467381932646145
 2.6403E-03,0.01964518497626675
 2.6539E-03,0.016839094283594782
 2.6676E-03,0.013086560243523233
 2.6812E-03,0.00867194364984929
 2.6948E-03,0.004080444889673476
 2.7084E-03,-0.00010792806440581507
 2.7220E-03,-0.0033380044096120373
 2.7356E-03,-0.005186856639682848
 2.7492E-03,-0.005452798359201123
 2.7628E-03,-0.004203317121825495
 2.7764E-03,-0.0017519529145550673
 2.7900E-03,0.0014299674746011664
 2.8037E-03,0.004826688460569311
 2.8173E-03,0.00798646120162326
 2.8309E-03,0.010615441679522594
 2.8445E-03,0.012637546486905685
 2.8581E-03,0.014189991065019237
 2.8717E-03,0.015552247560988386
 2.8853E-03,0.01704298599881094
 2.8989E-03,0.018918002959124398
 2.9125E-03,0.021281816871748405
 2.9261E-03,0.02402986186439217
 2.9398E-03,0.026850112974509947
 2.9534E-03,0.02929169251262438
 2.9670E-03,0.030871648157371315
 2.9806E-03,0.031185755815657072
 2.9942E-03,0.030006535686915057
 3.0078E-03,0.02735167463953479
 3.0214E-03,0.02349546026319804
 3.0350E-03,0.018911582551246454
 3.0486E-03,0.014170051466897727
 3.0622E-03,0.009822456629792756
 3.0759E-03,0.0062960476713437834
 3.0895E-03,0.0038129132711301086
 3.1031E-03,0.002359360002135695
 3.1167E-03,0.0017207509663204191
 3.1303E-03,0.001566224249217658
 3.1439E-03,0.001551491365031872
 3.1575E-03,0.001417312079366689
 3.1711E-03,0.0010674997762754265
 3.1847E-03,0.0006029550617094397
 3.1983E-03,0.00029385218891522205
 3.2120E-03,0.0004998255877344602
 3.2256E-03,0.0015677642263612292
 3.2392E-03,0.0037316969536041857
 3.2528E-03,0.007031795213986806
 3.2664E-03,0.011274712895476838
 3.2800E-03,0.016054734634576576
 3.2936E-03,0.02083127638476465
 3.3072E-03,0.025036454834217424
 3.3208E-03,0.028186646163330498
 3.3345E-03,0.02997876334459394
 3.3481E-03,0.03034880491911193
 3.3617E-03,0.02947145460218189
 3.3753E-03,0.02770021557058371
 3.3889E-03,0.025470821238181472
 3.4025E-03,0.023194794908055687
 3.4161E-03,0.021163718479272085
 3.4297E-03,0.01948557744347124
 3.4433E-03,0.018074413180628673
 3.4569E-03,0.01669765126161885
 3.4705E-03,0.01506251653695419
 3.4842E-03,0.012915409951889915
 3.4978E-03,0.010132956151497551
 3.5114E-03,0.006783888776154773
 3.5250E-03,0.0031404893506507326
 3.5386E-03,-0.00036780446394961766
 3.5522E-03,-0.0032436179922750935
 3.5658E-03,-0.005028200846409658
 3.5794E-03,-0.005402845624959881
 3.5930E-03,-0.004264227573448109
 3.6066E-03,-0.001752181793927529
 3.6203E-03,0.001780755557682478
 3.6339E-03,0.005847968193989871
 3.6475E-03,0.009932452019223416
 3.6611E-03,0.013592584422486832
 3.6747E-03,0.016548325740176086
 3.6883E-03,0.018725443834601316
 3.7019E-03,0.02024385752356103
 3.7155E-03,0.021355771577115722
 3.7291E-03,0.02235454609374675
 3.7427E-03,0.02347760384090003
 3.7564E-03,0.024825130540617118
 3.7700E-03,0.026316594889262194
 3.7836E-03,0.027700395896560415
 3.7972E-03,0.028614214727358978
 3.8108E-03,0.02867737587709685
 3.8244E-03,0.027591867369298466
 3.8380E-03,0.025229590632320963
 3.8516E-03,0.02168340921018589
 3.8652E-03,0.017265147960528165
 3.8788E-03,0.012449938356117688
 3.8925E-03,0.007783327313115652
 3.9061E-03,0.003774318975383292
 3.9197E-03,0.0007971895899301757
 3.9333E-03,-0.0009755441876047376
 3.9469E-03,-0.0015910117072085103
 3.9605E-03,-0.0012806144947956795
 3.9741E-03,-0.00038389652778289085
 3.9877E-03,0.0007472249056923604
 4.0013E-03,0.0018416199459026113
 4.0149E-03,0.002777245000618587
 4.0286E-03,0.0036054210104163285
 4.0422E-03,0.004523914377765777
 4.0558E-03,0.005808165213180851
 4.0694E-03,0.007720442833709521
 4.0830E-03,0.010419125246859635
 4.0966E-03,0.013890351112002257
 4.1102E-03,0.017921834953995405
 4.1238E-03,0.022128318909163135
 4.1374E-03,0.026022231193338085
 4.1510E-03,0.029111270739162025
 4.1647E-03,0.031000477520372945
 4.1783E-03,0.03147557430450572
 4.1919E-03,0.030546228746726592
 4.2055E-03,0.028437081508090194
 4.2191E-03,0.025529958434455692
 4.2327E-03,0.02227382234153457
 4.2463E-03,0.01908459575441953
 4.2599E-03,0.016258017508733475
 4.2735E-03,0.013917036667938601
 4.2871E-03,0.012007405908274206
 4.3008E-03,0.010340927034791642
 4.3144E-03,0.008672462282477506
 4.3280E-03,0.006790073673805264
 4.3416E-03,0.004595819212295777
 4.3552E-03,0.0021557015168568645
 4.3688E-03,-0.00029621457469354573
 4.3824E-03,-0.0024013730216943144
 4.3960E-03,-0.0037561233863917126
 4.4096E-03,-0.004007093436120659
 4.4233E-03,-0.0029401274036301916
 4.4369E-03,-0.0005409101134018265
 4.4505E-03,0.00298924867183636
 4.4641E-03,0.007267252533214322
 4.4777E-03,0.011802822693000373
 4.4913E-03,0.016095694239169525
 4.5049E-03,0.019733184516668494
 4.5185E-03,0.02246530755121073
 4.5321E-03,0.024238745037320143
 4.5457E-03,0.0251817531987076
 4.5594E-03,0.025545973076722475
 4.5730E-03,0.02562171453782229
 4.5866E-03,0.02564836806191489
 4.6002E-03,0.025742631094152323
 4.6138E-03,0.025863766250917797
 4.6274E-03,0.025825446476973463
 4.6410E-03,0.025350402431959504
 4.6546E-03,0.024152947817975178
 4.6682E-03,0.022028450823380744
 4.6818E-03,0.018927065661597985
 4.6954E-03,0.014991710992870728
 4.7091E-03,0.010549012981636095
 4.7227E-03,0.006054941973018953
 4.7363E-03,0.002008634134857454
 4.7499E-03,-0.001145246741294671
 4.7635E-03,-0.003102968598079211
 4.7771E-03,-0.0037563554145644508
 4.7907E-03,-0.0032023905085688514
 4.8043E-03,-0.0017065356453055888
 4.8179E-03,0.00036972450492789733
 4.8315E-03,0.002658784278573051
 4.8452E-03,0.004872429445224415
 4.8588E-03,0.006861766270760435
 4.8724E-03,0.00863644083761195
 4.8860E-03,0.01033914575297009
 4.8996E-03,0.012183528598837388
 4.9132E-03,0.014372430146547273
 4.9268E-03,0.01701772683671266
 4.9404E-03,0.020083095059872626
 4.9540E-03,0.023365855439275947
 4.9676E-03,0.02652375765258842
 4.9813E-03,0.029140492894209037
 4.9949E-03,0.030814128027707312
 5.0085E-03,0.031247283561741425
 5.0221E-03,0.030316885238944182
 5.0357E-03,0.028105595727648532
 5.0493E-03,0.024886782904190764
 5.0629E-03,0.021067153798992273
 5.0765E-03,0.017101547439052723
 5.0901E-03,0.01340047656270518
 5.1037E-03,0.01025253810406721
 5.1174E-03,0.007780301752350619
 5.1310E-03,0.005939581921451186
 5.1446E-03,0.004560448076248279
 5.1582E-03,0.003417913023948319
 5.1718E-03,0.0023134907541708808
 5.1854E-03,0.0011463226044691457
 5.1990E-03,-4.5110493391567084e-05
 5.2126E-03,-0.001082099110409801
 5.2262E-03,-0.0016859953232819932
 5.2398E-03,-0.0015492940198045609
 5.2535E-03,-0.00041965296351254315
 5.2671E-03,0.0018242282653157895
 5.2807E-03,0.00512448736795526
 5.2943E-03,0.009236785612035487
 5.3079E-03,0.01376646576248501
 5.3215E-03,0.018239943145833513
 5.3351E-03,0.022194715490169957
 5.3487E-03,0.0252669050020044
 5.3623E-03,0.027255436150311094
 5.3759E-03,0.028147499240663697
 5.3896E-03,0.028099964412767874
 5.4032E-03,0.02738274082913622
 5.4168E-03,0.026299283315087213
 5.4304E-03,0.025104678409824107
 5.4440E-03,0.02394221391789947
 5.4576E-03,0.022814557570545537
 5.4712E-03,0.021596400167744778
 5.4848E-03,0.020084421220835893
 5.4984E-03,0.018071000959294647
 5.5121E-03,0.015422251078550279
 5.5257E-03,0.012139614823706952
 5.5393E-03,0.00838813525877289
 5.5529E-03,0.0044830718031683625
 5.5665E-03,0.0008374155855297967
 5.5801E-03,-0.002117328665754438
 5.5937E-03,-0.004018289319858649
 5.6073E-03,-0.004645487183911572
 5.6209E-03,-0.003965329936823328
 5.6345E-03,-0.0021330377224013522
 5.6482E-03,0.000546070482960698
 5.6618E-03,0.0036865771690932025
 5.6754E-03,0.006907137972361199
 5.6890E-03,0.009908409795535505
 5.7026E-03,0.012525837917771405
 5.7162E-03,0.014744871339850656
 5.7298E-03,0.01667603178484243
 5.7434E-03,0.018497561612870778
 5.7570E-03,0.02038139289920432
 5.7706E-03,0.022422275665172676
 5.7843E-03,0.024589175436986934
 5.7979E-03,0.026712346072747237
 5.8115E-03,0.028510133147418213
 5.8251E-03,0.029649265313648324
 5.8387E-03,0.02982387238873452
 5.8523E-03,0.02883355883155437
 5.8659E-03,0.026640680901208514
 5.8795E-03,0.023391931201354018
 5.8931E-03,0.019398368461369168
 5.9067E-03,0.01507852629470233
 5.9203E-03,0.010878259742507678
 5.9340E-03,0.007186481161858242
 5.9476E-03,0.004266779809398935
 5.9612E-03,0.0022207948717239724
 5.9748E-03,0.000991038274896614
 5.9884E-03,0.0004009132299381329
 6.0020E-03,0.00022061976005524533
 6.0156E-03,0.00024151240364785506
 6.0292E-03,0.00033954614396338893
 6.0428E-03,0.0005113414271079443
 6.0564E-03,0.000873633021841332
 6.0701E-03,0.0016264929239637705
 6.0837E-03,0.002990044459092023
 6.0973E-03,0.00513112877701287
 6.1109E-03,0.008099088762275308
 6.1245E-03,0.01178779296667552
 6.1381E-03,0.015934552770423452
 6.1517E-03,0.02015734324897013
 6.1653E-03,0.024022202325833228
 6.1789E-03,0.02712517179954477
 6.1925E-03,0.02916934500063425
 6.2062E-03,0.030018536151323515
 6.2198E-03,0.029714825823994945
 6.2334E-03,0.02845634251035007
 6.2470E-03,0.026541568827388964
 6.2606E-03,0.02429461139472727
 6.2742E-03,0.021990340740694177
 6.2878E-03,0.01979803737780593
 6.3014E-03,0.017757152936537998
 6.3150E-03,0.0157903110720357
 6.3286E-03,0.013749061578665565
 6.3423E-03,0.011479622665208668
 6.3559E-03,0.008890807779617996
 6.3695E-03,0.006005732608959112
 6.3831E-03,0.002983033406575454
 6.3967E-03,0.00010122021468962844
 6.4103E-03,-0.0022907224049618135
 6.4239E-03,-0.0038448099662847604
 6.4375E-03,-0.004290341417578876
 6.4511E-03,-0.003496380552858354
 6.4648E-03,-0.0015050900202117842
 6.4784E-03,0.0014723262999165694
 6.4920E-03,0.005096225920879854
 6.5056E-03,0.008966039529076467
 6.5192E-03,0.01269861297107357
 6.5328E-03,0.0159987033553333
 6.5464E-03,0.01870496811343952
 6.5600E-03,0.02080106462133103
 6.5736E-03,0.02239039946060295
 6.5872E-03,0.023642247300324038
 6.6009E-03,0.024724081356809903
 6.6145E-03,0.02573830307030915
 6.6281E-03,0.026680270968229936
 6.6417E-03,0.027428880665351256
 6.6553E-03,0.027772425205666796
 6.6689E-03,0.027463316593625067
 6.6825E-03,0.026287754924813302
 6.6961E-03,0.024132399443704905
 6.7097E-03,0.021030593000425757
 6.7233E-03,0.017175715144674378
 6.7370E-03,0.012897505187465012
 6.7506E-03,0.008606473695580905
 6.7642E-03,0.004719405947217179
 6.7778E-03,0.0015835412724485055
 6.7914E-03,-0.000582794010509805
 6.8050E-03,-0.0017195440011602231
 6.8186E-03,-0.0019182339439965251
 6.8322E-03,-0.0013820505971193484
 6.8458E-03,-0.00036351646991038744
 6.8594E-03,0.000904121480813397
 6.8730E-03,0.0022643517886805214
 6.8867E-03,0.0036693371157168245
 6.9003E-03,0.005178687990213853
 6.9139E-03,0.006926055641624209
 6.9275E-03,0.009062822086129957
 6.9411E-03,0.011694067883722771
 6.9547E-03,0.014824062732778209
 6.9683E-03,0.018326208298037848
 6.9819E-03,0.021946228063027207
 6.9955E-03,0.02533901920120761
 7.0091E-03,0.028131068864408266
 7.0228E-03,0.029993773229605083
 7.0364E-03,0.03071001757940402
 7.0500E-03,0.03021782739761685
 7.0636E-03,0.028620514159348666
 7.0772E-03,0.026161069093177412
 7.0908E-03,0.023167404721852414
 7.1044E-03,0.019982139323376762
 7.1180E-03,0.01689420239645209
 7.1316E-03,0.01408873549879731
 7.1452E-03,0.011626818017781319
 7.1589E-03,0.009458794553414189
 7.1725E-03,0.007466434619832908
 7.1861E-03,0.005521930009741673
 7.1997E-03,0.003547572226804525
 7.2133E-03,0.00155989168412514
 7.2269E-03,-0.000313864665156188
 7.2405E-03,-0.0018518388021478108
 7.2541E-03,-0.002782749157226295
 7.2677E-03,-0.0028491678614851047
 7.2813E-03,-0.0018731850496897155
 7.2950E-03,0.00019202593699432758
 7.3086E-03,0.0032379003636959355
 7.3222E-03,0.007009996650076091
 7.3358E-03,0.011149694728359232
 7.3494E-03,0.015258617998167833
 7.3630E-03,0.018970759337819106
 7.3766E-03,0.02201538556685162
 7.3902E-03,0.024256103959739546
 7.4038E-03,0.025697481239026113
 7.4174E-03,0.026458776069190018
 7.4311E-03,0.026722569081603836
 7.4447E-03,0.02667225557529045
 7.4583E-03,0.026434946849773037
 7.4719E-03,0.02604466154438793
 7.4855E-03,0.025435233807711274
 7.4991E-03,0.02446455820879869
 7.5127E-03,0.022963630913845838
 7.5263E-03,0.02079736938002657
 7.5399E-03,0.01792102091500261
 7.5536E-03,0.014416941134282761
 7.5672E-03,0.010501421561736536
 7.5808E-03,0.0064987992424714106
 7.5944E-03,0.002788317226011971
 7.6080E-03,-0.0002639798608904671
 7.6216E-03,-0.0023723260104409893
 7.6352E-03,-0.00338158895697875
 7.6488E-03,-0.003289350471364326
 7.6624E-03,-0.002235082419427173
 7.6760E-03,-0.00045974453192998313
 7.6897E-03,0.0017538003680006777
 7.7033E-03,0.004144662726752214
 7.7169E-03,0.006526392470003246
 7.7305E-03,0.008815445965647022
 7.7441E-03,0.011029336812802673
 7.7577E-03,0.013255985820095467
 7.7713E-03,0.015603181307855336
 7.7849E-03,0.01814215083899855
 7.7985E-03,0.020860746009007454
 7.8121E-03,0.023639276365532272
 7.8258E-03,0.026256233175237523
 7.8394E-03,0.02842349205894148
 7.8530E-03,0.029842990010843885
 7.8666E-03,0.030271232296871255
 7.8802E-03,0.029575745528056745
 7.8938E-03,0.027769383207607204
 7.9074E-03,0.025013794032063302
 7.9210E-03,0.021590989863221485
 7.9346E-03,0.017849819073854065
 7.9482E-03,0.014140244635698369
 7.9619E-03,0.010751116676358422
 7.9755E-03,0.007865958510658043
 7.9891E-03,0.005546522060498939
 8.0027E-03,0.003746780053772077
 8.0163E-03,0.0023524053756772485
 8.0299E-03,0.0012345134730502143
 8.0435E-03,0.0003030402012289236
 8.0571E-03,-0.0004545625732698467
 8.0707E-03,-0.0009596834905933745
 8.0843E-03,-0.0010577554975384944
 8.0980E-03,-0.0005585871975811354
 8.1116E-03,0.0007084454522788652
 8.1252E-03,0.002838554340021521
 8.1388E-03,0.005809605019276095
 8.1524E-03,0.009465359800859777
 8.1660E-03,0.013529048850551891
 8.1796E-03,0.017644987176381417
 8.1932E-03,0.02143902531759895
 8.2068E-03,0.024583901870771165
 8.2204E-03,0.026854261592858652
 8.2341E-03,0.028158610005352323
 8.2477E-03,0.028541197385762863
 8.2613E-03,0.028154307253643613
 8.2749E-03,0.027208745533776574
 8.2885E-03,0.025915605537346047
 8.3021E-03,0.024434285869927002
 8.3157E-03,0.022839810723361723
 8.3293E-03,0.021117289195828295
 8.3429E-03,0.01918422086630091
 8.3565E-03,0.016934114700993458
 8.3702E-03,0.014289354469534393
 8.3838E-03,0.011248812934488596
 8.3974E-03,0.007917007254309112
 8.4110E-03,0.0045062719020090404
 8.4246E-03,0.0013102960177662245
 8.4382E-03,-0.0013453427265405567
 8.4518E-03,-0.0031641703501007006
 8.4654E-03,-0.003936906964991887
 8.4790E-03,-0.0035828666774807088
 8.4926E-03,-0.0021648953482430876
 8.5062E-03,0.0001255541878615921
 8.5199E-03,0.0030094502437423626
 8.5335E-03,0.006177336100109682
 8.5471E-03,0.009348857588607744
 8.5607E-03,0.012320525904786203
 8.5743E-03,0.014990706081245527
 8.5879E-03,0.017356699448305486
 8.6015E-03,0.019485928297616383
 8.6151E-03,0.02146981151492485
 8.6287E-03,0.023373265174483657
 8.6424E-03,0.025193770819257114
 8.6560E-03,0.026841384229152155
 8.6696E-03,0.028145583370808233
 8.6832E-03,0.028887869431848963
 8.6968E-03,0.028852296194267327
 8.7104E-03,0.027881315558768844
 8.7240E-03,0.025922727045632837
 8.7376E-03,0.023055545620837933
 8.7512E-03,0.019487756268568166
 8.7648E-03,0.015525879983916288
 8.7785E-03,0.01152323676886444
 8.7921E-03,0.007818975194017228
 8.8057E-03,0.0046820539097673485
 8.8193E-03,0.002272931835189076
 8.8329E-03,0.0006311785896264189
 8.8465E-03,-0.00030926009780621994
 8.8601E-03,-0.0006821966574074634
 8.8737E-03,-0.0006392336358209518
 8.8873E-03,-0.0003009658841883805
 8.9009E-03,0.0002779472927255053
 8.9146E-03,0.0011209127274876799
 8.9282E-03,0.002315825776097276
 8.9418E-03,0.0039796026608164255
 8.9554E-03,0.006210371768690081
 8.9690E-03,0.009040163154086806
 8.9826E-03,0.012400966519068132
 8.9962E-03,0.016113797463173665
 9.0098E-03,0.019904730686783834
 9.0234E-03,0.0234451364688137
 9.0370E-03,0.026407251171587428
 9.0507E-03,0.028522246732393595
 9.0643E-03,0.029627172908886563
 9.0779E-03,0.029689785292700985
 9.0915E-03,0.02880569342080012
 9.1051E-03,0.027169079941402056
 9.1187E-03,0.02502470834555176
 9.1323E-03,0.022613395620228925
 9.1459E-03,0.02012444953559846
 9.1595E-03,0.017666468119278002
 9.1731E-03,0.015262966015890764
 9.1868E-03,0.012872813807025164
 9.2004E-03,0.01042909016265044
 9.2140E-03,0.007885250809069579
 9.2276E-03,0.00525568613730794
 9.2412E-03,0.0026392261698274123
 9.2548E-03,0.00021857133006517038
 9.2684E-03,-0.001765157858962666
 9.2820E-03,-0.0030571419502483954
 9.2956E-03,-0.0034422496951665377
 9.3092E-03,-0.0027941558228012863
 9.3229E-03,-0.001108143855877794
 9.3365E-03,0.0014905955983016241
 9.3501E-03,0.004765505067938227
 9.3637E-03,0.008409942415851497
 9.3773E-03,0.01210165947374639
 9.3909E-03,0.015557801485337065
 9.4045E-03,0.018577737042570076
 9.4181E-03,0.021064163945493677
 9.4317E-03,0.023018453653192054
 9.4453E-03,0.024512700513804338
 9.4590E-03,0.025646769601036727
 9.4726E-03,0.0265022989593219
 9.4862E-03,0.027106183855441866
 9.4998E-03,0.027413428688741602
 9.5134E-03,0.02731409360308379
 9.5270E-03,0.026662710748807848
 9.5406E-03,0.02532260894053231
 9.5542E-03,0.02321356971981913
 9.5678E-03,0.020350178259119802
 9.5814E-03,0.016860416530955328
 9.5951E-03,0.01297891676219551
 9.6087E-03,0.009015598496247019
 9.6223E-03,0.005306531170958952
 9.6359E-03,0.002158236809841155
 9.6495E-03,-0.00020180347410429268
 9.6631E-03,-0.0016572854061330119
 9.6767E-03,-0.002211016651454844
 9.6903E-03,-0.0019677200300985596
 9.7039E-03,-0.0010968280745055985
 9.7175E-03,0.00021488756300386052
 9.7312E-03,0.0018087610199338286
 9.7448E-03,0.0035864318100182636
 9.7584E-03,0.005521083264305635
 9.7720E-03,0.007645532545494379
 9.7856E-03,0.010021031265786035
 9.7992E-03,0.012695664788456178
 9.8128E-03,0.01566397881693119
 9.8264E-03,0.018839225635556112
 9.8400E-03,0.02204647329923979
 9.8536E-03,0.02503955213444944
 9.8673E-03,0.02753873997917214
 9.8809E-03,0.02928072704666589
 9.8945E-03,0.030069112469481754
 9.9081E-03,0.029813330395932865
 9.9217E-03,0.028546608673626774
 9.9353E-03,0.02641865930465263
 9.9489E-03,0.02366498333345677
 9.9625E-03,0.02056034904443533
 9.9761E-03,0.017367723246460305
 9.9897E-03,0.014294780691487544
 1.0003E-02,0.011467919309774933
 1.0017E-02,0.008929077728737259
 1.0031E-02,0.006654788278394492
 1.0044E-02,0.004591281120762208
 1.0058E-02,0.0026954764713209714
 1.0071E-02,0.0009703425415656006
 1.0085E-02,-0.0005153133526318808
 1.0099E-02,-0.001628428023521721
 1.0112E-02,-0.002194845584157002
 1.0126E-02,-0.0020386158300130593
 1.0139E-02,-0.0010277140660250768
 1.0153E-02,0.0008853543929654316
 1.0167E-02,0.0036385403654198532
 1.0180E-02,0.0070576334950483224
 1.0194E-02,0.010877475600977522
 1.0208E-02,0.014782675142701051
 1.0221E-02,0.018458746972562456
 1.0235E-02,0.021642052551532683
 1.0248E-02,0.024157224542213026
 1.0262E-02,0.025933882144756944
 1.0276E-02,0.026999611784979387
 1.0289E-02,0.027452088622600873
 1.0303E-02,0.02741833537264957
 1.0316E-02,0.027012149705552525
 1.0330E-02,0.026300921026496817
 1.0344E-02,0.025290380793011102
 1.0357E-02,0.023930998991723143
 1.0371E-02,0.02214399830990611
 1.0384E-02,0.01985976503226859
 1.0398E-02,0.017058109780481237
 1.0412E-02,0.013799220737819458
 1.0425E-02,0.010236412781501636
 1.0439E-02,0.006606328773105855
 1.0452E-02,0.003197925674211772
 1.0466E-02,0.00030692227329843363
 1.0480E-02,-0.0018139584435353964
 1.0493E-02,-0.002997542904327658
 1.0507E-02,-0.0031878724409098048
 1.0521E-02,-0.0024433640751697315
 1.0534E-02,-0.0009172434777977251
 1.0548E-02,0.0011795802616328727
 1.0561E-02,0.0036239419645149274
 1.0575E-02,0.006223098540894741
 1.0589E-02,0.008844547881111522
 1.0602E-02,0.011426332358364785
 1.0616E-02,0.01396627115078734
 1.0629E-02,0.016494016091522887
 1.0643E-02,0.019034240600298905
 1.0657E-02,0.02157153116874869
 1.0670E-02,0.02402708712299265
 1.0684E-02,0.026254271051034134
 1.0697E-02,0.028055166908750824
 1.0711E-02,0.029214827329953348
 1.0725E-02,0.029545211173708667
 1.0738E-02,0.028928122670856343
 1.0752E-02,0.02734646849495345
 1.0766E-02,0.02489587370108629
 1.0779E-02,0.02177345922565563
 1.0793E-02,0.01824615774858789
 1.0806E-02,0.014605897853364413
 1.0820E-02,0.011122064412329203
 1.0834E-02,0.008002095775807799
 1.0847E-02,0.005368838530047855
 1.0861E-02,0.00325895833073175
 1.0874E-02,0.0016414111603559422
 1.0888E-02,0.00045003585794236526
 1.0902E-02,-0.00037904912734512046
 1.0915E-02,-0.0008755513167102176
 1.0929E-02,-0.00101728794051138
 1.0942E-02,-0.0007314944777792783
 1.0956E-02,8.504635866629921e-05
 1.0970E-02,0.0015322461518245036
 1.0983E-02,0.0036681726011755862
 1.0997E-02,0.006475997324132832
 1.1010E-02,0.009845520966149051
 1.1024E-02,0.013574893467189084
 1.1038E-02,0.017393231563944244
 1.1051E-02,0.020999686779461076
 1.1065E-02,0.024110408519535238
 1.1079E-02,0.026502815406483186
 1.1092E-02,0.028047169597195047
 1.1106E-02,0.02871852890178934
 1.1119E-02,0.028586966316470258
 1.1133E-02,0.027789266404542014
 1.1147E-02,0.0264897696108419
 1.1160E-02,0.024840504942166153
 1.1174E-02,0.022950620294048332
 1.1187E-02,0.020872454742897426
 1.1201E-02,0.0186071070775772
 1.1215E-02,0.01612719996411675
 1.1228E-02,0.013410029797988816
 1.1242E-02,0.010471563525534381
 1.1255E-02,0.007391481752295317
 1.1269E-02,0.004321734657953681
 1.1283E-02,0.0014752884310339867
 1.1296E-02,-0.0009031874661469593
 1.1310E-02,-0.002578303015591774
 1.1324E-02,-0.0033671719027485586
 1.1337E-02,-0.003174751338408216
 1.1351E-02,-0.0020129646250327607
 1.1364E-02,9.0547596272696e-07
 1.1378E-02,0.0026661607779495376
 1.1392E-02,0.0057357822281346275
 1.1405E-02,0.008959963569940273
 1.1419E-02,0.012125981806735296
 1.1432E-02,0.015085398002249291
 1.1446E-02,0.017762903310180066
 1.1460E-02,0.020145841675257833
 1.1473E-02,0.022258356245191135
 1.1487E-02,0.02412796818292843
 1.1500E-02,0.025754222878545063
 1.1514E-02,0.027088373757674387
 1.1528E-02,0.02803009777104915
 1.1541E-02,0.028442713281898437
 1.1555E-02,0.028183453636074413
 1.1569E-02,0.027141290013713112
 1.1582E-02,0.025272635365042737
 1.1596E-02,0.022625562114608876
 1.1609E-02,0.019345869379758126
 1.1623E-02,0.015662754011517108
 1.1637E-02,0.011856834035194169
 1.1650E-02,0.008217568666143574
 1.1664E-02,0.004999636732952634
 1.1677E-02,0.0023879657156046633
 1.1691E-02,0.0004788590694384826
 1.1705E-02,-0.0007193512370646
 1.1718E-02,-0.0012674788117553754
 1.1732E-02,-0.001264191940254544
 1.1745E-02,-0.0008108401430136014
 1.1759E-02,1.8324222610102128e-05
 1.1773E-02,0.001192892727117235
 1.1786E-02,0.0027259354114471095
 1.1800E-02,0.004657012373022842
 1.1813E-02,0.007023471340927709
 1.1827E-02,0.009828089289092245
 1.1841E-02,0.013012203173179533
 1.1854E-02,0.01644222554959749
 1.1868E-02,0.019914164816672405
 1.1882E-02,0.02317628086563945
 1.1895E-02,0.025965420564383564
 1.1909E-02,0.028049042891319435
 1.1922E-02,0.02926336344529328
 1.1936E-02,0.02953884915338735
 1.1950E-02,0.02890729909832685
 1.1963E-02,0.02748920078078541
 1.1977E-02,0.025464815426825032
 1.1990E-02,0.023036303395131224
 1.2004E-02,0.02039017463870138
 1.2018E-02,0.017668962996363658
 1.2031E-02,0.014958412710437179
 1.2045E-02,0.012292325891731985
 1.2058E-02,0.009672615631952174
 1.2072E-02,0.007098204331402149
 1.2086E-02,0.00459417713738254
 1.2099E-02,0.002232596949459091
 1.2113E-02,0.00013859912225456985
 1.2127E-02,-0.0015207600829634203
 1.2140E-02,-0.002562915832622451
 1.2154E-02,-0.002825463818903611
 1.2167E-02,-0.0022025646400109567
 1.2181E-02,-0.0006731652570629442
 1.2195E-02,0.0016860687370076626
 1.2208E-02,0.004706649285257565
 1.2222E-02,0.008152081180414937
 1.2235E-02,0.011754438442460182
 1.2249E-02,0.015255531838599222
 1.2263E-02,0.018443472058494177
 1.2276E-02,0.02117666481993536
 1.2290E-02,0.023390469596491388
 1.2303E-02,0.025086113333353647
 1.2317E-02,0.026305867919716695
 1.2331E-02,0.02710184843913035
 1.2344E-02,0.027507218743642314
 1.2358E-02,0.02751775027118656
 1.2371E-02,0.027088800544165036
 1.2385E-02,0.026148607306966293
 1.2399E-02,0.024624402525198957
 1.2412E-02,0.022474359096147804
 1.2426E-02,0.019716685970212304
 1.2440E-02,0.016447724272159833
 1.2453E-02,0.012843535917916035
 1.2467E-02,0.009143541114252236
 1.2480E-02,0.005619208533083392
 1.2494E-02,0.0025344998918968745
 1.2508E-02,0.00010679588743340261
 1.2521E-02,-0.0015230998865689725
 1.2535E-02,-0.002305502617576177
 1.2548E-02,-0.002278289731557198
 1.2562E-02,-0.001546916562331134
 1.2576E-02,-0.00025351671191051715
 1.2589E-02,0.0014569602552508933
 1.2603E-02,0.0034651712324031587
 1.2616E-02,0.005693602515036004
 1.2630E-02,0.008107152720775305
 1.2644E-02,0.010698789924045087
 1.2657E-02,0.013464933033030249
 1.2671E-02,0.016377924836331256
 1.2685E-02,0.019363774866511203
 1.2698E-02,0.02229204953053348
 1.2712E-02,0.024981701629836255
 1.2725E-02,0.02722253573384055
 1.2739E-02,0.028807929869853206
 1.2753E-02,0.02957141110464603
 1.2766E-02,0.0294184934390329
 1.2780E-02,0.028346155298019787
 1.2793E-02,0.026445232323258336
 1.2807E-02,0.02388509627392562
 1.2821E-02,0.02088423521968896
 1.2834E-02,0.017673661430349603
 1.2848E-02,0.01446162137349018
 1.2861E-02,0.011407502797555041
 1.2875E-02,0.008610310733884713
 1.2889E-02,0.006113285098750792
 1.2902E-02,0.003922127662559423
 1.2916E-02,0.002030923347954516
 1.2930E-02,0.00044801596185569314
 1.2943E-02,-0.0007857258294772941
 1.2957E-02,-0.0015916993518544373
 1.2970E-02,-0.0018633515932137816
 1.2984E-02,-0.0014888842603985957
 1.2998E-02,-0.00038132262144139955
 1.3011E-02,0.0014916963533148802
 1.3025E-02,0.004086228356382067
 1.3038E-02,0.00727443776503074
 1.3052E-02,0.010853832638324132
 1.3066E-02,0.014572004628677273
 1.3079E-02,0.018161813196652506
 1.3093E-02,0.021379408635631467
 1.3106E-02,0.024036789908207727
 1.3120E-02,0.026021935198734542
 1.3134E-02,0.02730260400519375
 1.3147E-02,0.027913921655477764
 1.3161E-02,0.02793379995838971
 1.3174E-02,0.0274531164189909
 1.3188E-02,0.026548645117331973
 1.3202E-02,0.02526574976968884
 1.3215E-02,0.02361508705306113
 1.3229E-02,0.021583748504645395
 1.3243E-02,0.019157373998941973
 1.3256E-02,0.016346794338024537
 1.3270E-02,0.013211462609929992
 1.3283E-02,0.009872641767199595
 1.3297E-02,0.006511847122943077
 1.3311E-02,0.0033537481547742222
 1.3324E-02,0.0006366647954170047
 1.3338E-02,-0.0014230492685260343
 1.3351E-02,-0.0026648439130194405
 1.3365E-02,-0.003008473915725262
 1.3379E-02,-0.0024637777547169932
 1.3392E-02,-0.0011238044943131223
 1.3406E-02,0.000856749691076981
 1.3419E-02,0.0032924530455137055
 1.3433E-02,0.005999999205151605
 1.3447E-02,0.00882538684504438
 1.3460E-02,0.011659436207352963
 1.3474E-02,0.014438776986977592
 1.3488E-02,0.017133237840357998
 1.3501E-02,0.019724080346315283
 1.3515E-02,0.02217985736517583
 1.3528E-02,0.02443724459647642
 1.3542E-02,0.02639285329921359
 1.3556E-02,0.02790912481828783
 1.3569E-02,0.028833672662511314
 1.3583E-02,0.02902782599820016
 1.3596E-02,0.028397563580593706
 1.3610E-02,0.026919173659224114
 1.3624E-02,0.02465306762098626
 1.3637E-02,0.02174194695973267
 1.3651E-02,0.018393268665433216
 1.3664E-02,0.014849715292300347
 1.3678E-02,0.011354198753922046
 1.3692E-02,0.008117111015586355
 1.3705E-02,0.0052928093555020435
 1.3719E-02,0.0029699042515999754
 1.3732E-02,0.0011764365825226348
 1.3746E-02,-0.00010263299493050914
 1.3760E-02,-0.0009011391396005471
 1.3773E-02,-0.0012476461850595595
 1.3787E-02,-0.0011483169389959638
 1.3801E-02,-0.0005814241814771546
 1.3814E-02,0.0004949841117395735
 1.3828E-02,0.0021243261445344393
 1.3841E-02,0.004326732529945528
 1.3855E-02,0.007075132218856523
 1.3869E-02,0.010279010132289688
 1.3882E-02,0.013780922251899802
 1.3896E-02,0.01736779199011764
 1.3909E-02,0.020795388445226718
 1.3923E-02,0.023821100816016044
 1.3937E-02,0.026237998050545143
 1.3950E-02,0.027902746308809796
 1.3964E-02,0.028751374827470286
 1.3977E-02,0.028799790113629806
 1.3991E-02,0.02812960540481238
 1.4005E-02,0.026863343401312974
 1.4018E-02,0.02513549878823635
 1.4032E-02,0.02306670592579992
 1.4046E-02,0.020747174609353616
 1.4059E-02,0.018232934792176896
 1.4073E-02,0.015554957548888587
 1.4086E-02,0.01273778661634031
 1.4100E-02,0.009821794263532293
 1.4114E-02,0.006882201932021969
 1.4127E-02,0.004038820335292049
 1.4141E-02,0.001452850924391215
 1.4154E-02,-0.0006895637376023106
 1.4168E-02,-0.0022039038963979933
 1.4182E-02,-0.0029381333366695394
 1.4195E-02,-0.002800794458050101
 1.4209E-02,-0.0017797666016475832
 1.4222E-02,5.278554021368072e-05
 1.4236E-02,0.0025505606230503824
 1.4250E-02,0.00551615567675658
 1.4263E-02,0.008731814234312216
 1.4277E-02,0.011991007796287199
 1.4291E-02,0.015123941220382173
 1.4304E-02,0.0180117317294076
 1.4318E-02,0.02058694724015775
 1.4331E-02,0.02282166257010311
 1.4345E-02,0.024707320391596097
 1.4359E-02,0.026232672851559453
 1.4372E-02,0.027366427350388405
 1.4386E-02,0.028049845069089686
 1.4399E-02,0.028201802374954416
 1.4413E-02,0.02773542811212819
 1.4427E-02,0.02658224516875208
 1.4440E-02,0.024717590923882694
 1.4454E-02,0.022180526978551402
 1.4467E-02,0.019082627835063946
 1.4481E-02,0.01560266525721931
 1.4495E-02,0.011967609097051813
 1.4508E-02,0.008423677855441014
 1.4522E-02,0.005203557203845549
 1.4535E-02,0.002496775307661563
 1.4549E-02,0.00042938608477156555
 1.4563E-02,-0.000943198844924342
 1.4576E-02,-0.0016295792010850574
 1.4590E-02,-0.0016845620938416698
 1.4604E-02,-0.0011853723976938113
 1.4617E-02,-0.00020829297062856548
 1.4631E-02,0.00118824337811796
 1.4644E-02,0.00296999172945208
 1.4658E-02,0.005121469279788847
 1.4672E-02,0.007630774364612576
 1.4685E-02,0.010469323681261019
 1.4699E-02,0.013572632650812957
 1.4712E-02,0.016828132326320955
 1.4726E-02,0.020074329910686545
 1.4740E-02,0.023112796476881244
 1.4753E-02,0.025731208705780634
 1.4767E-02,0.027732799285585405
 1.4780E-02,0.028965814191508094
 1.4794E-02,0.029346394083639506
 1.4808E-02,0.028869755704992124
 1.4821E-02,0.027607289607006043
 1.4835E-02,0.025690519739033243
 1.4849E-02,0.023285941272809862
 1.4862E-02,0.02056678875851453
 1.4876E-02,0.017688284677120414
 1.4889E-02,0.014771776857561597
 1.4903E-02,0.011900708821037706
 1.4917E-02,0.009128224285094588
 1.4930E-02,0.006493188474576554
 1.4944E-02,0.004039273971247264
 1.4957E-02,0.0018310375133814777
 1.4971E-02,-3.822277212662184e-05
 1.4985E-02,-0.0014498228086765848
 1.4998E-02,-0.0022742534673319157
 1.5012E-02,-0.0023939219600050874
 1.5025E-02,-0.0017287769675106246
 1.5039E-02,-0.0002585643439882864
 1.5053E-02,0.001963943223461391
 1.5066E-02,0.004812396091137265
 1.5080E-02,0.00809972922926291
 1.5093E-02,0.011602038137629628
 1.5107E-02,0.01508849699635577
 1.5121E-02,0.01835096165754109
 1.5134E-02,0.021227054479726254
 1.5148E-02,0.02361219297280435
 1.5162E-02,0.025458788128007614
 1.5175E-02,0.02676400484121991
 1.5189E-02,0.02755024252148044
 1.5202E-02,0.027844157527820552
 1.5216E-02,0.027660194429999722
 1.5230E-02,0.02699319607557363
 1.5243E-02,0.025822093707963255
 1.5257E-02,0.024123604747252027
 1.5270E-02,0.021892078955010823
 1.5284E-02,0.01915984991742394
 1.5298E-02,0.016012128105747245
 1.5311E-02,0.0125916994868238
 1.5325E-02,0.009091156752010134
 1.5338E-02,0.00573345875534474
 1.5352E-02,0.002744507001635468
 1.5366E-02,0.0003234190463971111
 1.5379E-02,-0.0013832204778895705
 1.5393E-02,-0.0022977718544957134
 1.5407E-02,-0.0024154538254468443
 1.5420E-02,-0.001795520070678955
 1.5434E-02,-0.0005423910057679286
 1.5447E-02,0.0012183371139250624
 1.5461E-02,0.003363090778551342
 1.5475E-02,0.005787287189583828
 1.5488E-02,0.008412451244793397
 1.5502E-02,0.011182557560847847
 1.5515E-02,0.014051563752705318
 1.5529E-02,0.016966450777613024
 1.5543E-02,0.019851297622867185
 1.5556E-02,0.022597682322518766
 1.5570E-02,0.025065077070457943
 1.5583E-02,0.027092301205100748
 1.5597E-02,0.02851817035820086
 1.5611E-02,0.029206977361794093
 1.5624E-02,0.029073005036099702
 1.5638E-02,0.028098282197378345
 1.5652E-02,0.026339263983018463
 1.5665E-02,0.02392068089791779
 1.5679E-02,0.021017807979117207
 1.5692E-02,0.017831092351012538
 1.5706E-02,0.014558768588898676
 1.5720E-02,0.011373375055440968
 1.5733E-02,0.00840691403207709
 1.5747E-02,0.0057470945772554426
 1.5760E-02,0.0034442563692143047
 1.5774E-02,0.0015259132895866475
 1.5788E-02,1.4037954498204597e-05
 1.5801E-02,-0.0010603240094732692
 1.5815E-02,-0.0016496496002302626
 1.5828E-02,-0.0016922415945717635
 1.5842E-02,-0.0011240505385238758
 1.5856E-02,0.00010281808441307979
 1.5869E-02,0.0019996774657059855
 1.5883E-02,0.00452441036188554
 1.5896E-02,0.007573035134831305
 1.5910E-02,0.010982633864420794
 1.5924E-02,0.014545926168065017
 1.5937E-02,0.018034988280042113
 1.5951E-02,0.02122939937500628
 1.5965E-02,0.0239430024448783
 1.5978E-02,0.026043779885291673
 1.5992E-02,0.02746299803295732
 1.6005E-02,0.028192361217498643
 1.6019E-02,0.02827078248796192
 1.6033E-02,0.027764798235413408
 1.6046E-02,0.026748016577823722
 1.6060E-02,0.025284959388245053
 1.6073E-02,0.02342326036900697
 1.6087E-02,0.021195790920382204
 1.6101E-02,0.018631524808699666
 1.6114E-02,0.01577153292162989
 1.6128E-02,0.01268503990989794
 1.6141E-02,0.009480346829908289
 1.6155E-02,0.006306658282730425
 1.6169E-02,0.003345130901597306
 1.6182E-02,0.0007901992663748247
 1.6196E-02,-0.0011752602336235303
 1.6210E-02,-0.0024057258605642094
 1.6223E-02,-0.002814211181318064
 1.6237E-02,-0.0023842299789434258
 1.6250E-02,-0.0011700245841711231
 1.6264E-02,0.0007147922627361275
 1.6278E-02,0.003117416998932054
 1.6291E-02,0.005870163022858257
 1.6305E-02,0.008813426204685748
 1.6318E-02,0.011812396689266362
 1.6332E-02,0.014764357405344795
 1.6346E-02,0.017595912192853606
 1.6359E-02,0.0202521060220907
 1.6373E-02,0.022681471319423344
 1.6386E-02,0.024822031958082753
 1.6400E-02,0.026592968295017883
 1.6414E-02,0.027895079241286303
 1.6427E-02,0.028620772940958498
 1.6441E-02,0.02867169229767251
 1.6454E-02,0.02797991025688035
 1.6468E-02,0.02652747545996904
 1.6482E-02,0.02435925779739205
 1.6495E-02,0.02158550283592863
 1.6509E-02,0.01837288781158137
 1.6523E-02,0.014925574556179886
 1.6536E-02,0.011460091811561796
 1.6550E-02,0.008179267194430085
 1.6563E-02,0.005250534214033746
 1.6577E-02,0.0027927580544895225
 1.6591E-02,0.0008735718409369894
 1.6604E-02,-0.0004833580184930651
 1.6618E-02,-0.0012840718936108627
 1.6631E-02,-0.0015475539233791077
 1.6645E-02,-0.0012913457676387986
 1.6659E-02,-0.0005235557729047405
 1.6672E-02,0.000756598140987358
 1.6686E-02,0.002549988834302841
 1.6699E-02,0.004843133782401288
 1.6713E-02,0.007592369645192392
 1.6727E-02,0.010711472783239213
 1.6740E-02,0.014066862972561895
 1.6754E-02,0.01748275786232453
 1.6768E-02,0.020756228701974102
 1.6781E-02,0.023679642683467134
 1.6795E-02,0.026066082042617185
 1.6808E-02,0.027772488891196736
 1.6822E-02,0.02871572279150159
 1.6836E-02,0.02887833786385825
 1.6849E-02,0.028303285933199616
 1.6863E-02,0.027079326388773178
 1.6876E-02,0.025321020862041986
 1.6890E-02,0.02314828597501488
 1.6904E-02,0.020670306858933937
 1.6917E-02,0.01797724148270242
 1.6931E-02,0.01514093982431515
 1.6944E-02,0.012223437082106374
 1.6958E-02,0.009289888276021832
 1.6972E-02,0.0064214227658850025
 1.6985E-02,0.0037234080888680684
 1.6999E-02,0.0013258133940502754
 1.7012E-02,-0.0006255583840128773
 1.7026E-02,-0.001985776501500524
 1.7040E-02,-0.0026320802076252817
 1.7053E-02,-0.002485081524016834
 1.7067E-02,-0.0015249922413566354
 1.7081E-02,0.00020100508572328912
 1.7094E-02,0.002582171634301433
 1.7108E-02,0.005457913855989833
 1.7121E-02,0.00863895539156601
 1.7135E-02,0.011931515572772573
 1.7149E-02,0.015159456468240205
 1.7162E-02,0.018180001021852805
 1.7176E-02,0.02089032179725066
 1.7189E-02,0.023224627755312074
 1.7203E-02,0.025143747313568467
 1.7217E-02,0.02662101897649465
 1.7230E-02,0.027629098016077002
 1.7244E-02,0.02813187199758766
 1.7257E-02,0.02808416362687305
 1.7271E-02,0.027439681635458256
 1.7285E-02,0.026165333564853413
 1.7298E-02,0.024258145448842312
 1.7312E-02,0.021760127941626406
 1.7326E-02,0.01876672559386062
 1.7339E-02,0.015425915806491169
 1.7353E-02,0.01192722455973469
 1.7366E-02,0.008482338237046649
 1.7380E-02,0.005301005773602963
 1.7394E-02,0.0025670423874667525
 1.7407E-02,0.0004191987659999518
 1.7421E-02,-0.0010595237637605393
 1.7434E-02,-0.0018425431448121355
 1.7448E-02,-0.0019511189495247188
 1.7462E-02,-0.0014393827106717382
 1.7475E-02,-0.00037716779674204504
 1.7489E-02,0.001164901104488981
 1.7502E-02,0.003124449507490544
 1.7516E-02,0.005448660689496163
 1.7530E-02,0.008088174653339456
 1.7543E-02,0.010985981080669966
 1.7557E-02,0.01406514317766879
 1.7571E-02,0.017219613535816216
 1.7584E-02,0.02031170495571733
 1.7598E-02,0.023178129364903193
 1.7611E-02,0.02564432823725126
 1.7625E-02,0.027544639700719593
 1.7639E-02,0.028744235532668964
 1.7652E-02,0.029158133843205158
 1.7666E-02,0.02876312314209518
 1.7679E-02,0.027599998406437152
 1.7693E-02,0.025765719797318915
 1.7707E-02,0.0233974021413148
 1.7720E-02,0.020651849068599036
 1.7734E-02,0.017685211208725043
 1.7747E-02,0.014637070486652727
 1.7761E-02,0.011621923684018959
 1.7775E-02,0.008729013485532
 1.7788E-02,0.006029257865265785
 1.7802E-02,0.003586216427168951
 1.7815E-02,0.001467057785293623
 1.7829E-02,-0.00025040807546637916
 1.7843E-02,-0.0014774305531151583
 1.7856E-02,-0.0021216723107640723
 1.7870E-02,-0.0021010007087963268
 1.7884E-02,-0.0013606523139634901
 1.7897E-02,0.0001103873589571769
 1.7911E-02,0.0022680061808273404
 1.7924E-02,0.0050098120648565826
 1.7938E-02,0.008181614648065293
 1.7952E-02,0.011592761561773864
 1.7965E-02,0.015037511625296273
 1.7979E-02,0.018318243619461938
 1.7992E-02,0.021265912730074107
 1.8006E-02,0.02375387955084226
 1.8020E-02,0.025702876487953375
 1.8033E-02,0.0270770336591258
 1.8047E-02,0.02787301597552715
 1.8060E-02,0.028105887905701638
 1.8074E-02,0.02779593191824725
 1.8088E-02,0.026960153987433975
 1.8101E-02,0.025610752716535755
 1.8115E-02,0.02376079444804532
 1.8129E-02,0.021435254775991806
 1.8142E-02,0.018683994988139004
 1.8156E-02,0.015592552712221673
 1.8169E-02,0.012287019730128133
 1.8183E-02,0.0089306572847133
 1.8197E-02,0.005711908714503691
 1.8210E-02,0.0028256005702435886
 1.8224E-02,0.0004508397441482185
 1.8237E-02,-0.0012700108226092665
 1.8251E-02,-0.0022470715575519853
 1.8265E-02,-0.00245036932731217
 1.8278E-02,-0.0019077909848666643
 1.8292E-02,-0.0006945348150488439
 1.8305E-02,0.0010831226783882722
 1.8319E-02,0.0033057895769197194
 1.8333E-02,0.005856538586976431
 1.8346E-02,0.008630842992021392
 1.8360E-02,0.011539244466606681
 1.8374E-02,0.014503134242671373
 1.8387E-02,0.017445892830578534
 1.8401E-02,0.020282881013495183
 1.8414E-02,0.02291408762945881
 1.8428E-02,0.025222536746402353
 1.8442E-02,0.027080016256117823
 1.8455E-02,0.0283597035863951
 1.8469E-02,0.028953339995147185
 1.8482E-02,0.02878923947669042
 1.8496E-02,0.027846970170423598
 1.8510E-02,0.02616514173856067
 1.8523E-02,0.02384023020833744
 1.8537E-02,0.021016397128193642
 1.8550E-02,0.01786830142203323
 1.8564E-02,0.01458044777459561
 1.8578E-02,0.011327284680056705
 1.8591E-02,0.008257906172056153
 1.8605E-02,0.00548793322031682
 1.8618E-02,0.003099291341598585
 1.8632E-02,0.0011466350737238703
 1.8646E-02,-0.00033241131719469793
 1.8659E-02,-0.0013068369032430542
 1.8673E-02,-0.0017451379866091918
 1.8687E-02,-0.001613946912575805
 1.8700E-02,-0.0008831272952881016
 1.8714E-02,0.0004638187626172561
 1.8727E-02,0.0024167825450115967
 1.8741E-02,0.00492716958043434
 1.8755E-02,0.00790072700326059
 1.8768E-02,0.011197730581059986
 1.8782E-02,0.014641518738592013
 1.8795E-02,0.018034399067032154
 1.8809E-02,0.021178178165556227
 1.8823E-02,0.023895421502737487
 1.8836E-02,0.026047328569485943
 1.8850E-02,0.027544874578856293
 1.8863E-02,0.028351438838477416
 1.8877E-02,0.02847712062844017
 1.8891E-02,0.027966837593376124
 1.8904E-02,0.026885633343164444
 1.8918E-02,0.02530506065519274
 1.8932E-02,0.02329395606672042
 1.8945E-02,0.020915537094339076
 1.8959E-02,0.018230902665572656
 1.8972E-02,0.01530718302728713
 1.8986E-02,0.012227240657818644
 1.9000E-02,0.009097313089500458
 1.9013E-02,0.006049441281111909
 1.9027E-02,0.0032368254549467955
 1.9040E-02,0.0008220611526745252
 1.9054E-02,-0.0010399293036673686
 1.9068E-02,-0.0022210108621039627
 1.9081E-02,-0.0026370715573978427
 1.9095E-02,-0.0022597345331915103
 1.9108E-02,-0.0011200523300386462
 1.9122E-02,0.0006965661313773452
 1.9136E-02,0.0030630294675784275
 1.9149E-02,0.00582804469941616
 1.9163E-02,0.008834661592079799
 1.9176E-02,0.011936091117870301
 1.9190E-02,0.015005871597336292
 1.9204E-02,0.017941007953149013
 1.9217E-02,0.02065855752321623
 1.9231E-02,0.023087811709424953
 1.9245E-02,0.025161301457631007
 1.9258E-02,0.026808063621236312
 1.9272E-02,0.027951894705346595
 1.9285E-02,0.02851587401119783
 1.9299E-02,0.02843263390534096
 1.9313E-02,0.027658158338578962
 1.9326E-02,0.026185743801647062
 1.9340E-02,0.02405646256960605
 1.9353E-02,0.02136311117050638
 1.9367E-02,0.018246050880016698
 1.9381E-02,0.014881193691512242
 1.9394E-02,0.011462191173611521
 1.9408E-02,0.008180194087794357
 1.9421E-02,0.005205047574576545
 1.9435E-02,0.0026713597366153103
 1.9449E-02,0.0006716523462349331
 1.9462E-02,-0.0007429114441012189
 1.9476E-02,-0.001555496634345753
 1.9490E-02,-0.0017729276611108064
 1.9503E-02,-0.0014147236539049494
 1.9517E-02,-0.0005049911932166955
 1.9530E-02,0.0009306648031116066
 1.9544E-02,0.002862586447718543
 1.9558E-02,0.005249919590786486
 1.9571E-02,0.008031331838852556
 1.9585E-02,0.01111679215478183
 1.9598E-02,0.014383521452360657
 1.9612E-02,0.017678306276613397
 1.9626E-02,0.020826846622755833
 1.9639E-02,0.02364906078732138
 1.9653E-02,0.025977733154668108
 1.9666E-02,0.027676956386306226
 1.9680E-02,0.028656732559846246
 1.9694E-02,0.02888089148038137
 1.9707E-02,0.028366967247520695
 1.9721E-02,0.02717847679612506
 1.9735E-02,0.025411714243834902
 1.9748E-02,0.023180295434561262
 1.9762E-02,0.020600984786276425
 1.9775E-02,0.01778375145227215
 1.9789E-02,0.014827699829434856
 1.9803E-02,0.011822846147225695
 1.9816E-02,0.00885610225504997
 1.9830E-02,0.006018691291373174
 1.9843E-02,0.0034118437602657726
 1.9857E-02,0.001148096862167834
 1.9871E-02,-0.0006532820619945296
 1.9884E-02,-0.0018766151530854476
 1.9898E-02,-0.0024241303036753644
 1.9911E-02,-0.0022313222636786323
 1.9925E-02,-0.0012799149239890407
 1.9939E-02,0.000394670087106202
 1.9952E-02,0.0027033237533425425
 1.9966E-02,0.005511118919721631
 1.9979E-02,0.008651702673397326
 1.9993E-02,0.01194546298806148
 2.0007E-02,0.015217952331093245
 2.0020E-02,0.01831511458470828
 2.0034E-02,0.021112741182219327
 2.0048E-02,0.023519058027305684
 2.0061E-02,0.025471045582643202
 2.0075E-02,0.026926591566854355
 2.0088E-02,0.02785549196238708
 2.0102E-02,0.028232423703178064
 2.0116E-02,0.0280342918545248
 2.0129E-02,0.027242998749493208
 2.0143E-02,0.025853048514063278
 2.0156E-02,0.023881914627317508
 2.0170E-02,0.02138014901825498
 2.0184E-02,0.01843804909896311
 2.0197E-02,0.015186371881398502
 2.0211E-02,0.01178992466524105
 2.0224E-02,0.008434531359358056
 2.0238E-02,0.005309451753403688
 2.0252E-02,0.0025884244607451705
 2.0265E-02,0.00041284601965752097
 2.0279E-02,-0.001119886967693891
 2.0293E-02,-0.001961029452430135
 2.0306E-02,-0.002107874730104736
 2.0320E-02,-0.0015952148147896812
 2.0333E-02,-0.0004834373694212824
 2.0347E-02,0.0011536147670674574
 2.0361E-02,0.003238118590926665
 2.0374E-02,0.005693117621073925
 2.0388E-02,0.008442187546578526
 2.0401E-02,0.01140488529171934
 2.0415E-02,0.014490181078517777
 2.0429E-02,0.017590708720088794
 2.0442E-02,0.020580539926398047
 2.0456E-02,0.02331832221011218
 2.0469E-02,0.025656233033274925
 2.0483E-02,0.027453645522557663
 2.0497E-02,0.028593071149192156
 2.0510E-02,0.028995187195547806
 2.0524E-02,0.02862977484751201
 2.0537E-02,0.027520194177757917
 2.0551E-02,0.025740411115179836
 2.0565E-02,0.02340522271964888
 2.0578E-02,0.020655792525094314
 2.0592E-02,0.017643543735437035
 2.0606E-02,0.014515639852509865
 2.0619E-02,0.011404680042436749
 2.0633E-02,0.008424019013529448
 2.0646E-02,0.005668608441894372
 2.0660E-02,0.0032198366509868116
 2.0674E-02,0.0011518725616751014
 2.0687E-02,-0.00046326272227061364
 2.0701E-02,-0.0015542062502528857
 2.0714E-02,-0.00205356649748354
 2.0728E-02,-0.0019058345767323183
 2.0742E-02,-0.001078292162622105
 2.0755E-02,0.0004276932452703453
 2.0769E-02,0.0025679548125773152
 2.0782E-02,0.005251976362449751
 2.0796E-02,0.00834603945402073
 2.0810E-02,0.011683141403444956
 2.0823E-02,0.015078238891935901
 2.0837E-02,0.018346163664817804
 2.0851E-02,0.0213189586176839
 2.0864E-02,0.023859546000447186
 2.0878E-02,0.025869527940203488
 2.0891E-02,0.027290313861500166
 2.0905E-02,0.028098321334735332
 2.0919E-02,0.028296317132031314
 2.0932E-02,0.0279037241488724
 2.0946E-02,0.02694873309822337
 2.0959E-02,0.025464334000832377
 2.0973E-02,0.023489119132461603
 2.0987E-02,0.021072240648827494
 2.1000E-02,0.018280617221312318
 2.1014E-02,0.015205711012692028
 2.1027E-02,0.011967141333645761
 2.1041E-02,0.008711080986032668
 2.1055E-02,0.0056026235992691345
 2.1068E-02,0.0028128002080053996
 2.1082E-02,0.0005022849515886746
 2.1095E-02,-0.0011952775006905461
 2.1109E-02,-0.0021871864778876576
 2.1123E-02,-0.002430238126508539
 2.1136E-02,-0.001932448990238223
 2.1150E-02,-0.0007479456073446039
 2.1164E-02,0.0010335469535345456
 2.1177E-02,0.0033001142980611763
 2.1191E-02,0.005931004250536592
 2.1204E-02,0.00880723127182722
 2.1218E-02,0.011817651794798725
 2.1232E-02,0.0148600427976944
 2.1245E-02,0.01783810109654763
 2.1259E-02,0.020656383599116684
 2.1272E-02,0.023215747784233597
 2.1286E-02,0.025411689409752698
 2.1300E-02,0.027137152639708895
 2.1313E-02,0.028290117429088376
 2.1327E-02,0.028784877638050075
 2.1340E-02,0.02856477237283106
 2.1354E-02,0.02761352543445436
 2.1368E-02,0.025962449312266444
 2.1381E-02,0.02369156529219364
 2.1395E-02,0.020923985680554542
 2.1409E-02,0.01781437490626851
 2.1422E-02,0.014533586175020138
 2.1436E-02,0.011252343905291968
 2.1449E-02,0.008126926237627001
 2.1463E-02,0.005289189688021738
 2.1477E-02,0.0028421365124450164
 2.1490E-02,0.0008608492616090976
 2.1504E-02,-0.0006026474472283557
 2.1517E-02,-0.0015128796147969312
 2.1531E-02,-0.0018452714800558988
 2.1545E-02,-0.0015834026745602074
 2.1558E-02,-0.0007202438657354288
 2.1572E-02,0.0007368261561853794
 2.1585E-02,0.0027586367302035193
 2.1599E-02,0.005286743734975771
 2.1613E-02,0.008228385705572527
 2.1626E-02,0.011456016009518183
 2.1640E-02,0.014812577504189985
 2.1654E-02,0.01812237318842756
 2.1667E-02,0.02120605452942265
 2.1681E-02,0.023897230067397048
 2.1694E-02,0.026057749164393185
 2.1708E-02,0.02758895845289313
 2.1722E-02,0.028437108347933993
 2.1735E-02,0.02859238873750609
 2.1749E-02,0.02808247287582542
 2.1762E-02,0.026962597475357918
 2.1776E-02,0.025304821515021083
 2.1790E-02,0.02318904173044885
 2.1803E-02,0.02069762954923632
 2.1817E-02,0.01791438822268657
 2.1830E-02,0.014927219300679218
 2.1844E-02,0.011832776511087916
 2.1858E-02,0.008740759809554341
 2.1871E-02,0.00577552287197498
 2.1885E-02,0.003073327112187963
 2.1898E-02,0.0007747045658157
 2.1912E-02,-0.0009872979368282435
 2.1926E-02,-0.002101062862135781
 2.1939E-02,-0.002489890512660385
 2.1953E-02,-0.0021222996142058995
 2.1967E-02,-0.0010169692810721288
 2.1980E-02,0.000758768951724297
 2.1994E-02,0.0030966404181423097
 2.2007E-02,0.005859807839577156
 2.2021E-02,0.0088974744069403
 2.2035E-02,0.012058922022008057
 2.2048E-02,0.015204514898671766
 2.2062E-02,0.01821208859051292
 2.2075E-02,0.02097838060883425
 2.2089E-02,0.023416428151932577
 2.2103E-02,0.025450839939926476
 2.2116E-02,0.027013295486543628
 2.2130E-02,0.028040426452807497
 2.2143E-02,0.02847544693572558
 2.2157E-02,0.028273730497634403
 2.2171E-02,0.02741128825657759
 2.2184E-02,0.02589411145111629
 2.2198E-02,0.0237658665006495
 2.2212E-02,0.021111601520155475
 2.2225E-02,0.01805590500190005
 2.2239E-02,0.014755157060787751
 2.2252E-02,0.011384831412485797
 2.2266E-02,0.008123913797555827
 2.2280E-02,0.005139127927400223
 2.2293E-02,0.0025716557755197248
 2.2307E-02,0.0005284165115737273
 2.2320E-02,-0.0009211091118930946
 2.2334E-02,-0.0017427834901932102
 2.2348E-02,-0.0019318560327469248
 2.2361E-02,-0.0015052932270843045
 2.2375E-02,-0.0004947107342473951
 2.2388E-02,0.0010582035350955945
 2.2402E-02,0.0031027882962084826
 2.2416E-02,0.005577181296743674
 2.2429E-02,0.00840399599504713
 2.2443E-02,0.011485872658128404
 2.2457E-02,0.014703079411104136
 2.2470E-02,0.017914950677671276
 2.2484E-02,0.020966059808404124
 2.2497E-02,0.02369684908925869
 2.2511E-02,0.025957278115861813
 2.2525E-02,0.027621196723051376
 2.2538E-02,0.028598824133142055
 2.2552E-02,0.028845013309264998
 2.2565E-02,0.02836183306054666
 2.2579E-02,0.027195202174660676
 2.2593E-02,0.025426562069766526
 2.2606E-02,0.02316156699551496
 2.2620E-02,0.020518261501713327
 2.2633E-02,0.017617091833359536
 2.2647E-02,0.014574407017840841
 2.2661E-02,0.011500036182590812
 2.2674E-02,0.008498362981042427
 2.2688E-02,0.00567135695331603
 2.2701E-02,0.003121509320490596
 2.2715E-02,0.0009526837493795989
 2.2729E-02,-0.0007324904348460564
 2.2742E-02,-0.001839046825656186
 2.2756E-02,-0.0022891577996031424
 2.2770E-02,-0.0020329064547844064
 2.2783E-02,-0.0010580397392034083
 2.2797E-02,0.000603614635863324
 2.2810E-02,0.00287481661520617
 2.2824E-02,0.005637407993738988
 2.2838E-02,0.008742162067492485
 2.2851E-02,0.01202239420581338
 2.2865E-02,0.015308970990889391
 2.2878E-02,0.018444129898241242
 2.2892E-02,0.021291892616287035
 2.2906E-02,0.023743730405236307
 2.2919E-02,0.025719300461568253
 2.2933E-02,0.027163227163819418
 2.2946E-02,0.028039762181987893
 2.2960E-02,0.02832750950143416
 2.2974E-02,0.028016163327873045
 2.2987E-02,0.027106448980885378
 2.3001E-02,0.025613383535252013
 2.3015E-02,0.02357186895210596
 2.3028E-02,0.021042787523887253
 2.3042E-02,0.018117411502845925
 2.3055E-02,0.014918164298329685
 2.3069E-02,0.011594527483627267
 2.3083E-02,0.008313987299828515
 2.3096E-02,0.005249080742721777
 2.3110E-02,0.0025625437558339558
 2.3123E-02,0.00039305031439664916
 2.3137E-02,-0.0011560550905892466
 2.3151E-02,-0.002023261962864729
 2.3164E-02,-0.0021898867956755587
 2.3178E-02,-0.0016759661044237822
 2.3191E-02,-0.0005324820559150104
 2.3205E-02,0.001168004681958379
 2.3219E-02,0.0033401219443227686
 2.3232E-02,0.0058920809394055525
 2.3246E-02,0.00872876986188549
 2.3259E-02,0.011751660761835044
 2.3273E-02,0.014856618446221725
 2.3287E-02,0.017931353465210242
 2.3300E-02,0.020854423804264142
 2.3314E-02,0.023497317174358955
 2.3328E-02,0.02573033024269908
 2.3341E-02,0.02743190979010053
 2.3355E-02,0.02850010365486302
 2.3368E-02,0.028864051414699412
 2.3382E-02,0.0284932180023371
 2.3396E-02,0.027402406173019107
 2.3409E-02,0.025651401438027122
 2.3423E-02,0.023339206499558923
 2.3436E-02,0.02059393859397765
 2.3450E-02,0.017560317162339
 2.3464E-02,0.01438705468367811
 2.3477E-02,0.0112162956414009
 2.3491E-02,0.008176583636436672
 2.3504E-02,0.005379854141306085
 2.3518E-02,0.0029219052027301584
 2.3532E-02,0.0008849554876009733
 2.3545E-02,-0.0006595330128748246
 2.3559E-02,-0.001649510564709676
 2.3573E-02,-0.002033654925251431
 2.3586E-02,-0.00177563569203475
 2.3600E-02,-0.0008606289665481421
 2.3613E-02,0.000697443419188254
 2.3627E-02,0.0028499244620990493
 2.3641E-02,0.005510604454744812
 2.3654E-02,0.008557446556508407
 2.3668E-02,0.011839303006119763
 2.3681E-02,0.015186992637717441
 2.3695E-02,0.0184271409130533
 2.3709E-02,0.021396560071433653
 2.3722E-02,0.023954825642826964
 2.3736E-02,0.025993120033164698
 2.3749E-02,0.02743826439592883
 2.3763E-02,0.028251936857127458
 2.3777E-02,0.02842611099539589
 2.3790E-02,0.027976486673113383
 2.3804E-02,0.026935946620671773
 2.3818E-02,0.02534980104932746
 2.3831E-02,0.023273860552322456
 2.3845E-02,0.020775401035846804
 2.3858E-02,0.017936113406165445
 2.3872E-02,0.014855421801910889
 2.3886E-02,0.011652294469873875
 2.3899E-02,0.008463930971503903
 2.3913E-02,0.00544042421765485
 2.3926E-02,0.0027354854121495963
 2.3940E-02,0.000494334553296167
 2.3954E-02,-0.0011593564815992924
 2.3967E-02,-0.0021352233525070126
 2.3981E-02,-0.0023845843394544332
 2.3994E-02,-0.0019039811779171126
 2.4008E-02,-0.0007333993631492186
 2.4022E-02,0.0010502567626054326
 2.4035E-02,0.0033429493526893053
 2.4049E-02,0.006024522438799155
 2.4062E-02,0.008968857915153788
 2.4076E-02,0.012051514113543146
 2.4090E-02,0.015153994819752045
 2.4103E-02,0.018164768902243653
 2.4117E-02,0.020978050800220267
 2.4131E-02,0.023491932902650267
 2.4144E-02,0.025607584778382254
 2.4158E-02,0.027230871170353554
 2.4171E-02,0.02827698607669954
 2.4185E-02,0.028677751349985688
 2.4199E-02,0.028390334267217522
 2.4212E-02,0.02740553683320046
 2.4226E-02,0.02575366410363037
 2.4239E-02,0.023506336899446426
 2.4253E-02,0.020773393718331347
 2.4267E-02,0.017695036651851924
 2.4280E-02,0.014430367092720634
 2.4294E-02,0.011144185680828547
 2.4307E-02,0.007994222813300079
 2.4321E-02,0.005120758553016815
 2.4335E-02,0.0026399464622473183
 2.4348E-02,0.0006412437877268752
 2.4362E-02,-0.0008115986145951657
 2.4376E-02,-0.0016772851593470422
 2.4389E-02,-0.0019331370443680658
 2.4403E-02,-0.0015722567024134783
 2.4416E-02,-0.0006027769642250296
 2.4430E-02,0.0009505166823196452
 2.4444E-02,0.0030427696428351496
 2.4457E-02,0.005605139033478727
 2.4471E-02,0.0085420319190707
 2.4484E-02,0.011731083368426962
 2.4498E-02,0.015026942067602675
 2.4512E-02,0.01826909993962393
 2.4525E-02,0.021293056606183792
 2.4539E-02,0.023943284400391687
 2.4552E-02,0.026085963748363764
 2.4566E-02,0.027619421773490138
 2.4580E-02,0.028480645363665836
 2.4593E-02,0.028647050565238256
 2.4607E-02,0.028133675058260324
 2.4620E-02,0.026986877188533556
 2.4634E-02,0.025276249428344912
 2.4648E-02,0.02308663812060332
 2.4661E-02,0.020511870432118516
 2.4675E-02,0.01765111066829848
 2.4689E-02,0.014607886614300567
 2.4702E-02,0.01149097667320914
 2.4716E-02,0.008415752802078727
 2.4729E-02,0.005504386785792089
 2.4743E-02,0.0028835959589808987
 2.4757E-02,0.0006792593596191433
 2.4770E-02,-0.0009918920758452876
 2.4784E-02,-0.0020324409292540426
 2.4797E-02,-0.0023745946940247615
 2.4811E-02,-0.0019886859776586693
 2.4825E-02,-0.0008881162391034133
 2.4838E-02,0.0008703751243148393
 2.4852E-02,0.0031913369946013335
 2.4865E-02,0.005949390890626809
 2.4879E-02,0.009000643067486479
 2.4893E-02,0.012194750893338501
 2.4906E-02,0.015385678782586345
 2.4920E-02,0.018439631937485875
 2.4934E-02,0.02123943691205453
 2.4947E-02,0.02368554881144462
 2.4961E-02,0.025694676002769673
 2.4974E-02,0.02719752115139987
 2.4988E-02,0.028137217146092963
 2.5002E-02,0.028469673463173126
 2.5015E-02,0.02816634284623398
 2.5029E-02,0.02721905915660515
 2.5042E-02,0.025645814384518628
 2.5056E-02,0.02349584620337919
 2.5070E-02,0.020852333448176337
 2.5083E-02,0.01783137289986495
 2.5097E-02,0.01457664814493312
 2.5110E-02,0.011250118589460087
 2.5124E-02,0.008019927060009237
 2.5138E-02,0.005047334220487145
 2.5151E-02,0.002474690912563716
 2.5165E-02,0.00041621167497183633
 2.5178E-02,-0.0010473186357314755
 2.5192E-02,-0.0018696289926178897
 2.5206E-02,-0.002036431640421008
 2.5219E-02,-0.001560548826722155
 2.5233E-02,-0.0004762968156148792
 2.5247E-02,0.001165361930835619
 2.5260E-02,0.0032998574062608876
 2.5274E-02,0.0058499207538622155
 2.5287E-02,0.00872482090643875
 2.5301E-02,0.011819018997241686
 2.5315E-02,0.015011648085212412
 2.5328E-02,0.018168141916138
 2.5342E-02,0.021144866314846873
 2.5355E-02,0.023796865081718407
 2.5369E-02,0.02598800503823768
 2.5383E-02,0.027602103377385494
 2.5396E-02,0.028553227898012012
 2.5410E-02,0.028793384844207934
 2.5423E-02,0.02831625330738359
 2.5437E-02,0.027156386065206584
 2.5451E-02,0.025384189902702622
 2.5464E-02,0.023097805725871435
 2.5478E-02,0.0204135345125915
 2.5492E-02,0.017456576787868064
 2.5505E-02,0.014353552577681904
 2.5519E-02,0.011227634878666098
 2.5532E-02,0.008196334099780555
 2.5546E-02,0.005371222127031535
 2.5560E-02,0.002858374810555084
 2.5573E-02,0.0007581685831635153
 2.5587E-02,-0.0008366775216185067
 2.5600E-02,-0.0018453398740795352
 2.5614E-02,-0.002205176846819227
 2.5628E-02,-0.0018790998390909586
 2.5641E-02,-0.0008625475607781539
 2.5655E-02,0.0008115804322045513
 2.5668E-02,0.003071432571984559
 2.5682E-02,0.005808959438253052
 2.5696E-02,0.008886898168444877
 2.5709E-02,0.01214912628801237
 2.5723E-02,0.015432851270482467
 2.5737E-02,0.018580763604849344
 2.5750E-02,0.021451358905533117
 2.5764E-02,0.02392610902200744
 2.5777E-02,0.02591291531001351
 2.5791E-02,0.02734612197560676
 2.5805E-02,0.028184094072234947
 2.5818E-02,0.02840579451526205
 2.5832E-02,0.028007825532417777
 2.5845E-02,0.027003034006510176
 2.5859E-02,0.02542112164890713
 2.5873E-02,0.023310929186675444
 2.5886E-02,0.020743386170618508
 2.5900E-02,0.01781371684334205
 2.5913E-02,0.01464147803847286
 2.5927E-02,0.011367387270843386
 2.5941E-02,0.008146585426112959
 2.5954E-02,0.005138798310229498
 2.5968E-02,0.0024966108629440264
 2.5981E-02,0.00035356156946748105
 2.5995E-02,-0.001186118524841121
 2.6009E-02,-0.0020545854215191475
 2.6022E-02,-0.002223365040793695
 2.6036E-02,-0.0017021295877353857
 2.6050E-02,-0.0005339566244445804
 2.6063E-02,0.0012116332896592702
 2.6077E-02,0.0034462868480193113
 2.6090E-02,0.006069609167590464
 2.6104E-02,0.00897412065777276
 2.6118E-02,0.012048037736157051
 2.6131E-02,0.015176253241155272
 2.6145E-02,0.018240467576266267
 2.6158E-02,0.02111970471320527
 2.6172E-02,0.02369236378596702
 2.6186E-02,0.025840527225181282
 2.6199E-02,0.027456580331616333
 2.6213E-02,0.028451467648659173
 2.6226E-02,0.02876331031835951
 2.6240E-02,0.02836479757604314
 2.6254E-02,0.027267834083664785
 2.6267E-02,0.025524365876139234
 2.6281E-02,0.02322301864591655
 2.6295E-02,0.020481990705363138
 2.6308E-02,0.017439352140547846
 2.6322E-02,0.014242340798461697
 2.6335E-02,0.01103731451396301
 2.6349E-02,0.007961711580212638
 2.6363E-02,0.005138775798353201
 2.6376E-02,0.002675075850318286
 2.6390E-02,0.0006601770809638559
 2.6403E-02,-0.0008326258282704132
 2.6417E-02,-0.001745727510182842
 2.6431E-02,-0.002037764640264853
 2.6444E-02,-0.0016857737844204676
 2.6458E-02,-0.0006887704953564191
 2.6471E-02,0.0009280571838337381
 2.6485E-02,0.0031097714483426645
 2.6499E-02,0.005770061712431754
 2.6512E-02,0.008792666749534415
 2.6526E-02,0.012036381730609273
 2.6540E-02,0.015343461874104555
 2.6553E-02,0.01855050352543037
 2.6567E-02,0.021500328304394474
 2.6580E-02,0.02405315490509797
 2.6594E-02,0.02609547884331443
 2.6608E-02,0.027545562972654196
 2.6621E-02,0.028355154686330906
 2.6635E-02,0.028507815121761537
 2.6648E-02,0.028014883203089067
 2.6662E-02,0.02691044957514639
 2.6676E-02,0.02524670335612522
 2.6689E-02,0.023090653056886436
 2.6703E-02,0.020522615980390835
 2.6716E-02,0.017636183804493256
 2.6730E-02,0.01453879070549111
 2.6744E-02,0.011351690107302855
 2.6757E-02,0.008208173543125176
 2.6771E-02,0.005249236129876253
 2.6784E-02,0.0026165151985078046
 2.6798E-02,0.00044304483588626566
 2.6812E-02,-0.0011570016110329755
 2.6825E-02,-0.002098026072877432
 2.6839E-02,-0.0023305838845189683
 2.6853E-02,-0.001845551846871669
 2.6866E-02,-0.0006742183047737116
 2.6880E-02,0.001115620936530247
 2.6893E-02,0.003426753164356483
 2.6907E-02,0.0061414884293984956
 2.6921E-02,0.009130894382808832
 2.6934E-02,0.012262911585282832
 2.6948E-02,0.01540838631071607
 2.6961E-02,0.018444702931845962
 2.6975E-02,0.021257370432140682
 2.6989E-02,0.02374044579681766
 2.7002E-02,0.025796927233156988
 2.7016E-02,0.02734016079965487
 2.7029E-02,0.02829690161809662
 2.7043E-02,0.02861206358116001
 2.7057E-02,0.02825454193730639
 2.7070E-02,0.027222976616913648
 2.7084E-02,0.02555008293188661
 2.7098E-02,0.02330428215771819
 2.7111E-02,0.02058779985871221
 2.7125E-02,0.01753106204424941
 2.7138E-02,0.014283947586158892
 2.7152E-02,0.01100507275187959
 2.7166E-02,0.007850642408579417
 2.7179E-02,0.004964420794119732
 2.7193E-02,0.0024700563747210532
 2.7206E-02,0.0004664262063776431
 2.7220E-02,-0.0009740097433864627
 2.7234E-02,-0.001804468295964277
 2.7247E-02,-0.002001748202655502
 2.7261E-02,-0.0015639212835939068
 2.7274E-02,-0.0005087460764193828
 2.7288E-02,0.0011267126472941607
 2.7302E-02,0.00328535115297606
 2.7315E-02,0.005888816045385302
 2.7329E-02,0.008836812961304284
 2.7342E-02,0.01200801246113659
 2.7356E-02,0.015263399873038996
 2.7370E-02,0.018452423150230744
 2.7383E-02,0.02142165658608699
 2.7397E-02,0.024025075825485815
 2.7411E-02,0.02613458828188782
 2.7424E-02,0.027649300401250465
 2.7438E-02,0.02850217670559986
 2.7451E-02,0.028663219117784435
 2.7465E-02,0.02813895688547904
 2.7479E-02,0.02696872803439759
 2.7492E-02,0.02521878655424131
 2.7506E-02,0.02297555510987136
 2.7519E-02,0.02033929946639794
 2.7533E-02,0.01741915088695393
 2.7547E-02,0.014329847390023477
 2.7560E-02,0.011189955680762805
 2.7574E-02,0.008120835157203236
 2.7587E-02,0.005245344895358613
 2.7601E-02,0.0026853414588660263
 2.7615E-02,0.000557357108741561
 2.7628E-02,-0.0010336046398489052
 2.7642E-02,-0.0020016084096985253
 2.7656E-02,-0.0022875979889367907
 2.7669E-02,-0.001866130225582312
 2.7683E-02,-0.0007497065374357282
 2.7696E-02,0.0010102868276238427
 2.7710E-02,0.003326441537518019
 2.7724E-02,0.006081717891659524
 2.7737E-02,0.00913845014396359
 2.7751E-02,0.012348610356274358
 2.7764E-02,0.015563828732255064
 2.7778E-02,0.01864384978116848
 2.7792E-02,0.021462563941564802
 2.7805E-02,0.023911376524340236
 2.7819E-02,0.02590030351770599
 2.7832E-02,0.02735766055071725
 2.7846E-02,0.02822942050320476
 2.7860E-02,0.028479209702759283
 2.7873E-02,0.028089527141984295
 2.7887E-02,0.027064213742326433
 2.7901E-02,0.02543162237330898
 2.7914E-02,0.02324750176959497
 2.7928E-02,0.020596430081804753
 2.7941E-02,0.017590770614588826
 2.7955E-02,0.01436654628795295
 2.7969E-02,0.01107623937879092
 2.7982E-02,0.00787917033040587
 2.7996E-02,0.004930635899361284
 2.8009E-02,0.002371265644952681
 2.8023E-02,0.000318021785095296
 2.8037E-02,-0.001142067491931385
 2.8050E-02,-0.001954903130200249
 2.8064E-02,-0.0020991356475387308
 2.8077E-02,-0.001583475758094041
 2.8091E-02,-0.0004425308720478775
 2.8105E-02,0.001267701899835785
 2.8118E-02,0.003473746326209797
 2.8132E-02,0.006087436857177627
 2.8145E-02,0.009007587848379411
 2.8159E-02,0.01212103414975534
 2.8173E-02,0.015303861668229895
 2.8186E-02,0.01842371888649616
 2.8200E-02,0.021343894997460283
 2.8214E-02,0.02392941597644601
 2.8227E-02,0.026054855553059343
 2.8241E-02,0.027613026002978786
 2.8254E-02,0.02852334385778838
 2.8268E-02,0.028738559516309315
 2.8282E-02,0.028248733536448606
 2.8295E-02,0.027081796690103268
 2.8309E-02,0.02530063998542136
 2.8322E-02,0.02299729943310869
 2.8336E-02,0.020285280478118204
 2.8350E-02,0.017291296683753468
 2.8363E-02,0.014147629273625405
 2.8377E-02,0.01098597745055311
 2.8390E-02,0.007933159713330987
 2.8404E-02,0.005108480113134445
 2.8418E-02,0.002622132577943236
 2.8431E-02,0.0005737928216721141
 2.8445E-02,-0.0009494057334298836
 2.8459E-02,-0.001876015945563956
 2.8472E-02,-0.0021545753210577253
 2.8486E-02,-0.0017585800647545186
 2.8499E-02,-0.0006912369290525096
 2.8513E-02,0.001011114988365095
 2.8527E-02,0.0032779572541739494
 2.8540E-02,0.006006632485278574
 2.8554E-02,0.009067654264091429
 2.8567E-02,0.012312860563743295
 2.8581E-02,0.015585440337547857
 2.8595E-02,0.018730511632311653
 2.8608E-02,0.021604856030035303
 2.8622E-02,0.02408463624006437
 2.8635E-02,0.02607038669856482
 2.8649E-02,0.027489157434723754
 2.8663E-02,0.028294264667247673
 2.8676E-02,0.028463518305577026
 2.8690E-02,0.027996958473998582
 2.8703E-02,0.026915008793898795
 2.8717E-02,0.025257586352888887
 2.8731E-02,0.023084202227222614
 2.8744E-02,0.020474581769137808
 2.8758E-02,0.017528969003401337
 2.8772E-02,0.014367156062085445
 2.8785E-02,0.011125435149152825
 2.8799E-02,0.007951072550670563
 2.8812E-02,0.004994453708660482
 2.8826E-02,0.002399609637660774
 2.8840E-02,0.0002942689368264457
 2.8853E-02,-0.001219221487184887
 2.8867E-02,-0.0020708502901058017
 2.8880E-02,-0.0022268661058137177
 2.8894E-02,-0.0016903051502857702
 2.8908E-02,-0.0004983512346112902
 2.8921E-02,0.0012827221044124574
 2.8935E-02,0.003563949015161933
 2.8948E-02,0.006240261445029292
 2.8962E-02,0.009196321306391655
 2.8976E-02,0.012311044996107289
 2.8989E-02,0.015460767164131351
 2.9003E-02,0.01852145181757781
 2.9017E-02,0.021370664228647657
 2.9030E-02,0.023890087155062346
 2.9044E-02,0.025969181401212484
 2.9057E-02,0.027510202021732023
 2.9071E-02,0.028434290295396195
 2.9085E-02,0.028687899336927964
 2.9098E-02,0.028248504206238156
 2.9112E-02,0.027128484014791055
 2.9125E-02,0.025376270587665953
 2.9139E-02,0.02307429303418201
 2.9153E-02,0.02033380849657252
 2.9166E-02,0.017287262259342732
 2.9180E-02,0.014079233821490057
 2.9193E-02,0.010857204471851943
 2.9207E-02,0.007763291170410228
 2.9221E-02,0.0049277630690455695
 2.9234E-02,0.0024646803408850627
 2.9248E-02,0.0004694934974909279
 2.9261E-02,-0.0009819596574807553
 2.9275E-02,-0.0018338271723304337
 2.9289E-02,-0.0020507194805216957
 2.9302E-02,-0.0016187675026852854
 2.9316E-02,-0.0005473396596643093
 2.9330E-02,0.001128939259292331
 2.9343E-02,0.0033485715683639287
 2.9357E-02,0.0060228379441129775
 2.9370E-02,0.009037505559065823
 2.9384E-02,0.012257076137674511
 2.9398E-02,0.015531587625999748
 2.9411E-02,0.018705460268791115
 2.9425E-02,0.0216274281013251
 2.9438E-02,0.024160331755858827
 2.9452E-02,0.02618953604857411
 2.9466E-02,0.027628983009317234
 2.9479E-02,0.02842434118361156
 2.9493E-02,0.028553258059515297
 2.9506E-02,0.028023233511292996
 2.9520E-02,0.02686798739778703
 2.9534E-02,0.0251433141112382
 2.9547E-02,0.022923281784514547
 2.9561E-02,0.020297289602750016
 2.9575E-02,0.01736804175132658
 2.9588E-02,0.014250057062597443
 2.9602E-02,0.011068029886773604
 2.9615E-02,0.007954273376105804
 2.9629E-02,0.005044636397245615
 2.9643E-02,0.002472651246159801
 2.9656E-02,0.0003621493185781183
 2.9670E-02,-0.001180946263922956
 2.9683E-02,-0.002076599573746668
 2.9697E-02,-0.0022772372916122657
 2.9711E-02,-0.0017718773204404923
 2.9724E-02,-0.0005871297576591457
 2.9738E-02,0.0012150966229324868
 2.9751E-02,0.003542798828709977
 2.9765E-02,0.0062811485093051105
 2.9779E-02,0.00930070568382885
 2.9792E-02,0.012465431438291557
 2.9806E-02,0.015639571653643755
 2.9820E-02,0.018692885564075553
 2.9833E-02,0.021504173962118393
 2.9847E-02,0.023963499118011853
 2.9860E-02,0.0259737715535172
 2.9874E-02,0.027452438275245992
 2.9888E-02,0.028333832133051687
 2.9901E-02,0.028572383293647724
 2.9915E-02,0.02814645097812301
 2.9928E-02,0.027062129533450243
 2.9942E-02,0.02535613146384044
 2.9956E-02,0.023096825768199453
 2.9969E-02,0.02038272841993156
 2.9983E-02,0.017338155949371947
 2.9996E-02,0.014106265496200535
 3.0010E-02,0.010840193098321453
 3.0024E-02,0.007693350446935367
 3.0037E-02,0.004810068444276335
 3.0051E-02,0.0023176581894008693
 3.0064E-02,0.0003206309639794346
 3.0078E-02,-0.0011026373907286379
 3.0092E-02,-0.0019009837525100846
 3.0105E-02,-0.002049837881098961
 3.0119E-02,-0.0015496615271171521
 3.0133E-02,-0.0004241802530663575
 3.0146E-02,0.0012810790463615989
 3.0160E-02,0.003499782809854535
 3.0173E-02,0.006145536278359044
 3.0187E-02,0.009112902192688177
 3.0201E-02,0.012279355293893316
 3.0214E-02,0.015508767061348946
 3.0228E-02,0.01865674825513829
 3.0241E-02,0.021577773273377582
 3.0255E-02,0.024133569203198122
 3.0269E-02,0.026201885144787843
 3.0282E-02,0.027684559820300856
 3.0296E-02,0.028513833526197862
 3.0309E-02,0.028656104786109707
 3.0323E-02,0.028112756774505216
 3.0337E-02,0.026918175199743762
 3.0350E-02,0.025135531634010284
 3.0364E-02,0.022851209521824067
 3.0378E-02,0.020168837446335616
 3.0391E-02,0.01720375411968376
 3.0405E-02,0.01407840879402757
 3.0418E-02,0.010918791440367212
 3.0432E-02,0.007851601251182914
 3.0446E-02,0.005001602819033501
 3.0459E-02,0.0024885549572727047
 3.0473E-02,0.00042324396698893447
 3.0486E-02,-0.0010975283816163433
 3.0500E-02,-0.0019967467186326904
 3.0514E-02,-0.002223134168621306
 3.0527E-02,-0.001756354939565128
 3.0541E-02,-0.0006105052760889608
 3.0554E-02,0.0011649077562204315
 3.0568E-02,0.003486942842602878
 3.0582E-02,0.006244123105234224
 3.0595E-02,0.00930373446803795
 3.0609E-02,0.012520609478643484
 3.0623E-02,0.015746276232544675
 3.0636E-02,0.01883737703268415
 3.0650E-02,0.02166250816008153
 3.0663E-02,0.024107037377913476
 3.0677E-02,0.026075917929890714
 3.0691E-02,0.027494922721299893
 3.0704E-02,0.028310972148322476
 3.0718E-02,0.028492266496155032
 3.0731E-02,0.02802875755289582
 3.0745E-02,0.026933159135252367
 3.0759E-02,0.02524229919769673
 3.0772E-02,0.023018269158194896
 3.0786E-02,0.020348627287364966
 3.0799E-02,0.01734492210096102
 3.0813E-02,0.014139024606456692
 3.0827E-02,0.01087714553276756
 3.0840E-02,0.007711873188329665
 3.0854E-02,0.004792988526290115
 3.0867E-02,0.0022580950898905103
 3.0881E-02,0.00022417587107247767
 3.0895E-02,-0.0012189601462296218
 3.0908E-02,-0.002012715464564169
 3.0922E-02,-0.0021310430926735633
 3.0936E-02,-0.001579352799946658
 3.0949E-02,-0.0003916021602183993
 3.0963E-02,0.0013736290306550557
 3.0976E-02,0.0036373035908018746
 3.0990E-02,0.00630375870966727
 3.1004E-02,0.009263957878760644
 3.1017E-02,0.012398270161248342
 3.1031E-02,0.015579168521432662
 3.1044E-02,0.01867437587261394
 3.1058E-02,0.021550937742503926
 3.1072E-02,0.024080473955969996
 3.1085E-02,0.026145515329644806
 3.1099E-02,0.02764645494225475
 3.1112E-02,0.02850833745960625
 3.1126E-02,0.028686559316393793
 3.1140E-02,0.028170604733045015
 3.1153E-02,0.026985194514914167
 3.1167E-02,0.02518862270048222
 3.1181E-02,0.02286850906384938
 3.1194E-02,0.020135597271884156
 3.1208E-02,0.017116486263703535
 3.1221E-02,0.013946240868234611
 3.1235E-02,0.010761682750276941
 3.1249E-02,0.00769586096955912
 3.1262E-02,0.004873826516323777
 3.1276E-02,0.002409486469017129
 3.1289E-02,0.00040308033266147963
 3.1303E-02,-0.0010612397957481124
 3.1317E-02,-0.0019181225158153691
 3.1330E-02,-0.002124156065545476
 3.1344E-02,-0.0016612311349382507
 3.1357E-02,-0.0005396163572213009
 3.1371E-02,0.001199960875122896
 3.1385E-02,0.003485957440263625
 3.1398E-02,0.00621794062235431
 3.1412E-02,0.009271025603453541
 3.1425E-02,0.012502631492049936
 3.1439E-02,0.01576094704996645
 3.1453E-02,0.018894183538563137
 3.1466E-02,0.021759555834042568
 3.1480E-02,0.024231007364124885
 3.1494E-02,0.026204961765939488
 3.1507E-02,0.027603780266351113
 3.1521E-02,0.028377033680195125
 3.1534E-02,0.028501059145940408
 3.1548E-02,0.02797748045738829
 3.1562E-02,0.026831383896978617
 3.1575E-02,0.025109666835825047
 3.1589E-02,0.02287976979671635
 3.1602E-02,0.020228652635629
 3.1616E-02,0.0172615808588796
 3.1630E-02,0.014100133044417335
 3.1643E-02,0.010878872152630554
 3.1657E-02,0.007740339982343839
 3.1670E-02,0.004828384603372055
 3.1684E-02,0.0022802299585316086
 3.1698E-02,0.0002180462815042127
 3.1711E-02,-0.0012590082273672362
 3.1725E-02,-0.002081284777796213
 3.1739E-02,-0.0022128725344486354
 3.1752E-02,-0.0016530942421415762
 3.1766E-02,-0.00043523457396933566
 3.1779E-02,0.001377112161582235
 3.1793E-02,0.0036953674815335836
 3.1807E-02,0.006412105968750015
 3.1820E-02,0.009407181868577245
 3.1834E-02,0.012553233602685095
 3.1847E-02,0.015720276082351835
 3.1861E-02,0.018779435566591403
 3.1875E-02,0.02160615951221722
 3.1888E-02,0.024083372194980322
 3.1902E-02,0.02610501071472578
 3.1915E-02,0.02758017668248297
 3.1929E-02,0.028437831477498725
 3.1943E-02,0.028631632239153635
 3.1956E-02,0.02814424468076559
 3.1970E-02,0.026990354327749096
 3.1983E-02,0.025217670014710748
 3.1997E-02,0.02290546427348447
 3.2011E-02,0.02016056983043946
 3.2024E-02,0.01711116295296501
 3.2038E-02,0.01389901698238969
 3.2052E-02,0.010671122851235317
 3.2065E-02,0.00757160276193091
 3.2079E-02,0.0047346891213898255
 3.2092E-02,0.0022792483360998175
 3.2106E-02,0.00030497522491613853
 3.2120E-02,-0.001109942817366954
 3.2133E-02,-0.001910114573878304
 3.2147E-02,-0.0020636782900939742
 3.2160E-02,-0.001562879555683433
 3.2174E-02,-0.0004246758618486597
 3.2188E-02,0.0013087276681224029
 3.2201E-02,0.0035697619717871315
 3.2215E-02,0.006266304496239803
 3.2228E-02,0.009283931452623373
 3.2242E-02,0.012489972598974105
 3.2256E-02,0.015739441597973976
 3.2269E-02,0.01888255873932875
 3.2283E-02,0.02177324316705359
 3.2297E-02,0.024277712450896334
 3.2310E-02,0.026282249398143588
 3.2324E-02,0.027699302522258912
 3.2337E-02,0.02847135645499133
 3.2351E-02,0.028572380683007954
 3.2365E-02,0.028007053147241
 3.2378E-02,0.02680827046636225
 3.2392E-02,0.025033629502860637
 3.2405E-02,0.022761562622724794
 3.2419E-02,0.020087642267309205
 3.2433E-02,0.017121291990744414
 3.2446E-02,0.013982832051352872
 3.2460E-02,0.010800535793918882
 3.2473E-02,0.007707249221102672
 3.2487E-02,0.004836166192291063
 3.2501E-02,0.0023155482337863438
 3.2514E-02,0.0002624822336383466
 3.2528E-02,-0.0012238968795343337
 3.2542E-02,-0.002069015475522421
 3.2555E-02,-0.0022284555958413848
 3.2569E-02,-0.0016917176998239658
 3.2582E-02,-0.0004835411697038713
 3.2596E-02,0.0013374860525880187
 3.2610E-02,0.003682891845556412
 3.2623E-02,0.0064403407788333825
 3.2637E-02,0.009480920524859307
 3.2650E-02,0.012666793357222116
 3.2664E-02,0.01585838491188174
 3.2678E-02,0.018920513082083073
 3.2691E-02,0.02172718738238178
 3.2705E-02,0.024165149156725206
 3.2718E-02,0.026136489932121178
 3.2732E-02,0.027560814034165413
 3.2746E-02,0.028377374277020986
 3.2759E-02,0.028547422058698167
 3.2773E-02,0.028056731782302263
 3.2786E-02,0.02691796639777739
 3.2800E-02,0.02517233199282748
 3.2814E-02,0.022889891044667328
 3.2827E-02,0.020167995377418122
 3.2841E-02,0.017127546253622984
 3.2855E-02,0.01390713591137439
 3.2868E-02,0.010655492078777648
 3.2882E-02,0.0075229489175072176
 3.2895E-02,0.0046528349816226675
 3.2909E-02,0.0021736649029058972
 3.2923E-02,0.00019285163008442904
 3.2936E-02,-0.001207636204354866
 3.2950E-02,-0.001973591199005206
 3.2963E-02,-0.0020790934810753668
 3.2977E-02,-0.0015256990499962605
 3.2991E-02,-0.00034081944208130127
 3.3004E-02,0.0014242484130068769
 3.3018E-02,0.0036963697837871417
 3.3031E-02,0.006382668255735085
 3.3045E-02,0.009372869294801871
 3.3059E-02,0.012542234558887203
 3.3072E-02,0.015755445617636844
 3.3086E-02,0.018871671184081187
 3.3100E-02,0.021750814343640533
 3.3113E-02,0.02426064317481709
 3.3127E-02,0.026284233565968162
 3.3140E-02,0.027726969174978095
 3.3154E-02,0.02852230252020887
 3.3168E-02,0.028635601167536398
 3.3181E-02,0.028065662422177368
 3.3195E-02,0.026843822980994483
 3.3208E-02,0.025030940083893716
 3.3222E-02,0.02271279908890132
 3.3236E-02,0.019994647832008085
 3.3249E-02,0.016995543281286905
 3.3263E-02,0.01384303513373597
 3.3276E-02,0.010668455395305627
 3.3290E-02,0.007602805917308577
 3.3304E-02,0.004773013298598273
 3.3317E-02,0.002298212252651891
 3.3331E-02,0.00028575276009281227
 3.3344E-02,-0.0011732077913336695
 3.3358E-02,-0.0020084154634139317
 3.3372E-02,-0.002175155259748068
 3.3385E-02,-0.001658225220599708
 3.3399E-02,-0.0004745753839130076
 3.3413E-02,0.001325996455125503
 3.3426E-02,0.0036624852049334635
 3.3440E-02,0.006426725227347704
 3.3453E-02,0.009489551102631461
 3.3467E-02,0.012708457085017106
 3.3481E-02,0.0159359271858673
 3.3494E-02,0.019027552537108177
 3.3508E-02,0.021849165647886956
 3.3521E-02,0.02428247263812556
 3.3535E-02,0.02622899159654517
 3.3549E-02,0.02761242813914628
 3.3562E-02,0.02837986128694892
 3.3576E-02,0.02850221905301123
 3.3589E-02,0.027974474995408064
 3.3603E-02,0.026815817268193494
 3.3617E-02,0.025069787783470524
 3.3630E-02,0.022804136537290347
 3.3644E-02,0.02010995879713009
 3.3658E-02,0.01709963472732745
 3.3671E-02,0.013903192985731084
 3.3685E-02,0.010662953660989072
 3.3698E-02,0.007526618665658066
 3.3712E-02,0.004639295564353605
 3.3726E-02,0.002135188162629716
 3.3739E-02,0.000129804821956648
 3.3753E-02,-0.0012865054970594607
 3.3766E-02,-0.002053070764840459
 3.3780E-02,-0.0021411467340844534
 3.3794E-02,-0.0015539195852715157
 3.3807E-02,-0.00032458417387795733
 3.3821E-02,0.0014869694785813697
 3.3834E-02,0.0037982550423545673
 3.3848E-02,0.006508534532507777
 3.3862E-02,0.009503047945431381
 3.3875E-02,0.012657002016705655
 3.3889E-02,0.015839415503871225
 3.3903E-02,0.01891706750749173
 3.3916E-02,0.021758828677256634
 3.3930E-02,0.024240562026788808
 3.3943E-02,0.026250583808127316
 3.3957E-02,0.027695427505334373
 3.3971E-02,0.02850542319185542
 3.3984E-02,0.028639456133146172
 3.3998E-02,0.028088249553522918
 3.4011E-02,0.026875642413537307
 3.4025E-02,0.025057582847575803
 3.4039E-02,0.022718878180137438
 3.4052E-02,0.019968060595548766
 3.4066E-02,0.016930971306277357
 3.4079E-02,0.01374378305499682
 3.4093E-02,0.010546151465612259
 3.4107E-02,0.007475026775741406
 3.4120E-02,0.00465941624357202
 3.4134E-02,0.00221612987284572
 3.4147E-02,0.00024633509914061096
 3.4161E-02,-0.0011673597879945242
 3.4175E-02,-0.001963557052308599
 3.4188E-02,-0.0021045917552261913
 3.4202E-02,-0.0015788630936941525
 3.4216E-02,-0.0004027049358853226
 3.4229E-02,0.0013786288507673895
 3.4243E-02,0.0036913383981614896
 3.4256E-02,0.006435205834660394
 3.4270E-02,0.009487671605358575
 3.4284E-02,0.01270977075311576
 3.4297E-02,0.0159535364794938
 3.4311E-02,0.01907022191631728
 3.4324E-02,0.021918543514434875
 3.4338E-02,0.024372146549437406
 3.4352E-02,0.02632563629771087
 3.4365E-02,0.027698774560355525
 3.4379E-02,0.028438751137449373
 3.4392E-02,0.02852073192826166
 3.4406E-02,0.027947093739390014
 3.4420E-02,0.02674583798737488
 3.4433E-02,0.024968621995054976
 3.4447E-02,0.022688682142794774
 3.4461E-02,0.01999869932691798
 3.4474E-02,0.017008440283590543
 3.4488E-02,0.013841862962172703
 3.4501E-02,0.010633345671050669
 3.4515E-02,0.007522801768467998
 3.4529E-02,0.0046496530559424695
 3.4542E-02,0.0021459059056376847
 3.4556E-02,0.0001288380874379558
 3.4569E-02,-0.0013060057963375877
 3.4583E-02,-0.002090746970805691
 3.4597E-02,-0.0021893500451941705
 3.4610E-02,-0.001599574632640384
 3.4624E-02,-0.0003525317651188295
 3.4637E-02,0.0014899960754507786
 3.4651E-02,0.0038400264414080974
 3.4665E-02,0.006589009649142071
 3.4678E-02,0.009613941758050422
 3.4692E-02,0.012783362079640667
 3.4706E-02,0.015962830422302156
 3.4719E-02,0.019019722054726077
 3.4733E-02,0.021827408380063886
 3.4746E-02,0.024269048549658404
 3.4760E-02,0.026241261920139907
 3.4774E-02,0.027657874520270537
 3.4787E-02,0.02845375877831789
 3.4801E-02,0.028588565670546486
 3.4814E-02,0.02804994721953338
 3.4828E-02,0.02685574708625503
 3.4842E-02,0.025054639900954866
 3.4855E-02,0.0227248355238865
 3.4869E-02,0.019970706864005663
 3.4882E-02,0.016917495674707652
 3.4896E-02,0.013704533289496503
 3.4910E-02,0.010477619817320934
 3.4923E-02,0.007381292047144847
 3.4937E-02,0.004551662643186944
 3.4950E-02,0.002110348972422334
 3.4964E-02,0.00015977374793760203
 3.4978E-02,-0.001220129385393427
 3.4991E-02,-0.0019739758326608216
 3.5005E-02,-0.0020720404345078397
 3.5019E-02,-0.0015107087415854859
 3.5032E-02,-0.00031246637967932115
 3.5046E-02,0.0014745324908085867
 3.5059E-02,0.003777443720015362
 3.5073E-02,0.0065005089358736645
 3.5087E-02,0.009527917408977094
 3.5100E-02,0.012727975289047455
 3.5114E-02,0.015958636794063882
 3.5127E-02,0.019074221104167222
 3.5141E-02,0.021932897869097127
 3.5155E-02,0.02440433219473054
 3.5168E-02,0.026376785435005674
 3.5182E-02,0.027762998076599984
 3.5195E-02,0.028504333678288286
 3.5209E-02,0.02857290698582279
 3.5223E-02,0.02797170179014186
 3.5236E-02,0.026732943416012428
 3.5250E-02,0.024915172295068677
 3.5264E-02,0.02259953337927809
 3.5277E-02,0.019885743228329707
 3.5291E-02,0.016888045252882268
 3.5304E-02,0.013731262391866322
 3.5318E-02,0.010546866151193959
 3.5332E-02,0.007468857052251836
 3.5345E-02,0.004629230525613327
 3.5359E-02,0.0021528928672153768
 3.5372E-02,0.00015207247593545343
 3.5386E-02,-0.0012795050465142174
 3.5400E-02,-0.002072203653706227
 3.5413E-02,-0.002185220288918165
 3.5427E-02,-0.0016098634307465263
 3.5440E-02,-0.00037085701007767724
 3.5454E-02,0.001474615790847376
 3.5468E-02,0.003840120797593107
 3.5481E-02,0.006615123190572028
 3.5495E-02,0.009671522913918065
 3.5508E-02,0.012870875913889393
 3.5522E-02,0.016071590839616307
 3.5536E-02,0.019135507860433297
 3.5549E-02,0.02193347894307962
 3.5563E-02,0.024349821996960546
 3.5577E-02,0.026285750965032193
 3.5590E-02,0.027662034869398795
 3.5604E-02,0.02842117774606456
 3.5617E-02,0.0285293351376084
 3.5631E-02,0.027978019621471936
 3.5645E-02,0.026785450409268975
 3.5658E-02,0.024997232452616803
 3.5672E-02,0.02268596241720264
 3.5685E-02,0.019949383546880944
 3.5699E-02,0.016906850752682053
 3.5713E-02,0.01369409419177675
 3.5726E-02,0.01045653466463459
 3.5740E-02,0.007341647425391977
 3.5753E-02,0.004491037355474082
 3.5767E-02,0.00203294137924057
 3.5781E-02,7.580362826899514e-05
 3.5794E-02,-0.0012966068567587601
 3.5808E-02,-0.002028306171015874
 3.5822E-02,-0.0020924539131488913
 3.5835E-02,-0.0014911870506965981
 3.5849E-02,-0.0002542790791083371
 3.5862E-02,0.0015630045687621383
 3.5876E-02,0.0038825561795241834
 3.5890E-02,0.006606417060039227
 3.5903E-02,0.009620099852327034
 3.5917E-02,0.01279635230193056
 3.5930E-02,0.015999522591632162
 3.5944E-02,0.019090645648411037
 3.5958E-02,0.021933245066416616
 3.5971E-02,0.02439966576661199
 3.5985E-02,0.026377563411748642
 3.5998E-02,0.027776028399197288
 3.6012E-02,0.028530757996076603
 3.6026E-02,0.02860773378395141
 3.6039E-02,0.02800501129771154
 3.6053E-02,0.026752457340854054
 3.6066E-02,0.02490953114098394
 3.6080E-02,0.022561442234415405
 3.6094E-02,0.019814179265337992
 3.6107E-02,0.016788957403500563
 3.6121E-02,0.01361657415384955
 3.6135E-02,0.010432018891365205
 3.6148E-02,0.0073694955911862235
 3.6162E-02,0.004557844063497091
 3.6175E-02,0.0021162306813614887
 3.6189E-02,0.00014995554703879643
 3.6203E-02,-0.0012537067072237451
 3.6216E-02,-0.002029573629823752
 3.6230E-02,-0.002138299551687864
 3.6243E-02,-0.0015694191807729047
 3.6257E-02,-0.00034323077384172456
 3.6271E-02,0.001488919978325603
 3.6284E-02,0.003846265059910511
 3.6298E-02,0.006622240555006157
 3.6311E-02,0.009689943658708827
 3.6325E-02,0.012908994771159641
 3.6339E-02,0.01613318661789088
 3.6352E-02,0.01921821431436847
 3.6366E-02,0.022028815964258167
 3.6380E-02,0.024444802246932018
 3.6393E-02,0.02636567818591311
 3.6407E-02,0.02771380711206075
 3.6420E-02,0.028436278608561346
 3.6434E-02,0.028505772067784086
 3.6448E-02,0.027920731167345468
 3.6461E-02,0.02670508722404161
 3.6475E-02,0.024907622797520977
 3.6488E-02,0.02260089911320446
 3.6502E-02,0.019879533414013596
 3.6516E-02,0.016857548662900974
 3.6529E-02,0.013664553141676129
 3.6543E-02,0.010440640702546706
 3.6556E-02,0.007330106522098296
 3.6570E-02,0.004474301932458053
 3.6584E-02,0.002004152093603277
 3.6597E-02,3.298421435374895e-05
 3.6611E-02,-0.0013496696778758537
 3.6625E-02,-0.0020827298370744594
 3.6638E-02,-0.002136313782623496
 3.6652E-02,-0.0015124452286748502
 3.6665E-02,-0.00024385442754876543
 3.6679E-02,0.001608797459921848
 3.6693E-02,0.0039608163421630364
 3.6706E-02,0.0067080227919544735
 3.6720E-02,0.00973155219827064
 3.6733E-02,0.012902650700516629
 3.6747E-02,0.016087370800480012
 3.6761E-02,0.019151205297563867
 3.6774E-02,0.0219637695121818
 3.6788E-02,0.024403629519993187
 3.6801E-02,0.026363281168559807
 3.6815E-02,0.02775413697976538
 3.6829E-02,0.028511218175742887
 3.6842E-02,0.028597124894331
 3.6856E-02,0.02800481025329906
 3.6869E-02,0.026758736687993476
 3.6883E-02,0.024914144168461206
 3.6897E-02,0.022554381180457276
 3.6910E-02,0.019786492692441995
 3.6924E-02,0.016735470760944365
 3.6938E-02,0.013537708337827973
 3.6951E-02,0.010334230810221513
 3.6965E-02,0.007264213007953012
 3.6978E-02,0.00445914570980597
 3.6992E-02,0.002037836497880532
 3.7006E-02,0.00010226281009812562
 3.7019E-02,-0.0012658191704711403
 3.7033E-02,-0.002007644029321667
 3.7046E-02,-0.002089678644915046
 3.7060E-02,-0.0015053290512125274
 3.7074E-02,-0.00027598176121909515
 3.7087E-02,0.0015488558197425907
 3.7101E-02,0.0038925970931700266
 3.7114E-02,0.006654045228417009
 3.7128E-02,0.009711414234087121
 3.7142E-02,0.012927840993649733
 3.7155E-02,0.016158112074831754
 3.7169E-02,0.01925613266154301
 3.7183E-02,0.022082533260335505
 3.7196E-02,0.024511774415488234
 3.7210E-02,0.026438179599478362
 3.7223E-02,0.02778048715107143
 3.7237E-02,0.028484728668138566
 3.7251E-02,0.028525465977413414
 3.7264E-02,0.027905603524481976
 3.7278E-02,0.02665510189623854
 3.7291E-02,0.0248289356013575
 3.7305E-02,0.02250457044525982
 3.7319E-02,0.01977910882384118
 3.7332E-02,0.016766105920345414
 3.7346E-02,0.013591942578047276
 3.7359E-02,0.010391590265729082
 3.7373E-02,0.007303639608768503
 3.7387E-02,0.0044645823301982974
 3.7400E-02,0.002002511234098467
 3.7414E-02,3.059196536223281e-05
 3.7427E-02,-0.0013591851604942257
 3.7441E-02,-0.0021013876045371284
 3.7455E-02,-0.0021610961299885043
 3.7468E-02,-0.001535999473320415
 3.7482E-02,-0.00025640280326856275
 3.7496E-02,0.0016168247067566842
 3.7509E-02,0.003996094545799542
 3.7523E-02,0.006772279722539612
 3.7536E-02,0.009820679099032422
 3.7550E-02,0.01300721911346656
 3.7564E-02,0.016194445902799264
 3.7577E-02,0.01924702201946039
 3.7591E-02,0.022036621508519302
 3.7604E-02,0.02444626777491219
 3.7618E-02,0.026374242189628246
 3.7632E-02,0.027737689252136384
 3.7645E-02,0.028475961923630628
 3.7659E-02,0.028553616346458647
 3.7672E-02,0.027962822172738797
 3.7686E-02,0.026724851248996234
 3.7700E-02,0.024890281852722174
 3.7713E-02,0.022537624739356613
 3.7727E-02,0.019770231402799127
 3.7741E-02,0.016711552566887534
 3.7754E-02,0.013499031754472313
 3.7768E-02,0.010277098715728763
 3.7781E-02,0.007189833053501882
 3.7795E-02,0.004373879797573835
 3.7809E-02,0.0019521187035769572
 3.7822E-02,2.844101529387113e-05
 3.7836E-02,-0.0013161920666219095
 3.7849E-02,-0.0020264052101918186
 3.7863E-02,-0.002073900305349101
 3.7877E-02,-0.0014579623655504442
 3.7890E-02,-0.00020514610370692002
 3.7904E-02,0.0016317579838267032
 3.7917E-02,0.003975470973801598
 3.7931E-02,0.006726760701747107
 3.7945E-02,0.009767878558657433
 3.7958E-02,0.01296698788319359
 3.7972E-02,0.01618358324449083
 3.7986E-02,0.019274758802864264
 3.7999E-02,0.02210202446545275
 3.8013E-02,0.024538228939422334
 3.8026E-02,0.0264740640909139
 3.8040E-02,0.027823619515475597
 3.8054E-02,0.028528537092548906
 3.8067E-02,0.02856046967463383
 3.8081E-02,0.027921746098569115
 3.8094E-02,0.026644347369972732
 3.8108E-02,0.024787466621582297
 3.8122E-02,0.022434025983173907
 3.8135E-02,0.019686539509291306
 3.8149E-02,0.016662647000698232
 3.8162E-02,0.013490525095460289
 3.8176E-02,0.010304249315689342
 3.8190E-02,0.007239075100943644
 3.8203E-02,0.004426559420660069
 3.8217E-02,0.0019894731563957495
 3.8230E-02,3.6552618228215825e-05
 3.8244E-02,-0.0013427204034157732
 3.8258E-02,-0.002082977134331237
 3.8271E-02,-0.0021470220109709136
 3.8285E-02,-0.001528626693466069
 3.8299E-02,-0.00025364978365777485
 3.8312E-02,0.0016207775096962241
 3.8326E-02,0.0040090467568554234
 3.8339E-02,0.006801659959264688
 3.8353E-02,0.009871208999613957
 3.8367E-02,0.0130791998382894
 3.8380E-02,0.01628312010589457
 3.8394E-02,0.019343194960844932
 3.8407E-02,0.022128408422754067
 3.8421E-02,0.024521550622139416
 3.8435E-02,0.0264232391092469
 3.8448E-02,0.027755009926806035
 3.8462E-02,0.02846164947823302
 3.8475E-02,0.0285129291460252
 3.8489E-02,0.027904822768542545
 3.8503E-02,0.026660165264403346
 3.8516E-02,0.024828592381590187
 3.8530E-02,0.022485527130390544
 3.8544E-02,0.019729974777093717
 3.8557E-02,0.01668096387987887
 3.8571E-02,0.013472615055671353
 3.8584E-02,0.010248003819345729
 3.8598E-02,0.007152169345229214
 3.8612E-02,0.004324766665778815
 3.8625E-02,0.0018929342471627033
 3.8639E-02,-3.506354124752564e-05
 3.8652E-02,-0.0013749561568057993
 3.8666E-02,-0.0020700461927130155
 3.8680E-02,-0.002093135479865433
 3.8693E-02,-0.0014468654808144428
 3.8707E-02,-0.00016267647635678545
 3.8720E-02,0.0017013370974978505
 3.8734E-02,0.0040633940795710855
 3.8748E-02,0.006821590061687803
 3.8761E-02,0.009857917528421661
 3.8775E-02,0.01304269040884053
 3.8788E-02,0.016239376565899365
 3.8802E-02,0.019309846244811316
 3.8816E-02,0.022119993202327954
 3.8829E-02,0.024545588908998873
 3.8843E-02,0.026478112765210417
 3.8857E-02,0.02783019497382935
 3.8870E-02,0.02854024598957307
 3.8884E-02,0.02857585090875016
 3.8897E-02,0.027935587447867033
 3.8911E-02,0.026649073678976502
 3.8925E-02,0.0247752410559335
 3.8938E-02,0.022399021377197053
 3.8952E-02,0.01962679171745573
 3.8965E-02,0.016581007108575206
 3.8979E-02,0.013394454558877455
 3.8993E-02,0.010204493058836597
 3.9006E-02,0.0071475284112173815
 3.9020E-02,0.0043538446005759665
 3.9033E-02,0.001942811809886525
 3.9047E-02,1.8442872071196747e-05
 3.9061E-02,-0.0013347149429635617
 3.9074E-02,-0.00205529669498969
 3.9088E-02,-0.002108289973872342
 3.9102E-02,-0.001487407356139012
 3.9115E-02,-0.00021635128516292131
 3.9129E-02,0.0016513321889816933
 3.9142E-02,0.0040340319097933305
 3.9156E-02,0.006825553972332332
 3.9170E-02,0.009900189024050262
 3.9183E-02,0.01311904973350705
 3.9197E-02,0.016337201657959405
 3.9210E-02,0.01941101769002387
 3.9224E-02,0.0222051828774697
 3.9238E-02,0.024598861693714124
 3.9251E-02,0.026490692030148293
 3.9265E-02,0.0278024537993105
 3.9278E-02,0.02848143423532702
 3.9292E-02,0.028501639737034203
 3.9306E-02,0.02786406228299465
 3.9319E-02,0.026596194343502768
 3.9333E-02,0.024750916162766163
 3.9347E-02,0.02240478143994837
 3.9360E-02,0.019655634398934467
 3.9374E-02,0.016619434348568496
 3.9387E-02,0.013426166561503142
 3.9401E-02,0.01021478865408711
 3.9415E-02,0.007127288609682793
 3.9428E-02,0.004302087588111608
 3.9442E-02,0.0018671729197753733
 3.9455E-02,-6.65415465824356e-05
 3.9469E-02,-0.0014110884546193227
 3.9483E-02,-0.002106056058420608
 3.9496E-02,-0.00212155735835863
 3.9510E-02,-0.001459360799731245
 3.9523E-02,-0.00015218482764402523
 3.9537E-02,0.0017386542621487706
 3.9551E-02,0.004126911801603005
 3.9564E-02,0.006906002585522382
 3.9578E-02,0.009954114521833295
 3.9591E-02,0.013139524807883902
 3.9605E-02,0.01632590088992233
 3.9619E-02,0.019377478400420686
 3.9632E-02,0.022164091824090744
 3.9646E-02,0.024566067506565547
 3.9660E-02,0.026478963750931866
 3.9673E-02,0.02781806796960033
 3.9687E-02,0.02852246036827416
 3.9700E-02,0.02855836036535675
 3.9714E-02,0.02792141960398565
 3.9728E-02,0.026637639672165953
 3.9741E-02,0.024762682347735012
 3.9755E-02,0.02237949241379478
 3.9768E-02,0.01959433631062498
 3.9782E-02,0.01653153452168107
 3.9796E-02,0.013327296103591115
 3.9809E-02,0.010123126758865932
 3.9823E-02,0.0070592698471313555
 3.9836E-02,0.004268562597172948
 3.9850E-02,0.001870972428875177
 3.9864E-02,-3.1046911815165324e-05
 3.9877E-02,-0.001356342782393872
 3.9891E-02,-0.0020480184322851187
 3.9905E-02,-0.0020755887661732773
 3.9918E-02,-0.0014363359971095826
 3.9932E-02,-0.00015580450776267636
 3.9945E-02,0.001712682186824985
 3.9959E-02,0.0040896256655758014
 3.9973E-02,0.006872199343119979
 3.9986E-02,0.009938383282049908
 4.0000E-02,0.013152310287925458
 4.0013E-02,0.01637059836122983
 4.0027E-02,0.019449302103954305
 4.0041E-02,0.022251011887782998
 4.0054E-02,0.024651588643630512
 4.0068E-02,0.02654605391369131
 4.0081E-02,0.027853254184179697
 4.0095E-02,0.028519066216491112
 4.0109E-02,0.028518076226274214
 4.0122E-02,0.02785381771837688
 4.0136E-02,0.026557764148235387
 4.0149E-02,0.024687327846289506
 4.0163E-02,0.0223231119483353
 4.0177E-02,0.019565605930172824
 4.0190E-02,0.016531429545023294
 4.0204E-02,0.013349145801152023
 4.0218E-02,0.01015461189984644
 4.0231E-02,0.007085838003992633
 4.0245E-02,0.004277382485990974
 4.0258E-02,0.0018544186810811824
 4.0272E-02,-7.326244228852757e-05
 4.0286E-02,-0.0014169313054335484
 4.0299E-02,-0.0021138258778411216
 4.0313E-02,-0.00213082786974745
 4.0326E-02,-0.0014665268571036239
 4.0340E-02,-0.0001514347447054145
 4.0354E-02,0.0017536957364172139
 4.0367E-02,0.004161291559485397
 4.0381E-02,0.0069617861454900065
 4.0394E-02,0.010029403271970029
 4.0408E-02,0.01322840959057493
 4.0422E-02,0.016419384995374597
 4.0435E-02,0.019465160709621947
 4.0449E-02,0.02223621037639334
 4.0463E-02,0.024615413238234043
 4.0476E-02,0.026502206335964087
 4.0490E-02,0.027816182501169868
 4.0503E-02,0.02850016796909244
 4.0517E-02,0.028522740744048314
 4.0531E-02,0.027880056903467926
 4.0544E-02,0.02659677356994366
 4.0558E-02,0.024725827174556826
 4.0571E-02,0.022346861361068893
 4.0585E-02,0.01956319818468263
 4.0599E-02,0.016497390641043858
 4.0612E-02,0.013285555843574482
 4.0626E-02,0.010070834506476771
 4.0639E-02,0.006996424613217245
 4.0653E-02,0.0041986761509827
 4.0667E-02,0.0018007054901977015
 4.0680E-02,-9.309732715248814e-05
 4.0694E-02,-0.0014014171222843186
 4.0708E-02,-0.0020690995132643356
 4.0721E-02,-0.002068973002410706
 4.0735E-02,-0.0014024867512498426
 4.0748E-02,-9.927913846377698e-05
 4.0762E-02,0.0017842128341279842
 4.0776E-02,0.00416702453328441
 4.0789E-02,0.00694677470637931
 4.0803E-02,0.010003600794301962
 4.0816E-02,0.013204895977172695
 4.0830E-02,0.016410779119512525
 4.0844E-02,0.01948014913382027
 4.0857E-02,0.022277079375935108
 4.0871E-02,0.024677217463207123
 4.0884E-02,0.026573793432831817
 4.0898E-02,0.027882822882359375
 4.0912E-02,0.028547131599749205
 4.0925E-02,0.028538921931448847
 4.0939E-02,0.027860735024935013
 4.0952E-02,0.026544815662871393
 4.0966E-02,0.02465103175917985
 4.0980E-02,0.022263611633787077
 4.0993E-02,0.019487017392632405
 4.1000E-02,0.018013770837205727
