  0.000,0.0
  1.000,0.007947631662176331
  0.000,0.007947631662176331
 3.5090E-05,0.008650931279459933
 7.0180E-05,0.010733162235116958
 1.0527E-04,0.013447316965588181
 1.4036E-04,0.01489583245288191
 1.7545E-04,0.015002869542479837
 2.1054E-04,0.014720754906593376
 2.4563E-04,0.015285642883180264
 2.8072E-04,0.016375234651945333
 3.1581E-04,0.016609194762801763
 3.5090E-04,0.015404750321348661
 3.8599E-04,0.01335396312120499
 4.2108E-04,0.011808696770105072
 4.5617E-04,0.011188612417236265
 4.9126E-04,0.010440107110069822
 5.2635E-04,0.008660903442996458
 5.6144E-04,0.006032338581733222
 5.9653E-04,0.0037538988982099373
 6.3162E-04,0.0027431066219628566
 6.6671E-04,0.002438624197506788
 7.0180E-04,0.001753408512440625
 7.3689E-04,0.00038748597445748857
 7.7198E-04,-0.0008376946718884988
 8.0707E-04,-0.000816828582534722
 8.4216E-04,0.0003893894757799022
 8.7725E-04,0.0017084045933577912
 9.1234E-04,0.0023892690922177936
 9.4743E-04,0.0027589525383744005
 9.8252E-04,0.0038584352617448124
 1.0176E-03,0.006064438933124963
 1.0527E-03,0.008551307803504599
 1.0878E-03,0.010300379195651195
 1.1229E-03,0.011168943618939107
 1.1580E-03,0.011993615253348473
 1.1931E-03,0.013497840328360584
 1.2281E-03,0.015298382408448438
 1.2632E-03,0.01637920178849331
 1.2983E-03,0.016252909950724117
 1.3334E-03,0.015488043039743386
 1.3685E-03,0.01502276398780311
 1.4036E-03,0.014989985530266751
 1.4387E-03,0.01461010753933423
 1.4738E-03,0.013194926964168944
 1.5089E-03,0.010995259350245055
 1.5440E-03,0.008970912153723924
 1.5790E-03,0.007683643203946457
 1.6141E-03,0.00670280183572762
 1.6492E-03,0.005252915385601324
 1.6843E-03,0.0032174366250145824
 1.7194E-03,0.0013541647676637001
 1.7545E-03,0.00044815267509481604
 1.7896E-03,0.0004128726912719156
 1.8247E-03,0.00048109529652456886
 1.8598E-03,0.0001691286158189477
 1.8949E-03,-0.00013678020400722043
 1.9299E-03,0.00035106011307428744
 1.9650E-03,0.0018339845021531946
 2.0001E-03,0.003669004069461834
 2.0352E-03,0.005112255629730292
 2.0703E-03,0.006140661082202168
 2.1054E-03,0.007400522283181611
 2.1405E-03,0.009328704295177799
 2.1756E-03,0.01154436114071478
 2.2107E-03,0.013246101958585634
 2.2458E-03,0.014095665693569537
 2.2809E-03,0.014544831155458486
 2.3159E-03,0.015212615862281688
 2.3510E-03,0.016081668347494863
 2.3861E-03,0.016503743440850854
 2.4212E-03,0.015973080714562948
 2.4563E-03,0.014731185077757558
 2.4914E-03,0.013481916188913833
 2.5265E-03,0.01256582543754049
 2.5616E-03,0.011611067377562692
 2.5967E-03,0.010061206396597364
 2.6317E-03,0.007920004210964515
 2.6668E-03,0.005819387850850466
 2.7019E-03,0.004329993788814991
 2.7370E-03,0.003361173546755051
 2.7721E-03,0.0023684661260224217
 2.8072E-03,0.001089700583856341
 2.8423E-03,-8.131432623558117e-05
 2.8774E-03,-0.0005313233187163736
 2.9125E-03,-0.00013638484707464873
 2.9476E-03,0.0006193155988049818
 2.9826E-03,0.0012369942737119077
 3.0177E-03,0.0017842510307209956
 3.0528E-03,0.002767724319419353
 3.0879E-03,0.004462393969535564
 3.1230E-03,0.006522614605757994
 3.1581E-03,0.008336416450566528
 3.1932E-03,0.009684063144708401
 3.2283E-03,0.010909553403479511
 3.2634E-03,0.012408813789487489
 3.2985E-03,0.014070600730967707
 3.3335E-03,0.015347762765643423
 3.3686E-03,0.015860491408422023
 3.4037E-03,0.01580010081762054
 3.4388E-03,0.015652076256413718
 3.4739E-03,0.01558750089265035
 3.5090E-03,0.015265064350202293
 3.5441E-03,0.014270685433992876
 3.5792E-03,0.012652438824743492
 3.6143E-03,0.010903779945711563
 3.6494E-03,0.009423773719400848
 3.6845E-03,0.008114073221874905
 3.7195E-03,0.006589927795951761
 3.7546E-03,0.004734157665271039
 3.7897E-03,0.002917950711442763
 3.8248E-03,0.001625436167968306
 3.8599E-03,0.0009436648268571144
 3.8950E-03,0.0005306245964489674
 3.9301E-03,8.547096765160005e-05
 3.9652E-03,-0.00025607456196756505
 4.0003E-03,-7.669533793013946e-05
 4.0353E-03,0.0008144220947725099
 4.0704E-03,0.0021391467176911172
 4.1055E-03,0.00345915371099939
 4.1406E-03,0.00465518698081675
 4.1757E-03,0.005999539321004722
 4.2108E-03,0.0077454450132160655
 4.2459E-03,0.00974121004601141
 4.2810E-03,0.011535744779407733
 4.3161E-03,0.012841927174060129
 4.3512E-03,0.013797092839686059
 4.3862E-03,0.014714493021997031
 4.4213E-03,0.01563910548687574
 4.4564E-03,0.016249297126219836
 4.4915E-03,0.01621709259495901
 4.5266E-03,0.015585618719719595
 4.5617E-03,0.014709598917045196
 4.5968E-03,0.013839917462719254
 4.6319E-03,0.012859428041194537
 4.6670E-03,0.011482618677275971
 4.7021E-03,0.009666735626620265
 4.7371E-03,0.007732491593333141
 4.7722E-03,0.0060521499231146495
 4.8073E-03,0.00468636618194206
 4.8424E-03,0.003403554610708885
 4.8775E-03,0.0020461912580516913
 4.9126E-03,0.0007928325497829397
 4.9477E-03,-1.6962782552123069e-07
 4.9828E-03,-0.00018048678401986427
 5.0179E-03,5.6280204934035965e-05
 5.0530E-03,0.00042655791549761857
 5.0880E-03,0.0009010065652105893
 5.1231E-03,0.0017159958054944833
 5.1582E-03,0.003048391195179483
 5.1933E-03,0.0047533663484091455
 5.2284E-03,0.006481081495900191
 5.2635E-03,0.008026874165450918
 5.2986E-03,0.009492364078758383
 5.3337E-03,0.011071141711883878
 5.3688E-03,0.012728573404229919
 5.4039E-03,0.014166800764870861
 5.4389E-03,0.01511453179848462
 5.4740E-03,0.015589435982667557
 5.5091E-03,0.015820596656838416
 5.5442E-03,0.015933802375141082
 5.5793E-03,0.01578506404638322
 5.6144E-03,0.015140142685329202
 5.6495E-03,0.01397662576126627
 5.6846E-03,0.012541588037978987
 5.7197E-03,0.011099236110512318
 5.7548E-03,0.009676842366485826
 5.7898E-03,0.00811170070228266
 5.8249E-03,0.006332717555907247
 5.8600E-03,0.004529368822106714
 5.8951E-03,0.003003612043882088
 5.9302E-03,0.0018861240728555314
 5.9653E-03,0.0010572823286729525
 6.0004E-03,0.0003599715103131966
 6.0355E-03,-0.00016059743811554358
 6.0706E-03,-0.0002810138127549851
 6.1057E-03,0.0001454785810824611
 6.1407E-03,0.0010138616172684664
 6.1758E-03,0.0020805713341088203
 6.2109E-03,0.003223703070317585
 6.2460E-03,0.004535952833283034
 6.2811E-03,0.006144322730307012
 6.3162E-03,0.007981977329282164
 6.3513E-03,0.009790799880424571
 6.3864E-03,0.011350304844819045
 6.4215E-03,0.012656631862668695
 6.4566E-03,0.013841019946408961
 6.4916E-03,0.014934912229303711
 6.5267E-03,0.015770819305533586
 6.5618E-03,0.01613806810512797
 6.5969E-03,0.01600279298682065
 6.6320E-03,0.015527514916160532
 6.6671E-03,0.014871799129120535
 6.7022E-03,0.014018651800538236
 6.7373E-03,0.012834142249848312
 6.7724E-03,0.011281879662532022
 6.8075E-03,0.009528749725778912
 6.8425E-03,0.007814319827584931
 6.8776E-03,0.0062429957197213245
 6.9127E-03,0.004746954644660742
 6.9478E-03,0.0032568473343205758
 6.9829E-03,0.0018667949555921412
 7.0180E-03,0.0007919318341202133
 7.0531E-03,0.00017084990690483914
 7.0882E-03,-4.906156747660275e-05
 7.1233E-03,-9.705446190157985e-06
 7.1584E-03,0.00024755679963727833
 7.1934E-03,0.0008289340102700389
 7.2285E-03,0.001839004682631847
 7.2636E-03,0.003219606115965845
 7.2987E-03,0.004772209947633712
 7.3338E-03,0.006335244617101705
 7.3689E-03,0.007902792157714212
 7.4040E-03,0.00954643327084174
 7.4391E-03,0.011241967743011963
 7.4742E-03,0.012815165650066794
 7.5093E-03,0.014073012972050563
 7.5443E-03,0.014962226812452501
 7.5794E-03,0.015566937476658292
 7.6145E-03,0.01595448743613847
 7.6496E-03,0.01606035320404076
 7.6847E-03,0.015751310897395055
 7.7198E-03,0.01498774828994791
 7.7549E-03,0.01388763744514993
 7.7900E-03,0.012616521856212098
 7.8251E-03,0.011238183177238835
 7.8602E-03,0.009704272439413629
 7.8952E-03,0.007989500510163993
 7.9303E-03,0.006203364914288839
 7.9654E-03,0.004541024896635028
 8.0005E-03,0.0031322328269858656
 8.0356E-03,0.001968425009077129
 8.0707E-03,0.0009902492940015392
 8.1058E-03,0.00022357115523261495
 8.1409E-03,-0.00020330564260437393
 8.1760E-03,-0.0001815009432681642
 8.2111E-03,0.00026542541606687194
 8.2461E-03,0.0010120990883792386
 8.2812E-03,0.001965733541946474
 8.3163E-03,0.003141422084092618
 8.3514E-03,0.004590648740816195
 8.3865E-03,0.006274308715049088
 8.4216E-03,0.00803687517922668
 8.4567E-03,0.009713914436955618
 8.4918E-03,0.011244468339403697
 8.5269E-03,0.012656766273416956
 8.5620E-03,0.013950843710374888
 8.5970E-03,0.015025027747667665
 8.6321E-03,0.01573703144106258
 8.6672E-03,0.01602604872750412
 8.7023E-03,0.015949787277457144
 8.7374E-03,0.015595175290799915
 8.7725E-03,0.014973688963715258
 8.8076E-03,0.01402756155727879
 8.8427E-03,0.012736182299977163
 8.8778E-03,0.01119095319430588
 8.9129E-03,0.009547033100731305
 8.9479E-03,0.007909952722340864
 8.9830E-03,0.006291646945279689
 9.0181E-03,0.004683641053891488
 9.0532E-03,0.0031530868294731233
 9.0883E-03,0.0018419810977870726
 9.1234E-03,0.0008690790792293962
 9.1585E-03,0.00025126314065236556
 9.1936E-03,-6.439932034611664e-05
 9.2287E-03,-0.00010105338700639032
 9.2638E-03,0.00019244885258918598
 9.2988E-03,0.0008779130988369675
 9.3339E-03,0.001934844235264294
 9.3690E-03,0.0032512957143976846
 9.4041E-03,0.004709298274460186
 9.4392E-03,0.006262445937760349
 9.4743E-03,0.007915361619732067
 9.5094E-03,0.00963507986627175
 9.5445E-03,0.011305938288207026
 9.5796E-03,0.012785053598894721
 9.6147E-03,0.013993271172959284
 9.6497E-03,0.014934970655696612
 9.6848E-03,0.015627616976144856
 9.7199E-03,0.01603051096066597
 9.7550E-03,0.016060665167795765
 9.7901E-03,0.015676321514699665
 9.8252E-03,0.014926896820662816
 9.8603E-03,0.01390994964270136
 9.8954E-03,0.012688184474009748
 9.9305E-03,0.011265685906910957
 9.9656E-03,0.009648448676110359
 1.0001E-02,0.007911754120315206
 1.0036E-02,0.0061899704820080215
 1.0071E-02,0.004599198608309886
 1.0106E-02,0.003183513742973383
 1.0141E-02,0.0019451446095223718
 1.0176E-02,0.0009168885019820243
 1.0211E-02,0.0001855661076544371
 1.0246E-02,-0.0001633786531808609
 1.0281E-02,-0.00011404825581200639
 1.0316E-02,0.0002796198986196433
 1.0352E-02,0.0009595552348765101
 1.0387E-02,0.0019149202781266303
 1.0422E-02,0.003158541715337669
 1.0457E-02,0.0046598941042317495
 1.0492E-02,0.006318352183306709
 1.0527E-02,0.008010839708927306
 1.0562E-02,0.009658309658206004
 1.0597E-02,0.011234307747951287
 1.0632E-02,0.012710276077368
 1.0667E-02,0.01400845599469336
 1.0702E-02,0.015022443939837909
 1.0738E-02,0.01568246181663165
 1.0773E-02,0.015988605218041754
 1.0808E-02,0.015974903625201136
 1.0843E-02,0.01565042013051711
 1.0878E-02,0.014989514709228737
 1.0913E-02,0.013981891334840003
 1.0948E-02,0.012680108401202643
 1.0983E-02,0.011185907936948064
 1.1018E-02,0.009590947485878718
 1.1053E-02,0.007941439067080079
 1.1088E-02,0.006265432474440924
 1.1124E-02,0.0046249808529613134
 1.1159E-02,0.003126196802704025
 1.1194E-02,0.0018723137398811967
 1.1229E-02,0.0009138520547101141
 1.1264E-02,0.0002525725439278259
 1.1299E-02,-0.00010951104085727526
 1.1334E-02,-0.00013813033190382282
 1.1369E-02,0.00020863729257143606
 1.1404E-02,0.0009291880895835583
 1.1439E-02,0.0019627216029610975
 1.1474E-02,0.003227962508012377
 1.1510E-02,0.004670155670806676
 1.1545E-02,0.00626192596555952
 1.1580E-02,0.007960772781548352
 1.1615E-02,0.009678502703218805
 1.1650E-02,0.01130269882756682
 1.1685E-02,0.012747056985689422
 1.1720E-02,0.013973160744385935
 1.1755E-02,0.014961648907798913
 1.1790E-02,0.015671761928946995
 1.1825E-02,0.01604094761431689
 1.1860E-02,0.016026312623326527
 1.1896E-02,0.015638626589752482
 1.1931E-02,0.014928861125894305
 1.1966E-02,0.013944464202135494
 1.2001E-02,0.01270784304374686
 1.2036E-02,0.011240913487772014
 1.2071E-02,0.009602957771272309
 1.2106E-02,0.007893173296945421
 1.2141E-02,0.006212381806332747
 1.2176E-02,0.004627276567073898
 1.2211E-02,0.003176392504455011
 1.2246E-02,0.0019059603049012708
 1.2281E-02,0.0008883242049361787
 1.2317E-02,0.0001979255891957221
 1.2352E-02,-0.0001281473073207375
 1.2387E-02,-9.951441078696608e-05
 1.2422E-02,0.0002573016018075345
 1.2457E-02,0.0009304270543386883
 1.2492E-02,0.0019180203736690123
 1.2527E-02,0.00319462721963099
 1.2562E-02,0.004691127345785622
 1.2597E-02,0.006314336138915014
 1.2632E-02,0.007984693652469285
 1.2667E-02,0.009649632779465353
 1.2703E-02,0.011260654474567387
 1.2738E-02,0.012746188998483544
 1.2773E-02,0.01401670676398591
 1.2808E-02,0.014998803198767584
 1.2843E-02,0.01565985505102779
 1.2878E-02,0.01599652852834573
 1.2913E-02,0.01600390556509344
 1.2948E-02,0.01566428557375782
 1.2983E-02,0.014969457392528333
 1.3018E-02,0.013948884456728693
 1.3053E-02,0.012668957318821913
 1.3089E-02,0.011203306820952316
 1.3124E-02,0.009608314178246655
 1.3159E-02,0.007930364099181023
 1.3194E-02,0.006232163670128577
 1.3229E-02,0.004602491994257199
 1.3264E-02,0.003134296470452933
 1.3299E-02,0.0018944308687114722
 1.3334E-02,0.0009180119147853143
 1.3369E-02,0.00023037577289225898
 1.3404E-02,-0.00013314120654705705
 1.3439E-02,-0.0001355139399182453
 1.3475E-02,0.0002346522701721745
 1.3510E-02,0.0009492688734966218
 1.3545E-02,0.0019567607399050275
 1.3580E-02,0.0032088727581625703
 1.3615E-02,0.0046674144808484756
 1.3650E-02,0.006285513808917914
 1.3685E-02,0.007989285329720621
 1.3720E-02,0.009685230545375633
 1.3755E-02,0.011287524967785288
 1.3790E-02,0.012735699363847903
 1.3825E-02,0.013985375551077615
 1.3861E-02,0.014987322046334474
 1.3896E-02,0.01568349900838773
 1.3931E-02,0.01602724270761168
 1.3966E-02,0.016004948774220488
 1.4001E-02,0.015634611422206304
 1.4036E-02,0.014944217910173254
 1.4071E-02,0.013956403405150556
 1.4106E-02,0.012696888786544276
 1.4141E-02,0.01121448558388236
 1.4176E-02,0.009586134010405376
 1.4211E-02,0.007898453308838007
 1.4247E-02,0.00622526100028868
 1.4282E-02,0.004624608512612694
 1.4317E-02,0.003154728049907187
 1.4352E-02,0.0018855699895826178
 1.4387E-02,0.0008885923132910521
 1.4422E-02,0.00021429968593056597
 1.4457E-02,-0.00011800130937560116
 1.4492E-02,-0.00010839163162093605
 1.4527E-02,0.00024134481402380344
 1.4562E-02,0.0009291506438985216
 1.4597E-02,0.001936535359855408
 1.4633E-02,0.0032154413932064547
 1.4668E-02,0.004695426647864849
 1.4703E-02,0.006304354170348117
 1.4738E-02,0.007980266993564467
 1.4773E-02,0.00966364316035607
 1.4808E-02,0.011283351382561911
 1.4843E-02,0.012757075055390903
 1.4878E-02,0.014009119286214247
 1.4913E-02,0.01498736256477067
 1.4948E-02,0.015662193514011928
 1.4983E-02,0.016011844673959146
 1.5019E-02,0.01601422642857741
 1.5054E-02,0.01565643231892289
 1.5089E-02,0.014950836382085761
 1.5124E-02,0.013938235253481148
 1.5159E-02,0.012673731358928122
 1.5194E-02,0.011211176463509998
 1.5229E-02,0.00960270398892285
 1.5264E-02,0.007910784369142455
 1.5299E-02,0.006214777166659937
 1.5334E-02,0.004600655052164912
 1.5369E-02,0.003142893282303035
 1.5405E-02,0.0018967302565217135
 1.5440E-02,0.0009062966186818889
 1.5475E-02,0.00021524279904946162
 1.5510E-02,-0.00013574507725476546
 1.5545E-02,-0.0001234670523704303
 1.5580E-02,0.0002474284431720894
 1.5615E-02,0.0009498448616178604
 1.5650E-02,0.0019486072028550522
 1.5685E-02,0.003207166344310838
 1.5720E-02,0.004680318928743761
 1.5755E-02,0.0063042439423606446
 1.5790E-02,0.00799872386295405
 1.5826E-02,0.009681911250730884
 1.5861E-02,0.01128321541913207
 1.5896E-02,0.012742592980023885
 1.5931E-02,0.014001109847185266
 1.5966E-02,0.014997864428640983
 1.6001E-02,0.015680059179125933
 1.6036E-02,0.016016571266601148
 1.6071E-02,0.01600077785095865
 1.6106E-02,0.015640948038971487
 1.6141E-02,0.014950771695102913
 1.6176E-02,0.013951384484693425
 1.6212E-02,0.01268139433830014
 1.6247E-02,0.011201125838482647
 1.6282E-02,0.009583887100139363
 1.6317E-02,0.007902255236254627
 1.6352E-02,0.006222729825884131
 1.6387E-02,0.0046114253686366105
 1.6422E-02,0.0031399806948044107
 1.6457E-02,0.0018808440108940376
 1.6492E-02,0.0008942640349413596
 1.6527E-02,0.00021955026658020203
 1.6562E-02,-0.0001217782485858018
 1.6598E-02,-0.00011719622482973089
 1.6633E-02,0.00023907249926987808
 1.6668E-02,0.0009384395030793773
 1.6703E-02,0.0019498743196404128
 1.6738E-02,0.0032219044498957043
 1.6773E-02,0.0046936503766921624
 1.6808E-02,0.0063036976282173016
 1.6843E-02,0.00798902206842619
 1.6878E-02,0.009678758348558626
 1.6913E-02,0.011294009015836836
 1.6948E-02,0.01275754107912037
 1.6984E-02,0.014005226337452291
 1.7019E-02,0.014988974842856306
 1.7054E-02,0.01567102989792842
 1.7089E-02,0.016019421501846494
 1.7124E-02,0.016012185480508402
 1.7159E-02,0.01564656331907478
 1.7194E-02,0.01494274157036209
 1.7229E-02,0.013937713127685268
 1.7264E-02,0.012676053873174036
 1.7299E-02,0.011207232392192963
 1.7334E-02,0.00959032613950678
 1.7370E-02,0.00789751202651885
 1.7405E-02,0.006208907879726893
 1.7440E-02,0.004601588317921553
 1.7475E-02,0.003142374233610118
 1.7510E-02,0.0018892433240067998
 1.7545E-02,0.0008959042479001636
 1.7580E-02,0.0002107184084064684
 1.7615E-02,-0.0001313956128077436
 1.7650E-02,-0.00011639116726130407
 1.7685E-02,0.0002495459563977586
 1.7720E-02,0.0009470102395639831
 1.7756E-02,0.0019482375797832158
 1.7791E-02,0.003214846058745278
 1.7826E-02,0.00469289994742292
 1.7861E-02,0.006313543415611782
 1.7896E-02,0.008001161139522197
 1.7931E-02,0.009682385251708406
 1.7966E-02,0.011288695745809962
 1.8001E-02,0.012753365306057978
 1.8036E-02,0.014010270782214543
 1.8071E-02,0.01499951175770847
 1.8106E-02,0.015676149611371676
 1.8142E-02,0.016014231766408035
 1.8177E-02,0.016003517831972656
 1.8212E-02,0.01564448321949879
 1.8247E-02,0.014948386395568303
 1.8282E-02,0.013942171085756086
 1.8317E-02,0.012671389209169428
 1.8352E-02,0.011196123515249734
 1.8387E-02,0.00958274932145759
 1.8422E-02,0.00789873878929651
 1.8457E-02,0.006213433623763805
 1.8492E-02,0.004600152963932636
 1.8528E-02,0.003133338954374671
 1.8563E-02,0.0018805469566840597
 1.8598E-02,0.0008954494687240593
 1.8633E-02,0.0002169876705200134
 1.8668E-02,-0.00012722973947455735
 1.8703E-02,-0.0001196511513833332
 1.8738E-02,0.00024337770574715806
 1.8773E-02,0.0009466317385510973
 1.8808E-02,0.0019559319724602423
 1.8843E-02,0.003223790316068937
 1.8878E-02,0.004695447011848713
 1.8914E-02,0.006310294770913239
 1.8949E-02,0.007999912585239084
 1.8984E-02,0.009688434510121713
 1.9019E-02,0.011298357368080488
 1.9054E-02,0.01275843234529221
 1.9089E-02,0.014007831491465757
 1.9124E-02,0.014995203969223003
 1.9159E-02,0.0156770825769424
 1.9194E-02,0.01602031814438529
 1.9229E-02,0.016007684239896985
 1.9264E-02,0.015641316868584186
 1.9300E-02,0.014940631100073574
 1.9335E-02,0.013937302221415293
 1.9370E-02,0.012672602801090635
 1.9405E-02,0.011198698354577897
 1.9440E-02,0.009580034702634329
 1.9475E-02,0.007890348516356433
 1.9510E-02,0.006205738135784315
 1.9545E-02,0.004598641133067005
 1.9580E-02,0.0031362033413322755
 1.9615E-02,0.001881167812808747
 1.9650E-02,0.0008905895491268983
 1.9685E-02,0.00021071986801843377
 1.9721E-02,-0.0001284921844304503
 1.9756E-02,-0.00011486059356092102
 1.9791E-02,0.00024877634703681316
 1.9826E-02,0.0009473639946637435
 1.9861E-02,0.0019531743554187303
 1.9896E-02,0.003223532112091257
 1.9931E-02,0.004701074810694678
 1.9966E-02,0.006318440568598999
 2.0001E-02,0.008004493449947374
 2.0036E-02,0.009687860119311267
 2.0071E-02,0.011297178209599192
 2.0107E-02,0.012761571123990675
 2.0142E-02,0.0140145011467875
 2.0177E-02,0.01499984278233054
 2.0212E-02,0.01567603775596851
 2.0247E-02,0.016016117509729387
 2.0282E-02,0.0160058109397055
 2.0317E-02,0.01564353200552615
 2.0352E-02,0.014942954781687327
 2.0387E-02,0.013934980214204187
 2.0422E-02,0.012665928283170622
 2.0457E-02,0.01119266276735654
 2.0493E-02,0.009578358511611432
 2.0528E-02,0.007891188712005023
 2.0563E-02,0.006204190134540653
 2.0598E-02,0.004592869758104173
 2.0633E-02,0.003129745704699838
 2.0668E-02,0.0018787178273781504
 2.0703E-02,0.0008924667825965229
 2.0738E-02,0.0002126916969894361
 2.0773E-02,-0.00012994365414297144
 2.0808E-02,-0.00011827700989082902
 2.0843E-02,0.00024798556640891423
 2.0879E-02,0.0009513188975288787
 2.0914E-02,0.001958976454401368
 2.0949E-02,0.0032267698060844847
 2.0984E-02,0.004701044122527682
 2.1019E-02,0.006318774695407241
 2.1054E-02,0.008008547689926641
 2.1089E-02,0.009694518850545642
 2.1124E-02,0.01130212453653213
 2.1159E-02,0.012762383925775033
 2.1194E-02,0.014013374225807744
 2.1229E-02,0.01500071182895715
 2.1265E-02,0.015679696867183606
 2.1300E-02,0.01601924935190986
 2.1335E-02,0.01600501724898823
 2.1370E-02,0.015639408687328254
 2.1405E-02,0.014939307624225157
 2.1440E-02,0.013934229745030351
 2.1475E-02,0.012666313300452505
 2.1510E-02,0.011190563543825596
 2.1545E-02,0.009572827682495682
 2.1580E-02,0.007885186214028042
 2.1615E-02,0.00620110341320533
 2.1651E-02,0.004592599837301437
 2.1686E-02,0.0031290660177155953
 2.1721E-02,0.0018753729621781075
 2.1756E-02,0.0008879965933494996
 2.1791E-02,0.00021060958794843522
 2.1826E-02,-0.0001283326353621308
 2.1861E-02,-0.00011534622583933334
 2.1896E-02,0.000249131130075197
 2.1931E-02,0.0009505696963984865
 2.1966E-02,0.0019592317015264885
 2.2001E-02,0.003230302973773509
 2.2037E-02,0.00470667007048003
 2.2072E-02,0.006323211355963504
 2.2107E-02,0.00801025245252707
 2.2142E-02,0.009695341374906907
 2.2177E-02,0.011304841787400337
 2.2212E-02,0.012767176591750109
 2.2247E-02,0.014017512716223585
 2.2282E-02,0.015001768163049349
 2.2317E-02,0.015678348668575648
 2.2352E-02,0.01601831539974216
 2.2387E-02,0.016005969547664787
 2.2423E-02,0.0156406148497893
 2.2458E-02,0.014938081790204909
 2.2493E-02,0.013930140585178464
 2.2528E-02,0.012661739321748007
 2.2563E-02,0.011187884321518956
 2.2598E-02,0.009571698554844923
 2.2633E-02,0.00788316618624312
 2.2668E-02,0.0061968004426274665
 2.2703E-02,0.0045874893101358494
 2.2738E-02,0.0031258185856620955
 2.2773E-02,0.001874771365448459
 2.2808E-02,0.0008881708789077497
 2.2844E-02,0.00020945273794163136
 2.2879E-02,-0.0001305455185234294
 2.2914E-02,-0.00011628994493239321
 2.2949E-02,0.00025100943624814076
 2.2984E-02,0.0009541818342871796
 2.3019E-02,0.001962159033275816
 2.3054E-02,0.0032316457546303703
 2.3089E-02,0.004707982208902367
 2.3124E-02,0.006326442785664038
 2.3159E-02,0.00801524214926747
 2.3194E-02,0.009699891559467856
 2.3230E-02,0.011307236709710558
 2.3265E-02,0.012768072061222584
 2.3300E-02,0.014018943867359477
 2.3335E-02,0.01500453698875385
 2.3370E-02,0.01568097501811504
 2.3405E-02,0.016018785130868112
 2.3440E-02,0.01600411974500499
 2.3475E-02,0.015638274252468148
 2.3510E-02,0.014936846709920733
 2.3545E-02,0.0139295130303766
 2.3580E-02,0.012659857192987147
 2.3616E-02,0.011183904701701016
 2.3651E-02,0.009566926109470401
 2.3686E-02,0.00787959136205246
 2.3721E-02,0.006194855710321596
 2.3756E-02,0.00458573106135266
 2.3791E-02,0.003122867120371709
 2.3826E-02,0.0018711203517332111
 2.3861E-02,0.0008856880847354363
 2.3896E-02,0.00020921678426772566
 2.3931E-02,-0.0001294417530175538
 2.3966E-02,-0.00011555639331224271
 2.4002E-02,0.000250947414716934
 2.4037E-02,0.0009546472038126773
 2.4072E-02,0.0019645418046317234
 2.4107E-02,0.003235645273598957
 2.4142E-02,0.004711890790691864
 2.4177E-02,0.0063290913945746605
 2.4212E-02,0.008017239925534596
 2.4247E-02,0.009702690567031075
 2.4282E-02,0.011311199794811157
 2.4317E-02,0.012771896129457836
 2.4352E-02,0.014021110782387488
 2.4388E-02,0.015005010143343961
 2.4423E-02,0.01568110085075123
 2.4458E-02,0.016019561237425917
 2.4493E-02,0.016004952260281802
 2.4528E-02,0.01563771144734291
 2.4563E-02,0.014934363934297836
 2.4598E-02,0.013926177545152494
 2.4633E-02,0.01265709513864242
 2.4668E-02,0.01118189144014084
 2.4703E-02,0.009564539421061582
 2.4738E-02,0.007875943353085411
 2.4774E-02,0.006190519824576191
 2.4809E-02,0.004582188626004471
 2.4844E-02,0.0031208707373766844
 2.4879E-02,0.0018699578339955829
 2.4914E-02,0.0008842048955284526
 2.4949E-02,0.00020732387929873228
 2.4984E-02,-0.00013060180159303277
 2.5019E-02,-0.00011495891196001955
 2.5054E-02,0.0002529960751347081
 2.5089E-02,0.0009568867869368272
 2.5124E-02,0.001966239044512778
 2.5160E-02,0.0032373778206345365
 2.5195E-02,0.004714710721571997
 2.5230E-02,0.006333113193530263
 2.5265E-02,0.00802136861577405
 2.5300E-02,0.009705799512081722
 2.5335E-02,0.011313318357745433
 2.5370E-02,0.012773985860148376
 2.5405E-02,0.014023736393153803
 2.5440E-02,0.015007534299224799
 2.5475E-02,0.015682366316387458
 2.5510E-02,0.016019212581659992
 2.5546E-02,0.01600379647045717
 2.5581E-02,0.015636706364842018
 2.5616E-02,0.014933482128677724
 2.5651E-02,0.013924514535410385
 2.5686E-02,0.012654062242544416
 2.5721E-02,0.011178030757586645
 2.5756E-02,0.009560984046063377
 2.5791E-02,0.00787319591430492
 2.5826E-02,0.006188026422882051
 2.5861E-02,0.004579195615375344
 2.5896E-02,0.0031174987702304417
 2.5932E-02,0.00186719037298591
 2.5967E-02,0.0008828222458065313
 2.6002E-02,0.00020708082699222676
 2.6037E-02,-0.0001305769282858284
 2.6072E-02,-0.00011505346819622112
 2.6107E-02,0.00025334939817612737
 2.6142E-02,0.0009584879614821266
 2.6177E-02,0.001969100378373489
 2.6212E-02,0.0032406401254053917
 2.6247E-02,0.004717580528641345
 2.6282E-02,0.0063356778439641725
 2.6318E-02,0.008024317989127156
 2.6353E-02,0.009709418884132077
 2.6388E-02,0.011316986155469843
 2.6423E-02,0.012776777049510211
 2.6458E-02,0.014025389394461062
 2.6493E-02,0.015008617063811605
 2.6528E-02,0.015683464623938156
 2.6563E-02,0.01602014297210742
 2.6598E-02,0.016003793961179125
 2.6633E-02,0.015635342211947432
 2.6668E-02,0.01493119212071808
 2.6703E-02,0.013922109761814004
 2.6739E-02,0.012651830841140634
 2.6774E-02,0.01117551648583346
 2.6809E-02,0.009557688180186753
 2.6844E-02,0.007869332026719566
 2.6879E-02,0.006184412594440187
 2.6914E-02,0.004576425568594941
 2.6949E-02,0.003115396852326721
 2.6984E-02,0.001865191967515436
 2.7019E-02,0.0008807953823115979
 2.7054E-02,0.00020558616936816165
 2.7089E-02,-0.0001308926453913297
 2.7125E-02,-0.0001141865315481908
 2.7160E-02,0.0002547844542206265
 2.7195E-02,0.0009599902537050131
 2.7230E-02,0.0019708279721560953
 2.7265E-02,0.0032431198713646875
 2.7300E-02,0.00472095276266326
 2.7335E-02,0.006339398693966869
 2.7370E-02,0.008027673487332255
 2.7405E-02,0.009712222333727892
 2.7440E-02,0.011319623468925372
 2.7475E-02,0.012779566655149892
 2.7511E-02,0.014028048356008528
 2.7546E-02,0.015010480101170632
 2.7581E-02,0.015684182324111364
 2.7616E-02,0.016020013589517924
 2.7651E-02,0.01600334094098818
 2.7686E-02,0.01563466423328729
 2.7721E-02,0.014929873358827011
 2.7756E-02,0.013919785306018746
 2.7791E-02,0.012648710340617214
 2.7826E-02,0.011172233274732487
 2.7861E-02,0.009554665254832055
 2.7897E-02,0.007866432070818507
 2.7932E-02,0.006181279879208539
 2.7967E-02,0.004573086204054919
 2.8002E-02,0.003112382826994186
 2.8037E-02,0.0018630432545284207
 2.8072E-02,0.0008795454462938055
 2.8107E-02,0.0002048435153337169
 2.8142E-02,-0.00013138279189843673
 2.8177E-02,-0.0001141893095481456
 2.8212E-02,0.00025571604312319015
 2.8247E-02,0.0009619537869863038
 2.8283E-02,0.0019734076947595437
 2.8318E-02,0.0032458112596627908
 2.8353E-02,0.004723656570003631
 2.8388E-02,0.006342394207735399
 2.8423E-02,0.008031120221798712
 2.8458E-02,0.0097158060513165
 2.8493E-02,0.011322776370700324
 2.8528E-02,0.012781992099691835
 2.8563E-02,0.014029919596064009
 2.8598E-02,0.015012087489380625
 2.8633E-02,0.015685471053701456
 2.8669E-02,0.016020575345171945
 2.8704E-02,0.01600286331859435
 2.8739E-02,0.015633289396334325
 2.8774E-02,0.014928036970857789
 2.8809E-02,0.013917739986773994
 2.8844E-02,0.012646311544958806
 2.8879E-02,0.011169235702296162
 2.8914E-02,0.009551157082091671
 2.8949E-02,0.007862875786824762
 2.8984E-02,0.00617811260341816
 2.9019E-02,0.004570362555333745
 2.9055E-02,0.003109881345639836
 2.9090E-02,0.0018606910637362357
 2.9125E-02,0.0008776371420513283
 2.9160E-02,0.00020378989363765997
 2.9195E-02,-0.0001314688437601675
 2.9230E-02,-0.00011357230286606234
 2.9265E-02,0.00025673536675666433
 2.9300E-02,0.0009633806261088003
 2.9335E-02,0.001975486098449747
 2.9370E-02,0.003248639552742796
 2.9405E-02,0.004726958032269901
 2.9441E-02,0.006345720364984802
 2.9476E-02,0.008034239225773879
 2.9511E-02,0.009718812037647115
 2.9546E-02,0.011325801400569524
 2.9581E-02,0.012784882890727906
 2.9616E-02,0.014032275799230831
 2.9651E-02,0.015013614421482118
 2.9686E-02,0.01568622161674349
 2.9721E-02,0.0160207971892801
 2.9756E-02,0.01600264717833432
 2.9791E-02,0.01563244821014231
 2.9826E-02,0.014926356901886121
 2.9862E-02,0.0139152923512283
 2.9897E-02,0.012643446678567677
 2.9932E-02,0.011166269392307306
 2.9967E-02,0.009548128546554019
 3.0002E-02,0.007859660723108383
 3.0037E-02,0.006174740810381153
 3.0072E-02,0.004567146571763662
 3.0107E-02,0.003107198324470665
 3.0142E-02,0.001858680527404372
 3.0177E-02,0.000876172987879122
 3.0212E-02,0.00020274834670197495
 3.0248E-02,-0.0001319786159257397
 3.0283E-02,-0.00011329476855249763
 3.0318E-02,0.0002579070509482906
 3.0353E-02,0.0009652594143348598
 3.0388E-02,0.001977767824506525
 3.0423E-02,0.0032511847549394632
 3.0458E-02,0.004729841699602499
 3.0493E-02,0.00634899977542883
 3.0528E-02,0.008037730982558751
 3.0563E-02,0.009722152964868683
 3.0598E-02,0.011328721280419113
 3.0634E-02,0.012787363863316826
 3.0669E-02,0.014034416215860376
 3.0704E-02,0.015015373850036344
 3.0739E-02,0.01568736217915037
 3.0774E-02,0.016021092418175294
 3.0809E-02,0.016002104867417818
 3.0844E-02,0.015631280928240877
 3.0879E-02,0.014924741766281918
 3.0914E-02,0.013913212831207613
 3.0949E-02,0.012640802622530577
 3.0984E-02,0.011163113305302121
 3.1020E-02,0.009544736189437273
 3.1055E-02,0.007856348821941826
 3.1090E-02,0.006171649939000709
 3.1125E-02,0.0045642438182866545
 3.1160E-02,0.003104484340227593
 3.1195E-02,0.001856340436135334
 3.1230E-02,0.0008744843646086439
 3.1265E-02,0.00020185627002209001
 3.1300E-02,-0.00013215112558492625
 3.1335E-02,-0.00011289988493450826
 3.1370E-02,0.0002588414873904749
 3.1406E-02,0.0009668405659405881
 3.1441E-02,0.0019800517986374106
 3.1476E-02,0.003254024001216764
 3.1511E-02,0.004732952341343456
 3.1546E-02,0.006352168301361587
 3.1581E-02,0.00804091490892762
 3.1616E-02,0.009725363457836481
 3.1651E-02,0.01133184071818112
 3.1686E-02,0.012790126479046425
 3.1721E-02,0.014036578791781891
 3.1756E-02,0.015016873698219935
 3.1792E-02,0.015688278428316098
 3.1827E-02,0.016021466180865678
 3.1862E-02,0.01600184125756241
 3.1897E-02,0.015630251213847226
 3.1932E-02,0.014922959049783547
 3.1967E-02,0.013910867400644882
 3.2002E-02,0.012638115156058498
 3.2037E-02,0.01116018278631361
 3.2072E-02,0.009541560625947432
 3.2107E-02,0.00785298407633819
 3.2142E-02,0.006168305917006572
 3.2178E-02,0.004561196580435476
 3.2213E-02,0.00310190651610208
 3.2248E-02,0.0018542483935890955
 3.2283E-02,0.0008728563609125941
 3.2318E-02,0.00020076995619803498
 3.2353E-02,-0.00013253233907925224
 3.2388E-02,-0.00011247552540644075
 3.2423E-02,0.0002600045920508606
 3.2458E-02,0.0009685720238375351
 3.2493E-02,0.0019822301813985158
 3.2528E-02,0.003256635378687746
 3.2564E-02,0.004735990284893354
 3.2599E-02,0.006355503950716931
 3.2634E-02,0.00804429997577133
 3.2669E-02,0.009728566519387716
 3.2704E-02,0.011334757297567962
 3.2739E-02,0.012792738404118957
 3.2774E-02,0.014038822049840293
 3.2809E-02,0.015018582339396222
 3.2844E-02,0.015689276228249276
 3.2879E-02,0.016021697395095427
 3.2914E-02,0.01600138582159232
 3.2950E-02,0.015629210724045876
 3.2985E-02,0.014921354171067183
 3.3020E-02,0.01390866902472563
 3.3055E-02,0.012635366547573799
 3.3090E-02,0.011157060046335607
 3.3125E-02,0.009538295147774926
 3.3160E-02,0.007849737329575578
 3.3195E-02,0.006165141456688621
 3.3230E-02,0.004558173598588018
 3.3265E-02,0.0030991724618022096
 3.3300E-02,0.0018520122020020304
 3.3335E-02,0.0008712704117783299
 3.3371E-02,0.000199858698396422
 3.3406E-02,-0.0001328172254520234
 3.3441E-02,-0.00011214606314035574
 3.3476E-02,0.0002610012662458463
 3.3511E-02,0.000970268505658018
 3.3546E-02,0.001984545555158424
 3.3581E-02,0.0032593885029357055
 3.3616E-02,0.004739005172512355
 3.3651E-02,0.006358683659346389
 3.3686E-02,0.008047586891081508
 3.3721E-02,0.00973184596819413
 3.3757E-02,0.01133782881658666
 3.3792E-02,0.01279539512712225
 3.3827E-02,0.01404094756271552
 3.3862E-02,0.0150201547332611
 3.3897E-02,0.015690282279483166
 3.3932E-02,0.016022066844587658
 3.3967E-02,0.016001027942220625
 3.4002E-02,0.015628109102201426
 3.4037E-02,0.01491960503121158
 3.4072E-02,0.013906417335501672
 3.4107E-02,0.012632716659679542
 3.4143E-02,0.011154065186113681
 3.4178E-02,0.009535031710774303
 3.4213E-02,0.007846366788369967
 3.4248E-02,0.006161878997000347
 3.4283E-02,0.004555196069455286
 3.4318E-02,0.0030965702928248007
 3.4353E-02,0.001849834937995033
 3.4388E-02,0.0008696024013938363
 3.4423E-02,0.00019882742932060484
 3.4458E-02,-0.0001331135412634424
 3.4493E-02,-0.00011170649016062843
 3.4529E-02,0.00026209622484355357
 3.4564E-02,0.0009719350883418589
 3.4599E-02,0.001986742884038214
 3.4634E-02,0.003262080333169771
 3.4669E-02,0.004742088824893544
 3.4704E-02,0.006361977291033915
 3.4739E-02,0.008050895213384344
 3.4774E-02,0.009735030515697886
 3.4809E-02,0.011340805386046985
 3.4844E-02,0.012798070343666318
 3.4879E-02,0.01404317930530196
 3.4915E-02,0.015021790150321101
 3.4950E-02,0.015691231831292975
 3.4985E-02,0.016022329289281538
 3.5020E-02,0.016000640782167154
 3.5055E-02,0.01562708785898491
 3.5090E-02,0.014917945303158032
 3.5125E-02,0.013904154918266801
 3.5160E-02,0.012629969769320308
 3.5195E-02,0.01115100464403561
 3.5230E-02,0.009531811577801632
 3.5265E-02,0.007843093772889331
 3.5301E-02,0.00615864984273265
 3.5336E-02,0.0045521492866354525
 3.5371E-02,0.0030938823988878486
 3.5406E-02,0.001847659786935537
 3.5441E-02,0.0008680210832299733
 3.5476E-02,0.00019786280608774282
 3.5511E-02,-0.0001334413994445313
 3.5546E-02,-0.00011135505754788512
 3.5581E-02,0.0002631551396422583
 3.5616E-02,0.0009736614048296362
 3.5651E-02,0.0019890232382142733
 3.5687E-02,0.0032647793737216983
 3.5722E-02,0.004745097778701918
 3.5757E-02,0.006365206522631528
 3.5792E-02,0.00805422695567259
 3.5827E-02,0.00973829623055838
 3.5862E-02,0.01134382167698948
 3.5897E-02,0.012800696324712688
 3.5932E-02,0.014045333095738338
 3.5967E-02,0.015023412142001919
 3.6002E-02,0.01569224588588898
 3.6037E-02,0.01602265338173651
 3.6073E-02,0.016000236751171317
 3.6108E-02,0.015625991681833342
 3.6143E-02,0.014916242522873411
 3.6178E-02,0.013901931102076088
 3.6213E-02,0.012627293787538732
 3.6248E-02,0.011147960423271467
 3.6283E-02,0.009528534106125449
 3.6318E-02,0.007839759991739303
 3.6353E-02,0.006155429651580271
 3.6388E-02,0.004549169260920561
 3.6423E-02,0.003091238216842869
 3.6459E-02,0.0018454541897276128
 3.6494E-02,0.000866374510982787
 3.6529E-02,0.00019687863357038967
 3.6564E-02,-0.00013371911846158844
 3.6599E-02,-0.00011094400008855709
 3.6634E-02,0.0002642128616154362
 3.6669E-02,0.0009753299298897151
 3.6704E-02,0.0019912612049444857
 3.6739E-02,0.0032675031736153276
 3.6774E-02,0.004748168319448682
 3.6809E-02,0.006368459953986837
 3.6845E-02,0.00805751753570357
 3.6880E-02,0.009741506317748398
 3.6915E-02,0.011346834745672375
 3.6950E-02,0.012803373578432758
 3.6985E-02,0.014047528869600204
 3.7020E-02,0.015025015363154775
 3.7055E-02,0.015693202976626953
 3.7090E-02,0.016022950219911243
 3.7125E-02,0.015999865800773217
 3.7160E-02,0.015624946292600316
 3.7195E-02,0.01491454530421814
 3.7230E-02,0.013899660605167117
 3.7266E-02,0.012624575065874319
 3.7301E-02,0.011144927875216674
 3.7336E-02,0.009525306938564019
 3.7371E-02,0.007836453561887577
 3.7406E-02,0.006152181532222476
 3.7441E-02,0.004546141181963114
 3.7476E-02,0.0030885847481598116
 3.7511E-02,0.0018432893745804122
 3.7546E-02,0.0008647699134794998
 3.7581E-02,0.00019588855986853268
 3.7616E-02,-0.00013404097401039408
 3.7652E-02,-0.00011055988514711998
 3.7687E-02,0.00026529439629098105
 3.7722E-02,0.0009770447942367426
 3.7757E-02,0.0019935132050339695
 3.7792E-02,0.003270193671654093
 3.7827E-02,0.004751200155397273
 3.7862E-02,0.006371716506613409
 3.7897E-02,0.008060848670458901
 3.7932E-02,0.009744744755144119
 3.7967E-02,0.011349829741814896
 3.8002E-02,0.012806008378746894
 3.8038E-02,0.014049708417479212
 3.8073E-02,0.015026646303876305
 3.8108E-02,0.01569419600380108
 3.8143E-02,0.016023246239340882
 3.8178E-02,0.015999457440244655
 3.8213E-02,0.015623871096075891
 3.8248E-02,0.014912860043930283
 3.8283E-02,0.013897427144368247
 3.8318E-02,0.012621872161635498
 3.8353E-02,0.01114187040706939
 3.8388E-02,0.009522044304435068
 3.8424E-02,0.007833143655850633
 3.8459E-02,0.006148965408229688
 3.8494E-02,0.004543141661893163
 3.8529E-02,0.003085922782873397
 3.8564E-02,0.001841090939378909
 3.8599E-02,0.0008631486844455152
 3.8634E-02,0.00019491982499332322
 3.8669E-02,-0.00013432848124738018
 3.8704E-02,-0.00011016839672179773
 3.8739E-02,0.0002663496189231811
 3.8774E-02,0.0009787335004290277
 3.8810E-02,0.0019957719893587533
 3.8845E-02,0.003272916194252972
 3.8880E-02,0.004754251139403881
 3.8915E-02,0.006374957229459867
 3.8950E-02,0.008064149111349148
 3.8985E-02,0.0097479748605355
 3.9020E-02,0.011352847973576224
 3.9055E-02,0.012808668712746921
 3.9090E-02,0.014051884116138422
 3.9125E-02,0.015028248126236666
 3.9160E-02,0.01569516888246896
 3.9196E-02,0.016023553656358356
 3.9231E-02,0.015999076088652413
 3.9266E-02,0.01562280414933928
 3.9301E-02,0.01491115329087847
 3.9336E-02,0.013895167622861467
 3.9371E-02,0.012619168947085839
 3.9406E-02,0.01113883730899321
 3.9441E-02,0.009518800273128456
 3.9476E-02,0.00782982404342197
 3.9511E-02,0.006145723577183715
 3.9546E-02,0.004540132034374363
 3.9582E-02,0.0030832787813368494
 3.9617E-02,0.0018389172808912014
 3.9652E-02,0.0008615302968195055
 3.9687E-02,0.0001939304140233818
 3.9722E-02,-0.00013463334557791096
 3.9757E-02,-0.00010976861558526261
 3.9792E-02,0.0002674298083345081
 3.9827E-02,0.000980434957901904
 3.9862E-02,0.001998017584842339
 3.9897E-02,0.00327561713699359
 3.9932E-02,0.004757299162218713
 3.9968E-02,0.006378217371700247
 4.0003E-02,0.008067467815931217
 4.0038E-02,0.009751200111489366
 4.0073E-02,0.011355844222993374
 4.0108E-02,0.012811316090308437
 4.0143E-02,0.014054070337301787
 4.0178E-02,0.015029869608182004
 4.0213E-02,0.01569614534884388
 4.0248E-02,0.016023843139700362
 4.0283E-02,0.01599867578741314
 4.0318E-02,0.015621738529691643
 4.0354E-02,0.014909464652118096
 4.0389E-02,0.013892919532130694
 4.0424E-02,0.01261645575703452
 4.0459E-02,0.011135784423456392
 4.0494E-02,0.009515550073774082
 4.0529E-02,0.007826518741050541
 4.0564E-02,0.006142498947879023
 4.0599E-02,0.004537122142941764
 4.0634E-02,0.0030806184366980183
 4.0669E-02,0.0018367321607844036
 4.0704E-02,0.0008599202069743059
 4.0739E-02,0.00019296005748481774
 4.0775E-02,-0.00013493000783828326
 4.0810E-02,-0.00010937952990930629
 4.0845E-02,0.00026849522784664324
 4.0880E-02,0.000982136890091617
 4.0915E-02,0.0020002793388953027
 4.0950E-02,0.003278331301119014
 4.0985E-02,0.004760342527438441
 4.1020E-02,0.0063814615573654365
 4.1055E-02,0.008070778968354935
 4.1090E-02,0.009754435056522816
 4.1125E-02,0.011358854994844104
 4.1161E-02,0.012813964548674029
 4.1196E-02,0.014056242207489855
 4.1231E-02,0.015031477682518817
 4.1266E-02,0.0156971240460495
 4.1301E-02,0.016024145922617836
 4.1336E-02,0.01599828200121783
 4.1371E-02,0.015620663342576542
 4.1406E-02,0.01490776069145642
 4.1441E-02,0.01389066753199765
 4.1476E-02,0.012613753333832847
 4.1511E-02,0.01113274276913507
 4.1547E-02,0.009512297396699823
 4.1582E-02,0.00782320018825359
 4.1617E-02,0.006139266451114285
 4.1652E-02,0.004534119430812476
 4.1687E-02,0.003077972000636845
 4.1722E-02,0.0018345517395633364
 4.1757E-02,0.0008583013251969466
 4.1792E-02,0.00019197963429317462
 4.1827E-02,-0.00013522439420014988
 4.1862E-02,-0.00010897726481560347
 4.1897E-02,0.00026957022047330515
 4.1933E-02,0.000983834855931613
 4.1968E-02,0.0020025300023853495
 4.2003E-02,0.003281041893771754
 4.2038E-02,0.004763394885047965
 4.2073E-02,0.006384716848024764
 4.2108E-02,0.008074090261105338
 4.2143E-02,0.009757659241162868
 4.2178E-02,0.011361856953299498
 4.2213E-02,0.012816616060869099
 4.2248E-02,0.014058424150390936
 4.2283E-02,0.015033089423069131
 4.2319E-02,0.01569809438933829
 4.2354E-02,0.016024437174650623
 4.2389E-02,0.015997885918655842
 4.2424E-02,0.015619596129368713
 4.2459E-02,0.014906063702822764
 4.2494E-02,0.013888411815852906
 4.2529E-02,0.01261104008321293
 4.2564E-02,0.011129695474051054
 4.2599E-02,0.00950905034254186
 4.2634E-02,0.007819891232316783
 4.2669E-02,0.006136035938370803
 4.2705E-02,0.004531109228188416
 4.2740E-02,0.00307531847331427
 4.2775E-02,0.0018323740840843282
 4.2810E-02,0.000856692710281216
 4.2845E-02,0.00019100584573396675
 4.2880E-02,-0.0001355221808629237
 4.2915E-02,-0.0001085825815846659
 4.2950E-02,0.00027064419372248283
 4.2985E-02,0.0009855409172059364
 4.3020E-02,0.002004789281996373
 4.3055E-02,0.0032837523919286276
 4.3091E-02,0.004766439627817931
 4.3126E-02,0.006387966921950077
 4.3161E-02,0.008077405244192098
 4.3196E-02,0.009760891356682476
 4.3231E-02,0.011364861094140111
 4.3266E-02,0.012819260839621243
 4.3301E-02,0.014060597791157075
 4.3336E-02,0.015034700131060216
 4.3371E-02,0.015699070685441657
 4.3406E-02,0.016024732557382102
 4.3441E-02,0.01599748566157241
 4.3477E-02,0.015618520096369791
 4.3512E-02,0.014904362496054521
 4.3547E-02,0.01388616013454111
 4.3582E-02,0.012608332963419022
 4.3617E-02,0.011126648110125745
 4.3652E-02,0.009505796648683347
 4.3687E-02,0.007816576919081417
 4.3722E-02,0.006132807819057871
 4.3757E-02,0.004528106505510382
 4.3792E-02,0.0030726691013879216
 4.3827E-02,0.0018301933061337407
 4.3862E-02,0.0008550788113673125
 4.3898E-02,0.00019003240017314118
 4.3933E-02,-0.00013581301377427294
 4.3968E-02,-0.00010818125576898317
 4.4003E-02,0.00027171808945812006
 4.4038E-02,0.0009872419060650305
 4.4073E-02,0.0020070460404008677
 4.4108E-02,0.003286467034864543
 4.4143E-02,0.004769490943230313
 4.4178E-02,0.006391218640084514
 4.4213E-02,0.00808071535296356
 4.4248E-02,0.009764118031218226
 4.4284E-02,0.011367865403592312
 4.4319E-02,0.012821910379819609
 4.4354E-02,0.014062773983313508
 4.4389E-02,0.0150363069414069
 4.4424E-02,0.015700040056555235
 4.4459E-02,0.01602502484799439
 4.4494E-02,0.015997088180972546
 4.4529E-02,0.015617447643493728
 4.4564E-02,0.014902659824327967
 4.4599E-02,0.013883902429995713
 4.4634E-02,0.012605621420119907
 4.4670E-02,0.011123602271155678
 4.4705E-02,0.009502547816485735
 4.4740E-02,0.007813264551948038
 4.4775E-02,0.006129576448326362
 4.4810E-02,0.004525099678454813
 4.4845E-02,0.003070020361677234
 4.4880E-02,0.001828017958075227
 4.4915E-02,0.0008534696786043595
 4.4950E-02,0.00018905870410741027
 4.4985E-02,-0.00013610721209686205
 4.5020E-02,-0.00010778074007048049
 4.5056E-02,0.0002727962061173186
 4.5091E-02,0.0009889484537673673
 4.5126E-02,0.0020093043387910247
 4.5161E-02,0.0032891785923934978
 4.5196E-02,0.004772539268013577
 4.5231E-02,0.0063944716816752055
 4.5266E-02,0.008084029729271752
 4.5301E-02,0.009767346712329004
 4.5336E-02,0.011370866761732977
 4.5371E-02,0.012824555027608217
 4.5406E-02,0.014064948349942567
 4.5442E-02,0.015037915965932094
 4.5477E-02,0.01570101158716048
 4.5512E-02,0.01602531517698996
 4.5547E-02,0.01599668553639004
 4.5582E-02,0.015616371582169072
 4.5617E-02,0.014900957955959308
 4.5652E-02,0.013881647564303191
 4.5687E-02,0.012602910173281471
 4.5722E-02,0.011120553011309625
 4.5757E-02,0.009499295452005306
 4.5792E-02,0.007809952513660578
 4.5828E-02,0.0061263488348519985
 4.5863E-02,0.004522095813857636
 4.5898E-02,0.00306737091931305
 4.5933E-02,0.00182584011599239
 4.5968E-02,0.0008518604821007009
 4.6003E-02,0.00018808876875518136
 4.6038E-02,-0.0001363969320266167
 4.6073E-02,-0.00010737887084930838
 4.6108E-02,0.0002738725380884109
 4.6143E-02,0.0009906537604137545
 4.6178E-02,0.002011564748846751
 4.6214E-02,0.003291894135493207
 4.6249E-02,0.004775589505372742
 4.6284E-02,0.006397722906265632
 4.6319E-02,0.00808734110872279
 4.6354E-02,0.009770574804035806
 4.6389E-02,0.01137387022812064
 4.6424E-02,0.01282720121191661
 4.6459E-02,0.014067120891093673
 4.6494E-02,0.015039520880102214
 4.6529E-02,0.01570198034008508
 4.6564E-02,0.016025605871897747
 4.6600E-02,0.015996284331457725
 4.6635E-02,0.015615294726596963
 4.6670E-02,0.014899252588478441
 4.6705E-02,0.013879389429754974
 4.6740E-02,0.01260019868219172
 4.6775E-02,0.011117505876789346
 4.6810E-02,0.009496044380134534
 4.6845E-02,0.007806639118810794
 4.6880E-02,0.006123118951746385
 4.6915E-02,0.004519091889155859
 4.6950E-02,0.0030647243359579602
 4.6986E-02,0.0018236655188707178
 4.7021E-02,0.0008502522133883371
 4.7056E-02,0.00018711777022366424
 4.7091E-02,-0.00013668686898564062
 4.7126E-02,-0.00010697455403648548
 4.7161E-02,0.0002749525502092132
 4.7196E-02,0.000992361019460581
 4.7231E-02,0.0020138244199266854
 4.7266E-02,0.003294608337583625
 4.7301E-02,0.004778640315428057
 4.7336E-02,0.006400976487340467
 4.7371E-02,0.008090654039672102
 4.7407E-02,0.009773801747641156
 4.7442E-02,0.01137687091167526
 4.7477E-02,0.012829845674652124
 4.7512E-02,0.014069293850275279
 4.7547E-02,0.015041126591504982
 4.7582E-02,0.015702947901365463
 4.7617E-02,0.016025893332994718
 4.7652E-02,0.015995880191954213
 4.7687E-02,0.015614217171235852
 4.7722E-02,0.014897548034076185
 4.7757E-02,0.013877131233334552
 4.7793E-02,0.01259748516855928
 4.7828E-02,0.011114456303613338
 4.7863E-02,0.00949279275286267
 4.7898E-02,0.007803327351540285
 4.7933E-02,0.006119890876069246
 4.7968E-02,0.0045160881034160185
 4.8003E-02,0.003062076733031345
 4.8038E-02,0.001821490919074021
 4.8073E-02,0.0008486461083765433
 4.8108E-02,0.0001861498148458524
 4.8143E-02,-0.00013697506746386821
 4.8179E-02,-0.00010657030673221674
 4.8214E-02,0.00027603236219238833
 4.8249E-02,0.0009940696749021448
 4.8284E-02,0.002016086719261805
 4.8319E-02,0.0032973243674044236
 4.8354E-02,0.004781690880683755
 4.8389E-02,0.006404228712755046
 4.8424E-02,0.008093966468683326
 4.8459E-02,0.009777029614006665
 4.8494E-02,0.011379872464875011
 4.8529E-02,0.012832489264543034
 4.8565E-02,0.014071464359161689
 4.8600E-02,0.015042730097641822
 4.8635E-02,0.01570391480549238
 4.8670E-02,0.016026180971694164
 4.8705E-02,0.015995475301851133
 4.8740E-02,0.015613137336100489
 4.8775E-02,0.014895840996919103
 4.8810E-02,0.013874872031201298
 4.8845E-02,0.01259477218948444
 4.8880E-02,0.011111407260494387
 4.8915E-02,0.009489540430247525
 4.8951E-02,0.007800014253921881
 4.8986E-02,0.0061166624998399855
 4.9021E-02,0.00451308575955367
 4.9056E-02,0.0030594312231754612
 4.9091E-02,0.0018193174899450086
 4.9126E-02,0.0008470400558110553
 4.9161E-02,0.00018518212927331025
 4.9196E-02,-0.00013726160958374672
 4.9231E-02,-0.00010616348016329619
 4.9266E-02,0.00027711410435979095
 4.9301E-02,0.000995778776311516
 4.9337E-02,0.0020183488055138497
 4.9372E-02,0.0033000409251085537
 4.9407E-02,0.004784742945186784
 4.9442E-02,0.006407482178998449
 4.9477E-02,0.00809727867367687
 4.9512E-02,0.009780256045912136
 4.9547E-02,0.011382872752795627
 4.9582E-02,0.012835132595551565
 4.9617E-02,0.014073634944428213
 4.9652E-02,0.015044332717575997
 4.9687E-02,0.015704879563612165
 4.9723E-02,0.016026466304414715
 4.9758E-02,0.0159950691550692
 4.9793E-02,0.015612057223228315
 4.9828E-02,0.014894133491346707
 4.9863E-02,0.013872611396756093
 4.9898E-02,0.012592057417354363
 4.9933E-02,0.011108357337417007
 4.9968E-02,0.009486288577651847
 5.0003E-02,0.007796702095735433
 5.0038E-02,0.00611343443496681
 5.0073E-02,0.0045100831073234034
 5.0109E-02,0.0030567858495636506
 5.0144E-02,0.0018171454303769713
 5.0179E-02,0.0008454361354827981
 5.0214E-02,0.00018421614901267423
 5.0249E-02,-0.0001375473977284698
 5.0284E-02,-0.0001057561609032178
 5.0319E-02,0.00027819705807552946
 5.0354E-02,0.000997489825782126
 5.0389E-02,0.0020206125658417977
 5.0424E-02,0.0033027580218377883
 5.0459E-02,0.00478779468371689
 5.0495E-02,0.006410735467653234
 5.0530E-02,0.008100591345729918
 5.0565E-02,0.009783482970699201
 5.0600E-02,0.011385872595481066
 5.0635E-02,0.012837774416918522
 5.0670E-02,0.014075803830319675
 5.0705E-02,0.015045934291702399
 5.0740E-02,0.015705843779311446
 5.0775E-02,0.016026750716676065
 5.0810E-02,0.01599466123915335
 5.0845E-02,0.01561097505868476
 5.0880E-02,0.014892424619100817
 5.0916E-02,0.013870350341852432
 5.0951E-02,0.012589342486025114
 5.0986E-02,0.011105306780092309
 5.1021E-02,0.009483035754287482
 5.1056E-02,0.007793389484906159
 5.1091E-02,0.006110206976367907
 5.1126E-02,0.004507081703013278
 5.1161E-02,0.0030541414975488916
 5.1196E-02,0.0018149738717550584
 5.1231E-02,0.0008438327750340923
 5.1266E-02,0.0001832514741174178
 5.1302E-02,-0.00013783122857599926
 5.1337E-02,-0.00010534704231661036
 5.1372E-02,0.000279281047061202
 5.1407E-02,0.0009992013998413045
 5.1442E-02,0.002022877064910524
 5.1477E-02,0.003305476327636045
 5.1512E-02,0.004790847541133891
 5.1547E-02,0.006413989059816539
 5.1582E-02,0.008103903464803967
 5.1617E-02,0.009786709151001393
 5.1652E-02,0.01138887206001804
 5.1688E-02,0.012840416024470256
 5.1723E-02,0.014077971993570509
 5.1758E-02,0.015047534351568517
 5.1793E-02,0.015706806180336468
 5.1828E-02,0.016027033731004992
 5.1863E-02,0.015994252482398198
 5.1898E-02,0.015609892085115144
 5.1933E-02,0.014890714492509245
 5.1968E-02,0.013868087795392172
 5.2003E-02,0.012586626512145344
 5.2038E-02,0.011102256007259493
 5.2074E-02,0.009479783203122929
 5.2109E-02,0.00779007702721629
 5.2144E-02,0.006106979425528539
 5.2179E-02,0.004504080454806564
 5.2214E-02,0.003051498040758359
 5.2249E-02,0.0018128038160922307
 5.2284E-02,0.0008422309015455556
 5.2319E-02,0.0001822878623202888
 5.2354E-02,-0.0001381141868179628
 5.2389E-02,-0.00010493672675876459
 5.2424E-02,0.000280366661031959
 5.2460E-02,0.0010009145360666489
 5.2495E-02,0.002025142516358828
 5.2530E-02,0.003308194973348854
 5.2565E-02,0.004793900609732267
 5.2600E-02,0.006417243074038967
 5.2635E-02,0.00810721598102736
 5.2670E-02,0.009789935175727703
 5.2705E-02,0.011391870639189682
 5.2740E-02,0.012843056411939417
 5.2775E-02,0.014080139111229139
 5.2810E-02,0.01504913359044527
 5.2846E-02,0.015707767577899594
 5.2881E-02,0.016027315255287066
 5.2916E-02,0.015993841977524997
 5.2951E-02,0.015608807648540751
 5.2986E-02,0.014889003453490026
 5.3021E-02,0.013865824626153383
 5.3056E-02,0.012583909801632032
 5.3091E-02,0.011099204376202067
 5.3126E-02,0.009476530099963375
 5.3161E-02,0.007786764689770577
 5.3196E-02,0.006103752545639429
 5.3232E-02,0.004501079974556413
 5.3267E-02,0.0030488552000334504
 5.3302E-02,0.001810634445803462
 5.3337E-02,0.0008406301561683467
 5.3372E-02,0.00018132584259163349
 5.3407E-02,-0.00013839549863946688
 5.3442E-02,-0.00010452511574522389
 5.3477E-02,0.0002814532363397691
 5.3512E-02,0.001002628640492167
 5.3547E-02,0.002027409126068201
 5.3582E-02,0.003310914717107228
 5.3618E-02,0.004796954292454341
 5.3653E-02,0.006420497095434665
 5.3688E-02,0.008110528190364324
 5.3723E-02,0.00979316091486001
 5.3758E-02,0.011394868929643198
 5.3793E-02,0.012845696176543558
 5.3828E-02,0.014082305068500429
 5.3863E-02,0.015050731339169838
 5.3898E-02,0.015708727567478074
 5.3933E-02,0.01602759562983266
 5.3968E-02,0.015993430380248242
 5.4004E-02,0.01560772191725889
 5.4039E-02,0.014887290980978456
 5.4074E-02,0.013863560252778497
 5.4109E-02,0.01258119239845675
 5.4144E-02,0.011096152472705702
 5.4179E-02,0.00947327683715306
 5.4214E-02,0.007783452183085635
 5.4249E-02,0.006100525705756666
 5.4284E-02,0.00449808003200792
 5.4319E-02,0.0030462133892080762
 5.4354E-02,0.0018084662823811678
 5.4390E-02,0.0008390305141755089
 5.4425E-02,0.00018036486170068663
 5.4460E-02,-0.00013867559134822158
 5.4495E-02,-0.0001041120187362531
 5.4530E-02,0.0002825413239481388
 5.4565E-02,0.0010043439438894416
 5.4600E-02,0.002029676528098378
 5.4635E-02,0.0033136350476380555
 5.4670E-02,0.004800008553924431
 5.4705E-02,0.006423751604991304
 5.4740E-02,0.00811384051343001
 5.4775E-02,0.00979638624113402
 5.4811E-02,0.011397866441995278
 5.4846E-02,0.012848335087833692
 5.4881E-02,0.014084470193770106
 5.4916E-02,0.015052328109908177
 5.4951E-02,0.01570968626082567
 5.4986E-02,0.016027874479879255
 5.5021E-02,0.015993017333630257
 5.5056E-02,0.015606635026616163
 5.5091E-02,0.014885577576084543
 5.5126E-02,0.013861294979125844
 5.5161E-02,0.012578474095753136
 5.5197E-02,0.011093099886330976
 5.5232E-02,0.009470023344918962
 5.5267E-02,0.007780139899062531
 5.5302E-02,0.006097299320413218
 5.5337E-02,0.004495080604424148
 5.5372E-02,0.0030435722200617887
 5.5407E-02,0.0018062990769806713
 5.5442E-02,0.0008374321871491682
 5.5477E-02,0.00017940534668178668
 5.5512E-02,-0.00013895432729514568
 5.5547E-02,-0.00010369774011970552
 5.5583E-02,0.0002836305529826381
 5.5618E-02,0.001006060450195926
 5.5653E-02,0.002031945077161048
 5.5688E-02,0.0033163562205301145
 5.5723E-02,0.004803063225258148
 5.5758E-02,0.006427006197595806
 5.5793E-02,0.008117152773830629
 5.5828E-02,0.009799611383841354
 5.5863E-02,0.011400863493832944
 5.5898E-02,0.012850973132383817
 5.5933E-02,0.014086634128125396
 5.5969E-02,0.015053923597530957
 5.6004E-02,0.015710643730770583
 5.6039E-02,0.01602815211754906
 5.6074E-02,0.01599260296528342
 5.6109E-02,0.015605546727815382
 5.6144E-02,0.014883862880222677
 5.6179E-02,0.013859028731792233
 5.6214E-02,0.01257575515111305
 5.6249E-02,0.011090046855046798
 5.6284E-02,0.00946676952529572
 5.6319E-02,0.007776827501887369
 5.6355E-02,0.006094073201882507
 5.6390E-02,0.00449208185630195
 5.6425E-02,0.003040931990615543
 5.6460E-02,0.0018041328918927632
 5.6495E-02,0.0008358349289300781
 5.6530E-02,0.00017844704735185636
 5.6565E-02,-0.0001392316534784773
 5.6600E-02,-0.00010328198354277963
 5.6635E-02,0.00028472111517439133
 5.6670E-02,0.0010077780339812648
 5.6705E-02,0.002034214505043423
 5.6741E-02,0.0033190781674692156
 5.6776E-02,0.004806118532972088
 5.6811E-02,0.0064302611325212766
 5.6846E-02,0.00812046496710703
 5.6881E-02,0.009802836101107356
 5.6916E-02,0.011403859916486691
 5.6951E-02,0.012853610430052552
 5.6986E-02,0.014088797142896832
 5.7021E-02,0.015055517907639412
 5.7056E-02,0.015711599804922073
 5.7091E-02,0.016028428315236643
 5.7127E-02,0.015992187274457368
 5.7162E-02,0.015604457247299171
 5.7197E-02,0.014882147071291794
 5.7232E-02,0.013856761426200867
 5.7267E-02,0.012573035321551114
 5.7302E-02,0.011086993267663561
 5.7337E-02,0.00946351552219515
 5.7372E-02,0.007773515202353784
 5.7407E-02,0.006090847361203486
 5.7442E-02,0.004489083576130421
 5.7477E-02,0.003038292510122825
 5.7513E-02,0.0018019677686996912
 5.7548E-02,0.0008342389401878687
 5.7583E-02,0.00017749006036376378
 5.7618E-02,-0.00013950770919339615
 5.7653E-02,-0.0001028649685653831
 5.7688E-02,0.00028581296160076975
 5.7723E-02,0.0010094968601232928
 5.7758E-02,0.002036484979045825
 5.7793E-02,0.0033218008520931553
 5.7828E-02,0.004809174283930388
 5.7863E-02,0.0064335162979868655
 5.7898E-02,0.008123777201614845
 5.7934E-02,0.009806060595910123
 5.7969E-02,0.011406855774156656
 5.8004E-02,0.012856246847873686
 5.8039E-02,0.014090959091091168
 5.8074E-02,0.015057111078482555
 5.8109E-02,0.015712554682155943
 5.8144E-02,0.016028703218422122
 5.8179E-02,0.015991770211151623
 5.8214E-02,0.015603366438375893
 5.8249E-02,0.01488043012083654
 5.8284E-02,0.013854493221374747
 5.8320E-02,0.012570314796388038
 5.8355E-02,0.01108393915361646
 5.8390E-02,0.009460261210980835
 5.8425E-02,0.007770202911796986
 5.8460E-02,0.00608762188693655
 5.8495E-02,0.004486085952815948
 5.8530E-02,0.0030356538693553743
 5.8565E-02,0.0017998036204832904
 5.8600E-02,0.0008326440880692919
 5.8635E-02,0.00017653438647057343
 5.8670E-02,-0.00013978235000706106
 5.8706E-02,-0.00010244657513308698
 5.8741E-02,0.00028690604732730957
 5.8776E-02,0.0010112167740660258
 5.8811E-02,0.00203875641580666
 5.8846E-02,0.003324524348868125
 5.8881E-02,0.004812230601284342
 5.8916E-02,0.0064367716966967255
 5.8951E-02,0.008127089335554269
 5.8986E-02,0.009809284729132922
 5.9021E-02,0.011409851068378862
 5.9056E-02,0.012858882491225706
 5.9092E-02,0.014093120018510466
 5.9127E-02,0.01505870300576175
 5.9162E-02,0.015713508198135384
 5.9197E-02,0.01602897676163174
 5.9232E-02,0.015991351844556186
 5.9267E-02,0.015602274377955472
 5.9302E-02,0.014878711980822022
 5.9337E-02,0.013852223966308834
 5.9372E-02,0.012567593468865754
 5.9407E-02,0.01108088454343228
 5.9442E-02,0.009457006687917413
 5.9478E-02,0.007766890646168467
 5.9513E-02,0.006084396671859635
 5.9548E-02,0.004483088866080353
 5.9583E-02,0.0030330160628434443
 5.9618E-02,0.0017976405484066114
 5.9653E-02,0.0008310504490969808
 5.9688E-02,0.00017557998355479613
 5.9723E-02,-0.00014005568150882213
 5.9758E-02,-0.00010202683797352706
 5.9793E-02,0.00028800045834431016
 5.9828E-02,0.0010129378890687774
 5.9864E-02,0.0020410288337952423
 5.9899E-02,0.003327248577422652
 5.9934E-02,0.004815287421536459
 5.9969E-02,0.00644002737545582
 6.0004E-02,0.008130401485091985
 6.0039E-02,0.009812508562992237
 6.0074E-02,0.011412845751819412
 6.0109E-02,0.012861517280726327
 6.0144E-02,0.014095279928153357
 6.0179E-02,0.015060293787477445
 6.0214E-02,0.015714460443295993
 6.0250E-02,0.016029248935349304
 6.0285E-02,0.015990932093401147
 6.0320E-02,0.015601181024895732
 6.0355E-02,0.014876992709135412
 6.0390E-02,0.013849953754074065
 6.0425E-02,0.01256487136024743
 6.0460E-02,0.011077829366089953
 6.0495E-02,0.009453751878533376
 6.0530E-02,0.0077635784163674676
 6.0565E-02,0.006081171794136204
 6.0600E-02,0.004480092360348699
 6.0636E-02,0.003030379040570765
 6.0671E-02,0.0017954784599392034
 6.0706E-02,0.0008294579882838622
 6.0741E-02,0.00017462690160062661
 6.0776E-02,-0.00014032764466874193
 6.0811E-02,-0.00010160577408187145
 6.0846E-02,0.0002890961104829702
 6.0881E-02,0.001014660144608812
 6.0916E-02,0.002043302258551833
 6.0951E-02,0.00332997360938968
 6.0986E-02,0.00481834477055991
 6.1022E-02,0.006443283282240979
 6.1057E-02,0.008133713585191993
 6.1092E-02,0.009815732101137148
 6.1127E-02,0.011415839896572546
 6.1162E-02,0.012864151276752847
 6.1197E-02,0.014097438806783394
 6.1232E-02,0.015061883367428884
 6.1267E-02,0.015715411402961482
 6.1302E-02,0.016029519802046865
 6.1337E-02,0.015990511042180612
 6.1372E-02,0.015600086407820393
 6.1407E-02,0.014875272271633442
 6.1443E-02,0.013847682558064857
 6.1478E-02,0.0125621485121477
 6.1513E-02,0.011074773709288693
 6.1548E-02,0.009450496839630538
 6.1583E-02,0.007760266209918682
 6.1618E-02,0.006077947217112604
 6.1653E-02,0.004477096446887157
 6.1688E-02,0.0030277428730603067
 6.1723E-02,0.0017933174225351007
 6.1758E-02,0.0008278667099427494
 6.1793E-02,0.00017367509553509728
 6.1829E-02,-0.00014059826500620353
 6.1864E-02,-0.00010118334972754147
 6.1899E-02,0.00029019305993198137
 6.1934E-02,0.0010163835517948629
 6.1969E-02,0.002045576639765111
 6.2004E-02,0.0033326993866527907
 6.2039E-02,0.0048214026403286744
 6.2074E-02,0.0064465394520022675
 6.2109E-02,0.008137025651921603
 6.2144E-02,0.00981895530001158
 6.2179E-02,0.01141883342859145
 6.2215E-02,0.012866784437381885
 6.2250E-02,0.014099596664770645
 6.2285E-02,0.015063471762717088
 6.2320E-02,0.015716361046164425
 6.2355E-02,0.01602978928519049
 6.2390E-02,0.015990088624917277
 6.2425E-02,0.015598990513081406
 6.2460E-02,0.014873550685120463
 6.2495E-02,0.013845410368335392
 6.2530E-02,0.012559424865409645
 6.2565E-02,0.011071717503522219
 6.2601E-02,0.009447241543872349
 6.2636E-02,0.007756954044714849
 6.2671E-02,0.006074722955413172
 6.2706E-02,0.004474101096872683
 6.2741E-02,0.0030251075047488195
 6.2776E-02,0.0017911574065229837
 6.2811E-02,0.0008262766350652034
 6.2846E-02,0.00017272460481264405
 6.2881E-02,-0.00014086753391583535
 6.2916E-02,-0.00010075959422411581
 6.2951E-02,0.0002912912817895771
 6.2987E-02,0.0010181081294507904
 6.3022E-02,0.0020478520284944565
 6.3057E-02,0.0033354259445718963
 6.3092E-02,0.004824461024039696
 6.3127E-02,0.006449795861687276
 6.3162E-02,0.008140337691812756
 6.3197E-02,0.009822178205767074
 6.3232E-02,0.01142182639657164
 6.3267E-02,0.012869416775222688
 6.3302E-02,0.014101753484845356
 6.3337E-02,0.015065058968643083
 6.3373E-02,0.015717309407224732
 6.3408E-02,0.01603005743656716
 6.3443E-02,0.01598966486780669
 6.3478E-02,0.015597893328466637
 6.3513E-02,0.014871827930901593
 6.3548E-02,0.013843137196812124
 6.3583E-02,0.01255670046003021
 6.3618E-02,0.011068660778612582
 6.3653E-02,0.009443985983612393
 6.3688E-02,0.0077536418917601765
 6.3723E-02,0.006071498997699287
 6.3759E-02,0.004471106330914835
 6.3794E-02,0.003022472961089719
 6.3829E-02,0.0017889984072543403
 6.3864E-02,0.0008246877284400449
 6.3899E-02,0.0001717753979418366
 6.3934E-02,-0.00014113545161184208
 6.3969E-02,-0.0001003344880511845
 6.4004E-02,0.0002923907800416254
 6.4039E-02,0.0010198338505166865
 6.4074E-02,0.0020501283896700267
 6.4109E-02,0.003338153273564769
 6.4145E-02,0.004827519941376622
 6.4180E-02,0.006453052530614972
 6.4215E-02,0.008143649697075194
 6.4250E-02,0.009825400791755185
 6.4285E-02,0.011424818787481455
 6.4320E-02,0.012872048307983839
 6.4355E-02,0.014103909297049896
 6.4390E-02,0.015066644996750351
 6.4425E-02,0.015718256473497276
 6.4460E-02,0.016030324245374306
 6.4495E-02,0.01598923978761307
 6.4531E-02,0.0155967948927034
 6.4566E-02,0.014870104039843714
 6.4601E-02,0.01384086304842424
 6.4636E-02,0.012553975289815595
 6.4671E-02,0.01106560354598886
 6.4706E-02,0.009440730195415897
 6.4741E-02,0.007750329790177975
 6.4776E-02,0.006068275360463694
 6.4811E-02,0.00446811214513991
 6.4846E-02,0.003019839243792875
 6.4881E-02,0.0017868404494408752
 6.4917E-02,0.0008231000255057804
 6.4952E-02,0.0001708274939011329
 6.4987E-02,-0.00014140202517187278
 6.5022E-02,-9.990804556994844e-05
 6.5057E-02,0.00029349155663210944
 6.5092E-02,0.001021560733078982
 6.5127E-02,0.0020524057342588297
 6.5162E-02,0.003340881359647599
 6.5197E-02,0.004830579362516659
 6.5232E-02,0.006456309437845177
 6.5267E-02,0.008146961666249487
 6.5302E-02,0.009828623060235527
 6.5338E-02,0.011427810584920348
 6.5373E-02,0.012874678998755875
 6.5408E-02,0.014106064064524658
 6.5443E-02,0.01506822982798045
 6.5478E-02,0.015719202237582365
 6.5513E-02,0.016030589693923594
 6.5548E-02,0.015988813345874535
 6.5583E-02,0.015595695160456897
 6.5618E-02,0.014868378981340616
 6.5653E-02,0.013838587911085455
 6.5688E-02,0.012551249343358828
 6.5724E-02,0.01106254577780603
 6.5759E-02,0.009437474139519349
 6.5794E-02,0.0077470177089097965
 6.5829E-02,0.006065052033347217
 6.5864E-02,0.0044651185394489895
 6.5899E-02,0.0030172063436101804
 6.5934E-02,0.0017846835102529914
 6.5969E-02,0.0008215135055900535
 6.6004E-02,0.00016988089094447398
 6.6039E-02,-0.00014166723975244408
 6.6074E-02,-9.948025374919599e-05
 6.6110E-02,0.0002945936105849785
 6.6145E-02,0.0010232887702678788
 6.6180E-02,0.002054684067305324
 6.6215E-02,0.0033436102252444684
 6.6250E-02,0.004833639313627199
 6.6285E-02,0.0064595665970745945
 6.6320E-02,0.008150273601049026
 6.6355E-02,0.009831845017048977
 6.6390E-02,0.011430801810825791
 6.6425E-02,0.012877308879076958
 6.6460E-02,0.014108217811549887
 6.6496E-02,0.015069813472523928
 6.6531E-02,0.015720146706382904
 6.6566E-02,0.016030853800522084
 6.6601E-02,0.015988385572585036
 6.6636E-02,0.015594594158734954
 6.6671E-02,0.014866652767417865
 6.6706E-02,0.013836311786584437
 6.6741E-02,0.012548522627531313
 6.6776E-02,0.011059487493095035
 6.6811E-02,0.00943421783747953
 6.6846E-02,0.0077437056573898865
 6.6882E-02,0.006061829011495542
 6.6917E-02,0.004462125507083525
 6.6952E-02,0.003014574263441078
 6.6987E-02,0.0017825275990629864
 6.7022E-02,0.0008199281708953109
 6.7057E-02,0.00016893557688151288
 6.7092E-02,-0.0001419311138347116
 6.7127E-02,-9.90511234566416e-05
 6.7162E-02,0.000295696942037205
 6.7197E-02,0.0010250179628256769
 6.7232E-02,0.00205696337931875
 6.7268E-02,0.003346339852792912
 6.7303E-02,0.004836699781743375
 6.7338E-02,0.006462824007816554
 6.7373E-02,0.008153585507263363
 6.7408E-02,0.009835066661788435
 6.7443E-02,0.011433792454893567
 6.7478E-02,0.01287993793810272
 6.7513E-02,0.014110370537754503
 6.7548E-02,0.015071395940015825
 6.7583E-02,0.0157210898887511
 6.7618E-02,0.016031116565558085
 6.7654E-02,0.01598795646439721
 6.7689E-02,0.015593491891716662
 6.7724E-02,0.014864925413696554
 6.7759E-02,0.013834034693724712
 6.7794E-02,0.01254579515382871
 6.7829E-02,0.01105642869568962
 6.7864E-02,0.00943096129523788
 6.7899E-02,0.007740393651440905
 6.7934E-02,0.006058606316865403
 6.7969E-02,0.004459133065430967
 6.8004E-02,0.0030119430111696906
 6.8040E-02,0.00178037272048605
 6.8075E-02,0.0008183440320093522
 6.8110E-02,0.00016799156883577496
 6.8145E-02,-0.00014219363279564166
 6.8180E-02,-9.862065063954715e-05
 6.8215E-02,0.00029680154669849243
 6.8250E-02,0.0010267483075229638
 6.8285E-02,0.0020592436730339754
 6.8320E-02,0.00334907024564857
 6.8355E-02,0.004839760761939423
 6.8390E-02,0.006466081655324927
 6.8426E-02,0.008156897368100978
 6.8461E-02,0.009838287983291436
 6.8496E-02,0.011436782510161798
 6.8531E-02,0.012882566164553695
 6.8566E-02,0.014112522222312622
 6.8601E-02,0.0150729772044126
 6.8636E-02,0.015722031761923085
 6.8671E-02,0.016031377972031184
 6.8706E-02,0.01598752600408166
 6.8741E-02,0.015592388335245672
 6.8776E-02,0.01486319689029402
 6.8811E-02,0.013831756604912003
 6.8847E-02,0.012543066902332527
 6.8882E-02,0.011053369370098265
 6.8917E-02,0.009427704494225283
 6.8952E-02,0.007737081667077667
 6.8987E-02,0.006055383925992855
 6.9022E-02,0.004456141198759017
 6.9057E-02,0.003009312578993639
 6.9092E-02,0.0017782188681447267
 6.9127E-02,0.0008167610790022177
 6.9162E-02,0.0001670488560761062
 6.9197E-02,-0.00014245480107989803
 6.9233E-02,-9.818883061550119e-05
 6.9268E-02,0.0002979074335245492
 6.9303E-02,0.0010284798107691416
 6.9338E-02,0.0020615249515492677
 6.9373E-02,0.003351801409250995
 6.9408E-02,0.0048428222668346465
 6.9443E-02,0.006469339557382083
 6.9478E-02,0.00816020919993365
 6.9513E-02,0.009841508993305083
 6.9548E-02,0.011439771987613064
 6.9583E-02,0.012885193574744973
 6.9619E-02,0.014114672887784313
 6.9654E-02,0.015074557289160986
 6.9689E-02,0.015722972344865777
 6.9724E-02,0.01603163803521019
 6.9759E-02,0.015987094208544165
 6.9794E-02,0.015591283510746538
 6.9829E-02,0.014861467219780005
 6.9864E-02,0.01382947753806152
 6.9899E-02,0.012540337884907451
 6.9934E-02,0.011050309526535755
 6.9969E-02,0.009424447447537067
 7.0005E-02,0.007733769719293035
 7.0040E-02,0.0060521618501832766
 7.0075E-02,0.0044531499110864944
 7.0110E-02,0.003006682966092332
 7.0145E-02,0.001776066041642461
 7.0180E-02,0.0008151793136369655
 7.0215E-02,0.0001661074389082243
 7.0250E-02,-0.0001427146240975178
 7.0285E-02,-9.775567386928352e-05
 7.0320E-02,0.00029901459209338453
 7.0355E-02,0.0010302124660433259
 7.0391E-02,0.00206380721066553
 7.0426E-02,0.0033545333372259826
 7.0461E-02,0.004845884286220858
 7.0496E-02,0.006472597703283276
 7.0531E-02,0.008163520995905098
 7.0566E-02,0.009844729688940105
 7.0601E-02,0.011442760884173588
 7.0636E-02,0.01288782016207473
 7.0671E-02,0.014116822525677204
 7.0706E-02,0.015076136188539454
 7.0741E-02,0.015723911637003315
 7.0777E-02,0.0160318967572059
 7.0812E-02,0.01598666107858394
 7.0847E-02,0.015590177417172018
 7.0882E-02,0.014859736402692458
 7.0917E-02,0.013827197498386073
 7.0952E-02,0.01253760811028414
 7.0987E-02,0.011047249173136727
 7.1022E-02,0.009421190160600036
 7.1057E-02,0.0077304578130126655
 7.1092E-02,0.006048940097640362
 7.1127E-02,0.004450159214513539
 7.1163E-02,0.003004054185023559
 7.1198E-02,0.0017739142504511183
 7.1233E-02,0.0008135987425510135
 7.1268E-02,0.0001651673243069702
 7.1303E-02,-0.0001429730927268257
 7.1338E-02,-9.732117128460416e-05
 7.1373E-02,0.0003001230276334139
 7.1408E-02,0.0010319462735283278
 7.1443E-02,0.002066090448187492
 7.1478E-02,0.003357266028072273
 7.1513E-02,0.004848946819118559
 7.1549E-02,0.006475856089490045
 7.1584E-02,0.008166832747851087
 7.1619E-02,0.009847950059010329
 7.1654E-02,0.011445749189009164
 7.1689E-02,0.012890445917248186
 7.1724E-02,0.01411897112580649
 7.1759E-02,0.015077713888414735
 7.1794E-02,0.015724849620239803
 7.1829E-02,0.016032154118990734
 7.1864E-02,0.015986226596795067
 7.1899E-02,0.015589070038118128
 7.1934E-02,0.014858004421021542
 7.1970E-02,0.013824916465247538
 7.2005E-02,0.01253487755736864
 7.2040E-02,0.011044188291291415
 7.2075E-02,0.00941793261768683
 7.2110E-02,0.007727145933131351
 7.2145E-02,0.006045718651965427
 7.2180E-02,0.004447169092431003
 7.2215E-02,0.0030014262219988912
 7.2250E-02,0.0017717634852759943
 7.2285E-02,0.0008120193595693078
 7.2320E-02,0.0001642285067917882
 7.2356E-02,-0.00014323021208073107
 7.2391E-02,-9.688532543950055e-05
 7.2426E-02,0.00030123274215714164
 7.2461E-02,0.0010336812391755013
 7.2496E-02,0.002068374671257551
 7.2531E-02,0.003359999488439823
 7.2566E-02,0.0048520098727871325
 7.2601E-02,0.006479114726131285
 7.2636E-02,0.008170144469302023
 7.2671E-02,0.00985117011846709
 7.2706E-02,0.011448736916412848
 7.2742E-02,0.012893070854178915
 7.2777E-02,0.014121118703904945
 7.2812E-02,0.015079290407751642
 7.2847E-02,0.015725786315478652
 7.2882E-02,0.01603241014073854
 7.2917E-02,0.015985790781453693
 7.2952E-02,0.015587961391101912
 7.2987E-02,0.014856271293199535
 7.3022E-02,0.013822634457834439
 7.3057E-02,0.01253214624401119
 7.3092E-02,0.011041126895873101
 7.3128E-02,0.00941467483124785
 7.3163E-02,0.007723834091395784
 7.3198E-02,0.006042497524705186
 7.3233E-02,0.004444179554566772
 7.3268E-02,0.0029987990829362706
 7.3303E-02,0.0017696137480500021
 7.3338E-02,0.0008104411644048943
 7.3373E-02,0.00016329098546598265
 7.3408E-02,-0.0001434859840117853
 7.3443E-02,-9.644814063900894e-05
 7.3478E-02,0.00030234372840038813
 7.3514E-02,0.0010354173542301871
 7.3549E-02,0.0020706598717738552
 7.3584E-02,0.0033627337114389955
 7.3619E-02,0.004855073440217427
 7.3654E-02,0.006482373604794821
 7.3689E-02,0.008173456150799067
 7.3724E-02,0.009854389858466648
 7.3759E-02,0.01145172405908567
 7.3794E-02,0.012895694966209846
 7.3829E-02,0.014123265252516023
 7.3864E-02,0.015080865738174165
 7.3900E-02,0.01572672171506243
 7.3935E-02,0.016032664817175385
 7.3970E-02,0.015985353629636632
 7.4005E-02,0.01558685147416025
 7.4040E-02,0.014854537017221503
 7.4075E-02,0.013820351474643599
 7.4110E-02,0.012529414170561363
 7.4145E-02,0.011038064989526707
 7.4180E-02,0.009411416805130243
 7.4215E-02,0.0077205222916101966
 7.4250E-02,0.006039276719729527
 7.4286E-02,0.004441190606055783
 7.4321E-02,0.002996172774999042
 7.4356E-02,0.0017674650471712025
 7.4391E-02,0.0008088641650081469
 7.4426E-02,0.00016235476696439344
 7.4461E-02,-0.00014374040263534222
 7.4496E-02,-9.600961091373283e-05
 7.4531E-02,0.00030345599216226587
 7.4566E-02,0.001037154622951909
 7.4601E-02,0.0020729460513586673
 7.4636E-02,0.0033654686964209955
 7.4672E-02,0.004858137519762765
 7.4707E-02,0.00648563272346221
 7.4742E-02,0.008176767789351431
 7.4777E-02,0.009857609274054886
 7.4812E-02,0.011454710610088657
 7.4847E-02,0.012898318245469003
 7.4882E-02,0.014125410763611155
 7.4917E-02,0.015082439871061549
 7.4952E-02,0.015727655808552208
 7.4987E-02,0.016032918135570846
 7.5022E-02,0.015984915127193945
 7.5058E-02,0.015585740273085479
 7.5093E-02,0.014852801579301111
 7.5128E-02,0.013818067501697853
 7.5163E-02,0.012526681322174296
 7.5198E-02,0.011035002556823737
 7.5233E-02,0.009408158524469265
 7.5268E-02,0.007717210520237558
 7.5303E-02,0.0060360562245029385
 7.5338E-02,0.0044382022346710496
 7.5373E-02,0.0029935472862817887
 7.5408E-02,0.0017653173720527827
 7.5443E-02,0.0008072883532456578
 7.5479E-02,0.00016141984573818044
 7.5514E-02,-0.00014399347166557268
 7.5549E-02,-9.556973864526384e-05
 7.5584E-02,0.0003045695327401366
 7.5619E-02,0.0010388930471465381
 7.5654E-02,0.0020752332145104442
 7.5689E-02,0.0033682044497281667
 7.5724E-02,0.004861202118676885
 7.5759E-02,0.006488892090166897
 7.5794E-02,0.008180079394438917
 7.5829E-02,0.009860828376714497
 7.5865E-02,0.011457696582554645
 7.5900E-02,0.012900940705922336
 7.5935E-02,0.01412755525170789
 7.5970E-02,0.01508401282197359
 7.6005E-02,0.015728588613175814
 7.6040E-02,0.01603317011449844
 7.6075E-02,0.01598447529290941
 7.6110E-02,0.015584627805876534
 7.6145E-02,0.014851064996609615
 7.6180E-02,0.013815782555905277
 7.6215E-02,0.01252394771573513
 7.6251E-02,0.011031939614004452
 7.6286E-02,0.009404900003897864
 7.6321E-02,0.007713898789911963
 7.6356E-02,0.006032836049953821
 7.6391E-02,0.004435214449977689
 7.6426E-02,0.002990922624633047
 7.6461E-02,0.0017631707280378345
 7.6496E-02,0.0008057137314927473
 7.6531E-02,0.00016048622162176287
 7.6566E-02,-0.00014424519294243648
 7.6601E-02,-9.512852697491042e-05
 7.6637E-02,0.00030568434549623456
 7.6672E-02,0.0010406326204190218
 7.6707E-02,0.00207752135345724
 7.6742E-02,0.0033709409631522873
 7.6777E-02,0.004864267228895831
 7.6812E-02,0.006492151696848515
 7.6847E-02,0.00818339095741805
 7.6882E-02,0.009864047157001121
 7.6917E-02,0.01146068196670929
 7.6952E-02,0.012903562338055752
 7.6987E-02,0.014129698707640914
 7.7023E-02,0.015085584581788993
 7.7058E-02,0.01572952011970668
 7.7093E-02,0.016033420745190975
 7.7128E-02,0.015984034119316134
 7.7163E-02,0.015583514066732196
 7.7198E-02,0.014849327264617686
 7.7233E-02,0.01381349663341805
 7.7268E-02,0.012521213347953612
 7.7303E-02,0.011028876158840734
 7.7338E-02,0.009401641242730812
 7.7373E-02,0.0077105871013968645
 7.7409E-02,0.006029616197880574
 7.7444E-02,0.00443222725449602
 7.7479E-02,0.0029882987935236143
 7.7514E-02,0.0017610251198790234
 7.7549E-02,0.0008041403056029463
 7.7584E-02,0.00015955390082906227
 7.7619E-02,-0.0001444955606569794
 7.7654E-02,-9.468597071848211e-05
 7.7689E-02,0.0003068004351831135
 7.7724E-02,0.0010423733471045765
 7.7759E-02,0.002079810471672495
 7.7795E-02,0.0033736782387324684
 7.7830E-02,0.004867332850890709
 7.7865E-02,0.006495411542829588
 7.7900E-02,0.00818670247704571
 7.7935E-02,0.009867265613158906
 7.7970E-02,0.01146366675993819
 7.8005E-02,0.012906183138110506
 7.8040E-02,0.014131841126605356
 7.8075E-02,0.015087155144935764
 7.8110E-02,0.015730450321834562
 7.8145E-02,0.01603367002025339
 7.8181E-02,0.01598359159768141
 7.8216E-02,0.015582399045774532
 7.8251E-02,0.014847588372945803
 7.8286E-02,0.013811209723854863
 7.8321E-02,0.012518478208463253
 7.8356E-02,0.011025812180660186
 7.8391E-02,0.00939838222990225
 7.8426E-02,0.007707275443622168
 7.8461E-02,0.006026396657681744
 7.8496E-02,0.004429240638314438
 7.8531E-02,0.002985675783616854
 7.8567E-02,0.0017588805387557902
 7.8602E-02,0.0008025680676685197
 7.8637E-02,0.00015862287698609635
 7.8672E-02,-0.00014474457928625507
 7.8707E-02,-9.42420725400177e-05
 7.8742E-02,0.0003079178006073779
 7.8777E-02,0.001044115227447275
 7.8812E-02,0.0020821005711146533
 7.8847E-02,0.0033764162802981832
 7.8882E-02,0.004870398990199788
 7.8917E-02,0.00649867163489791
 7.8952E-02,0.008190013960992986
 7.8988E-02,0.009870483753896365
 7.9023E-02,0.01146665097231376
 7.9058E-02,0.012908803117621935
 7.9093E-02,0.014133982521391922
 7.9128E-02,0.015088724525172636
 7.9163E-02,0.01573137923421975
 7.9198E-02,0.016033917955299327
 7.9233E-02,0.015983147744396818
 7.9268E-02,0.015581282759724813
 7.9303E-02,0.014845848338016904
 7.9338E-02,0.013808921843043345
 7.9374E-02,0.012515742312551325
 7.9409E-02,0.011022747694352247
 7.9444E-02,0.00939512297968501
 7.9479E-02,0.007703963829698396
 7.9514E-02,0.006023177440819
 7.9549E-02,0.004426254611096187
 7.9584E-02,0.0029830536028376737
 7.9619E-02,0.0017567369908354181
 7.9654E-02,0.0008009970217988163
 7.9689E-02,0.0001576931518610863
 7.9724E-02,-0.0001449922493348196
 7.9760E-02,-9.379683483702677e-05
 7.9795E-02,0.0003090364379724545
 7.9830E-02,0.0010458582564356772
 7.9865E-02,0.0020843916455064366
 7.9900E-02,0.003379155080462477
 7.9935E-02,0.00487346563866156
 7.9970E-02,0.006501931964512186
 8.0005E-02,0.008193325400497692
 8.0040E-02,0.009873701570022085
 8.0075E-02,0.011469634593991888
 8.0110E-02,0.012911422266180542
 8.0146E-02,0.014136122881359757
 8.0181E-02,0.015090292711968111
 8.0216E-02,0.015732306846570586
 8.0251E-02,0.016034164540365884
 8.0286E-02,0.015982702550035734
 8.0321E-02,0.015580165200018066
 8.0356E-02,0.01484410715243621
 8.0391E-02,0.013806632984705058
 8.0426E-02,0.012513005654839798
 8.0461E-02,0.01101968269527399
 8.0496E-02,0.009391863488366172
 8.0532E-02,0.007700652257179863
 8.0567E-02,0.006019958546304201
 8.0602E-02,0.004423269173217471
 8.0637E-02,0.002980432252701275
 8.0672E-02,0.0017545944786023083
 8.0707E-02,0.0007994271714673731
 8.0742E-02,0.00015676472983039218
 8.0777E-02,-0.00014523856587265495
 8.0812E-02,-9.335025259287757e-05
 8.0847E-02,0.00031015635195740193
 8.0882E-02,0.001047602438249434
 8.0918E-02,0.0020866836985790563
 8.0953E-02,0.003381894642367843
 8.0988E-02,0.004876532798644027
 8.1023E-02,0.006505192533145961
 8.1058E-02,0.00819663679622582
 8.1093E-02,0.00987691906170044
 8.1128E-02,0.011472617624816248
 8.1163E-02,0.01291404058321584
 8.1198E-02,0.01413826220527302
 8.1233E-02,0.01509185970321347
 8.1268E-02,0.015733233155899133
 8.1304E-02,0.016034409771628642
 8.1339E-02,0.015982256009969564
 8.1374E-02,0.015579046361211166
 8.1409E-02,0.014842364809987293
 8.1444E-02,0.013804343142102476
 8.1479E-02,0.01251026822833632
 8.1514E-02,0.011016617176295873
 8.1549E-02,0.009388603748582136
 8.1584E-02,0.007697340718396693
 8.1619E-02,0.006016739966226177
 8.1654E-02,0.004420284316769147
 8.1690E-02,0.0029778117255736068
 8.1725E-02,0.0017524529948989948
 8.1760E-02,0.0007978585100669417
 8.1795E-02,0.00015583760501113085
 8.1830E-02,-0.00014548353373857565
 8.1865E-02,-9.290232930517843e-05
 8.1900E-02,0.0003112775405226979
 8.1935E-02,0.0010493477722709002
 8.1970E-02,0.0020889767309915583
 8.2005E-02,0.003384634967967501
 8.2040E-02,0.004879600473445218
 8.2076E-02,0.006508453345418941
 8.2111E-02,0.008199948153982083
 8.2146E-02,0.009880136235709554
 8.2181E-02,0.011475600072488587
 8.2216E-02,0.012916658077492054
 8.2251E-02,0.014140400503132644
 8.2286E-02,0.015093425510153448
 8.2321E-02,0.015734158174537095
 8.2356E-02,0.016034653662270672
 8.2391E-02,0.015981808137995546
 8.2426E-02,0.015577926257504125
 8.2461E-02,0.014840621325038035
 8.2497E-02,0.01380205232949607
 8.2532E-02,0.012507530046934157
 8.2567E-02,0.011013551150833521
 8.2602E-02,0.009385343773198723
 8.2637E-02,0.0076940292254685525
 8.2672E-02,0.00601352171168753
 8.2707E-02,0.004417300051486825
 8.2742E-02,0.0029751920295615665
 8.2777E-02,0.0017503125461011656
 8.2812E-02,0.0007962910422172979
 8.2847E-02,0.00015491178020409727
 8.2883E-02,-0.00014572715205241277
 8.2918E-02,-9.245306603748222e-05
 8.2953E-02,0.00031240000089249355
 8.2988E-02,0.0010510942543095812
 8.3023E-02,0.0020912707374181206
 8.3058E-02,0.0033873760509567337
 8.3093E-02,0.004882668655844383
 8.3128E-02,0.006511714393299205
 8.3163E-02,0.008203259465118063
 8.3198E-02,0.009883353082910551
 8.3233E-02,0.01147858192740603
 8.3269E-02,0.012919274738869436
 8.3304E-02,0.014142537764240267
 8.3339E-02,0.015094990121747452
 8.3374E-02,0.015735081891394054
 8.3409E-02,0.0160348962014777
 8.3444E-02,0.015981358923798334
 8.3479E-02,0.015576804879223607
 8.3514E-02,0.014838876688657894
 8.3549E-02,0.013799760538776766
 8.3584E-02,0.012504791103431303
 8.3619E-02,0.011010484612575514
 8.3655E-02,0.009382083556821597
 8.3690E-02,0.0076907177740497025
 8.3725E-02,0.006010303779544427
 8.3760E-02,0.004414316375589674
 8.3795E-02,0.0029725731642720535
 8.3830E-02,0.0017481731330629246
 8.3865E-02,0.0007947247698420315
 8.3900E-02,0.00015398725823555877
 8.3935E-02,-0.00014596941724447782
 8.3970E-02,-9.20024586559343e-05
 8.4005E-02,0.00031352373743253356
 8.4041E-02,0.00105284188865067
 8.4076E-02,0.002093565721846583
 8.4111E-02,0.003390117894920382
 8.4146E-02,0.004885737349029648
 8.4181E-02,0.0065149756796065985
 8.4216E-02,0.00820657073203121
 8.4251E-02,0.009886569605327451
 8.4286E-02,0.011481563191301494
 8.4321E-02,0.01292189056886363
 8.4356E-02,0.01414467398986176
 8.4391E-02,0.015096553538826144
 8.4427E-02,0.015736004306663037
 8.4462E-02,0.016035137388639476
 8.4497E-02,0.015980908365975946
 8.4532E-02,0.015575682224255944
 8.4567E-02,0.014837130898170832
 8.4602E-02,0.01379746776677717
 8.4637E-02,0.012502051394190665
 8.4672E-02,0.011007417557491147
 8.4707E-02,0.009378823095033798
 8.4742E-02,0.007687406359363748
 8.4777E-02,0.006007086164670944
 8.4813E-02,0.004411333283609144
 8.4848E-02,0.0029699551240150433
 8.4883E-02,0.0017460347500625546
 8.4918E-02,0.0007931596874098399
 8.4953E-02,0.00015306403400205915
 8.4988E-02,-0.0001462103337764612
 8.5023E-02,-9.1550510842821e-05
 8.5058E-02,0.00031464874740395166
 8.5093E-02,0.001054590673628253
 8.5128E-02,0.0020958616837503568
 8.5163E-02,0.00339286050047579
 8.5199E-02,0.004888806554721129
 8.5234E-02,0.006518237207063714
 8.5269E-02,0.008209881958414428
 8.5304E-02,0.009889785807585915
 8.5339E-02,0.011484543869696906
 8.5374E-02,0.012924505573911386
 8.5409E-02,0.014146809187411711
 8.5444E-02,0.015098115769837325
 8.5479E-02,0.01573692542985959
 8.5514E-02,0.016035377234270284
 8.5549E-02,0.015980456475793922
 8.5585E-02,0.015574558304357793
 8.5620E-02,0.014835383965504982
 8.5655E-02,0.013795174025469162
 8.5690E-02,0.012499310931120573
 8.5725E-02,0.011004349997278718
 8.5760E-02,0.009375562399207898
 8.5795E-02,0.007684094992171167
 8.5830E-02,0.006003868877003287
 8.5865E-02,0.004408350784506855
 8.5900E-02,0.0029673379165865536
 8.5935E-02,0.0017438974035717371
 8.5970E-02,0.0007915957998903636
 8.6006E-02,0.0001521421108096841
 8.6041E-02,-0.0001464499000851222
 8.6076E-02,-9.109722267775622e-05
 8.6111E-02,0.0003157750292106209
 8.6146E-02,0.0010563406062338372
 8.6181E-02,0.002098158618849583
 8.6216E-02,0.003395603862220848
 8.6251E-02,0.0048918762665412655
 8.6286E-02,0.0065214989685126535
 8.6321E-02,0.008213193136446308
 8.6356E-02,0.009893001681223135
 8.6392E-02,0.011487523953501704
 8.6427E-02,0.012927119744312798
 8.6462E-02,0.014148943346655457
 8.6497E-02,0.015099676804152565
 8.6532E-02,0.01573784525010201
 8.6567E-02,0.016035615727441728
 8.6602E-02,0.015980003242581867
 8.6637E-02,0.015573433109335701
 8.6672E-02,0.014833635881158724
 8.6707E-02,0.013792879306037897
 8.6742E-02,0.012496569706090766
 8.6778E-02,0.011001281924539561
 8.6813E-02,0.009372301462740696
 8.6848E-02,0.007680783666932334
 8.6883E-02,0.006000651912199783
 8.6918E-02,0.004405368875161374
 8.6953E-02,0.002964721540099701
 8.6988E-02,0.001741761092901384
 8.7023E-02,0.000790033107785935
 8.7058E-02,0.00015122149027323054
 8.7093E-02,-0.00014668811359360535
 8.7128E-02,-9.064259091865414e-05
 8.7164E-02,0.0003169025864856103
 8.7199E-02,0.0010580916903399806
 8.7234E-02,0.0021004565311086047
 8.7269E-02,0.0033983479840807625
 8.7304E-02,0.004894946488274055
 8.7339E-02,0.006524760967506175
 8.7374E-02,0.008216504269475655
 8.7409E-02,0.0098962172295125
 8.7444E-02,0.01149050344599344
 8.7479E-02,0.012929733083333122
 8.7514E-02,0.014151076470735137
 8.7550E-02,0.01510123664465407
 8.7585E-02,0.015738763769895817
 8.7620E-02,0.016035852870177413
 8.7655E-02,0.01597954866774258
 8.7690E-02,0.01557230663994843
 8.7725E-02,0.014831886645264825
 8.7760E-02,0.013790583608104643
 8.7795E-02,0.012493827718298774
 8.7830E-02,0.010998213338053902
 8.7865E-02,0.009369040283965121
 8.7900E-02,0.0076774723813916295
 8.7936E-02,0.005997435267411283
 8.7971E-02,0.0044023875522125056
 8.8006E-02,0.002962105990765861
 8.8041E-02,0.0017396258139487461
 8.8076E-02,0.0007884716067970201
 8.8111E-02,0.00015030216808885018
 8.8146E-02,-0.00014692497838637468
 8.8181E-02,-9.018661917742387e-05
 8.8216E-02,0.00031803141626262217
 8.8251E-02,0.0010598439236983118
 8.8286E-02,0.0021027554190505555
 8.8322E-02,0.0034010928654157014
 8.8357E-02,0.004898017220178432
 8.8392E-02,0.006528023205190827
 8.8427E-02,0.008219815359448275
 8.8462E-02,0.009899432455086314
 8.8497E-02,0.011493482350496895
 8.8532E-02,0.012932345595071814
 8.8567E-02,0.014153208564638626
 8.8602E-02,0.015102795297258562
 8.8637E-02,0.015739680996087493
 8.8672E-02,0.016036088670200087
 8.8708E-02,0.01597909275978819
 8.8743E-02,0.015571178905316674
 8.8778E-02,0.014830136267310733
 8.8813E-02,0.013788286941316624
 8.8848E-02,0.012491084977424911
 8.8883E-02,0.010995144247453346
 8.8918E-02,0.00936577887235333
 8.8953E-02,0.007674161144736431
 8.8988E-02,0.005994218951313851
 8.9023E-02,0.004399406823614514
 8.9058E-02,0.002959491275683397
 8.9094E-02,0.0017374915728228923
 8.9129E-02,0.0007869113018593945
 8.9164E-02,0.00014938414786406595
 8.9199E-02,-0.00014716049231905382
 8.9234E-02,-8.972930680823979e-05
 8.9269E-02,0.00031916151779397067
 8.9304E-02,0.001061597304279462
 8.9339E-02,0.002105055279466852
 8.9374E-02,0.003403838501928504
 8.9409E-02,0.004901088456941956
 8.9444E-02,0.006531285675421484
 8.9479E-02,0.008223126399522952
 8.9515E-02,0.009902647350495272
 8.9550E-02,0.011496460658925676
 8.9585E-02,0.012934957270783608
 8.9620E-02,0.014155339619010419
 8.9655E-02,0.015104352752139578
 8.9690E-02,0.015740596918552518
 8.9725E-02,0.016036323117235213
 8.9760E-02,0.01597863550847888
 8.9795E-02,0.01557004989545146
 8.9830E-02,0.014828384737791649
 8.9865E-02,0.013785989296782918
 8.9901E-02,0.012488341475174306
 8.9936E-02,0.01099207464500971
 8.9971E-02,0.009362517220861899
 9.0006E-02,0.007670849950773262
 9.0041E-02,0.005991002958767541
 9.0076E-02,0.004396426685394869
 9.0111E-02,0.0029568773920114976
 9.0146E-02,0.0017353583677892402
 9.0181E-02,0.0007853521923734345
 9.0216E-02,0.00014846743010815883
 9.0251E-02,-0.00014739465384428863
 9.0287E-02,-8.927065140840935e-05
 9.0322E-02,0.0003202928940557085
 9.0357E-02,0.0010633518354428843
 9.0392E-02,0.002107356115992544
 9.0427E-02,0.0034065848974464017
 9.0462E-02,0.004904160202510585
 9.0497E-02,0.006534548382141593
 9.0532E-02,0.008226437393626733
 9.0567E-02,0.009905861919727938
 9.0602E-02,0.011499438375440953
 9.0637E-02,0.012937568114828685
 9.0673E-02,0.014157469638299534
 9.0708E-02,0.015105909013675431
 9.0743E-02,0.015741511541431684
 9.0778E-02,0.016036556215116033
 9.0813E-02,0.01597817691725425
 9.0848E-02,0.015568919613313133
 9.0883E-02,0.014826632059112605
 9.0918E-02,0.013783690676356502
 9.0953E-02,0.012485597212944944
 9.0988E-02,0.010989004531748496
 9.1023E-02,0.009359255330017661
 9.1059E-02,0.007667538799401071
 9.1094E-02,0.005987787288940089
 9.1129E-02,0.0043934471359994825
 9.1164E-02,0.0029542643375910817
 9.1199E-02,0.0017332261961965655
 9.1234E-02,0.0007837942752704823
 9.1269E-02,0.00014755201143302088
 9.1304E-02,-0.00014762746647266605
 9.1339E-02,-8.881065638513677e-05
 9.1374E-02,0.00032142554199314483
 9.1409E-02,0.0010651075145944678
 9.1445E-02,0.002109657926542211
 9.1480E-02,0.0034093320504387176
 9.1515E-02,0.004907232455979639
 9.1550E-02,0.006537811325124328
 9.1585E-02,0.008229748342194969
 9.1620E-02,0.009909076163772554
 9.1655E-02,0.01150241550152026
 9.1690E-02,0.012940178129234111
 9.1725E-02,0.014159598625224182
 9.1760E-02,0.01510746408541353
 9.1795E-02,0.01574242486914204
 9.1831E-02,0.01603678796905234
 9.1866E-02,0.015977716992042094
 9.1901E-02,0.015567788065437172
 9.1936E-02,0.014824878238293714
 9.1971E-02,0.013781391087386477
 9.2006E-02,0.012482852198235023
 9.2041E-02,0.010985933915180173
 9.2076E-02,0.009355993207328177
 9.2111E-02,0.007664227698059496
 9.2146E-02,0.005984571949090312
 9.2181E-02,0.004390468182272145
 9.2217E-02,0.0029516521186697246
 9.2252E-02,0.0017310950635193553
 9.2287E-02,0.0007822375551558715
 9.2322E-02,0.00014663789548389052
 9.2357E-02,-0.0001478589277097069
 9.2392E-02,-8.834932049071325e-05
 9.2427E-02,0.0003225594615715924
 9.2462E-02,0.0010668643405302048
 9.2497E-02,0.0021119607088560814
 9.2532E-02,0.0034120799576694786
 9.2567E-02,0.004910305213182368
 9.2603E-02,0.006541074499344856
 9.2638E-02,0.00823305923946194
 9.2673E-02,0.009912290076249804
 9.2708E-02,0.011505392030254781
 9.2743E-02,0.012942787306527054
 9.2778E-02,0.014161726571729327
 9.2813E-02,0.015109017958723863
 9.2848E-02,0.015743336892622674
 9.2883E-02,0.016037018369776748
 9.2918E-02,0.015977255723535085
 9.2953E-02,0.01556665524265937
 9.2989E-02,0.014823123266452616
 9.3024E-02,0.013779090521361819
 9.3059E-02,0.01248010642301978
 9.3094E-02,0.010982862787816416
 9.3129E-02,0.00935273084587928
 9.3164E-02,0.007660916640495631
 9.3199E-02,0.005981356933745015
 9.3234E-02,0.004387489819715889
 9.3269E-02,0.0029490407317956315
 9.3304E-02,0.0017289649673858033
 9.3339E-02,0.0007806820306904753
 9.3374E-02,0.0001457250818912327
 9.3410E-02,-0.00014808903694257813
 9.3445E-02,-8.788664220771498e-05
 9.3480E-02,0.0003236946550622408
 9.3515E-02,0.0010686223160682145
 9.3550E-02,0.0021142644661318565
 9.3585E-02,0.0034148286226263597
 9.3620E-02,0.004913378477869418
 9.3655E-02,0.0065443379087934475
 9.3690E-02,0.008236370089597655
 9.3725E-02,0.009915503661535796
 9.3760E-02,0.011508367966226198
 9.3796E-02,0.012945395651564403
 9.3831E-02,0.014163853482914431
 9.3866E-02,0.015110570638873246
 9.3901E-02,0.015744247617161804
 9.3936E-02,0.016037247422378616
 9.3971E-02,0.01597679311652481
 9.4006E-02,0.015565521149375424
 9.4041E-02,0.014821367147569365
 9.4076E-02,0.013776788981878525
 9.4111E-02,0.01247735989045086
 9.4146E-02,0.010979791152336618
 9.4182E-02,0.009349468247816468
 9.4217E-02,0.007657605628250993
 9.4252E-02,0.005978142243762013
 9.4287E-02,0.004384512048422895
 9.4322E-02,0.0029464301762718646
 9.4357E-02,0.0017268359063667969
 9.4392E-02,0.0007791276998389966
 9.4427E-02,0.00014481356818665206
 9.4462E-02,-0.0001483177969511074
 9.4497E-02,-8.742262450806278e-05
 9.4532E-02,0.00032483111947599955
 9.4568E-02,0.0010703814383844095
 9.4603E-02,0.002116569195855955
 9.4638E-02,0.0034175780431829356
 9.4673E-02,0.004916452248329413
 9.4708E-02,0.006547601552166537
 9.4743E-02,0.008239680891738009
 9.4778E-02,0.009918716919156032
 9.4813E-02,0.011511343309382964
 9.4848E-02,0.012948003164709117
 9.4883E-02,0.014165979359647824
 9.4918E-02,0.015112122127340682
 9.4954E-02,0.015745157044899188
 9.4989E-02,0.016037475129780425
 9.5024E-02,0.015976329174654504
 9.5059E-02,0.015564385789860939
 9.5094E-02,0.014819609886393397
 9.5129E-02,0.013774486474000964
 9.5164E-02,0.012474612605862618
 9.5199E-02,0.010976719014298824
 9.5234E-02,0.009346205418853719
 9.5269E-02,0.007654294667088953
 9.5304E-02,0.005974927884832006
 9.5340E-02,0.0043815348738837955
 9.5375E-02,0.0029438204573222246
 9.5410E-02,0.0017247078852831994
 9.5445E-02,0.0007775745668363052
 9.5480E-02,0.00014390335780693742
 9.5515E-02,-0.00014854520522727873
 9.5550E-02,-8.695726583575964e-05
 9.5585E-02,0.0003259688553965191
 9.5620E-02,0.0010721417070676817
 9.5655E-02,0.002118874896643539
 9.5690E-02,0.0034203282170354923
 9.5726E-02,0.004919526521401184
 9.5761E-02,0.006550865425575292
 9.5796E-02,0.008242991641346996
 9.5831E-02,0.009921929844020475
 9.5866E-02,0.01151431805408683
 9.5901E-02,0.012950609839784683
 9.5936E-02,0.01416810419522828
 9.5971E-02,0.015113672416925489
 9.6006E-02,0.01574606516823941
 9.6041E-02,0.01603770148403624
 9.6076E-02,0.01597586388980192
 9.6112E-02,0.015563249156007188
 9.6147E-02,0.014817851475015843
 9.6182E-02,0.013772182990138859
 9.6217E-02,0.01247186456199455
 9.6252E-02,0.010973646366761297
 9.6287E-02,0.009342942352455155
 9.6322E-02,0.007650983751018716
 9.6357E-02,0.0059717138516609085
 9.6392E-02,0.004378558291605034
 9.6427E-02,0.0029412115712581736
 9.6462E-02,0.0017225809012808009
 9.6497E-02,0.0007760226297335155
 9.6533E-02,0.00014299444977452353
 9.6568E-02,-0.0001487712617854437
 9.6603E-02,-8.649056536506301e-05
 9.6638E-02,0.00032710786435489716
 9.6673E-02,0.0010739031242564222
 9.6708E-02,0.0021211815711266358
 9.6743E-02,0.0034230791472498984
 9.6778E-02,0.004922601300531912
 9.6813E-02,0.006554129532750073
 9.6848E-02,0.008246302342423979
 9.6883E-02,0.009925142440415539
 9.6919E-02,0.011517292204964141
 9.6954E-02,0.01295321568182886
 9.6989E-02,0.014170227995029594
 9.7024E-02,0.015115221513234021
 9.7059E-02,0.015746971992918607
 9.7094E-02,0.016037926490909144
 9.7129E-02,0.015975397267622364
 9.7164E-02,0.015562111253223116
 9.7199E-02,0.01481609191848293
 9.7234E-02,0.013769878534935954
 9.7269E-02,0.012469115763111252
 9.7305E-02,0.010970573213640006
 9.7340E-02,0.009339679052073386
 9.7375E-02,0.007647672882873871
 9.7410E-02,0.005968500146311901
 9.7445E-02,0.004375582302835665
 9.7480E-02,0.002938603518557166
 9.7515E-02,0.0017204549540998603
 9.7550E-02,0.0007744718875545781
 9.7585E-02,0.00014208684245444695
 9.7620E-02,-0.00014899596883246436
 9.7655E-02,-8.60225256585272e-05
 9.7691E-02,0.0003282481436196733
 9.7726E-02,0.0010756656871669257
 9.7761E-02,0.002123489216616487
 9.7796E-02,0.0034258308312511395
 9.7831E-02,0.00492567658335351
 9.7866E-02,0.00655739387164173
 9.7901E-02,0.008249612993204264
 9.7936E-02,0.009928354706830652
 9.7971E-02,0.01152026576072794
 9.8006E-02,0.012955820689756191
 9.8041E-02,0.014172350758345454
 9.8077E-02,0.015116769416085276
 9.8112E-02,0.015747877519323175
 9.8147E-02,0.01603815015139309
 9.8182E-02,0.0159749293096951
 9.8217E-02,0.015560972083667343
 9.8252E-02,0.014814331219500492
 9.8287E-02,0.013767573111554188
 9.8322E-02,0.012466366212714339
 9.8357E-02,0.01096749955862346
 9.8392E-02,0.009336415521587819
 9.8427E-02,0.0076443620667343525
 9.8463E-02,0.005965286773051299
 9.8498E-02,0.004372606911912206
 9.8533E-02,0.0029359963034284176
 9.8568E-02,0.0017183300476929912
 9.8603E-02,0.0007729223438716044
 9.8638E-02,0.00014118053894643086
 9.8673E-02,-0.0001492193238230603
 9.8708E-02,-8.555314491049057e-05
 9.8743E-02,0.0003293896941511755
 9.8778E-02,0.001077429395927306
 9.8813E-02,0.0021257978324081754
 9.8849E-02,0.0034285832676330206
 9.8884E-02,0.004928752367750189
 9.8919E-02,0.006560658439391562
 9.8954E-02,0.008252923590245372
 9.8989E-02,0.009931566639327294
 9.9024E-02,0.011523238717025796
 9.9059E-02,0.012958424858847219
 9.9094E-02,0.014174472479962777
 9.9129E-02,0.015118316119734425
 9.9164E-02,0.015748781741277543
 9.9199E-02,0.016038372458994327
 9.9235E-02,0.015974460009387247
 9.9270E-02,0.015559831640640237
 9.9305E-02,0.014812569371382697
 9.9340E-02,0.01376526671342979
 9.9375E-02,0.012463615904443434
 9.9410E-02,0.010964425395692007
 9.9445E-02,0.009333151755311544
 9.9480E-02,0.00764105129726575
 9.9515E-02,0.00596207372697429
 9.9550E-02,0.004369632114459638
 9.9585E-02,0.002933389922184325
 9.9621E-02,0.0017162061791208996
 9.9656E-02,0.0007713739965445025
 9.9691E-02,0.0001402755378751634
 9.9726E-02,-0.00014944132738115685
 9.9761E-02,-8.508242297971688e-05
 9.9796E-02,0.00033053251683421087
 9.9831E-02,0.001079194252078645
 9.9866E-02,0.0021281074205929205
 9.9901E-02,0.0034313364588908863
 9.9936E-02,0.00493182865660443
 0.1000,0.006563923239315885
 0.1000,0.008256234137224103
 0.1000,0.009934778241940568
 0.1001,0.011526211078257754
 0.1001,0.012961028193856469
 0.1001,0.01417659316505589
 0.1002,0.015119861629780554
 0.1002,0.015749684664647625
 0.1003,0.01603859341968292
 0.1003,0.015973989372601877
 0.1003,0.01555868992991604
 0.1004,0.014810806379723353
 0.1004,0.01376295934590058
 0.1004,0.01246086484332493
 0.1005,0.010961350729462823
 0.1005,0.009329887757419948
 0.1005,0.00763774057811362
 0.1006,0.005958861011058917
 0.1006,0.004366657912709105
 0.1006,0.0029307843762375525
 0.1007,0.0017140833489775454
 0.1007,0.0007698268453570492
 0.1007,0.00013937183830733707
 0.1008,-0.00014966198105964345
 0.1008,-8.461036190902845e-05
 0.1008,0.00033167660926717825
 0.1009,0.001080960252971542
 0.1009,0.0021304179783991155
 0.1010,0.003434090402260285
 0.1010,0.004934905447232147
 0.1010,0.006567188268841792
 0.1011,0.008259544631692586
 0.1011,0.009937989512333385
 0.1011,0.011529182842191288
 0.1012,0.012963630692722768
 0.1012,0.014178712811811872
 0.1012,0.015121405944690643
 0.1013,0.015750586288330357
 0.1013,0.016038813032884403
 0.1013,0.015973517399321666
 0.1014,0.015557546952022511
 0.1014,0.014809042245530857
 0.1014,0.013760651010392026
 0.1015,0.012458113031140274
 0.1015,0.010958275562031872
 0.1016,0.009326623530289825
 0.1016,0.007634429911928903
 0.1016,0.005955648628212736
 0.1017,0.004363684309752074
 0.1017,0.002928179668749603
 0.1017,0.0017119615603788016
 0.1018,0.0007682808933149605
 0.1018,0.0001384694429979968
 0.1018,-0.00014988128250272107
 0.1019,-8.413695987207715e-05
 0.1019,0.00033282197265774836
 0.1019,0.0010827273991670088
 0.1020,0.002132729505756257
 0.1020,0.0034368450970392733
 0.1020,0.004937982738332847
 0.1021,0.006570453526066349
 0.1021,0.008262855071252075
 0.1021,0.009941200447711787
 0.1022,0.011532154005697855
 0.1022,0.012966232351970693
 0.1023,0.01418083141634624
 0.1023,0.01512294906020585
 0.1023,0.015751486607678482
 0.1024,0.01603903129363347
 0.1024,0.015973044084364285
 0.1024,0.015556402701636489
 0.1025,0.014807276963459426
 0.1025,0.013758341701627826
 0.1025,0.012455360462746425
 0.1026,0.010955199888424198
 0.1026,0.009323359069127273
 0.1026,0.0076311192941395205
 0.1027,0.005952436574176813
 0.1027,0.004360711301717974
 0.1027,0.0029255757963370325
 0.1028,0.0017098408104853121
 0.1028,0.0007667361381133943
 0.1028,0.00013756835026647145
 0.1029,-0.0001500992327029133
 0.1029,-8.366221716984687e-05
 0.1030,0.00033396860734819666
 0.1030,0.0010844956915870077
 0.1030,0.002135042004094896
 0.1031,0.0034396005451487865
 0.1031,0.004941060532250606
 0.1031,0.006573719013792313
 0.1032,0.008266165459083541
 0.1032,0.009944411051610206
 0.1032,0.011535124572709464
 0.1033,0.0129688331759528
 0.1033,0.014182948983483731
 0.1033,0.015124490981557676
 0.1034,0.015752385628252364
 0.1034,0.016039248207679737
 0.1034,0.01597256943357503
 0.1035,0.015555257184593992
 0.1035,0.014805510539224957
 0.1036,0.013756031425120782
 0.1036,0.01245260714340056
 0.1036,0.010952123713618367
 0.1037,0.009320094378552277
 0.1037,0.0076278087288959556
 0.1037,0.00594922485247925
 0.1038,0.004357738891403332
 0.1038,0.0029229727610306467
 0.1038,0.0017077211005587453
 0.1039,0.0007651925802721717
 0.1039,0.0001366685598597038
 0.1039,-0.0001503158326578405
 0.1040,-8.318613541587715e-05
 0.1040,0.0003351165112722127
 0.1040,0.001086265127848782
 0.1041,0.0021373554708033968
 0.1041,0.003442356743780232
 0.1041,0.004944138826092064
 0.1042,0.006576984729081658
 0.1042,0.00826947579230401
 0.1043,0.009947621321211516
 0.1043,0.01153809454039847
 0.1043,0.012971433161868355
 0.1044,0.014185065510510164
 0.1044,0.015126031706251524
 0.1044,0.015753283347897433
 0.1045,0.016039463773291806
 0.1045,0.015972093445640906
 0.1045,0.015554110400057922
 0.1046,0.014803742972461984
 0.1046,0.013753720180938091
 0.1046,0.012449853073551414
 0.1047,0.010949047038349837
 0.1047,0.009316829459620228
 0.1047,0.0076244982175898025
 0.1048,0.005946013464842038
 0.1048,0.004354767080851137
 0.1048,0.002920370565057232
 0.1049,0.001705602432913858
 0.1049,0.0007636502221137852
 0.1050,0.00013577007404584423
 0.1050,-0.0001505310802525393
 0.1050,-8.270871282728753e-05
 0.1051,0.0003362656857659153
 0.1051,0.0010880357087858735
 0.1051,0.00213966990622486
 0.1052,0.0034451136928369272
 0.1052,0.004947217619293117
 0.1052,0.006580250670904024
 0.1053,0.008272786069443884
 0.1053,0.009950831254693347
 0.1053,0.011541063906724321
 0.1054,0.012974032307453793
 0.1054,0.014187180994875032
 0.1054,0.015127571231389199
 0.1055,0.015754179763368428
 0.1055,0.0160396779869415
 0.1056,0.015971616116856442
 0.1056,0.01555296234414794
 0.1056,0.014801974259176079
 0.1057,0.013751407965075287
 0.1057,0.012447098249251283
 0.1057,0.010945969858804283
 0.1058,0.009313564308597522
 0.1058,0.007621187756564723
 0.1058,0.005942802407753724
 0.1059,0.0043517958667584206
 0.1059,0.002917769205455177
 0.1059,0.0017034848049675376
 0.1060,0.0007621090614411557
 0.1060,0.0001348728910507864
 0.1060,-0.00015074497676398222
 0.1061,-8.222995007582605e-05
 0.1061,0.00033741613072773354
 0.1061,0.0010898074348175322
 0.1062,0.002141985311230659
 0.1062,0.003447871393592373
 0.1063,0.0049502969135771895
 0.1063,0.006583516841440391
 0.1063,0.00827609629309732
 0.1064,0.00995404085501833
 0.1064,0.011544032674974537
 0.1064,0.012976630616407248
 0.1065,0.014189295440762143
 0.1065,0.015129109561632891
 0.1065,0.01575507487971033
 0.1066,0.01603989085391103
 0.1066,0.015971137452630874
 0.1066,0.015551813022375183
 0.1067,0.014800204404900975
 0.1067,0.013749094782970562
 0.1067,0.012444342675726567
 0.1068,0.010942892179910554
 0.1068,0.00931029893015053
 0.1068,0.007617877350135803
 0.1069,0.005939591685036503
 0.1069,0.00434882525232333
 0.1070,0.002915168684659398
 0.1070,0.0017013682183956772
 0.1070,0.0007605690992448529
 0.1071,0.0001339770111671478
 0.1071,-0.00015095752262526762
 0.1071,-8.174984831967787e-05
 0.1072,0.0003385678444331342
 0.1072,0.001091580303813885
 0.1072,0.002144301683407129
 0.1073,0.003450629843413597
 0.1073,0.004953376706071586
 0.1073,0.006586783237642582
 0.1074,0.008279406460142325
 0.1074,0.009957250119040082
 0.1074,0.011547000842010708
 0.1075,0.012979228085535867
 0.1075,0.014191408844943638
 0.1076,0.015130646693838172
 0.1076,0.015755968694011864
 0.1076,0.016040102371665945
 0.1077,0.015970657450812286
 0.1077,0.015550662432928884
 0.1077,0.014798433408202727
 0.1078,0.013746780633578747
 0.1078,0.012441586352352587
 0.1078,0.010939814001445437
 0.1079,0.00930703332431244
 0.1079,0.007614566998638896
 0.1079,0.005936381297389586
 0.1080,0.004345855238611671
 0.1080,0.0029125690040971283
 0.1080,0.00169925267486385
 0.1081,0.0007590303372478803
 0.1081,0.00013308243614002435
 0.1081,-0.00015116871611034043
 0.1082,-8.126840591778312e-05
 0.1082,0.0003397208282947318
 0.1083,0.0010933543168113176
 0.1083,0.0021466190233840688
 0.1083,0.003453389042564788
 0.1084,0.004956456996739622
 0.1084,0.0065900498591767494
 0.1084,0.008282716569915981
 0.1085,0.009960459045832596
 0.1085,0.011549968406701841
 0.1085,0.012981824713582744
 0.1086,0.014193521206014031
 0.1086,0.01513218262635783
 0.1086,0.015756861204320925
 0.1087,0.01604031253794336
 0.1087,0.015970176108966474
 0.1087,0.015549510573300613
 0.1088,0.014796661266465045
 0.1088,0.013744465514197259
 0.1088,0.012438829276351687
 0.1089,0.010936735320621643
 0.1089,0.009303767488402864
 0.1090,0.007611256699442029
 0.1090,0.005933171242180044
 0.1090,0.004342885823017237
 0.1091,0.002909970161258278
 0.1091,0.0016971381720823867
 0.1091,0.0007574927734796369
 0.1092,0.00013218916429689218
 0.1092,-0.00015137855856073534
 0.1092,-8.078562385355307e-05
 0.1093,0.00034087508176656225
 0.1093,0.001095129473774663
 0.1093,0.0021489373315717246
 0.1094,0.003456148991828106
 0.1094,0.00495953778671279
 0.1094,0.006593316707537447
 0.1095,0.008286026624339506
 0.1095,0.009963667637699375
 0.1096,0.011552935371709728
 0.1096,0.012984420503540024
 0.1096,0.014195632527362891
 0.1097,0.015133717363057377
 0.1097,0.015757752414974614
 0.1097,0.016040521357450568
 0.1098,0.015969693431964364
 0.1098,0.01554835744839756
 0.1098,0.014794887984665295
 0.1099,0.01374214942983254
 0.1099,0.012436071452696311
 0.1099,0.010933656142238455
 0.1100,0.00930050142690074
 0.1100,0.00795276767525305
