  0.000,0.0
  1.000,0.009271696347629406
  0.000,0.009271696347629406
 1.7540E-05,0.009679897282506109
 3.5080E-05,0.010893356356092652
 5.2620E-05,0.012725583384098727
 7.0160E-05,0.015459796809971137
 8.7700E-05,0.01844379631470263
 1.0524E-04,0.02072641076320652
 1.2278E-04,0.021823992279589106
 1.4032E-04,0.021614250858798853
 1.5786E-04,0.020030429239982113
 1.7540E-04,0.017436213121077307
 1.9294E-04,0.014789853693672615
 2.1048E-04,0.012727035657654002
 2.2802E-04,0.011281520928159018
 2.4556E-04,0.010461480337206916
 2.6310E-04,0.010048645865215143
 2.8064E-04,0.009310825525351705
 2.9818E-04,0.00769178995485044
 3.1572E-04,0.005307597340536612
 3.3326E-04,0.0024917831534373757
 3.5080E-04,-0.0003737958665303324
 3.6834E-04,-0.0025329267394334897
 3.8588E-04,-0.0032827484422206874
 4.0342E-04,-0.0026034267091100995
 4.2096E-04,-0.00085936811912446
 4.3850E-04,0.0015427329314306663
 4.5604E-04,0.003969996677401311
 4.7358E-04,0.00576309969677565
 4.9112E-04,0.006796632278809085
 5.0866E-04,0.00742311469578906
 5.2620E-04,0.008042294426812967
 5.4374E-04,0.009081321273184357
 5.6128E-04,0.010957283396906005
 5.7882E-04,0.013669559363702063
 5.9636E-04,0.016690060161106295
 6.1390E-04,0.019361334815598267
 6.3144E-04,0.021152841859403016
 6.4898E-04,0.021630950198011183
 6.6652E-04,0.020683934839198993
 6.8406E-04,0.01876331703809068
 7.0160E-04,0.016539444491820154
 7.1914E-04,0.01451072745080533
 7.3668E-04,0.013034638118832063
 7.5422E-04,0.012224752301487604
 7.7176E-04,0.011722656256412702
 7.8930E-04,0.010946584569274383
 8.0684E-04,0.009511893002501347
 8.2438E-04,0.0072844395271041504
 8.4192E-04,0.004381801710287726
 8.5946E-04,0.0013052480039527047
 8.7700E-04,-0.0012184302938897025
 8.9454E-04,-0.0026388038914792965
 9.1208E-04,-0.00274911229092738
 9.2962E-04,-0.0016433615900501848
 9.4716E-04,0.00026671814545847967
 9.6470E-04,0.0023325544594695576
 9.8224E-04,0.0040122866223141086
 9.9978E-04,0.0051239141745987645
 1.0173E-03,0.005787441127168151
 1.0349E-03,0.006346446868104573
 1.0524E-03,0.007309020707724113
 1.0699E-03,0.009072493105690721
 1.0875E-03,0.011646868109810032
 1.1050E-03,0.01469334974848819
 1.1226E-03,0.01768088431868569
 1.1401E-03,0.01998027391528794
 1.1576E-03,0.021081942543240445
 1.1752E-03,0.020868920382988387
 1.1927E-03,0.01962055271753892
 1.2103E-03,0.017821487125533355
 1.2278E-03,0.016020552164008675
 1.2453E-03,0.014660094004834336
 1.2629E-03,0.013847073734650009
 1.2804E-03,0.013318390600594353
 1.2980E-03,0.01263770889036071
 1.3155E-03,0.01138599461040166
 1.3330E-03,0.009305547337192346
 1.3506E-03,0.006467243436145789
 1.3681E-03,0.003310857547366968
 1.3857E-03,0.0004549865903177865
 1.4032E-03,-0.0015421349541062499
 1.4207E-03,-0.0023324299765619186
 1.4383E-03,-0.0018947428161345248
 1.4558E-03,-0.000574864037869283
 1.4734E-03,0.0010780402177022873
 1.4909E-03,0.002570120173052041
 1.5084E-03,0.003620741405059201
 1.5260E-03,0.004236738077385436
 1.5435E-03,0.004729440622567884
 1.5611E-03,0.005569552365382283
 1.5786E-03,0.0071300524850942005
 1.5961E-03,0.009518452343730653
 1.6137E-03,0.012534211750636513
 1.6312E-03,0.01569358110575116
 1.6488E-03,0.01837355073980808
 1.6663E-03,0.020062396783797034
 1.6838E-03,0.020545866898027388
 1.7014E-03,0.019943308018814915
 1.7189E-03,0.0186496166432397
 1.7365E-03,0.017193688852822277
 1.7540E-03,0.016012395229966683
 1.7715E-03,0.015264731853030806
 1.7891E-03,0.014802839656767168
 1.8066E-03,0.01426187136002487
 1.8242E-03,0.013208614930073376
 1.8417E-03,0.011342987904462143
 1.8592E-03,0.008670200943583475
 1.8768E-03,0.005521238106615955
 1.8943E-03,0.0024341524089220644
 1.9119E-03,-1.593492917462266e-05
 1.9294E-03,-0.0014078482206564785
 1.9469E-03,-0.0016348168684820418
 1.9645E-03,-0.0009280005299295006
 1.9820E-03,0.0002685040930414695
 1.9996E-03,0.0014777993654204158
 2.0171E-03,0.0023665553120162863
 2.0346E-03,0.0028809004037004997
 2.0522E-03,0.003262387817857864
 2.0697E-03,0.003917850354409497
 2.0873E-03,0.005228442369244057
 2.1048E-03,0.007382493532568217
 2.1223E-03,0.01026798852179012
 2.1399E-03,0.013474392926580283
 2.1574E-03,0.016431503883978446
 2.1750E-03,0.018615205163610232
 2.1925E-03,0.01971945054991652
 2.2100E-03,0.0197488658442383
 2.2276E-03,0.019006177633388757
 2.2451E-03,0.017956286940219612
 2.2627E-03,0.01702269131345269
 2.2802E-03,0.016421796979506076
 2.2977E-03,0.0160919628869169
 2.3153E-03,0.015726298295505394
 2.3328E-03,0.01491115536534624
 2.3504E-03,0.01332443874192338
 2.3679E-03,0.010893360961923972
 2.3854E-03,0.007845341477168671
 2.4030E-03,0.004650139626905469
 2.4205E-03,0.0018699072247194046
 2.4381E-03,-3.9016849019992556e-05
 2.4556E-03,-0.0008830932335395985
 2.4731E-03,-0.0007768492290125923
 2.4907E-03,-7.447007265089277e-05
 2.5082E-03,0.000780260216058774
 2.5258E-03,0.0014392862231582568
 2.5433E-03,0.001794143300407613
 2.5608E-03,0.0020086371733397594
 2.5784E-03,0.0024349846391649365
 2.5959E-03,0.003457142491613276
 2.6135E-03,0.005315150154346558
 2.6310E-03,0.00797696992914158
 2.6485E-03,0.011121145972527374
 2.6661E-03,0.01423818618206614
 2.6836E-03,0.016800645081578996
 2.7012E-03,0.01843934621428548
 2.7187E-03,0.019064822713519648
 2.7362E-03,0.018879411911150258
 2.7538E-03,0.01827180281812622
 2.7713E-03,0.017646493433957543
 2.7889E-03,0.017258443359952226
 2.8064E-03,0.01711080049721639
 2.8239E-03,0.01695867122976789
 2.8415E-03,0.016423521996722843
 2.8590E-03,0.015166335806785043
 2.8766E-03,0.013044631932614178
 2.8941E-03,0.010195881423943367
 2.9116E-03,0.007014784383971651
 2.9292E-03,0.004026300939023814
 2.9467E-03,0.0017055184610211562
 2.9643E-03,0.0003209457287436585
 2.9818E-03,-0.00014100801816216538
 2.9993E-03,5.371460163710142e-05
 3.0169E-03,0.0005128108192234097
 3.0344E-03,0.0008904634745039832
 3.0520E-03,0.0010322249142805469
 3.0695E-03,0.0010339067876774023
 3.0870E-03,0.00119615546193168
 3.1046E-03,0.0018918205807662864
 3.1221E-03,0.003396333844457038
 3.1397E-03,0.005753006417772014
 3.1572E-03,0.008730044337857476
 3.1747E-03,0.011883349160521833
 3.1923E-03,0.014700557410000568
 3.2098E-03,0.016773848912858377
 3.2274E-03,0.01793265533711062
 3.2449E-03,0.01828139613199477
 3.2624E-03,0.018130937151361562
 3.2800E-03,0.017854866339669078
 3.2975E-03,0.017726529005588715
 3.3151E-03,0.01780193802020835
 3.3326E-03,0.017898401570194993
 3.3501E-03,0.01767650400440985
 3.3677E-03,0.016789252247770968
 3.3852E-03,0.015039203932781145
 3.4028E-03,0.012481672458126758
 3.4203E-03,0.009429872985229786
 3.4378E-03,0.00635836991330159
 3.4554E-03,0.003745115863721215
 3.4729E-03,0.00191423370292273
 3.4905E-03,0.0009386316934368175
 3.5080E-03,0.0006402600524011965
 3.5255E-03,0.0006877208833234226
 3.5431E-03,0.000749284656312035
 3.5606E-03,0.000638168095796084
 3.5782E-03,0.00039329903617158266
 3.5957E-03,0.00026358855812198096
 3.6132E-03,0.00060075888913455
 3.6308E-03,0.0017047320840868699
 3.6483E-03,0.0036854955294314635
 3.6659E-03,0.006396251777529577
 3.6834E-03,0.009464276160892734
 3.7009E-03,0.01240935939811601
 3.7185E-03,0.014804049153357665
 3.7360E-03,0.016411580884889726
 3.7536E-03,0.01724792054342749
 3.7711E-03,0.0175458730343811
 3.7886E-03,0.01763667559470094
 3.8062E-03,0.017797107749427415
 3.8237E-03,0.018125263927265725
 3.8413E-03,0.01849556476248134
 3.8588E-03,0.01860985478784056
 3.8763E-03,0.018123684948696952
 3.8939E-03,0.016797586952318366
 3.9114E-03,0.014611690264415802
 3.9290E-03,0.011796353117310178
 3.9465E-03,0.008766647131451479
 3.9640E-03,0.005986813535455186
 3.9816E-03,0.0038172454922491897
 3.9991E-03,0.0024036471412688574
 4.0167E-03,0.0016515836950149753
 4.0342E-03,0.0012944175973872568
 4.0517E-03,0.0010251068953459124
 4.0693E-03,0.0006383424038849447
 4.0868E-03,0.00012584416568144432
 4.1044E-03,-0.00031415267948740086
 4.1219E-03,-0.00035703710833825107
 4.1394E-03,0.0003114901874039167
 4.1570E-03,0.0018572178908045213
 4.1745E-03,0.004212813629282235
 4.1921E-03,0.00708135195585513
 4.2096E-03,0.010027682474692174
 4.2271E-03,0.012621744824376592
 4.2447E-03,0.014577587613325277
 4.2622E-03,0.015834362518058732
 4.2798E-03,0.01654848015001457
 4.2973E-03,0.017001355600284703
 4.3148E-03,0.017461477685773052
 4.3324E-03,0.018057646241504972
 4.3499E-03,0.018714605073976008
 4.3675E-03,0.01917688139157831
 4.3850E-03,0.019111524962105112
 4.4025E-03,0.01824835907808426
 4.4201E-03,0.016500776238823275
 4.4376E-03,0.014018266312325639
 4.4552E-03,0.01114948623576438
 4.4727E-03,0.008330019444780325
 4.4902E-03,0.005938826879116704
 4.5078E-03,0.0041798496633119984
 4.5253E-03,0.0030344701767595953
 4.5429E-03,0.0023015860317969795
 4.5604E-03,0.0017074264294627043
 4.5779E-03,0.0010399259973778963
 4.5955E-03,0.0002527253086722979
 4.6130E-03,-0.0005035889423094119
 4.6306E-03,-0.0009354914999233982
 4.6481E-03,-0.0007239447247251148
 4.6656E-03,0.0003417274019487651
 4.6832E-03,0.0022672127816443935
 4.7007E-03,0.0048328863072512485
 4.7183E-03,0.007658322257893207
 4.7358E-03,0.010326527254434684
 4.7533E-03,0.012519483905147313
 4.7709E-03,0.014112250155679466
 4.7884E-03,0.015189353545111828
 4.8060E-03,0.015978595166034962
 4.8235E-03,0.016730648240507896
 4.8410E-03,0.017594111664091062
 4.8586E-03,0.018536959824019376
 4.8761E-03,0.019346511013236332
 4.8937E-03,0.019708253772041134
 4.9112E-03,0.0193318416396075
 4.9287E-03,0.01807356501923309
 4.9463E-03,0.016006074292923396
 4.9638E-03,0.013407114489923452
 4.9814E-03,0.010671351609297617
 4.9989E-03,0.008180113766925758
 5.0164E-03,0.006180272978486685
 5.0340E-03,0.004719114019939278
 5.0515E-03,0.0036593021142823493
 5.0691E-03,0.0027661232023320917
 5.0866E-03,0.0018304154653547128
 5.1041E-03,0.0007766088623595041
 5.1217E-03,-0.0002882196461680606
 5.1392E-03,-0.0011043104749308477
 5.1568E-03,-0.0013564348206740375
 5.1743E-03,-0.0007995499304532945
 5.1918E-03,0.0006373819536162859
 5.2094E-03,0.0028109266228036147
 5.2269E-03,0.005402377033362115
 5.2445E-03,0.0080215319106469
 5.2620E-03,0.010334559251689059
 5.2795E-03,0.012166005131755569
 5.2971E-03,0.013535558478086858
 5.3146E-03,0.014616555371702405
 5.3322E-03,0.015634596983290453
 5.3497E-03,0.016748447870499283
 5.3672E-03,0.017962182616981123
 5.3848E-03,0.019104676238417016
 5.4023E-03,0.019885186057453763
 5.4199E-03,0.020003025731004133
 5.4374E-03,0.019267518573964255
 5.4549E-03,0.017680160506159212
 5.4725E-03,0.015445932801056826
 5.4900E-03,0.012909058161636792
 5.5076E-03,0.010438636573766629
 5.5251E-03,0.008309208608044415
 5.5426E-03,0.006622734030453461
 5.5602E-03,0.005301497940165689
 5.5777E-03,0.004152901685642193
 5.5953E-03,0.0029783943871198575
 5.6128E-03,0.00168144917352369
 5.6303E-03,0.0003302630176054001
 5.6479E-03,-0.0008506782861238266
 5.6654E-03,-0.0015572536890254352
 5.6830E-03,-0.0015201755235848427
 5.7005E-03,-0.0006117404916959521
 5.7180E-03,0.001097563730365072
 5.7356E-03,0.0033551460065835864
 5.7531E-03,0.00580894929930571
 5.7707E-03,0.008124287515866092
 5.7882E-03,0.010089180880128775
 5.8057E-03,0.011667372529483855
 5.8233E-03,0.012979381811233304
 5.8408E-03,0.01422087485294069
 5.8584E-03,0.015552698159485252
 5.8759E-03,0.017008065989571497
 5.8934E-03,0.01845518548623471
 5.9110E-03,0.01963108307968156
 5.9285E-03,0.020233665248922228
 5.9461E-03,0.020035532497421703
 5.9636E-03,0.01897415868088077
 5.9811E-03,0.017182403700870773
 5.9987E-03,0.014947177237805424
 6.0162E-03,0.012612694729619931
 6.0338E-03,0.010466589866588044
 6.0513E-03,0.008653489191812871
 6.0688E-03,0.0071491548813288185
 6.0864E-03,0.005803754054784437
 6.1039E-03,0.004435124890147043
 6.1215E-03,0.0029330962421165946
 6.1390E-03,0.00133178287613123
 6.1565E-03,-0.00018008269960460518
 6.1741E-03,-0.0013156106969448118
 6.1916E-03,-0.0017909166761964231
 6.2092E-03,-0.0014309923982424057
 6.2267E-03,-0.00023842637487772188
 6.2442E-03,0.0016021551026786617
 6.2618E-03,0.003785667329373372
 6.2793E-03,0.005989922764610621
 6.2969E-03,0.007980218907883876
 6.3144E-03,0.009674455090869259
 6.3319E-03,0.011144126393318056
 6.3495E-03,0.012552401001529349
 6.3670E-03,0.01405574076306343
 6.3846E-03,0.015709994959211365
 6.4021E-03,0.01741985162427434
 6.4196E-03,0.01895291864072902
 6.4372E-03,0.020013624150331102
 6.4547E-03,0.020347981857041782
 6.4723E-03,0.019837726368387577
 6.4898E-03,0.01854644658553145
 6.5073E-03,0.01669947914657924
 6.5249E-03,0.014605717788440283
 6.5424E-03,0.012552458321266079
 6.5600E-03,0.010714712158324376
 6.5775E-03,0.009114088571085949
 6.5950E-03,0.007642107976145169
 6.6126E-03,0.006136878326473745
 6.6301E-03,0.0044807815874185345
 6.6477E-03,0.0026786083518914256
 6.6652E-03,0.0008836794656385807
 6.6827E-03,-0.0006394053294061783
 6.7003E-03,-0.001601203113557619
 6.7178E-03,-0.001789136650369891
 6.7354E-03,-0.0011444766299692393
 6.7529E-03,0.00021557801301713437
 6.7704E-03,0.002039194573689753
 6.7880E-03,0.0040281168458953945
 6.8055E-03,0.005938011245485753
 6.8231E-03,0.007651692199700768
 6.8406E-03,0.009197132229241099
 6.8581E-03,0.01070450920992948
 6.8757E-03,0.01232107844950773
 6.8932E-03,0.014119506561060839
 6.9108E-03,0.016037759229370036
 6.9283E-03,0.017875807011720382
 6.9458E-03,0.01935149365405477
 6.9634E-03,0.02019406723564355
 6.9809E-03,0.02023863363947074
 6.9985E-03,0.019484274619610324
 7.0160E-03,0.018093010142785738
 7.0335E-03,0.01633035098119682
 7.0511E-03,0.014471331394920472
 7.0686E-03,0.012709299979391471
 7.0862E-03,0.011103106414877153
 7.1037E-03,0.009582493225418013
 7.1212E-03,0.008007948328117293
 7.1388E-03,0.006259430756364697
 7.1563E-03,0.004316935461540014
 7.1739E-03,0.002299336328404161
 7.1914E-03,0.0004448827005084197
 7.2089E-03,-0.0009597437615910327
 7.2265E-03,-0.001674262597755463
 7.2440E-03,-0.001586443173876436
 7.2616E-03,-0.000748755260219314
 7.2791E-03,0.0006439822362729497
 7.2966E-03,0.0023267335316421297
 7.3142E-03,0.0040574772465007385
 7.3317E-03,0.005694835084701788
 7.3493E-03,0.007229998339945626
 7.3668E-03,0.008761436778728971
 7.3843E-03,0.01042397027760154
 7.4019E-03,0.012302103115979332
 7.4194E-03,0.014363743111352016
 7.4370E-03,0.016442134088529677
 7.4545E-03,0.01827440469158711
 7.4720E-03,0.01958235904839041
 7.4896E-03,0.020164094902219855
 7.5071E-03,0.019960558860648268
 7.5247E-03,0.019071062773995406
 7.5422E-03,0.017712104853884407
 7.5597E-03,0.01613633382853975
 7.5773E-03,0.01454407692542777
 7.5948E-03,0.013022322901880835
 7.6124E-03,0.011534565615268673
 7.6299E-03,0.009964208139203243
 7.6474E-03,0.008192637705031237
 7.6650E-03,0.006179217933315507
 7.6825E-03,0.004009803189188381
 7.7001E-03,0.0018931610734864114
 7.7176E-03,0.00010569847655289089
 7.7351E-03,-0.0010943639735094015
 7.7527E-03,-0.0015500399896742998
 7.7702E-03,-0.0012536628555586367
 7.7878E-03,-0.00034169320444989084
 7.8053E-03,0.0009610646239004644
 7.8228E-03,0.0024253469570508627
 7.8404E-03,0.003896129079723737
 7.8579E-03,0.005335324295192974
 7.8755E-03,0.006812412516621414
 7.8930E-03,0.008448016839696773
 7.9105E-03,0.010334405720179744
 7.9281E-03,0.012466135142199289
 7.9456E-03,0.014709918438563716
 7.9632E-03,0.016827038329930894
 7.9807E-03,0.018540521512791553
 7.9982E-03,0.01962129388960215
 8.0158E-03,0.01995982265692552
 8.0333E-03,0.019595447285195126
 8.0509E-03,0.018692430129779558
 8.0684E-03,0.01747291649097418
 8.0859E-03,0.016133929205962922
 8.1035E-03,0.014781452234438355
 8.1210E-03,0.01340731313184805
 8.1386E-03,0.011917032090170109
 8.1561E-03,0.01019616103424611
 8.1736E-03,0.008187147926688577
 8.1912E-03,0.005944589561402076
 8.2087E-03,0.003645504368884893
 8.2263E-03,0.0015493863543683739
 8.2438E-03,-7.704680397759662e-05
 8.2613E-03,-0.0010414172327022644
 8.2789E-03,-0.001282112847720574
 8.2964E-03,-0.0008781430366604832
 8.3140E-03,-9.389561959914638e-06
 8.3315E-03,0.0011163270201246895
 8.3490E-03,0.0023401157073866087
 8.3666E-03,0.0036024189344991096
 8.3841E-03,0.004947514489635806
 8.4017E-03,0.006481345178406862
 8.4192E-03,0.00830077522163031
 8.4367E-03,0.01042388053425895
 8.4543E-03,0.01275046308254352
 8.4718E-03,0.015069865989028867
 8.4894E-03,0.01711422449440984
 8.5069E-03,0.018637072267812513
 8.5244E-03,0.019487003147947456
 8.5420E-03,0.019647974523999454
 8.5595E-03,0.019231093694666995
 8.5771E-03,0.018422009266796064
 8.5946E-03,0.01740554206907223
 8.6121E-03,0.01629789410688761
 8.6297E-03,0.015113253386106315
 8.6472E-03,0.013777397846180154
 8.6648E-03,0.012181771596628624
 8.6823E-03,0.010255137567761988
 8.6998E-03,0.008022832453815092
 8.7174E-03,0.0056286599451071066
 8.7349E-03,0.003309493728266429
 8.7525E-03,0.0013316255236606555
 8.7700E-03,-8.685180374616705e-05
 8.7875E-03,-0.0008378500874112473
 8.8051E-03,-0.0009458605776419658
 8.8226E-03,-0.000543428384433161
 8.8402E-03,0.00018982248967468153
 8.8577E-03,0.0010998020938209818
 8.8752E-03,0.0021131712874614215
 8.8928E-03,0.003253486766222959
 8.9103E-03,0.00461256964257647
 8.9279E-03,0.00628955503981808
 8.9454E-03,0.008323149503336319
 8.9629E-03,0.010645398457063257
 8.9805E-03,0.013076693180465025
 8.9980E-03,0.0153652850661892
 9.0156E-03,0.017256791041554528
 9.0331E-03,0.0185671548007937
 9.0506E-03,0.019231088615936545
 9.0682E-03,0.01930775849497754
 9.0857E-03,0.018942478864006247
 9.1033E-03,0.018300584895283144
 9.1208E-03,0.01750044125042055
 9.1383E-03,0.016572440667751178
 9.1559E-03,0.015459986122664434
 9.1734E-03,0.01406127634207547
 9.1910E-03,0.012294139472767616
 9.2085E-03,0.010156812757319555
 9.2260E-03,0.007759164317054852
 9.2436E-03,0.005310712236679923
 9.2611E-03,0.0030690986085040264
 9.2787E-03,0.0012684373658147297
 9.2962E-03,5.4881186970089264e-05
 9.3137E-03,-0.0005462278202891362
 9.3313E-03,-0.0006198406201041849
 9.3488E-03,-0.00031264406188267736
 9.3664E-03,0.00023336316309078897
 9.3839E-03,0.0009382619933416098
 9.4014E-03,0.0018096962365440315
 9.4190E-03,0.0029267024541752033
 9.4365E-03,0.004389094638130263
 9.4541E-03,0.0062535843891631734
 9.4716E-03,0.0084832361754339
 9.4891E-03,0.01093160441123272
 9.5067E-03,0.01336911161039921
 9.5242E-03,0.015542409018666926
 9.5418E-03,0.017244306957419804
 9.5593E-03,0.018367624821214075
 9.5768E-03,0.018922703856847183
 9.5944E-03,0.01901279163734154
 9.6119E-03,0.018778212794944234
 9.6295E-03,0.018332451511814448
 9.6470E-03,0.017716108291337233
 9.6645E-03,0.01688709567932834
 9.6821E-03,0.015750535346792195
 9.6996E-03,0.014215629379004467
 9.7172E-03,0.012255791710100598
 9.7347E-03,0.009946926917291371
 9.7522E-03,0.007467461572962405
 9.7698E-03,0.00505901923509555
 9.7873E-03,0.0029623017197289788
 9.8049E-03,0.001352513597926409
 9.8224E-03,0.0002987053781239699
 9.8399E-03,-0.0002381902810268756
 9.8575E-03,-0.00036918875010587943
 9.8750E-03,-0.0002184620738451767
 9.8926E-03,0.0001338994889649472
 9.9101E-03,0.0006844245072914545
 9.9276E-03,0.0015012078446442595
 9.9452E-03,0.0026837368063371567
 9.9627E-03,0.004304348989196441
 9.9803E-03,0.006355581032354561
 9.9978E-03,0.00872543516368304
 1.0015E-02,0.011211552716816377
 1.0033E-02,0.013569854044885744
 1.0050E-02,0.015579519826718898
 1.0068E-02,0.01709970083832597
 1.0086E-02,0.018096655722167985
 1.0103E-02,0.018631812156396258
 1.0121E-02,0.01881677947735524
 1.0138E-02,0.0187543493132455
 1.0156E-02,0.018489788939953438
 1.0173E-02,0.017992201739607857
 1.0191E-02,0.017173292648389463
 1.0208E-02,0.015935570407153692
 1.0226E-02,0.014229991384379487
 1.0243E-02,0.01209911473665331
 1.0261E-02,0.009687552095095241
 1.0278E-02,0.007214523953820512
 1.0296E-02,0.004918402483434503
 1.0314E-02,0.002994166768959974
 1.0331E-02,0.0015473465152925341
 1.0349E-02,0.0005813243557151982
 1.0366E-02,2.157102008723858e-05
 1.0384E-02,-0.0002341693126139547
 1.0401E-02,-0.00026077428745071673
 1.0419E-02,-6.833734112130359e-05
 1.0436E-02,0.0004023788988027816
 1.0454E-02,0.001249949318948545
 1.0471E-02,0.0025601549882299205
 1.0489E-02,0.004353165840541561
 1.0506E-02,0.006551922375239426
 1.0524E-02,0.008985286428359236
 1.0542E-02,0.011425802405545814
 1.0559E-02,0.013648228098652232
 1.0577E-02,0.015486797863054269
 1.0594E-02,0.01686974452445783
 1.0612E-02,0.017818713462391896
 1.0629E-02,0.018414696121717564
 1.0647E-02,0.018745354332866775
 1.0664E-02,0.01885578087244316
 1.0682E-02,0.01872300382706325
 1.0699E-02,0.01826465315073977
 1.0717E-02,0.01737818483688308
 1.0734E-02,0.01599454490323265
 1.0752E-02,0.01412416891268922
 1.0770E-02,0.01187614184116638
 1.0787E-02,0.009441983279595015
 1.0805E-02,0.007049560324285923
 1.0822E-02,0.004904406085333592
 1.0840E-02,0.0031405435004481577
 1.0857E-02,0.0017989360959762915
 1.0875E-02,0.0008405916030837929
 1.0892E-02,0.00018760576846404563
 1.0910E-02,-0.00022548204840170294
 1.0927E-02,-0.0004114367393203384
 1.0945E-02,-0.00031779259343024706
 1.0963E-02,0.00015277601234298658
 1.0980E-02,0.0010974365410250154
 1.0998E-02,0.002561870677604301
 1.1015E-02,0.004503682737829009
 1.1033E-02,0.006785885187232268
 1.1050E-02,0.009203985384189744
 1.1068E-02,0.011536970756463292
 1.1085E-02,0.0136031039776434
 1.1103E-02,0.015299631276316523
 1.1120E-02,0.01661200288895612
 1.1138E-02,0.017590401540541565
 1.1155E-02,0.018304365537005252
 1.1173E-02,0.018794855200808987
 1.1191E-02,0.01904383129120826
 1.1208E-02,0.018974053433542398
 1.1226E-02,0.018479366772925415
 1.1243E-02,0.017473240473796205
 1.1261E-02,0.015935772823509307
 1.1278E-02,0.013939808012432343
 1.1296E-02,0.011645028081740071
 1.1313E-02,0.009261555859043678
 1.1331E-02,0.006996613657831375
 1.1348E-02,0.005004321776694192
 1.1366E-02,0.003357236483180994
 1.1383E-02,0.0020494022516961584
 1.1401E-02,0.001028113591320949
 1.1419E-02,0.00024027401738725457
 1.1436E-02,-0.0003263206638126091
 1.1454E-02,-0.0006240913121141743
 1.1471E-02,-0.0005572100272247844
 1.1489E-02,-1.9134282515825374e-05
 1.1506E-02,0.0010589208260057925
 1.1524E-02,0.0026682086587426126
 1.1541E-02,0.004707737333288526
 1.1559E-02,0.007001190350256153
 1.1576E-02,0.009339655446713984
 1.1594E-02,0.011534242403399059
 1.1611E-02,0.013458891338598046
 1.1629E-02,0.015067713791740097
 1.1647E-02,0.016381451502838085
 1.1664E-02,0.017449966148837613
 1.1682E-02,0.018307131202161535
 1.1699E-02,0.01893730106442583
 1.1717E-02,0.019267595889786538
 1.1734E-02,0.019189587079934657
 1.1752E-02,0.01860189861804255
 1.1769E-02,0.017456603967088643
 1.1787E-02,0.015790562326005144
 1.1804E-02,0.01372868909608074
 1.1822E-02,0.011457218895684464
 1.1840E-02,0.00917682321408483
 1.1857E-02,0.007053249248396106
 1.1875E-02,0.005183870163077605
 1.1892E-02,0.003591971108845757
 1.1910E-02,0.0022494342919866118
 1.1927E-02,0.0011172113770009295
 1.1945E-02,0.0001860619389184912
 1.1962E-02,-0.000499793163902077
 1.1980E-02,-0.0008463213297996709
 1.1997E-02,-0.0007396463948990344
 1.2015E-02,-9.058456335269912e-05
 1.2032E-02,0.0011240358546391683
 1.2050E-02,0.002839977733376622
 1.2068E-02,0.004913104837210785
 1.2085E-02,0.007153498090728565
 1.2103E-02,0.009373511998710268
 1.2120E-02,0.011431762751402778
 1.2138E-02,0.01325684188903273
 1.2155E-02,0.014842771253381067
 1.2173E-02,0.016219555068560293
 1.2190E-02,0.01741208612012394
 1.2208E-02,0.018405157567546095
 1.2225E-02,0.019129644214085813
 1.2243E-02,0.019476162320581806
 1.2260E-02,0.01933123367719189
 1.2278E-02,0.018621705259475964
 1.2296E-02,0.017349635370583674
 1.2313E-02,0.015603469433255624
 1.2331E-02,0.013540627255388023
 1.2348E-02,0.01134784846824077
 1.2366E-02,0.00919427658372492
 1.2383E-02,0.007194871893522591
 1.2401E-02,0.005397352488162421
 1.2418E-02,0.0037963000182992027
 1.2436E-02,0.0023671926903099825
 1.2453E-02,0.0011052798814640008
 1.2471E-02,5.2489951023641747e-05
 1.2488E-02,-0.0006993922166006054
 1.2506E-02,-0.0010312897747495162
 1.2524E-02,-0.0008366241861860936
 1.2541E-02,-6.272192311618068e-05
 1.2559E-02,0.0012626224860448156
 1.2576E-02,0.003030192329250665
 1.2594E-02,0.005074815015840501
 1.2611E-02,0.007217800190510843
 1.2629E-02,0.009310395881758068
 1.2646E-02,0.011262133036414487
 1.2664E-02,0.01304414254686478
 1.2681E-02,0.014667637050836967
 1.2699E-02,0.01614769200343138
 1.2717E-02,0.01746824957242338
 1.2734E-02,0.018563601434107672
 1.2752E-02,0.019324780459122334
 1.2769E-02,0.019629069133915128
 1.2787E-02,0.0193813266416226
 1.2804E-02,0.01855086599954453
 1.2822E-02,0.017189174698954333
 1.2839E-02,0.015421232171616972
 1.2857E-02,0.013413519294696828
 1.2874E-02,0.011330871201171518
 1.2892E-02,0.009298476926351263
 1.2909E-02,0.007382968237202753
 1.2927E-02,0.0055986804273692676
 1.2945E-02,0.003935002053499236
 1.2962E-02,0.0023923306611668173
 1.2980E-02,0.001010850108362846
 1.2997E-02,-0.00012057877849651886
 1.3015E-02,-0.000879942290223574
 1.3032E-02,-0.001146562417795089
 1.3050E-02,-0.0008413239306656304
 1.3067E-02,4.307160990117329e-05
 1.3085E-02,0.0014337752488909413
 1.3102E-02,0.0031948494430236738
 1.3120E-02,0.005163350304552972
 1.3137E-02,0.007190778793971217
 1.3155E-02,0.009174380419105954
 1.3173E-02,0.011067057746055056
 1.3190E-02,0.012863370938098816
 1.3208E-02,0.014568740168256255
 1.3225E-02,0.016165663402768277
 1.3243E-02,0.017591849110933082
 1.3260E-02,0.01874022406343705
 1.3278E-02,0.019481814094947852
 1.3295E-02,0.019703116346154865
 1.3313E-02,0.019343552899042004
 1.3330E-02,0.01841834159442193
 1.3348E-02,0.01701774104696662
 1.3365E-02,0.015282853069624857
 1.3383E-02,0.013367276329703262
 1.3401E-02,0.011399248512292418
 1.3418E-02,0.00945838827334881
 1.3436E-02,0.007575026686716344
 1.3453E-02,0.0057509050578733465
 1.3471E-02,0.003991418483290817
 1.3488E-02,0.002335028128317031
 1.3506E-02,0.0008667390047255529
 1.3523E-02,-0.000290905950550662
 1.3541E-02,-0.0010066884080912387
 1.3558E-02,-0.0011786955932427266
 1.3576E-02,-0.000766865969569523
 1.3594E-02,0.00019248330004793888
 1.3611E-02,0.0015957887764308093
 1.3629E-02,0.0033015332538479736
 1.3646E-02,0.005168477216493135
 1.3664E-02,0.007088354219371597
 1.3681E-02,0.009001043490017683
 1.3699E-02,0.010887453628862934
 1.3716E-02,0.01274440286106028
 1.3734E-02,0.014553032027167404
 1.3751E-02,0.016254836692973854
 1.3769E-02,0.017746249960038932
 1.3786E-02,0.018895131058401758
 1.3804E-02,0.019573564636674135
 1.3822E-02,0.019694645554395138
 1.3839E-02,0.019239118709166916
 1.3857E-02,0.018261590562444127
 1.3874E-02,0.016873977430486246
 1.3892E-02,0.015212700243087882
 1.3909E-02,0.013402323996079383
 1.3927E-02,0.011529417563679294
 1.3944E-02,0.009635997947693004
 1.3962E-02,0.007733844678631845
 1.3979E-02,0.00583248985153916
 1.3997E-02,0.0039682000915922
 1.4014E-02,0.0022209409983382075
 1.4032E-02,0.0007112471872194426
 1.4050E-02,-0.0004228976183680744
 1.4067E-02,-0.001060931241412075
 1.4085E-02,-0.0011332558225564183
 1.4102E-02,-0.0006407346757394297
 1.4120E-02,0.0003471910566937421
 1.4137E-02,0.0017148527612863176
 1.4155E-02,0.0033344189657055997
 1.4172E-02,0.005098583752532491
 1.4190E-02,0.006939653778938676
 1.4207E-02,0.008828510375136288
 1.4225E-02,0.010755166366507774
 1.4242E-02,0.012700113373191893
 1.4260E-02,0.014609371523861495
 1.4278E-02,0.016384633531666994
 1.4295E-02,0.01789376335418028
 1.4313E-02,0.01899863258032147
 1.4330E-02,0.019590176278122737
 1.4348E-02,0.01961747572873405
 1.4365E-02,0.019099866573801343
 1.4383E-02,0.018117646739188142
 1.4400E-02,0.01678526938612827
 1.4418E-02,0.015217610295122141
 1.4435E-02,0.01350232333781689
 1.4453E-02,0.011688513421284796
 1.4471E-02,0.009795132135821739
 1.4488E-02,0.007834408418547174
 1.4506E-02,0.005839515494637912
 1.4523E-02,0.003883978527403212
 1.4541E-02,0.002083695263802203
 1.4558E-02,0.0005794930246831164
 1.4576E-02,-0.0004939673542105863
 1.4593E-02,-0.0010415645339801802
 1.4611E-02,-0.0010309483663199376
 1.4628E-02,-0.000497075233100761
 1.4646E-02,0.0004733012358710331
 1.4663E-02,0.0017708485553372148
 1.4681E-02,0.0032951217734452443
 1.4699E-02,0.004976261049609679
 1.4716E-02,0.0067791133744903006
 1.4734E-02,0.008689245322944914
 1.4751E-02,0.010687730030320442
 1.4769E-02,0.012726179141991933
 1.4786E-02,0.014713420451006175
 1.4804E-02,0.016520534654506567
 1.4821E-02,0.018003545273672292
 1.4839E-02,0.01903587843220571
 1.4856E-02,0.019538652185455016
 1.4874E-02,0.01949755003942382
 1.4891E-02,0.018960203657479916
 1.4909E-02,0.01801557486254143
 1.4927E-02,0.016763743867371474
 1.4944E-02,0.015288012315621356
 1.4962E-02,0.013639944740273613
 1.4979E-02,0.011842463275631942
 1.4997E-02,0.009908626503116785
 1.5014E-02,0.00786728140304094
 1.5032E-02,0.0057839533655644725
 1.5049E-02,0.003767243041441361
 1.5067E-02,0.00195683899601079
 1.5084E-02,0.0004966675850398372
 1.5102E-02,-0.0004972887488298068
 1.5119E-02,-0.0009627532090792446
 1.5137E-02,-0.0009011681756542907
 1.5155E-02,-0.0003687050772562112
 1.5172E-02,0.0005476875248657861
 1.5190E-02,0.0017595216281572456
 1.5207E-02,0.003199860339832849
 1.5225E-02,0.0048316193385064
 1.5242E-02,0.00663863804528291
 1.5260E-02,0.008604195229431061
 1.5277E-02,0.0106868219270523
 1.5295E-02,0.012804436734663974
 1.5312E-02,0.014834534996240916
 1.5330E-02,0.016631728964526374
 1.5348E-02,0.0180569373020325
 1.5365E-02,0.019007761800317883
 1.5383E-02,0.019438977739838693
 1.5400E-02,0.01936585084127766
 1.5418E-02,0.018849657252710792
 1.5435E-02,0.0179716437838513
 1.5453E-02,0.016805973851912234
 1.5470E-02,0.015402255650969048
 1.5488E-02,0.013784063185067972
 1.5505E-02,0.01196315729116005
 1.5523E-02,0.009962604801222557
 1.5540E-02,0.007838292296483085
 1.5558E-02,0.005688906781848461
 1.5576E-02,0.0036490548842529604
 1.5593E-02,0.00186694806954349
 1.5611E-02,0.00047427649507895573
 1.5628E-02,-0.0004409401027945885
 1.5646E-02,-0.0008488354810564608
 1.5663E-02,-0.0007747194591351867
 1.5681E-02,-0.0002805701586050934
 1.5698E-02,0.0005611875176630494
 1.5716E-02,0.0016910699139356497
 1.5733E-02,0.0030740236522219942
 1.5751E-02,0.004695025382318828
 1.5768E-02,0.006541423224720797
 1.5786E-02,0.008580160797285562
 1.5804E-02,0.010740219789183806
 1.5821E-02,0.012908625898036947
 1.5839E-02,0.014942987432837718
 1.5856E-02,0.01669692622856132
 1.5874E-02,0.01804955915669665
 1.5891E-02,0.018928478703974735
 1.5909E-02,0.019318151345936677
 1.5926E-02,0.01925131273062604
 1.5944E-02,0.01878751436717466
 1.5961E-02,0.017987829413630717
 1.5979E-02,0.016895924158783632
 1.5996E-02,0.015532799094441127
 1.6014E-02,0.013906701875386718
 1.6032E-02,0.012033369265431363
 1.6049E-02,0.009957421820058241
 1.6067E-02,0.007765145578935614
 1.6084E-02,0.005582268701805902
 1.6102E-02,0.003556304294735039
 1.6119E-02,0.0018291803871579306
 1.6137E-02,0.0005097566611642153
 1.6154E-02,-0.00034409112229532733
 1.6172E-02,-0.0007278539538711545
 1.6189E-02,-0.0006772843788460157
 1.6207E-02,-0.0002457582246570654
 1.6225E-02,0.0005184638367567354
 1.6242E-02,0.0015859511868335243
 1.6260E-02,0.0029456135323426705
 1.6277E-02,0.004590803524120477
 1.6295E-02,0.006498419344016529
 1.6312E-02,0.008610411830056572
 1.6330E-02,0.010826289862823557
 1.6347E-02,0.013010927571304912
 1.6365E-02,0.015015921673683348
 1.6382E-02,0.01670734372418377
 1.6400E-02,0.017990139535995507
 1.6417E-02,0.018820686066921985
 1.6435E-02,0.019203621784376016
 1.6453E-02,0.01917517087709441
 1.6470E-02,0.01878033475495385
 1.6488E-02,0.018053468641494517
 1.6505E-02,0.01701006215699801
 1.6523E-02,0.015652716601426676
 1.6540E-02,0.01398832417929608
 1.6558E-02,0.012048723900605672
 1.6575E-02,0.009905534335228427
 1.6593E-02,0.007672065835360592
 1.6610E-02,0.005490294016932809
 1.6628E-02,0.0035067819333514634
 1.6645E-02,0.001845804854589075
 1.6663E-02,0.0005890312901402396
 1.6681E-02,-0.00023146092589750576
 1.6698E-02,-0.0006252497252734726
 1.6716E-02,-0.0006248680247067376
 1.6733E-02,-0.0002644968398999398
 1.6751E-02,0.0004350796241968954
 1.6768E-02,0.0014692300220359663
 1.6786E-02,0.002839146011044981
 1.6803E-02,0.004533141239314231
 1.6821E-02,0.006507878295326383
 1.6838E-02,0.008678048843832872
 1.6856E-02,0.01091981304617443
 1.6873E-02,0.01308792503734032
 1.6891E-02,0.015041075245929177
 1.6909E-02,0.016666719154774783
 1.6926E-02,0.017896838832093618
 1.6944E-02,0.018709627978431138
 1.6961E-02,0.019117581574468558
 1.6979E-02,0.019147704200808375
 1.6996E-02,0.0188224332965636
 1.7014E-02,0.018149267759307055
 1.7031E-02,0.017123270726498382
 1.7049E-02,0.01574114061143726
 1.7066E-02,0.014020633024043421
 1.7084E-02,0.012016746011873672
 1.7102E-02,0.009827198896151149
 1.7119E-02,0.007583880271754701
 1.7137E-02,0.0054324381440704434
 1.7154E-02,0.003506828290647621
 1.7172E-02,0.0019075811444043923
 1.7189E-02,0.0006910444321246508
 1.7207E-02,-0.00012746133803563284
 1.7224E-02,-0.0005590360196147372
 1.7242E-02,-0.0006219340926803699
 1.7259E-02,-0.00032599284482442373
 1.7277E-02,0.0003326948110080859
 1.7294E-02,0.0013647287060915907
 1.7312E-02,0.0027710832479488313
 1.7330E-02,0.004524605263902274
 1.7347E-02,0.00655751748309775
 1.7365E-02,0.008760921469698616
 1.7382E-02,0.010997670977644283
 1.7400E-02,0.013124776199025271
 1.7417E-02,0.015017774254228343
 1.7435E-02,0.016588745456578832
 1.7452E-02,0.01779216915343587
 1.7470E-02,0.018617588916957466
 1.7487E-02,0.01907317839444006
 1.7505E-02,0.01916771512500666
 1.7522E-02,0.018898823158984557
 1.7540E-02,0.018252518310367623
 1.7558E-02,0.017214243484345196
 1.7575E-02,0.01578668190864601
 1.7593E-02,0.014006661091471844
 1.7610E-02,0.011953605238232256
 1.7628E-02,0.009745193558691278
 1.7645E-02,0.00752084232044136
 1.7663E-02,0.00541835589805913
 1.7680E-02,0.003551702314843301
 1.7698E-02,0.0019973427511863
 1.7715E-02,0.0007931234052551491
 1.7733E-02,-5.119086412427626e-05
 1.7750E-02,-0.0005371302697881524
 1.7768E-02,-0.0006621133807281723
 1.7786E-02,-0.0004122026677300984
 1.7803E-02,0.00023376872305358746
 1.7821E-02,0.0012903377444679798
 1.7838E-02,0.0027476307355040943
 1.7856E-02,0.004557299022267645
 1.7873E-02,0.0066285622422874325
 1.7891E-02,0.008836928150370788
 1.7908E-02,0.011043277840760288
 1.7926E-02,0.013117006018673053
 1.7943E-02,0.014955375882551499
 1.7961E-02,0.016492794251340752
 1.7979E-02,0.01769771327809059
 1.7996E-02,0.01855971541734335
 1.8014E-02,0.019073094584864583
 1.8031E-02,0.01922441100192567
 1.8049E-02,0.0189896212880875
 1.8066E-02,0.018342245009557633
 1.8084E-02,0.0172693067827447
 1.8101E-02,0.015788398600609342
 1.8119E-02,0.01395850860433441
 1.8136E-02,0.0118795383621285
 1.8154E-02,0.009679760501753589
 1.8171E-02,0.007495110481493938
 1.8189E-02,0.005447305795002822
 1.8207E-02,0.0036281230262823747
 1.8224E-02,0.0020946332492177725
 1.8242E-02,0.0008758358632894162
 1.8259E-02,-1.3309614877814982e-05
 1.8277E-02,-0.0005572126409575512
 1.8294E-02,-0.0007310992042727763
 1.8312E-02,-0.0005026031736109874
 1.8329E-02,0.00015682086107236153
 1.8347E-02,0.0012551961383534252
 1.8364E-02,0.00276495275211683
 1.8382E-02,0.0046160159789516465
 1.8399E-02,0.006700571807891418
 1.8417E-02,0.008888591419928838
 1.8435E-02,0.011049093637596968
 1.8452E-02,0.0130699808569821
 1.8470E-02,0.014869947525987661
 1.8487E-02,0.01639916030203359
 1.8505E-02,0.017629860954238585
 1.8522E-02,0.018541962044914078
 1.8540E-02,0.0191105253930811
 1.8557E-02,0.01930101786586189
 1.8575E-02,0.019074846871548503
 1.8592E-02,0.01840326981217844
 1.8610E-02,0.01728413216206692
 1.8627E-02,0.0157544877187213
 1.8645E-02,0.013893556605108166
 1.8663E-02,0.011814115696686963
 1.8680E-02,0.009644828084640246
 1.8698E-02,0.007509437197130991
 1.8715E-02,0.005509824331688541
 1.8733E-02,0.00371825406521585
 1.8750E-02,0.0021804079509651713
 1.8768E-02,0.0009265369765279878
 1.8785E-02,-1.5049532081068385e-05
 1.8803E-02,-0.0006086712749426904
 1.8820E-02,-0.0008107350620826871
 1.8838E-02,-0.0005787820818506943
 1.8856E-02,0.00011316481006021705
 1.8873E-02,0.0012590336559765993
 1.8891E-02,0.0028113548709141865
 1.8908E-02,0.0046823557316996835
 1.8926E-02,0.0067558119496627985
 1.8943E-02,0.00890591352359621
 1.8961E-02,0.011016802718720735
 1.8978E-02,0.012996325778019652
 1.8996E-02,0.014779944916031039
 1.9013E-02,0.01632471560344281
 1.9031E-02,0.01759715813954091
 1.9048E-02,0.01856117165472392
 1.9066E-02,0.01917193235686048
 1.9084E-02,0.01937908397370013
 1.9101E-02,0.019138540735819557
 1.9119E-02,0.018428497110063613
 1.9136E-02,0.01726328021206705
 1.9154E-02,0.015699282063216892
 1.9171E-02,0.013830128506986736
 1.9189E-02,0.0117723056812706
 1.9206E-02,0.009646045177700386
 1.9224E-02,0.007557943313453035
 1.9241E-02,0.005590912586682101
 1.9259E-02,0.0038040142607663886
 1.9276E-02,0.002240740265442797
 1.9294E-02,0.0009409961268963551
 1.9312E-02,-4.930160329323554e-05
 1.9329E-02,-0.0006759466459929017
 1.9347E-02,-0.0008832557754992524
 1.9364E-02,-0.0006278597265208155
 1.9382E-02,0.00010569065175968233
 1.9399E-02,0.0012936595730466444
 1.9417E-02,0.002870902056293156
 1.9434E-02,0.004739049699159914
 1.9452E-02,0.006782591442436011
 1.9469E-02,0.008887428940555858
 1.9487E-02,0.010955703948071955
 1.9504E-02,0.0129123365130781
 1.9522E-02,0.014702113276615069
 1.9540E-02,0.016279958990637333
 1.9557E-02,0.017599691394435475
 1.9575E-02,0.018607036426106095
 1.9592E-02,0.019240787359735174
 1.9610E-02,0.019442501268898644
 1.9627E-02,0.019171453123525823
 1.9645E-02,0.018419197135368874
 1.9662E-02,0.017217975964798744
 1.9680E-02,0.015639418158035125
 1.9697E-02,0.013783589781339055
 1.9715E-02,0.011762064527085822
 1.9733E-02,0.009680814558241062
 1.9750E-02,0.007628566579833554
 1.9768E-02,0.005673905171519535
 1.9785E-02,0.0038708078401007598
 1.9803E-02,0.0022689137273529843
 1.9820E-02,0.0009230085047408597
 1.9838E-02,-0.00010333723214932212
 1.9855E-02,-0.0007425127067269278
 1.9873E-02,-0.0009349625540178499
 1.9890E-02,-0.0006444264960857296
 1.9908E-02,0.00012939311250944046
 1.9925E-02,0.0013456957680343155
 1.9943E-02,0.002927218205753262
 1.9961E-02,0.004773270784065962
 1.9978E-02,0.006776732234842683
 1.9996E-02,0.00883923158330854
 2.0013E-02,0.010879676558965441
 2.0031E-02,0.012834094211360836
 2.0048E-02,0.014648301822188415
 2.0066E-02,0.016267799394535012
 2.0083E-02,0.017630320235862463
 2.0101E-02,0.01866528192802625
 2.0118E-02,0.019301435788691177
 2.0136E-02,0.019480511057352067
 2.0153E-02,0.019172006008330186
 2.0171E-02,0.018383561733068314
 2.0189E-02,0.017162858574164212
 2.0206E-02,0.015590098630703228
 2.0224E-02,0.013763628979529648
 2.0241E-02,0.011783726511384781
 2.0259E-02,0.009740035567350758
 2.0276E-02,0.007706461352465842
 2.0294E-02,0.005744177229444912
 2.0311E-02,0.003910077556441235
 2.0329E-02,0.0022658328447366046
 2.0346E-02,0.0008825401382203139
 2.0364E-02,-0.00016214337672831587
 2.0381E-02,-0.0007943169219801221
 2.0399E-02,-0.0009583567181001344
 2.0417E-02,-0.0006304881699667223
 2.0434E-02,0.0001736167489992821
 2.0452E-02,0.0014001365397403732
 2.0469E-02,0.0029669586121767776
 2.0487E-02,0.004778650770492344
 2.0504E-02,0.006741343310110077
 2.0522E-02,0.008772608070566285
 2.0539E-02,0.010803622402092695
 2.0557E-02,0.012774130059597275
 2.0574E-02,0.014623661865977711
 2.0592E-02,0.016283974339887732
 2.0610E-02,0.017677109323849933
 2.0627E-02,0.018721101817516093
 2.0645E-02,0.019342127993233094
 2.0662E-02,0.019489097209898255
 2.0680E-02,0.019145477759129264
 2.0697E-02,0.0183340000685637
 2.0715E-02,0.017112464568040556
 2.0732E-02,0.015562160513020685
 2.0750E-02,0.01377306742009502
 2.0767E-02,0.011831007992138431
 2.0785E-02,0.009810873919058946
 2.0802E-02,0.007777399379277752
 2.0820E-02,0.005791791431915756
 2.0838E-02,0.0039201172563382404
 2.0855E-02,0.002238655134016228
 2.0873E-02,0.0008327033357265578
 2.0890E-02,-0.0002119219453106645
 2.0908E-02,-0.0008223883247848731
 2.0925E-02,-0.0009528497896512836
 2.0943E-02,-0.000594028178594068
 2.0960E-02,0.00022504121752896613
 2.0978E-02,0.001443676352195963
 2.0995E-02,0.0029821549604569213
 2.1013E-02,0.004755726862932325
 2.1030E-02,0.006685225950077394
 2.1048E-02,0.008701084194180019
 2.1066E-02,0.010740382900104853
 2.1083E-02,0.012739492352229456
 2.1101E-02,0.014626679535106078
 2.1118E-02,0.01631907345781768
 2.1136E-02,0.01772656902455924
 2.1153E-02,0.018762354008593475
 2.1171E-02,0.019356927307378806
 2.1188E-02,0.019470876950197807
 2.1206E-02,0.019101951987616012
 2.1223E-02,0.018283992195970895
 2.1241E-02,0.01707826283812822
 2.1258E-02,0.015560487029986097
 2.1276E-02,0.013808286139976875
 2.1294E-02,0.011893280632987613
 2.1311E-02,0.00987997832841419
 2.1329E-02,0.007830658105630604
 2.1346E-02,0.005812926903089901
 2.1364E-02,0.003905500966264505
 2.1381E-02,0.00219848162473309
 2.1399E-02,0.0007866608038623892
 2.1416E-02,-0.0002427154031476044
 2.1434E-02,-0.0008239375392909837
 2.1451E-02,-0.0009239061557124629
 2.1469E-02,-0.000546555225080906
 2.1487E-02,0.0002707198198952903
 2.1504E-02,0.0014670843745621196
 2.1522E-02,0.002970934931068577
 2.1539E-02,0.004710670636780882
 2.1557E-02,0.006620065054084881
 2.1574E-02,0.008637138662854702
 2.1592E-02,0.010698218984487752
 2.1609E-02,0.012730925398917837
 2.1627E-02,0.014650307334667812
 2.1644E-02,0.016361101943434708
 2.1662E-02,0.017766569325140282
 2.1679E-02,0.01878161885085106
 2.1697E-02,0.01934606447409171
 2.1715E-02,0.019433598341932184
 2.1732E-02,0.01905355596942438
 2.1750E-02,0.018245171977360364
 2.1767E-02,0.01706674460553485
 2.1785E-02,0.01558385868790585
 2.1802E-02,0.01386088306123071
 2.1820E-02,0.01195835580332234
 2.1837E-02,0.009936264732466334
 2.1855E-02,0.007860682250685569
 2.1872E-02,0.005809750424201178
 2.1890E-02,0.0038752171089327034
 2.1907E-02,0.00215750580057374
 2.1925E-02,0.0007549378015285135
 2.1943E-02,-0.0002498445498280977
 2.1960E-02,-0.0008019507037288892
 2.1978E-02,-0.000880925268531801
 2.1995E-02,-0.0005000748950430501
 2.2013E-02,0.00030087048195888335
 2.2030E-02,0.0014667209689040103
 2.2048E-02,0.002937248713485266
 2.2065E-02,0.004653430799438502
 2.2083E-02,0.0065578266277017015
 2.2100E-02,0.00858998417663566
 2.2118E-02,0.010679938874608625
 2.2135E-02,0.012743754338953252
 2.2153E-02,0.014684300137581568
 2.2171E-02,0.016398370183039655
 2.2188E-02,0.017788655313721577
 2.2206E-02,0.01877703541592659
 2.2223E-02,0.019314975354829646
 2.2241E-02,0.01938777327552216
 2.2258E-02,0.019011637592248134
 2.2276E-02,0.018225171534739317
 2.2293E-02,0.017078785430162717
 2.2311E-02,0.01562607239969713
 2.2328E-02,0.013920086475585349
 2.2346E-02,0.012015215674482984
 2.2364E-02,0.009972865881755583
 2.2381E-02,0.007867468093988661
 2.2399E-02,0.0057890759632191185
 2.2416E-02,0.003840126015670254
 2.2434E-02,0.0021262591817910723
 2.2451E-02,0.000743513475596768
 2.2469E-02,-0.0002342696430019369
 2.2486E-02,-0.0007639350469353926
 2.2504E-02,-0.0008349598942435129
 2.2521E-02,-0.000464784741169305
 2.2539E-02,0.000310189510057293
 2.2556E-02,0.0014442444927415656
 2.2574E-02,0.0028889998781507268
 2.2592E-02,0.004594954907589075
 2.2609E-02,0.006508107455596614
 2.2627E-02,0.008564039613231112
 2.2644E-02,0.010683049949858792
 2.2662E-02,0.012769617176244414
 2.2679E-02,0.014717813932399529
 2.2697E-02,0.01642191837846911
 2.2714E-02,0.017789344516019587
 2.2732E-02,0.01875198359821643
 2.2749E-02,0.019272534541263323
 2.2767E-02,0.01934421063406322
 2.2784E-02,0.01898462209269705
 2.2802E-02,0.018226688262268146
 2.2820E-02,0.01711031710936345
 2.2837E-02,0.01567796616422138
 2.2855E-02,0.013975339558959018
 2.2872E-02,0.012056145947768278
 2.2890E-02,0.009987990185483407
 2.2907E-02,0.00785584622443397
 2.2925E-02,0.005760409499111807
 2.2942E-02,0.003810608601235233
 2.2960E-02,0.0021118710513743657
 2.2977E-02,0.0007534609235058324
 2.2995E-02,-0.00020134577117637766
 2.3012E-02,-0.0007194796835590186
 2.3030E-02,-0.0007959635223873152
 2.3048E-02,-0.0004470116187987727
 2.3065E-02,0.0002984945616232076
 2.3083E-02,0.0014056632108233628
 2.3100E-02,0.002835954560042757
 2.3118E-02,0.004544838356527735
 2.3135E-02,0.006476483847392828
 2.3153E-02,0.008558631436405898
 2.3170E-02,0.01070090037052801
 2.3188E-02,0.01279853907651541
 2.3205E-02,0.014741519565976437
 2.3223E-02,0.016426754336063353
 2.3241E-02,0.01776992252178869
 2.3258E-02,0.01871345061033017
 2.3276E-02,0.019228581491150667
 2.3293E-02,0.019311631332596297
 2.3311E-02,0.018976613818713413
 2.3328E-02,0.018247580742761397
 2.3346E-02,0.017153832544196685
 2.3363E-02,0.015729689653813585
 2.3381E-02,0.014018392027562656
 2.3398E-02,0.012077777853078737
 2.3416E-02,0.009984461342063149
 2.3433E-02,0.007833660083218057
 2.3451E-02,0.005733440517441046
 2.3469E-02,0.0037943052610296298
 2.3486E-02,0.0021168764692261694
 2.3504E-02,0.0007812090735680778
 2.3521E-02,-0.00015930584183732207
 2.3539E-02,-0.000678177689244371
 2.3556E-02,-0.0007710557143980881
 2.3574E-02,-0.00044856676396498656
 2.3591E-02,0.0002699935033881453
 2.3609E-02,0.0013595180637513526
 2.3626E-02,0.002787588300408487
 2.3644E-02,0.004509744302617021
 2.3661E-02,0.006464207108512842
 2.3679E-02,0.00856917761100291
 2.3697E-02,0.010724986946970329
 2.3714E-02,0.01282156423527741
 2.3732E-02,0.014749637747903457
 2.3749E-02,0.016412611417098332
 2.3767E-02,0.01773574894688065
 2.3784E-02,0.018670277912516256
 2.3802E-02,0.01919190608821457
 2.3819E-02,0.019295272557574152
 2.3837E-02,0.018987230141676335
 2.3854E-02,0.018282034343122994
 2.3872E-02,0.017200442391679185
 2.3889E-02,0.01577285273801145
 2.3907E-02,0.014044709014740312
 2.3925E-02,0.012081230099234952
 2.3942E-02,0.009968582130090088
 2.3960E-02,0.007809859045360908
 2.3977E-02,0.005716183910989938
 2.3995E-02,0.0037951062817120833
 2.4012E-02,0.002139511499650485
 2.4030E-02,0.0008200699215396559
 2.4047E-02,-0.0001170775933924562
 2.4065E-02,-0.0006476409852131271
 2.4082E-02,-0.0007635298329877657
 2.4100E-02,-0.00046717044384091263
 2.4118E-02,0.00023155432748693625
 2.4135E-02,0.0013144465854424696
 2.4153E-02,0.0027507915375242307
 2.4170E-02,0.004492011063666361
 2.4188E-02,0.006468089157879305
 2.4205E-02,0.008588203268221876
 2.4223E-02,0.010746498646474803
 2.4240E-02,0.012832022441517241
 2.4258E-02,0.014740251897948515
 2.4275E-02,0.016383035553659196
 2.4293E-02,0.0176943627771591
 2.4310E-02,0.01863094738373351
 2.4328E-02,0.019168528941798685
 2.4346E-02,0.01929629734513268
 2.4363E-02,0.019012339508646794
 2.4381E-02,0.018322307828625605
 2.4398E-02,0.01724191583043315
 2.4416E-02,0.01580203377025021
 2.4433E-02,0.014053835089253057
 2.4451E-02,0.012071173060870171
 2.4468E-02,0.009948259243550455
 2.4486E-02,0.00779241566434968
 2.4503E-02,0.005713502210004681
 2.4521E-02,0.003812852929357783
 2.4538E-02,0.0021747069785072997
 2.4556E-02,0.0008621424770907998
 2.4574E-02,-8.218701602644629e-05
 2.4591E-02,-0.000631971081568226
 2.4609E-02,-0.0007723873973112744
 2.4626E-02,-0.0004970855712556552
 2.4644E-02,0.00019140683090714385
 2.4661E-02,0.00127794383986591
 2.4679E-02,0.0027294054544603078
 2.4696E-02,0.004490375601421983
 2.4714E-02,0.00648235021481304
 2.4731E-02,0.00860779050993037
 2.4749E-02,0.01075858902288616
 2.4766E-02,0.012826892050266759
 2.4784E-02,0.014715363949786628
 2.4802E-02,0.01634422539310634
 2.4819E-02,0.01765364891904601
 2.4837E-02,0.01860185077316605
 2.4854E-02,0.019160778001303922
 2.4872E-02,0.01931203576584566
 2.4889E-02,0.01904534399372453
 2.4907E-02,0.018360512222063585
 2.4924E-02,0.017272214514032314
 2.4942E-02,0.01581543205332892
 2.4959E-02,0.014048888119036616
 2.4977E-02,0.012054353560141503
 2.4995E-02,0.00993113286581202
 2.5012E-02,0.007786781157020446
 2.5030E-02,0.005726459952615214
 2.5047E-02,0.0038437810980398866
 2.5065E-02,0.002215349721965479
 2.5082E-02,0.0008997645015481185
 2.5100E-02,-5.9848402779606475e-05
 2.5117E-02,-0.0006319352284511225
 2.5135E-02,-0.0007937369586951975
 2.5152E-02,-0.0005314095078314851
 2.5170E-02,0.00015662881544875888
 2.5187E-02,0.001254379630247369
 2.5205E-02,0.00272331569580942
 2.5223E-02,0.004500276364237613
 2.5240E-02,0.006499809827649356
 2.5258E-02,0.008621021652529539
 2.5275E-02,0.010757381614704336
 2.5293E-02,0.012806901582022363
 2.5310E-02,0.014680034354828661
 2.5328E-02,0.016303577856448467
 2.5345E-02,0.017620425376849234
 2.5363E-02,0.018586558691585098
 2.5380E-02,0.01916761783104011
 2.5398E-02,0.019337331956503848
 2.5415E-02,0.019079092161110617
 2.5433E-02,0.018390405987659484
 2.5451E-02,0.017288527611441895
 2.5468E-02,0.015814799364125994
 2.5486E-02,0.01403548293379049
 2.5503E-02,0.012038011052425107
 2.5521E-02,0.009923195707019217
 2.5538E-02,0.007795350105634129
 2.5556E-02,0.005752959615997269
 2.5573E-02,0.003882213370796416
 2.5591E-02,0.0022545254385435286
 2.5608E-02,0.0009276133858325218
 2.5626E-02,-5.161318383160732e-05
 2.5643E-02,-0.0006446533360395827
 2.5661E-02,-0.0008213854527456524
 2.5679E-02,-0.0005630823546744229
 2.5696E-02,0.0001323522462759525
 2.5714E-02,0.0012449284627628885
 2.5731E-02,0.0027292792301538077
 2.5749E-02,0.004515337668310779
 2.5766E-02,0.0065134692917244935
 2.5784E-02,0.008623003920436984
 2.5801E-02,0.010741950407527191
 2.5819E-02,0.012775349515360352
 2.5836E-02,0.01464035024211176
 2.5854E-02,0.016267426500158118
 2.5872E-02,0.017598650150200214
 2.5889E-02,0.018585004670131203
 2.5907E-02,0.01918493884628872
 2.5924E-02,0.019365644991205976
 2.5942E-02,0.019107200156042614
 2.5959E-02,0.018408284772931913
 2.5977E-02,0.01729127493725196
 2.5994E-02,0.01580447093238007
 2.6012E-02,0.014020097007585747
 2.6029E-02,0.012028142345579508
 2.6047E-02,0.009927542382740944
 2.6064E-02,0.00781706036281758
 2.6082E-02,0.005788189659772122
 2.6100E-02,0.003921487915678483
 2.6117E-02,0.002286349416754264
 2.6135E-02,0.0009428885810558599
 2.6152E-02,-5.6125384566306936e-05
 2.6170E-02,-0.0006651917355832285
 2.6187E-02,-0.0008488074398519938
 2.6205E-02,-0.0005865767106599774
 2.6222E-02,0.00012095133955295411
 2.6240E-02,0.0012479490820969847
 2.6257E-02,0.0027424062918706077
 2.6275E-02,0.004529500401563107
 2.6292E-02,0.006518650675234236
 2.6310E-02,0.008612436021949447
 2.6328E-02,0.010715010292472791
 2.6345E-02,0.012737994952097076
 2.6363E-02,0.014602921652424336
 2.6380E-02,0.01624069556245697
 2.6398E-02,0.017589694091726213
 2.6415E-02,0.01859454971898224
 2.6433E-02,0.019207222653599462
 2.6450E-02,0.019390836198789337
 2.6468E-02,0.019125390730197707
 2.6485E-02,0.018413447320918423
 2.6503E-02,0.01728360127127555
 2.6520E-02,0.01579016684005124
 2.6538E-02,0.014008733805684494
 2.6556E-02,0.012028644761078861
 2.6573E-02,0.009944432525961727
 2.6591E-02,0.007848465819251776
 2.6608E-02,0.005826409631882076
 2.6626E-02,0.003955884884018235
 2.6643E-02,0.0023074070875432795
 2.6661E-02,0.0009458187356421832
 2.6678E-02,-6.965503859418846e-05
 2.6696E-02,-0.0006878796751452565
 2.6713E-02,-0.0008707423781055422
 2.6731E-02,-0.0005992419016163277
 2.6749E-02,0.00012129696090108647
 2.6766E-02,0.0012588573893532811
 2.6784E-02,0.002756345610656419
 2.6801E-02,0.004537023099680027
 2.6819E-02,0.006512343449449046
 2.6836E-02,0.008590065080244735
 2.6854E-02,0.010680600075967602
 2.6871E-02,0.01270040854577927
 2.6889E-02,0.014572510930250932
 2.6906E-02,0.01622535907021015
 2.6924E-02,0.01759191312397589
 2.6941E-02,0.018610576416725998
 2.6959E-02,0.019228729006927205
 2.6977E-02,0.019408347697302857
 2.6994E-02,0.019132118406381186
 2.7012E-02,0.018407980743710514
 2.7029E-02,0.017270390883200176
 2.7047E-02,0.015777616949684603
 2.7064E-02,0.014005686943516466
 2.7082E-02,0.012040678791246835
 2.7099E-02,0.009971459233150324
 2.7117E-02,0.00788459080769594
 2.7134E-02,0.005862104259890183
 2.7152E-02,0.003981597696072357
 2.7169E-02,0.0023171733910880028
 2.7187E-02,0.0009394367723511404
 2.7205E-02,-8.67326973064042e-05
 2.7222E-02,-0.0007068756667267149
 2.7240E-02,-0.0008831577721420752
 2.7257E-02,-0.0006002855939163936
 2.7275E-02,0.00013082088883448726
 2.7292E-02,0.0012729488494072306
 2.7310E-02,0.0027663217887491307
 2.7327E-02,0.004535129488712666
 2.7345E-02,0.006495011080789265
 2.7362E-02,0.008559507931913247
 2.7380E-02,0.010644113197343865
 2.7397E-02,0.012667647562941538
 2.7415E-02,0.014551838973797434
 2.7433E-02,0.0162207160497435
 2.7450E-02,0.01760144824970143
 2.7468E-02,0.018627575272446458
 2.7485E-02,0.01924444701440687
 2.7503E-02,0.019415601620759212
 2.7520E-02,0.019128190853119214
 2.7538E-02,0.018395676607583962
 2.7555E-02,0.01725683282975823
 2.7573E-02,0.01577127678223329
 2.7590E-02,0.014012855049282145
 2.7608E-02,0.012062793206324595
 2.7626E-02,0.01000436454093283
 2.7643E-02,0.007920019773223248
 2.7661E-02,0.00589078575636516
 2.7678E-02,0.0039967492339146
 2.7696E-02,0.002316991138116423
 2.7713E-02,0.0009276045649666358
 2.7731E-02,-0.00010269829699097134
 2.7748E-02,-0.0007187645563620292
 2.7766E-02,-0.0008854242253777504
 2.7783E-02,-0.0005922815734709336
 2.7801E-02,0.00014462271554589463
 2.7818E-02,0.0012848203649562678
 2.7836E-02,0.0027684763419032503
 2.7854E-02,0.004522964640883545
 2.7871E-02,0.006469097000706364
 2.7889E-02,0.008525525754709103
 2.7906E-02,0.010610768240224278
 2.7924E-02,0.01264339051528119
 2.7941E-02,0.014541701223219582
 2.7959E-02,0.01622451495280029
 2.7976E-02,0.01761406595313516
 2.7994E-02,0.018641183062332606
 2.8011E-02,0.019251770008276214
 2.8029E-02,0.019412907201486966
 2.8046E-02,0.01911680230088118
 2.8064E-02,0.018381411531942254
 2.8082E-02,0.017247602081177843
 2.8099E-02,0.015773816771934075
 2.8117E-02,0.014029909570230783
 2.8134E-02,0.012091874742894717
 2.8152E-02,0.010038587714514526
 2.8169E-02,0.007950669207373244
 2.8187E-02,0.005910590672034695
 2.8204E-02,0.00400256209214548
 2.8222E-02,0.0023108142424950622
 2.8239E-02,0.0009155743407770374
 2.8257E-02,-0.0001129432675084079
 2.8274E-02,-0.0007212651421887039
 2.8292E-02,-0.0008783544248200355
 2.8310E-02,-0.0005786961033513712
 2.8327E-02,0.00015803782843015637
 2.8345E-02,0.00129048572286766
 2.8362E-02,0.002761044296568128
 2.8380E-02,0.004501578912811938
 2.8397E-02,0.006437882897731148
 2.8415E-02,0.00849211531141034
 2.8432E-02,0.010583448737541034
 2.8450E-02,0.012628011727864704
 2.8467E-02,0.01453956859200118
 2.8485E-02,0.016232097216715247
 2.8503E-02,0.017624617411228262
 2.8520E-02,0.018647615032770848
 2.8538E-02,0.01924960995402558
 2.8555E-02,0.019402155405815403
 2.8573E-02,0.019101944744877513
 2.8590E-02,0.01836959175556133
 2.8608E-02,0.0172456942393312
 2.8625E-02,0.015785580044232733
 2.8643E-02,0.014054366525384504
 2.8660E-02,0.012123561155710021
 2.8678E-02,0.010069570021706492
 2.8695E-02,0.007973520744033843
 2.8713E-02,0.005921140631319169
 2.8731E-02,0.00400133003367791
 2.8748E-02,0.002302574822262568
 2.8766E-02,0.0009072462014540796
 2.8783E-02,-0.00011522425367049166
 2.8801E-02,-0.0007147096355383974
 2.8818E-02,-0.0008646952137511106
 2.8836E-02,-0.0005635112557602029
 2.8853E-02,0.0001675760422507178
 2.8871E-02,0.0012885302372209083
 2.8888E-02,0.002745491323036486
 2.8906E-02,0.004475018500274893
 2.8923E-02,0.006406703697564195
 2.8941E-02,0.008464122006681899
 2.8959E-02,0.010564941921837717
 2.8976E-02,0.012621490365712213
 2.8994E-02,0.014542961647445146
 2.9011E-02,0.01623981624605556
 2.9029E-02,0.01762999276428719
 2.9046E-02,0.018645726967544286
 2.9064E-02,0.019239372830924906
 2.9081E-02,0.019386818392305282
 2.9099E-02,0.01908781208523369
 2.9116E-02,0.018363481617517444
 2.9134E-02,0.017252159722873736
 2.9151E-02,0.0158050076800044
 2.9169E-02,0.014082711951231949
 2.9187E-02,0.012153823853396108
 2.9204E-02,0.010094414384186194
 2.9222E-02,0.007987997477712904
 2.9239E-02,0.005924430050787282
 2.9257E-02,0.003996827014922109
 2.9274E-02,0.0022963017302319796
 2.9292E-02,0.000905246906027392
 2.9309E-02,-0.00010945497602887853
 2.9327E-02,-0.0007017291768263861
 2.9344E-02,-0.0008489500201059539
 2.9362E-02,-0.000551578229247203
 2.9380E-02,0.00016963549301316947
 2.9397E-02,0.0012776433079805466
 2.9415E-02,0.002722885876205873
 2.9432E-02,0.004445851394399012
 2.9450E-02,0.006378154866664041
 2.9467E-02,0.008442713996365807
 2.9485E-02,0.010554149757866064
 2.9502E-02,0.012620585968492895
 2.9520E-02,0.014547539973058191
 2.9537E-02,0.016243776572558034
 2.9555E-02,0.017628167966535387
 2.9572E-02,0.018636098398281727
 2.9590E-02,0.019223979893736733
 2.9608E-02,0.019370999954915986
 2.9625E-02,0.019078088405638825
 2.9643E-02,0.018364930330071957
 2.9660E-02,0.017266339495689235
 2.9678E-02,0.015829259852162044
 2.9695E-02,0.0141111157147295
 2.9713E-02,0.012179418693441812
 2.9730E-02,0.010111800261341002
 2.9748E-02,0.007995278917365603
 2.9765E-02,0.005923740013906353
 2.9783E-02,0.003993239200691865
 2.9800E-02,0.002295584654007206
 2.9818E-02,0.0009113718809313914
 2.9836E-02,-9.604836855564504e-05
 2.9853E-02,-0.0006844159831710496
 2.9871E-02,-0.000833641177581294
 2.9888E-02,-0.0005443946753275627
 2.9906E-02,0.00016480523647263343
 2.9923E-02,0.001260727966542486
 2.9941E-02,0.002697729193900427
 2.9958E-02,0.004418787237462417
 2.9976E-02,0.006355629699683044
 2.9993E-02,0.008428902908571678
 3.0011E-02,0.010549509759067509
 3.0028E-02,0.012621911418617404
 3.0046E-02,0.014549482097208417
 3.0064E-02,0.0162412036186903
 3.0081E-02,0.017618408876389338
 3.0099E-02,0.018620163878498127
 3.0116E-02,0.019206269001277095
 3.0134E-02,0.019357610527015755
 3.0151E-02,0.019074410316270888
 3.0169E-02,0.018373486745313607
 3.0186E-02,0.017285739325475957
 3.0204E-02,0.015854677234265802
 3.0221E-02,0.014136100800728397
 3.0239E-02,0.012198314204537526
 3.0257E-02,0.01012180187655745
 3.0274E-02,0.007997327150895779
 3.0292E-02,0.00592190416191699
 3.0309E-02,0.003992858690705179
 3.0327E-02,0.002300927173649601
 3.0344E-02,0.0009237547445399548
 3.0362E-02,-7.891919121439696e-05
 3.0379E-02,-0.0006676264272269589
 3.0397E-02,-0.0008230997950438778
 3.0414E-02,-0.0005445021888352005
 3.0432E-02,0.00015291735308511976
 3.0449E-02,0.0012396893947588402
 3.0467E-02,0.0026729603183241477
 3.0485E-02,0.00439645575739768
 3.0502E-02,0.006340348514996716
 3.0520E-02,0.008422082211067095
 3.0537E-02,0.01054901066466267
 3.0555E-02,0.012623125640146955
 3.0572E-02,0.014547391621555208
 3.0590E-02,0.016232584310210137
 3.0607E-02,0.017603287947978618
 3.0625E-02,0.01860194398798689
 3.0642E-02,0.01919046899410152
 3.0660E-02,0.01934972831839802
 3.0677E-02,0.01907776410193525
 3.0695E-02,0.018387896765665986
 3.0713E-02,0.017307572976611743
 3.0730E-02,0.015878233312817805
 3.0748E-02,0.014155774522867131
 3.0765E-02,0.012210677285824542
 3.0783E-02,0.010126772925619304
 3.0800E-02,0.007997977978770408
 3.0818E-02,0.005922996728662271
 3.0835E-02,0.003998714429535276
 3.0853E-02,0.0023134931386824156
 3.0870E-02,0.0009416465055605923
 3.0888E-02,-6.001326795999386e-05
 3.0905E-02,-0.0006533410673542648
 3.0923E-02,-0.0008182290406576194
 3.0941E-02,-0.0005511371731569197
 3.0958E-02,0.00013621076784837375
 3.0976E-02,0.0012173308534316192
 3.0993E-02,0.0026506730442392356
 3.1011E-02,0.004379114551026393
 3.1028E-02,0.006330212271300348
 3.1046E-02,0.008418106817678394
 3.1063E-02,0.010547502750419234
 3.1081E-02,0.012619460262889955
 3.1098E-02,0.014538092493603993
 3.1116E-02,0.016216922895482343
 3.1134E-02,0.01758375397583598
 3.1151E-02,0.01858339522264888
 3.1169E-02,0.01917829923833936
 3.1186E-02,0.019347786296646994
 3.1204E-02,0.01908685454616128
 3.1221E-02,0.01840546016819502
 3.1239E-02,0.017328667603870668
 3.1256E-02,0.015897422918341945
 3.1274E-02,0.014169166531459942
 3.1291E-02,0.012217301803803433
 3.1309E-02,0.01012876262711275
 3.1326E-02,0.007999492583865639
 3.1344E-02,0.005928338349234733
 3.1362E-02,0.004010400384131463
 3.1379E-02,0.002331064416047641
 3.1397E-02,0.0009616907777781111
 3.1414E-02,-4.263356787026582e-05
 3.1432E-02,-0.0006435466200174879
 3.1449E-02,-0.0008188414573331183
 3.1467E-02,-0.0005618038318725533
 3.1484E-02,0.00011886195651100381
 3.1502E-02,0.0011983746055985048
 3.1519E-02,0.002634936898436243
 3.1537E-02,0.004369373532658022
 3.1554E-02,0.006326242939677094
 3.1572E-02,0.008416968474785524
 3.1590E-02,0.010544921244511582
 3.1607E-02,0.012611749065577592
 3.1625E-02,0.01452383244758769
 3.1642E-02,0.01619772105429907
 3.1660E-02,0.017563772988867358
 3.1677E-02,0.018567838436614324
 3.1695E-02,0.01917145485520351
 3.1712E-02,0.019351409114834822
 3.1730E-02,0.01909952657902079
 3.1747E-02,0.0184231780705926
 3.1765E-02,0.01734641432244532
 3.1782E-02,0.015911090470805973
 3.1800E-02,0.014177062162805494
 3.1818E-02,0.012220643243093488
 3.1835E-02,0.010130978163232073
 3.1853E-02,0.008004622232843104
 3.1870E-02,0.00593919061157279
 3.1888E-02,0.004027212781119357
 3.1905E-02,0.0023512098673973475
 3.1923E-02,0.0009805504975514152
 3.1940E-02,-2.9976990704044327e-05
 3.1958E-02,-0.0006404684961190418
 3.1975E-02,-0.0008259156912774909
 3.1993E-02,-0.0005766202575322285
 3.2011E-02,0.00010073783902873152
 3.2028E-02,0.0011816869587238418
 3.2046E-02,0.0026229540604566946
 3.2063E-02,0.004362738774197093
 3.2081E-02,0.006322909979902191
 3.2098E-02,0.008413234339234249
 3.2116E-02,0.010537130038157507
 3.2133E-02,0.012597973388883518
 3.2151E-02,0.014504850721682424
 3.2168E-02,0.016176893596286344
 3.2186E-02,0.017545862649139585
 3.2203E-02,0.018557245146648072
 3.2221E-02,0.019170567790060884
 3.2239E-02,0.01935973180107055
 3.2256E-02,0.019113919454455
 3.2274E-02,0.018439115421747858
 3.2291E-02,0.017359748279960376
 3.2309E-02,0.015919615733654933
 3.2326E-02,0.014181260124975264
 3.2344E-02,0.012223317490757805
 3.2361E-02,0.0101359396658049
 3.2379E-02,0.00801496241627549
 3.2396E-02,0.0059558424242141215
 3.2414E-02,0.004048380722436331
 3.2431E-02,0.0023728994046325284
 3.2449E-02,0.0009979870167785088
 3.2467E-02,-2.0603328418711177e-05
 3.2484E-02,-0.0006406226806045867
 3.2502E-02,-0.0008342446670590211
 3.2519E-02,-0.0005895653947006845
 3.2537E-02,8.749594279863825e-05
 3.2554E-02,0.001171533270255236
 3.2572E-02,0.00261707036284002
 3.2589E-02,0.004359762993685778
 3.2607E-02,0.0063196507618256004
 3.2624E-02,0.008406144477954984
 3.2642E-02,0.010523938929817038
 3.2659E-02,0.012578816181043477
 3.2677E-02,0.014482434525126377
 3.2695E-02,0.0161556273405574
 3.2712E-02,0.017530292059680423
 3.2730E-02,0.018550411724647296
 3.2747E-02,0.01917293980324598
 3.2765E-02,0.019369125306855254
 3.2782E-02,0.019126431397482473
 3.2800E-02,0.018450688135038525
 3.2817E-02,0.01736773659952035
 3.2835E-02,0.015923732994908183
 3.2852E-02,0.014183533912249108
 3.2870E-02,0.012227086415008408
 3.2888E-02,0.01014430728369957
 3.2905E-02,0.008029339737547134
 3.2923E-02,0.005975171302254784
 3.2940E-02,0.004069354369418637
 3.2958E-02,0.002391095524942147
 3.2975E-02,0.0010094645034012624
 3.2993E-02,-1.787655548092515e-05
 3.3010E-02,-0.0006460735281413919
 3.3028E-02,-0.0008450000772815767
 3.3045E-02,-0.0006016299507222685
 3.3063E-02,7.766385892047018e-05
 3.3080E-02,0.00116567506478896
 3.3098E-02,0.0026145425670841974
 3.3116E-02,0.004357938864432273
 3.3133E-02,0.00631513737271523
 3.3151E-02,0.008396319252304739
 3.3168E-02,0.010508183562975323
 3.3186E-02,0.012558948768387122
 3.3203E-02,0.014462162892659667
 3.3221E-02,0.016139238902338322
 3.3238E-02,0.017521100726212536
 3.3256E-02,0.01854957834355473
 3.3273E-02,0.019179131432626072
 3.3291E-02,0.019379141568062554
 3.3308E-02,0.019136538964629034
 3.3326E-02,0.018458122780600703
 3.3344E-02,0.017371768898567685
 3.3361E-02,0.015925873178511064
 3.3379E-02,0.01418680015175709
 3.3396E-02,0.012234638099115073
 3.3414E-02,0.01015799901327187
 3.3431E-02,0.008048781611182174
 3.3449E-02,0.005997676270453471
 3.3466E-02,0.004090797688695663
 3.3484E-02,0.002407347737627485
 3.3501E-02,0.001017832905737691
 3.3519E-02,-1.7763024863097976e-05
 3.3536E-02,-0.0006522763118470506
 3.3554E-02,-0.0008541619690383477
 3.3572E-02,-0.0006103786891004392
 3.3589E-02,7.136567155138947e-05
 3.3607E-02,0.0011617729846326542
 3.3624E-02,0.0026110236351433586
 3.3642E-02,0.004351793451610253
 3.3659E-02,0.006303755047853281
 3.3677E-02,0.00837875038216192
 3.3694E-02,0.010485752427894287
 3.3712E-02,0.012534963931389713
 3.3729E-02,0.014440831974396509
 3.3747E-02,0.016124212868714027
 3.3765E-02,0.017514220243599152
 3.3782E-02,0.01855031324935356
 3.3800E-02,0.019184927127826518
 3.3817E-02,0.019386524737613858
 3.3835E-02,0.019142534545215053
 3.3852E-02,0.018461414506953273
 3.3870E-02,0.017373143848149614
 3.3887E-02,0.0159277818517596
 3.3905E-02,0.014192220025405936
 3.3922E-02,0.012245706991405786
 3.3940E-02,0.010174974082412358
 3.3957E-02,0.008069746147428345
 3.3975E-02,0.006019114833804625
 3.3993E-02,0.004108812248732132
 3.4010E-02,0.0024190325330022376
 3.4028E-02,0.001022264865036299
 3.4045E-02,-1.930551130724335e-05
 3.4063E-02,-0.0006569445046915172
 3.4080E-02,-0.0008587579873681353
 3.4098E-02,-0.0006126745189528267
 3.4115E-02,7.173883140708902e-05
 3.4133E-02,0.001163217536563429
 3.4150E-02,0.002610688665115722
 3.4168E-02,0.004346817979259056
 3.4185E-02,0.006292539973454201
 3.4203E-02,0.008361747115970805
 3.4221E-02,0.010465450128891576
 3.4238E-02,0.012515077547488039
 3.4256E-02,0.014425011572111188
 3.4273E-02,0.01611478408520879
 3.4291E-02,0.01751145080610819
 3.4308E-02,0.018552487832531182
 3.4326E-02,0.01918918819570721
 3.4343E-02,0.01939013107699514
 3.4361E-02,0.019144024579407934
 3.4378E-02,0.018461203697442852
 3.4396E-02,0.017373316847267607
 3.4413E-02,0.015931166734388044
 3.4431E-02,0.014201121983214762
 3.4449E-02,0.012260815945707612
 3.4466E-02,0.010194890625269527
 3.4484E-02,0.008091322205206003
 3.4501E-02,0.006038479770328273
 3.4519E-02,0.004122682702999614
 3.4536E-02,0.0024257936506393604
 3.4554E-02,0.0010224045223065422
 3.4571E-02,-2.3568424754173744e-05
 3.4589E-02,-0.0006626761490928282
 3.4606E-02,-0.0008635548420067986
 3.4624E-02,-0.0006156366196044631
 3.4642E-02,6.969363014307142e-05
 3.4659E-02,0.0011598175044395343
 3.4677E-02,0.002603355998636891
 3.4694E-02,0.0043338719673240616
 3.4712E-02,0.006274065415214564
 3.4729E-02,0.0083397725444985
 3.4747E-02,0.010443356755939912
 3.4764E-02,0.012496467350623416
 3.4782E-02,0.014412478937012238
 3.4799E-02,0.016109073658854056
 3.4817E-02,0.017511329628798478
 3.4834E-02,0.018555374749515914
 3.4852E-02,0.019192282396371656
 3.4870E-02,0.01939158473930493
 3.4887E-02,0.019143690423363717
 3.4905E-02,0.018460661826735014
 3.4922E-02,0.0173751761035713
 3.4940E-02,0.01593792667295997
 3.4957E-02,0.014214056129781187
 3.4975E-02,0.01227932614388535
 3.4992E-02,0.010216591523404608
 3.5010E-02,0.008112821933197685
 3.5027E-02,0.006056545723037689
 3.5045E-02,0.004135330525336422
 3.5062E-02,0.002432871926961039
 3.5080E-02,0.0010254521616048888
 3.5098E-02,-2.2123261468083707e-05
 3.5115E-02,-0.0006606445847698531
 3.5133E-02,-0.0008599840825325378
 3.5150E-02,-0.0006112715238887744
 3.5168E-02,7.267134141708846e-05
 3.5185E-02,0.0011586692791199565
 3.5203E-02,0.0025959342989622285
 3.5220E-02,0.004319576897272229
 3.5238E-02,0.0062542264983060595
 3.5255E-02,0.008317300026038775
 3.5273E-02,0.010421796513749217
 3.5290E-02,0.012478829217407172
 3.5308E-02,0.014400295668571369
 3.5326E-02,0.016102052409855565
 3.5343E-02,0.01750771869479483
 3.5361E-02,0.0185528818589423
 3.5378E-02,0.01918916194954242
 3.5396E-02,0.019387447781610327
 3.5413E-02,0.019139707723847182
 3.5431E-02,0.018459079244053364
 3.5448E-02,0.017378341543824654
 3.5466E-02,0.015947226488525857
 3.5483E-02,0.01422919612376314
 3.5501E-02,0.012298254084343308
 3.5519E-02,0.01023610089246891
 3.5536E-02,0.008129604531422727
 3.5554E-02,0.006068282589137022
 3.5571E-02,0.004141396956180208
 3.5589E-02,0.002434387724534877
 3.5606E-02,0.001024669411937062
 3.5624E-02,-2.284063494770324e-05
 3.5641E-02,-0.0006598367669648812
 3.5659E-02,-0.0008577010649357991
 3.5676E-02,-0.0006090311703933326
 3.5694E-02,7.254872246339615e-05
 3.5711E-02,0.001154075930943636
 3.5729E-02,0.002585926921774202
 3.5747E-02,0.00430487957998059
 3.5764E-02,0.006237079727723948
 3.5782E-02,0.008300713245258884
 3.5799E-02,0.010408500264785034
 3.5817E-02,0.012470342151117067
 3.5834E-02,0.014396474616162783
 3.5852E-02,0.016101299819159465
 3.5869E-02,0.017507758746333126
 3.5887E-02,0.018551789684714236
 3.5904E-02,0.019186230347224612
 3.5922E-02,0.019383542228744537
 3.5939E-02,0.019136966080809652
 3.5957E-02,0.018460074753045896
 3.5975E-02,0.01738504179374448
 3.5992E-02,0.015960161565486554
 3.6010E-02,0.014247164703236304
 3.6027E-02,0.012318681565744947
 3.6045E-02,0.010255905175469
 3.6062E-02,0.008146225780258504
 3.6080E-02,0.006080472436407563
 3.6097E-02,0.00414946350129098
 3.6115E-02,0.0024398136501443124
 3.6132E-02,0.001029272230030176
 3.6150E-02,-1.785525754469e-05
 3.6167E-02,-0.0006545373969046754
 3.6185E-02,-0.0008535341001643789
 3.6203E-02,-0.0006083174083692469
 3.6220E-02,6.752774597794473e-05
 3.6238E-02,0.0011420388289571605
 3.6255E-02,0.0025672161992801893
 3.6273E-02,0.004281495809037382
 3.6290E-02,0.006212106152099737
 3.6308E-02,0.008277350684769532
 3.6325E-02,0.010389084148807274
 3.6343E-02,0.012455717751281068
 3.6360E-02,0.014385961776301814
 3.6378E-02,0.0160932425657828
 3.6396E-02,0.017500422794147024
 3.6413E-02,0.01854423533630594
 3.6431E-02,0.019178803449357098
 3.6448E-02,0.019377784759936945
 3.6466E-02,0.01913498611023648
 3.6483E-02,0.018463636458092406
 3.6501E-02,0.01739475046599129
 3.6518E-02,0.015975080360412175
 3.6536E-02,0.014265025581083054
 3.6553E-02,0.012336613299180465
 3.6571E-02,0.010271393309345095
 3.6588E-02,0.008157926891330793
 3.6606E-02,0.006088564481257551
 3.6624E-02,0.004155400186002876
 3.6641E-02,0.002445588155775494
 3.6659E-02,0.001036489469796398
 3.6676E-02,-8.725312179524644e-06
 3.6694E-02,-0.0006444283434428377
 3.6711E-02,-0.0008444697034494505
 3.6729E-02,-0.0006026446837695001
 3.6746E-02,6.80510213519976e-05
 3.6764E-02,0.001136938634662592
 3.6781E-02,0.0025575047073605403
 3.6799E-02,0.00426930533563071
 3.6816E-02,0.006199904826634986
 3.6834E-02,0.008267055575541443
 3.6852E-02,0.010381426454881538
 3.6869E-02,0.01245011118312801
 3.6887E-02,0.014380920855211006
 3.6904E-02,0.01608717487389881
 3.6922E-02,0.017492467906281468
 3.6939E-02,0.018534803658098474
 3.6957E-02,0.019169588109676745
 3.6974E-02,0.01937123099018623
 3.6992E-02,0.01913342022889737
 3.7009E-02,0.018468393399196405
 3.7027E-02,0.017405640669450335
 3.7044E-02,0.01599040371124149
 3.7062E-02,0.014282125248518697
 3.7080E-02,0.012352751596016275
 3.7097E-02,0.010284608959836737
 3.7115E-02,0.008167546170014292
 3.7132E-02,0.006095180901180044
 3.7150E-02,0.004160351439001983
 3.7167E-02,0.0024501593309410852
 3.7185E-02,0.0010411781371071763
 3.7202E-02,-4.575685349314344e-06
 3.7220E-02,-0.0006424719888072257
 3.7237E-02,-0.0008467375938920366
 3.7255E-02,-0.0006107067412943193
 3.7273E-02,5.380291476066146e-05
 3.7290E-02,0.0011175945099349326
 3.7308E-02,0.0025353971358351582
 3.7325E-02,0.004247311067424234
 3.7343E-02,0.006180553155829761
 3.7360E-02,0.0082517851518984
 3.7378E-02,0.010370272149214552
 3.7395E-02,0.012441930974648182
 3.7413E-02,0.014374058988178541
 3.7430E-02,0.016080286945261937
 3.7448E-02,0.01748517348620903
 3.7465E-02,0.018527906086847765
 3.7483E-02,0.019164778963631324
 3.7501E-02,0.019370405903546824
 3.7518E-02,0.01913788880310172
 3.7536E-02,0.018478306658876308
 3.7553E-02,0.017419869254593903
 3.7571E-02,0.016006915843685347
 3.7588E-02,0.014298710774429152
 3.7606E-02,0.012367799237005773
 3.7623E-02,0.010297623581134431
 3.7641E-02,0.008179198725166904
 3.7658E-02,0.006106872859085696
 3.7676E-02,0.004173471398177704
 3.7693E-02,0.0024653331043452626
 3.7711E-02,0.0010578160915252154
 3.7729E-02,1.1751454088337193e-05
 3.7746E-02,-0.0006289090992941249
 3.7764E-02,-0.0008382811472612986
 3.7781E-02,-0.0006088194031070711
 3.7799E-02,4.8991729030268844e-05
 3.7816E-02,0.001107260856711069
 3.7834E-02,0.0025215368595527176
 3.7851E-02,0.004231998784821816
 3.7869E-02,0.006165244700315542
 3.7886E-02,0.008236938206525456
 3.7904E-02,0.010355426676535532
 3.7921E-02,0.012426202735395988
 3.7939E-02,0.014356830577804045
 3.7957E-02,0.01606179880227098
 3.7974E-02,0.01746675592615857
 3.7992E-02,0.018511737526221504
 3.8009E-02,0.01915324717997749
 3.8027E-02,0.019365311848808863
 3.8044E-02,0.019139801085495897
 3.8062E-02,0.018486321077874412
 3.8079E-02,0.017431872470555408
 3.8097E-02,0.016020257299246943
 3.8114E-02,0.014311029673372295
 3.8132E-02,0.01237769570365212
 3.8150E-02,0.010304928016197566
 3.8167E-02,0.008184754899702888
 3.8185E-02,0.006111943063959128
 3.8202E-02,0.004179018660482604
 3.8220E-02,0.0024714786990186225
 3.8237E-02,0.00106369432884545
 3.8255E-02,1.581901525605535e-05
 3.8272E-02,-0.0006282386034393226
 3.8290E-02,-0.0008419398911959229
 3.8307E-02,-0.0006166146373102218
 3.8325E-02,3.8422236188741504e-05
 3.8342E-02,0.0010960380954202111
 3.8360E-02,0.0025118283269394697
 3.8378E-02,0.004225280263916569
 3.8395E-02,0.006161824041715872
 3.8413E-02,0.00823592755401266
 3.8430E-02,0.010355173671255283
 3.8448E-02,0.012425010105536132
 3.8465E-02,0.014353680069777936
 3.8483E-02,0.016056795772281002
 3.8500E-02,0.017461124253686847
 3.8518E-02,0.01850737445268757
 3.8535E-02,0.019152021917582706
 3.8553E-02,0.019368390233523627
 3.8570E-02,0.019147261685585774
 3.8588E-02,0.01849720454316332
 3.8606E-02,0.017444627715807945
 3.8623E-02,0.01603338811442322
 3.8641E-02,0.014323667772849059
 3.8658E-02,0.012389861617413008
 3.8676E-02,0.010317373479061899
 3.8693E-02,0.008198454030864725
 3.8711E-02,0.00612744447557195
 3.8728E-02,0.004195929647880356
 3.8746E-02,0.0024883025687551068
 3.8763E-02,0.0010781027760712613
 3.8781E-02,2.5269675033730808e-05
 3.8798E-02,-0.0006257649385829675
 3.8816E-02,-0.0008473545400615719
 3.8834E-02,-0.0006295011644171951
 3.8851E-02,1.9592617345713637e-05
 3.8869E-02,0.0010733526822937255
 3.8886E-02,0.002487263734835229
 3.8904E-02,0.0042001776969905966
 3.8921E-02,0.006136702789008804
 3.8939E-02,0.008210688143629687
 3.8956E-02,0.010329581130856793
 3.8974E-02,0.012399233924270317
 3.8991E-02,0.014328646045679641
 3.9009E-02,0.01603418297723975
 3.9027E-02,0.017442986383396846
 3.9044E-02,0.018495521142000777
 3.9062E-02,0.019147399241898698
 3.9079E-02,0.019370708205620604
 3.9097E-02,0.019155026354411405
 3.9114E-02,0.018508158407875848
 3.9132E-02,0.01745644423297121
 3.9149E-02,0.016044366499086807
 3.9167E-02,0.014333173397833625
 3.9184E-02,0.012398355614509443
 3.9202E-02,0.010326033789392255
 3.9219E-02,0.008208547378202303
 3.9237E-02,0.006139702703993173
 3.9255E-02,0.0042101765711677125
 3.9272E-02,0.0025034722577419017
 3.9290E-02,0.0010926307235039176
 3.9307E-02,3.768862028012145e-05
 3.9325E-02,-0.0006162735755922613
 3.9342E-02,-0.0008406824165655327
 3.9360E-02,-0.0006247234671642745
 3.9377E-02,2.3762612141538394e-05
 3.9395E-02,0.0010779516137095547
 3.9412E-02,0.0024925624023006913
 3.9430E-02,0.004205479463063726
 3.9447E-02,0.006140549278449103
 3.9465E-02,0.008211402538791676
 3.9483E-02,0.010325944121714224
 3.9500E-02,0.01239103218651255
 3.9518E-02,0.014316879050908235
 3.9535E-02,0.016020844102166067
 3.9553E-02,0.017430497960230214
 3.9570E-02,0.018486034559057223
 3.9588E-02,0.019142218292576965
 3.9605E-02,0.01937003934216215
 3.9623E-02,0.01915812606240925
 3.9640E-02,0.018513789714597443
 3.9658E-02,0.017463436203890965
 3.9675E-02,0.01605203973392596
 3.9693E-02,0.01434146069063298
 3.9711E-02,0.012407580992120035
 3.9728E-02,0.010336459974284005
 3.9746E-02,0.008219900804371821
 3.9763E-02,0.00615089599146319
 3.9781E-02,0.00421936840736691
 3.9798E-02,0.0025084681014847818
 3.9816E-02,0.0010914890363232452
 3.9833E-02,2.931129415283877e-05
 3.9851E-02,-0.0006317864489379806
 3.9868E-02,-0.000862045291129865
 3.9886E-02,-0.0006498391195218157
 3.9904E-02,-2.7910539304624527e-06
 3.9921E-02,0.0010518967331669161
 3.9939E-02,0.002468179686819747
 3.9956E-02,0.00418312599876165
 3.9974E-02,0.006120034933394941
 3.9991E-02,0.008192445036060543
 4.0009E-02,0.010308604207660998
 4.0026E-02,0.01237593627736476
 4.0044E-02,0.014305129378602802
 4.0061E-02,0.01601365050491382
 4.0079E-02,0.017428685435207987
 4.0096E-02,0.01848963814557979
 4.0114E-02,0.019150348331004808
 4.0132E-02,0.019381094959919527
 4.0149E-02,0.019170294005930025
 4.0167E-02,0.018525646950164024
 4.0184E-02,0.01747442645236654
 4.0202E-02,0.016062636168811605
 4.0219E-02,0.01435294461479865
 4.0237E-02,0.012421513922680573
 4.0254E-02,0.010354044546300602
 4.0272E-02,0.008241467171043673
 4.0289E-02,0.006175700297119151
 4.0307E-02,0.004245768621000732
 4.0324E-02,0.0025343968134896944
 4.0342E-02,0.0011150308311472172
 4.0360E-02,4.915929060536487e-05
 4.0377E-02,-0.00061616280219998
 4.0395E-02,-0.0008505659045129005
 4.0412E-02,-0.0006422176361821184
 4.0430E-02,1.0163870697838364e-06
 4.0447E-02,0.0010514106050665529
 4.0465E-02,0.0024624254434706125
 4.0482E-02,0.004170982638306529
 4.0500E-02,0.006100776809654767
 4.0517E-02,0.008166260848300522
 4.0535E-02,0.010276875448567655
 4.0552E-02,0.012341144856674601
 4.0570E-02,0.014270403416036841
 4.0588E-02,0.015982092208298597
 4.0605E-02,0.017402704457533648
 4.0623E-02,0.01847050820883328
 4.0640E-02,0.019138117119562315
 4.0658E-02,0.019374843987821976
 4.0675E-02,0.019168620235179634
 4.0693E-02,0.018527168383333698
 4.0710E-02,0.01747812373512482
 4.0728E-02,0.016067924951469727
 4.0745E-02,0.01435949298569294
 4.0763E-02,0.012428925479127566
 4.0781E-02,0.010361579530062372
 4.0798E-02,0.008247953629320903
 4.0816E-02,0.006179703055192549
 4.0833E-02,0.004245970038151123
 4.0851E-02,0.002530047868362065
 4.0868E-02,0.0011062932869112256
 4.0886E-02,3.719321949432336e-05
 4.0903E-02,-0.0006294203350955347
 4.0921E-02,-0.0008628704249430293
 4.0938E-02,-0.0006515816760299441
 4.0956E-02,-4.147990347972276e-06
 4.0973E-02,0.0010507509601789086
 4.0991E-02,0.002465702046024117
 4.1009E-02,0.0041770886677344465
 4.1026E-02,0.006108515636368376
 4.1044E-02,0.008174735225563173
 4.1061E-02,0.01028568068520972
 4.1079E-02,0.012350314699110996
 4.1096E-02,0.014280159517906546
 4.1114E-02,0.0159925286899421
 4.1131E-02,0.01741356488034232
 4.1149E-02,0.018481171158510386
 4.1166E-02,0.019147815145757155
 4.1184E-02,0.019383035226188425
 4.1201E-02,0.019175354637703403
 4.1219E-02,0.018533275752245112
 4.1237E-02,0.0174851099775023
 4.1254E-02,0.016077574584209137
 4.1272E-02,0.014373295225168756
 4.1289E-02,0.012447520293897058
 4.1307E-02,0.010384424440716548
 4.1324E-02,0.008273335781763941
 4.1342E-02,0.006205094152000873
 4.1359E-02,0.0042685968551469675
 4.1377E-02,0.0025474772703228477
 4.1394E-02,0.0011168349725344993
 4.1412E-02,4.0004173124723276e-05
 4.1429E-02,-0.000634520955347458
 4.1447E-02,-0.0008757507866149784
 4.1465E-02,-0.0006721255726050446
 4.1482E-02,-3.2395250791463176e-05
 4.1500E-02,0.0010147282749798318
 4.1517E-02,0.0024221396303791033
 4.1535E-02,0.0041269336040589705
 4.1552E-02,0.006053700576994965
 4.1570E-02,0.008118168452690405
 4.1587E-02,0.010230900241544492
 4.1605E-02,0.012300884500282515
 4.1622E-02,0.01423899012548836
 4.1640E-02,0.015961340231674094
 4.1658E-02,0.017392660769890704
 4.1675E-02,0.018469580993669278
 4.1693E-02,0.019143736917228406
 4.1710E-02,0.019384409343686692
 4.1728E-02,0.019180372606736697
 4.1745E-02,0.01854067278525787
 4.1763E-02,0.017494188740900165
 4.1780E-02,0.016088014882542617
 4.1798E-02,0.014384880511573868
 4.1815E-02,0.012459928189188134
 4.1833E-02,0.010397181816259395
 4.1850E-02,0.008285954315216674
 4.1868E-02,0.006217316913451719
 4.1886E-02,0.004280632335405106
 4.1903E-02,0.002560094440490294
 4.1921E-02,0.0011312443351421846
 4.1938E-02,5.7534731430925736e-05
 4.1956E-02,-0.00061285594113422
 4.1973E-02,-0.000849657162675921
 4.1991E-02,-0.0006422605718664151
 4.2008E-02,-3.41887243375397e-07
 4.2026E-02,0.0010467455493890336
 4.2043E-02,0.002451712501083581
 4.2061E-02,0.004151958957774252
 4.2078E-02,0.006072752949432802
 4.2096E-02,0.00813065615643799
 4.2114E-02,0.01023699120414558
 4.2131E-02,0.012301273086959413
 4.2149E-02,0.014234624416114042
 4.2166E-02,0.0159532251505348
 4.2184E-02,0.017381802146625
 4.2201E-02,0.018457059607674308
 4.2219E-02,0.019130831766720386
 4.2236E-02,0.019372657528673422
 4.2254E-02,0.01917147340228469
 4.2271E-02,0.018536207849601125
 4.2289E-02,0.017495215722205745
 4.2306E-02,0.016094663930884982
 4.2324E-02,0.014396108016157674
 4.2342E-02,0.012473544569819903
 4.2359E-02,0.010410183333877847
 4.2377E-02,0.008295083676476753
 4.2394E-02,0.006219692872077381
 4.2412E-02,0.004274261310722763
 4.2429E-02,0.0025441221499683192
 4.2447E-02,0.001105903050455701
 4.2464E-02,2.3851253638259998e-05
 4.2482E-02,-0.0006534466041230324
 4.2499E-02,-0.0008956280026882336
 4.2517E-02,-0.0006921240423469827
 4.2535E-02,-5.257858585594173e-05
 4.2552E-02,0.0009938787832689585
 4.2570E-02,0.0024003511981683214
 4.2587E-02,0.004104636086658819
 4.2605E-02,0.006032170071134239
 4.2622E-02,0.008099255315266668
 4.2640E-02,0.01021645401155414
 4.2657E-02,0.012292115504640407
 4.2675E-02,0.01423603580889135
 4.2692E-02,0.015963225197536735
 4.2710E-02,0.017397684265295043
 4.2727E-02,0.018475995129020706
 4.2745E-02,0.01915046129740397
 4.2763E-02,0.019391507997354607
 4.2780E-02,0.019189103115561164
 4.2798E-02,0.018553074585469394
 4.2815E-02,0.01751234992518304
 4.2833E-02,0.016113277995230695
 4.2850E-02,0.014417270610418663
 4.2868E-02,0.012498002798773743
 4.2885E-02,0.010438343526798483
 4.2903E-02,0.008327092386858045
 4.2920E-02,0.006255523954463447
 4.2938E-02,0.004313725424106875
 4.2955E-02,0.0025867615165671345
 4.2973E-02,0.0011507971113923704
 4.2991E-02,6.941518329593938e-05
 4.3008E-02,-0.0006095634592456173
 4.3026E-02,-0.0008564560685918661
 4.3043E-02,-0.0006610680437311137
 4.3061E-02,-3.293316042384583e-05
 4.3078E-02,0.0009994862300766137
 4.3096E-02,0.0023904497835600218
 4.3113E-02,0.004079204659362524
 4.3131E-02,0.005992660435926938
 4.3148E-02,0.00804834873814435
 4.3166E-02,0.010157631602173223
 4.3183E-02,0.012229173206199097
 4.3201E-02,0.014172672670756113
 4.3219E-02,0.015902779017470142
 4.3236E-02,0.017343010865056945
 4.3254E-02,0.01842942335089963
 4.3271E-02,0.019113731954145723
 4.3289E-02,0.01936563349652433
 4.3306E-02,0.019174154418261834
 4.3324E-02,0.018547977738709837
 4.3341E-02,0.01751481562290814
 4.3359E-02,0.01611997234045586
 4.3376E-02,0.014424263701982886
 4.3394E-02,0.012501427774045174
 4.3412E-02,0.010435107698568646
 4.3429E-02,0.008315447655178117
 4.3447E-02,0.006235339912646316
 4.3464E-02,0.0042864001792563755
 4.3482E-02,0.0025548207086983077
 4.3499E-02,0.0011173282818573577
 4.3517E-02,3.7521876731098957e-05
 4.3534E-02,-0.0006371390302040763
 4.3552E-02,-0.0008774810466193913
 4.3569E-02,-0.0006737797538243359
 4.3587E-02,-3.593066094103995e-05
 4.3604E-02,0.0010072864190453024
 4.3622E-02,0.002409710049071897
 4.3640E-02,0.0041099198017823385
 4.3657E-02,0.006033863436435404
 4.3675E-02,0.008097919276149852
 4.3692E-02,0.01021234853934734
 4.3710E-02,0.012285073140092848
 4.3727E-02,0.014225662109292865
 4.3745E-02,0.01594935052765943
 4.3762E-02,0.017380870701844124
 4.3780E-02,0.018457861704534867
 4.3797E-02,0.019133647577868965
 4.3815E-02,0.019379229262691464
 4.3832E-02,0.019184406392814813
 4.3850E-02,0.018558022015341583
 4.3868E-02,0.01752739270778101
 4.3885E-02,0.016137027851100567
 4.3903E-02,0.014446744068988647
 4.3920E-02,0.01252925416818652
 4.3938E-02,0.010467275256710193
 4.3955E-02,0.008350181791288165
 4.3973E-02,0.006270249167731487
 4.3990E-02,0.004318597066087298
 4.4008E-02,0.0025810242352801794
 4.4025E-02,0.0011339921020591824
 4.4043E-02,4.103929428860963e-05
 4.4060E-02,-0.000650119170639347
 4.4078E-02,-0.0009096339327141331
 4.4096E-02,-0.000726637798546466
 4.4113E-02,-0.0001094699620307456
 4.4131E-02,0.0009148924936551239
 4.4148E-02,0.002302077863877992
 4.4166E-02,0.0039921495081065685
 4.4183E-02,0.005911985620349486
 4.4201E-02,0.007978205130694995
 4.4218E-02,0.010100621971443452
 4.4236E-02,0.01218615160076859
 4.4253E-02,0.014143008456059727
 4.4271E-02,0.015884950303494294
 4.4289E-02,0.017335283577362647
 4.4306E-02,0.018430364466124536
 4.4324E-02,0.019122399660067103
 4.4341E-02,0.01938143733682388
 4.4359E-02,0.01919651914065279
 4.4376E-02,0.018576019859433548
 4.4394E-02,0.01754722204154359
 4.4411E-02,0.016155165149252058
 4.4429E-02,0.014460793807788495
 4.4446E-02,0.012538424924127455
 4.4464E-02,0.010472572379467898
 4.4481E-02,0.008354219599803975
 4.4499E-02,0.006276703242090422
 4.4517E-02,0.004331434782699757
 4.4534E-02,0.00260371798763688
 4.4552E-02,0.0011689141020699678
 4.4569E-02,8.916383563663342e-05
 4.4587E-02,-0.0005891951269055591
 4.4604E-02,-0.0008374493345154808
 4.4622E-02,-0.0006455563774452255
 4.4639E-02,-2.243271008723648e-05
 4.4657E-02,0.0010044920677052798
 4.4674E-02,0.0023904314969676347
 4.4692E-02,0.004075089536224321
 4.4709E-02,0.0059851709273097565
 4.4727E-02,0.008037501581543406
 4.4745E-02,0.010142660390295011
 4.4762E-02,0.012208957592105635
 4.4780E-02,0.014146529603173894
 4.4797E-02,0.01587129492099599
 4.4815E-02,0.017308548166977383
 4.4832E-02,0.018396040352767914
 4.4850E-02,0.019086470325185286
 4.4867E-02,0.019349368033655147
 4.4885E-02,0.01917236781622782
 4.4902E-02,0.018561853031309753
 4.4920E-02,0.01754292609044641
 4.4937E-02,0.01615864114418689
 4.4955E-02,0.014468439107211491
 4.4973E-02,0.012545756720073407
 4.4990E-02,0.010474850120775281
 4.5008E-02,0.008346964746728955
 4.5025E-02,0.0062560706120285345
 4.5043E-02,0.004294444771121696
 4.5060E-02,0.0025484031623203064
 4.5078E-02,0.0010944475129800537
 4.5095E-02,-3.9897573658465024e-06
 4.5113E-02,-0.0006991134037092111
 4.5130E-02,-0.0009606301432812845
 4.5148E-02,-0.0007769312865084327
 4.5166E-02,-0.00015560837177837968
 4.5183E-02,0.0008767186094596628
 4.5201E-02,0.0022753157968854235
 4.5218E-02,0.003979057806963562
 4.5236E-02,0.005912994270383141
 4.5253E-02,0.00799171954187706
 4.5271E-02,0.01012338467894773
 4.5288E-02,0.012214073072489706
 4.5306E-02,0.014172201378930742
 4.5323E-02,0.0159126288464976
 4.5341E-02,0.017360248310927445
 4.5358E-02,0.018452957671575763
 4.5376E-02,0.019144018395467033
 4.5394E-02,0.01940384671831434
 4.5411E-02,0.019221248958032424
 4.5429E-02,0.018604046426670715
 4.5446E-02,0.017578982955541108
 4.5464E-02,0.01619079791192368
 4.5481E-02,0.014500395649341389
 4.5499E-02,0.012582138861096371
 4.5516E-02,0.010520402062941227
 4.5534E-02,0.008405610974777069
 4.5551E-02,0.006330048801666979
 4.5569E-02,0.0043837149992358
 4.5586E-02,0.0026504686974551123
 4.5604E-02,0.0012046036892947125
 4.5622E-02,0.00010792439792058138
 4.5639E-02,-0.0005926566667279634
 4.5657E-02,-0.0008669914462810955
 4.5674E-02,-0.0007030041916788058
 4.5692E-02,-0.00010735885596817676
 4.5709E-02,0.0008946097921035671
 4.5727E-02,0.002259782147492808
 4.5744E-02,0.003928993176378674
 4.5762E-02,0.00582959138416558
 4.5779E-02,0.007878698456800195
 4.5797E-02,0.009986975875558466
 4.5814E-02,0.012062656643138435
 4.5832E-02,0.01401558264751197
 4.5850E-02,0.015761014497888002
 4.5867E-02,0.017223060076049932
 4.5885E-02,0.018337669003343812
 4.5902E-02,0.01905520666452207
 4.5920E-02,0.019342623141055164
 4.5937E-02,0.01918517588467213
 4.5955E-02,0.01858757796625637
 4.5972E-02,0.017574372458234608
 4.5990E-02,0.016189325768678445
 4.6007E-02,0.014493704295664288
 4.6025E-02,0.012563432588332245
 4.6043E-02,0.010485298777050142
 4.6060E-02,0.008352529856928909
 4.6078E-02,0.006260145482118468
 4.6095E-02,0.004300480663358768
 4.6113E-02,0.002559163633806336
 4.6130E-02,0.0011116889028624176
 4.6148E-02,2.0584849551142032e-05
 4.6165E-02,-0.0006669066788727882
 4.6183E-02,-0.0009207102680774922
 4.6200E-02,-0.0007293407823828943
 4.6218E-02,-0.00010074569907294782
 4.6235E-02,0.0009376357811746015
 4.6253E-02,0.0023397957914940435
 4.6271E-02,0.004043166290677073
 4.6288E-02,0.005971661450865673
 4.6306E-02,0.008039540117939836
 4.6323E-02,0.010155740075910386
 4.6341E-02,0.012228264332379968
 4.6358E-02,0.014168235711084819
 4.6376E-02,0.015893385860942234
 4.6393E-02,0.017330944938884138
 4.6411E-02,0.018420058370327824
 4.6428E-02,0.01911391082775309
 4.6446E-02,0.019381659694820443
 4.6463E-02,0.01921010742910905
 4.6481E-02,0.018604874121917657
 4.6499E-02,0.01759076401370274
 4.6516E-02,0.01621107873325604
 4.6534E-02,0.014525784541426147
 4.6551E-02,0.01260863733556982
 4.6569E-02,0.010543537471545131
 4.6586E-02,0.008420467365256125
 4.6604E-02,0.006331352179800357
 4.6621E-02,0.004366107961053167
 4.6639E-02,0.002609028809299387
 4.6656E-02,0.0011355491031199857
 4.6674E-02,9.350031500458692e-06
 4.6691E-02,-0.0007202124002114803
 4.6709E-02,-0.0010203188314456754
 4.6727E-02,-0.0008764169325415043
 4.6744E-02,-0.0002932842694112444
 4.6762E-02,0.000704772724844302
 4.6779E-02,0.0020747201145329074
 4.6797E-02,0.0037566337290975086
 4.6814E-02,0.005676494624551074
 4.6832E-02,0.007749748139761681
 4.6849E-02,0.009885337094642099
 4.6867E-02,0.011989888472548957
 4.6884E-02,0.013971774428595898
 4.6902E-02,0.015744858886407042
 4.6920E-02,0.017231858216091363
 4.6937E-02,0.01836735292826748
 4.6955E-02,0.019100522040520377
 4.6972E-02,0.019397597386736524
 4.6990E-02,0.019243894710962727
 4.7007E-02,0.018645151389743726
 4.7025E-02,0.017627850058518555
 4.7042E-02,0.01623827316992931
 4.7060E-02,0.014540214707130752
 4.7077E-02,0.012611509180587208
 4.7095E-02,0.010539740519469732
 4.7112E-02,0.008417609727008366
 4.7130E-02,0.006338436887809605
 4.7148E-02,0.004392138470935529
 4.7165E-02,0.002661806597836474
 4.7183E-02,0.0012208242871446526
 4.7200E-02,0.00013035303971381182
 4.7218E-02,-0.0005629525773806299
 4.7235E-02,-0.0008290229567945533
 4.7253E-02,-0.0006560824329679241
 4.7270E-02,-5.168908899200566e-05
 4.7288E-02,0.0009572110294681103
 4.7305E-02,0.0023254151875824127
 4.7323E-02,0.0039917738921072185
 4.7340E-02,0.005882451308810267
 4.7358E-02,0.007914758709140796
 4.7376E-02,0.010001148490349004
 4.7393E-02,0.012053014317169127
 4.7411E-02,0.013984066020907229
 4.7428E-02,0.015713224989068495
 4.7446E-02,0.01716716898747152
 4.7463E-02,0.018282753413186706
 4.7481E-02,0.019009491475174518
 4.7498E-02,0.019312105571662797
 4.7516E-02,0.019172933377680272
 4.7533E-02,0.018593785926635534
 4.7551E-02,0.017596811877065868
 4.7568E-02,0.016224046971875152
 4.7586E-02,0.014535556050518766
 4.7604E-02,0.012606324895177524
 4.7621E-02,0.01052226493397897
 4.7639E-02,0.008375791777780788
 4.7656E-02,0.006261400895273243
 4.7674E-02,0.004271533387880515
 4.7691E-02,0.0024928669727856093
 4.7709E-02,0.0010030243054785788
 4.7726E-02,-0.00013239235614598147
 4.7744E-02,-0.0008625119200278427
 4.7761E-02,-0.0011536157306035553
 4.7779E-02,-0.0009911036249772294
 4.7797E-02,-0.0003807407637438034
 4.7814E-02,0.0006511004843658554
 4.7832E-02,0.002058405661513664
 4.7849E-02,0.0037777299106228476
 4.7867E-02,0.005731518474548442
 4.7884E-02,0.007832238874771372
 4.7902E-02,0.009986901612918354
 4.7919E-02,0.012101508708522115
 4.7937E-02,0.014085070443609031
 4.7954E-02,0.01585303519886132
 4.7972E-02,0.01733019368232916
 4.7989E-02,0.01845326422068586
 4.8007E-02,0.019173367782888077
 4.8025E-02,0.01945842765281726
 4.8042E-02,0.019295262744920157
 4.8060E-02,0.018690950131565097
 4.8077E-02,0.01767301992724086
 4.8095E-02,0.016288217619541044
 4.8112E-02,0.014599865426273199
 4.8130E-02,0.012684162472255876
 4.8147E-02,0.010625947935159107
 4.8165E-02,0.00851445247684306
 4.8182E-02,0.006439422914090086
 4.8200E-02,0.004487785571007736
 4.8217E-02,0.002740779438433043
 4.8235E-02,0.0012713413778999401
 4.8253E-02,0.00014153674833732987
 4.8270E-02,-0.0006000264104182635
 4.8288E-02,-0.000920662279754524
 4.8305E-02,-0.0008056342366801481
 4.8323E-02,-0.00025935218930630264
 4.8340E-02,0.0006945599663548785
 4.8358E-02,0.002014411810179832
 4.8375E-02,0.0036426644116559098
 4.8393E-02,0.005508908597511227
 4.8410E-02,0.007533229470932434
 4.8428E-02,0.009629639469752519
 4.8445E-02,0.011709396460933403
 4.8463E-02,0.013684152151870209
 4.8481E-02,0.015468968319585162
 4.8498E-02,0.016985310414214562
 4.8516E-02,0.01816415174783177
 4.8533E-02,0.018949239532648363
 4.8551E-02,0.019300396119733575
 4.8568E-02,0.019196529443772252
 4.8586E-02,0.018637883118948182
 4.8603E-02,0.01764703762741132
 4.8621E-02,0.0162683183995598
 4.8638E-02,0.014565531280235477
 4.8656E-02,0.012618235929096236
 4.8674E-02,0.010517012592248243
 4.8691E-02,0.00835832240314607
 4.8709E-02,0.00623954314273099
 4.8726E-02,0.0042545786729946185
 4.8744E-02,0.0024901836239481973
 4.8761E-02,0.0010229196060569249
 4.8779E-02,-8.347237707722146e-05
 4.8796E-02,-0.0007804890198188424
 4.8814E-02,-0.00103711724369225
 4.8831E-02,-0.0008417380113052576
 4.8849E-02,-0.00020331795402402867
 4.8866E-02,0.0008485175369380675
 4.8884E-02,0.0022648072276623063
 4.8902E-02,0.003979984492314561
 4.8919E-02,0.005915740486859319
 4.8937E-02,0.007985547937333127
 4.8954E-02,0.01009928606448734
 4.8972E-02,0.012167428558356352
 4.8989E-02,0.014104427560222201
 4.9007E-02,0.015831239685326997
 4.9024E-02,0.017277265216754434
 4.9042E-02,0.018382148797008897
 4.9059E-02,0.019097834110339475
 4.9077E-02,0.019390978958633582
 4.9094E-02,0.019245434699415205
 4.9112E-02,0.01866419574926203
 4.9130E-02,0.017670204864968616
 4.9147E-02,0.016305645576719544
 4.9165E-02,0.014629727364774612
 4.9182E-02,0.012715324277921766
 4.9200E-02,0.0106450268584105
 4.9217E-02,0.008507135674441382
 4.9235E-02,0.006391927951306932
 4.9252E-02,0.004388301020326952
 4.9270E-02,0.0025807124832858764
 4.9287E-02,0.001046236065399785
 4.9305E-02,-0.0001484134283769186
 4.9322E-02,-0.0009498726250300474
 4.9340E-02,-0.0013209394232039614
 4.9358E-02,-0.0012428735392166427
 4.9375E-02,-0.0007168343310727708
 4.9393E-02,0.00023579922615219113
 4.9410E-02,0.0015742929617878544
 4.9428E-02,0.0032405033261360076
 4.9445E-02,0.005161709752176365
 4.9463E-02,0.007254084425042266
 4.9480E-02,0.009426514975737644
 4.9498E-02,0.011584518955189535
 4.9515E-02,0.013634067606811752
 4.9533E-02,0.015485225809122705
 4.9551E-02,0.017055614322465495
 4.9568E-02,0.018273797809502383
 4.9586E-02,0.01908269708562583
 4.9603E-02,0.019442948408949206
 4.9621E-02,0.019335875506521723
 4.9638E-02,0.018765552661128355
 4.9656E-02,0.017759409761118665
 4.9673E-02,0.016367002766069273
 4.9691E-02,0.014656923434757116
 4.9708E-02,0.012712218354031048
 4.9726E-02,0.010624974150113105
 4.9743E-02,0.008490837655788893
 4.9761E-02,0.006404155430898316
 4.9779E-02,0.004454125582929664
 4.9796E-02,0.002721955010215135
 4.9814E-02,0.0012787030004806552
 4.9831E-02,0.0001833868911003979
 4.9849E-02,-0.0005189740648790803
 4.9866E-02,-0.000799430590302616
 4.9884E-02,-0.0006470011411111004
 4.9901E-02,-6.987363208125932e-05
 4.9919E-02,0.0009045920889800854
 4.9936E-02,0.0022313131569468335
 4.9954E-02,0.003850269006085559
 4.9971E-02,0.005690175072921716
 4.9989E-02,0.007672444350661662
 5.0007E-02,0.009714899528450421
 5.0024E-02,0.011734875996384375
 5.0042E-02,0.01365157089914745
 5.0059E-02,0.015387763130943225
 5.0077E-02,0.01687131020049364
 5.0094E-02,0.01803695906104398
 5.0112E-02,0.018828880570718617
 5.0129E-02,0.019203989585230213
 5.0147E-02,0.019135666794755878
 5.0164E-02,0.018617134914010444
 5.0182E-02,0.017663653152270302
 5.0199E-02,0.01631292118227954
 5.0217E-02,0.014623483175593236
 5.0235E-02,0.012671338636986808
 5.0252E-02,0.010545305231182026
 5.0270E-02,0.00834183813993863
 5.0287E-02,0.00615993909840591
 5.0305E-02,0.004096572448280995
 5.0322E-02,0.0022427597229057314
 5.0340E-02,0.0006802909387781449
 5.0357E-02,-0.0005211697644100166
 5.0375E-02,-0.0013068011463957577
 5.0392E-02,-0.0016392201764349563
 5.0410E-02,-0.001500799946320839
 5.0428E-02,-0.0008953730498486517
 5.0445E-02,0.0001511047493697983
 5.0463E-02,0.001591283836253325
 5.0480E-02,0.003358693955144931
 5.0498E-02,0.005371479838407488
 5.0515E-02,0.007537272678551012
 5.0533E-02,0.009758602132249397
 5.0550E-02,0.01193809270256136
 5.0568E-02,0.013982803598872315
 5.0585E-02,0.01580744003305287
 5.0603E-02,0.01733661444249156
 5.0620E-02,0.018506692685640532
 5.0638E-02,0.01926783646567284
 5.0656E-02,0.019586525107331606
 5.0673E-02,0.01944826002677829
 5.0691E-02,0.018859692789223625
 5.0708E-02,0.017849322491774018
 5.0726E-02,0.016466192963723075
 5.0743E-02,0.014776572444261608
 5.0761E-02,0.012859193396512463
 5.0778E-02,0.010799977938272512
 5.0796E-02,0.008687152744537085
 5.0813E-02,0.006607371456808354
 5.0831E-02,0.004643036755875946
 5.0848E-02,0.002870549594394867
 5.0866E-02,0.001358905712690858
 5.0884E-02,0.00016807354563024577
 5.0901E-02,-0.0006531327528134016
 5.0919E-02,-0.001069585531163287
 5.0936E-02,-0.0010623156677601905
 5.0954E-02,-0.0006302754040043887
 5.0971E-02,0.0002091229229430042
 5.0989E-02,0.0014208443368786267
 5.1006E-02,0.002954235596193195
 5.1024E-02,0.004745758939092452
 5.1041E-02,0.006721959876729519
 5.1059E-02,0.008802305279403047
 5.1076E-02,0.010901761872875369
 5.1094E-02,0.01293316127878454
 5.1112E-02,0.01480949859856646
 5.1129E-02,0.016446433179474595
 5.1147E-02,0.017765357919585188
 5.1164E-02,0.018697313771383
 5.1182E-02,0.01918771224015661
 5.1199E-02,0.01920140418934851
 5.1217E-02,0.018727241384738007
 5.1234E-02,0.017781087426514377
 5.1252E-02,0.01640638997569409
 5.1269E-02,0.014671890086432356
 5.1287E-02,0.01266664382103275
 5.1305E-02,0.010493122455261286
 5.1322E-02,0.008259593007665442
 5.1340E-02,0.006073056620646349
 5.1357E-02,0.004033670630344755
 5.1375E-02,0.0022309841786562626
 5.1392E-02,0.000741719144663631
 5.1410E-02,-0.0003716017256651229
 5.1427E-02,-0.0010619780872106904
 5.1445E-02,-0.0012996973069835187
 5.1462E-02,-0.0010744681642408016
 5.1480E-02,-0.00039731289330264077
 5.1497E-02,0.0006986692590559523
 5.1515E-02,0.0021594349489757574
 5.1533E-02,0.003913307083874714
 5.1550E-02,0.005876133500431834
 5.1568E-02,0.007957485332908697
 5.1585E-02,0.010066797345908074
 5.1603E-02,0.012118287473768502
 5.1620E-02,0.014033815575399544
 5.1638E-02,0.015743591242163346
 5.1655E-02,0.017185507906938846
 5.1673E-02,0.01830443141703052
 5.1690E-02,0.019052739270028665
 5.1708E-02,0.019392750713891654
 5.1725E-02,0.019300656434434876
 5.1743E-02,0.018770690818744988
 5.1761E-02,0.017818055113885928
 5.1778E-02,0.016479520462952178
 5.1796E-02,0.014811428333005068
 5.1813E-02,0.012885633013572699
 5.1831E-02,0.010784464657718838
 5.1848E-02,0.008595814498267958
 5.1866E-02,0.006409065862384352
 5.1883E-02,0.0043121004189979415
 5.1901E-02,0.002389151186762951
 5.1918E-02,0.0007189424996265402
 5.1936E-02,-0.0006274821013985518
 5.1953E-02,-0.0015895554514752397
 5.1971E-02,-0.0021205021493661924
 5.1989E-02,-0.0021907207681653106
 5.2006E-02,-0.0017905910261426924
 5.2024E-02,-0.0009321237750697898
 5.2041E-02,0.0003508555308246047
 5.2059E-02,0.0020040331115458664
 5.2076E-02,0.003955333665638454
 5.2094E-02,0.006118776074609105
 5.2111E-02,0.008398980322815271
 5.2129E-02,0.010695760941562115
 5.2146E-02,0.012908344431695055
 5.2164E-02,0.014938971654421141
 5.2182E-02,0.016695991566422774
 5.2199E-02,0.01809695996991166
 5.2217E-02,0.019072401459229574
 5.2234E-02,0.019570508829005438
 5.2252E-02,0.01956232039447412
 5.2269E-02,0.019046247692745828
 5.2287E-02,0.01805052542849561
 5.2304E-02,0.01663239627121438
 5.2322E-02,0.014873630637246473
 5.2339E-02,0.012873005054857745
 5.2357E-02,0.010737190589081722
 5.2374E-02,0.00857190023219516
 5.2392E-02,0.00647500480144915
 5.2410E-02,0.004532591314513334
 5.2427E-02,0.0028178438972855544
 5.2445E-02,0.0013917000634837266
 5.2462E-02,0.0003038372221926327
 5.2480E-02,-0.00040727607521802705
 5.2497E-02,-0.0007158349557878421
 5.2515E-02,-0.0006112514916036717
 5.2532E-02,-0.00010062876943707987
 5.2550E-02,0.0007901759795368315
 5.2567E-02,0.0020177558736552375
 5.2585E-02,0.003524637604269451
 5.2602E-02,0.005244211686491682
 5.2620E-02,0.007105829328703223
 5.2638E-02,0.009038859779905683
 5.2655E-02,0.010974886937127101
 5.2673E-02,0.012847763065086384
 5.2690E-02,0.014591984989880624
 5.2708E-02,0.0161406673530623
 5.2725E-02,0.017424796882110724
 5.2743E-02,0.018375163947338697
 5.2760E-02,0.018927476161707195
 5.2778E-02,0.019029948549171727
 5.2795E-02,0.018651579613955423
 5.2813E-02,0.017788894447119907
 5.2830E-02,0.0164693463595049
 5.2848E-02,0.014750511434614512
 5.2866E-02,0.01271531537981057
 5.2883E-02,0.01046453056609455
 5.2901E-02,0.008108329504465906
 5.2918E-02,0.005758559989563857
 5.2936E-02,0.0035228073405122323
 5.2953E-02,0.0015005462284063357
 5.2971E-02,-0.00021908044138306266
 5.2988E-02,-0.0015588574302447323
 5.3000E-02,-0.0022088305964215902
