  0.000,0.0
  1.000,0.011919364530334771
  0.000,0.011919364530334771
 1.4180E-05,0.012320086466401892
 2.8360E-05,0.013656378859370226
 4.2540E-05,0.015525086585059163
 5.6720E-05,0.0181757422096065
 7.0900E-05,0.02166337168100893
 8.5080E-05,0.025241723831693576
 9.9260E-05,0.0279731921602168
 1.1344E-04,0.02935041692835871
 1.2762E-04,0.029246415226941175
 1.4180E-04,0.027508779438600185
 1.5598E-04,0.024056828129537487
 1.7016E-04,0.0195253749197008
 1.8434E-04,0.014964622158135765
 1.9852E-04,0.010955180528712562
 2.1270E-04,0.007690034714458353
 2.2688E-04,0.005493111963932679
 2.4106E-04,0.004573574209134262
 2.5524E-04,0.004474763378240822
 2.6942E-04,0.0043915005929243914
 2.8360E-04,0.003953837126289774
 2.9778E-04,0.003154906179797086
 3.1196E-04,0.0018424006697520799
 3.2614E-04,8.444966910095856e-06
 3.4032E-04,-0.0017432358653503737
 3.5450E-04,-0.0025966258385903694
 3.6868E-04,-0.0021540288061769482
 3.8286E-04,-0.00034987743850624364
 3.9704E-04,0.002895003086256038
 4.1122E-04,0.0074332152204322705
 4.2540E-04,0.012567703195651588
 4.3958E-04,0.01739566338942182
 4.5376E-04,0.02131236516125764
 4.6794E-04,0.024026270148183374
 4.8212E-04,0.02533064710906286
 4.9630E-04,0.025199635422851873
 5.1048E-04,0.024091300875771892
 5.2466E-04,0.022747329972642318
 5.3884E-04,0.021628353154576178
 5.5302E-04,0.020867919742225127
 5.6720E-04,0.020589524965646932
 5.8138E-04,0.020765071330823875
 5.9556E-04,0.02090281756479612
 6.0974E-04,0.020332529273914775
 6.2392E-04,0.018712725759505017
 6.3810E-04,0.016001688510141124
 6.5228E-04,0.012228779647860255
 6.6646E-04,0.007659163539083464
 6.8064E-04,0.002971331859154526
 6.9482E-04,-0.001023026164638629
 7.0900E-04,-0.0037698150934304545
 7.2318E-04,-0.005013771514778316
 7.3736E-04,-0.004656764028464691
 7.5154E-04,-0.002836669490505041
 7.6572E-04,-8.239589614452911e-05
 7.7990E-04,0.002888785204972052
 7.9408E-04,0.005560929026844774
 8.0826E-04,0.007691267070200361
 8.2244E-04,0.009159746278504542
 8.3662E-04,0.01003508067426795
 8.5080E-04,0.010728207300496197
 8.6498E-04,0.011794655102611195
 8.7916E-04,0.013561982043606745
 8.9334E-04,0.016076836377674514
 9.0752E-04,0.01924897098837453
 9.2170E-04,0.022784695957185658
 9.3588E-04,0.026075673253378805
 9.5006E-04,0.028414737926207648
 9.6424E-04,0.029336265550531586
 9.7842E-04,0.0286709512334381
 9.9260E-04,0.026443450663075335
 1.0068E-03,0.022934596432652336
 1.0210E-03,0.018748683014634837
 1.0351E-03,0.014606394271277079
 1.0493E-03,0.011047914081993177
 1.0635E-03,0.008358931861235474
 1.0777E-03,0.0066369471533170845
 1.0919E-03,0.005756449690551636
 1.1060E-03,0.005317501522981037
 1.1202E-03,0.004814183562289615
 1.1344E-03,0.003912421024908603
 1.1486E-03,0.0025311992046389976
 1.1628E-03,0.0007646328725201606
 1.1769E-03,-0.0011012642697479933
 1.1911E-03,-0.0025467366222482043
 1.2053E-03,-0.0029948410731717515
 1.2195E-03,-0.002083052128803809
 1.2337E-03,0.00026638224696230294
 1.2478E-03,0.003910735181061038
 1.2620E-03,0.008465681675216434
 1.2762E-03,0.013293907446651244
 1.2904E-03,0.017688037621593267
 1.3046E-03,0.021118409174676216
 1.3187E-03,0.02331677377138922
 1.3329E-03,0.02424303007828405
 1.3471E-03,0.02409780013604976
 1.3613E-03,0.023321254174600382
 1.3755E-03,0.0224323143719094
 1.3896E-03,0.021801853561279862
 1.4038E-03,0.021567261140066067
 1.4180E-03,0.0216682595619226
 1.4322E-03,0.02184987069904014
 1.4464E-03,0.021672916039099772
 1.4605E-03,0.020670726018653
 1.4747E-03,0.01856584800066963
 1.4889E-03,0.015348880389024953
 1.5031E-03,0.011241253319919436
 1.5173E-03,0.006682713097032646
 1.5314E-03,0.002301241615356192
 1.5456E-03,-0.0012515687753169242
 1.5598E-03,-0.0035110815634044486
 1.5740E-03,-0.0042831385407356825
 1.5882E-03,-0.003623586514394178
 1.6023E-03,-0.0018296874220927342
 1.6165E-03,0.000596118270372836
 1.6307E-03,0.0031008749256112855
 1.6449E-03,0.00527321444539846
 1.6591E-03,0.006927361080835082
 1.6732E-03,0.00809104165353
 1.6874E-03,0.008989924848575836
 1.7016E-03,0.01000463040660631
 1.7158E-03,0.01152793240170807
 1.7300E-03,0.013787413082818705
 1.7441E-03,0.01676669158332086
 1.7583E-03,0.020225103559220643
 1.7725E-03,0.02372850601789973
 1.7867E-03,0.026705804904103122
 1.8009E-03,0.028598607298704014
 1.8150E-03,0.0290409057291866
 1.8292E-03,0.027940926946001355
 1.8434E-03,0.025467668027400244
 1.8576E-03,0.02202095463400488
 1.8718E-03,0.018167782690337874
 1.8859E-03,0.014492552249829052
 1.9001E-03,0.011426635437424879
 1.9143E-03,0.009167049348619219
 1.9285E-03,0.007681448612011372
 1.9427E-03,0.006736628118075672
 1.9568E-03,0.005962252847115137
 1.9710E-03,0.004987471707034749
 1.9852E-03,0.003593704327126822
 1.9994E-03,0.001787114136228395
 2.0136E-03,-0.0002135083079374382
 2.0277E-03,-0.0020183131042314523
 2.0419E-03,-0.003141032293685504
 2.0561E-03,-0.003137355464730165
 2.0703E-03,-0.0017555016444130815
 2.0845E-03,0.0009912470036114924
 2.0986E-03,0.004836247695385753
 2.1128E-03,0.009305195330420664
 2.1270E-03,0.013797838555345995
 2.1412E-03,0.017730300473684478
 2.1554E-03,0.020687191320417478
 2.1695E-03,0.022499931854992425
 2.1837E-03,0.02324429173126041
 2.1979E-03,0.023200056041428614
 2.2121E-03,0.022772315054332373
 2.2263E-03,0.02235839396782783
 2.2404E-03,0.022209693657955946
 2.2546E-03,0.02236283723468186
 2.2688E-03,0.022647605489776595
 2.2830E-03,0.02273494149582616
 2.2972E-03,0.022221813697920978
 2.3113E-03,0.020761860706374473
 2.3255E-03,0.018196171164090464
 2.3397E-03,0.014616324078470496
 2.3539E-03,0.010350020987774468
 2.3681E-03,0.00590271604632878
 2.3822E-03,0.0018625053621482241
 2.3964E-03,-0.0012361243092788078
 2.4106E-03,-0.0030461973437167344
 2.4248E-03,-0.003476486284886068
 2.4390E-03,-0.0026845543145227434
 2.4531E-03,-0.0010247220556728967
 2.4673E-03,0.0010418568458906458
 2.4815E-03,0.003076098710921511
 2.4957E-03,0.004786506361346361
 2.5099E-03,0.0060932956866653135
 2.5240E-03,0.007121392219124586
 2.5382E-03,0.008147850894819692
 2.5524E-03,0.009512501543040772
 2.5666E-03,0.011495813029762186
 2.5808E-03,0.014204350715957485
 2.5949E-03,0.017516507918627324
 2.6091E-03,0.021098898465616203
 2.6233E-03,0.02447044674114254
 2.6375E-03,0.02710278112552179
 2.6517E-03,0.028549384558947774
 2.6658E-03,0.02856432150306251
 2.6800E-03,0.027160399868860128
 2.6942E-03,0.024595647130943157
 2.7084E-03,0.021309541671375415
 2.7226E-03,0.017822202578105465
 2.7367E-03,0.014607080392702771
 2.7509E-03,0.011975425459596059
 2.7651E-03,0.010018847528548383
 2.7793E-03,0.008620001697238255
 2.7935E-03,0.0075117842304039725
 2.8076E-03,0.00637152055670738
 2.8218E-03,0.004937615235253114
 2.8360E-03,0.0031119552687521243
 2.8502E-03,0.001005637609422987
 2.8644E-03,-0.0010815421059793251
 2.8785E-03,-0.0027298146282702003
 2.8927E-03,-0.0035012531235230726
 2.9069E-03,-0.0030594389580170973
 2.9211E-03,-0.001271610242595205
 2.9353E-03,0.001746077256727028
 2.9494E-03,0.0056499245291114
 2.9636E-03,0.009940309129587141
 2.9778E-03,0.014067644681732511
 2.9920E-03,0.017555851836637628
 3.0062E-03,0.020108547915386462
 3.0203E-03,0.021659855327199152
 3.0345E-03,0.022359546710793453
 3.0487E-03,0.022507831600269295
 3.0629E-03,0.02245655500997023
 3.0771E-03,0.022495314038015177
 3.0912E-03,0.02275651496286735
 3.1054E-03,0.02317464147979851
 3.1196E-03,0.023508706069326344
 3.1338E-03,0.023413040117337736
 3.1480E-03,0.022538850122113714
 3.1621E-03,0.020646394285692725
 3.1763E-03,0.017694505410919152
 3.1905E-03,0.013874535669594913
 3.2047E-03,0.009580445881375226
 3.2189E-03,0.0053297104284035736
 3.2330E-03,0.00165406547605165
 3.2472E-03,-0.001018224149625535
 3.2614E-03,-0.0024563710891180495
 3.2756E-03,-0.0026665737137898005
 3.2898E-03,-0.001869060356834706
 3.3039E-03,-0.0004263094984555719
 3.3181E-03,0.001258838936733628
 3.3323E-03,0.0028534501982023916
 3.3465E-03,0.004181971324820809
 3.3607E-03,0.005261591210878615
 3.3748E-03,0.0062777140933335095
 3.3890E-03,0.007512712234037676
 3.4032E-03,0.009247206232877328
 3.4174E-03,0.011656477408159002
 3.4316E-03,0.01473240297970352
 3.4457E-03,0.018258309030519455
 3.4599E-03,0.021843616003732302
 3.4741E-03,0.025005165511926802
 3.4883E-03,0.027275201811462875
 3.5025E-03,0.02831209500074792
 3.5166E-03,0.02798332720214797
 3.5308E-03,0.026394205070436393
 3.5450E-03,0.02385574059565551
 3.5592E-03,0.020804930912397598
 3.5734E-03,0.01769842132450883
 3.5875E-03,0.014904243911742976
 3.6017E-03,0.012621142964429725
 3.6159E-03,0.010850099904104873
 3.6301E-03,0.009423667520044345
 3.6443E-03,0.00808005098873781
 3.6584E-03,0.006561132215923025
 3.6726E-03,0.004709997919159345
 3.6868E-03,0.0025396348463935
 3.7010E-03,0.00024985289823169264
 3.7152E-03,-0.0018122054440802382
 3.7293E-03,-0.003234537838894378
 3.7435E-03,-0.003644277020060451
 3.7577E-03,-0.00280826206459863
 3.7719E-03,-0.0007025356635407031
 3.7861E-03,0.0024709221325992865
 3.8002E-03,0.00632453748521988
 3.8144E-03,0.010369581102904195
 3.8286E-03,0.01412325868671958
 3.8428E-03,0.017213088956995273
 3.8570E-03,0.01945089313730089
 3.8711E-03,0.020854975336450764
 3.8853E-03,0.02161616341172445
 3.8995E-03,0.02202066680669349
 3.9137E-03,0.022351604256330333
 3.9279E-03,0.022794763352942726
 3.9420E-03,0.023375345352742688
 3.9562E-03,0.023945468465711738
 3.9704E-03,0.024225555052432384
 3.9846E-03,0.023886132049501706
 3.9988E-03,0.022647788377960037
 4.0129E-03,0.0203734774413312
 4.0271E-03,0.017126942260282437
 4.0413E-03,0.013178677983007262
 4.0555E-03,0.008957362759484635
 4.0697E-03,0.004960964807487788
 4.0838E-03,0.0016504508009001773
 4.0980E-03,-0.0006478944604381282
 4.1122E-03,-0.0018061077136108444
 4.1264E-03,-0.0019066899477787544
 4.1406E-03,-0.0012014817156155032
 4.1547E-03,-3.088742235250524e-05
 4.1689E-03,0.0012743328733291065
 4.1831E-03,0.0024832903401706546
 4.1973E-03,0.003522533720043834
 4.2115E-03,0.004484243616842977
 4.2256E-03,0.005583665792678542
 4.2398E-03,0.0070795656046684875
 4.2540E-03,0.009180127373521491
 4.2682E-03,0.011959633706871742
 4.2824E-03,0.015309826294462045
 4.2965E-03,0.018941510691815818
 4.3107E-03,0.022436956154548666
 4.3249E-03,0.02533883979413962
 4.3391E-03,0.027252777580610673
 4.3533E-03,0.027937514914857065
 4.3674E-03,0.027358700332587423
 4.3816E-03,0.025691044619786316
 4.3958E-03,0.02326887324243511
 4.4100E-03,0.020499861061295355
 4.4242E-03,0.017765320457281252
 4.4383E-03,0.015332843139407845
 4.4525E-03,0.013304395448860267
 4.4667E-03,0.01161375235778176
 4.4809E-03,0.01007250363041602
 4.4951E-03,0.008449879362592531
 4.5092E-03,0.00656349013036377
 4.5234E-03,0.00435590340079718
 4.5376E-03,0.0019350136711695693
 4.5518E-03,-0.00043447163913656493
 4.5660E-03,-0.0023866918487159376
 4.5801E-03,-0.0035420702875477404
 4.5943E-03,-0.0036033164226579417
 4.6085E-03,-0.0024350364290119716
 4.6227E-03,-0.00010550589348718277
 4.6369E-03,0.0031214318153998245
 4.6510E-03,0.006842429193906872
 4.6652E-03,0.010603514237441882
 4.6794E-03,0.013998711238201619
 4.6936E-03,0.016753333458040087
 4.7078E-03,0.01877038330079026
 4.7219E-03,0.020128070350501393
 4.7361E-03,0.021030510390373663
 4.7503E-03,0.02172692589249341
 4.7645E-03,0.022422482106032406
 4.7787E-03,0.023205448761368635
 4.7928E-03,0.02401124938434219
 4.8070E-03,0.024634094540119212
 4.8212E-03,0.02478311117942649
 4.8354E-03,0.024167096247953473
 4.8496E-03,0.022584547606783526
 4.8637E-03,0.019994387944848462
 4.8779E-03,0.01654738389951925
 4.8921E-03,0.01256852051415332
 4.9063E-03,0.008494426676848991
 4.9205E-03,0.004782459184508533
 4.9346E-03,0.0018150672750308957
 4.9488E-03,-0.00017627365011514337
 4.9630E-03,-0.0011482931547659196
 4.9772E-03,-0.0012352288913587341
 4.9914E-03,-0.0006943313295801857
 5.0055E-03,0.00017641196112745542
 5.0197E-03,0.001125516951692817
 5.0339E-03,0.002016651402650046
 5.0481E-03,0.0028600677066633064
 5.0623E-03,0.0037982923609846935
 5.0764E-03,0.00505061767551663
 5.0906E-03,0.006832629921834643
 5.1048E-03,0.009273551541901019
 5.1190E-03,0.012354551082763787
 5.1332E-03,0.015885876939655923
 5.1473E-03,0.01953046995405093
 5.1615E-03,0.022868815248998683
 5.1757E-03,0.025488297306735883
 5.1899E-03,0.027073822673219016
 5.2041E-03,0.02747617057012178
 5.2182E-03,0.026740125242363834
 5.2324E-03,0.025085050333495607
 5.2466E-03,0.02284369199676198
 5.2608E-03,0.020376398449927096
 5.2750E-03,0.01798403803586133
 5.2891E-03,0.015842622241234082
 5.3033E-03,0.013976590228505734
 5.3175E-03,0.012277111220231245
 5.3317E-03,0.010559133157509077
 5.3459E-03,0.008640142298841677
 5.3600E-03,0.006417950152425677
 5.3742E-03,0.00392534835616703
 5.3884E-03,0.0013456846197620808
 5.4026E-03,-0.0010159486216107841
 5.4168E-03,-0.00279877292103524
 5.4309E-03,-0.0036720927330517864
 5.4451E-03,-0.0034180270538246146
 5.4593E-03,-0.0019893643649441847
 5.4735E-03,0.0004729182367698239
 5.4877E-03,0.0036674498004041875
 5.5018E-03,0.0071984465151641
 5.5160E-03,0.010662557718424389
 5.5302E-03,0.013733961637010725
 5.5444E-03,0.016225818891725155
 5.5586E-03,0.01811253769693438
 5.5727E-03,0.019507917801387012
 5.5869E-03,0.020606462318222597
 5.6011E-03,0.02160527170380425
 5.6153E-03,0.022628925600157043
 5.6295E-03,0.023678587619467315
 5.6436E-03,0.024619853078480136
 5.6578E-03,0.02521318224843711
 5.6720E-03,0.025178799186959297
 5.6862E-03,0.024278198720308546
 5.7004E-03,0.022389766690458415
 5.7145E-03,0.01955752855730591
 5.7287E-03,0.015999118984938502
 5.7429E-03,0.012070007359509102
 5.7571E-03,0.008192958412102502
 5.7713E-03,0.0047710977541616986
 5.7854E-03,0.00210705919495008
 5.7996E-03,0.00034871989546869176
 5.8138E-03,-0.0005251851289601305
 5.8280E-03,-0.0006769292318093837
 5.8422E-03,-0.000347902066894278
 5.8563E-03,0.00021933760714570812
 5.8705E-03,0.0008533977079817701
 5.8847E-03,0.0015009986684668157
 5.8989E-03,0.0022358423917063345
 5.9131E-03,0.00322726847123167
 5.9272E-03,0.004677819249190839
 5.9414E-03,0.006747531982655936
 5.9556E-03,0.00948641245416897
 5.9698E-03,0.012794339852584677
 5.9840E-03,0.01642037853191803
 5.9981E-03,0.020002933593161437
 6.0123E-03,0.023141059242027244
 6.0265E-03,0.025478637636705093
 6.0407E-03,0.026779565982455227
 6.0549E-03,0.026974422809085404
 6.0690E-03,0.02616664128743415
 6.0832E-03,0.02459707472722103
 6.0974E-03,0.02257708676147885
 6.1116E-03,0.020408673986594184
 6.1258E-03,0.018313238019723673
 6.1399E-03,0.01638781505794778
 6.1541E-03,0.014599809177504499
 6.1683E-03,0.012820615868324156
 6.1825E-03,0.010887766279101003
 6.1967E-03,0.008677374949707358
 6.2108E-03,0.006165940531244513
 6.2250E-03,0.0034635685851801814
 6.2392E-03,0.0008085435506938231
 6.2534E-03,-0.0014762002050081515
 6.2676E-03,-0.003053629122914738
 6.2817E-03,-0.0036516482408860225
 6.2959E-03,-0.003129773313675752
 6.3101E-03,-0.0015158593930457208
 6.3243E-03,0.0009968487908064495
 6.3385E-03,0.004091690574386241
 6.3526E-03,0.007398657125824198
 6.3668E-03,0.010574243052274121
 6.3810E-03,0.013370337381039618
 6.3952E-03,0.01567454527691927
 6.4094E-03,0.017512169225938363
 6.4235E-03,0.01901056719931952
 6.4377E-03,0.020336915972069353
 6.4519E-03,0.021627619320192283
 6.4661E-03,0.02292968456976087
 6.4803E-03,0.02417088621292075
 6.4944E-03,0.025167500455374095
 6.5086E-03,0.025667968225971248
 6.5228E-03,0.025420796567416942
 6.5370E-03,0.024248131891358337
 6.5512E-03,0.022104687639331627
 6.5653E-03,0.019105544392393575
 6.5795E-03,0.015514677011037963
 6.5937E-03,0.011696640873132292
 6.6079E-03,0.008043766848558844
 6.6221E-03,0.004897689478214347
 6.6362E-03,0.002485303743786931
 6.6504E-03,0.0008851190763309166
 6.6646E-03,3.170987520831011e-05
 6.6788E-03,-0.0002442324974063274
 6.6930E-03,-0.00015218745303492888
 6.7071E-03,0.00012746440668986607
 6.7213E-03,0.0004989606319698412
 6.7355E-03,0.0009776549881201147
 6.7497E-03,0.001680371474465555
 6.7639E-03,0.0027825606498530593
 6.7780E-03,0.00445446369105351
 6.7922E-03,0.0067943714707116186
 6.8064E-03,0.009777960001104676
 6.8206E-03,0.013238420424215197
 6.8348E-03,0.016883883171406704
 6.8489E-03,0.020348623930533088
 6.8631E-03,0.02326536723070665
 6.8773E-03,0.02534017678817315
 6.8915E-03,0.026410593075110476
 6.9057E-03,0.026472107028966935
 6.9198E-03,0.02566654321254185
 6.9340E-03,0.024236157977229972
 6.9482E-03,0.02245641794791525
 6.9624E-03,0.020565951285298138
 6.9766E-03,0.018712552299303613
 6.9907E-03,0.016929365265607763
 7.0049E-03,0.0151468697188731
 7.0191E-03,0.013236357165746716
 7.0333E-03,0.011071894792912602
 7.0475E-03,0.00859268322287928
 7.0616E-03,0.005847633528716641
 7.0758E-03,0.0030089126886528824
 7.0900E-03,0.0003497550411355314
 7.1042E-03,-0.0018083375703791872
 7.1184E-03,-0.00316547056669574
 7.1325E-03,-0.0035120669311948295
 7.1467E-03,-0.0027784197728932744
 7.1609E-03,-0.0010521332109618723
 7.1751E-03,0.001441079903609224
 7.1893E-03,0.004388189441235325
 7.2034E-03,0.007457925025422114
 7.2176E-03,0.010370119064949756
 7.2318E-03,0.012947413077393392
 7.2460E-03,0.015136365708954633
 7.2602E-03,0.01699343366559991
 7.2743E-03,0.018640930078849826
 7.2885E-03,0.020206256290831264
 7.3027E-03,0.021762186063895843
 7.3169E-03,0.023285534085058127
 7.3311E-03,0.02464633512508912
 7.3452E-03,0.025631153959011298
 7.3594E-03,0.02599464177155331
 7.3736E-03,0.025525517802410958
 7.3878E-03,0.02410897166607249
 7.4020E-03,0.0217682411395969
 7.4161E-03,0.018673632508635057
 7.4303E-03,0.015115988930786826
 7.4445E-03,0.011451155785800743
 7.4587E-03,0.008029705542686536
 7.4729E-03,0.005129961708248062
 7.4870E-03,0.0029112295335886364
 7.5012E-03,0.0013985089729035818
 7.5154E-03,0.0005014305043763296
 7.5296E-03,6.101590894757995e-05
 7.5438E-03,-8.946040466106049e-05
 7.5579E-03,-6.68034951302249e-05
 7.5721E-03,0.00010042730633678563
 7.5863E-03,0.0004802898537682981
 7.6005E-03,0.0012136754038606528
 7.6147E-03,0.002465148144432215
 7.6288E-03,0.0043622858768742065
 7.6430E-03,0.006940686998627665
 7.6572E-03,0.010110410723989405
 7.6714E-03,0.013653942782506746
 7.6856E-03,0.017257364251086052
 7.6997E-03,0.02056748012265188
 7.7139E-03,0.023260612349952713
 7.7281E-03,0.02510550641605519
 7.7423E-03,0.02600428135655658
 7.7565E-03,0.026001210381659128
 7.7706E-03,0.02525775784757951
 7.7848E-03,0.024001332998415816
 7.7990E-03,0.02246215207633051
 7.8132E-03,0.020815526358629075
 7.8274E-03,0.01914505346484808
 7.8415E-03,0.01743615654199624
 7.8557E-03,0.015600890096343979
 7.8699E-03,0.013526240743188124
 7.8841E-03,0.011131642971480633
 7.8983E-03,0.008418869688064991
 7.9124E-03,0.0054995467149549036
 7.9266E-03,0.0025916984486224347
 7.9408E-03,-1.4753071505468809e-05
 7.9550E-03,-0.002015093324228469
 7.9692E-03,-0.0031548837129201568
 7.9833E-03,-0.003286132503087122
 7.9975E-03,-0.0024000129565999624
 8.0117E-03,-0.0006277270275383707
 8.0259E-03,0.001790553064659532
 8.0401E-03,0.004560416700561551
 8.0542E-03,0.007397254340935473
 8.0684E-03,0.010082951400174149
 8.0826E-03,0.012500765358056129
 8.0968E-03,0.014639999819202987
 8.1110E-03,0.01657042535514323
 8.1251E-03,0.01839469790628028
 8.1393E-03,0.02019301024288823
 8.1535E-03,0.02197624432525993
 8.1677E-03,0.02366143568288147
 8.1819E-03,0.02507711224826487
 8.1960E-03,0.02599774456103479
 8.2102E-03,0.026198401374780397
 8.2244E-03,0.025514959657520406
 8.2386E-03,0.023893461987893893
 8.2528E-03,0.02141496373914074
 8.2669E-03,0.01828872814100159
 8.2811E-03,0.0148151030300919
 8.2953E-03,0.011327494862070233
 8.3095E-03,0.008128322725363644
 8.3237E-03,0.005435227721347302
 8.3378E-03,0.0033508215164419386
 8.3520E-03,0.0018627683480933281
 8.3662E-03,0.0008728010699854498
 8.3804E-03,0.0002455728485430957
 8.3946E-03,-0.00013691905954297477
 8.4087E-03,-0.00033086465503493325
 8.4229E-03,-0.00030868438842375924
 8.4371E-03,3.424838925134726e-05
 8.4513E-03,0.0008460909086098301
 8.4655E-03,0.002267613389423552
 8.4796E-03,0.004378192442385841
 8.4938E-03,0.007154036818441822
 8.5080E-03,0.010450813602556834
 8.5222E-03,0.014016388406608082
 8.5364E-03,0.01753136346194078
 8.5505E-03,0.020667628950374176
 8.5647E-03,0.023150240629081255
 8.5789E-03,0.024806955157730556
 8.5931E-03,0.025593008122493578
 8.6073E-03,0.025585351443204146
 8.6214E-03,0.02494875751789661
 8.6356E-03,0.02388367941170625
 8.6498E-03,0.022570467409748503
 8.6640E-03,0.021125211219226444
 8.6782E-03,0.01957896797609267
 8.6923E-03,0.017885459423639814
 8.7065E-03,0.015954328455174107
 8.7207E-03,0.013699914632217274
 8.7349E-03,0.011091172360517118
 8.7491E-03,0.008187992703901789
 8.7632E-03,0.005152898837732351
 8.7774E-03,0.0022338385772420473
 8.7916E-03,-0.00027827779390873645
 8.8058E-03,-0.002106732508529823
 8.8200E-03,-0.003046255503706056
 8.8341E-03,-0.0030056912853025073
 8.8483E-03,-0.002025201848215376
 8.8625E-03,-0.00026379338642794196
 8.8767E-03,0.002039313085815425
 8.8909E-03,0.004619181753024589
 8.9050E-03,0.007241230677980473
 8.9192E-03,0.009744375716823458
 8.9334E-03,0.01206045968965494
 8.9476E-03,0.01420578418757326
 8.9618E-03,0.016248268598835477
 8.9759E-03,0.018260450456889885
 8.9901E-03,0.02027237992434789
 9.0043E-03,0.022238410139329052
 9.0185E-03,0.02402797590395777
 9.0327E-03,0.02544376441637149
 9.0468E-03,0.02626303628672778
 9.0610E-03,0.026291331877771263
 9.0752E-03,0.025414184754254
 9.0894E-03,0.023632774926065327
 9.1036E-03,0.021073631689509754
 9.1177E-03,0.017969397046337644
 9.1319E-03,0.01461537088963992
 9.1461E-03,0.011312944405369214
 9.1603E-03,0.008314351514326825
 9.1745E-03,0.005782570644142764
 9.1886E-03,0.0037759194981145847
 9.2028E-03,0.002260119726876369
 9.2170E-03,0.0011432122471660955
 9.2312E-03,0.00032265567425247864
 9.2454E-03,-0.00026915716509950493
 9.2595E-03,-0.0006340594936175704
 9.2737E-03,-0.0007007973762193097
 9.2879E-03,-0.0003434395060750413
 9.3021E-03,0.000579527014189405
 9.3163E-03,0.0021762868314122562
 9.3304E-03,0.0044767016744527155
 9.3446E-03,0.007404083124436871
 9.3588E-03,0.01077222426364427
 9.3730E-03,0.014309508521814293
 9.3872E-03,0.017704704975668985
 9.4013E-03,0.020663237513106107
 9.4155E-03,0.022959857065769813
 9.4297E-03,0.02447455772494566
 9.4439E-03,0.025203047927930232
 9.4581E-03,0.02523991147913506
 9.4722E-03,0.024739890560265685
 9.4864E-03,0.02386847710952842
 9.5006E-03,0.022755635365130523
 9.5148E-03,0.021465304325612073
 9.5290E-03,0.01998870890901577
 9.5431E-03,0.018262740936926904
 9.5573E-03,0.016207617934577638
 9.5715E-03,0.013772610976659591
 9.5857E-03,0.010976325126029949
 9.5999E-03,0.007929446378170512
 9.6140E-03,0.004832641557556808
 9.6282E-03,0.0019490897453203798
 9.6424E-03,-0.00044194298567609615
 9.6566E-03,-0.002098896577852124
 9.6708E-03,-0.0028654514205885247
 9.6849E-03,-0.002699786938578855
 9.6991E-03,-0.001678327281691799
 9.7133E-03,2.6610164738277752e-05
 9.7275E-03,0.0021890879468112745
 9.7417E-03,0.004580480038701906
 9.7558E-03,0.007015726731953902
 9.7700E-03,0.009383081369232054
 9.7842E-03,0.01165020020875164
 9.7984E-03,0.01384602009857971
 9.8126E-03,0.016024566906570885
 9.8267E-03,0.018221802764216807
 9.8409E-03,0.020418497537512903
 9.8551E-03,0.022520398604053755
 9.8693E-03,0.024362151283428585
 9.8835E-03,0.02573480729294171
 9.8976E-03,0.02643014930987327
 9.9118E-03,0.026290259783218417
 9.9260E-03,0.025249098991547765
 9.9402E-03,0.023354812709797283
 9.9544E-03,0.020766545209275827
 9.9685E-03,0.017726296232007836
 9.9827E-03,0.014512956768585045
 9.9969E-03,0.011390274072232625
 1.0011E-02,0.008561894480547108
 1.0025E-02,0.006144484483172951
 1.0039E-02,0.004164876037670269
 1.0054E-02,0.00258062553840577
 1.0068E-02,0.001317092278425201
 1.0082E-02,0.0003098090495372249
 1.0096E-02,-0.0004603178678327663
 1.0110E-02,-0.0009492621925268961
 1.0125E-02,-0.0010548776016011984
 1.0139E-02,-0.0006435100147026475
 1.0153E-02,0.0004090132985734787
 1.0167E-02,0.0021733673471132807
 1.0181E-02,0.004632057194537353
 1.0195E-02,0.007664129367570232
 1.0210E-02,0.01105425363265702
 1.0224E-02,0.014524735709842663
 1.0238E-02,0.0177829306155097
 1.0252E-02,0.02057240238348131
 1.0266E-02,0.022715147221261035
 1.0281E-02,0.0241345730657358
 1.0295E-02,0.024854086715674364
 1.0309E-02,0.024972674165805238
 1.0323E-02,0.024624968748388026
 1.0337E-02,0.02393730337082419
 1.0351E-02,0.02299205392125648
 1.0366E-02,0.02181001058845377
 1.0380E-02,0.020355300817390495
 1.0394E-02,0.018560979868609953
 1.0408E-02,0.016367559579917913
 1.0422E-02,0.013763057697802306
 1.0436E-02,0.010812625629579443
 1.0451E-02,0.00766859391535385
 1.0465E-02,0.004557092184995287
 1.0479E-02,0.0017437814186988766
 1.0493E-02,-0.0005130759606521117
 1.0507E-02,-0.002010530695886868
 1.0522E-02,-0.0026378573867801
 1.0536E-02,-0.0023933445629471394
 1.0550E-02,-0.0013771008118385524
 1.0564E-02,0.00023776198139555528
 1.0578E-02,0.00224765690643743
 1.0592E-02,0.004463435060563858
 1.0607E-02,0.006745980123233781
 1.0621E-02,0.009023546211908488
 1.0635E-02,0.011287061776855244
 1.0649E-02,0.013565772212228447
 1.0663E-02,0.01589104728707493
 1.0678E-02,0.018259443776545516
 1.0692E-02,0.020606302773011394
 1.0706E-02,0.022798232444475177
 1.0720E-02,0.02464758324064929
 1.0734E-02,0.02594589002747982
 1.0748E-02,0.02650790347946088
 1.0763E-02,0.026214730001050176
 1.0777E-02,0.025044614984463594
 1.0791E-02,0.023083056892700307
 1.0805E-02,0.02050937315547214
 1.0819E-02,0.017563052648376175
 1.0834E-02,0.01449850744651695
 1.0848E-02,0.011539740367415877
 1.0862E-02,0.008846215675385452
 1.0876E-02,0.006497970838865519
 1.0890E-02,0.0045026636241549
 1.0904E-02,0.002821278567739392
 1.0919E-02,0.0014042292411070108
 1.0933E-02,0.0002269172424201884
 1.0947E-02,-0.0006858498412434682
 1.0961E-02,-0.001253929709407113
 1.0975E-02,-0.0013564947534715137
 1.0990E-02,-0.0008635253554287922
 1.1004E-02,0.00032438171831325024
 1.1018E-02,0.002238886360266843
 1.1032E-02,0.004819940914725463
 1.1046E-02,0.007912119759275669
 1.1060E-02,0.011283085923807184
 1.1075E-02,0.014660217632824922
 1.1089E-02,0.017776613921041174
 1.1103E-02,0.020415205317651147
 1.1117E-02,0.022440205529067853
 1.1131E-02,0.023808539304883438
 1.1145E-02,0.024559257310033236
 1.1160E-02,0.0247848280116291
 1.1174E-02,0.02459296009405196
 1.1188E-02,0.024069952759382042
 1.1202E-02,0.02325587219538243
 1.1216E-02,0.02213833130868462
 1.1231E-02,0.020666296179943637
 1.1245E-02,0.018779634692315243
 1.1259E-02,0.016445624460312617
 1.1273E-02,0.013691579029475872
 1.1287E-02,0.010623697368371276
 1.1301E-02,0.007425930120018669
 1.1316E-02,0.00433806590023017
 1.1330E-02,0.001617877870168108
 1.1344E-02,-0.0005035074826759802
 1.1358E-02,-0.0018620091261907807
 1.1372E-02,-0.002386838707847152
 1.1387E-02,-0.0021063785436717295
 1.1401E-02,-0.0011327732788999276
 1.1415E-02,0.0003701949835563617
 1.1429E-02,0.0022271518185415584
 1.1443E-02,0.00428844575977551
 1.1457E-02,0.006455091204446008
 1.1472E-02,0.008685291643529328
 1.1486E-02,0.010981701179081857
 1.1500E-02,0.013363974332206433
 1.1514E-02,0.015835256421827724
 1.1528E-02,0.01835295976512454
 1.1543E-02,0.020812997941973905
 1.1557E-02,0.023052935420542875
 1.1571E-02,0.024874263879429055
 1.1585E-02,0.02607866479852357
 1.1599E-02,0.026509121331283882
 1.1613E-02,0.026085206454784023
 1.1628E-02,0.02482324120759797
 1.1642E-02,0.02283592873631555
 1.1656E-02,0.020311455231468427
 1.1670E-02,0.01747742089861166
 1.1684E-02,0.014558847279927936
 1.1699E-02,0.011740856718424739
 1.1713E-02,0.009145105481268434
 1.1727E-02,0.006825130272123887
 1.1741E-02,0.004780534740948329
 1.1755E-02,0.0029848252187706643
 1.1769E-02,0.0014180789403939805
 1.1784E-02,9.445787759482043e-05
 1.1798E-02,-0.000923832930166422
 1.1812E-02,-0.0015306485617273525
 1.1826E-02,-0.0015974453181424155
 1.1840E-02,-0.0010066794149363723
 1.1854E-02,0.0003119512173453223
 1.1869E-02,0.0023524243100331434
 1.1883E-02,0.005018756429300663
 1.1897E-02,0.008131143634690547
 1.1911E-02,0.011451069749610097
 1.1925E-02,0.014719608331511803
 1.1940E-02,0.017699682375808764
 1.1954E-02,0.020212024674900034
 1.1968E-02,0.022156296028476526
 1.1982E-02,0.023512819473839056
 1.1996E-02,0.024325590257566372
 1.2010E-02,0.024672195571562715
 1.2025E-02,0.024629658826285882
 1.2039E-02,0.024246092210675425
 1.2053E-02,0.023526181140355658
 1.2067E-02,0.02243446876827135
 1.2081E-02,0.020915286313456495
 1.2096E-02,0.01892339599511734
 1.2110E-02,0.01645628886896125
 1.2124E-02,0.0135784678111054
 1.2138E-02,0.010430115176193615
 1.2152E-02,0.007216723591639002
 1.2166E-02,0.004181401547323722
 1.2181E-02,0.0015662409206284875
 1.2195E-02,-0.00042791752785211823
 1.2209E-02,-0.0016735390968162765
 1.2223E-02,-0.002132633832592219
 1.2237E-02,-0.001853673916913142
 1.2252E-02,-0.0009506877196988771
 1.2266E-02,0.0004294243601053833
 1.2280E-02,0.0021424126459695684
 1.2294E-02,0.004075617742327198
 1.2308E-02,0.006162956126344399
 1.2322E-02,0.008382605346048656
 1.2337E-02,0.010738941242461476
 1.2351E-02,0.01323471233976906
 1.2365E-02,0.015842191104945037
 1.2379E-02,0.018482368377400773
 1.2393E-02,0.021019069724992265
 1.2408E-02,0.02327076619841889
 1.2422E-02,0.025037940896935094
 1.2436E-02,0.026139492486302093
 1.2450E-02,0.02644900896717752
 1.2464E-02,0.025921570541990655
 1.2478E-02,0.024604106973338605
 1.2493E-02,0.02262660421450153
 1.2507E-02,0.020176453929320062
 1.2521E-02,0.017462591237694048
 1.2535E-02,0.014678584344973072
 1.2549E-02,0.01197386089780879
 1.2563E-02,0.00943981202532436
 1.2578E-02,0.007113307039696108
 1.2592E-02,0.004995343000433987
 1.2606E-02,0.003078449454639447
 1.2620E-02,0.0013741707168711016
 1.2634E-02,-6.793650567981182e-05
 1.2649E-02,-0.0011558707196047898
 1.2663E-02,-0.0017672415108685616
 1.2677E-02,-0.00177504798406115
 1.2691E-02,-0.0010804765274418408
 1.2705E-02,0.00035610501083789656
 1.2719E-02,0.0024945158607105186
 1.2734E-02,0.005210482249132387
 1.2748E-02,0.008309507354617527
 1.2762E-02,0.011555991516295997
 1.2776E-02,0.014710742681647532
 1.2790E-02,0.017567855111986042
 1.2805E-02,0.01998216238371196
 1.2819E-02,0.021881041752664986
 1.2833E-02,0.02325857161476552
 1.2847E-02,0.024154769228992474
 1.2861E-02,0.02462656514352215
 1.2875E-02,0.024719228964373497
 1.2890E-02,0.024446596333824917
 1.2904E-02,0.02378577868244777
 1.2918E-02,0.022687815226416178
 1.2932E-02,0.0211011194935168
 1.2946E-02,0.019000848481848114
 1.2961E-02,0.01641550585844799
 1.2975E-02,0.013442683124897025
 1.2989E-02,0.01024868243672197
 1.3003E-02,0.007051067583556011
 1.3017E-02,0.004087768922013192
 1.3031E-02,0.001579971387901996
 1.3046E-02,-0.0003023253293464893
 1.3060E-02,-0.0014638917425372335
 1.3074E-02,-0.0018916687728748752
 1.3088E-02,-0.0016448679685333845
 1.3102E-02,-0.000831103765418825
 1.3117E-02,0.000424606062260335
 1.3131E-02,0.0020094945627041243
 1.3145E-02,0.0038435250627640452
 1.3159E-02,0.005885618809657205
 1.3173E-02,0.008124657025633083
 1.3187E-02,0.010558615519548223
 1.3202E-02,0.013168565306144646
 1.3216E-02,0.015895769796191624
 1.3230E-02,0.018629320886572008
 1.3244E-02,0.021208896815848446
 1.3258E-02,0.02344306828616705
 1.3272E-02,0.025139252835385685
 1.3287E-02,0.026138100584081763
 1.3301E-02,0.026343703551214657
 1.3315E-02,0.025741954306404937
 1.3329E-02,0.0244023980293263
 1.3343E-02,0.02246320311563546
 1.3358E-02,0.020103242308528085
 1.3372E-02,0.017508531670057646
 1.3386E-02,0.014841540595135315
 1.3400E-02,0.01222084493793069
 1.3414E-02,0.009715565485825818
 1.3428E-02,0.007354867482296915
 1.3443E-02,0.0051486378590351175
 1.3457E-02,0.0031124314706377043
 1.3471E-02,0.0012886956033336479
 1.3485E-02,-0.00024257715124687798
 1.3499E-02,-0.0013675789803279381
 1.3514E-02,-0.0019565157981337278
 1.3528E-02,-0.0018912232208929845
 1.3542E-02,-0.0010953947321892957
 1.3556E-02,0.0004406799157567671
 1.3570E-02,0.0026477154520995346
 1.3584E-02,0.005381126113266859
 1.3599E-02,0.00844045617827715
 1.3613E-02,0.011600142506533049
 1.3627E-02,0.014644304085755202
 1.3641E-02,0.017397274832597603
 1.3655E-02,0.01974281257734105
 1.3670E-02,0.02162800954238001
 1.3684E-02,0.02305206017668088
 1.3698E-02,0.02404408111806928
 1.3712E-02,0.024637018543202372
 1.3726E-02,0.024845547505745896
 1.3740E-02,0.024654541184919204
 1.3755E-02,0.02402154541073389
 1.3769E-02,0.02289261042686673
 1.3783E-02,0.021226935544023443
 1.3797E-02,0.019023147122380183
 1.3811E-02,0.01633938434167468
 1.3826E-02,0.013300891792115334
 1.3840E-02,0.010092094281000885
 1.3854E-02,0.006934253837461394
 1.3868E-02,0.004053648713511453
 1.3882E-02,0.001647726881770045
 1.3896E-02,-0.00014279202475850719
 1.3911E-02,-0.0012494763201280148
 1.3925E-02,-0.001676252236944008
 1.3939E-02,-0.0014848469288646384
 1.3953E-02,-0.0007701863240872097
 1.3967E-02,0.0003672260865001853
 1.3981E-02,0.001844392053338645
 1.3996E-02,0.0036083155401139657
 1.4010E-02,0.005634998967275396
 1.4024E-02,0.007915920313016727
 1.4038E-02,0.010436566447849181
 1.4052E-02,0.01315390652426401
 1.4067E-02,0.015980082286666326
 1.4081E-02,0.01877796158781833
 1.4095E-02,0.02137098706144705
 1.4109E-02,0.02356582241416452
 1.4123E-02,0.02518272046191264
 1.4137E-02,0.026086289822072967
 1.4152E-02,0.026209048403150602
 1.4166E-02,0.025561917486567887
 1.4180E-02,0.024229158140508557
 1.4194E-02,0.022349266547074597
 1.4208E-02,0.020086924668170344
 1.4223E-02,0.017603272224433173
 1.4237E-02,0.01503195010735339
 1.4251E-02,0.012466542609470612
 1.4265E-02,0.009961742570617698
 1.4279E-02,0.00754669876686663
 1.4293E-02,0.005245635590499403
 1.4308E-02,0.0030988718503651147
 1.4322E-02,0.0011773309372935066
 1.4336E-02,-0.00041447520298049513
 1.4350E-02,-0.0015487189367643977
 1.4364E-02,-0.002095740051264825
 1.4379E-02,-0.0019514584586871066
 1.4393E-02,-0.0010636217070219033
 1.4407E-02,0.000550116473245731
 1.4421E-02,0.0027973224710038003
 1.4435E-02,0.005520830180533222
 1.4449E-02,0.008521632887479697
 1.4464E-02,0.011589279860007327
 1.4478E-02,0.01453257173258827
 1.4492E-02,0.01720338281785825
 1.4506E-02,0.019508370017886478
 1.4520E-02,0.021406638335273162
 1.4535E-02,0.022895221004795064
 1.4549E-02,0.023987461283184283
 1.4563E-02,0.024691170417353712
 1.4577E-02,0.024993300258110678
 1.4591E-02,0.024855859365037078
 1.4605E-02,0.024224482312467512
 1.4620E-02,0.02304735351533918
 1.4634E-02,0.021299113658669853
 1.4648E-02,0.019002788514784385
 1.4662E-02,0.01624311886301337
 1.4676E-02,0.013166847076440415
 1.4690E-02,0.009968932295536968
 1.4705E-02,0.006867382088199961
 1.4719E-02,0.004072388755672137
 1.4733E-02,0.0017569365947056226
 1.4747E-02,3.562297871710879e-05
 1.4761E-02,-0.001043749735777492
 1.4776E-02,-0.001494596769918667
 1.4790E-02,-0.0013743711589154519
 1.4804E-02,-0.0007610635165268545
 1.4818E-02,0.00026989817262702115
 1.4832E-02,0.0016620191194388243
 1.4846E-02,0.003383149690879798
 1.4861E-02,0.0054189402167453965
 1.4875E-02,0.007756814351865614
 1.4889E-02,0.010365703704203815
 1.4903E-02,0.013178089717975412
 1.4917E-02,0.016080381427706746
 1.4932E-02,0.01891545660870163
 1.4946E-02,0.021497901288805108
 1.4960E-02,0.023638987971346784
 1.4974E-02,0.025175686772179465
 1.4988E-02,0.025996762632225008
 1.5002E-02,0.0260596294371749
 1.5017E-02,0.025393953628226797
 1.5031E-02,0.024091397460030833
 1.5045E-02,0.022284435537546197
 1.5059E-02,0.02011989848759234
 1.5073E-02,0.017734060229954815
 1.5088E-02,0.015235393770676061
 1.5102E-02,0.012698790704531037
 1.5116E-02,0.010171730779252128
 1.5130E-02,0.007689514788039269
 1.5144E-02,0.00529415694510464
 1.5158E-02,0.003050550626221822
 1.5173E-02,0.0010543309266146102
 1.5187E-02,-0.0005717736105974171
 1.5201E-02,-0.0016930364036942876
 1.5215E-02,-0.002185936806608095
 1.5229E-02,-0.001963748051214396
 1.5244E-02,-0.0009979307338078966
 1.5258E-02,0.0006703423543498602
 1.5272E-02,0.002931785608046382
 1.5286E-02,0.005623688307914141
 1.5300E-02,0.008554359363928664
 1.5314E-02,0.011531569182967353
 1.5329E-02,0.014388312729930203
 1.5343E-02,0.017000062062641482
 1.5357E-02,0.01929005637167054
 1.5371E-02,0.021222448238236085
 1.5385E-02,0.02278639384461922
 1.5399E-02,0.023976548115318533
 1.5414E-02,0.024776256986020023
 1.5428E-02,0.025148808841842268
 1.5442E-02,0.02503968153197838
 1.5456E-02,0.02438947559034165
 1.5470E-02,0.02315405693949779
 1.5485E-02,0.02132621998092975
 1.5499E-02,0.018952539568703193
 1.5513E-02,0.016140191003410718
 1.5527E-02,0.01305107901244921
 1.5541E-02,0.009883925974501795
 1.5555E-02,0.006848119272476981
 1.5570E-02,0.004135252997087157
 1.5584E-02,0.0018948546027814468
 1.5598E-02,0.00021963433919320978
 1.5612E-02,-0.0008569333485163181
 1.5626E-02,-0.001351099821003203
 1.5641E-02,-0.001310842551459719
 1.5655E-02,-0.00079487076466178
 1.5669E-02,0.00014532727438643317
 1.5683E-02,0.0014754616655038725
 1.5697E-02,0.003177943876100742
 1.5711E-02,0.005241511680382344
 1.5726E-02,0.007644479629699801
 1.5740E-02,0.010337041789024587
 1.5754E-02,0.013228465874786276
 1.5768E-02,0.01618380344265389
 1.5782E-02,0.019032223247440347
 1.5797E-02,0.021585930994406304
 1.5811E-02,0.02366571841474156
 1.5825E-02,0.025127285076409416
 1.5839E-02,0.02588212569463096
 1.5853E-02,0.025908083683421734
 1.5867E-02,0.02524729166309533
 1.5882E-02,0.023992439111372867
 1.5896E-02,0.02226524602638111
 1.5910E-02,0.02019287986651
 1.5924E-02,0.017888336770010036
 1.5938E-02,0.015439461851186916
 1.5952E-02,0.012908698942499887
 1.5967E-02,0.01034256107475608
 1.5981E-02,0.007787052946142657
 1.5995E-02,0.005303607472949038
 1.6009E-02,0.0029799687545006477
 1.6023E-02,0.0009318893083028025
 1.6038E-02,-0.0007058915611453782
 1.6052E-02,-0.0017978761645724337
 1.6066E-02,-0.002231073596353648
 1.6080E-02,-0.0019375819656330456
 1.6094E-02,-0.0009107416533587042
 1.6108E-02,0.0007893851283030974
 1.6123E-02,0.0030428244868250477
 1.6137E-02,0.005687345168345788
 1.6151E-02,0.0085428236289649
 1.6165E-02,0.011436581643806865
 1.6179E-02,0.014223862511790987
 1.6194E-02,0.016799050768880875
 1.6208E-02,0.019095824989705606
 1.6222E-02,0.021077460445399224
 1.6236E-02,0.02272114104979188
 1.6250E-02,0.024001676358175433
 1.6264E-02,0.024880033362231057
 1.6279E-02,0.025300588528376976
 1.6293E-02,0.025198404288214325
 1.6307E-02,0.024514857689036867
 1.6321E-02,0.02321742157688732
 1.6335E-02,0.021318022495889113
 1.6350E-02,0.01888456077427928
 1.6364E-02,0.016041839163962894
 1.6378E-02,0.012960853529498223
 1.6392E-02,0.009838410292879567
 1.6406E-02,0.006871529283171748
 1.6420E-02,0.004232396897818773
 1.6435E-02,0.0020494160013914743
 1.6449E-02,0.00039823615243199666
 1.6463E-02,-0.0006959940958310873
 1.6477E-02,-0.0012468149491348295
 1.6491E-02,-0.0012891365510040778
 1.6506E-02,-0.0008617167883016695
 1.6520E-02,5.472174213067872e-06
 1.6534E-02,0.0012954955203661668
 1.6548E-02,0.0029993731185424706
 1.6562E-02,0.0051034928048621095
 1.6576E-02,0.007573611230268826
 1.6591E-02,0.010340654243798353
 1.6605E-02,0.013293199099575263
 1.6619E-02,0.016279824529472273
 1.6633E-02,0.019121904560264254
 1.6647E-02,0.021634599361499772
 1.6661E-02,0.023651525911006638
 1.6676E-02,0.025047495708401885
 1.6690E-02,0.025754095936646227
 1.6704E-02,0.025764670252335288
 1.6718E-02,0.025127947215123125
 1.6732E-02,0.023932434919661228
 1.6747E-02,0.02228596687656195
 1.6761E-02,0.020295834815604513
 1.6775E-02,0.018054507980016607
 1.6789E-02,0.015634156471862705
 1.6803E-02,0.013090575596824378
 1.6817E-02,0.01047437835168879
 1.6832E-02,0.007845234668109562
 1.6846E-02,0.005284057085960608
 1.6860E-02,0.0028985969606013192
 1.6874E-02,0.0008197607781274437
 1.6888E-02,-0.0008114292189139222
 1.6903E-02,-0.0018636406705748534
 1.6917E-02,-0.002237224159851419
 1.6931E-02,-0.0018830379242510925
 1.6945E-02,-0.0008133900754292798
 1.6959E-02,0.0008977286724835326
 1.6973E-02,0.003125316359417424
 1.6988E-02,0.005712445460048909
 1.7002E-02,0.008493242458992238
 1.7016E-02,0.011314398415445901
 1.7030E-02,0.014050414737865407
 1.7044E-02,0.016609610077883755
 1.7059E-02,0.018930495302687634
 1.7073E-02,0.02097075981490869
 1.7087E-02,0.022693083636681634
 1.7101E-02,0.024052758322624747
 1.7115E-02,0.02499146028457241
 1.7129E-02,0.025439654542897226
 1.7144E-02,0.02532753404847202
 1.7158E-02,0.02460183266551593
 1.7172E-02,0.02324400128012722
 1.7186E-02,0.0212846229677102
 1.7200E-02,0.01880974186420877
 1.7215E-02,0.015956777894992714
 1.7229E-02,0.012900350208853282
 1.7243E-02,0.009830911712506581
 1.7257E-02,0.006930906499630707
 1.7271E-02,0.004353721449159361
 1.7285E-02,0.002209879857424466
 1.7300E-02,0.0005629603466067795
 1.7314E-02,-0.0005648394214630194
 1.7328E-02,-0.0011800458054675761
 1.7342E-02,-0.0013024328516116341
 1.7356E-02,-0.0009515248819354339
 1.7370E-02,-0.00013907806236895478
 1.7385E-02,0.001130348985879232
 1.7399E-02,0.0028510825967666435
 1.7413E-02,0.005002974540933543
 1.7427E-02,0.007537285006297812
 1.7441E-02,0.010366499824819311
 1.7456E-02,0.013361868664687013
 1.7470E-02,0.016360476190824612
 1.7484E-02,0.019181140792810046
 1.7498E-02,0.021646052362073172
 1.7512E-02,0.02360345897868268
 1.7526E-02,0.02494633475910677
 1.7541E-02,0.025622921192049786
 1.7555E-02,0.025637079750000853
 1.7569E-02,0.025038971062706434
 1.7583E-02,0.02390898350401438
 1.7597E-02,0.022339418028827565
 1.7612E-02,0.020418774365026773
 1.7626E-02,0.018222501234916116
 1.7640E-02,0.015812058678208563
 1.7654E-02,0.013241661352658302
 1.7668E-02,0.01056981574442193
 1.7682E-02,0.007871351262736618
 1.7697E-02,0.005245459219290924
 1.7711E-02,0.002816340126433817
 1.7725E-02,0.0007251150559890408
 1.7739E-02,-0.0008858859499102983
 1.7753E-02,-0.0018931586907823073
 1.7768E-02,-0.0022117599939191625
 1.7782E-02,-0.0018100155021640758
 1.7796E-02,-0.0007156112736923207
 1.7810E-02,0.0009884405628755447
 1.7824E-02,0.0031770015635980073
 1.7838E-02,0.005701998708448784
 1.7853E-02,0.008413059092952289
 1.7867E-02,0.01117485980542263
 1.7881E-02,0.01387752571854155
 1.7895E-02,0.016438417495976923
 1.7909E-02,0.018796062615683184
 1.7924E-02,0.020899135084520598
 1.7938E-02,0.02269469656382519
 1.7952E-02,0.02412001749567016
 1.7966E-02,0.025101176911176262
 1.7980E-02,0.025559606431934116
 1.7994E-02,0.025425361323607485
 1.8009E-02,0.024653830320828345
 1.8023E-02,0.023241413660408897
 1.8037E-02,0.021235739653776658
 1.8051E-02,0.0187372513777239
 1.8065E-02,0.015891135799991997
 1.8079E-02,0.012871003863953524
 1.8094E-02,0.009857799057904435
 1.8108E-02,0.007018558131333697
 1.8122E-02,0.004489574357841204
 1.8136E-02,0.002367259492638638
 1.8150E-02,0.0007079203943130279
 1.8165E-02,-0.00046467071029360164
 1.8179E-02,-0.0011469996079134853
 1.8193E-02,-0.001342990688885993
 1.8207E-02,-0.0010547192710895477
 1.8221E-02,-0.0002795156069562478
 1.8235E-02,0.0009856767357652265
 1.8250E-02,0.0027340524879381637
 1.8264E-02,0.00493601458486005
 1.8278E-02,0.007527724368197419
 1.8292E-02,0.010405092468689025
 1.8306E-02,0.013425860778640771
 1.8321E-02,0.016420353458554984
 1.8335E-02,0.019209193129970676
 1.8349E-02,0.021624401602918855
 1.8363E-02,0.02352934416830746
 1.8377E-02,0.024833201365844677
 1.8391E-02,0.025497010419917993
 1.8406E-02,0.025530447002749986
 1.8420E-02,0.024980839388313768
 1.8434E-02,0.023917790402478586
 1.8448E-02,0.02241772000049324
 1.8462E-02,0.020552389458728622
 1.8477E-02,0.018384113397215705
 1.8491E-02,0.01596829642582727
 1.8505E-02,0.013361726957763668
 1.8519E-02,0.010633332411099825
 1.8533E-02,0.007873322564353488
 1.8547E-02,0.005197031953600117
 1.8562E-02,0.0027412084677442884
 1.8576E-02,0.0006525862215361168
 1.8590E-02,-0.0009292477329776194
 1.8604E-02,-0.0018910227780336237
 1.8618E-02,-0.002162618365388418
 1.8633E-02,-0.0017276332174938952
 1.8647E-02,-0.0006252292010182968
 1.8661E-02,0.0010571078616536938
 1.8675E-02,0.003198062753258269
 1.8689E-02,0.005660717261117328
 1.8703E-02,0.00831022053307516
 1.8718E-02,0.01102697839646011
 1.8732E-02,0.013712822361992153
 1.8746E-02,0.01628964786322089
 1.8760E-02,0.018692128581950764
 1.8774E-02,0.020857740447608925
 1.8788E-02,0.02271802071999476
 1.8803E-02,0.024194557272977195
 1.8817E-02,0.025201772238358934
 1.8831E-02,0.025656529392966358
 1.8845E-02,0.025492520020276237
 1.8859E-02,0.024675844502813828
 1.8874E-02,0.023217638222513055
 1.8888E-02,0.02118015643322793
 1.8902E-02,0.018674286107254
 1.8916E-02,0.015848572273252023
 1.8930E-02,0.012871955389748854
 1.8944E-02,0.009913944734338669
 1.8959E-02,0.007126495583164706
 1.8973E-02,0.004631283965826637
 1.8987E-02,0.0025145547737202684
 1.9001E-02,0.0008296800191135276
 1.9015E-02,-0.0003944413832364681
 1.9030E-02,-0.00114244674257987
 1.9044E-02,-0.001402830351723856
 1.9058E-02,-0.0011627435699614662
 1.9072E-02,-0.0004090292344177865
 1.9086E-02,0.0008647047617992145
 1.9100E-02,0.0026470624502653493
 1.9115E-02,0.004897294137491253
 1.9129E-02,0.007536970452089956
 1.9143E-02,0.010448003037332405
 1.9157E-02,0.013478566352831223
 1.9171E-02,0.01645645600837772
 1.9186E-02,0.019207472494748717
 1.9200E-02,0.021575069948430375
 1.9214E-02,0.023437127147287046
 1.9228E-02,0.02471639358128251
 1.9242E-02,0.02538275543752377
 1.9256E-02,0.025447525922961914
 1.9271E-02,0.0249519327403498
 1.9285E-02,0.02395331962208236
 1.9299E-02,0.022512940207831168
 1.9313E-02,0.020688516410172816
 1.9327E-02,0.018533169562401627
 1.9342E-02,0.01610035450011637
 1.9356E-02,0.013452587082694025
 1.9370E-02,0.01067056437071326
 1.9384E-02,0.007859061644110986
 1.9398E-02,0.005146809086101107
 1.9412E-02,0.0026791761331430436
 1.9427E-02,0.0006044759949973525
 1.9441E-02,-0.0009434957046583752
 1.9455E-02,-0.0018629439825861155
 1.9469E-02,-0.0020976786035079406
 1.9483E-02,-0.001643795261275887
 1.9497E-02,-0.000548030351648204
 1.9512E-02,0.0011016229895316285
 1.9526E-02,0.003190629714338687
 1.9540E-02,0.005594375370194339
 1.9554E-02,0.008192565425557824
 1.9568E-02,0.010878521895761908
 1.9583E-02,0.01356189258277539
 1.9597E-02,0.0161651998675964
 1.9611E-02,0.01861640090163277
 1.9625E-02,0.020840731552193504
 1.9639E-02,0.022755261869920156
 1.9653E-02,0.024268760219033604
 1.9668E-02,0.025287876855426175
 1.9682E-02,0.02572875462603728
 1.9696E-02,0.025531482695963375
 1.9710E-02,0.02467380151469578
 1.9724E-02,0.023180430263106278
 1.9739E-02,0.021125341521160974
 1.9753E-02,0.018625997560023918
 1.9767E-02,0.015830530477562738
 1.9781E-02,0.012900561211779389
 1.9795E-02,0.009993351314577886
 1.9809E-02,0.007247007715822467
 1.9824E-02,0.004771523900875596
 1.9838E-02,0.0026468099954408903
 1.9852E-02,0.0009269896286638489
 1.9866E-02,-0.0003513694017159004
 1.9880E-02,-0.0011603423944088046
 1.9895E-02,-0.0014742949625369747
 1.9909E-02,-0.0012684105632083773
 1.9923E-02,-0.0005228480680559239
 1.9937E-02,0.0007685032911930509
 1.9951E-02,0.0025872059076528435
 1.9965E-02,0.004880733143791966
 1.9980E-02,0.007557431096440496
 1.9994E-02,0.010488193382306802
 2.0008E-02,0.013515410271440105
 2.0022E-02,0.016467905744662094
 2.0036E-02,0.019179023261691186
 2.0051E-02,0.021504182572911975
 2.0065E-02,0.02333433711218221
 2.0079E-02,0.02460279165063313
 2.0093E-02,0.025284518437868504
 2.0107E-02,0.025388983485045816
 2.0121E-02,0.024949055312683942
 2.0136E-02,0.024009396177701963
 2.0150E-02,0.02261761470925638
 2.0164E-02,0.02082043639950562
 2.0178E-02,0.018665519737213056
 2.0192E-02,0.016207770321099164
 2.0206E-02,0.013517578924728539
 2.0221E-02,0.01068772831889713
 2.0235E-02,0.007835966071106322
 2.0249E-02,0.005101356687247954
 2.0263E-02,0.0026341991463264035
 2.0277E-02,0.0005810670297236777
 2.0292E-02,-0.0009320836056939104
 2.0306E-02,-0.0018151624370379591
 2.0320E-02,-0.0020242657278931064
 2.0334E-02,-0.001564922272538262
 2.0348E-02,-0.00048779382380791277
 2.0362E-02,0.0011218635443379788
 2.0377E-02,0.0031582568785148675
 2.0391E-02,0.005509226876839521
 2.0405E-02,0.008067340220162913
 2.0419E-02,0.010735758799312836
 2.0433E-02,0.013428328654434407
 2.0448E-02,0.016065024106757343
 2.0462E-02,0.01856521581204273
 2.0476E-02,0.02084183968802043
 2.0490E-02,0.022799260311594405
 2.0504E-02,0.024336525915934687
 2.0518E-02,0.025356105109167002
 2.0533E-02,0.02577652252190875
 2.0547E-02,0.025546037323676392
 2.0561E-02,0.02465399346724895
 2.0575E-02,0.02313686516248596
 2.0589E-02,0.021077226276285724
 2.0604E-02,0.018595564538732057
 2.0618E-02,0.015836582821333742
 2.0632E-02,0.012952916754117924
 2.0646E-02,0.010089710225751135
 2.0660E-02,0.007373103056977694
 2.0674E-02,0.004904519307844181
 2.0689E-02,0.0027610290312860227
 2.0703E-02,0.0010004343819036694
 2.0717E-02,-0.0003314599301053405
 2.0731E-02,-0.0011943775729616024
 2.0745E-02,-0.001550480279863113
 2.0760E-02,-0.0013660946371139143
 2.0774E-02,-0.000618145348422357
 2.0788E-02,0.0006963444669810827
 2.0802E-02,0.002550411190936215
 2.0816E-02,0.004880032989816489
 2.0830E-02,0.007582297873835132
 2.0845E-02,0.010520195056131932
 2.0859E-02,0.013533744118958886
 2.0873E-02,0.016455583660188434
 2.0887E-02,0.019128003820186836
 2.0901E-02,0.021418033033061754
 2.0916E-02,0.02322768368446941
 2.0930E-02,0.024497694928317403
 2.0944E-02,0.025204752367890017
 2.0958E-02,0.025353769689592662
 2.0972E-02,0.024967952878827967
 2.0986E-02,0.024079730585066204
 2.1001E-02,0.022725136637016582
 2.1015E-02,0.020943022727986184
 2.1029E-02,0.018778905690087187
 2.1043E-02,0.01629175748096142
 2.1057E-02,0.013561045525551894
 2.1071E-02,0.010691105580019261
 2.1086E-02,0.007810542666391325
 2.1100E-02,0.005065640014083075
 2.1114E-02,0.0026083596537358044
 2.1128E-02,0.0005810042706949296
 2.1142E-02,-0.0008994236318738409
 2.1157E-02,-0.001753940257672788
 2.1171E-02,-0.0019487877671337428
 2.1185E-02,-0.001495830830834544
 2.1199E-02,-0.00044644481998923325
 2.1213E-02,0.0011193073277880265
 2.1227E-02,0.003105412084298856
 2.1242E-02,0.005411506889362316
 2.1256E-02,0.007940849011047618
 2.1270E-02,0.010603350928517545
 2.1284E-02,0.013313890683188272
 2.1298E-02,0.01598751202078779
 2.1313E-02,0.018534045939233024
 2.1327E-02,0.020854860131589454
 2.1341E-02,0.022843827098808975
 2.1355E-02,0.02439336423451914
 2.1369E-02,0.025404880926964586
 2.1383E-02,0.02580158935989512
 2.1398E-02,0.025540782674791297
 2.1412E-02,0.02462260011472009
 2.1426E-02,0.023093016750323807
 2.1440E-02,0.02104012705304913
 2.1454E-02,0.01858437882060287
 2.1469E-02,0.01586482898955528
 2.1483E-02,0.013024357900440273
 2.1497E-02,0.010196870129063704
 2.1511E-02,0.007498818132298791
 2.1525E-02,0.005026112051648012
 2.1539E-02,0.0028559805450113387
 2.1554E-02,0.0010520331070047627
 2.1568E-02,-0.0003300032312079646
 2.1582E-02,-0.0012384384412938401
 2.1596E-02,-0.0016255310283237946
 2.1610E-02,-0.0014517853794176361
 2.1624E-02,-0.0006938357358423051
 2.1639E-02,0.0006461053540844734
 2.1653E-02,0.0025319347917529367
 2.1667E-02,0.004889125910260958
 2.1681E-02,0.007605829925420356
 2.1695E-02,0.010540151144809575
 2.1710E-02,0.013532635483141986
 2.1724E-02,0.016421724701757314
 2.1738E-02,0.019059197790528122
 2.1752E-02,0.021322644050364957
 2.1766E-02,0.023122786550146438
 2.1780E-02,0.024404793270777034
 2.1795E-02,0.025144220888031883
 2.1809E-02,0.0253395252509037
 2.1823E-02,0.025003796578571137
 2.1837E-02,0.024158346900036567
 2.1851E-02,0.022830012318822753
 2.1866E-02,0.021052756001067412
 2.1880E-02,0.018872731891873155
 2.1894E-02,0.01635479553216145
 2.1908E-02,0.01358785652142273
 2.1922E-02,0.010686624296563077
 2.1936E-02,0.007788164408049086
 2.1951E-02,0.005043020479764869
 2.1965E-02,0.0026021028575119298
 2.1979E-02,0.000601706665091982
 2.1993E-02,-0.0008504122127699616
 2.2007E-02,-0.001685153537795814
 2.2022E-02,-0.0018765042565134
 2.2036E-02,-0.0014397405518830303
 2.2050E-02,-0.0004242975848884544
 2.2064E-02,0.0010966202539659838
 2.2078E-02,0.003037007714298331
 2.2092E-02,0.005307033596251412
 2.2107E-02,0.007818233855652038
 2.2121E-02,0.010484371209332734
 2.2135E-02,0.013218756072551623
 2.2149E-02,0.01592990835959649
 2.2163E-02,0.018517963082005654
 2.2178E-02,0.020874039317785874
 2.2192E-02,0.022883950654109773
 2.2206E-02,0.024436365850113995
 2.2220E-02,0.025434181055112838
 2.2234E-02,0.025806813882660554
 2.2248E-02,0.025520671253006954
 2.2263E-02,0.024585312662072797
 2.2277E-02,0.023053764017822137
 2.2291E-02,0.02101678666106283
 2.2305E-02,0.018592309140794575
 2.2319E-02,0.015912309814659627
 2.2333E-02,0.013109911746155278
 2.2348E-02,0.010309202035446677
 2.2362E-02,0.007619398160606504
 2.2376E-02,0.005133708598367895
 2.2390E-02,0.002931927975183549
 2.2404E-02,0.0010848243595135369
 2.2419E-02,-0.00034201976699276904
 2.2433E-02,-0.0012869617478224273
 2.2447E-02,-0.0016948106087044024
 2.2461E-02,-0.001523026268043779
 2.2475E-02,-0.0007503005070254391
 2.2489E-02,0.0006146809062658323
 2.2504E-02,0.0025268000225180803
 2.2518E-02,0.004902520332652752
 2.2532E-02,0.007623512688839831
 2.2546E-02,0.010545745987613297
 2.2560E-02,0.01351258855517734
 2.2575E-02,0.016369505888238912
 2.2589E-02,0.01897758209132873
 2.2603E-02,0.021223433066788224
 2.2617E-02,0.02302402911968191
 2.2631E-02,0.024326247899286634
 2.2645E-02,0.025102283574407164
 2.2660E-02,0.025342992800750003
 2.2674E-02,0.02505160785639147
 2.2688E-02,0.024239905842883405
 2.2702E-02,0.022927995146141016
 2.2716E-02,0.021147633040459492
 2.2731E-02,0.01894777502729277
 2.2745E-02,0.016400219759856845
 2.2759E-02,0.013602990100970422
 2.2773E-02,0.010679547198893993
 2.2787E-02,0.007772948432716345
 2.2801E-02,0.005035356288230066
 2.2816E-02,0.0026145321263158204
 2.2830E-02,0.0006397759810546052
 2.2844E-02,-0.0007900187199290814
 2.2858E-02,-0.0016139900364874069
 2.2872E-02,-0.0018114144278550681
 2.2887E-02,-0.0013983824154145388
 2.2901E-02,-0.0004203537551753327
 2.2915E-02,0.0010572495300252623
 2.2929E-02,0.0029579961413189106
 2.2943E-02,0.005200915745325561
 2.2957E-02,0.007703373260916537
 2.2972E-02,0.0103804199833511
 2.2986E-02,0.013141821223461107
 2.3000E-02,0.015888715619383167
 2.3014E-02,0.018512035145612872
 2.3028E-02,0.020894356464754484
 2.3042E-02,0.02291588696732426
 2.3057E-02,0.02446407716632905
 2.3071E-02,0.025445229474719337
 2.3085E-02,0.025795754978698272
 2.3099E-02,0.02549062008020729
 2.3113E-02,0.024547063544977498
 2.3128E-02,0.02302271299542284
 2.3142E-02,0.02100850888343447
 2.3156E-02,0.01861801099027807
 2.3170E-02,0.015975407533003513
 2.3184E-02,0.013204678298778931
 2.3198E-02,0.01042185892329384
 2.3213E-02,0.007731364585907998
 2.3227E-02,0.00522613781772348
 2.3241E-02,0.0029903169164808142
 2.3255E-02,0.0011024687904034067
 2.3269E-02,-0.000362634666803671
 2.3284E-02,-0.0013351846307868439
 2.3298E-02,-0.001754958945843766
 2.3312E-02,-0.0015787655990911588
 2.3326E-02,-0.0007890727625010973
 2.3340E-02,0.0005983785254567803
 2.3354E-02,0.0025301640996946324
 2.3369E-02,0.00491554107142389
 2.3383E-02,0.007632106519444387
 2.3397E-02,0.010536049708810074
 2.3411E-02,0.013475227499343878
 2.3425E-02,0.01630265511116647
 2.3440E-02,0.018887967780880803
 2.3454E-02,0.02112498267778022
 2.3468E-02,0.022934520501216586
 2.3482E-02,0.024262854511251833
 2.3496E-02,0.025077215007546876
 2.3510E-02,0.025360404550511424
 2.3525E-02,0.025106608989718233
 2.3539E-02,0.024319922978921816
 2.3553E-02,0.02301611251135652
 2.3567E-02,0.02122699587195573
 2.3581E-02,0.019005862166435943
 2.3596E-02,0.016431836515533704
 2.3610E-02,0.013611190250820328
 2.3624E-02,0.01067426372407717
 2.3638E-02,0.007767738970108218
 2.3652E-02,0.0050431800803953705
 2.3666E-02,0.002643732404301893
 2.3681E-02,0.000691377723822593
 2.3695E-02,-0.0007229505111401582
 2.3709E-02,-0.0015447507909762514
 2.3723E-02,-0.0017562486702659397
 2.3737E-02,-0.00137218173147737
 2.3751E-02,-0.0004326265674201549
 2.3766E-02,0.0010050466240704378
 2.3780E-02,0.00287304234514761
 2.3794E-02,0.005097363565661255
 2.3808E-02,0.007598882203485815
 2.3822E-02,0.010291813385324729
 2.3837E-02,0.013081026385321973
 2.3851E-02,0.015860066620885908
 2.3865E-02,0.018511645063980772
 2.3879E-02,0.02091170238370339
 2.3893E-02,0.02293715019423626
 2.3907E-02,0.02447630592545206
 2.3922E-02,0.025440171558694394
 2.3936E-02,0.025772303527815586
 2.3950E-02,0.02545520059234384
 2.3964E-02,0.024511858569687923
 2.3978E-02,0.023002216283126653
 2.3993E-02,0.021015359374158674
 2.4007E-02,0.018659253569669385
 2.4021E-02,0.01605020947163967
 2.4035E-02,0.01330413197608831
 2.4049E-02,0.010530933405279424
 2.4063E-02,0.00783248661007951
 2.4078E-02,0.005303444733841068
 2.4092E-02,0.0030334476477387015
 2.4106E-02,0.0011088897041540203
 2.4120E-02,-0.0003873715340186265
 2.4134E-02,-0.0013792933599053273
 2.4149E-02,-0.0018038563964725334
 2.4163E-02,-0.001619146073142713
 2.4177E-02,-0.0008125104158151515
 2.4191E-02,0.0005932725737553935
 2.4205E-02,0.0025376039430588236
 2.4219E-02,0.0049244691625908495
 2.4234E-02,0.007629603141203537
 2.4248E-02,0.010511303740828315
 2.4262E-02,0.01342296988421196
 2.4276E-02,0.016225101596340368
 2.4290E-02,0.01879472263962896
 2.4305E-02,0.021030910491337828
 2.4319E-02,0.022856147456618684
 2.4333E-02,0.0242142624873747
 2.4347E-02,0.025066530958457758
 2.4361E-02,0.025387826338933574
 2.4375E-02,0.02516449137917713
 2.4390E-02,0.02439488858552141
 2.4404E-02,0.023092605203418694
 2.4418E-02,0.021291307783671443
 2.4432E-02,0.019049544972624684
 2.4446E-02,0.01645358453358784
 2.4460E-02,0.013616707306779639
 2.4475E-02,0.010674180021259303
 2.4489E-02,0.007774176125301515
 2.4503E-02,0.005065927154152371
 2.4517E-02,0.0026870953607455355
 2.4531E-02,0.000752574696029071
 2.4546E-02,-0.0006534013948362141
 2.4560E-02,-0.0014807484708511294
 2.4574E-02,-0.0017125437857787706
 2.4588E-02,-0.0013604892765276709
 2.4602E-02,-0.00045846465949236177
 2.4616E-02,0.0009439389450091398
 2.4631E-02,0.0027862801542384566
 2.4645E-02,0.004999595390843494
 2.4659E-02,0.0075061938934239455
 2.4673E-02,0.010217817369110777
 2.4687E-02,0.01303367781793533
 2.4702E-02,0.01584004699190537
 2.4716E-02,0.01851272601421109
 2.4730E-02,0.02092296383743169
 2.4744E-02,0.02294642376896414
 2.4758E-02,0.024473883854527645
 2.4772E-02,0.025421753335513636
 2.4787E-02,0.02574036583919473
 2.4801E-02,0.025418412360539933
 2.4815E-02,0.02448270212466517
 2.4829E-02,0.022993469491915428
 2.4843E-02,0.02103640641708144
 2.4858E-02,0.018713238845844152
 2.4872E-02,0.016132818401385265
 2.4886E-02,0.0134043389858758
 2.4900E-02,0.010633523440610465
 2.4914E-02,0.00792167792746516
 2.4928E-02,0.005366646889736152
 2.4943E-02,0.003064157721959918
 2.4957E-02,0.0011079682480075745
 2.4971E-02,-0.0004123620239636712
 2.4985E-02,-0.00141648120104808
 2.4999E-02,-0.001840514788092062
 2.5014E-02,-0.0016452591819078443
 2.5028E-02,-0.0008234810145150043
 2.5042E-02,0.0005955034424034395
 2.5056E-02,0.002545318139208039
 2.5070E-02,0.0049265923247703534
 2.5084E-02,0.007615111468280727
 2.5099E-02,0.010472673587021024
 2.5113E-02,0.013358714005208073
 2.5127E-02,0.01614068297926314
 2.5141E-02,0.01870157754618385
 2.5155E-02,0.02094382707431507
 2.5169E-02,0.02278969477537369
 2.5184E-02,0.024179224337608173
 2.5198E-02,0.025067298585052515
 2.5212E-02,0.025421444005665362
 2.5226E-02,0.025221600320702336
 2.5240E-02,0.024462300946232064
 2.5255E-02,0.02315680070264283
 2.5269E-02,0.0213419016296663
 2.5283E-02,0.019081791883090914
 2.5297E-02,0.016469254862690477
 2.5311E-02,0.013623121641369505
 2.5325E-02,0.010681693898522488
 2.5340E-02,0.007792828308953941
 2.5354E-02,0.005102188834953829
 2.5368E-02,0.002741624514849895
 2.5382E-02,0.0008196009524473855
 2.5396E-02,-0.0005848829919133046
 2.5411E-02,-0.0014242893901509658
 2.5425E-02,-0.0016807800039144167
 2.5439E-02,-0.0013618356344187357
 2.5453E-02,-0.0004948543710784228
 2.5467E-02,0.0008776617308088952
 2.5481E-02,0.0027011509174675492
 2.5496E-02,0.004909826476085398
 2.5510E-02,0.00742570119193182
 2.5524E-02,0.010156902754579169
 2.5538E-02,0.012996746797237009
 2.5552E-02,0.01582495677688954
 2.5567E-02,0.018511914707807955
 2.5581E-02,0.020926027246720547
 2.5595E-02,0.022943414044716302
 2.5609E-02,0.024458410571723377
 2.5623E-02,0.025393025723800453
 2.5637E-02,0.025703608846493746
 2.5652E-02,0.025383538450972732
 2.5666E-02,0.02446160167213579
 2.5680E-02,0.022996663109822766
 2.5694E-02,0.02106997834389693
 2.5708E-02,0.018776894187713746
 2.5723E-02,0.016219600778695026
 2.5737E-02,0.01350209393251359
 2.5751E-02,0.010727720624329303
 2.5765E-02,0.007998840403375031
 2.5779E-02,0.00541747635279441
 2.5793E-02,0.0030855326727711107
 2.5808E-02,0.0011033014267082908
 2.5822E-02,-0.000434475048872689
 2.5836E-02,-0.0014449302179070137
 2.5850E-02,-0.0018649173033872413
 2.5864E-02,-0.0016588871098383805
 2.5878E-02,-0.0008250759755197499
 2.5893E-02,0.000601513431836779
 2.5907E-02,0.002550249178183208
 2.5921E-02,0.004920180812947376
 2.5935E-02,0.007588694145327032
 2.5949E-02,0.010421990911343389
 2.5964E-02,0.013285556906525633
 2.5978E-02,0.016052915965383767
 2.5992E-02,0.018611511920374243
 2.6006E-02,0.02086536689304655
 2.6020E-02,0.02273501274492431
 2.6034E-02,0.02415585363596758
 2.6049E-02,0.025076414338623464
 2.6063E-02,0.025457785606732515
 2.6077E-02,0.025275041282657913
 2.6091E-02,0.024520628179226515
 2.6105E-02,0.02320894143093084
 2.6120E-02,0.021380721665004775
 2.6134E-02,0.01910571402913075
 2.6148E-02,0.0164822754404867
 2.6162E-02,0.013633245228053679
 2.6176E-02,0.010698239684372689
 2.6190E-02,0.007823367678060057
 2.6205E-02,0.005149970394576862
 2.6219E-02,0.00280420536477387
 2.6233E-02,0.0008890708487483234
 2.6247E-02,-0.0005201332184005519
 2.6261E-02,-0.0013767239135320593
 2.6276E-02,-0.001660559151296609
 2.6290E-02,-0.0013741883787342494
 2.6304E-02,-0.0005386859218499095
 2.6318E-02,0.0008095550966058151
 2.6332E-02,0.002620318595740246
 2.6346E-02,0.00482932472183782
 2.6361E-02,0.007356937308046918
 2.6375E-02,0.010107001378564962
 2.6389E-02,0.012967131400089349
 2.6403E-02,0.015811506749908
 2.6417E-02,0.01850662914600114
 2.6432E-02,0.020919717187459472
 2.6446E-02,0.02292866675604706
 2.6460E-02,0.024431998375879456
 2.6474E-02,0.025357087350047564
 2.6488E-02,0.025665270950517613
 2.6502E-02,0.025353075514299217
 2.6517E-02,0.024449635650705823
 2.6531E-02,0.023011169212450038
 2.6545E-02,0.021113917815440406
 2.6559E-02,0.018847124826295067
 2.6573E-02,0.01630736876976254
 2.6588E-02,0.013594982191967118
 2.6602E-02,0.010812536376663824
 2.6616E-02,0.008064674576248767
 2.6630E-02,0.005458126358512604
 2.6644E-02,0.003100657770725168
 2.6658E-02,0.0010980262943413059
 2.6673E-02,-0.000451372742155597
 2.6687E-02,-0.0014637326774863293
 2.6701E-02,-0.00187782715366715
 2.6715E-02,-0.0016622509694805166
 2.6729E-02,-0.0008203668511990542
 2.6743E-02,0.0006082164154089046
 2.6758E-02,0.0025501333135130593
 2.6772E-02,0.00490440437613612
 2.6786E-02,0.0075511746014436335
 2.6800E-02,0.010361503451143093
 2.6814E-02,0.013206555271238415
 2.6829E-02,0.015964833111636902
 2.6843E-02,0.01852671045719992
 2.6857E-02,0.020796276287955107
 2.6871E-02,0.022691211927779696
 2.6885E-02,0.024141873216898976
 2.6899E-02,0.02509083787755485
 2.6914E-02,0.025493877484503824
 2.6928E-02,0.025322715974688378
 2.6942E-02,0.024569214936083432
 2.6956E-02,0.02324998793306551
 2.6970E-02,0.021410077126822826
 2.6985E-02,0.019124336424816996
 2.6999E-02,0.016495562047866362
 2.7013E-02,0.013649092581847048
 2.7027E-02,0.010724386605052198
 2.7041E-02,0.007864768764720649
 2.7055E-02,0.005206935658411779
 2.7070E-02,0.0028718294593421474
 2.7084E-02,0.0009581219006066953
 2.7098E-02,-0.0004610930703698049
 2.7112E-02,-0.0013385487489323777
 2.7126E-02,-0.0016508042745732743
 2.7141E-02,-0.0013951945565986526
 2.7155E-02,-0.0005869728504173747
 2.7169E-02,0.0007424270648864025
 2.7183E-02,0.002545652099058255
 2.7197E-02,0.004758516650765611
 2.7211E-02,0.007298776185194623
 2.7226E-02,0.010065746149968868
 2.7240E-02,0.012941870917761262
 2.7254E-02,0.015796949063757344
 2.7268E-02,0.018495080323616114
 2.7282E-02,0.020903686399605676
 2.7296E-02,0.022903365673910325
 2.7311E-02,0.024397034636095462
 2.7325E-02,0.02531687544202696
 2.7339E-02,0.025628038198514114
 2.7353E-02,0.02532872861118074
 2.7367E-02,0.024447067896772545
 2.7382E-02,0.023035743900749257
 2.7396E-02,0.021165816901700815
 2.7410E-02,0.01892101756389608
 2.7424E-02,0.0163934973591249
 2.7438E-02,0.013681378926899433
 2.7452E-02,0.010887783557741042
 2.7467E-02,0.008120476434668128
 2.7481E-02,0.005491018718835361
 2.7495E-02,0.0031124192911356134
 2.7509E-02,0.0010947088758007642
 2.7523E-02,-0.00046150408075793913
 2.7538E-02,-0.0014727693840852606
 2.7552E-02,-0.001880584033996525
 2.7566E-02,-0.0016577808428343069
 2.7580E-02,-0.0008122113664162261
 2.7594E-02,0.000613103378333873
 2.7608E-02,0.0025434893958299447
 2.7623E-02,0.004879207842499773
 2.7637E-02,0.007503933558110094
 2.7651E-02,0.010293647979337663
 2.7665E-02,0.013124536587806409
 2.7679E-02,0.01587888336302692
 2.7694E-02,0.01844857973419562
 2.7708E-02,0.020736541206475327
 2.7722E-02,0.022656866884249366
 2.7736E-02,0.02413483922410611
 2.7750E-02,0.025107775456062104
 2.7764E-02,0.02552733728188659
 2.7779E-02,0.025363300017918804
 2.7793E-02,0.024608151208177532
 2.7807E-02,0.02328141488056386
 2.7821E-02,0.021432421165312146
 2.7835E-02,0.019140419988172525
 2.7850E-02,0.016511431633065968
 2.7864E-02,0.013671908590242416
 2.7878E-02,0.010759973126966268
 2.7892E-02,0.007915512455723611
 2.7906E-02,0.005270625011339182
 2.7920E-02,0.0029417672451242096
 2.7935E-02,0.001024495763212143
 2.7949E-02,-0.00040893914373649524
 2.7963E-02,-0.001309543756017815
 2.7977E-02,-0.001649963287727946
 2.7991E-02,-0.0014223957314199488
 2.8005E-02,-0.0006370201104397242
 2.8020E-02,0.0006784778197840992
 2.8034E-02,0.00247826208235746
 2.8048E-02,0.004697126334299368
 2.8062E-02,0.00724963547885653
 2.8076E-02,0.010030682755987091
 2.8091E-02,0.01291830879027948
 2.8105E-02,0.01577914734310186
 2.8119E-02,0.018476230768546646
 2.8133E-02,0.02087827443359805
 2.8147E-02,0.022869130143713855
 2.8161E-02,0.024355973505935023
 2.8176E-02,0.02527500840585536
 2.8190E-02,0.025593980371911282
 2.8204E-02,0.025311457856952612
 2.8218E-02,0.0244534917512107
 2.8232E-02,0.023068729322365006
 2.8247E-02,0.021223221884229773
 2.8261E-02,0.01899599268608991
 2.8275E-02,0.016475982284016963
 2.8289E-02,0.013760397636677631
 2.8303E-02,0.010953929987934607
 2.8317E-02,0.008167936012233486
 2.8332E-02,0.0055186023574378944
 2.8346E-02,0.0031233576629982277
 2.8360E-02,0.001095291569875579
 2.8374E-02,-0.00046404931208532895
 2.8388E-02,-0.001472561407017279
 2.8403E-02,-0.0018749036885531817
 2.8417E-02,-0.0016479177005794129
 2.8431E-02,-0.0008031113683071257
 2.8445E-02,0.000614290133894273
 2.8459E-02,0.0025295596520253484
 2.8473E-02,0.0048451614014409445
 2.8488E-02,0.0074487097598074405
 2.8502E-02,0.010220855754505483
 2.8516E-02,0.013041962134938146
 2.8530E-02,0.01579688957847789
 2.8544E-02,0.018377811459950762
 2.8559E-02,0.02068553857532788
 2.8573E-02,0.022630214174185745
 2.8587E-02,0.02413233171826367
 2.8601E-02,0.02512481131706788
 2.8615E-02,0.025556410585151658
 2.8629E-02,0.025396175197839165
 2.8644E-02,0.024638118982007767
 2.8658E-02,0.02330501414571927
 2.8672E-02,0.02145016406022317
 2.8686E-02,0.01915633566574433
 2.8700E-02,0.01653157134981023
 2.8714E-02,0.013702240535041234
 2.8729E-02,0.010804262023049632
 2.8743E-02,0.007973781701282481
 2.8757E-02,0.005338638493193346
 2.8771E-02,0.003011688927745313
 2.8785E-02,0.0010865643041759237
 2.8800E-02,-0.0003641590848056555
 2.8814E-02,-0.0012889281066068015
 2.8828E-02,-0.0016562032182179183
 2.8842E-02,-0.00145340751182258
 2.8856E-02,-0.0006865402569282851
 2.8870E-02,0.0006192781346403078
 2.8885E-02,0.0024185794814320085
 2.8899E-02,0.004644332356509313
 2.8913E-02,0.00720766907037901
 2.8927E-02,0.009999445354398055
 2.8941E-02,0.01289420385151857
 2.8956E-02,0.015756593514559117
 2.8970E-02,0.01844971273551019
 2.8984E-02,0.020844349811232284
 2.8998E-02,0.022827824422158454
 2.9012E-02,0.024311164432145448
 2.9026E-02,0.02523368010446072
 2.9041E-02,0.025564539562310945
 2.9055E-02,0.02530156405147797
 2.9069E-02,0.024467989081230015
 2.9083E-02,0.023108242554884334
 2.9097E-02,0.0212838005243515
 2.9112E-02,0.01906990421673888
 2.9126E-02,0.0165534462639832
 2.9140E-02,0.013831800996778153
 2.9154E-02,0.011011938447845938
 2.9168E-02,0.008208950243717436
 2.9182E-02,0.005543189919321923
 2.9197E-02,0.00313557208190416
 2.9211E-02,0.0011010913860716007
 2.9225E-02,-0.00045882797037286906
 2.9239E-02,-0.001464109645004709
 2.9253E-02,-0.001862692770184775
 2.9268E-02,-0.0016349538294936953
 2.9282E-02,-0.0007951219793707753
 2.9296E-02,0.0006105150658010469
 2.9310E-02,0.002508215269072636
 2.9324E-02,0.004803299968957319
 2.9338E-02,0.007387416947709797
 2.9353E-02,0.010145396866631308
 2.9367E-02,0.012960840862684465
 2.9381E-02,0.015720055072328275
 2.9395E-02,0.01831447953806028
 2.9409E-02,0.020642197153804217
 2.9423E-02,0.022609333025797308
 2.9438E-02,0.024132105962468155
 2.9452E-02,0.025139988563799374
 2.9466E-02,0.025579959647060793
 2.9480E-02,0.02542132944539285
 2.9494E-02,0.02466023101305086
 2.9509E-02,0.02332271645367095
 2.9523E-02,0.021465526327716984
 2.9537E-02,0.01917398882473686
 2.9551E-02,0.01655705452182639
 2.9565E-02,0.0137400409466612
 2.9579E-02,0.010856101855093742
 2.9594E-02,0.008037637569431693
 2.9608E-02,0.005408778599912928
 2.9622E-02,0.003079735407312833
 2.9636E-02,0.0011433096980166036
 2.9650E-02,-0.00032665661121152306
 2.9665E-02,-0.0012755216397408058
 2.9679E-02,-0.001667583944394566
 2.9693E-02,-0.0014860585202603875
 2.9707E-02,-0.0007337200948334921
 2.9721E-02,0.0005657928438034166
 2.9735E-02,0.002366462398540708
 2.9750E-02,0.004598928807493083
 2.9764E-02,0.007170938290488484
 2.9778E-02,0.009969891526939325
 2.9792E-02,0.012867792512486972
 2.9806E-02,0.015728380596403746
 2.9821E-02,0.018415719314142008
 2.9835E-02,0.02080314933713541
 2.9849E-02,0.022781389061415764
 2.9863E-02,0.02426472148768539
 2.9877E-02,0.02519460252911584
 2.9891E-02,0.02554056148815353
 2.9906E-02,0.02529879977611072
 2.9920E-02,0.024489290631957473
 2.9934E-02,0.02315234141841538
 2.9948E-02,0.021345468235117092
 2.9962E-02,0.019141092299899933
 2.9977E-02,0.016625103625899806
 2.9991E-02,0.013895887653559726
 3.0005E-02,0.011063106670682749
 3.0019E-02,0.008245459772869366
 3.0033E-02,0.005566835706084542
 3.0047E-02,0.0031506725471183313
 3.0062E-02,0.0011128388223399042
 3.0076E-02,-0.0004461840199821471
 3.0090E-02,-0.0014487354040969905
 3.0104E-02,-0.0018458882193426779
 3.0118E-02,-0.0016209145379660211
 3.0132E-02,-0.0007898075270987834
 3.0147E-02,0.0006010973050775914
 3.0161E-02,0.0024798403347515113
 3.0175E-02,0.004754964647422898
 3.0189E-02,0.007321986018774101
 3.0203E-02,0.010069265944976083
 3.0218E-02,0.012882689528429338
 3.0232E-02,0.015649008734248137
 3.0246E-02,0.018258157600146565
 3.0260E-02,0.020605155276286983
 3.0274E-02,0.022592300270401718
 3.0288E-02,0.02413220244674962
 3.0303E-02,0.025151844527669845
 3.0317E-02,0.025597414754688724
 3.0331E-02,0.025439237738274625
 3.0345E-02,0.02467587391316038
 3.0359E-02,0.023336439475933918
 3.0374E-02,0.021480433117193463
 3.0388E-02,0.019194788497757236
 3.0402E-02,0.016588392818824862
 3.0416E-02,0.013784788228461964
 3.0430E-02,0.010914083035554925
 3.0444E-02,0.008105168251629286
 3.0459E-02,0.005479151825000911
 3.0473E-02,0.0031445449791577406
 3.0487E-02,0.0011942693076710332
 3.0501E-02,-0.00029587321831532837
 3.0515E-02,-0.001267899925602065
 3.0530E-02,-0.001682204461171845
 3.0544E-02,-0.0015184882422794093
 3.0558E-02,-0.0007772437660816927
 3.0572E-02,0.0005184384951686085
 3.0586E-02,0.0023213185561431165
 3.0600E-02,0.004559479084050555
 3.0615E-02,0.007137555227925453
 3.0629E-02,0.009940196246514404
 3.0643E-02,0.012837808058302818
 3.0657E-02,0.015694142354822388
 3.0671E-02,0.01837488112808039
 3.0686E-02,0.020756125586736365
 3.0700E-02,0.02273170076872025
 3.0714E-02,0.024218433682395388
 3.0728E-02,0.025158990782246232
 3.0742E-02,0.025522358966656986
 3.0756E-02,0.025302493804340104
 3.0771E-02,0.02451592731673335
 3.0785E-02,0.02319916140683561
 3.0799E-02,0.02140647347556503
 3.0813E-02,0.019208394026899202
 3.0827E-02,0.016690693883211222
 3.0841E-02,0.01395336687299617
 3.0856E-02,0.011108917317020385
 3.0870E-02,0.008279315079862029
 3.0884E-02,0.005591254238429268
 3.0898E-02,0.0031697727665128245
 3.0912E-02,0.0011307467629280833
 3.0927E-02,-0.000426859929116734
 3.0941E-02,-0.0014279317923765094
 3.0955E-02,-0.0018263263435823155
 3.0969E-02,-0.001607480342027031
 3.0983E-02,-0.0007882377395436665
 3.0997E-02,0.000585865754942937
 3.1012E-02,0.0024452055929795333
 3.1026E-02,0.00470165565125046
 3.1040E-02,0.007254237102209767
 3.1054E-02,0.009994108033931937
 3.1068E-02,0.012808532292339391
 3.1083E-02,0.015583878168108144
 3.1097E-02,0.018208045528019606
 3.1111E-02,0.020572906158777125
 3.1125E-02,0.022577314848076617
 3.1139E-02,0.024131016799313187
 3.1153E-02,0.02515940725403012
 3.1168E-02,0.025608698495666007
 3.1182E-02,0.025450734998945485
 3.1196E-02,0.024686564436813323
 3.1210E-02,0.02334796665685574
 3.1224E-02,0.021496448452195963
 3.1239E-02,0.01921965471401572
 3.1253E-02,0.01662561441345941
 3.1267E-02,0.013835614139856995
 3.1281E-02,0.010976679830034482
 3.1295E-02,0.0081746069791904
 3.1309E-02,0.0055482305755517585
 3.1324E-02,0.0032052426514870467
 3.1338E-02,0.0012394555589327091
 3.1352E-02,-0.00027091577201740426
 3.1366E-02,-0.0012645345579069768
 3.1380E-02,-0.0016983177877517566
 3.1395E-02,-0.0015492054882091408
 3.1409E-02,-0.0008162791238661589
 3.1423E-02,0.00047716509992274704
 3.1437E-02,0.002282232749092526
 3.1451E-02,0.004524454309398124
 3.1465E-02,0.007105794529060166
 3.1480E-02,0.009908906820010102
 3.1494E-02,0.012803464031096532
 3.1508E-02,0.015653969905946884
 3.1522E-02,0.018328139065977602
 3.1536E-02,0.020704810527716194
 3.1551E-02,0.022680464040890073
 3.1565E-02,0.024173713984032914
 3.1579E-02,0.025127583139119142
 3.1593E-02,0.025509797290821326
 3.1607E-02,0.02531167832187106
 3.1621E-02,0.024546364517532976
 3.1636E-02,0.023247020515698328
 3.1650E-02,0.021465444708097182
 3.1664E-02,0.01927111996631541
 3.1678E-02,0.016750394471077845
 3.1692E-02,0.014005231423132194
 3.1706E-02,0.011150905680352464
 3.1721E-02,0.008312174954639404
 3.1735E-02,0.005617776943936215
 3.1749E-02,0.0031935165948308248
 3.1763E-02,0.001154599234549995
 3.1777E-02,-0.00040186989649917677
 3.1792E-02,-0.001403233438615501
 3.1806E-02,-0.0018056443541956085
 3.1820E-02,-0.0015959468912064812
 3.1834E-02,-0.0007910167113841423
 3.1848E-02,0.000565069187194854
 3.1862E-02,0.0024053422037742175
 3.1877E-02,0.004644904107290179
 3.1891E-02,0.007185784194729275
 3.1905E-02,0.009921181826529091
 3.1919E-02,0.012738932311709689
 3.1933E-02,0.015524380808601183
 3.1948E-02,0.01816309511564646
 3.1962E-02,0.02054392383228863
 3.1976E-02,0.022562789787248683
 3.1990E-02,0.024127332938892906
 3.2004E-02,0.025162161038191373
 3.2018E-02,0.025614133311214753
 3.2033E-02,0.025456891037457574
 3.2047E-02,0.024693825965794884
 3.2061E-02,0.023358858843717405
 3.2075E-02,0.021514745917778254
 3.2089E-02,0.019249055999939337
 3.2104E-02,0.016668357857751517
 3.2118E-02,0.01389142833714424
 3.2132E-02,0.011042371630317249
 3.2146E-02,0.008244417122416569
 3.2160E-02,0.005614879138457921
 3.2174E-02,0.0032614001498064787
 3.2189E-02,0.0012792610702084426
 3.2203E-02,-0.0002506803273577356
 3.2217E-02,-0.0012639122421311219
 3.2231E-02,-0.0017144130549931861
 3.2245E-02,-0.001577111362326778
 3.2260E-02,-0.0008504355776986081
 3.2274E-02,0.00044155173828569667
 3.2288E-02,0.002248089777711526
 3.2302E-02,0.004492350152699877
 3.2316E-02,0.007074172436499592
 3.2330E-02,0.009874962835438393
 3.2345E-02,0.012764409884116637
 3.2359E-02,0.015608315350983911
 3.2373E-02,0.01827662226456428
 3.2387E-02,0.020650701103623298
 3.2401E-02,0.022629135421256597
 3.2415E-02,0.024131582693741778
 3.2430E-02,0.02510068783252179
 3.2444E-02,0.025502391450781894
 3.2458E-02,0.025325209943930695
 3.2472E-02,0.024579113889110566
 3.2486E-02,0.023294491456576916
 3.2501E-02,0.021521403526451533
 3.2515E-02,0.019329004844627243
 3.2529E-02,0.016804722603836614
 3.2543E-02,0.014052637447261675
 3.2557E-02,0.01119055028361167
 3.2571E-02,0.008345437484128745
 3.2586E-02,0.005647342119784245
 3.2600E-02,0.0032221294794502354
 3.2614E-02,0.0011838501573230818
 3.2628E-02,-0.0003723807409799888
 3.2642E-02,-0.0013761093797493578
 3.2657E-02,-0.0017852142336375514
 3.2671E-02,-0.00158721758574767
 3.2685E-02,-0.0007983360543834447
 3.2699E-02,0.0005392771913023381
 3.2713E-02,0.002361423822274257
 3.2727E-02,0.004586167322818364
 3.2742E-02,0.007117971989544078
 3.2756E-02,0.009851355047963712
 3.2770E-02,0.012674046714875311
 3.2784E-02,0.015469923332780446
 3.2798E-02,0.018122126745695043
 3.2813E-02,0.020516765313113448
 3.2827E-02,0.022547412147741697
 3.2841E-02,0.02412032464319911
 3.2855E-02,0.025159989400420073
 3.2869E-02,0.025614341596687483
 3.2883E-02,0.0254588951054268
 3.2898E-02,0.024699088976076086
 3.2912E-02,0.023370397680314067
 3.2926E-02,0.02153611021555875
 3.2940E-02,0.01928306845591987
 3.2954E-02,0.01671597241063607
 3.2969E-02,0.013951032541042045
 3.2983E-02,0.01110973990400007
 3.2997E-02,0.00831334566184861
 3.3011E-02,0.00567834931405186
 3.3025E-02,0.0033129750998798424
 3.3039E-02,0.0013143580779335531
 3.3054E-02,-0.00023396504748147712
 3.3068E-02,-0.0012646293997033153
 3.3082E-02,-0.001729266215667007
 3.3096E-02,-0.0016014924956191143
 3.3110E-02,-0.0008797018980808737
 3.3124E-02,0.0004109071144465287
 3.3139E-02,0.0022176859555357517
 3.3153E-02,0.004461779009214534
 3.3167E-02,0.007041494707354488
 3.3181E-02,0.00983768697720983
 3.3195E-02,0.012720667396781338
 3.3210E-02,0.015557891262171029
 3.3224E-02,0.01822153811719073
 3.3238E-02,0.020595169704750754
 3.3252E-02,0.022578878709282945
 3.3266E-02,0.024092679419242504
 3.3280E-02,0.02507824833099019
 3.3295E-02,0.025499406771144054
 3.3309E-02,0.025341878214674107
 3.3323E-02,0.024612820187789406
 3.3337E-02,0.02334044328597532
 3.3351E-02,0.021573749932814745
 3.3366E-02,0.019382140680779193
 3.3380E-02,0.01685443463267802
 3.3394E-02,0.014096797518250711
 3.3408E-02,0.011229188708316303
 3.3422E-02,0.008380201433054575
 3.3436E-02,0.00568051218345854
 3.3451E-02,0.003255486695857249
 3.3465E-02,0.0012177238695034792
 3.3479E-02,-0.0003396064643921418
 3.3493E-02,-0.001347881314161666
 3.3507E-02,-0.001766106753783356
 3.3522E-02,-0.0015818229505899985
 3.3536E-02,-0.0008100441795295112
 3.3550E-02,0.0005092799442625889
 3.3564E-02,0.0023146627101262164
 3.3578E-02,0.004526749428175483
 3.3592E-02,0.007051842487254375
 3.3607E-02,0.009785125920431183
 3.3621E-02,0.012613696880753604
 3.3635E-02,0.015419701478285487
 3.3649E-02,0.018083931512160614
 3.3663E-02,0.020490147263031798
 3.3677E-02,0.02253017346802988
 3.3692E-02,0.024109531668842433
 3.3706E-02,0.0251531035681027
 3.3720E-02,0.02561014617239662
 3.3734E-02,0.0254579555344325
 3.3748E-02,0.024703617150557185
 3.3763E-02,0.023383558195050898
 3.3777E-02,0.02156096350887495
 3.3791E-02,0.01932144849462957
 3.3805E-02,0.01676761722601917
 3.3819E-02,0.01401321912635695
 3.3833E-02,0.011177539410357106
 3.3848E-02,0.008380447794331005
 3.3862E-02,0.005738251901862531
 3.3876E-02,0.003360237320473974
 3.3890E-02,0.001345599693131372
 3.3904E-02,-0.00021956711243314303
 3.3919E-02,-0.0012654609708392384
 3.3933E-02,-0.0017419621902266908
 3.3947E-02,-0.0016219907031426253
 3.3961E-02,-0.0009043718054611061
 3.3975E-02,0.0003843676999945915
 3.3989E-02,0.0021898242880290775
 3.4004E-02,0.004431536414946363
 3.4018E-02,0.0070068763545795415
 3.4032E-02,0.009796752909453785
 3.4046E-02,0.012672555610703552
 3.4060E-02,0.015503573217628444
 3.4075E-02,0.018164078972728752
 3.4089E-02,0.02053940037478352
 3.4103E-02,0.02253054790649971
 3.4117E-02,0.024057297217591568
 3.4131E-02,0.025059919193622045
 3.4145E-02,0.02549995568203008
 3.4160E-02,0.025360496887140156
 3.4174E-02,0.0246463222462365
 3.4188E-02,0.02338405559633636
 3.4202E-02,0.021622226050751033
 3.4216E-02,0.01943090006509437
 3.4231E-02,0.016900429887512988
 3.4245E-02,0.014138891241193515
 3.4259E-02,0.011267959215579028
 3.4273E-02,0.00841725461969671
 3.4287E-02,0.005717511784289753
 3.4301E-02,0.003293190669298546
 3.4316E-02,0.001255310542155082
 3.4330E-02,-0.00030472068166163845
 3.4344E-02,-0.0013196675864438063
 3.4358E-02,-0.0017490820832601179
 3.4372E-02,-0.001579960241527295
 3.4387E-02,-0.0008257239870318075
 3.4401E-02,0.0004759936400939173
 3.4415E-02,0.0022662239931497043
 3.4429E-02,0.0044677476889456325
 3.4443E-02,0.006988127811489283
 3.4457E-02,0.009722664259493757
 3.4472E-02,0.012557446479525043
 3.4486E-02,0.01537279369862456
 3.4500E-02,0.01804735499319867
 3.4514E-02,0.020462997155901816
 3.4528E-02,0.02251037454210833
 3.4542E-02,0.02409481701543864
 3.4557E-02,0.025141964030561563
 3.4571E-02,0.02560247760580302
 3.4585E-02,0.02545521809767732
 3.4599E-02,0.024708458955549864
 3.4613E-02,0.02339900664813878
 3.4628E-02,0.02158940996156983
 3.4642E-02,0.01936371179565547
 3.4656E-02,0.016822353143583803
 3.4670E-02,0.014076850769504108
 3.4684E-02,0.01124474412254339
 3.4698E-02,0.0084450867879047
 3.4713E-02,0.005794510695842572
 3.4727E-02,0.003403689607931901
 3.4741E-02,0.0013739290834464198
 3.4755E-02,-0.00020636046812971538
 3.4769E-02,-0.0012654040612589763
 3.4784E-02,-0.0017518927045455423
 3.4798E-02,-0.0016385557693407067
 3.4812E-02,-0.0009249646698569314
 3.4826E-02,0.0003609875030011156
 3.4840E-02,0.002163390332390033
 3.4854E-02,0.004400642475275829
 3.4869E-02,0.006969737531309372
 3.4883E-02,0.009752136898787137
 3.4897E-02,0.012620611485924102
 3.4911E-02,0.015446311154048643
 3.4925E-02,0.018105348304948227
 3.4940E-02,0.020484349808940382
 3.4954E-02,0.02248469351732067
 3.4968E-02,0.024025432316284373
 3.4982E-02,0.025045145526924557
 3.4996E-02,0.02550308518977342
 3.5010E-02,0.025379975586898813
 3.5025E-02,0.02467868939613652
 3.5039E-02,0.02342480991953397
 3.5053E-02,0.02166686500931601
 3.5067E-02,0.01947585657445374
 3.5081E-02,0.01694366435849399
 3.5096E-02,0.01417999568180835
 3.5110E-02,0.01130776675978284
 3.5124E-02,0.00845708461474537
 3.5138E-02,0.00575828012150763
 3.5152E-02,0.003334650566660637
 3.5166E-02,0.001295651360532813
 3.5181E-02,-0.00026878896415642294
 3.5195E-02,-0.0012923513308148121
 3.5209E-02,-0.0017346022348937802
 3.5223E-02,-0.0015815466612802234
 3.5237E-02,-0.000844772276645556
 3.5251E-02,0.0004403765109013437
 3.5266E-02,0.0022171599040789807
 3.5280E-02,0.004410022739260739
 3.5294E-02,0.006927264374875403
 3.5308E-02,0.009663865563360739
 3.5322E-02,0.012504680650755995
 3.5337E-02,0.015328243832877201
 3.5351E-02,0.018011360939028095
 3.5365E-02,0.02043448074299368
 3.5379E-02,0.02248760932495756
 3.5393E-02,0.024076311802616636
 3.5407E-02,0.025127201518305237
 3.5422E-02,0.025592292872200318
 3.5436E-02,0.025451704485005965
 3.5450E-02,0.02471442259039216
 3.5464E-02,0.023417118630046918
 3.5478E-02,0.021621291898192733
 3.5493E-02,0.01940921211263752
 3.5507E-02,0.016879222634711775
 3.5521E-02,0.01414091980157427
 3.5535E-02,0.011310569935549292
 3.5549E-02,0.008506914004815638
 3.5563E-02,0.005847305391717038
 3.5578E-02,0.0034439891471247843
 3.5592E-02,0.001400300779600864
 3.5606E-02,-0.00019335328538158713
 3.5620E-02,-0.0012636986670525787
 3.5634E-02,-0.0017587347989507852
 3.5649E-02,-0.0016513877238912937
 3.5663E-02,-0.000942147335490502
 3.5677E-02,0.00033981542622252595
 3.5691E-02,0.0021374077671950276
 3.5705E-02,0.00436836065567891
 3.5719E-02,0.00692978057970712
 3.5734E-02,0.00970405950278827
 3.5748E-02,0.012565512190719235
 3.5762E-02,0.015387053437148421
 3.5776E-02,0.018046307189314985
 3.5790E-02,0.02043073070275542
 3.5805E-02,0.022441587159985336
 3.5819E-02,0.023996843139728705
 3.5833E-02,0.02503324024459678
 3.5847E-02,0.025507851287432347
 3.5861E-02,0.025399371143018677
 3.5875E-02,0.02470923584221058
 3.5890E-02,0.023462463370189937
 3.5904E-02,0.021707931172938698
 3.5918E-02,0.01951770796376805
 3.5932E-02,0.01698507779276789
 3.5946E-02,0.01422103616839743
 3.5960E-02,0.011349270775794371
 3.5975E-02,0.008499906695467904
 3.5989E-02,0.0058025313307091386
 3.6003E-02,0.0033791586120580346
 3.6017E-02,0.0013378100107786198
 3.6031E-02,-0.00023272154953039815
 3.6046E-02,-0.001266570111565473
 3.6060E-02,-0.0017228603128377183
 3.6074E-02,-0.0015862801434792387
 3.6088E-02,-0.0008664754776613515
 3.6102E-02,0.00040335873646350686
 3.6116E-02,0.0021683643161905155
 3.6131E-02,0.0043541899783608035
 3.6145E-02,0.006869423332640952
 3.6159E-02,0.009608412110029507
 3.6173E-02,0.01245468104072146
 3.6187E-02,0.015285129651458167
 3.6202E-02,0.017975074727667094
 3.6216E-02,0.020404008701714008
 3.6230E-02,0.022461733102902982
 3.6244E-02,0.024054353760351116
 3.6258E-02,0.02510954265528216
 3.6272E-02,0.02558050844467715
 3.6287E-02,0.025448271009534344
 3.6301E-02,0.024722071452703113
 3.6315E-02,0.023438012385383712
 3.6329E-02,0.021656251786533565
 3.6343E-02,0.019457214959693936
 3.6358E-02,0.016937315125456726
 3.6372E-02,0.014204587453459396
 3.6386E-02,0.011374477272130432
 3.6400E-02,0.008565834296270839
 3.6414E-02,0.005897009300696935
 3.6428E-02,0.0034818745478803572
 3.6443E-02,0.0014256168679315276
 3.6457E-02,-0.00017972533848810207
 3.6471E-02,-0.0012598285851618278
 3.6485E-02,-0.0017624151572699412
 3.6499E-02,-0.001660874393081175
 3.6514E-02,-0.0009566619200292016
 3.6528E-02,0.00031995761295802554
 3.6542E-02,0.0021110740175269253
 3.6556E-02,0.004334197124448757
 3.6570E-02,0.006886953404431996
 3.6584E-02,0.009652923048093598
 3.6599E-02,0.012508003755601177
 3.6613E-02,0.015326686103090417
 3.6627E-02,0.017987740601565643
 3.6641E-02,0.02037901416683168
 3.6655E-02,0.022401259305757516
 3.6669E-02,0.023971112978380206
 3.6684E-02,0.02502345452947356
 3.6698E-02,0.025513378014930164
 3.6712E-02,0.025417919223047248
 3.6726E-02,0.02473751636622921
 3.6740E-02,0.02349700971578261
 3.6755E-02,0.021745857287799306
 3.6769E-02,0.019557206562274464
 3.6783E-02,0.017025536282140635
 3.6797E-02,0.014262756624158938
 3.6811E-02,0.011392891210289618
 3.6825E-02,0.008545703805409116
 3.6840E-02,0.005849817400552901
 3.6854E-02,0.0034259588057294595
 3.6868E-02,0.0013809285420316236
 3.6882E-02,-0.0001972454357650913
 3.6896E-02,-0.0012427234365093704
 3.6911E-02,-0.0017138212797987702
 3.6925E-02,-0.001593702201598701
 3.6939E-02,-0.0008900774607502411
 3.6953E-02,0.00036578807344774065
 3.6967E-02,0.0021205465081567103
 3.6981E-02,0.004300628483002987
 3.6996E-02,0.006814552094525377
 3.7010E-02,0.009555835682598886
 3.7024E-02,0.012406692635307134
 3.7038E-02,0.015242615633378032
 3.7052E-02,0.01793780780208375
 3.7067E-02,0.020371226196753956
 3.7081E-02,0.022432820145081956
 3.7095E-02,0.024029424603730285
 3.7109E-02,0.0250897441649331
 3.7123E-02,0.025567949241197506
 3.7137E-02,0.025445586130285344
 3.7152E-02,0.024731736245950545
 3.7166E-02,0.023461592085369937
 3.7180E-02,0.021693794793721095
 3.7194E-02,0.0195069623745369
 3.7208E-02,0.01699581635790377
 3.7222E-02,0.014267204460490329
 3.7237E-02,0.011436157438079096
 3.7251E-02,0.008621961935812711
 3.7265E-02,0.0059441269304258285
 3.7279E-02,0.0035181020759277224
 3.7293E-02,0.0014506791739954017
 3.7308E-02,-0.0001648469602372419
 3.7322E-02,-0.0012535064738813022
 3.7336E-02,-0.0017630654475505117
 3.7350E-02,-0.0016675292356152218
 3.7364E-02,-0.0009692630600731598
 3.7378E-02,0.0003006237779763025
 3.7393E-02,0.0020837776604719135
 3.7407E-02,0.004297884617755916
 3.7421E-02,0.006841404296398446
 3.7435E-02,0.009599249778690146
 3.7449E-02,0.012448839399391723
 3.7464E-02,0.01526598811195043
 3.7478E-02,0.017930241692600195
 3.7492E-02,0.020329447188219427
 3.7506E-02,0.02236354505529076
 3.7520E-02,0.023947711526135028
 3.7534E-02,0.025015038336090107
 3.7549E-02,0.02551890047282885
 3.7563E-02,0.025435048220352512
 3.7577E-02,0.024763307415283767
 3.7591E-02,0.023528632928367363
 3.7605E-02,0.021781183229297875
 3.7620E-02,0.019595099926813346
 3.7634E-02,0.017065790949930253
 3.7648E-02,0.014305707451398395
 3.7662E-02,0.011438828791061846
 3.7676E-02,0.008594273589741883
 3.7690E-02,0.005899589112661415
 3.7705E-02,0.003474305185983006
 3.7719E-02,0.0014242671591949492
 3.7733E-02,-0.00016289378046637003
 3.7747E-02,-0.0012209941168044851
 3.7761E-02,-0.0017072693719498945
 3.7776E-02,-0.0016032584519113655
 3.7790E-02,-0.000914836714694891
 3.7804E-02,0.00032839151387046434
 3.7818E-02,0.002074221984573709
 3.7832E-02,0.004249503370828639
 3.7846E-02,0.006762422045920464
 3.7861E-02,0.009505577602727862
 3.7875E-02,0.012359979762310229
 3.7889E-02,0.01519998974348935
 3.7903E-02,0.017899065302086584
 3.7917E-02,0.020335989400003626
 3.7931E-02,0.02240111560962751
 3.7946E-02,0.024002090496002222
 3.7960E-02,0.02506853812827206
 3.7974E-02,0.02555531355371879
 3.7988E-02,0.025444124521908636
 3.8002E-02,0.024743539695548128
 3.8017E-02,0.023487596353073407
 3.8031E-02,0.0217333478341181
 3.8045E-02,0.019557726393154656
 3.8059E-02,0.017054041773595263
 3.8073E-02,0.01432831535252906
 3.8087E-02,0.011495506754638259
 3.8102E-02,0.008675571722799225
 3.8116E-02,0.005989235411988687
 3.8130E-02,0.0035533933297453328
 3.8144E-02,0.0014761573578675191
 3.8158E-02,-0.000148281952354605
 3.8173E-02,-0.0012446470882708754
 3.8187E-02,-0.001760973248962318
 3.8201E-02,-0.0016719333468252046
 3.8215E-02,-0.0009806667477945446
 3.8229E-02,0.00028115769223111074
 3.8243E-02,0.00205510004023708
 3.8258E-02,0.004259354851783505
 3.8272E-02,0.006793432732935933
 3.8286E-02,0.009543624476272532
 3.8300E-02,0.012388729578479434
 3.8314E-02,0.015205602364828628
 3.8329E-02,0.017874211569611602
 3.8343E-02,0.020282081126745045
 3.8357E-02,0.022328133494406044
 3.8371E-02,0.02392605159535136
 3.8385E-02,0.025007289011480447
 3.8399E-02,0.02552379215237933
 3.8414E-02,0.02545037793632853
 3.8428E-02,0.024786577599110897
 3.8442E-02,0.023557657624912166
 3.8456E-02,0.02181449993767503
 3.8470E-02,0.019632083541324757
 3.8485E-02,0.01710645224018963
 3.8499E-02,0.014350248317483055
 3.8513E-02,0.011487095447090532
 3.8527E-02,0.00864527808662591
 3.8541E-02,0.005951251444978074
 3.8555E-02,0.003523507890176131
 3.8570E-02,0.001467228480983363
 3.8584E-02,-0.000130009945450382
 3.8598E-02,-0.0012013794156956567
 3.8612E-02,-0.0017028578097444194
 3.8626E-02,-0.0016143533433794798
 3.8641E-02,-0.0009400712404300481
 3.8655E-02,0.00029175236173586256
 3.8669E-02,0.0020297176567720325
 3.8683E-02,0.0042007975743719225
 3.8697E-02,0.0067126781942009875
 3.8711E-02,0.009457042708347007
 3.8726E-02,0.01231386972979773
 3.8740E-02,0.015156684917836253
 3.8754E-02,0.017858539640150852
 3.8768E-02,0.020298333004147347
 3.8782E-02,0.022366985921337408
 3.8796E-02,0.02397294884553656
 3.8811E-02,0.02504658968174385
 3.8825E-02,0.025543153111609856
 3.8839E-02,0.02544417484217875
 3.8853E-02,0.024757429802997652
 3.8867E-02,0.02351564786414086
 3.8882E-02,0.02177431196843558
 3.8896E-02,0.019608849992911768
 3.8910E-02,0.017111454916883127
 3.8924E-02,0.014387649402134384
 3.8938E-02,0.011552592612996975
 3.8952E-02,0.008727049453853485
 3.8967E-02,0.006032932891455579
 3.8981E-02,0.003588395565836832
 3.8995E-02,0.0015025718938139311
 3.9009E-02,-0.00012977741704816095
 3.9023E-02,-0.0012333327779530685
 3.9038E-02,-0.0017565326564197817
 3.9052E-02,-0.0016746846115637962
 3.9066E-02,-0.0009915118170492876
 3.9080E-02,0.00026105297124286815
 3.9094E-02,0.0020248041363464912
 3.9108E-02,0.00421870359143241
 3.9123E-02,0.006743440213846918
 3.9137E-02,0.009486644460878612
 3.9151E-02,0.012328304731494067
 3.9165E-02,0.015146021265122118
 3.9179E-02,0.017819871513370077
 3.9194E-02,0.020236807170496536
 3.9208E-02,0.02229461666522808
 3.9222E-02,0.02390553824064567
 3.9236E-02,0.02499958721457627
 3.9250E-02,0.025527577932432665
 3.9264E-02,0.025463706206199425
 3.9279E-02,0.02480745168101218
 3.9293E-02,0.023584500301357374
 3.9307E-02,0.02184640120449918
 3.9321E-02,0.019668766262957185
 3.9335E-02,0.017147978365638566
 3.9350E-02,0.014396562659177721
 3.9364E-02,0.011537550834431353
 3.9378E-02,0.008698292277367499
 3.9392E-02,0.00600421092603518
 3.9406E-02,0.00357296647051447
 3.9420E-02,0.0015093678326672032
 3.9435E-02,-9.876293437049576e-05
 3.9449E-02,-0.0011837279379445632
 3.9463E-02,-0.0017001570612642843
 3.9477E-02,-0.0016263966706107373
 3.9491E-02,-0.0009651907112748259
 3.9505E-02,0.00025630109150861634
 3.9520E-02,0.0019871881138933756
 3.9534E-02,0.00415434901820616
 3.9548E-02,0.0066648870900540055
 3.9562E-02,0.00940964497659057
 3.9576E-02,0.012267783776133006
 3.9591E-02,0.015112286991801427
 3.9605E-02,0.01781609334055331
 3.9619E-02,0.020258432730798977
 3.9633E-02,0.02233087121810234
 3.9647E-02,0.02394258366169115
 3.9661E-02,0.025024467417783733
 3.9676E-02,0.025531866526326278
 3.9690E-02,0.025445857922077236
 3.9704E-02,0.024773217745039378
 3.9718E-02,0.023545300576971618
 3.9732E-02,0.021816106088597163
 3.9747E-02,0.019659775368609453
 3.9761E-02,0.01716767267198056
 3.9775E-02,0.014445101481390093
 3.9789E-02,0.011607615236399827
 3.9803E-02,0.008776845039837017
 3.9817E-02,0.006075795757241879
 3.9832E-02,0.0036236546267637455
 3.9846E-02,0.0015302899847133636
 3.9860E-02,-0.00010924383251189836
 3.9874E-02,-0.0012197750424826174
 3.9888E-02,-0.0017501978051062536
 3.9903E-02,-0.001676355824979978
 3.9917E-02,-0.0010023339961079778
 3.9931E-02,0.00023995611358410321
 3.9945E-02,0.001992813951949714
 3.9959E-02,0.0041761520633718015
 3.9973E-02,0.006691884231661603
 3.9988E-02,0.009428878636075184
 4.0002E-02,0.012268090497622192
 4.0016E-02,0.015087584778374494
 4.0030E-02,0.01776728431916815
 4.0044E-02,0.020193395068132173
 4.0059E-02,0.022262535091913848
 4.0073E-02,0.023885608668933203
 4.0087E-02,0.02499142037145339
 4.0101E-02,0.025529934754575552
 4.0115E-02,0.025474986688303124
 4.0129E-02,0.0248261716023684
 4.0144E-02,0.023609624252243378
 4.0158E-02,0.021877444768626148
 4.0172E-02,0.019705648150080163
 4.0186E-02,0.017190675834557294
 4.0200E-02,0.014444680683578407
 4.0214E-02,0.011589941482578008
 4.0229E-02,0.008752848691169698
 4.0243E-02,0.006057913572394113
 4.0257E-02,0.003622190895117579
 4.0271E-02,0.001550391675567113
 4.0285E-02,-6.917102742205121e-05
 4.0300E-02,-0.0011677788408850736
 4.0314E-02,-0.0016986989429595616
 4.0328E-02,-0.00163884059116782
 4.0342E-02,-0.0009897163972893705
 4.0356E-02,0.00022231785599999753
 4.0370E-02,0.0019466398001335816
 4.0385E-02,0.004109889828008537
 4.0399E-02,0.006618580375631244
 4.0413E-02,0.009362843576870141
 4.0427E-02,0.01222125586767122
 4.0441E-02,0.015066531200699944
 4.0456E-02,0.017771734275593982
 4.0470E-02,0.0202165661112014
 4.0484E-02,0.02229324239255421
 4.0498E-02,0.023911530554261075
 4.0512E-02,0.02500262583332123
 4.0526E-02,0.025521703899022235
 4.0541E-02,0.025449152196286916
 4.0555E-02,0.024790617130593086
 4.0569E-02,0.023576082084970515
 4.0583E-02,0.021858200833601307
 4.0597E-02,0.019710060218816012
 4.0612E-02,0.01722245955471504
 4.0626E-02,0.014500705988075074
 4.0640E-02,0.011660868396078869
 4.0654E-02,0.008825430725928765
 4.0668E-02,0.006118345713726079
 4.0682E-02,0.003659599769898717
 4.0697E-02,0.0015595321954770557
 4.0711E-02,-8.672849505566085e-05
 4.0725E-02,-0.0012042753242995999
 4.0739E-02,-0.0017424416906512703
 4.0753E-02,-0.0016774627109815404
 4.0768E-02,-0.0010135517611335393
 4.0782E-02,0.0002176590416369396
 4.0796E-02,0.0019591875499719406
 4.0810E-02,0.004132007872286236
 4.0824E-02,0.006639237716679906
 4.0838E-02,0.009370836475324428
 4.0853E-02,0.012208494629715703
 4.0867E-02,0.01503048876041091
 4.0881E-02,0.017716381698449163
 4.0895E-02,0.020151532087277834
 4.0909E-02,0.022231417663953423
 4.0923E-02,0.023865762202047218
 4.0938E-02,0.024982394608691675
 4.0952E-02,0.02553068235193724
 4.0966E-02,0.025484300992939916
 4.0980E-02,0.024843057666249637
 4.0994E-02,0.02363350041180013
 4.1009E-02,0.021908123469407174
 4.1023E-02,0.019743109735448603
 4.1037E-02,0.01723470969388405
 4.1051E-02,0.014494507720642417
 4.1065E-02,0.011643939487858952
 4.1079E-02,0.008808475894388334
 4.1094E-02,0.006111872726682618
 4.1108E-02,0.003670811219784021
 4.1122E-02,0.0015901465545764128
 4.1136E-02,-4.1130486132520206e-05
 4.1150E-02,-0.0011532003451612052
 4.1165E-02,-0.0016980144611160272
 4.1179E-02,-0.0016512065430185842
 4.1193E-02,-0.0010132899033398687
 4.1207E-02,0.000189944227762329
 4.1221E-02,0.0019079599743574169
 4.1235E-02,0.004067084588798284
 4.1250E-02,0.006573291926549927
 4.1264E-02,0.00931616882044531
 4.1278E-02,0.012173940452218833
 4.1292E-02,0.015019289697908465
 4.1306E-02,0.017725586412855772
 4.1321E-02,0.02017307447293217
 4.1335E-02,0.022254564682542624
 4.1349E-02,0.02388025181953114
 4.1363E-02,0.024981398641268898
 4.1377E-02,0.025512780105557478
 4.1391E-02,0.025453923270728793
 4.1406E-02,0.024809281745496948
 4.1420E-02,0.023607529241161496
 4.1434E-02,0.021900142414073585
 4.1448E-02,0.019759383337051815
 4.1462E-02,0.01727571361847265
 4.1476E-02,0.014554606969316292
 4.1491E-02,0.01171270192692551
 4.1505E-02,0.008873266207132548
 4.1519E-02,0.006161026957770915
 4.1533E-02,0.0036965390554867263
 4.1547E-02,0.0015903872386868506
 4.1562E-02,-6.238541425984375e-05
 4.1576E-02,-0.0011871878000837457
 4.1590E-02,-0.0017337219661081964
 4.1604E-02,-0.0016784419816562792
 4.1618E-02,-0.0010254625571430726
 4.1632E-02,0.00019408376419303313
 4.1647E-02,0.0019240868305353115
 4.1661E-02,0.004086628146649017
 4.1675E-02,0.006585955575393408
 4.1689E-02,0.009312947022536842
 4.1703E-02,0.012149804112028421
 4.1718E-02,0.014974800907849436
 4.1732E-02,0.017666994658887783
 4.1746E-02,0.02011085951457243
 4.1760E-02,0.02220081431135933
 4.1774E-02,0.023845580256235496
 4.1788E-02,0.024972236649361115
 4.1803E-02,0.025529766610860184
 4.1817E-02,0.025491828101589894
 4.1831E-02,0.02485847238133387
 4.1845E-02,0.02365657547512474
 4.1859E-02,0.02193884629690453
 4.1874E-02,0.01978141110873094
 4.1888E-02,0.017280120826545287
 4.1902E-02,0.014545854968316441
 4.1916E-02,0.011699178306637126
 4.1930E-02,0.008864729595619465
 4.1944E-02,0.006165687049715258
 4.1959E-02,0.003718577633128267
 4.1973E-02,0.0016286012489600214
 4.1987E-02,-1.4446391987484996e-05
 4.2001E-02,-0.001139625154835543
 4.2015E-02,-0.0016976641948227723
 4.2030E-02,-0.0016631023724767483
 4.2044E-02,-0.0010356724470972987
 4.2058E-02,0.00015920151049238847
 4.2072E-02,0.001870947582311785
 4.2086E-02,0.004025565360842204
 4.2100E-02,0.006528587499574405
 4.2115E-02,0.009269238416525345
 4.2129E-02,0.012125610961978358
 4.2143E-02,0.014970552778814985
 4.2157E-02,0.01767785892728497
 4.2171E-02,0.02012832838217249
 4.2186E-02,0.022215268855661847
 4.2200E-02,0.023849121186320703
 4.2214E-02,0.02496100118225632
 4.2228E-02,0.0255050941583332
 4.2242E-02,0.025459954910490863
 4.2256E-02,0.024828839699525474
 4.2271E-02,0.023639216169069967
 4.2285E-02,0.021941566894411475
 4.2299E-02,0.019807541332953885
 4.2313E-02,0.017327446569191416
 4.2327E-02,0.014607027092941652
 4.2341E-02,0.011763488023013496
 4.2356E-02,0.008920771408565328
 4.2370E-02,0.0062041928079168
 4.2384E-02,0.003734663401787428
 4.2398E-02,0.0016228322916421747
 4.2412E-02,-3.6444303832226365e-05
 4.2427E-02,-0.0011688861267079385
 4.2441E-02,-0.0017244544669194903
 4.2455E-02,-0.0016796387944360547
 4.2469E-02,-0.0010382475386476815
 4.2483E-02,0.0001692616982992179
 4.2497E-02,0.0018877465782704808
 4.2512E-02,0.004040386741791555
 4.2526E-02,0.006532448951735728
 4.2540E-02,0.00925554716871738
 4.2554E-02,0.01209219058156978
 4.2568E-02,0.014920481786545056
 4.2583E-02,0.01761888436723154
 4.2597E-02,0.02007100492693921
 4.2611E-02,0.02217032090384909
 4.2625E-02,0.02382473712323801
 4.2639E-02,0.02496078759300197
 4.2653E-02,0.025527238101845966
 4.2668E-02,0.025497813543667175
 4.2682E-02,0.02487278870355385
 4.2696E-02,0.02367924784735296
 4.2710E-02,0.02196992856281708
 4.2724E-02,0.019820698931290397
 4.2739E-02,0.017326847843001016
 4.2753E-02,0.01459847025900064
 4.2767E-02,0.011755284007743196
 4.2781E-02,0.008921215896470346
 4.2795E-02,0.006219049487603904
 4.2809E-02,0.003765352758643921
 4.2824E-02,0.0016658245579360964
 4.2838E-02,1.1136699759468384e-05
 4.2852E-02,-0.001126681207817197
 4.2866E-02,-0.0016972608053393151
 4.2880E-02,-0.001674230530123167
 4.2895E-02,-0.0010567365718051555
 4.2909E-02,0.00013001320222484234
 4.2923E-02,0.0018353437526170972
 4.2937E-02,0.003984961907572884
 4.2951E-02,0.006484086492145576
 4.2965E-02,0.009221764888793185
 4.2980E-02,0.012076150925487401
 4.2994E-02,0.014920406160808568
 4.3000E-02,0.016139782461016414
