  0.000,0.0
  1.000,0.01456641940121728
  0.000,0.01456641940121728
 1.4180E-05,0.015056219662297816
 2.8360E-05,0.01668957812053469
 4.2540E-05,0.018973515736108303
 5.6720E-05,0.022213005486462014
 7.0900E-05,0.026475159672950548
 8.5080E-05,0.030847242102782897
 9.9260E-05,0.03418286931275248
 1.1344E-04,0.03586247772148539
 1.2762E-04,0.03573155699702578
 1.4180E-04,0.03360426450938876
 1.5598E-04,0.029383305806003394
 1.7016E-04,0.023846606405926882
 1.8434E-04,0.018278088185285295
 1.9852E-04,0.013385503327151403
 2.1270E-04,0.009403037258745677
 2.2688E-04,0.006725502125175514
 2.4106E-04,0.005606312450945411
 2.5524E-04,0.005485141867803515
 2.6942E-04,0.005378343460760011
 2.8360E-04,0.004835936832772913
 2.9778E-04,0.003851154626569579
 3.1196E-04,0.0022394419332125437
 3.2614E-04,-6.3592274390064825e-06
 3.4032E-04,-0.0021466211339492424
 3.5450E-04,-0.003184531656352591
 3.6868E-04,-0.0026359447228659324
 3.8286E-04,-0.00042258296367072646
 3.9704E-04,0.003550568704203095
 4.1122E-04,0.009101319785391663
 4.2540E-04,0.015376018956251576
 4.3958E-04,0.02127112264045744
 4.5376E-04,0.026049041664122797
 4.6794E-04,0.029355290325551224
 4.8212E-04,0.030938999784693406
 4.9630E-04,0.03077130712878097
 5.1048E-04,0.029415014878068517
 5.2466E-04,0.027777280962264072
 5.3884E-04,0.026419227702014384
 5.5302E-04,0.02550183842834641
 5.6720E-04,0.025173752598274847
 5.8138E-04,0.025397079369265853
 5.9556E-04,0.025567443748340926
 6.0974E-04,0.024865319008144898
 6.2392E-04,0.02287558595518021
 6.3810E-04,0.019549819471999207
 6.5228E-04,0.01492681168698875
 6.6646E-04,0.009334626361487247
 6.8064E-04,0.003605551704362133
 6.9482E-04,-0.0012686885565587839
 7.0900E-04,-0.0046136795510375445
 7.2318E-04,-0.006120535357385118
 7.3736E-04,-0.005672458959127056
 7.5154E-04,-0.003441376517841934
 7.6572E-04,-7.592801547734625e-05
 7.7990E-04,0.003547766550637359
 7.9408E-04,0.0068017101328492445
 8.0826E-04,0.009392158964134593
 8.2244E-04,0.011175360205744772
 8.3662E-04,0.012238543508952471
 8.5080E-04,0.013086283303121012
 8.6498E-04,0.01439722011257268
 8.7916E-04,0.01656905473418205
 8.9334E-04,0.019655641893354586
 9.0752E-04,0.023543506412574158
 9.2170E-04,0.02787017997090635
 9.3588E-04,0.03188957957781468
 9.5006E-04,0.03473770857775852
 9.6424E-04,0.03584839328434671
 9.7842E-04,0.035018528379344695
 9.9260E-04,0.03228240460694079
 1.0068E-03,0.027987673849218214
 1.0210E-03,0.02287584265956042
 1.0351E-03,0.017827060558656398
 1.0493E-03,0.013497664284103001
 1.0635E-03,0.010231893206263732
 1.0777E-03,0.00814396260033537
 1.0919E-03,0.007075823178161729
 1.1060E-03,0.006536000464389121
 1.1202E-03,0.00590726884287323
 1.1344E-03,0.004785525434338149
 1.1486E-03,0.0030769224670872905
 1.1628E-03,0.0009016124426312997
 1.1769E-03,-0.00138624673755621
 1.1911E-03,-0.0031490159824152522
 1.2053E-03,-0.0036828592424137997
 1.2195E-03,-0.002548920163259572
 1.2337E-03,0.0003426963844593645
 1.2478E-03,0.004812547528785402
 1.2620E-03,0.01038652912531208
 1.2762E-03,0.01628331173843507
 1.2904E-03,0.02163925380977135
 1.3046E-03,0.025810807561087556
 1.3187E-03,0.02847523661623737
 1.3329E-03,0.029588938621389577
 1.3471E-03,0.029402127599938724
 1.3613E-03,0.028455795449309956
 1.3755E-03,0.02738351755977023
 1.3896E-03,0.026634507139861197
 1.4038E-03,0.026371010346360753
 1.4180E-03,0.026513434199398635
 1.4322E-03,0.026744816499332746
 1.4464E-03,0.026525347054001898
 1.4605E-03,0.02528559928021706
 1.4747E-03,0.022691007928380892
 1.4889E-03,0.0187362430673262
 1.5031E-03,0.01369823349750341
 1.5173E-03,0.008119773675299678
 1.5314E-03,0.0027709027759859938
 1.5456E-03,-0.0015537459153595777
 1.5598E-03,-0.0042914865636937425
 1.5740E-03,-0.005211469702304136
 1.5882E-03,-0.004388078559384565
 1.6023E-03,-0.002189355987565371
 1.6165E-03,0.0007687517178558765
 1.6307E-03,0.003812406648824028
 1.6449E-03,0.006443882231030887
 1.6591E-03,0.008442373932223461
 1.6732E-03,0.009847755681564544
 1.6874E-03,0.010940451973389508
 1.7016E-03,0.012187472887618914
 1.7158E-03,0.014066883720829388
 1.7300E-03,0.01685170562038722
 1.7441E-03,0.02051548858669615
 1.7583E-03,0.024757933043804373
 1.7725E-03,0.02904368385828878
 1.7867E-03,0.032672861576534123
 1.8009E-03,0.03496510075179175
 1.8150E-03,0.035478646074440574
 1.8292E-03,0.034108529863755586
 1.8434E-03,0.031068328010442986
 1.8576E-03,0.026852039118817162
 1.8718E-03,0.02215450767132847
 1.8859E-03,0.017687233665670998
 1.9001E-03,0.013970893801324488
 1.9143E-03,0.011238197100217525
 1.9285E-03,0.009442084903618995
 1.9427E-03,0.008292220121964823
 1.9568E-03,0.007334498003479106
 1.9710E-03,0.006118845231640975
 1.9852E-03,0.0043849556255211595
 1.9994E-03,0.002148614581037794
 2.0136E-03,-0.00031524024355444836
 2.0277E-03,-0.002525031736839733
 2.0419E-03,-0.0038852819152670015
 2.0561E-03,-0.003856349007492752
 2.0703E-03,-0.002137348971060026
 2.0845E-03,0.0012474119013645602
 2.0986E-03,0.005964769911907227
 2.1128E-03,0.011430097558369491
 2.1270E-03,0.01690851792141819
 2.1412E-03,0.021689492514359525
 2.1554E-03,0.025271907207540217
 2.1695E-03,0.02745785548507985
 2.1837E-03,0.028347605073230926
 2.1979E-03,0.028288528338930433
 2.2121E-03,0.027777293257844914
 2.2263E-03,0.027296426360700708
 2.2404E-03,0.027146303487630294
 2.2546E-03,0.027363125764145402
 2.2688E-03,0.027730872032358404
 2.2830E-03,0.027841885230121412
 2.2972E-03,0.02720221782986158
 2.3113E-03,0.02539203573399613
 2.3255E-03,0.02222449423528992
 2.3397E-03,0.017820497974633302
 2.3539E-03,0.012588678044543463
 2.3681E-03,0.007151968180218185
 2.3822E-03,0.0022297795909939954
 2.3964E-03,-0.0015289484444167916
 2.4106E-03,-0.003708064021295171
 2.4248E-03,-0.004205100706599197
 2.4390E-03,-0.003220335349023792
 2.4531E-03,-0.0011913407359923148
 2.4673E-03,0.0013181570680544153
 2.4815E-03,0.003776009757874275
 2.4957E-03,0.005833756485061691
 2.5099E-03,0.007402704502303882
 2.5240E-03,0.008643055644354575
 2.5382E-03,0.009897793276452103
 2.5524E-03,0.011582228190947001
 2.5666E-03,0.014034541480784073
 2.5808E-03,0.01737706769027094
 2.5949E-03,0.021452250706937216
 2.6091E-03,0.025845014846579403
 2.6233E-03,0.0299629786208152
 2.6375E-03,0.033160457274063554
 2.6517E-03,0.034896598785056444
 2.6658E-03,0.03487929082481559
 2.6800E-03,0.03313387248628977
 2.6942E-03,0.02998398784966813
 2.7084E-03,0.02597143722479872
 2.7226E-03,0.021731502099875122
 2.7367E-03,0.0178371846264919
 2.7509E-03,0.014659547646683013
 2.7651E-03,0.012300233986287386
 2.7793E-03,0.01060733187357767
 2.7935E-03,0.009249912551923827
 2.8076E-03,0.007834422314482047
 2.8218E-03,0.006047180899895912
 2.8360E-03,0.0037778536746568485
 2.8502E-03,0.001172582148323457
 2.8644E-03,-0.0013938918486917449
 2.8785E-03,-0.0034043726216386534
 2.8927E-03,-0.00432478298879733
 2.9069E-03,-0.003750155236243042
 2.9211E-03,-0.0015276994312457331
 2.9353E-03,0.00219056092088805
 2.9494E-03,0.006976535398710195
 2.9636E-03,0.012215562151891094
 2.9778E-03,0.01723696746484168
 2.9920E-03,0.021464823413058214
 3.0062E-03,0.024546195909133612
 3.0203E-03,0.026410721634149686
 3.0345E-03,0.027249773728332125
 3.0487E-03,0.027434586851562533
 3.0629E-03,0.02739425585160368
 3.0771E-03,0.02747664603030203
 3.0912E-03,0.02783398925733932
 3.1054E-03,0.02837579270329079
 3.1196E-03,0.028799103505920205
 3.1338E-03,0.02867726552803388
 3.1480E-03,0.027585266792530122
 3.1621E-03,0.025236651971618982
 3.1763E-03,0.021591156628698625
 3.1905E-03,0.0168933193588874
 3.2047E-03,0.011632926489459947
 3.2189E-03,0.006446051996856274
 3.2330E-03,0.0019804720551707244
 3.2472E-03,-0.0012476952509817706
 3.2614E-03,-0.0029667806676725236
 3.2756E-03,-0.003194861261449285
 3.2898E-03,-0.002208841897482679
 3.3039E-03,-0.0004547262650186211
 3.3181E-03,0.0015776878303562273
 3.3323E-03,0.0034889185757962793
 3.3465E-03,0.005074677140131566
 3.3607E-03,0.006366243051029001
 3.3748E-03,0.007597723359671097
 3.3890E-03,0.009117000914614135
 3.4032E-03,0.011264314487125669
 3.4174E-03,0.014246330610028586
 3.4316E-03,0.01804277279736021
 3.4457E-03,0.02237851020481748
 3.4599E-03,0.026768654673590735
 3.4741E-03,0.030619960681491046
 3.4883E-03,0.033363643049732675
 3.5025E-03,0.034590110965179825
 3.5166E-03,0.03414835185275761
 3.5308E-03,0.03217803948954009
 3.5450E-03,0.02906724761761146
 3.5592E-03,0.025352781554626627
 3.5734E-03,0.021589345516133417
 3.5875E-03,0.018218031844486463
 3.6017E-03,0.015470090852487137
 3.6159E-03,0.013335371084921912
 3.6301E-03,0.011601276531159086
 3.6443E-03,0.009945440233679064
 3.6584E-03,0.008056202782087702
 3.6726E-03,0.005750819259877318
 3.6868E-03,0.0030569364112431794
 3.7010E-03,0.00023000287117442685
 3.7152E-03,-0.0022980655504999115
 3.7293E-03,-0.004021707622305673
 3.7435E-03,-0.004489317535355533
 3.7577E-03,-0.003425009403972423
 3.7719E-03,-0.0008110421395451186
 3.7861E-03,0.0030948666877735798
 3.8002E-03,0.007811699915887295
 3.8144E-03,0.012740204705470094
 3.8286E-03,0.017294275459882227
 3.8428E-03,0.02102752389966866
 3.8570E-03,0.023721383730924674
 3.8711E-03,0.025409158915231336
 3.8853E-03,0.026331581817744292
 3.8995E-03,0.02684050474078877
 3.9137E-03,0.027277947309076876
 3.9279E-03,0.02786193979406225
 3.9420E-03,0.028611654768938195
 3.9562E-03,0.029335324730952288
 3.9704E-03,0.029683844081259063
 3.9846E-03,0.029252782927527053
 3.9988E-03,0.027705100404438222
 4.0129E-03,0.02488281871082687
 4.0271E-03,0.020875824934659573
 4.0413E-03,0.01602578825269709
 4.0555E-03,0.010863667934348616
 4.0697E-03,0.005999092467894909
 4.0838E-03,0.001990164026921035
 4.0980E-03,-0.0007744528064772475
 4.1122E-03,-0.0021504763660594606
 4.1264E-03,-0.002249468535650612
 4.1406E-03,-0.0013856462851096346
 4.1547E-03,2.452216537175071e-05
 4.1689E-03,0.001582420133488585
 4.1831E-03,0.0030160341059735007
 4.1973E-03,0.004247543192855202
 4.2115E-03,0.005400066975244902
 4.2256E-03,0.006742815581363444
 4.2398E-03,0.0085922367587106
 4.2540E-03,0.011196946064048497
 4.2682E-03,0.014637439807514929
 4.2824E-03,0.0187694304392543
 4.2965E-03,0.023229034565729854
 4.3107E-03,0.027499604553164136
 4.3249E-03,0.031022122038818874
 4.3391E-03,0.033320662420297964
 4.3533E-03,0.03411110409283283
 4.3674E-03,0.033364001309769076
 4.3816E-03,0.03130382072416016
 4.3958E-03,0.02834547271449817
 4.4100E-03,0.02498705566630298
 4.4242E-03,0.021687936843094145
 4.4383E-03,0.018763758520645234
 4.4525E-03,0.016326108798177873
 4.4667E-03,0.014282952917098201
 4.4809E-03,0.012397894676696261
 4.4951E-03,0.010389409107113582
 4.5092E-03,0.008041608482414524
 4.5234E-03,0.00529591723690481
 4.5376E-03,0.0022972200657646494
 4.5518E-03,-0.000620119633023239
 4.5660E-03,-0.003003233737049463
 4.5801E-03,-0.0043891249069594705
 4.5943E-03,-0.004421682607568252
 4.6085E-03,-0.002946954624117824
 4.6227E-03,-6.105339108232119e-05
 4.6369E-03,0.003903136990027636
 4.6510E-03,0.008447218807165483
 4.6652E-03,0.013017306765663112
 4.6794E-03,0.017124292687977036
 4.6936E-03,0.02044377955989103
 4.7078E-03,0.022869781796093096
 4.7219E-03,0.024508317880307193
 4.7361E-03,0.02561433555868884
 4.7503E-03,0.026491463375810133
 4.7645E-03,0.0273832690680612
 4.7787E-03,0.02838616128225632
 4.7928E-03,0.029408569186090066
 4.8070E-03,0.030188618820131137
 4.8212E-03,0.03036558111846797
 4.8354E-03,0.029584930232864712
 4.8496E-03,0.027608066753763025
 4.8637E-03,0.024396690705885044
 4.8779E-03,0.020147909390089445
 4.8921E-03,0.015269098687138643
 4.9063E-03,0.01029855668795757
 4.9205E-03,0.005793066863702022
 4.9346E-03,0.0022116202325103773
 4.9488E-03,-0.00017519145815899848
 4.9630E-03,-0.0013272544521881044
 4.9772E-03,-0.0014183516825367907
 4.9914E-03,-0.0007669295326729634
 5.0055E-03,0.0002655225450136213
 5.0197E-03,0.0013803326366799034
 5.0339E-03,0.0024231739822422895
 5.0481E-03,0.0034191391643554007
 5.0623E-03,0.0045518399718176665
 5.0764E-03,0.006093017747019512
 5.0906E-03,0.008303195757730778
 5.1048E-03,0.011331463568880384
 5.1190E-03,0.015142458584728
 5.1332E-03,0.01949173287767295
 5.1473E-03,0.02395798291942932
 5.1615E-03,0.028024848916815996
 5.1757E-03,0.03119116683442031
 5.1899E-03,0.03308098690019415
 5.2041E-03,0.0335247346669141
 5.2182E-03,0.03259016500490948
 5.2324E-03,0.03055505544158973
 5.2466E-03,0.02782970913113591
 5.2608E-03,0.024851047299922564
 5.2750E-03,0.021977067613707574
 5.2891E-03,0.01940956200829865
 5.3033E-03,0.017165098817051166
 5.3175E-03,0.015101025985749108
 5.3317E-03,0.01298782558865776
 5.3459E-03,0.010606284462918105
 5.3600E-03,0.007841509803837864
 5.3742E-03,0.004746985461162576
 5.3884E-03,0.0015599273506992375
 5.4026E-03,-0.0013375226932772323
 5.4168E-03,-0.003501533174449072
 5.4309E-03,-0.004532134478619059
 5.4451E-03,-0.004173115859684931
 5.4593E-03,-0.0023799482018035233
 5.4735E-03,0.0006623737551424412
 5.4877E-03,0.004576685343896459
 5.5018E-03,0.008876609135652714
 5.5160E-03,0.01307336668877598
 5.5302E-03,0.016778647764008506
 5.5444E-03,0.01977707237382909
 5.5586E-03,0.022049927542737085
 5.5727E-03,0.023745069522623515
 5.5869E-03,0.02510281783297933
 5.6011E-03,0.0263597794153759
 5.6153E-03,0.02765819079084682
 5.6295E-03,0.028986428919428136
 5.6436E-03,0.030167709923554026
 5.6578E-03,0.03090071316767731
 5.6720E-03,0.030841273143811524
 5.6862E-03,0.02970265742257049
 5.7004E-03,0.027346732050942773
 5.7145E-03,0.023840675304230678
 5.7287E-03,0.01946300948758405
 5.7429E-03,0.014656365448715574
 5.7571E-03,0.009938962659919368
 5.7713E-03,0.0057979202318171885
 5.7854E-03,0.002591989252902447
 5.7996E-03,0.0004883189615557003
 5.8138E-03,-0.0005513773888398143
 5.8280E-03,-0.0007330770641511221
 5.8422E-03,-0.0003527423448671461
 5.8563E-03,0.0002991718116350251
 5.8705E-03,0.0010244749630779894
 5.8847E-03,0.0017715424605162183
 5.8989E-03,0.0026424879545321202
 5.9131E-03,0.003851593602507972
 5.9272E-03,0.005647031273007583
 5.9414E-03,0.00821817703085397
 5.9556E-03,0.01161476649646021
 5.9698E-03,0.01570095256397091
 5.9840E-03,0.0201580823614367
 5.9981E-03,0.024536996390340893
 6.0123E-03,0.028347160802715564
 6.0265E-03,0.03115975897701718
 6.0407E-03,0.032697939563784785
 6.0549E-03,0.03289075079583769
 6.0690E-03,0.03187693284188444
 6.0832E-03,0.029958223535696833
 6.0974E-03,0.027515512008938276
 6.1116E-03,0.024911058697878234
 6.1258E-03,0.022403264339636835
 6.1399E-03,0.020096481126936648
 6.1541E-03,0.017938456803431615
 6.1683E-03,0.01576481472988798
 6.1825E-03,0.013376966322421212
 6.1967E-03,0.01063065401019745
 6.2108E-03,0.007509517014980059
 6.2250E-03,0.004162300414976283
 6.2392E-03,0.0008923335856166853
 6.2534E-03,-0.001898967029472583
 6.2676E-03,-0.003800116043381408
 6.2817E-03,-0.004485968806550574
 6.2959E-03,-0.003797125013475579
 6.3101E-03,-0.0017814481630393348
 6.3243E-03,0.001313264526537421
 6.3385E-03,0.0050936676748675035
 6.3526E-03,0.00910815241880901
 6.3668E-03,0.012944240355793245
 6.3810E-03,0.01631079574508233
 6.3952E-03,0.01908405436021273
 6.4094E-03,0.021306383334999086
 6.4235E-03,0.023139629814106766
 6.4377E-03,0.02478737749014808
 6.4519E-03,0.026408866405304467
 6.4661E-03,0.02804936891131882
 6.4803E-03,0.029607034816780276
 6.4944E-03,0.03084605018317815
 6.5086E-03,0.03145310105010762
 6.5228E-03,0.031122007688768452
 6.5370E-03,0.029643370152390137
 6.5512E-03,0.02697443812758588
 6.5653E-03,0.02326962463510727
 6.5795E-03,0.01886265735221526
 6.5937E-03,0.014204417678927031
 6.6079E-03,0.009772451586213208
 6.6221E-03,0.005975591264252203
 6.6362E-03,0.0030780924308166104
 6.6504E-03,0.0011621156280622116
 6.6646E-03,0.00013695056206670074
 6.6788E-03,-0.00020910713418620657
 6.6930E-03,-0.00012960753530697524
 6.7071E-03,0.00016401829114936144
 6.7213E-03,0.0005678434400959935
 6.7355E-03,0.0011142613329935113
 6.7497E-03,0.0019564978206412812
 6.7639E-03,0.0033134251334677955
 6.7780E-03,0.005390356152007363
 6.7922E-03,0.00829823277439204
 6.8064E-03,0.011994186502180829
 6.8206E-03,0.0162607849029285
 6.8348E-03,0.02073096859024407
 6.8489E-03,0.024953428291012294
 6.8631E-03,0.028482182574487397
 6.8773E-03,0.03096739801253938
 6.8915E-03,0.032223973978098834
 6.9057E-03,0.03226029817012399
 6.9198E-03,0.03126027554213327
 6.9340E-03,0.029524316680082336
 6.9482E-03,0.027385951263607152
 6.9624E-03,0.025127028200416922
 6.9766E-03,0.022914367881322565
 6.9907E-03,0.02077440798937539
 7.0049E-03,0.018611683427793665
 7.0191E-03,0.016264821425367088
 7.0333E-03,0.013583374033677294
 7.0475E-03,0.010503070545973766
 7.0616E-03,0.007097536742210125
 7.0758E-03,0.003591045838542805
 7.0900E-03,0.0003276090631368464
 7.1042E-03,-0.002296280368047508
 7.1184E-03,-0.003917960122262554
 7.1325E-03,-0.004291450446544122
 7.1467E-03,-0.0033451980783397585
 7.1609E-03,-0.0011996770927296726
 7.1751E-03,0.001859679350658019
 7.1893E-03,0.005447087874558558
 7.2034E-03,0.009161653839995586
 7.2176E-03,0.012671019251978747
 7.2318E-03,0.01577183690900205
 7.2460E-03,0.018411950007003162
 7.2602E-03,0.02066970724522541
 7.2743E-03,0.02269760954882682
 7.2885E-03,0.02464722653414373
 7.3027E-03,0.02659733760130619
 7.3169E-03,0.028506180236949924
 7.3311E-03,0.03020188283576875
 7.3452E-03,0.03141452067017801
 7.3594E-03,0.031841636411055925
 7.3736E-03,0.031229640043029496
 7.3878E-03,0.02944885227356876
 7.4020E-03,0.02654142123652338
 7.4161E-03,0.022728552956159505
 7.4303E-03,0.018374447479980252
 7.4445E-03,0.013915972127463929
 7.4587E-03,0.009776203128143993
 7.4729E-03,0.006284045663781842
 7.4870E-03,0.003620175813701395
 7.5012E-03,0.0018022113679385552
 7.5154E-03,0.0007113917491776572
 7.5296E-03,0.0001519833077627755
 7.5438E-03,-7.396574832256567e-05
 7.5579E-03,-9.774486010582465e-05
 7.5721E-03,5.973077984011826e-05
 7.5863E-03,0.0004943490821438847
 7.6005E-03,0.0013862911803597835
 7.6147E-03,0.002937799595444752
 7.6288E-03,0.005298758298040046
 7.6430E-03,0.008501124321270299
 7.6572E-03,0.012421024878709634
 7.6714E-03,0.016780016834514414
 7.6856E-03,0.021186567083094257
 7.6997E-03,0.025208009692007278
 7.7139E-03,0.02845493920336084
 7.7281E-03,0.03065648723860135
 7.7423E-03,0.031707243738504434
 7.7565E-03,0.03167416049584383
 7.7706E-03,0.030762545428141604
 7.7848E-03,0.029251230750973103
 7.7990E-03,0.02741512568168345
 7.8132E-03,0.025456412226854984
 7.8274E-03,0.023462833556866205
 7.8415E-03,0.021403721730440414
 7.8557E-03,0.0191638123726297
 7.8699E-03,0.01660438963627807
 7.8841E-03,0.013633728208760746
 7.8983E-03,0.01026620657052539
 7.9124E-03,0.006652573271954124
 7.9266E-03,0.003071793913806058
 7.9408E-03,-0.00011452461342944739
 7.9550E-03,-0.0025338727661934485
 7.9692E-03,-0.0038823241172760456
 7.9833E-03,-0.00399120166277419
 7.9975E-03,-0.002863710424541692
 8.0117E-03,-0.0006721993001721754
 8.0259E-03,0.002283008074764721
 8.0401E-03,0.005642289030113335
 8.0542E-03,0.00906489158808087
 8.0684E-03,0.012296284371164649
 8.0826E-03,0.015207521083549131
 8.0968E-03,0.017797241416008754
 8.1110E-03,0.020157244112248025
 8.1251E-03,0.02241257188935313
 8.1393E-03,0.024653986066064386
 8.1535E-03,0.026882683512585447
 8.1677E-03,0.0289836049886527
 8.1819E-03,0.030735690127916045
 8.1960E-03,0.03185713930586582
 8.2102E-03,0.03207393670660828
 8.2244E-03,0.031193242731800547
 8.2386E-03,0.02916163092932625
 8.2528E-03,0.026092026657168657
 8.2669E-03,0.022251555377056833
 8.2811E-03,0.01801300054044794
 8.2953E-03,0.013782274985519722
 8.3095E-03,0.009920553900191476
 8.3237E-03,0.0066808463447652205
 8.3378E-03,0.004174589735578259
 8.3520E-03,0.002375577067510325
 8.3662E-03,0.0011584537336449634
 8.3804E-03,0.00035984180608745705
 8.3946E-03,-0.00015571613868640586
 8.4087E-03,-0.00044380523794979867
 8.4229E-03,-0.0004568668838963869
 8.4371E-03,-5.617253292312165e-05
 8.4513E-03,0.0009442826063224751
 8.4655E-03,0.0027142347079881788
 8.4796E-03,0.005341789212537244
 8.4938E-03,0.008784777173438618
 8.5080E-03,0.012853043685756203
 8.5222E-03,0.01722771022155506
 8.5364E-03,0.021513604847937438
 8.5505E-03,0.025312139796872867
 8.5647E-03,0.028296328915374053
 8.5789E-03,0.030268938017601672
 8.5931E-03,0.031189213936452076
 8.6073E-03,0.03116207054933311
 8.6214E-03,0.030393699799003124
 8.6356E-03,0.02912651498458429
 8.6498E-03,0.0275716502320546
 8.6640E-03,0.025857503426406112
 8.6782E-03,0.024008012511988638
 8.6923E-03,0.0219558761224772
 8.7065E-03,0.01958611852903761
 8.7207E-03,0.016796927429419937
 8.7349E-03,0.013559855517966327
 8.7491E-03,0.009961591056916807
 8.7632E-03,0.006214539251078956
 8.7774E-03,0.0026320171145653177
 8.7916E-03,-0.0004264330368300437
 8.8058E-03,-0.0026259389880914745
 8.8200E-03,-0.003725301872408239
 8.8341E-03,-0.003626451793984007
 8.8483E-03,-0.0023918240743766753
 8.8625E-03,-0.00022550801728533215
 8.8767E-03,0.0025765651429313263
 8.8909E-03,0.005694145515601638
 8.9050E-03,0.008850192572953993
 8.9192E-03,0.01186097106748294
 8.9334E-03,0.014656235704564528
 8.9476E-03,0.017265349460927944
 8.9618E-03,0.019774595516879875
 8.9759E-03,0.022268856289351786
 8.9901E-03,0.02477507354841492
 9.0043E-03,0.027224325035436918
 9.0185E-03,0.029444134897422522
 9.0327E-03,0.03118421286407467
 9.0468E-03,0.03216948136733491
 9.0610E-03,0.0321665387745572
 9.0752E-03,0.03104574115587883
 9.0894E-03,0.02882199236991693
 9.1036E-03,0.025662903481732783
 9.1177E-03,0.021861687673011873
 9.1319E-03,0.017781566889396933
 9.1461E-03,0.013785966562944611
 9.1603E-03,0.010172326636009508
 9.1745E-03,0.007126061514483964
 9.1886E-03,0.004705504415618105
 9.2028E-03,0.00286018704653427
 9.2170E-03,0.0014758425832448318
 9.2312E-03,0.0004324658744416581
 9.2454E-03,-0.00034151859447600344
 9.2595E-03,-0.000834579666330954
 9.2737E-03,-0.0009468836452067691
 9.2879E-03,-0.0005162438073209215
 9.3021E-03,0.0006318748950685956
 9.3163E-03,0.002624175304841136
 9.3304E-03,0.005486044469187616
 9.3446E-03,0.009110054363832469
 9.3588E-03,0.013256015009604692
 9.3730E-03,0.01758382330172259
 9.3872E-03,0.021711625620309913
 9.4013E-03,0.025285008567548065
 9.4155E-03,0.028039899167123364
 9.4297E-03,0.02984346870331183
 9.4439E-03,0.030703210109750637
 9.4581E-03,0.030742909912550312
 9.4722E-03,0.030153096372077928
 9.4864E-03,0.02913025604473829
 9.5006E-03,0.02782183230320698
 9.5148E-03,0.026292045703201813
 9.5290E-03,0.024517505475660402
 9.5431E-03,0.022413118594841918
 9.5573E-03,0.0198802748338342
 9.5715E-03,0.016863015444779292
 9.5857E-03,0.013395586033894527
 9.5999E-03,0.009627062507880564
 9.6140E-03,0.0058149899445681715
 9.6282E-03,0.00228844976737887
 9.6424E-03,-0.0006106802735377222
 9.6566E-03,-0.0025935698279750557
 9.6708E-03,-0.0034807259156620037
 9.6849E-03,-0.0032345631843787464
 9.6991E-03,-0.001960296577506601
 9.7133E-03,0.00012455685445925905
 9.7275E-03,0.0027436739688080558
 9.7417E-03,0.005624179523077425
 9.7558E-03,0.008551373173825769
 9.7700E-03,0.011401961019702042
 9.7842E-03,0.014147896929454827
 9.7984E-03,0.016831125778946562
 9.8126E-03,0.01951757545162099
 9.8267E-03,0.022244453310092317
 9.8409E-03,0.024976707848667394
 9.8551E-03,0.027585938863091367
 9.8693E-03,0.029858794694121504
 9.8835E-03,0.03153368443193829
 9.8976E-03,0.03235668669976189
 9.9118E-03,0.032142026475812956
 9.9260E-03,0.030820951645520803
 9.9402E-03,0.028465734407224975
 9.9544E-03,0.02528207793619187
 9.9685E-03,0.021571611049478585
 9.9827E-03,0.017674062752013726
 9.9969E-03,0.01390394470873259
 1.0011E-02,0.010497737502229716
 1.0025E-02,0.007584432554909472
 1.0039E-02,0.005185757135754176
 1.0054E-02,0.0032443154196431746
 1.0068E-02,0.0016703991707878612
 1.0082E-02,0.00039334600229916014
 1.0096E-02,-0.0005976624568313953
 1.0110E-02,-0.0012353181927111045
 1.0125E-02,-0.0013839575543268927
 1.0139E-02,-0.0008750036964562224
 1.0153E-02,0.0004415474214271942
 1.0167E-02,0.002643831043983062
 1.0181E-02,0.0056979765516452
 1.0195E-02,0.009442786393675965
 1.0210E-02,0.013604423322519293
 1.0224E-02,0.01783839529377519
 1.0238E-02,0.021788879046069597
 1.0252E-02,0.0251507708845794
 1.0266E-02,0.027719080545008178
 1.0281E-02,0.029413650055119908
 1.0295E-02,0.030273802673392636
 1.0309E-02,0.030425596268945285
 1.0323E-02,0.030031636397956155
 1.0337E-02,0.029237885811662204
 1.0351E-02,0.028132376930876495
 1.0366E-02,0.026727105643176898
 1.0380E-02,0.02496769712041136
 1.0394E-02,0.022767543668003105
 1.0408E-02,0.020056183717615923
 1.0422E-02,0.016827611640710203
 1.0436E-02,0.013174096187173386
 1.0451E-02,0.009294971347658325
 1.0465E-02,0.005476668900612517
 1.0479E-02,0.0020480958714942433
 1.0493E-02,-0.0006778378836335493
 1.0507E-02,-0.00246197857136486
 1.0522E-02,-0.0031815653124295067
 1.0536E-02,-0.002847301286802566
 1.0550E-02,-0.0015910868885741691
 1.0564E-02,0.0003717621842288506
 1.0578E-02,0.0027954653795095536
 1.0592E-02,0.005457806936818185
 1.0607E-02,0.008201184735967565
 1.0621E-02,0.010950420486292122
 1.0635E-02,0.013703627680898738
 1.0649E-02,0.016499952996774113
 1.0663E-02,0.019374427852849138
 1.0678E-02,0.022313730729472604
 1.0692E-02,0.025226400866754102
 1.0706E-02,0.02793704068428189
 1.0720E-02,0.030207390805644052
 1.0734E-02,0.03177966405085368
 1.0748E-02,0.03243122386633387
 1.0763E-02,0.0320263239113445
 1.0777E-02,0.030551144898281417
 1.0791E-02,0.028122662948318135
 1.0805E-02,0.024968787996804086
 1.0819E-02,0.021384804594981953
 1.0834E-02,0.017677325215748763
 1.0848E-02,0.014110044700488936
 1.0862E-02,0.010864772166180163
 1.0876E-02,0.008026804995200441
 1.0890E-02,0.005596954245470017
 1.0904E-02,0.0035252838683975706
 1.0919E-02,0.0017558348253877744
 1.0933E-02,0.00026880770468374086
 1.0947E-02,-0.0008923935878275906
 1.0961E-02,-0.0016174697597133734
 1.0975E-02,-0.0017504688795993595
 1.0990E-02,-0.001130495915462929
 1.1004E-02,0.00035912572872007415
 1.1018E-02,0.0027468020060301586
 1.1032E-02,0.005946163909997762
 1.1046E-02,0.009755071680269175
 1.1060E-02,0.013881448600896667
 1.1075E-02,0.017990219535674343
 1.1089E-02,0.021760047279069033
 1.1103E-02,0.02493594912257993
 1.1117E-02,0.027364975384055648
 1.1131E-02,0.02900668114814374
 1.1145E-02,0.029916898994487788
 1.1160E-02,0.030210460813453428
 1.1174E-02,0.030014046895323297
 1.1188E-02,0.02942274342056952
 1.1202E-02,0.028472531159010477
 1.1216E-02,0.027136218862524042
 1.1231E-02,0.025343596192252963
 1.1245E-02,0.02301967275962566
 1.1259E-02,0.020129685286975427
 1.1273E-02,0.01671751451741664
 1.1287E-02,0.012925819036322759
 1.1301E-02,0.008991103814684221
 1.1316E-02,0.005213733035903494
 1.1330E-02,0.0019096883690969979
 1.1344E-02,-0.0006441926061015071
 1.1358E-02,-0.0022580002981589502
 1.1372E-02,-0.002857894064677279
 1.1387E-02,-0.002489819514444989
 1.1401E-02,-0.001297628155625814
 1.1415E-02,0.0005179975095047197
 1.1429E-02,0.002748587417096934
 1.1443E-02,0.005221865861007513
 1.1457E-02,0.007829333892470472
 1.1472E-02,0.010530848609283326
 1.1486E-02,0.013336087636299565
 1.1500E-02,0.01626926068238053
 1.1514E-02,0.01932811129471481
 1.1528E-02,0.02244986306681789
 1.1543E-02,0.025494871750942515
 1.1557E-02,0.028253866512144926
 1.1571E-02,0.030478123551549795
 1.1585E-02,0.03192548827660914
 1.1599E-02,0.03241060555693996
 1.1613E-02,0.03184630030443064
 1.1628E-02,0.0302651946244621
 1.1642E-02,0.027815787053988635
 1.1656E-02,0.024733939265846553
 1.1670E-02,0.021297152141175835
 1.1684E-02,0.01777339383789396
 1.1699E-02,0.014377393338248659
 1.1713E-02,0.01124497386821657
 1.1727E-02,0.008430868190194169
 1.1741E-02,0.005928965042489299
 1.1755E-02,0.003707849789886478
 1.1769E-02,0.0017504538491853578
 1.1784E-02,8.568925048620807e-05
 1.1798E-02,-0.001197650003905012
 1.1812E-02,-0.001959362304969836
 1.1826E-02,-0.0020369851555276006
 1.1840E-02,-0.0012880352778538062
 1.1854E-02,0.0003660463511023777
 1.1869E-02,0.002906358616697592
 1.1883E-02,0.006202988658108016
 1.1897E-02,0.010025899805001043
 1.1911E-02,0.014078369194699871
 1.1925E-02,0.018045191030241287
 1.1940E-02,0.021643989285933023
 1.1954E-02,0.024667190601519146
 1.1968E-02,0.027004739779744373
 1.1982E-02,0.028642834256150076
 1.1996E-02,0.029640397274290863
 1.2010E-02,0.030090927369893647
 1.2025E-02,0.030081123643780728
 1.2039E-02,0.029658270119302253
 1.2053E-02,0.02881563478351339
 1.2067E-02,0.02749987774221965
 1.2081E-02,0.025638130852233546
 1.2096E-02,0.02317675180563455
 1.2110E-02,0.02012032324996871
 1.2124E-02,0.016559207603535513
 1.2138E-02,0.012676954216942725
 1.2152E-02,0.008734260034781647
 1.2166E-02,0.005032508562357213
 1.2181E-02,0.0018654123911084853
 1.2195E-02,-0.0005295269594035924
 1.2209E-02,-0.002007979043760366
 1.2223E-02,-0.0025354558976413244
 1.2237E-02,-0.0021802876065474793
 1.2252E-02,-0.0010856172660460616
 1.2266E-02,0.0005715412193632019
 1.2280E-02,0.002623000355075283
 1.2294E-02,0.004942541232329577
 1.2308E-02,0.007461100706647
 1.2322E-02,0.010160761804758762
 1.2337E-02,0.01305030460276398
 1.2351E-02,0.016130272494604653
 1.2365E-02,0.019358483566136675
 1.2379E-02,0.022626859006096553
 1.2393E-02,0.025757367622805023
 1.2408E-02,0.028519630488554236
 1.2422E-02,0.03066671502551558
 1.2436E-02,0.03198050929149583
 1.2450E-02,0.032315219839387274
 1.2464E-02,0.03162778708880882
 1.2478E-02,0.02998732070370309
 1.2493E-02,0.027561127592985093
 1.2507E-02,0.02458102616922282
 1.2521E-02,0.021298720223336322
 1.2535E-02,0.017941658660491237
 1.2549E-02,0.014680342749614265
 1.2563E-02,0.01161463950363115
 1.2578E-02,0.00878129173907579
 1.2592E-02,0.006178964345740789
 1.2606E-02,0.0038024175028801466
 1.2620E-02,0.0016750212963636164
 1.2634E-02,-0.00013055361159842083
 1.2649E-02,-0.001490206217895131
 1.2663E-02,-0.0022462887900606947
 1.2677E-02,-0.0022412705748603577
 1.2691E-02,-0.0013584139871601177
 1.2705E-02,0.0004414643305493914
 1.2719E-02,0.003097291240325344
 1.2734E-02,0.006445728465833583
 1.2748E-02,0.010241192286402167
 1.2762E-02,0.014193543353307806
 1.2776E-02,0.018014508245676256
 1.2790E-02,0.02146165445460252
 1.2805E-02,0.024369462355628518
 1.2819E-02,0.026660550466456517
 1.2833E-02,0.028335471981342657
 1.2847E-02,0.029445244368423162
 1.2861E-02,0.030055318254223987
 1.2875E-02,0.030211790855142768
 1.2890E-02,0.02991976208522262
 1.2904E-02,0.029140091192605806
 1.2918E-02,0.02780545883313231
 1.2932E-02,0.02585105515322036
 1.2946E-02,0.023250936955046677
 1.2961E-02,0.020049305800793955
 1.2975E-02,0.016377151569389934
 1.2989E-02,0.012448554933651308
 1.3003E-02,0.008536380735097892
 1.3017E-02,0.004932618226761713
 1.3031E-02,0.0019027227573750714
 1.3046E-02,-0.00035510671431507844
 1.3060E-02,-0.0017361056361052736
 1.3074E-02,-0.0022348009640820667
 1.3088E-02,-0.0019300584702639768
 1.3102E-02,-0.0009541638713031387
 1.3117E-02,0.000545243553210796
 1.3131E-02,0.0024399870007430487
 1.3145E-02,0.00464374370352404
 1.3159E-02,0.007116525349560693
 1.3173E-02,0.009850905693357209
 1.3187E-02,0.012844849330940942
 1.3202E-02,0.01606982045999802
 1.3216E-02,0.019444260243457707
 1.3230E-02,0.0228211321578729
 1.3244E-02,0.025994421373878744
 1.3258E-02,0.028724266200385228
 1.3272E-02,0.030775207032569644
 1.3287E-02,0.03195827939439736
 1.3301E-02,0.03216639801238358
 1.3315E-02,0.03139405663072913
 1.3329E-02,0.02973639217149717
 1.3343E-02,0.02736803098932883
 1.3358E-02,0.02450736659672807
 1.3372E-02,0.021375573981843827
 1.3386E-02,0.018160762004278796
 1.3400E-02,0.014995941939081794
 1.3414E-02,0.011955463397616896
 1.3428E-02,0.009069369374577797
 1.3443E-02,0.006350175855701243
 1.3457E-02,0.0038232247412862664
 1.3471E-02,0.0015508869498638942
 1.3485E-02,-0.00035727621022319076
 1.3499E-02,-0.001752268034708925
 1.3514E-02,-0.002470110401458252
 1.3528E-02,-0.0023670096712643477
 1.3542E-02,-0.0013560954572333695
 1.3556E-02,0.0005640981200117998
 1.3570E-02,0.0032972943626086585
 1.3584E-02,0.0066571068192717905
 1.3599E-02,0.010393372331555892
 1.3613E-02,0.0142311180671168
 1.3627E-02,0.01791287455911022
 1.3641E-02,0.021234267855087398
 1.3655E-02,0.02406471470200319
 1.3670E-02,0.026349108959544374
 1.3684E-02,0.028091523360818525
 1.3698E-02,0.029326749827569245
 1.3712E-02,0.03008864507079087
 1.3726E-02,0.030384879931042306
 1.3740E-02,0.030185653814793163
 1.3755E-02,0.02942980822994731
 1.3769E-02,0.028046703776291346
 1.3783E-02,0.02598761385137738
 1.3797E-02,0.023257509031577715
 1.3811E-02,0.019937757381056964
 1.3826E-02,0.01619254919304523
 1.3840E-02,0.012256140124383853
 1.3854E-02,0.008403108281397953
 1.3868E-02,0.00490833459022491
 1.3882E-02,0.0020061190951941384
 1.3896E-02,-0.00014196640003447981
 1.3911E-02,-0.0014632276217185643
 1.3925E-02,-0.0019709405623948907
 1.3939E-02,-0.001744258722489643
 1.3953E-02,-0.0008971540943205199
 1.3967E-02,0.00045476196337461015
 1.3981E-02,0.0022204676313075772
 1.3996E-02,0.004345961700111008
 1.4010E-02,0.0068101069695024
 1.4024E-02,0.009605878776529122
 1.4038E-02,0.012713210396226499
 1.4052E-02,0.01607209456153882
 1.4067E-02,0.019564662717929834
 1.4081E-02,0.02301260068635773
 1.4095E-02,0.026192106132200903
 1.4109E-02,0.0288637693688203
 1.4123E-02,0.030810573517335734
 1.4137E-02,0.03187481338986402
 1.4152E-02,0.031984801865938065
 1.4166E-02,0.031164773682145833
 1.4180E-02,0.029525726322650245
 1.4194E-02,0.027239866862788748
 1.4208E-02,0.024505504122667533
 1.4223E-02,0.021511499733443008
 1.4237E-02,0.018410172361336137
 1.4251E-02,0.015304935444223332
 1.4265E-02,0.012254691584236152
 1.4279E-02,0.009292289362689641
 1.4293E-02,0.0064504591135977375
 1.4308E-02,0.003786631864957248
 1.4322E-02,0.001398442441502707
 1.4336E-02,-0.0005756015243160387
 1.4350E-02,-0.001971585617437523
 1.4364E-02,-0.002628499237008956
 1.4379E-02,-0.0024223888394855953
 1.4393E-02,-0.0012975217114381513
 1.4407E-02,0.000713737005620327
 1.4421E-02,0.0034878814002922247
 1.4435E-02,0.006825369283183995
 1.4449E-02,0.010480584294921973
 1.4464E-02,0.0141996060832024
 1.4478E-02,0.01775682161693471
 1.4492E-02,0.020981857045072837
 1.4506E-02,0.02377101178109947
 1.4520E-02,0.026081609948258616
 1.4535E-02,0.027912294871267274
 1.4549E-02,0.029276014989234767
 1.4563E-02,0.030174264586433908
 1.4577E-02,0.03058056114051735
 1.4591E-02,0.030438337329588724
 1.4605E-02,0.029674184208674924
 1.4620E-02,0.02822287839428024
 1.4634E-02,0.026057105843306824
 1.4648E-02,0.023213234333637717
 1.4662E-02,0.019805323978508153
 1.4676E-02,0.016022573968979603
 1.4690E-02,0.012109753664908456
 1.4705E-02,0.008334656805317931
 1.4719E-02,0.004950021461592685
 1.4733E-02,0.0021587655699489335
 1.4747E-02,9.044948437576588e-05
 1.4761E-02,-0.0012061182738595166
 1.4776E-02,-0.001753439860351811
 1.4790E-02,-0.0016226776109306749
 1.4804E-02,-0.0009046923214183264
 1.4818E-02,0.0003169594416554206
 1.4832E-02,0.001983673946230635
 1.4846E-02,0.0040655701390764475
 1.4861E-02,0.006550932255856172
 1.4875E-02,0.009425042310692567
 1.4889E-02,0.012645234995192552
 1.4903E-02,0.016120221321895823
 1.4917E-02,0.019700705770511435
 1.4932E-02,0.023185335456512666
 1.4946E-02,0.026341869973719984
 1.4960E-02,0.028939266507244914
 1.4974E-02,0.030783279013943926
 1.4988E-02,0.031747031299220886
 1.5002E-02,0.03178917568895192
 1.5017E-02,0.030955395791073922
 1.5031E-02,0.029363298240583823
 1.5045E-02,0.02717498614070181
 1.5059E-02,0.02456465090804806
 1.5073E-02,0.021689538663681767
 1.5088E-02,0.018671392187466235
 1.5102E-02,0.015592318590835487
 1.5116E-02,0.012504875849864129
 1.5130E-02,0.0094521564027446
 1.5144E-02,0.006490866993399144
 1.5158E-02,0.003709608252775722
 1.5173E-02,0.0012359479863300708
 1.5187E-02,-0.0007709357976783118
 1.5201E-02,-0.002141174273941911
 1.5215E-02,-0.002723943432158466
 1.5229E-02,-0.0024186584211877762
 1.5244E-02,-0.0011996235548580312
 1.5258E-02,0.0008723793865531989
 1.5272E-02,0.0036548644451739392
 1.5286E-02,0.0069439767868705775
 1.5300E-02,0.010505686087483312
 1.5314E-02,0.014110453305944985
 1.5329E-02,0.01756324276915607
 1.5343E-02,0.02072215088081513
 1.5357E-02,0.023502094171289404
 1.5371E-02,0.025864084022838456
 1.5385E-02,0.027794496634313885
 1.5399E-02,0.02928136062450438
 1.5414E-02,0.030295318058056176
 1.5428E-02,0.0307814033556161
 1.5442E-02,0.030664555504836467
 1.5456E-02,0.02986772988762007
 1.5470E-02,0.028337728404665405
 1.5485E-02,0.026071459890248155
 1.5499E-02,0.02313494946481232
 1.5513E-02,0.0196691523969442
 1.5527E-02,0.01588002007114369
 1.5541E-02,0.012014377379055793
 1.5555E-02,0.008326872790272277
 1.5570E-02,0.00504555160282773
 1.5584E-02,0.0023438800899073576
 1.5598E-02,0.0003252710600942809
 1.5612E-02,-0.000977161872273683
 1.5626E-02,-0.0015868562512820206
 1.5641E-02,-0.0015608374401964399
 1.5655E-02,-0.0009645114626600923
 1.5669E-02,0.00014853829762551043
 1.5683E-02,0.001746197669227051
 1.5697E-02,0.0038145505020450096
 1.5711E-02,0.006343140050227694
 1.5726E-02,0.009303600024910957
 1.5740E-02,0.012628528099912923
 1.5754E-02,0.016197601446328893
 1.5768E-02,0.019836110891995516
 1.5782E-02,0.023327802418609222
 1.5797E-02,0.02644004352701707
 1.5811E-02,0.028955923864151446
 1.5825E-02,0.030705887872835253
 1.5839E-02,0.031591447879875736
 1.5853E-02,0.031595473020034064
 1.5867E-02,0.03077697352227205
 1.5882E-02,0.029252266024068566
 1.5896E-02,0.027167825190833685
 1.5910E-02,0.024672068065297204
 1.5924E-02,0.02189326730893799
 1.5938E-02,0.018928791186379638
 1.5952E-02,0.01584749885030075
 1.5967E-02,0.012703321404201487
 1.5981E-02,0.009554877719221639
 1.5995E-02,0.006484274530268938
 1.6009E-02,0.0036084772512222675
 1.6023E-02,0.0010787339380921163
 1.6038E-02,-0.0009330954363563453
 1.6052E-02,-0.0022587382238997535
 1.6066E-02,-0.0027626270018013717
 1.6080E-02,-0.0023687742838764676
 1.6094E-02,-0.0010785925762912246
 1.6108E-02,0.001024998392086844
 1.6123E-02,0.0037884516813433806
 1.6137E-02,0.007011010519700772
 1.6151E-02,0.010475125185829194
 1.6165E-02,0.01397669300844333
 1.6179E-02,0.017348192252857983
 1.6194E-02,0.020469849871621662
 1.6208E-02,0.0232673170334939
 1.6222E-02,0.025698017525553018
 1.6236E-02,0.027731372352950492
 1.6250E-02,0.02932965751350478
 1.6264E-02,0.030435899896066692
 1.6279E-02,0.030973063656216323
 1.6293E-02,0.03085542665466698
 1.6307E-02,0.030009423386378627
 1.6321E-02,0.028398342284793515
 1.6335E-02,0.0260439166492574
 1.6350E-02,0.023038422098435152
 1.6364E-02,0.019543239257662742
 1.6378E-02,0.01577331472779547
 1.6392E-02,0.011970600603364082
 1.6406E-02,0.008372377232833074
 1.6420E-02,0.005181609774307908
 1.6435E-02,0.0025458445115412866
 1.6449E-02,0.0005488203978886333
 1.6463E-02,-0.0007843948771490007
 1.6477E-02,-0.0014714258856463448
 1.6491E-02,-0.001551137390759969
 1.6506E-02,-0.001063262306437444
 1.6520E-02,-3.504427907949381e-05
 1.6534E-02,0.0015214046355539765
 1.6548E-02,0.0036005604400548025
 1.6562E-02,0.006186624764783594
 1.6576E-02,0.00923374179274633
 1.6591E-02,0.012649724351624515
 1.6605E-02,0.016288964450367344
 1.6619E-02,0.019957858267739027
 1.6633E-02,0.0234327637553531
 1.6647E-02,0.0264871192494694
 1.6661E-02,0.028921802956104938
 1.6676E-02,0.030591809213547164
 1.6690E-02,0.03142314946796069
 1.6704E-02,0.0314163433914098
 1.6718E-02,0.030636284876436062
 1.6732E-02,0.029191713534810336
 1.6747E-02,0.027210052233401106
 1.6761E-02,0.024814302421471642
 1.6775E-02,0.022107788306703756
 1.6789E-02,0.019170082810854933
 1.6803E-02,0.01606413030160116
 1.6817E-02,0.01285132616015563
 1.6832E-02,0.009609015562360254
 1.6846E-02,0.006444157588681759
 1.6860E-02,0.0034979530050402723
 1.6874E-02,0.0009387563013241187
 1.6888E-02,-0.0010561143590916196
 1.6903E-02,-0.002325895795558338
 1.6917E-02,-0.0027532853200090434
 1.6931E-02,-0.0022861950559458573
 1.6945E-02,-0.0009489460244888239
 1.6959E-02,0.00115995704260867
 1.6973E-02,0.0038830317358945175
 1.6988E-02,0.007028385868640377
 1.7002E-02,0.010397797304297992
 1.7016E-02,0.013811760531973187
 1.7030E-02,0.017125978374411096
 1.7044E-02,0.02023624341284748
 1.7059E-02,0.023071893310713586
 1.7073E-02,0.025581152845022243
 1.7087E-02,0.02771383667001968
 1.7101E-02,0.02940749024466159
 1.7115E-02,0.03058193138254884
 1.7129E-02,0.031144634377163378
 1.7144E-02,0.031006172181921123
 1.7158E-02,0.030101894461947505
 1.7172E-02,0.028414015980316447
 1.7186E-02,0.0259878840872289
 1.7200E-02,0.02293750886985952
 1.7215E-02,0.019438119465410186
 1.7229E-02,0.015706819862308617
 1.7243E-02,0.011975450510629062
 1.7257E-02,0.008461697125637841
 1.7271E-02,0.005344817392475609
 1.7285E-02,0.002751017746927222
 1.7300E-02,0.0007508938643276731
 1.7314E-02,-0.0006318291514365835
 1.7328E-02,-0.001403902983394998
 1.7342E-02,-0.0015839796791150636
 1.7356E-02,-0.0011876200067824447
 1.7370E-02,-0.00022036279459223087
 1.7385E-02,0.0013191803610413818
 1.7399E-02,0.003427278318783574
 1.7413E-02,0.006077883876163218
 1.7427E-02,0.00920576208027303
 1.7441E-02,0.012695573005805805
 1.7456E-02,0.016381125865156474
 1.7470E-02,0.020056411807025273
 1.7484E-02,0.023496911296025012
 1.7498E-02,0.02648689475556163
 1.7512E-02,0.028846748553556397
 1.7526E-02,0.03045423333774553
 1.7541E-02,0.03125506845962683
 1.7555E-02,0.03126094123447937
 1.7569E-02,0.03053622845238731
 1.7583E-02,0.02917751833020011
 1.7597E-02,0.027291671990263625
 1.7612E-02,0.02497822667108863
 1.7626E-02,0.022320423673667048
 1.7640E-02,0.01938648351563087
 1.7654E-02,0.016239697296823525
 1.7668E-02,0.012953303713370697
 1.7682E-02,0.009624689283852003
 1.7697E-02,0.006383573131274245
 1.7711E-02,0.0033904756727762735
 1.7725E-02,0.0008244660284645938
 1.7739E-02,-0.0011378073164349336
 1.7753E-02,-0.0023472960687082765
 1.7768E-02,-0.0027061161744895016
 1.7782E-02,-0.002183883211276059
 1.7796E-02,-0.0008228880086408065
 1.7810E-02,0.0012691151901494037
 1.7824E-02,0.003936721542248478
 1.7838E-02,0.007000965694019319
 1.7853E-02,0.010283967353422453
 1.7867E-02,0.01362851591306962
 1.7881E-02,0.016908553254386848
 1.7895E-02,0.020029131216003953
 1.7909E-02,0.02291736604196163
 1.7924E-02,0.025508380894825097
 1.7938E-02,0.027731543469037438
 1.7952E-02,0.029502110260965643
 1.7966E-02,0.03072173980365219
 1.7980E-02,0.031288692129344944
 1.7994E-02,0.031115623893461713
 1.8009E-02,0.030150525996103152
 1.8023E-02,0.02839519461955522
 1.8037E-02,0.02591600824830404
 1.8051E-02,0.02284360777016545
 1.8065E-02,0.019360847752931655
 1.8079E-02,0.015681345628092133
 1.8094E-02,0.012023295927424432
 1.8108E-02,0.008584312696287554
 1.8122E-02,0.005522638656551622
 1.8136E-02,0.0029482556790971634
 1.8150E-02,0.000924756199546164
 1.8165E-02,-0.0005199804693582217
 1.8179E-02,-0.0013784660080611573
 1.8193E-02,-0.001648806388587535
 1.8207E-02,-0.0013251698132045512
 1.8221E-02,-0.0003965183210942982
 1.8235E-02,0.001145958711209599
 1.8250E-02,0.0032949454376126224
 1.8264E-02,0.006010924454921349
 1.8278E-02,0.009209083438805034
 1.8292E-02,0.012753800334321773
 1.8306E-02,0.016463455135632514
 1.8321E-02,0.020125666835915428
 1.8335E-02,0.023520309914856475
 1.8349E-02,0.02644556496627016
 1.8363E-02,0.028741377928763596
 1.8377E-02,0.030305293786128798
 1.8391E-02,0.03109754583528419
 1.8406E-02,0.031135006442985596
 1.8420E-02,0.03047639796529556
 1.8434E-02,0.029203261739800288
 1.8448E-02,0.027402022456405585
 1.8462E-02,0.025151851559854735
 1.8477E-02,0.022521122349204118
 1.8491E-02,0.01957260626047788
 1.8505E-02,0.016374924480283153
 1.8519E-02,0.013015871718742213
 1.8533E-02,0.00961259085068928
 1.8547E-02,0.006314369602526516
 1.8562E-02,0.0032958303842904224
 1.8576E-02,0.0007409383263297926
 1.8590E-02,-0.0011791674235533942
 1.8604E-02,-0.0023297084886659877
 1.8618E-02,-0.0026318092935358668
 1.8633E-02,-0.0020735375404496693
 1.8647E-02,-0.0007099520668571117
 1.8661E-02,0.0013476813539404992
 1.8675E-02,0.00395075434189242
 1.8689E-02,0.00693565202359579
 1.8703E-02,0.010144312455306358
 1.8718E-02,0.013438498408120607
 1.8732E-02,0.016705180654014485
 1.8746E-02,0.0198529930122462
 1.8760E-02,0.02280223163990289
 1.8774E-02,0.02547264656353665
 1.8788E-02,0.027773826146715516
 1.8803E-02,0.02960215512017418
 1.8817E-02,0.03084636181364599
 1.8831E-02,0.03140110404957171
 1.8845E-02,0.031185587398789492
 1.8859E-02,0.030162549255086504
 1.8874E-02,0.02835254690573679
 1.8888E-02,0.025839478909398642
 1.8902E-02,0.022765383195757705
 1.8916E-02,0.019315216239634708
 1.8930E-02,0.015694799319986515
 1.8944E-02,0.012106749622323363
 1.8959E-02,0.008729567254092461
 1.8973E-02,0.0057040512027151
 1.8987E-02,0.00312916164772577
 1.9001E-02,0.0010669043008448816
 1.9015E-02,-0.0004465258576163587
 1.9030E-02,-0.0013876165207553255
 1.9044E-02,-0.0017349951965804193
 1.9058E-02,-0.0014650566678597074
 1.9072E-02,-0.0005553666792761008
 1.9086E-02,0.001004975320000821
 1.9100E-02,0.003201030327513796
 1.9115E-02,0.005978156529970244
 1.9129E-02,0.0092331357930383
 1.9143E-02,0.012813736413462647
 1.9157E-02,0.01652808071619519
 1.9171E-02,0.020162679222519995
 1.9186E-02,0.02350572588627363
 1.9200E-02,0.026370833773720855
 1.9214E-02,0.028616218466412883
 1.9228E-02,0.030155465726748546
 1.9242E-02,0.030958153223228965
 1.9256E-02,0.031041156882785102
 1.9271E-02,0.030453763657625452
 1.9285E-02,0.0292611122057618
 1.9299E-02,0.02753061915313137
 1.9313E-02,0.025324901667434136
 1.9327E-02,0.02270261191005595
 1.9342E-02,0.019726148275416647
 1.9356E-02,0.01647308691678868
 1.9370E-02,0.013046973086876957
 1.9384E-02,0.009583156565042205
 1.9398E-02,0.006246634004079167
 1.9412E-02,0.003221018738846679
 1.9427E-02,0.0006902017299170024
 1.9441E-02,-0.0011836706148976555
 1.9455E-02,-0.002281150803531953
 1.9469E-02,-0.0025407346514155623
 1.9483E-02,-0.0019650614239155903
 1.9497E-02,-0.0006168924751582634
 1.9512E-02,0.0013938703060617924
 1.9526E-02,0.003928780484644039
 1.9540E-02,0.006840521017019485
 1.9554E-02,0.009989126594425267
 1.9568E-02,0.013251416703644601
 1.9583E-02,0.016522349201224005
 1.9597E-02,0.01970934667026132
 1.9611E-02,0.022722643731737418
 1.9625E-02,0.025465805571440063
 1.9639E-02,0.027830473982693435
 1.9653E-02,0.02969813360869925
 1.9668E-02,0.03094960638727473
 1.9682E-02,0.031480652899041874
 1.9696E-02,0.031220132898052075
 1.9710E-02,0.030146194689338355
 1.9724E-02,0.02829620778834906
 1.9739E-02,0.025767570095905228
 1.9753E-02,0.022708728280973957
 1.9767E-02,0.019302147176241537
 1.9781E-02,0.015742900081094198
 1.9795E-02,0.012217509642337133
 1.9809E-02,0.008887406392087061
 1.9824E-02,0.005879983064479348
 1.9838E-02,0.003288103713023893
 1.9852E-02,0.001176661473058551
 1.9866E-02,-0.0004070209604801604
 1.9880E-02,-0.0014230125455210406
 1.9895E-02,-0.0018325822541383763
 1.9909E-02,-0.0015984019015360044
 1.9923E-02,-0.0006915171252500018
 1.9937E-02,0.0008966848512331261
 1.9951E-02,0.0031409471104261034
 1.9965E-02,0.005971216561424093
 1.9980E-02,0.009268061318997278
 1.9994E-02,0.012866710620106707
 2.0008E-02,0.016569869890436923
 2.0022E-02,0.020167236375991604
 2.0036E-02,0.02345790704776518
 2.0051E-02,0.026271100215755783
 2.0065E-02,0.02848102174181937
 2.0079E-02,0.030013194232467698
 2.0093E-02,0.030841735330759155
 2.0107E-02,0.03097933169279086
 2.0121E-02,0.030463394133688117
 2.0136E-02,0.029342628119478856
 2.0150E-02,0.02766782028998249
 2.0164E-02,0.025489162520318402
 2.0178E-02,0.02286033434477453
 2.0192E-02,0.019847434313844902
 2.0206E-02,0.01653928629503665
 2.0221E-02,0.013055082820257198
 2.0235E-02,0.009545920376118528
 2.0249E-02,0.00618836684808389
 2.0263E-02,0.0031703424211091814
 2.0277E-02,0.0006717060869065152
 2.0292E-02,-0.0011565516731770788
 2.0306E-02,-0.002210106227781886
 2.0320E-02,-0.0024423129770658482
 2.0334E-02,-0.00186625658694672
 2.0348E-02,-0.0005477830726582035
 2.0362E-02,0.00140842734591936
 2.0377E-02,0.0038761451314165583
 2.0391E-02,0.0067240510325070665
 2.0405E-02,0.009827708904079292
 2.0419E-02,0.013074863030248855
 2.0433E-02,0.016363888734046435
 2.0448E-02,0.019597233513955814
 2.0462E-02,0.02267313405328417
 2.0476E-02,0.025479384077442456
 2.0490E-02,0.02789232383094708
 2.0504E-02,0.02978268923851699
 2.0518E-02,0.03102791957584763
 2.0533E-02,0.03152854122424222
 2.0547E-02,0.03122487496564977
 2.0561E-02,0.03010994426785687
 2.0575E-02,0.028235207075617816
 2.0589E-02,0.025707399869682155
 2.0604E-02,0.022676919905420135
 2.0618E-02,0.0193201994077114
 2.0632E-02,0.01581989777985878
 2.0646E-02,0.012347094578587394
 2.0660E-02,0.009048930055539545
 2.0674E-02,0.006043532432548805
 2.0689E-02,0.0034220436105356225
 2.0703E-02,0.001255663230906982
 2.0717E-02,-0.0003956168070625996
 2.0731E-02,-0.0014761927982456643
 2.0745E-02,-0.0019327974056884945
 2.0760E-02,-0.0017185050054170988
 2.0774E-02,-0.000802147293007404
 2.0788E-02,0.000819281134562154
 2.0802E-02,0.0031087683559846762
 2.0816E-02,0.0059816790171017455
 2.0830E-02,0.009305231809136477
 2.0845E-02,0.012906235142351622
 2.0859E-02,0.016586229774410086
 2.0873E-02,0.020141331120385277
 2.0887E-02,0.02338287375021031
 2.0901E-02,0.026154760123905153
 2.0916E-02,0.028344265992741143
 2.0930E-02,0.0298847323283279
 2.0944E-02,0.030750626379812362
 2.0958E-02,0.030947325717800015
 2.0972E-02,0.03049916213950717
 2.0986E-02,0.029439442339356355
 2.1001E-02,0.02780530397665414
 2.1015E-02,0.025638621485404748
 2.1029E-02,0.02299221345443261
 2.1043E-02,0.01993887502467488
 2.1057E-02,0.01657974854386383
 2.1071E-02,0.013048536346472732
 2.1086E-02,0.009509055325094218
 2.1100E-02,0.006145360431847505
 2.1114E-02,0.00314565000188566
 2.1128E-02,0.0006828694577970694
 2.1142E-02,-0.0011041066709043296
 2.1157E-02,-0.0021248648051513134
 2.1171E-02,-0.002344574317714212
 2.1185E-02,-0.0017827177114838368
 2.1199E-02,-0.0005042753854672124
 2.1213E-02,0.001394077809158585
 2.1227E-02,0.0037991956721164467
 2.1242E-02,0.006594476394621703
 2.1256E-02,0.009667939054016101
 2.1270E-02,0.012914224607077553
 2.1284E-02,0.016231240471846303
 2.1298E-02,0.019513772317410093
 2.1313E-02,0.02264729854902094
 2.1327E-02,0.02550520985701254
 2.1341E-02,0.027951664935156512
 2.1355E-02,0.029850669342024048
 2.1369E-02,0.031080100159380245
 2.1383E-02,0.03154783209970764
 2.1398E-02,0.031206291572885493
 2.1412E-02,0.030061914662587348
 2.1426E-02,0.028177084525819917
 2.1440E-02,0.02566388123702347
 2.1454E-02,0.022670917469623648
 2.1469E-02,0.019366132420649104
 2.1483E-02,0.015919248063243116
 2.1497E-02,0.012487445933855888
 2.1511E-02,0.009206759023945502
 2.1525E-02,0.006189999637732562
 2.1539E-02,0.003530226666254002
 2.1554E-02,0.0013072903812403084
 2.1568E-02,-0.00040572891328379793
 2.1582E-02,-0.0015391661048866766
 2.1596E-02,-0.0020284143333839195
 2.1610E-02,-0.0018208604581449984
 2.1624E-02,-0.000886683458544656
 2.1639E-02,0.000769265447035506
 2.1653E-02,0.00309788689190441
 2.1667E-02,0.00600163194399422
 2.1681E-02,0.009337582231260537
 2.1695E-02,0.01292800685962174
 2.1710E-02,0.016576778127170386
 2.1724E-02,0.02008859200741083
 2.1738E-02,0.02328726442997524
 2.1752E-02,0.02602964533873093
 2.1766E-02,0.02821284127667831
 2.1780E-02,0.029774156832504433
 2.1795E-02,0.030684990968716446
 2.1809E-02,0.030941361270688066
 2.1823E-02,0.030554390682192237
 2.1837E-02,0.02954380655121828
 2.1851E-02,0.02793636306405742
 2.1866E-02,0.02576943370696024
 2.1880E-02,0.02309830220767251
 2.1894E-02,0.02000439266545158
 2.1908E-02,0.01660118481207298
 2.1922E-02,0.01303499971747652
 2.1936E-02,0.00947909653307223
 2.1951E-02,0.006121248877703158
 2.1965E-02,0.003146699165891444
 2.1979E-02,0.0007196530665401087
 2.1993E-02,-0.0010330619513084518
 2.2007E-02,-0.0020330074885522445
 2.2022E-02,-0.0022538965575605316
 2.2036E-02,-0.001717895348332609
 2.2050E-02,-0.0004859677714968366
 2.2064E-02,0.0013549528455615565
 2.2078E-02,0.003704658958081361
 2.2092E-02,0.006459285335132348
 2.2107E-02,0.009516031807700522
 2.2121E-02,0.01277276050452868
 2.2135E-02,0.01612383404202343
 2.2149E-02,0.01945473289055339
 2.2163E-02,0.02263841091979892
 2.2178E-02,0.025535898943009207
 2.2192E-02,0.028002466859660277
 2.2206E-02,0.029899033254538823
 2.2220E-02,0.031106914227010805
 2.2234E-02,0.031542876120585234
 2.2248E-02,0.03117112028344482
 2.2263E-02,0.030009387289760752
 2.2277E-02,0.028127681269904847
 2.2291E-02,0.025639830752583647
 2.2305E-02,0.02268975790126076
 2.2319E-02,0.019435479241360187
 2.2333E-02,0.016034206812781542
 2.2348E-02,0.012631382640159516
 2.2362E-02,0.00935522661870546
 2.2376E-02,0.006316764921933629
 2.2390E-02,0.003613779837889136
 2.2404E-02,0.0013360973202372678
 2.2419E-02,-0.0004306230517570572
 2.2433E-02,-0.001604852297320261
 2.2447E-02,-0.0021139275566604116
 2.2461E-02,-0.001903023877572655
 2.2475E-02,-0.0009463933778470281
 2.2489E-02,0.0007420155325783673
 2.2504E-02,0.0031015918139035716
 2.2518E-02,0.006024103783432428
 2.2532E-02,0.009359773130837168
 2.2546E-02,0.012929762187680275
 2.2560E-02,0.016542931123735324
 2.2575E-02,0.020013716985276184
 2.2589E-02,0.023177769750012726
 2.2603E-02,0.025902612295270872
 2.2617E-02,0.02809190388528845
 2.2631E-02,0.02968352717406105
 2.2645E-02,0.030643242845378647
 2.2660E-02,0.030956651868713603
 2.2674E-02,0.03062240779732843
 2.2688E-02,0.029648986203176533
 2.2702E-02,0.028056033418997418
 2.2716E-02,0.02587974978376066
 2.2731E-02,0.023180357747494718
 2.2745E-02,0.020048859926403397
 2.2759E-02,0.01661024722170289
 2.2773E-02,0.013021090208035609
 2.2787E-02,0.009460829132574955
 2.2801E-02,0.006117692814764894
 2.2816E-02,0.0031715868947773166
 2.2830E-02,0.0007771194099191314
 2.2844E-02,-0.0009500398054291246
 2.2858E-02,-0.0019410402523439626
 2.2872E-02,-0.002174906468484306
 2.2887E-02,-0.001673289780175483
 2.2901E-02,-0.0004908385368038353
 2.2915E-02,0.001296035335644034
 2.2929E-02,0.0035991170104231404
 2.2943E-02,0.0063248676779191155
 2.2957E-02,0.009376451662824815
 2.2972E-02,0.01265180535059842
 2.2986E-02,0.01603952375851406
 2.3000E-02,0.01941508548579293
 2.3014E-02,0.022639935431588744
 2.3028E-02,0.025565192574453516
 2.3042E-02,0.028040449557912312
 2.3057E-02,0.029926637328129516
 2.3071E-02,0.031110654581958
 2.3085E-02,0.03151876589686849
 2.3099E-02,0.031125856725255453
 2.3113E-02,0.02995848713760294
 2.3128E-02,0.0280910857132085
 2.3142E-02,0.025636195142378262
 2.3156E-02,0.022731000231915002
 2.3170E-02,0.019523087257387474
 2.3184E-02,0.016158319915417448
 2.3198E-02,0.012772906967130614
 2.3213E-02,0.009490418346515902
 2.3227E-02,0.006423051950874422
 2.3241E-02,0.0036752641854103174
 2.3255E-02,0.0013472755995947061
 2.3269E-02,-0.000463894748491441
 2.3284E-02,-0.0016673749175489954
 2.3298E-02,-0.0021855796708336447
 2.3312E-02,-0.001964367432005576
 2.3326E-02,-0.0009839372177883234
 2.3340E-02,0.0007323166710422723
 2.3354E-02,0.0031135373288113622
 2.3369E-02,0.00604334313143806
 2.3383E-02,0.009368206115675109
 2.3397E-02,0.012911025015082171
 2.3411E-02,0.016487453142119968
 2.3425E-02,0.01992194811547054
 2.3440E-02,0.023060675398249877
 2.3454E-02,0.02577927707287779
 2.3468E-02,0.02798487504081667
 2.3482E-02,0.029613147085832906
 2.3496E-02,0.030622497369169492
 2.3510E-02,0.03098792162224632
 2.3525E-02,0.03069699130422035
 2.3539E-02,0.029749509892260353
 2.3553E-02,0.028161080760447366
 2.3567E-02,0.02596944450273623
 2.3581E-02,0.023241386659259296
 2.3596E-02,0.02007758602203671
 2.3610E-02,0.016613095714920378
 2.3624E-02,0.013012141337485912
 2.3638E-02,0.009457314527533463
 2.3652E-02,0.006134658718124094
 2.3666E-02,0.0032172050981926457
 2.3681E-02,0.0008499399445718071
 2.3695E-02,-0.0008611365398415222
 2.3709E-02,-0.001854171957916083
 2.3723E-02,-0.0021105168934217235
 2.3737E-02,-0.0016487365860578334
 2.3751E-02,-0.0005157016399443314
 2.3766E-02,0.0012226582082505814
 2.3780E-02,0.0034885956173966834
 2.3794E-02,0.006196305013549682
 2.3808E-02,0.009251960767072596
 2.3822E-02,0.012551060947327022
 2.3837E-02,0.015975043769845237
 2.3851E-02,0.01938949519697906
 2.3865E-02,0.022645926068301004
 2.3879E-02,0.025588152938888525
 2.3893E-02,0.0280630231825696
 2.3907E-02,0.02993393607634915
 2.3922E-02,0.031094685418804814
 2.3936E-02,0.03148084883784746
 2.3950E-02,0.031076368339683982
 2.3964E-02,0.029914002345906097
 2.3978E-02,0.02806970732912686
 2.3993E-02,0.025652358287113528
 2.4007E-02,0.022791181407582597
 2.4021E-02,0.019623598412890547
 2.4035E-02,0.016285797308447633
 2.4049E-02,0.01290737122511009
 2.4063E-02,0.009610086725280666
 2.4078E-02,0.006509614742499302
 2.4092E-02,0.003718219648508284
 2.4106E-02,0.001346180578699729
 2.4120E-02,-0.0004998322653653753
 2.4134E-02,-0.0017222157877873475
 2.4149E-02,-0.0022412663885011353
 2.4163E-02,-0.002005762066335853
 2.4177E-02,-0.0010029139624196375
 2.4191E-02,0.000734827637076459
 2.4205E-02,0.0031280947276526574
 2.4219E-02,0.006054961693562021
 2.4234E-02,0.009360919735568591
 2.4248E-02,0.012872784619974709
 2.4262E-02,0.016414004962415504
 2.4276E-02,0.019818613317231695
 2.4290E-02,0.022941522018023828
 2.4305E-02,0.02566388556311808
 2.4319E-02,0.027893555782564486
 2.4333E-02,0.029561891941786732
 2.4347E-02,0.03061902134276035
 2.4361E-02,0.031029854637299494
 2.4375E-02,0.030772695452143534
 2.4390E-02,0.029841284778395594
 2.4404E-02,0.028249874149386612
 2.4418E-02,0.026039783649756097
 2.4432E-02,0.0232851964744244
 2.4446E-02,0.020095875314794644
 2.4460E-02,0.016615083823485165
 2.4475E-02,0.013012100745651602
 2.4489E-02,0.009470027329692685
 2.4503E-02,0.0061707568320739665
 2.4517E-02,0.0032796871012492086
 2.4531E-02,0.0009328286951672511
 2.4546E-02,-0.0007716191972769449
 2.4560E-02,-0.0017762230984281078
 2.4574E-02,-0.002062071482422864
 2.4588E-02,-0.0016427472995363226
 2.4602E-02,-0.0005566502024635994
 2.4616E-02,0.001140078758573075
 2.4631E-02,0.003378271927711454
 2.4645E-02,0.006077290432306698
 2.4659E-02,0.009143771768797607
 2.4673E-02,0.012468939842762448
 2.4687E-02,0.015926448331682098
 2.4702E-02,0.01937273899916267
 2.4716E-02,0.022651307135062623
 2.4730E-02,0.02560123158129531
 2.4744E-02,0.028069126471392647
 2.4758E-02,0.029922635344865025
 2.4772E-02,0.031063005369693246
 2.4787E-02,0.031434319396525794
 2.4801E-02,0.031027626762575283
 2.4815E-02,0.029879329052699563
 2.4829E-02,0.02806444814073014
 2.4843E-02,0.025686491769524686
 2.4858E-02,0.02286624984881172
 2.4872E-02,0.019731847593045
 2.4886E-02,0.016411768056007935
 2.4900E-02,0.013031520745757771
 2.4914E-02,0.009713471217010498
 2.4928E-02,0.006578384184268222
 2.4943E-02,0.0037467346733466625
 2.4957E-02,0.0013379412028778743
 2.4971E-02,-0.0005336609702151537
 2.4985E-02,-0.0017662478181069174
 2.4999E-02,-0.002280349715400429
 2.5014E-02,-0.00202922254279592
 2.5028E-02,-0.0010074351627088283
 2.5042E-02,0.0007444624602042759
 2.5056E-02,0.0031405863474746522
 2.5070E-02,0.006055957545422654
 2.5084E-02,0.009337396482029584
 2.5099E-02,0.012817139573193966
 2.5113E-02,0.016326721898674616
 2.5127E-02,0.01970875364891438
 2.5141E-02,0.022824882824921854
 2.5155E-02,0.025559301353573927
 2.5169E-02,0.02781832761275749
 2.5184E-02,0.029527566763959907
 2.5198E-02,0.030628650391925256
 2.5212E-02,0.031077458014571627
 2.5226E-02,0.030845061007153812
 2.5240E-02,0.029921597177338024
 2.5255E-02,0.0283221776938485
 2.5269E-02,0.026093064262095546
 2.5283E-02,0.023315982908385047
 2.5297E-02,0.020108674028018796
 2.5311E-02,0.016620560716355124
 2.5325E-02,0.013023540797163061
 2.5340E-02,0.009499070848743303
 2.5354E-02,0.00622360227694445
 2.5368E-02,0.0033548158662151857
 2.5382E-02,0.0010208867371042586
 2.5396E-02,-0.0006857379553115719
 2.5411E-02,-0.001709645376293634
 2.5425E-02,-0.0020295654376321142
 2.5439E-02,-0.001652870802845126
 2.5453E-02,-0.0006094600884028031
 2.5467E-02,0.0010531424695887153
 2.5481E-02,0.003272296596110254
 2.5496E-02,0.005970156622328939
 2.5510E-02,0.009051773418988916
 2.5524E-02,0.012402926409282365
 2.5538E-02,0.015889509784442226
 2.5552E-02,0.019360032375373985
 2.5567E-02,0.02265204002269109
 2.5581E-02,0.025602231516290576
 2.5595E-02,0.02805899520578796
 2.5609E-02,0.029895330781811846
 2.5623E-02,0.031019854852352716
 2.5637E-02,0.031383902316832676
 2.5652E-02,0.03098355293877211
 2.5666E-02,0.029856519932445313
 2.5680E-02,0.02807494069679784
 2.5694E-02,0.025735916828047704
 2.5708E-02,0.02295195249873465
 2.5723E-02,0.019843169482403132
 2.5737E-02,0.0165324239399012
 2.5751E-02,0.013143435779088922
 2.5765E-02,0.009801054904277523
 2.5779E-02,0.006632106185449
 2.5793E-02,0.003765064469623224
 2.5808E-02,0.0013271620247048924
 2.5822E-02,-0.0005616770255915831
 2.5836E-02,-0.0017976687686872864
 2.5850E-02,-0.0023034105023819157
 2.5864E-02,-0.0020375465334371784
 2.5878E-02,-0.0010017487932467758
 2.5893E-02,0.0007566798183494445
 2.5907E-02,0.003147410088267394
 2.5921E-02,0.006044641593200131
 2.5935E-02,0.009298311842717785
 2.5949E-02,0.012746938146673985
 2.5964E-02,0.01622984364462363
 2.5978E-02,0.019596843248079407
 2.5992E-02,0.022714249461737335
 2.6006E-02,0.02546708790844809
 2.6020E-02,0.02775840787709956
 2.6034E-02,0.029507264633136004
 2.6049E-02,0.03064715246441472
 2.6063E-02,0.03112633146692651
 2.6077E-02,0.03091071790895957
 2.6091E-02,0.029989020856223493
 2.6105E-02,0.028378890067146854
 2.6120E-02,0.026132256802564605
 2.6134E-02,0.02333797236575026
 2.6148E-02,0.020120310302493068
 2.6162E-02,0.01663277910668861
 2.6176E-02,0.013047758715743209
 2.6190E-02,0.009543441511790849
 2.6205E-02,0.006290171348333555
 2.6219E-02,0.0034383751626748974
 2.6233E-02,0.0011098530228778182
 2.6247E-02,-0.0006066432935575446
 2.6261E-02,-0.0016556287419451118
 2.6276E-02,-0.0020119127620104823
 2.6290E-02,-0.0016760477822190048
 2.6304E-02,-0.0006699351473201302
 2.6318E-02,0.0009660405798272702
 2.6332E-02,0.0031737195379230665
 2.6346E-02,0.005875989309176134
 2.6361E-02,0.00897480018547505
 2.6375E-02,0.012349928849016334
 2.6389E-02,0.015860057063967523
 2.6403E-02,0.019347262438991774
 2.6417E-02,0.022645187978310027
 2.6432E-02,0.025590186645622886
 2.6446E-02,0.02803388975029268
 2.6460E-02,0.029855158218734544
 2.6474E-02,0.03096938479045067
 2.6488E-02,0.031333629870927665
 2.6502E-02,0.030946963160029654
 2.6517E-02,0.029846413107360543
 2.6531E-02,0.028099824086003186
 2.6545E-02,0.02579745182902892
 2.6559E-02,0.02304415899305088
 2.6573E-02,0.019953611392440153
 2.6588E-02,0.016645063500957104
 2.6602E-02,0.013242395367779188
 2.6616E-02,0.0098742857874589
 2.6630E-02,0.0066739965642842215
 2.6644E-02,0.0037773133984140236
 2.6658E-02,0.0013177191745816796
 2.6673E-02,-0.0005812829181164585
 2.6687E-02,-0.0018158592876242473
 2.6701E-02,-0.0023119681541390186
 2.6715E-02,-0.002033972489082557
 2.6729E-02,-0.0009899282276603061
 2.6743E-02,0.0007676787761918948
 2.6758E-02,0.003146067214167215
 2.6772E-02,0.006020490490966075
 2.6786E-02,0.009245252864367564
 2.6800E-02,0.012665439415800452
 2.6814E-02,0.016127410190327172
 2.6829E-02,0.019486602576498584
 2.6843E-02,0.022612012893548982
 2.6857E-02,0.02538766164835545
 2.6871E-02,0.027712132707045114
 2.6885E-02,0.02949770200811569
 2.6899E-02,0.03067052409029263
 2.6914E-02,0.031172844054770336
 2.6928E-02,0.030967394831523266
 2.6942E-02,0.030043257436190476
 2.6956E-02,0.028421759821662493
 2.6970E-02,0.02616067334765569
 2.6985E-02,0.02335513350166988
 2.6999E-02,0.020134327468263918
 2.7013E-02,0.016653895140292217
 2.7027E-02,0.013084942513589264
 2.7041E-02,0.009601315165876784
 2.7055E-02,0.006367130059789141
 2.7070E-02,0.0035264310965890146
 2.7084E-02,0.0011962627527290154
 2.7098E-02,-0.0005363932553582357
 2.7112E-02,-0.0016142717184709709
 2.7126E-02,-0.0020072328853493917
 2.7141E-02,-0.001708935518417613
 2.7155E-02,-0.0007341819488303178
 2.7169E-02,0.0008821597369821226
 2.7183E-02,0.003084504286694436
 2.7197E-02,0.0057948017951327604
 2.7211E-02,0.008910919002978758
 2.7226E-02,0.012306599906206282
 2.7240E-02,0.015834243183373026
 2.7254E-02,0.019331129737549774
 2.7268E-02,0.022628894157867223
 2.7282E-02,0.025565182617902645
 2.7296E-02,0.02799580801594104
 2.7311E-02,0.029805477242567487
 2.7325E-02,0.03091539703649079
 2.7339E-02,0.03128670957946344
 2.7353E-02,0.0309195995888661
 2.7367E-02,0.029848816511039055
 2.7382E-02,0.0281370313481009
 2.7396E-02,0.025867724119871104
 2.7410E-02,0.023139113035946984
 2.7424E-02,0.020060056025549902
 2.7438E-02,0.01674805327009327
 2.7452E-02,0.013328688130422421
 2.7467E-02,0.009935289026225634
 2.7481E-02,0.006707433218188268
 2.7495E-02,0.0037871906895160234
 2.7509E-02,0.001312645665490643
 2.7523E-02,-0.0005909419494471886
 2.7538E-02,-0.001821190146299457
 2.7552E-02,-0.002308193413716776
 2.7566E-02,-0.0020218761558888315
 2.7580E-02,-0.0009756347789548194
 2.7594E-02,0.0007745061121050979
 2.7608E-02,0.0031351109240274353
 2.7623E-02,0.005983950975096287
 2.7637E-02,0.00918043187037828
 2.7651E-02,0.012576014427118583
 2.7665E-02,0.016023031675449596
 2.7679E-02,0.019380899258427745
 2.7694E-02,0.022519521699125567
 2.7708E-02,0.025320491247357708
 2.7722E-02,0.027677242584371615
 2.7736E-02,0.02949551255657515
 2.7750E-02,0.030695212510896946
 2.7764E-02,0.03121422443228893
 2.7779E-02,0.03101385345563739
 2.7793E-02,0.030084933127076434
 2.7807E-02,0.02845310038976759
 2.7821E-02,0.026181678702634447
 2.7835E-02,0.023370963060032265
 2.7850E-02,0.02015340257099473
 2.7864E-02,0.01668504125280756
 2.7878E-02,0.01313437779282061
 2.7892E-02,0.009670331156528284
 2.7906E-02,0.006451118106496447
 2.7920E-02,0.003615538919838682
 2.7935E-02,0.0012775212107774278
 2.7949E-02,-0.0004760321530034102
 2.7963E-02,-0.0015847907986545901
 2.7977E-02,-0.0020131335484893844
 2.7991E-02,-0.0017481873231670166
 2.8005E-02,-0.0007988100382699004
 2.8020E-02,0.000804014910624039
 2.8034E-02,0.003005611744109309
 2.8048E-02,0.005725746232577318
 2.8062E-02,0.008857710244596417
 2.8076E-02,0.012269611004536317
 2.8091E-02,0.015808738118952628
 2.8105E-02,0.019309207776115944
 2.8119E-02,0.0226022920772231
 2.8133E-02,0.02552814308257612
 2.8147E-02,0.02794720611406892
 2.8161E-02,0.029749602526316782
 2.8176E-02,0.030861159501002225
 2.8190E-02,0.031245473184261862
 2.8204E-02,0.0309022264880901
 2.8218E-02,0.029862724650930955
 2.8232E-02,0.02818406735624246
 2.8247E-02,0.025943433235486677
 2.8261E-02,0.023233609427720212
 2.8275E-02,0.0201602645218125
 2.8289E-02,0.016840725618348186
 2.8303E-02,0.013403393185722165
 2.8317E-02,0.009986590861770228
 2.8332E-02,0.006735698218197783
 2.8346E-02,0.0037978406525048035
 2.8360E-02,0.0013140954682394454
 2.8374E-02,-0.0005900710510111102
 2.8388E-02,-0.0018148015394855892
 2.8403E-02,-0.002294634389952978
 2.8417E-02,-0.0020045177724698415
 2.8431E-02,-0.0009619544991544206
 2.8445E-02,0.0007750859995600623
 2.8459E-02,0.0031140349351961327
 2.8473E-02,0.0059362180675376856
 2.8488E-02,0.009106414867656135
 2.8502E-02,0.012481898731968552
 2.8516E-02,0.015919732183235565
 2.8530E-02,0.019281725237877245
 2.8544E-02,0.02243719828463645
 2.8559E-02,0.02526432075590448
 2.8573E-02,0.027651151261185176
 2.8587E-02,0.029497488518884236
 2.8601E-02,0.030718263886932953
 2.8615E-02,0.031248575874609174
 2.8629E-02,0.031049766674490595
 2.8644E-02,0.03011537373099219
 2.8658E-02,0.028475523487001542
 2.8672E-02,0.026198454909389157
 2.8686E-02,0.02338834544812837
 2.8700E-02,0.020179338853902405
 2.8714E-02,0.01672645310281263
 2.8729E-02,0.013194674134904064
 2.8743E-02,0.009747856325380787
 2.8757E-02,0.006538978681128705
 2.8771E-02,0.003702876440332343
 2.8785E-02,0.0013519049303080907
 2.8800E-02,-0.0004257214982034052
 2.8814E-02,-0.001565747507402264
 2.8828E-02,-0.0020269720927166336
 2.8842E-02,-0.0017906770847383865
 2.8856E-02,-0.0008610589844296826
 2.8870E-02,0.0007332539327599302
 2.8885E-02,0.0029371345829931035
 2.8899E-02,0.005667340944558424
 2.8913E-02,0.008812525940710228
 2.8927E-02,0.012235871176216393
 2.8941E-02,0.015780849160836753
 2.8956E-02,0.019279932463796067
 2.8970E-02,0.02256536750445889
 2.8984E-02,0.025480602055249817
 2.8998E-02,0.027890743462585677
 2.9012E-02,0.029690591158505544
 2.9026E-02,0.03080929344486713
 2.9041E-02,0.031211394204196087
 2.9055E-02,0.03089477275028868
 2.9069E-02,0.02988654682010306
 2.9083E-02,0.028238260262294194
 2.9097E-02,0.026021557061617726
 2.9112E-02,0.02332509901853228
 2.9126E-02,0.02025285200950977
 2.9140E-02,0.016923231991082602
 2.9154E-02,0.013468151369072433
 2.9168E-02,0.010030870242236893
 2.9182E-02,0.006761777346416224
 2.9197E-02,0.0038117443511341068
 2.9211E-02,0.0013233736095311249
 2.9225E-02,-0.0005788909149160805
 2.9239E-02,-0.0017983745295535392
 2.9253E-02,-0.002273971554551027
 2.9268E-02,-0.0019848470728634415
 2.9282E-02,-0.0009513058480123532
 2.9296E-02,0.0007681850188145753
 2.9310E-02,0.0030831211228716402
 2.9324E-02,0.005879007099536768
 2.9338E-02,0.009025880105787743
 2.9353E-02,0.012386003091406896
 2.9367E-02,0.015819863817187828
 2.9381E-02,0.019190237181227636
 2.9395E-02,0.022364694142664808
 2.9409E-02,0.025217397059843404
 2.9423E-02,0.027631183285044963
 2.9438E-02,0.029500763653986187
 2.9452E-02,0.030737402100274407
 2.9466E-02,0.031274829886250965
 2.9480E-02,0.03107556011107048
 2.9494E-02,0.030136377641720072
 2.9509E-02,0.028491705663679555
 2.9523E-02,0.026213824939879227
 2.9537E-02,0.023409481355669347
 2.9551E-02,0.020213118343485506
 2.9565E-02,0.016777631380363093
 2.9579E-02,0.013263991777035328
 2.9594E-02,0.00983121477779404
 2.9608E-02,0.006627928975801318
 2.9622E-02,0.003786309227444343
 2.9636E-02,0.0014185043009753897
 2.9650E-02,-0.0003849039909960344
 2.9665E-02,-0.0015552741421162094
 2.9679E-02,-0.002046081524984075
 2.9693E-02,-0.001833664365259227
 2.9707E-02,-0.0009188579732818186
 2.9721E-02,0.0006707191678835636
 2.9735E-02,0.0028784629970013656
 2.9750E-02,0.005617694904724147
 2.9764E-02,0.008772711869599506
 2.9778E-02,0.012202686500816257
 2.9792E-02,0.015748574641278126
 2.9806E-02,0.019242535920122653
 2.9821E-02,0.022518790769055552
 2.9835E-02,0.02542448069996462
 2.9849E-02,0.027829064974910816
 2.9863E-02,0.02963108949874849
 2.9877E-02,0.030761726447784236
 2.9891E-02,0.031185159419106885
 2.9906E-02,0.030896501990091134
 2.9920E-02,0.029918329133839093
 2.9934E-02,0.02829697486823705
 2.9948E-02,0.02609949852932023
 2.9962E-02,0.02341172907148817
 2.9977E-02,0.020337211041105342
 2.9991E-02,0.016996370641227953
 3.0005E-02,0.01352494441205556
 3.0019E-02,0.010070749605343257
 3.0033E-02,0.006788219249368716
 3.0047E-02,0.003830685105747102
 3.0062E-02,0.0013410169914885887
 3.0076E-02,-0.0005582521974310767
 3.0090E-02,-0.0017739117232340332
 3.0104E-02,-0.0022488124909897274
 3.0118E-02,-0.0019653676687330797
 3.0132E-02,-0.0009454102036991199
 3.0147E-02,0.0007533279092971257
 3.0161E-02,0.0030432647909046135
 3.0175E-02,0.0058143362295199445
 3.0189E-02,0.008941417025076713
 3.0203E-02,0.012290783385564198
 3.0218E-02,0.015725082644078618
 3.0232E-02,0.019106844591315994
 3.0246E-02,0.022301065761773313
 3.0260E-02,0.025177685423657826
 3.0274E-02,0.027614770402363615
 3.0288E-02,0.02950293713544197
 3.0303E-02,0.03075104668020311
 3.0317E-02,0.03129265364357685
 3.0331E-02,0.031092234649749875
 3.0345E-02,0.030150002064528364
 3.0359E-02,0.028504196521035335
 3.0374E-02,0.026230135007655968
 3.0388E-02,0.023435875890967274
 3.0402E-02,0.020254998626129755
 3.0416E-02,0.016837520497420762
 3.0430E-02,0.013340253352286715
 3.0444E-02,0.009917875042453034
 3.0459E-02,0.006715672038382425
 3.0473E-02,0.0038643970710395986
 3.0487E-02,0.0014771232369583946
 3.0501E-02,-0.00035248307069157955
 3.0515E-02,-0.0015512835880952284
 3.0530E-02,-0.0020679536121516262
 3.0544E-02,-0.0018749012404800011
 3.0558E-02,-0.0009708277185685181
 3.0572E-02,0.0006165506483681033
 3.0586E-02,0.0028284645136286927
 3.0600E-02,0.005574715166864008
 3.0615E-02,0.008735786221395075
 3.0629E-02,0.012167861614488776
 3.0643E-02,0.015710601001820784
 3.0657E-02,0.01919694027020647
 3.0671E-02,0.022463736525632504
 3.0686E-02,0.025361882350188755
 3.0700E-02,0.027764627205098168
 3.0714E-02,0.029573237655796766
 3.0728E-02,0.0307197009354481
 3.0742E-02,0.03116677873981434
 3.0756E-02,0.030906193473770632
 3.0771E-02,0.029955957014402883
 3.0785E-02,0.028357781490831048
 3.0799E-02,0.026175175044309554
 3.0813E-02,0.023492329220717943
 3.0827E-02,0.020413398269570376
 3.0841E-02,0.01706140518651464
 3.0856E-02,0.013575894935944547
 3.0870E-02,0.010108630711133363
 3.0884E-02,0.006817051559752752
 3.0898E-02,0.003855767375532563
 3.0912E-02,0.0013669105315310117
 3.0927E-02,-0.0005294539759846464
 3.0941E-02,-0.001743539779529979
 3.0955E-02,-0.0022215320360110366
 3.0969E-02,-0.0019480580104462477
 3.0983E-02,-0.000945314775966988
 3.0997E-02,0.0007306792795046776
 3.1012E-02,0.0029957934233997285
 3.1026E-02,0.005744331632554935
 3.1040E-02,0.008855370801953097
 3.1054E-02,0.012198166571455126
 3.1068E-02,0.015636375861964574
 3.1083E-02,0.01903133041141002
 3.1097E-02,0.022244955522503298
 3.1111E-02,0.025143061259474922
 3.1125E-02,0.0275996019974098
 3.1139E-02,0.02950214188109196
 3.1153E-02,0.03075828072784767
 3.1168E-02,0.031302326611896636
 3.1182E-02,0.03110118567370334
 3.1196E-02,0.03015837430665155
 3.1210E-02,0.028515273469766168
 3.1224E-02,0.02624919217799708
 3.1239E-02,0.02346837572181442
 3.1253E-02,0.02030463905897828
 3.1267E-02,0.016904689241904414
 3.1281E-02,0.013421329717852615
 3.1295E-02,0.010005590606400258
 3.1309E-02,0.0068004540445833666
 3.1324E-02,0.003936352759268073
 3.1338E-02,0.0015281510017860545
 3.1352E-02,-0.00032700296486794884
 3.1366E-02,-0.0015516522258792378
 3.1380E-02,-0.0020903750384727218
 3.1395E-02,-0.0019126849606803985
 3.1409E-02,-0.0010162356564119152
 3.1423E-02,0.0005703158371897527
 3.1437E-02,0.002785663215544739
 3.1451E-02,0.0055362867608257
 3.1465E-02,0.00869957136958792
 3.1480E-02,0.012129747778763798
 3.1494E-02,0.015666254420154953
 3.1508E-02,0.01914362633067542
 3.1522E-02,0.022401705504106736
 3.1536E-02,0.025294915978949506
 3.1551E-02,0.0276995715635092
 3.1565E-02,0.029518626766122106
 3.1579E-02,0.030683826827580966
 3.1593E-02,0.03115571852479381
 3.1607E-02,0.030922319500467286
 3.1621E-02,0.029997328181301762
 3.1636E-02,0.028418577487386115
 3.1650E-02,0.02624705565607685
 3.1664E-02,0.023566354461194667
 3.1678E-02,0.02048199908414706
 3.1692E-02,0.01711988795748834
 3.1706E-02,0.013623096655156545
 3.1721E-02,0.010146577790535358
 3.1735E-02,0.0068497485151294436
 3.1749E-02,0.0038874773165299206
 3.1763E-02,0.001400423883832315
 3.1777E-02,-0.0004940682197587143
 3.1792E-02,-0.0017093427943260533
 3.1806E-02,-0.002194159699472559
 3.1820E-02,-0.0019343431547508701
 3.1834E-02,-0.0009514560681108649
 3.1848E-02,0.0007009059863192035
 3.1862E-02,0.0029422924951782664
 3.1877E-02,0.0056710641316747475
 3.1891E-02,0.00876973409880449
 3.1905E-02,0.01210952673444942
 3.1919E-02,0.01555412833871657
 3.1933E-02,0.018962989629696534
 3.1948E-02,0.02219476442471821
 3.1962E-02,0.02511146988848566
 3.1976E-02,0.027583728485505776
 3.1990E-02,0.02949706365518916
 3.2004E-02,0.030758780834226136
 3.2018E-02,0.031304600677729624
 3.2033E-02,0.031104031741668557
 3.2047E-02,0.03016353575620407
 3.2061E-02,0.02852684342789931
 3.2075E-02,0.02627225032517614
 3.2089E-02,0.02350724279944403
 3.2104E-02,0.020361241885843047
 3.2118E-02,0.016977500679510284
 3.2132E-02,0.013505192378438658
 3.2146E-02,0.010092493531238509
 3.2160E-02,0.006881073903063882
 3.2174E-02,0.004001965359529983
 3.2189E-02,0.0015724202761460146
 3.2203E-02,-0.0003068171168816461
 3.2217E-02,-0.0015543690958128031
 3.2231E-02,-0.0021115169431727672
 3.2245E-02,-0.0019458638152861176
 3.2260E-02,-0.0010549168654787255
 3.2274E-02,0.0005311518905821459
 3.2288E-02,0.002748406373280802
 3.2302E-02,0.005500418409954131
 3.2316E-02,0.008662279213874816
 3.2330E-02,0.012087244901724734
 3.2345E-02,0.015615419259227714
 3.2359E-02,0.019083490943216763
 3.2373E-02,0.02233435972967276
 3.2387E-02,0.025225554199214368
 3.2401E-02,0.027635643645887886
 3.2415E-02,0.029468301376144476
 3.2430E-02,0.030654166014038416
 3.2444E-02,0.03115104485053096
 3.2458E-02,0.03094320825477151
 3.2472E-02,0.030040490696236682
 3.2486E-02,0.028477663023978042
 3.2501E-02,0.026314154166285842
 3.2515E-02,0.023633797776048134
 3.2529E-02,0.02054398381372108
 3.2543E-02,0.017173499081641157
 3.2557E-02,0.01366848014461383
 3.2571E-02,0.010186246371431487
 3.2586E-02,0.006887241944281925
 3.2600E-02,0.003925772651255965
 3.2614E-02,0.0014405555301804452
 3.2628E-02,-0.0004537807410521584
 3.2642E-02,-0.0016732314570048776
 3.2657E-02,-0.0021683123819878185
 3.2671E-02,-0.0019251090465857692
 3.2685E-02,-0.0009637515573303635
 3.2699E-02,0.0006650331917709248
 3.2713E-02,0.0028844484928276805
 3.2727E-02,0.005596421818296553
 3.2742E-02,0.008686083743402708
 3.2756E-02,0.012025702777436262
 3.2770E-02,0.015478216201248323
 3.2784E-02,0.018900773054896413
 3.2798E-02,0.02214880678482152
 3.2813E-02,0.025081050059208528
 3.2827E-02,0.027565620172158724
 3.2841E-02,0.029486919490412634
 3.2855E-02,0.030752721230360193
 3.2869E-02,0.03130055638957216
 3.2883E-02,0.031102462233818847
 3.2898E-02,0.030167322444092343
 3.2912E-02,0.02854038868921431
 3.2926E-02,0.02630003579345965
 3.2940E-02,0.023552252528740936
 3.2954E-02,0.020423695944860452
 3.2969E-02,0.01705426216319109
 3.2983E-02,0.013590029013084886
 3.2997E-02,0.010177144242402372
 3.3011E-02,0.006956854020849167
 3.3025E-02,0.0040615001690990984
 3.3039E-02,0.0016110636831910686
 3.3054E-02,-0.00029023602088766045
 3.3068E-02,-0.001557647993258171
 3.3082E-02,-0.002129981018455862
 3.3096E-02,-0.0019738049836616673
 3.3110E-02,-0.0010871726786443857
 3.3124E-02,0.0004979085408722392
 3.3139E-02,0.002715009928301367
 3.3153E-02,0.005465351150699158
 3.3167E-02,0.008622553604770464
 3.3181E-02,0.01203976649619751
 3.3195E-02,0.015558435359487874
 3.3210E-02,0.0190177047574441
 3.3224E-02,0.022263379605553992
 3.3238E-02,0.025155528519989107
 3.3252E-02,0.027574155017899744
 3.3266E-02,0.029422797904132453
 3.3280E-02,0.0306303367345549
 3.3295E-02,0.03115156514630517
 3.3309E-02,0.03096718400132015
 3.3323E-02,0.03008374356058327
 3.3337E-02,0.028533774838166992
 3.3351E-02,0.026375987105840257
 3.3366E-02,0.02369508402637072
 3.3380E-02,0.02060056661251903
 3.3394E-02,0.01722390885123646
 3.3408E-02,0.01371371607486719
 3.3422E-02,0.010228853511210197
 3.3436E-02,0.00692996632767886
 3.3451E-02,0.003970190048617386
 3.3465E-02,0.0014860731200439414
 3.3479E-02,-0.0004102560703143157
 3.3493E-02,-0.0016368497509888621
 3.3507E-02,-0.002145168037676377
 3.3522E-02,-0.0019207500419252336
 3.3536E-02,-0.0009817079309376072
 3.3550E-02,0.0006243049761789244
 3.3564E-02,0.0028239162890854614
 3.3578E-02,0.005522020137742089
 3.3592E-02,0.008605557761529574
 3.3607E-02,0.011947048377505525
 3.3621E-02,0.015408115867552034
 3.3635E-02,0.018843425573732475
 3.3649E-02,0.02210544002791463
 3.3663E-02,0.025050220011937564
 3.3677E-02,0.02754418633764312
 3.3692E-02,0.02947140484101698
 3.3706E-02,0.030740663651889866
 3.3720E-02,0.031291465724551853
 3.3734E-02,0.031098110484690866
 3.3748E-02,0.03017128304951116
 3.3763E-02,0.028556951961868453
 3.3777E-02,0.026332803300134117
 3.3791E-02,0.02360280507512667
 3.3805E-02,0.020490712919262584
 3.3819E-02,0.017133349415855988
 3.3833E-02,0.013674321736277962
 3.3848E-02,0.010258542893023456
 3.3862E-02,0.007027581934787783
 3.3876E-02,0.004115586711469745
 3.3890E-02,0.0016453787344998414
 3.3904E-02,-0.0002756486081214539
 3.3919E-02,-0.0015600023172221058
 3.3933E-02,-0.002144807694858982
 3.3947E-02,-0.001996334080580493
 3.3961E-02,-0.0011136582259531225
 3.3975E-02,0.000469281883446106
 3.3989E-02,0.002683877264019846
 3.4004E-02,0.005429629937927432
 3.4018E-02,0.008579475534078914
 3.4032E-02,0.011987177293147768
 3.4046E-02,0.015495985268098898
 3.4060E-02,0.018947579905005788
 3.4075E-02,0.022190348079675917
 3.4089E-02,0.025086261450051807
 3.4103E-02,0.027515981551962488
 3.4117E-02,0.029382209417872555
 3.4131E-02,0.030611626921543542
 3.4145E-02,0.03115595907365212
 3.4160E-02,0.030992679813746326
 3.4174E-02,0.03012570067782645
 3.4188E-02,0.02858608420212301
 3.4202E-02,0.02643250648703323
 3.4216E-02,0.023750956017571344
 3.4231E-02,0.020653075991663623
 3.4245E-02,0.017272667972776688
 3.4259E-02,0.013760154932498367
 3.4273E-02,0.010275183180948066
 3.4287E-02,0.006977928143408989
 3.4301E-02,0.004019959380774544
 3.4316E-02,0.0015356414853860308
 3.4330E-02,-0.00036503044092671367
 3.4344E-02,-0.0016015178690356314
 3.4358E-02,-0.0021254738109831367
 3.4372E-02,-0.001921239825503379
 3.4387E-02,-0.001004535335072576
 3.4401E-02,0.0005800578909927947
 3.4415E-02,0.002762214833515686
 3.4429E-02,0.0054491479327350555
 3.4443E-02,0.00852886622815924
 3.4457E-02,0.011873504457419425
 3.4472E-02,0.015343018228613413
 3.4486E-02,0.018789610870098318
 3.4500E-02,0.02206316601226449
 3.4514E-02,0.0250177279488951
 3.4528E-02,0.027518761313981403
 3.4542E-02,0.029450619292067437
 3.4557E-02,0.03072344312239289
 3.4571E-02,0.031278669185992744
 3.4585E-02,0.03109245568778722
 3.4599E-02,0.03017663222475332
 3.4613E-02,0.02857715362446422
 3.4628E-02,0.02637041218340447
 3.4642E-02,0.023658039634763307
 3.4656E-02,0.020560948405885245
 3.4670E-02,0.017213301452263602
 3.4684E-02,0.013756890164258352
 3.4698E-02,0.01033610905031998
 3.4713E-02,0.007093432345440633
 3.4727E-02,0.0041651044690168
 3.4741E-02,0.0016767083793684874
 3.4755E-02,-0.00026161447682049744
 3.4769E-02,-0.0015602851816053469
 3.4784E-02,-0.002155453462226285
 3.4798E-02,-0.0020136560771141783
 3.4812E-02,-0.0011352686089968565
 3.4826E-02,0.0004439319560266982
 3.4840E-02,0.0026535886375052167
 3.4854E-02,0.005392140769495034
 3.4869E-02,0.00853253806311351
 3.4883E-02,0.011929712998929736
 3.4897E-02,0.015428980812720781
 3.4911E-02,0.018874454325803883
 3.4925E-02,0.022116664170758037
 3.4940E-02,0.02501883262502811
 3.4954E-02,0.027461591164793166
 3.4968E-02,0.029346267194492796
 3.4982E-02,0.0305971071739344
 3.4996E-02,0.0311628920387999
 3.5010E-02,0.031018320719500832
 3.5025E-02,0.030165321106861324
 3.5039E-02,0.028634166241984997
 3.5053E-02,0.0264840167609756
 3.5067E-02,0.02380236188236821
 3.5081E-02,0.020702843372527244
 3.5096E-02,0.01732112759518302
 3.5110E-02,0.013808800148513193
 3.5124E-02,0.01032561960387585
 3.5138E-02,0.007030790147376308
 3.5152E-02,0.004074115890261688
 3.5166E-02,0.0015879321695524756
 3.5181E-02,-0.00031943458751334435
 3.5195E-02,-0.001568208150591885
 3.5209E-02,-0.0021095814446700487
 3.5223E-02,-0.0019262164788369995
 3.5237E-02,-0.0010312588642197055
 3.5251E-02,0.0005336133705169462
 3.5266E-02,0.0027006526263533216
 3.5280E-02,0.0053787460708867585
 3.5294E-02,0.008456328646347065
 3.5308E-02,0.011804684945748944
 3.5322E-02,0.015281939317157496
 3.5337E-02,0.018738016843003302
 3.5351E-02,0.022020702564877266
 3.5365E-02,0.02498267036298456
 3.5379E-02,0.02748906481842106
 3.5393E-02,0.02942497990583551
 3.5407E-02,0.030702058073454847
 3.5422E-02,0.03126347269927884
 3.5436E-02,0.031086754616450375
 3.5450E-02,0.030184235603482358
 3.5464E-02,0.02860123390696649
 3.5478E-02,0.02641241406815659
 3.5493E-02,0.023716943572942812
 3.5507E-02,0.020633102774589483
 3.5521E-02,0.017292885780372767
 3.5535E-02,0.013836903378377372
 3.5549E-02,0.010409637369336502
 3.5563E-02,0.007154878742155147
 3.5578E-02,0.004211074606113975
 3.5592E-02,0.001706342277156762
 3.5606E-02,-0.00024692632564410604
 3.5620E-02,-0.00155769875619275
 3.5634E-02,-0.002161744779076258
 3.5649E-02,-0.002026266473212406
 3.5663E-02,-0.0011530315670302566
 3.5677E-02,0.0004205794210545581
 3.5691E-02,0.0026229610430371147
 3.5705E-02,0.005352117637782082
 3.5719E-02,0.008481598677455172
 3.5734E-02,0.011867891193862235
 3.5748E-02,0.015358456901997239
 3.5762E-02,0.01879959739666809
 3.5776E-02,0.022043486041786534
 3.5790E-02,0.024953974673368094
 3.5805E-02,0.027411093409545215
 3.5819E-02,0.029314430350532994
 3.5833E-02,0.03058573589005447
 3.5847E-02,0.031171107162136866
 3.5861E-02,0.031042977525466933
 3.5875E-02,0.030201910234166747
 3.5890E-02,0.02867794832736724
 3.5904E-02,0.026531084655657657
 3.5918E-02,0.023850351029916863
 3.5932E-02,0.020751113488107764
 3.5946E-02,0.01737038846044195
 3.5960E-02,0.013860309665807072
 3.5975E-02,0.010380200613847396
 3.5989E-02,0.0070879618410818485
 3.6003E-02,0.004131603079028047
 3.6017E-02,0.0016417107824843475
 3.6031E-02,-0.00027454555605746435
 3.6046E-02,-0.0015375489810022399
 3.6060E-02,-0.002097502025208635
 3.6074E-02,-0.0019350730510857203
 3.6088E-02,-0.001060820277794966
 3.6102E-02,0.00048619248535916614
 3.6116E-02,0.002640281995587447
 3.6131E-02,0.005311413497796054
 3.6145E-02,0.00838792993745175
 3.6159E-02,0.011739967316996877
 3.6173E-02,0.015223820680739675
 3.6187E-02,0.018687438506389896
 3.6202E-02,0.021977026439155892
 3.6216E-02,0.024944483515144982
 3.6230E-02,0.027455144451105192
 3.6244E-02,0.02939513055945253
 3.6258E-02,0.030677571315179022
 3.6272E-02,0.031247067200816027
 3.6287E-02,0.031082001652245103
 3.6301E-02,0.03019462100059079
 3.6315E-02,0.028629112026195763
 3.6329E-02,0.026458143671347283
 3.6343E-02,0.02377845008504899
 3.6358E-02,0.020705999106865852
 3.6372E-02,0.017371135506525654
 3.6386E-02,0.01391386626283841
 3.6400E-02,0.010479237055468759
 3.6414E-02,0.007212602593111983
 3.6428E-02,0.00425456363987031
 3.6443E-02,0.0017354411019707204
 3.6457E-02,-0.00023064456056480108
 3.6471E-02,-0.0015517785515857532
 3.6485E-02,-0.0021638164793292775
 3.6499E-02,-0.0020348606883244004
 3.6514E-02,-0.0011680125154856506
 3.6528E-02,0.00039807912382419457
 3.6542E-02,0.0025910805025498905
 3.6556E-02,0.005309124945145785
 3.6570E-02,0.008426816779317205
 3.6584E-02,0.011802421031771095
 3.6599E-02,0.015285478056255375
 3.6613E-02,0.018724138699327833
 3.6627E-02,0.021971701283224815
 3.6641E-02,0.024892092937966803
 3.6655E-02,0.027364303082628137
 3.6669E-02,0.02928597585872085
 3.6684E-02,0.030576451093605274
 3.6698E-02,0.03117949390819719
 3.6712E-02,0.03106579365093922
 3.6726E-02,0.030235097654238704
 3.6740E-02,0.02871764519536429
 3.6755E-02,0.026574449354292772
 3.6769E-02,0.023895983910689065
 3.6783E-02,0.020798978284867695
 3.6797E-02,0.01742127683255818
 3.6811E-02,0.013915020290505273
 3.6825E-02,0.01043868364497406
 3.6840E-02,0.007148689038882295
 3.6854E-02,0.004191361468118425
 3.6868E-02,0.0016959008843424896
 3.6882E-02,-0.00023116492585092247
 3.6896E-02,-0.0015098508688042652
 3.6911E-02,-0.0020889726717707455
 3.6925E-02,-0.001947046633358033
 3.6939E-02,-0.0010921652290022963
 3.6953E-02,0.0004388542048758201
 3.6967E-02,0.0025818795013410048
 3.6981E-02,0.005247434944786237
 3.6996E-02,0.008323387760249051
 3.7010E-02,0.011678581104133959
 3.7024E-02,0.015167614977008154
 3.7038E-02,0.01863683742921491
 3.7052E-02,0.021931390546687878
 3.7067E-02,0.024902913934790258
 3.7081E-02,0.02741730766883995
 3.7095E-02,0.029361854054039314
 3.7109E-02,0.030651026286042566
 3.7123E-02,0.03123047182104747
 3.7137E-02,0.03107891427478875
 3.7152E-02,0.030208010003004333
 3.7166E-02,0.02866045510470728
 3.7180E-02,0.02650680615007128
 3.7194E-02,0.023841520135074824
 3.7208E-02,0.020778637451423602
 3.7222E-02,0.017447361248850584
 3.7237E-02,0.013987585981212735
 3.7251E-02,0.01054526216394936
 3.7265E-02,0.007267406514123847
 3.7279E-02,0.004296603099199076
 3.7293E-02,0.001764984458721243
 3.7308E-02,-0.00021210710573468447
 3.7322E-02,-0.0015423584585761525
 3.7336E-02,-0.0021620416884423834
 3.7350E-02,-0.0020402479854853143
 3.7364E-02,-0.0011812358726598635
 3.7378E-02,0.00037547005910119804
 3.7393E-02,0.002557309878565243
 3.7407E-02,0.005263021194759895
 3.7421E-02,0.00836858326674715
 3.7435E-02,0.011734117946578101
 3.7449E-02,0.015211061458385222
 3.7464E-02,0.01864902028933831
 3.7478E-02,0.021901921261299074
 3.7492E-02,0.02483330327804418
 3.7506E-02,0.027320811028192407
 3.7520E-02,0.029260082961716356
 3.7534E-02,0.030568245429463223
 3.7549E-02,0.031187133283339302
 3.7563E-02,0.031086188332797138
 3.7577E-02,0.030264797663600882
 3.7591E-02,0.028753687643394057
 3.7605E-02,0.02661493891028798
 3.7620E-02,0.02394025894073526
 3.7634E-02,0.020847334192781244
 3.7648E-02,0.017474343617442108
 3.7662E-02,0.01397298874461864
 3.7676E-02,0.010500617409686532
 3.7690E-02,0.007212136597543483
 3.7705E-02,0.004252399887123243
 3.7719E-02,0.0017496245371149402
 3.7733E-02,-0.00018981988291224845
 3.7747E-02,-0.0014851487050172463
 3.7761E-02,-0.002083528379446746
 3.7776E-02,-0.001961300206775713
 3.7790E-02,-0.0011243128969015714
 3.7804E-02,0.00039245681080811163
 3.7818E-02,0.0025259487391077855
 3.7832E-02,0.005186824202367817
 3.7846E-02,0.008262224357540388
 3.7861E-02,0.011619688706606828
 3.7875E-02,0.015112353763720934
 3.7889E-02,0.018585378136371133
 3.7903E-02,0.02188331918804246
 3.7917E-02,0.024857973924092964
 3.7931E-02,0.027376049806833693
 3.7946E-02,0.02932599233471085
 3.7960E-02,0.03062338120811539
 3.7974E-02,0.03121449984181628
 3.7988E-02,0.03107793996647251
 3.8002E-02,0.030224363788446267
 3.8017E-02,0.02869475029054917
 3.8031E-02,0.026557555806042236
 3.8045E-02,0.02390520631904134
 3.8059E-02,0.02085022654411677
 3.8073E-02,0.017521142217986212
 3.8087E-02,0.014058124997538559
 3.8102E-02,0.010608239466656493
 3.8116E-02,0.007320136663387957
 3.8130E-02,0.004338127534945431
 3.8144E-02,0.0017957412742949683
 3.8158E-02,-0.00019091871462138203
 3.8173E-02,-0.001529522801974857
 3.8187E-02,-0.0021569597473763036
 3.8201E-02,-0.0020432748826919003
 3.8215E-02,-0.0011936247259741657
 3.8229E-02,0.0003520031626761608
 3.8243E-02,0.0025212767150678264
 3.8258E-02,0.00521391033213759
 3.8272E-02,0.008307448719239139
 3.8286E-02,0.011663828267936164
 3.8300E-02,0.015136118491504248
 3.8314E-02,0.018574970983592363
 3.8329E-02,0.02183449502936653
 3.8343E-02,0.024777481681546466
 3.8357E-02,0.027280055832090148
 3.8371E-02,0.0292359073673551
 3.8385E-02,0.03056022266663334
 3.8399E-02,0.031193321337444145
 3.8414E-02,0.031103840851765797
 3.8428E-02,0.030291158648453328
 3.8442E-02,0.02878665097879364
 3.8456E-02,0.026653397303266827
 3.8470E-02,0.02398405801142223
 3.8485E-02,0.020896860838437774
 3.8499E-02,0.017529881942954264
 3.8513E-02,0.014034043192929632
 3.8527E-02,0.010565413254297405
 3.8541E-02,0.007277460158394228
 3.8555E-02,0.004313848135209951
 3.8570E-02,0.0018022216698236285
 3.8584E-02,-0.00015078228160325235
 3.8598E-02,-0.0014632539455834103
 3.8612E-02,-0.0020805730577620396
 3.8626E-02,-0.0019769932125455305
 3.8641E-02,-0.0011564069594641995
 3.8655E-02,0.000347640268806474
 3.8669E-02,0.002472740713481824
 3.8683E-02,0.005129376830487567
 3.8697E-02,0.008203837183674218
 3.8711E-02,0.011562454701225092
 3.8726E-02,0.015057196679747276
 3.8740E-02,0.01853244387556715
 3.8754E-02,0.02183258624471223
 3.8768E-02,0.02480988824446368
 3.8782E-02,0.027331983880461083
 3.8796E-02,0.02928837857567492
 3.8811E-02,0.03059546193730902
 3.8825E-02,0.03119974507573292
 3.8839E-02,0.031079279709988222
 3.8853E-02,0.030243437211181102
 3.8867E-02,0.028731374598994133
 3.8882E-02,0.02660956261931331
 3.8896E-02,0.023968697999248285
 3.8910E-02,0.020920195339856177
 3.8924E-02,0.017592301125146828
 3.8938E-02,0.014125746302714643
 3.8952E-02,0.010668798974379359
 3.8967E-02,0.007371617470691967
 3.8981E-02,0.004379931150810468
 3.8995E-02,0.0018282600129988875
 3.9009E-02,-0.00016692464197148524
 3.9023E-02,-0.001513551172904621
 3.9038E-02,-0.0021492072675433913
 3.9052E-02,-0.0020447611703546423
 3.9066E-02,-0.0012059591391438466
 3.9080E-02,0.00032714948992625765
 3.9094E-02,0.0024828458024229645
 3.9108E-02,0.005162086263210376
 3.9123E-02,0.008244055021343736
 3.9137E-02,0.011592366554150737
 3.9151E-02,0.015061414773863871
 3.9165E-02,0.018502499864719375
 3.9179E-02,0.021769537934557444
 3.9194E-02,0.024724320054921506
 3.9208E-02,0.027241391507405777
 3.9222E-02,0.029212642358124534
 3.9236E-02,0.03055163561435232
 3.9250E-02,0.031197573642307585
 3.9264E-02,0.031118660470092187
 3.9279E-02,0.030314506788451483
 3.9293E-02,0.028817187909150194
 3.9307E-02,0.026690624823536714
 3.9321E-02,0.024028110566551037
 3.9335E-02,0.02094801850447503
 3.9350E-02,0.017587958574425768
 3.9364E-02,0.014097839957618341
 3.9378E-02,0.010632411678803494
 3.9392E-02,0.007343864379527524
 3.9406E-02,0.004374991154974901
 3.9420E-02,0.0018532510121792175
 3.9435E-02,-0.0001141010831147947
 3.9449E-02,-0.0014438115049174591
 3.9463E-02,-0.002079445365382868
 3.9477E-02,-0.0019933384470115076
 3.9491E-02,-0.001187748156658335
 3.9505E-02,0.0003048267373600693
 3.9520E-02,0.00242228715952922
 3.9534E-02,0.005074727133148514
 3.9548E-02,0.008147563986347932
 3.9562E-02,0.011506101336887904
 3.9576E-02,0.015001462320081475
 3.9591E-02,0.01847763457746162
 3.9605E-02,0.021779180902806804
 3.9619E-02,0.024759037046174964
 3.9633E-02,0.027285776332596046
 3.9647E-02,0.029249783258122317
 3.9661E-02,0.030567933010770217
 3.9676E-02,0.031186585670438048
 3.9690E-02,0.031082923388805757
 3.9704E-02,0.03026483604035566
 3.9718E-02,0.028769658324165337
 3.9732E-02,0.026662064550643322
 3.9747E-02,0.024031348306164414
 3.9761E-02,0.020988187460817927
 3.9775E-02,0.01766086770334342
 3.9789E-02,0.014190856033891593
 3.9803E-02,0.010727611317127482
 3.9817E-02,0.007422600800540051
 3.9832E-02,0.004422642503743973
 3.9846E-02,0.0018628756842329099
 3.9860E-02,-0.0001401733478478672
 3.9874E-02,-0.0014948610671215365
 3.9888E-02,-0.002139456325139685
 3.9903E-02,-0.002045450428658539
 3.9917E-02,-0.001218852357536153
 3.9931E-02,0.0003005919685109479
 3.9945E-02,0.0024420812439400518
 3.9959E-02,0.005107975635166205
 3.9973E-02,0.00817907445708073
 3.9988E-02,0.01152046754895579
 4.0002E-02,0.014987547978964628
 4.0016E-02,0.018431905895837035
 4.0030E-02,0.02170697029744888
 4.0044E-02,0.024673383345601842
 4.0059E-02,0.02720414745922757
 4.0073E-02,0.029189565279676845
 4.0087E-02,0.030541906540550775
 4.0101E-02,0.031199614186018545
 4.0115E-02,0.031130746947240828
 4.0129E-02,0.030335289050676655
 4.0144E-02,0.028845969597444062
 4.0158E-02,0.026727333236289123
 4.0172E-02,0.02407297501933273
 4.0186E-02,0.021001060752844348
 4.0200E-02,0.01764845419361482
 4.0214E-02,0.014163920402745726
 4.0229E-02,0.010700940313834843
 4.0243E-02,0.007410646260335673
 4.0257E-02,0.00443528599988563
 4.0271E-02,0.001902476196310736
 4.0285E-02,-7.964324034342215e-05
 4.0300E-02,-0.0014263564466879153
 4.0314E-02,-0.0020794757837616514
 4.0328E-02,-0.002009644048665575
 4.0342E-02,-0.0012178098677513168
 4.0356E-02,0.00026423552227213486
 4.0370E-02,0.002374441857693089
 4.0385E-02,0.005022404527720905
 4.0399E-02,0.008092738878738173
 4.0413E-02,0.011449949089462412
 4.0427E-02,0.014944642316351096
 4.0441E-02,0.01842075073123469
 4.0456E-02,0.02172326581313646
 4.0470E-02,0.02470589977947186
 4.0484E-02,0.027238092000542027
 4.0498E-02,0.029210875159266424
 4.0512E-02,0.03054128521265727
 4.0526E-02,0.031175201535526435
 4.0541E-02,0.0310886922211774
 4.0555E-02,0.030288072760516788
 4.0569E-02,0.02880893897405062
 4.0583E-02,0.026714404946714516
 4.0597E-02,0.024092684903696916
 4.0612E-02,0.02105404249529473
 4.0626E-02,0.017727035733682207
 4.0640E-02,0.014253947996347587
 4.0654E-02,0.010785334878439192
 4.0668E-02,0.007473730045269722
 4.0682E-02,0.004466715241934042
 4.0697E-02,0.0018997296442083609
 4.0711E-02,-0.0001108731047099595
 4.0725E-02,-0.001473952747531514
 4.0739E-02,-0.0021283625635078996
 4.0753E-02,-0.00204597542023904
 4.0768E-02,-0.0012327428051471627
 4.0782E-02,0.00027220472707672225
 4.0796E-02,0.0023992028219539246
 4.0810E-02,0.005052083160195609
 4.0824E-02,0.008113158868350387
 4.0838E-02,0.011448752961797709
 4.0853E-02,0.01491494119435791
 4.0867E-02,0.018363299564044862
 4.0881E-02,0.021646561352856093
 4.0895E-02,0.024624163749512713
 4.0909E-02,0.027167678175248493
 4.0923E-02,0.029166069208416644
 4.0938E-02,0.030530632260006296
 4.0952E-02,0.031199352588802787
 4.0966E-02,0.03114034618219743
 4.0980E-02,0.03035401940792311
 4.0994E-02,0.028873637127305757
 4.1009E-02,0.026764115682669103
 4.1023E-02,0.024119035212303425
 4.1037E-02,0.021056058312180933
 4.1051E-02,0.01771110812332017
 4.1065E-02,0.014231764271368115
 4.1079E-02,0.010770361355882009
 4.1094E-02,0.007477223821050194
 4.1108E-02,0.004494364044963561
 4.1122E-02,0.0019498409955370486
 4.1136E-02,-4.713861789869874e-05
 4.1150E-02,-0.0014103668096242944
 4.1165E-02,-0.002080032998256004
 4.1179E-02,-0.0020253408840689726
 4.1193E-02,-0.0012462391464246382
 4.1207E-02,0.00022590857796920215
 4.1221E-02,0.0023289256612268466
 4.1235E-02,0.004971885816560037
 4.1250E-02,0.008038737649493225
 4.1264E-02,0.011393442741097243
 4.1278E-02,0.01488640117821724
 4.1292E-02,0.01836176713187855
 4.1306E-02,0.021665131981349423
 4.1321E-02,0.02465100356995033
 4.1335E-02,0.02718955005133013
 4.1349E-02,0.029172196817947128
 4.1363E-02,0.03051583718257632
 4.1377E-02,0.031165601564424356
 4.1391E-02,0.031096284092953362
 4.1406E-02,0.030312617608454783
 4.1420E-02,0.02884860409675302
 4.1434E-02,0.02676605552696632
 4.1448E-02,0.024152406948949084
 4.1462E-02,0.02111776784521332
 4.1476E-02,0.017791117519555512
 4.1491E-02,0.014315553194324537
 4.1505E-02,0.01084257410636208
 4.1519E-02,0.007525518500482473
 4.1533E-02,0.004512432337237809
 4.1547E-02,0.0019387984394219006
 4.1562E-02,-7.934645837822697e-05
 4.1576E-02,-0.001451359420779848
 4.1590E-02,-0.0021165246105979358
 4.1604E-02,-0.002046837718797691
 4.1618E-02,-0.0012478993766089535
 4.1632E-02,0.00024202366401812874
 4.1647E-02,0.0023545404920160035
 4.1661E-02,0.004994942433384712
 4.1675E-02,0.008046900151572028
 4.1689E-02,0.011377712326832658
 4.1703E-02,0.014843849261019792
 4.1718E-02,0.018296632878115955
 4.1732E-02,0.02158797465945413
 4.1746E-02,0.024576129123471242
 4.1760E-02,0.02713140145751908
 4.1774E-02,0.02914168063523983
 4.1788E-02,0.030517576531904653
 4.1803E-02,0.031196853377185866
 4.1817E-02,0.031147804815691585
 4.1831E-02,0.030371231184469966
 4.1845E-02,0.028900764575615835
 4.1859E-02,0.026801430492192753
 4.1874E-02,0.024166509298943952
 4.1888E-02,0.02111293052103525
 4.1902E-02,0.017775563700001263
 4.1916E-02,0.014300836604874521
 4.1930E-02,0.01084010728158281
 4.1944E-02,0.007543150954257855
 4.1959E-02,0.004552021018494061
 4.1973E-02,0.0019954373283454794
 4.1987E-02,-1.622526054242176e-05
 4.2001E-02,-0.0013953098281437421
 4.2015E-02,-0.0020805585394430325
 4.2030E-02,-0.00203999626435474
 4.2044E-02,-0.001272845873913962
 4.2058E-02,0.00018974288361797774
 4.2072E-02,0.002285371540396787
 4.2086E-02,0.004922640632871837
 4.2100E-02,0.00798501127642703
 4.2115E-02,0.01133616390721862
 4.2129E-02,0.01482656450721554
 4.2143E-02,0.01830080007014534
 4.2157E-02,0.021605153926049992
 4.2171E-02,0.024594878578072927
 4.2186E-02,0.027140691679215453
 4.2200E-02,0.02913415330674033
 4.2214E-02,0.030491748231774054
 4.2228E-02,0.031157656909129163
 4.2242E-02,0.031105318150714222
 4.2256E-02,0.03033794229977774
 4.2271E-02,0.028888122240022476
 4.2285E-02,0.02681662619797488
 4.2299E-02,0.024210371170476173
 4.2313E-02,0.021179504943586225
 4.2327E-02,0.017853499502742246
 4.2341E-02,0.014376196948798128
 4.2356E-02,0.010899849778110813
 4.2370E-02,0.007578340803810398
 4.2384E-02,0.0045599209459470285
 4.2398E-02,0.0019799279741836077
 4.2412E-02,-4.598608808906212e-05
 4.2427E-02,-0.0014276051255259381
 4.2441E-02,-0.0021044553998115947
 4.2455E-02,-0.002048400183317714
 4.2469E-02,-0.0012644370238877223
 4.2483E-02,0.00021021206177110428
 4.2497E-02,0.0023084905944549153
 4.2512E-02,0.0049370746562799744
 4.2526E-02,0.007980802686434512
 4.2540E-02,0.011307696572755425
 4.2554E-02,0.014774375154872085
 4.2568E-02,0.01823173403011929
 4.2583E-02,0.02153081155745322
 4.2597E-02,0.02452876339580057
 4.2611E-02,0.02709482481171091
 4.2625E-02,0.029116064710645657
 4.2639E-02,0.030502652815874245
 4.2653E-02,0.031192301030789446
 4.2668E-02,0.031153527149763962
 4.2682E-02,0.03038743760638414
 4.2696E-02,0.028927833917631464
 4.2710E-02,0.02683959721829019
 4.2724E-02,0.024215467909656202
 4.2739E-02,0.021171480602124697
 4.2753E-02,0.017841411004841084
 4.2767E-02,0.014370626293545958
 4.2781E-02,0.010909704763415157
 4.2795E-02,0.007608120266826623
 4.2809E-02,0.004608198075764609
 4.2824E-02,0.0020394697770582254
 4.2838E-02,1.3508252451130496e-05
 4.2852E-02,-0.0013806796514522557
 4.2866E-02,-0.002080589658943463
 4.2880E-02,-0.002053315831368885
 4.2895E-02,-0.0012975832211693185
 4.2909E-02,0.00015552603014139525
 4.2923E-02,0.0022433665115997566
 4.2937E-02,0.00487416831851876
 4.2951E-02,0.007931107768115848
 4.2965E-02,0.011277831970814757
 4.2980E-02,0.014765098848608908
 4.2994E-02,0.018238071654544632
 4.3000E-02,0.019726468433251543
