  0.000,0.0
  1.000,0.013242968509476033
  0.000,0.013242968509476033
 1.9900E-05,0.013921143396830385
 3.9800E-05,0.015814016631316794
 5.9700E-05,0.0189433280756393
 7.9600E-05,0.023267200846503796
 9.9500E-05,0.027254947246828226
 1.1940E-04,0.029674855628970608
 1.3930E-04,0.03015513275455808
 1.5920E-04,0.028651000006680583
 1.7910E-04,0.025683015198435948
 1.9900E-04,0.02271048156725102
 2.1890E-04,0.020753625016846872
 2.3880E-04,0.019683101513932516
 2.5870E-04,0.019151176819259156
 2.7860E-04,0.01845415606652931
 2.9850E-04,0.016417697442753842
 3.1840E-04,0.012691900037046297
 3.3830E-04,0.008053172366567326
 3.5820E-04,0.003422844831967117
 3.7810E-04,-0.0002150965508086705
 3.9800E-04,-0.001841296310450174
 4.1790E-04,-0.0014385710039831476
 4.3780E-04,3.060329843042331e-05
 4.5770E-04,0.0016722528293251712
 4.7760E-04,0.0027730567124766023
 4.9750E-04,0.00289763527584428
 5.1740E-04,0.0025526920940985606
 5.3730E-04,0.002849669961032291
 5.5720E-04,0.004541885274861249
 5.7710E-04,0.007871067732335604
 5.9700E-04,0.012577526741637653
 6.1690E-04,0.017634280742916668
 6.3680E-04,0.021746061295996516
 6.5670E-04,0.02421808852410078
 6.7660E-04,0.02505101261765735
 6.9650E-04,0.024741159186684077
 7.1640E-04,0.024239480669237052
 7.3630E-04,0.024440251396319872
 7.5620E-04,0.025459692051337753
 7.7610E-04,0.02672221827857333
 7.9600E-04,0.02740909734217359
 8.1590E-04,0.026625275958682255
 8.3580E-04,0.023892543476239585
 8.5570E-04,0.019649741405983787
 8.7560E-04,0.014895286477372871
 8.9550E-04,0.010642203149812015
 9.1540E-04,0.007687542956663549
 9.3530E-04,0.006217956384483259
 9.5520E-04,0.005622658920961593
 9.7510E-04,0.005006994614715349
 9.9500E-04,0.0037383254127336925
 1.0149E-03,0.001646546891430682
 1.0348E-03,-0.000809598308717924
 1.0547E-03,-0.002644004688831318
 1.0746E-03,-0.002928944489060796
 1.0945E-03,-0.0012959672869951031
 1.1144E-03,0.0019878041431208547
 1.1343E-03,0.006105887721634434
 1.1542E-03,0.009971543977557685
 1.1741E-03,0.012809404651428699
 1.1940E-03,0.014532077391071744
 1.2139E-03,0.015617397924506234
 1.2338E-03,0.0168350230138026
 1.2537E-03,0.018885601184362062
 1.2736E-03,0.021917287359256042
 1.2935E-03,0.025375938951404216
 1.3134E-03,0.028332774426482958
 1.3333E-03,0.029885077972756743
 1.3532E-03,0.029519302434854372
 1.3731E-03,0.027422511290697085
 1.3930E-03,0.02439953918884952
 1.4129E-03,0.02140609720490715
 1.4328E-03,0.01912570273988679
 1.4527E-03,0.017711105192452482
 1.4726E-03,0.01669930915357305
 1.4925E-03,0.015290493513718853
 1.5124E-03,0.012860194938614289
 1.5323E-03,0.009301971048567899
 1.5522E-03,0.005101113644824225
 1.5721E-03,0.0011879451504425683
 1.5920E-03,-0.0014728766983420159
 1.6119E-03,-0.0023617771045061934
 1.6318E-03,-0.0016045682158963121
 1.6517E-03,0.0001459512161272364
 1.6716E-03,0.0020154707287291795
 1.6915E-03,0.003339579688680129
 1.7114E-03,0.004017193047942284
 1.7313E-03,0.004516491726778121
 1.7512E-03,0.005579524216179546
 1.7711E-03,0.00783795191094809
 1.7910E-03,0.011450870717537328
 1.8109E-03,0.01594123074688667
 1.8308E-03,0.02039553795281552
 1.8507E-03,0.0238812692086773
 1.8706E-03,0.02583003397011557
 1.8905E-03,0.026269370399186195
 1.9104E-03,0.025785745802462356
 1.9303E-03,0.02517815244194564
 1.9502E-03,0.02502157627158114
 1.9701E-03,0.025390270405903463
 1.9900E-03,0.025822279927984408
 2.0099E-03,0.025547936102546943
 2.0298E-03,0.023912417667519868
 2.0497E-03,0.020745940595804084
 2.0696E-03,0.01647228365441248
 2.0895E-03,0.011944806336844777
 2.1094E-03,0.008087938658120183
 2.1293E-03,0.005484459218000668
 2.1492E-03,0.004138598682897163
 2.1691E-03,0.0035481328363481607
 2.1890E-03,0.0030076094563869244
 2.2089E-03,0.0019926218667729876
 2.2288E-03,0.00046326320843170484
 2.2487E-03,-0.0010895429778019308
 2.2686E-03,-0.001891778118276592
 2.2885E-03,-0.001271634142856984
 2.3084E-03,0.0010042542669599717
 2.3283E-03,0.004585588536301754
 2.3482E-03,0.008677356306444204
 2.3681E-03,0.012404083050326737
 2.3880E-03,0.015193574308976138
 2.4079E-03,0.016997292374369206
 2.4278E-03,0.01825953496180591
 2.4477E-03,0.019637094940164794
 2.4676E-03,0.021606595371255435
 2.4875E-03,0.024178768536429397
 2.5074E-03,0.026857994418213793
 2.5273E-03,0.028852996728731855
 2.5472E-03,0.02944805501458471
 2.5671E-03,0.028354394023361516
 2.5870E-03,0.0258501473358275
 2.6069E-03,0.02264504054443162
 2.6268E-03,0.019551007363078538
 2.6467E-03,0.017112246293838937
 2.6666E-03,0.015374261976064682
 2.6865E-03,0.013917269785641376
 2.7064E-03,0.012128511456265662
 2.7263E-03,0.00956390971950971
 2.7462E-03,0.00622567181753758
 2.7661E-03,0.0026180707329636938
 2.7860E-03,-0.0004581557315811199
 2.8059E-03,-0.002265873362455057
 2.8258E-03,-0.0024600297002778868
 2.8457E-03,-0.0012319170060132848
 2.8656E-03,0.0007983665527871628
 2.8855E-03,0.0028945729719918297
 2.9054E-03,0.004561520978267142
 2.9253E-03,0.005763706213960105
 2.9452E-03,0.0069051065771575815
 2.9651E-03,0.008583980204063044
 2.9850E-03,0.011241264478429623
 3.0049E-03,0.014883972265651116
 3.0248E-03,0.019027698834135316
 3.0447E-03,0.022882705192319212
 3.0646E-03,0.025691766382524718
 3.0845E-03,0.027058488501137793
 3.1044E-03,0.027101128753940384
 3.1243E-03,0.026354064834642723
 3.1442E-03,0.02547403865212665
 3.1641E-03,0.02490084451307901
 3.1840E-03,0.02463823434055637
 3.2039E-03,0.02426613332257192
 3.2238E-03,0.023178683638885124
 3.2437E-03,0.02092268439466273
 3.2636E-03,0.01746510509759707
 3.2835E-03,0.013258223585835525
 3.3034E-03,0.009066948607004932
 3.3233E-03,0.005642213715302765
 3.3432E-03,0.00340547441124564
 3.3631E-03,0.00229844035892371
 3.3830E-03,0.001865832100955275
 3.4029E-03,0.001527949027817754
 3.4228E-03,0.0009058297613159665
 3.4427E-03,3.2531786337347264e-05
 3.4626E-03,-0.0006547839590014215
 3.4825E-03,-0.0005346494388966143
 3.5024E-03,0.0008763115850104215
 3.5223E-03,0.0036587918453536367
 3.5422E-03,0.007418426882342362
 3.5621E-03,0.011441771667084077
 3.5820E-03,0.015002028024847227
 3.6019E-03,0.017665273773565103
 3.6218E-03,0.019447604298032245
 3.6417E-03,0.02074590611245562
 3.6616E-03,0.022080922150985796
 3.6815E-03,0.02378608718046123
 3.7014E-03,0.025798785407502446
 3.7213E-03,0.027658900617018777
 3.7412E-03,0.02871734881574338
 3.7611E-03,0.028449929421854463
 3.7810E-03,0.02671822294774389
 3.8009E-03,0.023848274666179968
 3.8208E-03,0.02048874923482832
 3.8407E-03,0.017318987298071232
 3.8606E-03,0.014753037226345644
 3.8805E-03,0.012786317550008927
 3.9004E-03,0.011056973667799029
 3.9203E-03,0.009086957362503907
 3.9402E-03,0.006579798519055682
 3.9601E-03,0.003623317265547331
 3.9800E-03,0.0006937705927302705
 3.9999E-03,-0.0015405344319511182
 4.0198E-03,-0.0025183712703492197
 4.0397E-03,-0.002040198474728335
 4.0596E-03,-0.0003529652624482643
 4.0795E-03,0.001975799206110994
 4.0994E-03,0.004330210524947977
 4.1193E-03,0.006328800310866007
 4.1392E-03,0.007978640515755673
 4.1591E-03,0.009625867130732399
 4.1790E-03,0.011729858567173587
 4.1989E-03,0.014577455569736265
 4.2188E-03,0.018082561843649318
 4.2387E-03,0.021772564197392732
 4.2586E-03,0.024970274465997033
 4.2785E-03,0.027082553896479143
 4.2984E-03,0.027852655670099046
 4.3183E-03,0.027451925225566505
 4.3382E-03,0.026367682597134366
 4.3581E-03,0.025145526636366097
 4.3780E-03,0.02411625423321026
 4.3979E-03,0.023244323243255892
 4.4178E-03,0.022172135044399167
 4.4377E-03,0.020435249670084414
 4.4576E-03,0.01773857390551259
 4.4775E-03,0.014153457320304461
 4.4974E-03,0.010135284247045965
 4.5173E-03,0.006351769535759812
 4.5372E-03,0.0034070921799984042
 4.5571E-03,0.0015975406085268382
 4.5770E-03,0.0008171874450872245
 4.5969E-03,0.0006572236013521852
 4.6168E-03,0.0006462831732721864
 4.6367E-03,0.0005094690996315753
 4.6566E-03,0.0003161188912676401
 4.6765E-03,0.0004431038898853278
 4.6964E-03,0.0013729028942085705
 4.7163E-03,0.0034286100645687444
 4.7362E-03,0.006579411706872287
 4.7561E-03,0.010414197305341738
 4.7760E-03,0.014297379890778224
 4.7959E-03,0.01763102373837704
 4.8158E-03,0.02009454241377956
 4.8357E-03,0.02174466768662704
 4.8556E-03,0.02292899169415707
 4.8755E-03,0.024059801535490068
 4.8954E-03,0.025364123020936744
 4.9153E-03,0.026736908570466688
 4.9352E-03,0.02777171711518915
 4.9551E-03,0.027953494800563528
 4.9750E-03,0.02691664202930586
 4.9949E-03,0.024638988890498523
 5.0148E-03,0.02147442339361603
 5.0347E-03,0.01800787011320775
 5.0546E-03,0.014805179962750855
 5.0745E-03,0.01218188001358229
 5.0944E-03,0.010103594970903474
 5.1143E-03,0.008264200098743905
 5.1342E-03,0.006298880877998952
 5.1541E-03,0.004022346152895402
 5.1740E-03,0.0015708413838895871
 5.1939E-03,-0.0006242531829323173
 5.2138E-03,-0.0020186740588362413
 5.2337E-03,-0.0022029737602013142
 5.2536E-03,-0.00109306841056441
 5.2735E-03,0.0010300518989123555
 5.2934E-03,0.00365014471826671
 5.3133E-03,0.006250131597763456
 5.3332E-03,0.008535047824740979
 5.3531E-03,0.010533981966304394
 5.3730E-03,0.012532627515105995
 5.3929E-03,0.01487327742554285
 5.4128E-03,0.017725230917454697
 5.4327E-03,0.020942784577345136
 5.4526E-03,0.024083771786668724
 5.4725E-03,0.02658112222384819
 5.4924E-03,0.02798323388785308
 5.5123E-03,0.028144506295794413
 5.5322E-03,0.027272397763383232
 5.5521E-03,0.02580925286544634
 5.5720E-03,0.024209664665020014
 5.5919E-03,0.022725516548843475
 5.6118E-03,0.02130549591993034
 5.6317E-03,0.019657320222504115
 5.6516E-03,0.01743895790334776
 5.6715E-03,0.014480573489753061
 5.6914E-03,0.01092390253390418
 5.7113E-03,0.007207685747816214
 5.7312E-03,0.0039052079303099176
 5.7511E-03,0.0014936624041186142
 5.7710E-03,0.00016827926420122418
 5.7909E-03,-0.0002090056279098635
 5.8108E-03,-3.860349410391957e-06
 5.8307E-03,0.0003979619395915064
 5.8506E-03,0.0007950699426618382
 5.8705E-03,0.0012695393570477422
 5.8904E-03,0.0021319637766727857
 5.9103E-03,0.003741341828976467
 5.9302E-03,0.006291328606580193
 5.9501E-03,0.009670932020378002
 5.9700E-03,0.013470486149024847
 5.9899E-03,0.017131497107744663
 6.0098E-03,0.020167525722326954
 6.0297E-03,0.022348111473328273
 6.0496E-03,0.02375650893263691
 6.0695E-03,0.024695374355524605
 6.0894E-03,0.025490589286137462
 6.1093E-03,0.026293806030053313
 6.1292E-03,0.026983902534318042
 6.1491E-03,0.02721700493086503
 6.1690E-03,0.02659972220355097
 6.1889E-03,0.024898252785022022
 6.2088E-03,0.022177994317712363
 6.2287E-03,0.01880323686099723
 6.2486E-03,0.015296685578884655
 6.2685E-03,0.012128295246912522
 6.2884E-03,0.009537183378599958
 6.3083E-03,0.007472636427169192
 6.3282E-03,0.005680019939540783
 6.3481E-03,0.0038851024885683395
 6.3680E-03,0.0019818202911838795
 6.3879E-03,0.00012771228587370718
 6.4078E-03,-0.001301735629214279
 6.4277E-03,-0.001877543426080612
 6.4476E-03,-0.001318812145637619
 6.4675E-03,0.00036849306019847
 6.4874E-03,0.0028840537033368125
 6.5073E-03,0.0057604760948639176
 6.5272E-03,0.008562398282835577
 6.5471E-03,0.011059467400238412
 6.5670E-03,0.013288992709621703
 6.5869E-03,0.01547978054560545
 6.6068E-03,0.017878327964132426
 6.6267E-03,0.02056719923575403
 6.6466E-03,0.02336881833865697
 6.6665E-03,0.025884699481113202
 6.6864E-03,0.02765209031685707
 6.7063E-03,0.028341075618561626
 6.7262E-03,0.027894809080081157
 6.7461E-03,0.02654398692903418
 6.7660E-03,0.02468961746159505
 6.7859E-03,0.022713675056473436
 6.8058E-03,0.020812318059704654
 6.8257E-03,0.0189337594487058
 6.8456E-03,0.01684949766865471
 6.8655E-03,0.01432046372710385
 6.8854E-03,0.011272252176177985
 6.9053E-03,0.007889486836396242
 6.9252E-03,0.004580343110786722
 6.9451E-03,0.001827464108916035
 6.9650E-03,-1.9341793597114215e-06
 6.9849E-03,-0.0007941980979369152
 7.0048E-03,-0.0007093328010486534
 7.0247E-03,-7.551150604229162e-05
 7.0446E-03,0.000787656169836584
 7.0645E-03,0.001728214365985907
 7.0844E-03,0.002824231511554705
 7.1043E-03,0.004319510720312298
 7.1242E-03,0.006466479821486772
 7.1441E-03,0.009356573677470708
 7.1640E-03,0.012824557548565759
 7.1839E-03,0.01647630264024697
 7.2038E-03,0.019828070295033424
 7.2237E-03,0.02248991798345742
 7.2436E-03,0.024303980632144798
 7.2635E-03,0.025371101356556007
 7.2834E-03,0.025955240764541823
 7.3033E-03,0.026316058124896537
 7.3232E-03,0.02655531588119436
 7.3431E-03,0.026554825790581604
 7.3630E-03,0.026036895705749713
 7.3829E-03,0.024716297359541783
 7.4028E-03,0.02246666605738415
 7.4227E-03,0.01941698680442138
 7.4426E-03,0.015928940270738542
 7.4625E-03,0.012465500574234853
 7.4824E-03,0.009415115864391239
 7.5023E-03,0.006957097246244355
 7.5222E-03,0.005032340793193992
 7.5421E-03,0.00343050501831488
 7.5620E-03,0.001946883275423461
 7.5819E-03,0.0005281275533268455
 7.6018E-03,-0.0006675667131239632
 7.6217E-03,-0.0013266713529040929
 7.6416E-03,-0.0011251512631613417
 7.6615E-03,0.00011022866983054712
 7.6814E-03,0.0023044059624133095
 7.7013E-03,0.00514892171302609
 7.7212E-03,0.0082222439309797
 7.7411E-03,0.011156644519544696
 7.7610E-03,0.013770200012911758
 7.7809E-03,0.01610046907232295
 7.8008E-03,0.018325951867835
 7.8207E-03,0.020617672198603616
 7.8406E-03,0.02299791033598968
 7.8605E-03,0.02527902031167685
 7.8804E-03,0.02711468997701892
 7.9003E-03,0.028139365230736662
 7.9202E-03,0.028127167810357234
 7.9401E-03,0.027091701336911543
 7.9600E-03,0.025277650630549587
 7.9799E-03,0.02304909654085322
 7.9998E-03,0.020730645033504105
 8.0197E-03,0.018480102356675448
 8.0396E-03,0.01625452118535654
 8.0595E-03,0.013883927010665582
 8.0794E-03,0.011212902607436273
 8.0993E-03,0.00823645600988811
 8.1192E-03,0.005159905856121492
 8.1391E-03,0.002350991273262475
 8.1590E-03,0.00020652457676074206
 8.1789E-03,-0.0010015545263338192
 8.1988E-03,-0.0012259400458886837
 8.2187E-03,-0.0006419303236471599
 8.2386E-03,0.00045358444178600344
 8.2585E-03,0.0017907205849561998
 8.2784E-03,0.00324858363463345
 8.2983E-03,0.004890606355310006
 8.3182E-03,0.0068971927463421685
 8.3381E-03,0.009431334861678978
 8.3580E-03,0.012506451408090443
 8.3779E-03,0.015924522124534615
 8.3978E-03,0.019317466025622464
 8.4177E-03,0.022273230807588706
 8.4376E-03,0.024485837623541538
 8.4575E-03,0.02585671419045686
 8.4774E-03,0.0264990570365388
 8.4973E-03,0.026645433816182874
 8.5172E-03,0.026506910296126385
 8.5371E-03,0.02615549122086588
 8.5570E-03,0.025489016787593615
 8.5769E-03,0.02429551422955384
 8.5968E-03,0.02238365698055554
 8.6167E-03,0.019712643134369164
 8.6366E-03,0.0164550861679619
 8.6565E-03,0.012960120499847492
 8.6764E-03,0.009633769823282987
 8.6963E-03,0.006794548147784643
 8.7162E-03,0.004573910447846883
 8.7361E-03,0.002908155458639475
 8.7560E-03,0.001622593763026501
 8.7759E-03,0.0005631464280827718
 8.7958E-03,-0.0002923855552540227
 8.8157E-03,-0.0008001385728218427
 8.8356E-03,-0.0007106120256113613
 8.8555E-03,0.00020648818399430602
 8.8754E-03,0.0020355194862428437
 8.8953E-03,0.0046498484522661705
 8.9152E-03,0.007741517924873998
 8.9351E-03,0.010931912690845199
 8.9550E-03,0.013909862925288355
 8.9749E-03,0.016530451408423366
 8.9948E-03,0.018827841043281574
 9.0147E-03,0.02093867947745771
 9.0346E-03,0.022977343184504558
 9.0545E-03,0.0249280293650369
 9.0744E-03,0.026609724750788794
 9.0943E-03,0.0277330652761901
 9.1142E-03,0.02802167440390544
 9.1341E-03,0.02733797065103459
 9.1540E-03,0.025750985169271857
 9.1739E-03,0.02351261537349064
 9.1938E-03,0.020954316917971713
 9.2137E-03,0.018355465619664196
 9.2336E-03,0.01584787943155865
 9.2535E-03,0.013401963913026073
 9.2734E-03,0.010898521980917106
 9.2933E-03,0.008247311543501506
 9.3132E-03,0.005490329867663634
 9.3331E-03,0.002835910093086659
 9.3530E-03,0.000604753234044084
 9.3729E-03,-0.0008867452703340028
 9.3928E-03,-0.0014492466249593195
 9.4127E-03,-0.001089766163064742
 9.4326E-03,5.450089684652009e-06
 9.4525E-03,0.0015648270989120946
 9.4724E-03,0.0033549802108687045
 9.4923E-03,0.005272766407552141
 9.5122E-03,0.007361262859224806
 9.5321E-03,0.009743652585722105
 9.5520E-03,0.012510337772518613
 9.5719E-03,0.015618037223087675
 9.5918E-03,0.01885356802773179
 9.6117E-03,0.02188263296136492
 9.6316E-03,0.024361438970508
 9.6515E-03,0.026057541936758112
 9.6714E-03,0.026921654711829772
 9.6913E-03,0.02707662071136542
 9.7112E-03,0.026731021750156937
 9.7311E-03,0.02606213762678356
 9.7510E-03,0.02512751846076564
 9.7709E-03,0.023849179052472934
 9.7908E-03,0.022077286632604876
 9.8107E-03,0.01969993349169654
 9.8306E-03,0.0167423254748987
 9.8505E-03,0.013404027733184793
 9.8704E-03,0.010013961963076625
 9.8903E-03,0.006923879382760805
 9.9102E-03,0.004391399597160256
 9.9301E-03,0.002508388035892719
 9.9500E-03,0.0012074633698623536
 9.9699E-03,0.00034052046713696016
 9.9898E-03,-0.00021226419032916756
 1.0010E-02,-0.0004589207152288675
 1.0030E-02,-0.00028010386487205903
 1.0049E-02,0.0005107253732180476
 1.0069E-02,0.002061801349418412
 1.0089E-02,0.004385548612433178
 1.0109E-02,0.007318581250267648
 1.0129E-02,0.010560326203459258
 1.0149E-02,0.01377258698997666
 1.0169E-02,0.016692398015523413
 1.0189E-02,0.0192042646388353
 1.0209E-02,0.021338457062496086
 1.0229E-02,0.023199112933635815
 1.0248E-02,0.02486086776535925
 1.0268E-02,0.02628805066603366
 1.0288E-02,0.02731859957499502
 1.0308E-02,0.027721875377728727
 1.0328E-02,0.027302086046395526
 1.0348E-02,0.025995846989519417
 1.0368E-02,0.02391510039854248
 1.0388E-02,0.02131376898075076
 1.0408E-02,0.018494360202478733
 1.0428E-02,0.015700178755212596
 1.0448E-02,0.01304518841076557
 1.0467E-02,0.010513988414389185
 1.0487E-02,0.008028908510708792
 1.0507E-02,0.005547694397794933
 1.0527E-02,0.0031403100362945727
 1.0547E-02,0.0010043116278804724
 1.0567E-02,-0.0005906099572559431
 1.0587E-02,-0.0014026812904500085
 1.0607E-02,-0.001314118749783144
 1.0627E-02,-0.0003765669367223757
 1.0646E-02,0.0012157740344726012
 1.0666E-02,0.003211511054701866
 1.0686E-02,0.0054036562278434045
 1.0706E-02,0.007697861728821505
 1.0726E-02,0.010115004868281853
 1.0746E-02,0.012729103994855762
 1.0766E-02,0.01557409627938232
 1.0786E-02,0.018568583548203416
 1.0806E-02,0.021498562329838593
 1.0826E-02,0.024069040999007953
 1.0845E-02,0.02600088497796829
 1.0865E-02,0.02712648225163541
 1.0885E-02,0.027438270909762596
 1.0905E-02,0.02706758706647624
 1.0925E-02,0.026205861566443694
 1.0945E-02,0.0250084896000774
 1.0965E-02,0.023529563226087062
 1.0985E-02,0.021719344072842012
 1.1005E-02,0.019484257371580462
 1.1025E-02,0.01677749226293352
 1.1044E-02,0.013672844619276123
 1.1064E-02,0.010382863739970397
 1.1084E-02,0.007210278971567976
 1.1104E-02,0.004454947626587543
 1.1124E-02,0.0023205042937417325
 1.1144E-02,0.0008647152837011703
 1.1164E-02,1.562049192297614e-05
 1.1184E-02,-0.0003570133014996276
 1.1204E-02,-0.00035239895282967304
 1.1224E-02,2.2803584702150688e-05
 1.1244E-02,0.000857285298392979
 1.1263E-02,0.0022781378824847697
 1.1283E-02,0.004363409644897729
 1.1303E-02,0.007068921345174067
 1.1323E-02,0.010207214117228944
 1.1343E-02,0.013490776740308331
 1.1363E-02,0.016619959130164445
 1.1383E-02,0.019373987795350194
 1.1403E-02,0.021662194430105686
 1.1423E-02,0.023512596505404257
 1.1442E-02,0.025006274928684902
 1.1462E-02,0.0261928463375451
 1.1482E-02,0.027031283712492124
 1.1502E-02,0.02738702245873604
 1.1522E-02,0.02708750704019707
 1.1542E-02,0.026008580833965116
 1.1562E-02,0.02414831760187987
 1.1582E-02,0.021650924352144357
 1.1602E-02,0.018768097475183012
 1.1622E-02,0.015776145946764655
 1.1641E-02,0.012888745437366735
 1.1661E-02,0.010206684406083171
 1.1681E-02,0.0077269135604661095
 1.1701E-02,0.005403347633363911
 1.1721E-02,0.0032261554439148845
 1.1741E-02,0.0012774494728943014
 1.1761E-02,-0.00026640864517607846
 1.1781E-02,-0.0011885467337065638
 1.1801E-02,-0.001315731870403284
 1.1821E-02,-0.0005919295429485895
 1.1840E-02,0.0008946661756249084
 1.1860E-02,0.0029442575326889234
 1.1880E-02,0.005321684969632628
 1.1900E-02,0.00783917037076838
 1.1920E-02,0.01040585293608508
 1.1940E-02,0.013021526884577011
 1.1960E-02,0.015720224751048097
 1.1980E-02,0.018494496477048154
 1.2000E-02,0.021240826830578895
 1.2020E-02,0.023755890152841054
 1.2039E-02,0.025787707450714806
 1.2059E-02,0.02711809168743385
 1.2079E-02,0.027636891596235252
 1.2099E-02,0.027372423219678317
 1.2119E-02,0.02646414279642503
 1.2139E-02,0.025092126899026186
 1.2159E-02,0.023398929710099377
 1.2179E-02,0.021442414435096813
 1.2199E-02,0.019201870890882523
 1.2219E-02,0.016632474863972017
 1.2238E-02,0.013738642969393998
 1.2258E-02,0.010627317667592614
 1.2278E-02,0.007512331594251367
 1.2298E-02,0.004665535874944875
 1.2318E-02,0.00233693938236073
 1.2338E-02,0.0006814241256677697
 1.2358E-02,-0.0002738097301683341
 1.2378E-02,-0.0006071442543417868
 1.2398E-02,-0.00043872346750102
 1.2418E-02,0.00014199516365250183
 1.2437E-02,0.0011206787242653907
 1.2457E-02,0.002552611096863019
 1.2477E-02,0.004510826703144514
 1.2497E-02,0.007015033985436698
 1.2517E-02,0.00997834935743077
 1.2537E-02,0.013200204940236068
 1.2557E-02,0.01641098590903801
 1.2577E-02,0.019348364522146413
 1.2597E-02,0.02182965757366849
 1.2617E-02,0.02378663505522157
 1.2636E-02,0.025247990829438387
 1.2656E-02,0.026280713276927985
 1.2676E-02,0.026921788429564785
 1.2696E-02,0.027135937261002073
 1.2716E-02,0.026821399589482015
 1.2736E-02,0.025861108623282166
 1.2756E-02,0.024193381112056503
 1.2776E-02,0.02186612010235122
 1.2796E-02,0.019046520472105172
 1.2816E-02,0.015980279294582452
 1.2835E-02,0.012919207535682943
 1.2855E-02,0.010051430171046245
 1.2875E-02,0.007466527225146824
 1.2895E-02,0.005170138508278252
 1.2915E-02,0.003137788834637841
 1.2935E-02,0.0013783628865580457
 1.2955E-02,-2.6686849277095855e-05
 1.2975E-02,-0.0009296569164551072
 1.2995E-02,-0.001166480580826917
 1.3015E-02,-0.0006261191905076252
 1.3034E-02,0.0006946325491344811
 1.3054E-02,0.0026780705652175146
 1.3074E-02,0.0051210207194624605
 1.3094E-02,0.0078019512549871075
 1.3114E-02,0.010547712887279428
 1.3134E-02,0.013268585334850464
 1.3154E-02,0.015946551938441744
 1.3174E-02,0.018585335602916843
 1.3194E-02,0.02114988252166357
 1.3214E-02,0.023528114850277882
 1.3233E-02,0.0255363827786181
 1.3253E-02,0.02696788967112155
 1.3273E-02,0.02766155829639568
 1.3293E-02,0.02755827790806408
 1.3313E-02,0.02671749165659865
 1.3333E-02,0.025286596782463536
 1.3353E-02,0.023438784971576
 1.3373E-02,0.021310108993277954
 1.3393E-02,0.018966206614871365
 1.3413E-02,0.01641358744478317
 1.3432E-02,0.013647615284873765
 1.3452E-02,0.010710747998783724
 1.3472E-02,0.0077294725992538196
 1.3492E-02,0.004909146806691846
 1.3512E-02,0.0024871120091906405
 1.3532E-02,0.0006653200979394916
 1.3552E-02,-0.0004460784792350398
 1.3572E-02,-0.0008481578371228242
 1.3592E-02,-0.0006278161892573774
 1.3612E-02,9.843215014545192e-05
 1.3631E-02,0.0012427684145188392
 1.3651E-02,0.002777460604190734
 1.3671E-02,0.004724414261229257
 1.3691E-02,0.007109384775262344
 1.3711E-02,0.009905376078189747
 1.3731E-02,0.012995406244672702
 1.3751E-02,0.016175343340047877
 1.3771E-02,0.019197669566979953
 1.3791E-02,0.021836716074810546
 1.3811E-02,0.023945249279067774
 1.3830E-02,0.025476602843860576
 1.3850E-02,0.026463667283741138
 1.3870E-02,0.026967365164977188
 1.3890E-02,0.027022050107523805
 1.3910E-02,0.02660618943900445
 1.3930E-02,0.025653363955915057
 1.3950E-02,0.024097828626991433
 1.3970E-02,0.021931100991636532
 1.3990E-02,0.01924018565157072
 1.4010E-02,0.016206984509844907
 1.4029E-02,0.013067611660074939
 1.4049E-02,0.010050050349113113
 1.4069E-02,0.007319000033333542
 1.4089E-02,0.00495278606738248
 1.4109E-02,0.0029610000238449743
 1.4129E-02,0.0013312972961909268
 1.4149E-02,7.95849631958479e-05
 1.4169E-02,-0.0007233329420049602
 1.4189E-02,-0.0009632680937962714
 1.4209E-02,-0.0005273813421012234
 1.4228E-02,0.0006397926983952534
 1.4248E-02,0.0024969570459712044
 1.4268E-02,0.004903322396678342
 1.4288E-02,0.007654743244818608
 1.4308E-02,0.010542058829026434
 1.4328E-02,0.013404398518771371
 1.4348E-02,0.016153144610710383
 1.4368E-02,0.018757192816530283
 1.4388E-02,0.02119961440094794
 1.4408E-02,0.023430055354329384
 1.4427E-02,0.02533910834608702
 1.4447E-02,0.026769566281474394
 1.4467E-02,0.02756063694218329
 1.4487E-02,0.027604327063553622
 1.4507E-02,0.026886754132335905
 1.4527E-02,0.02549433694939787
 1.4547E-02,0.02358200281709993
 1.4567E-02,0.021319058887259504
 1.4587E-02,0.018838926042789802
 1.4607E-02,0.01621632916704828
 1.4626E-02,0.013481228912918856
 1.4646E-02,0.010660045442989626
 1.4666E-02,0.007820965197699647
 1.4686E-02,0.005098162234130027
 1.4706E-02,0.002680480695254106
 1.4726E-02,0.0007680528723539083
 1.4746E-02,-0.00048353898549857136
 1.4766E-02,-0.0010056203106232424
 1.4786E-02,-0.0008258849394805336
 1.4806E-02,-4.1564681301048574e-05
 1.4825E-02,0.001229557048529711
 1.4845E-02,0.0028957794855098877
 1.4865E-02,0.004913116329986195
 1.4885E-02,0.007272357118574628
 1.4905E-02,0.009959719136414469
 1.4925E-02,0.012912761571744022
 1.4945E-02,0.015995802654263674
 1.4965E-02,0.019009463567254754
 1.4985E-02,0.021731984083989513
 1.5005E-02,0.023974092284081223
 1.5024E-02,0.025622384455454714
 1.5044E-02,0.0266517921603157
 1.5064E-02,0.027102952725128547
 1.5084E-02,0.027037493566588435
 1.5104E-02,0.026494764152435638
 1.5124E-02,0.02547217743755249
 1.5144E-02,0.023938840966437593
 1.5164E-02,0.021874915383046124
 1.5184E-02,0.019315821096783092
 1.5204E-02,0.016377683326928922
 1.5223E-02,0.013249570525970757
 1.5243E-02,0.010154470157019266
 1.5263E-02,0.007296303418383254
 1.5283E-02,0.0048169570958557055
 1.5303E-02,0.0027820864303774004
 1.5323E-02,0.0012000570700118052
 1.5343E-02,6.208645077739787e-05
 1.5363E-02,-0.0006184849944538087
 1.5383E-02,-0.0007888579397883989
 1.5403E-02,-0.0003709067384276767
 1.5422E-02,0.0006999162249452821
 1.5442E-02,0.0024304102768706115
 1.5462E-02,0.004742729908999493
 1.5482E-02,0.007479100660038892
 1.5502E-02,0.010437160611932422
 1.5522E-02,0.01342010385197427
 1.5542E-02,0.016278806305520997
 1.5562E-02,0.018927414311579918
 1.5582E-02,0.021327299844846118
 1.5602E-02,0.02345010087212636
 1.5621E-02,0.02524085142423036
 1.5641E-02,0.02660183993011054
 1.5661E-02,0.027407051601654936
 1.5681E-02,0.027541303912281413
 1.5701E-02,0.02694539544634468
 1.5721E-02,0.0256451765067527
 1.5741E-02,0.023750108256569088
 1.5761E-02,0.021421723585439555
 1.5781E-02,0.0188269561634311
 1.5801E-02,0.0160982879032891
 1.5820E-02,0.013318674131046126
 1.5840E-02,0.01053636388661123
 1.5860E-02,0.007799551904182278
 1.5880E-02,0.005190878365630668
 1.5900E-02,0.002842029781597781
 1.5920E-02,0.0009188758507887721
 1.5940E-02,-0.00041746671220432895
 1.5960E-02,-0.0010560177587109246
 1.5980E-02,-0.0009666865622995719
 1.6000E-02,-0.000202283503802965
 1.6019E-02,0.0011284604165709426
 1.6039E-02,0.0029032580139192617
 1.6059E-02,0.0050233856115688025
 1.6079E-02,0.007428169497694854
 1.6099E-02,0.010081275124420455
 1.6119E-02,0.01293770638251491
 1.6139E-02,0.01591030588460348
 1.6159E-02,0.018854923788529446
 1.6179E-02,0.021584131558098144
 1.6199E-02,0.023905057890084173
 1.6219E-02,0.025664768350533655
 1.6238E-02,0.02678267864576222
 1.6258E-02,0.02725574950226054
 1.6278E-02,0.027135508639842564
 1.6298E-02,0.026489596603634234
 1.6318E-02,0.02536770082901301
 1.6338E-02,0.02378889091555257
 1.6358E-02,0.021756019100881912
 1.6378E-02,0.01928877114351975
 1.6398E-02,0.016457231807551063
 1.6417E-02,0.013397315679037814
 1.6437E-02,0.010298306160475617
 1.6457E-02,0.007366524370513229
 1.6477E-02,0.004780892146180233
 1.6497E-02,0.0026600320466251223
 1.6517E-02,0.0010547249387630314
 1.6537E-02,-3.297774336931381e-05
 1.6557E-02,-0.0006156394781456524
 1.6577E-02,-0.0006899391172272925
 1.6597E-02,-0.00022599840944888554
 1.6616E-02,0.0008177400122365831
 1.6636E-02,0.0024616441586654
 1.6656E-02,0.0046710328198345235
 1.6676E-02,0.007339234536181278
 1.6696E-02,0.010297434983060788
 1.6716E-02,0.013348203977198284
 1.6736E-02,0.016308124758087936
 1.6756E-02,0.01904067916789506
 1.6776E-02,0.02146558102440028
 1.6796E-02,0.02354256050033251
 1.6816E-02,0.025240261732565435
 1.6835E-02,0.02650808756624299
 1.6855E-02,0.027266947153384312
 1.6875E-02,0.027424926448505884
 1.6895E-02,0.026910937452372836
 1.6915E-02,0.025709938446486443
 1.6935E-02,0.02388210453050924
 1.6955E-02,0.021555952537641088
 1.6975E-02,0.018898025953134
 1.6995E-02,0.01607298491785701
 1.7014E-02,0.013212224305590577
 1.7034E-02,0.010404407111905488
 1.7054E-02,0.007710024635059102
 1.7074E-02,0.005189978690946763
 1.7094E-02,0.0029312720099297683
 1.7114E-02,0.0010545797224716864
 1.7134E-02,-0.0003021681512737496
 1.7154E-02,-0.001017772023773099
 1.7174E-02,-0.0010238179393402716
 1.7194E-02,-0.00032593188134365323
 1.7213E-02,0.0009996781568291486
 1.7233E-02,0.0028325051583152723
 1.7253E-02,0.00504417781655367
 1.7273E-02,0.007527914935664674
 1.7293E-02,0.010207897957481107
 1.7313E-02,0.01302592412782218
 1.7333E-02,0.015914350690424364
 1.7353E-02,0.018771349227025023
 1.7373E-02,0.021453371036118597
 1.7393E-02,0.02379106053179126
 1.7412E-02,0.02562299337735031
 1.7432E-02,0.026832502185618404
 1.7452E-02,0.027371052359133178
 1.7472E-02,0.02725804323866151
 1.7492E-02,0.026558307147235914
 1.7512E-02,0.02534923477162446
 1.7532E-02,0.02369404499757368
 1.7552E-02,0.021634002099926455
 1.7572E-02,0.019202309899285668
 1.7592E-02,0.016451095361175783
 1.7611E-02,0.013476023548714654
 1.7631E-02,0.010424076305498173
 1.7651E-02,0.00747832690101432
 1.7671E-02,0.004824946065419859
 1.7691E-02,0.0026164664779417556
 1.7711E-02,0.0009471656737261734
 1.7731E-02,-0.00014953336279843982
 1.7751E-02,-0.00068246346951165
 1.7771E-02,-0.0006738644709943097
 1.7791E-02,-0.0001357737933318779
 1.7810E-02,0.000936085573470586
 1.7830E-02,0.0025479847362343154
 1.7850E-02,0.00468122247403638
 1.7870E-02,0.007267061756854518
 1.7890E-02,0.010177563671098741
 1.7910E-02,0.013238732955747078
 1.7930E-02,0.016261561303562214
 1.7950E-02,0.019077862086477472
 1.7970E-02,0.021565552376182677
 1.7990E-02,0.023653358758030325
 1.8009E-02,0.025305129450094815
 1.8029E-02,0.026493909555104965
 1.8049E-02,0.027180691094398
 1.8069E-02,0.02730993633867593
 1.8089E-02,0.026825053150442823
 1.8109E-02,0.025696493875003657
 1.8129E-02,0.023948350566937848
 1.8149E-02,0.02166963936724015
 1.8169E-02,0.019003722339102393
 1.8189E-02,0.016119837613245144
 1.8208E-02,0.013179216808425587
 1.8228E-02,0.01031054164288449
 1.8248E-02,0.007604473995246816
 1.8268E-02,0.005127277053791887
 1.8288E-02,0.0029440242251283512
 1.8308E-02,0.001137302841278597
 1.8328E-02,-0.00019010870869582753
 1.8348E-02,-0.0009317340896512887
 1.8368E-02,-0.001006252209794234
 1.8388E-02,-0.00038534365034263295
 1.8408E-02,0.0008927545091382889
 1.8427E-02,0.002730623049959743
 1.8447E-02,0.004996705393963563
 1.8467E-02,0.007556517004150093
 1.8487E-02,0.010295975501169815
 1.8507E-02,0.013127197451569404
 1.8527E-02,0.015976201809093215
 1.8547E-02,0.018761198471879046
 1.8567E-02,0.021374905177830004
 1.8587E-02,0.023682258716264604
 1.8606E-02,0.025537027445908494
 1.8626E-02,0.026811143195705583
 1.8646E-02,0.027423916199239808
 1.8666E-02,0.02735801732071081
 1.8686E-02,0.026655344691674458
 1.8706E-02,0.025395500627002587
 1.8726E-02,0.023667767616959455
 1.8746E-02,0.021550123841183794
 1.8766E-02,0.01910471320712744
 1.8786E-02,0.01639042544260485
 1.8805E-02,0.013484289587813211
 1.8825E-02,0.010498732597519255
 1.8845E-02,0.007583701968074157
 1.8865E-02,0.004910172588497016
 1.8885E-02,0.0026408517361878226
 1.8905E-02,0.0009003155541605923
 1.8925E-02,-0.00024280833316933322
 1.8945E-02,-0.0007747851496921658
 1.8965E-02,-0.0007190530008911795
 1.8985E-02,-0.00011184067576877675
 1.9005E-02,0.0010161538628511843
 1.9024E-02,0.002642941560850294
 1.9044E-02,0.004742323587438407
 1.9064E-02,0.007262453618243498
 1.9084E-02,0.010108127907947377
 1.9104E-02,0.013137534763520633
 1.9124E-02,0.01617725752761677
 1.9144E-02,0.019050422499486235
 1.9164E-02,0.021606447612049186
 1.9184E-02,0.02374008313904504
 1.9203E-02,0.025392716549649873
 1.9223E-02,0.026537589662392534
 1.9243E-02,0.02715829985340484
 1.9263E-02,0.02723287270006556
 1.9283E-02,0.026732377475415164
 1.9303E-02,0.02563522274121744
 1.9323E-02,0.02394988971501313
 1.9343E-02,0.021734161376011335
 1.9363E-02,0.019100239394393443
 1.9383E-02,0.016201817623388903
 1.9402E-02,0.013207830488065538
 1.9422E-02,0.010273886787145931
 1.9442E-02,0.007523228133409431
 1.9462E-02,0.005044073079379385
 1.9482E-02,0.0029019725817524314
 1.9502E-02,0.0011584427550556694
 1.9522E-02,-0.00011569781798244382
 1.9542E-02,-0.0008408187845815042
 1.9562E-02,-0.0009439879020214605
 1.9582E-02,-0.0003827491981824074
 1.9601E-02,0.0008341577885029068
 1.9621E-02,0.002639410676591768
 1.9641E-02,0.00491717655634425
 1.9661E-02,0.007526588378984825
 1.9681E-02,0.010328393762856245
 1.9701E-02,0.013203413841623306
 1.9721E-02,0.016055893863665367
 1.9741E-02,0.018802603813613875
 1.9761E-02,0.021355759128988558
 1.9781E-02,0.023610874913903047
 1.9800E-02,0.025448034841185904
 1.9820E-02,0.026748088176770653
 1.9840E-02,0.027417495991097374
 1.9860E-02,0.027410850890050596
 1.9880E-02,0.026740855395272337
 1.9900E-02,0.025471378276813346
 1.9920E-02,0.0236971823856039
 1.9940E-02,0.02152003771537606
 1.9960E-02,0.019032165196139508
 1.9980E-02,0.01631374450942314
 1.9999E-02,0.013443738765220644
 2.0019E-02,0.010516326449703683
 2.0039E-02,0.0076522726144319245
 2.0059E-02,0.004997064839611449
 2.0079E-02,0.0027042937404849303
 2.0099E-02,0.0009102168231629522
 2.0119E-02,-0.0002900140294292482
 2.0139E-02,-0.0008545898494539016
 2.0159E-02,-0.0007912910491826329
 2.0179E-02,-0.00014079743075397027
 2.0198E-02,0.0010439972780702138
 2.0218E-02,0.002712343130625691
 2.0238E-02,0.004817094044115372
 2.0258E-02,0.0073036723255177835
 2.0278E-02,0.010093626716913837
 2.0298E-02,0.013072931134935533
 2.0318E-02,0.016093076861471833
 2.0338E-02,0.018986811663363995
 2.0358E-02,0.021593167584371496
 2.0378E-02,0.023781792373638706
 2.0397E-02,0.025466866824097295
 2.0417E-02,0.026605914744611183
 2.0437E-02,0.027186074723446533
 2.0457E-02,0.027206267696749845
 2.0477E-02,0.02666524239962257
 2.0497E-02,0.025561976637434636
 2.0517E-02,0.023908162674617695
 2.0537E-02,0.021745935027528928
 2.0557E-02,0.01916092150095619
 2.0577E-02,0.0162826506835538
 2.0597E-02,0.013270332237583216
 2.0616E-02,0.010289026781837598
 2.0636E-02,0.007485744922894005
 2.0656E-02,0.004974839969888351
 2.0676E-02,0.0028373316960057346
 2.0696E-02,0.0011319227728523677
 2.0716E-02,-9.011862493483514e-05
 2.0736E-02,-0.0007755834557793902
 2.0756E-02,-0.0008716160739630857
 2.0776E-02,-0.0003395247764933824
 2.0795E-02,0.0008262843742791096
 2.0815E-02,0.0025836892144816296
 2.0835E-02,0.004840327364861213
 2.0855E-02,0.007465407579249276
 2.0875E-02,0.010311426604442436
 2.0895E-02,0.013236852677808457
 2.0915E-02,0.01612070757921505
 2.0935E-02,0.018864269494720812
 2.0955E-02,0.021381669880487494
 2.0975E-02,0.023586688017454102
 2.0994E-02,0.025384796349232505
 2.1014E-02,0.026676620425291103
 2.1034E-02,0.02737292118536407
 2.1054E-02,0.027415042996250305
 2.1074E-02,0.026791605923079467
 2.1094E-02,0.025543649879648148
 2.1114E-02,0.02375574280858778
 2.1134E-02,0.0215370814008411
 2.1154E-02,0.019001085248010124
 2.1174E-02,0.0162522098103982
 2.1194E-02,0.01338462537766462
 2.1213E-02,0.010491125170911053
 2.1233E-02,0.0076753094613678284
 2.1253E-02,0.005058397000982106
 2.1273E-02,0.0027747553698800665
 2.1293E-02,0.0009560099817590253
 2.1313E-02,-0.0002905166267395715
 2.1333E-02,-0.0009002049743492107
 2.1353E-02,-0.0008587944907080685
 2.1373E-02,-0.0001966400018297837
 2.1392E-02,0.001026928679370711
 2.1412E-02,0.0027412915648854395
 2.1432E-02,0.004875991667835195
 2.1452E-02,0.007361346199181163
 2.1472E-02,0.010119496028229744
 2.1492E-02,0.013052329828868678
 2.1512E-02,0.016034560908702915
 2.1532E-02,0.018917843142959585
 2.1552E-02,0.02154638426417059
 2.1572E-02,0.023778762983793097
 2.1591E-02,0.025507457324412872
 2.1611E-02,0.02666854694552766
 2.1631E-02,0.027238684294063353
 2.1651E-02,0.027222418285737075
 2.1671E-02,0.026637306879859754
 2.1691E-02,0.025504814659919967
 2.1711E-02,0.023851520122625248
 2.1731E-02,0.021719442697230106
 2.1751E-02,0.019179242565000445
 2.1771E-02,0.016338196036102145
 2.1790E-02,0.013337125233026307
 2.1810E-02,0.010335705008610904
 2.1830E-02,0.0074911467600261
 2.1850E-02,0.004938391553309272
 2.1870E-02,0.0027791056077481305
 2.1890E-02,0.0010824233031172799
 2.1910E-02,-0.00010527788543903609
 2.1930E-02,-0.0007484440496061951
 2.1950E-02,-0.000815746190723902
 2.1970E-02,-0.0002831322397172409
 2.1989E-02,0.000854499407509421
 2.2009E-02,0.0025688554294601073
 2.2029E-02,0.004788767625673585
 2.2049E-02,0.007401419784445444
 2.2069E-02,0.01026513897188467
 2.2089E-02,0.013229249719402364
 2.2109E-02,0.016153304369392385
 2.2129E-02,0.018918558413512837
 2.2149E-02,0.021428562215992285
 2.2169E-02,0.02360118017696436
 2.2188E-02,0.025358503341201183
 2.2208E-02,0.026621922268975574
 2.2228E-02,0.027316693966847893
 2.2248E-02,0.027385166789558622
 2.2268E-02,0.026803037771694013
 2.2288E-02,0.02559102746257587
 2.2308E-02,0.023816173119447216
 2.2328E-02,0.021581650583350355
 2.2348E-02,0.019009277841629035
 2.2368E-02,0.01622201789112241
 2.2387E-02,0.01333333834470283
 2.2407E-02,0.010446482338372774
 2.2427E-02,0.007661506548726821
 2.2447E-02,0.0050839654814601185
 2.2467E-02,0.002828342121525167
 2.2487E-02,0.0010121005749002614
 2.2507E-02,-0.0002588534881845853
 2.2527E-02,-0.0009079438243031128
 2.2547E-02,-0.0009016062074823291
 2.2567E-02,-0.0002531832757734307
 2.2586E-02,0.0009842817012128435
 2.2606E-02,0.0027326852107394536
 2.2626E-02,0.004904143503196756
 2.2646E-02,0.007410357863269049
 2.2666E-02,0.010162959317253322
 2.2686E-02,0.013066635088654393
 2.2706E-02,0.01601074158420461
 2.2726E-02,0.01886605190858937
 2.2746E-02,0.02149080034218183
 2.2766E-02,0.02374551841619039
 2.2786E-02,0.02551164640400499
 2.2805E-02,0.026706812822883633
 2.2825E-02,0.027291055066439727
 2.2845E-02,0.027262418524281545
 2.2865E-02,0.026645237107312553
 2.2885E-02,0.025477539374340327
 2.2905E-02,0.02380389581622002
 2.2925E-02,0.021676731513493037
 2.2945E-02,0.019164368170855144
 2.2965E-02,0.016360246877686134
 2.2984E-02,0.01338683772582644
 2.3004E-02,0.010390129148759615
 2.3024E-02,0.007525098357747483
 2.3044E-02,0.004936933131680416
 2.3064E-02,0.002744834654501228
 2.3084E-02,0.0010339833259911033
 2.3104E-02,-0.00014265214268970212
 2.3124E-02,-0.000755580603838144
 2.3144E-02,-0.0007890679508088031
 2.3164E-02,-0.00023634501870735847
 2.3183E-02,0.0008973510309462416
 2.3203E-02,0.002585453355688063
 2.3223E-02,0.004769669137563923
 2.3243E-02,0.007354742832843103
 2.3263E-02,0.010212483339411018
 2.3283E-02,0.013194929933968345
 2.3303E-02,0.01615229376823174
 2.3323E-02,0.01894916172027224
 2.3343E-02,0.02147344628745295
 2.3363E-02,0.023636201393767285
 2.3383E-02,0.025364877248359417
 2.3402E-02,0.026595633018405035
 2.3422E-02,0.02727045343642079
 2.3442E-02,0.027341985367148217
 2.3462E-02,0.026784670715949404
 2.3482E-02,0.02560710524568948
 2.3502E-02,0.023859445364698403
 2.3522E-02,0.02163167915288973
 2.3542E-02,0.019042674496931863
 2.3562E-02,0.016224067467093505
 2.3581E-02,0.01330519851882924
 2.3601E-02,0.010404406443746086
 2.3621E-02,0.00762854362771045
 2.3641E-02,0.005078337427737228
 2.3661E-02,0.002854318033401688
 2.3681E-02,0.0010578967183883842
 2.3701E-02,-0.0002151535549869113
 2.3721E-02,-0.0008874526176924939
 2.3741E-02,-0.0009141548748243369
 2.3761E-02,-0.0002925110994073675
 2.3780E-02,0.000937315792878573
 2.3800E-02,0.0027005173612436074
 2.3820E-02,0.00490135385567792
 2.3840E-02,0.007436513186571155
 2.3860E-02,0.010202990110891139
 2.3880E-02,0.013098515721217901
 2.3900E-02,0.01601660233191267
 2.3920E-02,0.018841158305115895
 2.3940E-02,0.021445925453443985
 2.3960E-02,0.02370155351425049
 2.3979E-02,0.025489178974408038
 2.3999E-02,0.026715903940938035
 2.4019E-02,0.02732632264725177
 2.4039E-02,0.027305851870897853
 2.4059E-02,0.026675286985733588
 2.4079E-02,0.025479898381606237
 2.4099E-02,0.023778569581995358
 2.4119E-02,0.021637894208981906
 2.4139E-02,0.019133128445360227
 2.4159E-02,0.016353991934900086
 2.4178E-02,0.013410503791536826
 2.4198E-02,0.01043374223316647
 2.4218E-02,0.007568765757065788
 2.4238E-02,0.004960742311929398
 2.4258E-02,0.0027386932542174955
 2.4278E-02,0.001002504909933628
 2.4298E-02,-0.00018260713996016086
 2.4318E-02,-0.0007834278091703334
 2.4338E-02,-0.0007907998423887493
 2.4358E-02,-0.00021147113558512578
 2.4377E-02,0.0009356557449017964
 2.4397E-02,0.0026170222809766505
 2.4417E-02,0.00477747530702893
 2.4437E-02,0.007333421583975584
 2.4457E-02,0.010171007653716504
 2.4477E-02,0.01315213327946121
 2.4497E-02,0.016127506036626972
 2.4517E-02,0.018952650672612488
 2.4537E-02,0.02150143269961665
 2.4557E-02,0.023672910057557558
 2.4576E-02,0.025390558769173562
 2.4596E-02,0.02659651226101764
 2.4616E-02,0.027245618659659535
 2.4636E-02,0.027303790059617132
 2.4656E-02,0.02675248547870474
 2.4676E-02,0.025597585187494297
 2.4696E-02,0.02387820170831914
 2.4716E-02,0.021670508785862304
 2.4736E-02,0.019083693252201175
 2.4756E-02,0.01624863375740136
 2.4775E-02,0.013303139355318221
 2.4795E-02,0.010378944363387495
 2.4815E-02,0.007594505696463
 2.4835E-02,0.005054595967976951
 2.4855E-02,0.0028542779571743373
 2.4875E-02,0.0010827851424405363
 2.4895E-02,-0.0001768733608796761
 2.4915E-02,-0.0008542945137703075
 2.4935E-02,-0.0009023737862731606
 2.4955E-02,-0.0003080352842535734
 2.4975E-02,0.0009017787086673007
 2.4994E-02,0.0026617930315873594
 2.5014E-02,0.004877406214005109
 2.5034E-02,0.007437546798997263
 2.5054E-02,0.010226482286397567
 2.5074E-02,0.01313063017105949
 2.5094E-02,0.016039242686712585
 2.5114E-02,0.018841109980938485
 2.5134E-02,0.02142150867485535
 2.5154E-02,0.023663474518178112
 2.5173E-02,0.02545518089232642
 2.5193E-02,0.02670192045934495
 2.5213E-02,0.02733857330073047
 2.5233E-02,0.027337823662729598
 2.5253E-02,0.026711080516641963
 2.5273E-02,0.025502224354909075
 2.5293E-02,0.023777367693928464
 2.5313E-02,0.02161526417388755
 2.5333E-02,0.019102138431443212
 2.5353E-02,0.016332007585992743
 2.5372E-02,0.013410412542168241
 2.5392E-02,0.010457471128818268
 2.5412E-02,0.007606310886666354
 2.5432E-02,0.004995153605153695
 2.5452E-02,0.0027544879098220496
 2.5472E-02,0.0009932968337043918
 2.5492E-02,-0.00021105009131488746
 2.5512E-02,-0.0008161832634759745
 2.5532E-02,-0.0008113091538840179
 2.5552E-02,-0.0002098035772844679
 2.5572E-02,0.000957910034099026
 2.5591E-02,0.0026476437020648857
 2.5611E-02,0.004799810569401993
 2.5631E-02,0.007334766197379308
 2.5651E-02,0.010148985101810837
 2.5671E-02,0.013115899557589706
 2.5691E-02,0.016093202244074213
 2.5711E-02,0.018935397546721893
 2.5731E-02,0.021507876408773774
 2.5751E-02,0.02369803510023932
 2.5770E-02,0.025420334394235126
 2.5790E-02,0.02661501527622147
 2.5810E-02,0.027243044585980567
 2.5830E-02,0.027281340604107918
 2.5850E-02,0.0267217067403539
 2.5870E-02,0.025574522355674846
 2.5890E-02,0.023875326957581187
 2.5910E-02,0.021690473094164036
 2.5930E-02,0.019118012482220878
 2.5950E-02,0.016281930794997942
 2.5969E-02,0.013320785137844666
 2.5989E-02,0.010374262592651116
 2.6009E-02,0.007571956051866921
 2.6029E-02,0.005027385225027631
 2.6049E-02,0.0028376367717756214
 2.6069E-02,0.0010862955905379982
 2.6089E-02,-0.0001540698858388662
 2.6109E-02,-0.0008230431360788592
 2.6129E-02,-0.0008780676978121029
 2.6149E-02,-0.00030293220786238996
 2.6168E-02,0.0008846479460511468
 2.6188E-02,0.0026301025993760697
 2.6208E-02,0.004845691062085081
 2.6228E-02,0.007419978774951912
 2.6248E-02,0.010229880932001261
 2.6268E-02,0.013151187012628941
 2.6288E-02,0.016064569546268427
 2.6308E-02,0.018856558377849397
 2.6328E-02,0.021417580542741507
 2.6348E-02,0.02364061445722481
 2.6367E-02,0.025423566248501138
 2.6387E-02,0.026676377846076814
 2.6407E-02,0.027331187052491684
 2.6427E-02,0.027351943089781252
 2.6447E-02,0.026739712576553033
 2.6467E-02,0.02553158691023441
 2.6487E-02,0.023793792958137366
 2.6507E-02,0.02161198015688711
 2.6527E-02,0.019082543418151472
 2.6547E-02,0.01630783125723862
 2.6566E-02,0.013395723779450764
 2.6586E-02,0.01046155785597307
 2.6606E-02,0.007628995131090827
 2.6626E-02,0.005026861340014428
 2.6646E-02,0.002781004985803962
 2.6666E-02,0.001002809610261526
 2.6686E-02,-0.00022214827400102708
 2.6706E-02,-0.0008415971904830843
 2.6726E-02,-0.0008380699841013652
 2.6746E-02,-0.00022477887363054748
 2.6765E-02,0.0009614856038845158
 2.6785E-02,0.0026668665490620397
 2.6805E-02,0.004823658009508463
 2.6825E-02,0.007349696190993946
 2.6845E-02,0.01014577150031353
 2.6865E-02,0.013094286865030355
 2.6885E-02,0.01606206690865137
 2.6905E-02,0.018908354413647334
 2.6925E-02,0.021496542357284043
 2.6945E-02,0.023706321898826228
 2.6964E-02,0.025442613060308983
 2.6984E-02,0.026639045358314895
 2.7004E-02,0.02725617486594717
 2.7024E-02,0.02727686024073106
 2.7044E-02,0.026702169496546725
 2.7064E-02,0.025550400959711356
 2.7084E-02,0.02385970170310308
 2.7104E-02,0.02169243770513375
 2.7124E-02,0.019138102770173294
 2.7144E-02,0.016311846468554197
 2.7164E-02,0.013347513735460923
 2.7183E-02,0.010386517068740962
 2.7203E-02,0.007565701428357273
 2.7223E-02,0.005007711107407077
 2.7243E-02,0.002816075673629982
 2.7263E-02,0.0010749614452112124
 2.7283E-02,-0.00014857790552835824
 2.7303E-02,-0.0008029334064821064
 2.7323E-02,-0.0008532254655011806
 2.7343E-02,-0.0002859575420730789
 2.7362E-02,0.0008847396874495985
 2.7382E-02,0.0026123743163941142
 2.7402E-02,0.004817744742102455
 2.7422E-02,0.007394175463404496
 2.7442E-02,0.010217223455173622
 2.7462E-02,0.013155923304743812
 2.7482E-02,0.016082200192395403
 2.7502E-02,0.01887622118528915
 2.7522E-02,0.0214275957569844
 2.7542E-02,0.023634401621771356
 2.7561E-02,0.025402971542288662
 2.7581E-02,0.026650760021645487
 2.7601E-02,0.02731273990042651
 2.7621E-02,0.027349612807704097
 2.7641E-02,0.026754758574616663
 2.7661E-02,0.02555699459422997
 2.7681E-02,0.023817806656215895
 2.7701E-02,0.02162396297952526
 2.7721E-02,0.019078221631445645
 2.7741E-02,0.016291311479166803
 2.7760E-02,0.013377303974524414
 2.7780E-02,0.010452460500551455
 2.7800E-02,0.007635676869704762
 2.7820E-02,0.005047742441761449
 2.7840E-02,0.0028072325361106236
 2.7860E-02,0.001022646359807592
 2.7880E-02,-0.00021751872149675697
 2.7900E-02,-0.0008537455419915206
 2.7920E-02,-0.0008606157535726004
 2.7940E-02,-0.0002466288297940357
 2.7959E-02,0.0009505928117063287
 2.7979E-02,0.002671282837588412
 2.7999E-02,0.004839738698151899
 2.8019E-02,0.007367723248106526
 2.8039E-02,0.010154904330215465
 2.8059E-02,0.013088054069993225
 2.8079E-02,0.01604165453944106
 2.8099E-02,0.01888205785553804
 2.8119E-02,0.021475670996029567
 2.8139E-02,0.023699615875818886
 2.8158E-02,0.025451965546262768
 2.8178E-02,0.02665865800709045
 2.8198E-02,0.027275546868606834
 2.8218E-02,0.027286092311900448
 2.8238E-02,0.026696915664343315
 2.8258E-02,0.025533994456167854
 2.8278E-02,0.023841411561145984
 2.8298E-02,0.02168275534296043
 2.8318E-02,0.019143436603872965
 2.8338E-02,0.016331280962839128
 2.8357E-02,0.013373237914003706
 2.8377E-02,0.010407683458931838
 2.8397E-02,0.007573767749373522
 2.8417E-02,0.005000594569535327
 2.8437E-02,0.0027990636980588413
 2.8457E-02,0.0010579542577572796
 2.8477E-02,-0.0001560890477415942
 2.8497E-02,-0.0007966338698932467
 2.8517E-02,-0.0008361184769574669
 2.8537E-02,-0.00026683071749156607
 2.8556E-02,0.0008957355089028227
 2.8576E-02,0.0026088151897343944
 2.8596E-02,0.004800154002388762
 2.8616E-02,0.007369779860532765
 2.8636E-02,0.010196383028287091
 2.8656E-02,0.013147028681992187
 2.8676E-02,0.01608758595197031
 2.8696E-02,0.01889112503413345
 2.8716E-02,0.02144266366836104
 2.8736E-02,0.023640465991791627
 2.8755E-02,0.025395700011818463
 2.8775E-02,0.026632849475410943
 2.8795E-02,0.027292570118894518
 2.8815E-02,0.02733705149116501
 2.8835E-02,0.026756231203235593
 2.8855E-02,0.025572288237584225
 2.8875E-02,0.023840194267500496
 2.8895E-02,0.021643564056817843
 2.8915E-02,0.019086898734665993
 2.8935E-02,0.016286648462785113
 2.8954E-02,0.013363690397722297
 2.8974E-02,0.010438767319883127
 2.8994E-02,0.007630713067569565
 2.9014E-02,0.005055778427788191
 2.9034E-02,0.002825823670451908
 2.9054E-02,0.0010438259484056623
 2.9074E-02,-0.00020329352073771836
 2.9094E-02,-0.0008528764498863909
 2.9114E-02,-0.0008732252930676278
 2.9134E-02,-0.0002665503716087551
 2.9153E-02,0.0009327131434293114
 2.9173E-02,0.002663335210210616
 2.9193E-02,0.004844272666915765
 2.9213E-02,0.007380768867944308
 2.9233E-02,0.010168060971946126
 2.9253E-02,0.013092785340206707
 2.9273E-02,0.016033632831866276
 2.9293E-02,0.018863387223131522
 2.9313E-02,0.021453885829951218
 2.9333E-02,0.02368396808977106
 2.9353E-02,0.02544886561935658
 2.9372E-02,0.026668549598689813
 2.9392E-02,0.027292766737283737
 2.9412E-02,0.027301766248887173
 2.9432E-02,0.026703422819877864
 2.9452E-02,0.025528757724499977
 2.9472E-02,0.02382812425782729
 2.9492E-02,0.021669450157220688
 2.9512E-02,0.019138386200960363
 2.9532E-02,0.016338796094061435
 2.9551E-02,0.01339146431030042
 2.9571E-02,0.010429484534147068
 2.9591E-02,0.007590232262384807
 2.9611E-02,0.005005404026528979
 2.9631E-02,0.002791540891640429
 2.9651E-02,0.0010432888957333608
 2.9671E-02,-0.00016952511264544247
 2.9691E-02,-0.0008015214767716336
 2.9711E-02,-0.0008298558895096887
 2.9731E-02,-0.00025280770944771213
 2.9750E-02,0.0009098726487660119
 2.9770E-02,0.002615024859862539
 2.9790E-02,0.0047940507880707105
 2.9810E-02,0.007352856087960451
 2.9830E-02,0.010175301345719971
 2.9850E-02,0.013130350648419477
 2.9870E-02,0.0160815774769639
 2.9890E-02,0.018896732110309636
 2.9910E-02,0.021455158078339004
 2.9930E-02,0.023651920447027158
 2.9949E-02,0.025399037918500143
 2.9969E-02,0.026625433976435426
 2.9989E-02,0.02727753845561912
 3.0009E-02,0.027321738801397318
 3.0029E-02,0.02674848829597669
 3.0049E-02,0.02557654724795456
 3.0069E-02,0.02385525094672036
 3.0089E-02,0.0216631742203808
 3.0109E-02,0.01910287239291502
 3.0129E-02,0.01629288032543947
 3.0148E-02,0.013359110849884356
 3.0168E-02,0.010427753603045755
 3.0188E-02,0.00762077947184619
 3.0208E-02,0.005053722109392174
 3.0228E-02,0.002834262075739253
 3.0248E-02,0.001059850534314534
 3.0268E-02,-0.00018669020360208093
 3.0288E-02,-0.0008433285858690183
 3.0308E-02,-0.0008752168877597693
 3.0328E-02,-0.00027921346083455503
 3.0347E-02,0.000915140663504936
 3.0367E-02,0.0026486364159875072
 3.0387E-02,0.004838406542663709
 3.0407E-02,0.007384971489524132
 3.0427E-02,0.010178329069276001
 3.0447E-02,0.013101983737758779
 3.0467E-02,0.016035157784617667
 3.0487E-02,0.018854546420341296
 3.0507E-02,0.021437305681011792
 3.0527E-02,0.02366633191090744
 3.0546E-02,0.025437623447893846
 3.0566E-02,0.02666825160339725
 3.0586E-02,0.02730285255503843
 3.0606E-02,0.027316905073597297
 3.0626E-02,0.026716217451392514
 3.0646E-02,0.025533445163874426
 3.0666E-02,0.023823416768069594
 3.0686E-02,0.021659104151360138
 3.0706E-02,0.019129233058077854
 3.0726E-02,0.016337239722311783
 3.0745E-02,0.013400208519080024
 3.0765E-02,0.010446124658038016
 3.0785E-02,0.007608402335968244
 3.0805E-02,0.005017891294772271
 3.0825E-02,0.0027938043611060275
 3.0845E-02,0.0010356303396479487
 3.0865E-02,-0.00018220478593879825
 3.0885E-02,-0.0008122385910500362
 3.0905E-02,-0.0008330627439166116
 3.0925E-02,-0.00024715489837215474
 3.0944E-02,0.0009209001014828368
 3.0964E-02,0.0026249002086649897
 3.0984E-02,0.004796518909656371
 3.1004E-02,0.00734510701397675
 3.1024E-02,0.010159421418302771
 3.1044E-02,0.013112334175634118
 3.1064E-02,0.016068400759858034
 3.1084E-02,0.01889295556662929
 3.1104E-02,0.021460750937322304
 3.1124E-02,0.023662384241931612
 3.1143E-02,0.025407751553383658
 3.1163E-02,0.0266270333922013
 3.1183E-02,0.027270633214645013
 3.1203E-02,0.02730960943730316
 3.1223E-02,0.026737426880983104
 3.1243E-02,0.02557268538646692
 3.1263E-02,0.02386147124595401
 3.1283E-02,0.02167764931951844
 3.1303E-02,0.019119951549271513
 3.1323E-02,0.01630586578364853
 3.1343E-02,0.01336352673618717
 3.1362E-02,0.010423476153974279
 3.1382E-02,0.007611979163171433
 3.1402E-02,0.005046667756442745
 3.1422E-02,0.0028341014838662065
 3.1442E-02,0.001067982311717337
 3.1462E-02,-0.00017334680157382967
 3.1482E-02,-0.0008308139819310277
 3.1502E-02,-0.0008695320745798064
 3.1522E-02,-0.0002833425721543507
 3.1542E-02,0.0009027053693236893
 3.1561E-02,0.0026331423580512685
 3.1581E-02,0.004826248057058493
 3.1601E-02,0.007380556108087439
 3.1621E-02,0.010181964180793769
 3.1641E-02,0.01310982823993713
 3.1661E-02,0.016041248553808854
 3.1681E-02,0.01885387426540505
 3.1701E-02,0.021428396342096534
 3.1721E-02,0.023652042079408794
 3.1741E-02,0.025423759956308935
 3.1760E-02,0.02666071237811994
 3.1780E-02,0.02730472411164803
 3.1800E-02,0.02732696597875204
 3.1820E-02,0.026729586223615646
 3.1840E-02,0.025544034574403834
 3.1860E-02,0.023826956004943552
 3.1880E-02,0.021655215739197868
 3.1900E-02,0.01912153568052275
 3.1920E-02,0.01633144286608724
 3.1940E-02,0.013401168442799746
 3.1959E-02,0.01045534207418937
 3.1979E-02,0.007623209857416935
 3.1999E-02,0.005032726054206897
 3.2019E-02,0.0028029191132750556
 3.2039E-02,0.0010358853871194245
 3.2059E-02,-0.00018985597149730584
 3.2079E-02,-0.0008232969115719887
 3.2099E-02,-0.0008417750951668001
 3.2119E-02,-0.0002493964382467114
 3.2139E-02,0.0009255914149421761
 3.2158E-02,0.0026331434525025026
 3.2178E-02,0.00480284165820808
 3.2198E-02,0.0073447432525804495
 3.2218E-02,0.01015075384725467
 3.2238E-02,0.013097762564437721
 3.2258E-02,0.01605320801572858
 3.2278E-02,0.01888274359620586
 3.2298E-02,0.021458729482339102
 3.2318E-02,0.023667863499190877
 3.2338E-02,0.02541658181286695
 3.2357E-02,0.02663375840480376
 3.2377E-02,0.02727126876688626
 3.2397E-02,0.027303652467051298
 3.2417E-02,0.0267280941525004
 3.2437E-02,0.025565273269306927
 3.2457E-02,0.02386066938506257
 3.2477E-02,0.021685159113945727
 3.2497E-02,0.01913359889837281
 3.2517E-02,0.016320642549915814
 3.2537E-02,0.013374029344958233
 3.2556E-02,0.010426517269480986
 3.2576E-02,0.007608072548654046
 3.2596E-02,0.00503965910434195
 3.2616E-02,0.0028291475759372534
 3.2636E-02,0.0010689012313884296
 3.2656E-02,-0.00016602743999866078
 3.2676E-02,-0.000820142098618891
 3.2696E-02,-0.0008606177183967292
 3.2716E-02,-0.0002808102451125154
 3.2736E-02,0.0008970246849056092
 3.2755E-02,0.00262113217845411
 3.2775E-02,0.00481258919418011
 3.2795E-02,0.007370436616770358
 3.2815E-02,0.010178562135297485
 3.2835E-02,0.013112819868274641
 3.2855E-02,0.016047076716658986
 3.2875E-02,0.018857630556740668
 3.2895E-02,0.021426365351135943
 3.2915E-02,0.023643630189238138
 3.2934E-02,0.025411844853191763
 3.2954E-02,0.026650243988091283
 3.2974E-02,0.027300283458585303
 3.2994E-02,0.027330506520195728
 3.3014E-02,0.02673948462954735
 3.3034E-02,0.025555916735380654
 3.3054E-02,0.023835873878552863
 3.3074E-02,0.021658078894911285
 3.3094E-02,0.019118582837231026
 3.3114E-02,0.016326028279573235
 3.3134E-02,0.013397985752741032
 3.3153E-02,0.010457987421627346
 3.3173E-02,0.007632308396938852
 3.3193E-02,0.005045554990547544
 3.3213E-02,0.0028147069965690406
 3.3233E-02,0.0010421311309077304
 3.3253E-02,-0.00019120331425773554
 3.3273E-02,-0.0008308786208490326
 3.3293E-02,-0.0008515500883519179
 3.3313E-02,-0.000256680618650391
 3.3333E-02,0.0009237975486929211
 3.3352E-02,0.0026366986134412863
 3.3372E-02,0.004808597331439671
 3.3392E-02,0.00734818937772462
 3.3412E-02,0.010148345907640622
 3.3432E-02,0.013088763608888908
 3.3452E-02,0.016040126166794587
 3.3472E-02,0.01887015016815293
 3.3492E-02,0.021451051945245287
 3.3512E-02,0.023667256837232576
 3.3531E-02,0.02542193773849688
 3.3551E-02,0.02664133833261749
 3.3571E-02,0.027276632510250733
 3.3591E-02,0.027303908953809863
 3.3611E-02,0.02672334572569357
 3.3631E-02,0.02555853623677967
 3.3651E-02,0.023856321065603175
 3.3671E-02,0.021686698856423582
 3.3691E-02,0.01914184846805707
 3.3711E-02,0.016333283832872105
 3.3731E-02,0.013386702944502104
 3.3750E-02,0.010434925177171893
 3.3770E-02,0.007610032213890859
 3.3790E-02,0.005036089432415015
 3.3810E-02,0.002823507935039612
 3.3830E-02,0.0010653784664262816
 3.3850E-02,-0.0001646687824769144
 3.3870E-02,-0.0008139713903562948
 3.3890E-02,-0.0008525127192777533
 3.3910E-02,-0.00027501587667235275
 3.3930E-02,0.0008970272258810004
 3.3949E-02,0.0026143808774274184
 3.3969E-02,0.004801148604186389
 3.3989E-02,0.007358409813576423
 3.4009E-02,0.010170105055531453
 3.4029E-02,0.013110149749067013
 3.4049E-02,0.01604946412160322
 3.4069E-02,0.018861869018562398
 3.4089E-02,0.021428472841971025
 3.4109E-02,0.023640922705691222
 3.4128E-02,0.025404340796051285
 3.4148E-02,0.026640698027838795
 3.4168E-02,0.02729283802595332
 3.4188E-02,0.027328641199235223
 3.4208E-02,0.026744291767371735
 3.4228E-02,0.02556556287463086
 3.4248E-02,0.023846508682515234
 3.4268E-02,0.021665728390339672
 3.4288E-02,0.019121075900554955
 3.4308E-02,0.016323996608713993
 3.4328E-02,0.013394448373090085
 3.4347E-02,0.010456741560482109
 3.4367E-02,0.00763594229609515
 3.4387E-02,0.005054079922739794
 3.4407E-02,0.002825488855193587
 3.4427E-02,0.0010511490504473164
 3.4447E-02,-0.0001874048174778614
 3.4467E-02,-0.0008335179561785353
 3.4487E-02,-0.0008590450451633565
 3.4507E-02,-0.00026546438421906464
 3.4527E-02,0.0009174964049196798
 3.4546E-02,0.0026350036427115354
 3.4566E-02,0.004810980493890932
 3.4586E-02,0.007351809027715079
 3.4606E-02,0.010149548087524383
 3.4626E-02,0.013084989125540809
 3.4646E-02,0.016031266935152187
 3.4666E-02,0.018858677229071964
 3.4686E-02,0.02144085363434639
 3.4706E-02,0.023661770081251622
 3.4725E-02,0.02542250617087282
 3.4745E-02,0.026646613402617966
 3.4765E-02,0.02728330855767886
 3.4785E-02,0.027308415058858244
 3.4805E-02,0.02672364143231336
 3.4825E-02,0.025555112309211786
 3.4845E-02,0.023851910710304645
 3.4865E-02,0.02168485384181355
 3.4885E-02,0.01914510156151919
 3.4905E-02,0.016341820818110656
 3.4925E-02,0.013398206255771865
 3.4944E-02,0.01044566148880702
 3.4964E-02,0.007616635569372185
 3.4984E-02,0.005037149551383119
 3.5004E-02,0.00282017782772162
 3.5024E-02,0.001060710043003552
 3.5044E-02,-0.0001673174708035157
 3.5064E-02,-0.0008126551090911242
 3.5084E-02,-0.0008476860554982266
 3.5104E-02,-0.0002693010915545258
 3.5124E-02,0.0009001683218224148
 3.5143E-02,0.0026124028027987075
 3.5163E-02,0.00479372811714398
 3.5183E-02,0.0073476523103325735
 3.5203E-02,0.010159552129002984
 3.5223E-02,0.013103085728289778
 3.5243E-02,0.016047366040098848
 3.5263E-02,0.01886376874210011
 3.5283E-02,0.021431541225202744
 3.5303E-02,0.02364197404286087
 3.5322E-02,0.025401497685664402
 3.5342E-02,0.02663438070776014
 3.5362E-02,0.027285584854736644
 3.5382E-02,0.027323854901769702
 3.5402E-02,0.026744543615274844
 3.5422E-02,0.025571305014762423
 3.5442E-02,0.023855835934294262
 3.5462E-02,0.021675302391969548
 3.5482E-02,0.019127743380925724
 3.5502E-02,0.016326290994272456
 3.5522E-02,0.013393229177516043
 3.5541E-02,0.010454662795567587
 3.5561E-02,0.007636027988537521
 3.5581E-02,0.005058127635365646
 3.5601E-02,0.0028331016660715722
 3.5621E-02,0.001059876659117071
 3.5641E-02,-0.00018089143458564078
 3.5661E-02,-0.0008318079647146244
 3.5681E-02,-0.0008627317645893914
 3.5701E-02,-0.0002728729760013988
 3.5721E-02,0.0009094690776831611
 3.5740E-02,0.0026293615710315985
 3.5760E-02,0.004809176717200447
 3.5780E-02,0.007353089950906405
 3.5800E-02,0.010151413517595893
 3.5820E-02,0.013084529664920774
 3.5840E-02,0.016026703802253506
 3.5860E-02,0.01885033153564419
 3.5880E-02,0.021431060381472897
 3.5900E-02,0.023653781445652576
 3.5920E-02,0.025418933700575026
 3.5939E-02,0.026648186966632015
 3.5959E-02,0.027288568063104
 3.5979E-02,0.027314481701871864
 3.5999E-02,0.026727675099967412
 3.6019E-02,0.025555721707848235
 3.6039E-02,0.023849812028487235
 3.6059E-02,0.021682455161220138
 3.6079E-02,0.019145230272483084
 3.6099E-02,0.016346238465406806
 3.6119E-02,0.013406656835098962
 3.6138E-02,0.010455927323201301
 3.6158E-02,0.0076255686840392195
 3.6178E-02,0.005042160622435779
 3.6198E-02,0.0028204411577339395
 3.6218E-02,0.0010574903544158603
 3.6238E-02,-0.00017136917107072854
 3.6258E-02,-0.0008148758570797617
 3.6278E-02,-0.0008467548391122853
 3.6298E-02,-0.00026589765918439724
 3.6318E-02,0.0009037233464357703
 3.6337E-02,0.0026133405664638407
 3.6357E-02,0.004790257100053031
 3.6377E-02,0.0073399037389903984
 3.6397E-02,0.010149574382379867
 3.6417E-02,0.01309389245192981
 3.6437E-02,0.016041513936286018
 3.6457E-02,0.018862173126991254
 3.6477E-02,0.021433115451041214
 3.6497E-02,0.023644264846476866
 3.6517E-02,0.02540199035068423
 3.6536E-02,0.02663181510379601
 3.6556E-02,0.02728062189448674
 3.6576E-02,0.027318762084311082
 3.6596E-02,0.02674206164121307
 3.6616E-02,0.025573266896160674
 3.6636E-02,0.023862230886906765
 3.6656E-02,0.02168425038097789
 3.6676E-02,0.019136388325334524
 3.6696E-02,0.016332162241186547
 3.6716E-02,0.013395391148345048
 3.6735E-02,0.010454084392383583
 3.6755E-02,0.007634997485256005
 3.6775E-02,0.005059016104423107
 3.6795E-02,0.00283709989431213
 3.6815E-02,0.0010663382699450676
 3.6835E-02,-0.00017417515877967034
 3.6855E-02,-0.000827542641356499
 3.6875E-02,-0.0008627976748578601
 3.6895E-02,-0.00027740438537362654
 3.6915E-02,0.0009021481023426854
 3.6934E-02,0.0026219179671614938
 3.6954E-02,0.004803977745867318
 3.6974E-02,0.0073510844443743315
 3.6994E-02,0.010151738767598673
 3.7014E-02,0.013085032840471411
 3.7034E-02,0.01602510961925789
 3.7054E-02,0.018845466585733595
 3.7074E-02,0.021423518894995747
 3.7094E-02,0.023645699132216057
 3.7114E-02,0.025412983779548384
 3.7133E-02,0.026646301161648893
 3.7153E-02,0.027291020840757706
 3.7173E-02,0.027319791539772112
 3.7193E-02,0.02673336596740994
 3.7213E-02,0.02555955814249263
 3.7233E-02,0.023850887636662113
 3.7253E-02,0.02168159273448617
 3.7273E-02,0.019144500480445477
 3.7293E-02,0.01634784658400448
 3.7312E-02,0.013411761114193567
 3.7332E-02,0.010463982536827272
 3.7352E-02,0.007634521801509746
 3.7372E-02,0.005049398166698794
 3.7392E-02,0.002824014165119739
 3.7412E-02,0.0010570083774728402
 3.7432E-02,-0.0001746142939533235
 3.7452E-02,-0.0008186096545999998
 3.7472E-02,-0.0008488872398587293
 3.7492E-02,-0.0002655723073047752
 3.7512E-02,0.0009057192168817125
 3.7531E-02,0.0026150052129259686
 3.7551E-02,0.00478942247538019
 3.7571E-02,0.007335375401820388
 3.7591E-02,0.010141792210935844
 3.7611E-02,0.013084782313291923
 3.7631E-02,0.01603360491924444
 3.7651E-02,0.018857420668276316
 3.7671E-02,0.021432015373139126
 3.7691E-02,0.023645695448112476
 3.7711E-02,0.02540385411547286
 3.7730E-02,0.026632151935507248
 3.7750E-02,0.02727863221754879
 3.7770E-02,0.02731522692300878
 3.7790E-02,0.026738952122213274
 3.7810E-02,0.02557274314076835
 3.7830E-02,0.02386553515524541
 3.7850E-02,0.021691049499340507
 3.7870E-02,0.019144892536532565
 3.7890E-02,0.016339957850865557
 3.7909E-02,0.013400568946666037
 3.7929E-02,0.010456102055594246
 3.7949E-02,0.007634851786545733
 3.7969E-02,0.005058648447789651
 3.7989E-02,0.002838341168676783
 3.8009E-02,0.0010699255929948798
 3.8029E-02,-0.0001690177525763123
 3.8049E-02,-0.0008227524781444254
 3.8069E-02,-0.0008605292644941955
 3.8089E-02,-0.000278965394198825
 3.8109E-02,0.0008969509998909247
 3.8128E-02,0.0026147000806099408
 3.8148E-02,0.004797006779663337
 3.8168E-02,0.0073462055549397874
 3.8188E-02,0.010149528795302511
 3.8208E-02,0.01308460083627302
 3.8228E-02,0.016024636220843318
 3.8248E-02,0.0188432056057401
 3.8268E-02,0.02141875500299548
 3.8288E-02,0.023639179870315895
 3.8308E-02,0.025406609323129287
 3.8327E-02,0.02664222773286308
 3.8347E-02,0.027290626631166454
 3.8367E-02,0.027323020988322295
 3.8387E-02,0.026738776727855004
 3.8407E-02,0.02556504234758352
 3.8427E-02,0.02385470278315961
 3.8447E-02,0.021683185994437207
 3.8467E-02,0.01914471799610776
 3.8487E-02,0.016348430345739996
 3.8506E-02,0.01341439308419992
 3.8526E-02,0.010469359931917803
 3.8546E-02,0.007641928151150236
 3.8566E-02,0.005056983850271403
 3.8586E-02,0.002829644856648411
 3.8606E-02,0.0010592580453594252
 3.8626E-02,-0.0001758180367695324
 3.8646E-02,-0.0008220037442465947
 3.8666E-02,-0.000852539058126292
 3.8686E-02,-0.0002678562479837927
 3.8706E-02,0.0009053228900972013
 3.8725E-02,0.0026156852242346703
 3.8745E-02,0.004789492512077087
 3.8765E-02,0.0073331783032013305
 3.8785E-02,0.0101365969062588
 3.8805E-02,0.013077223422110606
 3.8825E-02,0.016025444659478617
 3.8845E-02,0.018850751512963983
 3.8865E-02,0.02142830039026562
 3.8885E-02,0.023645122583048687
 3.8905E-02,0.025405321831472722
 3.8924E-02,0.026633886881468744
 3.8944E-02,0.02727912407620957
 3.8964E-02,0.02731400929932598
 3.8984E-02,0.026736838789434798
 3.9004E-02,0.025571404579571907
 3.9024E-02,0.02386663182518915
 3.9044E-02,0.02169535921527627
 3.9064E-02,0.019151869814714655
 3.9084E-02,0.016347944578427465
 3.9103E-02,0.013407549293571224
 3.9123E-02,0.010460624232298321
 3.9143E-02,0.007636659452169937
 3.9163E-02,0.005058713248159177
 3.9183E-02,0.0028382887321171113
 3.9203E-02,0.0010711491144835739
 3.9223E-02,-0.00016610953979502097
 3.9243E-02,-0.0008189770729963473
 3.9263E-02,-0.0008575433170908283
 3.9283E-02,-0.0002784444732652837
 3.9303E-02,0.0008941552681552318
 3.9322E-02,0.0026090055755481427
 3.9342E-02,0.004789928605031156
 3.9362E-02,0.007339653324315718
 3.9382E-02,0.010144923846723396
 3.9402E-02,0.013082251125754514
 3.9422E-02,0.016023675689288964
 3.9442E-02,0.018842121593513433
 3.9462E-02,0.021416233617549726
 3.9482E-02,0.02363484177485201
 3.9502E-02,0.025401265435553728
 3.9521E-02,0.026637526522463657
 3.9541E-02,0.027288270128029896
 3.9561E-02,0.027323942029132423
 3.9581E-02,0.02674268782100577
 3.9601E-02,0.02557057890192191
 3.9621E-02,0.023860085501241947
 3.9641E-02,0.021687068926828534
 3.9661E-02,0.019146799113833685
 3.9681E-02,0.01634952402147789
 3.9700E-02,0.013415935497388443
 3.9720E-02,0.010472602068618093
 3.9740E-02,0.007647225030837884
 3.9760E-02,0.005063537320801192
 3.9780E-02,0.0028358282926066888
 3.9800E-02,0.0010633602819014904
 3.9820E-02,-0.0001747998750987671
 3.9840E-02,-0.0008239147671024106
 3.9860E-02,-0.0008561796383063163
 3.9880E-02,-0.00027159616472621144
 3.9900E-02,0.0009027385240590322
 3.9919E-02,0.0026145401225218636
 3.9939E-02,0.004789007573254346
 3.9959E-02,0.0073319649472732285
 3.9979E-02,0.01013342396178813
 3.9999E-02,0.013071710573547295
 4.0019E-02,0.016018333540760293
 4.0039E-02,0.01884361757723014
 4.0059E-02,0.02142284833706798
 4.0079E-02,0.023642415524175536
 4.0099E-02,0.025405326095789542
 4.0118E-02,0.026635555123085238
 4.0138E-02,0.02728096956493685
 4.0158E-02,0.027314879494364196
 4.0178E-02,0.026736499016747937
 4.0198E-02,0.025570640789507305
 4.0218E-02,0.02386682463644971
 4.0238E-02,0.021697746934878356
 4.0258E-02,0.01915687273593904
 4.0278E-02,0.016354890056871525
 4.0297E-02,0.013414934827312895
 4.0317E-02,0.010466786573915246
 4.0337E-02,0.007640516643327665
 4.0357E-02,0.005060213033542457
 4.0377E-02,0.0028383460965347453
 4.0397E-02,0.0010711116107797447
 4.0417E-02,-0.00016519573095834608
 4.0437E-02,-0.0008169309886779661
 4.0457E-02,-0.00085516166376081
 4.0477E-02,-0.00027710862902060934
 4.0497E-02,0.0008931792564420269
 4.0516E-02,0.0026052233525702233
 4.0536E-02,0.004783902620027565
 4.0556E-02,0.0073327749503178455
 4.0576E-02,0.010138786255447549
 4.0596E-02,0.013077934429052864
 4.0616E-02,0.016021297684490638
 4.0636E-02,0.018840873080946053
 4.0656E-02,0.021414874333004496
 4.0676E-02,0.023632403161446214
 4.0696E-02,0.025397604584727635
 4.0715E-02,0.026633452152593575
 4.0735E-02,0.027285177438846887
 4.0755E-02,0.027323139905787823
 4.0775E-02,0.026744755430441445
 4.0795E-02,0.02557507273126766
 4.0815E-02,0.02386574130640443
 4.0835E-02,0.021692395362642267
 4.0855E-02,0.01915076551669306
 4.0875E-02,0.016352000699336452
 4.0895E-02,0.013417671722972358
 4.0914E-02,0.01047475985316335
 4.0934E-02,0.007650708426416098
 4.0954E-02,0.005068457006407167
 4.0974E-02,0.0028413708904365936
 4.0994E-02,0.0010681278776162415
 4.1014E-02,-0.00017214943929284984
 4.1034E-02,-0.0008240450526738065
 4.1054E-02,-0.0008587779869144779
 4.1074E-02,-0.00027554584711602693
 4.1094E-02,0.0008988056081099176
 4.1113E-02,0.0026115872565662932
 4.1133E-02,0.004787159595874809
 4.1153E-02,0.0073305098664683856
 4.1173E-02,0.010131244000361438
 4.1193E-02,0.01306792240111397
 4.1213E-02,0.01601281384320373
 4.1233E-02,0.01883714857677849
 4.1253E-02,0.02141680869705127
 4.1273E-02,0.023638169534812046
 4.1293E-02,0.025403614329109064
 4.1312E-02,0.0266361879410428
 4.1332E-02,0.027282972417133438
 4.1352E-02,0.02731701280430573
 4.1372E-02,0.026737889242691694
 4.1392E-02,0.025571206024980066
 4.1412E-02,0.023867283738882618
 4.1432E-02,0.0216992116579172
 4.1452E-02,0.01916023151236501
 4.1472E-02,0.016360295237794163
 4.1492E-02,0.013421651599448105
 4.1511E-02,0.01047347958909289
 4.1531E-02,0.007645831723161169
 4.1551E-02,0.005063365546678623
 4.1571E-02,0.0028394266517761434
 4.1591E-02,0.0010709626306131296
 4.1611E-02,-0.00016546464634052465
 4.1631E-02,-0.0008165423931867593
 4.1651E-02,-0.0008540832787851571
 4.1671E-02,-0.000276074607366525
 4.1690E-02,0.000893047235762022
 4.1710E-02,0.002603003697559272
 4.1730E-02,0.004779375231408498
 4.1750E-02,0.007326585336360329
 4.1770E-02,0.010132189879394187
 4.1790E-02,0.013072247789275314
 4.1810E-02,0.016017327794038652
 4.1830E-02,0.0188386062750278
 4.1850E-02,0.021413574539105255
 4.1870E-02,0.023631064689385996
 4.1890E-02,0.02539552787323402
 4.1909E-02,0.02663065098236515
 4.1929E-02,0.027282412427307032
 4.1949E-02,0.027321561779365608
 4.1969E-02,0.026745337594177618
 4.1989E-02,0.02557811773163262
 4.2009E-02,0.023870707761670273
 4.2029E-02,0.02169813076155977
 4.2049E-02,0.019156027518232886
 4.2069E-02,0.016356006973169263
 4.2089E-02,0.013420406727165407
 4.2108E-02,0.010476890881910936
 4.2128E-02,0.007653159633492935
 4.2148E-02,0.00507186028413684
 4.2168E-02,0.0028456719240761235
 4.2188E-02,0.0010725458915361579
 4.2208E-02,-0.00016878774213303829
 4.2228E-02,-0.0008227636841368156
 4.2248E-02,-0.0008599710757451846
 4.2268E-02,-0.0002787956703552717
 4.2287E-02,0.0008945238676306221
 4.2307E-02,0.002607417994802279
 4.2327E-02,0.004783839693746808
 4.2347E-02,0.007328062752745476
 4.2367E-02,0.010129043440232317
 4.2387E-02,0.013065089105914605
 4.2407E-02,0.016008741879198193
 4.2427E-02,0.018831894519191376
 4.2447E-02,0.021411146130459954
 4.2467E-02,0.02363327962353999
 4.2487E-02,0.02540056541192018
 4.2506E-02,0.026635462227963157
 4.2526E-02,0.027284273531401233
 4.2546E-02,0.027319446819687693
 4.2566E-02,0.026740425221229037
 4.2586E-02,0.02557318359675272
 4.2606E-02,0.023868714046950533
 4.2626E-02,0.02170072384862454
 4.2646E-02,0.019162695934040016
 4.2666E-02,0.01636431645010654
 4.2686E-02,0.013427188324847471
 4.2705E-02,0.010479783707091773
 4.2725E-02,0.007651737956980296
 4.2745E-02,0.005067788536959372
 4.2765E-02,0.002841819954263382
 4.2785E-02,0.0010715149519541938
 4.2805E-02,-0.00016598845498562616
 4.2825E-02,-0.0008172311553148242
 4.2845E-02,-0.0008543623197348677
 4.2865E-02,-0.0002759997610476282
 4.2884E-02,0.0008928299089746843
 4.2904E-02,0.002601609939506153
 4.2924E-02,0.004776168078836868
 4.2944E-02,0.007321549648332461
 4.2964E-02,0.010126007363591191
 4.2984E-02,0.013066033595625033
 4.3004E-02,0.01601215822072245
 4.3024E-02,0.01883507047004781
 4.3044E-02,0.021411569958442147
 4.3064E-02,0.023629933425395853
 4.3084E-02,0.025394460450198057
 4.3103E-02,0.026629151279572872
 4.3123E-02,0.02728058841655694
 4.3143E-02,0.027320095806569716
 4.3163E-02,0.0267451518057178
 4.3183E-02,0.025579903424172237
 4.3203E-02,0.023874555188050168
 4.3223E-02,0.021703444836788092
 4.3243E-02,0.01916177133959791
 4.3263E-02,0.016361151617624532
 4.3283E-02,0.01342436429486556
 4.3302E-02,0.010479718354941697
 4.3322E-02,0.0076554374621028995
 4.3342E-02,0.005074312655307855
 4.3362E-02,0.002848723719883326
 4.3382E-02,0.0010760410104882017
 4.3402E-02,-0.0001655645497282191
 4.3422E-02,-0.0008207719527934315
 4.3442E-02,-0.0008599635121999793
 4.3462E-02,-0.0002809549162895344
 4.3481E-02,0.0008906809141672033
 4.3501E-02,0.0026028220159811256
 4.3521E-02,0.004779446251966267
 4.3541E-02,0.007324434765059729
 4.3561E-02,0.01012614417554075
 4.3581E-02,0.013062384598731755
 4.3601E-02,0.016005556545253777
 4.3621E-02,0.018827837489548024
 4.3641E-02,0.02140639129154944
 4.3661E-02,0.023628556500924335
 4.3681E-02,0.025396863439538852
 4.3700E-02,0.026633594610362226
 4.3720E-02,0.02728451690819593
 4.3740E-02,0.027321434502618754
 4.3760E-02,0.026743344629284127
 4.3780E-02,0.025576176809125658
 4.3800E-02,0.023871280253465393
 4.3820E-02,0.02170292369809607
 4.3840E-02,0.01916505899152631
 4.3860E-02,0.016367502713901177
 4.3880E-02,0.013431577709652007
 4.3899E-02,0.010485202349294724
 4.3919E-02,0.007657460489855488
 4.3939E-02,0.005072816868897186
 4.3959E-02,0.002845301284076809
 4.3979E-02,0.0010730933543744757
 4.3999E-02,-0.00016605818726419673
 4.4019E-02,-0.0008182596362623386
 4.4039E-02,-0.0008555999390886485
 4.4059E-02,-0.00027702041686591863
 4.4078E-02,0.0008919271435637203
 4.4098E-02,0.0026002800355104
 4.4118E-02,0.004773737846448757
 4.4138E-02,0.0073176125677635795
 4.4158E-02,0.010120695762573654
 4.4178E-02,0.013060030050171752
 4.4198E-02,0.01600643830439934
 4.4218E-02,0.018830502764387167
 4.4238E-02,0.02140856982064041
 4.4258E-02,0.023628339351777092
 4.4278E-02,0.025393690115748
 4.4297E-02,0.02662855465763207
 4.4317E-02,0.02727981779171618
 4.4337E-02,0.027319305665179663
 4.4357E-02,0.026744928491876513
 4.4377E-02,0.02558096101810511
 4.4397E-02,0.023877351546518363
 4.4417E-02,0.021707911371757285
 4.4437E-02,0.019167292579505023
 4.4457E-02,0.016366805412773123
 4.4477E-02,0.01342930383640099
 4.4496E-02,0.010483507792201936
 4.4516E-02,0.007658177883618415
 4.4536E-02,0.005076501170108544
 4.4556E-02,0.002850921749144408
 4.4576E-02,0.0010785220230595139
 4.4596E-02,-0.00016300917471884506
 4.4616E-02,-0.0008187708607577052
 4.4636E-02,-0.0008592778403689323
 4.4656E-02,-0.0002821086564423008
 4.4675E-02,0.0008876686592258012
 4.4695E-02,0.0025984699288411255
 4.4715E-02,0.004774592719846936
 4.4735E-02,0.00731987692276422
 4.4755E-02,0.010122312063200491
 4.4775E-02,0.01305920948798605
 4.4795E-02,0.016002594533682458
 4.4815E-02,0.018824581614742146
 4.4835E-02,0.021402611561274078
 4.4855E-02,0.023624494129314822
 4.4875E-02,0.025393179497966878
 4.4894E-02,0.026631096955820895
 4.4914E-02,0.027283800541063438
 4.4934E-02,0.027322613720466023
 4.4954E-02,0.026746009122604185
 4.4974E-02,0.025579591786176983
 4.4994E-02,0.023874729287896673
 4.5014E-02,0.021706023104814422
 4.5034E-02,0.019167888746607804
 4.5054E-02,0.0163704924287899
 4.5074E-02,0.013435209519507035
 4.5093E-02,0.01048968385998547
 4.5113E-02,0.007662534857358735
 4.5133E-02,0.005077807436616815
 4.5153E-02,0.0028493704832344654
 4.5173E-02,0.001075588843091768
 4.5193E-02,-0.0001653399283960662
 4.5213E-02,-0.0008190201554838134
 4.5233E-02,-0.0008572190346780769
 4.5253E-02,-0.0002788771908818242
 4.5273E-02,0.0008901535201579007
 4.5292E-02,0.0025984790064932637
 4.5312E-02,0.004771468758163929
 4.5332E-02,0.007314384854923299
 4.5352E-02,0.010116284884778016
 4.5372E-02,0.013054668403944708
 4.5392E-02,0.01600078302850514
 4.5412E-02,0.018825393848623976
 4.5432E-02,0.021404696446024163
 4.5452E-02,0.023625977766970053
 4.5471E-02,0.02539264009937895
 4.5491E-02,0.026628302134057456
 4.5511E-02,0.02727983847473517
 4.5531E-02,0.027319355171055576
 4.5551E-02,0.02674517274681839
 4.5571E-02,0.025581882346822293
 4.5591E-02,0.02387947923933901
 4.5611E-02,0.021711513736058806
 4.5631E-02,0.019172186466687714
 4.5651E-02,0.01637237998209401
 4.5671E-02,0.013434748117537476
 4.5690E-02,0.01048813040504698
 4.5710E-02,0.007661662511048851
 4.5730E-02,0.005078974827648528
 4.5750E-02,0.002852807122981774
 4.5770E-02,0.0010802526629872457
 4.5790E-02,-0.00016126480627348737
 4.5810E-02,-0.0008172365787295088
 4.5830E-02,-0.000858483961538162
 4.5850E-02,-0.0002826361584001922
 4.5870E-02,0.0008854860777554698
 4.5889E-02,0.0025947369936136977
 4.5909E-02,0.004769841264155434
 4.5929E-02,0.007314856982699947
 4.5949E-02,0.010117687941572752
 4.5969E-02,0.013055309618774939
 4.5989E-02,0.015999336040881627
 4.6009E-02,0.018821602518595795
 4.6029E-02,0.021399539724553933
 4.6049E-02,0.023621214171235423
 4.6068E-02,0.025389960827366095
 4.6088E-02,0.026628516571226248
 4.6108E-02,0.027282497749250234
 4.6128E-02,0.02732299843976925
 4.6148E-02,0.02674806868127798
 4.6168E-02,0.02558289174239314
 4.6188E-02,0.02387860692464052
 4.6208E-02,0.021709876695125144
 4.6228E-02,0.019171419250583768
 4.6248E-02,0.016373779797085184
 4.6268E-02,0.013438589849543619
 4.6287E-02,0.010493493731467896
 4.6307E-02,0.007666855136195189
 4.6327E-02,0.005082338097951614
 4.6347E-02,0.002853501572628894
 4.6367E-02,0.0010786342764308775
 4.6387E-02,-0.0001638601704431167
 4.6407E-02,-0.0008191875754936344
 4.6427E-02,-0.00085870701219043
 4.6447E-02,-0.0002811264738077457
 4.6467E-02,0.0008876632226856001
 4.6486E-02,0.0025959967143533913
 4.6506E-02,0.004768893405260632
 4.6526E-02,0.007311376394157611
 4.6546E-02,0.010112506325562948
 4.6566E-02,0.013050034326505823
 4.6586E-02,0.015995587090113204
 4.6606E-02,0.018820248503797203
 4.6626E-02,0.02140031205386076
 4.6646E-02,0.023622888432660187
 4.6665E-02,0.025391009962162814
 4.6685E-02,0.026627905354699822
 4.6705E-02,0.027280219376184914
 4.6725E-02,0.027320085487595586
 4.6745E-02,0.026746075562894954
 4.6765E-02,0.025583110544543555
 4.6785E-02,0.023881410568076505
 4.6805E-02,0.021714517353394466
 4.6825E-02,0.019176380377269656
 4.6845E-02,0.016377503091622763
 4.6865E-02,0.013440212953495173
 4.6884E-02,0.010493232272316206
 4.6904E-02,0.0076658433017452315
 4.6924E-02,0.005082013429104233
 4.6944E-02,0.0028548459509188644
 4.6964E-02,0.001081651960969912
 4.6984E-02,-0.0001601678717771495
 4.7004E-02,-0.0008163407837409563
 4.7024E-02,-0.000858001144802836
 4.7044E-02,-0.0002829939173447125
 4.7064E-02,0.0008838669966822801
 4.7083E-02,0.002591678673950215
 4.7103E-02,0.0047655392578767235
 4.7123E-02,0.007309839243809412
 4.7143E-02,0.010112620867886248
 4.7163E-02,0.013050745536493753
 4.7183E-02,0.01599552479594398
 4.7203E-02,0.01881845704727934
 4.7223E-02,0.021396768137804195
 4.7243E-02,0.023618547768535753
 4.7262E-02,0.02538736011272432
 4.7282E-02,0.026626249320392613
 4.7302E-02,0.027281048237344677
 4.7322E-02,0.027322852254166124
 4.7342E-02,0.026749480251185488
 4.7362E-02,0.02558575048086245
 4.7382E-02,0.023882468593252867
 4.7402E-02,0.02171414430151961
 4.7422E-02,0.019175583889339567
 4.7442E-02,0.01637760323228296
 4.7462E-02,0.013442141214010633
 4.7481E-02,0.01049702665590354
 4.7501E-02,0.0076705915912824146
 4.7521E-02,0.005086271281876583
 4.7541E-02,0.002857319685063187
 4.7561E-02,0.001081805759563029
 4.7581E-02,-0.0001618804099952889
 4.7601E-02,-0.0008187318372241681
 4.7621E-02,-0.0008597591167146246
 4.7641E-02,-0.0002833423388690202
 4.7661E-02,0.0008847904771165813
 4.7680E-02,0.0025929098369277897
 4.7700E-02,0.004765794407058245
 4.7720E-02,0.007308185977894369
 4.7740E-02,0.010108976212912494
 4.7760E-02,0.013045952551080861
 4.7780E-02,0.015990969872393464
 4.7800E-02,0.018815419270537953
 4.7820E-02,0.02139582486942687
 4.7840E-02,0.023619331096155244
 4.7859E-02,0.025388782238648242
 4.7879E-02,0.02662708017907521
 4.7899E-02,0.027280553363027052
 4.7919E-02,0.027321170686405893
 4.7939E-02,0.026747554513792533
 4.7959E-02,0.025584846277289727
 4.7979E-02,0.023883527222629743
 4.7999E-02,0.021717293155590376
 4.8019E-02,0.019180049368455486
 4.8039E-02,0.01638206782342922
 4.8059E-02,0.013445364622463058
 4.8078E-02,0.010498420782485283
 4.8098E-02,0.007670464884171325
 4.8118E-02,0.0050856252349652424
 4.8138E-02,0.002857304302957657
 4.8158E-02,0.001083109590702407
 4.8178E-02,-0.000159399959487005
 4.8198E-02,-0.0008159944142093204
 4.8218E-02,-0.0008580125322735302
 4.8238E-02,-0.00028354432101981364
 4.8258E-02,0.0008824513965275011
 4.8277E-02,0.002589116595127257
 4.8297E-02,0.004761777634547076
 4.8317E-02,0.0073051368801415485
 4.8337E-02,0.010107488718652451
 4.8357E-02,0.013045771002458382
 4.8377E-02,0.015991164699007517
 4.8397E-02,0.018814898931804505
 4.8417E-02,0.021393924909572676
 4.8437E-02,0.023616183889128412
 4.8456E-02,0.02538528209940414
 4.8476E-02,0.02662446189016864
 4.8496E-02,0.027279795654822202
 4.8516E-02,0.02732252294110748
 4.8536E-02,0.02675042196858926
 4.8556E-02,0.025588088614287404
 4.8576E-02,0.023886018709661304
 4.8596E-02,0.021718463154578472
 4.8616E-02,0.019180134255090017
 4.8636E-02,0.016381951925948844
 4.8656E-02,0.013446094257029731
 4.8675E-02,0.010500638131021384
 4.8695E-02,0.007674046520637584
 4.8715E-02,0.005089705761127324
 4.8735E-02,0.0028606721704931923
 4.8755E-02,0.0010847768861215086
 4.8775E-02,-0.00015973712807362058
 4.8795E-02,-0.0008178318836022874
 4.8815E-02,-0.0008603086813840393
 4.8835E-02,-0.0002852473016999186
 4.8855E-02,0.0008818840416831333
 4.8874E-02,0.0025894642569836133
 4.8894E-02,0.004762192966033836
 4.8914E-02,0.007304601033474958
 4.8934E-02,0.010105355673394354
 4.8954E-02,0.013042127678666214
 4.8974E-02,0.015986826490818225
 4.8994E-02,0.018811042857421457
 4.9014E-02,0.021391543382490642
 4.9034E-02,0.02361563089549666
 4.9053E-02,0.025386136244958286
 4.9073E-02,0.026625771493569476
 4.9093E-02,0.027280579955698714
 4.9113E-02,0.02732227639221613
 4.9133E-02,0.026749368857044032
 4.9153E-02,0.02558706208712417
 4.9173E-02,0.02388602735703147
 4.9193E-02,0.02172016448994984
 4.9213E-02,0.019183479738114382
 4.9233E-02,0.01638618077536542
 4.9253E-02,0.013450078000901457
 4.9272E-02,0.010503402996500936
 4.9292E-02,0.00767521364313403
 4.9312E-02,0.005089632396780558
 4.9332E-02,0.0028602278322929597
 4.9352E-02,0.0010848705178884103
 4.9372E-02,-0.00015864008094956372
 4.9392E-02,-0.0008159607864845237
 4.9412E-02,-0.0008584830429316412
 4.9432E-02,-0.0002844700460653784
 4.9452E-02,0.0008809312231461709
 4.9471E-02,0.002586771556396984
 4.9491E-02,0.004758444930691016
 4.9511E-02,0.007300860604081514
 4.9531E-02,0.01010256774990737
 4.9551E-02,0.013040689002353317
 4.9571E-02,0.015986434181297395
 4.9591E-02,0.01881089384492416
 4.9611E-02,0.021390781481121425
 4.9631E-02,0.023613815118965282
 4.9651E-02,0.02538349454504238
 4.9670E-02,0.026623112715043983
 4.9690E-02,0.027278908630377432
 4.9710E-02,0.027322303708497923
 4.9730E-02,0.02675116432814411
 4.9750E-02,0.02559001894805865
 4.9770E-02,0.023889157072144507
 4.9790E-02,0.02172257146751964
 4.9810E-02,0.019184778720850865
 4.9830E-02,0.016386650154526887
 4.9849E-02,0.013450476081875926
 4.9869E-02,0.01050454325623779
 4.9889E-02,0.0076775145589181755
 4.9909E-02,0.005092868341577996
 4.9929E-02,0.002863605437807331
 4.9949E-02,0.0010873917197668208
 4.9969E-02,-0.00015770963472462162
 4.9989E-02,-0.0008167505165970109
 5.0009E-02,-0.0008604712567652648
 5.0029E-02,-0.0002867530862185133
 5.0049E-02,0.0008791907359991767
 5.0068E-02,0.0025859413863290126
 5.0088E-02,0.004758264687274432
 5.0108E-02,0.007300604558663208
 5.0128E-02,0.0101014448326807
 5.0148E-02,0.013038277810337978
 5.0168E-02,0.015982934152203063
 5.0188E-02,0.0188070663430108
 5.0208E-02,0.021387609841730992
 5.0228E-02,0.0236120529558899
 5.0248E-02,0.025383326784977484
 5.0267E-02,0.026624096582576823
 5.0287E-02,0.027280221229979675
 5.0307E-02,0.027323169675693686
 5.0327E-02,0.02675124803525811
 5.0347E-02,0.025589585189025012
 5.0367E-02,0.023888921624723464
 5.0387E-02,0.021723318936950307
 5.0407E-02,0.01918694119700239
 5.0427E-02,0.016390058644424048
 5.0446E-02,0.013454408998686426
 5.0466E-02,0.010508047192713822
 5.0486E-02,0.007679837113847577
 5.0506E-02,0.005093788319669347
 5.0526E-02,0.002863498643651961
 5.0546E-02,0.0010870034395268691
 5.0566E-02,-0.00015766836901425613
 5.0586E-02,-0.0008159793257374636
 5.0606E-02,-0.0008592413999071012
 5.0626E-02,-0.00028577381131540756
 5.0646E-02,0.0008791322497494867
 5.0665E-02,0.0025843857082207657
 5.0685E-02,0.004755328657518697
 5.0705E-02,0.0072969488612231615
 5.0725E-02,0.010097977031835109
 5.0745E-02,0.013035738684312579
 5.0765E-02,0.015981572410661966
 5.0785E-02,0.01880656165100485
 5.0805E-02,0.021387279373759272
 5.0825E-02,0.02361123499899139
 5.0845E-02,0.025381747076405684
 5.0864E-02,0.026622032847118064
 5.0884E-02,0.02727838350472947
 5.0904E-02,0.027322356934417646
 5.0924E-02,0.026751953541928882
 5.0944E-02,0.025591747988377475
 5.0964E-02,0.02389194759437607
 5.0984E-02,0.021726359570719327
 5.1004E-02,0.019189289912091987
 5.1024E-02,0.016391467083248547
 5.1043E-02,0.013455167586126858
 5.1063E-02,0.010508793340722244
 5.1083E-02,0.007681190741552034
 5.1103E-02,0.005095999645735511
 5.1123E-02,0.0028662855084364168
 5.1143E-02,0.0010896594639613981
 5.1163E-02,-0.00015594911205702713
 5.1183E-02,-0.0008157229837103576
 5.1203E-02,-0.0008604484796817595
 5.1223E-02,-0.0002879275427901233
 5.1243E-02,0.0008768094089107751
 5.1262E-02,0.0025825564576509915
 5.1282E-02,0.004754233217401101
 5.1302E-02,0.007296317129191791
 5.1322E-02,0.010097201776250763
 5.1342E-02,0.013034220502483995
 5.1362E-02,0.015979061795343058
 5.1382E-02,0.018803325645404222
 5.1402E-02,0.021384008594605743
 5.1422E-02,0.02360873689554873
 5.1442E-02,0.0253805780109267
 5.1461E-02,0.02662225162292919
 5.1481E-02,0.027279547572304764
 5.1501E-02,0.0273237607905591
 5.1521E-02,0.026752988048615072
 5.1541E-02,0.025592199980217514
 5.1561E-02,0.023892090583310995
 5.1581E-02,0.021726792235986545
 5.1601E-02,0.01919060581607098
 5.1621E-02,0.016393923068707652
 5.1640E-02,0.013458517917133688
 5.1660E-02,0.01051237278069792
 5.1680E-02,0.007684205048156227
 5.1700E-02,0.00509787898305997
 5.1720E-02,0.0028669261232351193
 5.1740E-02,0.0010894359456791612
 5.1760E-02,-0.00015640373533196898
 5.1780E-02,-0.000815856819575192
 5.1800E-02,-0.0008600791970744112
 5.1820E-02,-0.000287335881915833
 5.1840E-02,0.0008770264970296387
 5.1859E-02,0.002581798254457719
 5.1879E-02,0.0047522161634081656
 5.1899E-02,0.007293243434746573
 5.1919E-02,0.010093691279907181
 5.1939E-02,0.013031039431188742
 5.1959E-02,0.015976782949255378
 5.1979E-02,0.01880208798111757
 5.1999E-02,0.021383493761234672
 5.2019E-02,0.02360837144080186
 5.2039E-02,0.025379857305567678
 5.2058E-02,0.026621021416931956
 5.2078E-02,0.02727810138931538
 5.2098E-02,0.027322704569578197
 5.2118E-02,0.026752940515221608
 5.2138E-02,0.02559347937114583
 5.2158E-02,0.02389454458843788
 5.2178E-02,0.0217298557129511
 5.2198E-02,0.019193556728962592
 5.2218E-02,0.01639620861651262
 5.2237E-02,0.013459989056431598
 5.2257E-02,0.010513312593657035
 5.2277E-02,0.007685140315678434
 5.2297E-02,0.005099272526108433
 5.2317E-02,0.002868906018655903
 5.2337E-02,0.0010916979492897891
 5.2357E-02,-0.00015447172515512344
 5.2377E-02,-0.0008148905263967201
 5.2397E-02,-0.0008604355302538886
 5.2417E-02,-0.000288922258536826
 5.2437E-02,0.0008747072633041871
 5.2456E-02,0.002579411022433436
 5.2476E-02,0.004750282995747587
 5.2496E-02,0.00729191363597554
 5.2516E-02,0.010092704745689447
 5.2536E-02,0.013029898973106703
 5.2556E-02,0.015975046819262873
 5.2576E-02,0.018799634161740086
 5.2596E-02,0.02138062232299029
 5.2616E-02,0.02360569279588935
 5.2636E-02,0.02537802153540452
 5.2655E-02,0.02662042322755022
 5.2675E-02,0.027278707016374255
 5.2695E-02,0.027324085489198006
 5.2715E-02,0.02675449523929646
 5.2735E-02,0.02559473102173042
 5.2755E-02,0.02389536517210313
 5.2775E-02,0.02173050608800291
 5.2795E-02,0.019194524559682635
 5.2815E-02,0.016397928001957888
 5.2834E-02,0.013462584219979727
 5.2854E-02,0.010516495060257161
 5.2874E-02,0.007688311510892443
 5.2894E-02,0.005101780959746937
 5.2914E-02,0.0028703316111845876
 5.2934E-02,0.0010920234966470613
 5.2954E-02,-0.00015488483716220467
 5.2974E-02,-0.0008155074807342762
 5.2994E-02,-0.0008608297248784929
 5.3014E-02,-0.0002889921572044057
 5.3034E-02,0.0008746937624128597
 5.3053E-02,0.0025789654999977636
 5.3073E-02,0.0047489628326009906
 5.3093E-02,0.007289571501585365
 5.3113E-02,0.010089595781962203
 5.3133E-02,0.013026591451905802
 5.3153E-02,0.015972180069862445
 5.3173E-02,0.018797643412696775
 5.3193E-02,0.021379566025713583
 5.3213E-02,0.023605266240708103
 5.3233E-02,0.025377747223826543
 5.3252E-02,0.026619920357267176
 5.3272E-02,0.027277903642083375
 5.3292E-02,0.027323266654387016
 5.3312E-02,0.026754163403613782
 5.3332E-02,0.025595349537230153
 5.3352E-02,0.02389711399194424
 5.3372E-02,0.021733172271351804
 5.3392E-02,0.01919758223115251
 5.3412E-02,0.016400767677612792
 5.3431E-02,0.013464777416582113
 5.3451E-02,0.010517963636773915
 5.3471E-02,0.007689319928473439
 5.3491E-02,0.0051027586538994335
 5.3511E-02,0.0028716172077156463
 5.3531E-02,0.0010936606357125895
 5.3551E-02,-0.00015319724056503522
 5.3571E-02,-0.0008142856146552726
 5.3591E-02,-0.0008605606831577177
 5.3611E-02,-0.000289896821822949
 5.3631E-02,0.0008727730653883811
 5.3650E-02,0.0025764972805900213
 5.3670E-02,0.004746512865229522
 5.3690E-02,0.007287549619980466
 5.3710E-02,0.010088088088624242
 5.3730E-02,0.0130253595352639
 5.3750E-02,0.015970824981696517
 5.3770E-02,0.01879584987028203
 5.3790E-02,0.021377302615200117
 5.3810E-02,0.02360283998856737
 5.3830E-02,0.025375684272358826
 5.3849E-02,0.026618731746195532
 5.3869E-02,0.027277852617778604
 5.3889E-02,0.02732425285652546
 5.3909E-02,0.02675578051163463
 5.3929E-02,0.025597086229216248
 5.3949E-02,0.023898596981532086
 5.3969E-02,0.021734330235854315
 5.3989E-02,0.019198650235450334
 5.4009E-02,0.016402132331305615
 5.4029E-02,0.013466742805650475
 5.4048E-02,0.010520557166915372
 5.4068E-02,0.0076922364560402
 5.4088E-02,0.0051054715804842304
 5.4108E-02,0.002873601774076519
 5.4128E-02,0.0010946191357892074
 5.4148E-02,-0.00015321884979415355
 5.4168E-02,-0.0008149455946047882
 5.4188E-02,-0.0008614078701067653
 5.4208E-02,-0.0002906011504010252
 5.4227E-02,0.0008722610874057976
 5.4247E-02,0.0025759368677779684
 5.4267E-02,0.004745516358448216
 5.4287E-02,0.007285805752026117
 5.4307E-02,0.010085552166169416
 5.4327E-02,0.013022314371384389
 5.4347E-02,0.01596778109992134
 5.4367E-02,0.018793333690729577
 5.4387E-02,0.021375636975738556
 5.4407E-02,0.02360202474581661
 5.4427E-02,0.025375434343343047
 5.4446E-02,0.026618651173694614
 5.4466E-02,0.027277655600658028
 5.4486E-02,0.02732391999937113
 5.4506E-02,0.026755571958500052
 5.4526E-02,0.025597405805152
 5.4546E-02,0.02389977642128874
 5.4566E-02,0.0217364424508761
 5.4586E-02,0.01920144562787301
 5.4606E-02,0.01640513029653714
 5.4626E-02,0.01346943309066664
 5.4645E-02,0.010522611506506373
 5.4665E-02,0.007693626747995453
 5.4685E-02,0.005106438373555267
 5.4705E-02,0.0028744918516059644
 5.4725E-02,0.0010956758806109624
 5.4745E-02,-0.00015200600399494293
 5.4765E-02,-0.0008138568215225113
 5.4785E-02,-0.0008608659007042159
 5.4805E-02,-0.0002909650831839542
 5.4824E-02,0.0008708782353527995
 5.4844E-02,0.0025737360529232015
 5.4864E-02,0.004742932164632692
 5.4884E-02,0.007283317706482698
 5.4904E-02,0.010083481008513686
 5.4924E-02,0.013020703316095023
 5.4944E-02,0.015966419082540234
 5.4964E-02,0.01879190638262812
 5.4984E-02,0.021373927612490157
 5.5004E-02,0.02360006234368675
 5.5024E-02,0.02537351377413935
 5.5043E-02,0.026617214192809567
 5.5063E-02,0.0272770917776464
 5.5083E-02,0.027324386566407875
 5.5103E-02,0.026756921921397753
 5.5123E-02,0.025599259345105346
 5.5143E-02,0.0239016991144749
 5.5163E-02,0.021738141060933632
 5.5183E-02,0.019202884457912503
 5.5203E-02,0.016406511844832775
 5.5223E-02,0.01347105523552571
 5.5242E-02,0.010524675176092632
 5.5262E-02,0.007696092247324655
 5.5282E-02,0.005109003517995123
 5.5302E-02,0.0028767037357973666
 5.5322E-02,0.0010971213691376316
 5.5342E-02,-0.00015152489400789212
 5.5362E-02,-0.0008142484786208732
 5.5382E-02,-0.00086181092150282
 5.5402E-02,-0.0002920819918756679
 5.5421E-02,0.0008698467233002497
 5.5441E-02,0.00257280885750249
 5.5461E-02,0.004741903564353738
 5.5481E-02,0.007281890424834163
 5.5501E-02,0.010081450418594458
 5.5521E-02,0.01301809912709476
 5.5541E-02,0.01596353231543654
 5.5561E-02,0.018789186870640906
 5.5581E-02,0.021371801908673285
 5.5601E-02,0.023598761479966222
 5.5621E-02,0.02537299510021003
 5.5640E-02,0.026617214286910947
 5.5660E-02,0.027277281957261503
 5.5680E-02,0.02732455168477143
 5.5700E-02,0.02675707230571623
 5.5720E-02,0.025599620116719
 5.5740E-02,0.023902583220632923
 5.5760E-02,0.021739770842187214
 5.5780E-02,0.019205252194082045
 5.5800E-02,0.016409349885491278
 5.5820E-02,0.013473931314807794
 5.5839E-02,0.010527166119930832
 5.5859E-02,0.0076979507085453355
 5.5879E-02,0.005110236623853715
 5.5899E-02,0.002877527066491624
 5.5919E-02,0.0010978139461910786
 5.5939E-02,-0.0001507900735540804
 5.5959E-02,-0.0008135125192313063
 5.5979E-02,-0.0008613213851910956
 5.5999E-02,-0.0002921735090265639
 5.6018E-02,0.0008689236767633743
 5.6038E-02,0.0025710253068586863
 5.6058E-02,0.0047394867676557925
 5.6078E-02,0.007279238329908097
 5.6098E-02,0.010078967828102855
 5.6118E-02,0.013016036068482416
 5.6138E-02,0.015961903422068553
 5.6158E-02,0.018787809683731303
 5.6178E-02,0.021370432445448496
 5.6198E-02,0.02359725698652315
 5.6218E-02,0.02537142078116679
 5.6237E-02,0.026615839415840666
 5.6257E-02,0.02727646663407464
 5.6277E-02,0.027324580516954827
 5.6297E-02,0.026758017879687453
 5.6317E-02,0.025601304103229302
 5.6337E-02,0.023904654079091196
 5.6357E-02,0.02174185904310613
 5.6377E-02,0.019207125780982444
 5.6397E-02,0.016410993943747003
 5.6417E-02,0.01347551379266559
 5.6436E-02,0.010528909681033208
 5.6456E-02,0.007699977134859634
 5.6476E-02,0.005112463465895559
 5.6496E-02,0.0028796695119826083
 5.6516E-02,0.0010994919404204357
 5.6536E-02,-0.0001498919903206756
 5.6556E-02,-0.0008135112611913327
 5.6576E-02,-0.0008620927111600711
 5.6596E-02,-0.0002934206832866577
 5.6615E-02,0.000867525086446781
 5.6635E-02,0.002569678849424551
 5.6655E-02,0.0047381961385259104
 5.6675E-02,0.007277835966416044
 5.6695E-02,0.010077234938384118
 5.6715E-02,0.013013852223908731
 5.6735E-02,0.01595934920458268
 5.6755E-02,0.018785169528799484
 5.6775E-02,0.021368094835355914
 5.6795E-02,0.023595560467776073
 5.6815E-02,0.025370521247119037
 5.6834E-02,0.026615663300243102
 5.6854E-02,0.02727677163860575
 5.6874E-02,0.02732509191505224
 5.6894E-02,0.02675857117873918
 5.6914E-02,0.025601922477982278
 5.6934E-02,0.023905522477435284
 5.6954E-02,0.021743209185561947
 5.6974E-02,0.01920909107840395
 5.6994E-02,0.01641350826483172
 5.7014E-02,0.013478305805597408
 5.7033E-02,0.01053159658475596
 5.7053E-02,0.0077022121293913864
 5.7073E-02,0.005114064965395557
 5.7093E-02,0.0028806697767873876
 5.7113E-02,0.0011000833299183498
 5.7133E-02,-0.0001494840097246309
 5.7153E-02,-0.0008131632807640786
 5.7173E-02,-0.0008618584039113687
 5.7193E-02,-0.0002935081481808306
 5.7212E-02,0.0008668619697248598
 5.7232E-02,0.0025682802674827435
 5.7252E-02,0.004736097015714738
 5.7272E-02,0.00727527660383992
 5.7292E-02,0.010074575527475822
 5.7312E-02,0.01301143278298473
 5.7332E-02,0.015957363286867324
 5.7352E-02,0.018783612739041063
 5.7372E-02,0.021366811536906213
 5.7392E-02,0.023594362965489873
 5.7412E-02,0.02536931976707011
 5.7431E-02,0.026614540192500098
 5.7451E-02,0.027275961728591484
 5.7471E-02,0.027324878398838987
 5.7491E-02,0.026759149013826474
 5.7511E-02,0.0256032975501206
 5.7531E-02,0.023907496881539498
 5.7551E-02,0.02174545994002939
 5.7571E-02,0.019211303201217392
 5.7591E-02,0.01641549660433974
 5.7611E-02,0.013480066428804843
 5.7630E-02,0.010533264374408612
 5.7650E-02,0.00770394835049555
 5.7670E-02,0.0051159333236623075
 5.7690E-02,0.002882564703051667
 5.7710E-02,0.001101747579581381
 5.7730E-02,-0.00014836029392385763
 5.7750E-02,-0.0008128106180785482
 5.7770E-02,-0.0008623280205606452
 5.7790E-02,-0.0002946528899545509
 5.7809E-02,0.0008653171322268046
 5.7829E-02,0.002566613614769462
 5.7849E-02,0.0047344731099062815
 5.7869E-02,0.007273694208431558
 5.7889E-02,0.010072904705926262
 5.7909E-02,0.013009520645812055
 5.7929E-02,0.015955153536769972
 5.7949E-02,0.01878121741531908
 5.7969E-02,0.021364497460644956
 5.7989E-02,0.023592458201314198
 5.8008E-02,0.025368085482109753
 5.8028E-02,0.026614070570939383
 5.8048E-02,0.02727616051845087
 5.8068E-02,0.0273255223972059
 5.8088E-02,0.026760005609962736
 5.8108E-02,0.025604236992946533
 5.8128E-02,0.023908543359723835
 5.8148E-02,0.02174675693452418
 5.8168E-02,0.01921301196641234
 5.8188E-02,0.01641768022851934
 5.8208E-02,0.0134826189854876
 5.8227E-02,0.010535921898173439
 5.8247E-02,0.007706377391725044
 5.8267E-02,0.0051178542598526566
 5.8287E-02,0.0028838500033123446
 5.8307E-02,0.0011024480755458328
 5.8327E-02,-0.00014807205961209387
 5.8347E-02,-0.0008127498238198352
 5.8367E-02,-0.0008624039448356434
 5.8387E-02,-0.00029491870097812225
 5.8407E-02,0.000864695803541968
 5.8426E-02,0.002565454985162809
 5.8446E-02,0.004732691525916353
 5.8466E-02,0.00727137144412146
 5.8486E-02,0.010070283697608498
 5.8506E-02,0.013006923634436156
 5.8526E-02,0.01595286405505871
 5.8546E-02,0.018779383281728936
 5.8566E-02,0.021363101155894737
 5.8586E-02,0.02359136718530527
 5.8605E-02,0.02536715513491376
 5.8625E-02,0.026613246471034677
 5.8645E-02,0.027275527642655138
 5.8665E-02,0.02732527598034319
 5.8685E-02,0.026760358098346503
 5.8705E-02,0.02560530779263424
 5.8725E-02,0.023910286778372633
 5.8745E-02,0.021748964623992686
 5.8765E-02,0.019215389035026984
 5.8785E-02,0.016419957718472
 5.8805E-02,0.013484647821735588
 5.8824E-02,0.010537703320383769
 5.8844E-02,0.00770801707113902
 5.8864E-02,0.005119465504890527
 5.8884E-02,0.002885456576345978
 5.8904E-02,0.0011039368034665542
 5.8924E-02,-0.00014692407959190738
 5.8944E-02,-0.0008121861890561647
 5.8964E-02,-0.0008625818231735831
 5.8984E-02,-0.000295836404122378
 5.9004E-02,0.0008632009795684068
 5.9023E-02,0.002563637846124968
 5.9043E-02,0.004730793140862015
 5.9063E-02,0.0072695283331338355
 5.9083E-02,0.010068495904477271
 5.9103E-02,0.013005095714538626
 5.9123E-02,0.015950896394401108
 5.9143E-02,0.018777266042449524
 5.9163E-02,0.021360962012900404
 5.9183E-02,0.023589447364425104
 5.9202E-02,0.02536572433297636
 5.9222E-02,0.026612497939597586
 5.9242E-02,0.02727550469305207
 5.9262E-02,0.02732586549633035
 5.9282E-02,0.026761353280178556
 5.9302E-02,0.02560650809844411
 5.9322E-02,0.023911585028969857
 5.9342E-02,0.021750378390671114
 5.9362E-02,0.01921702195887215
 5.9382E-02,0.016421911854828636
 5.9402E-02,0.013486932667556944
 5.9421E-02,0.010540188676120573
 5.9441E-02,0.007710454770486482
 5.9461E-02,0.005121570564742406
 5.9481E-02,0.0028870087714503415
 5.9501E-02,0.0011048537150727602
 5.9521E-02,-0.00014657708778990398
 5.9541E-02,-0.0008122522293858493
 5.9561E-02,-0.0008629055011417618
 5.9581E-02,-0.00029634642790969483
 5.9601E-02,0.0008624608615205302
 5.9620E-02,0.0025625444671150744
 5.9640E-02,0.004729227382210354
 5.9660E-02,0.0072674636420467665
 5.9680E-02,0.010066046452955068
 5.9700E-02,0.0130024988498612
 5.9720E-02,0.015948436703834005
 5.9740E-02,0.018775177317482683
 5.9760E-02,0.0213593542217102
 5.9780E-02,0.02358829308051806
 5.9799E-02,0.02536490932552776
 5.9819E-02,0.02661190873711962
 5.9839E-02,0.0272751078499892
 5.9859E-02,0.027325738008283664
 5.9879E-02,0.02676164862622854
 5.9899E-02,0.025607375072720658
 5.9919E-02,0.023913080421614198
 5.9939E-02,0.021752417759792773
 5.9959E-02,0.019219393738921498
 5.9979E-02,0.01642434853725268
 5.9999E-02,0.013489204614819115
 6.0000E-02,0.01326503792480738
