  0.000,0.0
  1.000,0.011919364530334771
  0.000,0.011919364530334771
 4.1670E-05,0.013135845969408748
 8.3340E-05,0.016850786478735377
 1.2501E-04,0.020268066064974954
 1.6668E-04,0.021128822054748475
 2.0835E-04,0.021176414983115694
 2.5002E-04,0.02269065050933073
 2.9169E-04,0.024714336443938997
 3.3336E-04,0.02500866006058748
 3.7503E-04,0.023197334155361
 4.1670E-04,0.021193600382255935
 4.5837E-04,0.02059719314220314
 5.0004E-04,0.02001029747979804
 5.4171E-04,0.017601995878783916
 5.8338E-04,0.013873252647927724
 6.2505E-04,0.010881428152941155
 6.6672E-04,0.009492425848554115
 7.0839E-04,0.00804177459081922
 7.5006E-04,0.005220688322786967
 7.9173E-04,0.0021450588356291557
 8.3340E-04,0.0006511220218049039
 8.7507E-04,0.0008206940891412486
 9.1674E-04,0.0008479987658167166
 9.5841E-04,-5.474137850177416e-05
 1.0001E-03,-0.00047006619994015796
 1.0417E-03,0.0009496979878458293
 1.0834E-03,0.0035624336057197437
 1.1251E-03,0.005587719022157546
 1.1668E-03,0.006749063579909877
 1.2084E-03,0.008542836884337948
 1.2501E-03,0.011740369101657183
 1.2918E-03,0.015186501274718394
 1.3334E-03,0.01736634547908656
 1.3751E-03,0.01853691753066551
 1.4168E-03,0.02016208243546223
 1.4584E-03,0.02249866707788037
 1.5001E-03,0.02418153641925914
 1.5418E-03,0.02419206220577154
 1.5835E-03,0.023305741324133683
 1.6251E-03,0.02286958298315112
 1.6668E-03,0.02273495883190864
 1.7085E-03,0.021590773641295503
 1.7501E-03,0.019012740354954958
 1.7918E-03,0.01615669955682979
 1.8335E-03,0.014122632461584298
 1.8751E-03,0.01242717739257316
 1.9168E-03,0.009945025610426879
 1.9585E-03,0.0067658489998248745
 2.0002E-03,0.004171635506345481
 2.0418E-03,0.0028546458185961087
 2.0835E-03,0.0020251985196974498
 2.1252E-03,0.0007639278310076667
 2.1668E-03,-0.0005064064670490032
 2.2085E-03,-0.0006391396557607059
 2.2502E-03,0.0005485936693159397
 2.2919E-03,0.002021535576013634
 2.3335E-03,0.0030788578273358213
 2.3752E-03,0.004327333211245575
 2.4169E-03,0.006631449164902481
 2.4585E-03,0.009704524185723911
 2.5002E-03,0.012425935387715805
 2.5419E-03,0.014389565722491615
 2.5835E-03,0.01633223363969913
 2.6252E-03,0.018831937618408092
 2.6669E-03,0.02130312711278566
 2.7086E-03,0.02276575494814345
 2.7502E-03,0.023204635362698397
 2.7919E-03,0.023471600800723028
 2.8336E-03,0.023916445996210796
 2.8752E-03,0.023850817647172725
 2.9169E-03,0.022608798850885934
 2.9586E-03,0.02057522858219969
 3.0002E-03,0.0186454650856763
 3.0419E-03,0.0169629583739646
 3.0836E-03,0.01484995899585555
 3.1252E-03,0.011984380484821958
 3.1669E-03,0.00902129396338425
 3.2086E-03,0.006745018247399903
 3.2503E-03,0.005051448373447133
 3.2919E-03,0.003284738985695539
 3.3336E-03,0.001372252457998732
 3.3753E-03,3.248621691602223e-05
 3.4169E-03,-0.00022676645448110769
 3.4586E-03,0.00020385629168523525
 3.5003E-03,0.0006792529054279384
 3.5419E-03,0.0012699677244722572
 3.5836E-03,0.002599601714441626
 3.6253E-03,0.004831781101445743
 3.6670E-03,0.007344207132653316
 3.7086E-03,0.009562236903108489
 3.7503E-03,0.011676483315473742
 3.7920E-03,0.014180970433502218
 3.8336E-03,0.01696684014059003
 3.8753E-03,0.019343850978686364
 3.9170E-03,0.02093787308411616
 3.9586E-03,0.022102508128106806
 4.0003E-03,0.02324915970266516
 4.0420E-03,0.024137297390401567
 4.0837E-03,0.024189913896966442
 4.1253E-03,0.023334312058469434
 4.1670E-03,0.0220961777126857
 4.2087E-03,0.02082870342063536
 4.2503E-03,0.01925607405600439
 4.2920E-03,0.01700006504615951
 4.3337E-03,0.01426780112191436
 4.3753E-03,0.011663068081698605
 4.4170E-03,0.009424212816140108
 4.4587E-03,0.007239213972350625
 4.5004E-03,0.004888234118139259
 4.5420E-03,0.0027210771398693497
 4.5837E-03,0.0012558611507060059
 4.6254E-03,0.0005190589376216045
 4.6670E-03,0.00011512864187231966
 4.7087E-03,-0.00010548000227748053
 4.7504E-03,0.00020162409950372033
 4.7920E-03,0.0013446975838906153
 4.8337E-03,0.00310250722583904
 4.8754E-03,0.005004703099899797
 4.9171E-03,0.00694648952486611
 4.9587E-03,0.009213747905587039
 5.0004E-03,0.011904640133430107
 5.0421E-03,0.014635793689294779
 5.0837E-03,0.016970292930807648
 5.1254E-03,0.01891295099547743
 5.1671E-03,0.02073741081235938
 5.2087E-03,0.022430712699493895
 5.2504E-03,0.023603248712244024
 5.2921E-03,0.023989723791623157
 5.3338E-03,0.023777832795646908
 5.3754E-03,0.02328118312788784
 5.4171E-03,0.022467463779033442
 5.4588E-03,0.021051719074608777
 5.5004E-03,0.018996106805282915
 5.5421E-03,0.0166534459855708
 5.5838E-03,0.014347152453254765
 5.6254E-03,0.012028009853591315
 5.6671E-03,0.009511973914571096
 5.7088E-03,0.0069186854414666835
 5.7505E-03,0.004642587610121812
 5.7921E-03,0.0029076500830761444
 5.8338E-03,0.0015769139735414127
 5.8755E-03,0.00048690265242939826
 5.9171E-03,-0.00021395371760818947
 5.9588E-03,-0.0002320672728189176
 6.0005E-03,0.0004611245411658896
 6.0421E-03,0.001593762097438571
 6.0838E-03,0.00297420565000711
 6.1255E-03,0.004708287377018637
 6.1672E-03,0.006936873815813864
 6.2088E-03,0.009504390145778429
 6.2505E-03,0.01206071369067274
 6.2922E-03,0.014437211195017249
 6.3338E-03,0.016733483672023958
 6.3755E-03,0.019001001246422115
 6.4172E-03,0.021015647978770664
 6.4588E-03,0.02248312824437943
 6.5005E-03,0.02336290828393545
 6.5422E-03,0.023827789666643256
 6.5839E-03,0.023934845749812323
 6.6255E-03,0.023511471809102926
 6.6672E-03,0.022421658282671293
 6.7089E-03,0.020802417120319782
 6.7505E-03,0.018916353476469045
 6.7922E-03,0.016850029167688324
 6.8339E-03,0.014509681004094069
 6.8755E-03,0.011906070917214392
 6.9172E-03,0.009287689889355796
 6.9589E-03,0.0069215724608322595
 7.0006E-03,0.0048532853086791766
 7.0422E-03,0.0029980827851465615
 7.0839E-03,0.001409961793998805
 7.1256E-03,0.00031535176591475735
 7.1672E-03,-0.00013661544227394672
 7.2089E-03,-2.9846563913174266e-05
 7.2506E-03,0.00048355382026039423
 7.2922E-03,0.0014113139903523637
 7.3339E-03,0.0028700246530667076
 7.3756E-03,0.004841371628217728
 7.4173E-03,0.007108289583585297
 7.4589E-03,0.009465073450504687
 7.5006E-03,0.01188462516517023
 7.5423E-03,0.014400478147913185
 7.5839E-03,0.016895225080734967
 7.6256E-03,0.019121331353301803
 7.6673E-03,0.02092312134392296
 7.7090E-03,0.02232857665050645
 7.7506E-03,0.02338368075189941
 7.7923E-03,0.02399002035757456
 7.8340E-03,0.02399241806210596
 7.8756E-03,0.023380583588219275
 7.9173E-03,0.02230108745728054
 7.9590E-03,0.020867641659406494
 8.0006E-03,0.019058169664891392
 8.0423E-03,0.016846934348661736
 8.0840E-03,0.014362704946416307
 8.1256E-03,0.011830620789006815
 8.1673E-03,0.009385447051463651
 8.2090E-03,0.007032578039092664
 8.2507E-03,0.004803349450921264
 8.2923E-03,0.0028596343366374425
 8.3340E-03,0.0013865437635844709
 8.3757E-03,0.0004339970937853962
 8.4173E-03,-6.003956249675307e-05
 8.4590E-03,-0.00010916500394522098
 8.5007E-03,0.00037253918918945806
 8.5424E-03,0.00143804318885641
 8.5840E-03,0.0029947677958152823
 8.6257E-03,0.004880816622979407
 8.6674E-03,0.007013391278848688
 8.7090E-03,0.009389812876417452
 8.7507E-03,0.011949415691321814
 8.7924E-03,0.014512964456322566
 8.8340E-03,0.016894465752847358
 8.8757E-03,0.019020041369528975
 8.9174E-03,0.02088293122093772
 8.9590E-03,0.022413500701809475
 9.0007E-03,0.02346719718717304
 9.0424E-03,0.023949969929707177
 9.0841E-03,0.023893397401406433
 9.1257E-03,0.023371500574539347
 9.1674E-03,0.022389941580727227
 9.2091E-03,0.02091408948318742
 9.2507E-03,0.018988146883322527
 9.2924E-03,0.01676153663183024
 9.3341E-03,0.014381944888760857
 9.3758E-03,0.011913882044703594
 9.4174E-03,0.00939756146737785
 9.4591E-03,0.0069490410810406755
 9.5008E-03,0.0047438248068315736
 9.5424E-03,0.0029051505148327255
 9.5841E-03,0.001460059377896069
 9.6258E-03,0.0004205726907386012
 9.6674E-03,-0.0001403349401958502
 9.7091E-03,-0.00013528752521381937
 9.7508E-03,0.00043887255388438354
 9.7925E-03,0.001497747336754627
 9.8341E-03,0.0029634106549055027
 9.8758E-03,0.004813997696238943
 9.9175E-03,0.007019141324576667
 9.9591E-03,0.009465353118106727
 1.0001E-02,0.011988383323527892
 1.0042E-02,0.014467116674669909
 1.0084E-02,0.016843568945826413
 1.0126E-02,0.01904833438009672
 1.0167E-02,0.020952737660378567
 1.0209E-02,0.022425021700783337
 1.0251E-02,0.023409381448091595
 1.0292E-02,0.023914084619944362
 1.0334E-02,0.02393326767017703
 1.0376E-02,0.023424163646502003
 1.0417E-02,0.022373471611499218
 1.0459E-02,0.02085078926465363
 1.0501E-02,0.01896814365077571
 1.0543E-02,0.016806215315273668
 1.0584E-02,0.014414456539326923
 1.0626E-02,0.011877389941148998
 1.0668E-02,0.009339892801051325
 1.0709E-02,0.006948367811527972
 1.0751E-02,0.0047913656500623986
 1.0793E-02,0.002921349223037083
 1.0834E-02,0.001415859027126648
 1.0876E-02,0.0003794648510401337
 1.0918E-02,-0.00011975687770813463
 1.0959E-02,-8.649976999180428e-05
 1.1001E-02,0.00044317957353634004
 1.1043E-02,0.0014553241648698441
 1.1084E-02,0.0029434991578001415
 1.1126E-02,0.004851565681176463
 1.1168E-02,0.007063480395877349
 1.1209E-02,0.009458130931329585
 1.1251E-02,0.011950640091052752
 1.1293E-02,0.014465002081261254
 1.1334E-02,0.016887732081458322
 1.1376E-02,0.019079354682917504
 1.1418E-02,0.02093175461044175
 1.1459E-02,0.02239087456282328
 1.1501E-02,0.02341787669399121
 1.1543E-02,0.023953843926844354
 1.1584E-02,0.023944717405960516
 1.1626E-02,0.023390072514526537
 1.1668E-02,0.02234343404354044
 1.1709E-02,0.02086511603171169
 1.1751E-02,0.018998090199519726
 1.1793E-02,0.016799364014380477
 1.1834E-02,0.014374100854808934
 1.1876E-02,0.01185622206145345
 1.1918E-02,0.009360124435161717
 1.1959E-02,0.006969896723559294
 1.2001E-02,0.004773981386038059
 1.2043E-02,0.002885118956066016
 1.2084E-02,0.0014096016073350695
 1.2126E-02,0.00040724708186946706
 1.2168E-02,-0.0001031051963684671
 1.2209E-02,-0.00010632897574352582
 1.2251E-02,0.0004185909998858289
 1.2293E-02,0.001465614043629071
 1.2334E-02,0.002976694572168739
 1.2376E-02,0.004863357466913621
 1.2418E-02,0.007044111751837091
 1.2459E-02,0.009445581650739708
 1.2501E-02,0.011972075643353026
 1.2543E-02,0.014496153211461733
 1.2584E-02,0.016890360680571932
 1.2626E-02,0.019058449388505077
 1.2668E-02,0.02092638403400864
 1.2709E-02,0.022414421498978633
 1.2751E-02,0.023438575087574406
 1.2793E-02,0.023943487118345007
 1.2834E-02,0.023920604590492365
 1.2876E-02,0.023387687686117188
 1.2918E-02,0.02236286991833781
 1.2959E-02,0.020872163449564687
 1.3001E-02,0.018976642302641292
 1.3043E-02,0.016775182590314373
 1.3084E-02,0.014375321671480694
 1.3126E-02,0.011871596833007538
 1.3168E-02,0.009357433496830953
 1.3209E-02,0.006945109899837487
 1.3251E-02,0.004756770476884534
 1.3293E-02,0.002893857701879462
 1.3334E-02,0.0014246021909663776
 1.3376E-02,0.00040158750049941287
 1.3418E-02,-0.00012298733911877112
 1.3459E-02,-0.00011116521430871752
 1.3501E-02,0.00043654966800312785
 1.3543E-02,0.0014816568172225254
 1.3584E-02,0.0029714152791934906
 1.3626E-02,0.004851260780815414
 1.3668E-02,0.007050648304290927
 1.3709E-02,0.00946849362519624
 1.3751E-02,0.011985272299093297
 1.3793E-02,0.014489042731389621
 1.3834E-02,0.01688280898563678
 1.3876E-02,0.019069774889086816
 1.3918E-02,0.020946152182739593
 1.3959E-02,0.022418656616780976
 1.4001E-02,0.023425768993132163
 1.4043E-02,0.023935965710004156
 1.4084E-02,0.023930289621189288
 1.4126E-02,0.023398559895256472
 1.4168E-02,0.022355835417163756
 1.4209E-02,0.020853816826114473
 1.4251E-02,0.018968800643007787
 1.4293E-02,0.01678206124159736
 1.4334E-02,0.014378099370966412
 1.4376E-02,0.011857610165919137
 1.4418E-02,0.009339277675531612
 1.4459E-02,0.006941422936791647
 1.4501E-02,0.0047645904991027565
 1.4543E-02,0.002894070798159074
 1.4585E-02,0.0014112882289189963
 1.4626E-02,0.0003907002884884492
 1.4668E-02,-0.00011792072354994726
 1.4710E-02,-9.903974452918102e-05
 1.4751E-02,0.00043842461980352044
 1.4793E-02,0.001473606685457477
 1.4835E-02,0.0029702448064837135
 1.4876E-02,0.00486446324350083
 1.4918E-02,0.0070652460755198775
 1.4960E-02,0.009470734643394464
 1.5001E-02,0.011980837531027619
 1.5043E-02,0.014493580866052177
 1.5085E-02,0.01689786314482685
 1.5126E-02,0.0190805379444803
 1.5168E-02,0.020943753728057662
 1.5210E-02,0.022412928853425832
 1.5251E-02,0.023429712310090365
 1.5293E-02,0.023946024649852557
 1.5335E-02,0.023932069409629594
 1.5376E-02,0.023388650392609872
 1.5418E-02,0.02234661045970974
 1.5460E-02,0.020854564597671814
 1.5501E-02,0.01897213152269267
 1.5543E-02,0.016775734255436485
 1.5585E-02,0.01436377960285655
 1.5626E-02,0.011848298624539443
 1.5668E-02,0.009339913295032759
 1.5710E-02,0.006942144003256169
 1.5751E-02,0.004756299291385033
 1.5793E-02,0.0028823428316003385
 1.5835E-02,0.0014079016156557029
 1.5876E-02,0.00039611882880562785
 1.5918E-02,-0.0001146974115476977
 1.5960E-02,-0.0001035876376792646
 1.6001E-02,0.0004341430890436521
 1.6043E-02,0.0014787807556210276
 1.6085E-02,0.0029813417044253073
 1.6126E-02,0.004870699033478717
 1.6168E-02,0.007064647959748984
 1.6210E-02,0.009472499211118144
 1.6251E-02,0.011990896607474925
 1.6293E-02,0.014505464126163005
 1.6335E-02,0.01690236351991902
 1.6376E-02,0.01907917854817869
 1.6418E-02,0.02094582865901946
 1.6460E-02,0.022421060495398368
 1.6501E-02,0.0234358840257028
 1.6543E-02,0.023943708552184903
 1.6585E-02,0.023925825095030138
 1.6626E-02,0.023386925598327706
 1.6668E-02,0.02234903359311825
 1.6710E-02,0.020852898361848074
 1.6751E-02,0.01896302767168829
 1.6793E-02,0.016765844986684784
 1.6835E-02,0.014359817262532522
 1.6876E-02,0.011847358301180956
 1.6918E-02,0.00933449061215541
 1.6960E-02,0.006931871916308225
 1.7001E-02,0.00474864919424303
 1.7043E-02,0.002881576156505188
 1.7085E-02,0.0014091189438471567
 1.7126E-02,0.0003931135067444052
 1.7168E-02,-0.00011994608478899452
 1.7210E-02,-0.00010400724753730852
 1.7251E-02,0.0004400418995760011
 1.7293E-02,0.0014848104612934093
 1.7335E-02,0.002982987471652574
 1.7376E-02,0.004871609276380703
 1.7418E-02,0.007070673413572067
 1.7460E-02,0.009482574066089966
 1.7501E-02,0.011998490103515766
 1.7543E-02,0.014508126734169126
 1.7585E-02,0.016904874769527626
 1.7626E-02,0.019085805141622246
 1.7668E-02,0.02095361365021761
 1.7710E-02,0.022424158739117687
 1.7751E-02,0.023434135939185967
 1.7793E-02,0.023942513189269685
 1.7835E-02,0.02392777982147795
 1.7876E-02,0.02338799399033363
 1.7918E-02,0.022344831653849512
 1.7960E-02,0.020845381997527997
 1.8001E-02,0.018957566392389543
 1.8043E-02,0.016763350132036885
 1.8085E-02,0.014355833291574449
 1.8126E-02,0.011839240890408822
 1.8168E-02,0.009325677417182888
 1.8210E-02,0.006926943461506626
 1.8251E-02,0.0047468297901609585
 1.8293E-02,0.0028784100653700987
 1.8335E-02,0.0014035461823084388
 1.8376E-02,0.0003892012974113523
 1.8418E-02,-0.00011904336978300282
 1.8460E-02,-0.00010061161753146176
 1.8501E-02,0.0004418035911705377
 1.8543E-02,0.0014851767084339495
 1.8585E-02,0.0029859472974160745
 1.8626E-02,0.0048786348517144956
 1.8668E-02,0.007078338575068626
 1.8710E-02,0.009487506804082477
 1.8752E-02,0.012002052445938313
 1.8793E-02,0.014513855617488304
 1.8835E-02,0.016912745095300302
 1.8877E-02,0.019092001851445002
 1.8918E-02,0.02095600120481295
 1.8960E-02,0.022425112448380403
 1.9002E-02,0.02343659673609509
 1.9043E-02,0.023945384702775994
 1.9085E-02,0.023927578774348385
 1.9127E-02,0.023384096799566642
 1.9168E-02,0.02234036189184803
 1.9210E-02,0.020842546429346586
 1.9252E-02,0.018954580834912277
 1.9293E-02,0.016757491412993156
 1.9335E-02,0.01434785166696883
 1.9377E-02,0.011832483643934228
 1.9418E-02,0.009321385011563411
 1.9460E-02,0.006922848157017533
 1.9502E-02,0.004741027725078267
 1.9543E-02,0.002872542847284427
 1.9585E-02,0.0014005494681481752
 1.9627E-02,0.0003891380625447116
 1.9668E-02,-0.0001187979679780223
 1.9710E-02,-0.00010125427132313128
 1.9752E-02,0.00044228180918084065
 1.9793E-02,0.001488847946262669
 1.9835E-02,0.0029917286210746
 1.9877E-02,0.00488380537926735
 1.9918E-02,0.0070823903563909905
 1.9960E-02,0.00949251977201382
 2.0002E-02,0.01200915377386637
 2.0043E-02,0.01452118740747355
 2.0085E-02,0.016917947166783624
 2.0127E-02,0.01909537833499775
 2.0168E-02,0.020959633595731452
 2.0210E-02,0.02242938451764125
 2.0252E-02,0.023439419670001668
 2.0293E-02,0.023945208723245355
 2.0335E-02,0.023925579043970923
 2.0377E-02,0.023382295721054
 2.0418E-02,0.022338623622713657
 2.0460E-02,0.02083897043013743
 2.0502E-02,0.018948594049756948
 2.0543E-02,0.01675092377689338
 2.0585E-02,0.01434244011339846
 2.0627E-02,0.011827633292933815
 2.0668E-02,0.009315508330913769
 2.0710E-02,0.006916152228711538
 2.0752E-02,0.004735525058695636
 2.0793E-02,0.00286934100040784
 2.0835E-02,0.0013985356443996558
 2.0877E-02,0.00038696423673807625
 2.0918E-02,-0.00012050674166872648
 2.0960E-02,-0.00010077898478870585
 2.1002E-02,0.0004451906214404828
 2.1043E-02,0.0014925985041773608
 2.1085E-02,0.002995196849918905
 2.1127E-02,0.004887801038194012
 2.1168E-02,0.00708812634601694
 2.1210E-02,0.009499473531584883
 2.1252E-02,0.012015546987665049
 2.1293E-02,0.014526302997721487
 2.1335E-02,0.016922782373030174
 2.1377E-02,0.019100725693976448
 2.1418E-02,0.020964553113563072
 2.1460E-02,0.02243235410527432
 2.1502E-02,0.023440374918097348
 2.1543E-02,0.023945405756199356
 2.1585E-02,0.023925561047221783
 2.1627E-02,0.023381067565314693
 2.1668E-02,0.022335232538219254
 2.1710E-02,0.02083405223864966
 2.1752E-02,0.01894356924913473
 2.1793E-02,0.016746110631281313
 2.1835E-02,0.014336927467000427
 2.1877E-02,0.011821033824569276
 2.1918E-02,0.00930889831033386
 2.1960E-02,0.006910803608207861
 2.2002E-02,0.004731376207656355
 2.2043E-02,0.0028654808746309494
 2.2085E-02,0.001394899691042189
 2.2127E-02,0.00038465919853874564
 2.2168E-02,-0.0001207019816578239
 2.2210E-02,-9.945069456351364e-05
 2.2252E-02,0.00044704395449584743
 2.2293E-02,0.0014950238775303787
 2.2335E-02,0.0029990601417284593
 2.2377E-02,0.004893271763978225
 2.2418E-02,0.007094184081561232
 2.2460E-02,0.009505153173520504
 2.2502E-02,0.012021023856678229
 2.2543E-02,0.014532217442074672
 2.2585E-02,0.01692888330862019
 2.2627E-02,0.01910589773758015
 2.2668E-02,0.020968160775887444
 2.2710E-02,0.02243486848897562
 2.2752E-02,0.02344238142923528
 2.2793E-02,0.023946537405565762
 2.2835E-02,0.023924962754334138
 2.2877E-02,0.023378654569195967
 2.2919E-02,0.022331838094595394
 2.2960E-02,0.020830276610514013
 2.3002E-02,0.01893908609886416
 2.3044E-02,0.01674044462229541
 2.3085E-02,0.014330483253279375
 2.3127E-02,0.011814817431129915
 2.3169E-02,0.009303373162958506
 2.3210E-02,0.006905600665265892
 2.3252E-02,0.004726247112168774
 2.3294E-02,0.0028610153659448575
 2.3335E-02,0.0013919285016366755
 2.3377E-02,0.00038326137843707527
 2.3419E-02,-0.00012110476243202119
 2.3460E-02,-9.909596766241471e-05
 2.3502E-02,0.00044863875451709606
 2.3544E-02,0.0014982734854790114
 2.3585E-02,0.0030035703460950516
 2.3627E-02,0.004898255320785795
 2.3669E-02,0.007099385930830481
 2.3710E-02,0.009510899486236386
 2.3752E-02,0.012027362369961006
 2.3794E-02,0.014538476521281948
 2.3835E-02,0.016934312283528857
 2.3877E-02,0.01911041542726335
 2.3919E-02,0.020972106520723913
 2.3960E-02,0.022438173658304077
 2.4002E-02,0.023444431230785382
 2.4044E-02,0.02394691929935248
 2.4085E-02,0.0239239630775877
 2.4127E-02,0.023376773532549962
 2.4169E-02,0.022329080458960687
 2.4210E-02,0.02082628360953684
 2.4252E-02,0.018933879633720875
 2.4294E-02,0.01673464361187303
 2.4335E-02,0.014324674193955122
 2.4377E-02,0.011809032747299008
 2.4419E-02,0.009297437786124933
 2.4460E-02,0.0068997852523652
 2.4502E-02,0.004721225991014408
 2.4544E-02,0.0028571975209657225
 2.4585E-02,0.0013891646099478275
 2.4627E-02,0.000381338657953804
 2.4669E-02,-0.000121954333639052
 2.4710E-02,-9.84411890241585e-05
 2.4752E-02,0.00045081385158839615
 2.4794E-02,0.0015015130970007504
 2.4835E-02,0.0030075173954340886
 2.4877E-02,0.0049029836518625506
 2.4919E-02,0.007105014364422874
 2.4960E-02,0.0095170975833136
 2.5002E-02,0.012033503186073595
 2.5044E-02,0.014544203978543929
 2.5085E-02,0.01693967940186649
 2.5127E-02,0.019115416819568798
 2.5169E-02,0.020976338806102043
 2.5210E-02,0.02244114269744188
 2.5252E-02,0.02344604033246916
 2.5294E-02,0.02394741383482394
 2.5335E-02,0.023923439260071677
 2.5377E-02,0.02337500431859115
 2.5419E-02,0.022325910499842394
 2.5460E-02,0.020821982993642695
 2.5502E-02,0.018928923557990765
 2.5544E-02,0.016729256880389204
 2.5585E-02,0.014318817360938894
 2.5627E-02,0.011802822993814402
 2.5669E-02,0.009291346676731326
 2.5710E-02,0.006894308638351155
 2.5752E-02,0.004716518837432913
 2.5794E-02,0.002853203450842819
 2.5835E-02,0.0013860157881199768
 2.5877E-02,0.00037940708415642056
 2.5919E-02,-0.0001224309391353696
 2.5960E-02,-9.759565999147642e-05
 2.6002E-02,0.00045272290445509005
 2.6044E-02,0.0015044453428146604
 2.6085E-02,0.003011579608245699
 2.6127E-02,0.0049080678606441795
 2.6169E-02,0.007110703184090881
 2.6210E-02,0.009522981461354897
 2.6252E-02,0.012039437078321521
 2.6294E-02,0.014550137492220897
 2.6335E-02,0.016945343790476654
 2.6377E-02,0.019120357781176843
 2.6419E-02,0.020980251850083533
 2.6460E-02,0.02244401567157176
 2.6502E-02,0.023447909323722635
 2.6544E-02,0.023948120310429942
 2.6585E-02,0.023922759650367525
 2.6627E-02,0.023372951611666276
 2.6669E-02,0.02232275303528611
 2.6710E-02,0.020817959240677697
 2.6752E-02,0.018924083452812622
 2.6794E-02,0.016723654370786305
 2.6835E-02,0.01431274401024161
 2.6877E-02,0.011796718676012327
 2.6919E-02,0.009285515611079551
 2.6960E-02,0.006888854557582003
 2.7002E-02,0.004711572310537819
 2.7044E-02,0.002849076274434116
 2.7085E-02,0.0013830389199887393
 2.7127E-02,0.00037769036182451064
 2.7169E-02,-0.00012296748354876914
 2.7211E-02,-9.698244314949122e-05
 2.7252E-02,0.0004545837076282466
 2.7294E-02,0.0015075838453448979
 2.7336E-02,0.0030157905879533197
 2.7377E-02,0.004913026302594201
 2.7419E-02,0.007116190553010118
 2.7461E-02,0.009528893054918774
 2.7502E-02,0.0120455800799804
 2.7544E-02,0.01455614335583075
 2.7586E-02,0.01695083893996889
 2.7627E-02,0.019125146488903823
 2.7669E-02,0.020984253961548353
 2.7711E-02,0.02244707497895241
 2.7752E-02,0.023449776415289055
 2.7794E-02,0.023948641118046603
 2.7836E-02,0.023921989501437292
 2.7877E-02,0.023371031461092182
 2.7919E-02,0.022319741843731908
 2.7961E-02,0.020813872501173787
 2.8002E-02,0.01891906843276984
 2.8044E-02,0.01671802730914553
 2.8086E-02,0.014306826718928543
 2.8127E-02,0.011790711381734988
 2.8169E-02,0.009279579448625869
 2.8211E-02,0.006883257400409484
 2.8252E-02,0.0047066613476233685
 2.8294E-02,0.002845107286186881
 2.8336E-02,0.0013801062290814878
 2.8377E-02,0.0003758452275055221
 2.8419E-02,-0.00012360383969585833
 2.8461E-02,-9.628798558913358e-05
 2.8502E-02,0.00045658433237479306
 2.8544E-02,0.0015107144685292157
 2.8586E-02,0.003019866184487589
 2.8627E-02,0.004917931201918367
 2.8669E-02,0.007121786183737841
 2.8711E-02,0.00953490978996939
 2.8752E-02,0.012051669089275498
 2.8794E-02,0.014562021711831016
 2.8836E-02,0.01695632491798291
 2.8877E-02,0.019130052513045188
 2.8919E-02,0.020988317926629037
 2.8961E-02,0.022450046621085292
 2.9002E-02,0.02345153818951554
 2.9044E-02,0.02394919273937255
 2.9086E-02,0.023921331576363943
 2.9127E-02,0.023369130234101778
 2.9169E-02,0.022316626720989986
 2.9211E-02,0.020809714402743602
 2.9252E-02,0.018914117076752376
 2.9294E-02,0.016712497083578276
 2.9336E-02,0.014300891989246604
 2.9377E-02,0.01178460113107944
 2.9419E-02,0.009273611340686161
 2.9461E-02,0.0068777458423800696
 2.9502E-02,0.0047018239837351705
 2.9544E-02,0.0028410930941620066
 2.9586E-02,0.0013770840647064741
 2.9627E-02,0.00037400517056502126
 2.9669E-02,-0.00012414681106854436
 2.9711E-02,-9.554950243367553e-05
 2.9752E-02,0.00045851986431486697
 2.9794E-02,0.001513775600319432
 2.9836E-02,0.003023975513504307
 2.9877E-02,0.004922922684971142
 2.9919E-02,0.007127392837595781
 2.9961E-02,0.009540849584354886
 3.0002E-02,0.01205771166316327
 3.0044E-02,0.014567952436938583
 3.0086E-02,0.016961879719110624
 3.0127E-02,0.0191349385818984
 3.0169E-02,0.020992303108124548
 3.0211E-02,0.022452996930758546
 3.0252E-02,0.023453362316870816
 3.0294E-02,0.023949790332139547
 3.0336E-02,0.02392063060113153
 3.0377E-02,0.02336715966328482
 3.0419E-02,0.022313516237010746
 3.0461E-02,0.02080562185232483
 3.0502E-02,0.018909189014179338
 3.0544E-02,0.016706911796855635
 3.0586E-02,0.014294906768292797
 3.0627E-02,0.011778519363928984
 3.0669E-02,0.00926770573506661
 3.0711E-02,0.00687223735766428
 3.0752E-02,0.004696929329684428
 3.0794E-02,0.0028370512503574433
 3.0836E-02,0.0013741075289493432
 3.0877E-02,0.0003722174752384094
 3.0919E-02,-0.00012470484028728095
 3.0961E-02,-9.486453885230326e-05
 3.1002E-02,0.00046044887306248187
 3.1044E-02,0.0015168896809373454
 3.1086E-02,0.0030281202138905013
 3.1127E-02,0.004927883000700295
 3.1169E-02,0.007132952990040539
 3.1211E-02,0.00954679924066431
 3.1252E-02,0.01206380486196534
 3.1294E-02,0.014573897614876648
 3.1336E-02,0.016967391373683523
 3.1378E-02,0.01913978832760213
 3.1419E-02,0.020996310200646934
 3.1461E-02,0.022455989460992684
 3.1503E-02,0.023455181337799284
 3.1544E-02,0.023950340364828997
 3.1586E-02,0.02391990764066481
 3.1628E-02,0.023365220379320897
 3.1669E-02,0.02231043771912145
 3.1711E-02,0.020801510377228466
 3.1753E-02,0.01890421780338326
 3.1794E-02,0.016701321873495243
 3.1836E-02,0.014288959457255918
 3.1878E-02,0.01177245927463356
 3.1919E-02,0.009261773792228286
 3.1961E-02,0.006866696357700225
 3.2003E-02,0.00469204662739018
 3.2044E-02,0.0028330493127183684
 3.2086E-02,0.0013711418081442702
 3.2128E-02,0.00037040017836432863
 3.2169E-02,-0.00012528318983002248
 3.2211E-02,-9.41561461505663e-05
 3.2253E-02,0.00046241313980020256
 3.2294E-02,0.0015200020439929739
 3.2336E-02,0.003032233713348989
 3.2378E-02,0.004932833328007812
 3.2419E-02,0.007138541106212541
 3.2461E-02,0.009552773547296629
 3.2503E-02,0.012069883481469972
 3.2544E-02,0.014579811871106761
 3.2586E-02,0.016972901448640002
 3.2628E-02,0.019144665390448557
 3.2669E-02,0.021000329108823716
 3.2711E-02,0.022458957796803694
 3.2753E-02,0.023456973592179044
 3.2794E-02,0.023950896934636926
 3.2836E-02,0.02391920929816788
 3.2878E-02,0.02336328201591422
 3.2919E-02,0.022307331573602603
 3.2961E-02,0.020797381086430193
 3.3003E-02,0.018899261638075596
 3.3044E-02,0.01669575377165503
 3.3086E-02,0.014283006156568443
 3.3128E-02,0.01176637431299472
 3.3169E-02,0.009255835874704936
 3.3211E-02,0.0068611775806511
 3.3253E-02,0.0046871821242916705
 3.3294E-02,0.0028290371283283587
 3.3336E-02,0.0013681568698350717
 3.3378E-02,0.00036858748845876245
 3.3419E-02,-0.0001258365157479018
 3.3461E-02,-9.343589405106853e-05
 3.3503E-02,0.00046436320790038525
 3.3544E-02,0.0015231003528364826
 3.3586E-02,0.003036358099083601
 3.3628E-02,0.004937805734897705
 3.3669E-02,0.007144131775098707
 3.3711E-02,0.009558729463349087
 3.3753E-02,0.012075951778930756
 3.3794E-02,0.014585738992735572
 3.3836E-02,0.01697842664509074
 3.3878E-02,0.019149535288579593
 3.3919E-02,0.021004327290329087
 3.3961E-02,0.02246191988315515
 3.4003E-02,0.023458779062985935
 3.4044E-02,0.023951461559136654
 3.4086E-02,0.023918497539418465
 3.4128E-02,0.0233613250957041
 3.4169E-02,0.02230422545879974
 3.4211E-02,0.020793266016078983
 3.4253E-02,0.018894308974084853
 3.4294E-02,0.016690171038832354
 3.4336E-02,0.014277040812481726
 3.4378E-02,0.011760296986012386
 3.4419E-02,0.009249913355110885
 3.4461E-02,0.0068556597480227115
 3.4503E-02,0.004682305049877903
 3.4544E-02,0.0028250207451844343
 3.4586E-02,0.0013651854985787157
 3.4628E-02,0.0003667892481525241
 3.4669E-02,-0.00012639183015617634
 3.4711E-02,-9.27261556522903e-05
 3.4753E-02,0.0004663145942240617
 3.4794E-02,0.0015262136525791752
 3.4836E-02,0.003040492116946216
 3.4878E-02,0.004942771402491405
 3.4919E-02,0.007149712395001298
 3.4961E-02,0.009564688804600829
 3.5003E-02,0.012082032233650411
 3.5044E-02,0.014591668455653208
 3.5086E-02,0.01698394015924487
 3.5128E-02,0.01915439550089426
 3.5169E-02,0.021008329539476282
 3.5211E-02,0.02246488995489405
 3.5253E-02,0.023460580523709917
 3.5294E-02,0.023952012330300802
 3.5336E-02,0.023917778699518184
 3.5378E-02,0.02335937383982889
 3.5419E-02,0.022301124677716225
 3.5461E-02,0.020789144153018715
 3.5503E-02,0.018889344639483104
 3.5545E-02,0.01668458676865057
 3.5586E-02,0.014271084279046204
 3.5628E-02,0.011754224455576018
 3.5670E-02,0.009243984624131523
 3.5711E-02,0.006850135278145001
 3.5753E-02,0.004677432673187388
 3.5795E-02,0.0028210156575375796
 3.5836E-02,0.0013622182582481805
 3.5878E-02,0.00036498586769406
 3.5920E-02,-0.00012694939018105587
 3.5961E-02,-9.200811148496329e-05
 3.6003E-02,0.0004682765081475764
 3.6045E-02,0.0015293281211073081
 3.6086E-02,0.0030446203145784107
 3.6128E-02,0.004947736444163556
 3.6170E-02,0.007155300942877025
 3.6211E-02,0.009570654303232045
 3.6253E-02,0.01208810882542767
 3.6295E-02,0.014597590074685177
 3.6336E-02,0.01698945271071983
 3.6378E-02,0.01915926097921466
 3.6420E-02,0.021012332533581868
 3.6461E-02,0.02246785190762713
 3.6503E-02,0.02346237351171999
 3.6545E-02,0.023952562691421243
 3.6586E-02,0.023917063444946002
 3.6628E-02,0.0233574202805025
 3.6670E-02,0.02229801515496414
 3.6711E-02,0.0207850166050248
 3.6753E-02,0.018884382869642297
 3.6795E-02,0.016679006713661557
 3.6836E-02,0.01426512555793489
 3.6878E-02,0.011748145979657579
 3.6920E-02,0.009238055286280532
 3.6961E-02,0.0068446173012112945
 3.7003E-02,0.004672565874925113
 3.7045E-02,0.0028170096334743946
 3.7086E-02,0.0013592485459463736
 3.7128E-02,0.00036318612667424937
 3.7170E-02,-0.00012749855426922782
 3.7211E-02,-9.128515927349037e-05
 3.7253E-02,0.0004702370290656733
 3.7295E-02,0.0015324413483110656
 3.7336E-02,0.003048753038735281
 3.7378E-02,0.004952708037840033
 3.7420E-02,0.007160890707059648
 3.7461E-02,0.009576615702787766
 3.7503E-02,0.012094183080022027
 3.7545E-02,0.01460351443479871
 3.7586E-02,0.016994967807667884
 3.7628E-02,0.019164123134880993
 3.7670E-02,0.021016328835067905
 3.7711E-02,0.022470810590058905
 3.7753E-02,0.023464167590063336
 3.7795E-02,0.023953112529493715
 3.7836E-02,0.023916342493810794
 3.7878E-02,0.023355460140709498
 3.7920E-02,0.022294903839103028
 3.7961E-02,0.020780890767140327
 3.8003E-02,0.018879420380890036
 3.8045E-02,0.016673422089182835
 3.8086E-02,0.014259163604674632
 3.8128E-02,0.011742069526355947
 3.8170E-02,0.00923213009721259
 3.8211E-02,0.0068391003114687075
 3.8253E-02,0.004667697371946547
 3.8295E-02,0.0028130044760774657
 3.8336E-02,0.0013562842080301347
 3.8378E-02,0.0003613919489855457
 3.8420E-02,-0.00012804606439123923
 3.8461E-02,-9.056241230147264e-05
 3.8503E-02,0.0004722002434183121
 3.8545E-02,0.0015355602576725277
 3.8586E-02,0.0030528896828234137
 3.8628E-02,0.004957679270457389
 3.8670E-02,0.007166479087400587
 3.8711E-02,0.009582578569118302
 3.8753E-02,0.012100260253324892
 3.8795E-02,0.014609438703672338
 3.8836E-02,0.017000479039567674
 3.8878E-02,0.019168981657262087
 3.8920E-02,0.021020324461678494
 3.8961E-02,0.022473769090397912
 3.9003E-02,0.023465958321750396
 3.9045E-02,0.02395365668879064
 3.9086E-02,0.023915617660648418
 3.9128E-02,0.023353499261583074
 3.9170E-02,0.022291791757002848
 3.9211E-02,0.02077676151068997
 3.9253E-02,0.018874453807838452
 3.9295E-02,0.016667836335101736
 3.9336E-02,0.014253203375895385
 3.9378E-02,0.011735994170887304
 3.9420E-02,0.009226203862374823
 3.9461E-02,0.006833582783926585
 3.9503E-02,0.004662831530114929
 3.9545E-02,0.0028090038101948123
 3.9586E-02,0.0013533228148367652
 3.9628E-02,0.0003595987356209355
 3.9670E-02,-0.00012859170015233412
 3.9712E-02,-8.983527335726485e-05
 3.9753E-02,0.0004741681363815932
 3.9795E-02,0.001538681316809032
 3.9837E-02,0.003057026584091308
 3.9878E-02,0.004962651734189145
 3.9920E-02,0.007172070283745618
 3.9962E-02,0.00958854324586182
 4.0003E-02,0.012106336341567037
 4.0045E-02,0.014615360576454073
 4.0087E-02,0.017005989157946676
 4.0128E-02,0.019173840090010927
 4.0170E-02,0.02102431846647347
 4.0212E-02,0.022476723587035025
 4.0253E-02,0.023467744881109306
 4.0295E-02,0.02395419854089528
 4.0337E-02,0.02391489138288437
 4.0378E-02,0.023351535543347016
 4.0420E-02,0.02228867553390269
 4.0462E-02,0.02077262922670776
 4.0503E-02,0.018869486546203504
 4.0545E-02,0.016662250619795326
 4.0587E-02,0.01424724207723362
 4.0628E-02,0.011729917404348755
 4.0670E-02,0.009220278054503534
 4.0712E-02,0.006828067807361049
 4.0753E-02,0.0046579683416218005
 4.0795E-02,0.002805004578125267
 4.0837E-02,0.001350362850288188
 4.0878E-02,0.00035780866219564905
 4.0920E-02,-0.0001291330089397769
 4.0962E-02,-8.910471532257874e-05
 4.1003E-02,0.00047613785964229383
 4.1045E-02,0.0015418041324116328
 4.1087E-02,0.003061166367312255
 4.1128E-02,0.004967627141516898
 4.1170E-02,0.007177662671037064
 4.1212E-02,0.009594507410414697
 4.1253E-02,0.012112411911994567
 4.1295E-02,0.01462128264026482
 4.1337E-02,0.017011498870219872
 4.1378E-02,0.01917869625150349
 4.1420E-02,0.0210283090851002
 4.1462E-02,0.022479675290261677
 4.1503E-02,0.023469529476030045
 4.1545E-02,0.023954737891652467
 4.1587E-02,0.023914161382126257
 4.1628E-02,0.02334956807610418
 4.1670E-02,0.02228555695847477
 4.1712E-02,0.02076849568355788
 4.1753E-02,0.01886451775759521
 4.1795E-02,0.016656662894197927
 4.1837E-02,0.014241279607332957
 4.1878E-02,0.011723841215401
 4.1920E-02,0.00921435376201496
 4.1962E-02,0.00682255401706279
 4.2003E-02,0.004653106153479386
 4.2045E-02,0.0028010073756682703
 4.2087E-02,0.0013474062662362776
 4.2128E-02,0.0003560221456441865
 4.2170E-02,-0.0001296716304005179
 4.2212E-02,-8.837189031856725e-05
 4.2253E-02,0.00047811045982648533
 4.2295E-02,0.001544930295597094
 4.2337E-02,0.003065308720007727
 4.2378E-02,0.004972603716153099
 4.2420E-02,0.007183255600003243
 4.2462E-02,0.00960047236275062
 4.2503E-02,0.012118488113163654
 4.2545E-02,0.01462720411396376
 4.2587E-02,0.01701700666616276
 4.2628E-02,0.01918355019616871
 4.2670E-02,0.02103229785439633
 4.2712E-02,0.022482624945894265
 4.2753E-02,0.02347131104916305
 4.2795E-02,0.023955273588969005
 4.2837E-02,0.023913428188713913
 4.2878E-02,0.023347598250404833
 4.2920E-02,0.02228243616745852
 4.2962E-02,0.020764359562975718
 4.3003E-02,0.018859546630726507
 4.3045E-02,0.016651073990925337
 4.3087E-02,0.01423531709133671
 4.3128E-02,0.011717765283792304
 4.3170E-02,0.009208429701319508
 4.3212E-02,0.006817041072313999
 4.3253E-02,0.004648246000177169
 4.3295E-02,0.002797012968389596
 4.3337E-02,0.0013444523608187042
 4.3378E-02,0.00035423804666401097
 4.3420E-02,-0.00013020747978405973
 4.3462E-02,-8.763568701455254e-05
 4.3503E-02,0.0004800863776709119
 4.3545E-02,0.0015480589633224595
 4.3587E-02,0.0030694528689887593
 4.3628E-02,0.0049775819906034404
 4.3670E-02,0.007188850176507449
 4.3712E-02,0.009606438220967305
 4.3754E-02,0.012124564024133548
 4.3795E-02,0.014633124509391079
 4.3837E-02,0.017022513229685256
 4.3879E-02,0.019188402704130116
 4.3920E-02,0.02103628443088547
 4.3962E-02,0.022485571562841714
 4.4004E-02,0.023473089383854014
 4.4045E-02,0.023955806418366747
 4.4087E-02,0.023912692333678865
 4.4129E-02,0.02334562553601647
 4.4170E-02,0.022279312407350538
 4.4212E-02,0.020760221062415412
 4.4254E-02,0.018854574048637326
 4.4295E-02,0.016645484203019582
 4.4337E-02,0.01422935387408884
 4.4379E-02,0.011711689066908731
 4.4420E-02,0.009202506294662967
 4.4462E-02,0.006811529744122441
 4.4504E-02,0.0046433878898721
 4.4545E-02,0.0027930206724629467
 4.4587E-02,0.0013415008655896536
 4.4629E-02,0.0003524569630683019
 4.4670E-02,-0.0001307399603288876
 4.4712E-02,-8.689636812016993e-05
 4.4754E-02,0.0004820649157006693
 4.4795E-02,0.0015511900331177991
 4.4837E-02,0.003073599384204307
 4.4879E-02,0.004982562248686642
 4.4920E-02,0.007194445875458921
 4.4962E-02,0.009612404346241207
 4.5004E-02,0.012130639748570881
 4.5045E-02,0.014639044423528926
 4.5087E-02,0.0170280187134249
 4.5129E-02,0.019193253281339685
 4.5170E-02,0.02104026847983799
 4.5212E-02,0.02248851553193113
 4.5254E-02,0.023474865069157688
 4.5295E-02,0.02395633635339448
 4.5337E-02,0.023911953287272403
 4.5379E-02,0.023343649732393806
 4.5420E-02,0.022276186089637467
 4.5462E-02,0.020756080536898962
 4.5504E-02,0.018849599728627903
 4.5545E-02,0.016639892993706044
 4.5587E-02,0.014223389919679915
 4.5629E-02,0.011705613021301534
 4.5670E-02,0.009196583754435342
 4.5712E-02,0.006806019652662579
 4.5754E-02,0.004638531391658218
 4.5795E-02,0.0027890305973870596
 4.5837E-02,0.0013385521906293279
 4.5879E-02,0.0003506789254941289
 4.5920E-02,-0.00013126950360470687
 4.5962E-02,-8.615419975933553e-05
 4.6004E-02,0.0004840463593618454
 4.6045E-02,0.0015543239227581332
 4.6087E-02,0.00307774824383122
 4.6129E-02,0.0049875441603071495
 4.6170E-02,0.007200042666288043
 4.6212E-02,0.009618371154010775
 4.6254E-02,0.012136715609486887
 4.6295E-02,0.014644963671685572
 4.6337E-02,0.017033522739515344
 4.6379E-02,0.019198101907772665
 4.6420E-02,0.021044250302897603
 4.6462E-02,0.022491456937901874
 4.6504E-02,0.023476637767635183
 4.6545E-02,0.02395686307427084
 4.6587E-02,0.023911211167876794
 4.6629E-02,0.023341671178266066
 4.6670E-02,0.022273057265935182
 4.6712E-02,0.020751937717764308
 4.6754E-02,0.018844623548051477
 4.6795E-02,0.016634300627533016
 4.6837E-02,0.014217425532108316
 4.6879E-02,0.011699537086252928
 4.6920E-02,0.009190661801115172
 4.6962E-02,0.006800510766466749
 4.7004E-02,0.00463367680977407
 4.7045E-02,0.002785042975832295
 4.7087E-02,0.0013356062152734497
 4.7129E-02,0.00034890371274386156
 4.7170E-02,-0.00013179604731033506
 4.7212E-02,-8.540890674101236e-05
 4.7254E-02,0.0004860307841148924
 4.7295E-02,0.0015574603750141249
 4.7337E-02,0.003081899192904701
 4.7379E-02,0.0049925277642163925
 4.7420E-02,0.0072056407048803495
 4.7462E-02,0.009624338566430989
 4.7504E-02,0.012142791318632365
 4.7545E-02,0.01465088212367479
 4.7587E-02,0.01703902549832545
 4.7629E-02,0.01920294881527214
 4.7670E-02,0.021048229876582808
 4.7712E-02,0.02249439561936995
 4.7754E-02,0.02347840750835315
 4.7795E-02,0.02395738682694641
 4.7837E-02,0.023910466119220476
 4.7879E-02,0.02333968972915624
 4.7920E-02,0.022269925721515177
 4.7962E-02,0.02074779260748393
 4.8004E-02,0.01883964566161175
 4.8046E-02,0.016628707114442365
 4.8087E-02,0.014211460509070033
 4.8129E-02,0.011693461108112618
 4.8171E-02,0.009184740517623965
 4.8212E-02,0.00679500323524891
 4.8254E-02,0.004628824090619441
 4.8296E-02,0.002781057583403682
 4.8337E-02,0.001332662824360314
 4.8379E-02,0.00034713142824585813
 4.8421E-02,-0.000132319479424804
 4.8462E-02,-8.466056611875926e-05
 4.8504E-02,0.0004880180397051978
 4.8546E-02,0.001560599417855025
 4.8587E-02,0.0030860524469797264
 4.8629E-02,0.0049975132218727375
 4.8671E-02,0.007211239965750436
 4.8712E-02,0.00963030652680203
 4.8754E-02,0.012148866971747952
 4.8796E-02,0.01465679994649444
 4.8837E-02,0.017044527001259073
 4.8879E-02,0.019207793829586345
 4.8921E-02,0.021052207053506033
 4.8962E-02,0.022497331598167653
 4.9004E-02,0.023480174359149824
 4.9046E-02,0.023957907544667194
 4.9087E-02,0.02390971798746549
 4.9129E-02,0.0233377053508328
 4.9171E-02,0.022266791596701665
 4.9212E-02,0.020743645342623507
 4.9254E-02,0.018834666054510667
 4.9296E-02,0.016623112378814447
 4.9337E-02,0.014205494889501314
 4.9379E-02,0.011687385230478724
 4.9421E-02,0.009178819978581915
 4.9462E-02,0.006789496997653088
 4.9504E-02,0.004623973180230489
 4.9546E-02,0.0027770745098044856
 4.9587E-02,0.001329722174437521
 4.9629E-02,0.00034536211943324356
 4.9671E-02,-0.00013283988004669952
 4.9712E-02,-8.390923211425831e-05
 4.9754E-02,0.0004900081819195827
 4.9796E-02,0.0015637411036351604
 4.9837E-02,0.003090207917379471
 4.9879E-02,0.005002500350535839
 4.9921E-02,0.0072168403368690365
 4.9962E-02,0.009636275042443508
 5.0004E-02,0.01215494257863747
 5.0046E-02,0.014662717067615521
 5.0087E-02,0.017050027176911578
 5.0129E-02,0.01921263700330315
 5.0171E-02,0.0210561819805659
 5.0212E-02,0.022500264969835444
 5.0254E-02,0.023481938308692118
 5.0296E-02,0.023958425208421997
 5.0337E-02,0.023908966833115258
 5.0379E-02,0.023335718119203933
 5.0421E-02,0.02226365486470884
 5.0462E-02,0.02073949580374667
 5.0504E-02,0.01882968464341566
 5.0546E-02,0.016617516436935563
 5.0587E-02,0.014199528705311364
 5.0629E-02,0.011681309404969649
 5.0671E-02,0.009172900090174498
 5.0712E-02,0.006783992017791581
 5.0754E-02,0.004619124108712165
 5.0796E-02,0.0027730937514158097
 5.0837E-02,0.001326784175422186
 5.0879E-02,0.0003435956886369161
 5.0921E-02,-0.0001333572565972807
 5.0962E-02,-8.315484316636293e-05
 5.1004E-02,0.0004920012433367142
 5.1046E-02,0.0015668854146843193
 5.1087E-02,0.003094365622773465
 5.1129E-02,0.005007489264193201
 5.1171E-02,0.007222441962576473
 5.1212E-02,0.009642244184279563
 5.1254E-02,0.012161018130983694
 5.1296E-02,0.014668633479756263
 5.1337E-02,0.017055526052627543
 5.1379E-02,0.01921747833584061
 5.1421E-02,0.021060154574361147
 5.1462E-02,0.022503195615428906
 5.1504E-02,0.023483699293498198
 5.1546E-02,0.02395893982334999
 5.1587E-02,0.02390821266181748
 5.1629E-02,0.023333728004903045
 5.1671E-02,0.022260515513515575
 5.1712E-02,0.020735344051284698
 5.1754E-02,0.01882470152657179
 5.1796E-02,0.016611919342366395
 5.1837E-02,0.014193561948880065
 5.1879E-02,0.011675233629170854
 5.1921E-02,0.009166980903636702
 5.1962E-02,0.006778488365388351
 5.2004E-02,0.00461427690793418
 5.2046E-02,0.0027691153127906093
 5.2088E-02,0.001323848861303218
 5.2129E-02,0.00034183220840547975
 5.2171E-02,-0.00013387155794535944
 5.2213E-02,-8.23974154883919e-05
 5.2254E-02,0.0004939971698093393
 5.2296E-02,0.0015700323127314576
 5.2338E-02,0.00309852553613525
 5.2379E-02,0.005012479895476799
 5.2421E-02,0.0072280447241594515
 5.2463E-02,0.00964821384278654
 5.2504E-02,0.01216709358757322
 5.2546E-02,0.014674549197427212
 5.2588E-02,0.017061023646017113
 5.2629E-02,0.019222317836332343
 5.2671E-02,0.021064124874038758
 5.2713E-02,0.02250612362103243
 5.2754E-02,0.023485457401850592
 5.2796E-02,0.023959451426381187
 5.2838E-02,0.023907455463193908
 5.2879E-02,0.023331734994554015
 5.2921E-02,0.022257373540694084
 5.2963E-02,0.020731190061528647
 5.3004E-02,0.01881971664021658
 5.3046E-02,0.016606321026110656
 5.3088E-02,0.014187594591339399
 5.3129E-02,0.0116691579076303
 5.3171E-02,0.00916106240864912
 5.3213E-02,0.00677298599254917
 5.3254E-02,0.004609431521048512
 5.3296E-02,0.002765139160310048
 5.3338E-02,0.0013209162120165093
 5.3379E-02,0.00034007164382528253
 5.3421E-02,-0.00013438282891041112
 5.3463E-02,-8.1636965592551e-05
 5.3504E-02,0.0004959959933874088
 5.3546E-02,0.001573181855942999
 5.3588E-02,0.0031026877134434075
 5.3629E-02,0.005017472303932222
 5.3671E-02,0.007233648705843979
 5.3713E-02,0.009654184115541621
 5.3754E-02,0.0121731690137237
 5.3796E-02,0.014680464224951251
 5.3838E-02,0.01706651992044619
 5.3879E-02,0.019227155463534686
 5.3921E-02,0.021068092838955846
 5.3963E-02,0.02250904892672073
 5.4004E-02,0.023487212555792628
 5.4046E-02,0.023959959957480372
 5.4088E-02,0.023906695224950012
 5.4129E-02,0.02332973911247197
 5.4171E-02,0.022254228976176432
 5.4213E-02,0.020727033862107773
 5.4254E-02,0.018814730025919144
 5.4296E-02,0.01660072154638665
 5.4338E-02,0.014181626682198994
 5.4379E-02,0.011663082260666474
 5.4421E-02,0.00915514461203927
 5.4463E-02,0.006767484925994399
 5.4504E-02,0.004604588002466898
 5.4546E-02,0.002761165350851153
 5.4588E-02,0.0013179862644472587
 5.4629E-02,0.00033831401796267837
 5.4671E-02,-0.00013489104489294255
 5.4713E-02,-8.087347464072375e-05
 5.4754E-02,0.0004979977018587732
 5.4796E-02,0.0015763339911263818
 5.4838E-02,0.003106852078532378
 5.4879E-02,0.005022466411510609
 5.4921E-02,0.007239253829720887
 5.4963E-02,0.009660154921413993
 5.5004E-02,0.012179244341494162
 5.5046E-02,0.014686378536769015
 5.5088E-02,0.01707201490131315
 5.5129E-02,0.019231991270582567
 5.5171E-02,0.021072058523379403
 5.5213E-02,0.02251197158499824
 5.5254E-02,0.023488964814798584
 5.5296E-02,0.023960465473960434
 5.5338E-02,0.023905931975348734
 5.5379E-02,0.0233277403442992
 5.5421E-02,0.022251081779416627
 5.5463E-02,0.020722875411311337
 5.5504E-02,0.01880974164693099
 5.5546E-02,0.01659512086288651
 5.5588E-02,0.014175658178554958
 5.5629E-02,0.011657006657137594
 5.5671E-02,0.009149227499129373
 5.5713E-02,0.006761985149367507
 5.5754E-02,0.004599746313533914
 5.5796E-02,0.002757193827586794
 5.5838E-02,0.001315058968423548
 5.5879E-02,0.00033655930275768063
 5.5921E-02,-0.0001353962191493821
 5.5963E-02,-8.010695092351314e-05
 5.6004E-02,0.0005000023010796322
 5.6046E-02,0.0015794887570816682
 5.6088E-02,0.0031110187049773795
 5.6129E-02,0.005027462306452869
 5.6171E-02,0.0072448601781907596
 5.6213E-02,0.009666126330764808
 5.6254E-02,0.012185319626291016
 5.6296E-02,0.014692292159886728
 5.6338E-02,0.017077508573047614
 5.6380E-02,0.019236825204722224
 5.6421E-02,0.021076021860979535
 5.6463E-02,0.022514891534872378
 5.6505E-02,0.023490714125266137
 5.6546E-02,0.02396096792857519
 5.6588E-02,0.023905165685383773
 5.6630E-02,0.02332573869560541
 5.6671E-02,0.022247931989901746
 5.6713E-02,0.020718714762112796
 5.6755E-02,0.018804751550218216
 5.6796E-02,0.016589519014166883
 5.6838E-02,0.014169689117160092
 5.6880E-02,0.011650931131724114
 5.6921E-02,0.00914331109703528
 5.6963E-02,0.006756486686140133
 5.7005E-02,0.0045949064885068905
 5.7046E-02,0.0027532246420255745
 5.7088E-02,0.0013121343786865643
 5.7130E-02,0.0003348075355480223
 5.7171E-02,-0.00013589833739889264
 5.7213E-02,-7.933739450340004e-05
 5.7255E-02,0.0005020097794817014
 5.7296E-02,0.0015826461187205183
 5.7338E-02,0.0031151875237721673
 5.7380E-02,0.0050324598953352855
 5.7421E-02,0.007250467657263884
 5.7463E-02,0.009672098267473294
 5.7505E-02,0.012191394815784032
 5.7546E-02,0.01469820506918002
 5.7588E-02,0.017083000944551865
 5.7630E-02,0.019241657309938542
 5.7671E-02,0.021079982917465167
 5.7713E-02,0.022517808843523755
 5.7755E-02,0.02349246054318202
 5.7796E-02,0.023961467363409383
 5.7838E-02,0.023904396379863725
 5.7880E-02,0.023323734165207104
 5.7921E-02,0.022244779576420945
 5.7963E-02,0.02071455186397717
 5.8005E-02,0.018799759685247035
 5.8046E-02,0.01658391596130114
 5.8088E-02,0.01416371946852046
 5.8130E-02,0.011644855657708224
 5.8171E-02,0.00913739537958799
 5.8213E-02,0.006750989509599299
 5.8255E-02,0.004590068494345561
 5.8296E-02,0.0027492577495087777
 5.8338E-02,0.001309212445034618
 5.8380E-02,0.0003330586762218974
 5.8421E-02,-0.00013639741870718819
 5.8463E-02,-7.85648046349797e-05
 5.8505E-02,0.0005040201533158309
 5.8546E-02,0.0015858061118753629
 5.8588E-02,0.00311935859843474
 5.8630E-02,0.005037459266280539
 5.8671E-02,0.00725607636108291
 5.8713E-02,0.009678070809505395
 5.8755E-02,0.012197469959033156
 5.8796E-02,0.014704117282021902
 5.8838E-02,0.017088492001779677
 5.8880E-02,0.01924648754276919
 5.8921E-02,0.021083941628211117
 5.8963E-02,0.022520723440266524
 5.9005E-02,0.023494204007179186
 5.9046E-02,0.023961963735609465
 5.9088E-02,0.02390362403839287
 5.9130E-02,0.023321726758037988
 5.9171E-02,0.022241624569908653
 5.9213E-02,0.020710386767089126
 5.9255E-02,0.01879476610696096
 5.9296E-02,0.01657831175049274
 5.9338E-02,0.014157749266439822
 5.9380E-02,0.011638780261979925
 5.9421E-02,0.009131480373976332
 5.9463E-02,0.006745493651801205
 5.9505E-02,0.004585232370478615
 5.9546E-02,0.002745293197053136
 5.9588E-02,0.0013062932165188086
 5.9630E-02,0.0003313127650544038
 5.9671E-02,-0.00013689344097388075
 5.9713E-02,-7.778918023877444e-05
 5.9755E-02,0.0005060334035113656
 5.9796E-02,0.0015889686956588262
 5.9838E-02,0.0031235318627731894
 5.9880E-02,0.005042460330869844
 5.9921E-02,0.007261686193263598
 5.9963E-02,0.009684043872833548
 6.0005E-02,0.01220354500066351
 6.0046E-02,0.014710028778241738
 6.0088E-02,0.017093981758191747
 6.0130E-02,0.019251315944254256
 6.0171E-02,0.021087898053176478
 6.0213E-02,0.022523635392704043
 6.0255E-02,0.023495944579351745
 6.0296E-02,0.02396245708980505
 6.0338E-02,0.023902848680644857
 6.0380E-02,0.02331971646685148
 6.0421E-02,0.02223846693944767
 6.0463E-02,0.020706219424663132
 6.0505E-02,0.01878977076396861
 6.0547E-02,0.016572706336687174
 6.0588E-02,0.01415177847763496
 6.0630E-02,0.011632704920631832
 6.0672E-02,0.009125566057932482
 6.0713E-02,0.006739999084047845
 6.0755E-02,0.004580398077846432
 6.0797E-02,0.0027413309376557136
 6.0838E-02,0.0013033766462451847
 6.0880E-02,0.00032956976466719267
 6.0922E-02,-0.00013738642584424033
 6.0963E-02,-7.701052466305416e-05
 6.1005E-02,0.0005080495470756681
 6.1047E-02,0.0015921339108884666
 6.1088E-02,0.0031277073829862174
 6.1130E-02,0.005047463175262002
 6.1172E-02,0.007267297246437484
 6.1213E-02,0.009690017538959175
 6.1255E-02,0.01220961999525349
 6.1297E-02,0.01471593957652505
 6.1338E-02,0.017099470196585195
 6.1380E-02,0.019256142469100894
 6.1422E-02,0.021091852130224808
 6.1463E-02,0.022526544632918175
 6.1505E-02,0.023497682196834097
 6.1547E-02,0.02396294737946942
 6.1588E-02,0.023902070285988827
 6.1630E-02,0.023317703300569214
 6.1672E-02,0.02223530671904149
 6.1713E-02,0.02070204988566684
 6.1755E-02,0.01878477370891392
 6.1797E-02,0.016567099767330236
 6.1838E-02,0.014145807139716042
 6.1880E-02,0.011626629662026574
 6.1922E-02,0.009119652456475377
 6.1963E-02,0.006734505836734604
 6.2005E-02,0.004575565658115977
 6.2047E-02,0.0027373710218933627
 6.2088E-02,0.0013004627836498213
 6.2130E-02,0.00032782971274913084
 6.2172E-02,-0.00013787635240751332
 6.2213E-02,-7.62288347204371e-05
 6.2255E-02,0.0005100685669039345
 6.2297E-02,0.0015953017148627093
 6.2338E-02,0.0031318850889909804
 6.2380E-02,0.005052467709215032
 6.2422E-02,0.007272909425123387
 6.2463E-02,0.00969599172404107
 6.2505E-02,0.012215694884984335
 6.2547E-02,0.014721849654393951
 6.2588E-02,0.017104957331479757
 6.2630E-02,0.01926096716159606
 6.2672E-02,0.02109580392084062
 6.2713E-02,0.022529451227411693
 6.2755E-02,0.023499416921071423
 6.2797E-02,0.023963434651138555
 6.2838E-02,0.02390128887637378
 6.2880E-02,0.023315687251421892
 6.2922E-02,0.022232143875005383
 6.2963E-02,0.020697878101745067
 6.3005E-02,0.018779774891277582
 6.3047E-02,0.016561491998114415
 6.3088E-02,0.014139835217784233
 6.3130E-02,0.0116205544597454
 6.3172E-02,0.009113739546729293
 6.3213E-02,0.0067290138823180535
 6.3255E-02,0.004570735072169792
 6.3297E-02,0.002733413400297033
 6.3338E-02,0.0012975515793099955
 6.3380E-02,0.0003260925718287775
 6.3422E-02,-0.00013836324080879398
 6.3463E-02,-7.544411334038652e-05
 6.3505E-02,0.0005120904790511156
 6.3547E-02,0.0015984721485196674
 6.3588E-02,0.003136065049443954
 6.3630E-02,0.0050574740218193685
 6.3672E-02,0.007278522822937337
 6.3713E-02,0.009701966509012143
 6.3755E-02,0.012221769724642199
 6.3797E-02,0.014727759031980057
 6.3838E-02,0.017110443146377628
 6.3880E-02,0.01926578997505298
 6.3922E-02,0.021099753360850227
 6.3963E-02,0.022532355107766775
 6.4005E-02,0.023501148690071253
 6.4047E-02,0.023963918858607755
 6.4088E-02,0.023900504430473552
 6.4130E-02,0.023313668328338456
 6.4172E-02,0.02222897844339951
 6.4213E-02,0.020693704124700233
 6.4255E-02,0.018774774365125153
 6.4297E-02,0.016555883076351537
 6.4338E-02,0.014133862749654847
 6.4380E-02,0.01161447934367587
 6.4422E-02,0.009107827355365989
 6.4463E-02,0.006723523251670166
 6.4505E-02,0.004565906361657143
 6.4547E-02,0.002729458124512432
 6.4588E-02,0.0012946430847340156
 6.4630E-02,0.00032435838085913553
 6.4672E-02,-0.00013884707066567881
 6.4714E-02,-7.465635847785001e-05
 6.4755E-02,0.0005141152661093479
 6.4797E-02,0.0016016451693559109
 6.4839E-02,0.0031402471933474046
 6.4880E-02,0.0050624820204766725
 6.4922E-02,0.0072841373420937
 6.4964E-02,0.009707941808984296
 6.5005E-02,0.012227844456013269
 6.5047E-02,0.014733667685954334
 6.5089E-02,0.01711592765465361
 6.5130E-02,0.019270610953577093
 6.5172E-02,0.021103700512888002
 6.5214E-02,0.022535256341720603
 6.5255E-02,0.0235028775654308
 6.5297E-02,0.023964400047792628
 6.5339E-02,0.023899716969858053
 6.5380E-02,0.023311646523490055
 6.5422E-02,0.02222581038981484
 6.5464E-02,0.02068952790450126
 6.5505E-02,0.01876977207826686
 6.5547E-02,0.016550272957131858
 6.5589E-02,0.014127889700489955
 6.5630E-02,0.011608404286978062
 6.5672E-02,0.009101915858335214
 6.5714E-02,0.006718033916095349
 6.5755E-02,0.004561079486970099
 6.5797E-02,0.0027255051447387787
 6.5839E-02,0.0012917372496570436
 6.5880E-02,0.00032262710131314453
 6.5922E-02,-0.0001393278624616561
 6.5964E-02,-7.386557245473963e-05
 6.6005E-02,0.000516142944983921
 6.6047E-02,0.0016048208188426342
 6.6089E-02,0.00314443159013673
 6.6130E-02,0.005067491796006348
 6.6172E-02,0.007289753078516523
 6.6214E-02,0.009713917706648742
 6.6255E-02,0.012233919134478407
 6.6297E-02,0.014739575636360762
 6.6339E-02,0.017121410839762142
 6.6380E-02,0.01927543005033182
 6.6422E-02,0.021107645311936967
 6.6464E-02,0.02253815485941449
 6.6505E-02,0.02350460348397867
 6.6547E-02,0.023964878172215657
 6.6589E-02,0.023898926473486227
 6.6630E-02,0.023309621846027147
 6.6672E-02,0.022222639750552824
 6.6714E-02,0.020685349493699556
 6.6755E-02,0.018764768086066995
 6.6797E-02,0.01654466168889909
 6.6839E-02,0.014121916108551045
 6.6880E-02,0.011602329319673466
 6.6922E-02,0.009096005082891507
 6.6964E-02,0.006712545907640413
 6.7005E-02,0.004556254490936128
 6.7047E-02,0.002721554513433038
 6.7089E-02,0.0012888341262781613
 6.7130E-02,0.00032089877302021665
 6.7172E-02,-0.00013980559513493516
 6.7214E-02,-7.307175333786638e-05
 6.7255E-02,0.0005181734973091674
 6.7297E-02,0.001607999053201925
 6.7339E-02,0.003148618167592909
 6.7380E-02,0.005072503254434176
 6.7422E-02,0.007295369932697724
 6.7464E-02,0.009719894115460946
 6.7505E-02,0.012239993700987006
 6.7547E-02,0.014745482860036614
 6.7589E-02,0.01712689271565053
 6.7630E-02,0.01928024730990033
 6.7672E-02,0.02111158782114641
 6.7714E-02,0.022541050729467122
 6.7755E-02,0.02350632650836507
 6.7797E-02,0.023965353278273094
 6.7839E-02,0.02389813296246312
 6.7880E-02,0.023307594287060508
 6.7922E-02,0.022219466490093823
 6.7964E-02,0.020681168841164436
 6.8005E-02,0.018759762335109894
 6.8047E-02,0.016539049225426865
 6.8089E-02,0.014115941938057468
 6.8130E-02,0.011596254414501822
 6.8172E-02,0.009090095004561653
 6.8214E-02,0.006707059196684322
 6.8255E-02,0.004551431332519671
 6.8297E-02,0.002717606179429636
 6.8339E-02,0.0012859336634127444
 6.8380E-02,0.0003191733568588508
 6.8422E-02,-0.00014028028955681093
 6.8464E-02,-7.227490352203554e-05
 6.8505E-02,0.0005202069405020845
 6.8547E-02,0.0016111799150237513
 6.8589E-02,0.0031528069965264076
 6.8630E-02,0.0050775164880069975
 6.8672E-02,0.007300988002124682
 6.8714E-02,0.009725871119761687
 6.8755E-02,0.01224606821228736
 6.8797E-02,0.01475138937763315
 6.8839E-02,0.01713237326560607
 6.8881E-02,0.01928506268492962
 6.8922E-02,0.02111552797494854
 6.8964E-02,0.022543943881454233
 6.9006E-02,0.023508046574769827
 6.9047E-02,0.02396582531905209
 6.9089E-02,0.023897336416005846
 6.9131E-02,0.023305563856764095
 6.9172E-02,0.02221629064605463
 6.9214E-02,0.020676986000616855
 6.9256E-02,0.01875475488164113
 6.9297E-02,0.01653343561603988
 6.9339E-02,0.014109967228154247
 6.9381E-02,0.01159017960218087
 6.9422E-02,0.009084185651102465
 6.9464E-02,0.00670157381583993
 6.9506E-02,0.004546610055551561
 6.9547E-02,0.0027136601964285554
 6.9589E-02,0.0012830359142209917
 6.9631E-02,0.00031745089307043503
 6.9672E-02,-0.0001407519246087491
 6.9714E-02,-7.147502106362799e-05
 6.9756E-02,0.0005222432560113598
 6.9797E-02,0.0016143633597011328
 6.9839E-02,0.0031569980031809722
 6.9881E-02,0.005082531400943981
 6.9922E-02,0.007306607185625322
 6.9964E-02,0.009731848631640972
 7.0006E-02,0.012252142608215414
 7.0047E-02,0.014757295165373453
 7.0089E-02,0.017137852503810776
 7.0131E-02,0.01928987622095446
 7.0172E-02,0.021119465837691566
 7.0214E-02,0.02254683438497176
 7.0256E-02,0.023509763746559973
 7.0297E-02,0.023966294341560553
 7.0339E-02,0.023896536855519093
 7.0381E-02,0.023303530545938693
 7.0422E-02,0.02221311218199648
 7.0464E-02,0.020672800919842776
 7.0506E-02,0.018749745671426794
 7.0547E-02,0.01652782081390116
 7.0589E-02,0.014103991942404267
 7.0631E-02,0.01158410485465932
 7.0672E-02,0.009078276997311898
 7.0714E-02,0.0066960897348814505
 7.0756E-02,0.004541790618204364
 7.0797E-02,0.002709716512137
 7.0839E-02,0.001280140826338171
 7.0881E-02,0.0003157313417976315
 7.0922E-02,-0.0001412205213000526
 7.0964E-02,-7.067210815072842e-05
 7.1006E-02,0.0005242824616571236
 7.1047E-02,0.0016175494306932972
 7.1089E-02,0.0031611912599452804
 7.1131E-02,0.005087548087454205
 7.1172E-02,0.007312227582458581
 7.1214E-02,0.009737826736650195
 7.1256E-02,0.012258216946206471
 7.1297E-02,0.014763200244187364
 7.1339E-02,0.01714333041324409
 7.1381E-02,0.01929468786968867
 7.1422E-02,0.02112340134252098
 7.1464E-02,0.02254972216841234
 7.1506E-02,0.02351147795914538
 7.1547E-02,0.02396676029844887
 7.1589E-02,0.023895734260124795
 7.1631E-02,0.02330149436514691
 7.1672E-02,0.022209931136559797
 7.1714E-02,0.020668613653921836
 7.1756E-02,0.018744734761948535
 7.1797E-02,0.016522204869189077
 7.1839E-02,0.014098016120587292
 7.1881E-02,0.011578030203373293
 7.1922E-02,0.009072369071782691
 7.1964E-02,0.006690606987275577
 7.2006E-02,0.0045369730652560294
 7.2047E-02,0.0027057751813974887
 7.2089E-02,0.0012772484541349208
 7.2131E-02,0.00031401474416213127
 7.2172E-02,-0.00014168605823009427
 7.2214E-02,-6.986616309344628e-05
 7.2256E-02,0.0005263245383298076
 7.2297E-02,0.0016207380825193
 7.2339E-02,0.003165386691661117
 7.2381E-02,0.005092566449887343
 7.2422E-02,0.007317849089500639
 7.2464E-02,0.009743805345323122
 7.2506E-02,0.012264291165185907
 7.2547E-02,0.014769104589890347
 7.2589E-02,0.01714880700813435
 7.2631E-02,0.01929949767719846
 7.2672E-02,0.021127334554749067
 7.2714E-02,0.022552607302491447
 7.2756E-02,0.02351318927669426
 7.2797E-02,0.023967223236995898
 7.2839E-02,0.023894928651038254
 7.2881E-02,0.023299455304623778
 7.2922E-02,0.022206747472329497
 7.2964E-02,0.020664424149375894
 7.3006E-02,0.018739722097712644
 7.3048E-02,0.01651658773414506
 7.3089E-02,0.014092039725673005
 7.3131E-02,0.011571955619715248
 7.3173E-02,0.009066461848598037
 7.3214E-02,0.006685125541934177
 7.3256E-02,0.004532157353940018
 7.3298E-02,0.0027018361509231594
 7.3339E-02,0.0012743587442879175
 7.3381E-02,0.0003123010595976869
 7.3423E-02,-0.00014214855674985887
 7.3464E-02,-6.905718797508649e-05
 7.3506E-02,0.0005283695043434473
 7.3548E-02,0.0016239293595223597
 7.3589E-02,0.003169584372088148
 7.3631E-02,0.005097586584278101
 7.3673E-02,0.007323471807998254
 7.3714E-02,0.009749784544873949
 7.3756E-02,0.01227036532357265
 7.3798E-02,0.014775008223718081
 7.3839E-02,0.017154282271222066
 7.3881E-02,0.01930430559453886
 7.3923E-02,0.021131265406475613
 7.3964E-02,0.022555489714376077
 7.4006E-02,0.023514897633600224
 7.4048E-02,0.02396768310934011
 7.4089E-02,0.02389412000735392
 7.4131E-02,0.023297413375313155
 7.4173E-02,0.02220356122865099
 7.4214E-02,0.020660232462269813
 7.4256E-02,0.01873470773727562
 7.4298E-02,0.016510969459828016
 7.4339E-02,0.014086062798049602
 7.4381E-02,0.011565881135622439
 7.4423E-02,0.009060555356943268
 7.4464E-02,0.006679645433131191
 7.4506E-02,0.004527343529986846
 7.4548E-02,0.0026978994765687434
 7.4589E-02,0.0012714717521179286
 7.4631E-02,0.00031059032993750496
 7.4673E-02,-0.00014260799504513277
 7.4714E-02,-6.82451811327532e-05
 7.4756E-02,0.0005304173400496314
 7.4798E-02,0.0016271232151657006
 7.4839E-02,0.003173784224553407
 7.4881E-02,0.005102608391156784
 7.4923E-02,0.007329095632997506
 7.4964E-02,0.009755764244375461
 7.5006E-02,0.0122764393594777
 7.5048E-02,0.014780911121428176
 7.5089E-02,0.017159756217306747
 7.5131E-02,0.01930911166870306
 7.5173E-02,0.02113519396415394
 7.5214E-02,0.022558369475975924
 7.5256E-02,0.023516603095096355
 7.5298E-02,0.023968139963426126
 7.5339E-02,0.023893308350364593
 7.5381E-02,0.023295368566911175
 7.5423E-02,0.022200372367196887
 7.5464E-02,0.02065603853800858
 7.5506E-02,0.018729691624007536
 7.5548E-02,0.01650534999748081
 7.5589E-02,0.014080085299908843
 7.5631E-02,0.011559806721902294
 7.5673E-02,0.009054649570343876
 7.5714E-02,0.006674166628974718
 7.5756E-02,0.004522531549537847
 7.5798E-02,0.002693965103819115
 7.5839E-02,0.0012685874232170925
 7.5881E-02,0.0003088825138680935
 7.5923E-02,-0.00014306439484400844
 7.5964E-02,-6.743014464281088e-05
 7.6006E-02,0.0005324680642689338
 7.6048E-02,0.0016303196948656599
 7.6089E-02,0.003177986324365775
 7.6131E-02,0.005107631968361315
 7.6173E-02,0.007334720667508467
 7.6214E-02,0.009761744532526102
 7.6256E-02,0.01228251333229932
 7.6298E-02,0.014786813304524749
 7.6339E-02,0.017165228828697397
 7.6381E-02,0.019313915849857182
 7.6423E-02,0.021139120158831404
 7.6464E-02,0.02256124651342912
 7.6506E-02,0.02351830559464208
 7.6548E-02,0.023968593750769495
 7.6589E-02,0.02389249365915392
 7.6631E-02,0.023293320891038725
 7.6673E-02,0.02219718092841473
 7.6714E-02,0.02065184243387576
 7.6756E-02,0.018724673817588314
 7.6798E-02,0.01649972939912666
 7.6839E-02,0.014074107272445565
 7.6881E-02,0.011553732411136613
 7.6923E-02,0.00904874451854828
 7.6964E-02,0.006668689164482747
 7.7006E-02,0.004517721459332009
 7.7048E-02,0.002690033089707217
 7.7089E-02,0.0012657058139331344
 7.7131E-02,0.00030717765389570294
 7.7173E-02,-0.0001435177340371521
 7.7215E-02,-6.661207685334485e-05
 7.7256E-02,0.0005345216569305081
 7.7298E-02,0.0016335187511113635
 7.7340E-02,0.0031821905933251335
 7.7381E-02,0.005112657214547534
 7.7423E-02,0.0073403468047152955
 7.7465E-02,0.009767725316822944
 7.7506E-02,0.012288587179105737
 7.7548E-02,0.014792714748414561
 7.7590E-02,0.017170700120527776
 7.7631E-02,0.01931871818590522
 7.7673E-02,0.02114304405812669
 7.7715E-02,0.022564120899820926
 7.7756E-02,0.02352000519849704
 7.7798E-02,0.02396904451999696
 7.7840E-02,0.02389167595517256
 7.7881E-02,0.02329127033698803
 7.7923E-02,0.022193986873108598
 7.7965E-02,0.02064764409419756
 7.8006E-02,0.018719654260313086
 7.8048E-02,0.016494107615131485
 7.8090E-02,0.014068128677173095
 7.8131E-02,0.011547658173567258
 7.8173E-02,0.00904284017451812
 7.8215E-02,0.006663213007011545
 7.8256E-02,0.004512913214585575
 7.8298E-02,0.0026861033786776613
 7.8340E-02,0.0012628268688700324
 7.8381E-02,0.0003054757079707
 7.8423E-02,-0.00014396803473986866
 7.8465E-02,-6.579097978541307e-05
 7.8506E-02,0.0005365781373865966
 7.8548E-02,0.0016367204303494214
 7.8590E-02,0.0031863971082721353
 7.8631E-02,0.005117684229444506
 7.8673E-02,0.007345974149531182
 7.8715E-02,0.009773706687513126
 7.8756E-02,0.012294660960174798
 7.8798E-02,0.014798615474718784
 7.8840E-02,0.017176170074638376
 7.8881E-02,0.019323518626061367
 7.8923E-02,0.02114696559185666
 7.8965E-02,0.02256699255996632
 7.9006E-02,0.023521701838946696
 7.9048E-02,0.023969492221911148
 7.9090E-02,0.023890855217366527
 7.9131E-02,0.0232892169167851
 7.9173E-02,0.02219079024256997
 7.9215E-02,0.020643443577346817
 7.9256E-02,0.018714633013044286
 7.9298E-02,0.016488484698518765
 7.9340E-02,0.014062149555986886
 7.9381E-02,0.01154158404225945
 7.9423E-02,0.009036936568500105
 7.9465E-02,0.006657738192349055
 7.9506E-02,0.004508106863092052
 7.9548E-02,0.0026821760289111587
 7.9590E-02,0.001259950645419717
 7.9631E-02,0.0003037767193625611
 7.9673E-02,-0.00014441527442880835
 7.9715E-02,-6.496685183973754e-05
 7.9756E-02,0.0005386374850013796
 7.9798E-02,0.0016399246839804284
 7.9840E-02,0.0031906057894509608
 7.9881E-02,0.005122712909862463
 7.9923E-02,0.007351602593270714
 7.9965E-02,0.009779688550500164
 8.0006E-02,0.012300734611578986
 8.0048E-02,0.014804515458654837
 8.0090E-02,0.01718163870662397
 8.0131E-02,0.01932831721912695
 8.0173E-02,0.021150884828753276
 8.0215E-02,0.022569861568146624
 8.0256E-02,0.023523395583391952
 8.0298E-02,0.023969936905850472
 8.0340E-02,0.02389003146724065
 8.0381E-02,0.023287160619103138
 8.0423E-02,0.022187590996568446
 8.0465E-02,0.02063924082651039
 8.0506E-02,0.018709610016948465
 8.0548E-02,0.01648286059862428
 8.0590E-02,0.014056169869601506
 8.0631E-02,0.011535509986943734
 8.0673E-02,0.009031033673031595
 8.0715E-02,0.006652264687174633
 8.0756E-02,0.004503302358956868
 8.0798E-02,0.0026782509835791965
 8.0840E-02,0.0012570770871617924
 8.0881E-02,0.00030208064539532196
 8.0923E-02,-0.0001448594755147858
 8.0965E-02,-6.41396950799914e-05
 8.1006E-02,0.0005406997195137547
 8.1048E-02,0.0016431315594822372
 8.1090E-02,0.0031948167153059547
 8.1131E-02,0.0051277433573972304
 8.1173E-02,0.007357232242683803
 8.1215E-02,0.009785670997663396
 8.1256E-02,0.012306808194771361
 8.1298E-02,0.014810414722223983
 8.1340E-02,0.017187105997853766
 8.1382E-02,0.01933311391329754
 8.1423E-02,0.0211548016974908
 8.1465E-02,0.02257272784807165
 8.1507E-02,0.023525086363012596
 8.1548E-02,0.023970378521761235
 8.1590E-02,0.023889204683511366
 8.1632E-02,0.023285101456526472
 8.1673E-02,0.02218438917745219
 8.1715E-02,0.020635035901122124
 8.1757E-02,0.0187045853337991
 8.1798E-02,0.016477235369357243
 8.1840E-02,0.014050189660737507
 8.1882E-02,0.011529436041288229
 8.1923E-02,0.009025131518783036
 8.1965E-02,0.006646792527856648
 8.2007E-02,0.004498499751012332
 8.2048E-02,0.0026743283021513956
 8.2090E-02,0.0012542062525126609
 8.2132E-02,0.00030038752991007084
 8.2173E-02,-0.00014530061523695855
 8.2215E-02,-6.330950782949357e-05
 8.2257E-02,0.0005427648199702391
 8.2298E-02,0.001646341007218892
 8.2340E-02,0.003199029804400462
 8.2382E-02,0.005132775466919112
 8.2423E-02,0.007362862987290608
 8.2465E-02,0.009791653933384936
 8.2507E-02,0.012312881644730544
 8.2548E-02,0.014816313240292193
 8.2590E-02,0.017192571964488135
 8.2632E-02,0.01933790875858965
 8.2673E-02,0.021158716268121013
 8.2715E-02,0.02257559147519811
 8.2757E-02,0.0235267742463098
 8.2798E-02,0.023970817119923393
 8.2840E-02,0.023888374888057513
 8.2882E-02,0.023283039417277218
 8.2923E-02,0.02218118474391956
 8.2965E-02,0.020630828743249435
 8.3007E-02,0.018699558903866428
 8.3048E-02,0.016471608959248187
 8.3090E-02,0.014044208889294718
 8.3132E-02,0.011523362174315778
 8.3173E-02,0.00901923007777028
 8.3215E-02,0.006641321680512929
 8.3257E-02,0.00449369899239492
 8.3298E-02,0.0026704079264781
 8.3340E-02,0.0012513380838583
 8.3382E-02,0.00029869732954447526
 8.3423E-02,-0.00014573871622094797
 8.3465E-02,-6.247629213356383e-05
 8.3507E-02,0.0005448328064517506
 8.3548E-02,0.0016495530756611087
 8.3590E-02,0.0032032451368782877
 8.3632E-02,0.005137809342065322
 8.3673E-02,0.007368494935681343
 8.3715E-02,0.009797637450968892
 8.3757E-02,0.012318955023890573
 8.3798E-02,0.01482221103526262
 8.3840E-02,0.017198036587495358
 8.3882E-02,0.019342701702053957
 8.3923E-02,0.02116262846786623
 8.3965E-02,0.022578452371929025
 8.4007E-02,0.023528459163467477
 8.4048E-02,0.023971252649544708
 8.4090E-02,0.023887542059308285
 8.4132E-02,0.023280974514342
 8.4173E-02,0.022177977739395116
 8.4215E-02,0.020626619413642053
 8.4257E-02,0.018694530789995
 8.4298E-02,0.016465981422958385
 8.4340E-02,0.014038227598678411
 8.4382E-02,0.011517288420424276
 8.4423E-02,0.009013329381375985
 8.4465E-02,0.006635852182163925
 8.4507E-02,0.004488900132790164
 8.4548E-02,0.0026664899172289375
 8.4590E-02,0.0012484726408846102
 8.4632E-02,0.00029701008895481596
 8.4673E-02,-0.00014617375550819597
 8.4715E-02,-6.16400464965434e-05
 8.4757E-02,0.00054690365760617
 8.4798E-02,0.00165276771431354
 8.4840E-02,0.003207462629695592
 8.4882E-02,0.0051428448755755475
 8.4923E-02,0.007374127975313425
 8.4965E-02,0.009803621453281425
 8.5007E-02,0.012325028266311306
 8.5048E-02,0.014828108081585974
 8.5090E-02,0.017203499883284762
 8.5132E-02,0.019347492794701493
 8.5173E-02,0.021166538368300358
 8.5215E-02,0.02258131061522835
 8.5257E-02,0.023530141184000132
 8.5298E-02,0.02397168516148606
 8.5340E-02,0.023886706219365488
 8.5382E-02,0.02327890673569078
 8.5423E-02,0.022174768121712613
 8.5465E-02,0.0206224078530506
 8.5507E-02,0.018689500931255713
 8.5549E-02,0.016460352708259105
 8.5590E-02,0.014032245748250727
 8.5632E-02,0.011511214748025383
 8.5674E-02,0.009007429400809178
 8.5715E-02,0.0066303839980927995
 8.5757E-02,0.004484103124490031
 8.5799E-02,0.002662574215252684
 8.5840E-02,0.001245609864845287
 8.5882E-02,0.0002953257638940672
 8.5924E-02,-0.00014660575605736934
 8.5965E-02,-6.0800772746352e-05
 8.6007E-02,0.0005489773940618986
 8.6049E-02,0.001655984972558693
 8.6090E-02,0.0032116823645203883
 8.6132E-02,0.005147882173155961
 8.6174E-02,0.0073797622169656674
 8.6215E-02,0.009809606035295789
 8.6257E-02,0.012331101435312164
 8.6299E-02,0.014834004401866321
 8.6340E-02,0.01720896183240095
 8.6382E-02,0.019352281982583795
 8.6424E-02,0.0211704458951826
 8.6465E-02,0.022584166125920437
 8.6507E-02,0.02353182023690382
 8.6549E-02,0.023972114604299245
 8.6590E-02,0.02388586734646496
 8.6632E-02,0.023276836094578365
 8.6674E-02,0.02217155593505294
 8.6715E-02,0.020618194123410857
 8.6757E-02,0.018684469391733318
 8.6799E-02,0.016454722870736974
 8.6840E-02,0.014026263382018588
 8.6882E-02,0.011505141192029575
 8.6924E-02,0.009001530168141751
 8.6965E-02,0.006624917166227869
 8.7007E-02,0.004479308018176283
 8.7049E-02,0.0026586608822386946
 8.7090E-02,0.0012427498164621774
 8.7132E-02,0.00029364439987709
 8.7174E-02,-0.0001470346944564711
 8.7215E-02,-5.995846950563311e-05
 8.7257E-02,0.0005510539938163497
 8.7299E-02,0.0016592047988074974
 8.7340E-02,0.003215904256746763
 8.7382E-02,0.00515292112556904
 8.7424E-02,0.007385397545974356
 8.7465E-02,0.009815591098121553
 8.7507E-02,0.012337174463980818
 8.7549E-02,0.014839899970444598
 8.7590E-02,0.017214422451809056
 8.7632E-02,0.01935706931773332
 8.7674E-02,0.021174351121434374
 8.7715E-02,0.022587018982452235
 8.7757E-02,0.023533496392974085
 8.7799E-02,0.023972541029590646
 8.7840E-02,0.0238850254628283
 8.7882E-02,0.02327476257853005
 8.7924E-02,0.02216834113639818
 8.7965E-02,0.02061397816435639
 8.8007E-02,0.01867943610928394
 8.8049E-02,0.016449091857110854
 8.8090E-02,0.014020280458619945
 8.8132E-02,0.011499067720317212
 8.8174E-02,0.008995631654009503
 8.8215E-02,0.006619451651004676
 8.8257E-02,0.004474514765058335
 8.8299E-02,0.002654749857909273
 8.8340E-02,0.001239892435936975
 8.8382E-02,0.00029196595186781237
 8.8424E-02,-0.00014746059409293438
 8.8465E-02,-5.911313857312131e-05
 8.8507E-02,0.0005531334780922725
 8.8549E-02,0.0016624272435564636
 8.8590E-02,0.0032201283896607213
 8.8632E-02,0.005157961840528694
 8.8674E-02,0.007391034075218069
 8.8715E-02,0.009821576738520162
 8.8757E-02,0.0123432474166704
 8.8799E-02,0.014845794810097769
 8.8840E-02,0.017219881721530834
 8.8882E-02,0.019361854745174486
 8.8924E-02,0.021178253971470065
 8.8965E-02,0.0225898691041893
 8.9007E-02,0.023535169579926022
 8.9049E-02,0.023972964385149443
 8.9090E-02,0.02388418054658061
 8.9132E-02,0.023272686201268652
 8.9174E-02,0.022165123770795443
 8.9215E-02,0.020609760038919456
 8.9257E-02,0.01867440114916952
 8.9299E-02,0.016443459724009783
 8.9340E-02,0.01401429702280206
 8.9382E-02,0.011492994368367485
 8.9424E-02,0.008989733891056685
 8.9465E-02,0.006613987491149642
 8.9507E-02,0.004469723416872705
 8.9549E-02,0.0026508412050880448
 8.9590E-02,0.0012370377850240513
 8.9632E-02,0.0002902904661145775
 8.9674E-02,-0.00014788343117695397
 8.9716E-02,-5.82647785805976e-05
 8.9757E-02,0.0005552158243520574
 8.9799E-02,0.0016656522541094493
 8.9841E-02,0.003224354676976062
 8.9882E-02,0.005163004206733603
 8.9924E-02,0.007396671687928564
 8.9966E-02,0.009827562855866959
 9.0007E-02,0.012349320225486073
 9.0049E-02,0.014851688895010855
 9.0091E-02,0.017225339659124303
 9.0132E-02,0.019366638318075363
 9.0174E-02,0.021182154519633793
 9.0216E-02,0.022592716571071255
 9.0257E-02,0.023536839869841304
 9.0299E-02,0.023973384723403008
 9.0341E-02,0.023883332620150657
 9.0382E-02,0.023270606949914435
 9.0424E-02,0.022161903794347352
 9.0466E-02,0.02060553968559987
 9.0507E-02,0.018669364448091898
 9.0549E-02,0.01643782641716452
 9.0591E-02,0.01400831303245416
 9.0632E-02,0.011486921103438859
 9.0674E-02,0.008983836849305331
 9.0716E-02,0.006608524650345297
 9.0757E-02,0.004464933923829846
 9.0799E-02,0.0026469348623412584
 9.0841E-02,0.0012341858028456988
 9.0882E-02,0.000288617896819001
 9.0924E-02,-0.0001483032294335651
 9.0966E-02,-5.7413391279003095e-05
 9.1007E-02,0.0005573010543386939
 9.1049E-02,0.001668879882083538
 9.1091E-02,0.0032285832037069317
 9.1132E-02,0.005168048334002712
 9.1174E-02,0.007402310499049762
 9.1216E-02,0.009833549548559674
 9.1257E-02,0.012355392955741486
 9.1299E-02,0.014857582248127823
 9.1341E-02,0.017230796243993977
 9.1382E-02,0.019371419980287755
 9.1424E-02,0.021186052688891004
 9.1466E-02,0.022595561301002248
 9.1507E-02,0.023538507189191843
 9.1549E-02,0.02397380199130385
 9.1591E-02,0.023882481661431348
 9.1632E-02,0.023268524838621053
 9.1674E-02,0.02215868125308204
 9.1716E-02,0.020601317168669406
 9.1757E-02,0.0186643260725071
 9.1799E-02,0.01643219199418465
 9.1841E-02,0.01400232853307868
 9.1882E-02,0.011480847961642457
 9.1924E-02,0.008977940562034749
 9.1966E-02,0.006603063168057616
 9.2007E-02,0.004460146338612431
 9.2049E-02,0.002643030893634519
 9.2091E-02,0.0012313365522836788
 9.2132E-02,0.00028694829106454495
 9.2174E-02,-0.0001487199647469684
 9.2216E-02,-5.6558975427363796e-05
 9.2257E-02,0.0005593891449508061
 9.2299E-02,0.001672110073688326
 9.2341E-02,0.003232813881891003
 9.2382E-02,0.005173094108907478
 9.2424E-02,0.007407950389684229
 9.2466E-02,0.009839536714290362
 9.2507E-02,0.012361465538545922
 9.2549E-02,0.014863474843447914
 9.2591E-02,0.017236251494251155
 9.2632E-02,0.019376199786052303
 9.2674E-02,0.021189948555002183
 9.2716E-02,0.02259840337539871
 9.2757E-02,0.023540171611325704
 9.2799E-02,0.023974216242097144
 9.2841E-02,0.023881627693020106
 9.2882E-02,0.023266439854057942
 9.2924E-02,0.02215545610216982
 9.2966E-02,0.02059709242540818
 9.3007E-02,0.018659285957854405
 9.3049E-02,0.016426556399737613
 9.3091E-02,0.01399634348181623
 9.3132E-02,0.011474774909717484
 9.3174E-02,0.00897204499869604
 9.3216E-02,0.006597603007158814
 9.3257E-02,0.004455360610410977
 9.3299E-02,0.002639129236421967
 9.3341E-02,0.0012284899714310306
 9.3382E-02,0.00028528160223166685
 9.3424E-02,-0.00014913366126952094
 9.3466E-02,-5.5701532689810096e-05
 9.3507E-02,0.0005614801185506589
 9.3549E-02,0.0016753428817012463
 9.3591E-02,0.0032370467981853437
 9.3632E-02,0.005178141643309682
 9.3674E-02,0.00741359147693757
 9.3716E-02,0.009845524453248197
 9.3757E-02,0.012367538040258894
 9.3799E-02,0.014869366704036827
 9.3841E-02,0.017241705388686884
 9.3883E-02,0.019380977678169237
 9.3924E-02,0.02119384203957132
 9.3966E-02,0.02260124271066277
 9.4008E-02,0.02354183306134049
 9.4049E-02,0.023974627421865225
 9.4091E-02,0.023880770692663932
 9.4133E-02,0.02326435201085178
 9.4174E-02,0.0221522283885099
 9.4216E-02,0.020592865521210427
 9.4258E-02,0.018654244171843366
 9.4299E-02,0.016420919692568828
 9.4341E-02,0.013990357924966949
 9.4383E-02,0.01146870198424472
 9.4424E-02,0.008966150193039079
 9.4466E-02,0.006592144207921837
 9.4508E-02,0.004450576793054288
 9.4549E-02,0.0026352299558744267
 9.4591E-02,0.0012256461241480574
 9.4633E-02,0.0002836178781199563
 9.4674E-02,-0.00014954429442283842
 9.4716E-02,-5.484106180319135e-05
 9.4758E-02,0.0005635739514522835
 9.4799E-02,0.0016785782510645307
 9.4841E-02,0.003241281862868958
 9.4883E-02,0.005183190821782381
 9.4924E-02,0.007419233639874298
 9.4966E-02,0.009851512661378781
 9.5008E-02,0.012373610390887113
 9.5049E-02,0.014875257803724621
 9.5091E-02,0.017247157946070648
 9.5133E-02,0.019385753712038992
 9.5174E-02,0.02119773321973685
 9.5216E-02,0.022604079389668682
 9.5258E-02,0.023543491613953284
 9.5299E-02,0.02397503558479101
 9.5341E-02,0.02387991068319208
 9.5383E-02,0.023262261295163816
 9.5424E-02,0.022148998066281265
 9.5466E-02,0.02058863639218635
 9.5508E-02,0.01864920064873192
 9.5549E-02,0.01641528181627581
 9.5591E-02,0.013984371818831349
 9.5633E-02,0.01146262915138361
 9.5674E-02,0.008960256114036884
 9.5716E-02,0.006586686732499585
 9.5758E-02,0.004445794834593146
 9.5799E-02,0.002631332988116775
 9.5841E-02,0.0012228049474278934
 9.5883E-02,0.0002819570714403893
 9.5924E-02,-0.00014995188871326883
 9.5966E-02,-5.397756446821382e-05
 9.6008E-02,0.0005656706664947271
 9.6049E-02,0.0016818162357699785
 9.6091E-02,0.003245519164457882
 9.6133E-02,0.005188241758284191
 9.6174E-02,0.007424876997577505
 9.6216E-02,0.009857501440535934
 9.6258E-02,0.012379682657934977
 9.6299E-02,0.014881148165912924
 9.6341E-02,0.01725260914461395
 9.6383E-02,0.01939052782921739
 9.6424E-02,0.02120162201565752
 9.6466E-02,0.0226069133274153
 9.6508E-02,0.02354514719301092
 9.6549E-02,0.023975440676018867
 9.6591E-02,0.023879047642019674
 9.6633E-02,0.023260167722128692
 9.6674E-02,0.022145765183501948
 9.6716E-02,0.02058440510501879
 9.6758E-02,0.01864415545735635
 9.6799E-02,0.016409642830551185
 9.6841E-02,0.013978385210540664
 9.6883E-02,0.01145655644839786
 9.6924E-02,0.00895436279597837
 9.6966E-02,0.006581230621831255
 9.7008E-02,0.004441014789892736
 9.7049E-02,0.0026274383996614473
 9.7091E-02,0.001219966506330727
 9.7133E-02,0.00028029923068170585
 9.7174E-02,-0.0001503564193114014
 9.7216E-02,-5.3111039451808994e-05
 9.7258E-02,0.0005677702395606874
 9.7299E-02,0.0016850567796397142
 9.7341E-02,0.0032497586113608527
 9.7383E-02,0.0051932943351707525
 9.7424E-02,0.007430521427049362
 9.7466E-02,0.009863490684993918
 9.7508E-02,0.012385754770290157
 9.7549E-02,0.014887037764051484
 9.7591E-02,0.017258059003617196
 9.7633E-02,0.019395300086373253
 9.7674E-02,0.021205508505997832
 9.7716E-02,0.022609744608229225
 9.7758E-02,0.023546799874451213
 9.7799E-02,0.023975842750635325
 9.7841E-02,0.023878181592339297
 9.7883E-02,0.023258071277462405
 9.7924E-02,0.022142529693251724
 9.7966E-02,0.020580171594493966
 9.8008E-02,0.018639108530849706
 9.8050E-02,0.016404002678125047
 9.8091E-02,0.013972398055637804
 9.8133E-02,0.01145048384075503
 9.8175E-02,0.008948470207214487
 9.8216E-02,0.006575775837354594
 9.8258E-02,0.0044362366060266036
 9.8300E-02,0.002623546125362912
 9.8341E-02,0.00121713073662413
 9.8383E-02,0.00027864430775800266
 9.8425E-02,-0.00015075791099872796
 9.8466E-02,-5.22414883429859e-05
 9.8508E-02,0.0005698726939870924
 9.8550E-02,0.0016882999377534984
 9.8591E-02,0.003254000293895557
 9.8633E-02,0.005198348668656583
 9.8675E-02,0.007436167049563998
 9.8716E-02,0.009869480498338997
 9.8758E-02,0.012391826796474211
 9.8800E-02,0.014892926621809712
 9.8841E-02,0.017263507500786382
 9.8883E-02,0.01940007042385978
 9.8925E-02,0.021209392609340644
 9.8966E-02,0.022612573145526997
 9.9008E-02,0.02354844958083148
 9.9050E-02,0.023976241752962493
 9.9091E-02,0.02387731251130108
 9.9133E-02,0.023255971976703437
 9.9175E-02,0.02213929164455697
 9.9216E-02,0.020575935928617648
 9.9258E-02,0.018634059939267825
 9.9300E-02,0.016398361419596226
 9.9341E-02,0.013966410401919363
 9.9383E-02,0.011444411366336855
 9.9425E-02,0.008942578382754529
 9.9466E-02,0.006570322420864879
 9.9508E-02,0.004431460338892454
 9.9550E-02,0.0026196562329259625
 9.9591E-02,0.0012142977045390953
 9.9633E-02,0.0002769923520497276
 9.9675E-02,-0.00015115633856631154
 9.9716E-02,-5.136891006022538e-05
 9.9758E-02,0.000571978005037381
 9.9800E-02,0.00169154565279988
 9.9841E-02,0.0032582441187457498
 9.9883E-02,0.005203404638886737
 9.9925E-02,0.0074418137398407
 0.1000,0.009875470772997686
 0.1000,0.012397898664368467
 0.1000,0.014898814712484647
 0.1001,0.017268954655965618
 0.1001,0.019404838899480543
 0.1002,0.021213274405892154
 0.1002,0.022615399025265746
 0.1003,0.023550096389471156
 0.1003,0.023976637738923078
 0.1003,0.023876440422258588
 0.1004,0.02325386980512181
 0.1004,0.02213605098953808
 0.1005,0.020571698040908575
 0.1005,0.01862900961448933
 0.1005,0.01639271899666468
 0.1006,0.013960422204200004
 0.1006,0.01143833899004556
 0.1007,0.008936687290272239
 0.1007,0.006564870332901925
 0.1008,0.004426685934397582
 0.1008,0.002615768655932894
 0.1008,0.0012114673447299036
 0.1009,0.0002753433146640813
 0.1009,-0.00015155172721490736
 0.1010,-5.049330614982499e-05
 0.1010,0.0005740861966428558
 0.1010,0.0016947939810923322
 0.1011,0.003262490178022813
 0.1011,0.005208462364240144
 0.1012,0.007447461621365071
 0.1012,0.009881461614429387
 0.1013,0.012403970443651845
 0.1013,0.014904702059945978
 0.1013,0.017274400446205207
 0.1014,0.01940960545236168
 0.1014,0.021217153812712615
 0.1015,0.022618222159341478
 0.1015,0.023551740221553014
 0.1015,0.0239770306518712
 0.1016,0.023875565302150896
 0.1016,0.023251764778767753
 0.1017,0.0221328077782666
 0.1017,0.020567458000602296
 0.1018,0.018623957627715505
 0.1018,0.016387075470977338
 0.1018,0.013954433511165319
 0.1019,0.011432266750426509
 0.1019,0.00893079696534863
 0.1020,0.0065594196160086654
 0.1020,0.0044219134496040514
 0.1020,0.002611883463518302
 0.1021,0.0012086397246130805
 0.1021,0.0002736972456642509
 0.1022,-0.0001519440514428072
 0.1022,-4.96146755131121e-05
 0.1023,0.0005761972436162726
 0.1023,0.001698044864072979
 0.1023,0.0032667383764582556
 0.1024,0.00521352172259736
 0.1024,0.007453110566722185
 0.1025,0.009887452913304607
 0.1025,0.012410042060978095
 0.1025,0.014910588637146905
 0.1026,0.017279844892010128
 0.1026,0.01941437014167364
 0.1027,0.021221030911638596
 0.1027,0.02262104263517974
 0.1028,0.02355338115568314
 0.1028,0.023977420548727018
 0.1028,0.023874687174665093
 0.1029,0.023249656882433797
 0.1029,0.022129561961730687
 0.1030,0.020563215739919722
 0.1030,0.018618903909717113
 0.1030,0.01638143078326902
 0.1031,0.013948444276728098
 0.1031,0.011426194611599036
 0.1032,0.00892490737503239
 0.1032,0.0065539702300553195
 0.1033,0.0044171428293760875
 0.1033,0.0026080005878415507
 0.1033,0.0012058147775398037
 0.1034,0.0002720540954016371
 0.1034,-0.0001523333366528658
 0.1035,-4.873301959892022e-05
 0.1035,0.0005783111703178379
 0.1035,0.001701298359189917
 0.1036,0.0032709888081272104
 0.1036,0.0052185828347508754
 0.1037,0.007458760701660232
 0.1037,0.009893444776803026
 0.1038,0.012416113587136412
 0.1038,0.014916474468313803
 0.1038,0.017285287969875954
 0.1039,0.01941913290520291
 0.1039,0.02122490561801059
 0.1040,0.02262386036309849
 0.1040,0.023555019111793078
 0.1040,0.023977807371987795
 0.1041,0.02387380601640921
 0.1041,0.02324754613255492
 0.1042,0.02212631359107878
 0.1042,0.02055897132947944
 0.1043,0.01861384853295441
 0.1043,0.01637578499616991
 0.1043,0.013942454550377069
 0.1044,0.011420122612875764
 0.1044,0.008919018555641842
 0.1045,0.006548522218351402
 0.1045,0.004412374131758221
 0.1046,0.0026041200992983106
 0.1046,0.0012029925722293357
 0.1046,0.00027041391484438834
 0.1047,-0.00015271955706635306
 0.1047,-4.784833751639593e-05
 0.1048,0.0005804279509897398
 0.1048,0.001704554406791551
 0.1048,0.003275241375893169
 0.1049,0.005223645576139704
 0.1049,0.007464411896336891
 0.1050,0.009899437093794181
 0.1050,0.01242218494780279
 0.1051,0.014922359526168612
 0.1051,0.017290729700813048
 0.1051,0.019423893803354176
 0.1052,0.021228778015394526
 0.1052,0.02262667543227294
 0.1053,0.02355665416980767
 0.1053,0.02397819117931805
 0.1053,0.02387292185131737
 0.1054,0.02324543251360776
 0.1054,0.0221230626163518
 0.1055,0.020554724700093552
 0.1055,0.018608791426781377
 0.1056,0.016370138049359145
 0.1056,0.013936464285298777
 0.1056,0.011414050717677333
 0.1057,0.008913130473420974
 0.1057,0.006543075539869113
 0.1058,0.00440760730063372
 0.1058,0.0026002419289127467
 0.1058,0.0012001730407853624
 0.1059,0.00026877665334266163
 0.1059,-0.00015310273850071936
 0.1060,-4.696063049935392e-05
 0.1060,0.0005825476106878008
 0.1061,0.0017078130654741607
 0.1061,0.0032794961756313513
 0.1061,0.005228710069928359
 0.1062,0.007470064278966643
 0.1062,0.009905429973332377
 0.1063,0.012428256214716705
 0.1063,0.014928243835062568
 0.1063,0.017296170060775842
 0.1064,0.0194286527727487
 0.1064,0.0212326480174618
 0.1065,0.022629487751190974
 0.1065,0.02355828624823822
 0.1066,0.023978571912462065
 0.1066,0.023872034655843193
 0.1066,0.023243316042387965
 0.1067,0.02211980908959638
 0.1067,0.020550475923765136
 0.1068,0.01860373266512287
 0.1068,0.01636449000658655
 0.1068,0.013930473531700491
 0.1069,0.011407978965927873
 0.1069,0.008907243165474057
 0.1070,0.006537630238896512
 0.1070,0.0044028423951000695
 0.1071,0.0025963661481983044
 0.1071,0.0011973562530667734
 0.1071,0.00026714236283436785
 0.1072,-0.00015348285467597857
 0.1072,-4.606989780733245e-05
 0.1073,0.0005846701229029322
 0.1073,0.001711074274312896
 0.1073,0.003283753108385163
 0.1074,0.005233776189272868
 0.1074,0.007475717717286017
 0.1075,0.009911423302326321
 0.1075,0.012434327312496586
 0.1076,0.014934127367622596
 0.1076,0.017301609071453682
 0.1076,0.019433409874988067
 0.1077,0.021236515709324555
 0.1077,0.022632297410769865
 0.1078,0.02355991542852565
 0.1078,0.02397894962997802
 0.1078,0.023871144454045964
 0.1079,0.023241196702853472
 0.1079,0.02211655295988438
 0.1080,0.020546224930024646
 0.1080,0.018598672175933393
 0.1081,0.016358840806320704
 0.1081,0.01392448224194176
 0.1081,0.0114019073205154
 0.1082,0.008901356597429525
 0.1082,0.006532186273457233
 0.1083,0.004398079357809472
 0.1083,0.0025924926869345436
 0.1083,0.001194542140126001
 0.1084,0.00026551099185244886
 0.1084,-0.00015385993191149568
 0.1085,-4.517614066232528e-05
 0.1085,0.0005867955133910002
 0.1086,0.0017143380933112777
 0.1086,0.003288012271967275
 0.1086,0.005238844059576138
 0.1087,0.007481372341807978
 0.1087,0.009917417191800927
 0.1088,0.01244039831408944
 0.1088,0.014940010148363058
 0.1088,0.0173070467079998
 0.1089,0.019438165045365424
 0.1089,0.02124038100316027
 0.1090,0.022635104317923482
 0.1090,0.02356154162767624
 0.1091,0.023979324272581048
 0.1091,0.023870251222170125
 0.1091,0.023239074512436536
 0.1092,0.022113294280385526
 0.1092,0.020541971792112618
 0.1093,0.018593610034431877
 0.1093,0.01635319051352284
 0.1093,0.0139184904671702
 0.1094,0.011395835821953696
 0.1094,0.00889547080688337
 0.1095,0.006526743688671276
 0.1095,0.004393318249146277
 0.1096,0.0025886216180237972
 0.1096,0.0011917307729473622
 0.1096,0.00026388259306188433
 0.1097,-0.00015423394352467488
 0.1097,-4.427935829742115e-05
 0.1098,0.0005889237550438001
 0.1098,0.001717604460145821
 0.1098,0.003292273565372701
 0.1099,0.005243913551663211
 0.1099,0.007487028018029082
 0.1100,0.00992341152679752
 0.1100,0.012446469142908069
 0.1101,0.014945892149673892
 0.1101,0.01731248299284047
 0.1101,0.019442918346875924
 0.1102,0.021244243985673067
 0.1102,0.022637908565118582
 0.1103,0.023563164928557704
 0.1103,0.02397969589985174
 0.1103,0.023869354984578456
 0.1104,0.023236949454514412
 0.1104,0.022110032998967414
 0.1105,0.020537716438227976
 0.1105,0.01858854616730087
 0.1106,0.016347539065547416
 0.1106,0.013912498158836654
 0.1106,0.01138976443243019
 0.1107,0.008889585758881177
 0.1107,0.006521302441752549
 0.1108,0.004388559010570777
 0.1108,0.0025847528698476046
 0.1108,0.0011889220813193187
 0.1109,0.0002622571141882818
 0.1109,-0.00015460491618336818
 0.1110,-4.337955188155542e-05
 0.1110,0.0005910548741932933
 0.1111,0.0017208734361146886
 0.1111,0.00329653708844293
 0.1111,0.0052489847933679945
 0.1112,0.007492684878790673
 0.1112,0.009929406420198917
 0.1113,0.012452539873019652
 0.1113,0.014951773396280387
 0.1113,0.017317917900502456
 0.1114,0.019447669713493296
 0.1114,0.02124810456739669
 0.1115,0.022640710057637372
 0.1115,0.023564785246757897
 0.1116,0.023980064451542767
 0.1116,0.023868455717249378
 0.1116,0.023234821547052857
 0.1117,0.022106769169984157
 0.1117,0.02053345894302614
 0.1118,0.018583480651089338
 0.1118,0.01634188652846566
 0.1118,0.013906505368944161
 0.1119,0.011383693193157074
 0.1119,0.008883701491684654
 0.1120,0.006515862578682627
 0.1120,0.004383801703628451
 0.1121,0.0025808865166751386
 0.1121,0.0011861161375189494
 0.1121,0.00026063460876407174
 0.1122,-0.00015497282283850753
 0.1122,-4.247672074210461e-05
 0.1123,0.0005931888431107584
 0.1123,0.0017241449575967174
 0.1123,0.0033008027381744324
 0.1124,0.005254057653092331
 0.1124,0.0074983427871981295
 0.1125,0.0099354017550987
 0.1125,0.01245861042668425
 0.1126,0.01495765386037689
 0.1126,0.017323351454070067
 0.1126,0.01945241920951438
 0.1127,0.021251962836644617
 0.1127,0.02264350888960998
 0.1128,0.02356640266662437
 0.1128,0.023980429988231206
 0.1128,0.023867553444769967
 0.1129,0.0232326907728371
 0.1129,0.022103502740133903
 0.1130,0.02052919923331673
 0.1130,0.01857841341115212
 0.1131,0.01633623283848275
 0.1131,0.013900512048064565
 0.1131,0.011377622065677655
 0.1132,0.00887781796971297
 0.1132,0.006510424055799626
 0.1133,0.004379046268547154
 0.1133,0.002577022485465385
 0.1133,0.0011833128700665216
 0.1134,0.0002590150236838633
 0.1134,-0.00015533769054523245
 0.1135,-4.1570865996810324e-05
 0.1135,0.0005953256887496217
 0.1136,0.0017274190872457185
 0.1136,0.003305070616446924
 0.1136,0.005259132261069872
 0.1137,0.007504001878460387
 0.1137,0.009941397646364898
 0.1138,0.012464680879207274
 0.1138,0.014963533566941647
 0.1138,0.017328783627337602
 0.1139,0.01945716676753778
 0.1139,0.021255818702349258
 0.1140,0.022646304964681372
 0.1140,0.02356801710224016
 0.1141,0.023980792448631053
 0.1141,0.02386664814287084
 0.1141,0.0232305571504728
 0.1142,0.022100233764967767
 0.1142,0.020524937385101968
 0.1143,0.01857334452531995
 0.1143,0.0163305780628043
 0.1143,0.013894518249115462
 0.1144,0.011371551091846078
 0.1144,0.008871935231816567
 0.1145,0.006504986919945039
 0.1145,0.004374292768161938
 0.1146,0.0025731608519713595
 0.1146,0.0011805123524784747
 0.1146,0.000257398413247897
 0.1147,-0.00015569949188001494
 0.1147,-4.066198697604376e-05
 0.1148,0.0005974653827879095
 0.1148,0.001730695760057059
 0.1148,0.003309340618161236
 0.1149,0.005264208483273557
 0.1149,0.0075096620133268755
 0.1150,0.009947393975099562
 0.1150,0.012470751151573865
 0.1151,0.014969412487870523
 0.1151,0.01733421444413443
 0.1151,0.019461912453306997
 0.1152,0.02125967225449124
 0.1152,0.022649098378614535
 0.1153,0.02356962863942199
 0.1153,0.023981151894352227
 0.1153,0.02386573983643799
 0.1154,0.023228420662151215
 0.1154,0.02209696218996204
 0.1155,0.020520673323815897
 0.1155,0.018568273917679096
 0.1156,0.016324922136554558
 0.1156,0.013888523921747596
 0.1156,0.01136548023248524
 0.1157,0.008866053241782572
 0.1157,0.006499551126637766
 0.1158,0.004369541141437151
 0.1158,0.0025693015416189857
 0.1158,0.0011777145119768533
 0.1159,0.00025578472357482614
 0.1159,-0.00015605825419941032
 0.1160,-3.9750084770045195e-05
 0.1160,0.0005996079527153678
 0.1161,0.001733975040022733
 0.1161,0.0033136128473188527
 0.1161,0.005269286452447888
 0.1162,0.00751532332938859
 0.1162,0.009953390858121754
 0.1163,0.01247682132035977
 0.1163,0.014975290648507536
 0.1163,0.017339643877589198
 0.1164,0.01946665619793009
 0.1164,0.021263523400194956
 0.1165,0.02265188903337381
 0.1165,0.02357123719088508
 0.1166,0.02398150826313965
 0.1166,0.023864828500849585
 0.1166,0.023226281326965647
 0.1167,0.02209368807190846
 0.1167,0.02051640712697635
 0.1168,0.018563201667379292
 0.1168,0.016319265127937594
 0.1168,0.013882529119742398
 0.1169,0.011359409530281377
 0.1169,0.008860172039230535
 0.1170,0.006494116723518908
 0.1170,0.004364791452353477
 0.1171,0.0025654446316808266
 0.1171,0.001174919423504361
 0.1171,0.0002541740098455274
 0.1172,-0.0001564139498578948
 0.1172,-3.883515886878284e-05
 0.1173,0.0006017533696718972
 0.1173,0.0017372568608860282
 0.1173,0.003317887196722824
 0.1174,0.005274366031941771
 0.1174,0.0075209856849022365
 0.1175,0.00995938817462799
 0.1175,0.012482891305355438
 0.1176,0.014981168020380266
 0.1176,0.01734507195212457
 0.1176,0.019471398068609456
 0.1177,0.021267372231351205
 0.1177,0.022654677026528038
 0.1178,0.02357284284381259
 0.1178,0.023981861617509172
 0.1178,0.023863914161321532
 0.1179,0.023224139126681385
 0.1179,0.022090411355100082
 0.1180,0.02051213871843804
 0.1180,0.018558127697100427
 0.1181,0.016313606971057285
 0.1181,0.013876533791946526
 0.1181,0.011353338945230586
 0.1182,0.008854291587081991
 0.1182,0.006488683665204832
 0.1183,0.004360043638750564
 0.1183,0.0025615900461535626
 0.1183,0.0011721270128567222
 0.1184,0.0002525662171954881
 0.1184,-0.00015676660653123889
 0.1185,-3.791721015738539e-05
 0.1185,0.000603901661800876
 0.1186,0.0017405412879070482
 0.1186,0.0033221637724173496
 0.1186,0.005279447357116903
 0.1187,0.007526649220061369
 0.1187,0.009965386043440808
 0.1188,0.012488961184285562
 0.1188,0.01498704462904619
 0.1188,0.01735049864020647
 0.1189,0.019476137995093505
 0.1189,0.021271218653270904
 0.1190,0.02265746225816794
 0.1190,0.02357444550940753
 0.1191,0.02398221189427989
 0.1191,0.02386299679304401
 0.1191,0.023221994080915073
 0.1192,0.022087132097419963
 0.1192,0.020507868177179433
 0.1193,0.01855305208745129
 0.1193,0.016307947735321852
 0.1193,0.013870537993015322
 0.1194,0.011347268520737105
 0.1194,0.008848411925750073
 0.1195,0.0064832520003455475
 0.1195,0.0043552977658628915
 0.1196,0.002557737863691795
 0.1196,0.0011693373562658403
 0.1196,0.00025096140176809824
 0.1197,-0.00015711619610177523
 0.1197,-3.699623824304512e-05
 0.1198,0.0006060527994910336
 0.1198,0.001743828253430231
 0.1198,0.0033264424651484733
 0.1199,0.005284530288792297
 0.1199,0.007532313790522194
 0.1200,0.00997138434161288
 0.1200,0.012495030875722265
 0.1201,0.01499292044591559
 0.1201,0.01735592396703962
 0.1201,0.019480876045932058
 0.1202,0.021275062759551364
 0.1202,0.02266024482770389
 0.1203,0.02357604527645587
 0.1203,0.02398255915696793
 0.1203,0.02386207642135645
 0.1204,0.023219846170815864
 0.1204,0.022083850242087193
 0.1205,0.020503595425680046
 0.1205,0.018547974759665506
 0.1206,0.01630228735353292
 0.1206,0.013864541670824142
 0.1206,0.011341198216104069
 0.1207,0.008842533017431974
 0.1207,0.006477821682550211
 0.1208,0.004350553770199732
 0.1208,0.002553888006875126
 0.1208,0.001166550378285741
 0.1209,0.0002493595077844806
 0.1209,-0.00015746274672533497
 0.1210,-3.607224394828921e-05
 0.1210,0.0006082068116037734
 0.1211,0.0017471178241691978
 0.1211,0.003330723383087253
 0.1211,0.005289614964878994
 0.1212,0.0075379795390646785
 0.1212,0.009977383190109919
 0.1213,0.012501100458636224
 0.1213,0.014998795496728194
 0.1213,0.01736134790431414
 0.1214,0.019485612149456474
 0.1214,0.021278904453739974
 0.1215,0.022663024633390674
 0.1215,0.02357764205460827
 0.1216,0.02398290334141362
 0.1216,0.02386115302126075
 0.1216,0.023217695416572745
 0.1217,0.022080565848116702
 0.1217,0.020499320544381163
 0.1218,0.0185428957958187
 0.1218,0.016296625896340188
 0.1218,0.013858544880984407
 0.1219,0.011335128075484188
 0.1219,0.008836654903306708
 0.1220,0.006472392761451711
 0.1220,0.004345811718272349
 0.1221,0.0025500405557853482
 0.1221,0.001163766156442661
 0.1221,0.000247760592308068
 0.1222,-0.0001578062298796093
 0.1222,-3.5145226982887255e-05
 0.1223,0.0006103636678434127
 0.1223,0.0017504099310261985
 0.1223,0.0033350064147839734
 0.1224,0.005294701243539909
 0.1224,0.007543646318723453
 0.1225,0.0099833824639218
 0.1225,0.012507169850420552
 0.1226,0.015004669752655606
 0.1226,0.01736677047792384
 0.1226,0.019490346375683525
 0.1227,0.02128274383131013
 0.1227,0.022665801776530995
 0.1228,0.02357923593416527
 0.1228,0.02398324451204033
 0.1228,0.023860226618356115
 0.1229,0.023215541798844663
 0.1229,0.022077278857542106
 0.1230,0.02049504345418445
 0.1230,0.018537815115615364
 0.1231,0.016290963295385465
 0.1231,0.013852547570486958
 0.1231,0.011329058057387875
 0.1232,0.00883077754473222
 0.1232,0.006466965189659739
 0.1233,0.004341071545391411
 0.1233,0.0025461954315952207
 0.1233,0.0011609846139049688
 0.1234,0.00024616459857143764
 0.1234,-0.0001581466741051651
 0.1235,-3.4215188000713776e-05
 0.1235,0.000612523397781587
 0.1236,0.0017537046421226216
 0.1236,0.0033392916706194327
 0.1236,0.0052997892654182525
 0.1237,0.007549314274941377
 0.1237,0.009989382286026475
 0.1238,0.012513239131162477
 0.1238,0.015010543239656228
 0.1238,0.01737219165892729
 0.1239,0.019495078651508846
 0.1239,0.021286580793892635
 0.1240,0.022668576153446585
 0.1240,0.02358082682324057
 0.1241,0.023983582603800544
 0.1241,0.023859297187403716
 0.1241,0.023213385338305283
 0.1242,0.022073989330587095
 0.1242,0.02049076423714921
 0.1243,0.018532732802712146
 0.1243,0.016285299622477933
 0.1243,0.013846549795771802
 0.1244,0.01132298820674486
 0.1244,0.00882490098376022
 0.1245,0.00646153901784683
 0.1245,0.004336333319261119
 0.1246,0.002542352715761259
 0.1246,0.0011582058296132267
 0.1246,0.00024457158468217113
 0.1247,-0.00015848405045546969
 0.1247,-3.3282126933144426e-05
 0.1248,0.0006146859703368176
 0.1248,0.0017570018869692199
 0.1248,0.0033435790369843914
 0.1249,0.0053048788859407624
 0.1249,0.007554983258023715
 0.1250,0.00999538252933751
 0.1250,0.012519308217148988
 0.1251,0.015016415928778358
 0.1251,0.017377611473908355
 0.1251,0.01949980904829716
 0.1252,0.021290415438793696
 0.1252,0.022671347867369598
 0.1253,0.023582414813752558
 0.1253,0.02398391768207488
 0.1253,0.02385836475417723
 0.1254,0.023211226015076553
 0.1254,0.022070697208138135
 0.1255,0.020486482812679677
 0.1255,0.018527648775285326
 0.1256,0.016279634808058448
 0.1256,0.013840551503075338
 0.1256,0.011316918481498005
 0.1257,0.008819025181055514
 0.1257,0.006456114197629825
 0.1258,0.00433159697394676
 0.1258,0.0025385123281398713
 0.1258,0.0011554297254909856
 0.1259,0.00024298149290179715
 0.1259,-0.0001588183879862279
 0.1260,-3.2346044300229275e-05
 0.1260,0.0006168514158797589
 0.1261,0.0017603017350964183
 0.1261,0.003347868626264881
 0.1261,0.0053099702482157195
 0.1262,0.0075606534159581495
 0.1262,0.0100013833188803
 0.1263,0.012525377189497658
 0.1263,0.01502228784583836
 0.1263,0.017383029892892247
 0.1264,0.01950453749144873
 0.1264,0.021294247665876793
 0.1265,0.022674116812715667
 0.1265,0.023583999812059678
 0.1266,0.02398424968069129
 0.1266,0.023857429293312766
 0.1266,0.023209063850584844
 0.1267,0.02206740255166989
 0.1267,0.020482199264296123
 0.1268,0.018522563118514457
 0.1268,0.016273968925334434
 0.1268,0.013834552749847174
 0.1269,0.011310848927192663
 0.1269,0.008813150179277819
 0.1270,0.006450690780675781
 0.1270,0.004326862578590304
 0.1271,0.00253467435169264
 0.1271,0.0011526563816748334
 0.1271,0.00024139438217709555
 0.1272,-0.000159149657243628
 0.1272,-3.1406940037484964e-05
 0.1273,0.0006190197025960536
 0.1273,0.0017636041144629077
 0.1273,0.0033521603227267497
 0.1274,0.005315063205271241
 0.1274,0.007566324596649824
 0.1275,0.010007384525510277
 0.1275,0.012531445963299796
 0.1276,0.01502815896192979
 0.1276,0.017388446943600283
 0.1276,0.01950926405401636
 0.1277,0.021298077574228528
 0.1277,0.022676883094538972
 0.1278,0.023585581911837825
 0.1278,0.023984578666285762
 0.1278,0.023856490830793598
 0.1279,0.02320689882406304
 0.1279,0.02206410530060939
 0.1280,0.020477913509849587
 0.1280,0.018517475749069874
 0.1281,0.016268301903275006
 0.1281,0.013828553480986269
 0.1281,0.011304779500812389
 0.1282,0.008807275938350113
 0.1282,0.006445268717590659
 0.1283,0.004322130065658587
 0.1283,0.002530838704411418
 0.1283,0.001149885718626916
 0.1284,0.00023981019396528158
 0.1284,-0.00015947788762529346
 0.1285,-3.04648146695003e-05
 0.1285,0.0006211908614813003
 0.1286,0.0017669090962626438
 0.1286,0.0033564542412979383
 0.1286,0.00532015790307767
 0.1287,0.007571996950747562
 0.1287,0.010013386276489917
 0.1288,0.012537514621256853
 0.1288,0.015034029303424342
 0.1288,0.01739386259541437
 0.1289,0.019513988659857838
 0.1289,0.021301905061898094
 0.1290,0.0226796466055368
 0.1290,0.023587161017937727
 0.1291,0.023984904571560942
 0.1291,0.023855549340882035
 0.1291,0.023204730957576643
 0.1292,0.0220608055178379
 0.1292,0.020473625634441908
 0.1293,0.018512386753501003
 0.1293,0.01626263381622415
 0.1293,0.01382255375498673
 0.1294,0.011298710248790499
 0.1294,0.008801402501644635
 0.1295,0.006439848060880476
 0.1295,0.004317399505660275
 0.1296,0.0025270054710350635
 0.1296,0.0011471178180593592
 0.1296,0.00023822898807994864
 0.1297,-0.00015980304944047756
 0.1297,-2.9519668236898853e-05
 0.1298,0.0006233648601429257
 0.1298,0.0017702166069483998
 0.1298,0.0033607502636937197
 0.1299,0.005325254191618789
 0.1299,0.00757767032336115
 0.1300,0.010019388440514487
 0.1300,0.011913921376865115
