  0.000,0.0
  1.000,0.009271696347629406
  0.000,0.009271696347629406
 2.2220E-05,0.009807330114951959
 4.4440E-05,0.01125468326724853
 6.6660E-05,0.013805052281285944
 8.8880E-05,0.016922402839912757
 1.1110E-04,0.019346773745528976
 1.3332E-04,0.0204347355381072
 1.5554E-04,0.02008405813911421
 1.7776E-04,0.018565385794801104
 1.9998E-04,0.01685650565982055
 2.2220E-04,0.01589625724386677
 2.4442E-04,0.01561052494110162
 2.6664E-04,0.015504784867264093
 2.8886E-04,0.014954758451827973
 3.1108E-04,0.01316480656295954
 3.3330E-04,0.010106521595637815
 3.5552E-04,0.0066485490195610664
 3.7774E-04,0.0036493792328886913
 3.9996E-04,0.001754874121608477
 4.2218E-04,0.00124819490304038
 4.4440E-04,0.0015296685249274462
 4.6662E-04,0.001664191362620957
 4.8884E-04,0.0012291005347916956
 5.1106E-04,0.00024041220137781087
 5.3328E-04,-0.0007966709385100234
 5.5550E-04,-0.0009320841705058333
 5.7772E-04,0.0003853803318767501
 5.9994E-04,0.002936513944119628
 6.2216E-04,0.006081630233266568
 6.4438E-04,0.008947667346116794
 6.6660E-04,0.010823175856089703
 6.8882E-04,0.011747856040787092
 7.1104E-04,0.012353205422013076
 7.3326E-04,0.013302261078951511
 7.5548E-04,0.01500981141340357
 7.7770E-04,0.017339273610989296
 7.9992E-04,0.019513617307834345
 8.2214E-04,0.02067007244914047
 8.4436E-04,0.020407213654699857
 8.6658E-04,0.01887176705824948
 8.8880E-04,0.016728526115806514
 9.1102E-04,0.014855014779111358
 9.3324E-04,0.013696611394490996
 9.5546E-04,0.013059724271129844
 9.7768E-04,0.012375608232095008
 9.9990E-04,0.010973271888985581
 1.0221E-03,0.008532118238695267
 1.0443E-03,0.005423993515168648
 1.0666E-03,0.002448457135217019
 1.0888E-03,0.0003735925652275586
 1.1110E-03,-0.00039023387396367457
 1.1332E-03,-4.87052785537814e-05
 1.1554E-03,0.0006950578712770761
 1.1777E-03,0.0011620620299592343
 1.1999E-03,0.0010927447183005368
 1.2221E-03,0.0007510708927333682
 1.2443E-03,0.0008068190198180078
 1.2665E-03,0.001912000852149205
 1.2888E-03,0.004228742644633772
 1.3110E-03,0.0073342814505925925
 1.3332E-03,0.010457328760439486
 1.3554E-03,0.012846959810478693
 1.3776E-03,0.014193345653363247
 1.3999E-03,0.014794014209387737
 1.4221E-03,0.015278741361628953
 1.4443E-03,0.016190129627584607
 1.4665E-03,0.017657724125260822
 1.4887E-03,0.019259535661264735
 1.5110E-03,0.02025413912078833
 1.5332E-03,0.02005540577263239
 1.5554E-03,0.018560695341237523
 1.5776E-03,0.016204821539260537
 1.5998E-03,0.013746667040966928
 1.6221E-03,0.011825816465464132
 1.6443E-03,0.010596925053820769
 1.6665E-03,0.009710929972205367
 1.6887E-03,0.008572184053967067
 1.7109E-03,0.006727464740083118
 1.7332E-03,0.004206556208553662
 1.7554E-03,0.0015505104445395507
 1.7776E-03,-0.0004946980787912301
 1.7998E-03,-0.0013782553862495615
 1.8220E-03,-0.00103590723820584
 1.8443E-03,7.817403487692413e-05
 1.8665E-03,0.0012845773425140014
 1.8887E-03,0.0020997582771844804
 1.9109E-03,0.0025004723780349004
 1.9331E-03,0.0029142886335442333
 1.9554E-03,0.003942460437500135
 1.9776E-03,0.00595020333146594
 1.9998E-03,0.00880209254614949
 2.0220E-03,0.011912228914783378
 2.0442E-03,0.014543981367190185
 2.0665E-03,0.01619806803368433
 2.0887E-03,0.016875100470587615
 2.1109E-03,0.01702545208566069
 2.1331E-03,0.01722976643143678
 2.1553E-03,0.01782830049335397
 2.1776E-03,0.018697822118127743
 2.1998E-03,0.01931099605924257
 2.2220E-03,0.019063432754298813
 2.2442E-03,0.017650602838829813
 2.2664E-03,0.015261445569978717
 2.2887E-03,0.012493511286186925
 2.3109E-03,0.010030445584487903
 2.3331E-03,0.008266981827456471
 2.3553E-03,0.007123063394224698
 2.3775E-03,0.006149924041030877
 2.3998E-03,0.004847640468399146
 2.4220E-03,0.0030129779645887743
 2.4442E-03,0.0009067394784499955
 2.4664E-03,-0.0008730569570565023
 2.4886E-03,-0.0017256128286766326
 2.5109E-03,-0.0013833599390793568
 2.5331E-03,-6.118316786938205e-05
 2.5553E-03,0.0016738349893331498
 2.5775E-03,0.003239031555629223
 2.5997E-03,0.0043654903264913605
 2.6220E-03,0.0052249677832945755
 2.6442E-03,0.006289094219834092
 2.6664E-03,0.008000915156122354
 2.6886E-03,0.010458528384953657
 2.7108E-03,0.01331110615999809
 2.7331E-03,0.015924786888141855
 2.7553E-03,0.017716101169766522
 2.7775E-03,0.018460726968692987
 2.7997E-03,0.018390383738065248
 2.8219E-03,0.018018331502194587
 2.8442E-03,0.01780820060703168
 2.8664E-03,0.017886739095681652
 2.8886E-03,0.017968632391522545
 2.9108E-03,0.01754149959246509
 2.9330E-03,0.016197971171008952
 2.9553E-03,0.013908135178505823
 2.9775E-03,0.01107046418947061
 2.9997E-03,0.008312911713443352
 3.0219E-03,0.006160153015186003
 3.0441E-03,0.004767697159711379
 3.0664E-03,0.003882396459243144
 3.0886E-03,0.0030453335046319394
 3.1108E-03,0.0019113230569375028
 3.1330E-03,0.0004932688441330231
 3.1552E-03,-0.0008189609958194467
 3.1775E-03,-0.0014765409304241753
 3.1997E-03,-0.001091518097068653
 3.2219E-03,0.0003322182335800776
 3.2441E-03,0.002393146139501857
 3.2663E-03,0.00451629130710976
 3.2886E-03,0.006271323074878622
 3.3108E-03,0.0075923488907726966
 3.3330E-03,0.008771624976559996
 3.3552E-03,0.010234412431615957
 3.3774E-03,0.012232247874685423
 3.3997E-03,0.014643302910081483
 3.4219E-03,0.017001709865928843
 3.4441E-03,0.01873699490603179
 3.4663E-03,0.01948091904753396
 3.4885E-03,0.01925888152894617
 3.5108E-03,0.018451120306537946
 3.5330E-03,0.017550142746864325
 3.5552E-03,0.01686370735842085
 3.5774E-03,0.016341458121397853
 3.5996E-03,0.015627940447906982
 3.6219E-03,0.014308413580914352
 3.6441E-03,0.012195887233034365
 3.6663E-03,0.009484314289812633
 3.6885E-03,0.006676059525322188
 3.7107E-03,0.004326863174711642
 3.7330E-03,0.0027606792139036633
 3.7552E-03,0.0019245799808058413
 3.7774E-03,0.001467170525273126
 3.7996E-03,0.0009889797636906115
 3.8218E-03,0.0003121308593205198
 3.8441E-03,-0.00039407594578525764
 3.8663E-03,-0.0007073957882908093
 3.8885E-03,-0.00020822995113145765
 3.9107E-03,0.0012583987528148564
 3.9329E-03,0.003471591421785933
 3.9552E-03,0.0059407528034198555
 3.9774E-03,0.008165533361157057
 3.9996E-03,0.009893506020405831
 4.0218E-03,0.011222607892432391
 4.0440E-03,0.01249019653059727
 4.0663E-03,0.014018821312545355
 4.0885E-03,0.015874842521708052
 4.1107E-03,0.017787413953306255
 4.1329E-03,0.019277034778003372
 4.1551E-03,0.01991633640982357
 4.1774E-03,0.019566725977490432
 4.1996E-03,0.018449168197321765
 4.2218E-03,0.01700800730397131
 4.2440E-03,0.01565190107706017
 4.2662E-03,0.014528422200984693
 4.2885E-03,0.013466542114822042
 4.3107E-03,0.01211903812310927
 4.3329E-03,0.010215888394040562
 4.3551E-03,0.00777321186660022
 4.3773E-03,0.005130524164325337
 4.3996E-03,0.002793424290806524
 4.4218E-03,0.0011757761992857274
 4.4440E-03,0.0003951370069672261
 4.4662E-03,0.00024187641310926977
 4.4884E-03,0.0003371654438056393
 4.5107E-03,0.0003821812550396512
 4.5329E-03,0.0003474435564534608
 4.5551E-03,0.0004884795531192993
 4.5773E-03,0.001179780548241743
 4.5995E-03,0.0026688200472067764
 4.6218E-03,0.004899232618025623
 4.6440E-03,0.007509968932611901
 4.6662E-03,0.010011425621886954
 4.6884E-03,0.012033409620695639
 4.7106E-03,0.013497344359552693
 4.7329E-03,0.014611825568109341
 4.7551E-03,0.015697594717112195
 4.7773E-03,0.016950533582931842
 4.7995E-03,0.018287717078055935
 4.8217E-03,0.019370166516158083
 4.8440E-03,0.019788516378608862
 4.8662E-03,0.019299536593942332
 4.8884E-03,0.01797112164086358
 4.9106E-03,0.016149031411370578
 4.9328E-03,0.014266510445318003
 4.9551E-03,0.01261199793934424
 4.9773E-03,0.011193737258847541
 4.9995E-03,0.00978018670058915
 5.0217E-03,0.008088544938644414
 5.0439E-03,0.006004670016887937
 5.0662E-03,0.0036997281866800367
 5.0884E-03,0.0015722706077967892
 5.1106E-03,5.0083017472629925e-05
 5.1328E-03,-0.0006298080014269554
 5.1550E-03,-0.0005323795695904547
 5.1773E-03,3.732786127190891e-05
 5.1995E-03,0.0007298066414249625
 5.2217E-03,0.0013614726273379922
 5.2439E-03,0.0020134071717714027
 5.2661E-03,0.002960417745585084
 5.2884E-03,0.004475258244352123
 5.3106E-03,0.006627855317743009
 5.3328E-03,0.009201737061298107
 5.3550E-03,0.011778923455595705
 5.3772E-03,0.01394322597033246
 5.3995E-03,0.015481056377043204
 5.4217E-03,0.016461045585283794
 5.4439E-03,0.01714743448514135
 5.4661E-03,0.017802472204052514
 5.4883E-03,0.0184992509597263
 5.5106E-03,0.019058844851892128
 5.5328E-03,0.01914950274188949
 5.5550E-03,0.018487391115884887
 5.5772E-03,0.017017227163568845
 5.5994E-03,0.014963700290171154
 5.6217E-03,0.012722934393145485
 5.6439E-03,0.0106595359459894
 5.6661E-03,0.008930596436624763
 5.6883E-03,0.00744030085340538
 5.7105E-03,0.005949155690049314
 5.7328E-03,0.004268670793914063
 5.7550E-03,0.0024215945221574423
 5.7772E-03,0.0006696624077686133
 5.7994E-03,-0.000608495093769584
 5.8216E-03,-0.001116239035747583
 5.8439E-03,-0.0007958574308048699
 5.8661E-03,0.00014930496417839788
 5.8883E-03,0.0013792017158952268
 5.9105E-03,0.002612167363484784
 5.9327E-03,0.0037735365439789635
 5.9550E-03,0.00500974187520626
 5.9772E-03,0.006561696215323095
 5.9994E-03,0.008576227979363912
 6.0216E-03,0.010971216445840997
 6.0438E-03,0.013437152546547593
 6.0661E-03,0.015575427500535305
 6.0883E-03,0.017091423818996993
 6.1105E-03,0.0179278651589047
 6.1327E-03,0.01826039119954123
 6.1549E-03,0.01836063667226439
 6.1772E-03,0.018411577490241495
 6.1994E-03,0.018387591207486228
 6.2216E-03,0.018071362157294588
 6.2438E-03,0.0171963632089864
 6.2660E-03,0.01562768997712579
 6.2883E-03,0.013471177224747492
 6.3105E-03,0.011044452398346175
 6.3327E-03,0.008727008201871899
 6.3549E-03,0.006778747148892537
 6.3771E-03,0.00523428871563582
 6.3994E-03,0.003933643705049206
 6.4216E-03,0.0026674248620670647
 6.4438E-03,0.0013462999920368704
 6.4660E-03,9.080936005711419e-05
 6.4882E-03,-0.0008133222746533263
 6.5105E-03,-0.0010676491533809266
 6.5327E-03,-0.0005296945040082689
 6.5549E-03,0.000703000661907184
 6.5771E-03,0.0023431805118094883
 6.5993E-03,0.004067764794854094
 6.6216E-03,0.005683072439246361
 6.6438E-03,0.00720331824986222
 6.6660E-03,0.008797434128859322
 6.6882E-03,0.01063902591389246
 6.7104E-03,0.01275245295167188
 6.7327E-03,0.014949763041562664
 6.7549E-03,0.016897936341677557
 6.7771E-03,0.018277164267792037
 6.7993E-03,0.018936137193193123
 6.8215E-03,0.01895242955870691
 6.8438E-03,0.018563569160055474
 6.8660E-03,0.018012211441360403
 6.8882E-03,0.01739981835655296
 6.9104E-03,0.016636862035880225
 6.9326E-03,0.015518272343074069
 6.9549E-03,0.013876807154365147
 6.9771E-03,0.011720122369894337
 6.9993E-03,0.009267593417431497
 7.0215E-03,0.006863779497709638
 7.0437E-03,0.004819675013725235
 7.0660E-03,0.0032756705317591546
 7.0882E-03,0.0021661366839413826
 7.1104E-03,0.0013038704825681458
 7.1326E-03,0.0005307519215133115
 7.1548E-03,-0.00015803725754303364
 7.1771E-03,-0.0005918849910991866
 7.1993E-03,-0.0005180264519919326
 7.2215E-03,0.0002462767828280096
 7.2437E-03,0.0016944544140996692
 7.2659E-03,0.003615992847240825
 7.2882E-03,0.005695324549864366
 7.3104E-03,0.007665338352021661
 7.3326E-03,0.009424519698071593
 7.3548E-03,0.011049428929411815
 7.3770E-03,0.012697814534485114
 7.3993E-03,0.014463588945135176
 7.4215E-03,0.016273415061050282
 7.4437E-03,0.017888885237034396
 7.4659E-03,0.019014119889449198
 7.4881E-03,0.01944488172926735
 7.5104E-03,0.019170366025101825
 7.5326E-03,0.018367573508715797
 7.5548E-03,0.01729296434724319
 7.5770E-03,0.016137516951631976
 7.5992E-03,0.014932323590294515
 7.6215E-03,0.013560221400610402
 7.6437E-03,0.011864279454763765
 7.6659E-03,0.009785441616662166
 7.6881E-03,0.0074444065989243855
 7.7103E-03,0.005116952921045699
 7.7326E-03,0.0031163826483426834
 7.7548E-03,0.0016524271706024312
 7.7770E-03,0.0007494674837378779
 7.7992E-03,0.00027069476145519234
 7.8214E-03,3.11364100490163e-05
 7.8437E-03,-7.033756046865264e-05
 7.8659E-03,1.9672438012226543e-05
 7.8881E-03,0.00047605989077282077
 7.9103E-03,0.001479121702912157
 7.9325E-03,0.003086214063170084
 7.9548E-03,0.005169169049905147
 7.9770E-03,0.007455833566144028
 7.9992E-03,0.009651671357864294
 8.0214E-03,0.011569696007537916
 8.0436E-03,0.01319261227870527
 8.0659E-03,0.014632402687543636
 8.0881E-03,0.016014564267100358
 8.1103E-03,0.01735927652187004
 8.1325E-03,0.018532920322361007
 8.1547E-03,0.019300229270563355
 8.1770E-03,0.019446220321313115
 8.1992E-03,0.018894838931317756
 8.2214E-03,0.017753325859031933
 8.2436E-03,0.0162561879448631
 8.2658E-03,0.01464293562956064
 8.2881E-03,0.013042905065666585
 8.3103E-03,0.01143513869784905
 8.3325E-03,0.00970517965935326
 8.3547E-03,0.0077618978000915505
 8.3769E-03,0.005641517781020109
 8.3992E-03,0.0035342748240028993
 8.4214E-03,0.0017162300760648146
 8.4436E-03,0.00042601155287408593
 8.4658E-03,-0.0002409118645768356
 8.4880E-03,-0.0003587847875964801
 8.5103E-03,-0.000105016965654687
 8.5325E-03,0.00035785183432381166
 8.5547E-03,0.0009799478213205924
 8.5769E-03,0.0018430545505688939
 8.5991E-03,0.003090456005691456
 8.6214E-03,0.004811333108636693
 8.6436E-03,0.006950758966489919
 8.6658E-03,0.009300780583851309
 8.6880E-03,0.011579265995274344
 8.7102E-03,0.013550601002636475
 8.7325E-03,0.015117521053829066
 8.7547E-03,0.016331165642396294
 8.7769E-03,0.01731593834657909
 8.7991E-03,0.01815691108499483
 8.8213E-03,0.018819453682693544
 8.8436E-03,0.019150508851255486
 8.8658E-03,0.018961013611378984
 8.8880E-03,0.018139671495500186
 8.9102E-03,0.01672931695444777
 8.9324E-03,0.014919751465318392
 8.9547E-03,0.012961224516137135
 8.9769E-03,0.011050091394548081
 8.9991E-03,0.00925408794487157
 9.0213E-03,0.007519915675216964
 9.0435E-03,0.005755768349154987
 9.0658E-03,0.003936372730037688
 9.0880E-03,0.002165062523034277
 9.1102E-03,0.0006539089418237005
 9.1324E-03,-0.0003673087327557688
 9.1546E-03,-0.0007596383273435204
 9.1769E-03,-0.0005370194238098735
 9.1991E-03,0.000154042907774579
 9.2213E-03,0.0011238487421017188
 9.2435E-03,0.0022437267767725093
 9.2657E-03,0.00350286795590664
 9.2880E-03,0.004984871854347356
 9.3102E-03,0.006779971735968133
 9.3324E-03,0.008887766651028969
 9.3546E-03,0.011170862456873397
 9.3768E-03,0.013389001479344825
 9.3991E-03,0.015294777848923857
 9.4213E-03,0.01673510211956482
 9.4435E-03,0.01769936238541621
 9.4657E-03,0.018287532461776137
 9.4879E-03,0.018619634046774455
 9.5102E-03,0.018742801292836578
 9.5324E-03,0.01859281497768067
 9.5546E-03,0.018033296922781838
 9.5768E-03,0.016948360453010018
 9.5990E-03,0.015332062101013368
 9.6213E-03,0.013319960882612133
 9.6435E-03,0.01114304154864588
 9.6657E-03,0.009030841603914852
 9.6879E-03,0.007120648721120831
 9.7101E-03,0.005425230613881553
 9.7324E-03,0.0038757813294730496
 9.7546E-03,0.002411434710735993
 9.7768E-03,0.0010590870838305835
 9.7990E-03,-4.621962795811423e-05
 9.8212E-03,-0.0007136999778763267
 9.8435E-03,-0.0007912148376847969
 9.8657E-03,-0.0002455528785692951
 9.8879E-03,0.000818966580643048
 9.9101E-03,0.0022142155644158863
 9.9323E-03,0.003761948620233992
 9.9546E-03,0.005371792754636019
 9.9768E-03,0.007058078129557352
 9.9990E-03,0.00888745363088728
 1.0021E-02,0.010891157927327645
 1.0043E-02,0.012997009796914812
 1.0066E-02,0.015024038802113416
 1.0088E-02,0.01674471863526323
 1.0110E-02,0.01797895895723476
 1.0132E-02,0.01866492828801496
 1.0155E-02,0.01886583064138161
 1.0177E-02,0.018710308575225546
 1.0199E-02,0.0183037749817144
 1.0221E-02,0.017664765936537378
 1.0243E-02,0.01672444495447184
 1.0266E-02,0.015388601063010505
 1.0288E-02,0.013623435930292756
 1.0310E-02,0.011512050028875535
 1.0332E-02,0.009246306422749824
 1.0355E-02,0.007057696485694704
 1.0377E-02,0.005127289576724111
 1.0399E-02,0.0035269143778979962
 1.0421E-02,0.0022244369450376148
 1.0443E-02,0.001147297121963883
 1.0466E-02,0.0002637354995208291
 1.0488E-02,-0.00036884679492928097
 1.0510E-02,-0.0006184444372563248
 1.0532E-02,-0.00034755233755240215
 1.0554E-02,0.0005046396003853652
 1.0577E-02,0.0018763721827575344
 1.0599E-02,0.0036014453904212136
 1.0621E-02,0.005480865472510623
 1.0643E-02,0.007365875596800478
 1.0666E-02,0.00920401895877217
 1.0688E-02,0.011022688863958451
 1.0710E-02,0.01286256732264766
 1.0732E-02,0.014703504126547343
 1.0754E-02,0.016429641485929576
 1.0777E-02,0.017856561667953446
 1.0799E-02,0.018805566273567897
 1.0821E-02,0.01918164400605106
 1.0843E-02,0.019009418422548784
 1.0866E-02,0.018406629716583627
 1.0888E-02,0.01751208417349485
 1.0910E-02,0.01641185453172005
 1.0932E-02,0.01510774486119371
 1.0954E-02,0.01354577631004054
 1.0977E-02,0.011685779865910104
 1.0999E-02,0.009568275157767715
 1.1021E-02,0.007336570914892978
 1.1043E-02,0.005199156753991095
 1.1066E-02,0.003353392569521645
 1.1088E-02,0.0019145341208545571
 1.1110E-02,0.000890577306842085
 1.1132E-02,0.00021569672936738184
 1.1154E-02,-0.00017995168840114525
 1.1177E-02,-0.00030757684596547036
 1.1199E-02,-0.00010270420487754547
 1.1221E-02,0.000535936234343588
 1.1243E-02,0.0016753644862803575
 1.1266E-02,0.0032884851274314454
 1.1288E-02,0.005242128556076205
 1.1310E-02,0.007341102975471088
 1.1332E-02,0.009403017180458825
 1.1354E-02,0.01132057910680501
 1.1377E-02,0.013076065188408885
 1.1399E-02,0.014701750794525155
 1.1421E-02,0.016212653355823815
 1.1443E-02,0.017554328476292517
 1.1466E-02,0.018598915647502736
 1.1488E-02,0.019193083707904367
 1.1510E-02,0.019229908112669853
 1.1532E-02,0.01870210090337353
 1.1554E-02,0.017705139188137473
 1.1577E-02,0.01638883386010344
 1.1599E-02,0.014886510345502785
 1.1621E-02,0.013263767672620125
 1.1643E-02,0.011516223375351926
 1.1666E-02,0.009615572571815226
 1.1688E-02,0.00757396720011146
 1.1710E-02,0.005485789938917029
 1.1732E-02,0.003519766156251821
 1.1754E-02,0.0018644493892084647
 1.1777E-02,0.000658173717340252
 1.1799E-02,-5.6238850843829866e-05
 1.1821E-02,-0.0003267029541071331
 1.1843E-02,-0.00024163785051236266
 1.1865E-02,0.00013428141896674195
 1.1888E-02,0.0007992373036801787
 1.1910E-02,0.0018049495689391017
 1.1932E-02,0.0032053350897643792
 1.1954E-02,0.004995172075744478
 1.1977E-02,0.007076950297005951
 1.1999E-02,0.009277231827012719
 1.2021E-02,0.011404231965096188
 1.2043E-02,0.01331379347150086
 1.2065E-02,0.014946177893934333
 1.2088E-02,0.01631389738534015
 1.2110E-02,0.017450322656097514
 1.2132E-02,0.018352171301595614
 1.2154E-02,0.01895216499053212
 1.2177E-02,0.019139377729581575
 1.2199E-02,0.01881555527855971
 1.2221E-02,0.017953675696249435
 1.2243E-02,0.016623483436953714
 1.2265E-02,0.014968467868548128
 1.2288E-02,0.013147710710061732
 1.2310E-02,0.011276663701524445
 1.2332E-02,0.009400901711496018
 1.2354E-02,0.007516470657902444
 1.2377E-02,0.005622119693766794
 1.2399E-02,0.0037695806266100566
 1.2421E-02,0.0020795381349581407
 1.2443E-02,0.0007119328702707088
 1.2465E-02,-0.00019305698774178522
 1.2488E-02,-0.0005693095745647605
 1.2510E-02,-0.0004431009242459021
 1.2532E-02,9.428665004020153e-05
 1.2554E-02,0.0009423968207135159
 1.2577E-02,0.002042115327186589
 1.2599E-02,0.003391020637977431
 1.2621E-02,0.005015492217992636
 1.2643E-02,0.0069179243384489796
 1.2665E-02,0.009032553723961775
 1.2688E-02,0.01121826828965365
 1.2710E-02,0.013294534502365295
 1.2732E-02,0.015100708804408537
 1.2754E-02,0.016545051872176406
 1.2776E-02,0.017616081431983593
 1.2799E-02,0.01835157788586555
 1.2821E-02,0.018785834591118378
 1.2843E-02,0.018908366001379802
 1.2865E-02,0.018659745864448046
 1.2888E-02,0.01796725880806846
 1.2910E-02,0.016798599975638706
 1.2932E-02,0.015200713712267083
 1.2954E-02,0.013299660110994684
 1.2976E-02,0.01126068601432142
 1.2999E-02,0.009231297229084785
 1.3021E-02,0.007299862874393752
 1.3043E-02,0.005492436963479277
 1.3065E-02,0.0038071966100886867
 1.3088E-02,0.0022632978252120177
 1.3110E-02,0.0009325941816511378
 1.3132E-02,-6.657725119446427e-05
 1.3154E-02,-0.0006111155261582986
 1.3176E-02,-0.0006263373524338624
 1.3199E-02,-0.00011952644976621278
 1.3221E-02,0.0008256333721672179
 1.3243E-02,0.0020900626283206288
 1.3265E-02,0.0035712773333431815
 1.3288E-02,0.005215941038999279
 1.3310E-02,0.0070148403458468855
 1.3332E-02,0.008965188667353848
 1.3354E-02,0.011025031250600425
 1.3376E-02,0.013089287559401641
 1.3399E-02,0.015003853125797368
 1.3421E-02,0.0166111809299127
 1.3443E-02,0.01780176310775032
 1.3465E-02,0.018542361015770184
 1.3488E-02,0.018865768826127734
 1.3510E-02,0.018829847300274698
 1.3532E-02,0.01847163397458802
 1.3554E-02,0.017784673707639167
 1.3576E-02,0.016733054032933542
 1.3599E-02,0.015292966851118297
 1.3621E-02,0.013495690702584788
 1.3643E-02,0.0114448656310021
 1.3665E-02,0.009296310531822845
 1.3688E-02,0.007211006867134965
 1.3710E-02,0.0053077116032901606
 1.3732E-02,0.003641520314730355
 1.3754E-02,0.002218847890599322
 1.3776E-02,0.001037414607884744
 1.3799E-02,0.00012509923969497507
 1.3821E-02,-0.0004472991981902578
 1.3843E-02,-0.0005881329111724595
 1.3865E-02,-0.00022918102098182252
 1.3888E-02,0.0006341441848331099
 1.3910E-02,0.0019307290355677885
 1.3932E-02,0.0035372842144489125
 1.3954E-02,0.005323945832667718
 1.3976E-02,0.007195676466389666
 1.3999E-02,0.009106235086332508
 1.4021E-02,0.011038395803572194
 1.4043E-02,0.01296461529860124
 1.4065E-02,0.01481410564845446
 1.4087E-02,0.0164682410072539
 1.4110E-02,0.01778893513454358
 1.4132E-02,0.018664562252374173
 1.4154E-02,0.01904726491992328
 1.4176E-02,0.018960527917834778
 1.4199E-02,0.01847358014530592
 1.4221E-02,0.01765877593071243
 1.4243E-02,0.016557784260697643
 1.4265E-02,0.015176445049077777
 1.4287E-02,0.013510290902457416
 1.4310E-02,0.011583863348796256
 1.4332E-02,0.00947846150122698
 1.4354E-02,0.007329880414303517
 1.4376E-02,0.005295725121095489
 1.4399E-02,0.00351007212077241
 1.4421E-02,0.0020506642766588788
 1.4443E-02,0.0009361376482818833
 1.4465E-02,0.0001527640829592469
 1.4487E-02,-0.00030725069867378984
 1.4510E-02,-0.0004203113793129408
 1.4532E-02,-0.00013490625251637073
 1.4554E-02,0.0005978330377596564
 1.4576E-02,0.0017850202745683741
 1.4599E-02,0.003368326326914056
 1.4621E-02,0.005230687618589352
 1.4643E-02,0.007230430752255389
 1.4665E-02,0.009243731619302135
 1.4687E-02,0.011191715610563927
 1.4710E-02,0.013038079706809166
 1.4732E-02,0.014761035131284453
 1.4754E-02,0.01631879509684922
 1.4776E-02,0.017631492883535032
 1.4799E-02,0.018592184417824262
 1.4821E-02,0.019101723578292817
 1.4843E-02,0.019107620260927126
 1.4865E-02,0.018624345327323915
 1.4887E-02,0.01772346967392087
 1.4910E-02,0.016499847736415305
 1.4932E-02,0.015033987552665249
 1.4954E-02,0.013372440545296786
 1.4976E-02,0.011536608445879955
 1.4998E-02,0.009552830876020926
 1.5021E-02,0.007483609205862527
 1.5043E-02,0.005439133482568808
 1.5065E-02,0.003560211568759956
 1.5087E-02,0.0019809558060779895
 1.5110E-02,0.0007917396739637887
 1.5132E-02,2.2751427998539495e-05
 1.5154E-02,-0.0003438176711539126
 1.5176E-02,-0.00034182833132586797
 1.5198E-02,1.0250922434627276e-05
 1.5221E-02,0.0007209353955057974
 1.5243E-02,0.0018106382616988445
 1.5265E-02,0.0032796033657006137
 1.5287E-02,0.005079108852241883
 1.5310E-02,0.00710447941384952
 1.5332E-02,0.00921556040640071
 1.5354E-02,0.011274041059240682
 1.5376E-02,0.013177141034163552
 1.5398E-02,0.014869587479665974
 1.5421E-02,0.01632898990747769
 1.5443E-02,0.01753567211541007
 1.5465E-02,0.018447119993671008
 1.5487E-02,0.0189940187650314
 1.5510E-02,0.019101394842826927
 1.5532E-02,0.01872284014774612
 1.5554E-02,0.01786757821256305
 1.5576E-02,0.016604156253527742
 1.5598E-02,0.015038315297239993
 1.5621E-02,0.013277734316732513
 1.5643E-02,0.011403738537021925
 1.5665E-02,0.00946534459266783
 1.5687E-02,0.0074971629647821916
 1.5710E-02,0.005548126589452971
 1.5732E-02,0.0037015257101575905
 1.5754E-02,0.0020722259341940954
 1.5776E-02,0.0007808674865586525
 1.5798E-02,-8.116121026698574e-05
 1.5821E-02,-0.00047651773520047486
 1.5843E-02,-0.00042299399377690623
 1.5865E-02,2.8630291323670295e-05
 1.5887E-02,0.000826000977595413
 1.5910E-02,0.0019369130635417252
 1.5932E-02,0.003348808663436362
 1.5954E-02,0.005047388189043736
 1.5976E-02,0.006988603734356002
 1.5998E-02,0.009082518462598029
 1.6021E-02,0.011200529699842105
 1.6043E-02,0.013203521022386255
 1.6065E-02,0.014976033454018057
 1.6087E-02,0.016448019174567716
 1.6109E-02,0.017593240967156754
 1.6132E-02,0.018407333830043487
 1.6154E-02,0.018880509868688587
 1.6176E-02,0.018982673042862604
 1.6198E-02,0.01867071455363198
 1.6221E-02,0.017913896967403014
 1.6243E-02,0.016721924065906363
 1.6265E-02,0.015158353507068746
 1.6287E-02,0.013330554938241545
 1.6309E-02,0.011361222568169327
 1.6332E-02,0.009357164807383233
 1.6354E-02,0.00739230858605517
 1.6376E-02,0.005512953349979618
 1.6398E-02,0.003759756384439112
 1.6421E-02,0.002190920970508682
 1.6443E-02,0.0008905664311482798
 1.6465E-02,-4.451929918055026e-05
 1.6487E-02,-0.000533247032285749
 1.6509E-02,-0.000537871154550848
 1.6532E-02,-7.525236134813847e-05
 1.6554E-02,0.0007943955304912248
 1.6576E-02,0.0019943099300087953
 1.6598E-02,0.0034577530752674807
 1.6621E-02,0.0051392685743733854
 1.6643E-02,0.007005240148209288
 1.6665E-02,0.009011184523004947
 1.6687E-02,0.011081400330210427
 1.6709E-02,0.013105259699903005
 1.6732E-02,0.01495442241168846
 1.6754E-02,0.016512637755370072
 1.6776E-02,0.017702182284376606
 1.6798E-02,0.018492928359036275
 1.6821E-02,0.018890331692009377
 1.6843E-02,0.018911019793818526
 1.6865E-02,0.018561681037919043
 1.6887E-02,0.017834418234036184
 1.6909E-02,0.016721261573954253
 1.6932E-02,0.015238526601725038
 1.6954E-02,0.013445423240267613
 1.6976E-02,0.011444525938365376
 1.6998E-02,0.009362403480090476
 1.7021E-02,0.007320384630730981
 1.7043E-02,0.005411076060193616
 1.7065E-02,0.0036925341105528546
 1.7087E-02,0.0022012602372408537
 1.7109E-02,0.0009739588212681616
 1.7132E-02,6.30053524021567e-05
 1.7154E-02,-0.0004652537220118183
 1.7176E-02,-0.0005495144736110095
 1.7198E-02,-0.00015920673803101614
 1.7220E-02,0.0006881204780121348
 1.7243E-02,0.001928053152229647
 1.7265E-02,0.003468734263129369
 1.7287E-02,0.005217522404051741
 1.7309E-02,0.007100089805906935
 1.7332E-02,0.009062149246091143
 1.7354E-02,0.011054775016132362
 1.7376E-02,0.013014325916036584
 1.7398E-02,0.014851246488014242
 1.7420E-02,0.01645658759152487
 1.7443E-02,0.017724271199100312
 1.7465E-02,0.01857747454768556
 1.7487E-02,0.018984841581934156
 1.7509E-02,0.01895812482299724
 1.7532E-02,0.0185337234332648
 1.7554E-02,0.017749841384940863
 1.7576E-02,0.016633088037115575
 1.7598E-02,0.015202093852871261
 1.7620E-02,0.013484973645426333
 1.7643E-02,0.011538767377548277
 1.7665E-02,0.009457563954038947
 1.7687E-02,0.007362670728222585
 1.7709E-02,0.005378855998959287
 1.7732E-02,0.003608916363294953
 1.7754E-02,0.0021196944596831783
 1.7776E-02,0.0009457524709590613
 1.7798E-02,0.00010642489459668659
 1.7820E-02,-0.00037575536075910724
 1.7843E-02,-0.00046764572869935816
 1.7865E-02,-0.0001343758105424263
 1.7887E-02,0.0006404537540344169
 1.7909E-02,0.001835436160780891
 1.7932E-02,0.0033849107348617787
 1.7954E-02,0.005190040400880018
 1.7976E-02,0.007141898569508287
 1.7998E-02,0.009144218707736159
 1.8020E-02,0.01112401627056378
 1.8043E-02,0.013025848298941597
 1.8065E-02,0.014795440388508458
 1.8087E-02,0.016364770826876315
 1.8109E-02,0.01764965061721898
 1.8132E-02,0.018563057653923427
 1.8154E-02,0.01903770921706025
 1.8176E-02,0.019045503882623247
 1.8198E-02,0.01860305177401082
 1.8220E-02,0.01776055047647136
 1.8243E-02,0.016580874131976977
 1.8265E-02,0.015121133941270837
 1.8287E-02,0.013426944185280726
 1.8309E-02,0.011541494337642818
 1.8332E-02,0.009522257359556632
 1.8354E-02,0.007453362604482321
 1.8376E-02,0.0054441862488786765
 1.8398E-02,0.003612979637036634
 1.8420E-02,0.0020633426029564046
 1.8443E-02,0.0008656509784274308
 1.8465E-02,5.263137501193332e-05
 1.8487E-02,-0.00037003967582462934
 1.8509E-02,-0.0004059232803899314
 1.8531E-02,-5.446933099087389e-05
 1.8554E-02,0.0006894033159140953
 1.8576E-02,0.0018226155339238358
 1.8598E-02,0.0033162704720167612
 1.8620E-02,0.005104532222280281
 1.8643E-02,0.007087935009329808
 1.8665E-02,0.009150639274150354
 1.8687E-02,0.011183046071451768
 1.8709E-02,0.013098203821502355
 1.8731E-02,0.014834345709930224
 1.8754E-02,0.016344292116088024
 1.8776E-02,0.01758026062100019
 1.8798E-02,0.018485150786152472
 1.8820E-02,0.018997131336645545
 1.8843E-02,0.01906596322730394
 1.8865E-02,0.018672045257584518
 1.8887E-02,0.017837170519121356
 1.8909E-02,0.01662061692045591
 1.8931E-02,0.015102635266425433
 1.8954E-02,0.013364540376993535
 1.8976E-02,0.011476179067934569
 1.8998E-02,0.009496668895481626
 1.9020E-02,0.00748598940816566
 1.9043E-02,0.005518309913504181
 1.9065E-02,0.0036868737169438387
 1.9087E-02,0.002095415407038263
 1.9109E-02,0.0008393045203064129
 1.9131E-02,-1.4081345521520239e-05
 1.9154E-02,-0.00043561968240270676
 1.9176E-02,-0.00043058583471918655
 1.9198E-02,-2.4038169502619015e-05
 1.9220E-02,0.0007552019561650274
 1.9243E-02,0.0018823134516124838
 1.9265E-02,0.0033318090776530986
 1.9287E-02,0.005064197803952762
 1.9309E-02,0.0070133130065089515
 1.9331E-02,0.009083520913812178
 1.9354E-02,0.011160296047389497
 1.9376E-02,0.013129780349033001
 1.9398E-02,0.01489766456451996
 1.9420E-02,0.016398201626301703
 1.9443E-02,0.017590068658506198
 1.9465E-02,0.01844355280729255
 1.9487E-02,0.018928467315840126
 1.9509E-02,0.01901136453937169
 1.9531E-02,0.01866456114893182
 1.9554E-02,0.0178819294206264
 1.9576E-02,0.016691925933040388
 1.9598E-02,0.015159623756454027
 1.9620E-02,0.013375777312977923
 1.9642E-02,0.011438379252674912
 1.9665E-02,0.009436294665867455
 1.9687E-02,0.007442943158069933
 1.9709E-02,0.005521686490624277
 1.9731E-02,0.0037374214601239237
 1.9754E-02,0.0021651887957627467
 1.9776E-02,0.0008885695311022473
 1.9798E-02,-1.2987356730478493e-05
 1.9820E-02,-0.00048185353065585137
 1.9842E-02,-0.0004955873912011664
 1.9865E-02,-6.892300637970783e-05
 1.9887E-02,0.000756222550411925
 1.9909E-02,0.0019265926321892066
 1.9931E-02,0.003390150867738891
 1.9954E-02,0.005098702240999878
 1.9976E-02,0.007000336291379456
 1.9998E-02,0.009027911500767916
 2.0020E-02,0.011092407327546218
 2.0042E-02,0.013087173195690945
 2.0065E-02,0.01490260769901503
 2.0087E-02,0.01644453051458759
 2.0109E-02,0.017647237700078474
 2.0131E-02,0.018475309682282108
 2.0154E-02,0.01891479297211085
 2.0176E-02,0.018960441277805693
 2.0198E-02,0.01860763901294584
 2.0220E-02,0.017854317422891303
 2.0242E-02,0.016711665695569155
 2.0265E-02,0.01521670420373867
 2.0287E-02,0.013438294447750299
 2.0309E-02,0.01147179143685368
 2.0331E-02,0.009424081029905912
 2.0354E-02,0.0073962371337424945
 2.0376E-02,0.005472199416381603
 2.0398E-02,0.0037180651428553855
 2.0420E-02,0.002190154378805739
 2.0442E-02,0.000944838084238078
 2.0465E-02,4.2299591897548535e-05
 2.0487E-02,-0.0004596283762181271
 2.0509E-02,-0.0005190869629563932
 2.0531E-02,-0.00012396523275314442
 2.0553E-02,0.0007019460300438729
 2.0576E-02,0.0019040133308480148
 2.0598E-02,0.00341032805903826
 2.0620E-02,0.0051464323677309735
 2.0642E-02,0.007043611586370794
 2.0665E-02,0.009037422324705155
 2.0687E-02,0.011059286970484267
 2.0709E-02,0.013028322327506647
 2.0731E-02,0.014850478616219537
 2.0753E-02,0.01642762230895212
 2.0776E-02,0.01767310150945638
 2.0798E-02,0.018526270138748014
 2.0820E-02,0.018958862110715853
 2.0842E-02,0.018970734126208196
 2.0865E-02,0.01857853218088227
 2.0887E-02,0.01780464755114002
 2.0909E-02,0.016673148922179307
 2.0931E-02,0.015214672593177818
 2.0953E-02,0.013476411103448062
 2.0976E-02,0.011529910499691928
 2.0998E-02,0.00947042885875792
 2.1020E-02,0.007406467948600087
 2.1042E-02,0.005443815674978314
 2.1065E-02,0.0036715859013196827
 2.1087E-02,0.00215645519403507
 2.1109E-02,0.0009463949136788179
 2.1131E-02,7.96579518272867e-05
 2.1153E-02,-0.0004080764506932467
 2.1176E-02,-0.0004839946385284857
 2.1198E-02,-0.00012656933209594296
 2.1220E-02,0.000662514974110025
 2.1242E-02,0.0018500770552349033
 2.1265E-02,0.0033721572234928516
 2.1287E-02,0.0051440977616082325
 2.1309E-02,0.007075122560721294
 2.1331E-02,0.009080228864179956
 2.1353E-02,0.011084139679484042
 2.1376E-02,0.01301706125209453
 2.1398E-02,0.01480701708846156
 2.1420E-02,0.01637556034856182
 2.1442E-02,0.01764149584888207
 2.1465E-02,0.018532207674579314
 2.1487E-02,0.018997347533109766
 2.1509E-02,0.01901792121648773
 2.1531E-02,0.018606246688523842
 2.1553E-02,0.017797366357653714
 2.1576E-02,0.016637194251533736
 2.1598E-02,0.01517415427126009
 2.1620E-02,0.013458475021233
 2.1642E-02,0.011548265656827077
 2.1664E-02,0.009517081719405367
 2.1687E-02,0.00745656704002352
 2.1709E-02,0.0054705827076424515
 2.1731E-02,0.003662276654469783
 2.1753E-02,0.002119759310289543
 2.1776E-02,0.0009069130903472656
 2.1798E-02,6.289193351723327e-05
 2.1820E-02,-0.00039112302348757625
 2.1842E-02,-0.0004433537454200558
 2.1864E-02,-8.713209866151593e-05
 2.1887E-02,0.0006760777765232751
 2.1909E-02,0.0018281730468525704
 2.1931E-02,0.00332598784591812
 2.1953E-02,0.005098865223243808
 2.1976E-02,0.007054897745604832
 2.1998E-02,0.009093628710155826
 2.2020E-02,0.011119411451928438
 2.2042E-02,0.013049455507896622
 2.2064E-02,0.014813919928157854
 2.2087E-02,0.016350218577798392
 2.2109E-02,0.017597079817556333
 2.2131E-02,0.018493832060691176
 2.2153E-02,0.018986939124509987
 2.2176E-02,0.019041095699633248
 2.2198E-02,0.018649078354372392
 2.2220E-02,0.017834915751725734
 2.2242E-02,0.016648563969566398
 2.2264E-02,0.01515495753470701
 2.2287E-02,0.01342323882710381
 2.2309E-02,0.011521414449940256
 2.2331E-02,0.009518030474503973
 2.2353E-02,0.00748794563566129
 2.2376E-02,0.0055166483869311935
 2.2398E-02,0.0036983833420022906
 2.2420E-02,0.00212710211079718
 2.2442E-02,0.0008836517574323725
 2.2464E-02,2.5011874548577675e-05
 2.2487E-02,-0.000419635338304225
 2.2509E-02,-0.00044502895284782054
 2.2531E-02,-6.147357240592581e-05
 2.2553E-02,0.0007124448908525888
 2.2576E-02,0.0018516659610322457
 2.2598E-02,0.003320358090228316
 2.2620E-02,0.0050650007360174025
 2.2642E-02,0.007010276238410749
 2.2664E-02,0.009061821359802519
 2.2687E-02,0.01111601191352228
 2.2709E-02,0.01307291408183734
 2.2731E-02,0.014846754230294669
 2.2753E-02,0.016369791219811965
 2.2776E-02,0.01758938162755034
 2.2798E-02,0.018461947119340884
 2.2820E-02,0.018949131043633154
 2.2842E-02,0.019019743165585818
 2.2864E-02,0.018657191040375498
 2.2887E-02,0.017868367777419666
 2.2909E-02,0.01668867445580524
 2.2931E-02,0.015179780076755092
 2.2953E-02,0.013420694365136846
 2.2975E-02,0.011496354404132983
 2.2998E-02,0.009489040680452324
 2.3020E-02,0.007475910154266498
 2.3042E-02,0.005532027742443135
 2.3064E-02,0.003734870095537891
 2.3087E-02,0.00216541434868436
 2.3109E-02,0.000903101647808681
 2.3131E-02,1.583965356345956e-05
 2.3153E-02,-0.0004505686059809115
 2.3175E-02,-0.000478546827151106
 2.3198E-02,-7.771782723375018e-05
 2.3220E-02,0.0007220965510846602
 2.3242E-02,0.0018795544914659255
 2.3264E-02,0.0033473439993487756
 2.3287E-02,0.005072149732113715
 2.3309E-02,0.0069903541489607
 2.3331E-02,0.00902368745593786
 2.3353E-02,0.011079315457258432
 2.3375E-02,0.013056346039261191
 2.3398E-02,0.014856959847504582
 2.3420E-02,0.01639760301862798
 2.3442E-02,0.017615580726717595
 2.3464E-02,0.018469009514888217
 2.3487E-02,0.01893183814652359
 2.3509E-02,0.018988273700057914
 2.3531E-02,0.018630889310250576
 2.3553E-02,0.017864013921605682
 2.3575E-02,0.01671036382248986
 2.3598E-02,0.015216492195509908
 2.3620E-02,0.01345295196349133
 2.3642E-02,0.01150789106384427
 2.3664E-02,0.009476420200801562
 2.3687E-02,0.007450337842929367
 2.3709E-02,0.005512341343150209
 2.3731E-02,0.003736008005699105
 2.3753E-02,0.00218933575165907
 2.3775E-02,0.0009375960260476651
 2.3798E-02,4.187623625131814e-05
 2.3820E-02,-0.0004474335921571174
 2.3842E-02,-0.0004995839022077034
 2.3864E-02,-0.00011038704933881682
 2.3887E-02,0.0006965170674683942
 2.3909E-02,0.00187471928914314
 2.3931E-02,0.003363750931305698
 2.3953E-02,0.005097041510849912
 2.3975E-02,0.007005605942215187
 2.3998E-02,0.009016877016403748
 2.4020E-02,0.011051292836255958
 2.4042E-02,0.013020770330149816
 2.4064E-02,0.014832132583743211
 2.4086E-02,0.01639556040318356
 2.4109E-02,0.017635022808469816
 2.4131E-02,0.018496288950230845
 2.4153E-02,0.01894934852404629
 2.4175E-02,0.01898512705882598
 2.4198E-02,0.018609433978399186
 2.4220E-02,0.017838300951073367
 2.4242E-02,0.016697551650099163
 2.4264E-02,0.01522642423519592
 2.4286E-02,0.01348219820588445
 2.4309E-02,0.011541804079538144
 2.4331E-02,0.009497903264609227
 2.4353E-02,0.007449998857113619
 2.4375E-02,0.005493922966218092
 2.4398E-02,0.003713880082996745
 2.4420E-02,0.0021796341113515445
 2.4442E-02,0.0009483921746566021
 2.4464E-02,6.829455363316231e-05
 2.4486E-02,-0.00042025825688719355
 2.4509E-02,-0.00048754727974590413
 2.4531E-02,-0.00012088093459819492
 2.4553E-02,0.0006689877735349803
 2.4575E-02,0.0018451773967052246
 2.4598E-02,0.003347720942760252
 2.4620E-02,0.005101317320224187
 2.4642E-02,0.007024355498558062
 2.4664E-02,0.009035380252796118
 2.4686E-02,0.011055004772397937
 2.4709E-02,0.013004215298207519
 2.4731E-02,0.01480227483668367
 2.4753E-02,0.016367656584412468
 2.4775E-02,0.017623500662287035
 2.4798E-02,0.018506173740434506
 2.4820E-02,0.018973390147957108
 2.4842E-02,0.019008310710350577
 2.4864E-02,0.018618098622243322
 2.4886E-02,0.017828337862063504
 2.4909E-02,0.016676755436710457
 2.4931E-02,0.015209632016964012
 2.4953E-02,0.013482206868785136
 2.4975E-02,0.011561571227316457
 2.4998E-02,0.009528716778152212
 2.5020E-02,0.007476668340359636
 2.5042E-02,0.005503815668374615
 2.5064E-02,0.00370434338667027
 2.5086E-02,0.002159366636279707
 2.5109E-02,0.0009320001171209474
 2.5131E-02,6.736739035932617e-05
 2.5153E-02,-0.00040416023171751115
 2.5175E-02,-0.0004637969627514772
 2.5197E-02,-0.00010408627762485153
 2.5220E-02,0.0006678103485308372
 2.5242E-02,0.0018252336320002244
 2.5264E-02,0.003318907512578366
 2.5286E-02,0.005078290970531208
 2.5309E-02,0.007017808666103692
 2.5331E-02,0.00904578078403842
 2.5353E-02,0.01107253891792309
 2.5375E-02,0.01301491728082951
 2.5397E-02,0.014796605367159578
 2.5420E-02,0.016346345210377717
 2.5442E-02,0.017597149999279575
 2.5464E-02,0.01848890429480394
 2.5486E-02,0.018974391714163104
 2.5509E-02,0.019026399706860736
 2.5531E-02,0.0186425328531106
 2.5553E-02,0.017845347280224185
 2.5575E-02,0.016677810910975244
 2.5597E-02,0.015196462200869945
 2.5620E-02,0.013465574923845466
 2.5642E-02,0.01155460585161706
 2.5664E-02,0.009538861978055596
 2.5686E-02,0.007501110759246778
 2.5709E-02,0.005531113286950724
 2.5731E-02,0.0037212275420620104
 2.5753E-02,0.002158591036011412
 2.5775E-02,0.0009165196510887168
 2.5797E-02,4.837546148041792e-05
 2.5820E-02,-0.0004140996513594837
 2.5842E-02,-0.00045835453900567056
 2.5864E-02,-8.69363001715234e-05
 2.5886E-02,0.0006852891259590958
 2.5909E-02,0.0018308959836586148
 2.5931E-02,0.0033072147024959643
 2.5953E-02,0.005053684379486562
 2.5975E-02,0.006992083096664505
 2.5997E-02,0.009031074515840868
 2.6020E-02,0.011074179774814022
 2.6042E-02,0.013028420834024102
 2.6064E-02,0.014810594449207194
 2.6086E-02,0.01634958522619473
 2.6108E-02,0.017585430385358126
 2.6131E-02,0.01846761989484162
 2.6153E-02,0.018955297782369557
 2.6175E-02,0.019020535342666258
 2.6197E-02,0.018653601424910966
 2.6220E-02,0.017867534947544127
 2.6242E-02,0.016699320780965764
 2.6264E-02,0.01520659076051213
 2.6286E-02,0.013461044915967958
 2.6308E-02,0.011541356115103598
 2.6331E-02,0.009528262953146066
 2.6353E-02,0.007502936817235163
 2.6375E-02,0.005547531713228882
 2.6397E-02,0.0037454137182000346
 2.6420E-02,0.002178766612172446
 2.6442E-02,0.0009229460654653944
 2.6464E-02,3.9082882349417234e-05
 2.6486E-02,-0.0004322717239463362
 2.6508E-02,-0.00047398615600468375
 2.6531E-02,-9.09407639105209e-05
 2.6553E-02,0.0006942396682293175
 2.6575E-02,0.001845677827207922
 2.6597E-02,0.003316669866532132
 2.6620E-02,0.005049452903057323
 2.6642E-02,0.006973723800216369
 2.6664E-02,0.009006404602750314
 2.6686E-02,0.011054657822556812
 2.6708E-02,0.01302237841398382
 2.6731E-02,0.014818396143091488
 2.6753E-02,0.016363608692800735
 2.6775E-02,0.01759483750145524
 2.6797E-02,0.018465006541501572
 2.6820E-02,0.01894120052108688
 2.6842E-02,0.01900309465271147
 2.6864E-02,0.018643619927047127
 2.6886E-02,0.017871941916708094
 2.6908E-02,0.01671699107011876
 2.6931E-02,0.01522901705737612
 2.6953E-02,0.013477420386707194
 2.6975E-02,0.01154497525238062
 2.6997E-02,0.009520384162632104
 2.7020E-02,0.007491812729315645
 2.7042E-02,0.005543239822182385
 2.7064E-02,0.0037536380107589156
 2.7086E-02,0.0021972816869506168
 2.7108E-02,0.0009428972770429453
 2.7131E-02,5.025688484064893e-05
 2.7153E-02,-0.00043538041547926473
 2.7175E-02,-0.0004889575725066304
 2.7197E-02,-0.00010896617069228648
 2.7220E-02,0.0006830289544972842
 2.7242E-02,0.0018463182723900448
 2.7264E-02,0.0033264505322707456
 2.7286E-02,0.005059702127818457
 2.7308E-02,0.006975185039911695
 2.7331E-02,0.008994939573357515
 2.7353E-02,0.011033840654878167
 2.7375E-02,0.013001437021258267
 2.7397E-02,0.01480676575530774
 2.7419E-02,0.01636539224869727
 2.7442E-02,0.017606501265026706
 2.7464E-02,0.018477668891929415
 2.7486E-02,0.01894609720332353
 2.7508E-02,0.01899690236129901
 2.7531E-02,0.018630431890632397
 2.7553E-02,0.017860731963919275
 2.7575E-02,0.016716130282875493
 2.7597E-02,0.015241170128665832
 2.7619E-02,0.013497892990533429
 2.7642E-02,0.011564480959940154
 2.7664E-02,0.009530532770713838
 2.7686E-02,0.007490001464258862
 2.7708E-02,0.005534019017114878
 2.7731E-02,0.003745768874581016
 2.7753E-02,0.002198298790993354
 2.7775E-02,0.0009544697538194894
 2.7797E-02,6.713208777008972e-05
 2.7819E-02,-0.0004222432678457101
 2.7842E-02,-0.0004869772435136058
 2.7864E-02,-0.00011951709236060379
 2.7886E-02,0.0006654055205517417
 2.7908E-02,0.001830624529364354
 2.7931E-02,0.003319869003323689
 2.7953E-02,0.005063392558687679
 2.7975E-02,0.006983753250730647
 2.7997E-02,0.008999865232974205
 2.8019E-02,0.0110287689913839
 2.8042E-02,0.012986132973982985
 2.8064E-02,0.014787355400626406
 2.8086E-02,0.016350766526363292
 2.8108E-02,0.017603067989794465
 2.8131E-02,0.01848561870441318
 2.8153E-02,0.01895941566775433
 2.8175E-02,0.019007088957661383
 2.8197E-02,0.01863165558999872
 2.8219E-02,0.017853306999915518
 2.8242E-02,0.0167062338969
 2.8264E-02,0.015237005467705558
 2.8286E-02,0.013504639797422863
 2.8308E-02,0.011581086778416776
 2.8331E-02,0.009550263642187803
 2.8353E-02,0.007504393305258911
 2.8375E-02,0.005537830250125161
 2.8397E-02,0.00373995571641112
 2.8419E-02,0.002189250050637798
 2.8442E-02,0.0009500001484212619
 2.8464E-02,7.167391065383583e-05
 2.8486E-02,-0.00041035193518093615
 2.8508E-02,-0.0004744943956058556
 2.8530E-02,-0.00011421675341336641
 2.8553E-02,0.0006594217276288527
 2.8575E-02,0.0018154042182533655
 2.8597E-02,0.0033024024886427654
 2.8619E-02,0.005051472433040971
 2.8642E-02,0.006981404850350964
 2.8664E-02,0.009005091678415029
 2.8686E-02,0.011034943504612201
 2.8708E-02,0.012986168713295193
 2.8730E-02,0.01477811838707662
 2.8753E-02,0.0163350685663
 2.8775E-02,0.017588051828872426
 2.8797E-02,0.018478528562315768
 2.8819E-02,0.01896331443745348
 2.8842E-02,0.0190190976941498
 2.8864E-02,0.018644753463655152
 2.8886E-02,0.01786057868651466
 2.8908E-02,0.016704987840423638
 2.8930E-02,0.015230287027698838
 2.8953E-02,0.01349925399978647
 2.8975E-02,0.011583354837718014
 2.8997E-02,0.009562090784666483
 2.9019E-02,0.007522015418960085
 2.9042E-02,0.005553975043985448
 2.9064E-02,0.0037480954784615797
 2.9086E-02,0.002187378843315177
 2.9108E-02,0.0009416772590889225
 2.9130E-02,6.373659358914843e-05
 2.9153E-02,-0.00041199976439151685
 2.9175E-02,-0.0004684696457334677
 2.9197E-02,-0.00010447040796430216
 2.9219E-02,0.0006660319276145558
 2.9242E-02,0.0018132980344537572
 2.9264E-02,0.0032906904676939077
 2.9286E-02,0.005034551093589884
 2.9308E-02,0.006966392991851399
 2.9330E-02,0.008997666220247226
 2.9353E-02,0.011036083467912478
 2.9375E-02,0.012991752183926912
 2.9397E-02,0.01478158787536151
 2.9419E-02,0.01633153270952559
 2.9442E-02,0.01757733866311845
 2.9464E-02,0.01846535491998793
 2.9486E-02,0.018954486591320794
 2.9508E-02,0.019019447935906608
 2.9530E-02,0.018654266917271897
 2.9553E-02,0.01787442991802736
 2.9575E-02,0.016716441925253837
 2.9597E-02,0.01523469667614921
 2.9619E-02,0.013496740957122923
 2.9641E-02,0.011578577928998612
 2.9664E-02,0.009561270966479744
 2.9686E-02,0.007529036994130845
 2.9708E-02,0.005567921269285488
 2.9730E-02,0.003763693095046674
 2.9753E-02,0.0021980647778851743
 2.9775E-02,0.0009434283353618564
 2.9797E-02,5.736140396009944e-05
 2.9819E-02,-0.0004214648037604302
 2.9841E-02,-0.00047486931530910955
 2.9864E-02,-0.000104255395226216
 2.9886E-02,0.0006717063844972394
 2.9908E-02,0.0018193459469103767
 2.9930E-02,0.0032912524365784077
 2.9953E-02,0.005026617705703143
 2.9975E-02,0.0069517099153015
 2.9997E-02,0.008981783651261656
 3.0019E-02,0.011025136018118296
 3.0041E-02,0.012988915264813113
 3.0064E-02,0.01478533768456808
 3.0086E-02,0.016336737287112685
 3.0108E-02,0.017578496884574177
 3.0130E-02,0.018460012681843635
 3.0153E-02,0.01894476782196633
 3.0175E-02,0.019010789658510916
 3.0197E-02,0.018652139635751082
 3.0219E-02,0.01788103317374262
 3.0241E-02,0.016729365110575767
 3.0264E-02,0.01524833660762958
 3.0286E-02,0.013505602626668124
 3.0308E-02,0.011580460328102223
 3.0330E-02,0.009558427919509315
 3.0353E-02,0.007526638922345421
 3.0375E-02,0.005570773095213928
 3.0397E-02,0.0037732027876774344
 3.0419E-02,0.0022112878582116378
 3.0441E-02,0.0009547497326416498
 3.0464E-02,6.178691329958687e-05
 3.0486E-02,-0.0004253929515153646
 3.0508E-02,-0.0004842762551766883
 3.0530E-02,-0.0001137147626583314
 3.0552E-02,0.0006669051050776714
 3.0575E-02,0.0018204167036254399
 3.0597E-02,0.003295282468062475
 3.0619E-02,0.005028446859572374
 3.0641E-02,0.006947167471234557
 3.0664E-02,0.008970322509842605
 3.0686E-02,0.011010279364562985
 3.0708E-02,0.012976256486632039
 3.0730E-02,0.014779307482980494
 3.0752E-02,0.01633808542765844
 3.0775E-02,0.01758399284718882
 3.0797E-02,0.018464523736305864
 3.0819E-02,0.018944441251183757
 3.0841E-02,0.019005411381695543
 3.0864E-02,0.01864525338198568
 3.0886E-02,0.01787776549658133
 3.0908E-02,0.016733284902734135
 3.0930E-02,0.01525924939608911
 3.0952E-02,0.013519602174534216
 3.0975E-02,0.011592191068557559
 3.0997E-02,0.009564183022999112
 3.1019E-02,0.007526429537771648
 3.1041E-02,0.005568140506275117
 3.1064E-02,0.0037729132098727343
 3.1086E-02,0.002216320166128954
 3.1108E-02,0.0009643976218132603
 3.1130E-02,7.20106444847355e-05
 3.1152E-02,-0.0004195914372869077
 3.1175E-02,-0.0004858944406197327
 3.1197E-02,-0.00012198564468080133
 3.1219E-02,0.0006560337715424164
 3.1241E-02,0.0018118651211367484
 3.1264E-02,0.0032919481044449517
 3.1286E-02,0.005029576819152044
 3.1308E-02,0.006948957944588524
 3.1330E-02,0.008968363527063783
 3.1352E-02,0.01100235607765034
 3.1375E-02,0.012963813740697626
 3.1397E-02,0.014766699854161094
 3.1419E-02,0.016330073423746597
 3.1441E-02,0.017582998713675392
 3.1464E-02,0.01846929505688043
 3.1486E-02,0.018950911888458384
 3.1508E-02,0.019009221247569298
 3.1530E-02,0.018644394770788168
 3.1552E-02,0.01787376081168236
 3.1575E-02,0.016730199265182988
 3.1597E-02,0.015261152411559616
 3.1619E-02,0.013528022712487455
 3.1641E-02,0.011605100676722225
 3.1664E-02,0.009577111097613765
 3.1686E-02,0.0075350265367034016
 3.1708E-02,0.0055706417571005085
 3.1730E-02,0.0037710301908272506
 3.1752E-02,0.0022140444046091865
 3.1775E-02,0.000965460270234565
 3.1797E-02,7.754043452364153e-05
 3.1819E-02,-0.00041180299081657436
 3.1841E-02,-0.00048008977937913296
 3.1863E-02,-0.00012189699715633653
 3.1886E-02,0.0006494329888767044
 3.1908E-02,0.0018009652935548994
 3.1930E-02,0.0032811125057030026
 3.1952E-02,0.005022602174279199
 3.1975E-02,0.006946916216890737
 3.1997E-02,0.008969113742682722
 3.2019E-02,0.011002001585091153
 3.2041E-02,0.012959208346633446
 3.2063E-02,0.014757481458428746
 3.2086E-02,0.01631899864691269
 3.2108E-02,0.017574383442809892
 3.2130E-02,0.018466508118856927
 3.2152E-02,0.0189544333017619
 3.2175E-02,0.01901642644022114
 3.2197E-02,0.018651179049387265
 3.2219E-02,0.01787701045295678
 3.2241E-02,0.01672961513280693
 3.2263E-02,0.015259335638475792
 3.2286E-02,0.01352878879350159
 3.2308E-02,0.011611055903743317
 3.2330E-02,0.009587960728847907
 3.2352E-02,0.007547631340414326
 3.2375E-02,0.0055807795693457235
 3.2397E-02,0.003775795103451024
 3.2419E-02,0.002213443003809442
 3.2441E-02,0.0009622594993531864
 3.2463E-02,7.547930999834789e-05
 3.2486E-02,-0.0004103454237716668
 3.2508E-02,-0.00047556224550216993
 3.2530E-02,-0.00011730349634600165
 3.2552E-02,0.0006503690298032221
 3.2575E-02,0.001796085106510823
 3.2597E-02,0.003271177528275069
 3.2619E-02,0.0050109109277278905
 3.2641E-02,0.00693742136405796
 3.2663E-02,0.008964176532124933
 3.2686E-02,0.011001130114173077
 3.2708E-02,0.012959524835252263
 3.2730E-02,0.014755618554172071
 3.2752E-02,0.016313267195722514
 3.2775E-02,0.017565899210522623
 3.2797E-02,0.01845860156363754
 3.2819E-02,0.018950706079251988
 3.2841E-02,0.01901863169839287
 3.2863E-02,0.01865820099190926
 3.2886E-02,0.017885547921375564
 3.2908E-02,0.016736144221905225
 3.2930E-02,0.01526216109048286
 3.2952E-02,0.013528951929326061
 3.2974E-02,0.01161156695542473
 3.2997E-02,0.009591837227198634
 3.3019E-02,0.007555938584645466
 3.3041E-02,0.005591857389376306
 3.3063E-02,0.0037861314212673724
 3.3086E-02,0.0022196610493696485
 3.3108E-02,0.0009630213204763634
 3.3130E-02,7.21687941798773e-05
 3.3152E-02,-0.00041455488140825273
 3.3174E-02,-0.0004776784834600232
 3.3197E-02,-0.00011633086016175518
 3.3219E-02,0.0006528591574432879
 3.3241E-02,0.0017969605771381665
 3.3263E-02,0.0032677101435869063
 3.3286E-02,0.0050025092427995795
 3.3308E-02,0.006926088138374843
 3.3330E-02,0.008953420100410343
 3.3352E-02,0.010993989286051862
 3.3374E-02,0.012956894869314912
 3.3397E-02,0.0147558763543211
 3.3419E-02,0.016313405461522053
 3.3441E-02,0.01756347006372914
 3.3463E-02,0.018453288444423448
 3.3486E-02,0.018944575916645078
 3.3508E-02,0.019014922198514046
 3.3530E-02,0.018659382465417595
 3.3552E-02,0.017891831522997382
 3.3574E-02,0.01674533152338914
 3.3597E-02,0.015270916130046828
 3.3619E-02,0.013534721118203646
 3.3641E-02,0.011613990262309592
 3.3663E-02,0.0095928114491676
 3.3686E-02,0.007558312535688243
 3.3708E-02,0.00559756195505259
 3.3730E-02,0.003794879788924291
 3.3752E-02,0.0022290012664960904
 3.3774E-02,0.0009697036151751532
 3.3797E-02,7.400046905783994e-05
 3.3819E-02,-0.0004174802501491436
 3.3841E-02,-0.00048310658057216854
 3.3863E-02,-0.0001212379675832523
 3.3886E-02,0.0006504554535886323
 3.3908E-02,0.0017968611859845163
 3.3930E-02,0.003267742289932925
 3.3952E-02,0.0049999440847739995
 3.3974E-02,0.006919403303298477
 3.3997E-02,0.008943340322671018
 3.4019E-02,0.010983178960414997
 3.4041E-02,0.012948490687643149
 3.4063E-02,0.014751744341382185
 3.4085E-02,0.01631316658491208
 3.4108E-02,0.017564869197747652
 3.4130E-02,0.018453669368072516
 3.4152E-02,0.01894256163106868
 3.4174E-02,0.019011283920592186
 3.4197E-02,0.018656578228043685
 3.4219E-02,0.01789250193906472
 3.4241E-02,0.016750667313605343
 3.4263E-02,0.015279882945589657
 3.4285E-02,0.013544603915796503
 3.4308E-02,0.011621922413965294
 3.4330E-02,0.009597365282382838
 3.4352E-02,0.007560200213848334
 3.4374E-02,0.00559903970906128
 3.4397E-02,0.0037982317109026536
 3.4419E-02,0.0022350282320643816
 3.4441E-02,0.0009771308983847057
 3.4463E-02,8.015707318171446e-05
 3.4485E-02,-0.00041512489656050347
 3.4508E-02,-0.000485474872365436
 3.4530E-02,-0.00012712352926206796
 3.4552E-02,0.0006436573547844878
 3.4574E-02,0.0017916202148284372
 3.4597E-02,0.003264981720021748
 3.4619E-02,0.004998595084695185
 3.4641E-02,0.006917181092652769
 3.4663E-02,0.008938261637029132
 3.4685E-02,0.010974897431299774
 3.4708E-02,0.012938642165460238
 3.4730E-02,0.014743095023652376
 3.4752E-02,0.01630807864018701
 3.4774E-02,0.01756400616919706
 3.4797E-02,0.01845571346558138
 3.4819E-02,0.01894510106230838
 3.4841E-02,0.019012323689405575
 3.4863E-02,0.018655757701439717
 3.4885E-02,0.017891287577838116
 3.4908E-02,0.01675141339307123
 3.4930E-02,0.015284336923796276
 3.4952E-02,0.0135527637387422
 3.4974E-02,0.011631934399400093
 3.4997E-02,0.00960651995137578
 3.5019E-02,0.007566423330472761
 3.5041E-02,0.00560198412576275
 3.5063E-02,0.0037993240287207686
 3.5085E-02,0.0022364580818898454
 3.5108E-02,0.0009804053846565058
 3.5130E-02,8.509765182328102e-05
 3.5152E-02,-0.0004103401690280558
 3.5174E-02,-0.00048325454149400807
 3.5196E-02,-0.00012903200969325147
 3.5219E-02,0.000637843453665133
 3.5241E-02,0.0017838055991220994
 3.5263E-02,0.0032576660424516466
 3.5285E-02,0.004993463457458818
 3.5308E-02,0.006914216313936328
 3.5330E-02,0.00893590253536047
 3.5352E-02,0.010971134648621914
 3.5374E-02,0.012932379418296551
 3.5396E-02,0.014734948672134273
 3.5419E-02,0.01630013214076524
 3.5441E-02,0.017558668725600645
 3.5463E-02,0.018454371079295897
 3.5485E-02,0.018947369134725806
 3.5508E-02,0.01901634317046038
 3.5530E-02,0.018659346144669006
 3.5552E-02,0.017893244365847428
 3.5574E-02,0.0167521925628961
 3.5596E-02,0.015285689683308215
 3.5619E-02,0.013556577660215592
 3.5641E-02,0.01163897886283034
 3.5663E-02,0.009615858393991684
 3.5685E-02,0.007575845624751233
 3.5708E-02,0.005609196342132019
 3.5730E-02,0.003803180334745062
 3.5752E-02,0.002237500789186628
 3.5774E-02,0.000980401058918182
 3.5796E-02,8.586214464348851e-05
 3.5819E-02,-0.0004081116154301096
 3.5841E-02,-0.0004804464052223698
 3.5863E-02,-0.00012758494163808785
 3.5885E-02,0.0006361174169959696
 3.5908E-02,0.0017783520312746825
 3.5930E-02,0.0032495820503338113
 3.5952E-02,0.004984922446481891
 3.5974E-02,0.006907272117028627
 3.5996E-02,0.008931390825507948
 3.6019E-02,0.010968325333430408
 3.6041E-02,0.012929577249112232
 3.6063E-02,0.014730667494342185
 3.6085E-02,0.016294125779944213
 3.6108E-02,0.017552193153569862
 3.6130E-02,0.01844952033257982
 3.6152E-02,0.018945887202728377
 3.6174E-02,0.019018627770240798
 3.6196E-02,0.018664240521539567
 3.6219E-02,0.01789873530081532
 3.6241E-02,0.01675658742515795
 3.6263E-02,0.015288561806480451
 3.6285E-02,0.013558916129696686
 3.6307E-02,0.011642463680698666
 3.6330E-02,0.009621709836828396
 3.6352E-02,0.007583949328003824
 3.6374E-02,0.005618033885436581
 3.6396E-02,0.00381060631735728
 3.6419E-02,0.0022418984093068566
 3.6441E-02,0.0009815248746359725
 3.6463E-02,8.487019273211197e-05
 3.6485E-02,-0.00040944399443850594
 3.6507E-02,-0.00048084862040027074
 3.6530E-02,-0.00012707050012355587
 3.6552E-02,0.0006362801876335816
 3.6574E-02,0.0017764533656979334
 3.6596E-02,0.0032445718984426913
 3.6619E-02,0.004977132787244773
 3.6641E-02,0.006898325111394793
 3.6663E-02,0.008923348769103018
 3.6685E-02,0.010962592916171727
 3.6707E-02,0.012926211557414727
 3.6730E-02,0.014728501291251831
 3.6752E-02,0.01629161762380149
 3.6774E-02,0.017548481470779576
 3.6796E-02,0.01844504011255571
 3.6819E-02,0.018942176835922628
 3.6841E-02,0.019017445086995318
 3.6863E-02,0.01866652345512852
 3.6885E-02,0.01790403330034637
 3.6907E-02,0.01676330254239414
 3.6930E-02,0.015294849361014246
 3.6952E-02,0.0135637003348658
 3.6974E-02,0.011645960336756465
 3.6996E-02,0.009625151161530092
 3.7019E-02,0.007588689346170055
 3.7041E-02,0.005624584026473131
 3.7063E-02,0.0038181879114971575
 3.7085E-02,0.00224878272184012
 3.7107E-02,0.0009859555079733769
 3.7130E-02,8.601430147859516e-05
 3.7152E-02,-0.0004110824135432074
 3.7174E-02,-0.0004837933607581258
 3.7196E-02,-0.00012978805703728276
 3.7219E-02,0.0006344700375823249
 3.7241E-02,0.0017750174550131058
 3.7263E-02,0.003242164111713189
 3.7285E-02,0.004972505652215008
 3.7307E-02,0.006891196869089924
 3.7330E-02,0.008914700046296423
 3.7352E-02,0.010954212897059442
 3.7374E-02,0.012919765546051405
 3.7396E-02,0.014724677366179103
 3.7418E-02,0.016289858785187027
 3.7441E-02,0.017547454194558828
 3.7463E-02,0.01844354649695597
 3.7485E-02,0.01893995340964111
 3.7507E-02,0.019015364783085468
 3.7530E-02,0.018666081597170765
 3.7552E-02,0.017906431908287983
 3.7574E-02,0.016768687977613883
 3.7596E-02,0.015302162711209578
 3.7618E-02,0.013571228393886553
 3.7641E-02,0.011652253753413498
 3.7663E-02,0.009629759374707074
 3.7685E-02,0.007592277863971547
 3.7707E-02,0.005628375420183852
 3.7730E-02,0.003823075060904935
 3.7752E-02,0.0022546564205173578
 3.7774E-02,0.0009916544314123967
 3.7796E-02,8.992733219908677e-05
 3.7818E-02,-0.00041012421622440437
 3.7841E-02,-0.00048586956444466656
 3.7863E-02,-0.00013387061063246253
 3.7885E-02,0.0006299012114249446
 3.7907E-02,0.0017710991837572943
 3.7930E-02,0.0032390407405043873
 3.7952E-02,0.004969346584953014
 3.7974E-02,0.006886821409841561
 3.7996E-02,0.008908424428474455
 3.8018E-02,0.010946402856244972
 3.8041E-02,0.012911757947056481
 3.8063E-02,0.014718116003524413
 3.8085E-02,0.016285841739627493
 3.8107E-02,0.017546001183804488
 3.8130E-02,0.018443699099954643
 3.8152E-02,0.018940438603306492
 3.8174E-02,0.019015414574789523
 3.8196E-02,0.018665911832570905
 3.8218E-02,0.017907093801280465
 3.8241E-02,0.016771387329213926
 3.8263E-02,0.015307462841931596
 3.8285E-02,0.013578620510706053
 3.8307E-02,0.011660354219544937
 3.8330E-02,0.009637014809992355
 3.8352E-02,0.007597755407928071
 3.8374E-02,0.005632168675993504
 3.8396E-02,0.003826091766110782
 3.8418E-02,0.0022579274051081812
 3.8441E-02,0.000995589255610469
 3.8463E-02,9.396948487944937e-05
 3.8485E-02,-0.00040723445745829057
 3.8507E-02,-0.00048538410358691655
 3.8529E-02,-0.00013630263199533127
 3.8552E-02,0.0006250900316162697
 3.8574E-02,0.0017652084554664348
 3.8596E-02,0.003233415260787008
 3.8618E-02,0.004964664551597784
 3.8641E-02,0.006882810236545778
 3.8663E-02,0.008904166583389913
 3.8685E-02,0.010941037705233334
 3.8707E-02,0.012905148400092239
 3.8729E-02,0.014711072725718699
 3.8752E-02,0.016279766790423887
 3.8774E-02,0.01754216370848953
 3.8796E-02,0.018442576363117042
 3.8818E-02,0.018941514082470707
 3.8841E-02,0.01901754776651882
 3.8863E-02,0.01866805044526549
 3.8885E-02,0.017908895905127946
 3.8907E-02,0.01677338009911953
 3.8929E-02,0.01531064799540698
 3.8952E-02,0.013583771652029147
 3.8974E-02,0.01166743569293614
 3.8996E-02,0.009645075657708592
 3.9018E-02,0.00760536380209563
 3.9041E-02,0.005638127147593942
 3.9063E-02,0.003830007430425535
 3.9085E-02,0.0022603023749557354
 3.9107E-02,0.000997387314572046
 3.9129E-02,9.592929830587427e-05
 3.9152E-02,-0.00040512048902676475
 3.9174E-02,-0.0004839104273466981
 3.9196E-02,-0.00013658796641339004
 3.9218E-02,0.0006222875601027896
 3.9241E-02,0.0017599850808118524
 3.9263E-02,0.003226727450116051
 3.9285E-02,0.004957844072472916
 3.9307E-02,0.006876879138932887
 3.9329E-02,0.008899359980220994
 3.9352E-02,0.010936813772485917
 3.9374E-02,0.012900669715216473
 3.9396E-02,0.014705859527150736
 3.9418E-02,0.01627412147992033
 3.9441E-02,0.0175371067618744
 3.9463E-02,0.01843933042895664
 3.9485E-02,0.018940845719218103
 3.9507E-02,0.019019360797661585
 3.9529E-02,0.018671471600373888
 3.9552E-02,0.01791279635377576
 3.9574E-02,0.01677701578434894
 3.9596E-02,0.015314034109598987
 3.9618E-02,0.013587571190455408
 3.9640E-02,0.011672437518704885
 3.9663E-02,0.009651584746525277
 3.9685E-02,0.007612876940467224
 3.9707E-02,0.005645492785065126
 3.9729E-02,0.003835975794319376
 3.9752E-02,0.002264138309777763
 3.9774E-02,0.0009991833116558169
 3.9796E-02,9.643886535772462e-05
 3.9818E-02,-0.000405020317834496
 3.9840E-02,-0.00048379811502874414
 3.9863E-02,-0.00013676785155935226
 3.9885E-02,0.0006209842280328125
 3.9907E-02,0.0017567447930814492
 3.9929E-02,0.0032213132372122767
 3.9952E-02,0.004950829656060618
 3.9974E-02,0.0068694159661831095
 3.9996E-02,0.008892615360794867
 4.0018E-02,0.010931414305651563
 4.0040E-02,0.012896478246109924
 4.0063E-02,0.014702210850373884
 4.0085E-02,0.016270365260191367
 4.0107E-02,0.017533122689556504
 4.0129E-02,0.018435700350342917
 4.0152E-02,0.01893857717449634
 4.0174E-02,0.019019328403959486
 4.0196E-02,0.0186739126074966
 4.0218E-02,0.017917162754639
 4.0240E-02,0.016782269545361488
 4.0263E-02,0.015319205880422059
 4.0285E-02,0.013592247032566795
 4.0307E-02,0.011676885585276285
 4.0329E-02,0.009656453996409433
 4.0352E-02,0.007618658705327226
 4.0374E-02,0.0056520772990672
 4.0396E-02,0.00384257585250836
 4.0418E-02,0.002269629068649214
 4.0440E-02,0.001002656525579034
 4.0463E-02,9.764233184214567e-05
 4.0485E-02,-0.0004056163366345113
 4.0507E-02,-0.00048534066502370257
 4.0529E-02,-0.00013855762687773758
 4.0552E-02,0.0006190844677772293
 4.0574E-02,0.0017542734350309921
 4.0596E-02,0.0032175620255748064
 4.0618E-02,0.004945367315147156
 4.0640E-02,0.006862463175645406
 4.0663E-02,0.008885041672213484
 4.0685E-02,0.010924355685033213
 4.0707E-02,0.012890801558671481
 4.0729E-02,0.014698141927267747
 4.0751E-02,0.016267496705955186
 4.0774E-02,0.017530787941050705
 4.0796E-02,0.018433480759070746
 4.0818E-02,0.01893663134176378
 4.0840E-02,0.01901834340377294
 4.0863E-02,0.01867470719461791
 4.0885E-02,0.01792018332949891
 4.0907E-02,0.016787283637778837
 4.0929E-02,0.015325377776879506
 4.0951E-02,0.013598549798157231
 4.0974E-02,0.011682602809897694
 4.0996E-02,0.009661473778866558
 4.1018E-02,0.00762339078796142
 4.1040E-02,0.005657052866106335
 4.1063E-02,0.0038479798682881797
 4.1085E-02,0.0022750531609400763
 4.1107E-02,0.0010072249525547596
 4.1129E-02,0.0001004375613332635
 4.1151E-02,-0.0004050819519009341
 4.1174E-02,-0.0004868871373728656
 4.1196E-02,-0.0001414719840801615
 4.1218E-02,0.0006156259436443953
 4.1240E-02,0.0017507507120082173
 4.1263E-02,0.00321389589578017
 4.1285E-02,0.004941067491652958
 4.1307E-02,0.006857043996735237
 4.1329E-02,0.008878448474214113
 4.1351E-02,0.01091713958368823
 4.1374E-02,0.012883932995932218
 4.1396E-02,0.014692571174160151
 4.1418E-02,0.01626372112122752
 4.1440E-02,0.01752868031090144
 4.1463E-02,0.018432474734333334
 4.1485E-02,0.018936145158931227
 4.1507E-02,0.019018181522448625
 4.1529E-02,0.01867519597555802
 4.1551E-02,0.017921960274146862
 4.1574E-02,0.016790870340596318
 4.1596E-02,0.015330797222161366
 4.1618E-02,0.01360522096306761
 4.1640E-02,0.011689577728014848
 4.1663E-02,0.009667876552081553
 4.1685E-02,0.007628798597694764
 4.1707E-02,0.005661596788628151
 4.1729E-02,0.003852113960384816
 4.1751E-02,0.002279139971031753
 4.1774E-02,0.0010111941285169711
 4.1796E-02,0.00010372736565775914
 4.1818E-02,-0.0004032629787568253
 4.1840E-02,-0.00048713466222664745
 4.1862E-02,-0.0001438510282712198
 4.1885E-02,0.0006116258735873968
 4.1907E-02,0.0017459454485396723
 4.1929E-02,0.0032089842587660787
 4.1951E-02,0.004936308471959036
 4.1974E-02,0.00685222241261154
 4.1996E-02,0.008873142432335387
 4.2018E-02,0.010911120891756682
 4.2040E-02,0.012877452459321018
 4.2062E-02,0.014686351472677255
 4.2085E-02,0.016258657222972435
 4.2107E-02,0.017525423784936545
 4.2129E-02,0.01843114762747099
 4.2151E-02,0.018936350203992786
 4.2174E-02,0.01901929683021623
 4.2196E-02,0.018676772332529172
 4.2218E-02,0.017923980104179307
 4.2240E-02,0.016793713990274614
 4.2262E-02,0.015334941072278755
 4.2285E-02,0.013610854354252157
 4.2307E-02,0.011696374035711075
 4.2329E-02,0.009675059847522484
 4.2351E-02,0.007635469007407751
 4.2374E-02,0.0056671229656347025
 4.2396E-02,0.0038563627419810746
 4.2418E-02,0.002282413172050004
 4.2440E-02,0.0010139191427655095
 4.2462E-02,0.0001060949999721198
 4.2485E-02,-0.0004014909537483042
 4.2507E-02,-0.000486530653380294
 4.2529E-02,-0.00014499651893136234
 4.2551E-02,0.0006084995732337244
 4.2574E-02,0.0017411342183371106
 4.2596E-02,0.0032031992870019555
 4.2618E-02,0.004930341782606311
 4.2640E-02,0.006846588151630401
 4.2662E-02,0.00886790444941219
 4.2685E-02,0.010906002997513613
 4.2707E-02,0.012872156671771393
 4.2729E-02,0.014680884815847364
 4.2751E-02,0.01625346397684017
 4.2774E-02,0.017521238967832403
 4.2796E-02,0.018428656551958852
 4.2818E-02,0.018935855988050865
 4.2840E-02,0.019020592539315526
 4.2862E-02,0.018679290910705026
 4.2885E-02,0.017927128686042213
 4.2907E-02,0.016797190249518597
 4.2929E-02,0.015338843092258383
 4.2951E-02,0.013615522674290555
 4.2973E-02,0.011702067378092791
 4.2996E-02,0.009681666135929173
 4.3018E-02,0.007642430960462986
 4.3040E-02,0.005673627380908264
 4.3062E-02,0.003861683876075035
 4.3085E-02,0.002286208999385813
 4.3107E-02,0.0010163090808979348
 4.3129E-02,0.00010747983332051389
 4.3151E-02,-0.00040075199603321313
 4.3173E-02,-0.00048638707420771795
 4.3196E-02,-0.00014575579051744883
 4.3218E-02,0.000606369427571011
 4.3240E-02,0.0017373277717594295
 4.3262E-02,0.003197825779180763
 4.3285E-02,0.004923952192295935
 4.3307E-02,0.006839958464430853
 4.3329E-02,0.008861701959332224
 4.3351E-02,0.010900531161109272
 4.3373E-02,0.012867324996632436
 4.3396E-02,0.014676413741332963
 4.3418E-02,0.01624919336610697
 4.3440E-02,0.01751734777188785
 4.3462E-02,0.018425656681987587
 4.3485E-02,0.018934361251019573
 4.3507E-02,0.019021000018766162
 4.3529E-02,0.018681565081381593
 4.3551E-02,0.01793081649995091
 4.3573E-02,0.016801656648884732
 4.3596E-02,0.015343585097201216
 4.3618E-02,0.013620375361923369
 4.3640E-02,0.011707182900502586
 4.3662E-02,0.009687285491191864
 4.3685E-02,0.0076485934292484774
 4.3707E-02,0.005679999165541625
 4.3729E-02,0.003867614371020527
 4.3751E-02,0.002290985296610482
 4.3773E-02,0.0010194601842361782
 4.3796E-02,0.00010895294816466153
 4.3818E-02,-0.00040064321563781675
 4.3840E-02,-0.0004872057759644096
 4.3862E-02,-0.00014722676258361028
 4.3885E-02,0.0006042056014208161
 4.3907E-02,0.0017341823048891369
 4.3929E-02,0.00319340690935017
 4.3951E-02,0.00491823633770913
 4.3973E-02,0.006833320008541308
 4.3996E-02,0.008854819541441931
 4.4018E-02,0.010894122517843614
 4.4040E-02,0.012861864653813624
 4.4062E-02,0.014671996931860134
 4.4084E-02,0.0162456205598168
 4.4107E-02,0.01751437130409688
 4.4129E-02,0.018423234442630457
 4.4151E-02,0.01893276013545566
 4.4173E-02,0.019020684546859824
 4.4196E-02,0.018682937683439742
 4.4218E-02,0.017933966094825764
 4.4240E-02,0.01680626723110962
 4.4262E-02,0.015349059772701392
 4.4284E-02,0.013626102354858583
 4.4307E-02,0.011712786386465529
 4.4329E-02,0.00969271560493238
 4.4351E-02,0.007654008584314114
 4.4373E-02,0.005685519603031309
 4.4396E-02,0.00387310272274466
 4.4418E-02,0.0022959922017165985
 4.4440E-02,0.0010233722470006721
 4.4462E-02,0.0001112578810722769
 4.4484E-02,-0.0004001298579601434
 4.4507E-02,-0.000488284518124663
 4.4529E-02,-0.00014945872136484426
 4.4551E-02,0.0006012429583642429
 4.4573E-02,0.0017306821540871986
 4.4596E-02,0.003189288584811865
 4.4618E-02,0.004913291715541699
 4.4640E-02,0.006827457182288424
 4.4662E-02,0.008848251481074102
 4.4684E-02,0.010887381818221057
 4.4707E-02,0.01285563039658349
 4.4729E-02,0.01466683260051276
 4.4751E-02,0.016241774889087665
 4.4773E-02,0.017511755403650596
 4.4796E-02,0.018421582267927377
 4.4818E-02,0.018931869805965496
 4.4840E-02,0.019020591147349164
 4.4862E-02,0.018683911797151342
 4.4884E-02,0.017936339409887724
 4.4907E-02,0.016810192039486003
 4.4929E-02,0.015354349428927267
 4.4951E-02,0.013632251023388027
 4.4973E-02,0.011719158772562181
 4.4996E-02,0.009698796135242976
 4.5018E-02,0.007659565496239015
 4.5040E-02,0.005690592380695956
 4.5062E-02,0.003877828545518434
 4.5084E-02,0.0023003835689605796
 4.5107E-02,0.0010271858733371627
 4.5129E-02,0.00011403825535036478
 4.5151E-02,-0.0003988553139205953
 4.5173E-02,-0.0004887736064149077
 4.5195E-02,-0.00015162311546631786
 4.5218E-02,0.0005977915107901506
 4.5240E-02,0.001726436806130634
 4.5262E-02,0.0031846200125131108
 4.5284E-02,0.004908322111381138
 4.5307E-02,0.006822106335940241
 4.5329E-02,0.0088424208218554
 4.5351E-02,0.010881158902786032
 4.5373E-02,0.012849384388829568
 4.5395E-02,0.014661137560636972
 4.5418E-02,0.01623720182586641
 4.5440E-02,0.017508653129048347
 4.5462E-02,0.0184199736367298
 4.5484E-02,0.01893152041461126
 4.5507E-02,0.01902120435600189
 4.5529E-02,0.018685329422484753
 4.5551E-02,0.017938626272912025
 4.5573E-02,0.016813554828841257
 4.5595E-02,0.015358941846514786
 4.5618E-02,0.013637986449640866
 4.5640E-02,0.011725647230475594
 4.5662E-02,0.009705447458715589
 4.5684E-02,0.0076658010071142
 4.5707E-02,0.005696043167205348
 4.5729E-02,0.0038824078362058893
 4.5751E-02,0.00230419731058966
 4.5773E-02,0.0010303427673165032
 4.5795E-02,0.00011647968616088978
 4.5818E-02,-0.0003973989167932703
 4.5840E-02,-0.0004886713231748115
 4.5862E-02,-0.00015314290163295476
 4.5884E-02,0.0005946524443267275
 4.5907E-02,0.001721988599323829
 4.5929E-02,0.0031793610238103343
 4.5951E-02,0.004902733710573765
 4.5973E-02,0.006816481318231224
 4.5995E-02,0.008836823126728446
 4.6018E-02,0.010875532002553735
 4.6040E-02,0.012843735752617234
 4.6062E-02,0.014655681165766144
 4.6084E-02,0.016232366846176342
 4.6107E-02,0.017504948489787838
 4.6129E-02,0.018417785612219944
 4.6151E-02,0.018930961084659446
 4.6173E-02,0.01902209830999577
 4.6195E-02,0.018687343390244696
 4.6218E-02,0.017941461553192855
 4.6240E-02,0.016817086562509777
 4.6262E-02,0.015363223483142128
 4.6284E-02,0.013643120865644958
 4.6306E-02,0.011731607328420664
 4.6329E-02,0.009711959685024918
 4.6351E-02,0.007672367090841957
 4.6373E-02,0.00570209208051096
 4.6395E-02,0.0038874920113212254
 4.6418E-02,0.002308121294008942
 4.6440E-02,0.001033153750365836
 4.6462E-02,0.00011833230117661161
 4.6484E-02,-0.0003964166539371383
 4.6506E-02,-0.0004886425666852606
 4.6529E-02,-0.0001542925433064602
 4.6551E-02,0.0005921033947232292
 4.6573E-02,0.00171799605522805
 4.6595E-02,0.0031741523924718176
 4.6618E-02,0.004896764733410753
 4.6640E-02,0.006810277925357444
 4.6662E-02,0.008830799007547635
 4.6684E-02,0.010869885826185173
 4.6706E-02,0.012838482905799455
 4.6729E-02,0.01465079341688658
 4.6751E-02,0.016227928700047065
 4.6773E-02,0.017501229968976486
 4.6795E-02,0.0184151828611673
 4.6818E-02,0.01892983700536755
 4.6840E-02,0.01902261647256939
 4.6862E-02,0.01868939301984779
 4.6884E-02,0.017944717087094955
 4.6906E-02,0.016821165227265466
 4.6929E-02,0.015367846955800797
 4.6951E-02,0.013648186686087367
 4.6973E-02,0.011737132003661273
 4.6995E-02,0.009717933919072476
 4.7018E-02,0.007678616794853937
 4.7040E-02,0.005708234969710433
 4.7062E-02,0.0038930215352652193
 4.7084E-02,0.002312572791521618
 4.7106E-02,0.001036258408891767
 4.7129E-02,0.00012007206643469242
 4.7151E-02,-0.0003958807018243853
 4.7173E-02,-0.0004891207484726732
 4.7195E-02,-0.0001557026953426941
 4.7218E-02,0.0005896967848479747
 4.7240E-02,0.0017144619975150476
 4.7262E-02,0.003169441995806287
 4.7284E-02,0.004891035433702543
 4.7306E-02,0.006803914691725782
 4.7329E-02,0.008824315376497393
 4.7351E-02,0.010863759228012061
 4.7373E-02,0.01283301741054059
 4.7395E-02,0.014646085714504022
 4.7417E-02,0.01622395060349342
 4.7440E-02,0.017497970893329017
 4.7462E-02,0.018412760667572737
 4.7484E-02,0.018928506179443014
 4.7506E-02,0.019022666024604982
 4.7529E-02,0.01869099418321552
 4.7551E-02,0.017947811965670867
 4.7573E-02,0.016825463495710097
 4.7595E-02,0.015372933427954299
 4.7617E-02,0.013653677058455225
 4.7640E-02,0.011742786770061072
 4.7662E-02,0.009723667382626729
 4.7684E-02,0.007684402510447915
 4.7706E-02,0.0057139716946717906
 4.7729E-02,0.003898447123293706
 4.7751E-02,0.0023172837852570164
 4.7773E-02,0.001039828727021239
 4.7795E-02,0.0001222041289371124
 4.7817E-02,-0.0003952588010235948
 4.7840E-02,-0.0004898663431445875
 4.7862E-02,-0.00015756803704856655
 4.7884E-02,0.0005869241538220279
 4.7906E-02,0.001710872096728482
 4.7929E-02,0.003165018620098439
 4.7951E-02,0.004885762143154609
 4.7973E-02,0.006797902034459197
 4.7995E-02,0.008817867581697798
 4.8017E-02,0.010857334832885403
 4.8040E-02,0.012827101902797384
 4.8062E-02,0.014641046880015206
 4.8084E-02,0.016219957291584618
 4.8106E-02,0.0174950175693188
 4.8129E-02,0.01841077678374817
 4.8151E-02,0.018927479348439975
 4.8173E-02,0.019022701256713574
 4.8195E-02,0.018692271758231526
 4.8217E-02,0.017950469160144502
 4.8240E-02,0.01682947238760987
 4.8262E-02,0.015378050094011313
 4.8284E-02,0.013659495115422571
 4.8306E-02,0.011748866257271414
 4.8329E-02,0.009729665873670294
 4.8351E-02,0.0076901354097002415
 4.8373E-02,0.005719372414848364
 4.8395E-02,0.0039034585004751937
 4.8417E-02,0.0023217530408457046
 4.8440E-02,0.0010434751387844148
 4.8462E-02,0.00012468366919263045
 4.8484E-02,-0.00039422688749722254
 4.8506E-02,-0.0004903839840633935
 4.8528E-02,-0.0001595207528780162
 4.8551E-02,0.0005838059149503106
 4.8573E-02,0.0017068899180979944
 4.8595E-02,0.0031603939581330157
 4.8617E-02,0.00488059926976884
 4.8640E-02,0.006792243576698775
 4.8662E-02,0.008811803446441674
 4.8684E-02,0.010851092772655726
 4.8706E-02,0.012821059049116183
 4.8728E-02,0.01463564933593142
 4.8751E-02,0.016215590380747085
 4.8773E-02,0.01749189912207634
 4.8795E-02,0.018408932106719733
 4.8817E-02,0.018926807792802498
 4.8840E-02,0.01902309013093559
 4.8862E-02,0.018693686365152746
 4.8884E-02,0.017952963982622885
 4.8906E-02,0.016833117724420383
 4.8928E-02,0.015382820736688323
 4.8951E-02,0.013665191368865693
 4.8973E-02,0.011755118657707054
 4.8995E-02,0.009736025100552877
 4.9017E-02,0.007696198380233095
 4.9040E-02,0.005724874742862129
 4.9062E-02,0.003908284584764338
 4.9084E-02,0.002325864921763729
 4.9106E-02,0.0010468096874945404
 4.9128E-02,0.00012708561394092206
 4.9151E-02,-0.0003929915758473793
 4.9173E-02,-0.0004905395160919572
 4.9195E-02,-0.00016116923196240693
 4.9217E-02,0.0005807538794698803
 4.9240E-02,0.001702699984986773
 4.9262E-02,0.00315541625366208
 4.9284E-02,0.004875152676326442
 4.9306E-02,0.006786541597882967
 4.9328E-02,0.008805960730851502
 4.9351E-02,0.010845201904924313
 4.9373E-02,0.012815284580685742
 4.9395E-02,0.01463027584015609
 4.9417E-02,0.01621098951362151
 4.9440E-02,0.0174884300382709
 4.9462E-02,0.01840683024130866
 4.9484E-02,0.018926124503317633
 4.9506E-02,0.01902371567120661
 4.9528E-02,0.018695439440957314
 4.9551E-02,0.017955692477772244
 4.9573E-02,0.01683675025369804
 4.9595E-02,0.015387340123815508
 4.9617E-02,0.013670549655308475
 4.9639E-02,0.011761149398336638
 4.9662E-02,0.009742410794081112
 4.9684E-02,0.007702517939228718
 4.9706E-02,0.005730708053420869
 4.9728E-02,0.003913317332127499
 4.9751E-02,0.002329937164551505
 4.9773E-02,0.0010498856213972349
 4.9795E-02,0.00012916887059652557
 4.9817E-02,-0.0003919411397100002
 4.9839E-02,-0.0004906340437356431
 4.9862E-02,-0.0001625472992962923
 4.9884E-02,0.0005780196531100438
 4.9906E-02,0.0016986859140233226
 4.9928E-02,0.0031503696431277083
 4.9951E-02,0.004869437130601196
 4.9973E-02,0.006780534812700715
 4.9995E-02,0.008799961376271865
 5.0017E-02,0.010839395617895568
 5.0039E-02,0.012809782738148541
 5.0062E-02,0.014625196733381076
 5.0084E-02,0.016206526344154645
 5.0106E-02,0.01748485885228225
 5.0128E-02,0.01840444804635218
 5.0151E-02,0.018925150793240267
 5.0173E-02,0.01902421344256001
 5.0195E-02,0.018697300832920004
 5.0217E-02,0.017958696202076595
 5.0239E-02,0.01684065603767954
 5.0262E-02,0.01539196472388727
 5.0284E-02,0.013675781826110359
 5.0306E-02,0.011766899449199866
 5.0328E-02,0.009748530718304213
 5.0351E-02,0.007708746215773143
 5.0373E-02,0.005736678383547671
 5.0395E-02,0.003918632008988702
 5.0417E-02,0.0023342668778155514
 5.0439E-02,0.0010530416315320905
 5.0462E-02,0.00013110995497810833
 5.0484E-02,-0.00039116593786976326
 5.0506E-02,-0.0004909683853196056
 5.0528E-02,-0.00016398388946005436
 5.0551E-02,0.0005754439471312609
 5.0573E-02,0.0016949523547098687
 5.0595E-02,0.0031455577172043903
 5.0617E-02,0.004863771167176718
 5.0639E-02,0.00677436518013714
 5.0662E-02,0.008793686884453915
 5.0684E-02,0.010833368310779483
 5.0706E-02,0.01280424609625637
 5.0728E-02,0.014620287675897042
 5.0750E-02,0.016202332927917625
 5.0773E-02,0.017481492480287873
 5.0795E-02,0.01840208119338686
 5.0817E-02,0.018923993242592977
 5.0839E-02,0.01902443832138172
 5.0862E-02,0.018698963095222607
 5.0884E-02,0.017961691731612755
 5.0906E-02,0.01684474604062677
 5.0928E-02,0.01539685189496363
 5.0950E-02,0.013681194979625746
 5.0973E-02,0.011772639726229765
 5.0995E-02,0.009754456979259456
 5.1017E-02,0.007714714751884471
 5.1039E-02,0.005742479900187208
 5.1062E-02,0.003923970297865634
 5.1084E-02,0.0023387980770198965
 5.1106E-02,0.0010564560673182954
 5.1128E-02,0.00013321254356379723
 5.1150E-02,-0.00039042035015061525
 5.1173E-02,-0.0004915020067873196
 5.1195E-02,-0.00016566623870109824
 5.1217E-02,0.000572726037783111
 5.1239E-02,0.0016912666232028726
 5.1262E-02,0.0031409550438170402
 5.1284E-02,0.004858350203077561
 5.1306E-02,0.006768329752115448
 5.1328E-02,0.008787356586693265
 5.1350E-02,0.010827130376853436
 5.1373E-02,0.012798471561302373
 5.1395E-02,0.014615255970064944
 5.1417E-02,0.016198203765393913
 5.1439E-02,0.01747833555403715
 5.1462E-02,0.018399939952614814
 5.1484E-02,0.01892293954876554
 5.1506E-02,0.019024581654145018
 5.1528E-02,0.0187004068395473
 5.1550E-02,0.017964462314600263
 5.1573E-02,0.016848738177640772
 5.1595E-02,0.01540182447751674
 5.1617E-02,0.013686822615747022
 5.1639E-02,0.011778592541702784
 5.1662E-02,0.009760465491838118
 5.1684E-02,0.007720586747232236
 5.1706E-02,0.005748065896674252
 5.1728E-02,0.0039291053397462194
 5.1750E-02,0.002343261498363423
 5.1773E-02,0.0010599793478891157
 5.1795E-02,0.00013553561404647078
 5.1817E-02,-0.00038947394096709904
 5.1839E-02,-0.0004919727778780369
 5.1861E-02,-0.00016745818871287909
 5.1884E-02,0.0005697953637296924
 5.1906E-02,0.0016873954904941357
 5.1928E-02,0.003136307135807359
 5.1950E-02,0.004853051550911605
 5.1973E-02,0.006762510291225836
 5.1995E-02,0.008781205895001072
 5.2017E-02,0.010820928112129457
 5.2039E-02,0.012792568131211601
 5.2061E-02,0.01461000887960296
 5.2084E-02,0.016193901813143802
 5.2106E-02,0.017475150516450585
 5.2128E-02,0.01839792920831062
 5.2150E-02,0.01892209312474137
 5.2173E-02,0.019024881535631765
 5.2195E-02,0.01870186045398911
 5.2217E-02,0.01796708925925186
 5.2239E-02,0.016852518934625
 5.2261E-02,0.015406644008423731
 5.2284E-02,0.013692445789958652
 5.2306E-02,0.011784690004938207
 5.2328E-02,0.009766679029728907
 5.2350E-02,0.0077266002917483236
 5.2373E-02,0.00575364574037948
 5.2395E-02,0.003934092191759412
 5.2417E-02,0.002347526049552064
 5.2439E-02,0.0010633744762159818
 5.2461E-02,0.00013787946060555244
 5.2484E-02,-0.0003883694927059021
 5.2506E-02,-0.0004922421324386914
 5.2528E-02,-0.00016912449909703078
 5.2550E-02,0.0005668417901228831
 5.2573E-02,0.001683369786015001
 5.2595E-02,0.003131468559483405
 5.2617E-02,0.004847642315630106
 5.2639E-02,0.006756727093468607
 5.2661E-02,0.008775215868820593
 5.2684E-02,0.010814913419602447
 5.2706E-02,0.012786765826796907
 5.2728E-02,0.014604715568861846
 5.2750E-02,0.016189434113964327
 5.2773E-02,0.017471779369504257
 5.2795E-02,0.018395822337260958
 5.2817E-02,0.01892129566355872
 5.2839E-02,0.01902534269801505
 5.2861E-02,0.01870348754136698
 5.2884E-02,0.01796979529166704
 5.2906E-02,0.01685623564886332
 5.2928E-02,0.01541129438851975
 5.2950E-02,0.013697895967204821
 5.2972E-02,0.01179071374272993
 5.2995E-02,0.009772961101737096
 5.3017E-02,0.007732782177571634
 5.3039E-02,0.00575939208844155
 5.3061E-02,0.003939144445162371
 5.3084E-02,0.002351717596763811
 5.3106E-02,0.0010666046898391514
 5.3128E-02,0.00014006808096583313
 5.3150E-02,-0.0003873154276055564
 5.3172E-02,-0.0004924254911960697
 5.3195E-02,-0.00017061902960798046
 5.3217E-02,0.0005640440034942523
 5.3239E-02,0.0016793923549313808
 5.3261E-02,0.003126544283893444
 5.3284E-02,0.0048420673250433345
 5.3306E-02,0.006750799299109947
 5.3328E-02,0.008769189681739986
 5.3350E-02,0.010808991958911088
 5.3372E-02,0.012781128687200185
 5.3395E-02,0.01459955865479175
 5.3417E-02,0.016184991046228434
 5.3439E-02,0.017468305647708172
 5.3461E-02,0.018393546631482016
 5.3484E-02,0.018920363239264625
 5.3506E-02,0.01902578159469086
 5.3528E-02,0.018705215400328833
 5.3550E-02,0.01797266141383416
 5.3572E-02,0.016860073038558777
 5.3595E-02,0.015415952068500355
 5.3617E-02,0.013703235241912774
 5.3639E-02,0.011796575063433845
 5.3661E-02,0.00977912677752679
 5.3684E-02,0.007738963192144498
 5.3706E-02,0.005765253028668934
 5.3728E-02,0.0039443577401965975
 5.3750E-02,0.002356020682899612
 5.3772E-02,0.0010698318623497442
 5.3795E-02,0.00014214363754459184
 5.3817E-02,-0.0003864136507888414
 5.3839E-02,-0.0004927064695161011
 5.3861E-02,-0.00017209618409062957
 5.3884E-02,0.0005613692988924255
 5.3906E-02,0.0016755708478565202
 5.3928E-02,0.0031217165171687654
 5.3950E-02,0.004836473278240199
 5.3972E-02,0.006744750240117551
 5.3995E-02,0.00876301428003784
 5.4017E-02,0.010802983362983876
 5.4039E-02,0.012775518033473623
 5.4061E-02,0.014594524213962491
 5.4083E-02,0.016180690804880736
 5.4106E-02,0.017464907478991574
 5.4128E-02,0.018391232478134227
 5.4150E-02,0.01891930041768
 5.4172E-02,0.019026075242218443
 5.4195E-02,0.01870686854914075
 5.4217E-02,0.017975565681210327
 5.4239E-02,0.01686403564825526
 5.4261E-02,0.015420744326827933
 5.4283E-02,0.013708636064885048
 5.4306E-02,0.011802387497763267
 5.4328E-02,0.009785162867531262
 5.4350E-02,0.007745012373004264
 5.4372E-02,0.005771059489879296
 5.4395E-02,0.003949626803938207
 5.4417E-02,0.0023604565685768865
 5.4439E-02,0.0010731899973278648
 5.4461E-02,0.0001442714836459338
 5.4483E-02,-0.000385567015378012
 5.4506E-02,-0.0004931139147793841
 5.4528E-02,-0.00017369246346237067
 5.4550E-02,0.0005586563651624695
 5.4572E-02,0.0016718162245275023
 5.4595E-02,0.003117021387060823
 5.4617E-02,0.004830998752077478
 5.4639E-02,0.006738736844135621
 5.4661E-02,0.008756770479620616
 5.4683E-02,0.010796844373822875
 5.4706E-02,0.012769793554367673
 5.4728E-02,0.0145894600586483
 5.4750E-02,0.016176460971539852
 5.4772E-02,0.017461635138040874
 5.4795E-02,0.01838902159658003
 5.4817E-02,0.018918254332801095
 5.4839E-02,0.01902628759283978
 5.4861E-02,0.018708389941045803
 5.4883E-02,0.017978365358195574
 5.4906E-02,0.016867981640565556
 5.4928E-02,0.015425615560791991
 5.4950E-02,0.013714161823117722
 5.4972E-02,0.011808294336364468
 5.4995E-02,0.009791205752549496
 5.5017E-02,0.0077509772502589195
 5.5039E-02,0.005776742295092219
 5.5061E-02,0.003954808260837385
 5.5083E-02,0.002364894417668585
 5.5106E-02,0.0010766392902900861
 5.5128E-02,0.000146526020006328
 5.5150E-02,-0.00038463251754548107
 5.5172E-02,-0.0004935226492287973
 5.5194E-02,-0.00017537554153803996
 5.5217E-02,0.0005558260157532035
 5.5239E-02,0.0016679862470758075
 5.5261E-02,0.003112339552346493
 5.5283E-02,0.004825618812172479
 5.5306E-02,0.0067328428006289825
 5.5328E-02,0.008750599414650898
 5.5350E-02,0.010790688262673606
 5.5372E-02,0.012763972777928108
 5.5394E-02,0.014584278212040214
 5.5417E-02,0.016172161846020487
 5.5439E-02,0.017458381674519532
 5.5461E-02,0.018386903878346572
 5.5483E-02,0.018917317016459146
 5.5506E-02,0.01902655660207163
 5.5528E-02,0.018709880054191608
 5.5550E-02,0.017981063277096847
 5.5572E-02,0.016871815285575284
 5.5594E-02,0.015430429874118525
 5.5617E-02,0.013719718533331472
 5.5639E-02,0.011814299700705841
 5.5661E-02,0.009797354389788463
 5.5683E-02,0.007756991357698457
 5.5706E-02,0.005782389010790348
 5.5728E-02,0.003959891455805918
 5.5750E-02,0.0023692325439843382
 5.5772E-02,0.0010800488388613594
 5.5794E-02,0.00014882598454019275
 5.5817E-02,-0.00038359337773369296
 5.5839E-02,-0.0004938287192244217
 5.5861E-02,-0.00017701741930196388
 5.5883E-02,0.000552953234232888
 5.5906E-02,0.0016640582802291562
 5.5928E-02,0.0031075651471361362
 5.5950E-02,0.004820208637841056
 5.5972E-02,0.0067269994905536324
 5.5994E-02,0.008744529452501265
 5.6017E-02,0.010784622542982809
 5.6039E-02,0.012758177074822477
 5.6061E-02,0.014579040795382279
 5.6083E-02,0.01616775941389138
 5.6106E-02,0.017455038185378767
 5.6128E-02,0.01838476167256396
 5.6150E-02,0.018916432944842885
 5.6172E-02,0.01902692178659579
 5.6194E-02,0.01871144889265546
 5.6217E-02,0.017983773154454666
 5.6239E-02,0.016875585548321692
 5.6261E-02,0.0154351425387217
 5.6283E-02,0.01372519543688362
 5.6305E-02,0.011820293952409598
 5.6328E-02,0.009803566183136086
 5.6350E-02,0.007763104210775933
 5.6372E-02,0.00578811075932779
 5.6394E-02,0.003964981843180715
 5.6417E-02,0.002373507419395789
 5.6439E-02,0.0010833647774540747
 5.6461E-02,0.00015106025317349655
 5.6483E-02,-0.0003825507821242093
 5.6505E-02,-0.0004940626901379251
 5.6528E-02,-0.00017856025728549968
 5.6550E-02,0.0005501488159745918
 5.6572E-02,0.001660129105830673
 5.6594E-02,0.0031027229217831034
 5.6617E-02,0.004814706664630427
 5.6639E-02,0.006721096729274535
 5.6661E-02,0.008738468406293073
 5.6683E-02,0.010778628298250745
 5.6705E-02,0.012752471578561164
 5.6728E-02,0.014573857137223246
 5.6750E-02,0.016163341074253792
 5.6772E-02,0.017451617735222715
 5.6794E-02,0.01838252645236031
 5.6817E-02,0.018915493902686657
 5.6839E-02,0.019027300694332432
 5.6861E-02,0.018713089183930692
 5.6883E-02,0.017986566666669465
 5.6905E-02,0.016879399282722498
 5.6928E-02,0.015439831006798334
 5.6950E-02,0.013730594224279944
 5.6972E-02,0.011826202612384606
 5.6994E-02,0.00980973588441254
 5.7017E-02,0.007769243316047968
 5.7039E-02,0.005793911112002552
 5.7061E-02,0.003970156300271706
 5.7083E-02,0.0023778224475596004
 5.7105E-02,0.0010866547066419536
 5.7128E-02,0.00015322030905995008
 5.7150E-02,-0.0003815836371631317
 5.7172E-02,-0.0004943259059448119
 5.7194E-02,-0.0001800667982556544
 5.7217E-02,0.0005474259861457135
 5.7239E-02,0.001656279359659122
 5.7261E-02,0.0030979119428355953
 5.7283E-02,0.0048091707267869065
 5.7305E-02,0.0067151167038870755
 5.7328E-02,0.008732334137776361
 5.7350E-02,0.010772608966233733
 5.7372E-02,0.01274680348306342
 5.7394E-02,0.01456874959175553
 5.7416E-02,0.01615899028446412
 5.7439E-02,0.017448214176101467
 5.7461E-02,0.018380245905373602
 5.7483E-02,0.018914473088874756
 5.7505E-02,0.019027608769031108
 5.7528E-02,0.01871470997430974
 5.7550E-02,0.0179894012526966
 5.7572E-02,0.016883287541241857
 5.7594E-02,0.015444580664771536
 5.7616E-02,0.013736002807316789
 5.7639E-02,0.01183206321752366
 5.7661E-02,0.009815828485993558
 5.7683E-02,0.007775322750481114
 5.7705E-02,0.005799705284863976
 5.7728E-02,0.003975382122091928
 5.7750E-02,0.0023822162321398077
 5.7772E-02,0.0010900047745316846
 5.7794E-02,0.00015538771931767042
 5.7816E-02,-0.0003806639053305105
 5.7839E-02,-0.0004946602638021015
 5.7861E-02,-0.0001816231494332074
 5.7883E-02,0.0005447064951432093
 5.7905E-02,0.0016524855816491086
 5.7928E-02,0.003093177187930146
 5.7950E-02,0.004803686664941678
 5.7972E-02,0.006709134208176055
 5.7994E-02,0.008726145533674231
 5.8016E-02,0.010766516628942143
 5.8039E-02,0.012741087422625696
 5.8061E-02,0.01456364699211632
 5.8083E-02,0.01615469277242373
 5.8105E-02,0.01744487825622274
 5.8128E-02,0.018378004735320672
 5.8150E-02,0.018913437912059787
 5.8172E-02,0.01902785569491875
 5.8194E-02,0.01871625786233552
 5.8216E-02,0.017992193074086286
 5.8239E-02,0.01688718674657932
 5.8261E-02,0.015449386287525967
 5.8283E-02,0.013741476985496538
 5.8305E-02,0.011837958536587579
 5.8328E-02,0.009821903733735876
 5.8350E-02,0.0077813435003302005
 5.8372E-02,0.005805435382940239
 5.8394E-02,0.003980577796304769
 5.8416E-02,0.002386632806357233
 5.8439E-02,0.00109341797305095
 5.8461E-02,0.00015762216207853826
 5.8483E-02,-0.0003797115194444871
 5.8505E-02,-0.0004950135535669977
 5.8527E-02,-0.00018323608507549236
 5.8550E-02,0.0005419291297762757
 5.8572E-02,0.0016486693242938092
 5.8594E-02,0.0030884702354873877
 5.8616E-02,0.00479826493021806
 5.8639E-02,0.00670321180926601
 5.8661E-02,0.008719979251847698
 5.8683E-02,0.010760395839456776
 5.8705E-02,0.012735309319012324
 5.8727E-02,0.014558485573916752
 5.8750E-02,0.016150373850046192
 5.8772E-02,0.017441569390229783
 5.8794E-02,0.01837582060563061
 5.8816E-02,0.018912453182393717
 5.8839E-02,0.019028114041191223
 5.8861E-02,0.01871776943717082
 5.8883E-02,0.017994921009836247
 5.8905E-02,0.016891031243313766
 5.8927E-02,0.015454177549207169
 5.8950E-02,0.013746984108000841
 5.8972E-02,0.01184391292858371
 5.8994E-02,0.009828027887882042
 5.9016E-02,0.007787373551471925
 5.9039E-02,0.0058111302372734356
 5.9061E-02,0.00398571598665149
 5.9083E-02,0.0023910055411998175
 5.9105E-02,0.0010968287200118626
 5.9127E-02,0.00015989848244679086
 5.9150E-02,-0.00037869642671045124
 5.9172E-02,-0.000495319007643487
 5.9194E-02,-0.00018484251361198996
 5.9216E-02,0.0005391154474932009
 5.9239E-02,0.0016447980008243766
 5.9261E-02,0.003083724367499153
 5.9283E-02,0.004792845032240694
 5.9305E-02,0.0066973315417335495
 5.9327E-02,0.008713870304600179
 5.9350E-02,0.01075431311086274
 5.9372E-02,0.012729526937841868
 5.9394E-02,0.014553279686153442
 5.9416E-02,0.016145996172191396
 5.9439E-02,0.01743822142876736
 5.9461E-02,0.018373638602412114
 5.9483E-02,0.01891150817857612
 5.9505E-02,0.01902842337378881
 5.9527E-02,0.018719310331812528
 5.9550E-02,0.017997637048600194
 5.9572E-02,0.016894828199212297
 5.9594E-02,0.015458912844372839
 5.9616E-02,0.013752459218505337
 5.9638E-02,0.011849877344025957
 5.9661E-02,0.009834197173166893
 5.9683E-02,0.007793456307342249
 5.9705E-02,0.005816853960404275
 5.9727E-02,0.00399084281891967
 5.9750E-02,0.0023953350060254694
 5.9772E-02,0.0011001920519522815
 5.9794E-02,0.00016215355586926604
 5.9816E-02,-0.00037766185735610294
 5.9838E-02,-0.0004955741622629412
 5.9861E-02,-0.00018639612579254654
 5.9883E-02,0.0005363274389581963
 5.9905E-02,0.0016409119270211967
 5.9927E-02,0.0030789341857597914
 5.9950E-02,0.0047873794739683295
 5.9972E-02,0.006691432692572004
 5.9994E-02,0.008707781360421628
 6.0016E-02,0.010748276746002008
 6.0038E-02,0.01272378885423295
 6.0061E-02,0.014548088635960285
 6.0083E-02,0.01614159401594963
 6.0105E-02,0.01743482320031043
 6.0127E-02,0.01837140919779507
 6.0150E-02,0.01891054513454108
 6.0172E-02,0.019028752521946215
 6.0194E-02,0.018720894515860544
 6.0216E-02,0.018000391527695683
 6.0238E-02,0.01689863373274102
 6.0261E-02,0.015463620258036461
 6.0283E-02,0.013757885697038362
 6.0305E-02,0.011855800813483353
 6.0327E-02,0.009840357196872894
 6.0350E-02,0.007799566680336994
 6.0372E-02,0.005822625612731606
 6.0394E-02,0.003996009691101462
 6.0416E-02,0.0023996737943850696
 6.0438E-02,0.0011035301541526424
 6.0461E-02,0.0001643660786757984
 6.0483E-02,-0.00037665946000194593
 6.0505E-02,-0.000495829750669784
 6.0527E-02,-0.00018791628119265038
 6.0550E-02,0.0005335884907939081
 6.0572E-02,0.0016370628448040753
 6.0594E-02,0.003074148479693538
 6.0616E-02,0.004781884807033932
 6.0638E-02,0.006685489893305849
 6.0661E-02,0.008701660719365496
 6.0683E-02,0.010742240007879305
 6.0705E-02,0.012718081357216023
 6.0727E-02,0.01454293971706733
 6.0749E-02,0.01613721892891716
 6.0772E-02,0.017431419296026547
 6.0794E-02,0.018369143251024848
 6.0816E-02,0.01890953491627937
 6.0838E-02,0.019029050216717493
 6.0861E-02,0.018722479620926772
 6.0883E-02,0.018003176405626955
 6.0905E-02,0.016902478690560885
 6.0927E-02,0.015468350649582631
 6.0949E-02,0.013763303655616487
 6.0972E-02,0.011861688659519129
 6.0994E-02,0.009846475569789334
 6.1016E-02,0.007805654344495275
 6.1038E-02,0.005828407324371693
 6.1061E-02,0.004001213845690156
 6.1083E-02,0.002404055634378136
 6.1105E-02,0.0011068926849441543
 6.1127E-02,0.00016657168473162634
 6.1149E-02,-0.000375688912677554
 6.1172E-02,-0.0004961206715128137
 6.1194E-02,-0.00018945185780691717
 6.1216E-02,0.000530865211545513
 6.1238E-02,0.0016332527784476462
 6.1261E-02,0.00306940318708873
 6.1283E-02,0.004776409018906838
 6.1305E-02,0.006679534250197575
 6.1327E-02,0.008695504050026684
 6.1349E-02,0.010736166020798715
 6.1372E-02,0.012712357465619308
 6.1394E-02,0.014537804181755294
 6.1416E-02,0.016132877542962838
 6.1438E-02,0.01742804745093912
 6.1461E-02,0.018366886641766812
 6.1483E-02,0.018908503871933702
 6.1505E-02,0.019029307575893575
 6.1527E-02,0.018724027165653665
 6.1549E-02,0.018005947000672092
 6.1572E-02,0.016906339129282317
 6.1594E-02,0.015473115053172965
 6.1616E-02,0.013768752185063553
 6.1638E-02,0.011867584289836542
 6.1661E-02,0.009852573876756573
 6.1683E-02,0.00781170625866987
 6.1705E-02,0.005834159544143364
 6.1727E-02,0.00400641320154149
 6.1749E-02,0.002408461217271927
 6.1772E-02,0.0011102945227782245
 6.1794E-02,0.0001688102273498949
 6.1816E-02,-0.0003747095230093269
 6.1838E-02,-0.0004964298366589258
 6.1860E-02,-0.00019101944253528994
 6.1883E-02,0.0005281175727247572
 6.1905E-02,0.001629442488387375
 6.1927E-02,0.0030646834209719313
 6.1949E-02,0.004770970321915938
 6.1972E-02,0.006673605863963129
 6.1994E-02,0.008689349064265602
 6.2016E-02,0.010730067458324267
 6.2038E-02,0.01270659739924047
 6.2060E-02,0.014532641957342763
 6.2083E-02,0.016128533764496474
 6.2105E-02,0.017424697235000283
 6.2127E-02,0.01836466067198623
 6.2149E-02,0.01890749195861964
 6.2172E-02,0.019029559012519476
 6.2194E-02,0.01872554535185232
 6.2216E-02,0.018008680578516185
 6.2238E-02,0.016910175308622922
 6.2260E-02,0.015477880770840587
 6.2283E-02,0.013774225243250584
 6.2305E-02,0.011873511736490431
 6.2327E-02,0.009858691528604817
 6.2349E-02,0.007817753392518454
 6.2372E-02,0.005839886251606892
 6.2394E-02,0.004011582572270064
 6.2416E-02,0.002412851556626705
 6.2438E-02,0.0011137064107120192
 6.2460E-02,0.00017107967230431214
 6.2483E-02,-0.00037369510066760246
 6.2505E-02,-0.0004967187867400464
 6.2527E-02,-0.00019259150092979953
 6.2549E-02,0.0005253457375659239
 6.2572E-02,0.0016256048909238608
 6.2594E-02,0.003059951340389915
 6.2616E-02,0.004765542939239537
 6.2638E-02,0.006667706413659187
 6.2660E-02,0.008683223666123323
 6.2683E-02,0.010723981463368112
 6.2705E-02,0.012700825132728175
 6.2727E-02,0.014527449539836042
 6.2749E-02,0.016124158943239167
 6.2772E-02,0.01742133229453968
 6.2794E-02,0.018362443223576035
 6.2816E-02,0.01890650448975386
 6.2838E-02,0.019029833851599304
 6.2860E-02,0.018727069672340627
 6.2883E-02,0.018011397388853774
 6.2905E-02,0.01691398017175289
 6.2927E-02,0.015482617904912722
 6.2949E-02,0.01377968826164637
 6.2971E-02,0.011879452589477722
 6.2994E-02,0.009864837213744662
 6.3016E-02,0.00782382609001761
 6.3038E-02,0.005845621031625938
 6.3060E-02,0.0040167385736062326
 6.3083E-02,0.0024172164513367816
 6.3105E-02,0.0011170976735493468
 6.3127E-02,0.00017334745851402364
 6.3149E-02,-0.00037266052327102853
 6.3171E-02,-0.0004969759245556974
 6.3194E-02,-0.00019413713888828855
 6.3216E-02,0.0005225811887010668
 6.3238E-02,0.0016217531454626943
 6.3260E-02,0.0030551940267726473
 6.3283E-02,0.0047600958478904
 6.3305E-02,0.006661805560915639
 6.3327E-02,0.00867711643101226
 6.3349E-02,0.010717922240489649
 6.3371E-02,0.012695071751757834
 6.3394E-02,0.014522256064522182
 6.3416E-02,0.016119762754939197
 6.3438E-02,0.017417937183437215
 6.3460E-02,0.018360203227915917
 6.3483E-02,0.018905513598852633
 6.3505E-02,0.019030124174441186
 6.3527E-02,0.01872861676054454
 6.3549E-02,0.018014128407687822
 6.3571E-02,0.016917780279737844
 6.3594E-02,0.015487332654107407
 6.3616E-02,0.013785123510331471
 6.3638E-02,0.011885376046091635
 6.3660E-02,0.009870985684262994
 6.3683E-02,0.007829919791721896
 6.3705E-02,0.005851382586105513
 6.3727E-02,0.004021911741627858
 6.3749E-02,0.0024215798285746335
 6.3771E-02,0.0011204713084099105
 6.3794E-02,0.0001755940206350136
 6.3816E-02,-0.0003716359873507408
 6.3838E-02,-0.000497223858936986
 6.3860E-02,-0.00019565786215423485
 6.3883E-02,0.0005198442573159064
 6.3905E-02,0.0016179170334530905
 6.3927E-02,0.0030504327477471433
 6.3949E-02,0.004754629095231012
 6.3971E-02,0.006655882277885517
 6.3994E-02,0.008670998066106767
 6.4016E-02,0.01071186990945878
 6.4038E-02,0.012689338667035591
 6.4060E-02,0.014517083212643134
 6.4082E-02,0.01611537394542484
 6.4105E-02,0.017414530360524122
 6.4127E-02,0.018357937833600894
 6.4149E-02,0.01890449701365439
 6.4171E-02,0.019030401850101648
 6.4194E-02,0.01873016960510264
 6.4216E-02,0.01801687789117813
 6.4238E-02,0.016921598422734795
 6.4260E-02,0.015492052479158105
 6.4282E-02,0.013790546561198552
 6.4305E-02,0.011891276517497653
 6.4327E-02,0.009877113720472312
 6.4349E-02,0.007836007747822702
 6.4371E-02,0.005857156741193987
 6.4394E-02,0.004027108893862862
 6.4416E-02,0.002425965231217138
 6.4438E-02,0.00112385330562998
 6.4460E-02,0.00017783216577154802
 6.4482E-02,-0.000370629454583669
 6.4505E-02,-0.0004974863718776767
 6.4527E-02,-0.00019717886399382663
 6.4549E-02,0.0005171234798021771
 6.4571E-02,0.0016141055951037584
 6.4594E-02,0.0030456914519748583
 6.4616E-02,0.004749167031315606
 6.4638E-02,0.006649946682797465
 6.4660E-02,0.00866485849382885
 6.4682E-02,0.010705800420555397
 6.4705E-02,0.012683602432337808
 6.4727E-02,0.014511922238916187
 6.4749E-02,0.01611100361270674
 6.4771E-02,0.01741113592972045
 6.4794E-02,0.018355669541232182
 6.4816E-02,0.018903462103894316
 6.4838E-02,0.019030654804810934
 6.4860E-02,0.018731704112709913
 6.4882E-02,0.018019624323543617
 6.4905E-02,0.016925428588983913
 6.4927E-02,0.015496790363797265
 6.4949E-02,0.01379598142817199
 6.4971E-02,0.011897174513451274
 6.4994E-02,0.009883226020940196
 6.5016E-02,0.007842076146556822
 6.5038E-02,0.005862919624255257
 6.5060E-02,0.00403231052262879
 6.5082E-02,0.00243036920095249
 6.5105E-02,0.0011272582036156822
 6.5127E-02,0.00018008555139460204
 6.5149E-02,-0.00036962242990241033
 6.5171E-02,-0.000497761195750272
 6.5193E-02,-0.0001987153347160295
 6.5216E-02,0.0005143954716784677
 6.5238E-02,0.001610301362918258
 6.5260E-02,0.0030409690337284646
 6.5282E-02,0.004743725444738139
 6.5305E-02,0.0066440218357337235
 6.5327E-02,0.008658714128825618
 6.5349E-02,0.010699713730845039
 6.5371E-02,0.012677846708136377
 6.5393E-02,0.014506750467785691
 6.5416E-02,0.01610663643810705
 6.5438E-02,0.01740775508684869
 6.5460E-02,0.018353415208101447
 6.5482E-02,0.018902431116753056
 6.5505E-02,0.019030897242665722
 6.5527E-02,0.01873321796048485
 6.5549E-02,0.018022350386054906
 6.5571E-02,0.016929249006486877
 6.5593E-02,0.015501533218238675
 6.5616E-02,0.013801431507608344
 6.5638E-02,0.011903087739592916
 6.5660E-02,0.009889343836539728
 6.5682E-02,0.007848136977565163
 6.5705E-02,0.005868666830011969
 6.5727E-02,0.0040374986056163475
 6.5749E-02,0.002434771034995381
 6.5771E-02,0.0011306750760678227
 6.5793E-02,0.00018235951075621195
 6.5816E-02,-0.00036859665493853115
 6.5838E-02,-0.0004980282159785805
 6.5860E-02,-0.00020025739737228521
 6.5882E-02,0.0005116540240726164
 6.5905E-02,0.0016064859019503995
 6.5927E-02,0.003036246004891635
 6.5949E-02,0.004738295511317674
 6.5971E-02,0.006638114793240201
 6.5993E-02,0.008652583539667363
 6.6016E-02,0.010693628666461343
 6.6038E-02,0.012672079257644254
 6.6060E-02,0.014501560021926907
 6.6082E-02,0.01610225377068337
 6.6105E-02,0.017404369717402182
 6.6127E-02,0.018351168152902195
 6.6149E-02,0.01890141273289389
 6.6171E-02,0.01903114785773964
 6.6193E-02,0.01873472852379668
 6.6216E-02,0.01802506168874574
 6.6238E-02,0.016933050238500277
 6.6260E-02,0.015506262357865121
 6.6282E-02,0.01380688018158222
 6.6304E-02,0.011909011622627863
 6.6327E-02,0.009895477290727326
 6.6349E-02,0.007854208855021763
 6.6371E-02,0.005874414205037291
 6.6393E-02,0.0040426767198176745
 6.6416E-02,0.002439159989116593
 6.6438E-02,0.001134085425974962
 6.6460E-02,0.00018463896539956085
 6.6482E-02,-0.0003675547622994323
 6.6504E-02,-0.0004982761390777161
 6.6527E-02,-0.00020178672659381357
 6.6549E-02,0.000508913432796519
 6.6571E-02,0.0016026609259432096
 6.6593E-02,0.0030315105706068424
 6.6616E-02,0.0047328591239047795
 6.6638E-02,0.006632212068228531
 6.6660E-02,0.008646465928767447
 6.6682E-02,0.010687557496843813
 6.6704E-02,0.012666317934967416
 6.6727E-02,0.014496363558201103
 6.6749E-02,0.016097855499773148
 6.6771E-02,0.017400967114378652
 6.6793E-02,0.0183489108216813
 6.6816E-02,0.018900395155294198
 6.6838E-02,0.01903140766338717
 6.6860E-02,0.018736248912637518
 6.6882E-02,0.018027775449918595
 6.6904E-02,0.01693684321588173
 6.6927E-02,0.015510975898582476
 6.6949E-02,0.013812313986703243
 6.6971E-02,0.011914929309989246
 6.6993E-02,0.009901616302252853
 6.7000E-02,0.009282951372557333
