  0.000,0.0
  1.000,0.009271696347629406
  0.000,0.009271696347629406
 4.1670E-05,0.010217828020925891
 8.3340E-05,0.013107596262317134
 1.2501E-04,0.01576726195227626
 1.6668E-04,0.01643841887924551
 2.0835E-04,0.01647456008724421
 2.5002E-04,0.0176505136986572
 2.9169E-04,0.01922531842117719
 3.3336E-04,0.019457172852694386
 3.7503E-04,0.018049332967590745
 4.1670E-04,0.016487414983764475
 4.5837E-04,0.016019975915610205
 5.0004E-04,0.01556500025881021
 5.4171E-04,0.013695565924106498
 5.8338E-04,0.010794906803238632
 6.2505E-04,0.008462746269156437
 6.6672E-04,0.007379544285652802
 7.0839E-04,0.006254709491527387
 7.5006E-04,0.004064538762745929
 7.9173E-04,0.0016706750180828281
 8.3340E-04,0.0005037262922617976
 8.7507E-04,0.000634789600816527
 9.1674E-04,0.0006605490235513256
 9.5841E-04,-3.872612640706894e-05
 1.0001E-03,-0.00036469589087924196
 1.0417E-03,0.0007353577377488719
 1.0834E-03,0.0027683322552185434
 1.1251E-03,0.004348193801263225
 1.1668E-03,0.005253006212748293
 1.2084E-03,0.0066446394606983605
 1.2501E-03,0.009128733405321396
 1.2918E-03,0.011811888927924003
 1.3334E-03,0.013512496870997384
 1.3751E-03,0.014423362212563197
 1.4168E-03,0.0156830903777044
 1.4584E-03,0.017498705170613776
 1.5001E-03,0.018812044335985333
 1.5418E-03,0.018824870841052888
 1.5835E-03,0.01813336441479918
 1.6251E-03,0.017788201037313326
 1.6668E-03,0.017682536752714074
 1.7085E-03,0.016797782570114883
 1.7501E-03,0.014795484237273478
 1.7918E-03,0.012569310729921745
 1.8335E-03,0.010981129183023403
 1.8751E-03,0.009663475168384747
 1.9168E-03,0.007738786636401597
 1.9585E-03,0.0052673166444103265
 2.0002E-03,0.003243899149192122
 2.0418E-03,0.0022153411675273947
 2.0835E-03,0.0015735933955978835
 2.1252E-03,0.0005982391882106543
 2.1668E-03,-0.00039039172809175564
 2.2085E-03,-0.0004993913001645542
 2.2502E-03,0.00042223147639532143
 2.2919E-03,0.0015724220332165675
 2.3335E-03,0.0023990874989345203
 2.3752E-03,0.0033678174890713103
 2.4169E-03,0.00515474044205887
 2.4585E-03,0.007545011880574671
 2.5002E-03,0.009667310967724862
 2.5419E-03,0.011197805477350012
 2.5835E-03,0.012705419591387736
 2.6252E-03,0.01464559549900181
 2.6669E-03,0.016569968376765103
 2.7086E-03,0.017713679471199846
 2.7502E-03,0.01805634617931709
 2.7919E-03,0.01825892158884172
 2.8336E-03,0.018601382102236844
 2.8752E-03,0.01855379557793655
 2.9169E-03,0.017592784778876644
 2.9586E-03,0.01600950741302248
 3.0002E-03,0.014502016042204975
 3.0419E-03,0.013190994377398364
 3.0836E-03,0.011552077681600454
 3.1252E-03,0.00932702593788605
 3.1669E-03,0.007018957289419002
 3.2086E-03,0.005242572366858458
 3.2503E-03,0.0039254311482087405
 3.2919E-03,0.002556881460018239
 3.3336E-03,0.001071800151846634
 3.3753E-03,2.5428958920810677e-05
 3.4169E-03,-0.0001806420984429121
 3.4586E-03,0.00015636670512857658
 3.5003E-03,0.0005314023257665759
 3.5419E-03,0.000991354045350065
 3.5836E-03,0.002020651811787318
 3.6253E-03,0.0037540568712905783
 3.6670E-03,0.0057117881132683615
 3.7086E-03,0.007441640979876299
 3.7503E-03,0.009085203567791265
 3.7920E-03,0.011028672696511975
 3.8336E-03,0.013194911645944836
 3.8753E-03,0.015048742878425026
 3.9170E-03,0.01629240536376964
 3.9586E-03,0.01719588343635041
 4.0003E-03,0.01808342484822215
 4.0420E-03,0.0187750161924288
 4.0837E-03,0.018820944991589345
 4.1253E-03,0.01815707256517691
 4.1670E-03,0.017189544864471114
 4.2087E-03,0.016199414851540753
 4.2503E-03,0.014977988582432962
 4.2920E-03,0.01322760765415543
 4.3337E-03,0.011101976313232764
 4.3753E-03,0.009070720039496587
 4.4170E-03,0.0073265996177071056
 4.4587E-03,0.005630469874833888
 4.5004E-03,0.0038057956726587957
 4.5420E-03,0.0021185459544743055
 4.5837E-03,0.000974196793345487
 4.6254E-03,0.0004004221508005568
 4.6670E-03,9.04841944335656e-05
 4.7087E-03,-7.840452734050914e-05
 4.7504E-03,0.0001576411823200586
 4.7920E-03,0.0010427481529506535
 4.8337E-03,0.002410808783870462
 4.8754E-03,0.003894637872606051
 4.9171E-03,0.005406311164176513
 4.9587E-03,0.007166455814670442
 5.0004E-03,0.009256889267397707
 5.0421E-03,0.011383772282237864
 5.0837E-03,0.01320397027479438
 5.1254E-03,0.014715296377413433
 5.1671E-03,0.016130936312396663
 5.2087E-03,0.017446795927974552
 5.2504E-03,0.018362309185164995
 5.2921E-03,0.01866628095015967
 5.3338E-03,0.018499846866728172
 5.3754E-03,0.018109406541467612
 5.4171E-03,0.017475859256099464
 5.4588E-03,0.016378019516307657
 5.5004E-03,0.014780721774704282
 5.5421E-03,0.012955272782146893
 5.5838E-03,0.011157492269991083
 5.6254E-03,0.009354283193252877
 5.6671E-03,0.00740081806548659
 5.7088E-03,0.005384303783326737
 5.7505E-03,0.003610418341009513
 5.7921E-03,0.002258535975549869
 5.8338E-03,0.0012256497304267762
 5.8755E-03,0.0003812137676165745
 5.9171E-03,-0.0001643914068808818
 5.9588E-03,-0.00018196673914939567
 6.0005E-03,0.0003559991098201412
 6.0421E-03,0.0012397609406954052
 6.0838E-03,0.002315960952644363
 6.1255E-03,0.0036632341501852787
 6.1672E-03,0.005393602812063839
 6.2088E-03,0.007390864579088989
 6.2505E-03,0.00938263100005163
 6.2922E-03,0.0112330122319127
 6.3338E-03,0.013017249272907138
 6.3755E-03,0.014778915523658233
 6.4172E-03,0.016347539253913097
 6.4588E-03,0.01749249576059391
 6.5005E-03,0.018177543111403408
 6.5422E-03,0.018536457151800412
 6.5839E-03,0.01861795337217462
 6.6255E-03,0.0182904511123614
 6.6672E-03,0.0174451508247222
 6.7089E-03,0.01618456026686356
 6.7505E-03,0.014714029353507366
 6.7922E-03,0.013105492232724841
 6.8339E-03,0.011287210904687992
 6.8755E-03,0.00926366032658739
 6.9172E-03,0.007225154051896613
 6.9589E-03,0.005381838275663443
 7.0006E-03,0.0037732272411943376
 7.0422E-03,0.002332945149512553
 7.0839E-03,0.0010987807604203152
 7.1256E-03,0.00024525999653878894
 7.1672E-03,-0.00010833444317079468
 7.2089E-03,-2.41904934261905e-05
 7.2506E-03,0.0003776460297652384
 7.2922E-03,0.0010993782197233383
 7.3339E-03,0.002231576491726162
 7.3756E-03,0.003763669483822178
 7.4173E-03,0.005528733521732497
 7.4589E-03,0.007364148318873412
 7.5006E-03,0.009245742430354033
 7.5423E-03,0.01120068400836868
 7.5839E-03,0.013141192059872787
 7.6256E-03,0.014875329731334258
 7.6673E-03,0.016278757419260926
 7.7090E-03,0.01737101549691073
 7.7506E-03,0.018189938484763777
 7.7923E-03,0.018662101173557977
 7.8340E-03,0.018666204645963868
 7.8756E-03,0.018190842342004347
 7.9173E-03,0.01734898490125926
 7.9590E-03,0.016231975359317096
 8.0006E-03,0.014825097452329471
 8.0423E-03,0.013106716653889634
 8.0840E-03,0.011173881177676355
 8.1256E-03,0.009201885245401475
 8.1673E-03,0.007298740690540548
 8.2090E-03,0.005470021460974103
 8.2507E-03,0.0037376540472249323
 8.2923E-03,0.002225029438635279
 8.3340E-03,0.0010772842248218208
 8.3757E-03,0.0003361987128429974
 8.4173E-03,-4.6234772694502164e-05
 8.4590E-03,-8.337275098198434e-05
 8.5007E-03,0.000290035625849102
 8.5424E-03,0.0011171321551696647
 8.5840E-03,0.0023283827983648754
 8.6257E-03,0.003797196267156639
 8.6674E-03,0.005456488873344446
 8.7090E-03,0.007303580134504645
 8.7507E-03,0.009293639545040408
 8.7924E-03,0.01128897829192486
 8.8340E-03,0.013143436553153509
 8.8757E-03,0.014797109484422767
 8.9174E-03,0.01624497463017856
 8.9590E-03,0.01743531208866663
 9.0007E-03,0.01825655137517087
 9.0424E-03,0.0186334770478516
 9.0841E-03,0.018588760443711435
 9.1257E-03,0.018181077359496547
 9.1674E-03,0.017417223045961553
 9.2091E-03,0.016270345661373593
 9.2507E-03,0.0147725649570174
 9.2924E-03,0.01303901216589493
 9.3341E-03,0.011186335458201265
 9.3758E-03,0.009266697629700062
 9.4174E-03,0.007310639966164063
 9.4591E-03,0.005406179670651044
 9.5008E-03,0.0036894858774127294
 9.5424E-03,0.0022584363499152165
 9.5841E-03,0.0011353262214712694
 9.6258E-03,0.0003281032533539559
 9.6674E-03,-0.00010840424819949648
 9.7091E-03,-0.00010582776262372669
 9.7508E-03,0.00034033629503549723
 9.7925E-03,0.0011650254751861967
 9.8341E-03,0.0023059407631580288
 9.8758E-03,0.0037447374607927283
 9.9175E-03,0.005458835277453658
 9.9591E-03,0.007361799458879462
 1.0001E-02,0.009325770511028425
 1.0042E-02,0.011254710430251186
 1.0084E-02,0.013102728119115468
 1.0126E-02,0.014817217002884358
 1.0167E-02,0.01629946926304198
 1.0209E-02,0.01744623866506683
 1.0251E-02,0.01821232505919311
 1.0292E-02,0.018603983845608445
 1.0334E-02,0.01861828450666057
 1.0376E-02,0.018222886366599456
 1.0417E-02,0.0174062813150062
 1.0459E-02,0.01622116885129525
 1.0501E-02,0.014755196360020501
 1.0543E-02,0.01307283848157844
 1.0584E-02,0.011212951953421237
 1.0626E-02,0.009239852381582054
 1.0668E-02,0.007265222227585906
 1.0709E-02,0.00540388659632432
 1.0751E-02,0.0037261645895450375
 1.0793E-02,0.0022726118015761214
 1.0834E-02,0.0011019892967928054
 1.0876E-02,0.0002950988301494538
 1.0918E-02,-9.389997305450328e-05
 1.0959E-02,-6.759788246965975e-05
 1.1001E-02,0.0003452754278984959
 1.1043E-02,0.0011325113271162047
 1.1084E-02,0.002289141865947183
 1.1126E-02,0.003772865214411827
 1.1168E-02,0.005494078346985237
 1.1209E-02,0.007357606521679701
 1.1251E-02,0.009296354918009241
 1.1293E-02,0.011251647261701433
 1.1334E-02,0.013136462540201128
 1.1376E-02,0.014842443609282675
 1.1418E-02,0.016284278126364446
 1.1459E-02,0.017419139222496265
 1.1501E-02,0.018217566273991265
 1.1543E-02,0.018634788767213986
 1.1584E-02,0.018628477305835438
 1.1626E-02,0.018197102289666766
 1.1668E-02,0.017382001462797243
 1.1709E-02,0.01623115390289819
 1.1751E-02,0.01477883280495889
 1.1793E-02,0.013068807024955607
 1.1834E-02,0.01118184500152063
 1.1876E-02,0.00922225335033724
 1.1918E-02,0.0072801398534423694
 1.1959E-02,0.0054213446426753156
 1.2001E-02,0.0037137790178590688
 1.2043E-02,0.0022442815716141808
 1.2084E-02,0.0010959482285296837
 1.2126E-02,0.00031629334548476584
 1.2168E-02,-8.000840531991143e-05
 1.2209E-02,-8.217149660714828e-05
 1.2251E-02,0.0003256445954584002
 1.2293E-02,0.0011394504964729632
 1.2334E-02,0.002314945253215792
 1.2376E-02,0.0037830626900474873
 1.2418E-02,0.005479517443029701
 1.2459E-02,0.007347087750172248
 1.2501E-02,0.00931217678029594
 1.2543E-02,0.011276213301937761
 1.2584E-02,0.013139500700684825
 1.2626E-02,0.014826328717502862
 1.2668E-02,0.016279198185720753
 1.2709E-02,0.01743688341001635
 1.2751E-02,0.018234281198569798
 1.2793E-02,0.01862758804605718
 1.2834E-02,0.018609525574174925
 1.2876E-02,0.018194313758504974
 1.2918E-02,0.017396865348919495
 1.2959E-02,0.016237428745267374
 1.3001E-02,0.014762775995608773
 1.3043E-02,0.013049518992235743
 1.3084E-02,0.01118195219466416
 1.3126E-02,0.009234276023386617
 1.3168E-02,0.007278897262737827
 1.3209E-02,0.005402408174887397
 1.3251E-02,0.003699728589950168
 1.3293E-02,0.0022504284591820653
 1.3334E-02,0.001107949199562868
 1.3376E-02,0.00031268063591018125
 1.3418E-02,-9.541946000261457e-05
 1.3459E-02,-8.667235512996458e-05
 1.3501E-02,0.00033920897779137166
 1.3543E-02,0.0011524526064082055
 1.3584E-02,0.0023114801708002683
 1.3626E-02,0.003773450525162988
 1.3668E-02,0.0054838822300453385
 1.3709E-02,0.00736476507456719
 1.3751E-02,0.009323074692797199
 1.3793E-02,0.011271125673314137
 1.3834E-02,0.013133220595712125
 1.3876E-02,0.014834513078674718
 1.3918E-02,0.01629467631711765
 1.3959E-02,0.017440839992730148
 1.4001E-02,0.01822453704050026
 1.4043E-02,0.01862119206523973
 1.4084E-02,0.018616586397561186
 1.4126E-02,0.018203079978678493
 1.4168E-02,0.017392003640609218
 1.4209E-02,0.01622314465400025
 1.4251E-02,0.014756071356981558
 1.4293E-02,0.01305459201215
 1.4334E-02,0.011184569743083102
 1.4376E-02,0.009223884140523326
 1.4418E-02,0.007264561467290265
 1.4459E-02,0.005398963260441987
 1.4501E-02,0.0037057428822440024
 1.4543E-02,0.002251121665477836
 1.4585E-02,0.0010979111980402873
 1.4626E-02,0.0003038527240046459
 1.4668E-02,-9.195796014360838e-05
 1.4710E-02,-7.712104239883674e-05
 1.4751E-02,0.00034118889544126565
 1.4793E-02,0.001146323193208751
 1.4835E-02,0.002310126875761939
 1.4876E-02,0.003783380711854148
 1.4918E-02,0.005495505904974709
 1.4960E-02,0.007366966492779976
 1.5001E-02,0.009319582039656287
 1.5043E-02,0.011274189497270928
 1.5085E-02,0.01314475213825294
 1.5126E-02,0.014843257348707256
 1.5168E-02,0.016293163822341087
 1.5210E-02,0.017436189852752425
 1.5251E-02,0.018227166940818978
 1.5293E-02,0.01862899976729165
 1.5335E-02,0.01861839179271097
 1.5376E-02,0.018195588568771088
 1.5418E-02,0.01738451824436055
 1.5460E-02,0.016223365301256877
 1.5501E-02,0.014758791594462408
 1.5543E-02,0.01305008348558573
 1.5585E-02,0.011173500481183906
 1.5626E-02,0.00921627040431883
 1.5668E-02,0.007264810389455888
 1.5710E-02,0.005399767008695183
 1.5751E-02,0.0036996477803296944
 1.5793E-02,0.0022419323563638415
 1.5835E-02,0.0010949016797059878
 1.5876E-02,0.0003079534107337605
 1.5918E-02,-8.914139202844908e-05
 1.5960E-02,-8.040058203917573e-05
 1.6001E-02,0.0003376817027552926
 1.6043E-02,0.0011500133866375298
 1.6085E-02,0.002318770591673073
 1.6126E-02,0.0037885613399839106
 1.6168E-02,0.0054951861372332595
 1.6210E-02,0.007368087638702909
 1.6251E-02,0.009327145965984843
 1.6293E-02,0.011283554964216107
 1.6335E-02,0.013148566241984584
 1.6376E-02,0.014842231344153429
 1.6418E-02,0.016294487915968166
 1.6460E-02,0.017442347851617968
 1.6501E-02,0.01823217289357641
 1.6543E-02,0.018627460347608402
 1.6585E-02,0.018613458756085437
 1.6626E-02,0.018193953843290686
 1.6668E-02,0.017386336863569093
 1.6710E-02,0.01622232310128967
 1.6751E-02,0.014751894457721355
 1.6793E-02,0.013042229509298911
 1.6835E-02,0.011170159952547195
 1.6876E-02,0.009215571842519433
 1.6918E-02,0.007260858615532332
 1.6960E-02,0.005391871324791695
 1.7001E-02,0.003693483245160948
 1.7043E-02,0.002241142194934413
 1.7085E-02,0.0010959637040884249
 1.7126E-02,0.00030585867348120017
 1.7168E-02,-9.32196250792515e-05
 1.7210E-02,-8.096017252156549e-05
 1.7251E-02,0.0003421545931976545
 1.7293E-02,0.0011548744029634672
 1.7335E-02,0.002320243879064097
 1.7376E-02,0.003789195464742613
 1.7418E-02,0.00549965041138868
 1.7460E-02,0.007375890644342413
 1.7501E-02,0.009333253817934619
 1.7543E-02,0.011285755661071288
 1.7585E-02,0.013150386370181115
 1.7626E-02,0.014847197548255113
 1.7668E-02,0.016300585653535926
 1.7710E-02,0.017444963399799535
 1.7751E-02,0.01823087091436697
 1.7793E-02,0.01862635772183453
 1.7835E-02,0.018614840734284332
 1.7876E-02,0.018194887721964696
 1.7918E-02,0.017383252059613025
 1.7960E-02,0.016216462352649022
 1.8001E-02,0.014747458815863711
 1.8043E-02,0.013040211707341709
 1.8085E-02,0.011167205655005761
 1.8126E-02,0.009209400634789899
 1.8168E-02,0.00725392975318646
 1.8210E-02,0.005387863100317367
 1.8251E-02,0.0036920558538993667
 1.8293E-02,0.0022388431365626808
 1.8335E-02,0.0010917189991146708
 1.8376E-02,0.00030270009094352456
 1.8418E-02,-9.265960232413424e-05
 1.8460E-02,-7.827472917351848e-05
 1.8501E-02,0.00034368358937745456
 1.8543E-02,0.0011551918732874745
 1.8585E-02,0.0023224076371368228
 1.8626E-02,0.003794562598959236
 1.8668E-02,0.005505700800693491
 1.8710E-02,0.007379864710934451
 1.8752E-02,0.009336005013654478
 1.8793E-02,0.011290069938245401
 1.8835E-02,0.013156461361755788
 1.8877E-02,0.014852135257984778
 1.8918E-02,0.01630254609142704
 1.8960E-02,0.017445640918445044
 1.9002E-02,0.018232654669300553
 1.9043E-02,0.01862859291112744
 1.9085E-02,0.018614812788698306
 1.9127E-02,0.018191915569916155
 1.9168E-02,0.01737967713137303
 1.9210E-02,0.016214150816416185
 1.9252E-02,0.014745180335373403
 1.9293E-02,0.013035777109743128
 1.9335E-02,0.011161011368852908
 1.9377E-02,0.009204030592623634
 1.9418E-02,0.007250521735839797
 1.9460E-02,0.005384754653721412
 1.9502E-02,0.003687646352514569
 1.9543E-02,0.002234253905279941
 1.9585E-02,0.0010892755015597694
 1.9627E-02,0.00030262207001783106
 1.9668E-02,-9.237330316447901e-05
 1.9710E-02,-7.870115501239958e-05
 1.9752E-02,0.0003439980574654384
 1.9793E-02,0.0011579487803777084
 1.9835E-02,0.0023269131641416546
 1.9877E-02,0.003798684232322242
 1.9918E-02,0.005508891730026549
 1.9960E-02,0.007383686172162717
 2.0002E-02,0.009341454270763423
 2.0043E-02,0.011295814380490312
 2.0085E-02,0.013160601411709345
 2.0127E-02,0.014854767332966493
 2.0168E-02,0.016305284489854455
 2.0210E-02,0.01744891847419847
 2.0252E-02,0.018234915076351638
 2.0293E-02,0.018628531945032153
 2.0335E-02,0.018613230575890313
 2.0377E-02,0.018190427433117228
 2.0418E-02,0.017378308843425172
 2.0460E-02,0.016211445446977606
 2.0502E-02,0.014740574165401147
 2.0543E-02,0.013030616741464027
 2.0585E-02,0.01115672650104844
 2.0627E-02,0.009200270849889175
 2.0668E-02,0.007246029285484833
 2.0710E-02,0.005379570445196012
 2.0752E-02,0.0036833009485211943
 2.0793E-02,0.0022317087738974884
 2.0835E-02,0.0010877463712235193
 2.0877E-02,0.0003010020791003492
 2.0918E-02,-9.370464589060891e-05
 2.0960E-02,-7.840113602517205e-05
 2.1002E-02,0.00034622949923503854
 2.1043E-02,0.001160918639128301
 2.1085E-02,0.0023296659238553094
 2.1127E-02,0.0038017673756345115
 2.1168E-02,0.005513288281804907
 2.1210E-02,0.007389088622843118
 2.1252E-02,0.009346488151588433
 2.1293E-02,0.011299829867189623
 2.1335E-02,0.013164321728103069
 2.1377E-02,0.014858873506387808
 2.1418E-02,0.016309127108269393
 2.1460E-02,0.017451289383485308
 2.1502E-02,0.018235672697830982
 2.1543E-02,0.018628633301006687
 2.1585E-02,0.01861317787175837
 2.1627E-02,0.018189504065460303
 2.1668E-02,0.017375723260289865
 2.1710E-02,0.016207612252827793
 2.1752E-02,0.014736609622900163
 2.1793E-02,0.013026851941553492
 2.1835E-02,0.011152481550066444
 2.1877E-02,0.00919517700278727
 2.1918E-02,0.00724086365836102
 2.1960E-02,0.005375359479025482
 2.2002E-02,0.00368007265914075
 2.2043E-02,0.0022287546285886285
 2.2085E-02,0.0010849424392099971
 2.2127E-02,0.00029917390506031404
 2.2168E-02,-9.389668937655822e-05
 2.2210E-02,-7.735292483380086e-05
 2.2252E-02,0.0003477171153029212
 2.2293E-02,0.0011628124275336732
 2.2335E-02,0.0023326296381521706
 2.2377E-02,0.0038059959910168827
 2.2418E-02,0.005518027744736661
 2.2460E-02,0.007393545962490811
 2.2502E-02,0.009350741094565362
 2.2543E-02,0.011304389659803063
 2.2585E-02,0.013169056351909013
 2.2627E-02,0.014862932599855211
 2.2668E-02,0.01631196274696423
 2.2710E-02,0.01745322551296096
 2.2752E-02,0.01823719657991899
 2.2793E-02,0.018629515994101693
 2.2835E-02,0.018612749913079915
 2.2877E-02,0.018187642265940315
 2.2919E-02,0.017373052810417
 2.2960E-02,0.01620464510774964
 2.3002E-02,0.014733135881268835
 2.3044E-02,0.01302247901592323
 2.3085E-02,0.01114747070142892
 2.3127E-02,0.009190307709711711
 2.3169E-02,0.007236547080535171
 2.3210E-02,0.005371335687246773
 2.3252E-02,0.00367611213900764
 2.3294E-02,0.002225272417160447
 2.3335E-02,0.001082599055270549
 2.3377E-02,0.0002980799097823324
 2.3419E-02,-9.418176496220771e-05
 2.3460E-02,-7.705699050126199e-05
 2.3502E-02,0.0003489397438708028
 2.3544E-02,0.0011653120430710879
 2.3585E-02,0.0023361416472971242
 2.3627E-02,0.0038099013328866836
 2.3669E-02,0.005522084143801895
 2.3710E-02,0.007397992815287368
 2.3752E-02,0.009355651396510725
 2.3794E-02,0.011309272001857579
 2.3835E-02,0.013173306670608143
 2.3877E-02,0.014866447844908114
 2.3919E-02,0.016315007362128237
 2.3960E-02,0.01745578507347723
 2.4002E-02,0.018238810766944807
 2.4044E-02,0.01862983428235731
 2.4085E-02,0.018611963381347445
 2.4127E-02,0.01818615383189713
 2.4169E-02,0.017370903663050705
 2.4210E-02,0.0162015606127482
 2.4252E-02,0.014729098781428165
 2.4294E-02,0.01301795028314603
 2.4335E-02,0.01114293037684748
 2.4377E-02,0.009185812393667857
 2.4419E-02,0.007231952438847913
 2.4460E-02,0.0053668179192098465
 2.4502E-02,0.0036721873403952492
 2.4544E-02,0.002222287957555259
 2.4585E-02,0.0010804607870399515
 2.4627E-02,0.0002966043433292951
 2.4669E-02,-9.484417265063995e-05
 2.4710E-02,-7.656776818006775e-05
 2.4752E-02,0.0003506235100494005
 2.4794E-02,0.001167847403482705
 2.4835E-02,0.0023392268963381845
 2.4877E-02,0.0038135713458168677
 2.4919E-02,0.005526443933982401
 2.4960E-02,0.007402813347266493
 2.5002E-02,0.009360446174400258
 2.5044E-02,0.01131373740311591
 2.5085E-02,0.013177470051400584
 2.5127E-02,0.014870324235549934
 2.5169E-02,0.016318305523232962
 2.5210E-02,0.017458112467393573
 2.5252E-02,0.01824006616753711
 2.5294E-02,0.018630204009155597
 2.5335E-02,0.01861154539720147
 2.5377E-02,0.018184786927896962
 2.5419E-02,0.017368451808273854
 2.5460E-02,0.016198211759178564
 2.5502E-02,0.014725226986231972
 2.5544E-02,0.013013754240227519
 2.5585E-02,0.011138386587312291
 2.5627E-02,0.009180992378470629
 2.5669E-02,0.007227206783358307
 2.5710E-02,0.005362543719740128
 2.5752E-02,0.003668526296219011
 2.5794E-02,0.002219195161253763
 2.5835E-02,0.0010780179181143902
 2.5877E-02,0.0002950916091395713
 2.5919E-02,-9.522585113594265e-05
 2.5960E-02,-7.590528758066584e-05
 2.6002E-02,0.00035212128375181317
 2.6044E-02,0.0011701295350810736
 2.6085E-02,0.0023423746564713204
 2.6127E-02,0.0038175189727939025
 2.6169E-02,0.005530877295234342
 2.6210E-02,0.0074074013010279275
 2.6252E-02,0.009365059740657001
 2.6294E-02,0.01131834191337751
 2.6335E-02,0.013181874284489706
 2.6377E-02,0.014874178789400744
 2.6419E-02,0.016321357943196287
 2.6460E-02,0.017460341832057403
 2.6502E-02,0.018241510134170195
 2.6544E-02,0.01863075486178841
 2.6585E-02,0.0186110272079304
 2.6627E-02,0.018183193596908693
 2.6669E-02,0.017365986372133855
 2.6710E-02,0.016195072897247396
 2.6752E-02,0.014721465499548144
 2.6794E-02,0.013009405104105238
 2.6835E-02,0.011133661800014108
 2.6877E-02,0.009176233999279464
 2.6919E-02,0.0072226658796553465
 2.6960E-02,0.005358307977736413
 2.7002E-02,0.003664686581559132
 2.7044E-02,0.002215982058524619
 2.7085E-02,0.0010756934536890299
 2.7127E-02,0.000293754881574108
 2.7169E-02,-9.563508121715502e-05
 2.7211E-02,-7.542304768305097e-05
 2.7252E-02,0.0003535632669844684
 2.7294E-02,0.0011725629694439555
 2.7336E-02,0.0023456515107210156
 2.7377E-02,0.003821384033992124
 2.7419E-02,0.005535148288162018
 2.7461E-02,0.007411993348929237
 2.7502E-02,0.009369833213709322
 2.7544E-02,0.011323018412379952
 2.7586E-02,0.013186157046519561
 2.7627E-02,0.014877904471380526
 2.7669E-02,0.016324464782726852
 2.7711E-02,0.017462719243155428
 2.7752E-02,0.018242968574009102
 2.7794E-02,0.018631165833642254
 2.7836E-02,0.018610425197232192
 2.7877E-02,0.018181692589850217
 2.7919E-02,0.01736364266695055
 2.7961E-02,0.016191899367406382
 2.8002E-02,0.014717567063707113
 2.8044E-02,0.013005022534660833
 2.8086E-02,0.01112905247875048
 2.8127E-02,0.009171562240831443
 2.8169E-02,0.007218054332621746
 2.8211E-02,0.005353955447375519
 2.8252E-02,0.0036608611754734687
 2.8294E-02,0.0022128910148288107
 2.8336E-02,0.0010734158773862336
 2.8377E-02,0.00029232523910854846
 2.8419E-02,-9.61307317170203e-05
 2.8461E-02,-7.488853481100663e-05
 2.8502E-02,0.00035511732153634704
 2.8544E-02,0.0011750024282666238
 2.8586E-02,0.002348825617863603
 2.8627E-02,0.0038251968520949934
 2.8669E-02,0.005539495927955416
 2.8711E-02,0.007416673824381466
 2.8752E-02,0.009374575154769726
 2.8794E-02,0.01132759421654572
 2.8836E-02,0.01319042175876976
 2.8877E-02,0.014881717690418732
 2.8919E-02,0.01632762860736876
 2.8961E-02,0.017465036320222508
 2.9002E-02,0.018244340204351464
 2.9044E-02,0.01863159081616722
 2.9086E-02,0.018609910526192118
 2.9127E-02,0.018180216031906928
 2.9169E-02,0.017361222688597043
 2.9211E-02,0.016188663003232247
 2.9252E-02,0.01471371018211618
 2.9294E-02,0.01300071859657772
 2.9336E-02,0.01112443888471746
 2.9377E-02,0.009166811574548083
 2.9419E-02,0.007213409434795183
 2.9461E-02,0.005349664268201812
 2.9502E-02,0.0036570987339446664
 2.9544E-02,0.0022097725647680306
 2.9586E-02,0.001071066815469669
 2.9627E-02,0.0002908910877164161
 2.9669E-02,-9.655597895471261e-05
 2.9711E-02,-7.431266997755376e-05
 2.9752E-02,0.0003566262883029194
 2.9794E-02,0.0011773835950635002
 2.9836E-02,0.0023520185926081947
 2.9877E-02,0.0038290776533595394
 2.9919E-02,0.005543859636172352
 2.9961E-02,0.0074212974444370075
 3.0002E-02,0.009379275159225207
 3.0044E-02,0.011332205109263409
 3.0086E-02,0.01319474298967916
 3.0127E-02,0.01488552229621952
 3.0169E-02,0.016330731511370614
 3.0211E-02,0.01746733022255583
 3.0252E-02,0.01824575682962622
 3.0294E-02,0.018632056278573478
 3.0336E-02,0.018609368011651417
 3.0377E-02,0.018178683612521094
 3.0419E-02,0.01735879991723984
 3.0461E-02,0.016185476477340248
 3.0502E-02,0.014709877138209045
 3.0544E-02,0.012996375704872729
 3.0586E-02,0.011119782334866097
 3.0627E-02,0.009162077577788637
 3.0669E-02,0.007208814151136949
 3.0711E-02,0.005345381318305699
 3.0752E-02,0.0036532935864209562
 3.0794E-02,0.002206627873832981
 3.0836E-02,0.0010687492362928762
 3.0877E-02,0.0002895003834754601
 3.0919E-02,-9.698772446759527e-05
 3.0961E-02,-7.377856224255255e-05
 3.1002E-02,0.0003581250739305602
 3.1044E-02,0.0011798036283056112
 3.1086E-02,0.0023552429025180933
 3.1127E-02,0.003832938244476755
 3.1169E-02,0.005548185342747996
 3.1211E-02,0.007425923905312715
 3.1252E-02,0.00938401398247502
 3.1294E-02,0.011336831641499994
 3.1336E-02,0.013199033277584349
 3.1378E-02,0.01488929561452568
 3.1419E-02,0.0163338474831088
 3.1461E-02,0.017469658055123224
 3.1503E-02,0.018247173900956343
 3.1544E-02,0.018632485811144045
 3.1586E-02,0.01860880461579102
 3.1628E-02,0.018177172701111126
 3.1669E-02,0.01735640433922509
 3.1711E-02,0.016182279071995324
 3.1753E-02,0.014706010064525913
 3.1794E-02,0.01299202521757708
 3.1836E-02,0.011115153800649313
 3.1878E-02,0.009157363593699161
 3.1919E-02,0.007204201287403332
 3.1961E-02,0.005341071374441291
 3.2003E-02,0.0036494940705792955
 3.2044E-02,0.002203514088759609
 3.2086E-02,0.0010664435176519793
 3.2128E-02,0.00028808839077749417
 3.2169E-02,-9.743781987180876e-05
 3.2211E-02,-7.322914639244474e-05
 3.2253E-02,0.00035965235088785395
 3.2294E-02,0.001182225663292645
 3.2336E-02,0.0023584435170582365
 3.2378E-02,0.0038367881341102054
 3.2419E-02,0.005552530889486787
 3.2461E-02,0.007430571521760792
 3.2503E-02,0.009388744304883557
 3.2544E-02,0.01134143357623663
 3.2586E-02,0.013203319330561913
 3.2628E-02,0.014893089277844974
 3.2669E-02,0.016336975119220873
 3.2711E-02,0.017471969087808892
 3.2753E-02,0.018248568662034868
 3.2794E-02,0.018632917714521764
 3.2836E-02,0.018608260499454632
 3.2878E-02,0.018175665192446903
 3.2919E-02,0.0173539884164953
 3.2961E-02,0.01617906574572847
 3.3003E-02,0.014702152615411478
 3.3044E-02,0.01298769274503475
 3.3086E-02,0.011110523149301369
 3.3128E-02,0.009152630487480693
 3.3169E-02,0.007199581441226462
 3.3211E-02,0.005336777415160764
 3.3253E-02,0.0036457103895728054
 3.3294E-02,0.002200394432466335
 3.3336E-02,0.0010641222620946078
 3.3378E-02,0.0002866777021410323
 3.3419E-02,-9.786893736025656e-05
 3.3461E-02,-7.266850873227925e-05
 3.3503E-02,0.0003611700154112267
 3.3544E-02,0.0011846355085306094
 3.3586E-02,0.0023616505935397025
 3.3628E-02,0.0038406554308992296
 3.3669E-02,0.00555688043775683
 3.3711E-02,0.0074352055243262286
 3.3753E-02,0.009393464934171156
 3.3794E-02,0.011346044033844859
 3.3836E-02,0.013207618053374542
 3.3878E-02,0.014896879256056691
 3.3919E-02,0.016340086674726337
 3.3961E-02,0.017474273479018705
 3.4003E-02,0.01824997285823935
 3.4044E-02,0.01863335725325631
 3.4086E-02,0.01860770745050787
 3.4128E-02,0.018174142645826577
 3.4169E-02,0.017351570768635933
 3.4211E-02,0.01617586322456698
 3.4253E-02,0.014698299447741852
 3.4294E-02,0.012983349855100124
 3.4336E-02,0.011105882045798637
 3.4378E-02,0.00914790184108352
 3.4419E-02,0.007194973895818578
 3.4461E-02,0.005332485754036099
 3.4503E-02,0.003641917331484869
 3.4544E-02,0.002197270150785556
 3.4586E-02,0.0010618104849882482
 3.4628E-02,0.0002852790218813171
 3.4669E-02,-9.830022441554816e-05
 3.4711E-02,-7.211615820441991e-05
 3.4753E-02,0.00036268731132597476
 3.4794E-02,0.0011870564627669078
 3.4836E-02,0.0023648662718736497
 3.4878E-02,0.003844518582188765
 3.4919E-02,0.0055612216571508345
 3.4961E-02,0.007439840927257919
 3.5003E-02,0.009398194954562908
 3.5044E-02,0.011350657534846209
 3.5086E-02,0.01321190834203926
 3.5128E-02,0.01490066081250819
 3.5169E-02,0.016343200312114333
 3.5211E-02,0.017476584394612922
 3.5253E-02,0.018251375094922265
 3.5294E-02,0.018633786221832902
 3.5336E-02,0.01860714783007044
 3.5378E-02,0.01817262378113873
 3.5419E-02,0.017349157957436204
 3.5461E-02,0.016172656461834908
 3.5503E-02,0.014694437048306613
 3.5545E-02,0.012979004706764068
 3.5586E-02,0.01110124746386345
 3.5628E-02,0.009143177823155456
 3.5670E-02,0.007190362290947828
 3.5711E-02,0.005328188450905432
 3.5753E-02,0.0036381269783110565
 3.5795E-02,0.0021941547004186894
 3.5836E-02,0.001059502898051496
 3.5878E-02,0.0002838767990164848
 3.5920E-02,-9.873395976006292e-05
 3.5961E-02,-7.155810412874748e-05
 3.6003E-02,0.0003642131224812777
 3.6045E-02,0.0011894792098929683
 3.6086E-02,0.00236807750883445
 3.6128E-02,0.0038483803995060344
 3.6170E-02,0.005565568516447612
 3.6211E-02,0.007444481647581769
 3.6253E-02,0.00940292269449803
 3.6295E-02,0.011355264741174372
 3.6336E-02,0.013216197079677776
 3.6378E-02,0.014904446285059162
 3.6420E-02,0.01634631525389837
 3.6461E-02,0.01747888955648841
 3.6503E-02,0.01825277034960888
 3.6545E-02,0.018634214183913308
 3.6586E-02,0.018606591089490965
 3.6628E-02,0.018171103860739068
 3.6670E-02,0.01734673861661075
 3.6711E-02,0.016169444684768493
 3.6753E-02,0.014690576085196966
 3.6795E-02,0.012974663127737174
 3.6836E-02,0.011096611840305727
 3.6878E-02,0.00913844919186937
 3.6920E-02,0.0071857495583000685
 3.6961E-02,0.005323895853646839
 3.7003E-02,0.00363434141177972
 3.7045E-02,0.0021910390409478663
 3.7086E-02,0.0010571931715062327
 3.7128E-02,0.0002824767705484967
 3.7170E-02,-9.9161283488334e-05
 3.7211E-02,-7.099569072924753e-05
 3.7253E-02,0.00036573821568977794
 3.7295E-02,0.0011919006456467631
 3.7336E-02,0.0023712917664614826
 3.7378E-02,0.003852247442003639
 3.7420E-02,0.005569916908852696
 3.7461E-02,0.007449119376309728
 3.7503E-02,0.009407648176049806
 3.7545E-02,0.01135987370032096
 3.7586E-02,0.013220488046817858
 3.7628E-02,0.014908229642231985
 3.7670E-02,0.016349424934947288
 3.7711E-02,0.017481191645445787
 3.7753E-02,0.018254166203017178
 3.7795E-02,0.01863464208627606
 3.7836E-02,0.018606030284589868
 3.7878E-02,0.018169578630574928
 3.7920E-02,0.017344317421353284
 3.7961E-02,0.016166234208410096
 3.8003E-02,0.01468671501048913
 3.8045E-02,0.012970318257162727
 3.8086E-02,0.01109197341601327
 3.8128E-02,0.009133721764794867
 3.8170E-02,0.007181140177074293
 3.8211E-02,0.005319604464167011
 3.8253E-02,0.0036305546337496077
 3.8295E-02,0.002187923712971357
 3.8336E-02,0.0010548873829437958
 3.8378E-02,0.0002810813171686222
 3.8420E-02,-9.958694123279811e-05
 3.8461E-02,-7.043347813328972e-05
 3.8503E-02,0.00036726502312357204
 3.8545E-02,0.0011943263525624154
 3.8586E-02,0.0023745093504134096
 3.8628E-02,0.003856114446376027
 3.8670E-02,0.005574264029988463
 3.8711E-02,0.007453757874866712
 3.8753E-02,0.009412375904415595
 3.8795E-02,0.011364482915704174
 3.8836E-02,0.013224776182493068
 3.8878E-02,0.014912009954136997
 3.8920E-02,0.016352533848924496
 3.8961E-02,0.017483493734029555
 3.9003E-02,0.018255559803445582
 3.9045E-02,0.018635065645306963
 3.9086E-02,0.018605466190548026
 3.9128E-02,0.0181680526481249
 3.9170E-02,0.017341895815565805
 3.9211E-02,0.01616302132686539
 3.9253E-02,0.014682850682511123
 3.9295E-02,0.012965972203185261
 3.9336E-02,0.011087336240210837
 3.9378E-02,0.00912899542335878
 3.9420E-02,0.007176530164523548
 3.9461E-02,0.00531531249933872
 3.9503E-02,0.003626769652051751
 3.9545E-02,0.0021848118741104004
 3.9586E-02,0.0010525841186150287
 3.9628E-02,0.00027968670074385326
 3.9670E-02,-0.00010001135066143468
 3.9712E-02,-6.986805004258023e-05
 3.9753E-02,0.00036879557130856
 3.9795E-02,0.0011967539814658997
 3.9837E-02,0.002377727175556439
 3.9878E-02,0.0038599822191374587
 3.9920E-02,0.005578613254064012
 3.9962E-02,0.0074583979685962625
 4.0003E-02,0.009417103001515973
 4.0045E-02,0.011369090211645182
 4.0087E-02,0.013229063224239994
 4.0128E-02,0.014915790126931557
 4.0170E-02,0.016355641656453302
 4.0212E-02,0.017485792803189158
 4.0253E-02,0.01825695000042765
 4.0295E-02,0.01863548719178179
 4.0337E-02,0.01860490098087488
 4.0378E-02,0.018166524644172996
 4.0420E-02,0.01733947105610184
 4.0462E-02,0.016159805941479664
 4.0503E-02,0.014678985694353695
 4.0545E-02,0.01296162628278385
 4.0587E-02,0.011082698422255488
 4.0628E-02,0.009124267993380536
 4.0670E-02,0.007171920321895259
 4.0712E-02,0.005311022451367903
 4.0753E-02,0.003622986880867464
 4.0795E-02,0.0021817013108095104
 4.0837E-02,0.0010502819272102735
 4.0878E-02,0.0002782943800364191
 4.0920E-02,-0.00010043240404401148
 4.0962E-02,-6.929980883194089e-05
 4.1003E-02,0.0003703276319734891
 4.1045E-02,0.0011991828641488254
 4.1087E-02,0.002380947083469866
 4.1128E-02,0.003863852283090319
 4.1170E-02,0.005582963518831816
 4.1212E-02,0.0074630376744644605
 4.1253E-02,0.00942182955438451
 4.1295E-02,0.011373697558019567
 4.1337E-02,0.013233350039895933
 4.1378E-02,0.014919568690445896
 4.1420E-02,0.016358746854124376
 4.1462E-02,0.01748808960596936
 4.1503E-02,0.018258338654179758
 4.1545E-02,0.018635906926358956
 4.1587E-02,0.01860433299470388
 4.1628E-02,0.01816499367843537
 4.1670E-02,0.01733704434151159
 4.1712E-02,0.016156589559424936
 4.1753E-02,0.014675119619095456
 4.1795E-02,0.012957278843926744
 4.1837E-02,0.01107805959587963
 4.1878E-02,0.009119540902470077
 4.1920E-02,0.0071673116817599115
 4.1962E-02,0.005306733426089839
 4.2003E-02,0.003619204891637055
 4.2045E-02,0.002178592206673085
 4.2087E-02,0.0010479822773143998
 4.2128E-02,0.0002769048726446584
 4.2170E-02,-0.00010085128318402864
 4.2212E-02,-6.872982554125291e-05
 4.2253E-02,0.00037186183365596676
 4.2295E-02,0.0012016143330108268
 4.2337E-02,0.00238416909718856
 4.2378E-02,0.003867723357706715
 4.2420E-02,0.005587314192891997
 4.2462E-02,0.007467677932263942
 4.2503E-02,0.009426556617956956
 4.2545E-02,0.011378304536303906
 4.2587E-02,0.013237635391156872
 4.2628E-02,0.014923345435874417
 4.2670E-02,0.016361850508074607
 4.2712E-02,0.017490384810021572
 4.2753E-02,0.018259725004615247
 4.2795E-02,0.018636323797176182
 4.2837E-02,0.018603762427406367
 4.2878E-02,0.018163460825424214
 4.2920E-02,0.017334615961890332
 4.2962E-02,0.016153371255124616
 4.3003E-02,0.01467125172255085
 4.3045E-02,0.012952930428773496
 4.3087E-02,0.011073420729907904
 4.3128E-02,0.009114814089266123
 4.3170E-02,0.007162703281203398
 4.3212E-02,0.005302445030041041
 4.3253E-02,0.0036154244350401522
 4.3295E-02,0.0021754853050326445
 4.3337E-02,0.001045684800214685
 4.3378E-02,0.000275517287571926
 4.3420E-02,-0.00010126805009569426
 4.3462E-02,-6.8157261065384e-05
 4.3503E-02,0.00037339864085431
 4.3545E-02,0.0012040477990270236
 4.3587E-02,0.0023873924860414435
 4.3628E-02,0.0038715956628847022
 4.3670E-02,0.005591666084165421
 4.3712E-02,0.007472318908925525
 4.3754E-02,0.009431283487431733
 4.3795E-02,0.011382910653968578
 4.3837E-02,0.013241919738933405
 4.3879E-02,0.014927121080293745
 4.3920E-02,0.0163649525418615
 4.3962E-02,0.01749267772106258
 4.4004E-02,0.018261108837526196
 4.4045E-02,0.018636738417975942
 4.4087E-02,0.0186031898191162
 4.4129E-02,0.01816192578455737
 4.4170E-02,0.017332185283484222
 4.4212E-02,0.016150151044245373
 4.4254E-02,0.014667382644056181
 4.4295E-02,0.012948581336736566
 4.4337E-02,0.011068781352678086
 4.4379E-02,0.009110087041471787
 4.4420E-02,0.007158095333889064
 4.4462E-02,0.00529815786099419
 4.4504E-02,0.0036116455880892346
 4.4545E-02,0.002172380062458041
 4.4587E-02,0.0010433891607664
 4.4629E-02,0.0002741319888907987
 4.4670E-02,-0.0001016822104517459
 4.4712E-02,-6.75822372191223e-05
 4.4754E-02,0.00037493751195320226
 4.4795E-02,0.0012064831186520434
 4.4837E-02,0.002390617704782493
 4.4879E-02,0.0038754695546607196
 4.4920E-02,0.00559601892312145
 4.4962E-02,0.007476960132036192
 4.5004E-02,0.009436010196598574
 4.5045E-02,0.01138751637594728
 4.5087E-02,0.013246203254575487
 4.5129E-02,0.01493089522911554
 4.5170E-02,0.016368052568543838
 4.5212E-02,0.017494968497865866
 4.5254E-02,0.018262490559614607
 4.5295E-02,0.018637150783661148
 4.5337E-02,0.01860261473134605
 4.5379E-02,0.018160388315294276
 4.5420E-02,0.01732975258612482
 4.5462E-02,0.01614692926958019
 4.5504E-02,0.014663512260295289
 4.5545E-02,0.012944231169705774
 4.5587E-02,0.011064141393067828
 4.5629E-02,0.009105360113499189
 4.5670E-02,0.0071534880816556835
 4.5712E-02,0.005293871695388813
 4.5754E-02,0.003607868014615614
 4.5795E-02,0.002169276539853821
 4.5837E-02,0.0010410957181960397
 4.5879E-02,0.00027274909361762415
 4.5920E-02,-0.00010209405139706906
 4.5962E-02,-6.700499920594643e-05
 4.6004E-02,0.000376478612449193
 4.6045E-02,0.0012089206106223281
 4.6087E-02,0.002393844744760666
 4.6129E-02,0.0038793447175198633
 4.6170E-02,0.005600372563839365
 4.6212E-02,0.007481601834145288
 4.6254E-02,0.00944073699669361
 4.6295E-02,0.011392121601373945
 4.6337E-02,0.013250485659368143
 4.6379E-02,0.014934667868707932
 4.6420E-02,0.016371150880508924
 4.6462E-02,0.017497257327424808
 4.6504E-02,0.018263870015190985
 4.6545E-02,0.018637560679237726
 4.6587E-02,0.018602037251419925
 4.6629E-02,0.018158848701944744
 4.6670E-02,0.01732731794880871
 4.6712E-02,0.016143705714853723
 4.6754E-02,0.01465964040645378
 4.6795E-02,0.01293988006677944
 4.6837E-02,0.011059501079616132
 4.6879E-02,0.009100633278771312
 4.6920E-02,0.007148881288602469
 4.6962E-02,0.005289586444783875
 4.7004E-02,0.0036040918994195118
 4.7045E-02,0.002166174909300436
 4.7087E-02,0.0010388043733249544
 4.7129E-02,0.00027136838478189723
 4.7170E-02,-0.00010250358412317257
 4.7212E-02,-6.642534654879497e-05
 4.7254E-02,0.00037802204457005164
 4.7295E-02,0.0012113601264042667
 4.7337E-02,0.0023970734350495775
 4.7379E-02,0.0038832212148333612
 4.7420E-02,0.0056047272041817465
 4.7462E-02,0.007486244049669407
 4.7504E-02,0.009445463711275867
 4.7545E-02,0.011396726206555505
 4.7587E-02,0.013254767051831358
 4.7629E-02,0.014938439144038654
 4.7670E-02,0.01637424742206679
 4.7712E-02,0.01749954400803439
 4.7754E-02,0.018265247124266103
 4.7795E-02,0.018637968223159898
 4.7837E-02,0.018601457475872656
 4.7879E-02,0.018157306842557286
 4.7920E-02,0.0173248812027219
 4.7962E-02,0.016140480378966315
 4.8004E-02,0.014655767233235804
 4.8046E-02,0.012935528094935136
 4.8087E-02,0.011054860297630127
 4.8129E-02,0.009095906420688589
 4.8171E-02,0.007144275014737951
 4.8212E-02,0.005285302255287757
 4.8254E-02,0.0036003172581207925
 4.8296E-02,0.0021630750405824224
 4.8337E-02,0.001036515052913769
 4.8379E-02,0.0002699899578694979
 4.8421E-02,-0.0001029106877053014
 4.8462E-02,-6.584330986536801e-05
 4.8504E-02,0.0003795676798333536
 4.8546E-02,0.0012138016359081382
 4.8587E-02,0.0024003038847759473
 4.8629E-02,0.003887099124234736
 4.8671E-02,0.005609082770328559
 4.8712E-02,0.007490886663449662
 4.8754E-02,0.009450190355030162
 4.8796E-02,0.011401330313352984
 4.8837E-02,0.013259047486268608
 4.8879E-02,0.014942208981743282
 4.8921E-02,0.0163773421324373
 4.8962E-02,0.017501828614766124
 4.9004E-02,0.018266622018097867
 4.9046E-02,0.018638373443068894
 4.9087E-02,0.018600875327611226
 4.9129E-02,0.018155762707300443
 4.9171E-02,0.01732244243661292
 4.9212E-02,0.01613725335464759
 4.9254E-02,0.014651892713477976
 4.9296E-02,0.01293117515993232
 4.9337E-02,0.011050219032242887
 4.9379E-02,0.009091179623911254
 4.9421E-02,0.007139669313620053
 4.9462E-02,0.005281019068834626
 4.9504E-02,0.0035965440097677696
 4.9546E-02,0.002159976949906879
 4.9587E-02,0.0010342278411360202
 4.9629E-02,0.00026861383448332707
 4.9671E-02,-0.0001033154370924378
 4.9712E-02,-6.525894997975497e-05
 4.9754E-02,0.00038111555797045056
 4.9796E-02,0.0012162452141550517
 4.9837E-02,0.002403536090100235
 4.9879E-02,0.003890978371928895
 4.9921E-02,0.005613439232582191
 4.9962E-02,0.007495529733963548
 5.0004E-02,0.009454916982732361
 5.0046E-02,0.011405933884144156
 5.0087E-02,0.01326332687785326
 5.0129E-02,0.014945977356514012
 5.0171E-02,0.01638043505341794
 5.0212E-02,0.017504111158331052
 5.0254E-02,0.018267994624647607
 5.0296E-02,0.018638776257366527
 5.0337E-02,0.018600290802673662
 5.0379E-02,0.018154216342571798
 5.0421E-02,0.017320001651540063
 5.0462E-02,0.01613402457972361
 5.0504E-02,0.014648016806221553
 5.0546E-02,0.012926821298667786
 5.0587E-02,0.011045577341778462
 5.0629E-02,0.00908645288462416
 5.0671E-02,0.007135064132483193
 5.0712E-02,0.005276736869684353
 5.0754E-02,0.0035927722031960773
 5.0796E-02,0.002156880680546563
 5.0837E-02,0.001031942715914506
 5.0879E-02,0.00026723996685010384
 5.0921E-02,-0.00010371782891672825
 5.0962E-02,-6.467221462005002e-05
 5.1004E-02,0.0003826657039154519
 5.1046E-02,0.001218690823851651
 5.1087E-02,0.0024067700081306055
 5.1129E-02,0.0038948589701912244
 5.1171E-02,0.00561779663332594
 5.1212E-02,0.007500173264508864
 5.1254E-02,0.009459643552326813
 5.1296E-02,0.011410536897974416
 5.1337E-02,0.013267605266227389
 5.1379E-02,0.014949744323834498
 5.1421E-02,0.016383526196353908
 5.1462E-02,0.017506391619458224
 5.1504E-02,0.018269364956506388
 5.1546E-02,0.018639176724644924
 5.1587E-02,0.018599703949538825
 5.1629E-02,0.018152667744216477
 5.1671E-02,0.017317558823244875
 5.1712E-02,0.01613079406535949
 5.1754E-02,0.014644139552590585
 5.1796E-02,0.012922466526467821
 5.1837E-02,0.011040935195894235
 5.1879E-02,0.00908172617303824
 5.1921E-02,0.007130459484815469
 5.1962E-02,0.005272455691213556
 5.2004E-02,0.0035890018395015816
 5.2046E-02,0.0021537861990437055
 5.2088E-02,0.001029659658237027
 5.2129E-02,0.0002658683756692929
 5.2171E-02,-0.0001041178382775668
 5.2213E-02,-6.408311575191176e-05
 5.2254E-02,0.0003842180843847831
 5.2296E-02,0.0012211384583347747
 5.2338E-02,0.0024100056672493276
 5.2379E-02,0.0038987409401529333
 5.2421E-02,0.005622154957356122
 5.2463E-02,0.007504817229220434
 5.2504E-02,0.00946437006548688
 5.2546E-02,0.011415139375105597
 5.2588E-02,0.013271882647309533
 5.2629E-02,0.01495350984284985
 5.2671E-02,0.01638661551988346
 5.2713E-02,0.017508669987013194
 5.2754E-02,0.01827073301433003
 5.2796E-02,0.018639574821268066
 5.2838E-02,0.018599114723331766
 5.2879E-02,0.01815111688468162
 5.2921E-02,0.01731511395849272
 5.2963E-02,0.01612756182436416
 5.3004E-02,0.014640260941811246
 5.3046E-02,0.012918110821638844
 5.3088E-02,0.011036292595304899
 5.3129E-02,0.009076999514120745
 5.3171E-02,0.007125855386813963
 5.3213E-02,0.0052681755221346965
 5.3254E-02,0.003585232902520658
 5.3296E-02,0.0021506935131600296
 5.3338E-02,0.0010273786919016718
 5.3379E-02,0.00026449906929514196
 5.3421E-02,-0.00010451547969186236
 5.3463E-02,-6.34916641657972e-05
 5.3504E-02,0.00038577271146617085
 5.3546E-02,0.0012235881352130307
 5.3588E-02,0.00241324306320784
 5.3629E-02,0.00390262425947792
 5.3671E-02,0.005626514193475197
 5.3713E-02,0.007509461639843335
 5.3754E-02,0.009469096536512425
 5.3796E-02,0.011419741313505177
 5.3838E-02,0.013276159015242935
 5.3879E-02,0.014957273928865766
 5.3921E-02,0.01638970305974703
 5.3963E-02,0.01751094629129098
 5.4004E-02,0.018272098809386766
 5.4046E-02,0.01863997055584189
 5.4088E-02,0.018598523148712263
 5.4129E-02,0.018149563795635967
 5.4171E-02,0.01731266707188573
 5.4213E-02,0.016124327850604157
 5.4254E-02,0.014636380968294128
 5.4296E-02,0.012913754193385045
 5.4338E-02,0.01103164955143421
 5.4379E-02,0.009072272903328099
 5.4421E-02,0.007121251822970474
 5.4463E-02,0.005263896357027242
 5.4504E-02,0.0035814654024484954
 5.4546E-02,0.002147602630855595
 5.4588E-02,0.0010250998083912062
 5.4629E-02,0.00026313203292940173
 5.4671E-02,-0.00010491075559328753
 5.4713E-02,-6.289785061132253e-05
 5.4754E-02,0.0003873295883421411
 5.4796E-02,0.0012260398445124163
 5.4838E-02,0.0024164821872998416
 5.4879E-02,0.0039065089345249274
 5.4921E-02,0.005630874355005751
 5.4963E-02,0.007514106498095817
 5.5004E-02,0.009473822952397754
 5.5046E-02,0.011424342699995284
 5.5088E-02,0.013280434365015093
 5.5129E-02,0.014961036574340175
 5.5171E-02,0.01639278879323205
 5.5213E-02,0.017513220500144533
 5.5254E-02,0.01827346231706333
 5.5296E-02,0.01864036391601614
 5.5338E-02,0.018597929213581874
 5.5379E-02,0.018148008456962343
 5.5421E-02,0.01731021814457663
 5.5463E-02,0.016121092139832323
 5.5504E-02,0.014632499639896717
 5.5546E-02,0.012909396646890095
 5.5588E-02,0.011027006060834397
 5.5629E-02,0.00906754633839627
 5.5671E-02,0.007116648801106497
 5.5713E-02,0.005259618207386526
 5.5754E-02,0.0035776993423034236
 5.5796E-02,0.0021445135471022773
 5.5838E-02,0.0010228230068620816
 5.5879E-02,0.0002617672755254306
 5.5921E-02,-0.00010530365644869445
 5.5963E-02,-6.230167518385201e-05
 5.6004E-02,0.0003888887087237703
 5.6046E-02,0.001228493584573155
 5.6088E-02,0.002419723043757706
 5.6129E-02,0.003910394965563712
 5.6171E-02,0.00563523543307795
 5.6213E-02,0.007518751794553305
 5.6254E-02,0.009478549314484275
 5.6296E-02,0.011428943545848513
 5.6338E-02,0.013284708708245316
 5.6380E-02,0.014964797788169061
 5.6421E-02,0.01639587273403926
 5.6463E-02,0.017515492637323316
 5.6505E-02,0.01827482356454041
 5.6546E-02,0.0186407549220301
 5.6588E-02,0.018597332930625925
 5.6630E-02,0.018146450881634617
 5.6671E-02,0.017307767192583267
 5.6713E-02,0.016117854703835654
 5.6755E-02,0.014628616957817966
 5.6796E-02,0.012905038177270458
 5.6838E-02,0.011022362122006125
 5.6880E-02,0.00906281982280364
 5.6921E-02,0.007112046322590139
 5.6963E-02,0.005255341068518654
 5.7005E-02,0.0035739347166692153
 5.7046E-02,0.0021414262619961107
 5.7088E-02,0.0010205482904121173
 5.7130E-02,0.0002604047956601353
 5.7171E-02,-0.00010569418938037058
 5.7213E-02,-6.170314364363881e-05
 5.7255E-02,0.0003904500733335004
 5.7296E-02,0.0012309493588963671
 5.7338E-02,0.0024229656327139455
 5.7380E-02,0.003914282350033009
 5.7421E-02,0.005639597428078773
 5.7463E-02,0.007523397533166832
 5.7505E-02,0.009483275623182682
 5.7546E-02,0.011433543842024874
 5.7588E-02,0.013288982028987751
 5.7630E-02,0.014968557553988614
 5.7671E-02,0.01639895486643947
 5.7713E-02,0.017517762683391152
 5.7755E-02,0.018276182527456792
 5.7796E-02,0.018641143550395162
 5.7838E-02,0.018596734283272135
 5.7880E-02,0.01814489105910482
 5.7921E-02,0.017305314206593047
 5.7963E-02,0.01611461553408698
 5.8005E-02,0.014624732918840658
 5.8046E-02,0.012900678788631353
 5.8088E-02,0.011017717741659239
 5.8130E-02,0.009058093360074019
 5.8171E-02,0.007107444388096145
 5.8213E-02,0.00525106494293615
 5.8255E-02,0.0035701715312781573
 5.8296E-02,0.002138340780632831
 5.8338E-02,0.0010182756604954057
 5.8380E-02,0.00025904459365156795
 5.8421E-02,-0.00010608235113918898
 5.8463E-02,-6.110225065537121e-05
 5.8505E-02,0.000392013684611713
 5.8546E-02,0.0012334071648409314
 5.8588E-02,0.0024262099497026415
 5.8630E-02,0.003918171085367278
 5.8671E-02,0.005643960338680858
 5.8713E-02,0.007528043711417673
 5.8755E-02,0.009488001876248148
 5.8796E-02,0.01143814359164821
 5.8838E-02,0.013293254338317254
 5.8880E-02,0.014972315887718936
 5.8921E-02,0.016402035206912916
 5.8963E-02,0.017520030655146377
 5.9005E-02,0.018277539225246924
 5.9046E-02,0.018641529822509252
 5.9088E-02,0.018596133290301072
 5.9130E-02,0.01814332900222681
 5.9171E-02,0.017302859194956253
 5.9213E-02,0.016111374637352033
 5.9255E-02,0.014620847527989535
 5.9296E-02,0.012896318481856973
 5.9338E-02,0.011013072916674187
 5.9380E-02,0.009053366946890044
 5.9421E-02,0.007102842997079181
 5.9463E-02,0.005246789831454584
 5.9505E-02,0.0035664097850809807
 5.9546E-02,0.0021352570997878093
 5.9588E-02,0.0010160051143503436
 5.9630E-02,0.00025768666851480127
 5.9671E-02,-0.00010646814291618
 5.9713E-02,-6.049899952115189e-05
 5.9755E-02,0.0003935795387787251
 5.9796E-02,0.0012358670013974094
 5.9838E-02,0.0024294559970196505
 5.9880E-02,0.003922061174324328
 5.9921E-02,0.005648324165612247
 5.9963E-02,0.007532690328277036
 6.0005E-02,0.009492728071591652
 6.0046E-02,0.011442742789783921
 6.0088E-02,0.013297525625550342
 6.0130E-02,0.014976072772773259
 6.0171E-02,0.016405113736180373
 6.0213E-02,0.017522296533551886
 6.0255E-02,0.018278893639172206
 6.0296E-02,0.018641913719144025
 6.0338E-02,0.018595529933551205
 6.0380E-02,0.01814176469716542
 6.0421E-02,0.01730040214962077
 6.0463E-02,0.01610813200974472
 6.0505E-02,0.01461696078352963
 6.0547E-02,0.012891957257359117
 6.0588E-02,0.011008427650377713
 6.0630E-02,0.009048640588392711
 6.0672E-02,0.0070982421538043315
 6.0713E-02,0.005242515736286869
 6.0755E-02,0.003562649479837266
 6.0797E-02,0.0021321752226123
 6.0838E-02,0.0010137366561173131
 6.0880E-02,0.000256331023470075
 6.0922E-02,-0.00010685156291833752
 6.0963E-02,-5.989338863824233e-05
 6.1005E-02,0.0003951476377219226
 6.1047E-02,0.001238328869185066
 6.1088E-02,0.002432703772294455
 6.1130E-02,0.003925952612276862
 6.1172E-02,0.005652688904719517
 6.1213E-02,0.007537337382037812
 6.1255E-02,0.009497454210222456
 6.1297E-02,0.011447341440296596
 6.1338E-02,0.013301795898719467
 6.1380E-02,0.014979828222452803
 6.1422E-02,0.016408190471721994
 6.1463E-02,0.017524560337526224
 6.1505E-02,0.018280245787706588
 6.1547E-02,0.018642295258158127
 6.1588E-02,0.018594924230130552
 6.1630E-02,0.018140198158676672
 6.1672E-02,0.017297943080919004
 6.1713E-02,0.016104887656910906
 6.1755E-02,0.014613072688026755
 6.1797E-02,0.012887595116148903
 6.1838E-02,0.011003781942459956
 6.1880E-02,0.009043914282858289
 6.1922E-02,0.00709364185614975
 6.1963E-02,0.005238242656267947
 6.2005E-02,0.003558890615283654
 6.2047E-02,0.0021290951483434045
 6.2088E-02,0.001011470283515289
 6.2130E-02,0.00025497765546210417
 6.2172E-02,-0.00010723261373216309
 6.2213E-02,-5.9285419925066554e-05
 6.2255E-02,0.0003967179796867856
 6.2297E-02,0.0012407927667151908
 6.2338E-02,0.0024359532754493858
 6.2380E-02,0.003929845400994056
 6.2422E-02,0.0056570545581250044
 6.2463E-02,0.007541984872837753
 6.2505E-02,0.009502180288822739
 6.2547E-02,0.011451939536310662
 6.2588E-02,0.013306065147438331
 6.2630E-02,0.014983582222548216
 6.2672E-02,0.0164112653957768
 6.2713E-02,0.017526822047433565
 6.2755E-02,0.018281595651573616
 6.2797E-02,0.01864267442200859
 6.2838E-02,0.018594316164576716
 6.2880E-02,0.018138629373881377
 6.2922E-02,0.017295481979832085
 6.2963E-02,0.01610164157455087
 6.3005E-02,0.014609183241219915
 6.3047E-02,0.012883232060274457
 6.3088E-02,0.010999135795914964
 6.3130E-02,0.009039188033857438
 6.3172E-02,0.007089042108049665
 6.3213E-02,0.005233970594989019
 6.3255E-02,0.003555133194175124
 6.3297E-02,0.002126016879278345
 6.3338E-02,0.001009205999308481
 6.3380E-02,0.00025362656784735243
 6.3422E-02,-0.0001076112922333383
 6.3463E-02,-5.867509136333792e-05
 6.3505E-02,0.00039829056537278107
 6.3547E-02,0.001243258693625249
 6.3588E-02,0.002439204504825666
 6.3630E-02,0.003933739537240792
 6.3672E-02,0.0056614211217951415
 6.3713E-02,0.007546632797751579
 6.3755E-02,0.009506906307662998
 6.3797E-02,0.01145653708219879
 6.3838E-02,0.013310333380047274
 6.3880E-02,0.014987334785039011
 6.3922E-02,0.016414338523604056
 6.3963E-02,0.017529081680916343
 6.4005E-02,0.018282943249120477
 6.4047E-02,0.018643051228037846
 6.4088E-02,0.018593705752252197
 6.4130E-02,0.018137058355744796
 6.4172E-02,0.017293018856331513
 6.4213E-02,0.01609839376897041
 6.4255E-02,0.01460529244582543
 6.4297E-02,0.012878868089949038
 6.4338E-02,0.01099448920993362
 6.4380E-02,0.009034461840426463
 6.4422E-02,0.007084442908476562
 6.4463E-02,0.005229699551395347
 6.4505E-02,0.0035513772155354984
 6.4547E-02,0.002122940414470174
 6.4588E-02,0.0010069438021013104
 6.4630E-02,0.000252277758415898
 6.4672E-02,-0.00010798760121677312
 6.4714E-02,-5.806240552802913e-05
 6.4755E-02,0.0003998653930902804
 6.4797E-02,0.0012457266492252876
 6.4839E-02,0.002442457460699288
 6.4880E-02,0.003937635022150436
 6.4922E-02,0.00566578859714449
 6.4964E-02,0.007551281157161583
 6.5005E-02,0.009511632264278902
 6.5047E-02,0.01146113407147145
 6.5089E-02,0.013314600585955653
 6.5130E-02,0.014991085895892382
 6.5172E-02,0.016417409838603902
 6.5214E-02,0.017531339219730543
 6.5255E-02,0.018284288561726092
 6.5297E-02,0.018643425658758213
 6.5339E-02,0.018593092978090565
 6.5380E-02,0.01813548509233639
 6.5422E-02,0.01729055370200363
 6.5464E-02,0.016095144235506696
 6.5505E-02,0.014601400300761043
 6.5547E-02,0.012874503206912375
 6.5589E-02,0.010989842187721588
 6.5630E-02,0.009029735706048161
 6.5672E-02,0.007079844260658487
 6.5714E-02,0.005225429528425627
 6.5755E-02,0.0035476226821528362
 6.5797E-02,0.0021198657565844447
 6.5839E-02,0.001004683694531436
 6.5880E-02,0.0002509312298774912
 6.5922E-02,-0.00010836153794579703
 6.5964E-02,-5.7447360164520035e-05
 6.6005E-02,0.0004014424639498671
 6.6047E-02,0.0012481966330609641
 6.6089E-02,0.0024457121410739486
 6.6130E-02,0.003941531852647253
 6.6172E-02,0.005670156980854741
 6.6214E-02,0.0075559299487302535
 6.6255E-02,0.009516358158833935
 6.6297E-02,0.01146573050806102
 6.6339E-02,0.01331886677335519
 6.6380E-02,0.014994835567117214
 6.6422E-02,0.016420479355584678
 6.6464E-02,0.017533594680398668
 6.6505E-02,0.018285631606601054
 6.6547E-02,0.018643797730923097
 6.6589E-02,0.01859247785715806
 6.6630E-02,0.018133909596046386
 6.6672E-02,0.01728808652601171
 6.6714E-02,0.016091892980037346
 6.6755E-02,0.014597506808952795
 6.6797E-02,0.012870137411706837
 6.6839E-02,0.010985194728424868
 6.6880E-02,0.009025009629453913
 6.6922E-02,0.007075246163608981
 6.6964E-02,0.005221160525446206
 6.7005E-02,0.0035438695933596347
 6.7047E-02,0.0021167929045588893
 6.7089E-02,0.0010024256750071237
 6.7130E-02,0.00024958698022900104
 6.7172E-02,-0.00010873310474085376
 6.7214E-02,-5.682995766639487e-05
 6.7255E-02,0.0004030217759825478
 6.7297E-02,0.0012506686441972788
 6.7339E-02,0.0024489685462885076
 6.7380E-02,0.0039454300299444686
 6.7422E-02,0.005674526274057122
 6.7464E-02,0.007560579172316825
 6.7505E-02,0.009521083988787723
 6.7547E-02,0.011470326386033196
 6.7589E-02,0.013323131932408824
 6.7630E-02,0.014998583785271458
 6.7672E-02,0.016423547058557895
 6.7714E-02,0.017535848045728032
 6.7755E-02,0.01828697236648558
 6.7797E-02,0.018644167428209374
 6.7839E-02,0.018591860375093222
 6.7880E-02,0.018132331855473714
 6.7922E-02,0.01728561732062666
 6.7964E-02,0.016088639998517097
 6.8005E-02,0.014593611969492555
 6.8047E-02,0.012865770705824777
 6.8089E-02,0.01098054683498857
 6.8130E-02,0.009020283614172876
 6.8172E-02,0.007070648620607309
 6.8214E-02,0.005216892545157923
 6.8255E-02,0.003540117951510252
 6.8297E-02,0.0021137218608138194
 6.8339E-02,0.0010001697462004321
 6.8380E-02,0.00024824501216355957
 6.8422E-02,-0.00010910229918540711
 6.8464E-02,-5.621019613184161e-05
 6.8505E-02,0.00040460333025081895
 6.8547E-02,0.0012531426823590725
 6.8589E-02,0.0024522266744310527
 6.8630E-02,0.003949329550849253
 6.8672E-02,0.005678896473366263
 6.8714E-02,0.007565228825758764
 6.8755E-02,0.009525809754420623
 6.8797E-02,0.011474921709025766
 6.8839E-02,0.013327396070599146
 6.8881E-02,0.015002330561581336
 6.8922E-02,0.016426612961691782
 6.8964E-02,0.01753809933157204
 6.9006E-02,0.018288310857684502
 6.9047E-02,0.01864453476636595
 6.9089E-02,0.018591240546238817
 6.9131E-02,0.018130751882686598
 6.9172E-02,0.017283146094834154
 6.9214E-02,0.01608538529664286
 6.9256E-02,0.014589715785221152
 6.9297E-02,0.012861403090018856
 6.9339E-02,0.010975898506989427
 6.9381E-02,0.009015557659276979
 6.9422E-02,0.007066051630797738
 6.9464E-02,0.005212625587012211
 6.9506E-02,0.003536367756163088
 6.9547E-02,0.002110652624611099
 6.9589E-02,0.0009979159067359195
 6.9631E-02,0.00024690532368626774
 6.9672E-02,-0.00010946912356166362
 6.9714E-02,-5.558807775024037e-05
 6.9756E-02,0.000406187124993225
 6.9797E-02,0.00125561874660946
 6.9839E-02,0.0024554865256448113
 6.9881E-02,0.003953230416386421
 6.9922E-02,0.005683267579844697
 6.9964E-02,0.007569878908839411
 7.0006E-02,0.009530535452981721
 7.0047E-02,0.011479516471003294
 7.0089E-02,0.013331659178374304
 7.0131E-02,0.015006075883249932
 7.0172E-02,0.016429677049708994
 7.0214E-02,0.017540348521333893
 7.0256E-02,0.018289647063576248
 7.0297E-02,0.01864489972986582
 7.0339E-02,0.018590618357026346
 7.0381E-02,0.018129169666815093
 7.0422E-02,0.01728067284113716
 7.0464E-02,0.016082128870497057
 7.0506E-02,0.014585818255408885
 7.0547E-02,0.012857034565879675
 7.0589E-02,0.010971249747245355
 7.0631E-02,0.009010831767993163
 7.0672E-02,0.007061455197266478
 7.0714E-02,0.005208359653716892
 7.0756E-02,0.0035326190097092255
 7.0797E-02,0.0021075851982255904
 7.0839E-02,0.0009956641590201552
 7.0881E-02,0.0002455679173828555
 7.0922E-02,-0.00010983357541187412
 7.0964E-02,-5.496360064421778e-05
 7.1006E-02,0.0004077731611072085
 7.1047E-02,0.0012580968365455214
 7.1089E-02,0.0024587480981512846
 7.1131E-02,0.003957132623665192
 7.1172E-02,0.005687639590302672
 7.1214E-02,0.007574529419384684
 7.1256E-02,0.009535261084702276
 7.1297E-02,0.011484110675501789
 7.1339E-02,0.013335921262882914
 7.1381E-02,0.015009819760790038
 7.1422E-02,0.016432739335813414
 7.1464E-02,0.01754259562991745
 7.1506E-02,0.018290980999618314
 7.1547E-02,0.018645262333624624
 7.1589E-02,0.018589993820898206
 7.1631E-02,0.01812758521910823
 7.1672E-02,0.017278197567987742
 7.1714E-02,0.016078870725511545
 7.1756E-02,0.014581919382720068
 7.1797E-02,0.012852665134028267
 7.1839E-02,0.010966600555325246
 7.1881E-02,0.009006105939590723
 7.1922E-02,0.007056859319386935
 7.1964E-02,0.0052040947448152
 7.2006E-02,0.003528871711715244
 7.2047E-02,0.0021045195809885385
 7.2089E-02,0.000993414501877885
 7.2131E-02,0.00024423279146890814
 7.2172E-02,-0.00011019565691107561
 7.2214E-02,-5.433676695198705e-05
 7.2256E-02,0.0004093614369473405
 7.2297E-02,0.0012605769513449913
 7.2339E-02,0.0024620113920775216
 7.2381E-02,0.003961036173541819
 7.2422E-02,0.005692012505635792
 7.2464E-02,0.0075791803572048564
 7.2506E-02,0.009539986647060314
 7.2547E-02,0.011488704316820534
 7.2589E-02,0.013340182315003241
 7.2631E-02,0.015013562182048305
 7.2672E-02,0.016435799805616567
 7.2714E-02,0.017544840641693267
 7.2756E-02,0.018292312650039284
 7.2797E-02,0.018645622562824055
 7.2839E-02,0.018589366924994962
 7.2881E-02,0.01812599852937824
 7.2922E-02,0.017275720268346045
 7.2964E-02,0.016075610857913442
 7.3006E-02,0.014578019166370667
 7.3048E-02,0.01284829479594597
 7.3089E-02,0.010961950933943027
 7.3131E-02,0.00900138017709172
 7.3173E-02,0.007052263999984517
 7.3214E-02,0.005199830862832927
 7.3256E-02,0.003525125864476444
 7.3298E-02,0.002101455775124347
 7.3339E-02,0.0009911669375838776
 7.3381E-02,0.0002428999483105414
 7.3423E-02,-0.00011055536578409781
 7.3464E-02,-5.370757487927165e-05
 7.3506E-02,0.0004109519533514743
 7.3548E-02,0.0012630590905766115
 7.3589E-02,0.0024652764056521956
 7.3631E-02,0.003964941063278572
 7.3673E-02,0.0056963863228770275
 7.3714E-02,0.007583831720230694
 7.3756E-02,0.009544712140167442
 7.3798E-02,0.011493297398237174
 7.3839E-02,0.013344442341591628
 7.3881E-02,0.015017303157108242
 7.3923E-02,0.01643885847165635
 7.3964E-02,0.01754708357075701
 7.4006E-02,0.018293642029527407
 7.4048E-02,0.018645980431763087
 7.4089E-02,0.018588737682199943
 7.4131E-02,0.01812440960830411
 7.4173E-02,0.01727324095022528
 7.4214E-02,0.01607234927294846
 7.4256E-02,0.014574117609068332
 7.4298E-02,0.0128439235523736
 7.4339E-02,0.010957300882703736
 7.4381E-02,0.00899665447984652
 7.4423E-02,0.007047669238584182
 7.4464E-02,0.005195568007455848
 7.4506E-02,0.0035213814676192104
 7.4548E-02,0.002098393779941477
 7.4589E-02,0.0009889214650016815
 7.4631E-02,0.00024156938628998824
 7.4673E-02,-0.00011091270401342705
 7.4714E-02,-5.307602647460298e-05
 7.4756E-02,0.0004125447086743112
 7.4798E-02,0.0012655432534065965
 7.4839E-02,0.0024685431389818374
 7.4881E-02,0.0039688472935999145
 7.4923E-02,0.0057007610427144435
 7.4964E-02,0.007588483508121042
 7.5006E-02,0.009549437561572664
 7.5048E-02,0.011497889914339424
 7.5089E-02,0.013348701333934163
 7.5131E-02,0.015021042674334654
 7.5173E-02,0.016441915320217316
 7.5214E-02,0.01754932440233151
 7.5256E-02,0.018294969123236648
 7.5298E-02,0.01864633592644867
 7.5339E-02,0.018588106080331495
 7.5381E-02,0.01812281844630224
 7.5423E-02,0.017270759607121797
 7.5464E-02,0.016069085967234123
 7.5506E-02,0.014570214710184212
 7.5548E-02,0.01283955140473991
 7.5589E-02,0.010952650404261898
 7.5631E-02,0.008991928850840523
 7.5673E-02,0.007043075037977858
 7.5714E-02,0.005191306181119629
 7.5756E-02,0.003517638523323391
 7.5798E-02,0.002095333597584544
 7.5839E-02,0.0009866780863653796
 7.5881E-02,0.00024024110767552256
 7.5923E-02,-0.0001112676695093256
 7.5964E-02,-5.2442120125473794e-05
 7.6006E-02,0.0004141397036829042
 7.6048E-02,0.0012680294394283589
 7.6089E-02,0.0024718115903689594
 7.6131E-02,0.003972754861812931
 7.6173E-02,0.005705136662208431
 7.6214E-02,0.0075931357188355406
 7.6256E-02,0.009554162911306667
 7.6298E-02,0.011502481868109555
 7.6339E-02,0.013352959298305683
 7.6381E-02,0.015024780743125478
 7.6423E-02,0.016444970363142384
 7.6464E-02,0.017551563149734894
 7.6506E-02,0.018296293944989397
 7.6548E-02,0.018646689060282218
 7.6589E-02,0.018587472131519293
 7.6631E-02,0.018121225053549538
 7.6673E-02,0.01726827624670306
 7.6714E-02,0.016065820945738486
 7.6756E-02,0.014566310472270517
 7.6798E-02,0.012835178353857495
 7.6839E-02,0.010947999498441323
 7.6881E-02,0.008987203289595123
 7.6923E-02,0.007038481397743725
 7.6964E-02,0.0051870453835591215
 7.7006E-02,0.0035138970313537176
 7.7048E-02,0.002092275227554728
 7.7089E-02,0.0009844368006540953
 7.7131E-02,0.0002389151109005789
 7.7173E-02,-0.00011162026415396871
 7.7215E-02,-5.1805857696525e-05
 7.7256E-02,0.0004157369368828999
 7.7298E-02,0.0012705176478015126
 7.7340E-02,0.0024750817597979403
 7.7381E-02,0.003976663768562798
 7.7423E-02,0.0057095131820454805
 7.7465E-02,0.00759778835206046
 7.7506E-02,0.009558888186952417
 7.7548E-02,0.011507073254281519
 7.7590E-02,0.013357216226420646
 7.7631E-02,0.01502851735243663
 7.7673E-02,0.01644802358736279
 7.7715E-02,0.01755379979884268
 7.7756E-02,0.018297616480597276
 7.7798E-02,0.01864703982002171
 7.7840E-02,0.018586835824304457
 7.7881E-02,0.018119629420954908
 7.7923E-02,0.01726579086271913
 7.7965E-02,0.01606255420521986
 7.8006E-02,0.014562404894786826
 7.8048E-02,0.012830804401154266
 7.8090E-02,0.010943348167769278
 7.8131E-02,0.008982477798947354
 7.8173E-02,0.0070338883205881535
 7.8215E-02,0.005182785617172179
 7.8256E-02,0.003510156993843743
 7.8298E-02,0.0020892186718995346
 7.8340E-02,0.000982197609988524
 7.8381E-02,0.00023759139814170807
 7.8423E-02,-0.00011197048593865642
 7.8465E-02,-5.116723766319156e-05
 7.8506E-02,0.0004173364089450402
 7.8548E-02,0.0012730078780837555
 7.8590E-02,0.002478353645630508
 7.8631E-02,0.003980574011280578
 7.8673E-02,0.005713890599410121
 7.8715E-02,0.00760244140577989
 7.8756E-02,0.009563613388468376
 7.8798E-02,0.011511664075656795
 7.8840E-02,0.013361472124245863
 7.8881E-02,0.015032252511166123
 7.8923E-02,0.01645107500403986
 7.8965E-02,0.017556034362221064
 7.9006E-02,0.018298936743156243
 7.9048E-02,0.01864738821835566
 7.9090E-02,0.018586197170116874
 7.9131E-02,0.01811803155806787
 7.9173E-02,0.017263303462389894
 7.9215E-02,0.01605928575041662
 7.9256E-02,0.014558497980207447
 7.9298E-02,0.012826429547399203
 7.9340E-02,0.010938696412037412
 7.9381E-02,0.00897775237843388
 7.9423E-02,0.0070292958061538005
 7.9465E-02,0.005178526881755171
 7.9506E-02,0.003506418410566251
 7.9548E-02,0.0020861639301177634
 7.9590E-02,0.000979960513410546
 7.9631E-02,0.0002362699679741146
 7.9673E-02,-0.00011231833660795579
 7.9715E-02,-5.052626183262223e-05
 7.9756E-02,0.0004189381183953363
 7.9798E-02,0.0012755001294779945
 7.9840E-02,0.0024816272478807447
 7.9881E-02,0.003984485590560484
 7.9923E-02,0.005718268914873578
 7.9965E-02,0.007607094879651482
 8.0006E-02,0.009568338513592244
 8.0048E-02,0.011516254327282305
 8.0090E-02,0.013365726983866578
 8.0131E-02,0.015035986208792313
 8.0173E-02,0.0164541246007953
 8.0215E-02,0.017558266826571665
 8.0256E-02,0.018300254719326847
 8.0298E-02,0.018647734242770327
 8.0340E-02,0.018585556158119583
 8.0381E-02,0.018116431456390993
 8.0423E-02,0.017260814039955573
 8.0465E-02,0.016056015578352227
 8.0506E-02,0.01455458972802905
 8.0548E-02,0.012822053793976558
 8.0590E-02,0.010934044233765434
 8.0631E-02,0.008973027030902567
 8.0673E-02,0.007024703857090253
 8.0715E-02,0.005174269179602366
 8.0756E-02,0.0035026812835669717
 8.0798E-02,0.002083111004216506
 8.0840E-02,0.0009777255129940472
 8.0881E-02,0.0002349508224439834
 8.0923E-02,-0.0001126638143235257
 8.0965E-02,-4.988292879488289e-05
 8.1006E-02,0.0004205420658888291
 8.1048E-02,0.0012779944015392888
 8.1090E-02,0.002484902564870377
 8.1131E-02,0.003988398503812137
 8.1173E-02,0.005722648125672576
 8.1215E-02,0.007611748771737534
 8.1256E-02,0.009573063562225162
 8.1298E-02,0.011520844011694913
 8.1340E-02,0.013369980810847783
 8.1382E-02,0.0150397184537232
 8.1423E-02,0.016457172388235106
 8.1465E-02,0.017560497203774013
 8.1507E-02,0.01830157042139845
 8.1548E-02,0.018648077905224165
 8.1590E-02,0.018584912799220758
 8.1632E-02,0.018114829125063
 8.1673E-02,0.017258322602291962
 8.1715E-02,0.016052743693501025
 8.1757E-02,0.014550680140646696
 8.1798E-02,0.012817677141759564
 8.1840E-02,0.010929391632868157
 8.1882E-02,0.008968301755887208
 8.1923E-02,0.00702011247301535
 8.1965E-02,0.005170012510579583
 8.2007E-02,0.0034989456127929195
 8.2048E-02,0.002080059893816986
 8.2090E-02,0.0009754926077809153
 8.2132E-02,0.0002336339601337489
 8.2173E-02,-0.0001130069207001631
 8.2215E-02,-4.923724016805294e-05
 8.2257E-02,0.00042214825001077154
 8.2298E-02,0.001280490693405252
 8.2340E-02,0.0024881795965678902
 8.2382E-02,0.003992312751659869
 8.2423E-02,0.0057270282323742235
 8.2465E-02,0.007616403081559124
 8.2507E-02,0.009577788532014075
 8.2548E-02,0.011525433124108466
 8.2590E-02,0.013374233597724987
 8.2632E-02,0.015043449235983235
 8.2673E-02,0.016460218354501302
 8.2715E-02,0.017562725481105757
 8.2757E-02,0.018302883836789432
 8.2798E-02,0.018648419194030593
 8.2840E-02,0.01858426708319152
 8.2882E-02,0.018113224555960393
 8.2923E-02,0.017255829143909596
 8.2965E-02,0.016049470093206723
 8.3007E-02,0.014546769217812094
 8.3048E-02,0.012813299592131372
 8.3090E-02,0.010924738611689475
 8.3132E-02,0.008963576556176533
 8.3173E-02,0.00701552165667743
 8.3215E-02,0.005165756877041687
 8.3257E-02,0.0034952114001514335
 8.3298E-02,0.0020770106007151927
 8.3340E-02,0.000973261799784936
 8.3382E-02,0.00023231938315179863
 8.3423E-02,-0.00011334765392951186
 8.3465E-02,-4.8589194743433136e-05
 8.3507E-02,0.0004237566712424764
 8.3548E-02,0.0012829890046464718
 8.3590E-02,0.0024914583414282817
 8.3632E-02,0.003996228331565461
 8.3673E-02,0.005731409232166318
 8.3715E-02,0.007621057807186832
 8.3757E-02,0.009582513422903612
 8.3798E-02,0.01153002166696978
 8.3840E-02,0.013378485349644722
 8.3882E-02,0.01504717856332371
 8.3923E-02,0.01646326250952451
 8.3965E-02,0.017564951669848502
 8.4007E-02,0.018304194977151567
 8.4048E-02,0.018648758120365434
 8.4090E-02,0.018583619020203137
 8.4132E-02,0.018111617757731305
 8.4173E-02,0.01725333367143247
 8.4215E-02,0.016046194781732786
 8.4257E-02,0.014542856961656378
 8.4298E-02,0.012808921145815479
 8.4340E-02,0.010920085170264684
 8.4382E-02,0.00895885143151795
 8.4423E-02,0.007010931407765419
 8.4465E-02,0.005161502278776818
 8.4507E-02,0.0034914786455724107
 8.4548E-02,0.002073963124721309
 8.4590E-02,0.000971033088278351
 8.4632E-02,0.00023100709015298965
 8.4673E-02,-0.0001136860156858839
 8.4715E-02,-4.793879408631462e-05
 8.4757E-02,0.0004253673283705065
 8.4798E-02,0.0012854893345274347
 8.4840E-02,0.0024947387993148385
 8.4882E-02,0.0040001452439575045
 8.4923E-02,0.00573579112557298
 8.4965E-02,0.007625712948256022
 8.5007E-02,0.00958723823263967
 8.5048E-02,0.011534609635536817
 8.5090E-02,0.013382736059367427
 8.5132E-02,0.015050906426328014
 8.5173E-02,0.01646630484221224
 8.5215E-02,0.01756717575794892
 8.5257E-02,0.01830550383040562
 8.5298E-02,0.018649094673090155
 8.5340E-02,0.018582968600702996
 8.5382E-02,0.018110008722840285
 8.5423E-02,0.01725083617967364
 8.5465E-02,0.01604291775648847
 8.5507E-02,0.014538943372001097
 8.5549E-02,0.012804541804350474
 8.5590E-02,0.010915431310967443
 8.5632E-02,0.008954126384485481
 8.5674E-02,0.0070063417287625366
 8.5715E-02,0.0051572487180557725
 8.5757E-02,0.0034877473510508926
 8.5799E-02,0.002070917467619644
 8.5840E-02,0.0009688064750480569
 8.5882E-02,0.00022969708301135143
 8.5924E-02,-0.00011402200417055493
 8.5965E-02,-4.728603691601333e-05
 8.6007E-02,0.00042698022181567464
 8.6049E-02,0.0012879916824558625
 8.6090E-02,0.0024980209686679966
 8.6132E-02,0.0040040634864943895
 8.6174E-02,0.005740173909983416
 8.6215E-02,0.007630368502830314
 8.6257E-02,0.009591962961026539
 8.6299E-02,0.011539197032123825
 8.6340E-02,0.013386985731889267
 8.6382E-02,0.015054632832377391
 8.6424E-02,0.01646934536183328
 8.6465E-02,0.01756939775595206
 8.6507E-02,0.018306810407623515
 8.6549E-02,0.018649428862939816
 8.6590E-02,0.018582315834339877
 8.6632E-02,0.018108397459363067
 8.6674E-02,0.017248336674821722
 8.6715E-02,0.016039639021582328
 8.6757E-02,0.014535028451013676
 8.6799E-02,0.012800161568435992
 8.6840E-02,0.010910777033726685
 8.6882E-02,0.00894940141486468
 8.6924E-02,0.007001752619571397
 8.6965E-02,0.0051529961948847975
 8.7007E-02,0.0034840175165262955
 8.7049E-02,0.0020678736291023835
 8.7090E-02,0.0009665819594112607
 8.7132E-02,0.00022838936059977678
 8.7174E-02,-0.00011435562089760737
 8.7215E-02,-4.66309248228958e-05
 8.7257E-02,0.00042859535027916227
 8.7299E-02,0.001290496047751809
 8.7340E-02,0.002501304849421495
 8.7382E-02,0.0040079830595376575
 8.7424E-02,0.005744557585705516
 8.7465E-02,0.007635024470397515
 8.7507E-02,0.009596687605914773
 8.7549E-02,0.011543783852266098
 8.7590E-02,0.013391234360268865
 8.7632E-02,0.015058357772402674
 8.7674E-02,0.016472384057822753
 8.7715E-02,0.017571617652547708
 8.7757E-02,0.018308114697468823
 8.7799E-02,0.01864976067930579
 8.7840E-02,0.018581660712000916
 8.7882E-02,0.018106783960231684
 8.7924E-02,0.01724583515217197
 8.7965E-02,0.016036358574721108
 8.8007E-02,0.014531112198525967
 8.8049E-02,0.012795780439515545
 8.8090E-02,0.010906122340927749
 8.8132E-02,0.008944676525267608
 8.8174E-02,0.006997164082592678
 8.8215E-02,0.005148744711338207
 8.8257E-02,0.0034802891438708403
 8.8299E-02,0.002064831611024604
 8.8340E-02,0.0009643595431995395
 8.8382E-02,0.0002270839246783533
 8.8424E-02,-0.000114686864273422
 8.8465E-02,-4.597345661859073e-05
 8.8507E-02,0.0004302127142522712
 8.8549E-02,0.001293002429865144
 8.8590E-02,0.002504590439983015
 8.8632E-02,0.0040119039607479515
 8.8674E-02,0.005748942150259429
 8.8715E-02,0.007639680849185688
 8.8757E-02,0.00960141216706615
 8.8799E-02,0.011548370097988725
 8.8840E-02,0.013395481949090933
 8.8882E-02,0.015062081253369716
 8.8924E-02,0.016475420938983406
 8.8965E-02,0.017573835457670942
 8.9007E-02,0.01830941671030198
 8.9049E-02,0.018650090132319597
 8.9090E-02,0.01858100324290459
 8.9132E-02,0.018105168233166127
 8.9174E-02,0.017243331617556045
 8.9215E-02,0.016033076419746793
 8.9257E-02,0.014527194616630452
 8.9299E-02,0.012791398418390793
 8.9340E-02,0.01090146723261282
 8.9382E-02,0.008939951715522271
 8.9424E-02,0.006992576117764754
 8.9465E-02,0.005144494267488539
 8.9507E-02,0.003476562233137537
 8.9549E-02,0.0020617914131218374
 8.9590E-02,0.0009621392257314044
 8.9632E-02,0.00022578077415590894
 8.9674E-02,-0.00011501573569013489
 8.9716E-02,-4.5313633761595644e-05
 8.9757E-02,0.0004318323124726599
 8.9799E-02,0.0012955108280405122
 8.9841E-02,0.0025078777402263233
 8.9882E-02,0.004015826190429504
 8.9924E-02,0.005753327603883992
 8.9966E-02,0.007644337638599952
 9.0007E-02,0.009606136642318604
 9.0049E-02,0.011552955765016743
 9.0091E-02,0.013399728491797921
 9.0132E-02,0.01506580326667863
 9.0174E-02,0.01647845599524559
 9.0216E-02,0.017576051160499467
 9.0257E-02,0.018310716435366435
 9.0299E-02,0.018650417211985064
 9.0341E-02,0.018580343418445583
 9.0382E-02,0.01810355027147209
 9.0424E-02,0.01724082606651608
 9.0466E-02,0.01602979255454147
 9.0507E-02,0.01452327570527506
 9.0549E-02,0.012787015506512402
 9.0591E-02,0.010896811711052855
 9.0632E-02,0.008935226988102516
 9.0674E-02,0.006987988727419604
 9.0716E-02,0.005140244865442899
 9.0757E-02,0.003472836786203514
 9.0799E-02,0.002058753037164655
 9.0841E-02,0.0009599210087416848
 9.0882E-02,0.00022447991073657446
 9.0924E-02,-0.00011534223359360593
 9.0966E-02,-4.4651455131119224e-05
 9.1007E-02,0.0004334541453232778
 9.1049E-02,0.0012980212417343985
 9.1091E-02,0.0025111667486524742
 9.1132E-02,0.004019749746372365
 9.1174E-02,0.005757713944167259
 9.1216E-02,0.007648994836848411
 9.1257E-02,0.009610861031392024
 9.1299E-02,0.01155754085523509
 9.1341E-02,0.013403973992688062
 9.1382E-02,0.015069523818835046
 9.1424E-02,0.01648148923485499
 9.1466E-02,0.01757826477042337
 9.1507E-02,0.018312013882492057
 9.1549E-02,0.01865074192789049
 9.1591E-02,0.018579681247297298
 9.1632E-02,0.018101930082408922
 9.1674E-02,0.017238318504612896
 9.1716E-02,0.016026506982821202
 9.1757E-02,0.01451935546648822
 9.1799E-02,0.012782631704628348
 9.1841E-02,0.010892155776322316
 9.1882E-02,0.008930502342964254
 9.1924E-02,0.006983401911613646
 9.1966E-02,0.005135996505282283
 9.2007E-02,0.003469112803040543
 9.2049E-02,0.0020557164829023275
 9.2091E-02,0.0009577048916728464
 9.2132E-02,0.0002231813334683387
 9.2174E-02,-0.00011566635933006787
 9.2216E-02,-4.3986922199581844e-05
 9.2257E-02,0.000435078211602009
 9.2299E-02,0.0013005336702675966
 9.2341E-02,0.002514457465118687
 9.2382E-02,0.004023674628752252
 9.2424E-02,0.005762101171212338
 9.2466E-02,0.007653652443353651
 9.2507E-02,0.009615585332266603
 9.2549E-02,0.011562125364565471
 9.2591E-02,0.013408218445424265
 9.2632E-02,0.015073242901598482
 9.2674E-02,0.016484520648276504
 9.2716E-02,0.01758047627727741
 9.2757E-02,0.018313309041490117
 9.2799E-02,0.018651064270482742
 9.2841E-02,0.018579016721298896
 9.2882E-02,0.018100307659740734
 9.2924E-02,0.017235808927738933
 9.2966E-02,0.016023219702595543
 9.3007E-02,0.014515433900161866
 9.3049E-02,0.012778247014126482
 9.3091E-02,0.010887499430697448
 9.3132E-02,0.008925777782566115
 9.3174E-02,0.006978815672579572
 9.3216E-02,0.005131749188991827
 9.3257E-02,0.003465390285509965
 9.3299E-02,0.0020526817521480914
 9.3341E-02,0.0009554908762360555
 9.3382E-02,0.00022188504391166598
 9.3424E-02,-0.00011598811147756901
 9.3466E-02,-4.332003387339938e-05
 9.3507E-02,0.00043670451173555356
 9.3549E-02,0.0013030481130774248
 9.3591E-02,0.002517749888075118
 9.3632E-02,0.004027600835391063
 9.3674E-02,0.005766489282744554
 9.3716E-02,0.0076583104564084716
 9.3757E-02,0.009620309544552508
 9.3799E-02,0.011566709294637881
 9.3841E-02,0.013412461854040669
 9.3883E-02,0.015076960521192829
 9.3924E-02,0.01648755024334306
 9.3966E-02,0.01758268568984466
 9.4008E-02,0.018314601921589294
 9.4049E-02,0.018651384248888854
 9.4091E-02,0.018578349848770253
 9.4133E-02,0.018098683010373838
 9.4174E-02,0.017233297341106207
 9.4216E-02,0.01601993071740875
 9.4258E-02,0.01451151100837816
 9.4299E-02,0.012773861435894821
 9.4341E-02,0.010882842674288414
 9.4383E-02,0.008921053306819957
 9.4424E-02,0.0069742300103905405
 9.4466E-02,0.005127502916775663
 9.4508E-02,0.003461669233714821
 9.4549E-02,0.0020496488446502302
 9.4591E-02,0.0009532789618062936
 9.4633E-02,0.0002205910411666221
 9.4674E-02,-0.00011630749122228806
 9.4716E-02,-4.265079149823022e-05
 9.4758E-02,0.0004383330444648284
 9.4799E-02,0.001305564569391003
 9.4841E-02,0.002521044017382741
 9.4883E-02,0.004031528366507541
 9.4924E-02,0.005770878278848021
 9.4966E-02,0.007662968875325414
 9.5008E-02,0.009625033666219609
 9.5049E-02,0.011571292641597649
 9.5091E-02,0.013416704212547705
 9.5133E-02,0.015080676669719864
 9.5174E-02,0.016490578010875598
 9.5216E-02,0.017584892998431797
 9.5258E-02,0.018315892513198876
 9.5299E-02,0.018651701854141837
 9.5341E-02,0.01857768062195984
 9.5383E-02,0.01809705612834842
 9.5424E-02,0.017230783740873588
 9.5466E-02,0.016016640025487656
 9.5508E-02,0.014507586791106867
 9.5549E-02,0.012769474971243436
 9.5591E-02,0.010878185509258616
 9.5633E-02,0.008916328918166884
 9.5674E-02,0.0069696449273176034
 9.5716E-02,0.005123257690579733
 9.5758E-02,0.0034579496493806305
 9.5799E-02,0.002046617762123614
 9.5841E-02,0.0009510691501064966
 9.5883E-02,0.00021929932680943612
 9.5924E-02,-0.00011662449723195847
 9.5966E-02,-4.197919414229523e-05
 9.6008E-02,0.00043996381016354555
 9.6049E-02,0.0013080830387323787
 9.6091E-02,0.0025243398515772614
 9.6133E-02,0.0040354572199091865
 9.6174E-02,0.005775268157176762
 9.6216E-02,0.007667627698424325
 9.6258E-02,0.00962975769694383
 9.6299E-02,0.011575875406956955
 9.6341E-02,0.013420945524641927
 9.6383E-02,0.01508439135297089
 9.6424E-02,0.016493603958306974
 9.6466E-02,0.017587098211438626
 9.6508E-02,0.01831718082501827
 9.6549E-02,0.018652017094748077
 9.6591E-02,0.018577009048698266
 9.6633E-02,0.018095427020303693
 9.6674E-02,0.01722826813208566
 9.6716E-02,0.016013347630184225
 9.6758E-02,0.014503661250274526
 9.6799E-02,0.012765087621071935
 9.6841E-02,0.010873527935886345
 9.6883E-02,0.008911604616623724
 9.6924E-02,0.006965060423396724
 9.6966E-02,0.005119013510578675
 9.7008E-02,0.0034542315326909737
 9.7049E-02,0.0020435885044825276
 9.7091E-02,0.0009488614405957759
 9.7133E-02,0.00021800989989169102
 9.7174E-02,-0.00011693913069678845
 9.7216E-02,-4.130524302918403e-05
 9.7258E-02,0.0004415968077237377
 9.7299E-02,0.0013106035203194774
 9.7341E-02,0.002527637390386221
 9.7383E-02,0.0040393873957432136
 9.7424E-02,0.005779658917863533
 9.7466E-02,0.007672286925067569
 9.7508E-02,0.009634481634659442
 9.7549E-02,0.01158045758688045
 9.7591E-02,0.013425185784580245
 9.7633E-02,0.015088104563491299
 9.7674E-02,0.016496628076924064
 9.7716E-02,0.017589301319554128
 9.7758E-02,0.018318466847899558
 9.7799E-02,0.018652329962279637
 9.7841E-02,0.01857633512173854
 9.7883E-02,0.01809379568060302
 9.7924E-02,0.017225750511041343
 9.7966E-02,0.016010053529844394
 9.8008E-02,0.014499734385996686
 9.8050E-02,0.012760699386740149
 9.8091E-02,0.010868869956229345
 9.8133E-02,0.008906880404497296
 9.8175E-02,0.006960476500856839
 9.8216E-02,0.005114770378754198
 9.8258E-02,0.003450514885358244
 9.8300E-02,0.002040561073301898
 9.8341E-02,0.0009466558348642925
 9.8383E-02,0.00021672276196770608
 9.8425E-02,-0.00011725139027463002
 9.8466E-02,-4.0628937277724297e-05
 9.8508E-02,0.00044323203738052023
 9.8550E-02,0.0013131260136133554
 9.8591E-02,0.002530936632407811
 9.8633E-02,0.004043318891930275
 9.8675E-02,0.0057840505586175366
 9.8716E-02,0.007676946553537964
 9.8758E-02,0.009639205479001989
 9.8800E-02,0.011585039182835363
 9.8841E-02,0.01342942499589752
 9.8883E-02,0.01509181630671385
 9.8925E-02,0.016499650373673073
 9.8966E-02,0.017591502330708775
 9.9008E-02,0.01831975059010662
 9.9050E-02,0.018652640464817436
 9.9091E-02,0.018575658848469546
 9.9133E-02,0.01809216211549352
 9.9175E-02,0.017223230882565856
 9.9216E-02,0.016006757727738997
 9.9258E-02,0.014495806200125897
 9.9300E-02,0.012756310269069274
 9.9341E-02,0.01086421157053106
 9.9383E-02,0.00890215628186781
 9.9425E-02,0.0069558931598689136
 9.9466E-02,0.0051105282953405025
 9.9508E-02,0.0034467997075610214
 9.9550E-02,0.0020375354685258826
 9.9591E-02,0.0009444523324702075
 9.9633E-02,0.00021543791223078285
 9.9675E-02,-0.00011756127708474834
 9.9716E-02,-3.99502781088652e-05
 9.9758E-02,0.0004448694980572159
 9.9800E-02,0.001315650517884462
 9.9841E-02,0.0025342375774293257
 9.9883E-02,0.004047251708553229
 9.9925E-02,0.0057884430794222915
 0.1000,0.007681606583131235
 0.1000,0.009643929227985983
 0.1000,0.011589620191159748
 0.1001,0.013433663153032366
 0.1001,0.015095526575453481
 0.1002,0.016502670840268772
 0.1002,0.01759370123612466
 0.1003,0.018321032042997593
 0.1003,0.01865294859432694
 0.1003,0.018574980222008985
 0.1004,0.018090526319720253
 0.1004,0.017220709243256856
 0.1005,0.01600346022233963
 0.1005,0.01449187669280506
 0.1005,0.012751920269439967
 0.1006,0.010859552780902205
 0.1006,0.008897432251044416
 0.1007,0.006951310402555257
 0.1007,0.005106287262188767
 0.1008,0.0034430860009453104
 0.1008,0.002034511691718691
 0.1008,0.0009422509349571544
 0.1009,0.00021415535211743292
 0.1009,-0.00011786878989056656
 0.1010,-3.926926468991505e-05
 0.1010,0.0004465091899903014
 0.1010,0.0013181770326047137
 0.1011,0.002537540224006502
 0.1011,0.004051185843544571
 0.1012,0.005792836478095221
 0.1012,0.007686267012231234
 0.1013,0.009648652881218078
 0.1013,0.01159420061315447
 0.1013,0.01343790025927027
 0.1014,0.015099235374850493
 0.1014,0.016505689483292924
 0.1015,0.01759589804327151
 0.1015,0.01832231121434923
 0.1015,0.018653254358458125
 0.1016,0.0185742992493771
 0.1016,0.01808888829922203
 0.1017,0.017218185597695772
 0.1017,0.016000161016767184
 0.1018,0.014487945865813933
 0.1018,0.012747529388680564
 0.1018,0.010854893587634657
 0.1019,0.008892708312173326
 0.1019,0.0069467282291271375
 0.1020,0.005102047279582493
 0.1020,0.00343937376576613
 0.1020,0.00203148974291045
 0.1021,0.0009400516419563918
 0.1021,0.0002128750808338526
 0.1022,-0.00011817392978111468
 0.1022,-3.858589816383607e-05
 0.1023,0.0004481511121663029
 0.1023,0.0013207055570598012
 0.1023,0.002540844571853287
 0.1024,0.0040551212969098215
 0.1024,0.005797230754578848
 0.1025,0.007690927840111732
 0.1025,0.009653376436715861
 0.1025,0.011598780445208337
 0.1026,0.01344213630927871
 0.1026,0.015102942698088043
 0.1027,0.01650870629487759
 0.1027,0.01759809274379246
 0.1028,0.018323588095920624
 0.1028,0.01865355774960211
 0.1028,0.018573615924113846
 0.1029,0.01808724804906126
 0.1029,0.017215659942675633
 0.1030,0.01599686010961962
 0.1030,0.014484013719395523
 0.1030,0.012743137628205455
 0.1031,0.010850233992772875
 0.1031,0.008887984467433614
 0.1032,0.006942146641633529
 0.1032,0.0050978083493632515
 0.1033,0.003435663003654916
 0.1033,0.002028469623590692
 0.1033,0.0009378544548951429
 0.1034,0.0002115970997798904
 0.1034,-0.00011847669553548886
 0.1035,-3.7900177736984e-05
 0.1035,0.0004497952647500663
 0.1035,0.0013232360906297591
 0.1036,0.002544150619598419
 0.1036,0.004059058066721218
 0.1037,0.005801625906779043
 0.1037,0.0076955890651743495
 0.1038,0.009658099894028757
 0.1038,0.011603359688543377
 0.1038,0.013446371306159813
 0.1039,0.015106648549951442
 0.1039,0.01651172128113304
 0.1040,0.017600285344678303
 0.1040,0.018324862695100055
 0.1040,0.018653858775051258
 0.1041,0.018572930252853594
 0.1041,0.018085605574817164
 0.1042,0.017213132282521373
 0.1042,0.015993557503894005
 0.1043,0.014480080255306275
 0.1043,0.01273874498883446
 0.1043,0.010845573996637707
 0.1044,0.008883260717061307
 0.1044,0.006937565640393281
 0.1045,0.005093570471905084
 0.1045,0.003431953714868511
 0.1046,0.0020254513337707716
 0.1046,0.0009356593734755384
 0.1046,0.00021032140826712472
 0.1047,-0.00011877708816468522
 0.1047,-3.721210454247348e-05
 0.1048,0.00045144164673105235
 0.1048,0.0013257686326599708
 0.1048,0.0025474583669466136
 0.1049,0.004062996152897694
 0.1049,0.005806021934502197
 0.1050,0.0077002506866107375
 0.1050,0.009662823251255597
 0.1051,0.011607938339716992
 0.1051,0.013450605244792385
 0.1051,0.015110352923931054
 0.1052,0.016514734434628493
 0.1052,0.017602475838077374
 0.1053,0.01832613500406809
 0.1053,0.01865415742752605
 0.1053,0.018572242229452283
 0.1054,0.018083960871895042
 0.1054,0.01721060261433278
 0.1055,0.015990253198315145
 0.1055,0.014476145473756119
 0.1056,0.012734351471933778
 0.1056,0.010840913601231277
 0.1056,0.008878537063172478
 0.1057,0.0069329852273539985
 0.1057,0.005089333648936312
 0.1058,0.003428245901033223
 0.1058,0.0020224348749877065
 0.1058,0.000933466399092156
 0.1059,0.0002090480075719643
 0.1059,-0.00011907510654308139
 0.1060,-3.6521677803451696e-05
 0.1060,0.0004530902582802421
 0.1061,0.0013283031825237863
 0.1061,0.0025507678125123606
 0.1061,0.004066935553555611
 0.1062,0.005810418835772871
 0.1062,0.0077049127028835
 0.1063,0.009667546507884966
 0.1063,0.01161251639979426
 0.1063,0.01345483812804713
 0.1064,0.015114055824528372
 0.1064,0.01651774576108762
 0.1065,0.017604664230520116
 0.1065,0.01832740502980217
 0.1066,0.018654453713966117
 0.1066,0.01857155186024132
 0.1066,0.018082313945573983
 0.1067,0.01720807094216735
 0.1067,0.01598694719577767
 0.1068,0.014472209376514847
 0.1068,0.01272995707837636
 0.1068,0.01083625280692662
 0.1069,0.008873813506057947
 0.1069,0.006928405402925184
 0.1070,0.005085097880890237
 0.1070,0.0034245395624038434
 0.1071,0.002019420247229996
 0.1071,0.0009312755314715556
 0.1071,0.00020777689710171996
 0.1072,-0.00011937075160118699
 0.1072,-3.582889862198239e-05
 0.1073,0.0004547410984013791
 0.1073,0.001330839739557465
 0.1073,0.002554078956009443
 0.1074,0.0040708762685608725
 0.1074,0.005814816610299206
 0.1075,0.007709575113156195
 0.1075,0.00967226966206045
 0.1076,0.01161709386547517
 0.1076,0.013459069951039867
 0.1076,0.015117757245515149
 0.1077,0.016520755253425237
 0.1077,0.01760685051454346
 0.1078,0.018328672764899256
 0.1078,0.018654747627504454
 0.1078,0.01857085913940724
 0.1079,0.018080664791522122
 0.1079,0.017205537263321774
 0.1080,0.015983639495130687
 0.1080,0.01446827196381748
 0.1081,0.012725561809470742
 0.1081,0.010831591615668245
 0.1081,0.008869090047803804
 0.1082,0.006923826169036976
 0.1082,0.005080863169472774
 0.1083,0.0034208347005491918
 0.1083,0.0020164074519992193
 0.1083,0.000929086771990692
 0.1084,0.00020650807809973913
 0.1084,-0.00011966402230016726
 0.1085,-3.5133766303774766e-05
 0.1085,0.0004563941672427171
 0.1086,0.0013333783031700137
 0.1086,0.002557391796094738
 0.1086,0.004074818296061093
 0.1087,0.005819215256133995
 0.1087,0.007714237915912116
 0.1088,0.009676992713238563
 0.1088,0.011621670737697909
 0.1088,0.013463300716414214
 0.1089,0.01512145719109659
 0.1089,0.016523762917059096
 0.1090,0.017609034696356128
 0.1090,0.018329938215927773
 0.1091,0.01865503917465517
 0.1091,0.01857016407292524
 0.1091,0.018079013414786682
 0.1092,0.017203001581721066
 0.1092,0.01598033009912319
 0.1093,0.014464333237395547
 0.1093,0.012721165666139206
 0.1093,0.010826930027898673
 0.1094,0.008864366688738736
 0.1094,0.006919247526055442
 0.1095,0.005076629515126713
 0.1095,0.0034171313158116294
 0.1096,0.002013396489358024
 0.1096,0.0009269001204011379
 0.1096,0.00020524154996456076
 0.1097,-0.00011995491950520724
 0.1097,-3.4436281861599524e-05
 0.1098,0.00045804946383099415
 0.1098,0.0013359188726576388
 0.1098,0.002560706332382811
 0.1099,0.004078761635891922
 0.1099,0.005823614773020171
 0.1100,0.007718901110342062
 0.1100,0.009681715659615538
 0.1101,0.011626247013259695
 0.1101,0.013467530419464347
 0.1101,0.015125155655324032
 0.1102,0.016526768745217447
 0.1102,0.017611216768832545
 0.1103,0.01833120137585672
 0.1103,0.018655328348919288
 0.1103,0.018569466655338717
 0.1104,0.018077359811294307
 0.1104,0.017200463894802856
 0.1105,0.015977019006722264
 0.1105,0.014460393197507658
 0.1106,0.012716768649683727
 0.1106,0.010822268045530646
 0.1106,0.008859643430909383
 0.1107,0.006914669475898723
 0.1107,0.005072396919514478
 0.1108,0.003413429409727724
 0.1108,0.0020103873607777117
 0.1108,0.0009247155780547965
 0.1109,0.0002039773139014627
 0.1109,-0.0001202434422534085
 0.1110,-3.373644464265003e-05
 0.1110,0.000459706988313157
 0.1111,0.001338461447438557
 0.1111,0.0025640225635698392
 0.1111,0.004082706286225021
 0.1112,0.005828015159010521
 0.1112,0.0077235646949061106
 0.1113,0.009686438500574922
 0.1113,0.011630822692956608
 0.1113,0.013471759062654026
 0.1114,0.015128852642188802
 0.1114,0.016529772743024963
 0.1115,0.01761339673781149
 0.1115,0.01833246225087579
 0.1116,0.018655615156466115
 0.1116,0.01856876689232372
 0.1116,0.018075703985839773
 0.1117,0.01719792420630771
 0.1117,0.015973706220563735
 0.1118,0.01445645184587454
 0.1118,0.012712370761043775
 0.1118,0.010817605669024802
 0.1119,0.008854920274653316
 0.1119,0.006910092018972076
 0.1120,0.00506816538313566
 0.1120,0.0034097289826504154
 0.1121,0.002007380066325331
 0.1121,0.0009225331447205191
 0.1121,0.0002027153693862756
 0.1122,-0.00012052959131224583
 0.1122,-3.303425562813457e-05
 0.1123,0.0004613667397074182
 0.1123,0.001341006026794604
 0.1123,0.0025673404892955602
 0.1124,0.004086652246892643
 0.1124,0.005832416413804533
 0.1125,0.007728228668761088
 0.1125,0.009691161234342398
 0.1126,0.011635397773758405
 0.1126,0.01347598664150385
 0.1126,0.01513254814594587
 0.1127,0.016532774903958054
 0.1127,0.017615574596503276
 0.1128,0.018333720834359253
 0.1128,0.018655899591196234
 0.1128,0.0185680647786981
 0.1129,0.01807404593454037
 0.1129,0.017195382513848147
 0.1130,0.015970391739743125
 0.1130,0.014452509182805755
 0.1131,0.012707972001487544
 0.1131,0.0108129429002436
 0.1131,0.008850197222022384
 0.1132,0.006905515157190664
 0.1132,0.005063934907640078
 0.1133,0.0034060300360628753
 0.1133,0.002004374607403117
 0.1133,0.000920352821708585
 0.1134,0.00020145571755050102
 0.1134,-0.00012081336578566147
 0.1135,-3.2329714212998254e-05
 0.1135,0.00046302871812530807
 0.1136,0.001343552610155366
 0.1136,0.0025706601082358576
 0.1136,0.004090599516079333
 0.1137,0.005836818535509713
 0.1137,0.0077328930304116
 0.1138,0.009695883860320994
 0.1138,0.011639972256336034
 0.1138,0.013480213158255577
 0.1139,0.015136242170357318
 0.1139,0.016535775232906957
 0.1140,0.017617750350452856
 0.1140,0.018334977132108164
 0.1141,0.0186561816588554
 0.1141,0.018567360319852514
 0.1141,0.018072385662034198
 0.1142,0.01719283882101308
 0.1142,0.015967075566768334
 0.1143,0.014448565209915602
 0.1143,0.012703572371981341
 0.1143,0.010808279739707095
 0.1144,0.008845474273338972
 0.1144,0.006900938890947315
 0.1145,0.005059705493520583
 0.1145,0.0034023325704192675
 0.1146,0.002001370984183815
 0.1146,0.00091817460879994
 0.1146,0.00020019835790527167
 0.1147,-0.00012109476640009663
 0.1147,-3.162282131504895e-05
 0.1148,0.0004646929226448644
 0.1148,0.0013461011967871148
 0.1148,0.0025739814200295076
 0.1149,0.004094548093623016
 0.1149,0.005841221523783444
 0.1150,0.007737557778947688
 0.1150,0.009700606376680429
 0.1151,0.01164454613773972
 0.1151,0.013484438608659322
 0.1151,0.01513993470993772
 0.1152,0.016538773723582322
 0.1152,0.017619923993157035
 0.1153,0.01833623113786933
 0.1153,0.01865646135375722
 0.1153,0.018566653510906625
 0.1154,0.018070723164597548
 0.1154,0.017190293125565043
 0.1155,0.015963757700884193
 0.1155,0.014444619927657387
 0.1156,0.012699171873770863
 0.1156,0.01080361618919314
 0.1156,0.008840751430631417
 0.1157,0.00689636322218634
 0.1157,0.005055477142448904
 0.1158,0.0033986365870835233
 0.1158,0.0019983691979434132
 0.1158,0.000915998507304511
 0.1159,0.00019894329161315673
 0.1159,-0.00012137379228261775
 0.1160,-3.091357644730698e-05
 0.1160,0.000466359353278536
 0.1161,0.0013486517861430833
 0.1161,0.0025773044234255783
 0.1161,0.004098497977698037
 0.1162,0.005845625376688377
 0.1162,0.00774222291292272
 0.1163,0.009705328782910735
 0.1163,0.011649119418659207
 0.1163,0.013488662994748706
 0.1164,0.015143625768111697
 0.1164,0.016541770380576176
 0.1165,0.017622095529899823
 0.1165,0.01833748285715362
 0.1166,0.018656738681282734
 0.1166,0.018565944356886056
 0.1166,0.018069058446667344
 0.1167,0.01718774543099543
 0.1167,0.0159604381445095
 0.1168,0.014440673337514065
 0.1168,0.012694770507763704
 0.1168,0.010798952249308831
 0.1169,0.008836028694359128
 0.1169,0.006891788151315213
 0.1170,0.005051249854859544
 0.1170,0.0033949420865309744
 0.1171,0.0019953692489849666
 0.1171,0.0009138245171134399
 0.1171,0.00019769051814811452
 0.1172,-0.00012165044422081503
 0.1172,-3.0201980441268894e-05
 0.1173,0.0004680280092484339
 0.1173,0.0013512043775380134
 0.1173,0.002580629117929962
 0.1174,0.00410244916803463
 0.1174,0.005850030093937779
 0.1175,0.0077468884314825385
 0.1175,0.009710051077164814
 0.1176,0.011653692096044513
 0.1176,0.013492886312363011
 0.1176,0.0151473153397685
 0.1177,0.016544765198026546
 0.1177,0.01762426495447151
 0.1178,0.01833873228390542
 0.1178,0.0186570136360032
 0.1178,0.018565232853312758
 0.1179,0.01806739150482467
 0.1179,0.017185195735166383
 0.1180,0.01595711689687405
 0.1180,0.01443672543997989
 0.1181,0.012690368275349941
 0.1181,0.010794287921841122
 0.1181,0.00883130606639338
 0.1182,0.00688721368014746
 0.1182,0.005047023632415417
 0.1183,0.003391249070206835
 0.1183,0.001992371138539727
 0.1183,0.0009116526393634222
 0.1184,0.0001964400386173014
 0.1184,-0.00012192472127019427
 0.1185,-2.9488032790719873e-05
 0.1185,0.000469698890480916
 0.1186,0.0013537589703017528
 0.1186,0.002583955502339838
 0.1186,0.004106401662983483
 0.1187,0.00585443567367405
 0.1187,0.007751554333121658
 0.1188,0.009714773258842211
 0.1188,0.01165826417057376
 0.1188,0.013497108563491742
 0.1189,0.015151003428059643
 0.1189,0.01654775818011206
 0.1190,0.01762643227177673
 0.1190,0.0183399794233898
 0.1191,0.018657286223119577
 0.1191,0.018564519004918963
 0.1191,0.018065722343182704
 0.1192,0.01718264404137219
 0.1192,0.015953793960377632
 0.1193,0.014432776236585093
 0.1193,0.012685965177370157
 0.1193,0.01078962320733428
 0.1194,0.00882658354723848
 0.1194,0.0068826398092357455
 0.1195,0.005042798475671226
 0.1195,0.0033875575385461545
 0.1196,0.0019893748668492715
 0.1196,0.0009094828740180687
 0.1196,0.00019519185260279278
 0.1197,-0.00012219662417353608
 0.1197,-2.8771734370514445e-05
 0.1198,0.0004713719961543168
 0.1198,0.001356315563809136
 0.1198,0.002587283576212687
 0.1199,0.004110355462195114
 0.1199,0.005858842115447297
 0.1200,0.007756220616916517
 0.1200,0.009719495326182197
 0.1201,0.011662835639377785
 0.1201,0.013501329744131131
 0.1201,0.015154690028038929
 0.1202,0.016550749321240225
 0.1202,0.01762859747600671
 0.1203,0.01834122426991265
 0.1203,0.01865755643743354
 0.1203,0.01856380280739811
 0.1204,0.018064050958552135
 0.1204,0.0171800903477212
 0.1205,0.015950469334395107
 0.1205,0.014428825727798435
 0.1206,0.012681561215149031
 0.1206,0.010784958107561892
 0.1206,0.008821861138772112
 0.1207,0.00687806654033366
 0.1207,0.00503857438616652
 0.1208,0.0033838674929366893
 0.1208,0.0019863804352081606
 0.1208,0.0009073152222365665
 0.1209,0.00019394596114015396
 0.1209,-0.00012246615211989746
 0.1210,-2.8053084706457096e-05
 0.1210,0.00047304732626937565
 0.1211,0.0013588741574347475
 0.1211,0.002590613338306473
 0.1211,0.004114310563990135
 0.1212,0.0058632494174977404
 0.1212,0.007760887281486934
 0.1213,0.009724217278569905
 0.1213,0.011667406502942233
 0.1213,0.013505549856025615
 0.1214,0.015158375142690785
 0.1214,0.016553738625391005
 0.1215,0.01763076057174278
 0.1215,0.01834246682837736
 0.1216,0.018657824283838206
 0.1216,0.018563084265309233
 0.1216,0.018062377354890156
 0.1217,0.017177534657327447
 0.1217,0.01594714302115549
 0.1218,0.014424873915103224
 0.1218,0.012677156389613971
 0.1218,0.010780292623169405
 0.1219,0.008817138841561293
 0.1219,0.006873493874004446
 0.1220,0.00503435136448127
 0.1220,0.0033801789338794947
 0.1221,0.0019833878438687514
 0.1221,0.0009051496839612319
 0.1221,0.0001927023638072043
 0.1222,-0.00012273330577335122
 0.1222,-2.733208458976468e-05
 0.1223,0.00047472488001608457
 0.1223,0.0013614347504748298
 0.1223,0.0025939447881161534
 0.1224,0.004118266968025926
 0.1224,0.005867657579377924
 0.1225,0.007765554325881087
 0.1225,0.009728939114221308
 0.1226,0.011671976758468386
 0.1226,0.013509768895375007
 0.1226,0.015162058767317485
 0.1227,0.016556726087235994
 0.1227,0.017632921553418973
 0.1228,0.018343707093349128
 0.1228,0.018658089757457814
 0.1228,0.0185623633746233
 0.1229,0.018060701529198232
 0.1229,0.017174976968395858
 0.1230,0.015943815020102035
 0.1230,0.014420920799053301
 0.1231,0.012672750702097876
 0.1231,0.010775626755844685
 0.1231,0.008812416657344313
 0.1232,0.00686892181194395
 0.1232,0.00503012941222213
 0.1233,0.00337649186278695
 0.1233,0.0019803970940553244
 0.1233,0.0009029862602950387
 0.1234,0.00019146106163309986
 0.1234,-0.00012299808430030304
 0.1235,-2.6608733585488565e-05
 0.1235,0.00047640465730647654
 0.1236,0.0013639973423075478
 0.1236,0.0025972779245111034
 0.1236,0.004122224672724845
 0.1237,0.005872066599330314
 0.1237,0.007770221748618828
 0.1238,0.00973366083247503
 0.1238,0.011676546406445481
 0.1238,0.013513986863838083
 0.1239,0.015165740904649894
 0.1239,0.016559711710413844
 0.1240,0.017635080425353628
 0.1240,0.018344945069539324
 0.1241,0.018658352862936985
 0.1241,0.018561640139593657
 0.1241,0.018059023485166078
 0.1242,0.017172417283936727
 0.1242,0.01594048533349611
 0.1243,0.014416966381108384
 0.1243,0.01266834415345635
 0.1243,0.010770960506212807
 0.1244,0.008807694586787505
 0.1244,0.006864350354849939
 0.1245,0.0050259085299535124
 0.1245,0.003372806280071094
 0.1246,0.001977408186022809
 0.1246,0.0009008249512560624
 0.1246,0.0001902220543057798
 0.1247,-0.00012326048837001016
 0.1247,-2.588303253446599e-05
 0.1248,0.00047808665734240324
 0.1248,0.0013665619323014184
 0.1248,0.0026006127469794496
 0.1249,0.004126183677620207
 0.1249,0.0058764764767866105
 0.1250,0.007774889548806184
 0.1250,0.009738382431715705
 0.1251,0.011681115444193346
 0.1251,0.013518203757659504
 0.1251,0.015169421550102914
 0.1252,0.016562695489867003
 0.1252,0.017637237182319195
 0.1253,0.018346180751794696
 0.1253,0.018658613595581554
 0.1253,0.018560914556375516
 0.1254,0.018057343220068238
 0.1254,0.017169855602391954
 0.1255,0.01593715396085687
 0.1255,0.014413010661787925
 0.1256,0.012663936745058729
 0.1256,0.010766293876111575
 0.1256,0.008802972631764714
 0.1257,0.006859779504404141
 0.1257,0.00502168871920212
 0.1258,0.0033691221872087142
 0.1258,0.0019744211211673852
 0.1258,0.0008986657580293939
 0.1259,0.00018898534272763666
 0.1259,-0.00012352051728994
 0.1260,-2.5154980995018166e-05
 0.1260,0.000479770880111186
 0.1261,0.0013691285197620208
 0.1261,0.0026039492541771233
 0.1261,0.004130143980992661
 0.1262,0.005880887210006187
 0.1262,0.007779557724942865
 0.1263,0.009743103911009604
 0.1263,0.0116856838717821
 0.1263,0.013522419578198662
 0.1264,0.015173100706282316
 0.1264,0.016565677429068875
 0.1265,0.01763939182829236
 0.1265,0.018347414144378068
 0.1266,0.01865887195977324
 0.1266,0.018560186629167356
 0.1266,0.018055660737509964
 0.1267,0.017167291926564406
 0.1267,0.015933820904259943
 0.1268,0.014409053642616798
 0.1268,0.012659528477937573
 0.1268,0.010761626866198875
 0.1269,0.008798250792801087
 0.1269,0.00685520926122918
 0.1270,0.005017469980665599
 0.1270,0.003365439584723093
 0.1271,0.001971435899664923
 0.1271,0.0008965086805040403
 0.1271,0.00018775092660181056
 0.1272,-0.00012377817155980066
 0.1272,-2.442457970465045e-05
 0.1273,0.0004814573247702453
 0.1273,0.0013716971040001657
 0.1273,0.0026072874457390566
 0.1274,0.004134105582615481
 0.1274,0.005885298798558498
 0.1275,0.007784226276125402
 0.1275,0.009747825268828562
 0.1276,0.011690251686886222
 0.1276,0.013526634322116943
 0.1276,0.015176778368864201
 0.1277,0.016568657523099856
 0.1277,0.017641544358265156
 0.1278,0.01834864524257348
 0.1278,0.018659127951204234
 0.1278,0.018559456354257677
 0.1279,0.0180539760347305
 0.1279,0.01716472625492826
 0.1280,0.015930486163368333
 0.1280,0.014405095324110637
 0.1281,0.012655119353201837
 0.1281,0.010756959478004539
 0.1281,0.008793529071639933
 0.1282,0.006850639626992073
 0.1282,0.005013252315778474
 0.1283,0.0033617584738418293
 0.1283,0.0019684525226647638
 0.1283,0.0008943537197765256
 0.1284,0.00018651880689945003
 0.1284,-0.0001240334504988123
 0.1285,-2.3691828348154596e-05
 0.1285,0.00048314599124828764
 0.1286,0.0013742676844667213
 0.1286,0.0026106273205182325
 0.1286,0.004138068480878711
 0.1287,0.005889711240702972
 0.1287,0.007788895200969889
 0.1288,0.009752546504489111
 0.1288,0.01169481888972821
 0.1288,0.013530847990740915
 0.1289,0.015180454540263002
 0.1289,0.01657163577528818
 0.1290,0.017643694776122914
 0.1290,0.01834987405045098
 0.1291,0.01865938157395831
 0.1291,0.0185587237355254
 0.1291,0.018052289115172947
 0.1292,0.01716215859024388
 0.1292,0.015927149740164605
 0.1293,0.014401135707657293
 0.1293,0.01265070937183401
 0.1293,0.010752291712278319
 0.1294,0.008788807468909634
 0.1294,0.006846070602293963
 0.1295,0.005009035725158137
 0.1295,0.0033580788551310576
 0.1296,0.001965470990549037
 0.1296,0.0008922008758968571
 0.1296,0.000185288983273213
 0.1297,-0.0001242863546879814
 0.1297,-2.2956727611554722e-05
 0.1298,0.0004848368788145242
 0.1298,0.0013768402604741104
 0.1298,0.002613968877949671
 0.1299,0.004142032675325641
 0.1299,0.005894124535919664
 0.1300,0.00779356449854526
 0.1300,0.009267411158558744
