  0.000,0.0
  1.000,0.007947631662176331
  0.000,0.007947631662176331
 1.6260E-05,0.008266556821806536
 3.2520E-05,0.009252922848536026
 4.8780E-05,0.010680110741228105
 6.5040E-05,0.012826641760076312
 8.1300E-05,0.015369201326734838
 9.7560E-05,0.01754995770610628
 1.1382E-04,0.01884210260806874
 1.3008E-04,0.01908709726907351
 1.4634E-04,0.01819297081061678
 1.6260E-04,0.01616703944628628
 1.7886E-04,0.013557035937024137
 1.9512E-04,0.011128293384758403
 2.1138E-04,0.009182807790808246
 2.2764E-04,0.007779164604114366
 2.4390E-04,0.007023966458659425
 2.6016E-04,0.0067015011783105975
 2.7642E-04,0.006199485378746942
 2.9268E-04,0.005120752347601401
 3.0894E-04,0.003530475832398374
 3.2520E-04,0.0015569946304782073
 3.4146E-04,-0.0006025579716946402
 3.5772E-04,-0.00236033364714148
 3.7398E-04,-0.003091625553564119
 3.9024E-04,-0.0026396020539770186
 4.0650E-04,-0.001141152723798039
 4.2276E-04,0.0012128523179885983
 4.3902E-04,0.003986512185383386
 4.5528E-04,0.006516653698169461
 4.7154E-04,0.008384725618151768
 4.8780E-04,0.009583571068218933
 5.0406E-04,0.01025333653597185
 5.2032E-04,0.010626793525107758
 5.3658E-04,0.011127320341360932
 5.5284E-04,0.01215228393408972
 5.6910E-04,0.01372518394800506
 5.8536E-04,0.015541924879778086
 6.0162E-04,0.017251083966744293
 6.1788E-04,0.018440881691000954
 6.3414E-04,0.01862012623355149
 6.5040E-04,0.017571454114259717
 6.6666E-04,0.015525386495572618
 6.8292E-04,0.01288208773654464
 6.9918E-04,0.010063761150851908
 7.1544E-04,0.007582191136650318
 7.3170E-04,0.005840475669377737
 7.4796E-04,0.00485029660047422
 7.6422E-04,0.004338982670121254
 7.8048E-04,0.003993200314459948
 7.9674E-04,0.0034859631794551416
 8.1300E-04,0.0025308565107621177
 8.2926E-04,0.0011072496975925324
 8.4552E-04,-0.000465821804278427
 8.6178E-04,-0.0017400252566308891
 8.7804E-04,-0.0023230313071729777
 8.9430E-04,-0.001901418311620568
 9.1056E-04,-0.0003470364646833274
 9.2682E-04,0.0021144435571796173
 9.4308E-04,0.004992400854955336
 9.5934E-04,0.007789974064052331
 9.7560E-04,0.010105200995134761
 9.9186E-04,0.011659999509423903
 1.0081E-03,0.01244498171027011
 1.0244E-03,0.012761330065536664
 1.0406E-03,0.013003374437791312
 1.0569E-03,0.013463570607732775
 1.0732E-03,0.014305492531034456
 1.0894E-03,0.015500017256364528
 1.1057E-03,0.016738539558440235
 1.1219E-03,0.017553977443580247
 1.1382E-03,0.01756090780614328
 1.1545E-03,0.016559224130018264
 1.1707E-03,0.014552093557332321
 1.1870E-03,0.011806783132636995
 1.2032E-03,0.008821777343082874
 1.2195E-03,0.006118068032086166
 1.2358E-03,0.004053815035845017
 1.2520E-03,0.002780852851924977
 1.2683E-03,0.002230462005987738
 1.2845E-03,0.002106095894403403
 1.3008E-03,0.0020082813439220343
 1.3171E-03,0.001646839501228685
 1.3333E-03,0.0009433625603586603
 1.3496E-03,1.742810863147382e-05
 1.3658E-03,-0.0008252206278851452
 1.3821E-03,-0.0011585738048623354
 1.3984E-03,-0.0006268775354359899
 1.4146E-03,0.0008925764771686245
 1.4309E-03,0.0032763123245044758
 1.4471E-03,0.006195490031330793
 1.4634E-03,0.009165638188914407
 1.4797E-03,0.01169119334982722
 1.4959E-03,0.01345488645286413
 1.5122E-03,0.014394262269223575
 1.5284E-03,0.014664357497442994
 1.5447E-03,0.014577978323564271
 1.5610E-03,0.014505797824692948
 1.5772E-03,0.014710657694258908
 1.5935E-03,0.015224796403472558
 1.6097E-03,0.015860086517306783
 1.6260E-03,0.01628927335516107
 1.6423E-03,0.016137942590034166
 1.6585E-03,0.015118413622251347
 1.6748E-03,0.013172875605346886
 1.6910E-03,0.010509994656607763
 1.7073E-03,0.007524659778284022
 1.7236E-03,0.004690460586138725
 1.7398E-03,0.0024423727906685887
 1.7561E-03,0.0010358897489642772
 1.7723E-03,0.00046366615851188423
 1.7886E-03,0.0004987774025853892
 1.8049E-03,0.0008056293164628531
 1.8211E-03,0.0010514717333992107
 1.8374E-03,0.0010258015806565762
 1.8536E-03,0.0007387608517704558
 1.8699E-03,0.0004172981467308038
 1.8862E-03,0.0004007317001239912
 1.9024E-03,0.0010162164050390682
 1.9187E-03,0.0024672343006628223
 1.9349E-03,0.004736999168166308
 1.9512E-03,0.007560196558835778
 1.9675E-03,0.010503755340775271
 1.9837E-03,0.013104354697177332
 2.0000E-03,0.014993207088812322
 2.0162E-03,0.01599437860437221
 2.0325E-03,0.01617789156229332
 2.0488E-03,0.015819114361418477
 2.0650E-03,0.015273463942847298
 2.0813E-03,0.014842640325637098
 2.0975E-03,0.014677589052527527
 2.1138E-03,0.014722465634804047
 2.1301E-03,0.014728858588523554
 2.1463E-03,0.014360300217895909
 2.1626E-03,0.01333330801608449
 2.1788E-03,0.011525416734041933
 2.1951E-03,0.009032570167851072
 2.2114E-03,0.006167621631572333
 2.2276E-03,0.0033772662916625408
 2.2439E-03,0.0011002408532084181
 2.2601E-03,-0.000362287231837663
 2.2764E-03,-0.0009204809346291788
 2.2927E-03,-0.0007098528734101058
 2.3089E-03,-3.663062981704493e-05
 2.3252E-03,0.0007434465654112152
 2.3414E-03,0.0013609432088534184
 2.3577E-03,0.0017209339824471696
 2.3740E-03,0.0019251976997573079
 2.3902E-03,0.0022321110357455135
 2.4065E-03,0.0029546444153301446
 2.4227E-03,0.004326082559563666
 2.4390E-03,0.00639655491355493
 2.4553E-03,0.008999684151171429
 2.4715E-03,0.011786422309476708
 2.4878E-03,0.014316839360613417
 2.5040E-03,0.016192820156402752
 2.5203E-03,0.017180960422119806
 2.5366E-03,0.01727183148803022
 2.5528E-03,0.016663896091348364
 2.5691E-03,0.015687551010979392
 2.5853E-03,0.014686758084882645
 2.6016E-03,0.013894287510781238
 2.6179E-03,0.01335481924290879
 2.6341E-03,0.012924925929256832
 2.6504E-03,0.012338486510790489
 2.6666E-03,0.011313940651063276
 2.6829E-03,0.009674872467846747
 2.6992E-03,0.007438238496485375
 2.7154E-03,0.004829920444911259
 2.7317E-03,0.0022260744090251447
 2.7479E-03,4.7176710478582986e-05
 2.7642E-03,-0.0013650568706165189
 2.7805E-03,-0.0018510385824465079
 2.7967E-03,-0.0014749589808880786
 2.8130E-03,-0.0004881430867931828
 2.8292E-03,0.0007648700348134364
 2.8455E-03,0.0019634339119799114
 2.8618E-03,0.002917614488332646
 2.8780E-03,0.0036267753293357185
 2.8943E-03,0.004263434773225773
 2.9105E-03,0.005091640813477351
 2.9268E-03,0.006354960968792931
 2.9431E-03,0.008170223777799262
 2.9593E-03,0.010460848320922514
 2.9756E-03,0.01295865361863947
 2.9918E-03,0.015277039422887648
 3.0081E-03,0.017025730562797065
 3.0244E-03,0.01792662045844935
 3.0406E-03,0.01789607639889377
 3.0569E-03,0.017065497549039438
 3.0731E-03,0.015728842102280965
 3.0894E-03,0.014237348274880568
 3.1057E-03,0.012882715761844937
 3.1219E-03,0.0118071221669427
 3.1382E-03,0.01096749476997705
 3.1544E-03,0.010168561640756274
 3.1707E-03,0.009154435720171366
 3.1870E-03,0.0077221292067892735
 3.2032E-03,0.005814887234329379
 3.2195E-03,0.0035654268349803956
 3.2357E-03,0.001273564359320055
 3.2520E-03,-0.0006780946799140001
 3.2683E-03,-0.0019410001624005112
 3.2845E-03,-0.002306829599568
 3.3008E-03,-0.0017681403968342537
 3.3170E-03,-0.0005157534365009143
 3.3333E-03,0.001127617012369658
 3.3496E-03,0.0028161398552768845
 3.3658E-03,0.004292003232639831
 3.3821E-03,0.005459372001573965
 3.3983E-03,0.006398592666075114
 3.4146E-03,0.007317258942132588
 3.4309E-03,0.008453933058292715
 3.4471E-03,0.009969411601736478
 3.4634E-03,0.011866850853669892
 3.4796E-03,0.013968871305748788
 3.4959E-03,0.01595843846585868
 3.5122E-03,0.017471130333720542
 3.5284E-03,0.01820882491604507
 3.5447E-03,0.018034137364094562
 3.5609E-03,0.017011913302168724
 3.5772E-03,0.015385364900482838
 3.5935E-03,0.013496143457067785
 3.6097E-03,0.011674640873133533
 3.6260E-03,0.010138445510526737
 3.6422E-03,0.00893537288423623
 3.6585E-03,0.007949553472394285
 3.6748E-03,0.0069656826381211115
 3.6910E-03,0.00576840482575423
 3.7073E-03,0.004242186477865038
 3.7235E-03,0.0024348411309422268
 3.7398E-03,0.0005608020481826599
 3.7561E-03,-0.0010564786757740036
 3.7723E-03,-0.002082786427171423
 3.7886E-03,-0.0022794358525495004
 3.8048E-03,-0.001581300588337856
 3.8211E-03,-0.00011868399228708438
 3.8374E-03,0.0018242364361464127
 3.8536E-03,0.003898834537732405
 3.8699E-03,0.005798856767094274
 3.8861E-03,0.007348974255490012
 3.9024E-03,0.00854446873162016
 3.9187E-03,0.009528524499698291
 3.9349E-03,0.010517025302056782
 3.9512E-03,0.011698909627508943
 3.9674E-03,0.01314719603988411
 3.9837E-03,0.014772394067377155
 4.0000E-03,0.016336152753041448
 4.0162E-03,0.017521020068373406
 4.0325E-03,0.018031599692948326
 4.0487E-03,0.01769224158774409
 4.0650E-03,0.016508031073269938
 4.0813E-03,0.014667538738399375
 4.0975E-03,0.012485843495302825
 4.1138E-03,0.010308120176180099
 4.1300E-03,0.00840751896747053
 4.1463E-03,0.006911657789271636
 4.1626E-03,0.005781959558495921
 4.1788E-03,0.004852272913674893
 4.1951E-03,0.003912050664087173
 4.2113E-03,0.002803258259592923
 4.2276E-03,0.0014962027308876825
 4.2439E-03,0.00011755163696621938
 4.2601E-03,-0.001079946529815792
 4.2764E-03,-0.0017962505166246147
 4.2926E-03,-0.0017837789696212125
 4.3089E-03,-0.0009331950849752774
 4.3252E-03,0.0006841501233074776
 4.3414E-03,0.0028316379523353093
 4.3577E-03,0.005175924379600346
 4.3739E-03,0.00738536494189896
 4.3902E-03,0.00922435770950912
 4.4065E-03,0.01061162242055654
 4.4227E-03,0.01162357281937676
 4.4390E-03,0.012442766782339607
 4.4552E-03,0.013270373019725404
 4.4715E-03,0.014234548635496067
 4.4878E-03,0.015327923223528212
 4.5040E-03,0.016396445372741316
 4.5203E-03,0.017183704366052648
 4.5365E-03,0.017415750736279607
 4.5528E-03,0.016896982697059058
 4.5691E-03,0.015583242718756005
 4.5853E-03,0.013606373709111469
 4.6016E-03,0.011241724955687035
 4.6178E-03,0.00882964135741738
 4.6341E-03,0.006677597047382903
 4.6504E-03,0.004976400285311825
 4.6666E-03,0.003758767190223454
 4.6829E-03,0.002913206589827838
 4.6991E-03,0.002246830291423551
 4.7154E-03,0.0015741400643855602
 4.7317E-03,0.0007999388847229898
 4.7479E-03,-3.348906235304714e-05
 4.7642E-03,-0.0007518804155425131
 4.7804E-03,-0.0011052229770237723
 4.7967E-03,-0.0008550961505793562
 4.8130E-03,0.00013723850734100875
 4.8292E-03,0.0018529006938271318
 4.8455E-03,0.004108207300764326
 4.8617E-03,0.006601092208642476
 4.8780E-03,0.008995491755490066
 4.8943E-03,0.011015251064546138
 4.9105E-03,0.0125158823774412
 4.9268E-03,0.0135101051787269
 4.9430E-03,0.014139391567640611
 4.9593E-03,0.014602810505028915
 4.9756E-03,0.015069151837077787
 4.9918E-03,0.015603750665663253
 5.0081E-03,0.016136131744991098
 5.0243E-03,0.016480144231315948
 5.0406E-03,0.016399515871725
 5.0569E-03,0.015695648506543668
 5.0731E-03,0.014286731883184977
 5.0894E-03,0.012250193270996787
 5.1056E-03,0.009813105828954642
 5.1219E-03,0.007293361633070927
 5.1382E-03,0.005011630791538978
 5.1544E-03,0.003204008648226088
 5.1707E-03,0.0019646071569041964
 5.1869E-03,0.001236804559341958
 5.2032E-03,0.0008549753257736326
 5.2195E-03,0.0006209663645045987
 5.2357E-03,0.00038766926776779133
 5.2520E-03,0.00011997262237207855
 5.2682E-03,-8.840840714773328e-05
 5.2845E-03,-4.816126337814795e-05
 5.3008E-03,0.00045410729126862546
 5.3170E-03,0.0015714375629599627
 5.3333E-03,0.0033290646264395652
 5.3495E-03,0.005597896693739394
 5.3658E-03,0.00811879021431145
 5.3821E-03,0.010570015151398627
 5.3983E-03,0.012655303778397206
 5.4146E-03,0.014182721185624235
 5.4308E-03,0.015107917028237432
 5.4471E-03,0.015527804331630313
 5.4634E-03,0.015627936455007804
 5.4796E-03,0.015602925891458154
 5.4959E-03,0.015578504693256256
 5.5121E-03,0.015562891216453016
 5.5284E-03,0.01544447460498741
 5.5447E-03,0.015036404161317815
 5.5609E-03,0.014152135080842822
 5.5772E-03,0.012684973203734934
 5.5934E-03,0.010663137166294683
 5.6097E-03,0.008260439175156016
 5.6260E-03,0.005758215252820102
 5.6422E-03,0.0034710592152368885
 5.6585E-03,0.001661398017649002
 5.6747E-03,0.00047168695954420627
 5.6910E-03,-0.00010330832362299156
 5.7073E-03,-0.00019571185980065878
 5.7235E-03,-3.5207663279190025e-06
 5.7398E-03,0.0002886201793520917
 5.7560E-03,0.0005787731048603523
 5.7723E-03,0.0008828293480108164
 5.7886E-03,0.0013233164136643646
 5.8048E-03,0.0020762459725687447
 5.8211E-03,0.003295131034551998
 5.8373E-03,0.0050393369818791224
 5.8536E-03,0.007232502204159002
 5.8699E-03,0.009666337232119238
 5.8861E-03,0.012049337142859329
 5.9024E-03,0.014084363977541666
 5.9186E-03,0.015549041654461995
 5.9349E-03,0.01635188713480906
 5.9512E-03,0.016545519087483234
 5.9674E-03,0.016293264145769634
 5.9837E-03,0.01580167874052707
 5.9999E-03,0.015243161203516277
 6.0162E-03,0.014695941505673441
 6.0325E-03,0.014122320590409455
 6.0487E-03,0.013392354364674917
 6.0650E-03,0.012344051342221617
 6.0812E-03,0.01085826387853312
 6.0975E-03,0.008921276446018688
 6.1138E-03,0.006652377997714314
 6.1300E-03,0.004285954914347202
 6.1463E-03,0.00211356328152494
 6.1625E-03,0.0004053779451905857
 6.1788E-03,-0.0006625245669257224
 6.1951E-03,-0.0010507449289753
 6.2113E-03,-0.0008551806311414462
 6.2276E-03,-0.0002630238963407525
 6.2438E-03,0.0005179223501370126
 6.2601E-03,0.0013316838682778825
 6.2764E-03,0.00212309891848678
 6.2926E-03,0.0029466047892968777
 6.3089E-03,0.003932353969548177
 6.3251E-03,0.005222275864388317
 6.3414E-03,0.00689929681809282
 6.3577E-03,0.008935330520246126
 6.3739E-03,0.011177095492264272
 6.3902E-03,0.013375646307470679
 6.4064E-03,0.01525026898249092
 6.4227E-03,0.016565359054579527
 6.4390E-03,0.01719430145346854
 6.4552E-03,0.017148846724135452
 6.4715E-03,0.016564454955207305
 6.4877E-03,0.01564734333001704
 6.5040E-03,0.014602156579709067
 6.5203E-03,0.013565643160021516
 6.5365E-03,0.012569240253453677
 6.5528E-03,0.011543026457971006
 6.5690E-03,0.010358822117458952
 6.5853E-03,0.00889641825859607
 6.6016E-03,0.007108783913927143
 6.6178E-03,0.005062481982066993
 6.6341E-03,0.0029382676459826485
 6.6503E-03,0.0009908319418758338
 6.6666E-03,-0.0005190544408899128
 6.6829E-03,-0.001397135553497774
 6.6991E-03,-0.0015685257893744376
 6.7154E-03,-0.0010932100076554178
 6.7316E-03,-0.0001394441779709217
 6.7479E-03,0.001075284581239676
 6.7642E-03,0.002355085727650969
 6.7804E-03,0.0035838120848670947
 6.7967E-03,0.004750751657226158
 6.8129E-03,0.005935663072991633
 6.8292E-03,0.007259329322643635
 6.8455E-03,0.00881793258724982
 6.8617E-03,0.010625209382647044
 6.8780E-03,0.012583589198061842
 6.8942E-03,0.014495343574852125
 6.9105E-03,0.016110743736522874
 6.9268E-03,0.017197230862139395
 6.9430E-03,0.01760616226137227
 6.9593E-03,0.017314421665719663
 6.9755E-03,0.01642685383154167
 6.9918E-03,0.01513906078021277
 7.0081E-03,0.01367376879198811
 7.0243E-03,0.012212924505560448
 7.0406E-03,0.01084881902060454
 7.0568E-03,0.009570558492814785
 7.0731E-03,0.008289609207048802
 7.0894E-03,0.006894373967603409
 7.1056E-03,0.005313603959488976
 7.1219E-03,0.0035654276779343358
 7.1381E-03,0.0017739122565246092
 7.1544E-03,0.00014654361583104725
 7.1707E-03,-0.0010802292924358724
 7.1869E-03,-0.0017090373791108378
 7.2032E-03,-0.0016401138130513714
 7.2194E-03,-0.0009004537910592674
 7.2357E-03,0.0003661457195559491
 7.2520E-03,0.0019445332896141174
 7.2682E-03,0.0036134239628643613
 7.2845E-03,0.005208068742662978
 7.3007E-03,0.006659185977091535
 7.3170E-03,0.007995459795453411
 7.3333E-03,0.009309790052348076
 7.3495E-03,0.010702223579856904
 7.3658E-03,0.012220632137914056
 7.3820E-03,0.013820901740156348
 7.3983E-03,0.01536146401038797
 7.4146E-03,0.016634884481747388
 7.4308E-03,0.017426150546617572
 7.4471E-03,0.017577830032607645
 7.4633E-03,0.017039723671522938
 7.4796E-03,0.015885921364651487
 7.4959E-03,0.014293438299730524
 7.5121E-03,0.012489874364185048
 7.5284E-03,0.010688129130545647
 7.5446E-03,0.00903041771147174
 7.5609E-03,0.007560266207692574
 7.5772E-03,0.006231156684977116
 7.5934E-03,0.004947585349553778
 7.6097E-03,0.0036229898132947823
 7.6259E-03,0.0022332062839614214
 7.6422E-03,0.0008458309529204787
 7.6585E-03,-0.00038554551396965476
 7.6747E-03,-0.001260827247473952
 7.6910E-03,-0.0015933245213464796
 7.7072E-03,-0.0012695735599225525
 7.7235E-03,-0.00028849643957142186
 7.7398E-03,0.0012336052693654198
 7.7560E-03,0.0030940370004821595
 7.7723E-03,0.005060211373560065
 7.7885E-03,0.006932551179489124
 7.8048E-03,0.008592660970178056
 7.8211E-03,0.010020943452853806
 7.8373E-03,0.011278632496529536
 7.8536E-03,0.012461704810283285
 7.8698E-03,0.01364392797995192
 7.8861E-03,0.01482998192844354
 7.9024E-03,0.015935900713977304
 7.9186E-03,0.016804350374418575
 7.9349E-03,0.017249906216304085
 7.9511E-03,0.017118835095384897
 7.9674E-03,0.016342650331042933
 7.9837E-03,0.014966733569243114
 7.9999E-03,0.01314390533190295
 8.0162E-03,0.011094941952207048
 8.0324E-03,0.009049398696403227
 8.0487E-03,0.007186723989838088
 8.0650E-03,0.005597272996714931
 8.0812E-03,0.004275665102413484
 8.0975E-03,0.0031475422405151314
 8.1137E-03,0.002119158172735963
 8.1300E-03,0.0011313898156559566
 8.1463E-03,0.00019840750175196327
 8.1625E-03,-0.0005831854784097409
 8.1788E-03,-0.001058406987226815
 8.1950E-03,-0.0010630343065009477
 8.2113E-03,-0.00048082388132097997
 8.2276E-03,0.0007111247817093902
 8.2438E-03,0.0024248005420306517
 8.2601E-03,0.004477941311554467
 8.2763E-03,0.006639642911034987
 8.2926E-03,0.008689750738780339
 8.3089E-03,0.010472230324672867
 8.3251E-03,0.011924937459801442
 8.3414E-03,0.01307653130828683
 8.3576E-03,0.014012781704424495
 8.3739E-03,0.014825167921514315
 8.3902E-03,0.015560714693331605
 8.4064E-03,0.016191368651991906
 8.4227E-03,0.016614153328962433
 8.4389E-03,0.016682357281365842
 8.4552E-03,0.016256957595890752
 8.4715E-03,0.015260224986319411
 8.4877E-03,0.013712540346387407
 8.5040E-03,0.01173919895537291
 8.5202E-03,0.009544357966493413
 8.5365E-03,0.007360626807219949
 8.5528E-03,0.00539111943531497
 8.5690E-03,0.003763201471323389
 8.5853E-03,0.0025089024745558576
 8.6015E-03,0.0015775823311125737
 8.6178E-03,0.0008752388182572201
 8.6341E-03,0.00031570481600376834
 8.6503E-03,-0.00013494464078104884
 8.6666E-03,-0.0004368356384756385
 8.6828E-03,-0.00048542194420921677
 8.6991E-03,-0.00014819222243256386
 8.7154E-03,0.0006839509952396641
 8.7316E-03,0.0020488091554984435
 8.7479E-03,0.003885581076430305
 8.7641E-03,0.006038183980994299
 8.7804E-03,0.008288742845768225
 8.7967E-03,0.010410427392733157
 8.8129E-03,0.012222186892655881
 8.8292E-03,0.013627343933013012
 8.8454E-03,0.014623678955355846
 8.8617E-03,0.015282589650637269
 8.8780E-03,0.015705644756410897
 8.8942E-03,0.015974596005980946
 8.9105E-03,0.016112964348917416
 8.9267E-03,0.01607299820647987
 8.9430E-03,0.015752667293544735
 8.9593E-03,0.015036625003535739
 8.9755E-03,0.013846502896246025
 8.9918E-03,0.012182488907997405
 9.0080E-03,0.010141078894362093
 9.0243E-03,0.007902137491619771
 9.0406E-03,0.0056890423149547065
 9.0568E-03,0.003714966593813187
 9.0731E-03,0.0021330447298412098
 9.0893E-03,0.0010066797180706198
 9.1056E-03,0.00030917733029863707
 9.1219E-03,-4.8266223490039126e-05
 9.1381E-03,-0.0001709081285096136
 9.1544E-03,-0.0001337380263468239
 9.1706E-03,4.960452835109044e-05
 9.1869E-03,0.00043130051023357346
 9.2032E-03,0.0011057735957818754
 9.2194E-03,0.0021666233469222317
 9.2357E-03,0.0036595854826002383
 9.2519E-03,0.005548542245420531
 9.2682E-03,0.007707165356473287
 9.2845E-03,0.00993994739571529
 9.3007E-03,0.012026228207572227
 9.3170E-03,0.013772866705570742
 9.3332E-03,0.015058213240132259
 9.3495E-03,0.015853060983251045
 9.3658E-03,0.016212249977627526
 9.3820E-03,0.016240758113781877
 9.3983E-03,0.01604686309437754
 9.4145E-03,0.015699233507223586
 9.4308E-03,0.015203140582115467
 9.4471E-03,0.014504006846838122
 9.4633E-03,0.013516701361751662
 9.4796E-03,0.01216979687166389
 9.4958E-03,0.010448635880668102
 9.5121E-03,0.00842138175139811
 9.5284E-03,0.006238129145546543
 9.5446E-03,0.0041025259021034936
 9.5609E-03,0.0022249071537891506
 9.5771E-03,0.0007723196045672453
 9.5934E-03,-0.0001681720983710837
 9.6097E-03,-0.0006011482826417253
 9.6259E-03,-0.0006063556075720363
 9.6422E-03,-0.00030059683115377545
 9.6584E-03,0.00020821600916094468
 9.6747E-03,0.0008586005828822821
 9.6910E-03,0.0016516048696087922
 9.7072E-03,0.002640177242640538
 9.7235E-03,0.0038960583342780115
 9.7397E-03,0.005466452181425939
 9.7560E-03,0.0073364089040372634
 9.7723E-03,0.0094109326609807
 9.7885E-03,0.011524004274512258
 9.8048E-03,0.013472357879610899
 9.8210E-03,0.015063222560598713
 9.8373E-03,0.016160336100359655
 9.8536E-03,0.016713079795243103
 9.8698E-03,0.01675939404626727
 9.8861E-03,0.016402178467150724
 9.9023E-03,0.015767973612048583
 9.9186E-03,0.014962670451114397
 9.9349E-03,0.014039736092424378
 9.9511E-03,0.012991766753709645
 9.9674E-03,0.011767764779521125
 9.9836E-03,0.010309352868131026
 9.9999E-03,0.008592398189620898
 1.0016E-02,0.006658568760228614
 1.0032E-02,0.004624851275312949
 1.0049E-02,0.0026667740415909085
 1.0065E-02,0.0009802752373843319
 1.0081E-02,-0.00026539298396694344
 1.0097E-02,-0.0009682135342281811
 1.0114E-02,-0.0011141471829483327
 1.0130E-02,-0.0007716043657876255
 1.0146E-02,-6.214028404773729e-05
 1.0163E-02,0.0008821048615106965
 1.0179E-02,0.0019593610161865943
 1.0195E-02,0.0031235552664528026
 1.0211E-02,0.004385689979502728
 1.0228E-02,0.005791518032408142
 1.0244E-02,0.007384186582070516
 1.0260E-02,0.009165857491606401
 1.0276E-02,0.011072707487659754
 1.0293E-02,0.012973044888902748
 1.0309E-02,0.01469019087815354
 1.0325E-02,0.01604308139563677
 1.0341E-02,0.016891280014855806
 1.0358E-02,0.01716944690752071
 1.0374E-02,0.01689987158288862
 1.0390E-02,0.016179203404361707
 1.0406E-02,0.015144355103997996
 1.0423E-02,0.013929600411945057
 1.0439E-02,0.012629680182030895
 1.0455E-02,0.011281334357579413
 1.0471E-02,0.009868979079619004
 1.0488E-02,0.008351626085870735
 1.0504E-02,0.006700617315994705
 1.0520E-02,0.004933940670249888
 1.0536E-02,0.003134115951949303
 1.0553E-02,0.0014424431356543626
 1.0569E-02,3.073349559786875e-05
 1.0585E-02,-0.0009404318489617859
 1.0602E-02,-0.0013631147876552944
 1.0618E-02,-0.0012093422071637171
 1.0634E-02,-0.0005353565732210834
 1.0650E-02,0.0005383446378047194
 1.0667E-02,0.0018641358201509322
 1.0683E-02,0.003308799782679502
 1.0699E-02,0.004785439592008016
 1.0715E-02,0.006265318834521064
 1.0732E-02,0.00776637588702714
 1.0748E-02,0.009323432645764665
 1.0764E-02,0.01095157524061673
 1.0780E-02,0.012616570217446717
 1.0797E-02,0.014223676415498054
 1.0813E-02,0.015629710968507963
 1.0829E-02,0.01667500503045586
 1.0845E-02,0.017224813375050507
 1.0862E-02,0.017206297186580986
 1.0878E-02,0.016628595796553937
 1.0894E-02,0.015579257108752569
 1.0910E-02,0.014198383856746172
 1.0927E-02,0.012639425916958368
 1.0943E-02,0.011029956612989151
 1.0959E-02,0.009445501005272583
 1.0976E-02,0.007904680372485064
 1.0992E-02,0.006386320952364635
 1.1008E-02,0.004861424160114935
 1.1024E-02,0.0033277095854466416
 1.1041E-02,0.001833612771210831
 1.1057E-02,0.000482413419184467
 1.1073E-02,-0.0005857642902970211
 1.1089E-02,-0.001228489277151816
 1.1106E-02,-0.0013406250985425834
 1.1122E-02,-0.0008856377774730077
 1.1138E-02,9.20050673128346e-05
 1.1154E-02,0.0014775655494577496
 1.1171E-02,0.003116295244831582
 1.1187E-02,0.004853064022602745
 1.1203E-02,0.006568164634972616
 1.1219E-02,0.00819763228504228
 1.1236E-02,0.009731977849941743
 1.1252E-02,0.011194871636370663
 1.1268E-02,0.012610352613304062
 1.1284E-02,0.013971112759958854
 1.1301E-02,0.015219938846048135
 1.1317E-02,0.016251667007072795
 1.1333E-02,0.016935686347353297
 1.1349E-02,0.017151681915273383
 1.1366E-02,0.016826507863629936
 1.1382E-02,0.015959514751555232
 1.1398E-02,0.014627524254771372
 1.1415E-02,0.012967589099383201
 1.1431E-02,0.011143248979407326
 1.1447E-02,0.009305536948417592
 1.1463E-02,0.007561585032922415
 1.1480E-02,0.005960808631998032
 1.1496E-02,0.0045023647404472044
 1.1512E-02,0.0031600983735922887
 1.1528E-02,0.0019151235282252592
 1.1545E-02,0.0007836278427218626
 1.1561E-02,-0.00017068832187554673
 1.1577E-02,-0.0008445882285890827
 1.1593E-02,-0.0011214397675369974
 1.1610E-02,-0.000906770007028727
 1.1626E-02,-0.00016104520550652994
 1.1642E-02,0.0010817073474530129
 1.1658E-02,0.002716072788949078
 1.1675E-02,0.004587819683443196
 1.1691E-02,0.006529577943170611
 1.1707E-02,0.008397958967307292
 1.1723E-02,0.010100108783432152
 1.1740E-02,0.011601487356336815
 1.1756E-02,0.012913286304917775
 1.1772E-02,0.014065011996820984
 1.1789E-02,0.01507287724894421
 1.1805E-02,0.015915978971040155
 1.1821E-02,0.016529343095347423
 1.1837E-02,0.0168168263953745
 1.1854E-02,0.016679722632170005
 1.1870E-02,0.016051234013974344
 1.1886E-02,0.014924733731421135
 1.1902E-02,0.013365747439585256
 1.1919E-02,0.011503115586788092
 1.1935E-02,0.009501913122363002
 1.1951E-02,0.007526897158652316
 1.1967E-02,0.005708369124674883
 1.1984E-02,0.004121321090669837
 1.2000E-02,0.0027839856555581244
 1.2016E-02,0.001675113335886578
 1.2032E-02,0.0007628350573219509
 1.2049E-02,3.4067804418957156e-05
 1.2065E-02,-0.0004865767577271387
 1.2081E-02,-0.0007355436014091639
 1.2097E-02,-0.0006275311787059589
 1.2114E-02,-8.528399732691096e-05
 1.2130E-02,0.0009284432062394243
 1.2146E-02,0.0023881022282719365
 1.2162E-02,0.0042000756362593735
 1.2179E-02,0.006217313810584036
 1.2195E-02,0.008269524639820504
 1.2211E-02,0.010199283831654835
 1.2228E-02,0.011892480571641145
 1.2244E-02,0.01329355849361986
 1.2260E-02,0.014401342647341445
 1.2276E-02,0.015247991778168064
 1.2293E-02,0.015869414241992542
 1.2309E-02,0.01627830756809853
 1.2325E-02,0.01644985469990057
 1.2341E-02,0.016325453411201916
 1.2358E-02,0.015833320471173213
 1.2374E-02,0.014918698355742837
 1.2390E-02,0.013572845328434167
 1.2406E-02,0.01185025305482787
 1.2423E-02,0.009867513084284261
 1.2439E-02,0.007783539809096776
 1.2455E-02,0.005767239648064521
 1.2471E-02,0.003962962908908735
 1.2488E-02,0.0024647260861327095
 1.2504E-02,0.001307059786571049
 1.2520E-02,0.00047454649873191217
 1.2536E-02,-7.430844027884055e-05
 1.2553E-02,-0.0003780560806127636
 1.2569E-02,-0.0004488923760194879
 1.2585E-02,-0.00026341588446868804
 1.2601E-02,0.00022907050447243507
 1.2618E-02,0.0010836834930514118
 1.2634E-02,0.002330759550433252
 1.2650E-02,0.003950959222323252
 1.2667E-02,0.005863958099320273
 1.2683E-02,0.0079354147475952
 1.2699E-02,0.010000662511291124
 1.2715E-02,0.011897840449227065
 1.2732E-02,0.013499946985823073
 1.2748E-02,0.014735694933653235
 1.2764E-02,0.015592934185874716
 1.2780E-02,0.01610442889915941
 1.2797E-02,0.01632181714087802
 1.2813E-02,0.016287526545387288
 1.2829E-02,0.016014900497976353
 1.2845E-02,0.01548366248940155
 1.2862E-02,0.014652233097141903
 1.2878E-02,0.013482297841959074
 1.2894E-02,0.011966553786499926
 1.2910E-02,0.010149303693359275
 1.2927E-02,0.008131954324104653
 1.2943E-02,0.006060662448677428
 1.2959E-02,0.004099529034861681
 1.2975E-02,0.002397710427737267
 1.2992E-02,0.0010608731248380582
 1.3008E-02,0.0001358786491792985
 1.3024E-02,-0.0003869845085887131
 1.3041E-02,-0.0005558977397265536
 1.3057E-02,-0.0004305518223621654
 1.3073E-02,-5.619048097034701e-05
 1.3089E-02,0.0005520901115030749
 1.3106E-02,0.0014093667321951645
 1.3122E-02,0.002545522457633973
 1.3138E-02,0.003980341336168321
 1.3154E-02,0.005698408892814639
 1.3171E-02,0.007633361723908616
 1.3187E-02,0.009667873296005002
 1.3203E-02,0.011650353371311751
 1.3219E-02,0.01342355514535423
 1.3236E-02,0.014856137824076809
 1.3252E-02,0.015867170259344372
 1.3268E-02,0.016435959654679602
 1.3284E-02,0.016594612150704284
 1.3301E-02,0.016406617874353786
 1.3317E-02,0.01593943778181994
 1.3333E-02,0.015240920956146417
 1.3349E-02,0.014327773737451852
 1.3366E-02,0.013189828703541672
 1.3382E-02,0.011808112050121713
 1.3398E-02,0.010179706442103606
 1.3415E-02,0.008339904163786594
 1.3431E-02,0.006373011550982786
 1.3447E-02,0.004407084975012099
 1.3463E-02,0.0025934649733249816
 1.3480E-02,0.001077265440981448
 1.3496E-02,-3.187402590634097e-05
 1.3512E-02,-0.0006795305980574933
 1.3528E-02,-0.0008707266086652974
 1.3545E-02,-0.0006578932958173449
 1.3561E-02,-0.00011727684754774838
 1.3577E-02,0.000677728743100105
 1.3593E-02,0.0016770306972085213
 1.3610E-02,0.002861201483108173
 1.3626E-02,0.00423368570213018
 1.3642E-02,0.005801257788737607
 1.3658E-02,0.0075503845373160045
 1.3675E-02,0.009428676843928523
 1.3691E-02,0.011338901234808229
 1.3707E-02,0.013148666335025028
 1.3723E-02,0.014713421890967604
 1.3740E-02,0.015905717762694487
 1.3756E-02,0.016641406634437948
 1.3772E-02,0.016894433967714135
 1.3788E-02,0.01669571090067161
 1.3805E-02,0.016116960666187105
 1.3821E-02,0.01524547371775419
 1.3837E-02,0.014158638609597141
 1.3854E-02,0.012906927328674602
 1.3870E-02,0.011510801122820158
 1.3886E-02,0.009971918605659947
 1.3902E-02,0.008293867412897662
 1.3919E-02,0.006504211889671701
 1.3935E-02,0.004669144336726943
 1.3951E-02,0.002894609698876659
 1.3967E-02,0.0013125243435558212
 1.3984E-02,5.595514430281482e-05
 1.4000E-02,-0.0007689690186956447
 1.4016E-02,-0.0011054255833768023
 1.4032E-02,-0.0009554363239724123
 1.4049E-02,-0.00037376671608212566
 1.4065E-02,0.0005513918390702945
 1.4081E-02,0.00172418054937364
 1.4097E-02,0.003064509345905666
 1.4114E-02,0.004521461208752324
 1.4130E-02,0.006072668441443252
 1.4146E-02,0.007710730978994053
 1.4162E-02,0.009422390040320356
 1.4179E-02,0.011168766671551738
 1.4195E-02,0.012874621143816423
 1.4211E-02,0.01443141598415504
 1.4228E-02,0.015714085725171006
 1.4244E-02,0.016606537098358538
 1.4260E-02,0.01702773263603215
 1.4276E-02,0.016949863206846084
 1.4293E-02,0.016402718141611653
 1.4309E-02,0.015463004522370165
 1.4325E-02,0.014232420367723344
 1.4341E-02,0.012811981119385515
 1.4358E-02,0.011281155747146235
 1.4374E-02,0.009688445585630303
 1.4390E-02,0.008055838888305493
 1.4406E-02,0.006394586674468694
 1.4423E-02,0.004725720138887743
 1.4439E-02,0.003097066882004838
 1.4455E-02,0.0015897896395797525
 1.4471E-02,0.0003112074719312718
 1.4488E-02,-0.0006244553075087977
 1.4504E-02,-0.0011214266606065309
 1.4520E-02,-0.0011256327001031015
 1.4536E-02,-0.000638201356028237
 1.4553E-02,0.00028519657239842535
 1.4569E-02,0.0015488749816177992
 1.4585E-02,0.003040643429254096
 1.4601E-02,0.004656526129250137
 1.4618E-02,0.006318713138393337
 1.4634E-02,0.00798131491364343
 1.4650E-02,0.009622888892415705
 1.4667E-02,0.011229412348218237
 1.4683E-02,0.01277474183973921
 1.4699E-02,0.01420645204529157
 1.4715E-02,0.0154429953729694
 1.4732E-02,0.016384059522608675
 1.4748E-02,0.016931251079200807
 1.4764E-02,0.017012465829225984
 1.4780E-02,0.016601845265841197
 1.4797E-02,0.015728581035733498
 1.4813E-02,0.01447153956916011
 1.4829E-02,0.01294143528337792
 1.4845E-02,0.011256415538291686
 1.4862E-02,0.00951899579044942
 1.4878E-02,0.0078015962262530155
 1.4894E-02,0.0061447516657478175
 1.4910E-02,0.0045675297543853665
 1.4927E-02,0.0030853925638183914
 1.4943E-02,0.0017281701174631193
 1.4959E-02,0.0005508628082573962
 1.4975E-02,-0.00036738182084293265
 1.4992E-02,-0.0009364989954238471
 1.5008E-02,-0.0010769097114842103
 1.5024E-02,-0.0007420502101803709
 1.5041E-02,6.55860192400158e-05
 1.5057E-02,0.0012904405261321195
 1.5073E-02,0.0028334832556196256
 1.5089E-02,0.004572456589429629
 1.5106E-02,0.006386321077918579
 1.5122E-02,0.008176176579485488
 1.5138E-02,0.009876311660535372
 1.5154E-02,0.011452582540742787
 1.5171E-02,0.012889796420773772
 1.5187E-02,0.014173605586525846
 1.5203E-02,0.015274269583417602
 1.5219E-02,0.01613887330963541
 1.5236E-02,0.016695480023342275
 1.5252E-02,0.01686834917770255
 1.5268E-02,0.016599290732259384
 1.5284E-02,0.015867888063284066
 1.5301E-02,0.014703525715697087
 1.5317E-02,0.013184836585388144
 1.5333E-02,0.0114263950097198
 1.5349E-02,0.009556749694966366
 1.5366E-02,0.0076947244556248694
 1.5382E-02,0.005931341803748083
 1.5398E-02,0.004322622125672391
 1.5414E-02,0.002894638592256568
 1.5431E-02,0.001657929157443277
 1.5447E-02,0.000625171950293394
 1.5463E-02,-0.00017498039037580062
 1.5480E-02,-0.0006935045432784777
 1.5496E-02,-0.0008681647408503123
 1.5512E-02,-0.0006401166152464701
 1.5528E-02,2.5639812747390916e-05
 1.5545E-02,0.0011230890333072275
 1.5561E-02,0.0025974932171192993
 1.5577E-02,0.0043502323070537495
 1.5593E-02,0.006255095849524348
 1.5610E-02,0.008181117336386556
 1.5626E-02,0.010014907268240364
 1.5642E-02,0.011675722215009468
 1.5658E-02,0.013119102225921674
 1.5675E-02,0.014328909029956434
 1.5691E-02,0.015301601544961206
 1.5707E-02,0.016029193048877777
 1.5723E-02,0.016487640421541452
 1.5740E-02,0.016635326275559987
 1.5756E-02,0.01642255621259046
 1.5772E-02,0.015808927632283858
 1.5788E-02,0.01478246636965308
 1.5805E-02,0.01337361541491155
 1.5821E-02,0.01165878233328066
 1.5837E-02,0.009751637921217752
 1.5853E-02,0.0077844832252925746
 1.5870E-02,0.005885322645262994
 1.5886E-02,0.004157648175650458
 1.5902E-02,0.0026688983604051695
 1.5919E-02,0.001450492338399925
 1.5935E-02,0.0005083369932933195
 1.5951E-02,-0.0001608416493432788
 1.5967E-02,-0.0005538597423147393
 1.5984E-02,-0.0006522037815168393
 1.6000E-02,-0.00042341979581323103
 1.6016E-02,0.0001675431324678926
 1.6032E-02,0.0011410268383560249
 1.6049E-02,0.0024856673211009735
 1.6065E-02,0.004148059791687437
 1.6081E-02,0.006033292359736494
 1.6097E-02,0.008016926870563231
 1.6114E-02,0.009965149609476307
 1.6130E-02,0.011757065419485813
 1.6146E-02,0.01330241920007088
 1.6162E-02,0.014549638120327817
 1.6179E-02,0.015482433802330747
 1.6195E-02,0.016107115199878286
 1.6211E-02,0.016435871553051963
 1.6227E-02,0.016472508472241888
 1.6244E-02,0.01620604390175726
 1.6260E-02,0.015614588976611905
 1.6276E-02,0.014678112247043615
 1.6293E-02,0.013395366229844266
 1.6309E-02,0.011798611726295469
 1.6325E-02,0.009960384865446864
 1.6341E-02,0.007989197850795982
 1.6358E-02,0.006014815118940201
 1.6374E-02,0.0041672871920740906
 1.6390E-02,0.0025560234414318548
 1.6406E-02,0.0012551256084046341
 1.6423E-02,0.0002990272962806413
 1.6439E-02,-0.00031103626842387275
 1.6455E-02,-0.0005928412771618069
 1.6471E-02,-0.0005668827114625693
 1.6488E-02,-0.00024409541183506963
 1.6504E-02,0.0003779319096923496
 1.6520E-02,0.0013089697471371843
 1.6536E-02,0.002552738064408172
 1.6553E-02,0.004091211267623492
 1.6569E-02,0.005872745757389249
 1.6585E-02,0.007808952776232803
 1.6601E-02,0.00978231003395612
 1.6618E-02,0.011662848426427291
 1.6634E-02,0.013329134288392101
 1.6650E-02,0.014687276871941459
 1.6667E-02,0.015682346263795277
 1.6683E-02,0.016299161703001375
 1.6699E-02,0.016553004492351284
 1.6715E-02,0.016474166123620782
 1.6732E-02,0.016092190618615058
 1.6748E-02,0.015425540689347293
 1.6764E-02,0.014480274142164016
 1.6780E-02,0.013257929811561278
 1.6797E-02,0.011769391892276444
 1.6813E-02,0.010049236734215166
 1.6829E-02,0.00816476121455472
 1.6845E-02,0.006215649614791268
 1.6862E-02,0.00432343459880799
 1.6878E-02,0.0026134231896277026
 1.6894E-02,0.0011943631858216705
 1.6910E-02,0.00014192013861906503
 1.6927E-02,-0.0005092416408763401
 1.6943E-02,-0.0007628710070241129
 1.6959E-02,-0.0006496273388180394
 1.6975E-02,-0.000211149548225687
 1.6992E-02,0.0005145149849423644
 1.7008E-02,0.0015010571500640257
 1.7024E-02,0.0027330448099458864
 1.7040E-02,0.004196829226627894
 1.7057E-02,0.005867052536196888
 1.7073E-02,0.007694274212237765
 1.7089E-02,0.009598957376505367
 1.7106E-02,0.011474913481306458
 1.7122E-02,0.013202042187653727
 1.7138E-02,0.014664958076149467
 1.7154E-02,0.01577199946846762
 1.7171E-02,0.01646890185809792
 1.7187E-02,0.016743167437208033
 1.7203E-02,0.016618263583786222
 1.7219E-02,0.016140152589291024
 1.7236E-02,0.015361116444681485
 1.7252E-02,0.014326543058801273
 1.7268E-02,0.0130690560924149
 1.7284E-02,0.011611570179721368
 1.7301E-02,0.009977534190984122
 1.7317E-02,0.008203958633360845
 1.7333E-02,0.006351744053326952
 1.7349E-02,0.004508708430264855
 1.7366E-02,0.0027832367379868233
 1.7382E-02,0.0012897543006903734
 1.7398E-02,0.00013010859952727557
 1.7414E-02,-0.0006235701858855423
 1.7431E-02,-0.0009393790935168813
 1.7447E-02,-0.0008265405155072034
 1.7463E-02,-0.0003268668561047229
 1.7480E-02,0.0004999689432658802
 1.7496E-02,0.001592205304913068
 1.7512E-02,0.002897538607986242
 1.7528E-02,0.004376881470019085
 1.7545E-02,0.005999688391264413
 1.7561E-02,0.007733309932677594
 1.7577E-02,0.009531039860140467
 1.7593E-02,0.011324050044602173
 1.7610E-02,0.013021081109492813
 1.7626E-02,0.014517037620158657
 1.7642E-02,0.015708475992851727
 1.7658E-02,0.01651147767549487
 1.7675E-02,0.016876445986903063
 1.7691E-02,0.016795291170166024
 1.7707E-02,0.016298954488862843
 1.7723E-02,0.015446400113664119
 1.7740E-02,0.014308963371518192
 1.7756E-02,0.012955328104305462
 1.7772E-02,0.011441946371459089
 1.7788E-02,0.009811592386599585
 1.7805E-02,0.00809972061786462
 1.7821E-02,0.006345443970662484
 1.7837E-02,0.0046022624061317595
 1.7853E-02,0.002943739545376616
 1.7870E-02,0.0014611118876812679
 1.7886E-02,0.0002526875981611579
 1.7902E-02,-0.0005921607742766235
 1.7919E-02,-0.0010096123092277658
 1.7935E-02,-0.0009734765421539997
 1.7951E-02,-0.0004990001891188333
 1.7967E-02,0.000362655113400768
 1.7984E-02,0.0015373005591740835
 1.8000E-02,0.0029436839346461533
 1.8016E-02,0.004507401467613547
 1.8032E-02,0.006168556433715264
 1.8049E-02,0.00788132069521502
 1.8065E-02,0.009606513221963214
 1.8081E-02,0.011300830187444233
 1.8097E-02,0.012907562479278215
 1.8114E-02,0.014353100524049738
 1.8130E-02,0.015551444434133279
 1.8146E-02,0.016416042010306282
 1.8162E-02,0.016875585541883512
 1.8179E-02,0.016888857975020394
 1.8195E-02,0.016453875090131416
 1.8211E-02,0.015608373048718127
 1.8227E-02,0.014421511389970637
 1.8244E-02,0.012979514934721654
 1.8260E-02,0.011369871707604846
 1.8276E-02,0.009668989098130297
 1.8292E-02,0.007936806984831632
 1.8309E-02,0.006219284751075465
 1.8325E-02,0.0045568345151016185
 1.8341E-02,0.002994662973088613
 1.8358E-02,0.001590341019574178
 1.8374E-02,0.00041495796842085856
 1.8390E-02,-0.0004534387054613625
 1.8406E-02,-0.0009425950702977922
 1.8423E-02,-0.001001160733036423
 1.8439E-02,-0.0006113313573399243
 1.8455E-02,0.00020513376652670369
 1.8471E-02,0.0013895799787143072
 1.8488E-02,0.002857070722190906
 1.8504E-02,0.004511661942316319
 1.8520E-02,0.006261638335568118
 1.8536E-02,0.008030206669734436
 1.8553E-02,0.00975886782055312
 1.8569E-02,0.011403338916536481
 1.8585E-02,0.012924540628450514
 1.8601E-02,0.014278877201750702
 1.8618E-02,0.015412222124256317
 1.8634E-02,0.016260621383447704
 1.8650E-02,0.01675823675108643
 1.8666E-02,0.01685035247278311
 1.8683E-02,0.016507312566789778
 1.8699E-02,0.01573473462351287
 1.8715E-02,0.01457644750715715
 1.8732E-02,0.013108941848538641
 1.8748E-02,0.011428885550595964
 1.8764E-02,0.009637478857832584
 1.8780E-02,0.007826338120688347
 1.8797E-02,0.006068901504311422
 1.8813E-02,0.00441930541526392
 1.8829E-02,0.0029180151740195934
 1.8845E-02,0.0016011424761871115
 1.8862E-02,0.0005091612097894993
 1.8878E-02,-0.000308942861130177
 1.8894E-02,-0.0007983108613586682
 1.8910E-02,-0.0009073203577920819
 1.8927E-02,-0.0006004051358194714
 1.8943E-02,0.00012966520486638075
 1.8959E-02,0.0012543126921092202
 1.8975E-02,0.0027092879752726555
 1.8992E-02,0.004402778466221209
 1.9008E-02,0.006229271377078599
 1.9024E-02,0.008085126315337761
 1.9040E-02,0.009881358713879459
 1.9057E-02,0.011550208754561168
 1.9073E-02,0.013044291645329978
 1.9089E-02,0.014329715678860329
 1.9106E-02,0.015376608451989723
 1.9122E-02,0.016151293663099194
 1.9138E-02,0.016613637514927677
 1.9154E-02,0.01672109806175616
 1.9171E-02,0.01643846869742453
 1.9187E-02,0.015750108369384078
 1.9203E-02,0.014670374146607879
 1.9219E-02,0.013248399406676565
 1.9236E-02,0.011565146280672504
 1.9252E-02,0.009723180059873852
 1.9268E-02,0.007831986810556421
 1.9284E-02,0.005993060737209788
 1.9301E-02,0.00428894733635877
 1.9317E-02,0.0027789727495220627
 1.9333E-02,0.0015020403280685839
 1.9349E-02,0.00048445691484520293
 1.9366E-02,-0.0002508972850045663
 1.9382E-02,-0.0006780567988474803
 1.9398E-02,-0.0007670054582052177
 1.9414E-02,-0.000489006919501121
 1.9431E-02,0.00017342705859602927
 1.9447E-02,0.0012154181662695144
 1.9463E-02,0.0026015498833127128
 1.9479E-02,0.004263913436491768
 1.9496E-02,0.006107663307831241
 1.9512E-02,0.008022923920753676
 1.9528E-02,0.00989981180000519
 1.9545E-02,0.011642349430484122
 1.9561E-02,0.013177488186478778
 1.9577E-02,0.0144571719529397
 1.9593E-02,0.015453760700309646
 1.9610E-02,0.01615136006476855
 1.9626E-02,0.016536893387940347
 1.9642E-02,0.016594662818369913
 1.9658E-02,0.0163067189538736
 1.9675E-02,0.015659106858972704
 1.9691E-02,0.014651780681845939
 1.9707E-02,0.013308485911289613
 1.9723E-02,0.011682726584176486
 1.9740E-02,0.009857130779372492
 1.9756E-02,0.007935683059696889
 1.9772E-02,0.006030653466780842
 1.9788E-02,0.004247797862918016
 1.9805E-02,0.0026739338046049316
 1.9821E-02,0.0013701382174545178
 1.9837E-02,0.00037187892420543545
 1.9853E-02,-0.00030493924294961177
 1.9870E-02,-0.0006549531427506611
 1.9886E-02,-0.0006751356869159601
 1.9902E-02,-0.0003606980680989739
 1.9919E-02,0.0002932674960178741
 1.9935E-02,0.0012850007178918936
 1.9951E-02,0.002596749629065304
 1.9967E-02,0.004186604811864821
 1.9984E-02,0.0059849646293066655
 2.0000E-02,0.007897648137438882
 2.0016E-02,0.009815482563097794
 2.0032E-02,0.011628026068492992
 2.0049E-02,0.013237694391847795
 2.0065E-02,0.0145704253594196
 2.0081E-02,0.015580185295477274
 2.0097E-02,0.016246688217476858
 2.0114E-02,0.016567941338625696
 2.0130E-02,0.01655086795320339
 2.0146E-02,0.016203725925906458
 2.0162E-02,0.015533185431738029
 2.0179E-02,0.014547067169979869
 2.0195E-02,0.013261538125463263
 2.0211E-02,0.011709798683282301
 2.0227E-02,0.009948596425677383
 2.0244E-02,0.008059515098370659
 2.0260E-02,0.006143696708138805
 2.0276E-02,0.004310861108720568
 2.0292E-02,0.0026654204997806586
 2.0309E-02,0.001293476461698275
 2.0325E-02,0.00025419835675752
 2.0341E-02,-0.00042237597075466633
 2.0358E-02,-0.0007311913051251881
 2.0374E-02,-0.0006837917042598821
 2.0390E-02,-0.00029908166189522855
 2.0406E-02,0.0004033236651584049
 2.0423E-02,0.001404855853500413
 2.0439E-02,0.0026844914862014855
 2.0455E-02,0.004211670669069775
 2.0471E-02,0.0059387499311951844
 2.0488E-02,0.007796421848378792
 2.0504E-02,0.009694620698408865
 2.0520E-02,0.011529604044683046
 2.0536E-02,0.013195789040599268
 2.0553E-02,0.014599263941240524
 2.0569E-02,0.01566926889787109
 2.0585E-02,0.016364566588993806
 2.0601E-02,0.016673286498749898
 2.0618E-02,0.016606947871554787
 2.0634E-02,0.016191207426768776
 2.0650E-02,0.01545680195033857
 2.0666E-02,0.014433851528571906
 2.0683E-02,0.01315127834128218
 2.0699E-02,0.011641087809974247
 2.0715E-02,0.009945368496284624
 2.0731E-02,0.008122763154331513
 2.0748E-02,0.006251234077331172
 2.0764E-02,0.004425164817265083
 2.0780E-02,0.002746777993154338
 2.0797E-02,0.0013138262016359327
 2.0813E-02,0.0002068412445016129
 2.0829E-02,-0.0005205521168091245
 2.0845E-02,-0.0008457089310940835
 2.0862E-02,-0.000774674114281097
 2.0878E-02,-0.0003348004396310715
 2.0894E-02,0.00043490700715895784
 2.0910E-02,0.0014923495052652563
 2.0927E-02,0.0027970470515129896
 2.0943E-02,0.004309818771685521
 2.0959E-02,0.005988196617570924
 2.0975E-02,0.007779987364704896
 2.0992E-02,0.009618166187130713
 2.1008E-02,0.011419900929655
 2.1024E-02,0.013091102152318573
 2.1040E-02,0.014535959570276038
 2.1057E-02,0.0156691367995347
 2.1073E-02,0.016427280701221857
 2.1089E-02,0.016776618124657153
 2.1105E-02,0.016714625220470396
 2.1122E-02,0.016265642653607793
 2.1138E-02,0.015472217660375744
 2.1154E-02,0.014385220278466804
 2.1171E-02,0.013055974296902051
 2.1187E-02,0.011532710986878428
 2.1203E-02,0.009861937679565268
 2.1219E-02,0.008093427106665526
 2.1236E-02,0.006286144480973617
 2.1252E-02,0.004512025067001242
 2.1268E-02,0.002855233992630688
 2.1284E-02,0.0014061258985427435
 2.1301E-02,0.00025101607772138874
 2.1317E-02,-0.000539586184513777
 2.1333E-02,-0.0009209829720435597
 2.1349E-02,-0.0008796984870183767
 2.1366E-02,-0.000432879293575791
 2.1382E-02,0.0003778513774680813
 2.1398E-02,0.0014959212285606826
 2.1414E-02,0.0028596134543766487
 2.1431E-02,0.004409174150017059
 2.1447E-02,0.006089392817888626
 2.1463E-02,0.007847575223914672
 2.1479E-02,0.009628564279454698
 2.1496E-02,0.011369578097338181
 2.1512E-02,0.012997734350479167
 2.1528E-02,0.01443218197573638
 2.1545E-02,0.015591098277050753
 2.1561E-02,0.016402016072022445
 2.1577E-02,0.01681265336509507
 2.1593E-02,0.016799084760544064
 2.1610E-02,0.016368841848796244
 2.1626E-02,0.015558102360481595
 2.1642E-02,0.014423979265646345
 2.1658E-02,0.013034409523028083
 2.1675E-02,0.011458756969305827
 2.1691E-02,0.009761783763562022
 2.1707E-02,0.008002286326047244
 2.1723E-02,0.006235923136030131
 2.1740E-02,0.004520209256074831
 2.1756E-02,0.002918860159623539
 2.1772E-02,0.0015029084161084251
 2.1788E-02,0.00034720007131910707
 2.1805E-02,-0.0004774171745124332
 2.1821E-02,-0.000914275086367473
 2.1837E-02,-0.000930518049893538
 2.1853E-02,-0.0005232830206289569
 2.1870E-02,0.00027947885770660636
 2.1886E-02,0.001423798586124567
 2.1902E-02,0.002838635221124046
 2.1918E-02,0.004446281278408574
 2.1935E-02,0.006171234564346596
 2.1951E-02,0.007945253564754812
 2.1967E-02,0.009707780791595169
 2.1984E-02,0.011402625013795393
 2.2000E-02,0.01297313995593367
 2.2016E-02,0.014358652807187317
 2.2032E-02,0.015494402541247643
 2.2049E-02,0.0163159223234556
 2.2065E-02,0.016767111616096907
 2.2081E-02,0.016809789562195167
 2.2097E-02,0.016431817907428176
 2.2114E-02,0.0156511821345114
 2.2130E-02,0.014514624169681387
 2.2146E-02,0.013091112046975568
 2.2162E-02,0.011462024589816709
 2.2179E-02,0.009710873645062745
 2.2195E-02,0.007915364531201176
 2.2211E-02,0.006143629077396465
 2.2227E-02,0.004454905440620078
 2.2244E-02,0.002903337697806884
 2.2260E-02,0.0015424865030096648
 2.2276E-02,0.00042795295033848336
 2.2292E-02,-0.00038372107957905207
 2.2309E-02,-0.0008402763635529723
 2.2325E-02,-0.0009018813964076947
 2.2341E-02,-0.0005497931323237971
 2.2358E-02,0.0002072540228231837
 2.2374E-02,0.001331140739244257
 2.2390E-02,0.00275780485496388
 2.2406E-02,0.004405253315605224
 2.2423E-02,0.006183973005605791
 2.2439E-02,0.008006908266319149
 2.2455E-02,0.009796462921233203
 2.2471E-02,0.011487118216277232
 2.2488E-02,0.013023835437882735
 2.2504E-02,0.014357880272418695
 2.2520E-02,0.015442552708598649
 2.2536E-02,0.016231238895734787
 2.2553E-02,0.01667924959045503
 2.2569E-02,0.016749414707239195
 2.2585E-02,0.01641989717412241
 2.2601E-02,0.015691707822144893
 2.2618E-02,0.014593297752393432
 2.2634E-02,0.013180418481109337
 2.2650E-02,0.011530892884548496
 2.2666E-02,0.009735527704357563
 2.2683E-02,0.007887572295758528
 2.2699E-02,0.006073487847449799
 2.2715E-02,0.004367223096314789
 2.2731E-02,0.002828906615762022
 2.2748E-02,0.001507318279460809
 2.2764E-02,0.0004442343996317851
 2.2780E-02,-0.00032181059612326713
 2.2797E-02,-0.0007544553742389814
 2.2813E-02,-0.000822130577106121
 2.2829E-02,-0.0005038777863596612
 2.2845E-02,0.00020344378029511767
 2.2862E-02,0.001279074042362984
 2.2878E-02,0.0026757272549677476
 2.2894E-02,0.00432176416897801
 2.2910E-02,0.006128021998850985
 2.2927E-02,0.00799770946691713
 2.2943E-02,0.00983684231264874
 2.2959E-02,0.011562602435065518
 2.2975E-02,0.01310777906372733
 2.2992E-02,0.01442082019085455
 2.3008E-02,0.015462508046978216
 2.3024E-02,0.016201356194786118
 2.3040E-02,0.016610133437895972
 2.3057E-02,0.016665351166440696
 2.3073E-02,0.01635031480583354
 2.3089E-02,0.01566088003644947
 2.3105E-02,0.014611891695325936
 2.3122E-02,0.013241833363333337
 2.3138E-02,0.011613642376357156
 2.3154E-02,0.009810803256484845
 2.3171E-02,0.00792932050989244
 2.3187E-02,0.0060674736080867
 2.3203E-02,0.004315924999469516
 2.3219E-02,0.0027505624825597164
 2.3236E-02,0.0014294859185214768
 2.3252E-02,0.0003941400441674213
 2.3268E-02,-0.00032675865350889654
 2.3284E-02,-0.0007126864319061457
 2.3301E-02,-0.0007483865478699567
 2.3317E-02,-0.0004240051611728277
 2.3333E-02,0.000261545861894492
 2.3349E-02,0.0012951818516480297
 2.3366E-02,0.0026443074904911462
 2.3382E-02,0.004253844464364479
 2.3398E-02,0.006047285116372305
 2.3414E-02,0.007932192980157786
 2.3431E-02,0.009809152291726514
 2.3447E-02,0.011582058784945065
 2.3463E-02,0.013167225863327067
 2.3479E-02,0.014499197473999012
 2.3496E-02,0.015532265841812463
 2.3512E-02,0.016238103194962227
 2.3528E-02,0.01660114139288834
 2.3544E-02,0.016613949016030343
 2.3561E-02,0.01627465508821376
 2.3577E-02,0.01558753336255909
 2.3593E-02,0.014566530486259686
 2.3610E-02,0.013240272524086659
 2.3626E-02,0.011656363617975278
 2.3642E-02,0.00988285658747083
 2.3658E-02,0.008005608620584536
 2.3675E-02,0.006121546561286094
 2.3691E-02,0.0043291997251669835
 2.3707E-02,0.0027187522418246545
 2.3723E-02,0.0013640160603921895
 2.3740E-02,0.0003180848736677158
 2.3756E-02,-0.00038677389469525644
 2.3772E-02,-0.0007357787414299329
 2.3788E-02,-0.0007266630139963721
 2.3805E-02,-0.0003652527925611692
 2.3821E-02,0.00033664337502775036
 2.3837E-02,0.0013603072365348562
 2.3853E-02,0.002676705195330905
 2.3870E-02,0.004242238450004344
 2.3886E-02,0.0059957663165271236
 2.3902E-02,0.007858736821963282
 2.3918E-02,0.009739301965707065
 2.3935E-02,0.01153999349873013
 2.3951E-02,0.013167338753563563
 2.3967E-02,0.014541120471695285
 2.3984E-02,0.01560106580639209
 2.4000E-02,0.016309561228932384
 2.4016E-02,0.016650251211877663
 2.4032E-02,0.01662365236579519
 2.4049E-02,0.016241761641644006
 2.4065E-02,0.015523769858864993
 2.4081E-02,0.01449437540081184
 2.4097E-02,0.013185056126794643
 2.4114E-02,0.011637410457547483
 2.4130E-02,0.009906767316705336
 2.4146E-02,0.008064014283414562
 2.4162E-02,0.006194094506611253
 2.4179E-02,0.004390701244846778
 2.4195E-02,0.002747977880213176
 2.4211E-02,0.001351065807530175
 2.4227E-02,0.00026777498918204804
 2.4244E-02,-0.000456664668597017
 2.4260E-02,-0.0008007661606956902
 2.4276E-02,-0.000764117309013846
 2.4292E-02,-0.00036227157661902326
 2.4309E-02,0.0003787861335735365
 2.4325E-02,0.0014266696115531586
 2.4341E-02,0.0027439449825001788
 2.4357E-02,0.00428678632903145
 2.4374E-02,0.006002046169030537
 2.4390E-02,0.007824568702082906
 2.4406E-02,0.009676614528970078
 2.4423E-02,0.011470613776271718
 2.4439E-02,0.013115344801840598
 2.4455E-02,0.01452443739714615
 2.4471E-02,0.015625241552223907
 2.4488E-02,0.016365887488183243
 2.4504E-02,0.01671886882078689
 2.4520E-02,0.01668053586600438
 2.4536E-02,0.016267126237117784
 2.4553E-02,0.015508957617933193
 2.4569E-02,0.014444822749580016
 2.4585E-02,0.01311832559186
 2.4601E-02,0.011576998830722928
 2.4618E-02,0.009873873453303064
 2.4634E-02,0.008070150024107364
 2.4650E-02,0.006237111762076922
 2.4666E-02,0.004455601921897975
 2.4683E-02,0.0028121980030805195
 2.4699E-02,0.001392368267125913
 2.4715E-02,0.0002719881846108311
 2.4731E-02,-0.0004907552015744921
 2.4748E-02,-0.0008610603989523623
 2.4764E-02,-0.0008294789319510892
 2.4780E-02,-0.00040993050221275215
 2.4797E-02,0.0003652973715203761
 2.4813E-02,0.0014518102728923628
 2.4829E-02,0.002798668186796986
 2.4845E-02,0.004351753303174795
 2.4862E-02,0.006054414547211386
 2.4878E-02,0.007845975860360357
 2.4894E-02,0.009659568627524841
 2.4910E-02,0.011421069431458188
 2.4927E-02,0.013050578108625574
 2.4943E-02,0.014466978115281987
 2.4959E-02,0.015594994485607692
 2.4975E-02,0.016373200731633713
 2.4992E-02,0.016760966275517337
 2.5008E-02,0.016742546619941925
 2.5024E-02,0.016327331530337587
 2.5040E-02,0.015546403438374956
 2.5057E-02,0.014446627944011341
 2.5073E-02,0.013084135010655648
 2.5089E-02,0.01151904150958426
 2.5105E-02,0.009812628686483426
 2.5122E-02,0.008027157111269669
 2.5138E-02,0.006227447023738968
 2.5154E-02,0.004482648050117305
 2.5170E-02,0.0028665163937653146
 2.5187E-02,0.0014550447676651482
 2.5203E-02,0.00032126268881473995
 2.5219E-02,-0.0004719009489974848
 2.5236E-02,-0.0008790025963542943
 2.5252E-02,-0.00087778356018693
 2.5268E-02,-0.00047165336765120954
 2.5284E-02,0.0003116634839684156
 2.5301E-02,0.0014248271240205747
 2.5317E-02,0.002807502521475898
 2.5333E-02,0.004393027688402173
 2.5349E-02,0.006113442692153634
 2.5366E-02,0.007901935354298756
 2.5382E-02,0.009692793308839341
 2.5398E-02,0.011419910549736532
 2.5414E-02,0.013015442108705434
 2.5431E-02,0.014410141813726827
 2.5447E-02,0.015536277119164013
 2.5463E-02,0.01633301917831503
 2.5479E-02,0.016753208879754053
 2.5496E-02,0.016769755639049817
 2.5512E-02,0.01637986748319173
 2.5528E-02,0.015605865561413641
 2.5544E-02,0.014492316036773152
 2.5561E-02,0.01310028114130932
 2.5577E-02,0.011500283002883294
 2.5593E-02,0.009765821725640545
 2.5610E-02,0.007968918148199866
 2.5626E-02,0.006178303044275392
 2.5642E-02,0.004459854063476784
 2.5658E-02,0.0028780509900165757
 2.5675E-02,0.0014968694504069473
 2.5691E-02,0.0003787819310609817
 2.5707E-02,-0.0004187096620705883
 2.5723E-02,-0.0008485935244375803
 2.5740E-02,-0.0008806260424827809
 2.5756E-02,-0.0005066236237954264
 2.5772E-02,0.0002568396809617422
 2.5788E-02,0.0013692528597318934
 2.5805E-02,0.0027704297043152715
 2.5821E-02,0.00438715377663592
 2.5837E-02,0.006140518978823634
 2.5853E-02,0.007952208368376725
 2.5870E-02,0.009748459925432175
 2.5886E-02,0.011461367251787272
 2.5902E-02,0.013028138025733523
 2.5918E-02,0.014389641556857524
 2.5935E-02,0.015489772344880188
 2.5951E-02,0.016276774086082697
 2.5967E-02,0.01670684725640033
 2.5983E-02,0.016749397567767218
 2.6000E-02,0.016392518152022837
 2.6016E-02,0.015647010917230347
 2.6032E-02,0.014547550312521359
 2.6049E-02,0.013150378263838226
 2.6065E-02,0.011527923804060421
 2.6081E-02,0.00976162044861268
 2.6097E-02,0.007934649698695454
 2.6114E-02,0.006126221151908605
 2.6130E-02,0.004408359999689267
 2.6146E-02,0.0028452427565016127
 2.6162E-02,0.0014942306830964427
 2.6179E-02,0.00040720798537993144
 2.6195E-02,-0.00036917709306697377
 2.6211E-02,-0.0007952500886568364
 2.6227E-02,-0.0008420495759126291
 2.6244E-02,-0.0004961996807233355
 2.6260E-02,0.0002355566480386059
 2.6276E-02,0.0013237364505531007
 2.6292E-02,0.0027165344676182432
 2.6309E-02,0.004343560951722152
 2.6325E-02,0.0061222205254133485
 2.6341E-02,0.007965303019622783
 2.6357E-02,0.009788070346655825
 2.6374E-02,0.011513393321046473
 2.6390E-02,0.013074220651649607
 2.6406E-02,0.014413592875225112
 2.6423E-02,0.015483221899541969
 2.6439E-02,0.016242062167254562
 2.6455E-02,0.01665616539352413
 2.6471E-02,0.016700491383316134
 2.6488E-02,0.016362468066632517
 2.6504E-02,0.01564627177082339
 2.6520E-02,0.014576330782180465
 2.6536E-02,0.013198613359519783
 2.6553E-02,0.011578832022557172
 2.6569E-02,0.00979758533977433
 2.6585E-02,0.007943361382857377
 2.6601E-02,0.006104934718065879
 2.6618E-02,0.004364797050875527
 2.6634E-02,0.00279484095555357
 2.6650E-02,0.0014547199120498492
 2.6666E-02,0.00039241678997071973
 2.6683E-02,-0.0003541240700567971
 2.6699E-02,-0.000755678981951487
 2.6715E-02,-0.0007918357746985868
 2.6731E-02,-0.0004528973696677695
 2.6748E-02,0.0002568450403289463
 2.6764E-02,0.0013156115975173678
 2.6780E-02,0.0026818480125599432
 2.6796E-02,0.004294383564172391
 2.6813E-02,0.006075603098557699
 2.6829E-02,0.00793731945823206
 2.6845E-02,0.00978822433080156
 2.6862E-02,0.011541337989671848
 2.6878E-02,0.013119927194572917
 2.6894E-02,0.014460896608759315
 2.6910E-02,0.015515495234090317
 2.6927E-02,0.016248025216352106
 2.6943E-02,0.016633804073451885
 2.6959E-02,0.016657721955460104
 2.6975E-02,0.016314329676578296
 2.6992E-02,0.015609643005077676
 2.7008E-02,0.014564027192698384
 2.7024E-02,0.013214930448654521
 2.7040E-02,0.011618082816452055
 2.7057E-02,0.009846127600840516
 2.7073E-02,0.007984388567923714
 2.7089E-02,0.006124344744511282
 2.7105E-02,0.004356087151401977
 2.7122E-02,0.0027613286455724076
 2.7138E-02,0.0014083315914038702
 2.7154E-02,0.00034948489568231104
 2.7170E-02,-0.0003785759336916534
 2.7187E-02,-0.0007531656658576766
 2.7203E-02,-0.0007633371488483417
 2.7219E-02,-0.0004084743966049794
 2.7235E-02,0.000301595716373449
 2.7252E-02,0.0013450164184232866
 2.7268E-02,0.0026856201625951866
 2.7284E-02,0.004271188991910069
 2.7301E-02,0.006033494047679644
 2.7317E-02,0.00789089582124534
 2.7333E-02,0.009753523695665463
 2.7349E-02,0.011530243940408053
 2.7366E-02,0.013136047972671896
 2.7382E-02,0.014498346998041731
 2.7398E-02,0.0155609961451295
 2.7414E-02,0.01628557507557779
 2.7431E-02,0.016650280152317506
 2.7447E-02,0.016647451074086134
 2.7463E-02,0.01628103593002804
 2.7479E-02,0.015565103798651274
 2.7496E-02,0.014523922321520952
 2.7512E-02,0.01319334749342775
 2.7528E-02,0.011622604205348008
 2.7544E-02,0.009875211406433628
 2.7561E-02,0.00802794494169566
 2.7577E-02,0.006167289696582505
 2.7593E-02,0.004383618390812884
 2.7609E-02,0.0027640755503801646
 2.7626E-02,0.0013855863300987529
 2.7642E-02,0.0003094003942846833
 2.7658E-02,-0.000421873531276823
 2.7675E-02,-0.0007845287203056398
 2.7691E-02,-0.0007718786097241006
 2.7707E-02,-0.0003913403504531996
 2.7723E-02,0.00033826901092516966
 2.7740E-02,0.0013882815972703754
 2.7756E-02,0.002720261939701967
 2.7772E-02,0.004285039765940183
 2.7788E-02,0.006021667295717565
 2.7805E-02,0.007857466080551023
 2.7821E-02,0.009710076508352487
 2.7837E-02,0.011491812126925407
 2.7853E-02,0.013115860667921017
 2.7870E-02,0.014503227844728312
 2.7886E-02,0.015589014586763168
 2.7902E-02,0.016326762325175156
 2.7918E-02,0.016690147644595397
 2.7935E-02,0.01667207073229597
 2.7951E-02,0.01628190074601741
 2.7967E-02,0.015542071784263601
 2.7983E-02,0.014485224566165664
 2.8000E-02,0.013152671875373471
 2.8016E-02,0.011594287809411588
 2.8032E-02,0.009869229710339779
 2.8049E-02,0.008046447509262608
 2.8065E-02,0.00620388256892473
 2.8081E-02,0.004425628463205898
 2.8097E-02,0.0027969914373105432
 2.8114E-02,0.0013981168369086405
 2.8130E-02,0.0002973859375192294
 2.8146E-02,-0.00045405177048144386
 2.8162E-02,-0.0008255190321911866
 2.8179E-02,-0.0008073467374563392
 2.8195E-02,-0.00040897565050574796
 2.8211E-02,0.00034447615777647816
 2.8227E-02,0.0014159766569324845
 2.8244E-02,0.002759586171982854
 2.8260E-02,0.004322101837104309
 2.8276E-02,0.006043406988637965
 2.8292E-02,0.007856209961001132
 2.8309E-02,0.009686198459753369
 2.8325E-02,0.011453577469348728
 2.8341E-02,0.013076517830868295
 2.8357E-02,0.0144763719212382
 2.8374E-02,0.015583847267182566
 2.8390E-02,0.01634490361264787
 2.8406E-02,0.016725106794287587
 2.8422E-02,0.01671155031692575
 2.8439E-02,0.016312116753779953
 2.8455E-02,0.015552571533843743
 2.8471E-02,0.014472517304590421
 2.8488E-02,0.013121410093585698
 2.8504E-02,0.011555599397704036
 2.8520E-02,0.00983679813297709
 2.8536E-02,0.008031719944928076
 2.8553E-02,0.006212082383480245
 2.8569E-02,0.0044539581518825005
 2.8585E-02,0.0028356404845270057
 2.8601E-02,0.0014337081001722907
 2.8618E-02,0.0003176472036511898
 2.8634E-02,-0.000456023782375987
 2.8650E-02,-0.0008488839610624202
 2.8666E-02,-0.0008438518094519776
 2.8683E-02,-0.0004458643398266054
 2.8699E-02,0.00032000219950292325
 2.8715E-02,0.001412302150287017
 2.8731E-02,0.0027777841316816614
 2.8748E-02,0.004355595606805296
 2.8764E-02,0.006080300019204854
 2.8780E-02,0.00788346131324234
 2.8796E-02,0.0096941815564084
 2.8813E-02,0.011439430757985446
 2.8829E-02,0.013045122487590644
 2.8845E-02,0.014438623529334395
 2.8862E-02,0.015552834268345524
 2.8878E-02,0.016331334484522123
 2.8894E-02,0.016733585822254746
 2.8910E-02,0.016738999394382944
 2.8927E-02,0.016348885388477112
 2.8943E-02,0.015585835269217361
 2.8959E-02,0.014490766802133393
 2.8975E-02,0.013118457925931684
 2.8992E-02,0.011532708264229856
 2.9008E-02,0.009802197762162457
 2.9024E-02,0.00799769549617683
 2.9040E-02,0.006190663363912556
 2.9057E-02,0.00445271889392715
 2.9073E-02,0.002855075462971394
 2.9089E-02,0.001467088085536586
 2.9105E-02,0.0003533930344066553
 2.9122E-02,-0.0004302895746440122
 2.9138E-02,-0.0008420265273325022
 2.9154E-02,-0.0008581556406589627
 2.9170E-02,-0.0004762687556344974
 2.9187E-02,0.0002841084494371646
 2.9203E-02,0.0013833630246069626
 2.9219E-02,0.002765737348318543
 2.9235E-02,0.004364425766889925
 2.9252E-02,0.006106680791004565
 2.9268E-02,0.007917951802464133
 2.9284E-02,0.009724550284894008
 2.9301E-02,0.01145494020949856
 2.9317E-02,0.013040275833304067
 2.9333E-02,0.014415067647755762
 2.9349E-02,0.015518761146425511
 2.9366E-02,0.016298599071009973
 2.9382E-02,0.016713555547921075
 2.9398E-02,0.016738590156453098
 2.9414E-02,0.016368167956244465
 2.9431E-02,0.015618041317076246
 2.9447E-02,0.014524681313935122
 2.9463E-02,0.013142350893845769
 2.9479E-02,0.011538425287313334
 2.9496E-02,0.00978798119428703
 2.9512E-02,0.007968758948437111
 2.9528E-02,0.00615733179501562
 2.9544E-02,0.004426796475421808
 2.9561E-02,0.002845717149221592
 2.9577E-02,0.0014776161808403025
 2.9593E-02,0.0003801625563415608
 2.9609E-02,-0.0003965924438575926
 2.9626E-02,-0.0008131174141091307
 2.9642E-02,-0.0008440632174048847
 2.9658E-02,-0.0004818510032824648
 2.9674E-02,0.000260833515159271
 2.9691E-02,0.001350499248306265
 2.9707E-02,0.0027346648855852917
 2.9723E-02,0.004345827244159505
 2.9740E-02,0.006106827408709378
 2.9756E-02,0.007936542254675574
 2.9772E-02,0.009754849941739481
 2.9788E-02,0.01148616354528748
 2.9805E-02,0.013061372692427672
 2.9821E-02,0.014418586673458262
 2.9837E-02,0.015503441114344053
 2.9853E-02,0.016269787782132297
 2.9870E-02,0.016681318177263687
 2.9886E-02,0.016714176983484954
 2.9902E-02,0.016360082256338743
 2.9918E-02,0.015629082794815747
 2.9935E-02,0.01455099334561172
 2.9951E-02,0.013174794689167537
 2.9967E-02,0.01156578954124876
 2.9983E-02,0.009800897510234828
 3.0000E-02,0.007962953367115035
 3.0016E-02,0.006135082352982661
 3.0032E-02,0.004396098928914239
 3.0048E-02,0.0028174626604921937
 3.0065E-02,0.0014617754540677428
 3.0081E-02,0.00038231101851507856
 3.0097E-02,-0.0003772001959612434
 3.0114E-02,-0.0007832615237980895
 3.0130E-02,-0.000814171443654554
 3.0146E-02,-0.0004623514420057236
 3.0162E-02,0.00026314474953217356
 3.0179E-02,0.0013348112602143652
 3.0195E-02,0.002706412336733806
 3.0211E-02,0.004314775414305889
 3.0227E-02,0.006083657084494121
 3.0244E-02,0.007929129660111353
 3.0260E-02,0.009765539250614044
 3.0276E-02,0.011510979306185082
 3.0292E-02,0.013091439767204222
 3.0309E-02,0.01444325395824564
 3.0325E-02,0.015514012045765184
 3.0341E-02,0.016262552431682703
 3.0357E-02,0.01665883044909622
 3.0374E-02,0.01668433773048701
 3.0390E-02,0.016333357790585593
 3.0406E-02,0.015614838663612986
 3.0422E-02,0.014554228117973085
 3.0439E-02,0.013194412619912789
 3.0455E-02,0.011595007621785579
 3.0471E-02,0.009829633871169292
 3.0488E-02,0.007981353259181673
 3.0504E-02,0.006136945967004087
 3.0520E-02,0.004381016883520838
 3.0536E-02,0.0027909225080791846
 3.0553E-02,0.001433213671811531
 3.0569E-02,0.0003618003874347514
 3.0585E-02,-0.0003824669778372423
 3.0601E-02,-0.0007714667427496401
 3.0618E-02,-0.0007894824760135535
 3.0634E-02,-0.00043344280632546693
 3.0650E-02,0.0002861333441981335
 3.0666E-02,0.001343815138191577
 3.0683E-02,0.0026982457876712157
 3.0699E-02,0.0042922258678275375
 3.0715E-02,0.0060544948162729985
 3.0731E-02,0.007903385529187758
 3.0748E-02,0.009752005281218102
 3.0764E-02,0.01151415484480958
 3.0780E-02,0.013109986704805935
 3.0796E-02,0.014470494477759784
 3.0813E-02,0.01554028742499295
 3.0829E-02,0.016278611968554933
 3.0845E-02,0.01665906263349355
 3.0861E-02,0.016668715459766018
 3.0878E-02,0.016307423475270085
 3.0894E-02,0.01558774309930782
 3.0910E-02,0.014535517189289932
 3.0927E-02,0.013190690185537812
 3.0943E-02,0.011607640527730665
 3.0959E-02,0.00985429493666186
 3.0975E-02,0.008009552089932755
 3.0992E-02,0.006159003051182554
 3.1008E-02,0.004389436368646927
 3.1024E-02,0.0027829863680369736
 3.1040E-02,0.001411898223701482
 3.1057E-02,0.0003347054982001175
 3.1073E-02,-0.0004057922819043771
 3.1089E-02,-0.0007828628201248357
 3.1105E-02,-0.0007850163719841938
 3.1122E-02,-0.0004147592437118258
 3.1138E-02,0.00031241058066044556
 3.1154E-02,0.001368414379226523
 3.1170E-02,0.0027124922612939235
 3.1187E-02,0.004291066413318276
 3.1203E-02,0.006038249665936044
 3.1219E-02,0.007877621275787488
 3.1235E-02,0.009725579786067466
 3.1252E-02,0.011496121976978446
 3.1268E-02,0.013106444377303935
 3.1284E-02,0.014482475874373527
 3.1300E-02,0.015563427558556903
 3.1317E-02,0.016304699131194346
 3.1333E-02,0.01667892531072875
 3.1349E-02,0.01667543065828198
 3.1366E-02,0.01629872421570743
 3.1382E-02,0.01556678762163437
 3.1398E-02,0.014509758863777275
 3.1414E-02,0.01316925209695962
 3.1431E-02,0.011598119067057454
 3.1447E-02,0.00986011126580585
 3.1463E-02,0.00802877294030191
 3.1479E-02,0.006185034403562002
 3.1496E-02,0.00441333808258993
 3.1512E-02,0.002796592375960206
 3.1528E-02,0.001410651160069977
 3.1544E-02,0.0003192205072580132
 3.1561E-02,-0.0004299718658990519
 3.1577E-02,-0.0008072232065824835
 3.1593E-02,-0.0008010543387097199
 3.1609E-02,-0.00041694401005436433
 3.1626E-02,0.00032472534138186065
 3.1642E-02,0.001390789187477772
 3.1658E-02,0.0027369739029806843
 3.1674E-02,0.004308978705930449
 3.1691E-02,0.006043225935283083
 3.1707E-02,0.007867820780076416
 3.1723E-02,0.009704318188727506
 3.1740E-02,0.011470701330072627
 3.1756E-02,0.01308559677619874
 3.1772E-02,0.014473317483143542
 3.1788E-02,0.015568987840131871
 3.1805E-02,0.01632288569875296
 3.1821E-02,0.01670328019359497
 3.1837E-02,0.01669740637620087
 3.1853E-02,0.016310677960440806
 3.1870E-02,0.01556464434894309
 3.1886E-02,0.01449441469090375
 3.1902E-02,0.013146234140510492
 3.1918E-02,0.011575629447969532
 3.1935E-02,0.009846146620072571
 3.1951E-02,0.008028329683369036
 3.1967E-02,0.006198374335880965
 3.1983E-02,0.0044359134765116996
 3.2000E-02,0.0028206477305924883
 3.2016E-02,0.001427934609503253
 3.2032E-02,0.00032385483325345077
 3.2048E-02,-0.0004394587275192498
 3.2065E-02,-0.0008274102699667455
 3.2081E-02,-0.000824844100169593
 3.2097E-02,-0.0004360516963993145
 3.2113E-02,0.0003168820027947947
 3.2130E-02,0.0013968071829600407
 3.2146E-02,0.002754581147364571
 3.2162E-02,0.004331851204953894
 3.2179E-02,0.006063214476547264
 3.2195E-02,0.00787780577100078
 3.2211E-02,0.009700694962083277
 3.2227E-02,0.011454630280716442
 3.2244E-02,0.01306258627012317
 3.2260E-02,0.014451290690025027
 3.2276E-02,0.015555513521868587
 3.2292E-02,0.016322542803978886
 3.2309E-02,0.016716076022687914
 3.2325E-02,0.01671879648902289
 3.2341E-02,0.016333173979893176
 3.2357E-02,0.015580440879970597
 3.2374E-02,0.014498113052041389
 3.2390E-02,0.013136711334293717
 3.2406E-02,0.011556404335821523
 3.2422E-02,0.009824123564252994
 3.2439E-02,0.008011366959129265
 3.2455E-02,0.006192532102729272
 3.2471E-02,0.004443342867719103
 3.2487E-02,0.002838853490260247
 3.2504E-02,0.0014506608568122302
 3.2520E-02,0.00034327686439702856
 3.2536E-02,-0.0004300064540842007
 3.2553E-02,-0.0008311220778030456
 3.2569E-02,-0.0008403493075921035
 3.2585E-02,-0.0004579136834211639
 3.2601E-02,0.00029625498303387823
 3.2618E-02,0.0013845106889633703
 3.2634E-02,0.0027547486888293274
 3.2650E-02,0.004344231552214424
 3.2666E-02,0.006083283457186233
 3.2683E-02,0.007898367633950664
 3.2699E-02,0.00971440942161688
 3.2715E-02,0.01145658041557952
 3.2731E-02,0.013051991010776972
 3.2748E-02,0.014431767013776426
 3.2764E-02,0.015533801782285273
 3.2780E-02,0.016306145753369295
 3.2796E-02,0.016710640124428678
 3.2813E-02,0.016726151173784204
 3.2829E-02,0.016350710952933185
 3.2845E-02,0.015602044326457173
 3.2861E-02,0.014516308615402661
 3.2878E-02,0.01314527752245977
 3.2894E-02,0.01155253241886709
 3.2910E-02,0.009809374676329894
 3.2926E-02,0.007991099190495014
 3.2943E-02,0.00617400605702288
 3.2959E-02,0.004433173773604713
 3.2975E-02,0.0028407017576994225
 3.2992E-02,0.0014639646243305552
 3.3008E-02,0.0003634625257772819
 3.3024E-02,-0.00040991673024632464
 3.3040E-02,-0.000818072482164918
 3.3057E-02,-0.000838834646400629
 3.3073E-02,-0.00046842619674595295
 3.3089E-02,0.00027737980210232327
 3.3105E-02,0.0013638017871941649
 3.3122E-02,0.0027393165062299407
 3.3138E-02,0.004339293160608936
 3.3154E-02,0.006090358329303693
 3.3170E-02,0.0079147699705302
 3.3187E-02,0.009734209029589096
 3.3203E-02,0.011472691525879694
 3.3219E-02,0.013058656027659142
 3.3235E-02,0.014426566696437037
 3.3252E-02,0.015518491548949227
 3.3268E-02,0.016286030202494167
 3.3284E-02,0.016692709667758893
 3.3300E-02,0.01671663651865641
 3.3317E-02,0.016352912120023898
 3.3333E-02,0.01561519136479047
 3.3349E-02,0.014535847209020307
 3.3366E-02,0.013164472907707656
 3.3382E-02,0.011564825084487933
 3.3398E-02,0.009810661895265064
 3.3414E-02,0.007981147000387996
 3.3431E-02,0.006156504296422588
 3.3447E-02,0.004414422821453471
 3.3463E-02,0.0028273965650504364
 3.3479E-02,0.0014608533170495895
 3.3496E-02,0.0003716959576740993
 3.3512E-02,-0.00039317330851665127
 3.3528E-02,-0.0007986368574299152
 3.3544E-02,-0.000823469984639193
 3.3561E-02,-0.0004624823370413593
 3.3577E-02,0.00027182381295172734
 3.3593E-02,0.001348649660026356
 3.3609E-02,0.0027197780869166197
 3.3626E-02,0.004322060235261048
 3.3642E-02,0.006081272424867314
 3.3658E-02,0.007916796392695685
 3.3674E-02,0.009746421949686822
 3.3691E-02,0.011490620144604653
 3.3707E-02,0.013075865925937494
 3.3723E-02,0.014436919787384582
 3.3739E-02,0.015518292926356574
 3.3756E-02,0.016275312389910323
 3.3772E-02,0.01667520885908985
 3.3788E-02,0.0166984742371322
 3.3805E-02,0.016340448214672273
 3.3821E-02,0.015612802001960253
 3.3837E-02,0.014544404391626561
 3.3853E-02,0.013181053230263081
 3.3870E-02,0.01158374335875174
 3.3886E-02,0.00982546214474294
 3.3902E-02,0.007986851243581533
 3.3918E-02,0.00615133368038186
 3.3935E-02,0.004400394312425245
 3.3951E-02,0.00280959384157762
 3.3967E-02,0.0014456335199728259
 3.3983E-02,0.0003644629051005725
 3.4000E-02,-0.00038985159928610043
 3.4016E-02,-0.0007859126763272265
 3.4032E-02,-0.0008057995158787586
 3.4048E-02,-0.00044605947180086124
 3.4065E-02,0.00028123306804858856
 3.4081E-02,0.0013477157700672988
 3.4097E-02,0.002708760951058744
 3.4113E-02,0.004304708368708895
 3.4130E-02,0.006063508089353395
 3.4146E-02,0.007904649049065827
 3.4162E-02,0.009743932780161472
 3.4179E-02,0.011498448163175573
 3.4195E-02,0.013091079159255534
 3.4211E-02,0.014454039878305467
 3.4227E-02,0.015531223642647196
 3.4244E-02,0.01627947503997577
 3.4260E-02,0.0166691377646618
 3.4276E-02,0.016684316972202143
 3.4292E-02,0.016323200404709224
 3.4309E-02,0.015598549570693156
 3.4325E-02,0.014538191870597154
 3.4341E-02,0.013185124505443744
 3.4357E-02,0.011596767381904181
 3.4374E-02,0.009843008940384517
 3.4390E-02,0.00800294566319219
 3.4406E-02,0.006160539362995848
 3.4422E-02,0.004399698676534551
 3.4439E-02,0.0027994386362961646
 3.4455E-02,0.0014297369959543923
 3.4471E-02,0.0003485024516750265
 3.4487E-02,-0.00040023134071512237
 3.4504E-02,-0.000787069167647334
 3.4520E-02,-0.0007973537165130831
 3.4536E-02,-0.00043101364049002246
 3.4552E-02,0.00029755687276245756
 3.4569E-02,0.001359541765974641
 3.4585E-02,0.0027118771840535273
 3.4601E-02,0.004297932472759955
 3.4618E-02,0.006049092646879977
 3.4634E-02,0.007887488990154597
 3.4650E-02,0.009729855113214994
 3.4666E-02,0.011492183353913863
 3.4683E-02,0.013094622649741365
 3.4699E-02,0.014465973862761765
 3.4715E-02,0.015547232106284156
 3.4731E-02,0.01629386749271519
 3.4748E-02,0.016676845337008844
 3.4764E-02,0.016682661523152287
 3.4780E-02,0.01631281949522529
 3.4796E-02,0.015583157907529331
 3.4813E-02,0.014523267990954736
 3.4829E-02,0.013175986663417332
 3.4845E-02,0.011596713672537201
 3.4861E-02,0.009852170715096266
 3.4878E-02,0.008018250736633701
 3.4894E-02,0.006176792057609574
 3.4910E-02,0.004411394269353553
 3.4926E-02,0.002802676100015354
 3.4943E-02,0.0014235634780121733
 3.4959E-02,0.00033522470718804387
 3.4975E-02,-0.00041587116442626986
 3.4992E-02,-0.000799560359947137
 3.5008E-02,-0.0008023419438619446
 3.5024E-02,-0.0004268127686783783
 3.5040E-02,0.000309390318905169
 3.5057E-02,0.0013747672543597677
 3.5073E-02,0.002725062571760313
 3.5089E-02,0.00430435656408382
 3.5105E-02,0.006046393440225351
 3.5122E-02,0.00787648400328214
 3.5138E-02,0.009714250546170904
 3.5154E-02,0.011477277125565741
 3.5170E-02,0.013085456967687967
 3.5187E-02,0.014465583683831657
 3.5203E-02,0.015555600319158949
 3.5219E-02,0.016307948787027758
 3.5235E-02,0.016691646067261503
 3.5252E-02,0.0166929939043792
 3.5268E-02,0.016315114352654668
 3.5284E-02,0.015576702439465866
 3.5300E-02,0.014510438920090615
 3.5317E-02,0.013161402335605935
 3.5333E-02,0.011585606755197137
 3.5349E-02,0.009848553760076815
 3.5365E-02,0.008023516040585278
 3.5382E-02,0.00618923208420775
 3.5398E-02,0.004426805047874218
 3.5414E-02,0.002815827599532487
 3.5431E-02,0.001430020222947415
 3.5447E-02,0.0003328809861587903
 3.5463E-02,-0.00042607416376061783
 3.5479E-02,-0.0008139805926246118
 3.5496E-02,-0.0008159197583511688
 3.5512E-02,-0.00043484015366538763
 3.5528E-02,0.0003096324871873264
 3.5544E-02,0.0013830731823818248
 3.5561E-02,0.0027383895202056237
 3.5577E-02,0.004317901898775511
 3.5593E-02,0.006055281575532433
 3.5609E-02,0.007877472916513558
 3.5626E-02,0.009706862661994097
 3.5642E-02,0.011463961952476323
 3.5658E-02,0.013070731842410657
 3.5674E-02,0.014454455792539482
 3.5691E-02,0.015551823166924628
 3.5707E-02,0.016312722313749216
 3.5723E-02,0.016703212502462667
 3.5739E-02,0.016707266757857085
 3.5756E-02,0.016327116321850455
 3.5772E-02,0.015582306285092475
 3.5788E-02,0.014507801851215588
 3.5805E-02,0.01315159456758768
 3.5821E-02,0.011572219020348665
 3.5837E-02,0.009836426307104122
 3.5853E-02,0.008017037554733946
 3.5870E-02,0.006190804472671301
 3.5886E-02,0.004436008727889953
 3.5902E-02,0.002829574615199823
 3.5918E-02,0.0014436366821692723
 3.5935E-02,0.00034173705097685506
 3.5951E-02,-0.0004249568949971934
 3.5967E-02,-0.0008209034459455218
 3.5983E-02,-0.0008284169091490727
 3.6000E-02,-0.000448550808531339
 3.6016E-02,0.0002994376757396434
 3.6032E-02,0.001379845583842243
 3.6048E-02,0.0027431094552403624
 3.6065E-02,0.004328752472874636
 3.6081E-02,0.00606829946641815
 3.6097E-02,0.007887945460277233
 3.6113E-02,0.009710981256184779
 3.6130E-02,0.011460153990493242
 3.6146E-02,0.013060207352583102
 3.6162E-02,0.014440780493582068
 3.6178E-02,0.015539670210391736
 3.6195E-02,0.01630624139449916
 3.6211E-02,0.016704587227357726
 3.6227E-02,0.01671596330086386
 3.6244E-02,0.016340082819750898
 3.6260E-02,0.015595049054787397
 3.6276E-02,0.014515958450011007
 3.6292E-02,0.013152452009961716
 3.6309E-02,0.011565647515434235
 3.6325E-02,0.009824905883736624
 3.6341E-02,0.00800477341134371
 3.6357E-02,0.006182244871570346
 3.6374E-02,0.004434285771956695
 3.6390E-02,0.0028354120502213833
 3.6406E-02,0.0014551029441929062
 3.6422E-02,0.0003549252218142515
 3.6439E-02,-0.0004145636781400674
 3.6455E-02,-0.000816859760707635
 3.6471E-02,-0.000832084041396252
 3.6487E-02,-0.0004586335813064215
 3.6504E-02,0.000286428665994069
 3.6520E-02,0.001368371267361159
 3.6536E-02,0.0027370478583983787
 3.6552E-02,0.004330054977053163
 3.6569E-02,0.0060763247697048555
 3.6585E-02,0.007899700540104578
 3.6601E-02,0.009722181767753022
 3.6618E-02,0.011466731096642606
 3.6634E-02,0.01305973342543624
 3.6650E-02,0.014433316123268324
 3.6666E-02,0.015527738639458968
 3.6683E-02,0.016293942297908915
 3.6699E-02,0.016696162479178416
 3.6715E-02,0.016714317786164487
 3.6731E-02,0.016345777129357288
 3.6748E-02,0.01560611382505256
 3.6764E-02,0.014528591406422642
 3.6780E-02,0.013162350082428595
 3.6796E-02,0.011569505865173588
 3.6813E-02,0.00982155996873872
 3.6829E-02,0.00799558779185351
 3.6845E-02,0.006170617569386807
 3.6861E-02,0.004424446193734834
 3.6878E-02,0.002830935644535051
 3.6894E-02,0.001457661923880306
 3.6910E-02,0.00036370941862206977
 3.6926E-02,-0.0004025575350812403
 3.6943E-02,-0.0008057753636288016
 3.6959E-02,-0.0008257594794851903
 3.6975E-02,-0.0004592669953149211
 3.6991E-02,0.00027903795676324203
 3.7008E-02,0.0013567445753570413
 3.7024E-02,0.002725142529660299
 3.7040E-02,0.0043218844768932365
 3.7057E-02,0.006074565774785831
 3.7073E-02,0.007904772164716068
 3.7089E-02,0.00973211588818438
 3.7105E-02,0.01147787587311298
 3.7122E-02,0.013068041329429087
 3.7138E-02,0.014435764575018514
 3.7154E-02,0.015523386541582425
 3.7170E-02,0.016284254632264194
 3.7187E-02,0.016684492216317952
 3.7203E-02,0.01670472932902452
 3.7219E-02,0.016341624995192337
 3.7235E-02,0.015608874133651463
 3.7252E-02,0.014537353194588844
 3.7268E-02,0.013174140988758003
 3.7284E-02,0.011580334410851508
 3.7300E-02,0.009827807100101803
 3.7317E-02,0.007995260539301483
 3.7333E-02,0.006164028627850128
 3.7349E-02,0.004414085999553833
 3.7365E-02,0.002820586346013881
 3.7382E-02,0.0014510664232294736
 3.7398E-02,0.000363261720732355
 3.7414E-02,-0.000396644563178759
 3.7431E-02,-0.0007955374203605003
 3.7447E-02,-0.0008147636851234839
 3.7463E-02,-0.00045136346117265186
 3.7479E-02,0.0002810589479877584
 3.7496E-02,0.0013521219753091938
 3.7512E-02,0.002715404546889396
 3.7528E-02,0.004310311375958418
 3.7544E-02,0.006065045414148324
 3.7561E-02,0.007900449030112947
 3.7577E-02,0.009734304980810175
 3.7593E-02,0.011485618945687105
 3.7609E-02,0.013078457694366094
 3.7626E-02,0.014445070918173195
 3.7642E-02,0.01552822700356036
 3.7658E-02,0.016282875279655083
 3.7674E-02,0.01667735008706396
 3.7691E-02,0.01669432543087446
 3.7707E-02,0.016331622784577397
 3.7723E-02,0.01560281455401267
 3.7739E-02,0.014537417015014962
 3.7756E-02,0.013180390547693595
 3.7772E-02,0.01159069724796429
 3.7788E-02,0.009838803524661023
 3.7804E-02,0.008003217534988168
 3.7821E-02,0.006166354335927879
 3.7837E-02,0.004410160428958659
 3.7853E-02,0.002811960364413308
 3.7870E-02,0.0014409038623482712
 3.7886E-02,0.00035522332279542103
 3.7902E-02,-0.00039968354792052705
 3.7918E-02,-0.0007924885300566674
 3.7935E-02,-0.0008066982213586584
 3.7951E-02,-0.0004411303013965437
 3.7967E-02,0.0002898342152836898
 3.7983E-02,0.001356305468180738
 3.8000E-02,0.0027134472875633515
 3.8016E-02,0.0043027871721007084
 3.8032E-02,0.006054448004932226
 3.8048E-02,0.007890321664382317
 3.8065E-02,0.009728007938852326
 3.8081E-02,0.011485165751236088
 3.8097E-02,0.013083825446615134
 3.8113E-02,0.014454223432498471
 3.8130E-02,0.015537839807852758
 3.8146E-02,0.016289506417456457
 3.8162E-02,0.016678645854885658
 3.8178E-02,0.01668983956237884
 3.8195E-02,0.016322964450868834
 3.8211E-02,0.015593076427728957
 3.8227E-02,0.014530086551870451
 3.8244E-02,0.013178127307420082
 3.8260E-02,0.011594403985149083
 3.8276E-02,0.009847313956758247
 3.8292E-02,0.008013706678962762
 3.8309E-02,0.006175324628643222
 3.8325E-02,0.004414656949248459
 3.8341E-02,0.0028105907004118092
 3.8357E-02,0.0014343087416183364
 3.8374E-02,0.00034583742137356374
 3.8390E-02,-0.00040849326589116033
 3.8406E-02,-0.0007976035533844996
 3.8422E-02,-0.0008063356176800495
 3.8439E-02,-0.0004354582629852377
 3.8455E-02,0.000298764462174065
 3.8471E-02,0.001365284624332475
 3.8487E-02,0.0027192345685570964
 3.8504E-02,0.004303244467622059
 3.8520E-02,0.006049286331805787
 3.8536E-02,0.007881201006670101
 3.8552E-02,0.009717957711584357
 3.8569E-02,0.01147753006719208
 3.8585E-02,0.013081102480982803
 3.8601E-02,0.014457203990269498
 3.8617E-02,0.015545344447975541
 3.8634E-02,0.016298810439694267
 3.8650E-02,0.016686440831463863
 3.8666E-02,0.016693393196782626
 3.8683E-02,0.016321072637747118
 3.8699E-02,0.015586475821627048
 3.8715E-02,0.014521186082190442
 3.8731E-02,0.013170155808700328
 3.8748E-02,0.01159027464839507
 3.8764E-02,0.009848603642676791
 3.8780E-02,0.008020105869830286
 3.8796E-02,0.00618474758223887
 3.8813E-02,0.0044239703035924855
 3.8829E-02,0.0028167034850947736
 3.8845E-02,0.001435242381030462
 3.8861E-02,0.00034140351335945683
 3.8878E-02,-0.000416640984942861
 3.8894E-02,-0.0008065576495029982
 3.8910E-02,-0.0008129556177722071
 3.8926E-02,-0.0004374661455942197
 3.8943E-02,0.0003019955627759489
 3.8959E-02,0.0013725216111232803
 3.8975E-02,0.0027278256093183836
 3.8991E-02,0.004310053838608156
 3.9008E-02,0.006051795141295327
 3.9024E-02,0.007878389391855435
 3.9040E-02,0.009710661497940438
 3.9057E-02,0.011468149068230201
 3.9073E-02,0.013072764159214222
 3.9089E-02,0.014452675961946087
 3.9105E-02,0.015546076090666562
 3.9122E-02,0.016304437533573895
 3.9138E-02,0.016694924244979523
 3.9154E-02,0.016701740444588647
 3.9170E-02,0.016326387666957667
 3.9187E-02,0.015586968806506984
 3.9203E-02,0.014516790730566049
 3.9219E-02,0.013162540605290483
 3.9235E-02,0.01158224733055759
 3.9252E-02,0.009843120148057098
 3.9268E-02,0.008019231925832877
 3.9284E-02,0.006188935666057597
 3.9300E-02,0.004431902621787669
 3.9317E-02,0.0028257528650477252
 3.9333E-02,0.0014423873993412374
 3.9349E-02,0.0003442769718298949
 3.9365E-02,-0.00041893571178444134
 3.9382E-02,-0.0008131451022369775
 3.9398E-02,-0.0008215037347694029
 3.9414E-02,-0.0004450058532260199
 3.9431E-02,0.0002980342490173543
 3.9447E-02,0.0013734185064690082
 3.9463E-02,0.0027331337810561534
 3.9479E-02,0.004317767553051752
 3.9496E-02,0.006059061289507281
 3.9512E-02,0.007882512224980237
 3.9528E-02,0.009710049095320854
 3.9544E-02,0.011462871386737126
 3.9561E-02,0.013064529037793012
 3.9577E-02,0.014444233206760393
 3.9593E-02,0.015540259447047369
 3.9609E-02,0.016303180173611508
 3.9626E-02,0.01669859152340671
 3.9642E-02,0.016709011565255234
 3.9658E-02,0.016334725173527413
 3.9674E-02,0.015593509238436052
 3.9691E-02,0.014519343409914284
 3.9707E-02,0.013160345317555373
 3.9723E-02,0.011576227739184588
 3.9739E-02,0.009835547340603337
 3.9756E-02,0.008012918906850394
 3.9772E-02,0.006186246597318396
 3.9788E-02,0.004433923567418481
 3.9804E-02,0.0028319124620558465
 3.9821E-02,0.001450657421341086
 3.9837E-02,0.00035188005430932976
 3.9853E-02,-0.0004145600449533411
 3.9870E-02,-0.0008134534892639703
 3.9886E-02,-0.0008263492096361857
 3.9902E-02,-0.00045269718988874677
 3.9918E-02,0.0002901373703431131
 3.9935E-02,0.001367983993754648
 3.9951E-02,0.0027319313440494846
 3.9967E-02,0.0043210608480240605
 3.9983E-02,0.006065528275706985
 4.0000E-02,0.007889719259790429
 4.0016E-02,0.009715311215286232
 4.0032E-02,0.011464197096159657
 4.0048E-02,0.013061319395007919
 4.0065E-02,0.014437491800370525
 4.0081E-02,0.015532241437524547
 4.0097E-02,0.01629660478285263
 4.0113E-02,0.016695694500064414
 4.0130E-02,0.01671076910635539
 4.0146E-02,0.016340519595716866
 4.0162E-02,0.015601351195311405
 4.0178E-02,0.01452657047526059
 4.0195E-02,0.013164550744347952
 4.0211E-02,0.011576094116571005
 4.0227E-02,0.009831294883769695
 4.0243E-02,0.008006214294673708
 4.0260E-02,0.006179607398607598
 4.0276E-02,0.004429829002145782
 4.0292E-02,0.0028319323521374673
 4.0309E-02,0.0014549029928526613
 4.0325E-02,0.0003589663818753192
 4.0341E-02,-0.0004070293655950611
 4.0357E-02,-0.0008080506585545211
 4.0374E-02,-0.0008249279782905428
 4.0390E-02,-0.0004557514239651408
 4.0406E-02,0.00028364030780828314
 4.0422E-02,0.0013602391299931496
 4.0439E-02,0.002725530143048953
 4.0455E-02,0.004318091572469418
 4.0471E-02,0.006066856313559866
 4.0487E-02,0.007894697246797564
 4.0504E-02,0.009722018151338909
 4.0520E-02,0.011470120879573555
 4.0536E-02,0.013064242782810055
 4.0552E-02,0.014436271572766893
 4.0569E-02,0.015527208856485184
 4.0585E-02,0.016289448660306932
 4.0601E-02,0.016688869504028463
 4.0617E-02,0.016706637752272765
 4.0634E-02,0.016340528688776782
 4.0650E-02,0.015605530234383921
 4.0666E-02,0.014533525760385014
 4.0683E-02,0.013171954933039449
 4.0699E-02,0.011581497953927104
 4.0715E-02,0.009832976309501727
 4.0731E-02,0.008003768721245606
 4.0748E-02,0.0061740749965545055
 4.0764E-02,0.004423317497257122
 4.0780E-02,0.0028268699178862246
 4.0796E-02,0.001453183871603641
 4.0813E-02,0.0003612876553936396
 4.0829E-02,-0.00040140971740559915
 4.0845E-02,-0.000801052184644752
 4.0861E-02,-0.0008189760878857416
 4.0878E-02,-0.0004529312553586199
 4.0894E-02,0.0002823092491511325
 4.0910E-02,0.0013551556152437791
 4.0926E-02,0.0027183698665021803
 4.0943E-02,0.00431122284700868
 4.0959E-02,0.0060625178208482
 4.0975E-02,0.007894224962789255
 4.0991E-02,0.00972539044776217
 4.1008E-02,0.011475978988531213
 4.1024E-02,0.013070377486495328
 4.1040E-02,0.014440404299210875
 4.1056E-02,0.015527793140957773
 4.1073E-02,0.01628621177029994
 4.1089E-02,0.01668290584734018
 4.1105E-02,0.016700023091025844
 4.1122E-02,0.016335591858875096
 4.1138E-02,0.015604038268687618
 4.1154E-02,0.014536067485417869
 4.1170E-02,0.013177737442856772
 4.1187E-02,0.011588625094077203
 4.1203E-02,0.009839109661838314
 4.1219E-02,0.00800693866551822
 4.1235E-02,0.0061733584387689625
 4.1252E-02,0.004419147038311497
 4.1268E-02,0.002820869093377065
 4.1284E-02,0.0014475888040530983
 4.1300E-02,0.00035815908909181534
 4.1317E-02,-0.0004009082814446912
 4.1333E-02,-0.0007970591205843718
 4.1349E-02,-0.0008128796650005238
 4.1365E-02,-0.000446881255046264
 4.1382E-02,0.00028615436296216043
 4.1398E-02,0.0013553827504691755
 4.1414E-02,0.002714803989121754
 4.1430E-02,0.004304987641972011
 4.1447E-02,0.006055644648501331
 4.1463E-02,0.007888947777087046
 4.1479E-02,0.009723373283530273
 4.1496E-02,0.011477745326660013
 4.1512E-02,0.013075139532097026
 4.1528E-02,0.014446350017370022
 4.1544E-02,0.015532728893888289
 4.1561E-02,0.01628833456164306
 4.1577E-02,0.016681434734206586
 4.1593E-02,0.016695469609691867
 4.1609E-02,0.01632957642441269
 4.1626E-02,0.015598718667892777
 4.1642E-02,0.014533380924175377
 4.1658E-02,0.01317872185347541
 4.1674E-02,0.011593056424900074
 4.1691E-02,0.009845580311983862
 4.1707E-02,0.008013347586941444
 4.1723E-02,0.00617764000445575
 4.1739E-02,0.004419983554821667
 4.1756E-02,0.002818139062575688
 4.1772E-02,0.0014423965586788405
 4.1788E-02,0.0003524380735954245
 4.1804E-02,-0.0004050779137765556
 4.1821E-02,-0.0007981793583077757
 4.1837E-02,-0.0008105558843182658
 4.1853E-02,-0.0004419553760274389
 4.1869E-02,0.00029190337808860924
 4.1886E-02,0.0013598648639656153
 4.1902E-02,0.0027163511362979197
 4.1918E-02,0.004302938024992153
 4.1935E-02,0.006050575121252023
 4.1951E-02,0.007882474396397443
 4.1967E-02,0.00971759081043217
 4.1983E-02,0.011474502092730448
 4.2000E-02,0.013075400892761593
 4.2016E-02,0.014449871908121494
 4.2032E-02,0.015538154035936941
 4.2048E-02,0.016293675886189424
 4.2065E-02,0.016684775463091286
 4.2081E-02,0.016695634402394067
 4.2097E-02,0.01632653915631334
 4.2113E-02,0.01559360552681282
 4.2130E-02,0.014528069658893944
 4.2146E-02,0.013175179188290519
 4.2162E-02,0.01159264645967277
 4.2178E-02,0.00984858566737686
 4.2195E-02,0.008018869491401265
 4.2211E-02,0.006183910387958461
 4.2227E-02,0.004424978369883154
 4.2243E-02,0.0028202777340897963
 4.2260E-02,0.0014410837362076048
 4.2276E-02,0.00034826018514290836
 4.2292E-02,-0.0004105676152477742
 4.2309E-02,-0.0008030100650242673
 4.2325E-02,-0.0008130298104149853
 4.2341E-02,-0.00044123853427861147
 4.2357E-02,0.0002954953637656765
 4.2374E-02,0.0013649839992361786
 4.2390E-02,0.002721094734322419
 4.2406E-02,0.004305518880453979
 4.2422E-02,0.006049949795144645
 4.2439E-02,0.007878710591095574
 4.2455E-02,0.009711846426338187
 4.2471E-02,0.011468624330233317
 4.2487E-02,0.013071286268781021
 4.2504E-02,0.014448811063318502
 4.2520E-02,0.01554038982230407
 4.2536E-02,0.016298327996230853
 4.2552E-02,0.016690156291809446
 4.2569E-02,0.016699844060826103
 4.2585E-02,0.016328130490006913
 4.2601E-02,0.015592086481067906
 4.2617E-02,0.014524068306752659
 4.2634E-02,0.01317021552551361
 4.2650E-02,0.011588592787801846
 4.2666E-02,0.009847005749886686
 4.2682E-02,0.008020467969005619
 4.2699E-02,0.006188284175140277
 4.2715E-02,0.004430755346180402
 4.2731E-02,0.002825592560950675
 4.2748E-02,0.0014442234845971308
 4.2764E-02,0.00034825430033598296
 4.2780E-02,-0.00041361784196567927
 4.2796E-02,-0.0008079756127251988
 4.2813E-02,-0.0008181542247715856
 4.2829E-02,-0.0004447532691921759
 4.2845E-02,0.00029475573488825415
 4.2861E-02,0.001367180787989294
 4.2878E-02,0.002725336942570266
 4.2894E-02,0.004310183004009124
 4.2910E-02,0.00605325459890746
 4.2926E-02,0.007879345374766403
 4.2943E-02,0.009709433297763914
 4.2959E-02,0.011463853560018885
 4.2975E-02,0.013065678338275585
 4.2991E-02,0.014444189456531097
 4.3008E-02,0.015538249361609994
 4.3024E-02,0.016299319426949517
 4.3040E-02,0.016693866472352402
 4.3056E-02,0.01670494718732628
 4.3073E-02,0.01633285585375098
 4.3089E-02,0.015594837912878221
 4.3105E-02,0.014523978264052785
 4.3122E-02,0.01316744073241046
 4.3138E-02,0.011584249672024262
 4.3154E-02,0.009842770305765039
 4.3170E-02,0.008017981717580006
 4.3187E-02,0.006188574762979359
 4.3203E-02,0.004433874018129773
 4.3219E-02,0.002830593962854302
 4.3235E-02,0.0014494932487215527
 4.3252E-02,0.0003520687202379928
 4.3268E-02,-0.00041249588208197216
 4.3284E-02,-0.0008098718491342609
 4.3300E-02,-0.0008223761677267859
 4.3317E-02,-0.0004498368314078585
 4.3333E-02,0.0002905336415828574
 4.3349E-02,0.001365203238136315
 4.3365E-02,0.0027261703506222326
 4.3382E-02,0.004313388158245266
 4.3398E-02,0.0060575498683251095
 4.3414E-02,0.007883063651540314
 4.3430E-02,0.009711112041613951
 4.3447E-02,0.011462751401028879
 4.3463E-02,0.013062037958239434
 4.3479E-02,0.01443915559499874
 4.3495E-02,0.015533471524855442
 4.3512E-02,0.016296378946880186
 4.3528E-02,0.016693728492292614
 4.3544E-02,0.016707628746848027
 4.3561E-02,0.016337425010074163
 4.3577E-02,0.015599742699875567
 4.3593E-02,0.014527589080115389
 4.3609E-02,0.013168615796083628
 4.3626E-02,0.011582726161206227
 4.3642E-02,0.00983924578265927
 4.3658E-02,0.008013859349788202
 4.3674E-02,0.006185463334208005
 4.3691E-02,0.004433018716124659
 4.3707E-02,0.002832437022234891
 4.3723E-02,0.001453517103105329
 4.3739E-02,0.0003569750328770518
 4.3756E-02,-0.00040833518222494576
 4.3772E-02,-0.0008078497241866013
 4.3788E-02,-0.0008231688079275101
 4.3804E-02,-0.00045317228033480886
 4.3821E-02,0.0002857772559097114
 4.3837E-02,0.0013606054842608439
 4.3853E-02,0.002723219962003618
 4.3869E-02,0.004312969652904407
 4.3886E-02,0.006059643782077883
 4.3902E-02,0.00788676377932246
 4.3918E-02,0.009714952237449993
 4.3935E-02,0.01146522656295796
 4.3951E-02,0.013062136444327872
 4.3967E-02,0.014436716912039104
 4.3983E-02,0.015529244760868862
 4.4000E-02,0.016291762398904005
 4.4016E-02,0.01669028244858673
 4.4032E-02,0.016706532374359245
 4.4048E-02,0.016339067216256987
 4.4065E-02,0.015603589265723921
 4.4081E-02,0.014532371220855865
 4.4097E-02,0.01317277283178937
 4.4113E-02,0.011584946613672147
 4.4130E-02,0.00983891773365762
 4.4146E-02,0.008011273670555779
 4.4162E-02,0.006181700550155205
 4.4178E-02,0.004429561017127154
 4.4195E-02,0.0028306424839896023
 4.4211E-02,0.0014541403638516697
 4.4227E-02,0.0003599013910265546
 4.4243E-02,-0.0004040505602942653
 4.4260E-02,-0.0008036525124670648
 4.4276E-02,-0.0008205020499328935
 4.4292E-02,-0.0004529746902308438
 4.4309E-02,0.0002833966725527458
 4.4325E-02,0.0013564039962958266
 4.4341E-02,0.0027185572578084676
 4.4357E-02,0.004309336485780414
 4.4374E-02,0.006058147874625335
 4.4390E-02,0.00788775201225971
 4.4406E-02,0.009717900030528954
 4.4422E-02,0.011468931759409667
 4.4439E-02,0.01306514866520509
 4.4455E-02,0.014437851391640293
 4.4471E-02,0.015528000684602106
 4.4487E-02,0.016288499758570326
 4.4504E-02,0.016686096365065073
 4.4520E-02,0.016702869851488198
 4.4536E-02,0.01633722120008675
 4.4552E-02,0.015604247261493004
 4.4569E-02,0.014535375913260696
 4.4585E-02,0.01317717737536585
 4.4601E-02,0.011589343957635476
 4.4617E-02,0.009841927814002477
 4.4634E-02,0.008012017891632271
 4.4650E-02,0.006180098429147342
 4.4666E-02,0.004426346870322599
 4.4682E-02,0.0028270982205962584
 4.4699E-02,0.0014516393634717683
 4.4715E-02,0.0003594236402109745
 4.4731E-02,-0.00040226285048987614
 4.4748E-02,-0.0008001794551044149
 4.4764E-02,-0.0008165425238998367
 4.4780E-02,-0.00044992681269666524
 4.4796E-02,0.0002844240760805393
 4.4813E-02,0.0013549785580248433
 4.4829E-02,0.002715074425563097
 4.4845E-02,0.004304883159961324
 4.4861E-02,0.006054126712804347
 4.4878E-02,0.007885397932342806
 4.4894E-02,0.00971785753901764
 4.4910E-02,0.011471039964822833
 4.4926E-02,0.013068507920983232
 4.4943E-02,0.014441146996080272
 4.4959E-02,0.015529969409653326
 4.4975E-02,0.01628837550460868
 4.4991E-02,0.016683879153767983
 4.5008E-02,0.016699324746340158
 4.5024E-02,0.01633360857600202
 4.5040E-02,0.015601879807558708
 4.5056E-02,0.014535157943949262
 4.5073E-02,0.013179287521725133
 4.5089E-02,0.011593171459987237
 4.5105E-02,0.00984628354009609
 4.5121E-02,0.008015545235471044
 4.5138E-02,0.006181739974763942
 4.5154E-02,0.004425704128776931
 4.5170E-02,0.0028245599902313847
 4.5187E-02,0.0014482355971760581
 4.5203E-02,0.0003564575112388181
 4.5219E-02,-0.0004036751332820535
 4.5235E-02,-0.0007995002051836797
 4.5252E-02,-0.0008139994216917895
 4.5268E-02,-0.00044643090943745557
 4.5284E-02,0.0002875994442358369
 4.5300E-02,0.0013566451005787448
 4.5317E-02,0.002714546121981478
 4.5333E-02,0.004302218062696098
 4.5349E-02,0.006050109568211703
 4.5365E-02,0.007881270375637382
 4.5382E-02,0.009714890524157008
 4.5398E-02,0.01147009777127292
 4.5414E-02,0.013069755541907998
 4.5430E-02,0.014444002200912763
 4.5447E-02,0.015533315036835693
 4.5463E-02,0.016290956621942587
 4.5479E-02,0.016684745438513025
 4.5495E-02,0.016698163209282503
 4.5512E-02,0.016330850760744912
 4.5528E-02,0.015598546984316838
 4.5544E-02,0.014532499621855894
 4.5561E-02,0.0131783406242832
 4.5577E-02,0.011594394634898692
 4.5593E-02,0.009849394063833328
 4.5609E-02,0.008019614589680542
 4.5626E-02,0.00618551363486648
 4.5642E-02,0.0044280331442634255
 4.5658E-02,0.0028247936508275237
 4.5674E-02,0.001446438925532069
 4.5691E-02,0.00035337909830650055
 4.5707E-02,-0.0004068721461227429
 4.5723E-02,-0.0008016489022118353
 4.5739E-02,-0.0008143378085961912
 4.5756E-02,-0.00044486621230393597
 4.5772E-02,0.0002904622174823868
 4.5788E-02,0.0013597191978067407
 4.5804E-02,0.0027166473459728103
 4.5821E-02,0.0043024826805428355
 4.5837E-02,0.006048299924723688
 4.5853E-02,0.007877861880811358
 4.5869E-02,0.00971091018724544
 4.5886E-02,0.01146677115098822
 4.5902E-02,0.01306808562704576
 4.5918E-02,0.014444427111532094
 4.5934E-02,0.015535563463662628
 4.5951E-02,0.016294150487612798
 4.5967E-02,0.016687712751647786
 4.5983E-02,0.016699850813835296
 4.6000E-02,0.016330692267008385
 4.6016E-02,0.015596657516009714
 4.6032E-02,0.014529630192998128
 4.6048E-02,0.013175609343996551
 4.6065E-02,0.011592889874290305
 4.6081E-02,0.009849788975897973
 4.6097E-02,0.008021927678894565
 4.6113E-02,0.006189098377718091
 4.6130E-02,0.004431799323504661
 4.6146E-02,0.002827582299720106
 4.6162E-02,0.0014474197273386758
 4.6178E-02,0.0003523320209813706
 4.6195E-02,-0.00040948814358757635
 4.6211E-02,-0.0008048626726126073
 4.6227E-02,-0.0008170089222119626
 4.6243E-02,-0.0004460836775100265
 4.6260E-02,0.00029106446989025524
 4.6276E-02,0.0013618394659446341
 4.6292E-02,0.002719427794712735
 4.6308E-02,0.0043048154871605
 4.6325E-02,0.006049220332552369
 4.6341E-02,0.007876890623341968
 4.6357E-02,0.00970822581154373
 4.6374E-02,0.011463152436832172
 4.6390E-02,0.013064644676846723
 4.6406E-02,0.014442226685606404
 4.6422E-02,0.01553525227388429
 4.6439E-02,0.016295743477278843
 4.6455E-02,0.016690592327876085
 4.6471E-02,0.01670298754788508
 4.6487E-02,0.01633300693247438
 4.6504E-02,0.01559739732983687
 4.6520E-02,0.014528627805424948
 4.6536E-02,0.013173334796856092
 4.6552E-02,0.011590278590944785
 4.6569E-02,0.009847907203107525
 4.6585E-02,0.0080215932424028
 4.6601E-02,0.006190589560908924
 4.6617E-02,0.004434753191174734
 4.6634E-02,0.0028311171684512805
 4.6650E-02,0.0014504381897660703
 4.6666E-02,0.0003538983021205717
 4.6682E-02,-0.00040982800992536857
 4.6699E-02,-0.0008069287721695409
 4.6715E-02,-0.0008200554012452934
 4.6731E-02,-0.00044906188066765913
 4.6747E-02,0.00028914018085566634
 4.6764E-02,0.0013615509551167543
 4.6780E-02,0.0027207558707749977
 4.6796E-02,0.004307154050800593
 4.6813E-02,0.006051595992798167
 4.6829E-02,0.007878310235708674
 4.6845E-02,0.009708030039133248
 4.6861E-02,0.011461251706434823
 4.6878E-02,0.013061555309296938
 4.6894E-02,0.014438894986291041
 4.6910E-02,0.015532728466387914
 4.6926E-02,0.01629481964107066
 4.6943E-02,0.016691530722722888
 4.6959E-02,0.016705433701080335
 4.6975E-02,0.016336116968679145
 4.6991E-02,0.015600134075848357
 4.7008E-02,0.014530121487300894
 4.7024E-02,0.013173182144934037
 4.7040E-02,0.011588676391055375
 4.7056E-02,0.009845574757327846
 4.7073E-02,0.008019512184478035
 4.7089E-02,0.006189653064918079
 4.7105E-02,0.004435447688841123
 4.7121E-02,0.0028333476377912733
 4.7138E-02,0.0014535573987661727
 4.7154E-02,0.00035692900087225363
 4.7170E-02,-0.00040785607913919504
 4.7187E-02,-0.0008066447321671368
 4.7203E-02,-0.0008215320731718069
 4.7219E-02,-0.00045179378837851175
 4.7235E-02,0.00028605891573544386
 4.7252E-02,0.001359111596098473
 4.7268E-02,0.0027196930662670904
 4.7284E-02,0.004307695880859684
 4.7300E-02,0.006053392551978815
 4.7317E-02,0.007880564711256106
 4.7333E-02,0.009709785568000876
 4.7349E-02,0.011461733112205413
 4.7365E-02,0.013060445987842098
 4.7382E-02,0.014436452227989843
 4.7398E-02,0.015529697247331706
 4.7414E-02,0.016292175478183204
 4.7430E-02,0.016690141852627866
 4.7447E-02,0.01670576075582738
 4.7463E-02,0.016338054805629772
 4.7479E-02,0.015603050349815909
 4.7495E-02,0.014533077607776763
 4.7512E-02,0.01317525866281475
 4.7528E-02,0.011589288837543663
 4.7544E-02,0.009844669957835058
 4.7560E-02,0.0080175774506217
 4.7577E-02,0.006187536375282949
 4.7593E-02,0.004434052911688334
 4.7609E-02,0.0028333120280008423
 4.7626E-02,0.001455024133068303
 4.7642E-02,0.000359493741042341
 4.7658E-02,-0.00040500666390229064
 4.7674E-02,-0.0008044514858871985
 4.7691E-02,-0.0008207374363552664
 4.7707E-02,-0.0004526849750377355
 4.7723E-02,0.0002837486300702425
 4.7739E-02,0.0013561097893612984
 4.7756E-02,0.0027169364023466743
 4.7772E-02,0.004306007801353723
 4.7788E-02,0.0060532027447182685
 4.7804E-02,0.007881767685448364
 4.7821E-02,0.009711786835347215
 4.7837E-02,0.011463665888989566
 4.7853E-02,0.013061481897320149
 4.7869E-02,0.014436096924746903
 4.7886E-02,0.015527967522698086
 4.7902E-02,0.016289596184416555
 4.7918E-02,0.016687564202642485
 4.7934E-02,0.01670406603108905
 4.7951E-02,0.016337847364622182
 4.7967E-02,0.015604447192407202
 4.7983E-02,0.014535667582803526
 4.8000E-02,0.013178244837458632
 4.8016E-02,0.01159176355300124
 4.8032E-02,0.009845926085267933
 4.8048E-02,0.008017347309360311
 4.8065E-02,0.00618607567234176
 4.8081E-02,0.004432041611073562
 4.8097E-02,0.0028316080379053657
 4.8113E-02,0.001454356750797354
 4.8130E-02,0.0003602042394439402
 4.8146E-02,-0.0004030869841915991
 4.8162E-02,-0.0008019438331434417
 4.8178E-02,-0.0008184993959466255
 4.8195E-02,-0.0004515115919903957
 4.8211E-02,0.0002834021805197704
 4.8227E-02,0.0013542874852966907
 4.8243E-02,0.002714167565715064
 4.8260E-02,0.004303125539915156
 4.8276E-02,0.0060510583133301
 4.8292E-02,0.007880940417328092
 4.8308E-02,0.009712390473550962
 4.8325E-02,0.011465318195398436
 4.8341E-02,0.01306344724291474
 4.8357E-02,0.01443755117039611
 4.8373E-02,0.015528291984428018
 4.8390E-02,0.01628859766328297
 4.8406E-02,0.016685544300670974
 4.8422E-02,0.016701715988364542
 4.8439E-02,0.016336005794330997
 4.8455E-02,0.015603805919012526
 4.8471E-02,0.014536528606469753
 4.8487E-02,0.013180413149784024
 4.8504E-02,0.011594612698754659
 4.8520E-02,0.00984861289629033
 4.8536E-02,0.008019100343772404
 4.8552E-02,0.006186456645956765
 4.8569E-02,0.004431089139799822
 4.8585E-02,0.002829814574580927
 4.8601E-02,0.0014524879923918186
 4.8617E-02,0.00035902505576025363
 4.8634E-02,-0.0004030839171002414
 4.8650E-02,-0.0008007120358201773
 4.8666E-02,-0.0008164549970905236
 4.8682E-02,-0.0004493871022271198
 4.8699E-02,0.00028481512405045573
 4.8715E-02,0.0013544163430432006
 4.8731E-02,0.0027128610497036917
 4.8747E-02,0.004300709454243882
 4.8764E-02,0.0060482259794668635
 4.8780E-02,0.007878516216119395
 4.8796E-02,0.009711049088530306
 4.8813E-02,0.011465357301814316
 4.8829E-02,0.013064692429640487
 4.8845E-02,0.014439425490879912
 4.8861E-02,0.015530024966898252
 4.8878E-02,0.016289500014543094
 4.8894E-02,0.016685251887964044
 4.8910E-02,0.01670031783513751
 4.8926E-02,0.016334011767219676
 4.8943E-02,0.015601966071335535
 4.8959E-02,0.014535568002824734
 4.8975E-02,0.013180775287435467
 4.8991E-02,0.011596301224082554
 4.9000E-02,0.010684062859548057
