  0.000,0.0
  1.000,0.01456641940121728
  0.000,0.01456641940121728
 1.6880E-05,0.01517904788891067
 3.3760E-05,0.0170363689882605
 5.0640E-05,0.019775043814034405
 6.7520E-05,0.023999395779913602
 8.4400E-05,0.028674678698922887
 1.0128E-04,0.03240702475539371
 1.1816E-04,0.034439519262513
 1.3504E-04,0.034520783771983754
 1.5192E-04,0.032354018890591564
 1.6880E-04,0.02832879097178065
 1.8568E-04,0.023875190162197326
 2.0256E-04,0.020058930735589717
 2.1944E-04,0.01711996769680852
 2.3632E-04,0.01527583016071509
 2.5320E-04,0.014469079709442537
 2.7008E-04,0.013726927768512176
 2.8696E-04,0.011986516757608019
 3.0384E-04,0.009104241750536413
 3.2072E-04,0.005353783607947854
 3.3760E-04,0.001024529538240203
 3.5448E-04,-0.002938389923720957
 3.7136E-04,-0.005226407815881717
 3.8824E-04,-0.005299793877312565
 4.0512E-04,-0.003364169413440028
 4.2200E-04,0.0002216366985217347
 4.3888E-04,0.004723837125994232
 4.5576E-04,0.008931116144059864
 4.7264E-04,0.012008707897165096
 4.8952E-04,0.013957765457725889
 5.0640E-04,0.015127637830081121
 5.2328E-04,0.01601062883170589
 5.4016E-04,0.01739669244488222
 5.5704E-04,0.01997035953587993
 5.7392E-04,0.023660137470936596
 5.9080E-04,0.027756981834657413
 6.0768E-04,0.03148040924757437
 6.2456E-04,0.03399519491259012
 6.4144E-04,0.03444469694817734
 6.5832E-04,0.03261863656888602
 6.7520E-04,0.02914144479844937
 6.9208E-04,0.024854726135855175
 7.0896E-04,0.020569601105655727
 7.2584E-04,0.017133462776333104
 7.4272E-04,0.014975754898343034
 7.5960E-04,0.013747015440014675
 7.7648E-04,0.012742990652316877
 7.9336E-04,0.011348344681383914
 8.1024E-04,0.00905802111046174
 8.2712E-04,0.0056773595433157725
 8.4400E-04,0.0016635810069469568
 8.6088E-04,-0.002040406818243963
 8.7776E-04,-0.00453204593392572
 8.9464E-04,-0.005193040627909938
 9.1152E-04,-0.003730735031296481
 9.2840E-04,-0.000407816666427484
 9.4528E-04,0.003909757343228227
 9.6216E-04,0.008224099732700083
 9.7904E-04,0.011827140684073882
 9.9592E-04,0.01434091955594895
 1.0128E-03,0.015804271543701506
 1.0297E-03,0.01679372033668422
 1.0466E-03,0.018105877048624798
 1.0634E-03,0.020254211508739284
 1.0803E-03,0.023337530094633026
 1.0972E-03,0.02707382490690959
 1.1141E-03,0.03073432443170079
 1.1310E-03,0.0333349140141494
 1.1478E-03,0.03413100355457306
 1.1647E-03,0.03288702323195375
 1.1816E-03,0.02982915090116296
 1.1985E-03,0.025610674176420947
 1.2154E-03,0.021193094169016706
 1.2322E-03,0.017439472312775917
 1.2491E-03,0.01475335420978984
 1.2660E-03,0.013062898591646487
 1.2829E-03,0.011937742710992365
 1.2998E-03,0.010705017146435548
 1.3166E-03,0.008737536377674451
 1.3335E-03,0.005825808219708404
 1.3504E-03,0.002280567398076134
 1.3673E-03,-0.0012354936823075723
 1.3842E-03,-0.003886985788061241
 1.4010E-03,-0.004888933716479528
 1.4179E-03,-0.0038525198310490824
 1.4348E-03,-0.0009727019747551129
 1.4517E-03,0.0031137339483645636
 1.4686E-03,0.00756248849336105
 1.4854E-03,0.011530470749116242
 1.5023E-03,0.014467599266098368
 1.5192E-03,0.01634685721563323
 1.5361E-03,0.017590943575196347
 1.5530E-03,0.0188148278787485
 1.5698E-03,0.02059554318016374
 1.5867E-03,0.02324084453155907
 1.6036E-03,0.026580804181192127
 1.6205E-03,0.029986028233941583
 1.6374E-03,0.0326290616432386
 1.6542E-03,0.03377071823494049
 1.6711E-03,0.03297865435448239
 1.6880E-03,0.030307359924288034
 1.7049E-03,0.026325283921448495
 1.7218E-03,0.021887787085670088
 1.7386E-03,0.017816001211901418
 1.7555E-03,0.014665090438402044
 1.7724E-03,0.012574203097596477
 1.7893E-03,0.011221313338174152
 1.8062E-03,0.00999488559528569
 1.8230E-03,0.008310280072609746
 1.8399E-03,0.005859375804254037
 1.8568E-03,0.002734161084742027
 1.8737E-03,-0.0005503869050144643
 1.8906E-03,-0.003201052087701347
 1.9074E-03,-0.004452953571671
 1.9243E-03,-0.0038545129618084767
 1.9412E-03,-0.0014037390001803676
 1.9581E-03,0.002442669833437068
 1.9750E-03,0.006893302958050471
 1.9918E-03,0.011098539292888022
 2.0087E-03,0.014454692406141775
 2.0256E-03,0.01677105489030157
 2.0425E-03,0.018276931571333473
 2.0594E-03,0.019505902694410104
 2.0762E-03,0.02105685409308688
 2.0931E-03,0.023302687054894116
 2.1100E-03,0.026208015399338862
 2.1269E-03,0.02932967242053501
 2.1438E-03,0.03195131155572048
 2.1606E-03,0.03331441880083982
 2.1775E-03,0.032903332769109846
 2.1944E-03,0.030651796011132004
 2.2113E-03,0.026960886254286227
 2.2282E-03,0.022557648961023254
 2.2450E-03,0.01826647813670136
 2.2619E-03,0.014738562062761248
 2.2788E-03,0.01223536015693405
 2.2957E-03,0.010582758717670625
 2.3126E-03,0.009300365492672227
 2.3294E-03,0.007822510771530036
 2.3463E-03,0.005745096609530551
 2.3632E-03,0.003027515369522786
 2.3801E-03,4.784572317574577e-05
 2.3970E-03,-0.0025239044222942256
 2.4138E-03,-0.003959947880978752
 2.4307E-03,-0.0037244718458022794
 2.4476E-03,-0.0016736259234138243
 2.4645E-03,0.0018719469873466005
 2.4814E-03,0.006233130769784648
 2.4982E-03,0.010606503806978702
 2.5151E-03,0.014321115945143976
 2.5320E-03,0.017040833608081805
 2.5489E-03,0.018851355648416376
 2.5658E-03,0.020181037917055153
 2.5826E-03,0.021582465007865394
 2.5995E-03,0.023480321965590963
 2.6164E-03,0.025979935623018757
 2.6333E-03,0.028790351397154558
 2.6502E-03,0.03130005178434432
 2.6670E-03,0.032792955955808056
 2.6839E-03,0.03271161605995747
 2.7008E-03,0.030859227091724215
 2.7177E-03,0.027479766393324816
 2.7346E-03,0.023190612123617282
 2.7514E-03,0.018777693726348313
 2.7683E-03,0.014930653421191356
 2.7852E-03,0.012029914653804107
 2.8021E-03,0.01005751309294137
 2.8190E-03,0.008650516757873273
 2.8358E-03,0.007282625640044053
 2.8527E-03,0.005511532755829488
 2.8696E-03,0.003186987726497537
 2.8865E-03,0.0005361035028953695
 2.9034E-03,-0.0018955354983289127
 2.9202E-03,-0.0034249085016752577
 2.9371E-03,-0.0034780637238749964
 2.9540E-03,-0.0018073546110040108
 2.9709E-03,0.0014101002697096971
 2.9878E-03,0.005623092590920506
 3.0046E-03,0.010081092803203072
 3.0215E-03,0.014077017926909963
 3.0384E-03,0.017172612255243996
 3.0553E-03,0.019315531539795424
 3.0722E-03,0.020805941771413705
 3.0890E-03,0.022135776739449334
 3.1059E-03,0.023761314674973336
 3.1228E-03,0.025889573835712578
 3.1397E-03,0.028364226764171732
 3.1566E-03,0.03069982691990577
 3.1734E-03,0.0322468066700899
 3.1903E-03,0.03242301328075803
 3.2072E-03,0.03093128174186263
 3.2241E-03,0.02788221188773309
 3.2410E-03,0.02377000938177548
 3.2578E-03,0.019311602021987097
 3.2747E-03,0.015214408105702137
 3.2916E-03,0.011955880831772122
 3.3085E-03,0.009651052451251065
 3.3254E-03,0.008058602177213185
 3.3422E-03,0.0067226551716607266
 3.3591E-03,0.005190111090998779
 3.3760E-03,0.0032192604872870534
 3.3929E-03,0.0009046426011425955
 3.4098E-03,-0.0013301956541921845
 3.4266E-03,-0.0028737558606147812
 3.4435E-03,-0.0031469514647541265
 3.4604E-03,-0.0018176271948314438
 3.4773E-03,0.0010675557290180935
 3.4942E-03,0.0050807646854552045
 3.5110E-03,0.009544694406943752
 3.5279E-03,0.013751203736400763
 3.5448E-03,0.01718359221076165
 3.5617E-03,0.01966158252273887
 3.5786E-03,0.021359913548250713
 3.5954E-03,0.02269476575242614
 3.6123E-03,0.024120649761089907
 3.6292E-03,0.02591809377125071
 3.6461E-03,0.028055026972044518
 3.6630E-03,0.030172477225802748
 3.6798E-03,0.031699894932500285
 3.6967E-03,0.03205991660114395
 3.7136E-03,0.03088591226649103
 3.7305E-03,0.028168276726347006
 3.7474E-03,0.024275203484175327
 3.7642E-03,0.019841892906805384
 3.7811E-03,0.015568053862765004
 3.7980E-03,0.011997327159570638
 3.8149E-03,0.009361007974562949
 3.8318E-03,0.007542417023156686
 3.8486E-03,0.006170338158517707
 3.8655E-03,0.004803795648449554
 3.8824E-03,0.003138625816217563
 3.8993E-03,0.001156404192495204
 3.9162E-03,-0.0008425513796962787
 3.9330E-03,-0.0023339906614832017
 3.9499E-03,-0.0027559729866233063
 3.9668E-03,-0.0017183452170386982
 3.9837E-03,0.0008418871725879335
 4.0006E-03,0.004618467502410998
 4.0174E-03,0.009023228731107592
 4.0343E-03,0.013370031165199253
 4.0512E-03,0.017088569227887467
 4.0681E-03,0.01989118099726652
 4.0850E-03,0.02183167734335536
 4.1018E-03,0.02323561297341226
 4.1187E-03,0.02453150573351556
 4.1356E-03,0.02604912975280419
 4.1525E-03,0.027861266905518607
 4.1694E-03,0.02972921999961463
 4.1862E-03,0.031174277853239698
 4.2031E-03,0.03164865187297362
 4.2200E-03,0.03074104990567172
 4.2369E-03,0.028340097489771763
 4.2538E-03,0.024694673961032462
 4.2706E-03,0.0203475406897621
 4.2875E-03,0.015966349736974975
 4.3044E-03,0.012135292237950818
 4.3213E-03,0.00918385592290543
 4.3382E-03,0.007113442398689896
 4.3550E-03,0.0056463729080140175
 4.3719E-03,0.004376788072493514
 4.3888E-03,0.0029644287473375936
 4.4057E-03,0.00129654276185871
 4.4226E-03,-0.0004434267684420225
 4.4394E-03,-0.0018263084047261792
 4.4563E-03,-0.0023286387615805222
 4.4732E-03,-0.001528699614028225
 4.4901E-03,0.0007265322271446106
 4.5070E-03,0.004245797555372516
 4.5238E-03,0.008537331174218062
 4.5407E-03,0.01295683258682528
 4.5576E-03,0.016906411084687118
 4.5745E-03,0.020011756643608915
 4.5914E-03,0.022213028353065614
 4.6082E-03,0.023738053389111523
 4.6251E-03,0.024970444443979067
 4.6420E-03,0.026264038436323543
 4.6589E-03,0.027775121087845314
 4.6758E-03,0.02937697814285034
 4.6926E-03,0.030689496447406355
 4.7095E-03,0.031212848990584383
 4.7264E-03,0.030515437712044118
 4.7433E-03,0.028405667469545284
 4.7602E-03,0.02502246740427171
 4.7770E-03,0.020809975097997604
 4.7939E-03,0.016385673758014464
 4.8108E-03,0.012350665349791684
 4.8277E-03,0.009111340376936661
 4.8446E-03,0.006776880381122186
 4.8614E-03,0.005168272569763033
 4.8783E-03,0.003932451169940582
 4.8952E-03,0.002716305241772382
 4.9121E-03,0.0013338129822669388
 4.9290E-03,-0.00013742315231938087
 4.9458E-03,-0.001367254863094318
 4.9627E-03,-0.001887780730661956
 4.9796E-03,-0.001268744750261985
 4.9965E-03,0.000712029084753223
 5.0134E-03,0.003966747696109249
 5.0302E-03,0.008102761129136035
 5.0471E-03,0.012533826021617199
 5.0640E-03,0.016657399606583058
 5.0809E-03,0.020033524195119626
 5.0978E-03,0.02250059863465622
 5.1146E-03,0.024186916919535294
 5.1315E-03,0.025415844534698587
 5.1484E-03,0.0265425605975891
 5.1653E-03,0.027785709179181505
 5.1822E-03,0.029118404708537087
 5.1990E-03,0.030260218923807577
 5.2159E-03,0.030773681267467653
 5.2328E-03,0.030229225553260654
 5.2497E-03,0.028376408155252334
 5.2666E-03,0.025256705652173812
 5.2834E-03,0.02121506115620577
 5.3003E-03,0.016805212655568613
 5.3172E-03,0.012623427316726185
 5.3341E-03,0.009131586188403703
 5.3510E-03,0.006533736730593612
 5.3678E-03,0.004749487946755331
 5.3847E-03,0.00349128859573075
 5.4016E-03,0.0024142413969123885
 5.4185E-03,0.0012804990227980725
 5.4354E-03,7.531393199624865e-05
 5.4522E-03,-0.0009694739080704277
 5.4691E-03,-0.0014535292836058596
 5.4860E-03,-0.0009584648042457419
 5.5029E-03,0.0007857238086901306
 5.5198E-03,0.0037806616202662397
 5.5366E-03,0.007731295276234429
 5.5535E-03,0.012120704927492182
 5.5704E-03,0.016361547495628036
 5.5873E-03,0.019969467750869815
 5.6042E-03,0.022695680436405973
 5.6210E-03,0.024571209827967948
 5.6379E-03,0.02584851129263644
 5.6548E-03,0.026864705240429724
 5.6717E-03,0.027879736686490054
 5.6886E-03,0.028951653708316597
 5.7054E-03,0.02989673006564767
 5.7223E-03,0.03034982340413847
 5.7392E-03,0.02990236190666733
 5.7561E-03,0.028265956411601283
 5.7730E-03,0.02539976938695568
 5.7898E-03,0.021553157425667945
 5.8067E-03,0.017206829315158947
 5.8236E-03,0.012933743669188869
 5.8405E-03,0.009230601425927666
 5.8574E-03,0.006381021943427056
 5.8742E-03,0.004398984786434013
 5.8911E-03,0.003070891104969522
 5.9080E-03,0.0020779376812422937
 5.9249E-03,0.0011509683267598486
 5.9418E-03,0.0001984401742170746
 5.9586E-03,-0.0006412323015462402
 5.9755E-03,-0.0010429136487454154
 5.9924E-03,-0.0006173553501258458
 6.0093E-03,0.0009329441909346945
 6.0262E-03,0.0036832180879808577
 6.0430E-03,0.007430484853037733
 6.0599E-03,0.011733958080895258
 6.0768E-03,0.01603815015273734
 6.0937E-03,0.019834510638772857
 6.1106E-03,0.022803195151684635
 6.1274E-03,0.024884052064204118
 6.1443E-03,0.026252473236133878
 6.1612E-03,0.027211410315224085
 6.1781E-03,0.028042124167219053
 6.1950E-03,0.028871281561532743
 6.2118E-03,0.029605261164488444
 6.2287E-03,0.029956750234409166
 6.2456E-03,0.02955370455490015
 6.2625E-03,0.02808953098765364
 6.2794E-03,0.025457572381557717
 6.2962E-03,0.0218186608845602
 6.3131E-03,0.0175755631074989
 6.3300E-03,0.013262971710020822
 6.3469E-03,0.009393015263889902
 6.3638E-03,0.006312318258561803
 6.3806E-03,0.00412167805707469
 6.3975E-03,0.0026856472844296493
 6.4144E-03,0.001725814889551055
 6.4313E-03,0.00096077344525106
 6.4482E-03,0.00023889001515520864
 6.4650E-03,-0.0003867542300126679
 6.4819E-03,-0.0006697191251895008
 6.4988E-03,-0.0002635710827322309
 6.5157E-03,0.0011379743635258322
 6.5326E-03,0.003666962518331073
 6.5494E-03,0.007203858068502271
 6.5663E-03,0.0113867553390152
 6.5832E-03,0.015705068107777435
 6.6001E-03,0.01964448562040424
 6.6170E-03,0.022831042662268174
 6.6338E-03,0.025122522094890923
 6.6507E-03,0.026615128444888753
 6.6676E-03,0.027565137127245315
 6.6845E-03,0.02825698963036878
 6.7014E-03,0.028869003758220824
 6.7182E-03,0.02938817354155093
 6.7351E-03,0.02960653259233479
 6.7520E-03,0.029200491248856854
 6.7689E-03,0.02786306596828092
 6.7858E-03,0.025438775656433984
 6.8026E-03,0.02200976175925998
 6.8195E-03,0.01789987948642493
 6.8364E-03,0.013594201549063392
 6.8533E-03,0.009602867270976083
 6.8702E-03,0.006318574224018825
 6.8870E-03,0.003918775942167094
 6.9039E-03,0.002346516650113834
 6.9208E-03,0.0013744542858440715
 6.9377E-03,0.0007259237300245908
 6.9546E-03,0.00020613365356948537
 6.9714E-03,-0.0002066144803437402
 6.9883E-03,-0.00034429156004812
 7.0052E-03,8.668446266578742e-05
 7.0221E-03,0.0013848106177984732
 7.0390E-03,0.0037220469966903437
 7.0558E-03,0.0070513729147827055
 7.0727E-03,0.011088833871935797
 7.0896E-03,0.015378130083187334
 7.1065E-03,0.019415372698471975
 7.1234E-03,0.02278938934149329
 7.1402E-03,0.025287197482539703
 7.1571E-03,0.02692729140347484
 7.1740E-03,0.027910425551673883
 7.1909E-03,0.02850841206786322
 7.2078E-03,0.02893438347262802
 7.2246E-03,0.029244387843725267
 7.2415E-03,0.029307816819378798
 7.2584E-03,0.028857815382519702
 7.2753E-03,0.027602419008165745
 7.2922E-03,0.02535406862235075
 7.3090E-03,0.022128015473160127
 7.3259E-03,0.01817166136718024
 7.3428E-03,0.01391272091126726
 7.3597E-03,0.009844377436476173
 7.3766E-03,0.0063888325844468855
 7.3934E-03,0.0037882004207538244
 7.4103E-03,0.002061034603564291
 7.4272E-03,0.0010381565317090118
 7.4441E-03,0.0004621205190940372
 7.4610E-03,0.0001114088631881707
 7.4778E-03,-9.820289539021109e-05
 7.4947E-03,-7.357385340229016e-05
 7.5116E-03,0.00041954864083233436
 7.5285E-03,0.0016578688416456994
 7.5454E-03,0.0038369847247646926
 7.5622E-03,0.006969903347703263
 7.5791E-03,0.010846554455659371
 7.5960E-03,0.015070770433204504
 7.6129E-03,0.01916263605638746
 7.6298E-03,0.022689941885440195
 7.6466E-03,0.02538167049432121
 7.6635E-03,0.02718314375424264
 7.6804E-03,0.0282342738689623
 7.6973E-03,0.028781101812282574
 7.7142E-03,0.029055570460091325
 7.7310E-03,0.0291699105537386
 7.7479E-03,0.029065923319757145
 7.7648E-03,0.028538277496626782
 7.7817E-03,0.02732272582404984
 7.7986E-03,0.025215450890869105
 7.8154E-03,0.022177812810660783
 7.8323E-03,0.018386088173745912
 7.8492E-03,0.014206348179320023
 7.8661E-03,0.010102587343356135
 7.8830E-03,0.006510949090864165
 7.8998E-03,0.0037251364428415945
 7.9167E-03,0.0018334791087503601
 7.9336E-03,0.0007286569469527064
 7.9505E-03,0.0001841469741246959
 7.9674E-03,-3.2977368020795106e-05
 7.9842E-03,-5.6263661616626936e-05
 8.0011E-03,0.0001387129631512999
 8.0180E-03,0.0007237539617579024
 8.0349E-03,0.00194257003556172
 8.0518E-03,0.003999329590222245
 8.0686E-03,0.006953759069770249
 8.0855E-03,0.010663069878290004
 8.1024E-03,0.014793765756212366
 8.1193E-03,0.01890061265905585
 8.1362E-03,0.022545220056114867
 8.1530E-03,0.02541197117293067
 8.1699E-03,0.027380002547669202
 8.1868E-03,0.028526331453654984
 8.2037E-03,0.02906094823750409
 8.2206E-03,0.029219987968599155
 8.2374E-03,0.029158392345661477
 8.2543E-03,0.028883074412664512
 8.2712E-03,0.028251802269499398
 8.2881E-03,0.027037866995791075
 8.3050E-03,0.02503554820521896
 8.3218E-03,0.022165809547773332
 8.3387E-03,0.018541389110605558
 8.3556E-03,0.014465590406195099
 8.3725E-03,0.010363863164822535
 8.3894E-03,0.006672254800855282
 8.4062E-03,0.003722599177611619
 8.4231E-03,0.0016651267852524415
 8.4400E-03,0.00045498130007579573
 8.4569E-03,-9.461872628736216e-05
 8.4738E-03,-0.0002142985701525223
 8.4906E-03,-7.34599158616464e-05
 8.5075E-03,0.0002918125710497687
 8.5244E-03,0.0009907790491166199
 8.5413E-03,0.002225846728539623
 8.5582E-03,0.004196363563666473
 8.5750E-03,0.006995314136048189
 8.5919E-03,0.010538670234762472
 8.6088E-03,0.014555180906145913
 8.6257E-03,0.018642098039861523
 8.6426E-03,0.02236794987388212
 8.6594E-03,0.025386000837341573
 8.6763E-03,0.027518014463536654
 8.6932E-03,0.028778974973306566
 8.7101E-03,0.029335447353246256
 8.7270E-03,0.02941494865137708
 8.7438E-03,0.02920170420514533
 8.7607E-03,0.02875871542556374
 8.7776E-03,0.028005580188095982
 8.7945E-03,0.026760051416687206
 8.8114E-03,0.024826996706885283
 8.8282E-03,0.022100340867411944
 8.8451E-03,0.018638502751751426
 8.8620E-03,0.014683674325548006
 8.8789E-03,0.01061628499753476
 8.8958E-03,0.006860152465342833
 8.9126E-03,0.003772010128184
 8.9295E-03,0.0015545922465004156
 8.9464E-03,0.00022341660616773834
 8.9633E-03,-0.00036259994392969115
 8.9802E-03,-0.0004200333450513808
 8.9970E-03,-0.00014100270476723664
 9.0139E-03,0.0003875188223394989
 9.0308E-03,0.0012147841154942132
 9.0477E-03,0.002496435277979312
 9.0646E-03,0.00441561928534112
 9.0814E-03,0.007085546578545083
 9.0983E-03,0.010471124230661535
 9.1152E-03,0.014360375783067853
 9.1321E-03,0.01839800866395147
 9.1490E-03,0.022170502733780958
 9.1658E-03,0.025312958152475362
 9.1827E-03,0.027599786475671677
 9.1996E-03,0.028987283660807422
 9.2165E-03,0.029594034387562633
 9.2334E-03,0.029628227383941837
 9.2502E-03,0.02929054432468049
 9.2671E-03,0.028689936078189596
 9.2840E-03,0.027804154819992842
 9.3009E-03,0.02649954668431614
 9.3178E-03,0.024601925098040774
 9.3346E-03,0.021990855772443953
 9.3515E-03,0.01868068288691836
 9.3684E-03,0.01485647764885397
 9.3853E-03,0.01084993452421756
 9.4022E-03,0.007062660947173342
 9.4190E-03,0.003863807299597211
 9.4359E-03,0.0014982907421851438
 9.4528E-03,3.767003720405999e-05
 9.4697E-03,-0.0006102056567427062
 9.4866E-03,-0.0006383016273606517
 9.5034E-03,-0.0002491553057407037
 9.5203E-03,0.00042981183357972277
 9.5372E-03,0.0013925421615732523
 9.5541E-03,0.002745143033029114
 9.5710E-03,0.004645394381326692
 9.5878E-03,0.007214616077763036
 9.6047E-03,0.010456109322952713
 9.6216E-03,0.014212126393309233
 9.6385E-03,0.018177142547080916
 9.6554E-03,0.021964375605242937
 9.6722E-03,0.025202720111500966
 9.6891E-03,0.027629881610005944
 9.7060E-03,0.029148818392632243
 9.7229E-03,0.029828208203951944
 9.7398E-03,0.029848464062754824
 9.7566E-03,0.02941495010175156
 9.7735E-03,0.028671885571051194
 9.7904E-03,0.02764957449183312
 9.8073E-03,0.02626450104325097
 9.8242E-03,0.024371505341677487
 9.8410E-03,0.02184735751141545
 9.8579E-03,0.018673029362302456
 9.8748E-03,0.014982313786820464
 9.8917E-03,0.011056999262687568
 9.9086E-03,0.007268783008291085
 9.9254E-03,0.003987919801585583
 9.9423E-03,0.0014908214333501633
 9.9592E-03,-0.00010100351932390431
 9.9761E-03,-0.0008300275719022196
 9.9930E-03,-0.0008583335923706288
 1.0010E-02,-0.0003878170241361636
 1.0027E-02,0.0004243629996441017
 1.0044E-02,0.0015232074093422016
 1.0060E-02,0.0029649616673378186
 1.0077E-02,0.004875169954926718
 1.0094E-02,0.007372442554009304
 1.0111E-02,0.010487753545161339
 1.0128E-02,0.014110953854714394
 1.0145E-02,0.017986204694118314
 1.0162E-02,0.021759939070982788
 1.0179E-02,0.025065443609719375
 1.0196E-02,0.02761445889627154
 1.0212E-02,0.029263467378228398
 1.0229E-02,0.030031667958682243
 1.0246E-02,0.03006556222119896
 1.0263E-02,0.029564827311868463
 1.0280E-02,0.028698248257183274
 1.0297E-02,0.027541646806586526
 1.0314E-02,0.026060889391237865
 1.0331E-02,0.02414561799528142
 1.0347E-02,0.021679921778183342
 1.0364E-02,0.018622048085968654
 1.0381E-02,0.015061708287931824
 1.0398E-02,0.011231861549086883
 1.0415E-02,0.007468887860828169
 1.0432E-02,0.00413431686039346
 1.0449E-02,0.0015254957987066243
 1.0466E-02,-0.00019347308003306893
 1.0482E-02,-0.0010168203566841372
 1.0499E-02,-0.0010707568962241478
 1.0516E-02,-0.0005470075196570478
 1.0533E-02,0.000378027591102994
 1.0550E-02,0.0016079563531906421
 1.0567E-02,0.0031509622345772138
 1.0584E-02,0.005095760792335699
 1.0601E-02,0.007549009166940378
 1.0618E-02,0.010558925888771288
 1.0634E-02,0.014055238531354108
 1.0651E-02,0.017829646923867244
 1.0668E-02,0.021566008920458343
 1.0685E-02,0.024910979384782844
 1.0702E-02,0.027560706085436475
 1.0719E-02,0.029333074138725462
 1.0736E-02,0.030200246353290924
 1.0753E-02,0.030270931536700577
 1.0769E-02,0.029730398568307437
 1.0786E-02,0.028761723236921194
 1.0803E-02,0.027478267607226946
 1.0820E-02,0.025892570594413754
 1.0837E-02,0.023932617606257263
 1.0854E-02,0.021498255926058054
 1.0871E-02,0.018535167108541018
 1.0888E-02,0.015097049053321212
 1.0904E-02,0.011371004272893538
 1.0921E-02,0.0076548980064749216
 1.0938E-02,0.004293401423341364
 1.0955E-02,0.0015947889108887895
 1.0972E-02,-0.00024238851060034874
 1.0989E-02,-0.0011673803493335415
 1.1006E-02,-0.0012677174913456905
 1.1023E-02,-0.0007171516021453242
 1.1040E-02,0.000298547272502624
 1.1056E-02,0.0016498456212573282
 1.1073E-02,0.0033004259933336628
 1.1090E-02,0.005299739490589171
 1.1107E-02,0.007734994854354393
 1.1124E-02,0.010661917363456688
 1.1141E-02,0.01404176794298177
 1.1158E-02,0.017709941536713392
 1.1175E-02,0.02138979858726194
 1.1191E-02,0.024748566597556594
 1.1208E-02,0.02747642028300786
 1.1225E-02,0.029361076253225156
 1.1242E-02,0.03033174796773997
 1.1259E-02,0.030457581160723456
 1.1276E-02,0.02990250129995418
 1.1293E-02,0.028854399696165458
 1.1310E-02,0.027455717844875282
 1.1326E-02,0.02576137578414805
 1.1343E-02,0.023739164143189967
 1.1360E-02,0.021311327868750472
 1.1377E-02,0.018420290067897152
 1.1394E-02,0.015092216180498538
 1.1411E-02,0.011472842558292392
 1.1428E-02,0.007820367585343213
 1.1445E-02,0.004456275637282414
 1.1462E-02,0.0016906568776272578
 1.1478E-02,-0.00025197176002648937
 1.1495E-02,-0.0012805809589321983
 1.1512E-02,-0.001443215891836447
 1.1529E-02,-0.000889666475606428
 1.1546E-02,0.00019384734490402854
 1.1563E-02,0.0016531640562497027
 1.1580E-02,0.0034123997864606128
 1.1597E-02,0.005481274007007429
 1.1613E-02,0.007921876169864667
 1.1630E-02,0.010788700030715706
 1.1647E-02,0.014066005110987281
 1.1664E-02,0.01762773161768444
 1.1681E-02,0.02123688589713115
 1.1698E-02,0.0245866340515108
 1.1715E-02,0.02736974508360755
 1.1732E-02,0.029352319237852486
 1.1748E-02,0.030425954314534386
 1.1765E-02,0.030620364185019084
 1.1782E-02,0.030073036551283263
 1.1799E-02,0.028968292646193883
 1.1816E-02,0.027469130022508788
 1.1833E-02,0.025667375927660614
 1.1850E-02,0.023570232416350992
 1.1867E-02,0.02112714834685354
 1.1884E-02,0.018285470423401402
 1.1900E-02,0.015052314421484355
 1.1917E-02,0.011537662153165582
 1.1934E-02,0.007960705017840197
 1.1951E-02,0.00461523467903509
 1.1968E-02,0.0018052006042261455
 1.1985E-02,-0.00022733798003010675
 1.2002E-02,-0.0013568280107127617
 1.2019E-02,-0.001592787855877788
 1.2035E-02,-0.0010568754298933322
 1.2052E-02,7.196201909043026e-05
 1.2069E-02,0.0016233189561143788
 1.2086E-02,0.003487663640557568
 1.2103E-02,0.0056362404956242845
 1.2120E-02,0.00810216628357507
 1.2137E-02,0.010931200368458054
 1.2154E-02,0.014122262747093016
 1.2170E-02,0.01758177797092012
 1.2187E-02,0.021110867101479823
 1.2204E-02,0.024432191164326097
 1.2221E-02,0.027248412767353573
 1.2238E-02,0.029312313354972728
 1.2255E-02,0.030484059480496713
 1.2272E-02,0.030755697617114018
 1.2289E-02,0.03023498096091471
 1.2306E-02,0.029095561048941426
 1.2322E-02,0.027512766218390487
 1.2339E-02,0.025609061257474006
 1.2356E-02,0.023429076460267276
 1.2373E-02,0.02095248652042924
 1.2390E-02,0.018138434594299865
 1.2407E-02,0.014983121499448276
 1.2424E-02,0.0115671241479377
 1.2441E-02,0.00807283161110608
 1.2457E-02,0.004763606879179925
 1.2474E-02,0.0019306344539546183
 1.2491E-02,-0.00017450435006325076
 1.2508E-02,-0.0013981551344030157
 1.2525E-02,-0.001713753950265664
 1.2542E-02,-0.0012124048923827725
 1.2559E-02,-5.9418593749578684e-05
 1.2576E-02,0.0015664744682089035
 1.2592E-02,0.003528610167283916
 1.2609E-02,0.005762444880267582
 1.2626E-02,0.008269995496576362
 1.2643E-02,0.01108215995915047
 1.2660E-02,0.014204693018146988
 1.2677E-02,0.01756990435844111
 1.2694E-02,0.021014115324215637
 1.2711E-02,0.024291328245264414
 1.2728E-02,0.02712000153123448
 1.2744E-02,0.02924733584861184
 1.2761E-02,0.030508737889084085
 1.2778E-02,0.03086169728183761
 1.2795E-02,0.03038263413314759
 1.2812E-02,0.029228845685035615
 1.2829E-02,0.027580369552488902
 1.2846E-02,0.025583609524115127
 1.2863E-02,0.02331734626558803
 1.2879E-02,0.02079282880123681
 1.2896E-02,0.01798644227590189
 1.2913E-02,0.01489095761238234
 1.2930E-02,0.011564263196433423
 1.2947E-02,0.008155389346902901
 1.2964E-02,0.0048961758352420014
 1.2981E-02,0.0020598467232268635
 1.2998E-02,-9.982873641828415e-05
 1.3014E-02,-0.0014078242571083548
 1.3031E-02,-0.00180511818559134
 1.3048E-02,-0.0013514475491930018
 1.3065E-02,-0.00019355740810274693
 1.3082E-02,0.0014886891654104287
 1.3099E-02,0.003538262547378021
 1.3116E-02,0.005858651965390448
 1.3133E-02,0.008420237008342005
 1.3150E-02,0.011234377452841551
 1.3166E-02,0.014306608632621072
 1.3183E-02,0.01758833449800353
 1.3200E-02,0.020947081111283204
 1.3217E-02,0.024168472752764614
 1.3234E-02,0.02699120063567316
 1.3251E-02,0.029163803977651684
 1.3268E-02,0.030503731625229184
 1.3285E-02,0.03093805349095677
 1.3301E-02,0.030511791005766124
 1.3318E-02,0.029361664404015234
 1.3335E-02,0.027665643603175957
 1.3352E-02,0.025587289474896385
 1.3369E-02,0.02323528192450688
 1.3386E-02,0.020652299083616314
 1.3403E-02,0.017835961301015453
 1.3420E-02,0.01478222749134497
 1.3436E-02,0.011533053565326008
 1.3453E-02,0.008208481432676181
 1.3470E-02,0.005009195585740369
 1.3487E-02,0.0021867130562570553
 1.3504E-02,-9.448541397982443e-06
 1.3521E-02,-0.0013896105765851437
 1.3538E-02,-0.0018667925868965046
 1.3555E-02,-0.0014699820835026738
 1.3572E-02,-0.0003238844525825079
 1.3588E-02,0.0013967586320848032
 1.3605E-02,0.003521244367379231
 1.3622E-02,0.005925728899765569
 1.3639E-02,0.008549810813148973
 1.3656E-02,0.011382087364797858
 1.3673E-02,0.01442179052824843
 1.3690E-02,0.017632757736721648
 1.3707E-02,0.020908971381321462
 1.3723E-02,0.024066609099836416
 1.3740E-02,0.026867594152166028
 1.3757E-02,0.029067737013064216
 1.3774E-02,0.0304731644229601
 1.3791E-02,0.030985377389261506
 1.3808E-02,0.03061925469200548
 1.3825E-02,0.029488146861712253
 1.3842E-02,0.02776218007076761
 1.3858E-02,0.025615488416773968
 1.3875E-02,0.02318172349400259
 1.3892E-02,0.020533551883068962
 1.3909E-02,0.0176923936661523
 1.3926E-02,0.014662985719798896
 1.3943E-02,0.011477862851073774
 1.3960E-02,0.008233075433704815
 1.3977E-02,0.0050997802460445146
 1.3994E-02,0.00230546095834595
 1.4010E-02,8.999675780925085e-05
 1.4027E-02,-0.0013487025201781592
 1.4044E-02,-0.0019007564149071277
 1.4061E-02,-0.0015662238469187496
 1.4078E-02,-0.00044569138034097075
 1.4095E-02,0.001296408523276928
 1.4112E-02,0.003482050225988175
 1.4129E-02,0.005965196531382333
 1.4145E-02,0.008656680466551981
 1.4162E-02,0.011520487022659655
 1.4179E-02,0.014544534160613676
 1.4196E-02,0.017698801890185058
 1.4213E-02,0.02089850879357454
 1.4230E-02,0.02398818023143207
 1.4247E-02,0.026754593393561482
 1.4264E-02,0.02896566028068836
 1.4280E-02,0.030422406509697984
 1.4297E-02,0.031006042999161862
 1.4314E-02,0.03070367165918744
 1.4331E-02,0.029603856377509747
 1.4348E-02,0.027864232311839564
 1.4365E-02,0.02566338727905719
 1.4382E-02,0.023154649853866626
 1.4399E-02,0.020438178902616504
 1.4416E-02,0.017560412567393976
 1.4432E-02,0.014539321475303011
 1.4449E-02,0.011404028854956321
 1.4466E-02,0.00823190236227179
 1.4483E-02,0.005167200045376333
 1.4500E-02,0.0024123552781500582
 1.4517E-02,0.00019334602996338556
 1.4534E-02,-0.0012895891226345794
 1.4551E-02,-0.001909006354036528
 1.4567E-02,-0.0016388245419472589
 1.4584E-02,-0.0005547259801262343
 1.4601E-02,0.0011932193039190177
 1.4618E-02,0.0034254634574234725
 1.4635E-02,0.005979157917064574
 1.4652E-02,0.00873933070358295
 1.4669E-02,0.011644801308585726
 1.4686E-02,0.014668329562203208
 1.4702E-02,0.01778035281591686
 1.4719E-02,0.020911930051315107
 1.4736E-02,0.02393284181445458
 1.4753E-02,0.02665507589612931
 1.4770E-02,0.02886230402760157
 1.4787E-02,0.030356026952566867
 1.4804E-02,0.031002561394094533
 1.4821E-02,0.030764424396907804
 1.4838E-02,0.029705193314045034
 1.4854E-02,0.0279665108971317
 1.4871E-02,0.02572594325088173
 1.4888E-02,0.023151105284688892
 1.4905E-02,0.020366357466422284
 1.4922E-02,0.017443184602500543
 1.4939E-02,0.014416112231566327
 1.4956E-02,0.011316209863587914
 1.4973E-02,0.00820754777818167
 1.4989E-02,0.005210890509603585
 1.5006E-02,0.002503789904131042
 1.5023E-02,0.00029521316174690093
 1.5040E-02,-0.0012174817923550198
 1.5057E-02,-0.0018946464071659414
 1.5074E-02,-0.0016875748103489581
 1.5091E-02,-0.0006474214961141801
 1.5108E-02,0.0010929902119710625
 1.5124E-02,0.0033576434996045153
 1.5141E-02,0.005972205437089663
 1.5158E-02,0.008799509615312326
 1.5175E-02,0.011753762091201242
 1.5192E-02,0.01478986344302278
 1.5209E-02,0.01787377549609865
 1.5226E-02,0.02094708460039395
 1.5243E-02,0.023901121125983214
 1.5260E-02,0.026572367794187892
 1.5276E-02,0.028762791453567194
 1.5293E-02,0.030279198729026627
 1.5310E-02,0.030978325000429026
 1.5327E-02,0.03080190866160229
 1.5344E-02,0.029789423270608906
 1.5361E-02,0.028064162752381727
 1.5378E-02,0.025797973588211585
 1.5395E-02,0.02316748475141598
 1.5411E-02,0.020317381569876804
 1.5428E-02,0.01734315031480576
 1.5445E-02,0.01429802854344367
 1.5462E-02,0.0112195657553814
 1.5479E-02,0.008163737802903186
 1.5496E-02,0.005231741427173564
 1.5513E-02,0.0025774388036169165
 1.5530E-02,0.0003908180015263583
 1.5546E-02,-0.001138017625969406
 1.5563E-02,-0.0018623487028693111
 1.5580E-02,-0.0017148197088969616
 1.5597E-02,-0.0007233956450223057
 1.5614E-02,0.0009981360815718514
 1.5631E-02,0.003281531072040202
 1.5648E-02,0.005946078053900782
 1.5665E-02,0.008836480349161313
 1.5682E-02,0.011843839728635201
 1.5698E-02,0.014903596295535953
 1.5715E-02,0.017973131489473444
 1.5732E-02,0.020999488506181715
 1.5749E-02,0.02389140341593453
 1.5766E-02,0.026508175374109204
 1.5783E-02,0.028671466580431945
 1.5800E-02,0.030197329355112067
 1.5817E-02,0.030937910787517307
 1.5833E-02,0.03081834284693048
 1.5850E-02,0.029855789512708425
 1.5867E-02,0.028153955705714256
 1.5884E-02,0.025875179400122735
 1.5901E-02,0.02320020307822617
 1.5918E-02,0.020289867644576853
 1.5935E-02,0.017261779784083244
 1.5952E-02,0.014188987419145021
 1.5968E-02,0.011119170710735869
 1.5985E-02,0.008105035906738535
 1.6002E-02,0.005232402193033513
 1.6019E-02,0.0026334355206832295
 1.6036E-02,0.000478206935961937
 1.6053E-02,-0.0010539422275076859
 1.6070E-02,-0.001813983330416066
 1.6087E-02,-0.0017201537142957964
 1.6104E-02,-0.0007793815474114673
 1.6120E-02,0.0009143072250686517
 1.6137E-02,0.0032037616184326847
 1.6154E-02,0.005906562986266831
 1.6171E-02,0.008853562979013033
 1.6188E-02,0.011915056459399234
 1.6205E-02,0.01500649605938097
 1.6222E-02,0.018073546648848384
 1.6239E-02,0.021064152237841544
 1.6255E-02,0.023900193407667546
 1.6272E-02,0.0264614161313382
 1.6289E-02,0.028589582061677006
 1.6306E-02,0.030113005867343744
 1.6323E-02,0.03088373305163614
 1.6340E-02,0.03081455356657396
 1.6357E-02,0.0299027602222247
 1.6374E-02,0.0282321689809543
 1.6390E-02,0.025952689623675043
 1.6407E-02,0.023244738905079932
 1.6424E-02,0.02028101842398486
 1.6441E-02,0.017198706575558352
 1.6458E-02,0.014090802012878111
 1.6475E-02,0.011017881692368881
 1.6492E-02,0.008033733034206006
 1.6509E-02,0.005213107444655429
 1.6526E-02,0.0026691440344077545
 1.6542E-02,0.00055204900053903
 1.6559E-02,-0.0009721594671833196
 1.6576E-02,-0.0017563428343646587
 1.6593E-02,-0.001708592530150582
 1.6610E-02,-0.0008175357747620439
 1.6627E-02,0.0008423602179099942
 1.6644E-02,0.0031274258996661472
 1.6661E-02,0.005857604871165243
 1.6677E-02,0.008854114397286417
 1.6694E-02,0.01196922280280351
 1.6711E-02,0.015098696159261063
 1.6728E-02,0.018174192080944562
 1.6745E-02,0.02114053037263098
 1.6762E-02,0.023928481041597616
 1.6779E-02,0.02643534064524958
 1.6796E-02,0.028522513234761404
 1.6812E-02,0.030032727126687794
 1.6829E-02,0.030821882414708877
 1.6846E-02,0.030794713567910036
 1.6863E-02,0.029931665947064503
 1.6880E-02,0.028297312521805028
 1.6897E-02,0.026027181732315066
 1.6914E-02,0.023297561244743123
 1.6931E-02,0.020288791559395593
 1.6948E-02,0.017154557544272475
 1.6964E-02,0.014007029484312206
 1.6981E-02,0.010921455002872083
 1.6998E-02,0.007956341664068719
 1.7015E-02,0.005179498224414906
 1.7032E-02,0.0026880967877042166
 1.7049E-02,0.0006133298168247074
 1.7066E-02,-0.000893775435358201
 1.7083E-02,-0.0016915237580731
 1.7099E-02,-0.0016819642340725684
 1.7116E-02,-0.0008385400426935232
 1.7133E-02,0.0007828779612720821
 1.7150E-02,0.00305365925731361
 1.7167E-02,0.005799614287691979
 1.7184E-02,0.008836479566025627
 1.7201E-02,0.012001760881189948
 1.7218E-02,0.015172706983682891
 1.7234E-02,0.018265620437334755
 1.7251E-02,0.021218848121048555
 1.7268E-02,0.023967957148463878
 1.7285E-02,0.02642448328822461
 1.7302E-02,0.02846816377658304
 1.7319E-02,0.029957297405009728
 1.7336E-02,0.030754798936330267
 1.7353E-02,0.03076130003691862
 1.7370E-02,0.02994364512877787
 1.7386E-02,0.028348483619572113
 1.7403E-02,0.026095869612125934
 1.7420E-02,0.02335488376327331
 1.7437E-02,0.020309615208135023
 1.7454E-02,0.017127024490786628
 1.7471E-02,0.013937099754041376
 1.7488E-02,0.010830791700102043
 1.7505E-02,0.007874360743821834
 1.7521E-02,0.005132573983772178
 1.7538E-02,0.0026899539781770165
 1.7555E-02,0.0006601839560910032
 1.7572E-02,-0.0008215595518277928
 1.7589E-02,-0.001621921615613758
 1.7606E-02,-0.0016407656371923982
 1.7623E-02,-0.0008397447844451209
 1.7640E-02,0.0007421735103684931
 1.7656E-02,0.002992005179705269
 1.7673E-02,0.005744079760627912
 1.7690E-02,0.00881234036066731
 1.7707E-02,0.012022867251837108
 1.7724E-02,0.015236134615234773
 1.7741E-02,0.018352599595307408
 1.7758E-02,0.021301615238289898
 1.7775E-02,0.024019959592202697
 1.7792E-02,0.026430120657509826
 1.7808E-02,0.028428432084517334
 1.7825E-02,0.029889243661624855
 1.7842E-02,0.030685014065870896
 1.7859E-02,0.03071590835360393
 1.7876E-02,0.029938551764167574
 1.7893E-02,0.028383527898441386
 1.7910E-02,0.026155049312470025
 1.7927E-02,0.023412527971734223
 1.7943E-02,0.02034015702954611
 1.7960E-02,0.017114693957162096
 1.7977E-02,0.013881913164520629
 1.7994E-02,0.010748622327029523
 1.8011E-02,0.007791098142421642
 1.8028E-02,0.005074581284425183
 1.8045E-02,0.0026743973987311417
 1.8062E-02,0.0006888337061796415
 1.8078E-02,-0.0007627743179070901
 1.8095E-02,-0.0015574776965768223
 1.8112E-02,-0.0015962909799780553
 1.8129E-02,-0.0008324105671464735
 1.8146E-02,0.0007100354141023899
 1.8163E-02,0.0029336966921221976
 1.8180E-02,0.005683467630634592
 1.8197E-02,0.008774831413795467
 1.8214E-02,0.012025805461856214
 1.8230E-02,0.015282207795560224
 1.8247E-02,0.018428713846103204
 1.8264E-02,0.02138364768483252
 1.8281E-02,0.02408160264916022
 1.8298E-02,0.026452507466845673
 1.8315E-02,0.02840695148323618
 1.8332E-02,0.029835016914696862
 1.8349E-02,0.03062051322828521
 1.8365E-02,0.0306663913215665
 1.8382E-02,0.029922547385660206
 1.8399E-02,0.028405943816856592
 1.8416E-02,0.026205471491109914
 1.8433E-02,0.023469316071105466
 1.8450E-02,0.020378760344524433
 1.8467E-02,0.017117041017933148
 1.8484E-02,0.01384334710534332
 1.8500E-02,0.010679794542852755
 1.8517E-02,0.0077141330235555045
 1.8534E-02,0.005014967289618846
 1.8551E-02,0.002651642313775722
 1.8568E-02,0.0007093621997350315
 1.8585E-02,-0.0007078572312630615
 1.8602E-02,-0.0014889575670590804
 1.8619E-02,-0.0015390590374985678
 1.8636E-02,-0.0008062403314506964
 1.8652E-02,0.0006977195955621629
 1.8669E-02,0.0028903891885425064
 1.8686E-02,0.005628563860920745
 1.8703E-02,0.008732178535513148
 1.8720E-02,0.012014622336078352
 1.8737E-02,0.015309774123749119
 1.8754E-02,0.01848755888836416
 1.8771E-02,0.02145428061965077
 1.8787E-02,0.024139749723468034
 1.8804E-02,0.02647813440502775
 1.8821E-02,0.02839168662956779
 1.8838E-02,0.02978519735348712
 1.8855E-02,0.03055472241648642
 1.8872E-02,0.03060842628111114
 1.8889E-02,0.02989246894698401
 1.8906E-02,0.028412575908111495
 1.8922E-02,0.026243157957933295
 1.8939E-02,0.023520133574889062
 1.8956E-02,0.02041933488313552
 1.8973E-02,0.017127395974805025
 1.8990E-02,0.013814466724698198
 1.9007E-02,0.010617088159339804
 1.9024E-02,0.007635530589075316
 1.9041E-02,0.004944382337348869
 1.9058E-02,0.002610258218571185
 1.9074E-02,0.0007079915025011321
 1.9091E-02,-0.0006725143893601094
 1.9108E-02,-0.0014328014818892538
 1.9125E-02,-0.0014844327282454333
 1.9142E-02,-0.0007734569727856033
 1.9159E-02,0.0006979862689257434
 1.9176E-02,0.0028610143899842257
 1.9193E-02,0.005584739467397846
 1.9209E-02,0.00869552249270078
 1.9226E-02,0.012004851687629742
 1.9243E-02,0.015337070238518907
 1.9260E-02,0.018548489743118606
 1.9277E-02,0.021532809306695717
 1.9294E-02,0.02421295378000786
 1.9311E-02,0.026524501724077023
 1.9328E-02,0.02839889626715723
 1.9344E-02,0.029754493839723187
 1.9361E-02,0.030500273435293535
 1.9378E-02,0.030551930751745282
 1.9395E-02,0.029855050056381272
 1.9412E-02,0.028406994051139497
 1.9429E-02,0.026269241173885856
 1.9446E-02,0.02356510126810706
 1.9463E-02,0.020462848516408526
 1.9480E-02,0.017149404840267883
 1.9496E-02,0.013802887382262832
 1.9513E-02,0.010572440995211627
 1.9530E-02,0.007570816233305307
 1.9547E-02,0.004880270908626631
 1.9564E-02,0.0025674113766449504
 1.9581E-02,0.0006993946345007689
 1.9598E-02,-0.0006463505213292146
 1.9615E-02,-0.0013839921944068662
 1.9631E-02,-0.001433183951699286
 1.9648E-02,-0.0007405437667689278
 1.9665E-02,0.0006989266772771438
 1.9682E-02,0.002828515855411915
 1.9699E-02,0.005530006091704066
 1.9716E-02,0.00863821972114874
 1.9733E-02,0.011965764969508132
 1.9750E-02,0.015330369450664226
 1.9766E-02,0.0185764798066416
 1.9783E-02,0.021585114572517054
 1.9800E-02,0.02427042170317803
 1.9817E-02,0.02656634356390316
 1.9834E-02,0.028410376231463988
 1.9851E-02,0.02973228551861149
 1.9868E-02,0.030453491602354152
 1.9885E-02,0.030498482269425985
 1.9902E-02,0.029814713030517744
 1.9918E-02,0.028393860009480045
 1.9935E-02,0.026286378870748427
 1.9952E-02,0.023603445817417804
 1.9969E-02,0.020504715783068263
 1.9986E-02,0.0171752873084589
 2.0003E-02,0.013798962034000597
 2.0020E-02,0.010535966914501316
 2.0037E-02,0.007511403100988308
 2.0053E-02,0.004816550191563165
 2.0070E-02,0.0025203569132863954
 2.0087E-02,0.0006847779578747397
 2.0104E-02,-0.0006235791610744617
 2.0121E-02,-0.001331338259537941
 2.0138E-02,-0.00136769019678109
 2.0155E-02,-0.0006824417839402317
 2.0172E-02,0.0007336108239194097
 2.0188E-02,0.002833652832057212
 2.0205E-02,0.005511261645508856
 2.0222E-02,0.008610499797070226
 2.0239E-02,0.011947210683890602
 2.0256E-02,0.015335185909164497
 2.0273E-02,0.018609306776036384
 2.0290E-02,0.02163905729326591
 2.0307E-02,0.024329479858527056
 2.0324E-02,0.026611323824852377
 2.0340E-02,0.028426065473753447
 2.0357E-02,0.02971318663301709
 2.0374E-02,0.030405961561356176
 2.0391E-02,0.030438460914516907
 2.0408E-02,0.029761883000067154
 2.0425E-02,0.028364413967133403
 2.0442E-02,0.026287090371258915
 2.0459E-02,0.02362925034306233
 2.0475E-02,0.020540693235346186
 2.0492E-02,0.01720229205512073
 2.0509E-02,0.013800790508978566
 2.0526E-02,0.010505392477784392
 2.0543E-02,0.0074528465542400895
 2.0560E-02,0.004744420868666069
 2.0577E-02,0.0024537173422201574
 2.0594E-02,0.000640349063858044
 2.0610E-02,-0.0006374542554093724
 2.0627E-02,-0.0013175325991798006
 2.0644E-02,-0.0013389020732236805
 2.0661E-02,-0.0006561267398365097
 2.0678E-02,0.000742061917950089
 2.0695E-02,0.0028169176461994754
 2.0712E-02,0.005473012157760302
 2.0729E-02,0.008564143979829332
 2.0746E-02,0.011910911316982804
 2.0762E-02,0.015325013867549855
 2.0779E-02,0.018633087946327752
 2.0796E-02,0.021693216351145444
 2.0813E-02,0.024400066273899235
 2.0830E-02,0.026678844979436928
 2.0847E-02,0.028472335954451273
 2.0864E-02,0.029727663373736092
 2.0881E-02,0.030389243072821794
 2.0897E-02,0.030401697699226356
 2.0914E-02,0.029722370682904894
 2.0931E-02,0.02833905265225456
 2.0948E-02,0.026286167989501834
 2.0965E-02,0.02365285726354989
 2.0982E-02,0.020579063765865723
 2.0999E-02,0.017239883033059983
 2.1016E-02,0.013822507335316144
 2.1032E-02,0.010502582112821814
 2.1049E-02,0.00742678737182274
 2.1066E-02,0.004705997516667981
 2.1083E-02,0.002419404174265717
 2.1100E-02,0.000626004537500918
 2.1117E-02,-0.0006226621980747486
 2.1134E-02,-0.001274797544311277
 2.1151E-02,-0.001279669063098223
 2.1168E-02,-0.0005982261008460938
 2.1184E-02,0.0007806259550778859
 2.1201E-02,0.0028242513097776114
 2.1218E-02,0.005447396224449738
 2.1235E-02,0.008514410315371502
 2.1252E-02,0.011853027910492461
 2.1269E-02,0.015276169982846297
 2.1286E-02,0.018605485542590613
 2.1303E-02,0.02168986675445005
 2.1319E-02,0.024414123731053426
 2.1336E-02,0.026696669552975387
 2.1353E-02,0.028479072192564125
 2.1370E-02,0.029713175559755996
 2.1387E-02,0.030352122012034848
 2.1404E-02,0.030349804902859812
 2.1421E-02,0.029669727266934877
 2.1438E-02,0.02830028719466215
 2.1454E-02,0.026270668854726217
 2.1471E-02,0.023660885629873517
 2.1488E-02,0.020601337814612125
 2.1505E-02,0.017260825928782222
 2.1522E-02,0.013825966543326622
 2.1539E-02,0.01047789782263205
 2.1556E-02,0.0073729527229999085
 2.1573E-02,0.0046323610984866734
 2.1590E-02,0.00234265424280483
 2.1606E-02,0.0005645528883463833
 2.1623E-02,-0.0006548345323373578
 2.1640E-02,-0.0012725998417387955
 2.1657E-02,-0.001248083918385774
 2.1674E-02,-0.0005498647925452714
 2.1691E-02,0.0008305980219542518
 2.1708E-02,0.002863866391030819
 2.1725E-02,0.0054721493224972025
 2.1741E-02,0.008528467875468218
 2.1758E-02,0.011866981234223615
 2.1775E-02,0.015302243518365947
 2.1792E-02,0.01865206469379346
 2.1809E-02,0.021757456685025066
 2.1826E-02,0.024494309358635013
 2.1843E-02,0.02677452212584028
 2.1860E-02,0.02853815358136209
 2.1876E-02,0.029741313289205207
 2.1893E-02,0.03034583202001746
 2.1910E-02,0.03031572057222393
 2.1927E-02,0.02962246859516253
 2.1944E-02,0.028257496577237123
 2.1961E-02,0.02624698637403025
 2.1978E-02,0.023663037706664277
 2.1995E-02,0.020626107610765974
 2.2012E-02,0.017296610347672613
 2.2028E-02,0.013857295764510355
 2.2045E-02,0.010491199283250343
 2.2062E-02,0.007361403121242937
 2.2079E-02,0.004598044703264054
 2.2096E-02,0.002295273861504342
 2.2113E-02,0.0005172370829397517
 2.2130E-02,-0.0006909918354395515
 2.2147E-02,-0.0012931560066359472
 2.2163E-02,-0.001257233311244976
 2.2180E-02,-0.0005589992239770229
 2.2197E-02,0.0008072582442543182
 2.2214E-02,0.0028149574181378163
 2.2231E-02,0.005394025972030371
 2.2248E-02,0.008427381470303022
 2.2265E-02,0.011757691520557815
 2.2282E-02,0.015203499303903805
 2.2298E-02,0.01858055526086485
 2.2315E-02,0.02172241703087983
 2.2332E-02,0.024494724275912677
 2.2349E-02,0.02679990425301249
 2.2366E-02,0.028572547791793586
 2.2383E-02,0.02976900213403739
 2.2400E-02,0.03035661792714774
 2.2417E-02,0.030307871891107785
 2.2434E-02,0.02960235655500628
 2.2450E-02,0.028236229331354754
 2.2467E-02,0.026235458084411013
 2.2484E-02,0.02366735482176903
 2.2501E-02,0.020645152335426138
 2.2518E-02,0.017322641544020332
 2.2535E-02,0.01387930845981009
 2.2552E-02,0.01049971492569705
 2.2569E-02,0.007352821338748025
 2.2585E-02,0.004576845488452231
 2.2602E-02,0.002273163807701951
 2.2619E-02,0.000509480708211704
 2.2636E-02,-0.00067076413712442
 2.2653E-02,-0.0012378039200300309
 2.2670E-02,-0.0011688802038201146
 2.2687E-02,-0.0004487303903423221
 2.2704E-02,0.0009226520377352315
 2.2720E-02,0.0029180197311182614
 2.2737E-02,0.005471684208645158
 2.2754E-02,0.00847427721833199
 2.2771E-02,0.0117767224660061
 2.2788E-02,0.015203534870745251
 2.2805E-02,0.018572306458516333
 2.2822E-02,0.02171407105101347
 2.2839E-02,0.02448898622631947
 2.2856E-02,0.02679352292844786
 2.2872E-02,0.028558430795257547
 2.2889E-02,0.0297400057597448
 2.2906E-02,0.03030943758972385
 2.2923E-02,0.030245414367163465
 2.2940E-02,0.02953354760935398
 2.2957E-02,0.02817319645378697
 2.2974E-02,0.026189078022177407
 2.2991E-02,0.02364285359269875
 2.3007E-02,0.020639492382360455
 2.3024E-02,0.01732479856765537
 2.3041E-02,0.013873466665694412
 2.3058E-02,0.010470298834661667
 2.3075E-02,0.007289574220868415
 2.3092E-02,0.004478146586312976
 2.3109E-02,0.0021464411560449263
 2.3126E-02,0.00036864705613821576
 2.3142E-02,-0.0008098493915884976
 2.3159E-02,-0.0013621530246727197
 2.3176E-02,-0.001271731635119768
 2.3193E-02,-0.0005302985409204976
 2.3210E-02,0.0008571614301847066
 2.3227E-02,0.002862219773913057
 2.3244E-02,0.005422048192615138
 2.3261E-02,0.008432743313736741
 2.3278E-02,0.01175076740029401
 2.3294E-02,0.015203614635976106
 2.3311E-02,0.01860759363205168
 2.3328E-02,0.021788110705698555
 2.3345E-02,0.024596976086413428
 2.3362E-02,0.026922349287311294
 2.3379E-02,0.028689593982823107
 2.3396E-02,0.029854540624500443
 2.3413E-02,0.030393224155951405
 2.3429E-02,0.030293106413888254
 2.3446E-02,0.029549799104909964
 2.3463E-02,0.028170793902406253
 2.3480E-02,0.026184646964270284
 2.3497E-02,0.023651623189881052
 2.3514E-02,0.020670898785578307
 2.3531E-02,0.017380368499223982
 2.3548E-02,0.01394755767508228
 2.3564E-02,0.010553220147558377
 2.3581E-02,0.007371770056330767
 2.3598E-02,0.004553774494024652
 2.3615E-02,0.0022149407127619136
 2.3632E-02,0.0004336998888340145
 2.3649E-02,-0.0007435154689444312
 2.3666E-02,-0.0012927876151053628
 2.3683E-02,-0.0012037186724342043
 2.3700E-02,-0.0004750235635124449
 2.3716E-02,0.000883324635222913
 2.3733E-02,0.0028422949829366613
 2.3750E-02,0.005343777160099999
 2.3767E-02,0.008293003860530722
 2.3784E-02,0.011557514393100455
 2.3801E-02,0.014974601068896719
 2.3818E-02,0.018366243995389046
 2.3835E-02,0.021557894577108248
 2.3851E-02,0.024396104728385905
 2.3868E-02,0.026760449379318877
 2.3885E-02,0.028567258818814358
 2.3902E-02,0.02976556591440823
 2.3919E-02,0.030328351812663416
 2.3936E-02,0.030243671924661077
 2.3953E-02,0.02950993732355415
 2.3970E-02,0.028137601717765262
 2.3986E-02,0.026156603884507156
 2.4003E-02,0.02362629116065262
 2.4020E-02,0.02064317454769666
 2.4037E-02,0.017342273333403546
 2.4054E-02,0.013889886278086155
 2.4071E-02,0.01046858489973186
 2.4088E-02,0.007257942793161696
 2.4105E-02,0.004416022107842317
 2.4122E-02,0.0020663815444947873
 2.4138E-02,0.0002933980506685946
 2.4155E-02,-0.0008542466318913421
 2.4172E-02,-0.0013548195255857634
 2.4189E-02,-0.001204000940130675
 2.4206E-02,-0.0004088865295883749
 2.4223E-02,0.0010119472650512685
 2.4240E-02,0.003022567888450872
 2.4257E-02,0.005560895334826875
 2.4273E-02,0.008531358752795806
 2.4290E-02,0.01180314748709182
 2.4307E-02,0.015216374304506869
 2.4324E-02,0.01859567339360153
 2.4341E-02,0.0217680745014456
 2.4358E-02,0.024580475247897287
 2.4375E-02,0.026912190875265817
 2.4392E-02,0.028679790860034807
 2.4408E-02,0.029834142357037095
 2.4425E-02,0.030352267790443244
 2.4442E-02,0.03022820717971085
 2.4459E-02,0.029466994243408408
 2.4476E-02,0.028084281391446624
 2.4493E-02,0.026111702081254472
 2.4510E-02,0.023605572731406416
 2.4527E-02,0.020654911518774934
 2.4544E-02,0.01738461254737478
 2.4560E-02,0.013951028521768386
 2.4577E-02,0.010529731596595933
 2.4594E-02,0.007297986692322829
 2.4611E-02,0.004416411559799666
 2.4628E-02,0.0020146024586175405
 2.4645E-02,0.0001840848945951427
 2.4662E-02,-0.0010206046153748696
 2.4679E-02,-0.0015746636725890615
 2.4695E-02,-0.0014735365137084544
 2.4712E-02,-0.0007255789537242993
 2.4729E-02,0.0006499831650349148
 2.4746E-02,0.002619075581054398
 2.4763E-02,0.005124736601349776
 2.4780E-02,0.008078938595323796
 2.4797E-02,0.011358628736602663
 2.4814E-02,0.014809055338580596
 2.4830E-02,0.018254952176814686
 2.4847E-02,0.021517398268504143
 2.4864E-02,0.024432133665477918
 2.4881E-02,0.02686457150656707
 2.4898E-02,0.028717947589773606
 2.4915E-02,0.029933489675471017
 2.4932E-02,0.030484216887626522
 2.4949E-02,0.030366038079844854
 2.4966E-02,0.029590443418444436
 2.4982E-02,0.028181969864949055
 2.4999E-02,0.02618124902243381
 2.5016E-02,0.023651853989942438
 2.5033E-02,0.02068732348892742
 2.5050E-02,0.017414285544411608
 2.5067E-02,0.013988755218558632
 2.5084E-02,0.010585044561440386
 2.5101E-02,0.00737934161308929
 2.5117E-02,0.004531915092287019
 2.5134E-02,0.0021724652264156884
 2.5151E-02,0.00039213548307826755
 2.5168E-02,-0.0007565865848391795
 2.5185E-02,-0.001253525346364456
 2.5202E-02,-0.001101481457260035
 2.5219E-02,-0.00031802463688922287
 2.5236E-02,0.0010683163901999727
 2.5252E-02,0.0030162973119265647
 2.5269E-02,0.005466005501949036
 2.5286E-02,0.008332002709814155
 2.5303E-02,0.01149944218487474
 2.5320E-02,0.014826133569524898
 2.5337E-02,0.018151419601920505
 2.5354E-02,0.02131020582811115
 2.5371E-02,0.024148637287078095
 2.5388E-02,0.026537426228501367
 2.5404E-02,0.028379682503790155
 2.5421E-02,0.029611974730019343
 2.5438E-02,0.03019975059535787
 2.5455E-02,0.0301302123867187
 2.5472E-02,0.02940635491336161
 2.5489E-02,0.028045010758422903
 2.5506E-02,0.02607990896117643
 2.5523E-02,0.023568497813909354
 2.5539E-02,0.020599332388030498
 2.5556E-02,0.01729604778349866
 2.5573E-02,0.01381472330193581
 2.5590E-02,0.010333500575440736
 2.5607E-02,0.0070360101718480676
 2.5624E-02,0.004092546215172629
 2.5641E-02,0.001643892102932374
 2.5658E-02,-0.00020826528505767908
 2.5674E-02,-0.0014027516262517681
 2.5691E-02,-0.0019133279508035852
 2.5708E-02,-0.0017395622647922717
 2.5725E-02,-0.0008985275034548185
 2.5742E-02,0.0005791743105159875
 2.5759E-02,0.002647824155249203
 2.5776E-02,0.005240788184783506
 2.5793E-02,0.008263845813575098
 2.5810E-02,0.011591682218214657
 2.5826E-02,0.01507063423837569
 2.5843E-02,0.018528530115284138
 2.5860E-02,0.021789931003803536
 2.5877E-02,0.024693187579645455
 2.5894E-02,0.027105012037734626
 2.5911E-02,0.028929083177671087
 2.5928E-02,0.030107362153187135
 2.5945E-02,0.0306152908292813
 2.5961E-02,0.03045379857550719
 2.5978E-02,0.02964164704153679
 2.5995E-02,0.028211078625395916
 2.6012E-02,0.026208140090693187
 2.6029E-02,0.02369698754054064
 2.6046E-02,0.020765722731382868
 2.6063E-02,0.017530381289777037
 2.6080E-02,0.014133926668789
 2.6096E-02,0.010738661752221296
 2.6113E-02,0.007512855786619284
 2.6130E-02,0.00461453719923962
 2.6147E-02,0.002176503835970506
 2.6164E-02,0.00029635473783168136
 2.6181E-02,-0.0009662496258057468
 2.6198E-02,-0.0015853711777801438
 2.6215E-02,-0.001560225609539709
 2.6232E-02,-0.0009061215188517781
 2.6248E-02,0.00035136725771715057
 2.6265E-02,0.002176753476683219
 2.6282E-02,0.004519725316012902
 2.6299E-02,0.0073076168227008236
 2.6316E-02,0.01043917923098204
 2.6333E-02,0.013783255971250583
 2.6350E-02,0.01718429046258114
 2.6367E-02,0.020474132474696986
 2.6383E-02,0.023487346473734377
 2.6400E-02,0.0260761729973295
 2.6417E-02,0.028121634828873126
 2.6434E-02,0.029538619678212395
 2.6451E-02,0.030274889311276067
 2.6468E-02,0.03030631760552079
 2.6485E-02,0.02963194168272757
 2.6502E-02,0.02827183496589655
 2.6518E-02,0.02626898318156658
 2.6535E-02,0.023694195775996733
 2.6552E-02,0.02065120801222386
 2.6569E-02,0.01727831209884535
 2.6586E-02,0.013743716204295047
 2.6603E-02,0.010233929579950188
 2.6620E-02,0.006936858143712048
 2.6637E-02,0.004023304945214572
 2.6654E-02,0.0016314772683636248
 2.6670E-02,-0.0001418103079156728
 2.6687E-02,-0.0012419602411504627
 2.6704E-02,-0.0016508274156831087
 2.6721E-02,-0.0013776866073755651
 2.6738E-02,-0.0004509657778987543
 2.6755E-02,0.0010861507787161167
 2.6772E-02,0.0031754253457695492
 2.6789E-02,0.005740096743214643
 2.6805E-02,0.008681122652362957
 2.6822E-02,0.011876237751537821
 2.6839E-02,0.015183950532654982
 2.6856E-02,0.018452539749145246
 2.6873E-02,0.02153202600759236
 2.6890E-02,0.02428613735324589
 2.6907E-02,0.026601452874283327
 2.6924E-02,0.028391806333081367
 2.6940E-02,0.029597720087667145
 2.6957E-02,0.03018255925295596
 2.6974E-02,0.030127943403118845
 2.6991E-02,0.029430524004178647
 2.7008E-02,0.028101515372773615
 2.7025E-02,0.02616961083297336
 2.7042E-02,0.02368666390569729
 2.7059E-02,0.020734059205864012
 2.7076E-02,0.017426779553268185
 2.7092E-02,0.013912121406692205
 2.7109E-02,0.010361173374221927
 2.7126E-02,0.006953738223391287
 2.7143E-02,0.0038602141452085217
 2.7160E-02,0.0012252730125481776
 2.7177E-02,-0.0008425283564326433
 2.7194E-02,-0.002273100217052092
 2.7211E-02,-0.0030297718592482113
 2.7227E-02,-0.0031001631833345615
 2.7244E-02,-0.0024876199207383414
 2.7261E-02,-0.0012071567936613856
 2.7278E-02,0.000712303549789992
 2.7295E-02,0.003220408051142416
 2.7312E-02,0.0062361982635259095
 2.7329E-02,0.009642077603265091
 2.7346E-02,0.013284684353051059
 2.7362E-02,0.01698394463160046
 2.7379E-02,0.020548811389695328
 2.7396E-02,0.023795897207607143
 2.7413E-02,0.026566233005150566
 2.7430E-02,0.028736360352038352
 2.7447E-02,0.030222249600507154
 2.7464E-02,0.03097694786752022
 2.7481E-02,0.030984826088455684
 2.7498E-02,0.03025618779251962
 2.7514E-02,0.028825022987727673
 2.7531E-02,0.02675035929003168
 2.7548E-02,0.02411955645002373
 2.7565E-02,0.02105072965914106
 2.7582E-02,0.01769127948905287
 2.7599E-02,0.01421060342735906
 2.7616E-02,0.01078725986859438
 2.7633E-02,0.007592876707544567
 2.7649E-02,0.004776181778424534
 2.7666E-02,0.002450854817131455
 2.7683E-02,0.000690193410573932
 2.7700E-02,-0.00047055273119290804
 2.7717E-02,-0.0010259639758990074
 2.7734E-02,-0.0009898291108394318
 2.7751E-02,-0.0003859947995675569
 2.7768E-02,0.0007562245248583272
 2.7784E-02,0.0024010546482635415
 2.7801E-02,0.004501262311131441
 2.7818E-02,0.006992319101449261
 2.7835E-02,0.009788934181401277
 2.7852E-02,0.01278603654423473
 2.7869E-02,0.01586423842496705
 2.7886E-02,0.018897642503369963
 2.7903E-02,0.021761216222318268
 2.7920E-02,0.024336068381079642
 2.7936E-02,0.026512187793567135
 2.7953E-02,0.028188967080268974
 2.7970E-02,0.029275007970161717
 2.7987E-02,0.029689752515464806
 2.8004E-02,0.02936891007767175
 2.8021E-02,0.028273913328028928
 2.8038E-02,0.02640410874114416
 2.8055E-02,0.02380892574545831
 2.8071E-02,0.020595800830946375
 2.8088E-02,0.016929559751917622
 2.8105E-02,0.013020912196488876
 2.8122E-02,0.009104764323501324
 2.8139E-02,0.005412542756739475
 2.8156E-02,0.0021457381972856365
 2.8173E-02,-0.0005418593255779192
 2.8190E-02,-0.0025492410845187165
 2.8206E-02,-0.003821559059785655
 2.8223E-02,-0.004336684491976722
 2.8240E-02,-0.004091884955293014
 2.8257E-02,-0.0030970818650563636
 2.8274E-02,-0.0013775059481977122
 2.8291E-02,0.0010164514892357075
 2.8308E-02,0.003997811825202104
 2.8325E-02,0.007436451771622611
 2.8342E-02,0.011162380614898191
 2.8358E-02,0.01498002907910066
 2.8375E-02,0.01868997314495283
 2.8392E-02,0.022111637954145627
 2.8409E-02,0.025100563246202242
 2.8426E-02,0.02755571164685151
 2.8443E-02,0.029415789671932566
 2.8460E-02,0.03064815710196128
 2.8477E-02,0.031236686426291283
 2.8493E-02,0.031173816910740365
 2.8510E-02,0.03045897384938025
 2.8527E-02,0.029102956493314944
 2.8544E-02,0.027135987557581235
 2.8561E-02,0.024616026540633062
 2.8578E-02,0.02163423863583007
 2.8595E-02,0.01831525073210044
 2.8612E-02,0.014810421057312118
 2.8628E-02,0.011284090137093456
 2.8645E-02,0.00789571747404754
 2.8662E-02,0.004782716828041806
 2.8679E-02,0.002048720789436367
 2.8696E-02,-0.00023924484805157558
 2.8713E-02,-0.002043719724225408
 2.8730E-02,-0.003342800698040334
 2.8747E-02,-0.004115067880127351
 2.8764E-02,-0.0043295572006079265
 2.8780E-02,-0.0039450347281866725
 2.8797E-02,-0.0029198195954512063
 2.8814E-02,-0.0012292575562030384
 2.8831E-02,0.0011155906779319145
 2.8848E-02,0.0040548216764164655
 2.8865E-02,0.007476327554009012
 2.8882E-02,0.011222952934018987
 2.8899E-02,0.015107469824337248
 2.8915E-02,0.018930360365921512
 2.8932E-02,0.022495762457551402
 2.8949E-02,0.025622736609378444
 2.8966E-02,0.028150339438292267
 2.8983E-02,0.02993746759342845
 2.9000E-02,0.030862783005433027
 2.9017E-02,0.030831558595853938
 2.9034E-02,0.029791938957293457
 2.9050E-02,0.027756754314644458
 2.9067E-02,0.024822775925450773
 2.9084E-02,0.021177745716431415
 2.9101E-02,0.017087933691945986
 2.9118E-02,0.012866024830026059
 2.9135E-02,0.008826688782951873
 2.9152E-02,0.005241111004058059
 2.9169E-02,0.002302461202171047
 2.9186E-02,0.00011195040343496944
 2.9202E-02,-0.0013118067348186191
 2.9219E-02,-0.0020064342809541645
 2.9236E-02,-0.002034110682601212
 2.9253E-02,-0.0014563034168764725
 2.9270E-02,-0.00032326609865451295
 2.9287E-02,0.0013199387040550223
 2.9304E-02,0.0034172619554493407
 2.9321E-02,0.00588627566920143
 2.9337E-02,0.008613106818774816
 2.9354E-02,0.01146223683504442
 2.9371E-02,0.014298793870200723
 2.9388E-02,0.017013741226475938
 2.9405E-02,0.019539792749568425
 2.9422E-02,0.021850486817864393
 2.9439E-02,0.023942356787443934
 2.9456E-02,0.025806651374456063
 2.9472E-02,0.027402071720824032
 2.9489E-02,0.028640498488862666
 2.9506E-02,0.029391191394434236
 2.9523E-02,0.029500949779597538
 2.9540E-02,0.028824551412188284
 2.9557E-02,0.02725939902213984
 2.9574E-02,0.024777058323937187
 2.9591E-02,0.02144377003505532
 2.9608E-02,0.017423415061940242
 2.9624E-02,0.012959136701606276
 2.9641E-02,0.00833535555961458
 2.9658E-02,0.00383035130065041
 2.9675E-02,-0.00032500617570223756
 2.9692E-02,-0.003969323409296006
 2.9709E-02,-0.007008286385640015
 2.9726E-02,-0.009391164156185858
 2.9743E-02,-0.011077506162797074
 2.9759E-02,-0.012009637207460054
 2.9776E-02,-0.012103587730478321
 2.9793E-02,-0.011262855447690527
 2.9810E-02,-0.009410901434170848
 2.9827E-02,-0.006531223233173929
 2.9844E-02,-0.002699672667358583
 2.9861E-02,0.0019040450782126773
 2.9878E-02,0.007010713555918155
 2.9894E-02,0.012298349751542842
 2.9911E-02,0.01744115350984125
 2.9928E-02,0.022155609099037417
 2.9945E-02,0.026229222685899008
 2.9962E-02,0.029525031498885218
 2.9979E-02,0.03196515226869482
 2.9996E-02,0.033503893775784964
 3.0013E-02,0.03410534674399495
 3.0030E-02,0.033739619486776645
 3.0046E-02,0.03240160627368126
 3.0063E-02,0.030141916081853865
 3.0080E-02,0.027091974605957532
 3.0097E-02,0.023468465113878945
 3.0114E-02,0.01955166413776916
 3.0131E-02,0.01564178328232542
 3.0148E-02,0.01200552317739793
 3.0165E-02,0.008828660147425015
 3.0181E-02,0.006187966801128044
 3.0198E-02,0.004050809468176066
 3.0215E-02,0.0023039371663239523
 3.0232E-02,0.0008036516896820531
 3.0249E-02,-0.0005683065431205444
 3.0266E-02,-0.0018607460792304062
 3.0283E-02,-0.0030345880787089486
 3.0300E-02,-0.003975482737722985
 3.0316E-02,-0.004530890413508322
 3.0333E-02,-0.004554315356856791
 3.0350E-02,-0.003937913581416959
 3.0367E-02,-0.0026239990074711965
 3.0384E-02,-0.0005996628930231202
 3.0401E-02,0.0021120538991514595
 3.0418E-02,0.005452207045260208
 3.0435E-02,0.009315685592382546
 3.0452E-02,0.01353946777690132
 3.0468E-02,0.017897902748358896
 3.0485E-02,0.02210558881960725
 3.0502E-02,0.025825425260019776
 3.0519E-02,0.02868463860035744
 3.0536E-02,0.03030694284863686
 3.0553E-02,0.030367719872119742
 3.0570E-02,0.028668594870539466
 3.0587E-02,0.02521062087568517
 3.0603E-02,0.020234414217353877
 3.0620E-02,0.014203436081196992
 3.0637E-02,0.007727741737939634
 3.0654E-02,0.001446690042747373
 3.0671E-02,-0.004094125926078649
 3.0688E-02,-0.008529900977205136
 3.0705E-02,-0.011699965775340682
 3.0722E-02,-0.01360935919461719
 3.0738E-02,-0.014354352949773068
 3.0755E-02,-0.014045689720511694
 3.0772E-02,-0.012759535749446011
 3.0789E-02,-0.010532202904284912
 3.0806E-02,-0.007393661518296999
 3.0823E-02,-0.0034188397342530836
 3.0840E-02,0.001228585489987579
 3.0857E-02,0.0062823617125093625
 3.0874E-02,0.011402524448455202
 3.0890E-02,0.01624018569636913
 3.0907E-02,0.020513467398328617
 3.0924E-02,0.024066543491768663
 3.0941E-02,0.026889786125180063
 3.0958E-02,0.029088984018063174
 3.0975E-02,0.030813537565608087
 3.0992E-02,0.03217754265570607
 3.1009E-02,0.03320684199720018
 3.1025E-02,0.0338247525438549
 3.1042E-02,0.03387644591638178
 3.1059E-02,0.033183199152559816
 3.1076E-02,0.03160289856059431
 3.1093E-02,0.02907315265641465
 3.1110E-02,0.02563187793899304
 3.1127E-02,0.02141671071065872
 3.1144E-02,0.01663830455531185
 3.1160E-02,0.011530849212497873
 3.1177E-02,0.0062988750864409705
 3.1194E-02,0.0010803861085540893
 3.1211E-02,-0.004061146302040422
 3.1228E-02,-0.009110600240950676
 3.1245E-02,-0.014049707074022172
 3.1262E-02,-0.018803015447477856
 3.1279E-02,-0.02320192820616926
 3.1296E-02,-0.026976717830837566
 3.1312E-02,-0.02978139664629629
 3.1329E-02,-0.03125068446975407
 3.1346E-02,-0.031072053020017393
 3.1363E-02,-0.029048311051093918
 3.1380E-02,-0.02514050464309368
 3.1397E-02,-0.019490784850254298
 3.1414E-02,-0.012418204677408187
 3.1431E-02,-0.004381535733536059
 3.1447E-02,0.004084300145822291
 3.1464E-02,0.01244231646522103
 3.1481E-02,0.020212010810407355
 3.1498E-02,0.026984465490052137
 3.1515E-02,0.03239376580609683
 3.1532E-02,0.03608495959238126
 3.1549E-02,0.03772557101188749
 3.1566E-02,0.03707869472030235
 3.1582E-02,0.0341190968898376
 3.1599E-02,0.02913447126145767
 3.1616E-02,0.02274292810378236
 3.1633E-02,0.01580324193386661
 3.1650E-02,0.00924597171820165
 3.1667E-02,0.0038728545633436376
 3.1684E-02,0.00018321880182948277
 3.1701E-02,-0.0017128954978661106
 3.1718E-02,-0.002068544365788839
 3.1734E-02,-0.001381996422313491
 3.1751E-02,-0.00023319076849765124
 3.1768E-02,0.000875158355532514
 3.1785E-02,0.0016235843375730758
 3.1802E-02,0.0019037231558644355
 3.1819E-02,0.0017786428999563707
 3.1836E-02,0.0014060178002456543
 3.1853E-02,0.0009579437419721315
 3.1869E-02,0.0005747170494474303
 3.1886E-02,0.00037729568680558797
 3.1903E-02,0.0005192799334032322
 3.1920E-02,0.0012267613040347035
 3.1937E-02,0.002781245185093482
 3.1954E-02,0.005432155103807958
 3.1971E-02,0.009270807676728318
 3.1988E-02,0.014134436331279178
 3.2004E-02,0.0195917236865583
 3.2021E-02,0.025001037413954357
 3.2038E-02,0.029602249694988557
 3.2055E-02,0.032622682785043426
 3.2072E-02,0.03339372436803308
 3.2089E-02,0.0314706447366588
 3.2106E-02,0.026741784403832472
 3.2123E-02,0.019492601244694003
 3.2140E-02,0.010372934285611332
 3.2156E-02,0.0002561371742386097
 3.2173E-02,-0.009956917808944985
 3.2190E-02,-0.01951986644107092
 3.2207E-02,-0.027952538926505226
 3.2224E-02,-0.03503841620476428
 3.2241E-02,-0.040714258974232205
 3.2258E-02,-0.044931699207802156
 3.2275E-02,-0.047578376895224206
 3.2291E-02,-0.04848245140577228
 3.2308E-02,-0.047465791709140844
 3.2325E-02,-0.04440421283956396
 3.2342E-02,-0.03927308770012452
 3.2359E-02,-0.03217649220149071
 3.2376E-02,-0.023378151989622713
 3.2393E-02,-0.01333528269781628
 3.2410E-02,-0.0026864619298979184
 3.2426E-02,0.0078459028848986
 3.2443E-02,0.01759924653345076
 3.2460E-02,0.026084772534751978
 3.2477E-02,0.033035385033301445
 3.2494E-02,0.038388897009327114
 3.2511E-02,0.04220906313312401
 3.2528E-02,0.04456463113436558
 3.2545E-02,0.04544571714382145
 3.2562E-02,0.04480133421300675
 3.2578E-02,0.04266300781969071
 3.2595E-02,0.03923173599528894
 3.2612E-02,0.03487160309181077
 3.2629E-02,0.030036628908672362
 3.2646E-02,0.025153175915445674
 3.2663E-02,0.02050074825321898
 3.2680E-02,0.01615334489633975
 3.2697E-02,0.01197531841813572
 3.2713E-02,0.007646259254076475
 3.2730E-02,0.0027478679331858205
 3.2747E-02,-0.0030838741727205717
 3.2764E-02,-0.01002864988627088
 3.2781E-02,-0.018024800904565062
 3.2798E-02,-0.026748925088566917
 3.2815E-02,-0.03563937615007784
 3.2832E-02,-0.04400222175407741
 3.2848E-02,-0.051132816626513526
 3.2865E-02,-0.05636039647895359
 3.2882E-02,-0.059054523530354015
 3.2899E-02,-0.05868389048206624
 3.2916E-02,-0.0549237605194954
 3.2933E-02,-0.047759787667106375
 3.2950E-02,-0.03756310853505579
 3.2967E-02,-0.02509619647020852
 3.2984E-02,-0.011395206617014712
 3.3000E-02,0.002433893142096008
 3.3017E-02,0.015353852623948405
 3.3034E-02,0.026374330268708314
 3.3051E-02,0.03448415240577379
 3.3068E-02,0.03871222924376598
 3.3085E-02,0.03833199084071822
 3.3102E-02,0.0331197746816147
 3.3119E-02,0.023570834519399182
 3.3135E-02,0.010939901023333363
 3.3152E-02,-0.002978381714871586
 3.3169E-02,-0.0162436652590586
 3.3186E-02,-0.02718075489722096
 3.3203E-02,-0.034698852977021
 3.3220E-02,-0.038432240147965
 3.3237E-02,-0.038653209862598875
 3.3254E-02,-0.03602576476760897
 3.3270E-02,-0.031334896616224066
 3.3287E-02,-0.025285153556592437
 3.3304E-02,-0.018425124682718737
 3.3321E-02,-0.011207269331013051
 3.3338E-02,-0.0040799406294474375
 3.3355E-02,0.0025020292835686367
 3.3372E-02,0.00812979790746108
 3.3389E-02,0.01250531482062452
 3.3406E-02,0.015533102223658547
 3.3422E-02,0.017400380319386198
 3.3439E-02,0.018564664726454613
 3.3456E-02,0.019681682558576854
 3.3473E-02,0.021484608539309686
 3.3490E-02,0.024516681671439867
 3.3507E-02,0.028827885027461343
 3.3524E-02,0.0339094757143073
 3.3541E-02,0.0388663498408025
 3.3557E-02,0.04267066330616487
 3.3574E-02,0.044448853343807194
 3.3591E-02,0.043677635170424486
 3.3608E-02,0.04016062333251518
 3.3625E-02,0.03391837479371339
 3.3642E-02,0.025152224969712145
 3.3659E-02,0.014228649891018016
 3.3676E-02,0.0016148162945863378
 3.3692E-02,-0.012173659369361023
 3.3709E-02,-0.026576291411545366
 3.3726E-02,-0.0410105599473296
 3.3743E-02,-0.05493380018178974
 3.3760E-02,-0.06787063692963477
 3.3777E-02,-0.07937791080027734
 3.3794E-02,-0.08899525427116006
 3.3811E-02,-0.09623153395871784
 3.3828E-02,-0.10062986791818442
 3.3844E-02,-0.10188241926818023
 3.3861E-02,-0.0998406292722087
 3.3878E-02,-0.09439671251521187
 3.3895E-02,-0.08547836782596796
 3.3912E-02,-0.07322561207766587
 3.3929E-02,-0.058081687451230796
 3.3946E-02,-0.04073979756425698
 3.3963E-02,-0.02213446195605237
 3.3979E-02,-0.003388759826888261
 3.3996E-02,0.0143653135476675
 3.4013E-02,0.030048997104119297
 3.4030E-02,0.04261212725324517
 3.4047E-02,0.05116061268128098
 3.4064E-02,0.055090756581629
 3.4081E-02,0.05418187757732357
 3.4098E-02,0.048856613424692094
 3.4114E-02,0.0403477367452508
 3.4131E-02,0.03041824663981605
 3.4148E-02,0.020877575665388462
 3.4165E-02,0.013168336015369196
 3.4182E-02,0.008060269120313351
 3.4199E-02,0.005594120028641797
 3.4216E-02,0.005237523093577445
 3.4233E-02,0.006013333841368327
 3.4250E-02,0.006705090647250484
 3.4266E-02,0.006270703741728221
 3.4283E-02,0.004103055672232325
 3.4300E-02,-8.58908748079942e-05
 3.4317E-02,-0.006374068962419808
 3.4334E-02,-0.014488360731426536
 3.4351E-02,-0.02375610182298293
 3.4368E-02,-0.033341229752481064
 3.4385E-02,-0.042400808236138905
 3.4401E-02,-0.04998061099466484
 3.4418E-02,-0.054962758480074245
 3.4435E-02,-0.05620695171668064
 3.4452E-02,-0.05279510823333773
 3.4469E-02,-0.044423091538062544
 3.4486E-02,-0.03174400506525455
 3.4503E-02,-0.01625576039126765
 3.4520E-02,0.00014488669424534903
 3.4536E-02,0.015527708153148528
 3.4553E-02,0.028174364230619715
 3.4570E-02,0.03670856219861807
 3.4587E-02,0.04001090821563035
 3.4604E-02,0.03722431234570391
 3.4621E-02,0.028123829773442664
 3.4638E-02,0.013431361353477136
 3.4655E-02,-0.005293181109627825
 3.4672E-02,-0.025983090353770923
 3.4688E-02,-0.046506963995521906
 3.4705E-02,-0.06518774210069617
 3.4722E-02,-0.08096373279911341
 3.4739E-02,-0.09303425364636905
 3.4756E-02,-0.10063226532578184
 3.4773E-02,-0.10329575111218511
 3.4790E-02,-0.1011623120276478
 3.4807E-02,-0.09497873460557422
 3.4823E-02,-0.0859046323187936
 3.4840E-02,-0.07501083825754039
 3.4857E-02,-0.06276788913576102
 3.4874E-02,-0.04922102953446125
 3.4891E-02,-0.034602619677955714
 3.4908E-02,-0.01947901658867095
 3.4925E-02,-0.004486690749476229
 3.4942E-02,0.009720296446579738
 3.4958E-02,0.022452588324650496
 3.4975E-02,0.033187112145513675
 3.4992E-02,0.041657361786716376
 3.5009E-02,0.04777056790108275
 3.5026E-02,0.05169899804134599
 3.5043E-02,0.053903261780275845
 3.5060E-02,0.05470889275549493
 3.5077E-02,0.05408373702049163
 3.5094E-02,0.05216095142324425
 3.5110E-02,0.04943815240565108
 3.5127E-02,0.046062930028072324
 3.5144E-02,0.041634027040993386
 3.5161E-02,0.0358311175446737
 3.5178E-02,0.028382810174872167
 3.5195E-02,0.01871781526438992
 3.5212E-02,0.006568571160614692
 3.5229E-02,-0.0075652457773943155
 3.5245E-02,-0.02307727562906736
 3.5262E-02,-0.03963423581329774
 3.5279E-02,-0.056755625057792934
 3.5296E-02,-0.0738361140468057
 3.5313E-02,-0.09043327942486953
 3.5330E-02,-0.10586807245685653
 3.5347E-02,-0.11898287615719148
 3.5364E-02,-0.1288484328218645
 3.5380E-02,-0.13519470823555577
 3.5397E-02,-0.13779853913310486
 3.5414E-02,-0.13599481226004093
 3.5431E-02,-0.12890946342935897
 3.5448E-02,-0.11575882248474823
 3.5465E-02,-0.096337756102735
 3.5482E-02,-0.0718380080482896
 3.5499E-02,-0.04476173143054582
 3.5516E-02,-0.01766932822265023
 3.5532E-02,0.007427290140118805
 3.5549E-02,0.02853180289719749
 3.5566E-02,0.043683954471738465
 3.5583E-02,0.051622778867577615
 3.5600E-02,0.05175192753303816
 3.5617E-02,0.04411719890525715
 3.5634E-02,0.030107878655208482
 3.5651E-02,0.012334572041372019
 3.5667E-02,-0.00641903570154332
 3.5684E-02,-0.023501967530932904
 3.5701E-02,-0.036469467619700255
 3.5718E-02,-0.04393211326093373
 3.5735E-02,-0.04592021379122204
 3.5752E-02,-0.043219405036056514
 3.5769E-02,-0.03699138104845345
 3.5786E-02,-0.028702073925978358
 3.5802E-02,-0.019569720651158473
 3.5819E-02,-0.010332104503805563
 3.5836E-02,-0.0018309707692261267
 3.5853E-02,0.004812332795424587
 3.5870E-02,0.00876251315333663
 3.5887E-02,0.009601596188701293
 3.5904E-02,0.007123472683923277
 3.5921E-02,0.0018412263897679996
 3.5938E-02,-0.004591582315043624
 3.5954E-02,-0.010060484056638857
 3.5971E-02,-0.012603409812511788
 3.5988E-02,-0.01046976575321593
 3.6005E-02,-0.002875860273908205
 3.6022E-02,0.009104298253098123
 3.6039E-02,0.023143052874653895
 3.6056E-02,0.03671637152753645
 3.6073E-02,0.047178363240678374
 3.6089E-02,0.05222403218669999
 3.6106E-02,0.05117559512228697
 3.6123E-02,0.044797218053400034
 3.6140E-02,0.03375784241515708
 3.6157E-02,0.018410455354768325
 3.6174E-02,-0.0004894828128778651
 3.6191E-02,-0.022094018706708615
 3.6208E-02,-0.04575779764798125
 3.6224E-02,-0.07030709732885869
 3.6241E-02,-0.09400339002611864
 3.6258E-02,-0.11542673940196042
 3.6275E-02,-0.13349153327602178
 3.6292E-02,-0.14707304501452773
 3.6309E-02,-0.1554472504639582
 3.6326E-02,-0.1586587565845722
 3.6343E-02,-0.15730062980427925
 3.6360E-02,-0.15217486578203418
 3.6376E-02,-0.14385563693428427
 3.6393E-02,-0.1325292595826546
 3.6410E-02,-0.11834376663077224
 3.6427E-02,-0.10144309451298296
 3.6444E-02,-0.08170735512149771
 3.6461E-02,-0.05924549235101151
 3.6478E-02,-0.03504508739476116
 3.6495E-02,-0.010548933437610361
 3.6511E-02,0.012762860221120356
 3.6528E-02,0.03297726019578846
 3.6545E-02,0.0481919834239732
 3.6562E-02,0.057713725970358086
 3.6579E-02,0.061910759897345534
 3.6596E-02,0.06128271984164333
 3.6613E-02,0.056609870639628565
 3.6630E-02,0.04953970953599026
 3.6646E-02,0.04200889381681264
 3.6663E-02,0.035010816800098106
 3.6680E-02,0.028664466750476448
 3.6697E-02,0.023276758553559096
 3.6714E-02,0.01903117238107585
 3.6731E-02,0.01511070842940344
 3.6748E-02,0.010590231262897699
 3.6765E-02,0.0051972383186438854
 3.6782E-02,-0.0016297123082719446
 3.6798E-02,-0.010711863353089561
 3.6815E-02,-0.022039982385665707
 3.6832E-02,-0.03520994986607053
 3.6849E-02,-0.0499858251838228
 3.6866E-02,-0.06544977215655967
 3.6883E-02,-0.08008652533144311
 3.6900E-02,-0.09295405690224039
 3.6917E-02,-0.10336151581880604
 3.6933E-02,-0.1099307881060949
 3.6950E-02,-0.111198107741099
 3.6967E-02,-0.10641812480955029
 3.6984E-02,-0.09524401102395585
 3.7001E-02,-0.0778492418705969
 3.7018E-02,-0.055748641898579504
 3.7035E-02,-0.03118866321711315
 3.7052E-02,-0.005907328910854392
 3.7068E-02,0.018031866432051912
 3.7085E-02,0.03714072499363902
 3.7102E-02,0.04790232406751536
 3.7119E-02,0.04829507900178807
 3.7136E-02,0.03764756938377241
 3.7153E-02,0.01719081804692565
 3.7170E-02,-0.0091262197671629
 3.7187E-02,-0.03641857747993574
 3.7204E-02,-0.06141211538087247
 3.7220E-02,-0.082773386085232
 3.7237E-02,-0.10015141005421163
 3.7254E-02,-0.11318473158783075
 3.7271E-02,-0.12086962156304085
 3.7288E-02,-0.12209450696949535
 3.7305E-02,-0.11688273889594838
 3.7322E-02,-0.10680833905265687
 3.7339E-02,-0.09405794173920703
 3.7355E-02,-0.08004868381361803
 3.7372E-02,-0.06491336581173798
 3.7389E-02,-0.048377880280036714
 3.7406E-02,-0.030837500490588855
 3.7423E-02,-0.013351217497796549
 3.7440E-02,0.002693693921529402
 3.7457E-02,0.016057771953676792
 3.7474E-02,0.02650110315133961
 3.7490E-02,0.03450864198325198
 3.7507E-02,0.04036120659180245
 3.7524E-02,0.044366993129140345
 3.7541E-02,0.047402350915785485
 3.7558E-02,0.050363062604663264
 3.7575E-02,0.053167974352841645
 3.7592E-02,0.05527097489249677
 3.7609E-02,0.05675123127497565
 3.7626E-02,0.057313989361831075
 3.7642E-02,0.05554110621167362
 3.7659E-02,0.05041131626285056
 3.7676E-02,0.04164569472863314
 3.7693E-02,0.028543679247607593
 3.7710E-02,0.01096154554617619
 3.7727E-02,-0.009117520833035162
 3.7744E-02,-0.029409443610217315
 3.7761E-02,-0.04946223538104015
 3.7777E-02,-0.06948129711726589
 3.7794E-02,-0.08943133165994557
 3.7811E-02,-0.10947560849676659
 3.7828E-02,-0.12891503076401348
 3.7845E-02,-0.14587288077339147
 3.7862E-02,-0.15934916320368162
 3.7879E-02,-0.1696145722070427
 3.7896E-02,-0.17630515186398463
 3.7912E-02,-0.17826762855055628
 3.7929E-02,-0.17469390810756089
 3.7946E-02,-0.1645039630910229
 3.7963E-02,-0.14632827054116682
 3.7980E-02,-0.12094087305843619
 3.7997E-02,-0.09175386912545468
 3.8014E-02,-0.06192285451104802
 3.8031E-02,-0.03309497605114
 3.8048E-02,-0.006988987448910661
 3.8064E-02,0.01474820202617565
 3.8081E-02,0.03190327578242114
 3.8098E-02,0.0443317638569947
 3.8115E-02,0.05081073075107161
 3.8132E-02,0.0508087473409983
 3.8149E-02,0.044693793520246175
 3.8166E-02,0.03228995400466545
 3.8183E-02,0.014506040879868547
 3.8199E-02,-0.0049658281757813776
 3.8216E-02,-0.021905671867717677
 3.8233E-02,-0.03346305647302783
 3.8250E-02,-0.037742236119379324
 3.8267E-02,-0.03466480494898196
 3.8284E-02,-0.026783345153839934
 3.8301E-02,-0.017165389390170864
 3.8318E-02,-0.007598451821575435
 3.8334E-02,0.00043473704987655355
 3.8351E-02,0.005108905757878847
 3.8368E-02,0.0054557879139332625
 3.8385E-02,0.001849276183318707
 3.8402E-02,-0.004780508719090793
 3.8419E-02,-0.013068872258909828
 3.8436E-02,-0.02123993193815731
 3.8453E-02,-0.028374102467419747
 3.8470E-02,-0.034727191222531054
 3.8486E-02,-0.03948845724340173
 3.8503E-02,-0.0396078634686203
 3.8520E-02,-0.032443906976582434
 3.8537E-02,-0.01820205245091211
 3.8554E-02,0.0008862404798727699
 3.8571E-02,0.021444125495638795
 3.8588E-02,0.039050975190730426
 3.8605E-02,0.049929654984069934
 3.8621E-02,0.05266685454319696
 3.8638E-02,0.047654716094575625
 3.8655E-02,0.035676050886517124
 3.8672E-02,0.01775360957296494
 3.8689E-02,-0.00434484798142918
 3.8706E-02,-0.02881074219805409
 3.8723E-02,-0.05477319797691076
 3.8740E-02,-0.08151041986392954
 3.8756E-02,-0.1075933756477449
 3.8773E-02,-0.13153507317129556
 3.8790E-02,-0.1515584193696519
 3.8807E-02,-0.1650290792625742
 3.8824E-02,-0.17043822847549728
 3.8841E-02,-0.1690564009461574
 3.8858E-02,-0.16379606207166414
 3.8875E-02,-0.15754242320721393
 3.8892E-02,-0.1513356124322075
 3.8908E-02,-0.14345789090464248
 3.8925E-02,-0.1317526054656521
 3.8942E-02,-0.11586755157766496
 3.8959E-02,-0.09625620117996106
 3.8976E-02,-0.07340071521096211
 3.8993E-02,-0.04849099244082475
 3.9010E-02,-0.02241428039185962
 3.9027E-02,0.004524822467821779
 3.9043E-02,0.029738116702487796
 3.9060E-02,0.04871857821596187
 3.9077E-02,0.0597502609964605
 3.9094E-02,0.06427682973283423
 3.9111E-02,0.063347927635212
 3.9128E-02,0.058108938733044985
 3.9145E-02,0.05156899937658091
 3.9162E-02,0.04598598700196035
 3.9178E-02,0.040903686779170584
 3.9195E-02,0.035705627441664486
 3.9212E-02,0.030877629071684436
 3.9229E-02,0.02593759818428086
 3.9246E-02,0.019613969133326133
 3.9263E-02,0.011848068382496503
 3.9280E-02,0.0028174842758411298
 3.9297E-02,-0.008466505004926511
 3.9314E-02,-0.02230057150646233
 3.9330E-02,-0.03718373138177265
 3.9347E-02,-0.05205328043295262
 3.9364E-02,-0.06689111772261028
 3.9381E-02,-0.08079660110237405
 3.9398E-02,-0.09269762827352736
 3.9415E-02,-0.10308368279817481
 3.9432E-02,-0.11231846478355681
 3.9449E-02,-0.11935970494689951
 3.9465E-02,-0.12334108503579835
 3.9482E-02,-0.12346650345525308
 3.9499E-02,-0.117786369723516
 3.9516E-02,-0.10475833597252061
 3.9533E-02,-0.08454566123226054
 3.9550E-02,-0.057864241636002484
 3.9567E-02,-0.026414672524781573
 3.9584E-02,0.005600943712135917
 3.9600E-02,0.03295723871267554
 3.9617E-02,0.051524769909929484
 3.9634E-02,0.05810223811795249
 3.9651E-02,0.05079803618425311
 3.9668E-02,0.03123334695854462
 3.9685E-02,0.004938261713151419
 3.9702E-02,-0.021787993537264946
 3.9719E-02,-0.04516632690541032
 3.9736E-02,-0.06444495684740377
 3.9752E-02,-0.08065921452341493
 3.9769E-02,-0.09492899815584459
 3.9786E-02,-0.10660922026757973
 3.9803E-02,-0.11326801563358779
 3.9820E-02,-0.11293733620576234
 3.9837E-02,-0.10549161013377166
 3.9854E-02,-0.09225914016455175
 3.9871E-02,-0.07572608454011924
 3.9887E-02,-0.05871972540796952
 3.9904E-02,-0.04242810901058647
 3.9921E-02,-0.026348326171897786
 3.9938E-02,-0.010851537979776922
 3.9955E-02,0.0023517408227397684
 3.9972E-02,0.012732197476994883
 3.9989E-02,0.0212912041011251
 4.0006E-02,0.028346538836639852
 4.0022E-02,0.03361633925315061
 4.0039E-02,0.037786982279670284
 4.0056E-02,0.04154658646635224
 4.0073E-02,0.044540854795205434
 4.0090E-02,0.04695015738864621
 4.0107E-02,0.04968674859842846
 4.0124E-02,0.052311456413238054
 4.0141E-02,0.05373132978711355
 4.0158E-02,0.054077316870970386
 4.0174E-02,0.05274558074867635
 4.0191E-02,0.04708591067886307
 4.0208E-02,0.03535564358823421
 4.0225E-02,0.018221082757916836
 4.0242E-02,-0.0027832424718002118
 4.0259E-02,-0.025626025413249872
 4.0276E-02,-0.04775805804933157
 4.0293E-02,-0.06794582070184321
 4.0309E-02,-0.0869485370330674
 4.0326E-02,-0.10553757409041217
 4.0343E-02,-0.12345730225242682
 4.0360E-02,-0.14015873112299984
 4.0377E-02,-0.1548874605096186
 4.0394E-02,-0.1662894587223131
 4.0411E-02,-0.1729171921294962
 4.0428E-02,-0.1742386438149296
 4.0444E-02,-0.17063461544169514
 4.0461E-02,-0.16226212531428877
 4.0478E-02,-0.14861143419134065
 4.0495E-02,-0.12932738983779674
 4.0512E-02,-0.10515199782847615
 4.0529E-02,-0.07831249898282205
 4.0546E-02,-0.05180835175536996
 4.0563E-02,-0.02769393171059941
 4.0580E-02,-0.006152330937087655
 4.0596E-02,0.013509270004889915
 4.0613E-02,0.03129571956668795
 4.0630E-02,0.04594774067441866
 4.0647E-02,0.05522203357563852
 4.0664E-02,0.05675053891058811
 4.0681E-02,0.04947536878031256
 4.0698E-02,0.03453332120278052
 4.0715E-02,0.0153467005332379
 4.0731E-02,-0.0027342183164146064
 4.0748E-02,-0.01484674920292703
 4.0765E-02,-0.01935253799108793
 4.0782E-02,-0.01727182140220269
 4.0799E-02,-0.010913019186325163
 4.0816E-02,-0.003604906804037766
 4.0833E-02,0.0016176573899749584
 4.0850E-02,0.003281124903946291
 4.0866E-02,0.0011402282227084871
 4.0883E-02,-0.00418661621951297
 4.0900E-02,-0.011165790527178214
 4.0917E-02,-0.017815241785865184
 4.0934E-02,-0.02282561020854397
 4.0951E-02,-0.026639927280342368
 4.0968E-02,-0.030970785134683612
 4.0985E-02,-0.036703458646887364
 4.1002E-02,-0.042602881627019834
 4.1018E-02,-0.04572778288041227
 4.1035E-02,-0.042869908926306446
 4.1052E-02,-0.03286081397212444
 4.1069E-02,-0.017399167865832524
 4.1086E-02,0.0008669905681023098
 4.1103E-02,0.019259014010376517
 4.1120E-02,0.03448471894805854
 4.1137E-02,0.04406496244275123
 4.1153E-02,0.04743329988341735
 4.1170E-02,0.043870022438408075
 4.1187E-02,0.03232403951306443
 4.1204E-02,0.014008204472130907
 4.1221E-02,-0.009093697474902317
 4.1238E-02,-0.03652192567869697
 4.1255E-02,-0.06601557169463323
 4.1272E-02,-0.09307105619080545
 4.1288E-02,-0.1157083686087543
 4.1305E-02,-0.13326522243983427
 4.1322E-02,-0.14321382373029065
 4.1339E-02,-0.1450088836027057
 4.1356E-02,-0.14235900877827462
 4.1373E-02,-0.13886797597729442
 4.1390E-02,-0.13573175164211687
 4.1407E-02,-0.13338427655448518
 4.1424E-02,-0.13087367138391104
 4.1440E-02,-0.12481391640138637
 4.1457E-02,-0.11270465150722579
 4.1474E-02,-0.09535772913903585
 4.1491E-02,-0.07402002995963912
 4.1508E-02,-0.04840748184593465
 4.1525E-02,-0.019346551912739485
 4.1542E-02,0.00953075684677529
 4.1559E-02,0.033924718074820476
 4.1575E-02,0.05066136524303633
 4.1592E-02,0.05795488621512472
 4.1609E-02,0.05671153875258805
 4.1626E-02,0.05071725503135505
 4.1643E-02,0.04398747064071583
 4.1660E-02,0.03908487721062286
 4.1677E-02,0.03690942101650758
 4.1694E-02,0.03654320862903676
 4.1710E-02,0.03649497880157007
 4.1727E-02,0.03582653657669529
 4.1744E-02,0.03365375320765072
 4.1761E-02,0.02912592359114835
 4.1778E-02,0.021688283180638743
 4.1795E-02,0.01074304255753512
 4.1812E-02,-0.0034000790372514227
 4.1829E-02,-0.0187167093636311
 4.1846E-02,-0.03344482349210937
 4.1862E-02,-0.04729475038765809
 4.1879E-02,-0.059749595699662185
 4.1896E-02,-0.06959313740022378
 4.1913E-02,-0.07696261369318846
 4.1930E-02,-0.08397249402799047
 4.1947E-02,-0.09223142553601264
 4.1964E-02,-0.1011136233093681
 4.1981E-02,-0.10884388759647814
 4.1997E-02,-0.11335675132454011
 4.2014E-02,-0.11238550089512359
 4.2031E-02,-0.10418814566002532
 4.2048E-02,-0.08781273872820222
 4.2065E-02,-0.06337299095767226
 4.2082E-02,-0.033495956506420045
 4.2099E-02,-0.003015610052259622
 4.2116E-02,0.023747993352700246
 4.2132E-02,0.043444686963043405
 4.2149E-02,0.05250003096618304
 4.2166E-02,0.04895131398026333
 4.2183E-02,0.03502670969779283
 4.2200E-02,0.015721505185453184
 4.2217E-02,-0.004598251764801536
 4.2234E-02,-0.023040950719311223
 4.2251E-02,-0.03796937047785922
 4.2268E-02,-0.050078253876403835
 4.2284E-02,-0.06134715981667985
 4.2301E-02,-0.07187476480326838
 4.2318E-02,-0.07995180803956298
 4.2335E-02,-0.0843290632994518
 4.2352E-02,-0.08399720394122577
 4.2369E-02,-0.07757564786695277
 4.2386E-02,-0.06538873257876897
 4.2403E-02,-0.05026933262100606
 4.2419E-02,-0.03482520269217588
 4.2436E-02,-0.019935067882757423
 4.2453E-02,-0.006290866517350667
 4.2470E-02,0.004786890189835798
 4.2487E-02,0.012661414593877308
 4.2504E-02,0.0180838363284215
 4.2521E-02,0.022063854143247186
 4.2538E-02,0.02509047224243705
 4.2554E-02,0.027621876459102274
 4.2571E-02,0.030208768303363918
 4.2588E-02,0.03310750003774903
 4.2605E-02,0.036550883857991705
 4.2622E-02,0.04106018142048544
 4.2639E-02,0.04684387386833768
 4.2656E-02,0.05322318563593389
 4.2673E-02,0.05876499943441806
 4.2690E-02,0.06135786816535864
 4.2706E-02,0.058557154089239186
 4.2723E-02,0.04862352229604247
 4.2740E-02,0.03149205753321344
 4.2757E-02,0.009292644636019858
 4.2774E-02,-0.014595038024829116
 4.2791E-02,-0.037359682687160625
 4.2808E-02,-0.05698823061637712
 4.2825E-02,-0.07246316167532628
 4.2841E-02,-0.08496922929772609
 4.2858E-02,-0.09667783952288989
 4.2875E-02,-0.10822835602020985
 4.2892E-02,-0.11914719728075687
 4.2909E-02,-0.1290597533192161
 4.2926E-02,-0.13681017144164537
 4.2943E-02,-0.14012655415667497
 4.2960E-02,-0.1375073219107797
 4.2976E-02,-0.12957519992986322
 4.2993E-02,-0.11783742625322013
 4.3010E-02,-0.10298290017283378
 4.3027E-02,-0.08530691029933245
 4.3044E-02,-0.06596946552019795
 4.3061E-02,-0.046413402034393994
 4.3078E-02,-0.027219997382116678
 4.3095E-02,-0.00881565945837047
 4.3112E-02,0.008158364598381242
 4.3128E-02,0.023752783390128547
 4.3145E-02,0.03775194708891384
 4.3162E-02,0.048415865316216555
 4.3179E-02,0.054024864030686584
 4.3196E-02,0.054044061575632935
 4.3213E-02,0.048117858894431736
 4.3230E-02,0.03659328174477249
 4.3247E-02,0.022423778222327433
 4.3263E-02,0.009558035474521297
 4.3280E-02,-0.00018811324417518718
 4.3297E-02,-0.006393984446181246
 4.3314E-02,-0.008665293454810848
 4.3331E-02,-0.007610208737459241
 4.3348E-02,-0.004856351517476877
 4.3365E-02,-0.001988972153101255
 4.3382E-02,-0.0003213308135019447
 4.3398E-02,-0.0006283096539274194
 4.3415E-02,-0.002894416459643402
 4.3432E-02,-0.006960022987582051
 4.3449E-02,-0.012791878408964355
 4.3466E-02,-0.01982362847480205
 4.3483E-02,-0.02691845789610762
 4.3500E-02,-0.033143830097058104
 4.3517E-02,-0.03783155088491117
 4.3534E-02,-0.03965319343758718
 4.3550E-02,-0.03658581325751667
 4.3567E-02,-0.027411731064643348
 4.3584E-02,-0.012842300070842057
 4.3601E-02,0.0045567431994537
 4.3618E-02,0.021211392698734975
 4.3635E-02,0.03400986212594777
 4.3652E-02,0.04141607497511123
 4.3669E-02,0.04327657991846027
 4.3685E-02,0.040004436169196314
 4.3702E-02,0.032201843524675505
 4.3719E-02,0.02070557116774004
 4.3736E-02,0.006354576489509834
 4.3753E-02,-0.011011530791975572
 4.3770E-02,-0.0318356703699216
 4.3787E-02,-0.05396586982080777
 4.3804E-02,-0.07378225846090397
 4.3820E-02,-0.08982062163469859
 4.3837E-02,-0.10165898558033912
 4.3854E-02,-0.10795077567433611
 4.3871E-02,-0.10840096887275366
 4.3888E-02,-0.10523609565810282
 4.3905E-02,-0.10090195757165063
 4.3922E-02,-0.09606792514979512
 4.3939E-02,-0.09111053094357553
 4.3956E-02,-0.08628050896259487
 4.3972E-02,-0.07990229061384624
 4.3989E-02,-0.07021656769376589
 4.4006E-02,-0.0573485659544104
 4.4023E-02,-0.0413933964470375
 4.4040E-02,-0.022128142926892254
 4.4057E-02,-0.0012286037371276662
 4.4074E-02,0.01817374717243286
 4.4091E-02,0.03385829326704483
 4.4107E-02,0.04463369467876998
 4.4124E-02,0.049355596838540586
 4.4141E-02,0.04840566266879688
 4.4158E-02,0.04473024386310044
 4.4175E-02,0.040975663060249176
 4.4192E-02,0.03791075025902306
 4.4209E-02,0.03606483982249402
 4.4226E-02,0.03540539981791224
 4.4242E-02,0.03418332706408517
 4.4259E-02,0.03086433093072094
 4.4276E-02,0.02608163223628352
 4.4293E-02,0.020493371730122608
 4.4310E-02,0.012772989006335009
 4.4327E-02,0.002471139724689037
 4.4344E-02,-0.008150452599159063
 4.4361E-02,-0.01755020034427173
 4.4378E-02,-0.0268801260563163
 4.4394E-02,-0.036986074021904104
 4.4411E-02,-0.046681757090586126
 4.4428E-02,-0.054916519689157936
 4.4445E-02,-0.06169169003146359
 4.4462E-02,-0.06725532878752664
 4.4479E-02,-0.07237536160131383
 4.4496E-02,-0.07747131760074584
 4.4513E-02,-0.08095376444480408
 4.4529E-02,-0.08072190573713436
 4.4546E-02,-0.07587065411344153
 4.4563E-02,-0.06542273511906842
 4.4580E-02,-0.048739096870099
 4.4597E-02,-0.02773988532322177
 4.4614E-02,-0.006022895168610671
 4.4631E-02,0.013804044599740804
 4.4648E-02,0.030178542574931477
 4.4664E-02,0.040910095110489625
 4.4681E-02,0.044133115412317236
 4.4698E-02,0.039898241536204714
 4.4715E-02,0.029542924573930145
 4.4732E-02,0.01576154204094471
 4.4749E-02,0.0022612051820062023
 4.4766E-02,-0.009090160471522286
 4.4783E-02,-0.0194229251572674
 4.4800E-02,-0.02968417042000935
 4.4816E-02,-0.03871035458192168
 4.4833E-02,-0.04595590264820101
 4.4850E-02,-0.05132442185866009
 4.4867E-02,-0.05266017675840357
 4.4884E-02,-0.04867148990314976
 4.4901E-02,-0.04109624832186521
 4.4918E-02,-0.0320689165327714
 4.4935E-02,-0.022928128816395353
 4.4951E-02,-0.01485067011801894
 4.4968E-02,-0.008259779069950481
 4.4985E-02,-0.0021683193352790755
 4.5002E-02,0.004088342794874781
 4.5019E-02,0.009727185846220347
 4.5036E-02,0.014537826631280427
 4.5053E-02,0.019502895908724487
 4.5070E-02,0.024789392689808676
 4.5086E-02,0.029248644426358633
 4.5103E-02,0.03238468710845414
 4.5120E-02,0.03514231144937955
 4.5137E-02,0.03797952366104931
 4.5154E-02,0.040614633402504076
 4.5171E-02,0.04342892469449828
 4.5188E-02,0.0462625273492799
 4.5205E-02,0.04788054753653248
 4.5222E-02,0.047641187940669634
 4.5238E-02,0.0446546086878862
 4.5255E-02,0.03685416043277263
 4.5272E-02,0.023782946593830248
 4.5289E-02,0.007711511593913922
 4.5306E-02,-0.009289285303254988
 4.5323E-02,-0.025910073869505605
 4.5340E-02,-0.03998958455691881
 4.5357E-02,-0.05031376780089731
 4.5373E-02,-0.05839007781319797
 4.5390E-02,-0.06615013699933331
 4.5407E-02,-0.07375562014216716
 4.5424E-02,-0.08033350894710604
 4.5441E-02,-0.08505894739497208
 4.5458E-02,-0.08700244925276221
 4.5475E-02,-0.08537845248772247
 4.5492E-02,-0.08050759561644497
 4.5508E-02,-0.07368577003428568
 4.5525E-02,-0.06567368611348144
 4.5542E-02,-0.055937840594400934
 4.5559E-02,-0.044038954400510186
 4.5576E-02,-0.03061256264377751
 4.5593E-02,-0.016421137927775678
 4.5610E-02,-0.002317495235380709
 4.5627E-02,0.010230475234466768
 4.5644E-02,0.020542530360907182
 4.5660E-02,0.029313914605874833
 4.5677E-02,0.03675275895556106
 4.5694E-02,0.04221947301596895
 4.5711E-02,0.04548878508773047
 4.5728E-02,0.04590953129234893
 4.5745E-02,0.041938656040451765
 4.5762E-02,0.03363770000260902
 4.5779E-02,0.023454242509754603
 4.5795E-02,0.0138404515815201
 4.5812E-02,0.00616097696962767
 4.5829E-02,0.0014924381547356553
 4.5846E-02,0.0002548349538137606
 4.5863E-02,0.0011799318134384285
 4.5880E-02,0.0023533145089327454
 4.5897E-02,0.0027006282276633067
 4.5914E-02,0.0015916531390555845
 4.5930E-02,-0.001293388071101105
 4.5947E-02,-0.005300843391707985
 4.5964E-02,-0.009380184447838651
 4.5981E-02,-0.012998587783277754
 4.5998E-02,-0.015963823416036693
 4.6015E-02,-0.018051259525940142
 4.6032E-02,-0.0192311214153818
 4.6049E-02,-0.019630870852365718
 4.6066E-02,-0.018730394218975738
 4.6082E-02,-0.015374978992088596
 4.6099E-02,-0.008907319788456224
 4.6116E-02,0.0003596169411374233
 4.6133E-02,0.011376394750184291
 4.6150E-02,0.022413659620448428
 4.6167E-02,0.03153003612127092
 4.6184E-02,0.037500415371854966
 4.6201E-02,0.03973299470777046
 4.6217E-02,0.037796422821235805
 4.6234E-02,0.031956794743748365
 4.6251E-02,0.023099069138678208
 4.6268E-02,0.011781314482963266
 4.6285E-02,-0.0017151953062633975
 4.6302E-02,-0.016637375310754265
 4.6319E-02,-0.03147200175711202
 4.6336E-02,-0.04466136921479853
 4.6352E-02,-0.05526909750894305
 4.6369E-02,-0.06235433321542487
 4.6386E-02,-0.06503613375576886
 4.6403E-02,-0.06404264045676922
 4.6420E-02,-0.06162535290035813
 4.6437E-02,-0.05926853232090457
 4.6454E-02,-0.05692351208901374
 4.6471E-02,-0.05443047220385804
 4.6488E-02,-0.0514085983601725
 4.6504E-02,-0.04655284219151297
 4.6521E-02,-0.03931937201904632
 4.6538E-02,-0.030462824754300462
 4.6555E-02,-0.020049979434514587
 4.6572E-02,-0.007579780695745247
 4.6589E-02,0.006000998287619656
 4.6606E-02,0.018719687904301226
 4.6623E-02,0.029446617782925275
 4.6639E-02,0.03762053400186002
 4.6656E-02,0.042290264917858894
 4.6673E-02,0.04307178613330106
 4.6690E-02,0.04109755092649463
 4.6707E-02,0.03801806813244046
 4.6724E-02,0.03498255353029243
 4.6741E-02,0.03301205782461664
 4.6758E-02,0.03269723577790563
 4.6774E-02,0.03285673984537934
 4.6791E-02,0.03139333558070238
 4.6808E-02,0.027679959767304665
 4.6825E-02,0.022256966205391887
 4.6842E-02,0.015041301506757861
 4.6859E-02,0.005955205808037217
 4.6876E-02,-0.0036445779127150437
 4.6893E-02,-0.012173383009885031
 4.6910E-02,-0.019583484093957656
 4.6926E-02,-0.026391046967935056
 4.6943E-02,-0.0324283289780786
 4.6960E-02,-0.03763928998731793
 4.6977E-02,-0.04221022989546164
 4.6994E-02,-0.04578044646261611
 4.7011E-02,-0.04818579047432008
 4.7028E-02,-0.04994352264628974
 4.7045E-02,-0.050790516273675076
 4.7061E-02,-0.0492990270411568
 4.7078E-02,-0.044454177752687715
 4.7095E-02,-0.03622507869858624
 4.7112E-02,-0.025068360585363075
 4.7129E-02,-0.011939018203228968
 4.7146E-02,0.00194137450777691
 4.7163E-02,0.015571017291791705
 4.7180E-02,0.02787383363459975
 4.7196E-02,0.037252795597883935
 4.7213E-02,0.0420188345986897
 4.7230E-02,0.041259954666463365
 4.7247E-02,0.035065246790329435
 4.7264E-02,0.02454696239464988
 4.7281E-02,0.012122232204953315
 4.7298E-02,0.0005064545606300042
 4.7315E-02,-0.009046822538681415
 4.7332E-02,-0.016457799839273476
 4.7348E-02,-0.021513085436389752
 4.7365E-02,-0.024322290879835
 4.7382E-02,-0.02574954209177764
 4.7399E-02,-0.026011826192947857
 4.7416E-02,-0.024530088479558718
 4.7433E-02,-0.021592102407591296
 4.7450E-02,-0.01814855364065476
 4.7467E-02,-0.01450633759620589
 4.7483E-02,-0.010756749732354944
 4.7500E-02,-0.007132465554798859
 4.7517E-02,-0.0031601251495576204
 4.7534E-02,0.0019611277358872053
 4.7551E-02,0.008067033117935858
 4.7568E-02,0.014366551725148884
 4.7585E-02,0.020343676651753056
 4.7602E-02,0.025390711197289084
 4.7618E-02,0.028693659448597173
 4.7635E-02,0.03023163473401777
 4.7652E-02,0.031136479061195946
 4.7669E-02,0.03263512826139912
 4.7686E-02,0.03509665445314164
 4.7703E-02,0.03834326591688802
 4.7720E-02,0.04194240456009342
 4.7737E-02,0.044720832287785436
 4.7754E-02,0.04520133810647214
 4.7770E-02,0.04270933160669829
 4.7787E-02,0.037094574990228855
 4.7804E-02,0.028214890702560363
 4.7821E-02,0.016602610278857025
 4.7838E-02,0.003542219432698784
 4.7855E-02,-0.009802583919485736
 4.7872E-02,-0.022340572234388286
 4.7889E-02,-0.032759971179869896
 4.7905E-02,-0.04041282255492511
 4.7922E-02,-0.04585909810200244
 4.7939E-02,-0.050185962772517745
 4.7956E-02,-0.054286840023118434
 4.7973E-02,-0.05838453131464796
 4.7990E-02,-0.061808465661737255
 4.8007E-02,-0.06341913431441325
 4.8024E-02,-0.062230713411671676
 4.8040E-02,-0.05776228239497342
 4.8057E-02,-0.05028519550229562
 4.8074E-02,-0.04067079151898483
 4.8091E-02,-0.029707352327631928
 4.8108E-02,-0.017884183538792828
 4.8125E-02,-0.005774501389582512
 4.8142E-02,0.005887438429510646
 4.8159E-02,0.01630878491853549
 4.8176E-02,0.024695897595798606
 4.8192E-02,0.03066297499300376
 4.8209E-02,0.03463173897713358
 4.8226E-02,0.037530404501316665
 4.8243E-02,0.039998310279114685
 4.8260E-02,0.04179500631449475
 4.8277E-02,0.041868006639058764
 4.8294E-02,0.03909071840996183
 4.8311E-02,0.03307688240622718
 4.8327E-02,0.024479589477504712
 4.8344E-02,0.01486608446813537
 4.8361E-02,0.006248735295623696
 4.8378E-02,0.0002698671080194233
 4.8395E-02,-0.002369971723586428
 4.8412E-02,-0.001977076124601376
 4.8429E-02,0.0001685133366570485
 4.8446E-02,0.0022202713248338684
 4.8462E-02,0.0027551858623636686
 4.8479E-02,0.0012350995361249963
 4.8496E-02,-0.0023780932428257486
 4.8513E-02,-0.007650483175417712
 4.8530E-02,-0.013324592752126106
 4.8547E-02,-0.01779475876141877
 4.8564E-02,-0.02015501240473396
 4.8581E-02,-0.020329364073378525
 4.8598E-02,-0.018297767785194183
 4.8614E-02,-0.01383820541554917
 4.8631E-02,-0.0070294844680251845
 4.8648E-02,0.001520250069973997
 4.8665E-02,0.010927397983440869
 4.8682E-02,0.020098669160107534
 4.8699E-02,0.027789820992688286
 4.8716E-02,0.03308727209953016
 4.8733E-02,0.0356767303293864
 4.8749E-02,0.03555490616998663
 4.8766E-02,0.03278189657832033
 4.8783E-02,0.027483325693751774
 4.8800E-02,0.019789752251949774
 4.8817E-02,0.009763194685322234
 4.8834E-02,-0.0022548842498601295
 4.8851E-02,-0.015179528980131776
 4.8868E-02,-0.027532051422367948
 4.8884E-02,-0.03814963898949218
 4.8901E-02,-0.04621899975427918
 4.8918E-02,-0.0512520506064416
 4.8935E-02,-0.05347787259481205
 4.8952E-02,-0.05366241661095117
 4.8969E-02,-0.052394884865384614
 4.8986E-02,-0.049987578181943375
 4.9003E-02,-0.046668853009096484
 4.9020E-02,-0.04232329085990272
 4.9036E-02,-0.03655394543154505
 4.9053E-02,-0.029363502411019832
 4.9070E-02,-0.02127675673220287
 4.9087E-02,-0.012678130098034826
 4.9104E-02,-0.003570974495326602
 4.9121E-02,0.005976048721124288
 4.9138E-02,0.015670893203979068
 4.9155E-02,0.025127931174826215
 4.9171E-02,0.033629086120640285
 4.9188E-02,0.04012460887509128
 4.9205E-02,0.04394827470244071
 4.9222E-02,0.04515735421612079
 4.9239E-02,0.04407123618858809
 4.9256E-02,0.04115247464542657
 4.9273E-02,0.03732452333154908
 4.9290E-02,0.033554295653928055
 4.9306E-02,0.030120952599144855
 4.9323E-02,0.026810208870224218
 4.9340E-02,0.023391450988391158
 4.9357E-02,0.019516580273170894
 4.9374E-02,0.014763660812767858
 4.9391E-02,0.008994008933896026
 4.9408E-02,0.0021815863915916724
 4.9425E-02,-0.005813670522021519
 4.9442E-02,-0.014696557967581483
 4.9458E-02,-0.023492129727675413
 4.9475E-02,-0.03140825077442522
 4.9492E-02,-0.03833634024580606
 4.9509E-02,-0.04426343696254642
 4.9526E-02,-0.049058853153361094
 4.9543E-02,-0.05284990122634571
 4.9560E-02,-0.05557374686848817
 4.9577E-02,-0.05634261741054932
 4.9593E-02,-0.05419433586774814
 4.9610E-02,-0.049065502461289975
 4.9627E-02,-0.04136720440058494
 4.9644E-02,-0.031334244778226446
 4.9661E-02,-0.019379276103721886
 4.9678E-02,-0.006303326709933223
 4.9695E-02,0.007209581398423421
 4.9712E-02,0.02045944837747202
 4.9728E-02,0.031998856635254244
 4.9745E-02,0.03991330405018061
 4.9762E-02,0.042809323210483585
 4.9779E-02,0.04011874344361843
 4.9796E-02,0.032155988163518515
 4.9813E-02,0.020491291856844007
 4.9830E-02,0.007595474255412125
 4.9847E-02,-0.0043457648442025935
 4.9864E-02,-0.01394177820387395
 4.9880E-02,-0.020301263582959514
 4.9897E-02,-0.023152104819075713
 4.9914E-02,-0.023159569953715264
 4.9931E-02,-0.02143288543272752
 4.9948E-02,-0.018816476509882833
 4.9965E-02,-0.015935147304444123
 4.9982E-02,-0.013319864855329194
 4.9999E-02,-0.011038443600321846
 5.0015E-02,-0.008704788119940673
 5.0032E-02,-0.005983991016847283
 5.0049E-02,-0.0025882899693218876
 5.0066E-02,0.001895341565190224
 5.0083E-02,0.007409202289653893
 5.0100E-02,0.0130209397716184
 5.0117E-02,0.017728376139012403
 5.0134E-02,0.02118102230799739
 5.0150E-02,0.02333256431908054
 5.0167E-02,0.02426455323733423
 5.0184E-02,0.024696523078023874
 5.0201E-02,0.025828332137425216
 5.0218E-02,0.028352593628966832
 5.0235E-02,0.03209628122891167
 5.0252E-02,0.036421087929709973
 5.0269E-02,0.040331227213718915
 5.0286E-02,0.042475095529202915
 5.0302E-02,0.04164914118140379
 5.0319E-02,0.037222994143506195
 5.0336E-02,0.029075838185754176
 5.0353E-02,0.017647061387614
 5.0370E-02,0.0041108326223351695
 5.0387E-02,-0.01004554141122379
 5.0404E-02,-0.023667895755543504
 5.0421E-02,-0.03591260533195299
 5.0437E-02,-0.04607405568571035
 5.0454E-02,-0.053947899181880386
 5.0471E-02,-0.059964924436868065
 5.0488E-02,-0.0646498044017011
 5.0505E-02,-0.06826264877220606
 5.0522E-02,-0.07082471464380433
 5.0539E-02,-0.0719186908860619
 5.0556E-02,-0.0707178577358631
 5.0572E-02,-0.06672475558691543
 5.0589E-02,-0.060005326280566644
 5.0606E-02,-0.05047685674744824
 5.0623E-02,-0.03797533726794079
 5.0640E-02,-0.02332529130724663
 5.0657E-02,-0.008301569889282177
 5.0674E-02,0.005666021066749932
 5.0691E-02,0.017877868610488873
 5.0708E-02,0.027676218803912613
 5.0724E-02,0.034587597531442894
 5.0741E-02,0.03906256078629948
 5.0758E-02,0.041949673193366364
 5.0775E-02,0.04351857210860239
 5.0792E-02,0.043804186111421305
 5.0809E-02,0.04297195625545314
 5.0826E-02,0.040674827698855706
 5.0843E-02,0.036298552353238304
 5.0859E-02,0.03015232550294069
 5.0876E-02,0.023248659856474542
 5.0893E-02,0.0162701322779905
 5.0910E-02,0.00986510047162915
 5.0927E-02,0.005049420234545535
 5.0944E-02,0.0022083828389640268
 5.0961E-02,0.0006374354988371506
 5.0978E-02,-0.00040794458707971637
 5.0994E-02,-0.0014282741823155075
 5.1000E-02,-0.0018716608638316866
