  0.000,0.0
  1.000,0.011919364530334771
  0.000,0.011919364530334771
 1.3610E-05,0.012298732847872956
 2.7220E-05,0.013592969052506525
 4.0830E-05,0.015398830014783095
 5.4440E-05,0.017899520194314386
 6.8050E-05,0.021243219088524126
 8.1660E-05,0.02483120515478235
 9.5270E-05,0.027743390983337335
 1.0888E-04,0.02939348970528452
 1.2249E-04,0.02961271037744335
 1.3610E-04,0.02828986827201899
 1.4971E-04,0.025232868951918817
 1.6332E-04,0.020777419709547947
 1.7693E-04,0.015904624476419757
 1.9054E-04,0.011401180938092259
 2.0415E-04,0.00754553714882053
 2.1776E-04,0.00461006993647373
 2.3137E-04,0.002989342084073212
 2.4498E-04,0.0026343441912203536
 2.5859E-04,0.002857168856594376
 2.7220E-04,0.0030198488937562768
 2.8581E-04,0.0029760483559958715
 2.9942E-04,0.0026230256172981798
 3.1303E-04,0.001699038353882853
 3.2664E-04,0.0003149628185052367
 3.4025E-04,-0.0008550774156725709
 3.5386E-04,-0.0011400800336856891
 3.6747E-04,-0.0002907716227912228
 3.8108E-04,0.0017906877000708186
 3.9469E-04,0.005251548387703798
 4.0830E-04,0.009919500364680117
 4.2191E-04,0.015098521271633006
 4.3552E-04,0.019949575067347014
 4.4913E-04,0.02390545220559781
 4.6274E-04,0.026644753152541084
 4.7635E-04,0.027869159164653694
 4.8996E-04,0.027456920970440283
 5.0357E-04,0.02581167746000286
 5.1718E-04,0.02365620463245156
 5.3079E-04,0.021485022167609186
 5.4440E-04,0.01953802668994882
 5.5801E-04,0.018102258445863054
 5.7162E-04,0.017354531533468782
 5.8523E-04,0.01699151919963227
 5.9884E-04,0.016417865501794353
 6.1245E-04,0.015238370157654434
 6.2606E-04,0.013298250846206377
 6.3967E-04,0.010468028957799231
 6.5328E-04,0.006762516031057553
 6.6689E-04,0.0025989504420439553
 6.8050E-04,-0.0013030102402529688
 6.9411E-04,-0.004298581466531981
 7.0772E-04,-0.005992976606338523
 7.2133E-04,-0.006119495745095679
 7.3494E-04,-0.004541013136652038
 7.4855E-04,-0.0014892507324224466
 7.6216E-04,0.0024090557582324935
 7.7577E-04,0.006476876307688001
 7.8938E-04,0.010238609890608728
 8.0299E-04,0.013330099725252035
 8.1660E-04,0.015456217333781361
 8.3021E-04,0.016622986724343196
 8.4382E-04,0.01722671195782362
 8.5743E-04,0.017752976841839182
 8.7104E-04,0.018509442557274623
 8.8465E-04,0.019685637438032873
 8.9826E-04,0.021407835591780527
 9.1187E-04,0.02354809026832146
 9.2548E-04,0.025622983683945295
 9.3909E-04,0.02704111433060036
 9.5270E-04,0.027374351290394186
 9.6631E-04,0.02635752612956506
 9.7992E-04,0.023848629951752635
 9.9353E-04,0.019971859817373185
 1.0071E-03,0.015220160922422135
 1.0208E-03,0.010282871588053768
 1.0344E-03,0.005777990030452429
 1.0480E-03,0.002172653593797871
 1.0616E-03,-0.0001841127739992984
 1.0752E-03,-0.00115718716131459
 1.0888E-03,-0.0009632617757140229
 1.1024E-03,-7.352467520616848e-05
 1.1160E-03,0.0010517000471080183
 1.1296E-03,0.0020749529817558664
 1.1432E-03,0.0027399243190659372
 1.1569E-03,0.0029448025178407814
 1.1705E-03,0.0028893957476433954
 1.1841E-03,0.003007387120024812
 1.1977E-03,0.0037214384901670602
 1.2113E-03,0.005317307191897582
 1.2249E-03,0.007958532176108406
 1.2385E-03,0.011628722112363663
 1.2521E-03,0.01601088420817326
 1.2657E-03,0.020523977694734363
 1.2793E-03,0.024535136742508505
 1.2929E-03,0.027523618275707623
 1.3066E-03,0.029109488707208843
 1.3202E-03,0.029098326080923123
 1.3338E-03,0.02759627910176791
 1.3474E-03,0.025019888100105553
 1.3610E-03,0.021917997742925955
 1.3746E-03,0.01879000928407347
 1.3882E-03,0.01603830232467252
 1.4018E-03,0.013934900476574672
 1.4154E-03,0.012511200751474848
 1.4291E-03,0.011519918049459489
 1.4427E-03,0.010579977550698996
 1.4563E-03,0.00935450056119361
 1.4699E-03,0.007610935902598476
 1.4835E-03,0.005248222252755782
 1.4971E-03,0.002389088119878113
 1.5107E-03,-0.0005767007712115251
 1.5243E-03,-0.0031145351976958825
 1.5379E-03,-0.004723982876083709
 1.5515E-03,-0.005027295360918385
 1.5652E-03,-0.0038102766716155067
 1.5788E-03,-0.0011057415063132209
 1.5924E-03,0.002751828506890662
 1.6060E-03,0.007212969259234855
 1.6196E-03,0.011683909302609041
 1.6332E-03,0.015641725405721587
 1.6468E-03,0.018689134752162745
 1.6604E-03,0.02063371274898961
 1.6740E-03,0.02156103294787198
 1.6876E-03,0.021786368075634832
 1.7013E-03,0.021701035572204777
 1.7149E-03,0.02165158969401163
 1.7285E-03,0.021886929971262858
 1.7421E-03,0.022490588392688183
 1.7557E-03,0.023307583786930538
 1.7693E-03,0.02397716805048254
 1.7829E-03,0.024074677793487678
 1.7965E-03,0.02323931983619281
 1.8101E-03,0.02123956754813026
 1.8237E-03,0.018038954620154684
 1.8373E-03,0.013864784141433483
 1.8510E-03,0.00918905422085406
 1.8646E-03,0.004600827062979388
 1.8782E-03,0.0006668537154589146
 1.8918E-03,-0.0021552446600210115
 1.9054E-03,-0.00358944456386087
 1.9190E-03,-0.0036177456709610956
 1.9326E-03,-0.0024894829267404677
 1.9462E-03,-0.0006226961878660169
 1.9598E-03,0.0015291081649834986
 1.9734E-03,0.0035685281320499062
 1.9871E-03,0.005224510460705945
 2.0007E-03,0.0064287479030625955
 2.0143E-03,0.007340860351117634
 2.0279E-03,0.008270578101545717
 2.0415E-03,0.009551738922791798
 2.0551E-03,0.011447838952540394
 2.0687E-03,0.014084296025303061
 2.0823E-03,0.01737872056198643
 2.0959E-03,0.021012977055077525
 2.1095E-03,0.02450120013678865
 2.1232E-03,0.027316958734696993
 2.1368E-03,0.0290033136000898
 2.1504E-03,0.029254615713838184
 2.1640E-03,0.027993420887336338
 2.1776E-03,0.02541184888423751
 2.1912E-03,0.02192477742525004
 2.2048E-03,0.01805367333366673
 2.2184E-03,0.014311232804603655
 2.2320E-03,0.011112836448945097
 2.2457E-03,0.008696491048044945
 2.2593E-03,0.007068923267376984
 2.2729E-03,0.0060284514778419784
 2.2865E-03,0.005261893119350127
 2.3001E-03,0.004452682736843394
 2.3137E-03,0.003364841639416797
 2.3273E-03,0.0019162467587185766
 2.3409E-03,0.0002311216649780721
 2.3545E-03,-0.0013755055715452377
 2.3681E-03,-0.0024885182584098286
 2.3817E-03,-0.0027045613545756434
 2.3954E-03,-0.0017244188588266753
 2.4090E-03,0.0005688707721465194
 2.4226E-03,0.004052215092496619
 2.4362E-03,0.008365794146538492
 2.4498E-03,0.012992738302068286
 2.4634E-03,0.01737318363645505
 2.4770E-03,0.02100859940242307
 2.4906E-03,0.023551636534950432
 2.5042E-03,0.024877673970550653
 2.5178E-03,0.025103061155563114
 2.5315E-03,0.024527729135434148
 2.5451E-03,0.023533426808314876
 2.5587E-03,0.022483651540700974
 2.5723E-03,0.021637453589046136
 2.5859E-03,0.021079100986897276
 2.5995E-03,0.02069281520986036
 2.6131E-03,0.02020853967037613
 2.6267E-03,0.019296749007953765
 2.6403E-03,0.017667642077439368
 2.6539E-03,0.015156748648973047
 2.6676E-03,0.011793961512175172
 2.6812E-03,0.007831377132867197
 2.6948E-03,0.003702919054878212
 2.7084E-03,-7.038428417753583e-05
 2.7220E-03,-0.0029879133624228903
 2.7356E-03,-0.004666388432547484
 2.7492E-03,-0.004920602633913464
 2.7628E-03,-0.0038075223342024624
 2.7764E-03,-0.0016064937279657355
 2.7900E-03,0.0012595101050080527
 2.8037E-03,0.004325703901382417
 2.8173E-03,0.007183256041588873
 2.8309E-03,0.009564293357466676
 2.8445E-03,0.011396599042879391
 2.8581E-03,0.012800584845827526
 2.8717E-03,0.014026144164408151
 2.8853E-03,0.015360258401262724
 2.8989E-03,0.017035073171576272
 2.9125E-03,0.01914791160091564
 2.9261E-03,0.021608467015019565
 2.9398E-03,0.024139265002888977
 2.9534E-03,0.026336527793273473
 2.9670E-03,0.027765785140264114
 2.9806E-03,0.028061536475616194
 2.9942E-03,0.027015803407220814
 3.0078E-03,0.02464047036398435
 3.0214E-03,0.021178651329477854
 3.0350E-03,0.017054247264501197
 3.0486E-03,0.012779806437578214
 3.0622E-03,0.008853373009581155
 3.0759E-03,0.005662789247015192
 3.0895E-03,0.0034121407520558843
 3.1031E-03,0.0020930840440435234
 3.1167E-03,0.0015151423586380604
 3.1303E-03,0.0013812952425842303
 3.1439E-03,0.0013803529257565286
 3.1575E-03,0.0012759035163764708
 3.1711E-03,0.0009772588826752607
 3.1847E-03,0.0005711389525176888
 3.1983E-03,0.00029770986973585707
 3.2120E-03,0.0004794906312731319
 3.2256E-03,0.00142961047618016
 3.2392E-03,0.0033614692747582654
 3.2528E-03,0.006315179903318921
 3.2664E-03,0.0101208931408032
 3.2800E-03,0.014416778661317027
 3.2936E-03,0.018717965850981788
 3.3072E-03,0.02251297071848334
 3.3208E-03,0.025364161437849617
 3.3345E-03,0.02699491363227045
 3.3481E-03,0.027343218572302062
 3.3617E-03,0.02656244874447645
 3.3753E-03,0.024968473290016956
 3.3889E-03,0.022953309139404826
 3.4025E-03,0.02088938598872376
 3.4161E-03,0.019042920985717932
 3.4297E-03,0.017515691988599116
 3.4433E-03,0.01623453519919868
 3.4569E-03,0.01499285991220562
 3.4705E-03,0.013527752503249169
 3.4842E-03,0.011609276178631793
 3.4978E-03,0.009122815131626912
 3.5114E-03,0.006125665993586925
 3.5250E-03,0.002858526289697781
 3.5386E-03,-0.00029512172750184714
 3.5522E-03,-0.002888564384070447
 3.5658E-03,-0.0045075668251815275
 3.5794E-03,-0.004862010652134818
 3.5930E-03,-0.0038545384755170305
 3.6066E-03,-0.0016066735687617784
 3.6203E-03,0.001567508090301639
 3.6339E-03,0.005231380416279011
 3.6475E-03,0.008918803897833848
 3.6611E-03,0.0122295216369365
 3.6747E-03,0.014907406047576316
 3.6883E-03,0.016881272738987995
 3.7019E-03,0.018255492589511993
 3.7155E-03,0.019255198898036282
 3.7291E-03,0.020144723507707192
 3.7427E-03,0.021140150838853934
 3.7564E-03,0.02233557149624867
 3.7700E-03,0.02366296497331078
 3.7836E-03,0.024899738608705015
 3.7972E-03,0.025722062869693463
 3.8108E-03,0.025787420503550984
 3.8244E-03,0.024825469910922347
 3.8380E-03,0.02271706601227985
 3.8516E-03,0.01954117803369954
 3.8652E-03,0.015574302180864953
 3.8788E-03,0.011241471021209483
 3.8925E-03,0.007033328547582297
 3.9061E-03,0.003409965783160694
 3.9197E-03,0.0007120529685339769
 3.9333E-03,-0.0009004788604018955
 3.9469E-03,-0.0014657524000993235
 3.9605E-03,-0.0011892029139863262
 3.9741E-03,-0.0003757509516391373
 3.9877E-03,0.0006562416692316899
 4.0013E-03,0.0016592249097472512
 4.0149E-03,0.0025188137136664315
 4.0286E-03,0.003276792531333602
 4.0422E-03,0.004108002380308363
 4.0558E-03,0.005259225612846804
 4.0694E-03,0.006967694083772912
 4.0830E-03,0.009379149735332326
 4.0966E-03,0.012485542426809769
 4.1102E-03,0.016100359211979207
 4.1238E-03,0.019880395562827967
 4.1374E-03,0.023388469800984486
 4.1510E-03,0.026180824565419217
 4.1647E-03,0.02789911057403356
 4.1783E-03,0.028346060058724663
 4.1919E-03,0.027525509582486975
 4.2055E-03,0.02563556415117923
 4.2191E-03,0.02301764275972404
 4.2327E-03,0.020076028552764864
 4.2463E-03,0.017187691687999745
 4.2599E-03,0.014623219971461392
 4.2735E-03,0.012498355192306517
 4.2871E-03,0.010768726947249872
 4.3008E-03,0.0092676458261589
 4.3144E-03,0.0077747417018304435
 4.3280E-03,0.006097023621385282
 4.3416E-03,0.004142156221427068
 4.3552E-03,0.0019644766380360074
 4.3688E-03,-0.0002300041969325508
 4.3824E-03,-0.0021216391157159713
 4.3960E-03,-0.00334784999428392
 4.4096E-03,-0.003588809265391072
 4.4233E-03,-0.0026479539228992737
 4.4369E-03,-0.0005075199642362712
 4.4505E-03,0.00265602847390501
 4.4641E-03,0.006501297302693287
 4.4777E-03,0.0105882935398787
 4.4913E-03,0.014465603301256175
 4.5049E-03,0.017758480400388264
 4.5185E-03,0.02023725328561666
 4.5321E-03,0.021849052106104667
 4.5457E-03,0.022705440740978414
 4.5594E-03,0.023031014737375514
 4.5730E-03,0.02308763805926279
 4.5866E-03,0.023093684497361867
 4.6002E-03,0.02315871876253707
 4.6138E-03,0.023251084294043132
 4.6274E-03,0.023207293756071383
 4.6410E-03,0.022780144574095478
 4.6546E-03,0.021712390663231013
 4.6682E-03,0.0198172808291284
 4.6818E-03,0.01704556059206917
 4.6954E-03,0.013520780723638668
 4.7091E-03,0.009532465048270971
 4.7227E-03,0.005488336073601055
 4.7363E-03,0.0018374359674559549
 4.7499E-03,-0.0010177097562464434
 4.7635E-03,-0.002799518322054789
 4.7771E-03,-0.003405611015286314
 4.7907E-03,-0.002918743327123608
 4.8043E-03,-0.0015749269092537527
 4.8179E-03,0.00030107358830902434
 4.8315E-03,0.0023765278157234903
 4.8452E-03,0.004388181402570001
 4.8588E-03,0.0061971642568196955
 4.8724E-03,0.0078075117390667
 4.8860E-03,0.009344385173952918
 4.8996E-03,0.010999003498870138
 4.9132E-03,0.012955324517679353
 4.9268E-03,0.0153175572572278
 4.9404E-03,0.01805777154892863
 4.9540E-03,0.020998364384105322
 4.9676E-03,0.023834957502818874
 4.9813E-03,0.026194431461534513
 4.9949E-03,0.02771409396489175
 5.0085E-03,0.028123034868826693
 5.0221E-03,0.027305690621301604
 5.0357E-03,0.025331336162675043
 5.0493E-03,0.022441870958431594
 5.0629E-03,0.019001269609949266
 5.0765E-03,0.015419454373904741
 5.0901E-03,0.01206896678846573
 5.1037E-03,0.00921436592809145
 5.1174E-03,0.006971299709664898
 5.1310E-03,0.005304490331170771
 5.1446E-03,0.004063507747475166
 5.1582E-03,0.0030457594472240728
 5.1718E-03,0.0020699202246686117
 5.1854E-03,0.0010406251052065003
 5.1990E-03,-1.2826579207152796e-05
 5.2126E-03,-0.0009343228104578521
 5.2262E-03,-0.0014760141050510866
 5.2398E-03,-0.001361561796452923
 5.2535E-03,-0.00036166668833677654
 5.2671E-03,0.0016370790269475033
 5.2807E-03,0.004587819207237007
 5.2943E-03,0.008275556882274698
 5.3079E-03,0.012348491310102721
 5.3215E-03,0.016381438476809663
 5.3351E-03,0.01995657303798087
 5.3487E-03,0.02274258169347326
 5.3623E-03,0.024553347400677307
 5.3759E-03,0.025372135040363307
 5.3896E-03,0.025336164731658204
 5.4032E-03,0.024686639779726512
 5.4168E-03,0.023697652519142447
 5.4304E-03,0.02260223286206716
 5.4440E-03,0.021534400964341064
 5.4576E-03,0.020501952862295225
 5.4712E-03,0.019396476365839427
 5.4848E-03,0.0180372160041176
 5.4984E-03,0.016236845748109567
 5.5121E-03,0.013871811369119674
 5.5257E-03,0.010938547997389653
 5.5393E-03,0.007580168725820891
 5.5529E-03,0.004075812169429054
 5.5665E-03,0.0007945789100585305
 5.5801E-03,-0.0018751162942450932
 5.5937E-03,-0.003604014994784477
 5.6073E-03,-0.0041895549200641775
 5.6209E-03,-0.0035961947866367757
 5.6345E-03,-0.00195893773685696
 5.6482E-03,0.0004503488392088215
 5.6618E-03,0.003285227255503688
 5.6754E-03,0.006200353673324402
 5.6890E-03,0.00892215544825829
 5.7026E-03,0.011297381921720369
 5.7162E-03,0.013308085056515494
 5.7298E-03,0.015050393708299251
 5.7434E-03,0.01668373292901032
 5.7570E-03,0.018364447017595768
 5.7706E-03,0.020181614409291088
 5.7843E-03,0.02211235040506224
 5.7979E-03,0.024008901483123162
 5.8115E-03,0.025621498453021106
 5.8251E-03,0.026651665179239517
 5.8387E-03,0.026822937421705544
 5.8523E-03,0.025951398359211834
 5.8659E-03,0.023998113135271573
 5.8795E-03,0.021089842153372677
 5.8931E-03,0.017502428014929586
 5.9067E-03,0.013610669198858541
 5.9203E-03,0.009816686242618665
 5.9340E-03,0.006473878837979333
 5.9476E-03,0.003824520431617605
 5.9612E-03,0.0019655023537941416
 5.9748E-03,0.0008494945384156043
 5.9884E-03,0.0003198482445946793
 6.0020E-03,0.00016933950974323467
 6.0156E-03,0.0002071995950615175
 6.0292E-03,0.0003169747129930042
 6.0428E-03,0.0004902006516876431
 6.0564E-03,0.0008272721655293047
 6.0701E-03,0.001505513279027617
 6.0837E-03,0.0027229016732303723
 6.0973E-03,0.004632095366159546
 6.1109E-03,0.007282008551632508
 6.1245E-03,0.010582509013920587
 6.1381E-03,0.014302106392764977
 6.1517E-03,0.018100227298707593
 6.1653E-03,0.021587058042067498
 6.1789E-03,0.024397080521473886
 6.1925E-03,0.02625887019862029
 6.2062E-03,0.02704442241776769
 6.2198E-03,0.026786293285780145
 6.2334E-03,0.025658944351143555
 6.2470E-03,0.023929608015408745
 6.2606E-03,0.021891408264806202
 6.2742E-03,0.019795645749587094
 6.2878E-03,0.01780010031622551
 6.3014E-03,0.015945848471670333
 6.3150E-03,0.014167558461280661
 6.3286E-03,0.012333582396799029
 6.3423E-03,0.01030463152734498
 6.3559E-03,0.007995137606383252
 6.3695E-03,0.00542068145234583
 6.3831E-03,0.002718419794807403
 6.3967E-03,0.0001344287812963768
 6.4103E-03,-0.002019602064968704
 6.4239E-03,-0.003430109745169603
 6.4375E-03,-0.003850434617093291
 6.4511E-03,-0.0031578415457458727
 6.4648E-03,-0.0013847619055190367
 6.4784E-03,0.0012834826554770824
 6.4920E-03,0.004544052140671676
 6.5056E-03,0.008036661862661101
 6.5192E-03,0.011414045825326824
 6.5328E-03,0.014406009579240776
 6.5464E-03,0.016861931597134446
 6.5600E-03,0.01876209886229996
 6.5736E-03,0.020196229934232635
 6.5872E-03,0.02131582113938366
 6.6009E-03,0.02227345985349846
 6.6145E-03,0.023165414933947845
 6.6281E-03,0.02399282846125649
 6.6417E-03,0.024651894611315655
 6.6553E-03,0.02495581895900083
 6.6689E-03,0.02468311146150748
 6.6825E-03,0.02363993524235125
 6.6961E-03,0.021720458121309363
 6.7097E-03,0.018949425061809397
 6.7233E-03,0.01549552677941489
 6.7370E-03,0.011651473077834913
 6.7506E-03,0.007785014711965132
 6.7642E-03,0.004272339117128699
 6.7778E-03,0.0014295498299396565
 6.7914E-03,-0.000541692018966187
 6.8050E-03,-0.001581915165816619
 6.8186E-03,-0.0017691950358230883
 6.8322E-03,-0.0012843052617941535
 6.8458E-03,-0.00035514022899471673
 6.8594E-03,0.000805204518632952
 6.8730E-03,0.0020509533421205917
 6.8867E-03,0.003333635782656807
 6.9003E-03,0.004702345280570525
 6.9139E-03,0.0062748156774202965
 6.9275E-03,0.008187380536124191
 6.9411E-03,0.010537319746810398
 6.9547E-03,0.013333122532710382
 6.9683E-03,0.016466274347797797
 6.9819E-03,0.019712771214710184
 6.9955E-03,0.022765067924062108
 7.0091E-03,0.025287471211688353
 7.0228E-03,0.026981979456605496
 7.0364E-03,0.027648739130826664
 7.0500E-03,0.027226427584236955
 7.0636E-03,0.025802777646914164
 7.0772E-03,0.023592871059006933
 7.0908E-03,0.020890793804276737
 7.1044E-03,0.01800672959374144
 7.1180E-03,0.015204959895868684
 7.1316E-03,0.012657708254494013
 7.1452E-03,0.010425479745798338
 7.1589E-03,0.00846765747920625
 7.1725E-03,0.006679419438591317
 7.1861E-03,0.00494443946299589
 7.1997E-03,0.0031889298304536625
 7.2133E-03,0.0014223438976880996
 7.2269E-03,-0.0002464215257644727
 7.2405E-03,-0.001622103971165853
 7.2541E-03,-0.0024626428474342414
 7.2677E-03,-0.0025356199347375723
 7.2813E-03,-0.0016775615662605909
 7.2950E-03,0.000158797084653882
 7.3086E-03,0.0028813512845953034
 7.3222E-03,0.006265801068919304
 7.3358E-03,0.009992024267963463
 7.3494E-03,0.013701410217403983
 7.3630E-03,0.017061790342830244
 7.3766E-03,0.019824730266670212
 7.3902E-03,0.02186186799099272
 7.4038E-03,0.02317226373779424
 7.4174E-03,0.023860021556098537
 7.4311E-03,0.024088869717376442
 7.4447E-03,0.024026058663861816
 7.4583E-03,0.02379042367166979
 7.4719E-03,0.023418140945290183
 7.4855E-03,0.02285494225243263
 7.4991E-03,0.021976600142116064
 7.5127E-03,0.02063213523847396
 7.5263E-03,0.018698267558593155
 7.5399E-03,0.01613061878991802
 7.5536E-03,0.012997862474666676
 7.5672E-03,0.009489266243801555
 7.5808E-03,0.005892774149799641
 7.5944E-03,0.002548190838900583
 7.6080E-03,-0.0002137379271908977
 7.6216E-03,-0.0021320498053111424
 7.6352E-03,-0.003061864207050904
 7.6488E-03,-0.0029955989383477813
 7.6624E-03,-0.0020545919755459935
 7.6760E-03,-0.00045378059241366
 7.6897E-03,0.0015514587920728892
 7.7033E-03,0.0037230161175988595
 7.7169E-03,0.0058881079047048545
 7.7305E-03,0.007966151058814576
 7.7441E-03,0.009968452616006155
 7.7577E-03,0.01197174151667731
 7.7713E-03,0.014073283331819649
 7.7849E-03,0.01634002879496843
 7.7985E-03,0.018765764303870457
 7.8121E-03,0.021248175529197923
 7.8258E-03,0.023592635704662558
 7.8394E-03,0.0255426868682678
 7.8530E-03,0.026830310215923855
 7.8666E-03,0.027233896052603238
 7.8802E-03,0.02662965039476688
 7.8938E-03,0.025023614157519324
 7.9074E-03,0.0225561904478338
 7.9210E-03,0.019477863827385963
 7.9346E-03,0.016101895079689933
 7.9482E-03,0.01274536993701466
 7.9619E-03,0.009672666844298895
 7.9755E-03,0.007054546671697656
 7.9891E-03,0.004951934395342346
 8.0027E-03,0.003327158016646548
 8.0163E-03,0.002078533930026979
 8.0299E-03,0.001088434018951509
 8.0435E-03,0.00027174261221992737
 8.0571E-03,-0.0003882903831427828
 8.0707E-03,-0.000826394319643442
 8.0843E-03,-0.0009075849532595582
 8.0980E-03,-0.0004624330047691408
 8.1116E-03,0.0006636901218340706
 8.1252E-03,0.0025600742904982824
 8.1388E-03,0.005212024683462347
 8.1524E-03,0.008484478807913661
 8.1660E-03,0.012132843086322481
 8.1796E-03,0.015839331297660467
 8.1932E-03,0.019266785529853187
 8.2068E-03,0.022117584321295503
 8.2204E-03,0.024183909763168258
 8.2341E-03,0.025377739792607
 8.2477E-03,0.025733958028388227
 8.2613E-03,0.02538665620833976
 8.2749E-03,0.024525328666525632
 8.2885E-03,0.02334252944064508
 8.3021E-03,0.021986448167671303
 8.3157E-03,0.020530309414905194
 8.3293E-03,0.018965950324556127
 8.3429E-03,0.01722257560720825
 8.3565E-03,0.015205144687497965
 8.3702E-03,0.012841754048700483
 8.3838E-03,0.010127017838270969
 8.3974E-03,0.007149425225341855
 8.4110E-03,0.004094717440783198
 8.4246E-03,0.0012234314552537298
 8.4382E-03,-0.0011726705749339084
 8.4518E-03,-0.0028251971370552792
 8.4654E-03,-0.003541830504377246
 8.4790E-03,-0.0032446076012586453
 8.4926E-03,-0.001984717039627123
 8.5062E-03,6.959071731792252e-05
 8.5199E-03,0.0026689288436419984
 8.5335E-03,0.005533795888698309
 8.5471E-03,0.008408412771261514
 8.5607E-03,0.01110458215888291
 8.5743E-03,0.01352544539850949
 8.5879E-03,0.015664204548337404
 8.6015E-03,0.01757928105205053
 8.6151E-03,0.01935336740047315
 8.6287E-03,0.021047869899389886
 8.6424E-03,0.022665316368718467
 8.6560E-03,0.02413015276841631
 8.6696E-03,0.02529354049445579
 8.6832E-03,0.025961518407047596
 8.6968E-03,0.025939785601295066
 8.7104E-03,0.025083934887454917
 8.7240E-03,0.023342360845150976
 8.7376E-03,0.02078071615361904
 8.7512E-03,0.017581290875704644
 8.7648E-03,0.014016885894591515
 8.7785E-03,0.010405046762613002
 8.7921E-03,0.007053310639834462
 8.8057E-03,0.0042082024612731805
 8.8193E-03,0.0020196164886093883
 8.8329E-03,0.0005282702788002517
 8.8465E-03,-0.00032184943230390754
 8.8601E-03,-0.0006502713210442459
 8.8737E-03,-0.0005952885329788229
 8.8873E-03,-0.00026956666953060316
 8.9009E-03,0.00027233661493059725
 8.9146E-03,0.0010462412880945296
 8.9282E-03,0.0021274434722034184
 8.9418E-03,0.003619747880490621
 8.9554E-03,0.005612791799660444
 8.9690E-03,0.008139132112650363
 8.9826E-03,0.011142764150775584
 8.9962E-03,0.014467981232755694
 9.0098E-03,0.01787246030924595
 9.0234E-03,0.02106241711316646
 9.0370E-03,0.023742107685323633
 9.0507E-03,0.025666255757265697
 9.0643E-03,0.026683112837113544
 9.0779E-03,0.026758068586450075
 9.0915E-03,0.025972487493839805
 9.1051E-03,0.02449854440252299
 9.1187E-03,0.02255670038935386
 9.1323E-03,0.0203665998068427
 9.1459E-03,0.018103539513235893
 9.1595E-03,0.015870951924997035
 9.1731E-03,0.01369503549999455
 9.1868E-03,0.011541883483609416
 9.2004E-03,0.009351671322611166
 9.2140E-03,0.007080113970658915
 9.2276E-03,0.004735581364478468
 9.2412E-03,0.0024014176771736413
 9.2548E-03,0.00023684665990376637
 9.2684E-03,-0.0015446252542612895
 9.2820E-03,-0.0027145899411244066
 9.2956E-03,-0.0030775731533982226
 9.3092E-03,-0.0025157286115635395
 9.3229E-03,-0.001019416686023617
 9.3365E-03,0.0013039751672341596
 9.3501E-03,0.004245408267967822
 9.3637E-03,0.007530397606669521
 9.3773E-03,0.010867682980207297
 9.3909E-03,0.013999043433541082
 9.4045E-03,0.016738755858247224
 9.4181E-03,0.01899387478999832
 9.4317E-03,0.020761382446671996
 9.4453E-03,0.02210409464804404
 9.4590E-03,0.023112519861129117
 9.4726E-03,0.02386329958586319
 9.4862E-03,0.02438554316218368
 9.4998E-03,0.024644154561205747
 9.5134E-03,0.024544717796320344
 9.5270E-03,0.023958823058059776
 9.5406E-03,0.02276331949126622
 9.5542E-03,0.020883241381963052
 9.5678E-03,0.018327031000995198
 9.5814E-03,0.015204472648820255
 9.5951E-03,0.011722006866235958
 9.6087E-03,0.00815571793468546
 9.6223E-03,0.004807836704822157
 9.6359E-03,0.0019566646440479243
 9.6495E-03,-0.00018860185384723732
 9.6631E-03,-0.0015179389448616819
 9.6767E-03,-0.0020289983061236635
 9.6903E-03,-0.0018128606589015268
 9.7039E-03,-0.0010213411314559972
 9.7175E-03,0.00017548737638564552
 9.7312E-03,0.001630703348196568
 9.7448E-03,0.003250560294735523
 9.7584E-03,0.005005918302940506
 9.7720E-03,0.006922783663074778
 9.7856E-03,0.00905511425944588
 9.7992E-03,0.011447670167503836
 9.8128E-03,0.014099304110611131
 9.8264E-03,0.016937038563588424
 9.8400E-03,0.019808583549164465
 9.8536E-03,0.022496290152422688
 9.8673E-03,0.024750073576608845
 9.8809E-03,0.026331942261360205
 9.8945E-03,0.02706167613333048
 9.9081E-03,0.026852712892473773
 9.9217E-03,0.02572957830056324
 9.9353E-03,0.023822672573500826
 9.9489E-03,0.021341757902892337
 9.9625E-03,0.018534660931533213
 9.9761E-03,0.015641190914066173
 9.9897E-03,0.012853213552720505
 1.0003E-02,0.010290015107220309
 1.0017E-02,0.007994043225223357
 1.0031E-02,0.005946869887599621
 1.0044E-02,0.004100110189085181
 1.0058E-02,0.002412319145094083
 1.0071E-02,0.0008814935608189021
 1.0085E-02,-0.00043593424360565693
 1.0099E-02,-0.001425138475325128
 1.0112E-02,-0.001932512852644138
 1.0126E-02,-0.001800263913473717
 1.0139E-02,-0.0009074326798369062
 1.0153E-02,0.0007930140256717199
 1.0167E-02,0.003250594027473853
 1.0180E-02,0.006313618650658063
 1.0194E-02,0.00974702066149646
 1.0208E-02,0.013268113424461136
 1.0221E-02,0.016592327817659135
 1.0235E-02,0.019478535455895715
 1.0248E-02,0.02176368378384691
 1.0262E-02,0.02337913692789594
 1.0276E-02,0.02434567855646997
 1.0289E-02,0.024749433426116862
 1.0303E-02,0.024705647821209972
 1.0316E-02,0.02432014142239994
 1.0330E-02,0.023658585377297148
 1.0344E-02,0.02273151150808031
 1.0357E-02,0.021498713911675668
 1.0371E-02,0.019891560085462213
 1.0384E-02,0.017846992728261287
 1.0398E-02,0.015343875909338037
 1.0412E-02,0.012431616025707642
 1.0425E-02,0.009242855541138672
 1.0439E-02,0.00598601788500642
 1.0452E-02,0.0029185521361685075
 1.0466E-02,0.0003065884586701726
 1.0480E-02,-0.001619859172631803
 1.0493E-02,-0.0027058605849468766
 1.0507E-02,-0.002895813088122424
 1.0521E-02,-0.002237612635000831
 1.0534E-02,-0.0008662155019066862
 1.0548E-02,0.0010290484897773461
 1.0561E-02,0.0032452546543649016
 1.0575E-02,0.0056048276454205926
 1.0589E-02,0.007983416835232873
 1.0602E-02,0.010320452899332328
 1.0616E-02,0.012610663787885671
 1.0629E-02,0.014879753090656108
 1.0643E-02,0.017151512822434906
 1.0657E-02,0.019415822882141186
 1.0670E-02,0.02160673284316975
 1.0684E-02,0.023597200451868444
 1.0697E-02,0.02521274205308243
 1.0711E-02,0.026261323322138968
 1.0725E-02,0.02657252877074491
 1.0738E-02,0.0260364897569082
 1.0752E-02,0.024632891243462886
 1.0766E-02,0.022442678034619294
 1.0779E-02,0.019639264941352003
 1.0793E-02,0.016461051484523
 1.0806E-02,0.013171569723637163
 1.0820E-02,0.010016506101756148
 1.0834E-02,0.007187420760681254
 1.0847E-02,0.004800133645614068
 1.0861E-02,0.002891962668355309
 1.0874E-02,0.0014372573545037932
 1.0888E-02,0.00037615787843230304
 1.0902E-02,-0.00035166351932763276
 1.0915E-02,-0.0007775790586787817
 1.0929E-02,-0.0008868915399795197
 1.0942E-02,-0.00061868767738006
 1.0956E-02,0.00011719165494702738
 1.0970E-02,0.001410449208847002
 1.0983E-02,0.003315695140352346
 1.0997E-02,0.005822108830732848
 1.1010E-02,0.008835730968509852
 1.1024E-02,0.012179710733820348
 1.1038E-02,0.015613461127400053
 1.1051E-02,0.01886701569727659
 1.1065E-02,0.021683085945459302
 1.1079E-02,0.023857345961404156
 1.1092E-02,0.025267836073161944
 1.1106E-02,0.025887012611114025
 1.1119E-02,0.025774222332478617
 1.1133E-02,0.025051167052729518
 1.1147E-02,0.023867022482707587
 1.1160E-02,0.02236224365605122
 1.1174E-02,0.020640142307937794
 1.1187E-02,0.01875307500732397
 1.1201E-02,0.016706134434215685
 1.1215E-02,0.01447660834797336
 1.1228E-02,0.012043337509484192
 1.1242E-02,0.009417507715644164
 1.1255E-02,0.006666004953249939
 1.1269E-02,0.003920344528045105
 1.1283E-02,0.001367869366915736
 1.1296E-02,-0.0007735461084673366
 1.1310E-02,-0.0022918101230998064
 1.1324E-02,-0.003019598271731661
 1.1337E-02,-0.002866865781147969
 1.1351E-02,-0.0018392018454057317
 1.1364E-02,-3.76735954522949e-05
 1.1378E-02,0.0023598096667873133
 1.1392E-02,0.005131216667815398
 1.1405E-02,0.008049517897905312
 1.1419E-02,0.010919130721283579
 1.1432E-02,0.013601439113102635
 1.1446E-02,0.01602401296907786
 1.1460E-02,0.01817234177248083
 1.1473E-02,0.0200673439385729
 1.1487E-02,0.02173548449457154
 1.1500E-02,0.023180122935237243
 1.1514E-02,0.024362272634442166
 1.1528E-02,0.02519640590334093
 1.1541E-02,0.02556294017052585
 1.1555E-02,0.02533460953120069
 1.1569E-02,0.024410189393329295
 1.1582E-02,0.02274695649199924
 1.1596E-02,0.020383375233561592
 1.1609E-02,0.017445788021548052
 1.1623E-02,0.014136772002692137
 1.1637E-02,0.010707312155493158
 1.1650E-02,0.007418884519443484
 1.1664E-02,0.004503950864834268
 1.1677E-02,0.0021336536579669883
 1.1691E-02,0.0003996308252825708
 1.1705E-02,-0.0006866567513090316
 1.1718E-02,-0.0011779815890506152
 1.1732E-02,-0.0011636770199443072
 1.1745E-02,-0.0007378398421258641
 1.1759E-02,2.8202546600841587e-05
 1.1773E-02,0.0011021007803599537
 1.1786E-02,0.002491409214241634
 1.1800E-02,0.004229353593334688
 1.1813E-02,0.006349594203798251
 1.1827E-02,0.00885709007110336
 1.1841E-02,0.011703299976594745
 1.1854E-02,0.014772980629202827
 1.1868E-02,0.017887004566367496
 1.1882E-02,0.020821625620234603
 1.1895E-02,0.02334046166924778
 1.1909E-02,0.025232184922253258
 1.1922E-02,0.02634534519520384
 1.1936E-02,0.02661231753343359
 1.1950E-02,0.026056939186103342
 1.1963E-02,0.024784338459521885
 1.1977E-02,0.022955756067503018
 1.1990E-02,0.02075472065937779
 1.2004E-02,0.01835286450288695
 1.2018E-02,0.015883485339072776
 1.2031E-02,0.01342875355076168
 1.2045E-02,0.011022818524136032
 1.2058E-02,0.008668922757200513
 1.2072E-02,0.0063650350893279285
 1.2086E-02,0.0041303653525698175
 1.2099E-02,0.002024954046971337
 1.2113E-02,0.00015637469414540362
 1.2127E-02,-0.0013290340792226464
 1.2140E-02,-0.0022689406995872225
 1.2154E-02,-0.0025166423145019353
 1.2167E-02,-0.0019739812767798678
 1.2181E-02,-0.000617484640926668
 1.2195E-02,0.0014888597755139457
 1.2208E-02,0.004197661815277269
 1.2222E-02,0.007298511964943114
 1.2235E-02,0.010550302967960539
 1.2249E-02,0.013718281420245504
 1.2263E-02,0.016607552097686776
 1.2276E-02,0.019085720195370255
 1.2290E-02,0.02109012091152245
 1.2303E-02,0.022618960769523737
 1.2317E-02,0.023709698151145202
 1.2331E-02,0.024411102391164508
 1.2344E-02,0.024756862863917505
 1.2358E-02,0.02474801843791619
 1.2371E-02,0.02434901220546703
 1.2385E-02,0.023498487566574317
 1.2399E-02,0.022131975704504397
 1.2412E-02,0.020210393753414522
 1.2426E-02,0.01774660372535952
 1.2440E-02,0.014822605416756826
 1.2453E-02,0.011592173683831013
 1.2467E-02,0.008267329950288229
 1.2480E-02,0.0050910429443465875
 1.2494E-02,0.002301965545214737
 1.2508E-02,9.897939764529117e-05
 1.2521E-02,-0.0013866363110253553
 1.2535E-02,-0.002105454905201771
 1.2548E-02,-0.002087893536328271
 1.2562E-02,-0.0014271483770755154
 1.2576E-02,-0.00025180648011737384
 1.2589E-02,0.001304809588905935
 1.2603E-02,0.003130953088202282
 1.2616E-02,0.005152150967402883
 1.2630E-02,0.007332915670830744
 1.2644E-02,0.009664816027462778
 1.2657E-02,0.012144847296652387
 1.2671E-02,0.01475059984763521
 1.2685E-02,0.017419601513978585
 1.2698E-02,0.020039179696453087
 1.2712E-02,0.0224505152460799
 1.2725E-02,0.02446691302105558
 1.2739E-02,0.025902611372723348
 1.2753E-02,0.026605632774798584
 1.2766E-02,0.026486965984553034
 1.2780E-02,0.025539091835196603
 1.2793E-02,0.023839351952395785
 1.2807E-02,0.021537285415732542
 1.2821E-02,0.01882889772210401
 1.2834E-02,0.01592390179051245
 1.2848E-02,0.013013510949915414
 1.2861E-02,0.010246002277768819
 1.2875E-02,0.007715128099805588
 1.2889E-02,0.005463100917620492
 1.2902E-02,0.0034961694967419396
 1.2916E-02,0.0018076710059057193
 1.2930E-02,0.0004016613888482728
 1.2943E-02,-0.0006897723979189634
 1.2957E-02,-0.0014006427459847177
 1.2970E-02,-0.001638675441650867
 1.2984E-02,-0.0013048421608707543
 1.2998E-02,-0.00032003328290190606
 1.3011E-02,0.001347915950568527
 1.3025E-02,0.00366393522757911
 1.3038E-02,0.006517775315833647
 1.3052E-02,0.00973112514239873
 1.3066E-02,0.013078901311757643
 1.3079E-02,0.016320395127740018
 1.3093E-02,0.01923356020652594
 1.3106E-02,0.02164495230481818
 1.3120E-02,0.023448899857187695
 1.3134E-02,0.02461213390580437
 1.3147E-02,0.025163675646334403
 1.3161E-02,0.025173362548226844
 1.3174E-02,0.024725078469545313
 1.3188E-02,0.02389186256934274
 1.3202E-02,0.02271933917169916
 1.3215E-02,0.021221542738740485
 1.3229E-02,0.019389828787108154
 1.3243E-02,0.0172120334279953
 1.3256E-02,0.014696271565217994
 1.3270E-02,0.0118924520131213
 1.3283E-02,0.008905070137584353
 1.3297E-02,0.0058929901438014316
 1.3311E-02,0.0030551975222208798
 1.3324E-02,0.0006050517049282136
 1.3338E-02,-0.0012615001685715001
 1.3351E-02,-0.0023967066132955994
 1.3365E-02,-0.002723900684932675
 1.3379E-02,-0.0022474297721974974
 1.3392E-02,-0.0010476025900759281
 1.3406E-02,0.0007378647188468037
 1.3419E-02,0.0029413040853979453
 1.3433E-02,0.005394879800172347
 1.3447E-02,0.007955778352563166
 1.3460E-02,0.010521236596252008
 1.3474E-02,0.013030562460736453
 1.3488E-02,0.015454702093867956
 1.3501E-02,0.017777122812313157
 1.3515E-02,0.01997199574021683
 1.3528E-02,0.02198631457298599
 1.3542E-02,0.02373151524233126
 1.3556E-02,0.02508764082081409
 1.3569E-02,0.02591976823322577
 1.3583E-02,0.026103124425587425
 1.3596E-02,0.025550909876239203
 1.3610E-02,0.024237939947568156
 1.3624E-02,0.022214053910227953
 1.3637E-02,0.01960362375731299
 1.3651E-02,0.016590816096689845
 1.3664E-02,0.013393673433513702
 1.3678E-02,0.010232720589033364
 1.3692E-02,0.007301011276633131
 1.3705E-02,0.004742027118992246
 1.3719E-02,0.002639781184912003
 1.3732E-02,0.001022399129285745
 1.3746E-02,-0.00012286831211701967
 1.3760E-02,-0.0008279840625679527
 1.3773E-02,-0.0011220812230632836
 1.3787E-02,-0.0010151801529537541
 1.3801E-02,-0.0004921226579803337
 1.3814E-02,0.00048163301146482353
 1.3828E-02,0.0019439339389558039
 1.3841E-02,0.003913959687002986
 1.3855E-02,0.006370432272792262
 1.3869E-02,0.009236226295239854
 1.3882E-02,0.01237414885756229
 1.3896E-02,0.015595979412679768
 1.3909E-02,0.018683609178973586
 1.3923E-02,0.021418104316272512
 1.3937E-02,0.023610492901077355
 1.3950E-02,0.02512756197345512
 1.3964E-02,0.02590709285177866
 1.3977E-02,0.025959484905105672
 1.3991E-02,0.025355986142254143
 1.4005E-02,0.02420693316389515
 1.4018E-02,0.02263569522485912
 1.4032E-02,0.020754844212878043
 1.4046E-02,0.018650243063436336
 1.4059E-02,0.01637649331191432
 1.4073E-02,0.013964099100330685
 1.4086E-02,0.011435582499342626
 1.4100E-02,0.008825416696990912
 1.4114E-02,0.0061976262201637825
 1.4127E-02,0.0036554891227709905
 1.4141E-02,0.0013398094295796427
 1.4154E-02,-0.0005848142474698566
 1.4168E-02,-0.001953171366072186
 1.4182E-02,-0.0026270165727485003
 1.4195E-02,-0.0025207283354789344
 1.4209E-02,-0.0016190346868012486
 1.4222E-02,1.743568201433574e-05
 1.4236E-02,0.0022602109291445143
 1.4250E-02,0.004932918593451247
 1.4263E-02,0.00783864948328818
 1.4277E-02,0.010788624271111175
 1.4291E-02,0.01362588165531732
 1.4304E-02,0.016239079502912823
 1.4318E-02,0.018564066582759747
 1.4331E-02,0.020573995897890295
 1.4345E-02,0.02226162183002548
 1.4359E-02,0.023619323481559918
 1.4372E-02,0.024622846403967634
 1.4386E-02,0.025223647280367138
 1.4399E-02,0.025352351437067634
 1.4413E-02,0.024932802729551767
 1.4427E-02,0.023903276256334146
 1.4440E-02,0.022239383311135254
 1.4454E-02,0.01997255297796172
 1.4467E-02,0.017198898459785592
 1.4481E-02,0.014075538120736211
 1.4495E-02,0.010804465405565369
 1.4508E-02,0.00760707803801082
 1.4522E-02,0.004694723776840756
 1.4535E-02,0.0022415423942758524
 1.4549E-02,0.0003652698924890693
 1.4563E-02,-0.0008803033266215298
 1.4576E-02,-0.001500356756665093
 1.4590E-02,-0.0015436597051275657
 1.4604E-02,-0.0010812955340994803
 1.4617E-02,-0.0001852332435502515
 1.4631E-02,0.0010877295611526146
 1.4644E-02,0.002702733043035024
 1.4658E-02,0.004642989371299514
 1.4672E-02,0.006896837369188885
 1.4685E-02,0.009439744596560492
 1.4699E-02,0.012216710369940442
 1.4712E-02,0.01513053881855769
 1.4726E-02,0.018040048209270125
 1.4740E-02,0.02076980951844964
 1.4753E-02,0.023130080715321796
 1.4767E-02,0.024942958438741916
 1.4780E-02,0.02606907776155485
 1.4794E-02,0.026428893205730927
 1.4808E-02,0.02601376042484406
 1.4821E-02,0.024884418212111674
 1.4835E-02,0.023157444480306374
 1.4849E-02,0.02098307250884
 1.4862E-02,0.018519694361553086
 1.4876E-02,0.0159109668397083
 1.4889E-02,0.013270543525623991
 1.4903E-02,0.010677334007124829
 1.4917E-02,0.008181393565765256
 1.4930E-02,0.005817788561393586
 1.4944E-02,0.0036237591307247165
 1.4957E-02,0.0016537147621928754
 1.4971E-02,-1.276175597999217e-05
 1.4985E-02,-0.0012728327643555001
 1.4998E-02,-0.0020125179879224627
 1.5012E-02,-0.0021265261265956802
 1.5025E-02,-0.0015411944232177567
 1.5039E-02,-0.00023493418046014662
 1.5053E-02,0.0017490169985066447
 1.5066E-02,0.004301037519036924
 1.5080E-02,0.00725568152052351
 1.5093E-02,0.01041244826899244
 1.5107E-02,0.013562462048967543
 1.5121E-02,0.016515400590932358
 1.5134E-02,0.01912101839572894
 1.5148E-02,0.021280995644579415
 1.5162E-02,0.022949261460507235
 1.5175E-02,0.024121783574828786
 1.5189E-02,0.02481936449461631
 1.5202E-02,0.02506859183790017
 1.5216E-02,0.02488635563790483
 1.5230E-02,0.024272212323328143
 1.5243E-02,0.023210645569262
 1.5257E-02,0.021682527322588612
 1.5270E-02,0.019682525444356405
 1.5284E-02,0.017237494306908838
 1.5298E-02,0.014420461441973528
 1.5311E-02,0.011355797879587853
 1.5325E-02,0.008213284401026678
 1.5338E-02,0.005191518194106768
 1.5352E-02,0.0024937496737314655
 1.5366E-02,0.0003011320179811287
 1.5379E-02,-0.001250960057017889
 1.5393E-02,-0.002088584767529144
 1.5407E-02,-0.002203787923857898
 1.5420E-02,-0.0016475811043521597
 1.5434E-02,-0.000513536577179269
 1.5447E-02,0.0010837127033145478
 1.5461E-02,0.003029763910233816
 1.5475E-02,0.005226525270998971
 1.5488E-02,0.0075996240464304594
 1.5502E-02,0.010096057923685653
 1.5515E-02,0.012673622871834326
 1.5529E-02,0.015285839539019882
 1.5543E-02,0.017867305276070125
 1.5556E-02,0.02032431347438523
 1.5570E-02,0.02253422682193011
 1.5583E-02,0.024354808256887697
 1.5597E-02,0.02564208031696462
 1.5611E-02,0.026272969744901644
 1.5624E-02,0.02616759393353045
 1.5638E-02,0.025305926632188502
 1.5652E-02,0.023734785129312774
 1.5665E-02,0.021563311985112188
 1.5679E-02,0.018947817265661374
 1.5692E-02,0.016069319472475186
 1.5706E-02,0.013108753594884294
 1.5720E-02,0.010225204222731385
 1.5733E-02,0.007541593072469585
 1.5747E-02,0.005140259534311463
 1.5760E-02,0.003068336099973162
 1.5774E-02,0.0013503796701760278
 1.5788E-02,3.982248298565116e-06
 1.5801E-02,-0.0009465245563779823
 1.5815E-02,-0.0014624975571590599
 1.5828E-02,-0.001492019901067838
 1.5842E-02,-0.0009796389603681668
 1.5856E-02,0.00011752131064800275
 1.5869E-02,0.0018114291927474474
 1.5883E-02,0.004067531633948358
 1.5896E-02,0.006796326302704962
 1.5910E-02,0.00985498017827275
 1.5924E-02,0.013059501502739181
 1.5937E-02,0.016205447822256067
 1.5951E-02,0.01909308219039077
 1.5965E-02,0.02155179082109709
 1.5978E-02,0.023458731592683257
 1.5992E-02,0.02474806457358303
 1.6005E-02,0.025409381973475604
 1.6019E-02,0.02547653529154565
 1.6033E-02,0.02501029891004834
 1.6046E-02,0.02407964689838568
 1.6060E-02,0.022746523547808116
 1.6073E-02,0.02105784721954315
 1.6087E-02,0.019046408349941195
 1.6101E-02,0.01673984808042249
 1.6114E-02,0.014174671329736696
 1.6128E-02,0.011410828339851043
 1.6141E-02,0.008542153174163269
 1.6155E-02,0.005698937011241939
 1.6169E-02,0.0030408835273737496
 1.6182E-02,0.0007411394764824933
 1.6196E-02,-0.0010356055344034087
 1.6210E-02,-0.002156378640642541
 1.6223E-02,-0.0025395074183655786
 1.6237E-02,-0.002166250801355906
 1.6250E-02,-0.001081988244276273
 1.6264E-02,0.0006131447339368869
 1.6278E-02,0.002781898416514752
 1.6291E-02,0.005271730427243627
 1.6305E-02,0.00793589379449299
 1.6318E-02,0.0106492640293743
 1.6332E-02,0.013315863699713472
 1.6346E-02,0.01586725354114645
 1.6359E-02,0.018253334537497112
 1.6373E-02,0.020429042930451287
 1.6386E-02,0.02234142834459469
 1.6400E-02,0.02392143003774385
 1.6414E-02,0.025083355565055997
 1.6427E-02,0.025732956901450554
 1.6441E-02,0.025782631897943168
 1.6454E-02,0.025170261811096373
 1.6468E-02,0.023877050292523534
 1.6482E-02,0.02193975746601836
 1.6495E-02,0.019453926556017243
 1.6509E-02,0.01656677905826847
 1.6523E-02,0.013460881178957568
 1.6536E-02,0.010331845409081138
 1.6550E-02,0.007364686395843415
 1.6563E-02,0.004713671496238622
 1.6577E-02,0.002489556411901958
 1.6591E-02,0.0007562306436538187
 1.6604E-02,-0.0004635072097675958
 1.6618E-02,-0.0011754928086255498
 1.6631E-02,-0.0013990067380628623
 1.6645E-02,-0.0011532720179830667
 1.6659E-02,-0.0004493964016786566
 1.6672E-02,0.0007100975651168871
 1.6686E-02,0.0023241633254305477
 1.6699E-02,0.004380688637136873
 1.6713E-02,0.0068422478580347276
 1.6727E-02,0.009634492854963546
 1.6740E-02,0.012641022816577962
 1.6754E-02,0.01570706593595227
 1.6768E-02,0.018652166229204552
 1.6781E-02,0.02128982750992676
 1.6795E-02,0.023450285394614565
 1.6808E-02,0.025001710615686592
 1.6822E-02,0.0258654220152788
 1.6836E-02,0.026022047029754396
 1.6849E-02,0.02550767490791329
 1.6863E-02,0.02440137280393638
 1.6876E-02,0.022807390204777997
 1.6890E-02,0.020836473188013734
 1.6904E-02,0.018590681472322616
 1.6917E-02,0.01615497313151884
 1.6931E-02,0.013596898406234266
 1.6944E-02,0.010973526473458128
 1.6958E-02,0.008342785964359592
 1.6972E-02,0.005775224100786382
 1.6985E-02,0.0033620746338794047
 1.6999E-02,0.0012164943383294797
 1.7012E-02,-0.0005333707065610478
 1.7026E-02,-0.001758656349208366
 1.7040E-02,-0.0023485672252402064
 1.7053E-02,-0.002229552326703872
 1.7067E-02,-0.0013804480542376559
 1.7081E-02,0.00016004243277880628
 1.7094E-02,0.0022954830825284885
 1.7108E-02,0.004883236779175303
 1.7121E-02,0.007753056580486976
 1.7135E-02,0.010728831226915437
 1.7149E-02,0.013648952126858536
 1.7162E-02,0.01638123466099712
 1.7176E-02,0.01882976972652441
 1.7189E-02,0.020933139975937903
 1.7203E-02,0.022655589571569823
 1.7217E-02,0.023974441216110046
 1.7230E-02,0.02486787943919611
 1.7244E-02,0.025306960374962023
 1.7257E-02,0.02525443932196613
 1.7271E-02,0.024671060032757444
 1.7285E-02,0.023527828252267863
 1.7298E-02,0.02182104483860008
 1.7312E-02,0.019585953822649434
 1.7326E-02,0.01690500968594277
 1.7339E-02,0.013907953427928797
 1.7353E-02,0.01076280960587419
 1.7366E-02,0.007659088884834794
 1.7380E-02,0.004786354462979174
 1.7394E-02,0.002312419382449097
 1.7407E-02,0.0003655178174796479
 1.7421E-02,-0.0009761685467743776
 1.7434E-02,-0.0016859972997582454
 1.7448E-02,-0.0017818317749939843
 1.7462E-02,-0.0013128851574938367
 1.7475E-02,-0.00034413707343462134
 1.7489E-02,0.0010576281276739102
 1.7502E-02,0.0028327748053446557
 1.7516E-02,0.004930876661720301
 1.7530E-02,0.007305955196446678
 1.7543E-02,0.00990687543071769
 1.7557E-02,0.012666253973379173
 1.7571E-02,0.015491725196240648
 1.7584E-02,0.01826288893696912
 1.7598E-02,0.020835855331387442
 1.7611E-02,0.023055360800789515
 1.7625E-02,0.02477244291113983
 1.7639E-02,0.025864135966468027
 1.7652E-02,0.02625097813039926
 1.7666E-02,0.025908485935004888
 1.7679E-02,0.024870071338864333
 1.7693E-02,0.023220822423797194
 1.7707E-02,0.02108365149959899
 1.7720E-02,0.01860100965876629
 1.7734E-02,0.0159162533933881
 1.7747E-02,0.013158616617569873
 1.7761E-02,0.010434641973860964
 1.7775E-02,0.007827153582828041
 1.7788E-02,0.005400867987125177
 1.7802E-02,0.0032120451897063593
 1.7815E-02,0.001318601271885408
 1.7829E-02,-0.00021292251403167784
 1.7843E-02,-0.0013062150513290308
 1.7856E-02,-0.001880923764951456
 1.7870E-02,-0.0018643847322831258
 1.7884E-02,-0.0012067651220440494
 1.7897E-02,0.00010405081242219187
 1.7911E-02,0.0020316669781012646
 1.7924E-02,0.004487512211880456
 1.7938E-02,0.007335783526295929
 1.7952E-02,0.01040651354456601
 1.7965E-02,0.013514407166781331
 1.7979E-02,0.016479763860883585
 1.7992E-02,0.019147347590726744
 1.8006E-02,0.021399603275960334
 1.8020E-02,0.023162016740810577
 1.8033E-02,0.02440032556768332
 1.8047E-02,0.02511123018812756
 1.8060E-02,0.02530973817665743
 1.8074E-02,0.025016928585251747
 1.8088E-02,0.02425159015579684
 1.8101E-02,0.0230279640615667
 1.8115E-02,0.021360032205299914
 1.8129E-02,0.019270902348867438
 1.8142E-02,0.016804340766530076
 1.8156E-02,0.014034779557905597
 1.8169E-02,0.011072367096511231
 1.8183E-02,0.008060776439525626
 1.8197E-02,0.005167246295035916
 1.8210E-02,0.0025662554441254833
 1.8224E-02,0.00041983850534424005
 1.8237E-02,-0.0011415616904780113
 1.8251E-02,-0.0020338575322584665
 1.8265E-02,-0.002226812304543976
 1.8278E-02,-0.0017430223411607662
 1.8292E-02,-0.0006490489909899723
 1.8305E-02,0.0009589188242409891
 1.8319E-02,0.002971377209332253
 1.8333E-02,0.0052800546074698584
 1.8346E-02,0.007787624825371152
 1.8360E-02,0.010410929553851209
 1.8374E-02,0.013077847246964511
 1.8387E-02,0.015719662113631593
 1.8401E-02,0.018261990651314883
 1.8414E-02,0.020617707024686398
 1.8428E-02,0.022684774563434342
 1.8442E-02,0.02435057419303875
 1.8455E-02,0.025502556908648246
 1.8469E-02,0.0260432874346414
 1.8482E-02,0.025906643398536534
 1.8496E-02,0.025071429227328565
 1.8510E-02,0.023569095605282687
 1.8523E-02,0.021483523081148936
 1.8537E-02,0.018942616110009802
 1.8550E-02,0.016103311547721468
 1.8564E-02,0.013133067527344106
 1.8578E-02,0.010191604171702447
 1.8591E-02,0.007416452823254877
 1.8605E-02,0.004914805922077688
 1.8618E-02,0.002762526894090877
 1.8632E-02,0.001009395605882973
 1.8646E-02,-0.0003118232741025496
 1.8659E-02,-0.0011757285699800332
 1.8673E-02,-0.001557256566428312
 1.8687E-02,-0.0014296217925759706
 1.8700E-02,-0.0007680903952076665
 1.8714E-02,0.0004412498976263773
 1.8727E-02,0.00219005116607307
 1.8741E-02,0.004436826129014601
 1.8755E-02,0.007099932015483717
 1.8768E-02,0.010056945149130126
 1.8782E-02,0.013151511648739343
 1.8795E-02,0.016207002694949457
 1.8809E-02,0.01904466417064761
 1.8823E-02,0.02150283890242948
 1.8836E-02,0.02345353787311557
 1.8850E-02,0.024813227703531855
 1.8863E-02,0.025546043766021233
 1.8877E-02,0.025659397688281304
 1.8891E-02,0.02519368294121535
 1.8904E-02,0.02420905721261229
 1.8918E-02,0.022772779590381605
 1.8932E-02,0.020950189486505965
 1.8945E-02,0.018801246740148048
 1.8959E-02,0.016382919237557088
 1.8972E-02,0.013756031590909497
 1.8986E-02,0.01099390759701718
 1.9000E-02,0.0081895784214398
 1.9013E-02,0.0054586298294407466
 1.9027E-02,0.0029358465267483847
 1.9040E-02,0.0007654016370459643
 1.9054E-02,-0.0009139704115375459
 1.9068E-02,-0.0019860162077128844
 1.9081E-02,-0.0023727252761436544
 1.9095E-02,-0.0020454629618456
 1.9108E-02,-0.0010290775713571044
 1.9122E-02,0.0006018901172547277
 1.9136E-02,0.0027340380637697233
 1.9149E-02,0.005230601443484655
 1.9163E-02,0.007948304687528189
 1.9176E-02,0.010752113576649965
 1.9190E-02,0.013525123075371022
 1.9204E-02,0.016172158312046707
 1.9217E-02,0.018617320426029062
 1.9231E-02,0.020797256781301784
 1.9245E-02,0.02265298416473614
 1.9258E-02,0.024123379359678662
 1.9272E-02,0.0251429046143011
 1.9285E-02,0.025644899857107148
 1.9299E-02,0.02557016938281453
 1.9313E-02,0.02487903357277595
 1.9326E-02,0.023563910910512506
 1.9340E-02,0.02165913281430325
 1.9353E-02,0.019245174746839483
 1.9367E-02,0.016445696048295388
 1.9381E-02,0.013417415039518842
 1.9394E-02,0.010334493983011764
 1.9408E-02,0.007370358465579575
 1.9421E-02,0.004680420993746203
 1.9435E-02,0.0023888939567841888
 1.9449E-02,0.0005818463966528523
 1.9462E-02,-0.00069285128766922
 1.9476E-02,-0.0014196615530221222
 1.9490E-02,-0.0016058750140671434
 1.9503E-02,-0.0012714515436067016
 1.9517E-02,-0.00044111973698550096
 1.9530E-02,0.000859167911706397
 1.9544E-02,0.0026006686043772197
 1.9558E-02,0.004745937383952045
 1.9571E-02,0.0072406454407961405
 1.9585E-02,0.010005965780395408
 1.9598E-02,0.012934378366867859
 1.9612E-02,0.015891004478147223
 1.9626E-02,0.01872126044117134
 1.9639E-02,0.021264051042725662
 1.9653E-02,0.023368296233210798
 1.9666E-02,0.024909663786832226
 1.9680E-02,0.025804205049596844
 1.9694E-02,0.02601621447796227
 1.9707E-02,0.025558907054944447
 1.9721E-02,0.024488114523482554
 1.9735E-02,0.022890739302033457
 1.9748E-02,0.02087079022658015
 1.9762E-02,0.018536191586045612
 1.9775E-02,0.015989126927690174
 1.9789E-02,0.013321576275289562
 1.9803E-02,0.010616222940144374
 1.9816E-02,0.007951428735012594
 1.9830E-02,0.005407881860421109
 1.9843E-02,0.003074085933859938
 1.9857E-02,0.0010481874969936185
 1.9871E-02,-0.0005653562859731724
 1.9884E-02,-0.0016643481679224146
 1.9898E-02,-0.002161266353029039
 1.9911E-02,-0.0019969829139953373
 1.9925E-02,-0.0011527086822382252
 1.9939E-02,0.00034269379115229085
 1.9952E-02,0.0024119653685690133
 1.9966E-02,0.004935803470342429
 1.9979E-02,0.007765290972557117
 1.9993E-02,0.01073805499541217
 2.0007E-02,0.013695035517354924
 2.0020E-02,0.016494707571151734
 2.0034E-02,0.01902231061280889
 2.0048E-02,0.021192916861811337
 2.0061E-02,0.02294869582064238
 2.0075E-02,0.02425212043588988
 2.0088E-02,0.025077762174665955
 2.0102E-02,0.02540551348090733
 2.0116E-02,0.025217515300311195
 2.0129E-02,0.02449990636178587
 2.0143E-02,0.02324905499981654
 2.0156E-02,0.021480563792087872
 2.0170E-02,0.01923841002914944
 2.0184E-02,0.016601344844417398
 2.0197E-02,0.013684187859941934
 2.0211E-02,0.01063279567012235
 2.0224E-02,0.007612963910590407
 2.0238E-02,0.004794971037929209
 2.0252E-02,0.0023365254872289754
 2.0265E-02,0.000367277968677201
 2.0279E-02,-0.0010222850802354376
 2.0293E-02,-0.0017857495319158617
 2.0306E-02,-0.001919066463853301
 2.0320E-02,-0.001453271918868402
 2.0333E-02,-0.00044383947130944147
 2.0347E-02,0.0010405354435634208
 2.0361E-02,0.0029270322762768967
 2.0374E-02,0.005143772198253731
 2.0388E-02,0.007620179754537097
 2.0401E-02,0.010283340619646267
 2.0415E-02,0.013052221008317731
 2.0429E-02,0.015832267396044836
 2.0442E-02,0.018512877929152585
 2.0456E-02,0.0209695326403773
 2.0469E-02,0.02307116405909161
 2.0483E-02,0.02469194771715141
 2.0497E-02,0.02572545122350305
 2.0510E-02,0.026098321880809884
 2.0524E-02,0.025780617865005552
 2.0537E-02,0.024790525716388418
 2.0551E-02,0.023192403945750735
 2.0565E-02,0.021088551603394005
 2.0578E-02,0.01860645732604895
 2.0592E-02,0.015884202220825136
 2.0606E-02,0.013056947388968208
 2.0619E-02,0.010246982703360785
 2.0633E-02,0.007558776748098385
 2.0646E-02,0.00507912162418112
 2.0660E-02,0.002881155911657744
 2.0674E-02,0.0010301044062368885
 2.0687E-02,-0.00041177292367069866
 2.0701E-02,-0.0013831990392978461
 2.0714E-02,-0.0018261254044128245
 2.0728E-02,-0.0016922047579392232
 2.0742E-02,-0.0009522107089704624
 2.0755E-02,0.0003938468250106531
 2.0769E-02,0.002308571901896449
 2.0782E-02,0.004713400103151404
 2.0796E-02,0.0074907100110302135
 2.0810E-02,0.010492073505311447
 2.0823E-02,0.013551510772627125
 2.0837E-02,0.016501476318658868
 2.0851E-02,0.019188683547572735
 2.0864E-02,0.021486933485418636
 2.0878E-02,0.023304836892815938
 2.0891E-02,0.02458753014982332
 2.0905E-02,0.025312881678170248
 2.0919E-02,0.02548391750733042
 2.0932E-02,0.025119954642563416
 2.0946E-02,0.024249033974168062
 2.0959E-02,0.022903674950971203
 2.0973E-02,0.021120889036827396
 2.0987E-02,0.018946075888614477
 2.1000E-02,0.016439229275589783
 2.1014E-02,0.013681111034807248
 2.1027E-02,0.010776911349887178
 2.1041E-02,0.007855440622185456
 2.1055E-02,0.005062959229292325
 2.1068E-02,0.002552077603831634
 2.1082E-02,0.0004674153962493876
 2.1095E-02,-0.0010694199977423105
 2.1109E-02,-0.0019727046800874243
 2.1123E-02,-0.0022008840592999
 2.1136E-02,-0.0017588014814739277
 2.1150E-02,-0.0006936942424306445
 2.1164E-02,0.0009139018565110122
 2.1177E-02,0.002962175713563893
 2.1191E-02,0.00534034072471987
 2.1204E-02,0.007938717318446076
 2.1218E-02,0.010654857853611383
 2.1232E-02,0.013395127326641307
 2.1245E-02,0.016072412263465927
 2.1259E-02,0.01860167319577527
 2.1272E-02,0.020895617505299377
 2.1286E-02,0.022862706386576618
 2.1300E-02,0.02440903908055494
 2.1313E-02,0.025444552032393073
 2.1327E-02,0.025892715368636483
 2.1340E-02,0.02570182965490978
 2.1354E-02,0.0248554053749393
 2.1368E-02,0.02337911348510812
 2.1381E-02,0.02134243546394271
 2.1395E-02,0.01885426032468024
 2.1409E-02,0.016052995820666535
 2.1422E-02,0.013092952631628008
 2.1436E-02,0.010129529624422236
 2.1449E-02,0.007305891356935377
 2.1463E-02,0.004743356879146894
 2.1477E-02,0.002536741571212773
 2.1490E-02,0.0007546638959645383
 2.1504E-02,-0.0005563437187256241
 2.1517E-02,-0.0013659069042108781
 2.1531E-02,-0.0016543332698675777
 2.1545E-02,-0.0014095356589210759
 2.1558E-02,-0.000627469697771204
 2.1572E-02,0.0006839227415973981
 2.1585E-02,0.0024983947076686226
 2.1599E-02,0.004764660754476024
 2.1613E-02,0.007401531172421481
 2.1626E-02,0.010296919473878906
 2.1640E-02,0.013311914601723998
 2.1654E-02,0.016289953450158753
 2.1667E-02,0.01906991525140552
 2.1681E-02,0.021500989247427108
 2.1694E-02,0.023456686300775086
 2.1708E-02,0.02484549986910401
 2.1722E-02,0.025616444792184317
 2.1735E-02,0.025758837367178145
 2.1749E-02,0.02529694551962093
 2.1762E-02,0.024281218482439627
 2.1776E-02,0.02277843454206472
 2.1790E-02,0.020863133613500326
 2.1803E-02,0.018612134119346056
 2.1817E-02,0.016102928197852456
 2.1830E-02,0.013415572721483658
 2.1844E-02,0.010636653299814752
 2.1858E-02,0.007863263303821783
 2.1871E-02,0.005204872616325889
 2.1885E-02,0.0027814773413738663
 2.1898E-02,0.0007173888141767146
 2.1912E-02,-0.0008688094720041395
 2.1926E-02,-0.0018765327106966192
 2.1939E-02,-0.0022353804940252932
 2.1953E-02,-0.001914762660393691
 2.1967E-02,-0.0009289193690727355
 2.1980E-02,0.0006637916428537225
 2.1994E-02,0.002767277751793243
 2.2007E-02,0.0052585240736001335
 2.2021E-02,0.008000712060457472
 2.2035E-02,0.010856138964309644
 2.2048E-02,0.01369664230952834
 2.2062E-02,0.01640997608369772
 2.2075E-02,0.018901672098703293
 2.2089E-02,0.02109307576112942
 2.2103E-02,0.02291717817335924
 2.2116E-02,0.024314341291287695
 2.2130E-02,0.02522991264146353
 2.2143E-02,0.025615081506587145
 2.2157E-02,0.02543131026429653
 2.2171E-02,0.02465754992169343
 2.2184E-02,0.02329851312795487
 2.2198E-02,0.02139177864373819
 2.2212E-02,0.01901157432371603
 2.2225E-02,0.016267720000139055
 2.2239E-02,0.013299251769785695
 2.2252E-02,0.010263435776462645
 2.2266E-02,0.007321917068932595
 2.2280E-02,0.00462638192422824
 2.2293E-02,0.0023061889851898982
 2.2307E-02,0.000459934854863932
 2.2320E-02,-0.0008480076178439331
 2.2334E-02,-0.0015860717212522095
 2.2348E-02,-0.0017503505970295446
 2.2361E-02,-0.0013576012198565498
 2.2375E-02,-0.00043850724314876944
 2.2388E-02,0.0009670037768097371
 2.2402E-02,0.0028113581617252577
 2.2416E-02,0.0050378320689302165
 2.2429E-02,0.0075769273691894175
 2.2443E-02,0.010342333281828193
 2.2457E-02,0.013228439719908008
 2.2470E-02,0.016111092302162455
 2.2484E-02,0.01885253062010957
 2.2497E-02,0.021310415047517198
 2.2511E-02,0.02334978302356735
 2.2525E-02,0.024855954064879685
 2.2538E-02,0.025746036985911703
 2.2552E-02,0.025976883419030167
 2.2565E-02,0.025548038970822202
 2.2579E-02,0.024499295672379184
 2.2593E-02,0.022903586723067096
 2.2606E-02,0.020856905497933842
 2.2620E-02,0.01846744561625146
 2.2633E-02,0.015846128369510756
 2.2647E-02,0.013100128749398567
 2.2661E-02,0.010330084992980257
 2.2674E-02,0.007630623484794022
 2.2688E-02,0.005092923210233571
 2.2701E-02,0.0028075124984718084
 2.2715E-02,0.0008654673902494137
 2.2729E-02,-0.0006433333658011923
 2.2742E-02,-0.001635375600438036
 2.2756E-02,-0.00204155629690278
 2.2770E-02,-0.001816651834180069
 2.2783E-02,-0.0009481784586687773
 2.2797E-02,0.0005374637642937259
 2.2810E-02,0.002573231241155255
 2.2824E-02,0.005054867894596556
 2.2838E-02,0.007849255464811343
 2.2851E-02,0.010806374233575602
 2.2865E-02,0.013772818182582832
 2.2878E-02,0.016604532430181822
 2.2892E-02,0.01917670239826419
 2.2906E-02,0.021389457968575457
 2.2919E-02,0.023169078485109813
 2.2933E-02,0.024465439725789538
 2.2946E-02,0.025247267891874682
 2.2960E-02,0.025497154038607087
 2.2974E-02,0.02520814339610761
 2.2987E-02,0.024383091861185226
 2.3001E-02,0.02303704496137397
 2.3015E-02,0.021201891637228864
 2.3028E-02,0.018931741282456883
 2.3042E-02,0.016307080697873236
 2.3055E-02,0.013435894430467972
 2.3069E-02,0.010450550117450542
 2.3083E-02,0.007500206438001559
 2.3096E-02,0.00473955559946769
 2.3110E-02,0.002315601571145845
 2.3123E-02,0.00035467945697562194
 2.3137E-02,-0.001048081716953414
 2.3151E-02,-0.0018351568252709602
 2.3164E-02,-0.0019880699453314866
 2.3178E-02,-0.001524117708638721
 2.3191E-02,-0.00048955495192495
 2.3205E-02,0.0010489346264150044
 2.3219E-02,0.003012482569643573
 2.3232E-02,0.00531630927565215
 2.3246E-02,0.00787305955004234
 2.3259E-02,0.010593163904439633
 2.3273E-02,0.01338309318462793
 2.3287E-02,0.016143017051047436
 2.3300E-02,0.018765592474541782
 2.3314E-02,0.02113733936860272
 2.3328E-02,0.023143373452094686
 2.3341E-02,0.024675336004824695
 2.3355E-02,0.025641425269070844
 2.3368E-02,0.02597673785969856
 2.3382E-02,0.025651855594110207
 2.3396E-02,0.02467784224322014
 2.3409E-02,0.023106496659864393
 2.3423E-02,0.0210256783071166
 2.3436E-02,0.018550539430718237
 2.3450E-02,0.015812314315931154
 2.3464E-02,0.01294673266331118
 2.3477E-02,0.010084046814128712
 2.3491E-02,0.007342122717421037
 2.3504E-02,0.004823188698590476
 2.3518E-02,0.0026138865970569683
 2.3532E-02,0.0007874675426719924
 2.3545E-02,-0.0005934815335419713
 2.3559E-02,-0.0014753964596870735
 2.3573E-02,-0.0018143511328392347
 2.3586E-02,-0.0015793322142281414
 2.3600E-02,-0.0007576844388893213
 2.3613E-02,0.0006385432550822574
 2.3627E-02,0.0025670864996481034
 2.3641E-02,0.00495254985084579
 2.3654E-02,0.007687415382652437
 2.3668E-02,0.010637513044893866
 2.3681E-02,0.013651528199122444
 2.3695E-02,0.016573221664939276
 2.3709E-02,0.019254420645260582
 2.3722E-02,0.021566659240225803
 2.3736E-02,0.02340965246425969
 2.3749E-02,0.024715504875714178
 2.3763E-02,0.025448507575781727
 2.3777E-02,0.02560132923787526
 2.3790E-02,0.025189122438726813
 2.3804E-02,0.024243371729183952
 2.3818E-02,0.022807136717285684
 2.3831E-02,0.020932747235531114
 2.3845E-02,0.018682151691824703
 2.3858E-02,0.016129232316205982
 2.3872E-02,0.013362716575148929
 2.3886E-02,0.010488012814949457
 2.3899E-02,0.00762646061774908
 2.3913E-02,0.004911073060435695
 2.3926E-02,0.0024787109758753452
 2.3940E-02,0.00045955033723214236
 2.3954E-02,-0.0010345490768034744
 2.3967E-02,-0.0019207801229283211
 2.3981E-02,-0.0021533094374447314
 2.3994E-02,-0.0017269789469234055
 2.4008E-02,-0.0006762193940128844
 2.4022E-02,0.0009304353544068024
 2.4035E-02,0.002998992336644009
 2.4049E-02,0.005420013112813819
 2.4062E-02,0.008078089221000066
 2.4076E-02,0.010859201463380982
 2.4090E-02,0.013655073428852048
 2.4103E-02,0.016364498538722287
 2.4117E-02,0.018892446902201845
 2.4131E-02,0.021148332664358886
 2.4144E-02,0.023044998675387573
 2.4158E-02,0.02449970995935819
 2.4171E-02,0.02543781114351455
 2.4185E-02,0.025798862415465057
 2.4199E-02,0.025544244296217867
 2.4212E-02,0.02466463168776782
 2.4226E-02,0.02318554171829588
 2.4239E-02,0.021169416993978483
 2.4253E-02,0.018713358913675773
 2.4267E-02,0.015942515906359686
 2.4280E-02,0.013000039453485053
 2.4294E-02,0.010035223578239463
 2.4307E-02,0.007191771745550282
 2.4321E-02,0.004598015306215387
 2.4335E-02,0.002360378704287065
 2.4348E-02,0.0005605877806914492
 2.4362E-02,-0.0007437490048020487
 2.4376E-02,-0.001516276635566744
 2.4389E-02,-0.0017382376988836334
 2.4403E-02,-0.0014055066618917735
 2.4416E-02,-0.0005273918799985164
 2.4430E-02,0.0008724040686251019
 2.4444E-02,0.0027530615330542832
 2.4457E-02,0.005053232604087682
 2.4471E-02,0.007688406435709259
 2.4484E-02,0.010550511827543766
 2.4498E-02,0.013510811432780465
 2.4512E-02,0.0164264276366742
 2.4525E-02,0.019149991567707757
 2.4539E-02,0.02154113436542684
 2.4552E-02,0.02347803879710315
 2.4566E-02,0.024867169749413602
 2.4580E-02,0.02564963516051781
 2.4593E-02,0.025803317199156253
 2.4607E-02,0.02534078943235408
 2.4620E-02,0.024303884119768655
 2.4634E-02,0.022756387098206668
 2.4648E-02,0.020776569705804708
 2.4661E-02,0.018451070120088644
 2.4675E-02,0.01587107245125929
 2.4689E-02,0.013130955617127918
 2.4702E-02,0.010328801870244961
 2.4716E-02,0.007567571623375944
 2.4729E-02,0.004955517868448009
 2.4743E-02,0.002604589405219354
 2.4757E-02,0.0006261110806543803
 2.4770E-02,-0.0008762077541130549
 2.4784E-02,-0.0018150941502023635
 2.4797E-02,-0.0021289027185513077
 2.4811E-02,-0.0017894346880640234
 2.4825E-02,-0.000806769085325746
 2.4838E-02,0.0007699974057464743
 2.4852E-02,0.0028564250384977155
 2.4865E-02,0.005340277615536534
 2.4879E-02,0.008091651471518285
 2.4893E-02,0.010973943930796688
 2.4906E-02,0.013853864048456382
 2.4920E-02,0.016609041352604544
 2.4934E-02,0.019132456948491264
 2.4947E-02,0.021333736301345323
 2.4961E-02,0.02313809889314634
 2.4974E-02,0.024484267303467994
 2.4988E-02,0.025322772003165992
 2.5002E-02,0.02561581968023291
 2.5015E-02,0.02533929758346265
 2.5029E-02,0.02448672414084394
 2.5042E-02,0.023074230398241465
 2.5056E-02,0.02114516199503261
 2.5070E-02,0.018772762511746397
 2.5083E-02,0.016059676893197553
 2.5097E-02,0.01313363427800627
 2.5110E-02,0.010139480907953182
 2.5124E-02,0.007228535335471929
 2.5138E-02,0.004546832669608375
 2.5151E-02,0.002224068181885418
 2.5165E-02,0.0003648878429208073
 2.5178E-02,-0.0009563506790710287
 2.5192E-02,-0.0016969763106614384
 2.5206E-02,-0.0018439897169718774
 2.5219E-02,-0.0014097138686661244
 2.5233E-02,-0.0004265413952872421
 2.5247E-02,0.0010578108036266244
 2.5260E-02,0.0029835058910530335
 2.5274E-02,0.0052798430147621405
 2.5287E-02,0.007864866308184185
 2.5301E-02,0.010644232827069606
 2.5315E-02,0.013510585601877428
 2.5328E-02,0.01634466215802002
 2.5342E-02,0.01901899575327429
 2.5355E-02,0.021404426953191204
 2.5369E-02,0.023378897498767304
 2.5383E-02,0.024837337027248194
 2.5396E-02,0.025701048193860685
 2.5410E-02,0.025924956762832886
 2.5423E-02,0.025501438425954173
 2.5437E-02,0.02446008424639393
 2.5451E-02,0.02286356470014831
 2.5464E-02,0.020800503695851118
 2.5478E-02,0.018376796733636045
 2.5492E-02,0.015706978971090836
 2.5505E-02,0.012907037147421325
 2.5519E-02,0.010089529076676198
 2.5532E-02,0.007361169728150438
 2.5546E-02,0.0048223486401175
 2.5560E-02,0.002567537829619604
 2.5573E-02,0.0006853593026262732
 2.5587E-02,-0.0007427490420266918
 2.5600E-02,-0.0016458493260123651
 2.5614E-02,-0.0019687171301980932
 2.5628E-02,-0.0016781943438068554
 2.5641E-02,-0.0007694167436135418
 2.5655E-02,0.0007295526598564237
 2.5668E-02,0.002755995218333753
 2.5682E-02,0.0052145323397734585
 2.5696E-02,0.007982951258556307
 2.5709E-02,0.01092119928118296
 2.5723E-02,0.013882245438866996
 2.5737E-02,0.01672315064145083
 2.5750E-02,0.019314697710297788
 2.5764E-02,0.021548308066577117
 2.5777E-02,0.023339619291384953
 2.5791E-02,0.02462885650411959
 2.5805E-02,0.025378812337358975
 2.5818E-02,0.025571687486542302
 2.5832E-02,0.025206132157940236
 2.5845E-02,0.024295554319346727
 2.5859E-02,0.022868203217533366
 2.5873E-02,0.020968848536229767
 2.5886E-02,0.01866124211559669
 2.5900E-02,0.016030140610619685
 2.5913E-02,0.013181595292551843
 2.5927E-02,0.010240503561631425
 2.5941E-02,0.007344996677090377
 2.5954E-02,0.004637965896245551
 2.5968E-02,0.0022567233316954827
 2.5981E-02,0.0003222819342118539
 2.5995E-02,-0.0010700993708245253
 2.6009E-02,-0.0018576636635012985
 2.6022E-02,-0.0020132758484886545
 2.6036E-02,-0.001544704520862336
 2.6050E-02,-0.0004905897325542389
 2.6063E-02,0.0010857950636614202
 2.6077E-02,0.003103576265965506
 2.6090E-02,0.005470740483146324
 2.6104E-02,0.008089019396358203
 2.6118E-02,0.010856783926277699
 2.6131E-02,0.013670186836848048
 2.6145E-02,0.016423343791843854
 2.6158E-02,0.01900864737394662
 2.6172E-02,0.02131828734176293
 2.6186E-02,0.02324770812723114
 2.6199E-02,0.024701159252961413
 2.6213E-02,0.025598835365422276
 2.6226E-02,0.02588453295547547
 2.6240E-02,0.02553242296948523
 2.6254E-02,0.024551544643804612
 2.6267E-02,0.0229869736437711
 2.6281E-02,0.020917227275569383
 2.6295E-02,0.01844819436320801
 2.6308E-02,0.015704541303657914
 2.6322E-02,0.012819989034716813
 2.6335E-02,0.009927975436548723
 2.6349E-02,0.007153993667145645
 2.6363E-02,0.004610394629262685
 2.6376E-02,0.002393794211260331
 2.6390E-02,0.0005845988204325355
 2.6403E-02,-0.0007522877314065579
 2.6417E-02,-0.0015666787122709585
 2.6431E-02,-0.0018231903837889328
 2.6444E-02,-0.0015027259788450904
 2.6458E-02,-0.0006053063463425502
 2.6471E-02,0.0008463818038031985
 2.6485E-02,0.0028037716416502573
 2.6499E-02,0.005190739009103469
 2.6512E-02,0.007904497722076149
 2.6526E-02,0.010819648130930525
 2.6540E-02,0.013795322505469346
 2.6553E-02,0.016684703384444145
 2.6567E-02,0.01934565616385347
 2.6580E-02,0.021650947911985675
 2.6594E-02,0.023496590064548288
 2.6608E-02,0.02480723043985291
 2.6621E-02,0.025538136917613818
 2.6635E-02,0.025674010681236613
 2.6648E-02,0.02522547122991048
 2.6662E-02,0.024224422663948492
 2.6676E-02,0.02271955692649843
 2.6689E-02,0.020772973600696493
 2.6703E-02,0.01845837889685821
 2.6716E-02,0.015860710790786575
 2.6730E-02,0.013076488723410629
 2.6744E-02,0.010213851492049918
 2.6757E-02,0.007391215892819854
 2.6771E-02,0.004733771966044456
 2.6784E-02,0.002367557716323645
 2.6798E-02,0.00041149372218260644
 2.6812E-02,-0.0010316553674859918
 2.6825E-02,-0.0018840387423155113
 2.6839E-02,-0.0020997555862087183
 2.6853E-02,-0.0016689661319376067
 2.6866E-02,-0.0006183845891360737
 2.6880E-02,0.0009918740743128107
 2.6893E-02,0.003074455935507983
 2.6907E-02,0.005522788188632813
 2.6921E-02,0.008219563288106774
 2.6934E-02,0.01104436875735127
 2.6948E-02,0.013879512913988552
 2.6961E-02,0.016613660247956675
 2.6975E-02,0.019143503258940778
 2.6989E-02,0.021374203883078126
 2.7002E-02,0.023219609230782978
 2.7016E-02,0.0246032162236069
 2.7029E-02,0.025460539146397086
 2.7043E-02,0.025743010009419538
 2.7057E-02,0.025422954352625357
 2.7070E-02,0.024498692661438934
 2.7084E-02,0.022998554575385948
 2.7098E-02,0.02098263588037036
 2.7111E-02,0.01854147475656026
 2.7125E-02,0.015791393661933904
 2.7138E-02,0.012866908967668345
 2.7152E-02,0.0099111927282081
 2.7166E-02,0.007065939685262201
 2.7179E-02,0.0044620621776398
 2.7193E-02,0.002212395480294289
 2.7206E-02,0.0004071116617545569
 2.7220E-02,-0.0008880652849322366
 2.7234E-02,-0.001631327052950858
 2.7247E-02,-0.001802825395090272
 2.7261E-02,-0.0014023372124913427
 2.7274E-02,-0.0004474577638939731
 2.7288E-02,0.0010271477000257734
 2.7302E-02,0.0029694152437091813
 2.7315E-02,0.005308965002090849
 2.7329E-02,0.007956449271046967
 2.7342E-02,0.010804142507454543
 2.7356E-02,0.013728590634797515
 2.7370E-02,0.01659572887855989
 2.7383E-02,0.01926831760469383
 2.7397E-02,0.0216149725353915
 2.7411E-02,0.023519623987909105
 2.7424E-02,0.024890044061586573
 2.7438E-02,0.02566418588929846
 2.7451E-02,0.025813465350680558
 2.7465E-02,0.025342692489988144
 2.7479E-02,0.024286988618574538
 2.7492E-02,0.02270655432901874
 2.7506E-02,0.02068045822133297
 2.7519E-02,0.01830062901639776
 2.7533E-02,0.015666962673687196
 2.7547E-02,0.012883980809226135
 2.7560E-02,0.010058927264539733
 2.7574E-02,0.00730071258821168
 2.7587E-02,0.004718836577509699
 2.7601E-02,0.002421409081699809
 2.7615E-02,0.0005116506005660238
 2.7628E-02,-0.0009172818034727749
 2.7642E-02,-0.0017887519320719035
 2.7656E-02,-0.0020495082378002446
 2.7669E-02,-0.0016757790703233373
 2.7683E-02,-0.0006773957432563572
 2.7696E-02,0.0009010040613357155
 2.7710E-02,0.0029821526727924043
 2.7724E-02,0.005461560262700189
 2.7737E-02,0.00821541636684488
 2.7751E-02,0.011109813450728642
 2.7764E-02,0.014009942485210751
 2.7778E-02,0.01678802652343678
 2.7792E-02,0.019329136450274807
 2.7805E-02,0.021534577226065794
 2.7819E-02,0.02332310644471652
 2.7832E-02,0.024630707065744235
 2.7846E-02,0.025409870038896755
 2.7860E-02,0.02562929640471293
 2.7873E-02,0.02527462124576039
 2.7887E-02,0.024350280359612782
 2.7901E-02,0.022882116860971823
 2.7914E-02,0.020919902251432865
 2.7928E-02,0.01853874181518446
 2.7941E-02,0.015838408039496252
 2.7955E-02,0.012939986602332232
 2.7969E-02,0.009979746873683217
 2.7982E-02,0.007100734427275237
 2.7996E-02,0.004443083519709265
 2.8009E-02,0.002134341253714125
 2.8023E-02,0.00028111236749762546
 2.8037E-02,-0.0010369274374995945
 2.8050E-02,-0.0017700756509006457
 2.8064E-02,-0.0018987024632638322
 2.8077E-02,-0.001430937644099338
 2.8091E-02,-0.00039885011480941964
 2.8105E-02,0.001145843113396698
 2.8118E-02,0.003135632868974901
 2.8132E-02,0.005490081313779802
 2.8145E-02,0.008117603725514401
 2.8159E-02,0.010916540215313292
 2.8173E-02,0.013776219270710145
 2.8186E-02,0.01657882523284224
 2.8200E-02,0.019202739624021095
 2.8214E-02,0.02152766478194582
 2.8227E-02,0.02344134831445888
 2.8241E-02,0.024847234340733916
 2.8254E-02,0.025672001523655626
 2.8268E-02,0.02587180789529077
 2.8282E-02,0.02543619195609807
 2.8295E-02,0.024388954205361867
 2.8309E-02,0.02278587661291866
 2.8322E-02,0.020709702703570785
 2.8336E-02,0.018263263220882238
 2.8350E-02,0.015561883865592454
 2.8363E-02,0.012726198653242255
 2.8377E-02,0.009876228461804902
 2.8390E-02,0.007127145296917438
 2.8404E-02,0.004586646540750186
 2.8418E-02,0.0023534390162505284
 2.8431E-02,0.0005160875363454688
 2.8445E-02,-0.0008485241869683698
 2.8459E-02,-0.0016776442380271816
 2.8472E-02,-0.0019261398001570794
 2.8486E-02,-0.0015706842824353897
 2.8499E-02,-0.0006139071775422303
 2.8513E-02,0.0009124598090558168
 2.8527E-02,0.002946397873775709
 2.8540E-02,0.005397079337033183
 2.8554E-02,0.008149261469079946
 2.8567E-02,0.011070307178967578
 2.8581E-02,0.014019037044190125
 2.8595E-02,0.016855265134189636
 2.8608E-02,0.019448758484616094
 2.8622E-02,0.021686514375243455
 2.8635E-02,0.0234776332426815
 2.8649E-02,0.024755584234929136
 2.8663E-02,0.02547818802777634
 2.8676E-02,0.025626049375085194
 2.8690E-02,0.025200363336034627
 2.8703E-02,0.024220953967300604
 2.8717E-02,0.022725108791044824
 2.8731E-02,0.020767332161828838
 2.8744E-02,0.018419678070717597
 2.8758E-02,0.015771965088196147
 2.8772E-02,0.012931022181966654
 2.8785E-02,0.010018209691842582
 2.8799E-02,0.007164785428073287
 2.8812E-02,0.004505162643807771
 2.8826E-02,0.00216861645379148
 2.8840E-02,0.0002704112787601915
 2.8853E-02,-0.0010964596947145352
 2.8867E-02,-0.0018677665318231952
 2.8880E-02,-0.002011890857312357
 2.8894E-02,-0.0015306184792584848
 2.8908E-02,-0.00045700224822105935
 2.8921E-02,0.0011490895576190404
 2.8935E-02,0.0032067928715576524
 2.8948E-02,0.005620386330905471
 2.8962E-02,0.008284839451180647
 2.8976E-02,0.011090199275294144
 2.8989E-02,0.013924687695989188
 2.9003E-02,0.016676813262678048
 2.9017E-02,0.019237108497385726
 2.9030E-02,0.02150020695392141
 2.9044E-02,0.02336784716619736
 2.9057E-02,0.024753067222842057
 2.9071E-02,0.025585419845561532
 2.9085E-02,0.02581660953977481
 2.9098E-02,0.025425647038898342
 2.9112E-02,0.024422518541489767
 2.9125E-02,0.022849512262555854
 2.9139E-02,0.020779704815081623
 2.9153E-02,0.018312602019516927
 2.9166E-02,0.015567436170718648
 2.9180E-02,0.01267502410127761
 2.9193E-02,0.009769294195196496
 2.9207E-02,0.006979552862321235
 2.9221E-02,0.004424299179490169
 2.9234E-02,0.00220698229594836
 2.9248E-02,0.00041363692375843714
 2.9261E-02,-0.0008880574060380602
 2.9275E-02,-0.0016489739761300242
 2.9289E-02,-0.001838687385744178
 2.9302E-02,-0.0014460729323081576
 2.9316E-02,-0.00048051435525009424
 2.9330E-02,0.0010265172265778756
 2.9343E-02,0.0030200875418792163
 2.9357E-02,0.005421385564149203
 2.9370E-02,0.008129006595297725
 2.9384E-02,0.011022429221143182
 2.9398E-02,0.013967783789553172
 2.9411E-02,0.01682554146451
 2.9425E-02,0.019459328374742443
 2.9438E-02,0.021744794019537668
 2.9452E-02,0.023577407405789716
 2.9466E-02,0.024878235837944594
 2.9479E-02,0.02559713905700073
 2.9493E-02,0.02571329599565332
 2.9506E-02,0.02523345685903487
 2.9520E-02,0.024188666763978087
 2.9534E-02,0.02263035803345368
 2.9547E-02,0.020626628244549465
 2.9561E-02,0.01825924129735872
 2.9575E-02,0.015621490735173025
 2.9588E-02,0.012816658978100526
 2.9602E-02,0.009956503906288501
 2.9615E-02,0.00715908777881202
 2.9629E-02,0.004545365856273478
 2.9643E-02,0.002234249018112583
 2.9656E-02,0.00033627120240436103
 2.9670E-02,-0.0010535775597066122
 2.9683E-02,-0.001862958916521188
 2.9697E-02,-0.002048192658603815
 2.9711E-02,-0.0015981980422128598
 2.9724E-02,-0.0005356990615395104
 2.9738E-02,0.0010845331821990223
 2.9751E-02,0.0031801320529363823
 2.9765E-02,0.005647575930716149
 2.9779E-02,0.00836963376295789
 2.9792E-02,0.011222769145327605
 2.9806E-02,0.014083618089121301
 2.9820E-02,0.016833995171068556
 2.9833E-02,0.01936431140747525
 2.9847E-02,0.021575695425700467
 2.9860E-02,0.023381394508309734
 2.9874E-02,0.0247081238478536
 2.9888E-02,0.025497911571209418
 2.9901E-02,0.0257106901702755
 2.9915E-02,0.025327494724000792
 2.9928E-02,0.02435375264029704
 2.9942E-02,0.022821893628857295
 2.9956E-02,0.02079244694942075
 2.9969E-02,0.018352950417373774
 2.9983E-02,0.015614340416083004
 2.9996E-02,0.012704944176419767
 3.0010E-02,0.009762647154760107
 3.0024E-02,0.006926151827230952
 3.0037E-02,0.0043263992172633495
 3.0051E-02,0.0020791575323491998
 3.0064E-02,0.0002795142393321897
 3.0078E-02,-0.0010013925901618502
 3.0092E-02,-0.0017175024104043707
 3.0105E-02,-0.0018472839462520226
 3.0119E-02,-0.0013921880276782626
 3.0133E-02,-0.0003747975421923781
 3.0146E-02,0.0011627986755328955
 3.0160E-02,0.003160184021132431
 3.0173E-02,0.00553946968767666
 3.0187E-02,0.008206250791712071
 3.0201E-02,0.0110512484937761
 3.0214E-02,0.013953201281010172
 3.0228E-02,0.01678336067405699
 3.0241E-02,0.019411600648122584
 3.0255E-02,0.021713750801661675
 3.0269E-02,0.023579411713275024
 3.0282E-02,0.024919298642868036
 3.0296E-02,0.025671145536434483
 3.0309E-02,0.025803395465678943
 3.0323E-02,0.025316264551084433
 3.0337E-02,0.02424021062611495
 3.0350E-02,0.022632261230541212
 3.0364E-02,0.020570959671775416
 3.0378E-02,0.018150805455217807
 3.0391E-02,0.015476976777794329
 3.0405E-02,0.012660860699991332
 3.0418E-02,0.009816556859390028
 3.0432E-02,0.007058161822385422
 3.0446E-02,0.004497379195132082
 3.0459E-02,0.002240903968753048
 3.0473E-02,0.0003871224740943319
 3.0486E-02,-0.0009780739969236102
 3.0500E-02,-0.0017862120926741198
 3.0514E-02,-0.0019913930399732753
 3.0527E-02,-0.0015749211893146134
 3.0541E-02,-0.0005485502509397224
 3.0554E-02,0.0010444003579252491
 3.0568E-02,0.0031305170467293393
 3.0582E-02,0.005610397867176922
 3.0595E-02,0.008364996829914702
 3.0609E-02,0.011263438220972678
 3.0623E-02,0.014171313848695827
 3.0636E-02,0.01695846051770811
 3.0650E-02,0.019505402936151443
 3.0663E-02,0.021707990413103947
 3.0677E-02,0.023480168407656255
 3.0691E-02,0.024755206468118348
 3.0704E-02,0.02548596013944915
 3.0718E-02,0.025644816797628686
 3.0731E-02,0.02522385297601256
 3.0745E-02,0.024235453375781882
 3.0759E-02,0.022713289643935153
 3.0772E-02,0.02071322976748407
 3.0786E-02,0.018313539486444017
 3.0799E-02,0.015613707542918548
 3.0813E-02,0.012731392079601266
 3.0827E-02,0.009797310594053126
 3.0840E-02,0.006948303597465558
 3.0854E-02,0.0043191939651331425
 3.0867E-02,0.0020343448696273814
 3.0881E-02,0.00019992135725544575
 3.0895E-02,-0.0011022402084446526
 3.0908E-02,-0.0018185300925649766
 3.0922E-02,-0.00192499780465728
 3.0936E-02,-0.0014265002204813027
 3.0949E-02,-0.00035408758080110523
 3.0963E-02,0.0012386544166898457
 3.0976E-02,0.003279574648467327
 3.0990E-02,0.005681667049765414
 3.1004E-02,0.008346232682546908
 3.1017E-02,0.01116552963847777
 3.1031E-02,0.014025224998521532
 3.1044E-02,0.016807117895529147
 3.1058E-02,0.01939259117717471
 3.1072E-02,0.021667071905751047
 3.1085E-02,0.023525482628527536
 3.1099E-02,0.024878323646525546
 3.1112E-02,0.025657732394207315
 3.1126E-02,0.025822700513059422
 3.1140E-02,0.0253626421299493
 3.1153E-02,0.024298703639440616
 3.1167E-02,0.022682544934712168
 3.1181E-02,0.020592727235440603
 3.1194E-02,0.01812921946448821
 3.1208E-02,0.015406796964429398
 3.1221E-02,0.012548196127863752
 3.1235E-02,0.009677792773367076
 3.1249E-02,0.006916323527395669
 3.1262E-02,0.0043768375677449385
 3.1276E-02,0.002161738715226978
 3.1289E-02,0.0003605386643378281
 3.1303E-02,-0.0009521505572980366
 3.1317E-02,-0.00171878429521029
 3.1330E-02,-0.0019013996831850023
 3.1344E-02,-0.0014843716192935513
 3.1357E-02,-0.00047701682920772617
 3.1371E-02,0.0010845503023880613
 3.1385E-02,0.0031369625021511875
 3.1398E-02,0.005591081694598717
 3.1412E-02,0.008335685869061039
 3.1425E-02,0.011243262509668981
 3.1439E-02,0.014177431006129844
 3.1453E-02,0.017001211946574293
 3.1466E-02,0.01958520417340866
 3.1480E-02,0.021814759359735814
 3.1494E-02,0.02359545257647366
 3.1507E-02,0.024856486252109178
 3.1521E-02,0.02555205292848158
 3.1534E-02,0.02566102682751655
 3.1548E-02,0.02518557510882697
 3.1562E-02,0.02414932910652327
 3.1575E-02,0.02259563081121164
 3.1589E-02,0.020586112489750445
 3.1602E-02,0.01819955334231732
 3.1616E-02,0.015530675956806126
 3.1630E-02,0.012688377009934547
 3.1643E-02,0.009792880980714794
 3.1657E-02,0.006971469417761553
 3.1670E-02,0.004352733855018765
 3.1684E-02,0.0020596555445143985
 3.1698E-02,0.00020214147510260643
 3.1711E-02,-0.0011301384547216101
 3.1725E-02,-0.0018737194137090935
 3.1739E-02,-0.001995354598346071
 3.1752E-02,-0.001493601428951374
 3.1766E-02,-0.00039788898291361107
 3.1779E-02,0.0012346383239633127
 3.1793E-02,0.0033238960758019244
 3.1807E-02,0.005772482183628678
 3.1820E-02,0.008471379759136177
 3.1834E-02,0.011305141357322605
 3.1847E-02,0.014156234543407666
 3.1861E-02,0.016908543857728008
 3.1875E-02,0.019450292325793667
 3.1888E-02,0.02167679730859542
 3.1902E-02,0.023493472550786938
 3.1915E-02,0.024819333658650244
 3.1929E-02,0.025591001270067658
 3.1943E-02,0.02576689761613764
 3.1956E-02,0.025331081474214652
 3.1970E-02,0.024296036191906057
 3.1983E-02,0.02270375803720323
 3.1997E-02,0.02062468867200712
 3.2011E-02,0.018154355013531354
 3.2024E-02,0.015407949417250176
 3.2038E-02,0.01251341731403234
 3.2052E-02,0.009603841473025985
 3.2065E-02,0.00680997346181045
 3.2079E-02,0.0042536549826992665
 3.2092E-02,0.0020426270021875123
 3.2106E-02,0.0002669073400327815
 3.2120E-02,-0.0010033929225083263
 3.2133E-02,-0.0017191728991203835
 3.2147E-02,-0.001852820745921881
 3.2160E-02,-0.001398472511344187
 3.2174E-02,-0.000372279820542225
 3.2188E-02,0.0011873304783962659
 3.2201E-02,0.0032196645094209487
 3.2215E-02,0.005642465533321694
 3.2228E-02,0.00835378327069486
 3.2242E-02,0.011235371344689046
 3.2256E-02,0.014157740388813409
 3.2269E-02,0.016986682124646393
 3.2283E-02,0.019590764782161207
 3.2297E-02,0.02184906018209321
 3.2310E-02,0.02365825903117486
 3.2324E-02,0.024938392892989464
 3.2337E-02,0.025636598268038557
 3.2351E-02,0.025728681633198695
 3.2365E-02,0.025218599419519035
 3.2378E-02,0.02413627176375803
 3.2392E-02,0.022534335109512586
 3.2405E-02,0.020484468915456237
 3.2419E-02,0.018073808454307703
 3.2433E-02,0.015401720434311037
 3.2446E-02,0.012576940174900629
 3.2460E-02,0.009714827051579195
 3.2473E-02,0.0069343565424277165
 3.2487E-02,0.004354471639828908
 3.2501E-02,0.00208956459943226
 3.2514E-02,0.000244114821752717
 3.2528E-02,-0.0010931955436775003
 3.2542E-02,-0.0018553073215710639
 3.2555E-02,-0.002001817123757194
 3.2569E-02,-0.0015224803659556344
 3.2582E-02,-0.00043860427691435667
 3.2596E-02,0.0011979625605827511
 3.2610E-02,0.0033081810476235994
 3.2623E-02,0.0057911005058949565
 3.2637E-02,0.008530387386168242
 3.2650E-02,0.01140129889468941
 3.2664E-02,0.014277333216795206
 3.2678E-02,0.017035972703894512
 3.2691E-02,0.01956321942108065
 3.2705E-02,0.021756931212022403
 3.2718E-02,0.023529223532658242
 3.2732E-02,0.024808345103577694
 3.2746E-02,0.02554043196729233
 3.2759E-02,0.025691401610107696
 3.2773E-02,0.025249010198772497
 3.2786E-02,0.024224831121322864
 3.2800E-02,0.02265569885872814
 3.2814E-02,0.020604062957450434
 3.2827E-02,0.01815674704876756
 3.2841E-02,0.015421803239612465
 3.2855E-02,0.012523450889417902
 3.2868E-02,0.0095954220399616
 3.2882E-02,0.006773325554992489
 3.2895E-02,0.004186820780846191
 3.2909E-02,0.0019524188698978656
 3.2923E-02,0.00016760206975144094
 3.2936E-02,-0.0010932988087112132
 3.2950E-02,-0.0017813402901697543
 3.2963E-02,-0.0018734876569018774
 3.2977E-02,-0.001371816386394384
 3.2991E-02,-0.0003018867995063688
 3.3004E-02,0.0012892529729719147
 3.3018E-02,0.0033351340500431194
 3.3031E-02,0.005751921136789753
 3.3045E-02,0.008440590284357556
 3.3059E-02,0.011289520742721474
 3.3072E-02,0.014177834843294355
 3.3086E-02,0.01697973461762893
 3.3100E-02,0.019569887254564593
 3.3113E-02,0.021829651013433198
 3.3127E-02,0.02365367492636069
 3.3140E-02,0.024956217552275343
 3.3154E-02,0.02567646469119776
 3.3168E-02,0.025782206479156595
 3.3181E-02,0.025271447956416625
 3.3195E-02,0.024171828231315372
 3.3208E-02,0.02253804423475403
 3.3222E-02,0.020447743582734598
 3.3236E-02,0.017996508611115153
 3.3249E-02,0.015292569944204717
 3.3263E-02,0.01245176850466472
 3.3276E-02,0.009593068928024034
 3.3290E-02,0.00683467710999363
 3.3304E-02,0.004290598735395366
 3.3317E-02,0.0020673515260055753
 3.3331E-02,0.00026054329313182287
 3.3344E-02,-0.001048851144659649
 3.3358E-02,-0.0017984730602280904
 3.3372E-02,-0.001948544752086427
 3.3385E-02,-0.00148533873237748
 3.3399E-02,-0.00042357031183842125
 3.3413E-02,0.0011928387704402104
 3.3426E-02,0.003292014014810227
 3.3440E-02,0.005777517607240392
 3.3453E-02,0.008533672713432378
 3.3467E-02,0.01143232238230569
 3.3481E-02,0.014340310060951938
 3.3494E-02,0.017126889803950555
 3.3508E-02,0.01967034559515412
 3.3521E-02,0.02186330180014011
 3.3535E-02,0.023616490508748835
 3.3549E-02,0.0248610374725189
 3.3562E-02,0.02554956598386965
 3.3576E-02,0.025656543047527642
 3.3589E-02,0.02517828017728837
 3.3603E-02,0.024132863863292303
 3.3617E-02,0.022560072809959267
 3.3630E-02,0.020521105950680348
 3.3644E-02,0.0180977660579962
 3.3658E-02,0.015390673062308026
 3.3671E-02,0.012516144954379601
 3.3685E-02,0.009601573062232355
 3.3698E-02,0.0067793903235726675
 3.3712E-02,0.004180021633992049
 3.3726E-02,0.0019244445165454162
 3.3739E-02,0.00011711815928788652
 3.3753E-02,-0.0011599728100263622
 3.3766E-02,-0.0018515653427638615
 3.3780E-02,-0.0019313196470057729
 3.3794E-02,-0.0014019465260341447
 3.3807E-02,-0.0002935200528857921
 3.3821E-02,0.0013395553235812322
 3.3834E-02,0.003422364154074008
 3.3848E-02,0.005863566754164979
 3.3862E-02,0.00855938325864215
 3.3875E-02,0.011397315940729541
 3.3889E-02,0.014259663099434609
 3.3903E-02,0.017027032086296804
 3.3916E-02,0.01958211249053262
 3.3930E-02,0.02181390776782441
 3.3943E-02,0.023622460746628684
 3.3957E-02,0.024923889065239572
 3.3971E-02,0.025655330764287724
 3.3984E-02,0.025779249083796286
 3.3998E-02,0.02528650517234251
 3.4011E-02,0.02419769692255762
 3.4025E-02,0.0225624679896089
 3.4039E-02,0.020456770186710722
 3.4052E-02,0.017978353046865524
 3.4066E-02,0.01524099152235097
 3.4079E-02,0.012368095242734335
 3.4093E-02,0.009486345540595699
 3.4107E-02,0.006719886733851103
 3.4120E-02,0.004185392502947907
 3.4134E-02,0.001988092646162205
 3.4147E-02,0.00021864087291422114
 3.4161E-02,-0.0010494193067296172
 3.4175E-02,-0.0017618492340446264
 3.4188E-02,-0.0018857392705963602
 3.4202E-02,-0.0014113671209722428
 3.4216E-02,-0.00035370655127693585
 3.4229E-02,0.0012467521526175617
 3.4243E-02,0.0033242803196670114
 3.4256E-02,0.0057896573965898375
 3.4270E-02,0.008533602198011189
 3.4284E-02,0.011431867470490527
 3.4297E-02,0.014351705131792097
 3.4311E-02,0.017159166575225177
 3.4324E-02,0.01972654493816363
 3.4338E-02,0.021939232653297523
 3.4352E-02,0.0237013675047346
 3.4365E-02,0.024939851676822375
 3.4379E-02,0.02560660224184357
 3.4392E-02,0.02567916488484649
 3.4406E-02,0.025160033348855505
 3.4420E-02,0.024075120063622044
 3.4433E-02,0.022471802047497904
 3.4447E-02,0.020416836009596057
 3.4461E-02,0.01799424084404381
 3.4474E-02,0.015303043760871233
 3.4488E-02,0.01245463815136761
 3.4501E-02,0.009569451958862744
 3.4515E-02,0.006772693111592438
 3.4529E-02,0.004189110392056272
 3.4542E-02,0.0019369430604291317
 3.4556E-02,0.00012147238461079858
 3.4569E-02,-0.0011712279909211409
 3.4583E-02,-0.0018796667029226909
 3.4597E-02,-0.0019708077571580084
 3.4610E-02,-0.0014419877689698178
 3.4624E-02,-0.0003206837876709625
 3.4637E-02,0.0013377672376596672
 3.4651E-02,0.0034541294924168384
 3.4665E-02,0.005930357655239939
 3.4678E-02,0.008655195408679112
 3.4692E-02,0.011509721185854738
 3.4706E-02,0.014372438473202118
 3.4719E-02,0.0171237234955089
 3.4733E-02,0.019649657128270357
 3.4746E-02,0.021845424947480818
 3.4760E-02,0.023618530206998382
 3.4774E-02,0.024892016251967356
 3.4787E-02,0.025607754037033095
 3.4801E-02,0.025729658891216544
 3.4814E-02,0.025246514762796747
 3.4828E-02,0.02417395998290041
 3.4842E-02,0.022555167187402855
 3.4855E-02,0.020459846413621276
 3.4869E-02,0.017981399156108996
 3.4882E-02,0.015232310380553225
 3.4896E-02,0.012338127459197986
 3.4910E-02,0.009430580996376853
 3.4923E-02,0.006640507541670039
 3.4937E-02,0.004091217854524003
 3.4950E-02,0.0018928254438169583
 3.4964E-02,0.00013784350184035021
 3.4978E-02,-0.0011018742506236476
 3.4991E-02,-0.001776976803795495
 3.5005E-02,-0.0018615007083410038
 3.5019E-02,-0.0013530855872181161
 3.5032E-02,-0.0002727450714742248
 3.5046E-02,0.001335715008613835
 3.5059E-02,0.0034066961883101564
 3.5073E-02,0.00585441996103211
 3.5087E-02,0.008575409137146104
 3.5100E-02,0.011452059576466049
 3.5114E-02,0.014357395433902591
 3.5127E-02,0.017160904105032477
 3.5141E-02,0.019735127067919092
 3.5155E-02,0.0219624935834221
 3.5168E-02,0.02374177428052497
 3.5182E-02,0.024993531860662728
 3.5195E-02,0.02566406145460291
 3.5209E-02,0.025727520800114083
 3.5223E-02,0.02518620522766037
 3.5236E-02,0.024069168164945098
 3.5250E-02,0.022429571292676618
 3.5264E-02,0.020341232763228655
 3.5277E-02,0.017894815565453696
 3.5291E-02,0.015193977662035276
 3.5304E-02,0.012351630804989853
 3.5318E-02,0.009486278513037353
 3.5332E-02,0.006718276853541439
 3.5345E-02,0.004165821045964777
 3.5359E-02,0.0019405192207800192
 3.5372E-02,0.00014255767374169847
 3.5386E-02,-0.0011443478876560697
 3.5400E-02,-0.001857834525380795
 3.5413E-02,-0.001961096934826811
 3.5427E-02,-0.0014458694085145445
 3.5440E-02,-0.000333717040420086
 3.5454E-02,0.0013246506587960975
 3.5468E-02,0.0034520801293241076
 3.5481E-02,0.005949455550223016
 3.5495E-02,0.008701498008035456
 3.5508E-02,0.011583271873258338
 3.5522E-02,0.014466755876858282
 3.5536E-02,0.01722692019586467
 3.5549E-02,0.019746926430811048
 3.5563E-02,0.021922289290439077
 3.5577E-02,0.023664051833675176
 3.5590E-02,0.024901179023924507
 3.5604E-02,0.02558243283437198
 3.5617E-02,0.025677947444331734
 3.5631E-02,0.025180594093340856
 3.5645E-02,0.024107053531838486
 3.5658E-02,0.022498353043837623
 3.5672E-02,0.020419525499506423
 3.5685E-02,0.017958044545845278
 3.5699E-02,0.015220792406348231
 3.5713E-02,0.012329506754012447
 3.5726E-02,0.00941488964925601
 3.5740E-02,0.006609790895415291
 3.5753E-02,0.004042047599506661
 3.5767E-02,0.0018276325480728736
 3.5781E-02,6.472085689830653e-05
 3.5794E-02,-0.0011708616474880363
 3.5808E-02,-0.0018285594754933836
 3.5822E-02,-0.0018843638036324644
 3.5835E-02,-0.0013406338102939174
 3.5849E-02,-0.00022478479514637367
 3.5862E-02,0.0014127965327567907
 3.5876E-02,0.0035013017915677715
 3.5890E-02,0.005952326895420837
 3.5903E-02,0.008662930388936774
 3.5917E-02,0.011519005276368103
 3.5930E-02,0.014399111182212421
 3.5944E-02,0.01717889748676342
 3.5958E-02,0.01973615008831632
 3.5971E-02,0.02195633759489368
 3.5985E-02,0.023738357130154188
 3.5998E-02,0.025000032706274124
 3.6012E-02,0.025682842389967413
 3.6026E-02,0.02575537025805177
 3.6039E-02,0.02521509817137364
 3.6053E-02,0.024088349114021888
 3.6066E-02,0.022428427476016314
 3.6080E-02,0.020312222284522726
 3.6094E-02,0.017835700404933427
 3.6107E-02,0.015108786602674468
 3.6121E-02,0.012250097520775091
 3.6135E-02,0.009381883252747754
 3.6148E-02,0.006625369324039031
 3.6162E-02,0.004096529654235563
 3.6175E-02,0.0019022016087129404
 3.6189E-02,0.0001364084544782109
 3.6203E-02,-0.001123207776424459
 3.6216E-02,-0.0018188323804568646
 3.6230E-02,-0.0019156478660766975
 3.6243E-02,-0.0014044348640627215
 3.6257E-02,-0.0003032240925138032
 3.6271E-02,0.0013423853561797116
 3.6284E-02,0.003460536170048898
 3.6298E-02,0.005956172649360289
 3.6311E-02,0.008715746795040575
 3.6325E-02,0.011613237642822578
 3.6339E-02,0.014516965460355505
 3.6352E-02,0.017296581764128554
 3.6366E-02,0.01982962204719184
 3.6380E-02,0.022007118105423776
 3.6393E-02,0.02373795419738628
 3.6407E-02,0.02495187155583052
 3.6420E-02,0.025601227862929166
 3.6434E-02,0.02566175708779253
 3.6448E-02,0.025132622799830123
 3.6461E-02,0.02403601133623603
 3.6475E-02,0.02241639161327446
 3.6488E-02,0.020339416407136435
 3.6502E-02,0.01789030400601771
 3.6516E-02,0.015171462899200946
 3.6529E-02,0.012299133208693828
 3.6543E-02,0.009398921205591437
 3.6556E-02,0.0066002772889179485
 3.6570E-02,0.0040301736655033935
 3.6584E-02,0.00180642681838547
 3.6597E-02,3.123579045308895e-05
 3.6611E-02,-0.001214461458609243
 3.6625E-02,-0.0018752849785724397
 3.6638E-02,-0.0019239990824016315
 3.6652E-02,-0.0013622456275563396
 3.6665E-02,-0.00021951462777436447
 3.6679E-02,0.0014493609225404562
 3.6693E-02,0.0035677757047593507
 3.6706E-02,0.006041546649835305
 3.6720E-02,0.008763347629468456
 3.6733E-02,0.011617123165588784
 3.6747E-02,0.014482369059294814
 3.6761E-02,0.017238299907359037
 3.6774E-02,0.019768001714805136
 3.6788E-02,0.02196267091458813
 3.6801E-02,0.023725968762337006
 3.6815E-02,0.024978393169306952
 3.6829E-02,0.02566142532792947
 3.6842E-02,0.025741089052240696
 3.6856E-02,0.02521050473034423
 3.6869E-02,0.02409105026004614
 3.6883E-02,0.02243185999305147
 3.6897E-02,0.02030757885917286
 3.6910E-02,0.017814504339040364
 3.6924E-02,0.015065447881002962
 3.6938E-02,0.012183787793214568
 3.6951E-02,0.009297240180181621
 3.6965E-02,0.006531836694497696
 3.6978E-02,0.004006483233657651
 3.6992E-02,0.0018283151559302484
 3.7006E-02,8.890366863919608e-05
 3.7019E-02,-0.001138755899044162
 3.7033E-02,-0.0018026029702307984
 3.7046E-02,-0.0018733336633628755
 3.7060E-02,-0.0013457272664073243
 3.7074E-02,-0.00023941119678229416
 3.7087E-02,0.0014011045384325677
 3.7101E-02,0.003507353731953846
 3.7114E-02,0.005989024793539058
 3.7128E-02,0.00873739565899536
 3.7142E-02,0.011630082611216166
 3.7155E-02,0.014536906285090207
 3.7169E-02,0.017326495497834923
 3.7183E-02,0.01987311306055046
 3.7196E-02,0.022063130538141577
 3.7210E-02,0.023800616505134244
 3.7223E-02,0.025011628815332695
 3.7237E-02,0.025646988786828705
 3.7251E-02,0.02568352282717745
 3.7264E-02,0.025123939694575364
 3.7278E-02,0.023995631521722967
 3.7291E-02,0.022348722988365013
 3.7305E-02,0.020253646417216106
 3.7319E-02,0.017798412864451697
 3.7332E-02,0.015085617317448603
 3.7346E-02,0.012229102151485653
 3.7359E-02,0.009350143568692366
 3.7373E-02,0.0065730419652168135
 3.7387E-02,0.004020089247193628
 3.7400E-02,0.001806033391506462
 3.7414E-02,3.232679321374171e-05
 3.7427E-02,-0.0012184126361775341
 3.7441E-02,-0.00188721875947047
 3.7455E-02,-0.0019423715862522252
 3.7468E-02,-0.0013813674070762996
 3.7482E-02,-0.00023103969358467314
 3.7496E-02,0.0014541749533884421
 3.7509E-02,0.0035956123629214704
 3.7523E-02,0.006095008333838593
 3.7536E-02,0.00883988855620097
 3.7550E-02,0.011709222502771953
 3.7564E-02,0.014578919608040848
 3.7577E-02,0.01732688340432105
 3.7591E-02,0.01983749934016183
 3.7604E-02,0.02200557312813956
 3.7618E-02,0.02373982368530669
 3.7632E-02,0.024966048625905072
 3.7645E-02,0.025630021874049606
 3.7659E-02,0.0257000733421114
 3.7672E-02,0.025169175328055817
 3.7686E-02,0.02405626008903566
 3.7700E-02,0.02240645305673663
 3.7713E-02,0.02028994622596956
 3.7727E-02,0.017799355411156636
 3.7741E-02,0.015045581669346204
 3.7754E-02,0.01215239448343573
 3.7768E-02,0.009250129787388033
 3.7781E-02,0.006469011911077941
 3.7795E-02,0.003932641347822806
 3.7809E-02,0.0017521357762698329
 3.7822E-02,2.1285874365659964e-05
 3.7836E-02,-0.001187078596755477
 3.7849E-02,-0.0018234847372964173
 3.7863E-02,-0.0018630801544181218
 3.7877E-02,-0.0013059437818887716
 3.7890E-02,-0.0001766291032650612
 3.7904E-02,0.0014769275445923097
 3.7917E-02,0.0035850870061215137
 3.7931E-02,0.006058815830184356
 3.7945E-02,0.008792718457100859
 3.7958E-02,0.011668888193107593
 3.7972E-02,0.014561608867911923
 3.7986E-02,0.017342822427294038
 3.7999E-02,0.019888133188946958
 3.8013E-02,0.02208298203754922
 3.8026E-02,0.023828528959945687
 3.8040E-02,0.025046757028165063
 3.8054E-02,0.02568436661765679
 3.8067E-02,0.02571515771321667
 3.8081E-02,0.025140775542650724
 3.8094E-02,0.023989884081897516
 3.8108E-02,0.02231599447758667
 3.8122E-02,0.020194279579156472
 3.8135E-02,0.017717734806203488
 3.8149E-02,0.014993001579173354
 3.8162E-02,0.01213607270987847
 3.8176E-02,0.009267982208081803
 3.8190E-02,0.00651048121304276
 3.8203E-02,0.0039816474483730145
 3.8217E-02,0.0017913841719676142
 3.8230E-02,3.683453707808981e-05
 3.8244E-02,-0.0012021505503450863
 3.8258E-02,-0.0018672304645792077
 3.8271E-02,-0.0019251215889270817
 3.8285E-02,-0.001370076360474991
 3.8299E-02,-0.00022493518337929515
 3.8312E-02,0.0014594939913270836
 3.8326E-02,0.003606799231281402
 3.8339E-02,0.006118939650380151
 3.8353E-02,0.008881509222392824
 3.8367E-02,0.011769825103101513
 3.8380E-02,0.01465531135434731
 3.8394E-02,0.017411671458559964
 3.8407E-02,0.019920443931847533
 3.8421E-02,0.02207568820517025
 3.8435E-02,0.023787715074047457
 3.8448E-02,0.024985917990243554
 3.8462E-02,0.025620846963631427
 3.8475E-02,0.025665680393835176
 3.8489E-02,0.025117195961043417
 3.8503E-02,0.023996242460530802
 3.8516E-02,0.022347605163931354
 3.8530E-02,0.0202390756435857
 3.8544E-02,0.017759513229618024
 3.8557E-02,0.015015734191673118
 3.8571E-02,0.01212818195842931
 3.8584E-02,0.009225494654850752
 3.8598E-02,0.006438259799671926
 3.8612E-02,0.003892391221517775
 3.8625E-02,0.0017026471066271063
 3.8639E-02,-3.318855500975882e-05
 3.8652E-02,-0.0012390170326514337
 3.8666E-02,-0.0018637271402247024
 3.8680E-02,-0.001882964427748832
 3.8693E-02,-0.0012994175479838564
 3.8707E-02,-0.00014181043708494248
 3.8720E-02,0.0015371321889817277
 3.8734E-02,0.003663466992774902
 3.8748E-02,0.006145329886201937
 3.8761E-02,0.008876600845363809
 3.8775E-02,0.011740875800587545
 3.8788E-02,0.014615750156705394
 3.8802E-02,0.017377436389472162
 3.8816E-02,0.019905701353293594
 3.8829E-02,0.02208902520245404
 3.8843E-02,0.02382977496426067
 3.8857E-02,0.025049082161297243
 3.8870E-02,0.025691046562869833
 3.8884E-02,0.025725880759399102
 3.8897E-02,0.025151672514942897
 3.8911E-02,0.023994566773718997
 3.8925E-02,0.02230733446279869
 3.8938E-02,0.020166468411441475
 3.8952E-02,0.017668093147892854
 3.8965E-02,0.014923066919952502
 3.8979E-02,0.012051676589840297
 3.8993E-02,0.00917828169334641
 3.9006E-02,0.0064261712713558055
 3.9020E-02,0.003912784889789691
 3.9033E-02,0.001745349198004482
 3.9047E-02,1.6919661292352913e-05
 3.9061E-02,-0.001197192257745647
 3.9074E-02,-0.0018425848685329521
 3.9088E-02,-0.0018884278682138474
 3.9102E-02,-0.0013294397845653675
 3.9115E-02,-0.00018694098516412998
 3.9129E-02,0.001491269935698103
 3.9142E-02,0.003632417925662836
 3.9156E-02,0.006141721042299139
 3.9170E-02,0.008906761516555771
 3.9183E-02,0.011803021198152325
 3.9197E-02,0.01470019319547657
 3.9210E-02,0.017468782207622918
 3.9224E-02,0.0199864801150454
 3.9238E-02,0.022143856367505627
 3.9251E-02,0.023849022288154567
 3.9265E-02,0.0250310874167479
 3.9278E-02,0.025642389003914322
 3.9292E-02,0.0256596077112262
 3.9306E-02,0.025083957574966655
 3.9319E-02,0.023940646136173884
 3.9333E-02,0.022277749092839024
 3.9347E-02,0.020164556039426657
 3.9360E-02,0.01768935184357707
 3.9374E-02,0.01495653442542148
 3.9387E-02,0.012082958666087624
 3.9401E-02,0.009193447978345133
 3.9415E-02,0.006415522541564833
 3.9428E-02,0.003873533611100258
 3.9442E-02,0.0016825341999507377
 3.9455E-02,-5.767633571699543e-05
 3.9469E-02,-0.0012678502670437901
 3.9483E-02,-0.0018934780619980739
 3.9496E-02,-0.0019075124201818447
 3.9510E-02,-0.0013114362507945531
 3.9523E-02,-0.00013466346260189682
 3.9537E-02,0.0015675659007336087
 3.9551E-02,0.0037175029804923172
 3.9564E-02,0.006219057203673436
 3.9578E-02,0.008962449692571237
 3.9591E-02,0.011829047984669279
 3.9605E-02,0.014696172318834265
 3.9619E-02,0.01744176620371781
 3.9632E-02,0.01994890445347046
 3.9646E-02,0.02211014872973435
 3.9660E-02,0.02383174524106542
 3.9673E-02,0.025037598265553233
 3.9687E-02,0.025672866752162876
 3.9700E-02,0.025706947765250187
 3.9714E-02,0.025135559013177204
 3.9728E-02,0.02398163520918419
 3.9741E-02,0.02229481852023075
 3.9755E-02,0.020149444837034142
 3.9768E-02,0.01764108336716964
 3.9782E-02,0.014881846261616935
 3.9796E-02,0.011994815583441855
 3.9809E-02,0.009108011692417942
 3.9823E-02,0.006348337599329663
 3.9836E-02,0.0038358809814657826
 3.9850E-02,0.0016788564895282793
 3.9864E-02,-3.064774062032957e-05
 3.9877E-02,-0.0012200650180840059
 3.9891E-02,-0.0018389088020029564
 3.9905E-02,-0.0018605483303713157
 3.9918E-02,-0.0012832397514909917
 3.9932E-02,-0.0001304048062446962
 3.9945E-02,0.0015499068084310534
 3.9959E-02,0.003686475129742052
 3.9973E-02,0.006187393967157464
 3.9986E-02,0.008943641551883373
 4.0000E-02,0.011833705305869345
 4.0013E-02,0.014729103876628787
 4.0027E-02,0.01750051886905786
 4.0041E-02,0.020024141001659612
 4.0054E-02,0.02218777669705384
 4.0068E-02,0.023896267231684247
 4.0081E-02,0.025075845095550706
 4.0095E-02,0.02567717777613357
 4.0109E-02,0.025677002409525616
 4.0122E-02,0.02507840441555806
 4.0136E-02,0.023909910110295772
 4.0149E-02,0.02222362730356687
 4.0163E-02,0.02009267272272574
 4.0177E-02,0.017608079256925854
 4.0190E-02,0.014875300401236915
 4.0204E-02,0.012010351765902557
 4.0218E-02,0.00913557746909252
 4.0231E-02,0.006375022053576101
 4.0245E-02,0.003849432537133514
 4.0258E-02,0.0016710019270737403
 4.0272E-02,-6.192599291323384e-05
 4.0286E-02,-0.0012698690595274666
 4.0299E-02,-0.0018965486715344334
 4.0313E-02,-0.001912165099048904
 4.0326E-02,-0.001315268376646039
 4.0340E-02,-0.00013300685233207077
 4.0354E-02,0.001580302404630087
 4.0367E-02,0.0037461615853750492
 4.0381E-02,0.006266162033561992
 4.0394E-02,0.009027149914970852
 4.0408E-02,0.011906856672891791
 4.0422E-02,0.014779586565141126
 4.0435E-02,0.017521633604308536
 4.0449E-02,0.02001621365390731
 4.0463E-02,0.022157814563416152
 4.0476E-02,0.023855959316894576
 4.0490E-02,0.025038423759677044
 4.0503E-02,0.02565394446797102
 4.0517E-02,0.025674401610493922
 4.0531E-02,0.02509638689157907
 4.0544E-02,0.023941995890365494
 4.0558E-02,0.022258645087069727
 4.0571E-02,0.02011772630965533
 4.0585E-02,0.017611981344948294
 4.0599E-02,0.014851597872717306
 4.0612E-02,0.011959172705434278
 4.0626E-02,0.009063830254062911
 4.0639E-02,0.006294893740087627
 4.0653E-02,0.003775561496354217
 4.0667E-02,0.0016170306892191828
 4.0680E-02,-8.655967172638973e-05
 4.0694E-02,-0.0012621083714565316
 4.0708E-02,-0.0018603280931987218
 4.0721E-02,-0.0018573146002898188
 4.0735E-02,-0.001254996679934748
 4.0748E-02,-8.060104181091088e-05
 4.0762E-02,0.0016147320951596187
 4.0776E-02,0.0037580790977194854
 4.0789E-02,0.006257551373789342
 4.0803E-02,0.009005783170516196
 4.0816E-02,0.011884080876491086
 4.0830E-02,0.014767199283950677
 4.0844E-02,0.017528646522340808
 4.0857E-02,0.020046331094795835
 4.0871E-02,0.022208272589220347
 4.0884E-02,0.0239180262568161
 4.0898E-02,0.025099441832659976
 4.0912E-02,0.02570040126911272
 4.0925E-02,0.025695258883564418
 4.0939E-02,0.02508582859806774
 4.0952E-02,0.023900904540489994
 4.0966E-02,0.02219443686915224
 4.0980E-02,0.020042589575000345
 4.0993E-02,0.017539964065021896
 4.1000E-02,0.016212229391824352
