  0.000,0.0
  1.000,0.007947631662176331
  0.000,0.007947631662176331
 2.2990E-05,0.008423346745747195
 4.5980E-05,0.009703672077973038
 6.8970E-05,0.011979036724865996
 9.1960E-05,0.014644776943400703
 1.1495E-04,0.016602924032643122
 1.3794E-04,0.017365572259499328
 1.6093E-04,0.016900247782544817
 1.8392E-04,0.015573976163525599
 2.0691E-04,0.014332610675689101
 2.2990E-04,0.01382320256145303
 2.5289E-04,0.013778511041446949
 2.7588E-04,0.013687337431001513
 2.9887E-04,0.012924872746459563
 3.2186E-04,0.010941739272145729
 3.4485E-04,0.00807134646733113
 3.6784E-04,0.0052093986581864945
 3.9083E-04,0.0030319842066184374
 4.1382E-04,0.0019478339902746576
 4.3681E-04,0.0018382525927925805
 4.5980E-04,0.0019035985567359744
 4.8279E-04,0.0014865369074023057
 5.0578E-04,0.00053157672883052
 5.2877E-04,-0.0006367133550860874
 5.5176E-04,-0.001291844355724108
 5.7475E-04,-0.0007220867209567852
 5.9774E-04,0.0010701634206205213
 6.2073E-04,0.0035164138546916147
 6.4372E-04,0.005894606696798136
 6.6671E-04,0.007559061803127936
 6.8970E-04,0.008406141382692807
 7.1269E-04,0.008988709670008952
 7.3568E-04,0.009953112781619675
 7.5867E-04,0.011626728480467096
 7.8166E-04,0.013876213931067189
 8.0465E-04,0.016031894763110035
 8.2764E-04,0.017289860240335773
 8.5063E-04,0.017305982354728484
 8.7362E-04,0.016304968792552665
 8.9661E-04,0.014892417665468283
 9.1960E-04,0.013774511684588944
 9.4259E-04,0.01325640847388091
 9.6558E-04,0.013016018365181754
 9.8857E-04,0.012448061377168074
 1.0116E-03,0.011041520979473203
 1.0345E-03,0.008681884139883855
 1.0575E-03,0.005858699275649453
 1.0805E-03,0.0033646382814543413
 1.1035E-03,0.0017738610509818282
 1.1265E-03,0.0011989568310823828
 1.1495E-03,0.0012498335259785557
 1.1725E-03,0.0012635934214752797
 1.1955E-03,0.0008122082913944834
 1.2185E-03,-7.738223409459307e-06
 1.2415E-03,-0.0006826947647611772
 1.2645E-03,-0.0005726128392959325
 1.2874E-03,0.0006845417747227471
 1.3104E-03,0.0028818529565610615
 1.3334E-03,0.005376802762036444
 1.3564E-03,0.00749092619418668
 1.3794E-03,0.008863740369638395
 1.4024E-03,0.009647555649178853
 1.4254E-03,0.010388529788800354
 1.4484E-03,0.01159779282093766
 1.4714E-03,0.013385866437321764
 1.4943E-03,0.015385885776139717
 1.5173E-03,0.0169301334537524
 1.5403E-03,0.017447728109961213
 1.5633E-03,0.01683733246158199
 1.5863E-03,0.015497533209985915
 1.6093E-03,0.014060927008508473
 1.6323E-03,0.013024304882721908
 1.6553E-03,0.012437680517070403
 1.6783E-03,0.011892273301383474
 1.7013E-03,0.010840572929795546
 1.7242E-03,0.008976113125352552
 1.7472E-03,0.006456961124840109
 1.7702E-03,0.0038642306334929102
 1.7932E-03,0.001869149154766249
 1.8162E-03,0.0008358972273105158
 1.8392E-03,0.0006464873453655551
 1.8622E-03,0.0008130544264692512
 1.8852E-03,0.0008052774525245391
 1.9082E-03,0.0004165911100723583
 1.9312E-03,-9.560612547534667e-05
 1.9541E-03,-0.00018917380196565843
 1.9771E-03,0.0006133720930901656
 2.0001E-03,0.0024080338390470887
 2.0231E-03,0.0048146280336764016
 2.0461E-03,0.007192783276429915
 2.0691E-03,0.009017858284367953
 2.0921E-03,0.010162019207178144
 2.1151E-03,0.01092916388313884
 2.1381E-03,0.011819545061959074
 2.1611E-03,0.013159654723181412
 2.1840E-03,0.014856916904700855
 2.2070E-03,0.01643520765146672
 2.2300E-03,0.017309001060065436
 2.2530E-03,0.01713780796793877
 2.2760E-03,0.016037854699043442
 2.2990E-03,0.014500002771766662
 2.3220E-03,0.013081443079100152
 2.3450E-03,0.01207431659024285
 2.3680E-03,0.011346092532429755
 2.3910E-03,0.010458858323078975
 2.4139E-03,0.008994354887495337
 2.4369E-03,0.006861426453410181
 2.4599E-03,0.004393177285804311
 2.4829E-03,0.0021797342667115574
 2.5059E-03,0.0007332575293664335
 2.5289E-03,0.00019943236103006396
 2.5519E-03,0.0003044904312934039
 2.5749E-03,0.0005597200967913192
 2.5979E-03,0.0005893410371039521
 2.6209E-03,0.0003795932987065276
 2.6439E-03,0.0002851382900805177
 2.6668E-03,0.0007882949914893161
 2.6898E-03,0.002174228184517562
 2.7128E-03,0.0043259444624447205
 2.7358E-03,0.006765913349115002
 2.7588E-03,0.008924115326181753
 2.7818E-03,0.010459750172665712
 2.8048E-03,0.011429330733570376
 2.8278E-03,0.012202817553718522
 2.8508E-03,0.013184096845590316
 2.8738E-03,0.014513097438423958
 2.8967E-03,0.01594542046740532
 2.9197E-03,0.01698611560797727
 2.9427E-03,0.017187593591137862
 2.9657E-03,0.016424729227897013
 2.9887E-03,0.01497319642818256
 3.0117E-03,0.013339136340767738
 3.0347E-03,0.011952868772928815
 3.0577E-03,0.01092351236625245
 3.0807E-03,0.010005662930533336
 3.1036E-03,0.008797264439602685
 3.1266E-03,0.00704073267063326
 3.1496E-03,0.004830245568693481
 3.1726E-03,0.002592866508557117
 3.1956E-03,0.0008576487781681253
 3.2186E-03,-4.242721792086185e-05
 3.2416E-03,-0.00014738661171245117
 3.2646E-03,0.00018551677615847806
 3.2876E-03,0.0005299693072885171
 3.3106E-03,0.0006707142865850636
 3.3335E-03,0.0007387633157252923
 3.3565E-03,0.001115820871274805
 3.3795E-03,0.0021704090578358384
 3.4025E-03,0.003997276415163087
 3.4255E-03,0.006325999157676758
 3.4485E-03,0.008656113961939348
 3.4715E-03,0.010534331719419057
 3.4945E-03,0.011797915570714206
 3.5175E-03,0.012630549659486373
 3.5405E-03,0.013399665050096068
 3.5634E-03,0.014382331689713104
 3.5864E-03,0.015555919597323324
 3.6094E-03,0.01658857505334925
 3.6324E-03,0.017035210103465037
 3.6554E-03,0.016612474597824247
 3.6784E-03,0.015377894795799494
 3.7014E-03,0.01370006365195679
 3.7244E-03,0.01203956150576271
 3.7474E-03,0.01068153040047179
 3.7704E-03,0.009589753534998132
 3.7934E-03,0.008471727547753617
 3.8163E-03,0.007009897286699869
 3.8393E-03,0.005109015589832032
 3.8623E-03,0.0029995935646033225
 3.8853E-03,0.0011311282208101045
 3.9083E-03,-7.63708613916469e-05
 3.9313E-03,-0.0004654597712766607
 3.9543E-03,-0.00021262711272303128
 3.9773E-03,0.0003051191390115635
 4.0003E-03,0.0007608103683645485
 4.0232E-03,0.00108454965650651
 4.0462E-03,0.00149621323833978
 4.0692E-03,0.002344705478100679
 4.0922E-03,0.0038582232841281074
 4.1152E-03,0.0059664853012971475
 4.1382E-03,0.00830864684044788
 4.1612E-03,0.01042195261312549
 4.1842E-03,0.011991985458824527
 4.2072E-03,0.013006710209042366
 4.2302E-03,0.013718658523155094
 4.2531E-03,0.014442934938542254
 4.2761E-03,0.015322762640279541
 4.2991E-03,0.01621333013282398
 4.3221E-03,0.016758203404133955
 4.3451E-03,0.016608961738828112
 4.3681E-03,0.015647171386738996
 4.3911E-03,0.014067321134932175
 4.4141E-03,0.012268792095139461
 4.4371E-03,0.010626461197772679
 4.4601E-03,0.009286031116074326
 4.4830E-03,0.0081126921454113
 4.5060E-03,0.006822424246189232
 4.5290E-03,0.0052088990247230495
 4.5520E-03,0.003318957446295308
 4.5750E-03,0.0014634507227695242
 4.5980E-03,5.6259642434688256e-05
 4.6210E-03,-0.0006161208960268358
 4.6440E-03,-0.0005489978856981107
 4.6670E-03,-1.78224336610524e-06
 4.6900E-03,0.0006783485185342775
 4.7129E-03,0.0012776244631389926
 4.7359E-03,0.0018407618826582987
 4.7589E-03,0.002621752789484227
 4.7819E-03,0.0038938877398654627
 4.8049E-03,0.00574206589761106
 4.8279E-03,0.007971079693530045
 4.8509E-03,0.01018895701188113
 4.8739E-03,0.01201288699829787
 4.8969E-03,0.013267826484077323
 4.9199E-03,0.014053332774333972
 4.9428E-03,0.014638877829934848
 4.9658E-03,0.015257454542737416
 4.9888E-03,0.015931217653691907
 5.0118E-03,0.0164409942289548
 5.0348E-03,0.016458705486436843
 5.0578E-03,0.01575744224017508
 5.0808E-03,0.014364657054003558
 5.1038E-03,0.01256096126226286
 5.1268E-03,0.010725925754908456
 5.1498E-03,0.00912932849698837
 5.1727E-03,0.007799743812966601
 5.1957E-03,0.006551603933904533
 5.2187E-03,0.005150114138775792
 5.2417E-03,0.0035059224967521284
 5.2647E-03,0.0017735469941769022
 5.2877E-03,0.0002899883039945471
 5.3107E-03,-0.0006076281398451023
 5.3337E-03,-0.0007698148780540676
 5.3567E-03,-0.0003098093053911683
 5.3797E-03,0.00047983950662797083
 5.4026E-03,0.0013144699421541299
 5.4256E-03,0.002088517725958498
 5.4486E-03,0.0029224715368066975
 5.4716E-03,0.004057584867279942
 5.4946E-03,0.005667709557075429
 5.5176E-03,0.007710008704069888
 5.5406E-03,0.009910870655601752
 5.5636E-03,0.011896830130037919
 5.5866E-03,0.013388087131022497
 5.6096E-03,0.014332938745833633
 5.6325E-03,0.01489981341560225
 5.6555E-03,0.015334790998647157
 5.6785E-03,0.015777932387579314
 5.7015E-03,0.016156873644994546
 5.7245E-03,0.016225558351299508
 5.7475E-03,0.015722633036895507
 5.7705E-03,0.01454760803955387
 5.7935E-03,0.012841978394757219
 5.8165E-03,0.010923682812265896
 5.8395E-03,0.009116865607641465
 5.8624E-03,0.0075848250072283515
 5.8854E-03,0.006270654308615459
 5.9084E-03,0.00498040057418794
 5.9314E-03,0.0035525607961913765
 5.9544E-03,0.002003393706408987
 5.9774E-03,0.0005540212225236829
 6.0004E-03,-0.00047849942303342585
 6.0234E-03,-0.0008570907453110906
 6.0464E-03,-0.0005563631698913495
 6.0694E-03,0.00023228357841996222
 6.0923E-03,0.0012238827666911866
 6.1153E-03,0.0022121294583550164
 6.1383E-03,0.0031812067890145393
 6.1613E-03,0.004287432618855505
 6.1843E-03,0.005724638379220413
 6.2073E-03,0.007561301473895991
 6.2303E-03,0.009654923271668043
 6.2533E-03,0.011699383835810019
 6.2763E-03,0.013376117248488188
 6.2993E-03,0.014514076963276022
 6.3222E-03,0.01515842283247737
 6.3452E-03,0.015506576497269898
 6.3682E-03,0.015754905805985358
 6.3912E-03,0.01595558507269535
 6.4142E-03,0.015975481431247704
 6.4372E-03,0.015582770632482895
 6.4602E-03,0.014605027128350892
 6.4832E-03,0.013057062707055964
 6.5062E-03,0.011156545743746556
 6.5292E-03,0.009217337643322032
 6.5521E-03,0.0074881536283937684
 6.5751E-03,0.006038005170609246
 6.5981E-03,0.00475892359390259
 6.6211E-03,0.0034811447768230285
 6.6441E-03,0.0021245195195552114
 6.6671E-03,0.000787692018841472
 6.6901E-03,-0.0002827606765618681
 6.7131E-03,-0.0008239516095976536
 6.7361E-03,-0.0007056739463788665
 6.7591E-03,-2.797021474087503e-06
 6.7820E-03,0.0010538045815885332
 6.8050E-03,0.00221560661584948
 6.8280E-03,0.003355880032949952
 6.8510E-03,0.004522410505530055
 6.8740E-03,0.005871848669420275
 6.8970E-03,0.00752987624382908
 6.9200E-03,0.009468425791603048
 6.9430E-03,0.011479784975614733
 6.9660E-03,0.013265283773251048
 6.9890E-03,0.014583229479500394
 7.0119E-03,0.015363319486339075
 7.0349E-03,0.015716602512636037
 7.0579E-03,0.015836925642003754
 7.0809E-03,0.015858693645819915
 7.1039E-03,0.015762691575545846
 7.1269E-03,0.015389921302053619
 7.1499E-03,0.014553696675740484
 7.1729E-03,0.013177341354585368
 7.1959E-03,0.011368759706278646
 7.2189E-03,0.009383811656617596
 7.2418E-03,0.0075014001334043
 7.2648E-03,0.005888899330284989
 7.2878E-03,0.004541711170559601
 7.3108E-03,0.0033326833845836483
 7.3338E-03,0.0021369722503025283
 7.3568E-03,0.0009504118943306156
 7.3798E-03,-7.548700750408346e-05
 7.4028E-03,-0.0007048372164190851
 7.4258E-03,-0.0007498431801819641
 7.4488E-03,-0.00018054615240450705
 7.4717E-03,0.0008572256103316945
 7.4947E-03,0.002126319460792146
 7.5177E-03,0.0034310678087113955
 7.5407E-03,0.0047144843254951305
 7.5637E-03,0.0060595182311915215
 7.5867E-03,0.0075958178949883035
 7.6097E-03,0.009373779370175514
 7.6327E-03,0.011288133744942783
 7.6557E-03,0.013101263711878688
 7.6787E-03,0.014552616946020664
 7.7016E-03,0.015485781822257147
 7.7246E-03,0.015913848011119478
 7.7476E-03,0.015983345698146863
 7.7706E-03,0.015861712619742372
 7.7936E-03,0.015621407007126137
 7.8166E-03,0.015194891883690905
 7.8396E-03,0.014428522265414528
 7.8626E-03,0.013199735893935388
 7.8856E-03,0.011521553748751778
 7.9086E-03,0.00956680380788436
 7.9316E-03,0.007595937216152255
 7.9545E-03,0.00583359512668198
 7.9775E-03,0.0043710523883818886
 8.0005E-03,0.003154331885131274
 8.0235E-03,0.0020627513172863134
 8.0465E-03,0.0010252590040361245
 8.0695E-03,9.857211131266135e-05
 8.0925E-03,-0.0005436469580033771
 8.1155E-03,-0.0007040342469271527
 8.1385E-03,-0.0002780034694279906
 8.1615E-03,0.00068031169647094
 8.1844E-03,0.001984096505865919
 8.2074E-03,0.003414997919906651
 8.2304E-03,0.004835327928032288
 8.2534E-03,0.006241098239593335
 8.2764E-03,0.007724113021442903
 8.2994E-03,0.00936967414591343
 8.3224E-03,0.011157366472958508
 8.3454E-03,0.012929985026808703
 8.3684E-03,0.01445181366893906
 8.3914E-03,0.01552034775624167
 8.4143E-03,0.016061599235446478
 8.4373E-03,0.01614984601781807
 8.4603E-03,0.01594099599885703
 8.4833E-03,0.015563530696725003
 8.5063E-03,0.015037251472670904
 8.5293E-03,0.014271310688897004
 8.5523E-03,0.013141658020247884
 8.5753E-03,0.011597074480439968
 8.5983E-03,0.009724863141976993
 8.6213E-03,0.007733289541115042
 8.6442E-03,0.00586103733507023
 8.6672E-03,0.004270107868582555
 8.6902E-03,0.002988448332290917
 8.7132E-03,0.0019363175262200065
 8.7362E-03,0.0010169593899430986
 8.7592E-03,0.00021166325028621066
 8.7822E-03,-0.0003826944133510144
 8.8052E-03,-0.0005981084493731705
 8.8282E-03,-0.00029371151557591746
 8.8512E-03,0.0005546435787532056
 8.8741E-03,0.0018303106497807528
 8.8971E-03,0.0033324509498216665
 8.9201E-03,0.004877520157501901
 8.9431E-03,0.006381967234051356
 8.9661E-03,0.007875194186127298
 8.9891E-03,0.009436804558858765
 9.0121E-03,0.011100544961403974
 9.0351E-03,0.012788286098986563
 9.0581E-03,0.014317782538226673
 9.0811E-03,0.015480574087141978
 9.1040E-03,0.016141581369379553
 9.1270E-03,0.016298233375468613
 9.1500E-03,0.01606292014231789
 9.1730E-03,0.01558137401099019
 9.1960E-03,0.014939918110523911
 9.2190E-03,0.014120734342729651
 9.2420E-03,0.013032781383504484
 9.2650E-03,0.01159718822038404
 9.2880E-03,0.009831102827809156
 9.3110E-03,0.007875171484313138
 9.3339E-03,0.0059459900654455795
 9.3569E-03,0.004242626637119625
 9.3799E-03,0.0028651352835496174
 9.4029E-03,0.0017947639450564786
 9.4259E-03,0.0009459574026887024
 9.4489E-03,0.00025473244545170355
 9.4719E-03,-0.0002545210692016937
 9.4949E-03,-0.00046721281912977876
 9.5179E-03,-0.00024306782707683754
 9.5409E-03,0.0004941872342560823
 9.5638E-03,0.001699162556463036
 9.5868E-03,0.0032159475248411847
 9.6098E-03,0.004851240954551115
 9.6328E-03,0.0064636873607658175
 9.6558E-03,0.008013982057597856
 9.6788E-03,0.009545906364031161
 9.7018E-03,0.011112785437052604
 9.7248E-03,0.012698560111164965
 9.7478E-03,0.014185706077281264
 9.7707E-03,0.015391925950849199
 9.7937E-03,0.01615341505772875
 9.8167E-03,0.01640275172409699
 9.8397E-03,0.01619297135802187
 9.8627E-03,0.01565371352296947
 9.8857E-03,0.014908354713488291
 9.9087E-03,0.014005235788707096
 9.9317E-03,0.012906225859711159
 9.9547E-03,0.01153857197506023
 9.9777E-03,0.009875287149802382
 1.0001E-02,0.007991180250143788
 1.0024E-02,0.006057395201060347
 1.0047E-02,0.004276650365989158
 1.0070E-02,0.0027989734215005516
 1.0093E-02,0.0016697139754623073
 1.0116E-02,0.0008406712094849582
 1.0139E-02,0.0002349580848437791
 1.0162E-02,-0.00017756557225221553
 1.0185E-02,-0.00034346308695949127
 1.0208E-02,-0.00015133958063071932
 1.0231E-02,0.0004965204721505175
 1.0254E-02,0.0016124172883055232
 1.0277E-02,0.0030973965535691724
 1.0300E-02,0.004778168910595209
 1.0323E-02,0.006484011763673428
 1.0346E-02,0.008115943036750775
 1.0368E-02,0.009665958795706163
 1.0391E-02,0.01117637008637962
 1.0414E-02,0.012667549990480375
 1.0437E-02,0.014082285017027301
 1.0460E-02,0.015283892909450533
 1.0483E-02,0.0161105804370978
 1.0506E-02,0.01645242913965105
 1.0529E-02,0.016302924708835417
 1.0552E-02,0.015753190281997544
 1.0575E-02,0.014933477261004146
 1.0598E-02,0.013939631185213191
 1.0621E-02,0.012791071798801202
 1.0644E-02,0.011445939160089496
 1.0667E-02,0.009862073839759301
 1.0690E-02,0.00806312849966499
 1.0713E-02,0.006165986506496793
 1.0736E-02,0.004350539981473613
 1.0759E-02,0.0027896428816280004
 1.0782E-02,0.0015821876055461758
 1.0805E-02,0.0007299166065383887
 1.0828E-02,0.00017056982655476016
 1.0851E-02,-0.00015567796987237968
 1.0874E-02,-0.000250150179187181
 1.0897E-02,-4.628947908528726e-05
 1.0920E-02,0.0005470891887008689
 1.0943E-02,0.001577864280529413
 1.0966E-02,0.003001786985880288
 1.0989E-02,0.004684457192319988
 1.1012E-02,0.006453618024374369
 1.1035E-02,0.008169624022308994
 1.1058E-02,0.009770856943130471
 1.1081E-02,0.011267277103816458
 1.1104E-02,0.012688583172279945
 1.1127E-02,0.014022292063873405
 1.1150E-02,0.015183104237204639
 1.1173E-02,0.01603450781036195
 1.1196E-02,0.016449898112543805
 1.1219E-02,0.01637510289112769
 1.1242E-02,0.015853248466296536
 1.1265E-02,0.014996833880131183
 1.1288E-02,0.013925248230460844
 1.1311E-02,0.012707411425438669
 1.1334E-02,0.011345197856634287
 1.1357E-02,0.009806650150940913
 1.1380E-02,0.008085912928194798
 1.1403E-02,0.0062497920550216
 1.1426E-02,0.004439573191576674
 1.1449E-02,0.0028254126127790777
 1.1472E-02,0.0015407906255338305
 1.1495E-02,0.0006369918071109884
 1.1518E-02,8.46243630310998e-05
 1.1541E-02,-0.00018069409120308915
 1.1564E-02,-0.00019906121208447558
 1.1587E-02,4.800800776395814e-05
 1.1610E-02,0.0006249366435876335
 1.1633E-02,0.0015909554619492777
 1.1656E-02,0.0029437281785158484
 1.1679E-02,0.004594419367352395
 1.1702E-02,0.0063909798724194585
 1.1725E-02,0.008175961132220709
 1.1748E-02,0.009843557447267146
 1.1771E-02,0.011361483566003833
 1.1794E-02,0.01274600316773554
 1.1817E-02,0.014008327996756512
 1.1840E-02,0.015108604424378863
 1.1863E-02,0.01594841912703466
 1.1886E-02,0.0164077370121108
 1.1909E-02,0.01640352484533224
 1.1932E-02,0.015933317254601044
 1.1955E-02,0.015076486448077426
 1.1978E-02,0.013952758034580754
 1.2001E-02,0.012664354239292526
 1.2024E-02,0.011257940085737047
 1.2047E-02,0.009729243473334872
 1.2070E-02,0.008065538901750935
 1.2093E-02,0.006296898347945522
 1.2116E-02,0.004521648960911465
 1.2139E-02,0.0028881336229954805
 1.2162E-02,0.0015428288922633535
 1.2185E-02,0.0005762371511496095
 1.2208E-02,-7.638984124489065e-07
 1.2231E-02,-0.00023684662340278575
 1.2254E-02,-0.0001907409058331514
 1.2277E-02,0.00011518423414852262
 1.2300E-02,0.00070840983475355
 1.2323E-02,0.0016385599665183568
 1.2346E-02,0.00292688327447107
 1.2369E-02,0.004526038509927815
 1.2392E-02,0.006316841844031254
 1.2415E-02,0.008145243473187569
 1.2438E-02,0.009877440652105532
 1.2461E-02,0.011439820470416244
 1.2484E-02,0.012820398283465508
 1.2507E-02,0.014033093864286753
 1.2530E-02,0.015069747915949682
 1.2553E-02,0.015872223115345415
 1.2576E-02,0.016343642278442524
 1.2599E-02,0.01639242677511261
 1.2622E-02,0.015981592702305418
 1.2644E-02,0.01515224513573462
 1.2667E-02,0.014006509593243269
 1.2690E-02,0.012660710516096593
 1.2713E-02,0.01119807023563335
 1.2736E-02,0.009649874970489867
 1.2759E-02,0.008015353877030281
 1.2782E-02,0.006305546600661429
 1.2805E-02,0.004581151509962961
 1.2828E-02,0.002958381550155178
 1.2851E-02,0.001577449961026583
 1.2874E-02,0.0005521960474090043
 1.2897E-02,-6.867554134724018e-05
 1.2920E-02,-0.0003056991295779166
 1.2943E-02,-0.0002169650663589069
 1.2966E-02,0.00014811358319487703
 1.2989E-02,0.0007796952387216693
 1.3012E-02,0.0017035901571883926
 1.3035E-02,0.0029457447999503995
 1.3058E-02,0.004488787925419367
 1.3081E-02,0.0062495047904861534
 1.3104E-02,0.00809288409133467
 1.3127E-02,0.009875252914107674
 1.3150E-02,0.0114907310365793
 1.3173E-02,0.012893387263110878
 1.3196E-02,0.014083141124057667
 1.3219E-02,0.015066535784543571
 1.3242E-02,0.01581925321085093
 1.3265E-02,0.01627567552187438
 1.3288E-02,0.016353057817627747
 1.3311E-02,0.01599540848211129
 1.3334E-02,0.01520934660712445
 1.3357E-02,0.014069145403671497
 1.3380E-02,0.012687598774735673
 1.3403E-02,0.011170761987460524
 1.3426E-02,0.009584360630769551
 1.3449E-02,0.00795166236424221
 1.3472E-02,0.0062821544732818485
 1.3495E-02,0.00461061574154327
 1.3518E-02,0.0030196750570532487
 1.3541E-02,0.001629711114041632
 1.3564E-02,0.0005609485113831387
 1.3587E-02,-0.00010961144876473503
 1.3610E-02,-0.00037048555562939936
 1.3633E-02,-0.0002644179810829508
 1.3656E-02,0.00014822944751028002
 1.3679E-02,0.000827536426907425
 1.3702E-02,0.001769364108527723
 1.3725E-02,0.0029888553677945386
 1.3748E-02,0.004483672649375785
 1.3771E-02,0.006201689033037891
 1.3794E-02,0.00803512737661845
 1.3817E-02,0.009846399172803489
 1.3840E-02,0.011510856995848057
 1.3863E-02,0.012951097150707674
 1.3886E-02,0.01414300274153034
 1.3909E-02,0.015091765353225305
 1.3932E-02,0.015795084375996665
 1.3955E-02,0.016218529478348852
 1.3978E-02,0.01629979495383177
 1.4001E-02,0.015979674946931966
 1.4024E-02,0.015240190636765108
 1.4047E-02,0.014125501437519866
 1.4070E-02,0.01273200846787694
 1.4093E-02,0.011173419568356255
 1.4116E-02,0.009542081585770251
 1.4139E-02,0.00788975125047773
 1.4162E-02,0.006238140041600332
 1.4185E-02,0.004610362886621443
 1.4208E-02,0.0030611302387815054
 1.4231E-02,0.0016845390787971612
 1.4254E-02,0.0005928485001850947
 1.4277E-02,-0.00012170699040724283
 1.4300E-02,-0.00041911469829550676
 1.4323E-02,-0.00031855373664493614
 1.4346E-02,0.00012326754466795937
 1.4369E-02,0.0008480020432591437
 1.4392E-02,0.0018228835552969347
 1.4415E-02,0.0030424904467005577
 1.4438E-02,0.0045049726596216675
 1.4461E-02,0.006179246324065545
 1.4484E-02,0.007985575017962779
 1.4507E-02,0.009803511900205076
 1.4530E-02,0.01150383316270601
 1.4553E-02,0.012985930812805056
 1.4576E-02,0.014198782682016069
 1.4599E-02,0.015134141322380957
 1.4622E-02,0.01579818963023139
 1.4645E-02,0.01618133295038993
 1.4668E-02,0.016246518494592486
 1.4691E-02,0.015944145411844374
 1.4714E-02,0.015244229824601845
 1.4737E-02,0.014165167402973921
 1.4760E-02,0.012780378009050441
 1.4783E-02,0.011197987866126696
 1.4806E-02,0.009525567162207557
 1.4829E-02,0.007841034183959636
 1.4852E-02,0.006186464928406438
 1.4875E-02,0.004586646157000948
 1.4898E-02,0.0030783738404681843
 1.4921E-02,0.001729806135071264
 1.4944E-02,0.0006357892057797579
 1.4966E-02,-0.00010935416749110018
 1.4989E-02,-0.00044553928923258526
 1.5012E-02,-0.0003668186727664117
 1.5035E-02,8.42541138822904e-05
 1.5058E-02,0.0008435969310144837
 1.5081E-02,0.0018566141658306707
 1.5104E-02,0.0030939528868256143
 1.5127E-02,0.004542944381632772
 1.5150E-02,0.006181555904265006
 1.5173E-02,0.00795304455185867
 1.5196E-02,0.00975915630340371
 1.5219E-02,0.011477945710824802
 1.5242E-02,0.012996660025014907
 1.5265E-02,0.014240603082815101
 1.5288E-02,0.015181498917586751
 1.5311E-02,0.015821880869095716
 1.5334E-02,0.016167084777439375
 1.5357E-02,0.016203921118978188
 1.5380E-02,0.0159003320663728
 1.5403E-02,0.015226459495364315
 1.5426E-02,0.014183498243526558
 1.5449E-02,0.012821462125692748
 1.5472E-02,0.011233835011123568
 1.5495E-02,0.009531558567998812
 1.5518E-02,0.007811635195241001
 1.5541E-02,0.006138660039627624
 1.5564E-02,0.004549023697789782
 1.5587E-02,0.003072930876563109
 1.5610E-02,0.0017581041245247698
 1.5633E-02,0.0006782152309564562
 1.5656E-02,-8.087607102937055e-05
 1.5679E-02,-0.00044958894648921557
 1.5702E-02,-0.00040073050676047036
 1.5725E-02,4.2521296266148667e-05
 1.5748E-02,0.000821276801294565
 1.5771E-02,0.001868752571337045
 1.5794E-02,0.0031339028185540345
 1.5817E-02,0.004586714465953902
 1.5840E-02,0.006203137568605302
 1.5863E-02,0.007940887007423673
 1.5886E-02,0.009723306416550661
 1.5909E-02,0.011443388581015297
 1.5932E-02,0.012987210068381874
 1.5955E-02,0.014263677118446309
 1.5978E-02,0.015223462092091255
 1.6001E-02,0.015856846607698833
 1.6024E-02,0.016173456663341745
 1.6047E-02,0.016178079533195947
 1.6070E-02,0.015858775061798766
 1.6093E-02,0.015195134228888855
 1.6116E-02,0.014181227879095534
 1.6139E-02,0.012848072047251746
 1.6162E-02,0.01127049309545906
 1.6185E-02,0.009552997723505187
 1.6208E-02,0.007802366833150803
 1.6231E-02,0.006102824038997357
 1.6254E-02,0.004507667310960696
 1.6277E-02,0.003050560868976591
 1.6300E-02,0.0017671569433681282
 1.6323E-02,0.0007113310475901078
 1.6346E-02,-4.594147771605928e-05
 1.6369E-02,-0.00043565394115435767
 1.6392E-02,-0.00041665682244132723
 1.6415E-02,7.346598020151337e-06
 1.6438E-02,0.0007900195371969886
 1.6461E-02,0.0018622737222096846
 1.6484E-02,0.0031574735899159373
 1.6507E-02,0.004626736775336113
 1.6530E-02,0.006235875949378333
 1.6553E-02,0.007947566064666733
 1.6576E-02,0.009701924916660392
 1.6599E-02,0.011409764796887675
 1.6622E-02,0.012964681993878934
 1.6645E-02,0.014268106340983636
 1.6668E-02,0.015253129306507499
 1.6691E-02,0.01589363661081644
 1.6714E-02,0.016194488065971558
 1.6737E-02,0.016170287406707905
 1.6760E-02,0.01582713588011336
 1.6783E-02,0.015159350622646435
 1.6806E-02,0.014163084724795721
 1.6829E-02,0.012857596062013246
 1.6852E-02,0.011299735917028209
 1.6875E-02,0.009581326757671106
 1.6898E-02,0.0078097867128466
 1.6921E-02,0.006082775548260066
 1.6944E-02,0.004471165776280673
 1.6967E-02,0.003019120721474768
 1.6990E-02,0.0017591011522940984
 1.7013E-02,0.000730244277342899
 1.7036E-02,-1.3301620180416638e-05
 1.7059E-02,-0.0004107498008658165
 1.7082E-02,-0.00041543446449724227
 1.7105E-02,-1.544979528686377e-05
 1.7128E-02,0.0007585460527436173
 1.7151E-02,0.0018432315209171103
 1.7174E-02,0.0031642272937860115
 1.7197E-02,0.004656416565475468
 1.7220E-02,0.006271266169171563
 1.7243E-02,0.007968091825707626
 1.7265E-02,0.009696680131191132
 1.7288E-02,0.011384281630933642
 1.7311E-02,0.012937187722708866
 1.7334E-02,0.014257736775745497
 1.7357E-02,0.015267669808328227
 1.7380E-02,0.015924603555279984
 1.7403E-02,0.01622262549990272
 1.7426E-02,0.016177893212970577
 1.7449E-02,0.015809310630441997
 1.7472E-02,0.01512701542041518
 1.7495E-02,0.014135918119894425
 1.7518E-02,0.012851475498852813
 1.7541E-02,0.011316726271235731
 1.7564E-02,0.00960856212675986
 1.7587E-02,0.007827871045348765
 1.7610E-02,0.0060782650879163645
 1.7633E-02,0.004445152893362897
 1.7656E-02,0.002986494794264362
 1.7679E-02,0.0017390400503729615
 1.7702E-02,0.0007340574046064308
 1.7725E-02,1.076748126928068e-05
 1.7748E-02,-0.00038249622311280684
 1.7771E-02,-0.00040117326745308464
 1.7794E-02,-2.388663759821943e-05
 1.7817E-02,0.0007336168837941249
 1.7840E-02,0.0018188277178698736
 1.7863E-02,0.003157225452010512
 1.7886E-02,0.004672764935091568
 1.7909E-02,0.006302222054641801
 1.7932E-02,0.007995822865184186
 1.7955E-02,0.00970559578815966
 1.7978E-02,0.01137084461968998
 1.8001E-02,0.012911978280066164
 1.8024E-02,0.014238521056375563
 1.8047E-02,0.015267960154321192
 1.8070E-02,0.015945034118535695
 1.8093E-02,0.016250615049875766
 1.8116E-02,0.016195742712397508
 1.8139E-02,0.015805507993307426
 1.8162E-02,0.015103520974370592
 1.8185E-02,0.014106826572288856
 1.8208E-02,0.012833981918194926
 1.8231E-02,0.01132021465636036
 1.8254E-02,0.009628776032378609
 1.8277E-02,0.007849825269340699
 1.8300E-02,0.006085960492409399
 1.8323E-02,0.004431848102812099
 1.8346E-02,0.002958995205088655
 1.8369E-02,0.0017133304856965855
 1.8392E-02,0.0007251310725087956
 1.8415E-02,2.3164523255730625e-05
 1.8438E-02,-0.0003574383480355785
 1.8461E-02,-0.00037967327120586643
 1.8484E-02,-1.9339690176201833e-05
 1.8507E-02,0.0007191165000654586
 1.8530E-02,0.0017956926760023264
 1.8553E-02,0.0031416060769098282
 1.8576E-02,0.004676174226483516
 1.8599E-02,0.006324182202869521
 1.8622E-02,0.008024188002549604
 1.8645E-02,0.009724288081202851
 1.8668E-02,0.01137002717473152
 1.8691E-02,0.012894176295220019
 1.8714E-02,0.014216831293133107
 1.8737E-02,0.015257555084908336
 1.8760E-02,0.015953427285983486
 1.8783E-02,0.016272899557832517
 1.8806E-02,0.016217795862839855
 1.8829E-02,0.015813054652503843
 1.8852E-02,0.015091233490410699
 1.8875E-02,0.014081665995529857
 1.8898E-02,0.012810703427608906
 1.8921E-02,0.011311967274195488
 1.8944E-02,0.009638821924033278
 1.8967E-02,0.007869634287961998
 1.8990E-02,0.0061008287860936415
 1.9013E-02,0.004430392696413339
 1.9036E-02,0.0029404475587538085
 1.9059E-02,0.001688010072772285
 1.9082E-02,0.000707858209179223
 1.9105E-02,2.3860056994108223e-05
 1.9128E-02,-0.0003399710136869577
 1.9151E-02,-0.0003568641685250819
 1.9174E-02,-5.492179103187367e-06
 1.9197E-02,0.0007159292780553785
 1.9220E-02,0.0017786767102138728
 1.9243E-02,0.003123068037483046
 1.9266E-02,0.004669561618594255
 1.9289E-02,0.006335451530694721
 1.9312E-02,0.00804799809238811
 1.9335E-02,0.00974740487291954
 1.9358E-02,0.0113797205102782
 1.9381E-02,0.012886229921067315
 1.9404E-02,0.014198074873627876
 1.9427E-02,0.015241353567119358
 1.9450E-02,0.015951059363102055
 1.9473E-02,0.016286351620643364
 1.9496E-02,0.016238550905902663
 1.9519E-02,0.015827597802816097
 1.9541E-02,0.015089710278445747
 1.9564E-02,0.014064151829894185
 1.9587E-02,0.012787112773795824
 1.9610E-02,0.011295716020308915
 1.9633E-02,0.009638331209515056
 1.9656E-02,0.007883098905949818
 1.9679E-02,0.006117544142091573
 1.9702E-02,0.004437730761103816
 1.9725E-02,0.00293198927549471
 1.9748E-02,0.0016676503851984921
 1.9771E-02,0.0006873091721040108
 1.9794E-02,1.5196479576901718e-05
 1.9817E-02,-0.0003319447568043871
 1.9840E-02,-0.00033757716907655623
 1.9863E-02,1.293985749348432e-05
 1.9886E-02,0.0007224502858116992
 1.9909E-02,0.0017702789888340816
 1.9932E-02,0.0031065904589349077
 1.9955E-02,0.0046571993284048934
 1.9978E-02,0.0063368851187159386
 2.0001E-02,0.008064177094107684
 2.0024E-02,0.009769929846780167
 2.0047E-02,0.011396176247247019
 2.0070E-02,0.012888032779537227
 2.0093E-02,0.014185823437973135
 2.0116E-02,0.015224299879115423
 2.0139E-02,0.015941087850207897
 2.0162E-02,0.01629034730908997
 2.0185E-02,0.016254032587727032
 2.0208E-02,0.015844370836106618
 2.0231E-02,0.015096434797352452
 2.0254E-02,0.014055600134302269
 2.0277E-02,0.012767487855470027
 2.0300E-02,0.011275952544102623
 2.0323E-02,0.009629149352284302
 2.0346E-02,0.00788826717291058
 2.0369E-02,0.006131631525641909
 2.0392E-02,0.004449731748907872
 2.0415E-02,0.0029324575651392907
 2.0438E-02,0.0016547700152954655
 2.0461E-02,0.0006680513622436659
 2.0484E-02,8.695459936085281e-07
 2.0507E-02,-0.0003328765487453754
 2.0530E-02,-0.0003248210883355098
 2.0553E-02,3.1398011450643846e-05
 2.0576E-02,0.0007354817426098855
 2.0599E-02,0.0017706828417441318
 2.0622E-02,0.003095591896040462
 2.0645E-02,0.004643539801488749
 2.0668E-02,0.006331129331472816
 2.0691E-02,0.008071898094520436
 2.0714E-02,0.009788119077775053
 2.0737E-02,0.011415140717401887
 2.0760E-02,0.012897532516197047
 2.0783E-02,0.014181512920929298
 2.0806E-02,0.015210373907467368
 2.0829E-02,0.01592748090345563
 2.0852E-02,0.016286316841587344
 2.0875E-02,0.01626224465427026
 2.0898E-02,0.0158592516905053
 2.0921E-02,0.01510780181643976
 2.0944E-02,0.014055213038613026
 2.0967E-02,0.012754321762169701
 2.0990E-02,0.011256845850780095
 2.1013E-02,0.00961445402140743
 2.1036E-02,0.007885312353400351
 2.1059E-02,0.0061401754986553335
 2.1082E-02,0.004462272174691426
 2.1105E-02,0.002939153053373291
 2.1128E-02,0.0016497974132374037
 2.1151E-02,0.0006533417635838056
 2.1174E-02,-1.5129574389371146e-05
 2.1197E-02,-0.000340583731699103
 2.1220E-02,-0.00031959312300123616
 2.1243E-02,4.636647896656579e-05
 2.1266E-02,0.0007512453222523146
 2.1289E-02,0.0017782509434577588
 2.1312E-02,0.00309159812191753
 2.1335E-02,0.004632274465963263
 2.1358E-02,0.006321675313097588
 2.1381E-02,0.008072233526005427
 2.1404E-02,0.009799965241351712
 2.1427E-02,0.01143283074241613
 2.1450E-02,0.012911592837446965
 2.1473E-02,0.014184644260545979
 2.1496E-02,0.0152020085398394
 2.1519E-02,0.015914029131191866
 2.1542E-02,0.016276983493446622
 2.1565E-02,0.016263118497274454
 2.1588E-02,0.015869447784534293
 2.1611E-02,0.015120096242644461
 2.1634E-02,0.01406072587462379
 2.1657E-02,0.012748229202614805
 2.1680E-02,0.011241473985835852
 2.1703E-02,0.009597806779712174
 2.1726E-02,0.007876009528980902
 2.1749E-02,0.006142051006537915
 2.1772E-02,0.004472067327709885
 2.1795E-02,0.0029487384554555004
 2.1818E-02,0.0016514646859651055
 2.1840E-02,0.0006447699162448858
 2.1863E-02,-2.9388769863066076e-05
 2.1886E-02,-0.00035201572436454584
 2.1909E-02,-0.00032113962531625664
 2.1932E-02,5.5842972272032916e-05
 2.1955E-02,0.0007662791442575871
 2.1978E-02,0.001790274637698872
 2.2001E-02,0.0030943688009179553
 2.2024E-02,0.004625762627646525
 2.2047E-02,0.006311959296247356
 2.2070E-02,0.0080675019175202
 2.2093E-02,0.009805204162264965
 2.2116E-02,0.011446590036403985
 2.2139E-02,0.01292687642234411
 2.2162E-02,0.014193328956054197
 2.2185E-02,0.015199953540033078
 2.2208E-02,0.0159036203464458
 2.2231E-02,0.016265516065173298
 2.2254E-02,0.016258083997643214
 2.2277E-02,0.01587375481165291
 2.2300E-02,0.015130269116972487
 2.2323E-02,0.014069201902179883
 2.2346E-02,0.012748253933400627
 2.2369E-02,0.011231452677939412
 2.2392E-02,0.009582345053892022
 2.2415E-02,0.0078630087065704
 2.2438E-02,0.00613773925804339
 2.2461E-02,0.0044771422987455725
 2.2484E-02,0.0029580595958401583
 2.2507E-02,0.0016574536674228083
 2.2530E-02,0.0006423198880734524
 2.2553E-02,-3.963148350506686e-05
 2.2576E-02,-0.00036407000797418243
 2.2599E-02,-0.000327510798880136
 2.2622E-02,5.9395528953306675e-05
 2.2645E-02,0.0007780646621349988
 2.2668E-02,0.0018037675438242681
 2.2691E-02,0.0031023519505666976
 2.2714E-02,0.0046248608259821826
 2.2737E-02,0.006304680777995164
 2.2760E-02,0.008060512947641636
 2.2783E-02,0.009804967585103502
 2.2806E-02,0.011455167027603274
 2.2829E-02,0.012940565546978273
 2.2852E-02,0.014204990017171983
 2.2875E-02,0.015203510825509487
 2.2898E-02,0.01589786342235486
 2.2921E-02,0.016254786076173994
 2.2944E-02,0.016249436160138075
 2.2967E-02,0.01587243510688284
 2.2990E-02,0.0151364007045598
 2.3013E-02,0.014077780271834268
 2.3036E-02,0.012752423071371515
 2.3059E-02,0.011226944914184614
 2.3082E-02,0.009570245580799334
 2.3105E-02,0.007849098209959651
 2.3128E-02,0.006128861344539631
 2.3151E-02,0.004476930100667808
 2.3174E-02,0.002964740782596684
 2.3197E-02,0.0016651057981998505
 2.3220E-02,0.0006447424913627508
 2.3243E-02,-4.491579415203241e-05
 2.3266E-02,-0.00037423105372459583
 2.3289E-02,-0.0003362296378530382
 2.3312E-02,5.788892134741169e-05
 2.3335E-02,0.0007853188530290976
 2.3358E-02,0.0018161329149145218
 2.3381E-02,0.0031132990428145314
 2.3404E-02,0.004629095123352059
 2.3427E-02,0.00630142630774733
 2.3450E-02,0.008053886764814123
 2.3473E-02,0.009801233661704909
 2.3496E-02,0.011458644983028784
 2.3519E-02,0.012950812135454088
 2.3542E-02,0.014217041009853581
 2.3565E-02,0.015211008325355352
 2.3588E-02,0.01589705711528657
 2.3611E-02,0.016246855797060925
 2.3634E-02,0.016239672495731893
 2.3657E-02,0.015866827569517992
 2.3680E-02,0.015137828935947862
 2.3703E-02,0.014084236725844334
 2.3726E-02,0.012758379427988038
 2.3749E-02,0.011226961862017725
 2.3772E-02,0.00956250527898925
 2.3795E-02,0.007836609369621376
 2.3818E-02,0.006117588636596323
 2.3841E-02,0.00447206266445504
 2.3864E-02,0.002967485988645813
 2.3887E-02,0.0016720376130052166
 2.3910E-02,0.0006500911525540356
 2.3933E-02,-4.551804689599407e-05
 2.3956E-02,-0.0003809437960812339
 2.3979E-02,-0.00034491368745984434
 2.4002E-02,5.3011865861713543e-05
 2.4025E-02,0.0007879695503754397
 2.4048E-02,0.0018255988612920354
 2.4071E-02,0.0031248794768840675
 2.4094E-02,0.004637062639934065
 2.4117E-02,0.0063026046196873785
 2.4139E-02,0.00804956800798022
 2.4162E-02,0.00979623262958468
 2.4185E-02,0.011458118379797384
 2.4208E-02,0.012956888369137463
 2.4231E-02,0.014227410893684716
 2.4254E-02,0.015220361707548726
 2.4277E-02,0.015900430761785895
 2.4300E-02,0.016242747447901794
 2.4323E-02,0.016230941738983925
 2.4346E-02,0.015858829658137574
 2.4369E-02,0.015134994174169763
 2.4392E-02,0.014087286813394446
 2.4415E-02,0.012763946214746772
 2.4438E-02,0.011229827436717762
 2.4461E-02,0.009559010947097839
 2.4484E-02,0.00782705041649392
 2.4507E-02,0.0061060775019915366
 2.4530E-02,0.004463967595345839
 2.4553E-02,0.002966092643298131
 2.4576E-02,0.0016765592010248023
 2.4599E-02,0.0006562755766489434
 2.4622E-02,-4.259701606513784e-05
 2.4645E-02,-0.00038370716018526984
 2.4668E-02,-0.00035173479286582007
 2.4691E-02,4.6746382829357586e-05
 2.4714E-02,0.0007868917527443463
 2.4737E-02,0.001831386878578513
 2.4760E-02,0.0031351704535772244
 2.4783E-02,0.004646928576998626
 2.4806E-02,0.006307634745070414
 2.4829E-02,0.008048588081594945
 2.4852E-02,0.00979193818313179
 2.4875E-02,0.011455239344179457
 2.4898E-02,0.01295907634361474
 2.4921E-02,0.014234844147598758
 2.4944E-02,0.015229590387514461
 2.4967E-02,0.015906545837594273
 2.4990E-02,0.016242475676621144
 2.5013E-02,0.01622468978207387
 2.5036E-02,0.01585038556383201
 2.5059E-02,0.015129096853476465
 2.5082E-02,0.014086629472339096
 2.5105E-02,0.012767525486645998
 2.5128E-02,0.011233674967981699
 2.5151E-02,0.009558817279256839
 2.5174E-02,0.007820990859735984
 2.5197E-02,0.006096036977407994
 2.5220E-02,0.004454396806723205
 2.5243E-02,0.0029612412754090552
 2.5266E-02,0.0016778563335193848
 2.5289E-02,0.000661517211137251
 2.5312E-02,-3.775692065667612e-05
 2.5335E-02,-0.0003829330882755655
 2.5358E-02,-0.0003556611626781514
 2.5381E-02,4.089983173046022e-05
 2.5404E-02,0.0007835131042642793
 2.5427E-02,0.0018336408647652484
 2.5450E-02,0.0031429518220958443
 2.5473E-02,0.004656896264332818
 2.5496E-02,0.006315290864644682
 2.5519E-02,0.00805106658621611
 2.5542E-02,0.00978972754438575
 2.5565E-02,0.01145175557868062
 2.5588E-02,0.012958378920364994
 2.5611E-02,0.014238967031685328
 2.5634E-02,0.015237193895901432
 2.5657E-02,0.015913740116632526
 2.5680E-02,0.016245276129885706
 2.5703E-02,0.016221528979854283
 2.5726E-02,0.01584308254822303
 2.5749E-02,0.015121680185669478
 2.5772E-02,0.014082781852458063
 2.5795E-02,0.012768288022665922
 2.5818E-02,0.011236868213050616
 2.5841E-02,0.009560529113921721
 2.5864E-02,0.007818162112299718
 2.5887E-02,0.006088486176385521
 2.5910E-02,0.004444997927329822
 2.5933E-02,0.0029541550233138482
 2.5956E-02,0.0016759537625979945
 2.5979E-02,0.0006646370324608849
 2.6002E-02,-3.2620851907916954e-05
 2.6025E-02,-0.0003796534553035736
 2.6048E-02,-0.000356482858310474
 2.6071E-02,3.6779804294198646e-05
 2.6094E-02,0.0007793983750401913
 2.6117E-02,0.0018331860606629795
 2.6140E-02,0.003147791188681178
 2.6163E-02,0.004665561497419851
 2.6186E-02,0.006324098246489591
 2.6209E-02,0.008056396716548883
 2.6232E-02,0.00979024024264636
 2.6255E-02,0.011449135228030852
 2.6278E-02,0.012956151443403428
 2.6301E-02,0.014240160503283906
 2.6324E-02,0.015242344805924589
 2.6347E-02,0.015920515033367565
 2.6370E-02,0.01624993897872742
 2.6393E-02,0.016221305987306065
 2.6416E-02,0.015837912225821482
 2.6439E-02,0.015114239540214583
 2.6461E-02,0.014076786797107024
 2.6484E-02,0.012766164276874482
 2.6507E-02,0.011238279109768826
 2.6530E-02,0.009562686802583362
 2.6553E-02,0.007817704405594896
 2.6576E-02,0.006083706905903959
 2.6599E-02,0.0044370052963445825
 2.6622E-02,0.0029462277407959056
 2.6645E-02,0.0016715174007566878
 2.6668E-02,0.000665156031998162
 2.6691E-02,-2.8498424189199565e-05
 2.6714E-02,-0.0003751690646827285
 2.6737E-02,-0.0003546653458225818
 2.6760E-02,3.5044720505459466e-05
 2.6783E-02,0.0007759017090352866
 2.6806E-02,0.0018312056806256967
 2.6829E-02,0.0031499502533484497
 2.6852E-02,0.004672106115773728
 2.6875E-02,0.006332688475667881
 2.6898E-02,0.008063534823758515
 2.6921E-02,0.009793418391271467
 2.6944E-02,0.011448334404075305
 2.6967E-02,0.012953746801952905
 2.6990E-02,0.01423930976308756
 2.7013E-02,0.015244901257259596
 2.7036E-02,0.015925800908276215
 2.7059E-02,0.01625515578405906
 2.7082E-02,0.016223308707432525
 2.7105E-02,0.015835207032254554
 2.7128E-02,0.015107931197378773
 2.7151E-02,0.014069881231222164
 2.7174E-02,0.01276168380158664
 2.7197E-02,0.01123739892637382
 2.7220E-02,0.009564075993837953
 2.7243E-02,0.007818476400614177
 2.7266E-02,0.00608135616493798
 2.7289E-02,0.00443108549660816
 2.7312E-02,0.002938703072421776
 2.7335E-02,0.0016655723877141903
 2.7358E-02,0.0006632311386789989
 2.7381E-02,-2.6193156167064616e-05
 2.7404E-02,-0.00037072495838666393
 2.7427E-02,-0.00035110020191488306
 2.7450E-02,3.571996408548129e-05
 2.7473E-02,0.0007739413667032747
 2.7496E-02,0.0018289195182832367
 2.7519E-02,0.0031501724006893768
 2.7542E-02,0.004676328662516194
 2.7565E-02,0.006340051573140725
 2.7588E-02,0.008071311737493031
 2.7611E-02,0.009798678683902745
 2.7634E-02,0.01144972165307132
 2.7657E-02,0.012952242591696505
 2.7680E-02,0.014237509475219757
 2.7703E-02,0.015245278063640878
 2.7726E-02,0.015929074555477252
 2.7749E-02,0.01625980659603819
 2.7772E-02,0.016226538640256433
 2.7795E-02,0.015834724574752563
 2.7818E-02,0.015103416646101772
 2.7841E-02,0.014063201621125551
 2.7864E-02,0.012755730569450854
 2.7887E-02,0.01123429875156624
 2.7910E-02,0.009563916675212773
 2.7933E-02,0.007819350556493538
 2.7956E-02,0.0060806790616140015
 2.7979E-02,0.004427333135415163
 2.8002E-02,0.002932457654363352
 2.8025E-02,0.0016592133686715428
 2.8048E-02,0.0006594773607055987
 2.8071E-02,-2.595639156959548e-05
 2.8094E-02,-0.00036727161468332774
 2.8117E-02,-0.00034682699866154344
 2.8140E-02,3.833824623149918e-05
 2.8163E-02,0.0007739143361126196
 2.8186E-02,0.0018273290352148613
 2.8209E-02,0.0031494217683834744
 2.8232E-02,0.004678543363950751
 2.8255E-02,0.006345657723101918
 2.8278E-02,0.008078697887247833
 2.8301E-02,0.009805151026643035
 2.8324E-02,0.011453138514910604
 2.8347E-02,0.012952286617187302
 2.8370E-02,0.014235794410688831
 2.8393E-02,0.01524423494540494
 2.8416E-02,0.015930339405506366
 2.8439E-02,0.016263142941022456
 2.8462E-02,0.016229978456050544
 2.8485E-02,0.015835828687100737
 2.8508E-02,0.015100842583077395
 2.8531E-02,0.014057577367213978
 2.8554E-02,0.01274928286219093
 2.8577E-02,0.011229481867017308
 2.8600E-02,0.009561920983468938
 2.8623E-02,0.00781943781946385
 2.8646E-02,0.006080756020655807
 2.8669E-02,0.004425383162885096
 2.8692E-02,0.0029279082837140426
 2.8715E-02,0.0016533672864313992
 2.8737E-02,0.0006547382099000407
 2.8760E-02,-2.7563412604272777e-05
 2.8783E-02,-0.0003653405657890849
 2.8806E-02,-0.0003427892072465185
 2.8829E-02,4.21472616640462e-05
 2.8852E-02,0.0007757358985517937
 2.8875E-02,0.0018270651453349582
 2.8898E-02,0.0031486376645557066
 2.8921E-02,0.0046793981098881225
 2.8944E-02,0.006349453991097631
 2.8967E-02,0.008084979282372434
 2.8990E-02,0.009811920277671728
 2.9013E-02,0.011458052652808127
 2.9036E-02,0.012954064741272569
 2.9059E-02,0.01423494408909764
 2.9082E-02,0.015242643735806576
 2.9105E-02,0.015930003803971776
 2.9128E-02,0.01626485373794239
 2.9151E-02,0.016232801948528736
 2.9174E-02,0.01583770851939422
 2.9197E-02,0.01509992959717488
 2.9220E-02,0.014053433769984315
 2.9243E-02,0.012743193897505448
 2.9266E-02,0.011223682714649803
 2.9289E-02,0.009558238281716449
 2.9312E-02,0.007818212498471408
 2.9335E-02,0.006080726487881667
 2.9358E-02,0.004424590302940934
 2.9381E-02,0.0029250333824935243
 2.9404E-02,0.0016486446029885626
 2.9427E-02,0.0006498627219377611
 2.9450E-02,-3.0468261683492333e-05
 2.9473E-02,-0.000365033259610415
 2.9496E-02,-0.00033966561196252325
 2.9519E-02,4.632723133184434e-05
 2.9542E-02,0.0007789674610420251
 2.9565E-02,0.0018283458754346743
 2.9588E-02,0.0031485504492167788
 2.9611E-02,0.0046796668404039884
 2.9634E-02,0.006351765431877092
 2.9657E-02,0.008089829289659668
 2.9680E-02,0.009818221559060675
 2.9703E-02,0.01146375137504545
 2.9726E-02,0.012957369499058848
 2.9749E-02,0.014235383908275865
 2.9772E-02,0.015241286416154553
 2.9795E-02,0.015928705415166045
 2.9818E-02,0.01626502762791343
 2.9841E-02,0.016234497069364143
 2.9864E-02,0.01583958254628357
 2.9887E-02,0.015100126567265093
 2.9910E-02,0.014050798954989925
 2.9933E-02,0.012738048142352411
 2.9956E-02,0.01121766533831037
 2.9979E-02,0.009553324476723336
 3.0002E-02,0.007815534978700753
 3.0025E-02,0.006079949262564168
 3.0048E-02,0.004424223850655974
 3.0071E-02,0.0029234781020780545
 3.0094E-02,0.0016452886628024915
 3.0117E-02,0.0006455326021138721
 3.0140E-02,-3.398790528754531e-05
 3.0163E-02,-0.00036609940340281
 3.0186E-02,-0.0003377939669944243
 3.0209E-02,5.017207736607873e-05
 3.0232E-02,0.0007829865180455193
 3.0255E-02,0.0018310271911411208
 3.0278E-02,0.00314958194899135
 3.0301E-02,0.00468006415875708
 3.0324E-02,0.006353142513877513
 3.0347E-02,0.008093285604313237
 3.0370E-02,0.009823560283420274
 3.0393E-02,0.01146952710256092
 3.0416E-02,0.012961732415129025
 3.0439E-02,0.014237180559358081
 3.0462E-02,0.015240717734048849
 3.0485E-02,0.015927129650128928
 3.0508E-02,0.01626404318773674
 3.0531E-02,0.016234897195416525
 3.0554E-02,0.01584084975180614
 3.0577E-02,0.015100784471100968
 3.0600E-02,0.014049389462237303
 3.0623E-02,0.01273410496333645
 3.0646E-02,0.011212062180745901
 3.0669E-02,0.00954777944337982
 3.0692E-02,0.007811591217641005
 3.0715E-02,0.006078081673684866
 3.0738E-02,0.004423634978898642
 3.0761E-02,0.0029227026302553125
 3.0784E-02,0.0016432108888252623
 3.0807E-02,0.0006421629173413677
 3.0830E-02,-3.747176864978322e-05
 3.0853E-02,-0.0003680683781320665
 3.0876E-02,-0.00033718110868334985
 3.0899E-02,5.320599138964601e-05
 3.0922E-02,0.0007871547291942248
 3.0945E-02,0.001834715323493556
 3.0968E-02,0.0031518311277334054
 3.0991E-02,0.0046811145645983794
 3.1014E-02,0.00635419808114049
 3.1036E-02,0.008095658912640665
 3.1059E-02,0.009827749996118317
 3.1082E-02,0.011474819195415051
 3.1105E-02,0.0129665786685632
 3.1128E-02,0.01424011099352698
 3.1151E-02,0.015241205326598822
 3.1174E-02,0.0159258601924593
 3.1197E-02,0.01626242580879388
 3.1220E-02,0.016234135437201782
 3.1243E-02,0.015841169623442564
 3.1266E-02,0.015101310059442633
 3.1289E-02,0.01404873914530342
 3.1312E-02,0.012731320925029429
 3.1335E-02,0.01120727651228715
 3.1358E-02,0.009542192702896319
 3.1381E-02,0.00780678033817232
 3.1404E-02,0.006075080221909885
 3.1427E-02,0.004422369043932164
 3.1450E-02,0.0029221337903962315
 3.1473E-02,0.0016420849623765114
 3.1496E-02,0.0006398794874776137
 3.1519E-02,-4.042576037136599e-05
 3.1542E-02,-0.000370394991396189
 3.1565E-02,-0.00033757763361456027
 3.1588E-02,5.522666418276696e-05
 3.1611E-02,0.0007909505553468837
 3.1634E-02,0.001838903733601609
 3.1657E-02,0.0031551282792828643
 3.1680E-02,0.004683090137367222
 3.1703E-02,0.006355469157754838
 3.1726E-02,0.008097407357809217
 3.1749E-02,0.009830879234910333
 3.1772E-02,0.011479293478617062
 3.1795E-02,0.012971367693207364
 3.1818E-02,0.014243774076231886
 3.1841E-02,0.015242741601644173
 3.1864E-02,0.015925284399406246
 3.1887E-02,0.016260707756455297
 3.1910E-02,0.01623254883348665
 3.1933E-02,0.01584047108381548
 3.1956E-02,0.01510127292189924
 3.1979E-02,0.014048335359353264
 3.2002E-02,0.012729428159541801
 3.2025E-02,0.011203453602749776
 3.2048E-02,0.009537026663233496
 3.2071E-02,0.007801584975942272
 3.2094E-02,0.006071140612006929
 3.2117E-02,0.004420212837709035
 3.2140E-02,0.0029212885466838165
 3.2163E-02,0.0016414674132443294
 3.2186E-02,0.0006385599396404658
 3.2209E-02,-4.2576155999397326e-05
 3.2232E-02,-0.00037258679184607547
 3.2255E-02,-0.0003385871885425838
 3.2278E-02,5.628331669182995e-05
 3.2301E-02,0.0007940478166544078
 3.2324E-02,0.0018431014005510769
 3.2347E-02,0.0031591310742347346
 3.2370E-02,0.004686013567355049
 3.2393E-02,0.00635732584856106
 3.2416E-02,0.00809901006755421
 3.2439E-02,0.00983323044282065
 3.2462E-02,0.011482857737482392
 3.2485E-02,0.012975694561278539
 3.2508E-02,0.014247712598132076
 3.2531E-02,0.015245108546608302
 3.2554E-02,0.015925560162052755
 3.2577E-02,0.016259319043252788
 3.2600E-02,0.016230563386514196
 3.2623E-02,0.015838904943279847
 3.2646E-02,0.015100455052167719
 3.2669E-02,0.014047733253609805
 3.2692E-02,0.012728040084612473
 3.2715E-02,0.011200510663033247
 3.2738E-02,0.00953255238874662
 3.2761E-02,0.007796454553430384
 3.2784E-02,0.006066603230454135
 3.2807E-02,0.004417182189227614
 3.2830E-02,0.0029198509052315628
 3.2853E-02,0.001640914164829613
 3.2876E-02,0.0006379154790052812
 3.2899E-02,-4.3874269546805944e-05
 3.2922E-02,-0.0003742914673641291
 3.2945E-02,-0.0003397803407776047
 3.2968E-02,5.660894790322958e-05
 3.2991E-02,0.0007963367151681252
 3.3014E-02,0.0018469284879188358
 3.3037E-02,0.0031634334151188223
 3.3060E-02,0.0046897108845030165
 3.3083E-02,0.006359934902920567
 3.3106E-02,0.00810086549828284
 3.3129E-02,0.009835178316587445
 3.3152E-02,0.011485624733923987
 3.3175E-02,0.012979340628057756
 3.3198E-02,0.01425151854235063
 3.3221E-02,0.015247970126658152
 3.3244E-02,0.015926636713758338
 3.3267E-02,0.016258524008646656
 3.3290E-02,0.01622858750835331
 3.3313E-02,0.01583676241371439
 3.3335E-02,0.015098846078329965
 3.3358E-02,0.014046630081216325
 3.3381E-02,0.012726756803131652
 3.3404E-02,0.011198205981730743
 3.3427E-02,0.009528838789083935
 3.3450E-02,0.00779172208316146
 3.3473E-02,0.006061851100691164
 3.3496E-02,0.004413466124489074
 3.3519E-02,0.0029176973814200504
 3.3542E-02,0.001640070415597775
 3.3565E-02,0.0006375874969688656
 3.3588E-02,-4.4454576435288586e-05
 3.3611E-02,-0.00037533584075280963
 3.3634E-02,-0.0003407889693129237
 3.3657E-02,5.653100792532258e-05
 3.3680E-02,0.000797896292620096
 3.3703E-02,0.001850167552311678
 3.3726E-02,0.003167662161680147
 3.3749E-02,0.0046938918160646294
 3.3772E-02,0.0063632727560326546
 3.3795E-02,0.008103229456112995
 3.3818E-02,0.009837092888984522
 3.3841E-02,0.011487842319550998
 3.3864E-02,0.012982274917943638
 3.3887E-02,0.014254904249663051
 3.3910E-02,0.01525096733418587
 3.3933E-02,0.015928312860461105
 3.3956E-02,0.016258405990307045
 3.3979E-02,0.01622693354275668
 3.4002E-02,0.015834384004241416
 3.4025E-02,0.015096597653190068
 3.4048E-02,0.014044893735069766
 3.4071E-02,0.012725248989456029
 3.4094E-02,0.011196224306291424
 3.4117E-02,0.009525785161394682
 3.4140E-02,0.007787563629840819
 3.4163E-02,0.006057222684904467
 3.4186E-02,0.004409348867221849
 3.4209E-02,0.002914877717365147
 3.4232E-02,0.0016387218285441245
 3.4255E-02,0.0006372360914765709
 3.4278E-02,-4.456543953361642e-05
 3.4301E-02,-0.00037571969606714766
 3.4324E-02,-0.00034136656723127325
 3.4347E-02,5.6383515878080073e-05
 3.4370E-02,0.0007989350560153533
 3.4393E-02,0.0018527701634227522
 3.4416E-02,0.003171544962371249
 3.4439E-02,0.0046982351738703776
 3.4462E-02,0.006367174025981627
 3.4485E-02,0.008106196180746443
 3.4508E-02,0.009839265815354145
 3.4531E-02,0.011489812294579979
 3.4554E-02,0.012984617247127678
 3.4577E-02,0.014257732883124355
 3.4600E-02,0.015253796011719365
 3.4623E-02,0.015930312201940085
 3.4646E-02,0.016258892070333618
 3.4669E-02,0.016225776711583702
 3.4692E-02,0.015832079367651367
 3.4715E-02,0.015093955560137075
 3.4738E-02,0.014042550219613186
 3.4761E-02,0.012723308215361703
 3.4784E-02,0.011194257444809817
 3.4807E-02,0.009523180512415333
 3.4830E-02,0.00778399878940857
 3.4853E-02,0.006052953715503816
 3.4876E-02,0.004405130513121756
 3.4899E-02,0.0029115650122763913
 3.4922E-02,0.0016368055612780107
 3.4945E-02,0.0006366044568471498
 3.4968E-02,-4.4492744788121076e-05
 3.4991E-02,-0.00037557607303542674
 3.5014E-02,-0.0003414101098293841
 3.5037E-02,5.643804749380112e-05
 3.5060E-02,0.0007997190867202692
 3.5083E-02,0.0018548278497488874
 3.5106E-02,0.003174942132350289
 3.5129E-02,0.004702460869815266
 3.5152E-02,0.0063713975290387
 3.5175E-02,0.008109716431859267
 3.5198E-02,0.009841869445291047
 3.5221E-02,0.01149181701859179
 3.5244E-02,0.0129865793563061
 3.5267E-02,0.01426001142239043
 3.5290E-02,0.015256255717352394
 3.5313E-02,0.01593235627756022
 3.5336E-02,0.016259803725526104
 3.5359E-02,0.01622515122050919
 3.5382E-02,0.015830071816950356
 3.5405E-02,0.015091188413739808
 3.5428E-02,0.01403974206494632
 3.5451E-02,0.012720861296120815
 3.5474E-02,0.011192064937544705
 3.5497E-02,0.00952077155739899
 3.5520E-02,0.007780922699776906
 3.5543E-02,0.006049153173980264
 3.5566E-02,0.004401062741687473
 3.5589E-02,0.002907992394978606
 3.5612E-02,0.0016343881529671258
 3.5634E-02,0.0006355516882132091
 3.5657E-02,-4.449349911283282e-05
 3.5680E-02,-0.0003751137529639973
 3.5703E-02,-0.00034094789792464417
 3.5726E-02,5.6863203556074056e-05
 3.5749E-02,0.0008005050362586389
 3.5772E-02,0.0018565214370296164
 3.5795E-02,0.003177844395443069
 3.5818E-02,0.004706377077452452
 3.5841E-02,0.00637569244602555
 3.5864E-02,0.008113640418561269
 3.5887E-02,0.009844949413440676
 3.5910E-02,0.01149406681622587
 3.5933E-02,0.012988400992483705
 3.5956E-02,0.014261856200202944
 3.5979E-02,0.015258266396549924
 3.6002E-02,0.015934221315838784
 3.6025E-02,0.01626091717798611
 3.6048E-02,0.016224975756198586
 3.6071E-02,0.015828473036790427
 3.6094E-02,0.015088528122303217
 3.6117E-02,0.014036672733338708
 3.6140E-02,0.012717953987274464
 3.6163E-02,0.011189507074102174
 3.6186E-02,0.009518323616735977
 3.6209E-02,0.007778155828637694
 3.6232E-02,0.006045810391927931
 3.6255E-02,0.004397309077340797
 3.6278E-02,0.0029043921108554732
 3.6301E-02,0.0016316223388918789
 3.6324E-02,0.0006340546171633066
 3.6347E-02,-4.475053146944731e-05
 3.6370E-02,-0.0003745576609327399
 3.6393E-02,-0.00034010365859049824
 3.6416E-02,5.7714201126118794e-05
 3.6439E-02,0.000801490423294517
 3.6462E-02,0.001858063977891058
 3.6485E-02,0.003180344782407144
 3.6508E-02,0.004709898708206601
 3.6531E-02,0.006379851220335801
 3.6554E-02,0.008117771176478253
 3.6577E-02,0.009848444537301004
 3.6600E-02,0.011496674026370352
 3.6623E-02,0.01299029501978717
 3.6646E-02,0.014263444257180933
 3.6669E-02,0.01525985688775413
 3.6692E-02,0.015935770882855256
 3.6715E-02,0.016262019015935915
 3.6738E-02,0.016225096468326004
 3.6761E-02,0.01582728617285219
 3.6784E-02,0.01508613146626204
 3.6807E-02,0.014033551508833942
 3.6830E-02,0.012714714413604776
 3.6853E-02,0.011186549981877751
 3.6876E-02,0.009515663772232638
 3.6899E-02,0.007775497419142444
 3.6922E-02,0.006042824706694637
 3.6945E-02,0.0043939321037466976
 3.6968E-02,0.00290094879194856
 3.6991E-02,0.001628696376738018
 3.7014E-02,0.0006321854380599492
 3.7037E-02,-4.535259025236285e-05
 3.7060E-02,-0.0003740996987085697
 3.7083E-02,-0.00033904960891416563
 3.7106E-02,5.894777408930167e-05
 3.7129E-02,0.0008027873091507006
 3.7152E-02,0.0018596502925774616
 3.7175E-02,0.0031825963217677724
 3.7198E-02,0.004713040080223186
 3.7221E-02,0.006383741563731395
 3.7244E-02,0.00812191521634759
 3.7267E-02,0.009852223733124171
 3.7290E-02,0.011499652822678988
 3.7313E-02,0.012992410585865961
 3.7336E-02,0.014264963619746
 3.7359E-02,0.015261134077438215
 3.7382E-02,0.015936963389607022
 3.7405E-02,0.01626294694347893
 3.7428E-02,0.016225334730532146
 3.7451E-02,0.01582643013493299
 3.7474E-02,0.015084065672076635
 3.7497E-02,0.014030549857013271
 3.7520E-02,0.012711308240757089
 3.7543E-02,0.01118324814576597
 3.7566E-02,0.009512701619180912
 3.7589E-02,0.007772770940768009
 3.7612E-02,0.0060400464880241075
 3.7635E-02,0.004390904013873662
 3.7658E-02,0.0028977730847512817
 3.7681E-02,0.0016257878347939994
 3.7704E-02,0.0006300751998473656
 3.7727E-02,-4.629803040699209e-05
 3.7750E-02,-0.00037386755240037555
 3.7773E-02,-0.0003379605083728819
 3.7796E-02,6.045354936672851e-05
 3.7819E-02,0.0008044192887345708
 3.7842E-02,0.0018614217844983008
 3.7865E-02,0.0031847673221852522
 3.7888E-02,0.004715889176423677
 3.7911E-02,0.0063873158900821765
 3.7933E-02,0.008125920824880518
 3.7956E-02,0.009856128566534762
 3.7979E-02,0.011502938901552292
 3.8002E-02,0.012994817612983241
 3.8025E-02,0.014266572764652
 3.8048E-02,0.015262243350987642
 3.8071E-02,0.015937838691562727
 3.8094E-02,0.016263610828240835
 3.8117E-02,0.016225528933542958
 3.8140E-02,0.015825775345701863
 3.8163E-02,0.015082315409068408
 3.8186E-02,0.014027775463580914
 3.8209E-02,0.012707896564070956
 3.8232E-02,0.011179713085738396
 3.8255E-02,0.009509428568605276
 3.8278E-02,0.007769854194692375
 3.8301E-02,0.006037318631400608
 3.8324E-02,0.004388133005686022
 3.8347E-02,0.002894896295732806
 3.8370E-02,0.0016230301655759673
 3.8393E-02,0.0006278737970340984
 3.8416E-02,-4.7515919918903024e-05
 3.8439E-02,-0.0003739136456358321
 3.8462E-02,-0.0003369777555451507
 3.8485E-02,6.209177742772551e-05
 3.8508E-02,0.0008063370564513814
 3.8531E-02,0.0018634501425143523
 3.8554E-02,0.0031870038487940345
 3.8577E-02,0.004718572936039602
 3.8600E-02,0.00639060146891682
 3.8623E-02,0.008129699129079127
 3.8646E-02,0.009860011564631102
 3.8669E-02,0.011506420523576553
 3.8692E-02,0.012997510886227432
 3.8715E-02,0.014268375393354448
 3.8738E-02,0.015263330371223434
 3.8761E-02,0.015938491321258328
 3.8784E-02,0.016263994334517876
 3.8807E-02,0.016225563237219933
 3.8830E-02,0.015825181075562602
 3.8853E-02,0.015080804868424022
 3.8876E-02,0.014025265139178426
 3.8899E-02,0.012704604412161983
 3.8922E-02,0.011176077718828125
 3.8945E-02,0.009505900784076324
 3.8968E-02,0.007766691523643717
 3.8991E-02,0.0060345100241609405
 3.9014E-02,0.004385496540094974
 3.9037E-02,0.002892282297057213
 3.9060E-02,0.0016204958738857632
 3.9083E-02,0.0006257153452772319
 3.9106E-02,-4.8896299255163605e-05
 3.9129E-02,-0.0003742218437426651
 3.9152E-02,-0.00033618848185637594
 3.9175E-02,6.37283235402697e-05
 3.9198E-02,0.0008084451223787828
 3.9221E-02,0.0018657388730022842
 3.9244E-02,0.0031894053142537586
 3.9267E-02,0.004721222644703458
 3.9290E-02,0.006393677705742911
 3.9313E-02,0.008133227607776598
 3.9336E-02,0.009863763491900608
 3.9359E-02,0.0115099719889641
 3.9382E-02,0.013000428369032308
 3.9405E-02,0.014270412058918202
 3.9428E-02,0.015264511574502104
 3.9451E-02,0.01593903881559642
 3.9474E-02,0.016264141260833812
 3.9497E-02,0.016225380455859223
 3.9520E-02,0.015824526436953073
 3.9543E-02,0.015079426972277914
 3.9566E-02,0.014022993658770652
 3.9589E-02,0.012701503760557025
 3.9612E-02,0.011172464575490787
 3.9635E-02,0.009502212948325853
 3.9658E-02,0.007763289767362918
 3.9681E-02,0.006031536069779143
 3.9704E-02,0.004382873169641801
 3.9727E-02,0.0028898503251779803
 3.9750E-02,0.0016181958704644748
 3.9773E-02,0.0006236947034208142
 3.9796E-02,-5.032137262203087e-05
 3.9819E-02,-0.00037472646977223416
 3.9842E-02,-0.0003356204134817051
 3.9865E-02,6.52604861143136e-05
 3.9888E-02,0.000810631725114413
 3.9911E-02,0.001868238262117492
 3.9934E-02,0.003192015111639692
 3.9957E-02,0.0047239464066672465
 3.9980E-02,0.006396648117132489
 4.0003E-02,0.008136539398817547
 4.0026E-02,0.009867326642675502
 4.0049E-02,0.011513482252327801
 4.0072E-02,0.013003476800963795
 4.0095E-02,0.014272666484269265
 4.0118E-02,0.015265857358088537
 4.0141E-02,0.015939592678906055
 4.0164E-02,0.016264132874567263
 4.0187E-02,0.016224980143863706
 4.0210E-02,0.01582373026503666
 4.0232E-02,0.015078072209434218
 4.0255E-02,0.014020893124227083
 4.0278E-02,0.012698611183449742
 4.0301E-02,0.011168963426136838
 4.0324E-02,0.009498470276649053
 4.0347E-02,0.007759702517870737
 4.0370E-02,0.006028365095296269
 4.0393E-02,0.004380166833792241
 4.0416E-02,0.002887501563845421
 4.0439E-02,0.001616091425163762
 4.0462E-02,0.0006218573267661965
 4.0485E-02,-5.1691114039262385e-05
 4.0508E-02,-0.0003753369632726071
 4.0531E-02,-0.0003352499207709255
 4.0554E-02,6.663052821814368e-05
 4.0577E-02,0.0008127951578935867
 4.0600E-02,0.0018708676537633907
 4.0623E-02,0.0031948247188208576
 4.0646E-02,0.0047268126235025685
 4.0669E-02,0.006399613867007965
 4.0692E-02,0.008139703808178553
 4.0715E-02,0.009870694658793
 4.0738E-02,0.011516873995522406
 4.0761E-02,0.013006557720516617
 4.0784E-02,0.014275081911162122
 4.0807E-02,0.015267388430347351
 4.0830E-02,0.015940237228272966
 4.0853E-02,0.016264062867633662
 4.0876E-02,0.016224405634680146
 4.0899E-02,0.01582275838106918
 4.0922E-02,0.015076651318067125
 4.0945E-02,0.014018876488163171
 4.0968E-02,0.012695897233874327
 4.0991E-02,0.011165620666531786
 4.1014E-02,0.009494764830962425
 4.1037E-02,0.007756008541078359
 4.1060E-02,0.0060250125853767295
 4.1083E-02,0.0043773204336969174
 4.1106E-02,0.0028851432598385345
 4.1129E-02,0.001614113400722918
 4.1152E-02,0.0006202014340318811
 4.1175E-02,-5.2939398478752276e-05
 4.1198E-02,-0.0003759619011166856
 4.1221E-02,-0.00033501859702730837
 4.1244E-02,6.78270109864695e-05
 4.1267E-02,0.0008148620113186586
 4.1290E-02,0.0018735388605966572
 4.1313E-02,0.0031977873520342313
 4.1336E-02,0.004729845295513007
 4.1359E-02,0.006402653862949007
 4.1382E-02,0.008142803990899469
 4.1405E-02,0.009873902012799743
 4.1428E-02,0.01152011150127288
 4.1451E-02,0.013009588559633523
 4.1474E-02,0.014277581877402763
 4.1497E-02,0.0152690830517284
 4.1520E-02,0.01594101881063107
 4.1543E-02,0.016264015576433987
 4.1566E-02,0.01622372523154825
 4.1589E-02,0.015821619709145522
 4.1612E-02,0.01507510867709421
 4.1635E-02,0.01401685955108711
 4.1658E-02,0.01269330297536507
 4.1681E-02,0.011162439914062157
 4.1704E-02,0.009491159942341586
 4.1727E-02,0.007752290078072063
 4.1750E-02,0.0060215272194234
 4.1773E-02,0.004374318420605476
 4.1796E-02,0.0028827060765519697
 4.1819E-02,0.0016121832141247538
 4.1842E-02,0.0006186892237177008
 4.1865E-02,-5.4039573826964e-05
 4.1888E-02,-0.00037652767156403695
 4.1911E-02,-0.0003348530542870374
 4.1934E-02,6.887646550370605e-05
 4.1957E-02,0.0008167955058605986
 4.1980E-02,0.0018761757172559472
 4.2003E-02,0.0032008362145970774
 4.2026E-02,0.004733029376742732
 4.2049E-02,0.006405813925746548
 4.2072E-02,0.008145916964765194
 4.2095E-02,0.009877007658674218
 4.2118E-02,0.01152319831070787
 4.2141E-02,0.013012515676037947
 4.2164E-02,0.014280090194477147
 4.2187E-02,0.015270891178835146
 4.2210E-02,0.01594194515725266
 4.2233E-02,0.016264051082786793
 4.2256E-02,0.016223012660504098
 4.2279E-02,0.015820354562741685
 4.2302E-02,0.015073425811914527
 4.2325E-02,0.014014777319403503
 4.2348E-02,0.012690758666040643
 4.2371E-02,0.011159391103917466
 4.2394E-02,0.009487684010940304
 4.2417E-02,0.007748615422278562
 4.2440E-02,0.006017973401986204
 4.2463E-02,0.004371180387024772
 4.2486E-02,0.0028801527235783175
 4.2509E-02,0.0016102308879645817
 4.2531E-02,0.0006172627913532452
 4.2554E-02,-5.5000775917157275e-05
 4.2577E-02,-0.00037698925793231585
 4.2600E-02,-0.00033468319844405124
 4.2623E-02,6.98293036386067e-05
 4.2646E-02,0.0008185945052371971
 4.2669E-02,0.00187872670858523
 4.2692E-02,0.0032039025937550727
 4.2715E-02,0.004736322787505831
 4.2738E-02,0.006409105131587573
 4.2761E-02,0.008149099454226419
 4.2784E-02,0.009880077489901754
 4.2807E-02,0.011526167484611556
 4.2830E-02,0.013015318546205376
 4.2853E-02,0.014282546282422443
 4.2876E-02,0.015272751083613789
 4.2899E-02,0.01594299269687716
 4.2922E-02,0.016264198646527638
 4.2945E-02,0.016222330924877116
 4.2968E-02,0.015819019284056168
 4.2991E-02,0.015071616591787547
 4.3014E-02,0.014012592727955634
 4.3037E-02,0.01268820033872851
 4.3060E-02,0.011156424308756394
 4.3083E-02,0.009484332797282245
 4.3106E-02,0.007745028325775799
 4.3129E-02,0.006014414634999696
 4.3152E-02,0.004367949032537255
 4.3175E-02,0.0028774781294131223
 4.3198E-02,0.0016082072161669443
 4.3221E-02,0.0006158604534026192
 4.3244E-02,-5.5857855436193104e-05
 4.3267E-02,-0.00037733276237488043
 4.3290E-02,-0.0003344556359101569
 4.3313E-02,7.074414361182515e-05
 4.3336E-02,0.0008202855562453957
 4.3359E-02,0.0018811697171250892
 4.3382E-02,0.003206930189387578
 4.3405E-02,0.004739671133389373
 4.3428E-02,0.0064125095605443725
 4.3451E-02,0.008152381092257474
 4.3474E-02,0.009883169429247433
 4.3497E-02,0.01152906813862376
 4.3520E-02,0.013018006302307596
 4.3543E-02,0.01428491382634912
 4.3566E-02,0.015274604514906929
 4.3589E-02,0.0159441185151077
 4.3612E-02,0.01626445787793943
 4.3635E-02,0.01622172203886888
 4.3658E-02,0.01581767117498074
 4.3681E-02,0.015069716993887247
 4.3704E-02,0.014010297711512843
 4.3727E-02,0.012685581400097146
 4.3750E-02,0.011153484392324057
 4.3773E-02,0.009481077779112782
 4.3796E-02,0.0077415447961319585
 4.3819E-02,0.006010900890386459
 4.3842E-02,0.004364676222155346
 4.3865E-02,0.00287470305960764
 4.3888E-02,0.00160608893222904
 4.3911E-02,0.0006144300793920585
 4.3934E-02,-5.6658427151858384e-05
 4.3957E-02,-0.00037757106482647773
 4.3980E-02,-0.0003341406278316747
 4.4003E-02,7.167407584955177e-05
 4.4026E-02,0.0008219111597750181
 4.4049E-02,0.0018835097349252565
 4.4072E-02,0.0032098836374090554
 4.4095E-02,0.004743021526342613
 4.4118E-02,0.006415990580277192
 4.4141E-02,0.008155764656221268
 4.4164E-02,0.00988632355304552
 4.4187E-02,0.011531951825779955
 4.4210E-02,0.01302060906922492
 4.4233E-02,0.014287182536661917
 4.4256E-02,0.015276407669222107
 4.4279E-02,0.01594527347028486
 4.4302E-02,0.01626480562853293
 4.4325E-02,0.01622120335883523
 4.4348E-02,0.015816356695174002
 4.4371E-02,0.01506777275128688
 4.4394E-02,0.014007908170146112
 4.4417E-02,0.012682878054776622
 4.4440E-02,0.011150523350513626
 4.4463E-02,0.009477877497911603
 4.4486E-02,0.007738156239548795
 4.4509E-02,0.00600746162258615
 4.4532E-02,0.004361410400411909
 4.4555E-02,0.002871863984232995
 4.4578E-02,0.0016038774515512732
 4.4601E-02,0.0006129374332296009
 4.4624E-02,-5.745031246173239e-05
 4.4647E-02,-0.00037773506479734693
 4.4670E-02,-0.00033373266290523965
 4.4693E-02,7.265720473767376e-05
 4.4716E-02,0.0008235175156637907
 4.4739E-02,0.001885771624887614
 4.4762E-02,0.0032127508458310787
 4.4785E-02,0.0047463329280397
 4.4808E-02,0.006419504551355899
 4.4830E-02,0.008159231680599335
 4.4853E-02,0.009889558095843558
 4.4876E-02,0.01153486156027165
 4.4899E-02,0.013023167054501478
 4.4922E-02,0.014289364250016891
 4.4945E-02,0.015278136725674945
 4.4968E-02,0.015946413558959854
 4.4991E-02,0.016265205902762408
 4.5014E-02,0.016220769745576666
 4.5037E-02,0.015815104566994417
 4.5060E-02,0.015065827869806113
 4.5083E-02,0.014005455248395441
 4.5106E-02,0.012680088874072853
 4.5129E-02,0.011147508372212692
 4.5152E-02,0.00947468890890541
 4.5175E-02,0.007734836850342546
 4.5198E-02,0.006004104530498928
 4.5221E-02,0.004358187586501777
 4.5244E-02,0.0028690020978955223
 4.5267E-02,0.0016015929126073592
 4.5290E-02,0.0006113689792487114
 4.5313E-02,-5.8271827624889884e-05
 4.5336E-02,-0.00037786329532427446
 4.5359E-02,-0.00033324600276382805
 4.5382E-02,7.371239260914526e-05
 4.5405E-02,0.0008251443360461064
 4.5428E-02,0.001887990528997715
 4.5451E-02,0.0032155400890190944
 4.5474E-02,0.004749581718406659
 4.5497E-02,0.006423011254652897
 4.5520E-02,0.008162751068422488
 4.5543E-02,0.009892870782500892
 4.5566E-02,0.011537825084157467
 4.5589E-02,0.013025720102123842
 4.5612E-02,0.014291485448116144
 4.5635E-02,0.015279788062770881
 4.5658E-02,0.015947507622526735
 4.5681E-02,0.01626562007983985
 4.5704E-02,0.016220399768235395
 4.5727E-02,0.015813924043788653
 4.5750E-02,0.015063916129616602
 4.5773E-02,0.014002975536823042
 4.5796E-02,0.012677229944308983
 4.5819E-02,0.011144424978897916
 4.5842E-02,0.009471476444970128
 4.5865E-02,0.007731552781598984
 4.5888E-02,0.0060008190010268705
 4.5911E-02,0.0043550269500905545
 4.5934E-02,0.0028661539081720347
 4.5957E-02,0.001599265803694339
 4.5980E-02,0.0006097298600084402
 4.6003E-02,-5.914622505467546e-05
 4.6026E-02,-0.0003779923817040769
 4.6049E-02,-0.0003327072558542111
 4.6072E-02,7.483986981995775e-05
 4.6095E-02,0.0008268183110558769
 4.6118E-02,0.001890202404798595
 4.6141E-02,0.0032182736561426704
 4.6164E-02,0.004752762467642475
 4.6187E-02,0.006426481235168265
 4.6210E-02,0.008166288280577699
 4.6233E-02,0.009896244003474667
 4.6256E-02,0.0115408527731457
 4.6279E-02,0.013028299727051326
 4.6302E-02,0.014293578544372585
 4.6325E-02,0.01528137435324799
 4.6348E-02,0.01594854069789266
 4.6371E-02,0.01626601532764424
 4.6394E-02,0.016220063784365676
 4.6417E-02,0.015812807517909276
 4.6440E-02,0.015062056610926933
 4.6463E-02,0.014000502427195874
 4.6486E-02,0.012674327591817119
 4.6509E-02,0.011141275738881948
 4.6532E-02,0.009468217487888229
 4.6555E-02,0.007728270835709162
 4.6578E-02,0.0059975824645160875
 4.6601E-02,0.004351930811247762
 4.6624E-02,0.002863344935827538
 4.6647E-02,0.0015969284232594083
 4.6670E-02,0.0006080385644975192
 4.6693E-02,-6.008045607927884e-05
 4.6716E-02,-0.00037815007813417383
 4.6739E-02,-0.00033214716262472383
 4.6762E-02,7.602546977014809e-05
 4.6785E-02,0.000828550706689713
 4.6808E-02,0.0018924365697737873
 4.6831E-02,0.0032209801241667095
 4.6854E-02,0.004755884851468215
 4.6877E-02,0.006429899279463702
 4.6900E-02,0.008169813105760192
 4.6923E-02,0.009899651896389042
 4.6946E-02,0.011543939528885574
 4.6969E-02,0.01303092465757907
 4.6992E-02,0.014295673966392567
 4.7015E-02,0.015282918253842145
 4.7038E-02,0.01594951331498827
 4.7061E-02,0.016266369903833483
 4.7084E-02,0.016219731814956284
 4.7107E-02,0.015811735931383575
 4.7129E-02,0.015060253215045585
 4.7152E-02,0.013998060097909874
 4.7175E-02,0.012671410707097283
 4.7198E-02,0.01113807582776174
 4.7221E-02,0.009464903960306989
 4.7244E-02,0.007724965021314858
 4.7267E-02,0.005994367701756153
 4.7290E-02,0.004348888042896345
 4.7313E-02,0.002860587081969449
 4.7336E-02,0.001594607936650988
 4.7359E-02,0.000606320124366395
 4.7382E-02,-6.106751257153214e-05
 4.7405E-02,-0.0003783516976288043
 4.7428E-02,-0.00033159343329641815
 4.7451E-02,7.724680108185336e-05
 4.7474E-02,0.0008303386335988296
 4.7497E-02,0.0018947113032742613
 4.7520E-02,0.003223687138116973
 4.7543E-02,0.004758968224360876
 4.7566E-02,0.0064332642172110635
 4.7589E-02,0.008173304771621879
 4.7612E-02,0.009903067470207968
 4.7635E-02,0.011547069367352607
 4.7658E-02,0.013033599991621896
 4.7681E-02,0.01429779446591959
 4.7704E-02,0.015284445534567275
 4.7727E-02,0.015950437830912746
 4.7750E-02,0.016266675002213096
 4.7773E-02,0.01621937968100711
 4.7796E-02,0.015810685259826946
 4.7819E-02,0.015058497366036287
 4.7842E-02,0.013995660747760805
 4.7865E-02,0.012668504320359797
 4.7888E-02,0.011134847067789307
 4.7911E-02,0.009461540619596939
 4.7934E-02,0.007721620152332639
 4.7957E-02,0.0059911494149940065
 4.7980E-02,0.0043458794108881295
 4.8003E-02,0.0028578793535318403
 4.8026E-02,0.0015923220664124872
 4.8049E-02,0.0006045995521989571
 4.8072E-02,-6.209105076249491e-05
 4.8095E-02,-0.00037859987616653724
 4.8118E-02,-0.00033106584401422224
 4.8141E-02,7.847966305990142e-05
 4.8164E-02,0.0008321688842763382
 4.8187E-02,0.0018970326894927876
 4.8210E-02,0.0032264160388409007
 4.8233E-02,0.0047620354842056
 4.8256E-02,0.00643658593043703
 4.8279E-02,0.008176753972906172
 4.8302E-02,0.009906468318017787
 4.8325E-02,0.011550221149042637
 4.8348E-02,0.013036319297082497
 4.8371E-02,0.014299952283313693
 4.8394E-02,0.015285979154167429
 4.8417E-02,0.015951333213955962
 4.8440E-02,0.016266933559006064
 4.8463E-02,0.01621899255607049
 4.8486E-02,0.01580963250712342
 4.8509E-02,0.015056772608467595
 4.8532E-02,0.013993304880103708
 4.8555E-02,0.012665625426392473
 4.8578E-02,0.011131611986867426
 4.8601E-02,0.009458141144359545
 4.8624E-02,0.007718232432281969
 4.8647E-02,0.005987908898041976
 4.8670E-02,0.004342883323690834
 4.8693E-02,0.002855211026673514
 4.8716E-02,0.0015900776798951893
 4.8739E-02,0.0006028967899207413
 4.8762E-02,-6.313084073494965e-05
 4.8785E-02,-0.00037888695410183453
 4.8808E-02,-0.0003305740641251507
 4.8831E-02,7.970335184264273e-05
 4.8854E-02,0.0008340229728833308
 4.8877E-02,0.0018993961896151413
 4.8900E-02,0.0032291789979911984
 4.8923E-02,0.004765107629648787
 4.8946E-02,0.006439880816044435
 4.8969E-02,0.00818016211692036
 4.8992E-02,0.009909840092571268
 4.9015E-02,0.011553374036695605
 4.9038E-02,0.01303906856192141
 4.9061E-02,0.014302149089519475
 4.9084E-02,0.015287535266089875
 4.9107E-02,0.015952219690766274
 4.9130E-02,0.016267156961567844
 4.9153E-02,0.016218565815231595
 4.9176E-02,0.015808560119816642
 4.9199E-02,0.015055059747947498
 4.9222E-02,0.013990983893225116
 4.9245E-02,0.012662781400341095
 4.9268E-02,0.011128389106138854
 4.9291E-02,0.00945472332128101
 4.9314E-02,0.007714807604818974
 4.9337E-02,0.005984636302600498
 4.9360E-02,0.004339880738671155
 4.9383E-02,0.0028525660515427323
 4.9406E-02,0.0015878718974716868
 4.9429E-02,0.0006012238451492972
 4.9451E-02,-6.416774713539843e-05
 4.9474E-02,-0.00037919888993093257
 4.9497E-02,-0.0003301180246234395
 4.9520E-02,8.0904041073976e-05
 4.9543E-02,0.0008358820846202139
 4.9566E-02,0.0019017900011043102
 4.9589E-02,0.003231978665975849
 4.9612E-02,0.0047681999531223864
 4.9635E-02,0.0064431669747993464
 4.9658E-02,0.00818353857689749
 4.9681E-02,0.009913177553457171
 4.9704E-02,0.011556511637516203
 4.9727E-02,0.013041830769209407
 4.9750E-02,0.01430437807902583
 4.9773E-02,0.015289121519281919
 4.9796E-02,0.015953114369829012
 4.9819E-02,0.016267360803825483
 4.9842E-02,0.016218103622916306
 4.9865E-02,0.015807458280599738
 4.9888E-02,0.015053341356564283
 4.9911E-02,0.013988683908775053
 4.9934E-02,0.01265997071651749
 4.9957E-02,0.011125190117161081
 4.9980E-02,0.009451304506117916
 5.0003E-02,0.007711357600036375
 5.0026E-02,0.00598133059200127
 5.0049E-02,0.004336858423636106
 5.0072E-02,0.002849927518818127
 5.0095E-02,0.0015856949137520151
 5.0118E-02,0.0005995841875697911
 5.0141E-02,-6.518734485302512e-05
 5.0164E-02,-0.0003795195647124396
 5.0187E-02,-0.00032969017032577225
 5.0210E-02,8.20759952546508e-05
 5.0233E-02,0.0008377309532249559
 5.0256E-02,0.0019041991117704643
 5.0279E-02,0.003234809824144056
 5.0302E-02,0.004771320261404127
 5.0325E-02,0.006446460161141263
 5.0348E-02,0.008186896966069009
 5.0371E-02,0.00991648353161435
 5.0394E-02,0.011559624292367
 5.0417E-02,0.013044590024223306
 5.0440E-02,0.014306627291074542
 5.0463E-02,0.01529073746546304
 5.0486E-02,0.015954028500215607
 5.0509E-02,0.0162675607686744
 5.0532E-02,0.0162176160724488
 5.0555E-02,0.015806325115547713
 5.0578E-02,0.015051604889732477
 5.0601E-02,0.013986389789427164
 5.0624E-02,0.012657185302283946
 5.0647E-02,0.011122019088621642
 5.0670E-02,0.009447898215501979
 5.0693E-02,0.007707896702419493
 5.0716E-02,0.005977997726703022
 5.0739E-02,0.0043338102967921885
 5.0762E-02,0.002847281275522684
 5.0785E-02,0.0015835335715515635
 5.0808E-02,0.0005979740102948748
 5.0831E-02,-6.61817515754166e-05
 5.0854E-02,-0.0003798345168610394
 5.0877E-02,-0.0003292787069204397
 5.0900E-02,8.322086976655707e-05
 5.0923E-02,0.0008395601310972826
 5.0946E-02,0.001906609071798917
 5.0969E-02,0.003237662248478403
 5.0992E-02,0.004774469019006957
 5.1015E-02,0.006449771139677167
 5.1038E-02,0.008190251413608622
 5.1061E-02,0.009919766504202029
 5.1084E-02,0.011562709482486055
 5.1107E-02,0.013047334510760365
 5.1130E-02,0.014308883213109516
 5.1153E-02,0.01529237651144324
 5.1176E-02,0.01595496654507404
 5.1199E-02,0.016267769438192418
 5.1222E-02,0.016217115783971465
 5.1245E-02,0.01580516524803469
 5.1268E-02,0.015049844100248939
 5.1291E-02,0.013984088488627587
 5.1314E-02,0.01265441367506237
 5.1337E-02,0.011118873396427111
 5.1360E-02,0.009444512277487308
 5.1383E-02,0.007704438122387077
 5.1406E-02,0.0059746478509438835
 5.1429E-02,0.004330737011915897
 5.1452E-02,0.002844618151329248
 5.1475E-02,0.0015813747908993007
 5.1498E-02,0.0005963846712449929
 5.1521E-02,-6.714971747117716e-05
 5.1544E-02,-0.0003801334843807751
 5.1567E-02,-0.0003288709594320034
 5.1590E-02,8.434567699911355e-05
 5.1613E-02,0.0008413665605738323
 5.1636E-02,0.0019090087837859114
 5.1659E-02,0.0032405239249946073
 5.1682E-02,0.004777640940315803
 5.1705E-02,0.006453104654747202
 5.1727E-02,0.008193613588699447
 5.1750E-02,0.009923037581898116
 5.1773E-02,0.01156577069574911
 5.1796E-02,0.013050057940446653
 5.1819E-02,0.014311133867329165
 5.1842E-02,0.015294028663252503
 5.1865E-02,0.015955926838734803
 5.1888E-02,0.016267994462747334
 5.1911E-02,0.016216614772064757
 5.1934E-02,0.015803987369591772
 5.1957E-02,0.015048058851927469
 5.1980E-02,0.013981771205513976
 5.2003E-02,0.012651644046029881
 5.2026E-02,0.011115745792225901
 5.2049E-02,0.009441148557378001
 5.2072E-02,0.007700991573967554
 5.2095E-02,0.005971292281517007
 5.2118E-02,0.004327644278427489
 5.2141E-02,0.002841934666808618
 5.2164E-02,0.001579208194796578
 5.2187E-02,0.0005948055511768374
 5.2210E-02,-6.809535293365735e-05
 5.2233E-02,-0.00038041151298712976
 5.2256E-02,-0.0003284561355383316
 5.2279E-02,8.54601385825862e-05
 5.2302E-02,0.000843152723762342
 5.2325E-02,0.0019113919755372026
 5.2348E-02,0.0032433838898508426
 5.2371E-02,0.004780827380316287
 5.2394E-02,0.0064564598564535065
 5.2417E-02,0.008196990908906975
 5.2440E-02,0.009926307659277458
 5.2463E-02,0.011568815342096937
 5.2486E-02,0.013052759553755053
 5.2509E-02,0.014313370879220225
 5.2532E-02,0.015295683328266087
 5.2555E-02,0.01595690333311372
 5.2578E-02,0.01626823815003493
 5.2601E-02,0.01621612215880613
 5.2624E-02,0.015802801550381988
 5.2647E-02,0.015046253744290845
 5.2670E-02,0.013979434188817584
 5.2693E-02,0.012648866773457017
 5.2716E-02,0.011112626931274936
 5.2739E-02,0.009437803951358148
 5.2762E-02,0.00769756211550127
 5.2785E-02,0.005967940951689605
 5.2808E-02,0.004324540546114924
 5.2831E-02,0.002839232429013815
 5.2854E-02,0.0015770275853108778
 5.2877E-02,0.000593226654176581
 5.2900E-02,-6.902606622818475e-05
 5.2923E-02,-0.0003806687377267771
 5.2946E-02,-0.0003280270742412581
 5.2969E-02,8.657409775004798e-05
 5.2992E-02,0.0008449248674815956
 5.3015E-02,0.0019137573583589836
 5.3038E-02,0.0032462342031778714
 5.3061E-02,0.004784018853069062
 5.3084E-02,0.0064598317573409045
 5.3107E-02,0.008200386017439705
 5.3130E-02,0.009929585262041261
 5.3153E-02,0.011571852353950394
 5.3176E-02,0.013055443001884173
 5.3199E-02,0.014315590340542665
 5.3222E-02,0.015297331591764614
 5.3245E-02,0.015957887825032813
 5.3268E-02,0.016268498224214036
 5.3291E-02,0.0162156429927284
 5.3314E-02,0.015801616885190203
 5.3337E-02,0.015044436093015411
 5.3360E-02,0.013977078333296533
 5.3383E-02,0.012646075817059134
 5.3406E-02,0.011109507742146483
 5.3429E-02,0.00943447215521475
 5.3452E-02,0.007694150196861021
 5.3475E-02,0.0059646007212167725
 5.3498E-02,0.004321434667339745
 5.3521E-02,0.0028365166375900674
 5.3544E-02,0.001574831235655827
 5.3567E-02,0.0005916404845307795
 5.3590E-02,-6.995030828420192e-05
 5.3613E-02,-0.0003809091860591802
 5.3636E-02,-0.0003275808584972031
 5.3659E-02,8.769550213867845e-05
 5.3682E-02,0.000846690875516389
 5.3705E-02,0.0019161077420642935
 5.3728E-02,0.0032490708587353625
 5.3751E-02,0.004787207142123266
 5.3774E-02,0.006463213191378742
 5.3797E-02,0.008203797346486661
 5.3820E-02,0.009932875368798612
 5.3843E-02,0.011574890031691057
 5.3866E-02,0.013058114596204134
 5.3889E-02,0.014317792574195699
 5.3912E-02,0.015298967634795246
 5.3935E-02,0.015958872111546406
 5.3958E-02,0.016268769341588916
 5.3981E-02,0.01621517816703481
 5.4004E-02,0.015800439881789825
 5.4026E-02,0.015042613829201771
 5.4049E-02,0.0139747079328073
 5.4072E-02,0.012643269132337622
 5.4095E-02,0.011106381198365737
 5.4118E-02,0.009431145674891851
 5.4141E-02,0.007690752628448644
 5.4164E-02,0.005961274697078729
 5.4187E-02,0.004318334015984024
 5.4210E-02,0.0028337942085518452
 5.4233E-02,0.0015726212117588554
 5.4256E-02,0.0005900429870241719
 5.4279E-02,-7.08756252342605e-05
 5.4302E-02,-0.000381139069338994
 5.4325E-02,-0.0003271184293965588
 5.4348E-02,8.882923324036784e-05
 5.4371E-02,0.0008484582991809689
 5.4394E-02,0.0019184485252175178
 5.4417E-02,0.003251893689352796
 5.4440E-02,0.004790386668984821
 5.4463E-02,0.006466596762495907
 5.4486E-02,0.00820722040142463
 5.4509E-02,0.009936179219642606
 5.4532E-02,0.011577934510810897
 5.4555E-02,0.01306078142047174
 5.4578E-02,0.014319981095251703
 5.4601E-02,0.015300589197087988
 5.4624E-02,0.015959849645853605
 5.4647E-02,0.016269044873790654
 5.4670E-02,0.01621472519232919
 5.4693E-02,0.01579927373863442
 5.4716E-02,0.01504079375363675
 5.4739E-02,0.013972329030074341
 5.4762E-02,0.012640448164394108
 5.4785E-02,0.011103243267599042
 5.4808E-02,0.009427817613799535
 5.4831E-02,0.007687364061776888
 5.4854E-02,0.005957962467675591
 5.4877E-02,0.004315243336731446
 5.4900E-02,0.0028310719819242187
 5.4923E-02,0.0015704020828669263
 5.4946E-02,0.0005884335755982949
 5.4969E-02,-7.180734146317101e-05
 5.4992E-02,-0.0003813650257903322
 5.5015E-02,-0.00032664350939025675
 5.5038E-02,8.997682441844233e-05
 5.5061E-02,0.0008502329074480798
 5.5084E-02,0.0019207860089380713
 5.5107E-02,0.0032547055182674564
 5.5130E-02,0.004793555014179777
 5.5153E-02,0.006469976392196439
 5.5176E-02,0.008210649341886578
 5.5199E-02,0.009939494924818142
 5.5222E-02,0.01158098901967817
 5.5245E-02,0.013063449721968531
 5.5268E-02,0.014322161167477112
 5.5291E-02,0.015302197216749136
 5.5314E-02,0.015960816480730763
 5.5337E-02,0.016269318543673583
 5.5360E-02,0.01621427947823255
 5.5383E-02,0.015798118460139652
 5.5406E-02,0.015038980423093557
 5.5429E-02,0.013969947794370248
 5.5452E-02,0.01263761675462004
 5.5475E-02,0.011100093039104498
 5.5498E-02,0.009424482929987285
 5.5521E-02,0.007683978567309183
 5.5544E-02,0.0059546609954613024
 5.5567E-02,0.004312164391228363
 5.5590E-02,0.002828355357555221
 5.5613E-02,0.0015681794234320698
 5.5636E-02,0.0005868144549971178
 5.5659E-02,-7.274799369707597e-05
 5.5682E-02,-0.00038159268038474647
 5.5705E-02,-0.0003261612104344097
 5.5728E-02,9.113692080437141e-05
 5.5751E-02,0.0008520179309215866
 5.5774E-02,0.0019231259161994199
 5.5797E-02,0.003257510901370355
 5.5820E-02,0.004796712680239011
 5.5843E-02,0.006473348245193577
 5.5866E-02,0.008214078471353848
 5.5889E-02,0.009942818565973467
 5.5912E-02,0.011584053895193193
 5.5935E-02,0.013066123841137036
 5.5958E-02,0.014324338337287976
 5.5981E-02,0.015303794905071128
 5.6004E-02,0.01596177146818234
 5.6027E-02,0.016269585612539942
 5.6050E-02,0.016213835743427978
 5.6073E-02,0.015796971589465615
 5.6096E-02,0.015037175744929911
 5.6119E-02,0.01396756924543165
 5.6142E-02,0.012634779813317742
 5.6165E-02,0.011096932189929682
 5.6188E-02,0.009421139028195642
 5.6211E-02,0.007680590965505798
 5.6234E-02,0.005951365833485417
 5.6257E-02,0.004309096286867399
 5.6280E-02,0.002825647534210161
 5.6303E-02,0.0015659584550015016
 5.6325E-02,0.0005851895333851178
 5.6348E-02,-7.369745950002447e-05
 5.6371E-02,-0.0003818257414695345
 5.6394E-02,-0.00032567668202275625
 5.6417E-02,9.230621645477929e-05
 5.6440E-02,0.0008538139919509826
 5.6463E-02,0.0019254723677935071
 5.6486E-02,0.0032603148079407467
 5.6509E-02,0.004799862318138512
 5.6532E-02,0.006476710988413107
 5.6555E-02,0.00821750335479129
 5.6578E-02,0.009946145453756992
 5.6601E-02,0.011587127178914275
 5.6624E-02,0.013068805772507023
 5.6647E-02,0.014326517248097904
 5.6670E-02,0.015305386575407007
 5.6693E-02,0.015962715848340237
 5.6716E-02,0.01626984348435502
 5.6739E-02,0.016213389241751443
 5.6762E-02,0.015795829270704217
 5.6785E-02,0.015035379200700727
 5.6808E-02,0.013965196503692646
 5.6831E-02,0.012631942082527913
 5.6854E-02,0.011093764052257782
 5.6877E-02,0.009417785723131133
 5.6900E-02,0.007677197702273519
 5.6923E-02,0.0059480723489324875
 5.6946E-02,0.004306036267955126
 5.6969E-02,0.002822949369598652
 5.6992E-02,0.001563743072581948
 5.7015E-02,0.0005835632414487905
 5.7038E-02,-7.465359281440221e-05
 5.7061E-02,-0.0003820656915533646
 5.7084E-02,-0.00032519406172927995
 5.7107E-02,9.348057094370026e-05
 5.7130E-02,0.000855619578394931
 5.7153E-02,0.001927827417938545
 5.7176E-02,0.0032631215216534
 5.7199E-02,0.004803007698179665
 5.7222E-02,0.006480065485759694
 5.7245E-02,0.008220921425369425
 5.7268E-02,0.009949471252967414
 5.7291E-02,0.01159020554051434
 5.7314E-02,0.013071495300833446
 5.7337E-02,0.014328700909463334
 5.7360E-02,0.015306976518315286
 5.7383E-02,0.015963652450300368
 5.7406E-02,0.01627009173840783
 5.7429E-02,0.016212936598857287
 5.7452E-02,0.01579468734995713
 5.7475E-02,0.01503358850839118
 5.7498E-02,0.013962830595668826
 5.7521E-02,0.012629107215534414
 5.7544E-02,0.011090592558706156
 5.7567E-02,0.009414424722247919
 5.7590E-02,0.007673797193139129
 5.7613E-02,0.005944776701844802
 5.7636E-02,0.004302980700703677
 5.7659E-02,0.002820259745005981
 5.7682E-02,0.0015615353622810252
 5.7705E-02,0.0005819395167259225
 5.7728E-02,-7.561312288894228e-05
 5.7751E-02,-0.00038231199930084366
 5.7774E-02,-0.00032471587157330517
 5.7797E-02,9.46560379692163e-05
 5.7820E-02,0.0008574318397289568
 5.7843E-02,0.0019301911137634457
 5.7866E-02,0.0032659339319026613
 5.7889E-02,0.004806152690140653
 5.7912E-02,0.006483414117934359
 5.7935E-02,0.00822433207330394
 5.7958E-02,0.009952792776838467
 5.7981E-02,0.011593285265670697
 5.8004E-02,0.013074190551871399
 5.8027E-02,0.014330890463553026
 5.8050E-02,0.015308568138673706
 5.8073E-02,0.015964584754015795
 5.8096E-02,0.016270331713288667
 5.8119E-02,0.016212476178102956
 5.8142E-02,0.015793542282981767
 5.8165E-02,0.01503180048905554
 5.8188E-02,0.01396047072830205
 5.8211E-02,0.012626277289504932
 5.8234E-02,0.011087421310220101
 5.8257E-02,0.009411058846138845
 5.8280E-02,0.007670389690952627
 5.8303E-02,0.005941476438958261
 5.8326E-02,0.004299926009408397
 5.8349E-02,0.0028175762456564236
 5.8372E-02,0.0015593355955703095
 5.8395E-02,0.0005803211214579942
 5.8418E-02,-7.657257353091234e-05
 5.8441E-02,-0.00038256268964387486
 5.8464E-02,-0.00032424287955884224
 5.8487E-02,9.58296182668036e-05
 5.8510E-02,0.00085924747074002
 5.8533E-02,0.0019325619473356563
 5.8556E-02,0.00326875327071385
 5.8579E-02,0.004809300458745184
 5.8602E-02,0.00648675995312617
 5.8624E-02,0.008227736319606176
 5.8647E-02,0.009956108367388484
 5.8670E-02,0.011596363095403447
 5.8693E-02,0.013076888753212076
 5.8716E-02,0.014333085384652503
 5.8739E-02,0.015310163472514267
 5.8762E-02,0.01596551603892817
 5.8785E-02,0.016270565833275415
 5.8808E-02,0.0162120080127007
 5.8831E-02,0.01579239171170714
 5.8854E-02,0.01503001191546096
 5.8877E-02,0.01395811486737525
 5.8900E-02,0.01262345274803516
 5.8923E-02,0.01108425292487242
 5.8946E-02,0.009407691203157752
 5.8969E-02,0.007666976813094712
 5.8992E-02,0.0059381706711957635
 5.9015E-02,0.004296869385897097
 5.9038E-02,0.0028148959466180344
 5.9061E-02,0.0015571425914017673
 5.9084E-02,0.000578709354303998
 5.9107E-02,-7.752901297111302e-05
 5.9130E-02,-0.0003828150748089748
 5.9153E-02,-0.00032377434778603357
 5.9176E-02,9.699964779328701e-05
 5.9199E-02,0.0008610634836669208
 5.9222E-02,0.001934937517285921
 5.9245E-02,0.0032715792441390095
 5.9268E-02,0.004812452985691703
 5.9291E-02,0.006490105968456928
 5.9314E-02,0.008231136234451783
 5.9337E-02,0.009959417878505468
 5.9360E-02,0.01159943677913134
 5.9383E-02,0.013079586999798224
 5.9406E-02,0.01433528396739779
 5.9429E-02,0.01531176308889092
 5.9452E-02,0.015966448766183833
 5.9475E-02,0.016270796868132393
 5.9498E-02,0.01621153341486814
 5.9521E-02,0.01579123466794243
 5.9544E-02,0.01502822017520342
 5.9567E-02,0.013955760433599937
 5.9590E-02,0.012620632686507
 5.9613E-02,0.011081088734148791
 5.9636E-02,0.009404324494586305
 5.9659E-02,0.007663560900580551
 5.9682E-02,0.005934859893668194
 5.9705E-02,0.004293809180754506
 5.9728E-02,0.0028122161213780935
 5.9751E-02,0.0015549542889271098
 5.9774E-02,0.0005771041244671668
 5.9797E-02,-7.848052110900265e-05
 5.9820E-02,-0.00038306646129854596
 5.9843E-02,-0.0003233085276047461
 5.9866E-02,9.816582729512557e-05
 5.9889E-02,0.0008628777391266203
 5.9912E-02,0.0019373152196102243
 5.9935E-02,0.0032744104425276943
 5.9958E-02,0.004815610941158045
 5.9981E-02,0.006493454469422698
 6.0004E-02,0.00823453427796253
 6.0027E-02,0.009962722358503838
 6.0050E-02,0.011602505298473596
 6.0073E-02,0.01308228287241268
 6.0096E-02,0.01433748394341257
 6.0119E-02,0.015313366312657561
 6.0142E-02,0.01596738426976174
 6.0165E-02,0.01627102729421781
 6.0188E-02,0.01621105441682686
 6.0211E-02,0.01579007145000173
 6.0234E-02,0.015026423657991957
 6.0257E-02,0.013953404949913078
 6.0280E-02,0.012617815345624395
 6.0303E-02,0.011077928810331083
 6.0326E-02,0.009400960562893485
 6.0349E-02,0.007660144379116168
 6.0372E-02,0.005931545567853649
 6.0395E-02,0.004290744970488764
 6.0418E-02,0.002809534747388323
 6.0441E-02,0.0015527683663743735
 6.0464E-02,0.000575504289492954
 6.0487E-02,-7.942634496353534e-05
 6.0510E-02,-0.0003833146954106285
 6.0533E-02,-0.00032284324524655875
 6.0556E-02,9.932896910218715e-05
 6.0579E-02,0.0008646891835563074
 6.0602E-02,0.0019396928204621572
 6.0625E-02,0.0032772448816556525
 6.0648E-02,0.004818773849521733
 6.0671E-02,0.006496806777940411
 6.0694E-02,0.008237932712856054
 6.0717E-02,0.009966023563073894
 6.0740E-02,0.011605568789169598
 6.0763E-02,0.013084974814164934
 6.0786E-02,0.014339683068450232
 6.0809E-02,0.015314971646453067
 6.0832E-02,0.015968322745587224
 6.0855E-02,0.01627125886109172
 6.0878E-02,0.016210573194300106
 6.0901E-02,0.015788903270678223
 6.0923E-02,0.015024621849876364
 6.0946E-02,0.013951046517771681
 6.0969E-02,0.012614998662647833
 6.0992E-02,0.011074772240777603
 6.1015E-02,0.009397600216534883
 6.1038E-02,0.007656729249304784
 6.1061E-02,0.0059282296040137
 6.1084E-02,0.004287677361331297
 6.1107E-02,0.0028068507528580806
 6.1130E-02,0.0015505827699446749
 6.1153E-02,0.0005739081276637634
 6.1176E-02,-8.036678273932736e-05
 6.1199E-02,-0.0003835584745764838
 6.1222E-02,-0.0003223764388796771
 6.1245E-02,0.00010049057745073876
 6.1268E-02,0.0008664978123734842
 6.1291E-02,0.0019420688223503498
 6.1314E-02,0.003280080535727898
 6.1337E-02,0.0048219404488253105
 6.1360E-02,0.00650016319137671
 6.1383E-02,0.008241333192836953
 6.1406E-02,0.009969323438176563
 6.1429E-02,0.011608628248544157
 6.1452E-02,0.013087662247132455
 6.1475E-02,0.014341879570596192
 6.1498E-02,0.015316577262424254
 6.1521E-02,0.015969263473918263
 6.1544E-02,0.016271492405703886
 6.1567E-02,0.016210091594638598
 6.1590E-02,0.015787731803094875
 6.1613E-02,0.01502281518636222
 6.1636E-02,0.013948684068852303
 6.1659E-02,0.012612180758834888
 6.1682E-02,0.011071617539359167
 6.1705E-02,0.00939424330464254
 6.1728E-02,0.007653316780469321
 6.1751E-02,0.0059249138724738245
 6.1774E-02,0.004284607630430917
 6.1797E-02,0.0028041640152447213
 6.1820E-02,0.0015483960677026981
 6.1843E-02,0.000572313819306735
 6.1866E-02,-8.130288182956911e-05
 6.1889E-02,-0.0003837974148637035
 6.1912E-02,-0.0003219065496348074
 6.1935E-02,0.0001016523853440017
 6.1958E-02,0.0008683044297996068
 6.1981E-02,0.0019444425974117063
 6.2004E-02,0.0032829157561091553
 6.2027E-02,0.004825109126361536
 6.2050E-02,0.006503523157701443
 6.2073E-02,0.00824473656804875
 6.2096E-02,0.00997262368289199
 6.2119E-02,0.011611685135932812
 6.2142E-02,0.01309034546408976
 6.2165E-02,0.014344072399692778
 6.2188E-02,0.015318181447413964
 6.2211E-02,0.01597020517474944
 6.2234E-02,0.016271727892250017
 6.2257E-02,0.01620961083816176
 6.2280E-02,0.01578655873582422
 6.2303E-02,0.015021004745297412
 6.2326E-02,0.013946317389526605
 6.2349E-02,0.012609360276362632
 6.2372E-02,0.011068463078300672
 6.2395E-02,0.009390888967801879
 6.2418E-02,0.007649907421909048
 6.2441E-02,0.005921599834509654
 6.2464E-02,0.004281537313340097
 6.2487E-02,0.0028014751676862003
 6.2510E-02,0.0015462075959045717
 6.2533E-02,0.0005707198370886721
 6.2556E-02,-8.22360548907757e-05
 6.2579E-02,-0.00038403191746104974
 6.2602E-02,-0.0003214327209920732
 6.2625E-02,0.00010281595176022057
 6.2648E-02,0.0008701103003072445
 6.2671E-02,0.0019468143143709276
 6.2694E-02,0.0032857495177672103
 6.2717E-02,0.004828278325008639
 6.2740E-02,0.00650688558205221
 6.2763E-02,0.008248142897746896
 6.2786E-02,0.009975925462387921
 6.2809E-02,0.0116147409711402
 6.2832E-02,0.013093025368950274
 6.2855E-02,0.014346261273514063
 6.2878E-02,0.015319782922798744
 6.2901E-02,0.015971146395515997
 6.2924E-02,0.016271964620365273
 6.2947E-02,0.01620913141606893
 6.2970E-02,0.015785385428630627
 6.2993E-02,0.015019191881910258
 6.3016E-02,0.013943946968031827
 6.3039E-02,0.012606536533454882
 6.3062E-02,0.011065307450050953
 6.3085E-02,0.009387535974906698
 6.3108E-02,0.007646500901017473
 6.3131E-02,0.0059182883414776255
 6.3154E-02,0.004278467834672606
 6.3177E-02,0.0027987852976955356
 6.3200E-02,0.0015440174168470562
 6.3223E-02,0.0005691251875819631
 6.3245E-02,-8.31677104190737e-05
 6.3268E-02,-0.00038426290713065473
 6.3291E-02,-0.00032095481047172796
 6.3314E-02,0.00010398238663276451
 6.3337E-02,0.0008719167874816716
 6.3360E-02,0.0019491847214923724
 6.3383E-02,0.003288581483217626
 6.3406E-02,0.004831446845315988
 6.3429E-02,0.006510249172892895
 6.3452E-02,0.008251551620196224
 6.3475E-02,0.00997922929544183
 6.3498E-02,0.011617797013661297
 6.3521E-02,0.013095703153792214
 6.3544E-02,0.01434844655840061
 6.3567E-02,0.01532138100295834
 6.3590E-02,0.015972085844111146
 6.3613E-02,0.016272201519269794
 6.3636E-02,0.016208653158661403
 6.3659E-02,0.015784212713175545
 6.3682E-02,0.015017377891223519
 6.3705E-02,0.013941573734515506
 6.3728E-02,0.012603709506708596
 6.3751E-02,0.0110621497010901
 6.3774E-02,0.009384183057341736
 6.3797E-02,0.007643096444174713
 6.3820E-02,0.005914979602889589
 6.3843E-02,0.004275400245667754
 6.3866E-02,0.0027960956228802814
 6.3889E-02,0.0015418261392991664
 6.3912E-02,0.0005675294892225253
 6.3935E-02,-8.409896913545679e-05
 6.3958E-02,-0.0003844915251236214
 6.3981E-02,-0.0003204732544846537
 6.4004E-02,0.00010515222950923113
 6.4027E-02,0.0008737250553113599
 6.4050E-02,0.0019515548617971682
 6.4073E-02,0.0032914119122817672
 6.4096E-02,0.004834614005209276
 6.4119E-02,0.006513612747795968
 6.4142E-02,0.008254961808557056
 6.4165E-02,0.00998253509772127
 6.4188E-02,0.011620854067645174
 6.4211E-02,0.013098379991421917
 6.4234E-02,0.014350629045915391
 6.4257E-02,0.015322975597450895
 6.4280E-02,0.01597302261315022
 6.4303E-02,0.01627243744929047
 6.4326E-02,0.016208175421564976
 6.4349E-02,0.015783040846374403
 6.4372E-02,0.01501556376018426
 6.4395E-02,0.013939198771567695
 6.4418E-02,0.01260087968470202
 6.4441E-02,0.011058989420461643
 6.4464E-02,0.009380829174217693
 6.4487E-02,0.007639693048500585
 6.4510E-02,0.0059116732917853364
 6.4533E-02,0.004272335097731797
 6.4556E-02,0.002793407215178051
 6.4579E-02,0.0015396346701010643
 6.4602E-02,0.0005659329090108498
 6.4625E-02,-8.503050345673923e-05
 6.4648E-02,-0.00038471884858084116
 6.4671E-02,-0.00031998884689611736
 6.4694E-02,0.00010632547176764318
 6.4717E-02,0.0008755358789876705
 6.4740E-02,0.001953925794621054
 6.4763E-02,0.0032942414724096035
 6.4786E-02,0.004837779659100261
 6.4809E-02,0.006516975447478531
 6.4832E-02,0.00825837244222909
 6.4855E-02,0.00998584233758762
 6.4878E-02,0.011623912424108809
 6.4901E-02,0.01310105680293057
 6.4924E-02,0.014352809695291374
 6.4947E-02,0.015324567092614453
 6.4970E-02,0.015973956275026163
 6.4993E-02,0.016272671448163873
 6.5016E-02,0.016207697325192127
 6.5039E-02,0.015781869590717663
 6.5062E-02,0.015013750039177732
 6.5085E-02,0.01393682306051157
 6.5108E-02,0.012598047851678524
 6.5131E-02,0.011055826698224653
 6.5154E-02,0.009377473670409635
 6.5177E-02,0.007636289737257691
 6.5200E-02,0.0059083687341384096
 6.5223E-02,0.004269272445887836
 6.5246E-02,0.002790720817692339
 6.5269E-02,0.0015374439623469585
 6.5292E-02,0.000564336002671258
 6.5315E-02,-8.5962504633258e-05
 6.5338E-02,-0.0003849456876829259
 6.5361E-02,-0.0003195024965838601
 6.5384E-02,0.00010750168418568247
 6.5407E-02,0.0008773495774016037
 6.5430E-02,0.0019562983776287646
 6.5453E-02,0.003297071009966708
 6.5476E-02,0.004840944103762627
 6.5499E-02,0.006520336834874213
 6.5521E-02,0.008261782634283654
 6.5544E-02,0.009989150245951156
 6.5567E-02,0.011626971919658956
 6.5590E-02,0.013103734128952634
 6.5613E-02,0.014354989400660923
 6.5636E-02,0.015326156163546061
 6.5659E-02,0.015974886857703326
 6.5682E-02,0.016272902884342848
 6.5705E-02,0.01620721798614081
 6.5728E-02,0.015780698375482696
 6.5751E-02,0.015011936830815814
 6.5774E-02,0.01393444730624375
 6.5797E-02,0.012595214861054378
 6.5820E-02,0.011052661992166065
 6.5843E-02,0.009374116320468324
 6.5866E-02,0.007632885751345385
 6.5889E-02,0.005905065124974903
 6.5912E-02,0.004266211951892786
 6.5935E-02,0.0027880367702429734
 6.5958E-02,0.0015352548123417815
 6.5981E-02,0.0005627395131046918
 6.6004E-02,-8.689475466517216e-05
 6.6027E-02,-0.00038517248323485966
 6.6050E-02,-0.0003190150173545878
 6.6073E-02,0.00010868020029344236
 6.6096E-02,0.0008791660535741486
 6.6119E-02,0.001958673139825735
 6.6142E-02,0.0032999013380215197
 6.6165E-02,0.004844107916740972
 6.6188E-02,0.006523696886524081
 6.6211E-02,0.008265191780114286
 6.6234E-02,0.009992458026396844
 6.6257E-02,0.011630032074164217
 6.6280E-02,0.013106412108154317
 6.6303E-02,0.014357168825641711
 6.6326E-02,0.015327743571695954
 6.6349E-02,0.015975814734795774
 6.6372E-02,0.016273131509123975
 6.6395E-02,0.016206736697227452
 6.6418E-02,0.01577952648936644
 6.6441E-02,0.015010123872752143
 6.6464E-02,0.013932071858750807
 6.6487E-02,0.012592381447429603
 6.6510E-02,0.011049495950974124
 6.6533E-02,0.009370757275507732
 6.6556E-02,0.007629480652849513
 6.6579E-02,0.005901761721295075
 6.6602E-02,0.004263153043135976
 6.6625E-02,0.0027853550335068646
 6.6648E-02,0.0015330677347201369
 6.6671E-02,0.0005611441772599091
 6.6694E-02,-8.782676444142319e-05
 6.6717E-02,-0.000385399302543577
 6.6740E-02,-0.0003185269853297054
 6.6763E-02,0.00010986030557563639
 6.6786E-02,0.0008809849097213727
 6.6809E-02,0.0019610502500295697
 6.6832E-02,0.003302733079489162
 6.6855E-02,0.0048472717747612875
 6.6878E-02,0.00652705590190533
 6.6901E-02,0.008268599614418342
 6.6924E-02,0.009995765022163244
 6.6947E-02,0.011633092260322882
 6.6970E-02,0.01310909054125704
 6.6993E-02,0.014359348321770556
 6.7016E-02,0.015329329990621803
 6.7039E-02,0.01597674047008573
 6.7062E-02,0.016273357418378917
 6.7085E-02,0.016206253029348004
 6.7108E-02,0.01577835325603536
 6.7131E-02,0.015008310674194395
 6.7154E-02,0.013929696723758924
 6.7177E-02,0.012589548105289807
 6.7200E-02,0.011046329239266479
 6.7223E-02,0.009367396946231947
 6.7246E-02,0.007626074339744879
 6.7269E-02,0.005898457977993918
 6.7292E-02,0.004260095082181145
 6.7315E-02,0.0027826752840785065
 6.7338E-02,0.0015308829232018077
 6.7361E-02,0.0005595505785666974
 6.7384E-02,-8.875793481984552e-05
 6.7407E-02,-0.00038562591159448843
 6.7430E-02,-0.0003180386771533302
 6.7453E-02,0.00011104139290078508
 6.7476E-02,0.00088280559677341
 6.7499E-02,0.0019634295654952323
 6.7522E-02,0.0033055665849164046
 6.7545E-02,0.004850436294255546
 6.7568E-02,0.006530414368729089
 6.7591E-02,0.008272006186843116
 6.7614E-02,0.009999070816733022
 6.7637E-02,0.01163615186415898
 6.7660E-02,0.013111769008992587
 6.7683E-02,0.014361527929403073
 6.7706E-02,0.015330915890411257
 6.7729E-02,0.015977664660311204
 6.7752E-02,0.016273580954469666
 6.7775E-02,0.016205766854728496
 6.7798E-02,0.015777178163099245
 6.7820E-02,0.015006496667843726
 6.7843E-02,0.01392732164083361
 6.7866E-02,0.012586715044483953
 6.7889E-02,0.011043162399870446
 6.7912E-02,0.009364035860499685
 6.7935E-02,0.007622666989650837
 6.7958E-02,0.005895153612849664
 6.7981E-02,0.004257037510763813
 6.8004E-02,0.002779997045301211
 6.8027E-02,0.0015287002853460214
 6.8050E-02,0.0005579590644750262
 6.8073E-02,-8.968770290415282e-05
 6.8096E-02,-0.000385851891472064
 6.8119E-02,-0.00031755008283844335
 6.8142E-02,0.00011222306047843243
 6.8165E-02,0.0008846275599974108
 6.8188E-02,0.001965810732261114
 6.8211E-02,0.003308401924125231
 6.8234E-02,0.004853601920498466
 6.8257E-02,0.00653377282104853
 6.8280E-02,0.008275411779454626
 6.8303E-02,0.010002375262652031
 6.8326E-02,0.011639210405929242
 6.8349E-02,0.013114447007133776
 6.8372E-02,0.014363707440650682
 6.8395E-02,0.01533250148903642
 6.8418E-02,0.015978587806611898
 6.8441E-02,0.016273802580038747
 6.8464E-02,0.016205278303285896
 6.8487E-02,0.01577600092790179
 6.8510E-02,0.015004681342044359
 6.8533E-02,0.013924946197201374
 6.8556E-02,0.012583882213144429
 6.8579E-02,0.011039995771940016
 6.8602E-02,0.009360674529587786
 6.8625E-02,0.007619258959474114
 6.8648E-02,0.005891848602999029
 6.8671E-02,0.00425397994434468
 6.8694E-02,0.002777319818828037
 6.8717E-02,0.0015265195270032443
 6.8740E-02,0.0005563697304374231
 6.8763E-02,-9.061564753885755e-05
 6.8786E-02,-0.00038607676572277334
 6.8809E-02,-0.00031706097384691476
 6.8832E-02,0.00011340514579075806
 6.8855E-02,0.0008864503523336335
 6.8878E-02,0.0019681933051297644
 6.8901E-02,0.003311238936512576
 6.8924E-02,0.004856768876781964
 6.8947E-02,0.006537131720409809
 6.8970E-02,0.008278816796136783
 6.8993E-02,0.010005678449376132
 6.9000E-02,0.010519304105951227
