  0.000,0.0
  1.000,0.007947631662176331
  0.000,0.007947631662176331
 2.0510E-05,0.008368534398246523
 4.1020E-05,0.009530091565129078
 6.1530E-05,0.011490740729635535
 8.2040E-05,0.014122291252509654
 1.0255E-04,0.01644491460323183
 1.2306E-04,0.017763626614860858
 1.4357E-04,0.017892603221306782
 1.6408E-04,0.016846200791106252
 1.8459E-04,0.015080618532166901
 2.0510E-04,0.013524841991599899
 2.2561E-04,0.01262610018965565
 2.4612E-04,0.012193950031922546
 2.6663E-04,0.011952224851414943
 2.8714E-04,0.011339740259534055
 3.0765E-04,0.009714764141307695
 3.2816E-04,0.007147656480374296
 3.4867E-04,0.0042528850830095555
 3.6918E-04,0.0016188791352941224
 3.8969E-04,-0.00012772577221736273
 4.1020E-04,-0.0005802190189182685
 4.3071E-04,-8.38125725079659e-05
 4.5122E-04,0.0006826542204913457
 4.7173E-04,0.0012527392700327133
 4.9224E-04,0.0013109595314238164
 5.1275E-04,0.0009204593074525462
 5.3326E-04,0.0007096651557203251
 5.5377E-04,0.0013182200438506238
 5.7428E-04,0.0029704569277478714
 5.9479E-04,0.005556554063233892
 6.1530E-04,0.008580754959333943
 6.3581E-04,0.011238327567659292
 6.5632E-04,0.012969431250554954
 6.7683E-04,0.013743178098312445
 6.9734E-04,0.01387087680339177
 7.1785E-04,0.013880772027102894
 7.3836E-04,0.014317771687499
 7.5887E-04,0.015304545046746495
 7.7938E-04,0.01644098739535997
 7.9989E-04,0.017156102917944012
 8.2040E-04,0.016933766817737755
 8.4091E-04,0.01549941500605311
 8.6142E-04,0.013118635926924452
 8.8193E-04,0.01046068577723993
 9.0244E-04,0.008150356463008275
 9.2295E-04,0.006572898345887459
 9.4346E-04,0.005747495541610447
 9.6397E-04,0.00524062421824674
 9.8448E-04,0.00447895159753273
 1.0050E-03,0.0031584081559817784
 1.0255E-03,0.0013471957638936198
 1.0460E-03,-0.0005312401708424132
 1.0665E-03,-0.001821736502003576
 1.0870E-03,-0.0020116437168609235
 1.1075E-03,-0.0010329066722472033
 1.1281E-03,0.0007695267801406016
 1.1486E-03,0.0028132332866884907
 1.1691E-03,0.00451137083197691
 1.1896E-03,0.005594880066629712
 1.2101E-03,0.00625756832474059
 1.2306E-03,0.006962316530801246
 1.2511E-03,0.008166538470365756
 1.2716E-03,0.010095709133891082
 1.2921E-03,0.012549427771194634
 1.3126E-03,0.014953968116849983
 1.3331E-03,0.016684780306858587
 1.3537E-03,0.017351337630006326
 1.3742E-03,0.01694295303379698
 1.3947E-03,0.015856075005816796
 1.4152E-03,0.014681926603067746
 1.4357E-03,0.013853814265076356
 1.4562E-03,0.013449788674638504
 1.4767E-03,0.013191626032375814
 1.4972E-03,0.01258097402980812
 1.5177E-03,0.011193004991044125
 1.5382E-03,0.008960179229260559
 1.5588E-03,0.0062191452694978075
 1.5793E-03,0.0035556906734032175
 1.5998E-03,0.0015593630424753867
 1.6203E-03,0.0005433237798053547
 1.6408E-03,0.00039411387590778296
 1.6613E-03,0.000680579764766229
 1.6818E-03,0.0009106837999478415
 1.7023E-03,0.0007839443704488995
 1.7228E-03,0.00036292740148994923
 1.7433E-03,5.283719256335607e-05
 1.7639E-03,0.000362434051050448
 1.7844E-03,0.001618067321985617
 1.8049E-03,0.003789639297765284
 1.8254E-03,0.006472355582461533
 1.8459E-03,0.00905832945240801
 1.8664E-03,0.01103715445571136
 1.8869E-03,0.012225890708762946
 1.9074E-03,0.012812009420074212
 1.9279E-03,0.013227181780426214
 1.9485E-03,0.01389268626031868
 1.9690E-03,0.014957303318626483
 1.9895E-03,0.016202500002370262
 2.0100E-03,0.017154165788512844
 2.0305E-03,0.017316314002533504
 2.0510E-03,0.01642943625894321
 2.0715E-03,0.014623002503484733
 2.0920E-03,0.012355464070619694
 2.1125E-03,0.010186350649016946
 2.1330E-03,0.008517059787594658
 2.1535E-03,0.007414293935537963
 2.1741E-03,0.0066051201688298086
 2.1946E-03,0.005663858223209381
 2.2151E-03,0.004278063625709982
 2.2356E-03,0.0024402318160050467
 2.2561E-03,0.00048209046128443265
 2.2766E-03,-0.0010680703308624808
 2.2971E-03,-0.0017463798111296436
 2.3176E-03,-0.0013836373686470797
 2.3381E-03,-0.0001781609284313224
 2.3586E-03,0.0014092882959824916
 2.3792E-03,0.0028866537131347065
 2.3997E-03,0.003978168849200487
 2.4202E-03,0.004747060746898804
 2.4407E-03,0.005527721073257255
 2.4612E-03,0.00671825346275728
 2.4817E-03,0.008538738206119646
 2.5022E-03,0.01087602546128069
 2.5227E-03,0.013308041104032074
 2.5432E-03,0.015295625892094461
 2.5638E-03,0.01643217468749821
 2.5843E-03,0.016626996458932237
 2.6048E-03,0.016132219268667935
 2.6253E-03,0.01539236529526456
 2.6458E-03,0.014798903196463457
 2.6663E-03,0.01448693684034748
 2.6868E-03,0.014274784191391958
 2.7073E-03,0.013774044088212973
 2.7278E-03,0.01261757332636116
 2.7483E-03,0.010681756507460397
 2.7688E-03,0.008179855146087316
 2.7894E-03,0.005582240970870823
 2.8099E-03,0.003406647027608529
 2.8304E-03,0.0019822378190247187
 2.8509E-03,0.0013124063788135497
 2.8714E-03,0.001109437425016469
 2.8919E-03,0.0009752900522726302
 2.9124E-03,0.00063140225750889
 2.9329E-03,8.025000540385632e-05
 2.9534E-03,-0.0003892306472075691
 2.9739E-03,-0.0003566187724387907
 2.9945E-03,0.0005011930561818204
 3.0150E-03,0.002227413586555141
 3.0355E-03,0.004541700233795475
 3.0560E-03,0.006961205013418244
 3.0765E-03,0.00902426437410945
 3.0970E-03,0.010496918120446543
 3.1175E-03,0.011456493804156672
 3.1380E-03,0.01221288917137916
 3.1585E-03,0.013109067481489965
 3.1790E-03,0.014307469333880884
 3.1996E-03,0.01567862534378984
 3.2201E-03,0.016849771523450414
 3.2406E-03,0.017386332118522696
 3.2611E-03,0.017012924471988627
 3.2816E-03,0.015757709719611098
 3.3021E-03,0.0139425773946775
 3.3226E-03,0.012026457372484898
 3.3431E-03,0.01038564525982397
 3.3636E-03,0.009144223508410883
 3.3841E-03,0.008142330042330724
 3.4047E-03,0.007057938860835765
 3.4252E-03,0.005614242948549387
 3.4457E-03,0.003761048584274295
 3.4662E-03,0.0017350529953590473
 3.4867E-03,-3.379940801662325e-05
 3.5072E-03,-0.001121939121992587
 3.5277E-03,-0.0013122877732296004
 3.5482E-03,-0.0006908587867129048
 3.5687E-03,0.0004080850101698876
 3.5892E-03,0.0015788329405343959
 3.6098E-03,0.0025502433480995793
 3.6303E-03,0.003312068707547687
 3.6508E-03,0.004096478061257198
 3.6713E-03,0.005227260615810168
 3.6918E-03,0.0069173024223470655
 3.7123E-03,0.009121907114285796
 3.7328E-03,0.01152695229422519
 3.7533E-03,0.0136787638353163
 3.7738E-03,0.015187688967464365
 3.7943E-03,0.01590012021372819
 3.8149E-03,0.015950268231699986
 3.8354E-03,0.01566565712252668
 3.8559E-03,0.01537824708401241
 3.8764E-03,0.015242306255557688
 3.8969E-03,0.015154479177604877
 3.9174E-03,0.014817256968549042
 3.9379E-03,0.01391173969976999
 3.9584E-03,0.01228718798545549
 3.9789E-03,0.010066333777715267
 3.9994E-03,0.007610987418537445
 4.0200E-03,0.00536570204616523
 4.0405E-03,0.0036606697840923332
 4.0610E-03,0.002576283985223665
 4.0815E-03,0.0019383981657158113
 4.1020E-03,0.0014437882260897599
 4.1225E-03,0.0008477761211078425
 4.1430E-03,0.00011427197761270963
 4.1635E-03,-0.0005514481024308779
 4.1840E-03,-0.0008043293460263544
 4.2045E-03,-0.00034125189139247333
 4.2251E-03,0.0009328202133057557
 4.2456E-03,0.0028413004654364534
 4.2661E-03,0.005008578020091484
 4.2866E-03,0.007030873222423026
 4.3071E-03,0.008656132714305362
 4.3276E-03,0.009880014143464684
 4.3481E-03,0.010909680777914838
 4.3686E-03,0.012016605977956785
 4.3891E-03,0.013358079526826388
 4.4096E-03,0.014863116501260806
 4.4302E-03,0.01624352855532977
 4.4507E-03,0.017124726974235505
 4.4712E-03,0.017227947640989574
 4.4917E-03,0.016508322116892273
 4.5122E-03,0.015176622059108623
 4.5327E-03,0.01359419433541361
 4.5532E-03,0.01209698754580176
 4.5737E-03,0.010840925107047733
 4.5942E-03,0.009748795905006987
 4.6147E-03,0.00858462677566904
 4.6353E-03,0.007114020345255187
 4.6558E-03,0.005264113692490041
 4.6763E-03,0.0031976591918531747
 4.6968E-03,0.0012613137361974075
 4.7173E-03,-0.00016530390361594303
 4.7378E-03,-0.0008411323646641921
 4.7583E-03,-0.0007669682426797883
 4.7788E-03,-0.00016803577579337342
 4.7993E-03,0.0006335666815020207
 4.8198E-03,0.0013886567593988522
 4.8404E-03,0.002043614898073573
 4.8609E-03,0.002752208730272817
 4.8814E-03,0.0037718235524264684
 4.9019E-03,0.005300195852669773
 4.9224E-03,0.007339877274747013
 4.9429E-03,0.009662812275623822
 4.9634E-03,0.011894534883006461
 4.9839E-03,0.013674710208563796
 5.0044E-03,0.014810938910703614
 5.0249E-03,0.015346526522715903
 5.0455E-03,0.01550841939510198
 5.0660E-03,0.015564691796134615
 5.0865E-03,0.015668115108899677
 5.1070E-03,0.01576874658977046
 5.1275E-03,0.015641346621413168
 5.1480E-03,0.01501248448097536
 5.1685E-03,0.013719488146995359
 5.1890E-03,0.011816778454658837
 5.2095E-03,0.009573149880297787
 5.2300E-03,0.0073610679843673435
 5.2506E-03,0.005495605700717394
 5.2711E-03,0.004106472145273021
 5.2916E-03,0.003108361380303457
 5.3121E-03,0.0022827255565548428
 5.3326E-03,0.0014257173501252638
 5.3531E-03,0.00048283683914218526
 5.3736E-03,-0.0004014894842636322
 5.3941E-03,-0.0009457377584914503
 5.4146E-03,-0.0008719146819667321
 5.4351E-03,-5.105662904795116e-05
 5.4557E-03,0.0014226361842999023
 5.4762E-03,0.003267727096032424
 5.4967E-03,0.005142667976394466
 5.5172E-03,0.0067978699383327845
 5.5377E-03,0.008173996172906196
 5.5582E-03,0.00939657627109437
 5.5787E-03,0.010671915478428383
 5.5992E-03,0.012141211702135724
 5.6197E-03,0.013771389968192722
 5.6402E-03,0.01534129165858647
 5.6608E-03,0.016531310188164963
 5.6813E-03,0.017069982854191736
 5.7018E-03,0.016861058864237485
 5.7223E-03,0.016024957485491136
 5.7428E-03,0.014833720402156492
 5.7633E-03,0.0135744489127547
 5.7838E-03,0.012413229876457925
 5.8043E-03,0.011330402236623417
 5.8248E-03,0.010159675496683142
 5.8453E-03,0.008708573484608016
 5.8659E-03,0.006894958294177914
 5.8864E-03,0.004826285298872888
 5.9069E-03,0.002778795912327285
 5.9274E-03,0.001086760318290546
 5.9479E-03,-9.300805579807569e-07
 5.9684E-03,-0.0004228071758677416
 5.9889E-03,-0.00031361078074637996
 6.0094E-03,8.311984429857104e-05
 6.0299E-03,0.0005514993611163593
 6.0504E-03,0.001016584412202022
 6.0710E-03,0.0015752320636824287
 6.0915E-03,0.0024292203073870656
 6.1120E-03,0.0037570145172815556
 6.1325E-03,0.005592790491882237
 6.1530E-03,0.0077773166854870675
 6.1735E-03,0.010007427697602442
 6.1940E-03,0.01195911710535835
 6.2145E-03,0.013420830533794852
 6.2350E-03,0.014368463098261671
 6.2555E-03,0.014944494666848425
 6.2761E-03,0.015354227322033492
 6.2966E-03,0.015735430350081247
 6.3171E-03,0.01607104890813884
 6.3376E-03,0.016191232839438588
 6.3581E-03,0.015863374601577426
 6.3786E-03,0.014922249270685225
 6.3991E-03,0.01337122651604078
 6.4196E-03,0.011400886905069272
 6.4401E-03,0.009314936661498286
 6.4606E-03,0.007401901715578682
 6.4812E-03,0.005819033119726159
 6.5017E-03,0.004547704034675736
 6.5222E-03,0.0034414982165733125
 6.5427E-03,0.002339432637179395
 6.5632E-03,0.0011828899346844593
 6.5837E-03,7.347843556962516e-05
 6.6042E-03,-0.0007593041597205338
 6.6247E-03,-0.001063926847633661
 6.6452E-03,-0.0006908348867499531
 6.6657E-03,0.00033013708252603417
 6.6863E-03,0.0017991555297197574
 6.7068E-03,0.0034374184928295448
 6.7273E-03,0.005012262894760927
 6.7478E-03,0.006431477064891762
 6.7683E-03,0.007758701023986399
 6.7888E-03,0.009143703603705446
 6.8093E-03,0.010706217938125687
 6.8298E-03,0.01243623936775316
 6.8503E-03,0.01416465560304929
 6.8708E-03,0.015620764754468455
 6.8914E-03,0.016547365637194326
 6.9119E-03,0.016813784160832346
 6.9324E-03,0.016468346234589582
 6.9529E-03,0.015703738009927082
 6.9734E-03,0.014754418688156731
 6.9939E-03,0.013780538265215976
 7.0144E-03,0.01279915229730708
 7.0349E-03,0.011697872637769231
 7.0554E-03,0.010322231369293673
 7.0759E-03,0.008589132156117858
 7.0965E-03,0.0065652062673253984
 7.1170E-03,0.004467652559481744
 7.1375E-03,0.0025861306046769976
 7.1580E-03,0.0011657265342114365
 7.1785E-03,0.00031112855275606643
 7.1990E-03,-3.93649813642974e-05
 7.2195E-03,-5.815467015251807e-05
 7.2400E-03,7.82807135136821e-05
 7.2605E-03,0.0002900180623357421
 7.2810E-03,0.0006352624551133296
 7.3016E-03,0.0012714453143967102
 7.3221E-03,0.0023571234101618117
 7.3426E-03,0.003947169861633802
 7.3631E-03,0.005937201909616215
 7.3836E-03,0.008087285454240353
 7.4041E-03,0.010113428263269624
 7.4246E-03,0.01180000618032288
 7.4451E-03,0.013075565652304133
 7.4656E-03,0.014013980486407965
 7.4861E-03,0.014762340169378343
 7.5067E-03,0.015435345792801071
 7.5272E-03,0.01603315151484729
 7.5477E-03,0.016426641797305238
 7.5682E-03,0.01641811440648775
 7.5887E-03,0.015845325972821737
 7.6092E-03,0.014673912522862974
 7.6297E-03,0.013029333882595761
 7.6502E-03,0.011151340991061017
 7.6707E-03,0.009294564957112766
 7.6912E-03,0.007626697365538142
 7.7118E-03,0.006176344012924411
 7.7323E-03,0.004855977980283286
 7.7528E-03,0.0035457471044067343
 7.7733E-03,0.00219208565605568
 7.7938E-03,0.000867732973487757
 7.8143E-03,-0.00023944826364147753
 7.8348E-03,-0.0009036621662739048
 7.8553E-03,-0.0009643765059722825
 7.8758E-03,-0.0004019372482655094
 7.8963E-03,0.0006534494806720016
 7.9169E-03,0.00198359861162735
 7.9374E-03,0.003382530564413016
 7.9579E-03,0.004742845140928057
 7.9784E-03,0.006084002205403628
 7.9989E-03,0.00750922138377391
 8.0194E-03,0.009115469810743286
 8.0399E-03,0.010905626477667692
 8.0604E-03,0.012750540929029034
 8.0809E-03,0.01442223276561751
 8.1014E-03,0.015681929708407448
 8.1220E-03,0.016377765180306723
 8.1425E-03,0.016501908183980035
 8.1630E-03,0.01617827819181202
 8.1835E-03,0.015588430391994104
 8.2040E-03,0.014875369769383365
 8.2245E-03,0.014076037077605722
 8.2450E-03,0.013117419590211482
 8.2655E-03,0.011877223804212623
 8.2860E-03,0.010275824630601949
 8.3065E-03,0.008349759462604285
 8.3271E-03,0.006266905745870906
 8.3476E-03,0.004274298567999586
 8.3681E-03,0.002604919464318825
 8.3886E-03,0.0013910743956098773
 8.4091E-03,0.0006281646394480238
 8.4296E-03,0.0002060143557595019
 8.4501E-03,-1.0401549199432402e-05
 8.4706E-03,-9.44748392103615e-05
 8.4911E-03,-1.178547659133661e-05
 8.5116E-03,0.0003614859082379289
 8.5322E-03,0.0011656418238808366
 8.5527E-03,0.002468974457254479
 8.5732E-03,0.004210838654559649
 8.5937E-03,0.006206882320560481
 8.6142E-03,0.00821452249215509
 8.6347E-03,0.010025373932749392
 8.6552E-03,0.011537495287588802
 8.6757E-03,0.012771226159982193
 8.6962E-03,0.01382223492038956
 8.7167E-03,0.014778382039911553
 8.7373E-03,0.015645731361110755
 8.7578E-03,0.016323750954982612
 8.7783E-03,0.016643389425511804
 8.7988E-03,0.016448282206489858
 8.8193E-03,0.015676456557666894
 8.8398E-03,0.014399572878287865
 8.8603E-03,0.012799043443951618
 8.8808E-03,0.011091417271103072
 8.9013E-03,0.009441707351238813
 8.9218E-03,0.007909092931189536
 8.9424E-03,0.006451852082649449
 8.9629E-03,0.004986934056565645
 8.9834E-03,0.00347087560842121
 9.0039E-03,0.0019578213747389536
 9.0244E-03,0.0006028321100152636
 9.0449E-03,-0.0003922469137533106
 9.0654E-03,-0.0008627508352824545
 9.0859E-03,-0.0007517362687322938
 9.1064E-03,-0.0001309282977106532
 9.1269E-03,0.0008381850374915795
 9.1475E-03,0.0019823027316906725
 9.1680E-03,0.0031925169812607995
 9.1885E-03,0.004459470807190649
 9.2090E-03,0.005850223371535596
 9.2295E-03,0.0074405274408738285
 9.2500E-03,0.009239741995692741
 9.2705E-03,0.011149381354824947
 9.2910E-03,0.012978480014736745
 9.3115E-03,0.014508995252940648
 9.3320E-03,0.01557814490715696
 9.3526E-03,0.01613570382911897
 9.3731E-03,0.016247483803962813
 9.3936E-03,0.016044466348015353
 9.4141E-03,0.015645375060191508
 9.4346E-03,0.01509393715389457
 9.4551E-03,0.014343728806238503
 9.4756E-03,0.0132979128047969
 9.4961E-03,0.011881951765683576
 9.5166E-03,0.010109910669932515
 9.5371E-03,0.008108369489035124
 9.5577E-03,0.0060843243497605715
 9.5782E-03,0.004252851045405624
 9.5987E-03,0.0027612126867654595
 9.6192E-03,0.0016476262871422214
 9.6397E-03,0.0008544702441939658
 9.6602E-03,0.0002871621242353645
 9.6807E-03,-0.00011372618023904269
 9.7012E-03,-0.00032599480180636937
 9.7217E-03,-0.00024984757783306496
 9.7422E-03,0.0002396853835009587
 9.7628E-03,0.0012197352932490867
 9.7833E-03,0.0026647235144625103
 9.8038E-03,0.004438921296429274
 9.8243E-03,0.006340992923420426
 9.8448E-03,0.008178054917227881
 9.8653E-03,0.009831620009856623
 9.8858E-03,0.011282387617974
 9.9063E-03,0.012582710286364504
 9.9268E-03,0.013793131011217642
 9.9473E-03,0.014918107330193114
 9.9679E-03,0.01587611707356775
 9.9884E-03,0.016520859088182967
 1.0009E-02,0.016703051306918928
 1.0029E-02,0.01634074763573315
 1.0050E-02,0.015461486822624408
 1.0070E-02,0.014194313637756199
 1.0091E-02,0.012715913526305427
 1.0111E-02,0.01117888749941792
 1.0132E-02,0.009659063107219082
 1.0152E-02,0.008148178913997826
 1.0173E-02,0.006594038331037092
 1.0193E-02,0.004965152794145425
 1.0214E-02,0.003304145811131143
 1.0234E-02,0.0017403633872460648
 1.0255E-02,0.0004538428339898898
 1.0276E-02,-0.0003915012435162363
 1.0296E-02,-0.0007114374666606347
 1.0317E-02,-0.0005294257267706123
 1.0337E-02,4.465013449988847e-05
 1.0358E-02,0.0008731730722955484
 1.0378E-02,0.0018558756321492799
 1.0399E-02,0.0029674720582719264
 1.0419E-02,0.004248925435656616
 1.0440E-02,0.005758169414722406
 1.0460E-02,0.007507594219765991
 1.0481E-02,0.009422585344385354
 1.0501E-02,0.011344294684860567
 1.0522E-02,0.013076550595441766
 1.0542E-02,0.01445363368140478
 1.0563E-02,0.015394727058222576
 1.0583E-02,0.015917899241951743
 1.0604E-02,0.016107724884352484
 1.0624E-02,0.016054832906857608
 1.0645E-02,0.01580003216173053
 1.0665E-02,0.015312715141504892
 1.0686E-02,0.014514675765647422
 1.0706E-02,0.01333618823509189
 1.0727E-02,0.011774003100344864
 1.0747E-02,0.009919833624536006
 1.0768E-02,0.007943404445416682
 1.0788E-02,0.00603793888085483
 1.0809E-02,0.004355477258639838
 1.0829E-02,0.002964437998672815
 1.0850E-02,0.0018498796201391254
 1.0870E-02,0.0009544314118382464
 1.0891E-02,0.0002366962566515428
 1.0911E-02,-0.00028485389695370093
 1.0932E-02,-0.0005263754064110817
 1.0952E-02,-0.00037483344028912095
 1.0973E-02,0.0002530370093023631
 1.0993E-02,0.0013600282115863141
 1.1014E-02,0.0028528493306760145
 1.1034E-02,0.004570210541126198
 1.1055E-02,0.006340553180744548
 1.1075E-02,0.008040167005226407
 1.1096E-02,0.009622590902941035
 1.1116E-02,0.011105568064053332
 1.1137E-02,0.012524273226956094
 1.1157E-02,0.013877203949958573
 1.1178E-02,0.01509475908881694
 1.1198E-02,0.016048292102361077
 1.1219E-02,0.016595850467586954
 1.1239E-02,0.016641292645897556
 1.1260E-02,0.0161762815471541
 1.1280E-02,0.015283534087765244
 1.1301E-02,0.01409990806902184
 1.1322E-02,0.012758715821470886
 1.1342E-02,0.011341108494787325
 1.1363E-02,0.009861075943952653
 1.1383E-02,0.008290497408729496
 1.1404E-02,0.006609391398472808
 1.1424E-02,0.004853255837464273
 1.1445E-02,0.003131062275615229
 1.1465E-02,0.0016030761619435238
 1.1486E-02,0.0004289034320141211
 1.1506E-02,-0.0002881837888498626
 1.1527E-02,-0.0005326657975254012
 1.1547E-02,-0.000368643523388017
 1.1568E-02,0.00010260473397766289
 1.1588E-02,0.0007965318145207425
 1.1609E-02,0.0016823369677863573
 1.1629E-02,0.0027841091038751688
 1.1650E-02,0.004146375861949945
 1.1670E-02,0.005783298882834936
 1.1691E-02,0.007639468524781711
 1.1711E-02,0.009584201583646207
 1.1732E-02,0.011443683105946137
 1.1752E-02,0.013055475657238299
 1.1773E-02,0.01431824978317641
 1.1793E-02,0.015212171985917093
 1.1814E-02,0.01578081611979252
 1.1834E-02,0.016085562861169314
 1.1855E-02,0.016157609167562134
 1.1875E-02,0.015973513571640643
 1.1896E-02,0.015467333996783048
 1.1916E-02,0.014572750267896168
 1.1937E-02,0.013272505414729515
 1.1957E-02,0.011628488487057812
 1.1978E-02,0.009775863901659822
 1.1998E-02,0.007883428731559405
 1.2019E-02,0.006099901931357309
 1.2039E-02,0.0045129227477723
 1.2060E-02,0.0031405576195754803
 1.2080E-02,0.0019578907277881287
 1.2101E-02,0.0009429219992403896
 1.2121E-02,0.00011613174453291156
 1.2142E-02,-0.0004482156066075979
 1.2162E-02,-0.0006457251716141843
 1.2183E-02,-0.0003885152531337549
 1.2203E-02,0.0003493941031059443
 1.2224E-02,0.0015116976451012981
 1.2244E-02,0.002975257300327929
 1.2265E-02,0.0045937058557351616
 1.2285E-02,0.00624710649077164
 1.2306E-02,0.007872776790271884
 1.2327E-02,0.009462610592869597
 1.2347E-02,0.011030044319883617
 1.2368E-02,0.01256581316063045
 1.2388E-02,0.014007423099612153
 1.2409E-02,0.015239846163011564
 1.2429E-02,0.01612830145731802
 1.2450E-02,0.01656691316395833
 1.2470E-02,0.016518528029583104
 1.2491E-02,0.01602548290396023
 1.2511E-02,0.015186211217121607
 1.2532E-02,0.014110255447359249
 1.2552E-02,0.012875185708714662
 1.2573E-02,0.011507421717995778
 1.2593E-02,0.00999592739679911
 1.2614E-02,0.0083301521579386
 1.2634E-02,0.006540720456196211
 1.2655E-02,0.00471995294167993
 1.2675E-02,0.003009997625897011
 1.2696E-02,0.0015634400284202014
 1.2716E-02,0.0004957159505612646
 1.2737E-02,-0.00014708727799756416
 1.2757E-02,-0.00038952008270064036
 1.2778E-02,-0.0002976927201360484
 1.2798E-02,6.402043327769608e-05
 1.2819E-02,0.0006673359144943501
 1.2839E-02,0.0015275004309217078
 1.2860E-02,0.0026804083910985385
 1.2880E-02,0.00414223738254428
 1.2901E-02,0.005873823246517528
 1.2921E-02,0.007769630479843883
 1.2942E-02,0.009678360656832087
 1.2962E-02,0.011445741942674077
 1.2983E-02,0.012958518156854103
 1.3003E-02,0.014168135482032163
 1.3024E-02,0.015083343576271608
 1.3044E-02,0.015737200999713857
 1.3065E-02,0.016147209169939527
 1.3085E-02,0.016290548793997474
 1.3106E-02,0.01610801980173738
 1.3126E-02,0.015534783054470825
 1.3147E-02,0.014541584262304971
 1.3167E-02,0.013164402935681302
 1.3188E-02,0.011506392854301583
 1.3208E-02,0.00971037875734396
 1.3229E-02,0.007915409449281652
 1.3249E-02,0.0062189257311382655
 1.3270E-02,0.004662825470897083
 1.3290E-02,0.003248935725494922
 1.3311E-02,0.0019739233653961645
 1.3331E-02,0.0008636251304576842
 1.3352E-02,-1.2627883024284524e-05
 1.3373E-02,-0.0005562819293507145
 1.3393E-02,-0.0006757157778160317
 1.3414E-02,-0.0003258608570195964
 1.3434E-02,0.00046913081540825606
 1.3455E-02,0.0016219026948439041
 1.3475E-02,0.0030135641328585218
 1.3496E-02,0.004534890459536905
 1.3516E-02,0.006116326567450285
 1.3537E-02,0.007732316169407202
 1.3557E-02,0.009379238394046845
 1.3578E-02,0.011040234773267446
 1.3598E-02,0.012657091025020672
 1.3619E-02,0.0141255200373017
 1.3639E-02,0.015317737389854097
 1.3660E-02,0.016121717993153203
 1.3680E-02,0.016477612283604268
 1.3701E-02,0.016393157491448464
 1.3721E-02,0.015930793223329277
 1.3742E-02,0.015173810154719917
 1.3762E-02,0.014189507760908585
 1.3783E-02,0.01300844453221276
 1.3803E-02,0.011629938786192921
 1.3824E-02,0.010049809249432518
 1.3844E-02,0.008294433941985702
 1.3865E-02,0.006441805822288694
 1.3885E-02,0.0046171019717317855
 1.3906E-02,0.0029636865533962647
 1.3926E-02,0.001603340121097539
 1.3947E-02,0.0006051002706128662
 1.3967E-02,-2.244892678399395e-05
 1.3988E-02,-0.00031281432057612686
 1.4008E-02,-0.0003079631336551149
 1.4029E-02,-2.7854577966256785e-05
 1.4049E-02,0.0005405486180745031
 1.4070E-02,0.001429132916988903
 1.4090E-02,0.0026572489255759207
 1.4111E-02,0.00420029703011837
 1.4131E-02,0.005975696752203605
 1.4152E-02,0.007854690005013747
 1.4172E-02,0.00969503339849832
 1.4193E-02,0.011378839578469295
 1.4213E-02,0.012837278993141955
 1.4234E-02,0.014050856511429387
 1.4254E-02,0.015026811108610615
 1.4275E-02,0.015767072468294625
 1.4295E-02,0.016244898572582617
 1.4316E-02,0.0164033938338129
 1.4336E-02,0.01617722759433025
 1.4357E-02,0.01552634277258744
 1.4378E-02,0.0144638766553527
 1.4398E-02,0.013063347587817123
 1.4419E-02,0.011440854166458268
 1.4439E-02,0.009720910302767883
 1.4460E-02,0.008002814572380081
 1.4480E-02,0.006343826027129098
 1.4501E-02,0.004766313786798625
 1.4521E-02,0.0032833284173829306
 1.4542E-02,0.001927414991751265
 1.4562E-02,0.0007659714050985732
 1.4583E-02,-0.00010622557008555422
 1.4603E-02,-0.0005944672609891041
 1.4624E-02,-0.0006379827170289216
 1.4644E-02,-0.0002331300864959723
 1.4665E-02,0.0005657935367476306
 1.4685E-02,0.0016683626956868888
 1.4706E-02,0.0029811844307793874
 1.4726E-02,0.004435589698571089
 1.4747E-02,0.005996303356116337
 1.4767E-02,0.007647855048429531
 1.4788E-02,0.00936739653172537
 1.4808E-02,0.011099818141104955
 1.4829E-02,0.01274983315563421
 1.4849E-02,0.014196707690203232
 1.4870E-02,0.015325315553642983
 1.4890E-02,0.016058514346812287
 1.4911E-02,0.016375031077498773
 1.4931E-02,0.01630451308316762
 1.4952E-02,0.015903178110379362
 1.4972E-02,0.015223364876116578
 1.4993E-02,0.014293068366850245
 1.5013E-02,0.013115842664640349
 1.5034E-02,0.011690347369392479
 1.5054E-02,0.010038198377647651
 1.5075E-02,0.008224250362817431
 1.5095E-02,0.0063573339233679365
 1.5116E-02,0.004569686609625154
 1.5136E-02,0.002984435588514364
 1.5157E-02,0.0016866676268363823
 1.5177E-02,0.0007116690121068945
 1.5198E-02,5.4935163682545696e-05
 1.5218E-02,-0.0003027009001377954
 1.5239E-02,-0.0003690934471826374
 1.5259E-02,-0.00012827930311060362
 1.5280E-02,0.0004517247878066652
 1.5300E-02,0.0013950180237104711
 1.5321E-02,0.0026907533263972197
 1.5341E-02,0.004277763035898392
 1.5362E-02,0.006049798318788578
 1.5382E-02,0.007879704382798593
 1.5403E-02,0.00965113354092688
 1.5424E-02,0.011282644531352375
 1.5444E-02,0.012733189352678111
 1.5465E-02,0.013987831211403637
 1.5485E-02,0.01503286746864607
 1.5506E-02,0.015834914493552243
 1.5526E-02,0.016336146575252695
 1.5547E-02,0.016469064465507013
 1.5567E-02,0.016183586882772258
 1.5588E-02,0.015472502733652282
 1.5608E-02,0.014381942451785113
 1.5629E-02,0.013001166117752707
 1.5649E-02,0.011436565011750643
 1.5670E-02,0.009782739887852108
 1.5690E-02,0.008104695677933102
 1.5711E-02,0.006439032582490034
 1.5731E-02,0.004811829081973063
 1.5752E-02,0.0032620907056213197
 1.5772E-02,0.0018567984581499446
 1.5793E-02,0.0006881708735283758
 1.5813E-02,-0.00014671496928775807
 1.5834E-02,-0.0005743609717467504
 1.5854E-02,-0.0005673690662990626
 1.5875E-02,-0.00014998670244881148
 1.5895E-02,0.0006157331882092945
 1.5916E-02,0.0016557377933011648
 1.5936E-02,0.002908447890757148
 1.5957E-02,0.004335711716546979
 1.5977E-02,0.0059155143915798495
 1.5998E-02,0.007621573523982641
 1.6018E-02,0.009402006479337024
 1.6039E-02,0.011169814169838617
 1.6059E-02,0.012811724876938942
 1.6080E-02,0.014212265269733335
 1.6100E-02,0.015281872867191036
 1.6121E-02,0.015975665098026642
 1.6141E-02,0.016294274043456854
 1.6162E-02,0.016267394646141686
 1.6182E-02,0.01592949650384093
 1.6203E-02,0.015300891787125634
 1.6223E-02,0.014384110266716293
 1.6244E-02,0.013177077042450712
 1.6264E-02,0.011695420731047736
 1.6285E-02,0.009991201548783805
 1.6305E-02,0.008157071705330591
 1.6326E-02,0.006312415800026357
 1.6346E-02,0.004577363725322704
 1.6367E-02,0.0030468029551402494
 1.6387E-02,0.0017764028196698893
 1.6408E-02,0.0007863236683121543
 1.6429E-02,7.909658011282146e-05
 1.6449E-02,-0.00033904611074359156
 1.6470E-02,-0.0004455869583413131
 1.6490E-02,-0.0002051171159635599
 1.6511E-02,0.0004128094339902545
 1.6531E-02,0.0014107842155347008
 1.6552E-02,0.0027479547368573533
 1.6572E-02,0.004340497590781081
 1.6593E-02,0.00607874103927152
 1.6613E-02,0.007853047949904322
 1.6634E-02,0.009576222216036694
 1.6654E-02,0.01119223530997307
 1.6675E-02,0.012668383803132937
 1.6695E-02,0.013976713736031713
 1.6716E-02,0.015076089049769075
 1.6736E-02,0.015905743355717546
 1.6757E-02,0.016394857962489233
 1.6777E-02,0.016484006004785775
 1.6798E-02,0.016147796647195248
 1.6818E-02,0.015407171172294915
 1.6839E-02,0.014324990666674956
 1.6859E-02,0.01298705498079562
 1.6880E-02,0.011478016743106657
 1.6900E-02,0.009863968765314556
 1.6921E-02,0.008189625852200707
 1.6941E-02,0.0064900858569672155
 1.6962E-02,0.0048093530139007995
 1.6982E-02,0.003214239814939109
 1.7003E-02,0.0017947704731938378
 1.7023E-02,0.0006494215377228784
 1.7044E-02,-0.00013837330099882917
 1.7064E-02,-0.0005213101755359249
 1.7085E-02,-0.000496853740748056
 1.7105E-02,-9.969342901732469e-05
 1.7126E-02,0.0006175372571915561
 1.7146E-02,0.0016050562155304035
 1.7167E-02,0.002827637065567548
 1.7187E-02,0.004261777560474131
 1.7208E-02,0.005880842340207535
 1.7228E-02,0.007637240296797014
 1.7249E-02,0.009452404145837257
 1.7269E-02,0.01122132647520838
 1.7290E-02,0.012830801112069001
 1.7310E-02,0.014183327308666187
 1.7331E-02,0.01521563397280849
 1.7351E-02,0.015903536093549303
 1.7372E-02,0.016251876690220077
 1.7392E-02,0.016275914069206275
 1.7413E-02,0.015984686059616515
 1.7434E-02,0.015375455929616283
 1.7454E-02,0.014442120457333648
 1.7475E-02,0.013192762426647691
 1.7495E-02,0.011666433699208924
 1.7516E-02,0.009939437748276277
 1.7536E-02,0.008116718327508838
 1.7557E-02,0.00631161454615133
 1.7577E-02,0.004623176786441061
 1.7598E-02,0.003121358492948604
 1.7618E-02,0.0018461684188207277
 1.7639E-02,0.0008195563229820213
 1.7659E-02,6.226856123234194e-05
 1.7680E-02,-0.0003944411645598096
 1.7700E-02,-0.0005093390667973062
 1.7721E-02,-0.0002443120675646671
 1.7741E-02,0.00041653541483012587
 1.7762E-02,0.0014518006252543592
 1.7782E-02,0.0027998990652572013
 1.7803E-02,0.004370444039490716
 1.7823E-02,0.006064765925611207
 1.7844E-02,0.007795942908409519
 1.7864E-02,0.009499229967333494
 1.7885E-02,0.011129006204846732
 1.7905E-02,0.012645537044530955
 1.7926E-02,0.014000184515665894
 1.7946E-02,0.01512839945119687
 1.7967E-02,0.01595555197214969
 1.7987E-02,0.016413682062148643
 1.8008E-02,0.016461272397500563
 1.8028E-02,0.016096314725603276
 1.8049E-02,0.01535621375131204
 1.8069E-02,0.014304707891262203
 1.8090E-02,0.013012479852365113
 1.8110E-02,0.011541076401840548
 1.8131E-02,0.009937646866188768
 1.8151E-02,0.008242008589238747
 1.8172E-02,0.006500853447975642
 1.8192E-02,0.0047800539729943164
 1.8213E-02,0.003167017148636172
 1.8233E-02,0.0017603103704985916
 1.8254E-02,0.0006505412138777121
 1.8274E-02,-9.884796246444484e-05
 1.8295E-02,-0.00046204487785306926
 1.8315E-02,-0.0004481685050825083
 1.8336E-02,-8.762082351534018e-05
 1.8356E-02,0.0005849006427448256
 1.8377E-02,0.001541763378596705
 1.8397E-02,0.0027625181000181438
 1.8418E-02,0.004223416640120183
 1.8438E-02,0.005882825241089477
 1.8459E-02,0.007671400699270007
 1.8480E-02,0.009493551730131859
 1.8500E-02,0.011240891723533635
 1.8521E-02,0.012812163839434867
 1.8541E-02,0.014130752710227465
 1.8562E-02,0.015152146770730245
 1.8582E-02,0.015858907929765995
 1.8603E-02,0.016247095467158697
 1.8623E-02,0.016312315830094945
 1.8644E-02,0.016043427105958085
 1.8664E-02,0.015427530374384721
 1.8685E-02,0.01446358528205151
 1.8705E-02,0.013177134625588024
 1.8726E-02,0.011627771347625875
 1.8746E-02,0.009904563989596668
 1.8767E-02,0.008110765768436516
 1.8787E-02,0.006344544154664582
 1.8808E-02,0.0046843530044231784
 1.8828E-02,0.0031849779429824927
 1.8849E-02,0.0018846238681172012
 1.8869E-02,0.0008176787515921857
 1.8890E-02,2.4983319434760884e-05
 1.8910E-02,-0.00044500033728518234
 1.8931E-02,-0.0005456608355677555
 1.8951E-02,-0.00024801194421227284
 1.8972E-02,0.0004451611799154377
 1.8992E-02,0.0014941451957602078
 1.9013E-02,0.0028290752071996605
 1.9033E-02,0.004365645396281299
 1.9054E-02,0.00602238963819751
 1.9074E-02,0.007731646123532747
 1.9095E-02,0.009439883898734307
 1.9115E-02,0.011098820915184129
 1.9136E-02,0.012653666377616937
 1.9156E-02,0.014036300225625206
 1.9177E-02,0.015168498518531425
 1.9197E-02,0.015974870569163968
 1.9218E-02,0.016399874120339688
 1.9238E-02,0.016420915817557256
 1.9259E-02,0.01605136409782125
 1.9279E-02,0.015332331317915877
 1.9300E-02,0.014317665143684478
 1.9320E-02,0.013059794636735374
 1.9341E-02,0.011603247797951004
 1.9361E-02,0.009988276149427945
 1.9382E-02,0.008261434209296281
 1.9402E-02,0.006486125810014641
 1.9423E-02,0.004746054792792966
 1.9443E-02,0.003138217701627634
 1.9464E-02,0.001757578403989381
 1.9484E-02,0.0006799669227393454
 1.9505E-02,-4.925198904114775e-05
 1.9526E-02,-0.0004160893597306006
 1.9546E-02,-0.00042902021627418173
 1.9567E-02,-0.00010569761130516488
 1.9587E-02,0.0005373307573160347
 1.9608E-02,0.0014864916197857994
 1.9628E-02,0.0027240171322116683
 1.9649E-02,0.00421618389847336
 1.9669E-02,0.005904086071497991
 1.9690E-02,0.007702955622644119
 1.9710E-02,0.009511729991875571
 1.9731E-02,0.011229323223138164
 1.9751E-02,0.012770631261884822
 1.9772E-02,0.014075483704462422
 1.9792E-02,0.01510743265379472
 1.9813E-02,0.015844497287075467
 1.9833E-02,0.016268007104181675
 1.9854E-02,0.016356403511904986
 1.9874E-02,0.01608792022969211
 1.9895E-02,0.015451049517353585
 1.9915E-02,0.014457279507525149
 1.9936E-02,0.013149096578007745
 1.9956E-02,0.011598465149797585
 1.9977E-02,0.009895743843922047
 1.9997E-02,0.008133765855537049
 2.0018E-02,0.006394105363352991
 2.0038E-02,0.004741196907866718
 2.0059E-02,0.003225723068860531
 2.0079E-02,0.0018937988724481406
 2.0100E-02,0.0007955280391232285
 2.0120E-02,-1.2985382603812536e-05
 2.0141E-02,-0.00047641833033102327
 2.0161E-02,-0.0005531801228953546
 2.0182E-02,-0.00022840797690062075
 2.0202E-02,0.00047941964096109716
 2.0223E-02,0.0015216295341146874
 2.0243E-02,0.0028308443030932683
 2.0264E-02,0.004335366453019346
 2.0284E-02,0.005969822607845585
 2.0305E-02,0.00767769361380999
 2.0325E-02,0.00940584450534622
 2.0346E-02,0.011095510828754351
 2.0366E-02,0.012676109715300513
 2.0387E-02,0.014066730076037252
 2.0407E-02,0.015186028514775305
 2.0428E-02,0.015966701709930167
 2.0448E-02,0.016368126961978056
 2.0469E-02,0.016381517326903062
 2.0489E-02,0.016025622650752636
 2.0510E-02,0.015335677396693219
 2.0531E-02,0.014351497367451579
 2.0551E-02,0.013110698100460571
 2.0572E-02,0.011649947799834645
 2.0592E-02,0.010012625279053684
 2.0613E-02,0.008257642208133908
 2.0633E-02,0.006463411003260103
 2.0654E-02,0.004723388835468192
 2.0674E-02,0.0031339962666564708
 2.0695E-02,0.00177968951094723
 2.0715E-02,0.0007214752507971949
 2.0736E-02,-6.573471379660626e-06
 2.0756E-02,-0.000392281243726557
 2.0777E-02,-0.00043551703225215295
 2.0797E-02,-0.00013943122374143242
 2.0818E-02,0.0004922466352588258
 2.0838E-02,0.0014504295842014217
 2.0859E-02,0.0027112663757468732
 2.0879E-02,0.0042276940541728855
 2.0900E-02,0.00592730096158105
 2.0920E-02,0.007718769231828182
 2.0941E-02,0.00950485804796637
 2.0961E-02,0.01119661120103842
 2.0982E-02,0.012722934329098835
 2.1002E-02,0.014032156713311386
 2.1023E-02,0.015086358681692877
 2.1043E-02,0.01585291241855896
 2.1064E-02,0.01629893005275714
 2.1084E-02,0.016392503552749804
 2.1105E-02,0.0161107362850512
 2.1125E-02,0.015450675846659396
 2.1146E-02,0.014437424159492323
 2.1166E-02,0.013124890451787977
 2.1187E-02,0.011588232373837468
 2.1207E-02,0.009911111038234272
 2.1228E-02,0.008173328404678598
 2.1248E-02,0.006443960984357525
 2.1269E-02,0.004782026411884906
 2.1289E-02,0.0032426655436298807
 2.1310E-02,0.0018839322456264671
 2.1330E-02,0.0007690620952914963
 2.1351E-02,-3.837041982575492e-05
 2.1371E-02,-0.0004850586183549032
 2.1392E-02,-0.000539731699934825
 2.1412E-02,-0.00020061817266677867
 2.1433E-02,0.000504888654898243
 2.1453E-02,0.0015280871692075549
 2.1474E-02,0.0028104734119237937
 2.1494E-02,0.004293465317241485
 2.1515E-02,0.005922182304889982
 2.1535E-02,0.007642518971431594
 2.1556E-02,0.009394480679910543
 2.1577E-02,0.011106838519572776
 2.1597E-02,0.012697516685943457
 2.1618E-02,0.014081095431716695
 2.1638E-02,0.015181000729694749
 2.1659E-02,0.015941368884002643
 2.1679E-02,0.016333580156036507
 2.1700E-02,0.016355043319710907
 2.1720E-02,0.016021617175900237
 2.1741E-02,0.015358076617769483
 2.1761E-02,0.014391696414677876
 2.1782E-02,0.013152015060891729
 2.1802E-02,0.01167624596876407
 2.1823E-02,0.01001654155118142
 2.1843E-02,0.008244113169922596
 2.1864E-02,0.006446693094449164
 2.1884E-02,0.00471920008387482
 2.1905E-02,0.0031509547757919178
 2.1925E-02,0.0018145589130359316
 2.1946E-02,0.0007606939161875581
 2.1966E-02,2.008213911500786e-05
 2.1987E-02,-0.0003897196512342213
 2.2007E-02,-0.00045729303589859074
 2.2028E-02,-0.0001744924683565778
 2.2048E-02,0.00046039802705341283
 2.2069E-02,0.0014351339928833525
 2.2089E-02,0.002715876627729377
 2.2110E-02,0.004244082267739367
 2.2130E-02,0.005940442848378528
 2.2151E-02,0.007714951995246551
 2.2171E-02,0.009479169482537114
 2.2192E-02,0.01115576909685359
 2.2212E-02,0.012681984844392
 2.2233E-02,0.014006800351159436
 2.2253E-02,0.015084950916838211
 2.2274E-02,0.015872334163460605
 2.2294E-02,0.016326464772938993
 2.2315E-02,0.016412688367723693
 2.2335E-02,0.016113547943537962
 2.2356E-02,0.015436737202826206
 2.2376E-02,0.014417515848572135
 2.2397E-02,0.01311406885048392
 2.2417E-02,0.011597690775654559
 2.2438E-02,0.009942085498478982
 2.2458E-02,0.008216244054245078
 2.2479E-02,0.006483238895874156
 2.2499E-02,0.00480399723973492
 2.2520E-02,0.0032424265503827755
 2.2540E-02,0.001867571594579394
 2.2561E-02,0.0007501316599950977
 2.2582E-02,-4.62292227348919e-05
 2.2602E-02,-0.00047543145594501976
 2.2623E-02,-0.0005168480787959385
 2.2643E-02,-0.00017710072433467288
 2.2664E-02,0.0005147246750856265
 2.2684E-02,0.0015158400436001275
 2.2705E-02,0.0027781686128303578
 2.2725E-02,0.0042526228880221525
 2.2746E-02,0.005887952957831821
 2.2766E-02,0.00762598596086615
 2.2787E-02,0.009397167129680974
 2.2807E-02,0.011120277395861158
 2.2828E-02,0.012708065087792002
 2.2848E-02,0.014077419156200128
 2.2869E-02,0.01516026756352705
 2.2889E-02,0.015910892468153987
 2.2910E-02,0.016307069831329478
 2.2930E-02,0.016345459486052292
 2.2951E-02,0.01603440646958673
 2.2971E-02,0.015388338847065818
 2.2992E-02,0.014426745956584552
 2.3012E-02,0.013177955676851063
 2.3033E-02,0.011685081075155309
 2.3053E-02,0.010010088938135991
 2.3074E-02,0.008232702596076339
 2.3094E-02,0.006443382640039314
 2.3115E-02,0.004732595000865293
 2.3135E-02,0.0031804215611292283
 2.3156E-02,0.0018503400355245518
 2.3176E-02,0.0007888378701086482
 2.3197E-02,2.9578342991739767e-05
 2.3217E-02,-0.00040134900242749474
 2.3238E-02,-0.0004828573525316572
 2.3258E-02,-0.00020101224498488078
 2.3279E-02,0.00044486741587314055
 2.3299E-02,0.0014353309060917982
 2.3320E-02,0.002727041928906807
 2.3340E-02,0.004254718203797029
 2.3361E-02,0.005938634074412721
 2.3381E-02,0.007694899216834245
 2.3402E-02,0.009444492843743966
 2.3422E-02,0.011117853343093592
 2.3443E-02,0.012654251999449908
 2.3463E-02,0.013997930352857364
 2.3484E-02,0.01509460658636219
 2.3504E-02,0.015891610609898948
 2.3525E-02,0.016342787840342276
 2.3545E-02,0.01641655128294185
 2.3566E-02,0.016103527860671943
 2.3586E-02,0.015420164150173048
 2.3607E-02,0.014406473689980003
 2.3628E-02,0.013118867349164256
 2.3648E-02,0.011621264050903277
 2.3669E-02,0.009978261423561743
 2.3689E-02,0.008252774738190914
 2.3710E-02,0.006507976628221238
 2.3730E-02,0.004810962790633775
 2.3751E-02,0.0032345995220582203
 2.3771E-02,0.0018549773731159668
 2.3792E-02,0.0007442769604290133
 2.3812E-02,-3.861530569697531e-05
 2.3833E-02,-0.0004560547787518709
 2.3853E-02,-0.000494999863381197
 2.3874E-02,-0.0001647741509233835
 2.3894E-02,0.0005091653730880353
 2.3915E-02,0.001492107979372845
 2.3935E-02,0.00274429622550807
 2.3956E-02,0.004220891417446573
 2.3976E-02,0.005868663420342448
 2.3997E-02,0.007622342920967964
 2.4017E-02,0.009403941576559638
 2.4038E-02,0.011126914633370032
 2.4058E-02,0.012704565113413016
 2.4079E-02,0.014059870395515761
 2.4099E-02,0.015133115859062435
 2.4120E-02,0.01588476197468915
 2.4140E-02,0.016293300271141068
 2.4161E-02,0.01635024591448695
 2.4181E-02,0.016055620553392023
 2.4202E-02,0.015416682626340278
 2.4222E-02,0.014450602346104723
 2.4243E-02,0.013189363655943614
 2.4263E-02,0.011683693656710993
 2.4284E-02,0.010003057998551479
 2.4304E-02,0.008230592395408498
 2.4325E-02,0.006454300325773835
 2.4345E-02,0.004757645973851237
 2.4366E-02,0.0032128776980247693
 2.4386E-02,0.001878941659330885
 2.4407E-02,0.0008034784396846887
 2.4427E-02,2.638405006930326e-05
 2.4448E-02,-0.0004181941364060411
 2.4468E-02,-0.0005034667425873748
 2.4489E-02,-0.00021506305409689665
 2.4509E-02,0.00044274000185495456
 2.4530E-02,0.001442839383733708
 2.4550E-02,0.0027356431033572623
 2.4571E-02,0.004254335353450676
 2.4591E-02,0.005923197763077723
 2.4612E-02,0.007665783584390349
 2.4633E-02,0.009410044418761285
 2.4653E-02,0.011089270425751339
 2.4674E-02,0.01263998747568147
 2.4694E-02,0.013999554124511126
 2.4715E-02,0.015106280337158712
 2.4735E-02,0.015903417408483667
 2.4756E-02,0.016346132782795682
 2.4776E-02,0.01640877363266706
 2.4797E-02,0.016089300601172182
 2.4817E-02,0.015408965158674555
 2.4838E-02,0.014407486290097042
 2.4858E-02,0.013136012658582216
 2.4879E-02,0.011650980912472858
 2.4899E-02,0.010011188349919903
 2.4920E-02,0.008278431473829694
 2.4940E-02,0.0065199762219886465
 2.4961E-02,0.004810027087767029
 2.4981E-02,0.0032278259481902344
 2.5002E-02,0.0018517838730232675
 2.5022E-02,0.0007511900175958023
 2.5043E-02,-2.1576496893196766e-05
 2.5063E-02,-0.0004355048199135698
 2.5084E-02,-0.0004807764632884912
 2.5104E-02,-0.0001647988867258829
 2.5125E-02,0.0004930504819243838
 2.5145E-02,0.001465150915204733
 2.5166E-02,0.002716179752730033
 2.5186E-02,0.004200822168915489
 2.5207E-02,0.005860787072971546
 2.5227E-02,0.007623878459623223
 2.5248E-02,0.00940698503404744
 2.5268E-02,0.011122929930352531
 2.5289E-02,0.012689173811668349
 2.5309E-02,0.014035409108660312
 2.5330E-02,0.01510761871832559
 2.5350E-02,0.01586791411703641
 2.5371E-02,0.01629149942537516
 2.5391E-02,0.016363366990320618
 2.5412E-02,0.016077168299800576
 2.5432E-02,0.015437227222231916
 2.5453E-02,0.014462670030117452
 2.5473E-02,0.013191205174484119
 2.5494E-02,0.011679964597468897
 2.5514E-02,0.010002085114812622
 2.5535E-02,0.008239698166210297
 2.5555E-02,0.0064756677041434155
 2.5576E-02,0.004786902837162874
 2.5596E-02,0.003241136170644484
 2.5617E-02,0.001897209014742954
 2.5638E-02,0.0008071204227900618
 2.5658E-02,1.7310878505598544e-05
 2.5679E-02,-0.0004327388641788538
 2.5699E-02,-0.0005148472258222056
 2.5720E-02,-0.0002178322290970496
 2.5740E-02,0.00044802759025796727
 2.5761E-02,0.0014500444137434249
 2.5781E-02,0.002736444205173454
 2.5802E-02,0.0042428074693020654
 2.5822E-02,0.00589914826629177
 2.5843E-02,0.007635092631938555
 2.5863E-02,0.00938183710343534
 2.5884E-02,0.01107141166784393
 2.5904E-02,0.012635262436316321
 2.5925E-02,0.014004523277162605
 2.5945E-02,0.015113381976491546
 2.5966E-02,0.01590518136307362
 2.5986E-02,0.01633926780198012
 2.6007E-02,0.0163959734253074
 2.6027E-02,0.01607782958219359
 2.6048E-02,0.015406787484799164
 2.6068E-02,0.014418991181764776
 2.6089E-02,0.013159589342506132
 2.6109E-02,0.011679710253399853
 2.6130E-02,0.010036273159059429
 2.6150E-02,0.008293553597342098
 2.6171E-02,0.006524297468312968
 2.6191E-02,0.004808282113445194
 2.6212E-02,0.0032274942557713356
 2.6232E-02,0.0018588604315623596
 2.6253E-02,0.0007667960867426586
 2.6273E-02,-1.960315763319424e-06
 2.6294E-02,-0.00041979141958289933
 2.6314E-02,-0.00047620390715393565
 2.6335E-02,-0.00017418202569487737
 2.6355E-02,0.00047278751907552227
 2.6376E-02,0.001441406547119493
 2.6396E-02,0.002696909820394796
 2.6417E-02,0.004190560408308913
 2.6437E-02,0.005858531382206039
 2.6458E-02,0.007623929752813375
 2.6478E-02,0.009402268144849556
 2.6499E-02,0.01110902487051943
 2.6519E-02,0.0126669224844459
 2.6540E-02,0.0140107234917902
 2.6560E-02,0.01508859605069241
 2.6581E-02,0.015860780977387776
 2.6601E-02,0.016297514886010105
 2.6622E-02,0.016378299581029362
 2.6642E-02,0.01609360012434851
 2.6663E-02,0.015448452873411461
 2.6684E-02,0.014466130567862135
 2.6704E-02,0.013189659205898012
 2.6725E-02,0.01167980378763735
 2.6745E-02,0.010009708975012738
 2.6766E-02,0.00825787746125067
 2.6786E-02,0.006501818096729372
 2.6807E-02,0.004814173207611159
 2.6827E-02,0.003261732131273678
 2.6848E-02,0.0019062040241052149
 2.6868E-02,0.0008047643294961753
 2.6889E-02,8.647889324744462e-06
 2.6909E-02,-0.0004407129751165504
 2.6930E-02,-0.0005169730650193407
 2.6950E-02,-0.00021352271909298785
 2.6971E-02,0.0004545320502902361
 2.6991E-02,0.0014520174506697824
 2.7012E-02,0.0027283628990418724
 2.7032E-02,0.004223439689083886
 2.7053E-02,0.0058724134519661355
 2.7073E-02,0.007608247528268067
 2.7094E-02,0.009361943005340153
 2.7114E-02,0.01106193538381429
 2.7135E-02,0.012634581827911086
 2.7155E-02,0.014007097644340301
 2.7176E-02,0.015112943564693771
 2.7196E-02,0.01589824702599689
 2.7217E-02,0.01632711360120585
 2.7237E-02,0.01638403695569371
 2.7258E-02,0.01607286673601681
 2.7278E-02,0.015413291841049802
 2.7299E-02,0.01443676432548604
 2.7319E-02,0.013183734561696149
 2.7340E-02,0.011703041450644073
 2.7360E-02,0.01005286397366019
 2.7381E-02,0.008301564474678386
 2.7401E-02,0.0065266137076356165
 2.7422E-02,0.0048106578161170605
 2.7442E-02,0.0032352089261094754
 2.7463E-02,0.0018736670474781255
 2.7483E-02,0.0007857716274293223
 2.7504E-02,1.4937631176194016e-05
 2.7524E-02,-0.0004114049968492078
 2.7545E-02,-0.00047968061563020373
 2.7565E-02,-0.0001880981461582946
 2.7586E-02,0.00045387269147203764
 2.7606E-02,0.0014241544051908288
 2.7627E-02,0.0026858442882014433
 2.7647E-02,0.00418590640462943
 2.7668E-02,0.005856367472825425
 2.7688E-02,0.007618549830352437
 2.7709E-02,0.009389486904497462
 2.7730E-02,0.01108867281139696
 2.7750E-02,0.012643211548615668
 2.7771E-02,0.013990290972756638
 2.7791E-02,0.015077256462356945
 2.7812E-02,0.015860689970289815
 2.7832E-02,0.016306224101817108
 2.7853E-02,0.01639017998556175
 2.7873E-02,0.016102865280855156
 2.7894E-02,0.01545218003947338
 2.7914E-02,0.014465692399876884
 2.7935E-02,0.013189828525765376
 2.7955E-02,0.011686025084439514
 2.7976E-02,0.010024992365773203
 2.7996E-02,0.008280959883771446
 2.8017E-02,0.006527559545531693
 2.8037E-02,0.004835975757571766
 2.8058E-02,0.0032747100818854846
 2.8078E-02,0.0019094494595224382
 2.8099E-02,0.0008015392347064923
 2.8119E-02,4.429024500800282e-06
 2.8140E-02,-0.00044128586218575956
 2.8160E-02,-0.0005126305283418947
 2.8181E-02,-0.00020705146646051613
 2.8201E-02,0.0004577992548516047
 2.8222E-02,0.00144710023811239
 2.8242E-02,0.0027133873692551432
 2.8263E-02,0.00420079830892316
 2.8283E-02,0.005847723726452056
 2.8304E-02,0.007587658917167555
 2.8324E-02,0.009349203639399062
 2.8345E-02,0.011056747025531345
 2.8365E-02,0.012633085759523247
 2.8386E-02,0.014004210070068464
 2.8406E-02,0.015105289634409212
 2.8427E-02,0.015886136639683936
 2.8447E-02,0.01631451716664045
 2.8468E-02,0.01637657969744214
 2.8488E-02,0.016074904583055532
 2.8509E-02,0.015425610525231804
 2.8529E-02,0.014456107750615593
 2.8550E-02,0.013204400887362865
 2.8570E-02,0.011719699270412273
 2.8591E-02,0.010063108475233243
 2.8611E-02,0.008306883410922231
 2.8632E-02,0.0065312801015304425
 2.8652E-02,0.004819159645692261
 2.8673E-02,0.0032495893908970077
 2.8693E-02,0.0018921847385213928
 2.8714E-02,0.000803585709163385
 2.8735E-02,2.6454591753336844e-05
 2.8755E-02,-0.0004097564029480765
 2.8776E-02,-0.0004876969108410835
 2.8796E-02,-0.00020197784045357132
 2.8817E-02,0.0004395312998090211
 2.8837E-02,0.0014135932824274485
 2.8858E-02,0.002680072120045292
 2.8878E-02,0.004182388115833054
 2.8899E-02,0.005850619804446458
 2.8919E-02,0.007606783261839514
 2.8940E-02,0.009370888726419072
 2.8960E-02,0.01106612177304371
 2.8981E-02,0.01262204481461102
 2.9001E-02,0.013975769774162941
 2.9022E-02,0.015072057709180256
 2.9042E-02,0.015863730889906256
 2.9063E-02,0.016313419987636562
 2.9083E-02,0.01639671711115986
 2.9104E-02,0.016105779429479525
 2.9124E-02,0.015451881091713296
 2.9145E-02,0.014465641746074794
 2.9165E-02,0.013194555665263761
 2.9186E-02,0.011698544047903076
 2.9206E-02,0.010044988325822237
 2.9227E-02,0.008304703062627783
 2.9247E-02,0.006549590383869537
 2.9268E-02,0.004851676070648553
 2.9288E-02,0.0032824174730484786
 2.9309E-02,0.0019110224673578645
 2.9329E-02,0.0008011011920033969
 2.9350E-02,5.974405645918393e-06
 2.9370E-02,-0.00043614964356359715
 2.9391E-02,-0.0005056157877626834
 2.9411E-02,-0.00020231329089380668
 2.9432E-02,0.000455879136757885
 2.9452E-02,0.0014362968750330147
 2.9473E-02,0.002694928742934912
 2.9493E-02,0.00417889517391521
 2.9514E-02,0.005827582306749896
 2.9534E-02,0.007573018062377282
 2.9555E-02,0.009340679916673913
 2.9575E-02,0.011051838628774778
 2.9596E-02,0.012627809692593115
 2.9616E-02,0.0139954894168687
 2.9637E-02,0.015092819483387839
 2.9657E-02,0.01587274011516043
 2.9678E-02,0.01630480466710697
 2.9698E-02,0.01637462007625529
 2.9719E-02,0.01608213455776549
 2.9739E-02,0.015440077844962319
 2.9760E-02,0.014473437533227716
 2.9781E-02,0.01321996852512739
 2.9801E-02,0.011730865422957806
 2.9822E-02,0.010070349962099703
 2.9842E-02,0.008313244815224477
 2.9863E-02,0.0065404588841191744
 2.9883E-02,0.004833253496270801
 2.9904E-02,0.003267703987155892
 2.9924E-02,0.001910638928787294
 2.9945E-02,0.0008176067630188818
 2.9965E-02,3.2474485913060766e-05
 2.9986E-02,-0.00041240265531708334
 3.0006E-02,-0.0004965496190262479
 3.0027E-02,-0.00021280857682539012
 3.0047E-02,0.00043051002395189895
 3.0068E-02,0.0014078280380723676
 3.0088E-02,0.0026760687767911516
 3.0109E-02,0.0041767120461675385
 3.0129E-02,0.005839952586959376
 3.0150E-02,0.007589939508637359
 3.0170E-02,0.009349722592792284
 3.0191E-02,0.011044840886701235
 3.0211E-02,0.012605288158047888
 3.0232E-02,0.013966453565843456
 3.0252E-02,0.015070110171077287
 3.0273E-02,0.015866364222210615
 3.0293E-02,0.016316777549608006
 3.0314E-02,0.0163980138816861
 3.0334E-02,0.016104802567131725
 3.0355E-02,0.015451064139735656
 3.0375E-02,0.014468684268390953
 3.0396E-02,0.013204327833808219
 3.0416E-02,0.011715388743658139
 3.0437E-02,0.010066318340551592
 3.0457E-02,0.008326105631125742
 3.0478E-02,0.006566859509908879
 3.0498E-02,0.0048627116279863335
 3.0519E-02,0.003288008899329022
 3.0539E-02,0.0019141277630885809
 3.0560E-02,0.0008050234743052732
 3.0580E-02,1.2411839432826242e-05
 3.0601E-02,-0.0004281477047670082
 3.0621E-02,-0.0004992386208949691
 3.0642E-02,-0.00020134532932555464
 3.0662E-02,0.00044906684574822924
 3.0683E-02,0.0014220638898511822
 3.0703E-02,0.0026763013624802124
 3.0724E-02,0.004160157641334709
 3.0744E-02,0.005812261991923286
 3.0765E-02,0.0075623149900929075
 3.0786E-02,0.009333150090135028
 3.0806E-02,0.011044476726010884
 3.0827E-02,0.012617940618688876
 3.0847E-02,0.013982456897065402
 3.0868E-02,0.015078573211089491
 3.0888E-02,0.015861008589565424
 3.0909E-02,0.01629928815975242
 3.0929E-02,0.016377152921558863
 3.0950E-02,0.016091778482089706
 3.0970E-02,0.015453614725207638
 3.0991E-02,0.014486993649887954
 3.1011E-02,0.013230912108584741
 3.1032E-02,0.011738984492441247
 3.1052E-02,0.010077705478193016
 3.1073E-02,0.008322796751062206
 3.1093E-02,0.006554208032024396
 3.1114E-02,0.004850891155467507
 3.1134E-02,0.0032864876232581884
 3.1155E-02,0.0019265628264039823
 3.1175E-02,0.0008272562626451627
 3.1196E-02,3.4597525630687556e-05
 3.1216E-02,-0.0004164190866494938
 3.1237E-02,-0.0005035326076916176
 3.1257E-02,-0.00021952048405256627
 3.1278E-02,0.0004256926650655824
 3.1298E-02,0.001404156978374831
 3.1319E-02,0.0026709752772356796
 3.1339E-02,0.004167362997794526
 3.1360E-02,0.005824980212103071
 3.1380E-02,0.007570425352697456
 3.1401E-02,0.009328911808816776
 3.1421E-02,0.011026731487410193
 3.1442E-02,0.012592829526357645
 3.1462E-02,0.0139602897459909
 3.1483E-02,0.015068512499550862
 3.1503E-02,0.015866370191594485
 3.1524E-02,0.01631592031022159
 3.1544E-02,0.016395722225885104
 3.1565E-02,0.016102732927046108
 3.1585E-02,0.015452195371702088
 3.1606E-02,0.014475660538014884
 3.1626E-02,0.01321792954012913
 3.1647E-02,0.011733940246141033
 3.1667E-02,0.0100863451691128
 3.1688E-02,0.008343896985848321
 3.1708E-02,0.006580120632432974
 3.1729E-02,0.004871450922131938
 3.1749E-02,0.0032942135754931165
 3.1770E-02,0.0019204207978347405
 3.1790E-02,0.0008130266788239013
 3.1811E-02,2.168691839283545e-05
 3.1832E-02,-0.00042001975054570305
 3.1852E-02,-0.0004954824604059731
 3.1873E-02,-0.00020433973820333526
 3.1893E-02,0.0004390499279963182
 3.1914E-02,0.0014070704158991349
 3.1934E-02,0.0026597490170337944
 3.1955E-02,0.004145229913494239
 3.1975E-02,0.005800480461903889
 3.1996E-02,0.007553027254740126
 3.2016E-02,0.009324184378549871
 3.2037E-02,0.011033599374447364
 3.2057E-02,0.01260433267582996
 3.2078E-02,0.013967420813871846
 3.2098E-02,0.01506509054517876
 3.2119E-02,0.01585237719242466
 3.2139E-02,0.016297551709415926
 3.2160E-02,0.01638214260678959
 3.2180E-02,0.01610126194741242
 3.2201E-02,0.015464464500224586
 3.2221E-02,0.014496754571980913
 3.2242E-02,0.013238944606300923
 3.2262E-02,0.011746592163474267
 3.2283E-02,0.010087195966899365
 3.2303E-02,0.008335987711821575
 3.2324E-02,0.0065711789034398355
 3.2344E-02,0.004869647052310373
 3.2365E-02,0.003303718076125284
 3.2385E-02,0.001939102118718694
 3.2406E-02,0.0008334865733108407
 3.2426E-02,3.5070774625881236e-05
 3.2447E-02,-0.00041945140541547977
 3.2467E-02,-0.0005074198252991255
 3.2488E-02,-0.0002226509725214158
 3.2508E-02,0.00042307238505245973
 3.2529E-02,0.0014001666039215165
 3.2549E-02,0.0026632403362524494
 3.2570E-02,0.0041544598316275196
 3.2590E-02,0.005807417766433326
 3.2611E-02,0.007550640902571905
 3.2631E-02,0.009310276822518304
 3.2652E-02,0.01101208255075696
 3.2672E-02,0.012583285304513823
 3.2693E-02,0.0139549604918846
 3.2713E-02,0.015065236827118349
 3.2734E-02,0.015863074378356764
 3.2754E-02,0.016311872335042152
 3.2775E-02,0.016392014814828725
 3.2795E-02,0.016101742103920312
 3.2816E-02,0.015456304163345584
 3.2837E-02,0.014485924691828323
 3.2857E-02,0.013233390526971367
 3.2878E-02,0.011751947983872153
 3.2898E-02,0.010103721867548465
 3.2919E-02,0.00835833488562284
 3.2939E-02,0.006591089854347786
 3.2960E-02,0.0048801575949477295
 3.2980E-02,0.00330265096971368
 3.3001E-02,0.0019300315546951197
 3.3021E-02,0.0008236933343094988
 3.3042E-02,3.1588855860927305e-05
 3.3062E-02,-0.00041360490970742715
 3.3083E-02,-0.0004948527945503091
 3.3103E-02,-0.00021021245052229394
 3.3124E-02,0.00042792248048250476
 3.3144E-02,0.0013933152337770275
 3.3165E-02,0.0026461273414525007
 3.3185E-02,0.004133383504373678
 3.3206E-02,0.00579031837218924
 3.3226E-02,0.007543060286727255
 3.3247E-02,0.009312613777791162
 3.3267E-02,0.01101957054387051
 3.3288E-02,0.01258868105307929
 3.3308E-02,0.013952507933515185
 3.3329E-02,0.015053809547809913
 3.3349E-02,0.01584684447458154
 3.3370E-02,0.016298165086193916
 3.3390E-02,0.01638749158319854
 3.3411E-02,0.016108926961461732
 3.3431E-02,0.015472276952068686
 3.3452E-02,0.014503852861358484
 3.3472E-02,0.013246076109013995
 3.3493E-02,0.011755514084719051
 3.3513E-02,0.01009950502297408
 3.3534E-02,0.008352008098763023
 3.3554E-02,0.00658950397976335
 3.3575E-02,0.004887583238326757
 3.3595E-02,0.003318404445025793
 3.3616E-02,0.0019487263528045863
 3.3636E-02,0.0008379713190333265
 3.3657E-02,3.588577007661569e-05
 3.3677E-02,-0.0004202368881179462
 3.3698E-02,-0.0005083345868255844
 3.3718E-02,-0.00022363516256174442
 3.3739E-02,0.0004206639945514785
 3.3759E-02,0.0013943667170484993
 3.3780E-02,0.0026526470538190097
 3.3800E-02,0.004139163946961856
 3.3821E-02,0.0057891859835627795
 3.3841E-02,0.007532252892619113
 3.3862E-02,0.009294357191913124
 3.3883E-02,0.011000030996101376
 3.3903E-02,0.01257485278453532
 3.3924E-02,0.013948676903214231
 3.3944E-02,0.015059447784980582
 3.3965E-02,0.015857027278339833
 3.3985E-02,0.0163062711365286
 3.4006E-02,0.016388748155710568
 3.4026E-02,0.016102928483750358
 3.4047E-02,0.015463158817927264
 3.4067E-02,0.014498045851043743
 3.4088E-02,0.013248840738472276
 3.4108E-02,0.011768088084789331
 3.4129E-02,0.010118362298739348
 3.4149E-02,0.008370607643270453
 3.4170E-02,0.006601597298139709
 3.4190E-02,0.004890338528144845
 3.4211E-02,0.003313716127630078
 3.4231E-02,0.0019420435846260859
 3.4252E-02,0.0008352852648408255
 3.4272E-02,4.047511926823298e-05
 3.4293E-02,-0.0004095892524374713
 3.4313E-02,-0.0004967260046913333
 3.4334E-02,-0.00021736624406875813
 3.4354E-02,0.0004174109189362407
 3.4375E-02,0.001381747547387606
 3.4395E-02,0.0026351157940004972
 3.4416E-02,0.004123205105634277
 3.4436E-02,0.005780018857180212
 3.4457E-02,0.007531238145487947
 3.4477E-02,0.009298456580755206
 3.4498E-02,0.011003584895343976
 3.4518E-02,0.012572721239695514
 3.4539E-02,0.01393907924281547
 3.4559E-02,0.015045004315213793
 3.4580E-02,0.01584346116460597
 3.4600E-02,0.016299462936638986
 3.4621E-02,0.016391698508234555
 3.4641E-02,0.016114224022166005
 3.4662E-02,0.015477736608032667
 3.4682E-02,0.014509838881422085
 3.4703E-02,0.013253902301231734
 3.4723E-02,0.011766552704800832
 3.4744E-02,0.01011422583213557
 3.4764E-02,0.008369463743143634
 3.4785E-02,0.006607540439703678
 3.4805E-02,0.004903672234619816
 3.4826E-02,0.003330669561610188
 3.4846E-02,0.001956636308052361
 3.4867E-02,0.0008423518710630436
 3.4888E-02,3.82604755250986e-05
 3.4908E-02,-0.00041861687714483075
 3.4929E-02,-0.0005072534564436098
 3.4949E-02,-0.00022406485273310977
 3.4970E-02,0.0004170995598207892
 3.4990E-02,0.0013863292054911913
 3.5011E-02,0.0026399252283734525
 3.5031E-02,0.004122972165624805
 3.5052E-02,0.005771757967303315
 3.5072E-02,0.007515937741994588
 3.5093E-02,0.009280683109428584
 3.5113E-02,0.010989215438524488
 3.5134E-02,0.012566000163446847
 3.5154E-02,0.01394054256371208
 3.5175E-02,0.015051350891967831
 3.5195E-02,0.015849420744107483
 3.5216E-02,0.016300661800055037
 3.5236E-02,0.016387006186824666
 3.5257E-02,0.01610634842707571
 3.5277E-02,0.015471765584433424
 3.5298E-02,0.014510509542042974
 3.5318E-02,0.01326304423424104
 3.5339E-02,0.01178205046336325
 3.5359E-02,0.010131038716566917
 3.5380E-02,0.008382156877827049
 3.5400E-02,0.006612992472031719
 3.5421E-02,0.004902543378741628
 3.5441E-02,0.003326875872575706
 3.5462E-02,0.0019551280478170216
 3.5482E-02,0.0008463805337270674
 3.5503E-02,4.757716014274491e-05
 3.5523E-02,-0.00040768934767674604
 3.5544E-02,-0.0004999225747052965
 3.5564E-02,-0.00022435029400954897
 3.5585E-02,0.0004084745966220846
 3.5605E-02,0.0013723354556588207
 3.5626E-02,0.0026257148243311696
 3.5646E-02,0.0041132586446504015
 3.5667E-02,0.005768465930177871
 3.5687E-02,0.007517348451551857
 3.5708E-02,0.009282509260692464
 3.5728E-02,0.01098702257932376
 3.5749E-02,0.01255768822050307
 3.5769E-02,0.013927576887099082
 3.5790E-02,0.015038097379936423
 3.5810E-02,0.015840940666762053
 3.5831E-02,0.016300130517041187
 3.5851E-02,0.016394111584058742
 3.5872E-02,0.01611750222339297
 3.5893E-02,0.015482003101966745
 3.5913E-02,0.014516067884664594
 3.5934E-02,0.013263260660663096
 3.5954E-02,0.0117795913359444
 3.5975E-02,0.010130355366072012
 3.5995E-02,0.008386998047711952
 3.6016E-02,0.006624292745556441
 3.6036E-02,0.004917799619993844
 3.6057E-02,0.0033413341026788845
 3.6077E-02,0.0019641507194131467
 3.6098E-02,0.0008477497699989293
 3.6118E-02,4.253229373767976e-05
 3.6139E-02,-0.00041520968118127625
 3.6159E-02,-0.0005054195982764797
 3.6180E-02,-0.0002251517744222468
 3.6200E-02,0.000411834086825598
 3.6221E-02,0.0013764570712440256
 3.6241E-02,0.002626207912765775
 3.6262E-02,0.004107148099261576
 3.6282E-02,0.005755863933307049
 3.6303E-02,0.007501512739417361
 3.6323E-02,0.009268261203316688
 3.6344E-02,0.010978359070047398
 3.6364E-02,0.012555839720948066
 3.6385E-02,0.013930522451192535
 3.6405E-02,0.015041776329833995
 3.6426E-02,0.015841507986157688
 3.6446E-02,0.016296059119089365
 3.6467E-02,0.016387033662662552
 3.6487E-02,0.01611135334583268
 3.6508E-02,0.01548092951252905
 3.6528E-02,0.01452220609027042
 3.6549E-02,0.013275559025858624
 3.6569E-02,0.011794288392747378
 3.6590E-02,0.01014285541915493
 3.6610E-02,0.008394153536528759
 3.6631E-02,0.006625897738120166
 3.6651E-02,0.004916522993064407
 3.6672E-02,0.0033411462515966148
 3.6692E-02,0.001968087491217378
 3.6713E-02,0.0008561978302917663
 3.6733E-02,5.2936764593020254e-05
 3.6754E-02,-0.0004070678986490885
 3.6774E-02,-0.0005032543061630935
 3.6795E-02,-0.0002302510719103741
 3.6815E-02,0.00040127515597357383
 3.6836E-02,0.0013644091374356497
 3.6856E-02,0.002616780278774685
 3.6877E-02,0.004102529211491618
 3.6897E-02,0.005755305612483745
 3.6918E-02,0.007501879380485538
 3.6939E-02,0.009265840059517316
 3.6959E-02,0.01097096700691888
 3.6980E-02,0.012544111515775908
 3.7000E-02,0.013917702213939403
 3.7021E-02,0.015032124567136478
 3.7041E-02,0.015838164499411826
 3.7062E-02,0.016299483842017206
 3.7082E-02,0.01639483775553851
 3.7103E-02,0.016119597778836186
 3.7123E-02,0.015486197461083703
 3.7144E-02,0.01452335469775489
 3.7164E-02,0.01327423380744104
 3.7185E-02,0.01179394200977946
 3.7205E-02,0.010146801677791173
 3.7226E-02,0.008403691239369439
 3.7246E-02,0.0066394949834592985
 3.7267E-02,0.004930488409595268
 3.7287E-02,0.0033514301036171226
 3.7308E-02,0.0019722656274433975
 3.7328E-02,0.0008546027637801551
 3.7349E-02,4.8354891445115335e-05
 3.7369E-02,-0.00041095868113037053
 3.7390E-02,-0.0005038745705248691
 3.7410E-02,-0.00022748873921137834
 3.7431E-02,0.00040503133031682444
 3.7451E-02,0.0013655795269959014
 3.7472E-02,0.0026125502083294157
 3.7492E-02,0.004092417633729486
 3.7513E-02,0.00574152195010544
 3.7533E-02,0.007488283579647206
 3.7554E-02,0.009256054231373519
 3.7574E-02,0.010966628725879665
 3.7595E-02,0.012544178525448334
 3.7615E-02,0.013919160787056498
 3.7636E-02,0.015031714472044344
 3.7656E-02,0.01583420208855013
 3.7677E-02,0.0162928196314057
 3.7697E-02,0.01638844706456004
 3.7718E-02,0.01611702631377607
 3.7738E-02,0.015489685774046726
 3.7759E-02,0.014532630053045732
 3.7779E-02,0.01328660143556207
 3.7800E-02,0.011805621344333286
 3.7820E-02,0.010154800460988683
 3.7841E-02,0.008407234234209488
 3.7861E-02,0.00664026643518245
 3.7882E-02,0.004931576595259808
 3.7902E-02,0.0033555446051220118
 3.7923E-02,0.0019801748833642337
 3.7943E-02,0.0008646160159207828
 3.7964E-02,5.7117915425711446e-05
 3.7985E-02,-0.00040677632359513503
 3.8005E-02,-0.0005058881615645024
 3.8026E-02,-0.0002347871744833391
 3.8046E-02,0.00039539859224570933
 3.8067E-02,0.0013570811432255534
 3.8087E-02,0.00260742007840248
 3.8108E-02,0.0040905881725812835
 3.8128E-02,0.005740794445696294
 3.8149E-02,0.007485633276456689
 3.8169E-02,0.0092493721682164
 3.8190E-02,0.010955976666343143
 3.8210E-02,0.01253189415994315
 3.8231E-02,0.013908758298416004
 3.8251E-02,0.01502615929413742
 3.8272E-02,0.015834464868122813
 3.8292E-02,0.016297463028294195
 3.8313E-02,0.016394452320733315
 3.8333E-02,0.016121414458749983
 3.8354E-02,0.015491074735767748
 3.8374E-02,0.01453190992565703
 3.8395E-02,0.013286380985649743
 3.8415E-02,0.011808748606251099
 3.8436E-02,0.010162745769339416
 3.8456E-02,0.008419191237477785
 3.8477E-02,0.0066534436104150494
 3.8497E-02,0.00494252351701425
 3.8518E-02,0.0033618156460324183
 3.8538E-02,0.0019814615321906994
 3.8559E-02,0.000862764276624049
 3.8579E-02,5.5035801088639045e-05
 3.8600E-02,-0.00040673529839398674
 3.8620E-02,-0.000503210495875963
 3.8641E-02,-0.00023107995526283273
 3.8661E-02,0.00039727315228370644
 3.8682E-02,0.0013545552740254468
 3.8702E-02,0.0025996353067947436
 3.8723E-02,0.0040789312489428985
 3.8743E-02,0.005728274533061116
 3.8764E-02,0.0074754291553064895
 3.8784E-02,0.00924331104659979
 3.8805E-02,0.01095373715283241
 3.8825E-02,0.012531340876346823
 3.8846E-02,0.013907218857585661
 3.8866E-02,0.015021960635272641
 3.8887E-02,0.015827914297944452
 3.8907E-02,0.01629075708009102
 3.8928E-02,0.016390564642198374
 3.8948E-02,0.016122551769076888
 3.8969E-02,0.015497514480117412
 3.8990E-02,0.014541828342915475
 3.9010E-02,0.013296756615791243
 3.9031E-02,0.011816861604863112
 3.9051E-02,0.01016748505360439
 3.9072E-02,0.008421489509463207
 3.9092E-02,0.0066556244483853815
 3.9113E-02,0.004946918133691456
 3.9133E-02,0.003369387579341349
 3.9154E-02,0.0019911673967998762
 3.9174E-02,0.0008719865083183305
 3.9195E-02,6.085798477351945e-05
 3.9215E-02,-0.0004060807013433427
 3.9236E-02,-0.000507478561132393
 3.9256E-02,-0.00023817992464674967
 3.9277E-02,0.00039017667461469814
 3.9297E-02,0.0013495899233085377
 3.9318E-02,0.002597179497335334
 3.9338E-02,0.004077524088383312
 3.9359E-02,0.005725514060505466
 3.9379E-02,0.007469376178409749
 3.9400E-02,0.009233652643144016
 3.9420E-02,0.01094209393303422
 3.9441E-02,0.01252055511295713
 3.9461E-02,0.013899997004500482
 3.9482E-02,0.015019581227688436
 3.9502E-02,0.015829674304268213
 3.9523E-02,0.016294438346260286
 3.9543E-02,0.016393664998910294
 3.9564E-02,0.016123626125002212
 3.9584E-02,0.01549691906554361
 3.9605E-02,0.014541481359946595
 3.9625E-02,0.013299049824372078
 3.9646E-02,0.01182330402508932
 3.9666E-02,0.010177797551649501
 3.9687E-02,0.008433627609901302
 3.9707E-02,0.0066667162387074735
 3.9728E-02,0.004954624314245596
 3.9748E-02,0.0033729733472306423
 3.9769E-02,0.0019917326775430438
 3.9789E-02,0.0008717465384144088
 3.9810E-02,6.186439358565768e-05
 3.9830E-02,-0.00040309878048643775
 3.9851E-02,-0.0005035429848646315
 3.9871E-02,-0.0002355398216724612
 3.9892E-02,0.0003892406752949313
 3.9912E-02,0.0013440016695807902
 3.9933E-02,0.002587693408400007
 3.9953E-02,0.004066413911189632
 3.9974E-02,0.005715489254161012
 3.9994E-02,0.007462294065962621
 4.0015E-02,0.009229697509263517
 4.0036E-02,0.010939844708789252
 4.0056E-02,0.012517894005557922
 4.0077E-02,0.013895370018901225
 4.0097E-02,0.015012939831584544
 4.0118E-02,0.015822599703977307
 4.0138E-02,0.01628938349008878
 4.0159E-02,0.01639271485113932
 4.0179E-02,0.016127428763440352
 4.0200E-02,0.01550434733876343
 4.0220E-02,0.014550198217824098
 4.0241E-02,0.013306675441226818
 4.0261E-02,0.011828569991979284
 4.0282E-02,0.010181086004105656
 4.0302E-02,0.00843662193075853
 4.0323E-02,0.006671359496225637
 4.0343E-02,0.004961944003176968
 4.0364E-02,0.003382396933986942
 4.0384E-02,0.002001255895994979
 4.0405E-02,0.0008788659105232498
 4.0425E-02,6.478482905987936e-05
 4.0446E-02,-0.00040461172257092424
 4.0466E-02,-0.0005081066522626024
 4.0487E-02,-0.00024091526178512523
 4.0507E-02,0.0003849763306114939
 4.0528E-02,0.0013414883495099865
 4.0548E-02,0.002586030628217173
 4.0569E-02,0.0040637400286900535
 4.0589E-02,0.005710084031202404
 4.0610E-02,0.007453617506950146
 4.0630E-02,0.009218814116232403
 4.0651E-02,0.010929007644993629
 4.0671E-02,0.012509505928089644
 4.0692E-02,0.013890863630741815
 4.0712E-02,0.015012160605245808
 4.0733E-02,0.01582400646785053
 4.0753E-02,0.016290951546664184
 4.0774E-02,0.01639305867787274
 4.0794E-02,0.01612655020690041
 4.0815E-02,0.015503617441276612
 4.0835E-02,0.014551587889447092
 4.0856E-02,0.013311646401358686
 4.0876E-02,0.011837214287245615
 4.0897E-02,0.010191968522622148
 4.0917E-02,0.008447408489115925
 4.0938E-02,0.0066799006178158106
 4.0958E-02,0.004967248404214008
 4.0979E-02,0.0033849913904145748
 4.0999E-02,0.002002754076891507
 4.1020E-02,0.00088098470706504
 4.1041E-02,6.833389020689036e-05
 4.1061E-02,-0.00040023245031184
 4.1082E-02,-0.0005046379895841822
 4.1102E-02,-0.0002403425422328657
 4.1123E-02,0.0003814736725687706
 4.1143E-02,0.0013341892621261517
 4.1164E-02,0.0025765857917167505
 4.1184E-02,0.0040543932584776845
 4.1205E-02,0.005702610307031588
 4.1225E-02,0.007448531369437842
 4.1246E-02,0.009215256241649537
 4.1266E-02,0.010925358520925046
 4.1287E-02,0.012504393228170877
 4.1307E-02,0.013884025077613993
 4.1328E-02,0.015004703558697952
 4.1348E-02,0.015817925937470598
 4.1369E-02,0.016288159938538993
 4.1389E-02,0.016394436848750207
 4.1410E-02,0.016131516169367546
 4.1430E-02,0.015510434888170914
 4.1451E-02,0.014558247528422538
 4.1471E-02,0.01331685447056296
 4.1492E-02,0.011840970984541057
 4.1512E-02,0.010195439661033024
 4.1533E-02,0.008452168297872566
 4.1553E-02,0.006686954049994776
 4.1574E-02,0.004976354349800191
 4.1594E-02,0.0033946463379937453
 4.1615E-02,0.0020108463370583744
 4.1635E-02,0.0008857772001166513
 4.1656E-02,6.926330940755293e-05
 4.1676E-02,-0.0004023529274043272
 4.1697E-02,-0.0005081106128487833
 4.1717E-02,-0.00024350619803981772
 4.1738E-02,0.0003793799840450093
 4.1758E-02,0.0013326726533665948
 4.1779E-02,0.00257423578673476
 4.1799E-02,0.0040497242528966275
 4.1820E-02,0.0056949608064405174
 4.1840E-02,0.007438542578287585
 4.1861E-02,0.009204675390972023
 4.1881E-02,0.010916267794527269
 4.1902E-02,0.012498265998587494
 4.1922E-02,0.013881099646353492
 4.1943E-02,0.015003995267345754
 4.1963E-02,0.01581786170760415
 4.1984E-02,0.01628749303025126
 4.2004E-02,0.01639295548658801
 4.2025E-02,0.01613017244225009
 4.2045E-02,0.015510829019056625
 4.2066E-02,0.01456174342529367
 4.2087E-02,0.013323795755717202
 4.2107E-02,0.011850411751442311
 4.2128E-02,0.010205531756884954
 4.2148E-02,0.008461001908336086
 4.2169E-02,0.006693412656927836
 4.2189E-02,0.0049805415972800655
 4.2210E-02,0.0033976708004950173
 4.2230E-02,0.002014088720147995
 4.2251E-02,0.0008900346165741319
 4.2271E-02,7.4225988529139e-05
 4.2292E-02,-0.00039801581145983356
 4.2312E-02,-0.000506101746795921
 4.2333E-02,-0.0002450294798169601
 4.2353E-02,0.0003742546720034864
 4.2374E-02,0.001325077508621199
 4.2394E-02,0.0025659723576712144
 4.2415E-02,0.004042410156314406
 4.2435E-02,0.00568930128953167
 4.2456E-02,0.007434103122601178
 4.2476E-02,0.009200265629404299
 4.2497E-02,0.010910724962025595
 4.2517E-02,0.012491217339665453
 4.2538E-02,0.013873296771152337
 4.2558E-02,0.014997041128524681
 4.2579E-02,0.015813471835736392
 4.2599E-02,0.016286677560259998
 4.2620E-02,0.01639554884410812
 4.2640E-02,0.01613495323390565
 4.2661E-02,0.015516162021447073
 4.2681E-02,0.014566402869992388
 4.2702E-02,0.01332753757165773
 4.2722E-02,0.011853998855980036
 4.2743E-02,0.01021020733306679
 4.2763E-02,0.008467696662538321
 4.2784E-02,0.006702110301540707
 4.2804E-02,0.00499014088430175
 4.2825E-02,0.0034064193646067007
 4.2845E-02,0.002020363344601822
 4.2866E-02,0.0008930623073082264
 4.2886E-02,7.43738631109257e-05
 4.2907E-02,-0.0003995257680517824
 4.2927E-02,-0.0005078955663707284
 4.2948E-02,-0.0002463277932165429
 4.2968E-02,0.0003732391437086284
 4.2989E-02,0.0013232972413047266
 4.3009E-02,0.0025621691991791016
 4.3030E-02,0.004035872966442425
 4.3050E-02,0.005680354534102275
 4.3071E-02,0.0074240664993291145
 4.3092E-02,0.009190903165031359
 4.3112E-02,0.010903469416961279
 4.3133E-02,0.012486571887446663
 4.3153E-02,0.013870720552706165
 4.3174E-02,0.0149953695928051
 4.3194E-02,0.01581164201205965
 4.3215E-02,0.01628437035705649
 4.3235E-02,0.01639340759085072
 4.3256E-02,0.01613426395198567
 4.3276E-02,0.015518166081560616
 4.3297E-02,0.014571606223219711
 4.3317E-02,0.013335381336542537
 4.3338E-02,0.011863064721667083
 4.3358E-02,0.010218850040536442
 4.3379E-02,0.008474773273623708
 4.3399E-02,0.006707428500631312
 4.3420E-02,0.004994399596373195
 4.3440E-02,0.0034106834789147545
 4.3461E-02,0.0020253583784829833
 4.3481E-02,0.0008986666600992671
 4.3502E-02,7.957910887546797e-05
 4.3522E-02,-0.0003961644185218659
 4.3543E-02,-0.0005075546629926272
 4.3563E-02,-0.0002493256256591193
 4.3584E-02,0.00036761059208854316
 4.3604E-02,0.001316432842349031
 4.3625E-02,0.002555483390495019
 4.3645E-02,0.004030153667857226
 4.3666E-02,0.005675472815178393
 4.3686E-02,0.007419186887572915
 4.3707E-02,0.009185075142452032
 4.3727E-02,0.010896280746485678
 4.3748E-02,0.01247851357662288
 4.3768E-02,0.01386306685172951
 4.3789E-02,0.01498963278471771
 4.3809E-02,0.015808885546438157
 4.3830E-02,0.016284737524100135
 4.3850E-02,0.01639610845871892
 4.3871E-02,0.01613802197951527
 4.3891E-02,0.015521885409641514
 4.3912E-02,0.014574907625714208
 4.3932E-02,0.013338727735228439
 4.3953E-02,0.011867416270569708
 4.3973E-02,0.010225037645175131
 4.3994E-02,0.008482926887923228
 4.4014E-02,0.006716765917850059
 4.4035E-02,0.005003490280857106
 4.4055E-02,0.0034180520006959533
 4.4076E-02,0.002030114884134472
 4.4096E-02,0.0009008397920520299
 4.4117E-02,7.998474577114575e-05
 4.4138E-02,-0.000396441480456632
 4.4158E-02,-0.0005077877773474143
 4.4179E-02,-0.0002495501259006052
 4.4199E-02,0.0003666280451352355
 4.4220E-02,0.0013136400475325391
 4.4240E-02,0.0025501653079198017
 4.4261E-02,0.004022401281815196
 4.4281E-02,0.005666248964886702
 4.4302E-02,0.007409951811017887
 4.4322E-02,0.009177164977615511
 4.4343E-02,0.010890360290035712
 4.4363E-02,0.012474383532027582
 4.4384E-02,0.013859918037035613
 4.4404E-02,0.014986604725349628
 4.4425E-02,0.01580562836198625
 4.4445E-02,0.016281676984031518
 4.4466E-02,0.016394273112131378
 4.4486E-02,0.016138523704135932
 4.4507E-02,0.015525327724916091
 4.4527E-02,0.0145810336075644
 4.4548E-02,0.013346492555213063
 4.4568E-02,0.011875446115218919
 4.4589E-02,0.010232235174606589
 4.4609E-02,0.008488909248930457
 4.4630E-02,0.00672191251273235
 4.4650E-02,0.005008584675537565
 4.4671E-02,0.00342371573480868
 4.4691E-02,0.002036338492402716
 4.4712E-02,0.000906862588309749
 4.4732E-02,8.458945462186548e-05
 4.4753E-02,-0.0003943720051468139
 4.4773E-02,-0.0005087417945532611
 4.4794E-02,-0.00025316070988270557
 4.4814E-02,0.00036139145425077867
 4.4835E-02,0.0013079652317619745
 4.4855E-02,0.0025448419275930154
 4.4876E-02,0.004017505131475594
 4.4896E-02,0.005661225711053661
 4.4917E-02,0.00740404856103115
 4.4937E-02,0.009169975041652916
 4.4958E-02,0.010882187947515453
 4.4978E-02,0.012466231618218745
 4.4999E-02,0.01385310052611028
 4.5019E-02,0.01498218390267262
 4.5040E-02,0.01580396784029454
 4.5060E-02,0.016282340032484292
 4.5081E-02,0.0163963138454033
 4.5101E-02,0.016141013011506344
 4.5122E-02,0.015527834757799544
 4.5143E-02,0.014583810311953327
 4.5163E-02,0.013350268032969903
 4.5184E-02,0.011880944688863491
 4.5204E-02,0.010239677559509162
 4.5225E-02,0.008497764118257518
 4.5245E-02,0.006731032919123612
 4.5266E-02,0.005016661195247339
 4.5286E-02,0.0034298127696974967
 4.5307E-02,0.0020402383676052047
 4.5327E-02,0.000909044752651865
 4.5348E-02,8.586416462838791e-05
 4.5368E-02,-0.0003933760353579268
 4.5389E-02,-0.0005079623585472436
 4.5409E-02,-0.00025315630703556346
 4.5430E-02,0.0003597454018309834
 4.5450E-02,0.0013039761368752202
 4.5471E-02,0.0025384307248102096
 4.5491E-02,0.004009339450725915
 4.5512E-02,0.00565248335666612
 4.5532E-02,0.007395932484961908
 4.5553E-02,0.00916322991557442
 4.5573E-02,0.01087686563537385
 4.5594E-02,0.01246182049641691
 4.5614E-02,0.013848941873851595
 4.5635E-02,0.014977948544153356
 4.5655E-02,0.01579993652588252
 4.5676E-02,0.016279336658116067
 4.5696E-02,0.0163953251774235
 4.5717E-02,0.01614269446774954
 4.5737E-02,0.015532161736633236
 4.5758E-02,0.014590057631922613
 4.5778E-02,0.013357327609680947
 4.5799E-02,0.011887814999463923
 4.5819E-02,0.010245870590716362
 4.5840E-02,0.008503421805491356
 4.5860E-02,0.00673670007538601
 4.5881E-02,0.00502284322797282
 4.5901E-02,0.003436558655930636
 4.5922E-02,0.002046974135844335
 4.5942E-02,0.0009147492038924067
 4.5963E-02,8.949778373107029e-05
 4.5983E-02,-0.0003924109242388702
 4.6004E-02,-0.0005095679094416806
 4.6024E-02,-0.0002566209459072336
 4.6045E-02,0.00035537607359015716
 4.6065E-02,0.0012994354753682875
 4.6086E-02,0.0025339163655826308
 4.6106E-02,0.0040045088582370365
 4.6127E-02,0.005646755751355551
 4.6148E-02,0.007388931601255286
 4.6168E-02,0.009155128357332188
 4.6189E-02,0.010868444146025296
 4.6209E-02,0.012454206033316
 4.6230E-02,0.013843157393243542
 4.6250E-02,0.014974505939700667
 4.6271E-02,0.01579868074888841
 4.6291E-02,0.016279616608317546
 4.6312E-02,0.01639639573530898
 4.6332E-02,0.016144134332994366
 4.6353E-02,0.015534086189151012
 4.6373E-02,0.014593016072409246
 4.6394E-02,0.01336194362981463
 4.6414E-02,0.011894362962423539
 4.6435E-02,0.010254015791937698
 4.6455E-02,0.008512264597198265
 4.6476E-02,0.006745104377355657
 4.6496E-02,0.005029881223655397
 4.6517E-02,0.003441844093509871
 4.6537E-02,0.002050716881250644
 4.6558E-02,0.0009175108923304071
 4.6578E-02,9.17846844431915e-05
 4.6599E-02,-0.0003904983064104991
 4.6619E-02,-0.0005084414615647801
 4.6640E-02,-0.00025701115929223454
 4.6660E-02,0.00035281174338907135
 4.6681E-02,0.0012944951418496465
 4.6701E-02,0.002527024937477221
 4.6722E-02,0.003996586523213878
 4.6742E-02,0.00563885042366749
 4.6763E-02,0.0073818044477890095
 4.6783E-02,0.009149004243662216
 4.6804E-02,0.010863050527308848
 4.6824E-02,0.012449071408039445
 4.6845E-02,0.013838004325846467
 4.6865E-02,0.01496952528647289
 4.6886E-02,0.01579453806001957
 4.6906E-02,0.016277184264549136
 4.6927E-02,0.016396349716180772
 4.6947E-02,0.016146626048568636
 4.6968E-02,0.015538660278309916
 4.6988E-02,0.014598815942252907
 4.7009E-02,0.013368096297623493
 4.7029E-02,0.011900342601160295
 4.7050E-02,0.010259799258361147
 4.7070E-02,0.008518203951738664
 4.7091E-02,0.006751591416454648
 4.7111E-02,0.005036988178118832
 4.7132E-02,0.003449135933112653
 4.7152E-02,0.002057339026912724
 4.7173E-02,0.0009225105329725705
 4.7194E-02,9.450113093258561e-05
 4.7214E-02,-0.0003901745725645598
 4.7235E-02,-0.0005100721260064304
 4.7255E-02,-0.00025986965286460204
 4.7276E-02,0.0003493634477226219
 4.7296E-02,0.0012907105837710942
 4.7317E-02,0.0025227110319134176
 4.7337E-02,0.003991303287532475
 4.7358E-02,0.005632261933007922
 4.7378E-02,0.0073739907221538736
 4.7399E-02,0.009140564631926586
 4.7419E-02,0.010854939090269739
 4.7440E-02,0.01244224566482012
 4.7460E-02,0.013833066376249701
 4.7481E-02,0.014966537649402019
 4.7501E-02,0.015793104287123848
 4.7522E-02,0.01627674551280047
 4.7542E-02,0.016396536284390636
 4.7563E-02,0.016147476242910873
 4.7583E-02,0.015540591322733402
 4.7604E-02,0.014602364214163877
 4.7624E-02,0.013373566707781085
 4.7645E-02,0.011907554982494208
 4.7665E-02,0.010268068414938443
 4.7686E-02,0.008526567210443318
 4.7706E-02,0.006759168210182253
 4.7727E-02,0.005043288319286913
 4.7747E-02,0.0034541618864068566
 4.7768E-02,0.0020614367701658714
 4.7788E-02,0.0009260554865645016
 4.7809E-02,9.759082053764027e-05
 4.7829E-02,-0.0003878551836851693
 4.7850E-02,-0.0005091395414034696
 4.7870E-02,-0.0002609424789597089
 4.7891E-02,0.0003459950241962846
 4.7911E-02,0.0012852727132422709
 4.7932E-02,0.002515892260835876
 4.7952E-02,0.003983985618361721
 4.7973E-02,0.005625175129381986
 4.7993E-02,0.007367466518837373
 4.8014E-02,0.009134513260197902
 4.8034E-02,0.010849052603790264
 4.8055E-02,0.012436313202921576
 4.8075E-02,0.01382722843498044
 4.8096E-02,0.014961339848947814
 4.8116E-02,0.01578931797246687
 4.8137E-02,0.016275046184374073
 4.8157E-02,0.0163972061272762
 4.8178E-02,0.016150284520828544
 4.8198E-02,0.015544913186047624
 4.8219E-02,0.014607474069839275
 4.8240E-02,0.013378952342249223
 4.8260E-02,0.011913090146919646
 4.8281E-02,0.010273958366697715
 4.8301E-02,0.008533102654482977
 4.8322E-02,0.006766424223676298
 4.8342E-02,0.0050509331762844546
 4.8363E-02,0.003461481954549197
 4.8383E-02,0.002067569401699645
 4.8404E-02,0.0009303124739094997
 4.8424E-02,9.970782094836049e-05
 4.8445E-02,-0.00038766862568239617
 4.8465E-02,-0.0005103703618010195
 4.8486E-02,-0.00026307143620093554
 4.8506E-02,0.0003432269547909225
 4.8527E-02,0.0012817680795671712
 4.8547E-02,0.002511318677534443
 4.8568E-02,0.003978046956473081
 4.8588E-02,0.005617884952706681
 4.8609E-02,0.007359275081485789
 4.8629E-02,0.00912621633500821
 4.8650E-02,0.010841524848806577
 4.8670E-02,0.012430200445252273
 4.8691E-02,0.013822754128447249
 4.8711E-02,0.014958320421566725
 4.8732E-02,0.015787372051422277
 4.8752E-02,0.01627388171808384
 4.8773E-02,0.016396830258657038
 4.8793E-02,0.016151023915876816
 4.8814E-02,0.015547234282971233
 4.8834E-02,0.01461169938535336
 4.8855E-02,0.013385024318346919
 4.8875E-02,0.011920509230097204
 4.8896E-02,0.010281930673705348
 4.8916E-02,0.008540823198442448
 4.8937E-02,0.00677335184436967
 4.8957E-02,0.005056919350852139
 4.8978E-02,0.003466693712334484
 4.8998E-02,0.0020722550334554357
 4.9019E-02,0.0009345404594198478
 4.9039E-02,0.00010322180302373227
 4.9060E-02,-0.00038539879743242176
 4.9080E-02,-0.0005099259460017775
 4.9101E-02,-0.0002648059220866123
 4.9121E-02,0.00033937748722591665
 4.9142E-02,0.0012762862946387719
 4.9162E-02,0.002504917909220095
 4.9183E-02,0.003971390597036339
 4.9203E-02,0.005611356900955421
 4.9224E-02,0.007352916180111744
 4.9245E-02,0.009119853164882247
 4.9265E-02,0.010835015608398658
 4.9286E-02,0.012423661370100422
 4.9306E-02,0.0138166409876645
 4.9327E-02,0.014953316872839564
 4.9347E-02,0.01578413907287284
 4.9368E-02,0.01627279592005689
 4.9388E-02,0.016397845009622176
 4.9409E-02,0.016153723007116982
 4.9429E-02,0.015551047478292637
 4.9450E-02,0.014616165668257686
 4.9470E-02,0.013389965752601781
 4.9491E-02,0.011926027645603944
 4.9511E-02,0.010288234344980773
 4.9532E-02,0.008547980955780889
 4.9552E-02,0.006781110196574738
 4.9573E-02,0.005064684574106686
 4.9593E-02,0.003473693721051994
 4.9614E-02,0.0020778013734572606
 4.9634E-02,0.0009382585616655723
 4.9655E-02,0.00010513471400489308
 4.9675E-02,-0.0003849711529373772
 4.9696E-02,-0.0005105940217055748
 4.9716E-02,-0.00026634175269121753
 4.9737E-02,0.000336927534180056
 4.9757E-02,0.00127266526701899
 4.9778E-02,0.002499862258254831
 4.9798E-02,0.003964863526417277
 4.9819E-02,0.005603684301878374
 4.9839E-02,0.007344749242540484
 4.9860E-02,0.009111972383123652
 4.9880E-02,0.010828073561463718
 4.9901E-02,0.01241799302075176
 4.9921E-02,0.013812234100642586
 4.9942E-02,0.014949950831105245
 4.9962E-02,0.0157816124348228
 4.9983E-02,0.016271117756544853
 5.0003E-02,0.016397285955584043
 5.0024E-02,0.016154697634705388
 5.0044E-02,0.015553889830271556
 5.0065E-02,0.014620916935562821
 5.0085E-02,0.01339628722811142
 5.0106E-02,0.011933286710719932
 5.0126E-02,0.010295721131998158
 5.0147E-02,0.008555146006644903
 5.0167E-02,0.006787704060190588
 5.0188E-02,0.005070733251159
 5.0208E-02,0.0034793308054512895
 5.0229E-02,0.0020830527229843943
 5.0249E-02,0.0009428991369392261
 5.0270E-02,0.0001086978342436113
 5.0291E-02,-0.0003830332705325501
 5.0311E-02,-0.0005106799319125828
 5.0332E-02,-0.0002685193736831852
 5.0352E-02,0.00033295982409605476
 5.0373E-02,0.0012674553632948092
 5.0393E-02,0.002493982959374754
 5.0414E-02,0.003958706809312887
 5.0434E-02,0.005597374878082149
 5.0455E-02,0.007338216817966984
 5.0475E-02,0.009105137753478957
 5.0496E-02,0.010821043668843278
 5.0516E-02,0.01241115577249998
 5.0537E-02,0.013806197107177627
 5.0557E-02,0.014945350919871403
 5.0578E-02,0.015778891191429972
 5.0598E-02,0.016270376501466923
 5.0619E-02,0.01639829216628724
 5.0639E-02,0.016157035951735756
 5.0660E-02,0.01555717613244395
 5.0680E-02,0.014624962746691634
 5.0701E-02,0.01340113000535608
 5.0721E-02,0.011939073992063644
 5.0742E-02,0.010302514598761511
 5.0762E-02,0.008562754094224755
 5.0783E-02,0.006795636696038554
 5.0803E-02,0.005078307973384578
 5.0824E-02,0.003485880090852129
 5.0844E-02,0.0020881296241768415
 5.0865E-02,0.0009463797129297647
 5.0885E-02,0.00011073317112340701
 5.0906E-02,-0.0003821842986437158
 5.0926E-02,-0.0005108448198480121
 5.0947E-02,-0.0002697285441950703
 5.0967E-02,0.00033049579444404125
 5.0988E-02,0.0012634947176064343
 5.1008E-02,0.002488447333568772
 5.1029E-02,0.003951816090625761
 5.1049E-02,0.005589647813542082
 5.1070E-02,0.0073303327057692574
 5.1090E-02,0.00909772669670549
 5.1111E-02,0.010814509464361771
 5.1131E-02,0.012405617540867983
 5.1152E-02,0.013801572962058079
 5.1172E-02,0.014941532555347341
 5.1193E-02,0.015775911404661273
 5.1213E-02,0.016268476842958762
 5.1234E-02,0.01639785207551223
 5.1254E-02,0.016158399057266012
 5.1275E-02,0.015560464577161289
 5.1296E-02,0.01462997745930718
 5.1316E-02,0.01340739033249007
 5.1337E-02,0.01194597776235237
 5.1357E-02,0.010309537722740257
 5.1378E-02,0.008569589663393754
 5.1398E-02,0.006802206895959527
 5.1419E-02,0.005084649970059227
 5.1439E-02,0.0034919734440623266
 5.1460E-02,0.0020937628869531987
 5.1480E-02,0.0009511322209946461
 5.1501E-02,0.00011408642499713352
 5.1521E-02,-0.0003806601593463507
 5.1542E-02,-0.0005113239689002434
 5.1562E-02,-0.0002720667326921404
 5.1583E-02,0.0003266886913929607
 5.1603E-02,0.0012586855991733514
 5.1624E-02,0.002483001887767694
 5.1644E-02,0.003945902352471647
 5.1665E-02,0.0055832671663657175
 5.1685E-02,0.00732345608228437
 5.1706E-02,0.009090457886593725
 5.1726E-02,0.010807183148587201
 5.1747E-02,0.012398774256638991
 5.1767E-02,0.013795818252273998
 5.1788E-02,0.01493734872813216
 5.1808E-02,0.015773515460451745
 5.1829E-02,0.016267794158095223
 5.1849E-02,0.016398615204117197
 5.1870E-02,0.016160316386638274
 5.1890E-02,0.015563368537739857
 5.1911E-02,0.014633874744609546
 5.1931E-02,0.013412390030444324
 5.1952E-02,0.011952138963594122
 5.1972E-02,0.01031672136326528
 5.1993E-02,0.008577397493577209
 5.2013E-02,0.006810044851256088
 5.2034E-02,0.005091888147893719
 5.2054E-02,0.0034981246735255617
 5.2075E-02,0.0020985927192017926
 5.2095E-02,0.0009546495110960419
 5.2116E-02,0.00011642608521214006
 5.2136E-02,-0.0003793950777443674
 5.2157E-02,-0.000511173978720414
 5.2177E-02,-0.0002732206231395003
 5.2198E-02,0.00032399904003348927
 5.2218E-02,0.0012543441726784294
 5.2239E-02,0.0024771359275221603
 5.2259E-02,0.003938908609693397
 5.2280E-02,0.005575719727337219
 5.2300E-02,0.00731593968884761
 5.2321E-02,0.009083408731269161
 5.2342E-02,0.010800814205464552
 5.2362E-02,0.012393117141593435
 5.2383E-02,0.013790852270850518
 5.2403E-02,0.014933142477480984
 5.2424E-02,0.015770300817857224
 5.2444E-02,0.01626592938777084
 5.2465E-02,0.016398453560083962
 5.2485E-02,0.016162047413291507
 5.2506E-02,0.015566914519840748
 5.2526E-02,0.014638896578702015
 5.2547E-02,0.01341840024839824
 5.2567E-02,0.011958664634725344
 5.2588E-02,0.01032343500246995
 5.2608E-02,0.008584152552730389
 5.2629E-02,0.006816803776166179
 5.2649E-02,0.005098588025718686
 5.2670E-02,0.003504558152843136
 5.2690E-02,0.0021043732206451867
 5.2711E-02,0.0009592846660050113
 5.2731E-02,0.0001194658028493467
 5.2752E-02,-0.000378209229612435
 5.2772E-02,-0.0005118325996488902
 5.2793E-02,-0.00027548036053998896
 5.2813E-02,0.0003204912854335
 5.2834E-02,0.0012499022307249866
 5.2854E-02,0.00247193720378535
 5.2875E-02,0.003932996443825435
 5.2895E-02,0.00556909923288431
 5.2916E-02,0.007308711030288132
 5.2936E-02,0.009075861701699217
 5.2957E-02,0.010793428212132701
 5.2977E-02,0.012386460472709516
 5.2998E-02,0.013785427524995262
 5.3018E-02,0.014929253406943462
 5.3039E-02,0.015768004761050315
 5.3059E-02,0.016265094947155875
 5.3080E-02,0.016398888789708244
 5.3100E-02,0.016163628151939682
 5.3121E-02,0.015569644230081019
 5.3141E-02,0.014642866924575296
 5.3162E-02,0.013423675428689323
 5.3182E-02,0.01196515371052508
 5.3203E-02,0.010330823471019338
 5.3223E-02,0.00859193375656153
 5.3244E-02,0.006824398778232679
 5.3264E-02,0.00510549676610016
 5.3285E-02,0.003510469006724062
 5.3305E-02,0.002109180459598508
 5.3326E-02,0.0009630117114629057
 5.3347E-02,0.0001221409734360534
 5.3367E-02,-0.00037665409067888576
 5.3388E-02,-0.0005115838327376022
 5.3408E-02,-0.0002767711654601795
 5.3429E-02,0.00031750836184612477
 5.3449E-02,0.0012452715442211309
 5.3470E-02,0.0024659424989809647
 5.3490E-02,0.003926104820711858
 5.3511E-02,0.005561832456779867
 5.3531E-02,0.0073015069906261065
 5.3552E-02,0.009068992838458854
 5.3572E-02,0.01078701291634935
 5.3593E-02,0.012380554204057754
 5.3613E-02,0.013780138651281916
 5.3634E-02,0.01492481645013273
 5.3654E-02,0.015764767142832505
 5.3675E-02,0.01626341993525645
 5.3695E-02,0.016399022464859674
 5.3716E-02,0.016165598060410007
 5.3736E-02,0.015573241611546374
 5.3757E-02,0.014647721486250397
 5.3777E-02,0.013429384288698684
 5.3798E-02,0.011971399245965565
 5.3818E-02,0.010337422313056236
 5.3839E-02,0.008598796806962832
 5.3859E-02,0.006831429808070135
 5.3880E-02,0.005112489728016431
 5.3900E-02,0.003517064651181367
 5.3921E-02,0.00211491121964405
 5.3941E-02,0.0009674169759733189
 5.3962E-02,0.00012489750470028342
 5.3982E-02,-0.00037565020200452557
 5.4003E-02,-0.0005122224710185702
 5.4023E-02,-0.0002788147754648989
 5.4044E-02,0.0003143040760737376
 5.4064E-02,0.001241066109174542
 5.4085E-02,0.002460794520389207
 5.4105E-02,0.003920036219635857
 5.4126E-02,0.005554934734332231
 5.4146E-02,0.007294028335822636
 5.4167E-02,0.009061354527565322
 5.4187E-02,0.010779740352781576
 5.4208E-02,0.012374152624313494
 5.4228E-02,0.013774972477471458
 5.4249E-02,0.01492104936037674
 5.4269E-02,0.015762388300163924
 5.4290E-02,0.016262337229239907
 5.4310E-02,0.016399169571219854
 5.4331E-02,0.01616699642571611
 5.4351E-02,0.015575983898820929
 5.4372E-02,0.014651885931545107
 5.4393E-02,0.01343492705474486
 5.4413E-02,0.011978084391410168
 5.4434E-02,0.010344829966713749
 5.4454E-02,0.008606409749710338
 5.4475E-02,0.006838758278895978
 5.4495E-02,0.005119175065079447
 5.4516E-02,0.0035229142289162963
 5.4536E-02,0.0021198535452339783
 5.4557E-02,0.0009714074553449855
 5.4577E-02,0.0001278304150426333
 5.4598E-02,-0.00037397253516769323
 5.4618E-02,-0.0005120437369956848
 5.4639E-02,-0.00028032404323080157
 5.4659E-02,0.00031107576275918504
 5.4680E-02,0.0012362974720448586
 5.4700E-02,0.002454845727574654
 5.4721E-02,0.003913352934967928
 5.4741E-02,0.005547931149373494
 5.4762E-02,0.007287005524466397
 5.4782E-02,0.009054490808388023
 5.4803E-02,0.010773151810722153
 5.4823E-02,0.012367984877144309
 5.4844E-02,0.013769468643782597
 5.4864E-02,0.014916552359995137
 5.4885E-02,0.015759271002383956
 5.4905E-02,0.016260892801428933
 5.4926E-02,0.01639951617722949
 5.4946E-02,0.016169043759683463
 5.4967E-02,0.015579477542090922
 5.4987E-02,0.014656505871619825
 5.5008E-02,0.013440389770354451
 5.5028E-02,0.011984197711563088
 5.5049E-02,0.010351476300089181
 5.5069E-02,0.008613472116747914
 5.5090E-02,0.006846034304978455
 5.5110E-02,0.005126330600640652
 5.5131E-02,0.003529507318654204
 5.5151E-02,0.0021254222897667085
 5.5172E-02,0.000975581533957128
 5.5192E-02,0.0001304133537509991
 5.5213E-02,-0.000372988370716473
 5.5233E-02,-0.0005125329662221619
 5.5254E-02,-0.0002821225595731352
 5.5274E-02,0.0003080889558733108
 5.5295E-02,0.001232173498362063
 5.5315E-02,0.0024496062076790016
 5.5336E-02,0.003907072939825899
 5.5356E-02,0.005540816810632165
 5.5377E-02,0.007279420454053419
 5.5398E-02,0.009046911830066682
 5.5418E-02,0.010766071206076937
 5.5439E-02,0.012361804100479047
 5.5459E-02,0.01376443274047812
 5.5480E-02,0.014912752995081095
 5.5500E-02,0.015756710397144606
 5.5521E-02,0.016259569762887924
 5.5541E-02,0.016399485097001718
 5.5562E-02,0.01617041321515875
 5.5582E-02,0.015582348450322418
 5.5603E-02,0.014660882318229406
 5.5623E-02,0.013446111145613285
 5.5644E-02,0.011990930540132056
 5.5664E-02,0.010358773678715799
 5.5685E-02,0.008620874107960457
 5.5705E-02,0.006853162130946265
 5.5726E-02,0.005132931657299485
 5.5746E-02,0.0035354344547541758
 5.5767E-02,0.002130565394097931
 5.5787E-02,0.0009797940287263965
 5.5808E-02,0.00013347793104141032
 5.5828E-02,-0.00037133220050169125
 5.5849E-02,-0.0005125105844258665
 5.5869E-02,-0.00028383403146902244
 5.5890E-02,0.00030472485718808855
 5.5910E-02,0.0012274117326577492
 5.5931E-02,0.002443807161651856
 5.5951E-02,0.0039006066572999723
 5.5972E-02,0.005533986031645774
 5.5992E-02,0.007272437570190641
 5.6013E-02,0.009039935576122477
 5.6033E-02,0.010759276994549028
 5.6054E-02,0.012355444153240617
 5.6074E-02,0.01375884784209882
 5.6095E-02,0.014908323682355944
 5.6115E-02,0.01575376792389145
 5.6136E-02,0.0162583090666573
 5.6156E-02,0.016399921748020893
 5.6177E-02,0.016172404157254024
 5.6197E-02,0.015585663999238764
 5.6218E-02,0.014665291398261775
 5.6238E-02,0.01345143642995572
 5.6259E-02,0.011997047608027072
 5.6279E-02,0.010365559107777622
 5.6300E-02,0.008628135227795685
 5.6320E-02,0.00686059133973004
 5.6341E-02,0.005140115513383694
 5.6361E-02,0.0035419190352619263
 5.6382E-02,0.002135949858808069
 5.6402E-02,0.000983809445003626
 5.6423E-02,0.00013601588925508674
 5.6444E-02,-0.0003702509055523149
 5.6464E-02,-0.0005128065137839863
 5.6485E-02,-0.000285439042570529
 5.6505E-02,0.0003018361791919754
 5.6526E-02,0.0012232451807213432
 5.6546E-02,0.002438412476308452
 5.6567E-02,0.003894145028897028
 5.6587E-02,0.00552676196861191
 5.6608E-02,0.007264873482987651
 5.6628E-02,0.009032496827864053
 5.6649E-02,0.01075238060271395
 5.6669E-02,0.012349392482269909
 5.6690E-02,0.013753815315832047
 5.6710E-02,0.014904396866493879
 5.6731E-02,0.01575101189081888
 5.6751E-02,0.016256820161507285
 5.6772E-02,0.01639983533946458
 5.6792E-02,0.016173851056429465
 5.6813E-02,0.015588697600764695
 5.6833E-02,0.014669824227457454
 5.6854E-02,0.013457220937715815
 5.6874E-02,0.012003713851263281
 5.6895E-02,0.01037269315112457
 5.6915E-02,0.008635361848487875
 5.6936E-02,0.006867623443122309
 5.6956E-02,0.0051467509916709705
 5.6977E-02,0.0035479938115480485
 5.6997E-02,0.0021412787560392715
 5.7018E-02,0.0009881523402295385
 5.7038E-02,0.00013909246639478223
 5.7059E-02,-0.0003687009978496882
 5.7079E-02,-0.0005129461348835079
 5.7100E-02,-0.0002872768356245656
 5.7120E-02,0.0002984533536037902
 5.7141E-02,0.0012185868430785738
 5.7161E-02,0.0024327887302833954
 5.7182E-02,0.003887837391482571
 5.7202E-02,0.005519992940114845
 5.7223E-02,0.007257825432966999
 5.7243E-02,0.009025364043972754
 5.7264E-02,0.010745420511329755
 5.7284E-02,0.012342942442639936
 5.7305E-02,0.013748259723010295
 5.7325E-02,0.014900095842561079
 5.7346E-02,0.01574822358399709
 5.7366E-02,0.016255652700775863
 5.7387E-02,0.016400249741324265
 5.7407E-02,0.016175710675754174
 5.7428E-02,0.015591836602988268
 5.7449E-02,0.014674099128820915
 5.7469E-02,0.013462519793928195
 5.7490E-02,0.01200992143522402
 5.7510E-02,0.01037963479310075
 5.7531E-02,0.00864276066678539
 5.7551E-02,0.006875099189915241
 5.7572E-02,0.0051538672149415345
 5.7592E-02,0.0035543348943565456
 5.7613E-02,0.0021465228483561532
 5.7633E-02,0.000992108313278616
 5.7654E-02,0.00014168754377101784
 5.7674E-02,-0.000367471166497347
 5.7695E-02,-0.0005130746653775416
 5.7715E-02,-0.00028877743246186703
 5.7736E-02,0.00029555768712071005
 5.7756E-02,0.0012143118185950854
 5.7777E-02,0.0024272465089833885
 5.7797E-02,0.003881270779586642
 5.7818E-02,0.005512764133941531
 5.7838E-02,0.007250360358203978
 5.7859E-02,0.009018075840005727
 5.7879E-02,0.010738645995976868
 5.7900E-02,0.012336918140233546
 5.7920E-02,0.013743143155667055
 5.7941E-02,0.014896014309316748
 5.7961E-02,0.01574531892389252
 5.7982E-02,0.016254093696461046
 5.8002E-02,0.016400202076501696
 5.8023E-02,0.016177277971318134
 5.8043E-02,0.01559500251005871
 5.8064E-02,0.014678701080652843
 5.8084E-02,0.013468269533389608
 5.8105E-02,0.012016464046280277
 5.8125E-02,0.010386618981176333
 5.8146E-02,0.00864988835053225
 5.8166E-02,0.006882134385745129
 5.8187E-02,0.005160606278003185
 5.8207E-02,0.003560560718543166
 5.8228E-02,0.002151973845338071
 5.8248E-02,0.0009964846829072084
 5.8269E-02,0.00014469702642687984
 5.8289E-02,-0.000366047426248421
 5.8310E-02,-0.0005133269750386477
 5.8330E-02,-0.0002906493528415166
 5.8351E-02,0.0002922425621377065
 5.8371E-02,0.0012097922832614665
 5.8392E-02,0.002421764187487658
 5.8412E-02,0.0038750369216039656
 5.8433E-02,0.005505965893679099
 5.8453E-02,0.007243197875081736
 5.8474E-02,0.009010804538013907
 5.8495E-02,0.010731595402244491
 5.8515E-02,0.012330470778784321
 5.8536E-02,0.013737678192378101
 5.8556E-02,0.014891839461018963
 5.8577E-02,0.01574262078860603
 5.8597E-02,0.016252927653713473
 5.8618E-02,0.01640052303300183
 5.8638E-02,0.01617899296425885
 5.8659E-02,0.015598016143646526
 5.8679E-02,0.014682930122416782
 5.8700E-02,0.013473620756749653
 5.8720E-02,0.012022790082277615
 5.8741E-02,0.010393679580163982
 5.8761E-02,0.008657342421514896
 5.8782E-02,0.006889572620715258
 5.8802E-02,0.0051676133340499576
 5.8823E-02,0.003566780780378324
 5.8843E-02,0.0021571518108992422
 5.8864E-02,0.0010004679133428528
 5.8884E-02,0.00014740280855046468
 5.8905E-02,-0.00036467646938759626
 5.8925E-02,-0.0005133522092330107
 5.8946E-02,-0.0002921323199536287
 5.8966E-02,0.0002892761150634368
 5.8987E-02,0.0012054012912913385
 5.9007E-02,0.0024161267811173967
 5.9028E-02,0.003868449651691145
 5.9048E-02,0.005498804184478741
 5.9069E-02,0.0072358535603984815
 5.9089E-02,0.009003627475075729
 5.9110E-02,0.010724863332119056
 5.9130E-02,0.012324396386654984
 5.9151E-02,0.013732442779074084
 5.9171E-02,0.01488762905542107
 5.9192E-02,0.015739640003152144
 5.9212E-02,0.016251379292744277
 5.9233E-02,0.016400560610336
 5.9253E-02,0.01618066871157548
 5.9274E-02,0.01560125064603517
 5.9294E-02,0.014687519550158424
 5.9315E-02,0.013479279158870771
 5.9335E-02,0.012029207106377011
 5.9356E-02,0.01040056721452379
 5.9376E-02,0.008664451346195624
 5.9397E-02,0.006896675672831653
 5.9417E-02,0.005174471431595057
 5.9438E-02,0.0035731160085730037
 5.9458E-02,0.002162648404045792
 5.9479E-02,0.0010048067611119432
 5.9500E-02,0.00015031690474256174
 5.9520E-02,-0.00036334994322247897
 5.9541E-02,-0.0005136465898059297
 5.9561E-02,-0.00029396340818715314
 5.9582E-02,0.00028606865081822066
 5.9602E-02,0.0012010048061500667
 5.9623E-02,0.002410723074270745
 5.9643E-02,0.0038622129913457237
 5.9664E-02,0.005491926667745419
 5.9684E-02,0.0072285791982349985
 5.9705E-02,0.00899627113281901
 5.9725E-02,0.010717798216744083
 5.9746E-02,0.012318010139418533
 5.9766E-02,0.013727078773607277
 5.9787E-02,0.014883537518367641
 5.9807E-02,0.01573695887803816
 5.9828E-02,0.01625014986695549
 5.9848E-02,0.016400765677580795
 5.9869E-02,0.01618227049298744
 5.9889E-02,0.015604207302403856
 5.9910E-02,0.014691771904299872
 5.9930E-02,0.013484716347265294
 5.9951E-02,0.012035632205130167
 5.9971E-02,0.010407684932964583
 5.9992E-02,0.008671889138472815
 6.0012E-02,0.006904032782568824
 6.0033E-02,0.005181376316221791
 6.0053E-02,0.003579268625603328
 6.0074E-02,0.0021678319587216774
 6.0094E-02,0.0010088693487357494
 6.0115E-02,0.0001531386754132281
 6.0135E-02,-0.00036188184635282516
 6.0156E-02,-0.000513638376516398
 6.0176E-02,-0.00029548764689967124
 6.0197E-02,0.0002830142878603146
 6.0217E-02,0.0011965311809633728
 6.0238E-02,0.002405056458345879
 6.0258E-02,0.003855668849267736
 6.0279E-02,0.005484860206103197
 6.0299E-02,0.007221333641769951
 6.0320E-02,0.008989144964272434
 6.0340E-02,0.010711042008208374
 6.0361E-02,0.012311847757340257
 6.0381E-02,0.013721735014832478
 6.0402E-02,0.014879251297621061
 6.0422E-02,0.015733969415627855
 6.0443E-02,0.016248658451684952
 6.0463E-02,0.016400889469784016
 6.0484E-02,0.01618401013672168
 6.0504E-02,0.0156074440418118
 6.0525E-02,0.014696295660780428
 6.0546E-02,0.013490271302135882
 6.0566E-02,0.012041958640981109
 6.0587E-02,0.010414539405390532
 6.0607E-02,0.008679037594669552
 6.0628E-02,0.006911226300863142
 6.0648E-02,0.005188328743731239
 6.0669E-02,0.0035856545189249475
 6.0689E-02,0.0021733124202605457
 6.0710E-02,0.0010131383544726073
 6.0730E-02,0.00015597121791412563
 6.0751E-02,-0.00036060012529935106
 6.0771E-02,-0.000513911596795982
 6.0792E-02,-0.00029723708555254644
 6.0812E-02,0.00027991163782530596
 6.0833E-02,0.0011922130346431316
 6.0853E-02,0.002399668539491413
 6.0874E-02,0.0038493815389551225
 6.0894E-02,0.005477895556663746
 6.0915E-02,0.007213983391842416
 6.0935E-02,0.008981764234068233
 6.0956E-02,0.010704015678844615
 6.0976E-02,0.012305540653530489
 6.0997E-02,0.01371644550162419
 6.1017E-02,0.014875186330804906
 6.1038E-02,0.015731248312163302
 6.1058E-02,0.01624733835799099
 6.1079E-02,0.01640099520130289
 6.1099E-02,0.016185550096619254
 6.1120E-02,0.015610402699688795
 6.1140E-02,0.01470060684724035
 6.1161E-02,0.013495788009714032
 6.1181E-02,0.012048438057752056
 6.1202E-02,0.01042165495520126
 6.1222E-02,0.008686416500869917
 6.1243E-02,0.006918498603697242
 6.1263E-02,0.005195168355884829
 6.1284E-02,0.0035917975173529685
 6.1304E-02,0.0021785498229667834
 6.1325E-02,0.001017293731402046
 6.1345E-02,0.00015888077009217397
 6.1366E-02,-0.0003590896578029855
 6.1386E-02,-0.0005139223624313586
 6.1407E-02,-0.00029882520014428663
 6.1427E-02,0.000276788228651778
 6.1448E-02,0.0011877069407159285
 6.1468E-02,0.0023940276491461626
 6.1489E-02,0.0038429113846864503
 6.1509E-02,0.005470915110363602
 6.1530E-02,0.007206792402362905
 6.1551E-02,0.008974633259967179
 6.1571E-02,0.010697197458378771
 6.1592E-02,0.012299290010048983
 6.1612E-02,0.013711030618949174
 6.1633E-02,0.01487087920345363
 6.1653E-02,0.01572829380230039
 6.1674E-02,0.016245913395279112
 6.1694E-02,0.01640117583461608
 6.1715E-02,0.016187301086703843
 6.1735E-02,0.01561359372186278
 6.1756E-02,0.014705046735751556
 6.1776E-02,0.013501260427489142
 6.1797E-02,0.012054722660789241
 6.1817E-02,0.010428527057705177
 6.1838E-02,0.008693630620459393
 6.1858E-02,0.0069257704988289525
 6.1879E-02,0.0052021714006017725
 6.1899E-02,0.0035981818875930527
 6.1920E-02,0.002183980922007984
 6.1940E-02,0.001021495917193187
 6.1961E-02,0.00016166919350323083
 6.1981E-02,-0.00035780076976670147
 6.2000E-02,-0.0005152508116610076
