  0.000,0.0
  1.000,0.015889717445677028
  0.000,0.015889717445677028
 2.0830E-05,0.016746279431265308
 4.1660E-05,0.01909755781818881
 6.2490E-05,0.02310474073059779
 8.3320E-05,0.028393123809888163
 1.0415E-04,0.032946580508049245
 1.2498E-04,0.035427612330564504
 1.4581E-04,0.03550573117002397
 1.6664E-04,0.03327387489293612
 1.8747E-04,0.02980763965786302
 2.0830E-04,0.026979089372900507
 2.2913E-04,0.025482823868968
 2.4996E-04,0.024824080123324613
 2.7079E-04,0.02435711994923388
 2.9162E-04,0.02283681805980555
 3.1245E-04,0.019135176076082807
 3.3328E-04,0.01370832276999142
 3.5411E-04,0.007902024374658798
 3.7494E-04,0.0029178395062629536
 3.9577E-04,-2.5400303218495093e-05
 4.1660E-04,-0.00043884665637034025
 4.3743E-04,0.0006506531760360081
 4.5826E-04,0.0018857480467451642
 4.7909E-04,0.0024605471447995035
 4.9992E-04,0.0019582138707324396
 5.2075E-04,0.0009051765182064675
 5.4158E-04,0.0007636584184030314
 5.6241E-04,0.00261500982723082
 5.8324E-04,0.006601919010680531
 6.0407E-04,0.01218718303800587
 6.2490E-04,0.018069237707357917
 6.4573E-04,0.022674728036915608
 6.6656E-04,0.02530517954079757
 6.8739E-04,0.026314618256860458
 7.0822E-04,0.026587547369117715
 7.2905E-04,0.027253981918733936
 7.4988E-04,0.029085869993974955
 7.7071E-04,0.03175344508826523
 7.9154E-04,0.03409640531764975
 8.1237E-04,0.03494482584666261
 8.3320E-04,0.033492173197699815
 8.5403E-04,0.029731376037900475
 8.7486E-04,0.02474899125597611
 8.9569E-04,0.01998634957310664
 9.1652E-04,0.016406664342455655
 9.3735E-04,0.014298460886268047
 9.5818E-04,0.013110516200068392
 9.7901E-04,0.011668871917860636
 9.9984E-04,0.00908321219546054
 1.0207E-03,0.0053061380741117065
 1.0415E-03,0.0010442260343734456
 1.0623E-03,-0.002461984238000533
 1.0832E-03,-0.003987284231806937
 1.1040E-03,-0.003095706924570854
 1.1248E-03,-0.0003273814234017701
 1.1456E-03,0.003210636065111262
 1.1665E-03,0.006335706462795628
 1.1873E-03,0.008351627190032617
 1.2081E-03,0.009489948593087098
 1.2290E-03,0.010690672519609774
 1.2498E-03,0.012935631319291117
 1.2706E-03,0.016737647554630603
 1.2915E-03,0.02181165671163495
 1.3123E-03,0.027055181750109278
 1.3331E-03,0.031128912550542256
 1.3539E-03,0.03317331823449057
 1.3748E-03,0.03312423163231664
 1.3956E-03,0.03170784372396966
 1.4164E-03,0.030086706314140007
 1.4373E-03,0.029149556596621485
 1.4581E-03,0.029007914266682495
 1.4789E-03,0.029032188449202755
 1.4998E-03,0.02819844833092491
 1.5206E-03,0.02564260063709418
 1.5414E-03,0.021241834816979506
 1.5622E-03,0.01574243096828707
 1.5831E-03,0.010368448026513186
 1.6039E-03,0.006268134356197391
 1.6247E-03,0.003996561137792842
 1.6456E-03,0.0032467287731971044
 1.6664E-03,0.0030973507249355977
 1.6872E-03,0.0026072609597495924
 1.7081E-03,0.0013347835123241063
 1.7289E-03,-0.0004084971543224635
 1.7497E-03,-0.0016774747859740176
 1.7705E-03,-0.001421066397387941
 1.7914E-03,0.0009098809747062194
 1.8122E-03,0.005069691894895805
 1.8330E-03,0.01011378240606547
 1.8539E-03,0.014823744237909182
 1.8747E-03,0.018318013652638895
 1.8955E-03,0.02046952988518754
 1.9164E-03,0.021864956212459114
 1.9372E-03,0.023412332068581145
 1.9580E-03,0.025798848194253956
 1.9788E-03,0.029034126559668298
 1.9997E-03,0.032386385504440555
 2.0205E-03,0.03476087054053835
 2.0413E-03,0.03525256267918068
 2.0622E-03,0.0336051280188264
 2.0830E-03,0.03036360833873987
 2.1038E-03,0.026588667737033833
 2.1247E-03,0.023293689222933008
 2.1455E-03,0.020953914726035576
 2.1663E-03,0.01931798157381855
 2.1871E-03,0.01760019726009449
 2.2080E-03,0.014984571222575436
 2.2288E-03,0.011152863215798805
 2.2496E-03,0.006517422899370697
 2.2705E-03,0.00206211529136947
 2.2913E-03,-0.001113772510067365
 2.3121E-03,-0.002336530065479919
 2.3330E-03,-0.0016798445448193355
 2.3538E-03,0.0001221514572597427
 2.3746E-03,0.0020907732526843584
 2.3954E-03,0.003521876538018231
 2.4163E-03,0.004354249304606994
 2.4371E-03,0.005171572349160944
 2.4579E-03,0.006829539384629604
 2.4788E-03,0.009938476990558994
 2.4996E-03,0.014476477586624698
 2.5204E-03,0.019725580231664583
 2.5413E-03,0.02458561235698731
 2.5621E-03,0.028101520521525973
 2.5829E-03,0.029902510327826676
 2.6037E-03,0.030328753015119742
 2.6246E-03,0.0301918859414602
 2.6454E-03,0.030287635392264815
 2.6662E-03,0.030929522813247432
 2.6871E-03,0.03177058659246566
 2.7079E-03,0.03199742995015284
 2.7287E-03,0.03078396068954274
 2.7496E-03,0.02777035608851859
 2.7704E-03,0.02330225149627244
 2.7912E-03,0.01829106921818907
 2.8120E-03,0.013782236123708831
 2.8329E-03,0.010466512251318385
 2.8537E-03,0.008384590554178988
 2.8745E-03,0.00698413109180858
 2.8954E-03,0.0054981709963103035
 2.9162E-03,0.003426239063345791
 2.9370E-03,0.0008560309984740836
 2.9579E-03,-0.0015409552068361186
 2.9787E-03,-0.002842942595233813
 2.9995E-03,-0.0023625786265602357
 3.0203E-03,-1.3878826731647705e-05
 3.0412E-03,0.0036319638777527006
 3.0620E-03,0.007625107176948024
 3.0828E-03,0.011105911416004186
 3.1037E-03,0.013713372439657602
 3.1245E-03,0.01570942633775105
 3.1453E-03,0.01775976947300648
 3.1662E-03,0.020497903532935673
 3.1870E-03,0.024107189638121473
 3.2078E-03,0.02815030821922954
 3.2286E-03,0.03174426478325261
 3.2495E-03,0.03398411220731427
 3.2703E-03,0.03438595451191196
 3.2911E-03,0.0331152877554979
 3.3120E-03,0.030877897091880387
 3.3328E-03,0.028532625242844237
 3.3536E-03,0.026641379088032702
 3.3745E-03,0.025199847339371636
 3.3953E-03,0.023688018868293675
 3.4161E-03,0.021410726532292448
 3.4369E-03,0.017941408464137353
 3.4578E-03,0.013422604374267068
 3.4786E-03,0.008559327656039083
 3.4994E-03,0.004310895247668449
 3.5203E-03,0.0014450143251024073
 3.5411E-03,0.00019155562405129018
 3.5619E-03,0.00018055191285783401
 3.5828E-03,0.0006917103876216621
 3.6036E-03,0.0010754672320013054
 3.6244E-03,0.0011184851749816906
 3.6452E-03,0.0011564933979852279
 3.6661E-03,0.0018735549234970119
 3.6869E-03,0.0039000164692059836
 3.7077E-03,0.0074292478420433985
 3.7286E-03,0.012059445891686331
 3.7494E-03,0.01694708867915777
 3.7702E-03,0.02119221136588372
 3.7911E-03,0.024248740226958457
 3.8119E-03,0.026140862187956564
 3.8327E-03,0.02737387141323834
 3.8535E-03,0.028592043146979166
 3.8744E-03,0.030172226297641856
 3.8952E-03,0.03197685738020896
 3.9160E-03,0.033400808758375526
 3.9369E-03,0.03368526167350755
 3.9577E-03,0.03232862976652532
 3.9785E-03,0.02937187562647295
 3.9994E-03,0.02540280596042758
 4.0202E-03,0.02127820712959084
 4.0410E-03,0.017715559466808542
 4.0618E-03,0.014972908527809449
 4.0827E-03,0.012785594730245901
 4.1035E-03,0.010589176102798045
 4.1243E-03,0.00790231425929864
 4.1452E-03,0.0046582135698468065
 4.1660E-03,0.0013037762940917843
 4.1868E-03,-0.0013879359402095741
 4.2077E-03,-0.0026913140534532204
 4.2285E-03,-0.0022868125538531596
 4.2493E-03,-0.0004133370601453745
 4.2702E-03,0.0022645383207837108
 4.2910E-03,0.005001472949085832
 4.3118E-03,0.0073426958517356245
 4.3326E-03,0.009322571938005293
 4.3535E-03,0.011386134742289436
 4.3743E-03,0.014080418508407034
 4.3951E-03,0.017686217452014954
 4.4160E-03,0.021992110598885693
 4.4368E-03,0.026335449466740067
 4.4576E-03,0.029890238545294396
 4.4785E-03,0.03204816634704169
 4.4993E-03,0.03268923366528439
 4.5201E-03,0.03219844313442603
 4.5409E-03,0.03122266776411998
 4.5618E-03,0.030302666074709557
 4.5826E-03,0.02958121589391652
 4.6034E-03,0.028744310494522786
 4.6243E-03,0.02722471249911094
 4.6451E-03,0.024554847331182544
 4.6659E-03,0.02067506680634227
 4.6867E-03,0.016028331481498105
 4.7076E-03,0.01138934185195027
 4.7284E-03,0.00751981097376045
 4.7492E-03,0.004834032374405445
 4.7701E-03,0.003251423816050893
 4.7909E-03,0.0023104070808628507
 4.8117E-03,0.0014770757909000453
 4.8326E-03,0.00047862967861042236
 4.8534E-03,-0.0005199994756865281
 4.8742E-03,-0.0009917925957068198
 4.8950E-03,-0.0003335965190482853
 4.9159E-03,0.0017932228702966402
 4.9367E-03,0.005251561099143724
 4.9575E-03,0.00946073548674694
 4.9784E-03,0.0136554511748809
 4.9992E-03,0.017233516676232526
 5.0200E-03,0.02000718516522703
 5.0409E-03,0.02222600513345156
 5.0617E-03,0.024363282693092347
 5.0825E-03,0.026786218021576363
 5.1034E-03,0.02949188388847246
 5.1242E-03,0.03205414967485177
 5.1450E-03,0.03381149012955581
 5.1658E-03,0.034194805493380095
 5.1867E-03,0.03301833622894271
 5.2075E-03,0.030576928043846957
 5.2283E-03,0.027498308836555463
 5.2492E-03,0.024431684160858645
 5.2700E-03,0.02174122505222174
 5.2908E-03,0.019368016760780978
 5.3117E-03,0.016930982732927573
 5.3325E-03,0.014007475715387591
 5.3533E-03,0.010437514721296014
 5.3741E-03,0.006483971334644151
 5.3950E-03,0.002760264604042895
 5.4158E-03,-3.646843493336233e-05
 5.4366E-03,-0.0014441333018726022
 5.4575E-03,-0.0014370278781710415
 5.4783E-03,-0.0004047118531528627
 5.4991E-03,0.0010770858548518967
 5.5200E-03,0.0025582596849294224
 5.5408E-03,0.0039405094263800875
 5.5616E-03,0.005497267237922921
 5.5824E-03,0.00767929216944846
 5.6033E-03,0.010814044016158389
 5.6241E-03,0.01486391745828034
 5.6449E-03,0.019376110676423412
 5.6658E-03,0.023653371906684713
 5.6866E-03,0.027055845945220296
 5.7074E-03,0.029273665272289917
 5.7282E-03,0.030426061562252648
 5.7491E-03,0.030937073339214714
 5.7699E-03,0.031258956487469576
 5.7907E-03,0.031595976510751356
 5.8116E-03,0.03177931774512732
 5.8324E-03,0.03136038247825714
 5.8532E-03,0.029870577603732476
 5.8741E-03,0.027105249870069407
 5.8949E-03,0.02327658557099365
 5.9157E-03,0.01895185516117953
 5.9365E-03,0.014809907121595802
 5.9574E-03,0.011346337487165039
 5.9782E-03,0.008683632784767466
 5.9990E-03,0.00658424358953982
 6.0199E-03,0.004654397336832546
 6.0407E-03,0.0026240386752890456
 6.0615E-03,0.0005486248756562274
 6.0824E-03,-0.001177720423526501
 6.1032E-03,-0.002005227548355581
 6.1240E-03,-0.001509047024611043
 6.1449E-03,0.00038364121978998016
 6.1657E-03,0.0033416203594478517
 6.1865E-03,0.006779942680322648
 6.2073E-03,0.010132039154090743
 6.2282E-03,0.013098575928866794
 6.2490E-03,0.015741235560009642
 6.2698E-03,0.018374581704765473
 6.2907E-03,0.021318782928925698
 6.3115E-03,0.024650630510154398
 6.3323E-03,0.028090687948451588
 6.3532E-03,0.031090095358550136
 6.3740E-03,0.03307176041076734
 6.3948E-03,0.03369721162947429
 6.4156E-03,0.03301661609443171
 6.4365E-03,0.03142246856551732
 6.4573E-03,0.029434099859070837
 6.4781E-03,0.027431207628735937
 6.4990E-03,0.025480123400540414
 6.5198E-03,0.023344600961371823
 6.5406E-03,0.020671969817066968
 6.5614E-03,0.017250174330616964
 6.5823E-03,0.013193444272055226
 6.6031E-03,0.008953835877917173
 6.6239E-03,0.005150714690626959
 6.6448E-03,0.002308541763843774
 6.6656E-03,0.0006418085447114233
 6.6864E-03,-5.877360821892599e-07
 6.7073E-03,-5.6079472344803144e-06
 6.7281E-03,0.0002457633764429452
 6.7489E-03,0.0006002404448924304
 6.7697E-03,0.0012138954451767284
 6.7906E-03,0.0024506727097231376
 6.8114E-03,0.004654442919169616
 6.8322E-03,0.007919469551076044
 6.8531E-03,0.011984706157142729
 6.8739E-03,0.01631069492124551
 6.8947E-03,0.020299634642564693
 6.9156E-03,0.023542400654323385
 6.9364E-03,0.025962309809607564
 6.9572E-03,0.02778166417331769
 6.9780E-03,0.029333259238158473
 6.9989E-03,0.03082262986365686
 7.0197E-03,0.032172397596569834
 7.0405E-03,0.033034338824037834
 7.0614E-03,0.03296294992632746
 7.0822E-03,0.031656307330491816
 7.1030E-03,0.02913343397628966
 7.1239E-03,0.02575188131555181
 7.1447E-03,0.022055980655038866
 7.1655E-03,0.018537461782915814
 7.1864E-03,0.01543611329581687
 7.2072E-03,0.012684797144684661
 7.2280E-03,0.010023985920680527
 7.2488E-03,0.007219287503633163
 7.2697E-03,0.0042605424664104476
 7.2905E-03,0.0014321449230123677
 7.3113E-03,-0.0007850912000850058
 7.3322E-03,-0.0019286789099634285
 7.3530E-03,-0.0017713347328295838
 7.3738E-03,-0.0004248453979244179
 7.3947E-03,0.0017232733029291687
 7.4155E-03,0.004205070705008055
 7.4363E-03,0.006694245181474643
 7.4571E-03,0.009136660506835703
 7.4780E-03,0.011721385966724016
 7.4988E-03,0.014711273616753718
 7.5196E-03,0.018228187673272157
 7.5405E-03,0.02211213298305554
 7.5613E-03,0.025933209192948455
 7.5821E-03,0.029152536692575327
 7.6029E-03,0.031347653292939336
 7.6238E-03,0.0323829934624242
 7.6446E-03,0.032435889900968184
 7.6654E-03,0.03186681455221616
 7.6863E-03,0.03100652875522809
 7.7071E-03,0.029976663317775
 7.7279E-03,0.02864055065293212
 7.7488E-03,0.02670924453672365
 7.7696E-03,0.023942923490671807
 7.7904E-03,0.02033614545420323
 7.8112E-03,0.016184516236437144
 7.8321E-03,0.011994952820475725
 7.8529E-03,0.0082863186969614
 7.8737E-03,0.005385702823334961
 7.8946E-03,0.003326754131539992
 7.9154E-03,0.0019005895457757274
 7.9362E-03,0.0008276303638001057
 7.9571E-03,-4.559469231660946e-05
 7.9779E-03,-0.0006328036374412549
 7.9987E-03,-0.0006394004223140365
 8.0195E-03,0.0002782856042948507
 8.0404E-03,0.0023125441190991534
 8.0612E-03,0.005371382700063008
 8.0820E-03,0.00908554056498477
 8.1029E-03,0.012952800260407148
 8.1237E-03,0.01654369272063963
 8.1445E-03,0.01966026640138869
 8.1654E-03,0.022365570655151698
 8.1862E-03,0.02487189948657615
 8.2070E-03,0.02735229555390856
 8.2278E-03,0.029780776260987442
 8.2487E-03,0.03189035961075225
 8.2695E-03,0.0332734306770322
 8.2903E-03,0.033571288810305876
 8.3112E-03,0.03265111314761629
 8.3320E-03,0.030675331864170187
 8.3528E-03,0.02802655858634072
 8.3737E-03,0.025129204458748205
 8.3945E-03,0.022263904167179653
 8.4153E-03,0.019473161490596184
 8.4361E-03,0.01660585650550829
 8.4570E-03,0.013472616806514019
 8.4778E-03,0.01002414440610564
 8.4986E-03,0.006452709418622369
 8.5195E-03,0.0031595170683060172
 8.5403E-03,0.00060361607615494
 8.5611E-03,-0.0008882403312428519
 8.5820E-03,-0.001250669875908745
 8.6028E-03,-0.0006808176372476012
 8.6236E-03,0.00048649839949120317
 8.6444E-03,0.0019609061912161086
 8.6653E-03,0.0036375420833405217
 8.6861E-03,0.0056219738056974555
 8.7069E-03,0.008127624992366654
 8.7278E-03,0.01130376857132456
 8.7486E-03,0.0150896139911284
 8.7694E-03,0.019175850380455967
 8.7903E-03,0.02309706517605472
 8.8111E-03,0.026407863834087393
 8.8319E-03,0.028850445402342665
 8.8527E-03,0.030426221261922702
 8.8736E-03,0.031336091781276054
 8.8944E-03,0.031824920806280875
 8.9152E-03,0.03201697017629519
 8.9361E-03,0.03183278545116997
 8.9569E-03,0.031032630341499976
 8.9777E-03,0.0293621333135562
 8.9986E-03,0.02672000107502077
 9.0194E-03,0.02325557283421853
 9.0402E-03,0.019342105199483667
 9.0610E-03,0.015438935974402365
 9.0819E-03,0.011915163667331054
 9.1027E-03,0.008927156558583949
 9.1235E-03,0.0064120834794168914
 9.1444E-03,0.004196564165468609
 9.1652E-03,0.002157710436041159
 9.1860E-03,0.00034647904031515704
 9.2069E-03,-0.0009952660813913716
 9.2277E-03,-0.001534319796820921
 9.2485E-03,-0.0010092426138034922
 9.2693E-03,0.0006304668574825128
 9.2902E-03,0.003183700230360324
 9.3110E-03,0.006277412146937365
 9.3318E-03,0.00952443477613997
 9.3527E-03,0.01267599515024184
 9.3735E-03,0.01568920303182584
 9.3943E-03,0.01867645011123279
 9.4152E-03,0.021767849909457026
 9.4360E-03,0.024964764143519065
 9.4568E-03,0.028066899733693248
 9.4776E-03,0.030715162368679362
 9.4985E-03,0.032529376607671516
 9.5193E-03,0.03326835155821693
 9.5401E-03,0.032927480237246926
 9.5610E-03,0.031722742280171266
 9.5818E-03,0.029971264139209832
 9.6026E-03,0.027933927144890437
 9.6235E-03,0.025704823989944538
 9.6443E-03,0.023205631594980246
 9.6651E-03,0.020285184304932525
 9.6859E-03,0.01686716970651573
 9.7068E-03,0.013062933227516133
 9.7276E-03,0.009185672869151236
 9.7484E-03,0.005655979814754257
 9.7693E-03,0.0028473424473694814
 9.7901E-03,0.0009521649155067363
 9.8109E-03,-6.276308567593767e-05
 9.8318E-03,-0.00039074539185620386
 9.8526E-03,-0.0002477653871743032
 9.8734E-03,0.00026096031658807116
 9.8942E-03,0.001197941484472974
 9.9151E-03,0.002743716343544877
 9.9359E-03,0.0050686406641141475
 9.9567E-03,0.008197025144616333
 9.9776E-03,0.011938747557494397
 9.9984E-03,0.01592727568220411
 1.0019E-02,0.01974597644720094
 1.0040E-02,0.023077332459984678
 1.0061E-02,0.02579769409810603
 1.0082E-02,0.027969928224935423
 1.0103E-02,0.029741629752699394
 1.0123E-02,0.031207379137150992
 1.0144E-02,0.03231226190216651
 1.0165E-02,0.032850552556446186
 1.0186E-02,0.03256105796631757
 1.0207E-02,0.03126763715658728
 1.0228E-02,0.028988566693251422
 1.0248E-02,0.0259551315334564
 1.0269E-02,0.022528822434527692
 1.0290E-02,0.019060904552144778
 1.0311E-02,0.015768325886236213
 1.0332E-02,0.012689952595199136
 1.0353E-02,0.009742856589826512
 1.0373E-02,0.006844104969751267
 1.0394E-02,0.004028520877393691
 1.0415E-02,0.0014958099037312659
 1.0436E-02,-0.00044064333870220593
 1.0457E-02,-0.0014774236975901034
 1.0477E-02,-0.001452079668756827
 1.0498E-02,-0.0004124267490154701
 1.0519E-02,0.0014118443849014976
 1.0540E-02,0.003719260287127274
 1.0561E-02,0.006269282038328269
 1.0582E-02,0.00896740551237894
 1.0602E-02,0.01185901896616105
 1.0623E-02,0.015038320304169316
 1.0644E-02,0.018524780241654194
 1.0665E-02,0.022177148169227674
 1.0686E-02,0.025694541354081342
 1.0707E-02,0.02870692306648749
 1.0727E-02,0.030908810072217314
 1.0748E-02,0.03216655371059888
 1.0769E-02,0.03254373740920281
 1.0790E-02,0.03223338505617535
 1.0811E-02,0.031435673365690274
 1.0832E-02,0.03024845381887191
 1.0852E-02,0.028629767236656146
 1.0873E-02,0.026451445190619493
 1.0894E-02,0.023612823238461186
 1.0915E-02,0.020150719968409617
 1.0936E-02,0.01628386330612842
 1.0957E-02,0.012365517288695935
 1.0977E-02,0.008767599995358354
 1.0998E-02,0.005756130350519266
 1.1019E-02,0.0034218474464999607
 1.1040E-02,0.0016996176108235444
 1.1061E-02,0.0004624523243733666
 1.1082E-02,-0.0003636144557436186
 1.1102E-02,-0.0007277946130193275
 1.1123E-02,-0.0004656474619354563
 1.1144E-02,0.0006128277235784823
 1.1165E-02,0.0026060048259258124
 1.1186E-02,0.005438231431929124
 1.1207E-02,0.008857652014013923
 1.1227E-02,0.012516916613843899
 1.1248E-02,0.016095345464281322
 1.1269E-02,0.019399367701762378
 1.1290E-02,0.022390305987205334
 1.1311E-02,0.02512817994163457
 1.1332E-02,0.02766565610343151
 1.1352E-02,0.029952916309188504
 1.1373E-02,0.03180771169360197
 1.1394E-02,0.032968919849256595
 1.1415E-02,0.033206125827203586
 1.1436E-02,0.032426954644761995
 1.1456E-02,0.030724779712859234
 1.1477E-02,0.028341444724663357
 1.1498E-02,0.02556520409892873
 1.1519E-02,0.022618340967768553
 1.1540E-02,0.019593403872661383
 1.1561E-02,0.016469659915592728
 1.1581E-02,0.013197344110319285
 1.1602E-02,0.009800517347549534
 1.1623E-02,0.006439594901087309
 1.1644E-02,0.0033968802854891724
 1.1665E-02,0.0009903998243528576
 1.1686E-02,-0.0005398646088367962
 1.1706E-02,-0.001114458157906516
 1.1727E-02,-0.0008236259128524111
 1.1748E-02,0.00013972904177621335
 1.1769E-02,0.0015859350787518615
 1.1790E-02,0.0034160115032157434
 1.1811E-02,0.005644400604127816
 1.1831E-02,0.008346466054418921
 1.1852E-02,0.011561437192527632
 1.1873E-02,0.015205826297081167
 1.1894E-02,0.019046824129855346
 1.1915E-02,0.022752898271613357
 1.1936E-02,0.0259972389770628
 1.1956E-02,0.02856123647167567
 1.1977E-02,0.030385205223012586
 1.1998E-02,0.03154207120380604
 1.2019E-02,0.03215118701910178
 1.2040E-02,0.03228126962885103
 1.2061E-02,0.031896446078032645
 1.2081E-02,0.03087504488429656
 1.2102E-02,0.029090511394282148
 1.2123E-02,0.026509589938034366
 1.2144E-02,0.023253244643788463
 1.2165E-02,0.019585797376210766
 1.2186E-02,0.015836378069766774
 1.2206E-02,0.012292899747436935
 1.2227E-02,0.009122883224900697
 1.2248E-02,0.006360249512298103
 1.2269E-02,0.003961253802140996
 1.2290E-02,0.0018956170445918116
 1.2311E-02,0.00022054846702218751
 1.2331E-02,-0.000904584838737598
 1.2352E-02,-0.0012723807345428044
 1.2373E-02,-0.0007220856442072362
 1.2394E-02,0.0007756175463422811
 1.2415E-02,0.0030891635540809467
 1.2436E-02,0.00596811027696404
 1.2456E-02,0.00913489049807899
 1.2477E-02,0.012378576070448174
 1.2498E-02,0.015602586975277756
 1.2519E-02,0.018803741810594257
 1.2540E-02,0.021997490380669317
 1.2560E-02,0.02513330433208651
 1.2581E-02,0.028049303368621586
 1.2602E-02,0.030493611636948997
 1.2623E-02,0.03220344630779721
 1.2644E-02,0.03300133030571654
 1.2665E-02,0.03285822638694742
 1.2685E-02,0.03189099295254424
 1.2706E-02,0.030296719506448258
 1.2727E-02,0.02826000956877976
 1.2748E-02,0.025882963217059775
 1.2769E-02,0.023174256674980204
 1.2790E-02,0.020100848870429663
 1.2810E-02,0.016671448464155872
 1.2831E-02,0.013003569186321102
 1.2852E-02,0.009335000356584692
 1.2873E-02,0.005970719828202511
 1.2894E-02,0.003191140646580267
 1.2915E-02,0.001168250233804569
 1.2935E-02,-6.826247418600527e-05
 1.2956E-02,-0.000599675258701763
 1.2977E-02,-0.00054113049304881
 1.2998E-02,3.797868622233214e-05
 1.3019E-02,0.0011525223080128242
 1.3040E-02,0.002878550788922714
 1.3060E-02,0.005282097101811178
 1.3081E-02,0.008339817073503968
 1.3102E-02,0.01189618410971609
 1.3123E-02,0.0156825649540491
 1.3144E-02,0.01939046925416299
 1.3165E-02,0.022762372425510248
 1.3185E-02,0.025654308305140056
 1.3206E-02,0.028039861547744856
 1.3227E-02,0.029956875878185765
 1.3248E-02,0.03142891614425445
 1.3269E-02,0.032406614416464884
 1.3290E-02,0.03276249879795074
 1.3310E-02,0.03234316189853316
 1.3331E-02,0.031050903079207763
 1.3352E-02,0.028910509936827974
 1.3373E-02,0.02608452566660676
 1.3394E-02,0.022827879905037034
 1.3415E-02,0.01940505415255836
 1.3435E-02,0.01601246936182851
 1.3456E-02,0.012745119341551439
 1.3477E-02,0.009621910113166827
 1.3498E-02,0.006652209582307672
 1.3519E-02,0.0039040495411249905
 1.3539E-02,0.0015340202995334173
 1.3560E-02,-0.00023984576789080132
 1.3581E-02,-0.001209665420052377
 1.3602E-02,-0.0012569350044074378
 1.3623E-02,-0.0003981913474952847
 1.3644E-02,0.001226405456993965
 1.3664E-02,0.0034149562845994068
 1.3685E-02,0.005983201099329844
 1.3706E-02,0.00881988234509105
 1.3727E-02,0.011890352528518694
 1.3748E-02,0.015189239630265368
 1.3769E-02,0.018670859969295732
 1.3789E-02,0.022198215811062377
 1.3810E-02,0.025541337597446513
 1.3831E-02,0.02842894653909976
 1.3852E-02,0.0306284306644486
 1.3873E-02,0.03201362795321429
 1.3894E-02,0.03258628756806408
 1.3914E-02,0.03244184510521055
 1.3935E-02,0.031699791253777275
 1.3956E-02,0.0304373145020799
 1.3977E-02,0.028662167779849142
 1.3998E-02,0.026338523842654966
 1.4019E-02,0.023450150692653923
 1.4039E-02,0.020064577222267812
 1.4060E-02,0.016361169285207908
 1.4081E-02,0.012605452193963505
 1.4102E-02,0.009080907181589253
 1.4123E-02,0.006012120858165529
 1.4144E-02,0.003517442095821429
 1.4164E-02,0.0016131450698124816
 1.4185E-02,0.00026344323101523204
 1.4206E-02,-0.0005535040606485206
 1.4227E-02,-0.000801280141947498
 1.4248E-02,-0.000387707062254446
 1.4269E-02,0.0007867700231222234
 1.4289E-02,0.002761094073256651
 1.4310E-02,0.005463344542674335
 1.4331E-02,0.008706465147506698
 1.4352E-02,0.012233941981802655
 1.4373E-02,0.015793028185801215
 1.4394E-02,0.019198784142400976
 1.4414E-02,0.02235759491917054
 1.4435E-02,0.025240987560694674
 1.4456E-02,0.02782747389881171
 1.4477E-02,0.030047207111671796
 1.4498E-02,0.03176226553341781
 1.4519E-02,0.032795528311083996
 1.4539E-02,0.032994225254283235
 1.4560E-02,0.032294945702304886
 1.4581E-02,0.0307556468033031
 1.4602E-02,0.028537633391755964
 1.4623E-02,0.02584703178642435
 1.4643E-02,0.022866477704259657
 1.4664E-02,0.019712156924100666
 1.4685E-02,0.01643678552432175
 1.4706E-02,0.01307369149188318
 1.4727E-02,0.009694719837741441
 1.4748E-02,0.006447313063353338
 1.4768E-02,0.0035476453769253276
 1.4789E-02,0.0012307012213256014
 1.4810E-02,-0.00031839216658524996
 1.4831E-02,-0.0010172383221839323
 1.4852E-02,-0.0008970149117603958
 1.4873E-02,-6.724924953534033e-05
 1.4893E-02,0.001345408696761116
 1.4914E-02,0.003251229740105641
 1.4935E-02,0.005615867874671778
 1.4956E-02,0.008434839376768824
 1.4977E-02,0.01167995971679104
 1.4998E-02,0.015249223722317266
 1.5018E-02,0.018950015423557617
 1.5039E-02,0.022527712117365213
 1.5060E-02,0.025727345894307817
 1.5081E-02,0.028358175617721932
 1.5102E-02,0.030329422353494326
 1.5123E-02,0.03164088549655463
 1.5143E-02,0.032336269107029546
 1.5164E-02,0.03244669702607023
 1.5185E-02,0.03195645235796822
 1.5206E-02,0.030810084230908558
 1.5227E-02,0.02895681568571399
 1.5248E-02,0.02640733992567666
 1.5268E-02,0.023270921048889587
 1.5289E-02,0.019751034017277208
 1.5310E-02,0.016099869226568152
 1.5331E-02,0.012553825077101838
 1.5352E-02,0.009281844726010537
 1.5373E-02,0.0063710290999478905
 1.5393E-02,0.0038536021176707107
 1.5414E-02,0.0017571206077004395
 1.5435E-02,0.00014774293926386088
 1.5456E-02,-0.0008592311544758703
 1.5477E-02,-0.0011290029283645296
 1.5498E-02,-0.0005622880295486484
 1.5518E-02,0.0008532888097156977
 1.5539E-02,0.0030229448135599577
 1.5560E-02,0.005766946846098974
 1.5581E-02,0.00887437694623678
 1.5602E-02,0.012161260021323606
 1.5622E-02,0.015504173027619732
 1.5643E-02,0.018834223257615704
 1.5664E-02,0.022098023216285526
 1.5685E-02,0.02521022603645799
 1.5706E-02,0.028026631982695942
 1.5727E-02,0.030355479814778718
 1.5747E-02,0.032003522558124414
 1.5768E-02,0.032834271741046646
 1.5789E-02,0.03280880572478325
 1.5810E-02,0.03198855605557369
 1.5831E-02,0.03049957087914184
 1.5852E-02,0.028477952542915855
 1.5872E-02,0.02602553002279288
 1.5893E-02,0.02319839425702587
 1.5914E-02,0.02003235457554719
 1.5935E-02,0.016588857180700082
 1.5956E-02,0.012993575935932176
 1.5977E-02,0.009443793597578437
 1.5997E-02,0.0061775851249130966
 1.6018E-02,0.0034184398885779947
 1.6039E-02,0.0013221574767741692
 1.6060E-02,-4.838640215880613e-05
 1.6081E-02,-0.0007098461144010074
 1.6102E-02,-0.0007159711790869983
 1.6122E-02,-0.00011063683344957889
 1.6143E-02,0.0010975766235168144
 1.6164E-02,0.0029256508676132444
 1.6185E-02,0.005377342796552121
 1.6206E-02,0.008397711704706847
 1.6227E-02,0.011847412248731402
 1.6247E-02,0.01551295399764454
 1.6268E-02,0.0191500949564667
 1.6289E-02,0.02253997108585602
 1.6310E-02,0.025530917311863993
 1.6331E-02,0.028046776869111674
 1.6352E-02,0.030060560341763624
 1.6372E-02,0.03155079467543743
 1.6393E-02,0.032466782760722165
 1.6414E-02,0.03272351763411874
 1.6435E-02,0.03223022427649037
 1.6456E-02,0.03093761515007638
 1.6477E-02,0.02887822787536394
 1.6497E-02,0.026177462978731414
 1.6518E-02,0.023028325407163167
 1.6539E-02,0.019641971676479478
 1.6560E-02,0.016198607639589142
 1.6581E-02,0.012822428494325142
 1.6602E-02,0.009590777813010324
 1.6622E-02,0.006568977789399524
 1.6643E-02,0.003848501125749514
 1.6664E-02,0.0015646818329087624
 1.6685E-02,-0.00011834452969134378
 1.6706E-02,-0.0010496501634538822
 1.6726E-02,-0.0011397147380113539
 1.6747E-02,-0.00039031362935311204
 1.6768E-02,0.0011090385965321962
 1.6789E-02,0.0032158513610973443
 1.6810E-02,0.005782346620812357
 1.6831E-02,0.00869163287539995
 1.6851E-02,0.011864876856057752
 1.6872E-02,0.015238228615023691
 1.6893E-02,0.018724985321634524
 1.6914E-02,0.022186657387752776
 1.6935E-02,0.0254318362909975
 1.6956E-02,0.028246666253865783
 1.6976E-02,0.03044347794049808
 1.6997E-02,0.03190409325463885
 1.7018E-02,0.03259690049253305
 1.7039E-02,0.03256060809550712
 1.7060E-02,0.03186509083778603
 1.7081E-02,0.030571437552761822
 1.7101E-02,0.02871290727463351
 1.7122E-02,0.026306337418348823
 1.7143E-02,0.023386338239557273
 1.7164E-02,0.020041742378616972
 1.7185E-02,0.016432210225808302
 1.7206E-02,0.012773388972579715
 1.7226E-02,0.009295804039046437
 1.7247E-02,0.006196601088526153
 1.7268E-02,0.0036068783822419156
 1.7289E-02,0.0015888373533361304
 1.7310E-02,0.00016105521881775342
 1.7331E-02,-0.0006645320564166543
 1.7351E-02,-0.0008559919568399277
 1.7372E-02,-0.000360812285115709
 1.7393E-02,0.000867714880703995
 1.7414E-02,0.0028314356774485844
 1.7435E-02,0.005457317905503636
 1.7456E-02,0.008593870530088185
 1.7476E-02,0.012037695623892411
 1.7497E-02,0.015578163362811244
 1.7518E-02,0.019038911874615903
 1.7539E-02,0.022296968275505844
 1.7560E-02,0.025272600455257303
 1.7581E-02,0.027898858597825576
 1.7601E-02,0.030090565230381786
 1.7622E-02,0.031732438546050706
 1.7643E-02,0.032695178583440405
 1.7664E-02,0.03287265079294276
 1.7685E-02,0.03222131940251095
 1.7705E-02,0.03078132784863295
 1.7726E-02,0.02866802588210831
 1.7747E-02,0.026038154209331282
 1.7768E-02,0.02304792944459605
 1.7789E-02,0.019823900890560346
 1.7810E-02,0.016459829104650714
 1.7830E-02,0.013038229650049154
 1.7851E-02,0.009661617479606659
 1.7872E-02,0.006473222500087008
 1.7893E-02,0.003652782395428102
 1.7914E-02,0.0013866920033140362
 1.7935E-02,-0.00017415289676652487
 1.7955E-02,-0.00094860598818482
 1.7976E-02,-0.000935335383912881
 1.7997E-02,-0.00019495647630174385
 1.8018E-02,0.0011851490596260037
 1.8039E-02,0.0031241909351410538
 1.8060E-02,0.005562185950433459
 1.8080E-02,0.008448797354415559
 1.8101E-02,0.011714877919650568
 1.8122E-02,0.01524460074023277
 1.8143E-02,0.01886607746459569
 1.8164E-02,0.022368604509194513
 1.8185E-02,0.025540422414484933
 1.8205E-02,0.02820981925727493
 1.8226E-02,0.03027052840032742
 1.8247E-02,0.03168067550013959
 1.8268E-02,0.032438503530368985
 1.8289E-02,0.03255015826240891
 1.8310E-02,0.03200843526740824
 1.8330E-02,0.030794681210388676
 1.8351E-02,0.028902739782107483
 1.8372E-02,0.02637122475774722
 1.8393E-02,0.02330534825563995
 1.8414E-02,0.019874736654934652
 1.8435E-02,0.0162862436303903
 1.8455E-02,0.012743859346309167
 1.8476E-02,0.009414350815020983
 1.8497E-02,0.006413812620979775
 1.8518E-02,0.0038188529913674514
 1.8539E-02,0.0016929502928655087
 1.8560E-02,0.00011069508904127225
 1.8580E-02,-0.0008356842841278635
 1.8601E-02,-0.0010529462922862238
 1.8622E-02,-0.00047895601275306466
 1.8643E-02,0.0008862854685456434
 1.8664E-02,0.0029672801371002835
 1.8685E-02,0.005625018971032998
 1.8705E-02,0.00868900092973349
 1.8726E-02,0.011993846494877412
 1.8747E-02,0.015403206158852399
 1.8768E-02,0.018811015738959002
 1.8789E-02,0.02212270852754203
 1.8809E-02,0.025229954941859516
 1.8830E-02,0.027995940460071412
 1.8851E-02,0.030262278094010237
 1.8872E-02,0.03187662045113029
 1.8893E-02,0.032728434351358346
 1.8914E-02,0.03277553428320357
 1.8934E-02,0.03204848168655262
 1.8955E-02,0.030631380511491616
 1.8976E-02,0.028629718132415174
 1.8997E-02,0.026142156636782928
 1.9018E-02,0.023250251856415664
 1.9039E-02,0.020029658735198855
 1.9059E-02,0.016574207655853032
 1.9080E-02,0.013016933180730416
 1.9101E-02,0.009533621667424257
 1.9122E-02,0.006323836053595336
 1.9143E-02,0.003576527409230961
 1.9164E-02,0.0014356774458965144
 1.9184E-02,-1.8504197713360574e-05
 1.9205E-02,-0.000765430867514802
 1.9226E-02,-0.0008215383532849689
 1.9247E-02,-0.00021300894214815343
 1.9268E-02,0.00104066888052996
 1.9289E-02,0.0029234372665398927
 1.9309E-02,0.005402197831163726
 1.9330E-02,0.008401547834700967
 1.9351E-02,0.01178926701050467
 1.9372E-02,0.015382762892785852
 1.9393E-02,0.018975766493213617
 1.9414E-02,0.022373948566700684
 1.9434E-02,0.02542351031902686
 1.9455E-02,0.028020667490010788
 1.9476E-02,0.030100190217872743
 1.9497E-02,0.03161222707351655
 1.9518E-02,0.03250253819759267
 1.9539E-02,0.03270882681490427
 1.9559E-02,0.0321764720290675
 1.9580E-02,0.0308857840802309
 1.9601E-02,0.028876034404167444
 1.9622E-02,0.026252687861779804
 1.9643E-02,0.02317281389877639
 1.9664E-02,0.019814900960176487
 1.9684E-02,0.016347146367448124
 1.9705E-02,0.012908554120020876
 1.9726E-02,0.009609810210805703
 1.9747E-02,0.006549992988180993
 1.9768E-02,0.003836643751550116
 1.9788E-02,0.001595140712306683
 1.9809E-02,-4.0540009707079475e-05
 1.9830E-02,-0.0009531239235913469
 1.9851E-02,-0.0010717337886125612
 1.9872E-02,-0.0003914583268239411
 1.9893E-02,0.0010268369303113884
 1.9913E-02,0.0030761058045984517
 1.9934E-02,0.00563205720488043
 1.9955E-02,0.008577085671368286
 1.9976E-02,0.011808249239244306
 1.9997E-02,0.015227530900501898
 2.0018E-02,0.0187226017012528
 2.0038E-02,0.022151684268002698
 2.0059E-02,0.025343995795445298
 2.0080E-02,0.028118789877826064
 2.0101E-02,0.030315808297919213
 2.0122E-02,0.031823534823492185
 2.0143E-02,0.03259249539649905
 2.0163E-02,0.03262850603866658
 2.0184E-02,0.03197106927960568
 2.0205E-02,0.030669480487104626
 2.0226E-02,0.028769678001309584
 2.0247E-02,0.026318278225634432
 2.0268E-02,0.023380234809721265
 2.0288E-02,0.020058619930617323
 2.0309E-02,0.016503450759662024
 2.0330E-02,0.012902092972554928
 2.0351E-02,0.009453479979295201
 2.0372E-02,0.006336914521449416
 2.0393E-02,0.0036889898177476315
 2.0413E-02,0.0015977644908017298
 2.0434E-02,0.00011420201296746184
 2.0455E-02,-0.0007280148268182469
 2.0476E-02,-0.0008971038732278562
 2.0497E-02,-0.0003619563897448193
 2.0518E-02,0.0008935697570824651
 2.0538E-02,0.0028485241431045385
 2.0559E-02,0.005427457930651516
 2.0580E-02,0.008498354239963543
 2.0601E-02,0.011888822903915826
 2.0622E-02,0.015414178435570804
 2.0643E-02,0.01890507527466411
 2.0663E-02,0.02222296476786963
 2.0684E-02,0.02525841727584859
 2.0705E-02,0.02791663853520257
 2.0726E-02,0.030101275083498334
 2.0747E-02,0.03170820258347964
 2.0768E-02,0.03263513001792001
 2.0788E-02,0.03280374742253532
 2.0809E-02,0.03218377117529283
 2.0830E-02,0.030806623472279523
 2.0851E-02,0.028761500211636485
 2.0872E-02,0.02617549650847976
 2.0892E-02,0.023187427307859595
 2.0913E-02,0.019927708823197842
 2.0934E-02,0.01651275021860693
 2.0955E-02,0.013053958015341337
 2.0976E-02,0.009673256714815904
 2.0997E-02,0.006513413210201973
 2.1017E-02,0.0037343267231463606
 2.1038E-02,0.0014941942046317112
 2.1059E-02,-7.714342569666108e-05
 2.1080E-02,-0.0009008534559722825
 2.1101E-02,-0.0009576997696587158
 2.1122E-02,-0.0002795504143283358
 2.1142E-02,0.0010706788044163931
 2.1163E-02,0.0030196598535292005
 2.1184E-02,0.005494355668331485
 2.1205E-02,0.008418368825230074
 2.1226E-02,0.011697886822430982
 2.1247E-02,0.015207293543559618
 2.1267E-02,0.01878507509637608
 2.1288E-02,0.022245348898819777
 2.1309E-02,0.025402047761535557
 2.1330E-02,0.02809597324114631
 2.1351E-02,0.030213281437276508
 2.1372E-02,0.03168837539662149
 2.1392E-02,0.03249225551193839
 2.1413E-02,0.03261474022240293
 2.1434E-02,0.03205164269667945
 2.1455E-02,0.03080457742767425
 2.1476E-02,0.028893495286344162
 2.1497E-02,0.026374476755268196
 2.1517E-02,0.023351879568392766
 2.1538E-02,0.01997648395369142
 2.1559E-02,0.016428395044872514
 2.1580E-02,0.012891278607470733
 2.1601E-02,0.009528810056970457
 2.1622E-02,0.006472734683353795
 2.1642E-02,0.0038255443506897014
 2.1663E-02,0.0016729780972927566
 2.1684E-02,9.655895292283337e-05
 2.1705E-02,-0.0008231686704063546
 2.1726E-02,-0.0010164524364294689
 2.1747E-02,-0.00044330353936643566
 2.1767E-02,0.000887821257212391
 2.1788E-02,0.00291154960007279
 2.1809E-02,0.0055124092319277194
 2.1830E-02,0.008544434773877289
 2.1851E-02,0.01185482942721166
 2.1871E-02,0.0153013483378893
 2.1892E-02,0.018756933516113797
 2.1913E-02,0.022102336898488954
 2.1934E-02,0.025214108121923248
 2.1955E-02,0.027957803980698318
 2.1976E-02,0.030193271731976334
 2.1996E-02,0.03179202143514662
 2.2017E-02,0.03265975761086858
 2.2038E-02,0.032753868187282
 2.2059E-02,0.03208785692907461
 2.2080E-02,0.030721171316740355
 2.2101E-02,0.028740117229515076
 2.2121E-02,0.026239661098455942
 2.2142E-02,0.023314717873090845
 2.2163E-02,0.020063722740718767
 2.2184E-02,0.016600091500829788
 2.2205E-02,0.013062522612963591
 2.2226E-02,0.009615494010996765
 2.2246E-02,0.006436500775159719
 2.2267E-02,0.0036937169849085454
 2.2288E-02,0.001522983859699509
 2.2309E-02,1.3542978734264275e-05
 2.2330E-02,-0.0007924805397795823
 2.2351E-02,-0.0008887759137980392
 2.2371E-02,-0.0002893932965782291
 2.2392E-02,0.0009816902676906569
 2.2413E-02,0.0028902840964940904
 2.2434E-02,0.005381785323739979
 2.2455E-02,0.008367883197536861
 2.2476E-02,0.011719231335439305
 2.2496E-02,0.015270432792768403
 2.2517E-02,0.018837452702996076
 2.2538E-02,0.022241178067074714
 2.2559E-02,0.02532771396735112
 2.2580E-02,0.027977815284169566
 2.2601E-02,0.030103621086977554
 2.2621E-02,0.03163746471933948
 2.2642E-02,0.03252140050202049
 2.2663E-02,0.03270514031247635
 2.2684E-02,0.03215488845382505
 2.2705E-02,0.030868980712964393
 2.2726E-02,0.02889189119369711
 2.2746E-02,0.02631844397340489
 2.2767E-02,0.02328479385398641
 2.2788E-02,0.01994933352904005
 2.2809E-02,0.01647157502280646
 2.2830E-02,0.012997641990643946
 2.2851E-02,0.009657047804068734
 2.2871E-02,0.006569121408984899
 2.2892E-02,0.0038522147126212793
 2.2913E-02,0.0016274915689872028
 2.2934E-02,1.2333956974045152e-05
 2.2955E-02,-0.0008955912086833222
 2.2975E-02,-0.0010370515174665446
 2.2996E-02,-0.0004041648802008012
 2.3017E-02,0.0009585538271170316
 2.3038E-02,0.0029653590909485715
 2.3059E-02,0.0055071396350215955
 2.3080E-02,0.008467582575245708
 2.3100E-02,0.011730827257805642
 2.3121E-02,0.015178960205152464
 2.3142E-02,0.01868361989834214
 2.3163E-02,0.02209944527034431
 2.3184E-02,0.025266237793022773
 2.3205E-02,0.028021981875681487
 2.3225E-02,0.03022285052319021
 2.3246E-02,0.031762286620223734
 2.3267E-02,0.03258138680087225
 2.3288E-02,0.03266704959012894
 2.3309E-02,0.03204039088734726
 2.3330E-02,0.03074252030179733
 2.3350E-02,0.02882546546585213
 2.3371E-02,0.026352515150113286
 2.3392E-02,0.02340648586143268
 2.3413E-02,0.020099552981946975
 2.3434E-02,0.016576970531695167
 2.3455E-02,0.01300994483354687
 2.3475E-02,0.0095785189215505
 2.3496E-02,0.006450524834103871
 2.3517E-02,0.003764672674664555
 2.3538E-02,0.0016236311620424406
 2.3559E-02,9.775856588342246e-05
 2.3580E-02,-0.0007652160924964831
 2.3600E-02,-0.0009319199498819262
 2.3621E-02,-0.0003824123387615176
 2.3642E-02,0.000882111250374055
 2.3663E-02,0.0028270549556443096
 2.3684E-02,0.005374793497223865
 2.3705E-02,0.00840408998691628
 2.3725E-02,0.011760693750906902
 2.3746E-02,0.01527576856866794
 2.3767E-02,0.01878504089362092
 2.3788E-02,0.022141513713107776
 2.3809E-02,0.025218261479390516
 2.3830E-02,0.027903206072948675
 2.3850E-02,0.03009196374063694
 2.3871E-02,0.03168559760230119
 2.3892E-02,0.03259702222908509
 2.3913E-02,0.03276458074222381
 2.3934E-02,0.03216682172407206
 2.3954E-02,0.030831218138408476
 2.3975E-02,0.028832213837716864
 2.3996E-02,0.02627912926268251
 2.4017E-02,0.02329931336765615
 2.4038E-02,0.020023868687106382
 2.4059E-02,0.016581294711150534
 2.4079E-02,0.013099637896025012
 2.4100E-02,0.009712830982108515
 2.4121E-02,0.0065645059710556525
 2.4142E-02,0.0038039438452245216
 2.4163E-02,0.001573203055661502
 2.4184E-02,-1.0540318147272054e-05
 2.4204E-02,-0.0008704994071186992
 2.4225E-02,-0.000977413606093194
 2.4246E-02,-0.00034605490555083824
 2.4267E-02,0.000976090000034066
 2.4288E-02,0.0029216720556046747
 2.4309E-02,0.00541150209593105
 2.4329E-02,0.008354696657303387
 2.4350E-02,0.011642782592334002
 2.4371E-02,0.015143384862133477
 2.4392E-02,0.01869976191938363
 2.4413E-02,0.02213959059029458
 2.4434E-02,0.02529156964251017
 2.4454E-02,0.02800420648545666
 2.4475E-02,0.030159854823338165
 2.4496E-02,0.031679398349121715
 2.4517E-02,0.032517662064016274
 2.4538E-02,0.03265413194124942
 2.4559E-02,0.03208545739743136
 2.4579E-02,0.03082452411366969
 2.4600E-02,0.028906600812214547
 2.4621E-02,0.026398565764174164
 2.4642E-02,0.023404962986417685
 2.4663E-02,0.020065824841900958
 2.4684E-02,0.016545168657391827
 2.4704E-02,0.013013694247822019
 2.4725E-02,0.00963200077473519
 2.4746E-02,0.00654012003067923
 2.4767E-02,0.003855650158384201
 2.4788E-02,0.0016782067802781665
 2.4809E-02,9.476121610713919e-05
 2.4829E-02,-0.0008196212636449171
 2.4850E-02,-0.0010081111552604422
 2.4871E-02,-0.0004435635478780614
 2.4892E-02,0.0008602593051637171
 2.4913E-02,0.0028435704408416346
 2.4934E-02,0.005404803982403918
 2.4954E-02,0.008413106074028242
 2.4975E-02,0.01172415294413104
 2.4996E-02,0.01519316663527093
 2.5017E-02,0.0186809876744553
 2.5038E-02,0.022053148939880206
 2.5058E-02,0.02517584892326032
 2.5079E-02,0.02791439644255345
 2.5100E-02,0.030138201763237504
 2.5121E-02,0.031732558701569887
 2.5142E-02,0.03261338234841955
 2.5163E-02,0.032738954573627334
 2.5183E-02,0.03211375357025104
 2.5204E-02,0.030783076786086827
 2.5225E-02,0.028821467320615555
 2.5246E-02,0.02632062606605851
 2.5267E-02,0.023382112954464813
 2.5288E-02,0.02011693279762132
 2.5308E-02,0.016649839105548687
 2.5329E-02,0.013123231143775803
 2.5350E-02,0.009695482475234326
 2.5371E-02,0.006531414857538518
 2.5392E-02,0.003786835157377359
 2.5413E-02,0.0015923140874977617
 2.5433E-02,4.19678270228705e-05
 2.5454E-02,-0.0008093765510474813
 2.5475E-02,-0.0009412949835418315
 2.5496E-02,-0.00035937102391638714
 2.5517E-02,0.0009113079547064639
 2.5538E-02,0.002827116428437134
 2.5558E-02,0.00532137561388989
 2.5579E-02,0.008298037690659288
 2.5600E-02,0.011628822442838124
 2.5621E-02,0.015157726604941406
 2.5642E-02,0.018713292829884223
 2.5663E-02,0.02212517449518781
 2.5683E-02,0.025239411986358727
 2.5704E-02,0.027927569535922365
 2.5725E-02,0.030088081759184638
 2.5746E-02,0.031642111977288404
 2.5767E-02,0.032528784398688206
 2.5788E-02,0.032704430312872595
 2.5808E-02,0.03214764350520422
 2.5829E-02,0.030868081070249596
 2.5850E-02,0.02891423156658887
 2.5871E-02,0.026375314077967258
 2.5892E-02,0.02337508699852762
 2.5913E-02,0.020059175331125327
 2.5933E-02,0.016580495312797906
 2.5954E-02,0.013087914506663429
 2.5975E-02,0.009721189579311595
 2.5996E-02,0.00661163053618034
 2.6017E-02,0.003884801514897156
 2.6037E-02,0.0016605841357453487
 2.6058E-02,4.761451531328431e-05
 2.6079E-02,-0.0008674782376213868
 2.6100E-02,-0.0010323202465677642
 2.6121E-02,-0.00043745448584168187
 2.6142E-02,0.0008823462775910361
 2.6162E-02,0.002854590705026358
 2.6183E-02,0.00538037006736466
 2.6204E-02,0.008345537088526391
 2.6225E-02,0.011627576074015664
 2.6246E-02,0.015096879464890758
 2.6267E-02,0.0186146267511835
 2.6287E-02,0.02203162349985633
 2.6308E-02,0.025192113488475006
 2.6329E-02,0.027943895027546926
 2.6350E-02,0.03015252002458271
 2.6371E-02,0.031714883429560164
 2.6392E-02,0.03256745733637016
 2.6412E-02,0.03268680475542998
 2.6433E-02,0.03208354933816965
 2.6454E-02,0.030793802219684686
 2.6475E-02,0.028872689020578046
 2.6496E-02,0.0263928002711338
 2.6517E-02,0.023447118125878783
 2.6537E-02,0.020153003272295706
 2.6558E-02,0.016652765659674662
 2.6579E-02,0.013107801591587838
 2.6600E-02,0.009686484899925133
 2.6621E-02,0.006549194319236069
 2.6642E-02,0.00383530962545742
 2.6662E-02,0.0016559699199917201
 2.6683E-02,9.346142124085793e-05
 2.6704E-02,-0.0007951162831817258
 2.6725E-02,-0.0009740452430873793
 2.6746E-02,-0.00042862739786945017
 2.6767E-02,0.000830691458406983
 2.6787E-02,0.0027617771518980193
 2.6808E-02,0.0052858863958465205
 2.6829E-02,0.008288185481235328
 2.6850E-02,0.011625204094199173
 2.6871E-02,0.015137547203199132
 2.6892E-02,0.018663841355043724
 2.6912E-02,0.022051597474103287
 2.6933E-02,0.025162551746942482
 2.6954E-02,0.027873059394733776
 2.6975E-02,0.030072649260246553
 2.6996E-02,0.03166456145411551
 2.7017E-02,0.03257059471819534
 2.7037E-02,0.032739686215077834
 2.7058E-02,0.03215694978586869
 2.7079E-02,0.030848940393018883
 2.7100E-02,0.028882273781122042
 2.7121E-02,0.026355711005685664
 2.7141E-02,0.02338878684042415
 2.7162E-02,0.020111366720028417
 2.7183E-02,0.016657465595816955
 2.7204E-02,0.013163906263141019
 2.7225E-02,0.009771484017402266
 2.7246E-02,0.0066248008178646425
 2.7266E-02,0.0038676218217638153
 2.7287E-02,0.0016331124208209687
 2.7308E-02,3.128052125714103e-05
 2.7329E-02,-0.0008622201874306958
 2.7350E-02,-0.001012052385569791
 2.7371E-02,-0.0004223033440540479
 2.7391E-02,0.0008698376468155494
 2.7412E-02,0.002802187780037826
 2.7433E-02,0.0052935796696511155
 2.7454E-02,0.008245711725588292
 2.7475E-02,0.011541660423022099
 2.7496E-02,0.015044236578860351
 2.7516E-02,0.018597919329761153
 2.7537E-02,0.02203652547320574
 2.7558E-02,0.025195883470560863
 2.7579E-02,0.027928106936314843
 2.7600E-02,0.030113067466122915
 2.7621E-02,0.0316639300998392
 2.7641E-02,0.03252643755860724
 2.7662E-02,0.03267445012199673
 2.7683E-02,0.03210556430317245
 2.7704E-02,0.0308398108339455
 2.7725E-02,0.028922018385900757
 2.7746E-02,0.02642581357258831
 2.7766E-02,0.023455819221879795
 2.7787E-02,0.02014509665852865
 2.7808E-02,0.016646966167646902
 2.7829E-02,0.013122963955660798
 2.7850E-02,0.00973048042760748
 2.7871E-02,0.006613594483015493
 2.7891E-02,0.003898789926722849
 2.7912E-02,0.001694643058666242
 2.7933E-02,9.263425386097203e-05
 2.7954E-02,-0.0008339994817830533
 2.7975E-02,-0.0010348855537283918
 2.7996E-02,-0.0004896478300251851
 2.8016E-02,0.0007854071726401988
 2.8037E-02,0.002734420714293008
 2.8058E-02,0.005264906104316241
 2.8079E-02,0.008255981952338384
 2.8100E-02,0.011569212360720922
 2.8120E-02,0.015058550145621472
 2.8141E-02,0.018576880621354954
 2.8162E-02,0.021978888838517487
 2.8183E-02,0.0251221823908428
 2.8204E-02,0.02786956719317847
 2.8225E-02,0.03009459773278877
 2.8245E-02,0.03169047565853262
 2.8266E-02,0.03258014502463094
 2.8287E-02,0.0327242050443011
 2.8308E-02,0.03212373565954981
 2.8329E-02,0.03081712684634618
 2.8350E-02,0.028872520527789925
 2.8370E-02,0.02637922068631674
 2.8391E-02,0.023441447719301928
 2.8412E-02,0.020176023167452768
 2.8433E-02,0.016712934774107124
 2.8454E-02,0.013195766562144712
 2.8475E-02,0.009778800335888202
 2.8495E-02,0.006619257171733442
 2.8516E-02,0.0038657083731073877
 2.8537E-02,0.0016457775059663384
 2.8558E-02,5.678536937114105e-05
 2.8579E-02,-0.0008382971471603259
 2.8600E-02,-0.0010096189804245646
 2.8620E-02,-0.0004562157081984637
 2.8641E-02,0.0007980090821533387
 2.8662E-02,0.002705686800661573
 2.8683E-02,0.005194472722020352
 2.8704E-02,0.00816455071877804
 2.8725E-02,0.011488231034960359
 2.8745E-02,0.015014164763092794
 2.8766E-02,0.018576722335396187
 2.8787E-02,0.022008711049816634
 2.8808E-02,0.02515405798476374
 2.8829E-02,0.027877147696746974
 2.8850E-02,0.030067177354564344
 2.8870E-02,0.031638328111263686
 2.8891E-02,0.03252840241823206
 2.8912E-02,0.03269878703672117
 2.8933E-02,0.032137099474404886
 2.8954E-02,0.03086159271011046
 2.8975E-02,0.028924696278691285
 2.8995E-02,0.026412964144885965
 2.9016E-02,0.023442193393090477
 2.9037E-02,0.020148632088707867
 2.9058E-02,0.016678810750063694
 2.9079E-02,0.013180842255977017
 2.9100E-02,0.009798951192617724
 2.9120E-02,0.006671074757928081
 2.9141E-02,0.003927635902073132
 2.9162E-02,0.0016889968604363059
 2.9183E-02,5.999970975871646e-05
 2.9204E-02,-0.0008780956133721566
 2.9224E-02,-0.0010760891872945194
 2.9245E-02,-0.0005227497504978676
 2.9266E-02,0.0007540676897787897
 2.9287E-02,0.0026913856549924033
 2.9308E-02,0.005198375850957676
 2.9329E-02,0.00816405854890685
 2.9349E-02,0.011462977819408741
 2.9370E-02,0.014958110105898769
 2.9391E-02,0.018502294609813463
 2.9412E-02,0.021940697104486217
 2.9433E-02,0.02511652049802076
 2.9454E-02,0.027880458933204042
 2.9474E-02,0.03010221839577206
 2.9495E-02,0.03168104488083176
 2.9516E-02,0.032552329829653406
 2.9537E-02,0.03268886714948348
 2.9558E-02,0.032097435311066354
 2.9579E-02,0.030813044586929524
 2.9599E-02,0.028893662360070252
 2.9620E-02,0.026417371122090555
 2.9641E-02,0.023482159776734898
 2.9662E-02,0.020206697952856654
 2.9683E-02,0.016729446926106468
 2.9704E-02,0.013203972276607495
 2.9724E-02,0.00979014114059484
 2.9745E-02,0.00664296394582361
 2.9766E-02,0.0039020014407193933
 2.9787E-02,0.0016839242711239222
 2.9808E-02,7.922996328084517e-05
 2.9829E-02,-0.000847821737436315
 2.9849E-02,-0.0010582450953229854
 2.9870E-02,-0.0005384627092019351
 2.9891E-02,0.0006975894105710833
 2.9912E-02,0.002605233909115661
 2.9933E-02,0.00510680063707843
 2.9954E-02,0.0080925547930065
 2.9974E-02,0.011425919597403664
 2.9995E-02,0.014952419283254477
 3.0016E-02,0.01851034752157557
 3.0037E-02,0.021940717102536936
 3.0058E-02,0.025094734451149764
 3.0079E-02,0.027838432327364604
 3.0099E-02,0.030055479438632127
 3.0120E-02,0.03164990378358242
 3.0141E-02,0.03255008267264509
 3.0162E-02,0.03271398598419826
 3.0183E-02,0.03213410676776843
 3.0203E-02,0.03083977474178473
 3.0224E-02,0.02889518854917826
 3.0245E-02,0.0263932822316348
 3.0266E-02,0.023447427547857246
 3.0287E-02,0.020183747326288918
 3.0308E-02,0.01673600127145223
 3.0328E-02,0.013243200368071894
 3.0349E-02,0.009848393471877052
 3.0370E-02,0.006696307857175353
 3.0391E-02,0.0039280592469799255
 3.0412E-02,0.001672721516634296
 3.0433E-02,3.735717588456908e-05
 3.0453E-02,-0.0009017911678567323
 3.0474E-02,-0.0011044323342857608
 3.0495E-02,-0.0005665732072366161
 3.0516E-02,0.0006830781645673533
 3.0537E-02,0.002588340611610352
 3.0558E-02,0.005069896044571057
 3.0578E-02,0.00802735053332511
 3.0599E-02,0.011339509376418352
 3.0620E-02,0.014864951657135056
 3.0641E-02,0.018445421068713306
 3.0662E-02,0.021913538312109574
 3.0683E-02,0.02510434137247782
 3.0703E-02,0.027868156760775184
 3.0724E-02,0.03008143067421805
 3.0745E-02,0.03165299279425519
 3.0766E-02,0.03252527802217424
 3.0787E-02,0.03267205800424771
 3.0808E-02,0.03209517624088339
 3.0828E-02,0.030822309578435323
 3.0849E-02,0.02890637621762891
 3.0870E-02,0.026425798664264682
 3.0891E-02,0.023484089849019604
 3.0912E-02,0.020207289868195123
 3.0933E-02,0.0167385079406387
 3.0953E-02,0.013230002576250677
 3.0974E-02,0.009834348006939515
 3.0995E-02,0.006696589261714512
 3.1016E-02,0.003948614472347768
 3.1037E-02,0.0017057067953870479
 3.1058E-02,6.41460312291104e-05
 3.1078E-02,-0.0009015631134498518
 3.1099E-02,-0.0011425844666267766
 3.1120E-02,-0.0006403036898070261
 3.1141E-02,0.0005899007528697248
 3.1162E-02,0.0024972971705180622
 3.1183E-02,0.004997790324476226
 3.1203E-02,0.0079790180673457
 3.1224E-02,0.011307293608261085
 3.1245E-02,0.014834827815562958
 3.1266E-02,0.018406177912303888
 3.1287E-02,0.021863849851387115
 3.1307E-02,0.025053808521714196
 3.1328E-02,0.02783177367872578
 3.1349E-02,0.030070589581899388
 3.1370E-02,0.031668105403449484
 3.1391E-02,0.03255428296471236
 3.1412E-02,0.032695902109619805
 3.1432E-02,0.03209751241023353
 3.1453E-02,0.030798247586476243
 3.1474E-02,0.028865493348385566
 3.1495E-02,0.026387613192770092
 3.1516E-02,0.023468235054101613
 3.1537E-02,0.020223498766019424
 3.1557E-02,0.01678163710759797
 3.1578E-02,0.013282624702651787
 3.1599E-02,0.00987541872859507
 3.1620E-02,0.006711526849341164
 3.1641E-02,0.00393549754244115
 3.1662E-02,0.0016744888152898448
 3.1682E-02,2.958817337785709e-05
 3.1703E-02,-0.0009291825283707849
 3.1724E-02,-0.0011638004725188615
 3.1745E-02,-0.0006663309665702766
 3.1766E-02,0.0005437153265538774
 3.1787E-02,0.0024208777340407337
 3.1807E-02,0.00489345113844937
 3.1828E-02,0.00786233448181848
 3.1849E-02,0.011201051990993104
 3.1870E-02,0.014759034482262574
 3.1891E-02,0.01836919778261761
 3.1912E-02,0.02185918028321327
 3.1932E-02,0.02506406379174026
 3.1953E-02,0.027837694532262945
 3.1974E-02,0.03006030571763993
 3.1995E-02,0.03164187897289591
 3.2016E-02,0.03252254297308045
 3.2037E-02,0.03267207858346439
 3.2057E-02,0.032089918020559646
 3.2078E-02,0.030805549960082088
 3.2099E-02,0.02887810572411971
 3.2120E-02,0.026393932917916054
 3.2141E-02,0.023461988630895075
 3.2162E-02,0.020207915571214874
 3.2182E-02,0.01676798148472047
 3.2203E-02,0.013283762801499703
 3.2224E-02,0.009897891065312244
 3.2245E-02,0.006750511632516517
 3.2266E-02,0.003975558017219211
 3.2286E-02,0.001695906678114192
 3.2307E-02,1.7081278831503413e-05
 3.2328E-02,-0.0009798441178318026
 3.2349E-02,-0.001244629627155414
 3.2370E-02,-0.0007618264617709899
 3.2391E-02,0.00044869352514392033
 3.2411E-02,0.002334353191404263
 3.2432E-02,0.004814232333215036
 3.2453E-02,0.00778345027171247
 3.2474E-02,0.011116510365246222
 3.2495E-02,0.01466986263459189
 3.2516E-02,0.01828512958343081
 3.2536E-02,0.02179478482522654
 3.2557E-02,0.025031249215697216
 3.2578E-02,0.027838645168530286
 3.2599E-02,0.030084828710325473
 3.2620E-02,0.031670890172626316
 3.2641E-02,0.032536219118792925
 3.2661E-02,0.03265873074711542
 3.2682E-02,0.03205118961805451
 3.2703E-02,0.03075534051468581
 3.2724E-02,0.028835741572549624
 3.2745E-02,0.02637497486014798
 3.2766E-02,0.02347123404930212
 3.2786E-02,0.020237979798923073
 3.2807E-02,0.016803890418202398
 3.2828E-02,0.013310831074277052
 3.2849E-02,0.009908536956568594
 3.2870E-02,0.006746435631232861
 3.2891E-02,0.003964391919590089
 3.2911E-02,0.0016845140960648403
 3.2932E-02,5.488930900894671e-06
 3.2953E-02,-0.001000321807497606
 3.2974E-02,-0.001287863099484024
 3.2995E-02,-0.0008397066811425971
 3.3016E-02,0.00033329407223056445
 3.3036E-02,0.002190750434132127
 3.3057E-02,0.004661474885406701
 3.3078E-02,0.007643357876903373
 3.3099E-02,0.011005576565037634
 3.3120E-02,0.014593877189387493
 3.3141E-02,0.01823889672678952
 3.3161E-02,0.021766673075529753
 3.3182E-02,0.025009893530466024
 3.3203E-02,0.027818177725351938
 3.3224E-02,0.03006601493711995
 3.3245E-02,0.031657963961890814
 3.3266E-02,0.03253172136469785
 3.3286E-02,0.032659798116086804
 3.3307E-02,0.03204981185037426
 3.3328E-02,0.030742639087059973
 3.3349E-02,0.02880778023856811
 3.3370E-02,0.026336519484336324
 3.3390E-02,0.023434911920487835
 3.3411E-02,0.02021884183277754
 3.3432E-02,0.016811969231519584
 3.3453E-02,0.013345483954091818
 3.3474E-02,0.009957547336796446
 3.3495E-02,0.006790452315884694
 3.3515E-02,0.00398456183171514
 3.3536E-02,0.0016695529236993088
 3.3557E-02,-4.521065819665252e-05
 3.3578E-02,-0.0010788158077332242
 3.3599E-02,-0.001383513311218573
 3.3620E-02,-0.0009453340513954681
 3.3640E-02,0.00021843423349361723
 3.3661E-02,0.002062772776891905
 3.3682E-02,0.004517298365619216
 3.3703E-02,0.007486498675981168
 3.3724E-02,0.010848698499102909
 3.3745E-02,0.014456155976551845
 3.3765E-02,0.018139032587487343
 3.3786E-02,0.021714831474303555
 3.3807E-02,0.025002654501564157
 3.3828E-02,0.02783922223166868
 3.3849E-02,0.030092423697475747
 3.3870E-02,0.03166919383771004
 3.3890E-02,0.032517085360024275
 3.3911E-02,0.03262119701704347
 3.3932E-02,0.031998929623044715
 3.3953E-02,0.030694452322382833
 3.3974E-02,0.02877373565660242
 3.3995E-02,0.026320514425414835
 3.4015E-02,0.023433551207322274
 3.4036E-02,0.02022520011651558
 3.4057E-02,0.016820331503483516
 3.4078E-02,0.013354172989761118
 3.4099E-02,0.009968217200513843
 3.4120E-02,0.006804418722124352
 3.4140E-02,0.0039985625961400685
 3.4161E-02,0.001673737361270192
 3.4182E-02,-6.548262606844465e-05
 3.4203E-02,-0.001137921070876488
 3.4224E-02,-0.0014896529594108543
 3.4245E-02,-0.0010966633577426204
 3.4265E-02,3.378120056563689e-05
 3.4286E-02,0.0018628828595748253
 3.4307E-02,0.004320829445909505
 3.4328E-02,0.007307817198204529
 3.4349E-02,0.010695762206851823
 3.4369E-02,0.014331490648591946
 3.4390E-02,0.018042511101410724
 3.4411E-02,0.02164615759076357
 3.4432E-02,0.024961893722344128
 3.4453E-02,0.02782511294885723
 3.4474E-02,0.030099722958602665
 3.4494E-02,0.031687132847174976
 3.4515E-02,0.032530662968349555
 3.4536E-02,0.03261558879898038
 3.4557E-02,0.03196541144287739
 3.4578E-02,0.030634971461193435
 3.4599E-02,0.02870144084855975
 3.4619E-02,0.02625530011067345
 3.4640E-02,0.023394201799008352
 3.4661E-02,0.020221634671660292
 3.4682E-02,0.016849556022318562
 3.4703E-02,0.01340172308621336
 3.4724E-02,0.010014151093677889
 3.4744E-02,0.006830775069796959
 3.4765E-02,0.003994702368758188
 3.4786E-02,0.0016373229684744895
 3.4807E-02,-0.0001317105011533451
 3.4828E-02,-0.0012312111051719116
 3.4849E-02,-0.0016109373531060596
 3.4869E-02,-0.0012505458308308978
 3.4890E-02,-0.00015706981635253995
 3.4911E-02,0.0016366342422368678
 3.4932E-02,0.0040709223035177294
 3.4953E-02,0.007056156810084535
 3.4974E-02,0.010469458596599422
 3.4994E-02,0.0141546873374511
 3.5015E-02,0.017928451838513795
 3.5036E-02,0.02159299333455274
 3.5057E-02,0.02495408365988442
 3.5078E-02,0.027839691437381044
 3.5099E-02,0.030114468614645885
 3.5119E-02,0.031686998963062575
 3.5140E-02,0.03251010020421624
 3.5161E-02,0.03257677890265368
 3.5182E-02,0.031914428015786166
 3.5203E-02,0.030578394962911544
 3.5224E-02,0.028644944373594262
 3.5244E-02,0.026204073995087583
 3.5265E-02,0.023353899384868836
 3.5286E-02,0.02019836722765866
 3.5307E-02,0.016848207332793363
 3.5328E-02,0.01342301660133774
 3.5349E-02,0.01005191896445321
 3.5369E-02,0.006871169271027834
 3.5390E-02,0.004018360205705355
 3.5411E-02,0.0016240689011082568
 3.5432E-02,-0.0001973950564173356
 3.5453E-02,-0.0013562138166842604
 3.5473E-02,-0.0017925990211655168
 3.5494E-02,-0.0014788053876854225
 3.5515E-02,-0.00041816057251120435
 3.5536E-02,0.0013570176885988221
 3.5557E-02,0.0037864004941389534
 3.5578E-02,0.006780347363095947
 3.5598E-02,0.010217185651646804
 3.5619E-02,0.013941908346543543
 3.5640E-02,0.01776980945399735
 3.5661E-02,0.02149739278006397
 3.5682E-02,0.024920183129261538
 3.5703E-02,0.02785379047413728
 3.5723E-02,0.030152503027093255
 3.5744E-02,0.03172056669916716
 3.5765E-02,0.032514625048042714
 3.5786E-02,0.032538918969091044
 3.5807E-02,0.03183598905837143
 3.5828E-02,0.03047520015272767
 3.5848E-02,0.028540927497082844
 3.5869E-02,0.026122706002756964
 3.5890E-02,0.02331022620806636
 3.5911E-02,0.020194755618320986
 3.5932E-02,0.01687518380427051
 3.5953E-02,0.013464129307282397
 3.5973E-02,0.010089771525046686
 3.5994E-02,0.006891656255153007
 3.6015E-02,0.004011574108252534
 3.6036E-02,0.0015824098130989986
 3.6057E-02,-0.0002818382320366208
 3.6078E-02,-0.0014927032970883279
 3.6098E-02,-0.0019899759279014394
 3.6119E-02,-0.0017413688909216417
 3.6140E-02,-0.0007410826806807465
 3.6161E-02,0.000990364214106982
 3.6182E-02,0.003403465786847047
 3.6203E-02,0.006414528206659444
 3.6223E-02,0.009900448970087723
 3.6244E-02,0.013697399094989439
 3.6265E-02,0.017606962024408694
 3.6286E-02,0.02141103017561919
 3.6307E-02,0.024893495909875923
 3.6328E-02,0.02786367870757552
 3.6348E-02,0.030175119600799466
 3.6369E-02,0.0317353268515276
 3.6390E-02,0.03250625631477249
 3.6411E-02,0.032498402918464814
 3.6432E-02,0.031761473276896934
 3.6452E-02,0.030373022023556347
 3.6473E-02,0.028425677163605008
 3.6494E-02,0.026014892393419135
 3.6515E-02,0.02323110101005666
 3.6536E-02,0.02015959405738842
 3.6557E-02,0.01688754664109348
 3.6577E-02,0.013513503823767575
 3.6598E-02,0.010153657860299651
 3.6619E-02,0.006941355639392074
 3.6640E-02,0.004019452300201239
 3.6661E-02,0.0015279107689066536
 3.6682E-02,-0.0004094188732151182
 3.6702E-02,-0.0016950558699866166
 3.6723E-02,-0.0022628607411508774
 3.6744E-02,-0.002077580994559904
 3.6765E-02,-0.0011312531025780357
 3.6786E-02,0.0005596002496583955
 3.6807E-02,0.0029524322913531964
 3.6827E-02,0.005971930234364158
 3.6848E-02,0.00950097352249665
 3.6869E-02,0.013375035396320886
 3.6890E-02,0.01738589129572787
 3.6911E-02,0.02129756188705969
 3.6932E-02,0.024872643958029596
 3.6952E-02,0.027902374343260563
 3.6973E-02,0.030231298983907362
 3.6994E-02,0.03176957323225093
 3.7015E-02,0.03249181367700296
 3.7036E-02,0.03242653870687784
 3.7057E-02,0.031641290588480066
 3.7077E-02,0.03022665373592349
 3.7098E-02,0.028280809337953187
 3.7119E-02,0.025896861693178952
 3.7140E-02,0.02315665313491106
 3.7161E-02,0.020133790858291065
 3.7182E-02,0.01690413157261168
 3.7202E-02,0.013557652583983448
 3.7223E-02,0.010205358176420074
 3.7244E-02,0.0069781128010888375
 3.7265E-02,0.004018080228572862
 3.7286E-02,0.0014660170869977254
 3.7307E-02,-0.0005514782350885417
 3.7327E-02,-0.001931478174946595
 3.7348E-02,-0.002599401256095204
 3.7369E-02,-0.0025090960881803135
 3.7390E-02,-0.0016405365248804923
 3.7411E-02,1.1968362978523328e-06
 3.7432E-02,0.002382346726215745
 3.7452E-02,0.00543175161796804
 3.7473E-02,0.009030320903559166
 3.7494E-02,0.013004998448259805
 3.7515E-02,0.017133427888753407
 3.7536E-02,0.02116217358733486
 3.7556E-02,0.024836233754649238
 3.7577E-02,0.027932583691787492
 3.7598E-02,0.03028778987267456
 3.7619E-02,0.031811900267385326
 3.7640E-02,0.03248729153451365
 3.7661E-02,0.03235681450869239
 3.7681E-02,0.03150647528706275
 3.7702E-02,0.030045701434099605
 3.7723E-02,0.028087059914266934
 3.7744E-02,0.025728894260374557
 3.7765E-02,0.023046650947791264
 3.7786E-02,0.0200973597551762
 3.7806E-02,0.016935458377883888
 3.7827E-02,0.013631644749164496
 3.7848E-02,0.01028532427508418
 3.7869E-02,0.007025455918757459
 3.7890E-02,0.004000242385172249
 3.7911E-02,0.0013603365457297355
 3.7931E-02,-0.00075807054197675
 3.7952E-02,-0.002245025758233271
 3.7973E-02,-0.0030210661650282985
 3.7994E-02,-0.0030347972565339556
 3.8015E-02,-0.0022576962784945855
 3.8036E-02,-0.0006819438753097786
 3.8056E-02,0.0016739424503979731
 3.8077E-02,0.004751334914572985
 3.8098E-02,0.008434998682662648
 3.8119E-02,0.012543039244560641
 3.8140E-02,0.016831736897662618
 3.8161E-02,0.021018562073172837
 3.8181E-02,0.024819580524709173
 3.8202E-02,0.02799118541787778
 3.8223E-02,0.03036309636602284
 3.8244E-02,0.031852764791986586
 3.8265E-02,0.03246026764324297
 3.8286E-02,0.03225061544454736
 3.8306E-02,0.0313312180342639
 3.8327E-02,0.029828422753735807
 3.8348E-02,0.02786469104210625
 3.8369E-02,0.025539560681119053
 3.8390E-02,0.022920517479951726
 3.8411E-02,0.020049056108598057
 3.8431E-02,0.016960246764110405
 3.8452E-02,0.013706270839363162
 3.8473E-02,0.010372825657573657
 3.8494E-02,0.007082232651556442
 3.8515E-02,0.003983516473645094
 3.8536E-02,0.001234412456582922
 3.8556E-02,-0.001017707545889627
 3.8577E-02,-0.0026499492557810474
 3.8598E-02,-0.0035699109478923353
 3.8619E-02,-0.0037138734262672107
 3.8640E-02,-0.0030410879206224824
 3.8660E-02,-0.0015310097489323676
 3.8681E-02,0.0008102015556966673
 3.8702E-02,0.003932866371996558
 3.8723E-02,0.007723007064320761
 3.8744E-02,0.01198887698637421
 3.8765E-02,0.016465257725373737
 3.8785E-02,0.020839693238476665
 3.8806E-02,0.024796356155562378
 3.8827E-02,0.028065858444853837
 3.8848E-02,0.03046533073569832
 3.8869E-02,0.03191606143896688
 3.8890E-02,0.03243669146299934
 3.8910E-02,0.03212031340781599
 3.8931E-02,0.03110525170005218
 3.8952E-02,0.02954459151435311
 3.8973E-02,0.02757693599351184
 3.8994E-02,0.02530294143221027
 3.9015E-02,0.02277546915975508
 3.9035E-02,0.020009842600405333
 3.9056E-02,0.017011663153311245
 3.9077E-02,0.013809170309516894
 3.9098E-02,0.01047518174956249
 3.9119E-02,0.007130874186329555
 3.9140E-02,0.0039326871393986045
 3.9160E-02,0.0010496671291699102
 3.9181E-02,-0.001359293272650448
 3.9202E-02,-0.0031608359116912232
 3.9223E-02,-0.004252086947608155
 3.9244E-02,-0.004556578380348937
 3.9265E-02,-0.004016680366554225
 3.9285E-02,-0.0025912702398212324
 3.9306E-02,-0.00026621951674718654
 3.9327E-02,0.002921977821784761
 3.9348E-02,0.006858638650274026
 3.9369E-02,0.011334071963047612
 3.9390E-02,0.016050034514273434
 3.9410E-02,0.020653254341185596
 3.9431E-02,0.024789315162819153
 3.9452E-02,0.028162174122178953
 3.9473E-02,0.030580602810079335
 3.9494E-02,0.03197642419116675
 3.9515E-02,0.03239285984123709
 3.9535E-02,0.031954671929600546
 3.9556E-02,0.03083263961148298
 3.9577E-02,0.029207553687752876
 3.9598E-02,0.027235625701959653
 3.9619E-02,0.025020350374043487
 3.9639E-02,0.022600403026177076
 3.9660E-02,0.019962432381539278
 3.9681E-02,0.01707680170091782
 3.9702E-02,0.013940224845322287
 3.9723E-02,0.01060579892654993
 3.9744E-02,0.007190044979951885
 3.9764E-02,0.0038581199385069554
 3.9785E-02,0.0007960855329621334
 3.9806E-02,-0.001817702674527868
 3.9827E-02,-0.0038320884919700146
 3.9848E-02,-0.0051291600921501545
 3.9869E-02,-0.00561833678154047
 3.9889E-02,-0.0052255307582368335
 3.9910E-02,-0.003889118115264645
 3.9931E-02,-0.001573256539939906
 3.9952E-02,0.0017010117592333256
 3.9973E-02,0.005819486576234862
 3.9994E-02,0.010552679886279039
 4.0014E-02,0.015563472193012285
 4.0035E-02,0.020448534610750434
 4.0056E-02,0.024804394402457353
 4.0077E-02,0.028299961418980033
 4.0098E-02,0.030732705308111487
 4.0119E-02,0.032049014384825936
 4.0139E-02,0.03232624692212728
 4.0160E-02,0.03173259476699041
 4.0181E-02,0.030481744583070715
 4.0202E-02,0.028788435186058822
 4.0223E-02,0.026826904433064406
 4.0244E-02,0.024698281439419035
 4.0264E-02,0.022418016808064642
 4.0285E-02,0.019934172951647382
 4.0306E-02,0.017174468704988295
 4.0327E-02,0.014101284371236101
 4.0348E-02,0.010749402222788088
 4.0369E-02,0.007234188836831961
 4.0389E-02,0.003732921828975167
 4.0410E-02,0.00045086804583697885
 4.0431E-02,-0.0024128409270838696
 4.0452E-02,-0.004687488272607014
 4.0473E-02,-0.006236669926537555
 4.0494E-02,-0.006950186957988007
 4.0514E-02,-0.0067305768980157
 4.0535E-02,-0.005488983440330596
 4.0556E-02,-0.0031637031404195006
 4.0577E-02,0.00023896866743028594
 4.0598E-02,0.00459903803276931
 4.0618E-02,0.009656836696618511
 4.0639E-02,0.015024895155380125
 4.0660E-02,0.02024037061494632
 4.0681E-02,0.024845111171468
 4.0702E-02,0.028471619997199205
 4.0723E-02,0.03090870025720361
 4.0743E-02,0.032122823489345004
 4.0764E-02,0.03223204559313897
 4.0785E-02,0.03145454570039948
 4.0806E-02,0.030053529123524426
 4.0827E-02,0.028283869983865294
 4.0848E-02,0.026341934125742584
 4.0868E-02,0.024326370747576383
 4.0889E-02,0.0222234264912012
 4.0910E-02,0.01993124944110965
 4.0931E-02,0.017321919834234006
 4.0952E-02,0.014313783427693688
 4.0973E-02,0.010920198628556492
 4.0993E-02,0.007259303926112551
 4.1014E-02,0.0035293244015075363
 4.1035E-02,-3.525670149848604e-05
 4.1056E-02,-0.0032068100995903963
 4.1077E-02,-0.005791159687971724
 4.1098E-02,-0.0076325557218582096
 4.1118E-02,-0.008600990484231592
 4.1139E-02,-0.008573429318360132
 4.1160E-02,-0.007428599019994548
 4.1181E-02,-0.005072870863888625
 4.1202E-02,-0.0014949154730672471
 4.1223E-02,0.0031760057352813514
 4.1243E-02,0.008639812734766428
 4.1264E-02,0.014444138551547171
 4.1285E-02,0.020051910590340952
 4.1306E-02,0.024939454247262228
 4.1327E-02,0.02869894756679049
 4.1348E-02,0.031115198458269894
 4.1368E-02,0.03218646721654344
 4.1389E-02,0.032085392702217795
 4.1410E-02,0.03109187577158201
 4.1431E-02,0.029526435974927955
 4.1452E-02,0.027687135040781994
 4.1473E-02,0.025790421206559746
 4.1493E-02,0.023926414774787845
 4.1514E-02,0.022042239233702996
 4.1535E-02,0.019974004797266444
 4.1556E-02,0.017528436883531506
 4.1577E-02,0.014574839958434942
 4.1598E-02,0.011105056959195156
 4.1618E-02,0.007244467911677042
 4.1639E-02,0.003219531107178623
 4.1660E-02,-0.0006984186497172853
 4.1681E-02,-0.004246486767155619
 4.1702E-02,-0.007201360603633061
 4.1722E-02,-0.00938362475941048
 4.1743E-02,-0.010639546301595764
 4.1764E-02,-0.010815717153934663
 4.1785E-02,-0.009753269880151069
 4.1806E-02,-0.007323810519154955
 4.1827E-02,-0.003501015493728143
 4.1847E-02,0.0015674325405194301
 4.1868E-02,0.007526996974194939
 4.1889E-02,0.013845707159193645
 4.1910E-02,0.01990085376572637
 4.1931E-02,0.025096455250779505
 4.1952E-02,0.028983277847397244
 4.1972E-02,0.03134814337872833
 4.1993E-02,0.03223254234885581
 4.2014E-02,0.03187632614823947
 4.2035E-02,0.03063244282572595
 4.2056E-02,0.02888795150841891
 4.2077E-02,0.02698939385100892
 4.2097E-02,0.025172806691531723
 4.2118E-02,0.023512048211024268
 4.2139E-02,0.021900538846496176
 4.2160E-02,0.020094540447896537
 4.2181E-02,0.017820682036133795
 4.2202E-02,0.01489381175174563
 4.2222E-02,0.011289076811028951
 4.2243E-02,0.007150474817905623
 4.2264E-02,0.002746045490043165
 4.2285E-02,-0.0016049953419834057
 4.2306E-02,-0.005598021058857581
 4.2327E-02,-0.008978648078294243
 4.2347E-02,-0.011543467342805494
 4.2368E-02,-0.013112369603267705
 4.2389E-02,-0.013495635295014161
 4.2410E-02,-0.012489201688485486
 4.2431E-02,-0.009925343921976769
 4.2452E-02,-0.00576697623151104
 4.2472E-02,-0.00019445483802448763
 4.2493E-02,0.0063637248257813845
 4.2514E-02,0.013277825027267397
 4.2535E-02,0.019827244909558048
 4.2556E-02,0.02533945140618668
 4.2577E-02,0.02932773990146245
 4.2597E-02,0.031592836531661575
 4.2618E-02,0.03223604706576258
 4.2639E-02,0.03157912411259013
 4.2660E-02,0.03005802108487772
 4.2681E-02,0.028132791229940283
 4.2701E-02,0.02620048458274603
 4.2722E-02,0.024512523226473647
 4.2743E-02,0.02311580152093331
 4.2764E-02,0.02183330633661953
 4.2785E-02,0.020322194336766054
 4.2806E-02,0.01821461009566012
 4.2826E-02,0.015267985428122553
 4.2847E-02,0.011448806876370139
 4.2868E-02,0.006933987236387474
 4.2889E-02,0.0020496591381846518
 4.2910E-02,-0.0028222769547537113
 4.2931E-02,-0.007328227281303676
 4.2951E-02,-0.011182568307834796
 4.2972E-02,-0.014158174202890676
 4.2993E-02,-0.016048000956359176
 4.3014E-02,-0.01662218767522211
 4.3035E-02,-0.015623617808153252
 4.3056E-02,-0.012842228492465422
 4.3076E-02,-0.008239179667484133
 4.3097E-02,-0.0020457303484166392
 4.3118E-02,0.005214762980213919
 4.3139E-02,0.012796400976411736
 4.3160E-02,0.01987065070338024
 4.3181E-02,0.025687821506457223
 4.3201E-02,0.029730748665840433
 4.3222E-02,0.03182992427904457
 4.3243E-02,0.032168041334068066
 4.3264E-02,0.03116596568234102
 4.3285E-02,0.029351022556172054
 4.3306E-02,0.027260588651113762
 4.3326E-02,0.02534180963213524
 4.3347E-02,0.02385029747441676
 4.3368E-02,0.02278808310851184
 4.3389E-02,0.02188745914493401
 4.3410E-02,0.0206854927568052
 4.3431E-02,0.018709790633472476
 4.3451E-02,0.015667347323940706
 4.3472E-02,0.011532220987326154
 4.3493E-02,0.006532222486586024
 4.3514E-02,0.0010694957143474269
 4.3535E-02,-0.004400508829191925
 4.3556E-02,-0.009475006736398029
 4.3576E-02,-0.013838341755305756
 4.3597E-02,-0.017239154112013173
 4.3618E-02,-0.019440720327618802
 4.3639E-02,-0.020164950940968374
 4.3660E-02,-0.019093674299035177
 4.3681E-02,-0.015978596906157695
 4.3701E-02,-0.010799233054071131
 4.3722E-02,-0.003865017635069222
 4.3743E-02,0.0041817405905125475
 4.3764E-02,0.012466613820989177
 4.3785E-02,0.02005620204161023
 4.3805E-02,0.02613390836189785
 4.3826E-02,0.030164276612049755
 4.3847E-02,0.03202819771857601
 4.3868E-02,0.0320091047286736
 4.3889E-02,0.030631059187657367
 4.3910E-02,0.028517204615980028
 4.3930E-02,0.026290241937772046
 4.3951E-02,0.02444165163459741
 4.3972E-02,0.023221199912039043
 4.3993E-02,0.02257188703873048
 4.4014E-02,0.0221053546363511
 4.4035E-02,0.021212602831411895
 4.4055E-02,0.01931146544484829
 4.4076E-02,0.01606731893333412
 4.4097E-02,0.011483139259650048
 4.4118E-02,0.005869803707288217
 4.4139E-02,-0.00026941257286804566
 4.4160E-02,-0.006396920301380759
 4.4180E-02,-0.012062613418267858
 4.4201E-02,-0.016929397014749138
 4.4222E-02,-0.020732364933855555
 4.4243E-02,-0.02320702309040547
 4.4264E-02,-0.024016175028725398
 4.4285E-02,-0.022770934208167032
 4.4305E-02,-0.019192442693332996
 4.4326E-02,-0.013302894683598618
 4.4347E-02,-0.005519621589938077
 4.4368E-02,0.0033716542524887634
 4.4389E-02,0.012360584676086802
 4.4410E-02,0.020419139835516287
 4.4430E-02,0.02667815592348283
 4.4451E-02,0.030601972603166896
 4.4472E-02,0.032147678324538055
 4.4493E-02,0.031718702002488844
 4.4514E-02,0.029949638782160157
 4.4535E-02,0.02756203860047785
 4.4555E-02,0.025259269681209152
 4.4576E-02,0.023565526545055844
 4.4597E-02,0.022706241171928553
 4.4618E-02,0.02253960914188421
 4.4639E-02,0.022530245561768712
 4.4660E-02,0.021906066557745005
 4.4680E-02,0.019978775714995012
 4.4701E-02,0.016397507794653
 4.4722E-02,0.01122630516332341
 4.4743E-02,0.004888171969882728
 4.4764E-02,-0.0019925885583242818
 4.4784E-02,-0.008795150420956738
 4.4805E-02,-0.01503378058985368
 4.4826E-02,-0.020364363716307336
 4.4847E-02,-0.024517891150576277
 4.4868E-02,-0.027198737989280748
 4.4889E-02,-0.027998135032986704
 4.4909E-02,-0.02645193586359076
 4.4930E-02,-0.022269326931867152
 4.4951E-02,-0.015550137342833741
 4.4972E-02,-0.0068516500133820515
 4.4993E-02,0.002882218930411287
 4.5014E-02,0.01251569868012778
 4.5034E-02,0.020950287907670284
 4.5055E-02,0.02728106981966396
 4.5076E-02,0.0309924638396265
 4.5097E-02,0.032148582614276576
 4.5118E-02,0.03128465040549408
 4.5139E-02,0.029138810694316147
 4.5159E-02,0.026530321082767046
 4.5180E-02,0.02423662850887551
 4.5201E-02,0.022791995984635324
 4.5222E-02,0.022375487926869924
 4.5243E-02,0.022736491317066274
 4.5264E-02,0.023165129112369676
 4.5284E-02,0.022721475163928515
 4.5305E-02,0.020636200789221418
 4.5326E-02,0.01657626129012294
 4.5347E-02,0.010700434144198783
 4.5368E-02,0.003570715149481524
 4.5389E-02,-0.0040609450520339065
 4.5409E-02,-0.011502674187762407
 4.5430E-02,-0.01825248227576512
 4.5451E-02,-0.02397415106806105
 4.5472E-02,-0.028397951690845802
 4.5493E-02,-0.031187873080638265
 4.5514E-02,-0.03185114805410422
 4.5534E-02,-0.02985563742462409
 4.5555E-02,-0.024935541660389634
 4.5576E-02,-0.01731292969371133
 4.5597E-02,-0.00770925700830946
 4.5618E-02,0.002779547071109065
 4.5639E-02,0.01292592663724563
 4.5659E-02,0.021599254744787702
 4.5680E-02,0.02787981447833031
 4.5701E-02,0.03128991354442014
 4.5722E-02,0.032018559077402316
 4.5743E-02,0.030726440291035457
 4.5764E-02,0.0282398560676645
 4.5784E-02,0.025474836538267726
 4.5805E-02,0.02327639524210307
 4.5826E-02,0.022169235989624884
 4.5847E-02,0.022265977188035267
 4.5868E-02,0.02318016262868929
 4.5888E-02,0.024001261310019104
 4.5909E-02,0.02362392550738221
 4.5930E-02,0.02122911326192985
 4.5951E-02,0.016543869954477174
 4.5972E-02,0.009864207871288966
 4.5993E-02,0.0019213720425270073
 4.6013E-02,-0.00640179588201098
 4.6034E-02,-0.014367909260131775
 4.6055E-02,-0.021495503937105184
 4.6076E-02,-0.027482887124067795
 4.6097E-02,-0.032066911055827305
 4.6118E-02,-0.03485975592035174
 4.6138E-02,-0.03526966095122203
 4.6159E-02,-0.03270769272255733
 4.6180E-02,-0.02697382837388617
 4.6201E-02,-0.018446403406671353
 4.6222E-02,-0.008017126338280042
 4.6243E-02,0.0030847619334840315
 4.6263E-02,0.013579617124206498
 4.6284E-02,0.022335723308038395
 4.6305E-02,0.028428004901251934
 4.6326E-02,0.03144252327293827
 4.6347E-02,0.03172078603780859
 4.6368E-02,0.030036209267585375
 4.6388E-02,0.027285549434813906
 4.6409E-02,0.02447510608198536
 4.6430E-02,0.022486374870059986
 4.6451E-02,0.0217970363602369
 4.6472E-02,0.022433538521989704
 4.6493E-02,0.023854587219605577
 4.6513E-02,0.024947372494123404
 4.6534E-02,0.02448021869098534
 4.6555E-02,0.02163694493761574
 4.6576E-02,0.016243783126383457
 4.6597E-02,0.008758354729274878
 4.6618E-02,8.336850238117519e-05
 4.6638E-02,-0.00879466772967612
 4.6659E-02,-0.017132425943550064
 4.6680E-02,-0.024495870453447293
 4.6701E-02,-0.030625265871717332
 4.6722E-02,-0.035256386523455537
 4.6743E-02,-0.03793292174345997
 4.6763E-02,-0.03796121024625931
 4.6784E-02,-0.034732140482908506
 4.6805E-02,-0.02816642482087292
 4.6826E-02,-0.018823079968167258
 4.6847E-02,-0.007748756305425552
 4.6867E-02,0.0037391749155180707
 4.6888E-02,0.014371531187564018
 4.6909E-02,0.02304862438082218
 4.6930E-02,0.028843946711209906
 4.6951E-02,0.031428831371898336
 4.6972E-02,0.03129852770961548
 4.6992E-02,0.029296926306855212
 4.7013E-02,0.026371565097357812
 4.7034E-02,0.02361429807407759
 4.7055E-02,0.0219121554603825
 4.7076E-02,0.021675480548555733
 4.7097E-02,0.02283983486363968
 4.7117E-02,0.024693883620353834
 4.7138E-02,0.025929247089206006
 4.7159E-02,0.025230979941336495
 4.7180E-02,0.02183121380933363
 4.7201E-02,0.01569088694255783
 4.7222E-02,0.007453208903027175
 4.7242E-02,-0.0018128851347064025
 4.7263E-02,-0.011053502944409096
 4.7284E-02,-0.019562649136085075
 4.7305E-02,-0.026983444167823157
 4.7326E-02,-0.03310999362072001
 4.7347E-02,-0.037672381304010995
 4.7367E-02,-0.040132366862679764
 4.7388E-02,-0.03969898749693889
 4.7409E-02,-0.03578275626182505
 4.7430E-02,-0.028462920536969676
 4.7451E-02,-0.018474075616437175
 4.7472E-02,-0.006983681742505382
 4.7492E-02,0.004653883857827626
 4.7513E-02,0.01523200778924321
 4.7534E-02,0.023691107476827324
 4.7555E-02,0.0291021689456874
 4.7576E-02,0.03125133444626077
 4.7597E-02,0.030777317043467242
 4.7617E-02,0.02854995892217866
 4.7638E-02,0.025558811510480228
 4.7659E-02,0.02296282812035197
 4.7680E-02,0.021608719524335285
 4.7701E-02,0.021825605938900452
 4.7722E-02,0.023457508591884477
 4.7742E-02,0.025618922953758727
 4.7763E-02,0.026841900632893066
 4.7784E-02,0.025788892676034687
 4.7805E-02,0.021781277297201872
 4.7826E-02,0.014936762890597793
 4.7847E-02,0.00608647565338105
 4.7867E-02,-0.0035646347480177316
 4.7888E-02,-0.01294400583292572
 4.7909E-02,-0.02142230546395602
 4.7930E-02,-0.028738293568124813
 4.7951E-02,-0.03474160155740659
 4.7971E-02,-0.03914705483331681
 4.7992E-02,-0.041324482506886466
 4.8013E-02,-0.04040051650569208
 4.8034E-02,-0.035846121554961634
 4.8055E-02,-0.02791748146923003
 4.8076E-02,-0.01750013149684153
 4.8096E-02,-0.005842976975009337
 4.8117E-02,0.005714168595907142
 4.8138E-02,0.016067434199793177
 4.8159E-02,0.024192136958838577
 4.8180E-02,0.02916772406287249
 4.8201E-02,0.03092525371680682
 4.8221E-02,0.030211889601981165
 4.8242E-02,0.02787469892785059
 4.8263E-02,0.024935461889329012
 4.8284E-02,0.022583759402708747
 4.8305E-02,0.02158613371357652
 4.8326E-02,0.022199782606747754
 4.8346E-02,0.024188636261204977
 4.8367E-02,0.02650830206356672
 4.8388E-02,0.027586513681895897
 4.8409E-02,0.026116300499389483
 4.8430E-02,0.02152866442612745
 4.8451E-02,0.01410038948977114
 4.8471E-02,0.004829749323920876
 4.8492E-02,-0.004987502686512263
 4.8513E-02,-0.014301661073275539
 4.8534E-02,-0.022578923014565287
 4.8555E-02,-0.029655513665875995
 4.8576E-02,-0.03543335658017546
 4.8596E-02,-0.039609750186781666
 4.8617E-02,-0.04146905760303997
 4.8638E-02,-0.04008322097469652
 4.8659E-02,-0.035013743535163726
 4.8680E-02,-0.026682355885751144
 4.8701E-02,-0.01608173233294906
 4.8721E-02,-0.004499072138198508
 4.8742E-02,0.0067870007442331435
 4.8763E-02,0.01679481044206766
 4.8784E-02,0.024518768218559767
 4.8805E-02,0.029063300097077666
 4.8826E-02,0.030514197826036073
 4.8846E-02,0.029673211521367024
 4.8867E-02,0.027331413466594748
 4.8888E-02,0.024536719174762
 4.8909E-02,0.022468477076985818
 4.8930E-02,0.021793852321864194
 4.8950E-02,0.022720649460695082
 4.8971E-02,0.024943463998085405
 4.8992E-02,0.027285255006988817
 4.9013E-02,0.028127335195463198
 4.9034E-02,0.026229911233919757
 4.9055E-02,0.021139965474282922
 4.9075E-02,0.013285826474985453
 4.9096E-02,0.003800633293344893
 4.9117E-02,-0.005976338939785376
 4.9138E-02,-0.015048743096033096
 4.9159E-02,-0.022985314604987223
 4.9180E-02,-0.02971755442004808
 4.9200E-02,-0.03519956528242142
 4.9221E-02,-0.039116029805719404
 4.9242E-02,-0.04067924804610332
 4.9263E-02,-0.038928031170334436
 4.9284E-02,-0.033516689282480444
 4.9305E-02,-0.024995329295192992
 4.9325E-02,-0.014421926947915982
 4.9346E-02,-0.0030942295613618984
 4.9367E-02,0.007795429662121912
 4.9388E-02,0.017381777720202177
 4.9409E-02,0.024667263890872187
 4.9430E-02,0.028812109124851125
 4.9450E-02,0.030053030041196548
 4.9471E-02,0.02919401068474729
 4.9492E-02,0.026953587277226188
 4.9513E-02,0.024386836864763325
 4.9534E-02,0.02261340805575436
 4.9555E-02,0.022195883100657208
 4.9575E-02,0.02332019846038291
 4.9596E-02,0.025632707667999015
 4.9617E-02,0.02787214708127011
 4.9638E-02,0.028432717496855393
 4.9659E-02,0.02616062533885854
 4.9680E-02,0.020705252523771124
 4.9700E-02,0.012615282470508615
 4.9721E-02,0.0031090752037400797
 4.9742E-02,-0.006472182893911188
 4.9763E-02,-0.015193519825886508
 4.9784E-02,-0.02271188859564594
 4.9805E-02,-0.02904072726713924
 4.9825E-02,-0.03418627669656754
 4.9846E-02,-0.03783573263636054
 4.9867E-02,-0.03915556295506861
 4.9888E-02,-0.037170281030420735
 4.9909E-02,-0.031607647626406644
 4.9930E-02,-0.023095880777411433
 4.9950E-02,-0.012721518885511127
 4.9971E-02,-0.0017718756567612227
 4.9992E-02,0.008656228914814814
 5.0013E-02,0.017794268141234387
 5.0034E-02,0.02465221934740048
 5.0054E-02,0.02846966681958585
 5.0075E-02,0.029605048652051463
 5.0096E-02,0.028822641527388823
 5.0117E-02,0.02676550028544802
 5.0138E-02,0.024470089007677973
 5.0159E-02,0.022962281489482542
 5.0179E-02,0.02271383633164626
 5.0200E-02,0.023914015431029525
 5.0221E-02,0.026187639296670014
 5.0242E-02,0.028242094044214343
 5.0263E-02,0.028526198573573556
 5.0284E-02,0.025972500278652288
 5.0304E-02,0.02030819554902748
 5.0325E-02,0.012160971088886977
 5.0346E-02,0.00278482322783743
 5.0367E-02,-0.006504785296467102
 5.0388E-02,-0.014825538328765854
 5.0409E-02,-0.021896989508776374
 5.0429E-02,-0.027797092820333484
 5.0450E-02,-0.032586759965070315
 5.0471E-02,-0.03597999233709708
 5.0492E-02,-0.03713241071124075
 5.0513E-02,-0.035065126681756625
 5.0534E-02,-0.029539833715616852
 5.0554E-02,-0.021205922160970912
 5.0575E-02,-0.011147229072872192
 5.0596E-02,-0.0006285932611374539
 5.0617E-02,0.00933614413431121
 5.0638E-02,0.018045283083777175
 5.0659E-02,0.024523133808678634
 5.0679E-02,0.028096566009993013
 5.0700E-02,0.02920659261301381
 5.0721E-02,0.028561724796847036
 5.0742E-02,0.026738293139243235
 5.0763E-02,0.024727984750621504
 5.0784E-02,0.02344558965553221
 5.0804E-02,0.02328673938438077
 5.0825E-02,0.0244560010800456
 5.0846E-02,0.02658665603004707
 5.0867E-02,0.028406013947877513
 5.0888E-02,0.028444085194124002
 5.0909E-02,0.025713203239211283
 5.0929E-02,0.019991105703272078
 5.0950E-02,0.01193938654359227
 5.0971E-02,0.0028032019386048657
 5.0992E-02,-0.006145731302848458
 5.1013E-02,-0.01406399856450118
 5.1033E-02,-0.020705232598668192
 5.1054E-02,-0.026190337464153238
 5.1075E-02,-0.030633024979130896
 5.1096E-02,-0.03379740421311648
 5.1117E-02,-0.0348636858612343
 5.1138E-02,-0.032854661308050676
 5.1158E-02,-0.0275212503186173
 5.1179E-02,-0.019483773445011114
 5.1200E-02,-0.00980013824045635
 5.1221E-02,0.0002910135044961338
 5.1242E-02,0.009831297551224267
 5.1263E-02,0.018156227314507695
 5.1283E-02,0.02431837287632538
 5.1304E-02,0.02772834039218752
 5.1325E-02,0.02887215612118302
 5.1346E-02,0.02840501662949328
 5.1367E-02,0.026844605677789724
 5.1388E-02,0.025111919420349335
 5.1408E-02,0.024007786132418548
 5.1429E-02,0.02386543240833582
 5.1450E-02,0.02491021758818193
 5.1471E-02,0.026818520439928363
 5.1492E-02,0.02838311365939626
 5.1513E-02,0.028226452936256922
 5.1533E-02,0.025427850782704577
 5.1554E-02,0.019785024370093014
 5.1575E-02,0.011946427102872057
 5.1596E-02,0.003112782559103794
 5.1617E-02,-0.005494806066735112
 5.1638E-02,-0.013053872019402326
 5.1658E-02,-0.019320397028036444
 5.1679E-02,-0.02443147890312284
 5.1700E-02,-0.02854750185528581
 5.1721E-02,-0.031504677655507386
 5.1742E-02,-0.032545623088273634
 5.1763E-02,-0.03070482135090518
 5.1783E-02,-0.025684854793170075
 5.1804E-02,-0.018031782731581472
 5.1825E-02,-0.008751004274947478
 5.1846E-02,0.0009508430772917961
 5.1867E-02,0.010139753964863173
 5.1888E-02,0.018158451076587652
 5.1908E-02,0.024091537496634098
 5.1929E-02,0.027412668893579874
 5.1950E-02,0.028620221612058166
 5.1971E-02,0.028333428937485552
 5.1992E-02,0.027027254389494226
 5.2013E-02,0.02554237334990579
 5.2033E-02,0.024577336003045486
 5.2054E-02,0.02440959896949339
 5.2075E-02,0.025276375113755477
 5.2096E-02,0.02692000329144415
 5.2117E-02,0.02822944675991294
 5.2137E-02,0.027921788314482627
 5.2158E-02,0.025135596065918343
 5.2179E-02,0.019669115982443593
 5.2200E-02,0.012122152960220709
 5.2221E-02,0.003625718147158955
 5.2242E-02,-0.004656059432842977
 5.2262E-02,-0.01191350836858492
 5.2283E-02,-0.017881309234120648
 5.2304E-02,-0.022685192101117767
 5.2325E-02,-0.026516392162389883
 5.2346E-02,-0.029290978682621933
 5.2367E-02,-0.03034393296388398
 5.2387E-02,-0.028738083988795494
 5.2408E-02,-0.024106356192249156
 5.2429E-02,-0.01688771020000375
 5.2450E-02,-0.008010944359896535
 5.2471E-02,0.0013565782776485888
 5.2492E-02,0.010278564918683902
 5.2512E-02,0.018078541477097306
 5.2533E-02,0.02387028284213529
 5.2554E-02,0.027165587103520638
 5.2575E-02,0.028449266596942788
 5.2596E-02,0.028325110681495486
 5.2617E-02,0.02724421688353931
 5.2637E-02,0.02596751489543407
 5.2658E-02,0.025109211235157265
 5.2679E-02,0.024896630221338478
 5.2700E-02,0.025563166666280834
 5.2721E-02,0.026927067720195874
 5.2742E-02,0.027993082466137964
 5.2762E-02,0.02756990914508632
 5.2783E-02,0.024848366104841205
 5.2804E-02,0.019616647229063505
 5.2825E-02,0.012403409958849906
 5.2846E-02,0.004255204753205335
 5.2867E-02,-0.003724769042202463
 5.2887E-02,-0.010740118581642122
 5.2908E-02,-0.016492105223556926
 5.2929E-02,-0.02107118716194379
 5.2950E-02,-0.02467654501879984
 5.2971E-02,-0.027296257940402587
 5.2992E-02,-0.02837468494767615
 5.3012E-02,-0.02702492165988465
 5.3033E-02,-0.022809373711076913
 5.3054E-02,-0.0160428029674412
 5.3075E-02,-0.007557455754318106
 5.3096E-02,0.001529482095823707
 5.3116E-02,0.010264726749315242
 5.3137E-02,0.01793255280549719
 5.3158E-02,0.0236660391167518
 5.3179E-02,0.026990878533095036
 5.3200E-02,0.028357294667876436
 5.3221E-02,0.028367135778061027
 5.3241E-02,0.0274664600698863
 5.3262E-02,0.02634759016589489
 5.3283E-02,0.02556262847756687
 5.3304E-02,0.025298596296111316
 5.3325E-02,0.025769644017734065
 5.3346E-02,0.026865560449351417
 5.3366E-02,0.027713914331480686
 5.3387E-02,0.027207902213103215
 5.3408E-02,0.024581397500738403
 5.3429E-02,0.01960841353711627
 5.3450E-02,0.012737247924903945
 5.3471E-02,0.004924926602071867
 5.3491E-02,-0.002785285031134682
 5.3512E-02,-0.009612894514600491
 5.3533E-02,-0.015223328814713718
 5.3554E-02,-0.019656699587010242
 5.3575E-02,-0.02309859478750938
 5.3596E-02,-0.02559240728412872
 5.3616E-02,-0.026695561647399793
 5.3637E-02,-0.025592542659276477
 5.3658E-02,-0.0217893107885536
 5.3679E-02,-0.015472213669830651
 5.3700E-02,-0.007360556869732441
 5.3721E-02,0.0014930456945861231
 5.3741E-02,0.01011593230133771
 5.3762E-02,0.017738208044877114
 5.3783E-02,0.02349239349801987
 5.3804E-02,0.026892789669015805
 5.3825E-02,0.028340176901968484
 5.3846E-02,0.028443990762189827
 5.3866E-02,0.027666166249973846
 5.3887E-02,0.026651530384313376
 5.3908E-02,0.025912845023856615
 5.3929E-02,0.025607279932859887
 5.3950E-02,0.02591420601373911
 5.3971E-02,0.026775230610662996
 5.3991E-02,0.027434440517376212
 5.4012E-02,0.026863178690063584
 5.4033E-02,0.02433289418825172
 5.4054E-02,0.019608679125230313
 5.4075E-02,0.01306408495207598
 5.4096E-02,0.00556834500019702
 5.4116E-02,-0.001895674247306199
 5.4137E-02,-0.008572329404418709
 5.4158E-02,-0.014100862283795843
 5.4179E-02,-0.018466407509601428
 5.4200E-02,-0.021820201475558423
 5.4220E-02,-0.024232547425108632
 5.4241E-02,-0.025358264058805657
 5.4262E-02,-0.024465406063137535
 5.4283E-02,-0.021029553050204708
 5.4304E-02,-0.015124843089714428
 5.4325E-02,-0.007356829129086748
 5.4345E-02,0.0012969611714204543
 5.4366E-02,0.009854426028120748
 5.4387E-02,0.0174916128301631
 5.4408E-02,0.023326903267974413
 5.4429E-02,0.026844948820765314
 5.4450E-02,0.028384501431042517
 5.4470E-02,0.028558802733796792
 5.4491E-02,0.027854852711354003
 5.4512E-02,0.02688945263572234
 5.4533E-02,0.026158471131768373
 5.4554E-02,0.025808349991969924
 5.4575E-02,0.025982822481602035
 5.4595E-02,0.026654992012325487
 5.4616E-02,0.027168942338049815
 5.4637E-02,0.026561434164783213
 5.4658E-02,0.024128036693389386
 5.4679E-02,0.019625603957176312
 5.4700E-02,0.013365686942718924
 5.4720E-02,0.006142241373031234
 5.4741E-02,-0.001112487889854321
 5.4762E-02,-0.0076687982385364286
 5.4783E-02,-0.01315230197759008
 5.4804E-02,-0.017501536985382826
 5.4825E-02,-0.020826898189599572
 5.4845E-02,-0.02320319348049196
 5.4866E-02,-0.024357943448231736
 5.4887E-02,-0.0236404319919889
 5.4908E-02,-0.02051799822946164
 5.4929E-02,-0.014974918559507066
 5.4950E-02,-0.007510543213966532
 5.4970E-02,0.000977337275264993
 5.4991E-02,0.009508892134072532
 5.5012E-02,0.017210863960750285
 5.5033E-02,0.02317403603223771
 5.5054E-02,0.02683804612686152
 5.5075E-02,0.02847412123554905
 5.5095E-02,0.028695985922543514
 5.5116E-02,0.028021781460000096
 5.5137E-02,0.02705924577697994
 5.5158E-02,0.02630520542669309
 5.5179E-02,0.025910346848868043
 5.5199E-02,0.025986373515687167
 5.5220E-02,0.026518394051487804
 5.5241E-02,0.026928514912624806
 5.5262E-02,0.026307397383875705
 5.5283E-02,0.02396507235318969
 5.5304E-02,0.019650999631094623
 5.5324E-02,0.013629076370672621
 5.5345E-02,0.006631341061290467
 5.5366E-02,-0.00045152547928840707
 5.5387E-02,-0.006914198679601627
 5.5408E-02,-0.0123794559734879
 5.5429E-02,-0.0167512813424972
 5.5449E-02,-0.020099391894980525
 5.5470E-02,-0.022485879388019436
 5.5491E-02,-0.023682805996643547
 5.5512E-02,-0.023107035214201353
 5.5533E-02,-0.02023369809875115
 5.5554E-02,-0.01498529206458017
 5.5574E-02,-0.007774057019546661
 5.5595E-02,0.0005781581370410864
 5.5616E-02,0.009106147701812017
 5.5637E-02,0.016900687568082683
 5.5658E-02,0.023020844622026363
 5.5679E-02,0.0268515172184054
 5.5699E-02,0.02859265531218915
 5.5720E-02,0.028851618345129098
 5.5741E-02,0.028175977529227063
 5.5762E-02,0.02717748713314443
 5.5783E-02,0.026369077335012328
 5.5804E-02,0.02592077920023761
 5.5824E-02,0.025923220629287827
 5.5845E-02,0.026361865164003927
 5.5866E-02,0.026713119894979
 5.5887E-02,0.026105383545439835
 5.5908E-02,0.023851065953373187
 5.5929E-02,0.019689846573017707
 5.5949E-02,0.013852199743065974
 5.5970E-02,0.007025544336851312
 5.5991E-02,7.15783009043033e-05
 5.6012E-02,-0.006323094664034569
 5.6033E-02,-0.011786128794005025
 5.6054E-02,-0.016201712544793467
 5.6074E-02,-0.01960708915853025
 5.6095E-02,-0.022043624547858395
 5.6116E-02,-0.02330240621991567
 5.6137E-02,-0.022845813725807226
 5.6158E-02,-0.02016151630035433
 5.6179E-02,-0.015134871945248164
 5.6199E-02,-0.008115732804396102
 5.6220E-02,0.0001368574226845963
 5.6241E-02,0.008678095911893039
 5.6262E-02,0.016577237013292386
 5.6283E-02,0.022865238467916285
 5.6303E-02,0.02687028008192231
 5.6324E-02,0.028721632656145097
 5.6345E-02,0.029014105757018877
 5.6366E-02,0.028318540953311946
 5.6387E-02,0.0272571838503705
 5.6408E-02,0.02636916580580189
 5.6428E-02,0.025855513653044677
 5.6449E-02,0.025799323370409338
 5.6470E-02,0.026182992888092768
 5.6491E-02,0.026517485683235954
 5.6512E-02,0.02595239278082254
 5.6533E-02,0.02378995341773887
 5.6553E-02,0.01975359149274514
 5.6574E-02,0.01404894205340226
 5.6595E-02,0.007334754905459478
 5.6616E-02,0.0004585825508455028
 5.6637E-02,-0.005900527902583177
 5.6658E-02,-0.011375524011005101
 5.6678E-02,-0.015842540563473166
 5.6699E-02,-0.019319306309062246
 5.6720E-02,-0.02182977655219318
 5.6741E-02,-0.02316885801218874
 5.6762E-02,-0.022821499711854484
 5.6783E-02,-0.02028162735078034
 5.6803E-02,-0.015411785131924718
 5.6824E-02,-0.008521348164997344
 5.6845E-02,-0.0003243673700272058
 5.6866E-02,0.008252056001913645
 5.6887E-02,0.016264446481683674
 5.6908E-02,0.022720006928507373
 5.6928E-02,0.026892404388581988
 5.6949E-02,0.028846655551325078
 5.6970E-02,0.0291652998453829
 5.6991E-02,0.028438130752053238
 5.7012E-02,0.02730075327236331
 5.7033E-02,0.02632291412416726
 5.7053E-02,0.025740425811386275
 5.7074E-02,0.02563754201251281
 5.7095E-02,0.025993997832333648
 5.7116E-02,0.02634125141214931
 5.7137E-02,0.02583720549710432
 5.7158E-02,0.02376647286788901
 5.7178E-02,0.019832237290146985
 5.7199E-02,0.014220535506073502
 5.7220E-02,0.007572148673664542
 5.7241E-02,0.0007298609704837868
 5.7262E-02,-0.005626728632132739
 5.7282E-02,-0.01113312788581788
 5.7303E-02,-0.01566237020003655
 5.7324E-02,-0.019220554059326454
 5.7345E-02,-0.02181857344490925
 5.7366E-02,-0.023247226544860142
 5.7387E-02,-0.022996802022688893
 5.7407E-02,-0.02055992510559985
 5.7428E-02,-0.015786553584078582
 5.7449E-02,-0.008965216795417959
 5.7470E-02,-0.0007832519083107291
 5.7491E-02,0.007844460343245523
 5.7512E-02,0.01596955527483495
 5.7532E-02,0.02258370106059689
 5.7553E-02,0.026911981438139155
 5.7574E-02,0.02896181568421047
 5.7595E-02,0.029303209261190177
 5.7616E-02,0.02853864001427831
 5.7637E-02,0.027316316254325648
 5.7657E-02,0.02623978676963638
 5.7678E-02,0.025583462939867355
 5.7699E-02,0.02544132826953605
 5.7720E-02,0.02579421715381214
 5.7741E-02,0.026183451763524913
 5.7762E-02,0.025761083013793287
 5.7782E-02,0.023784652999087354
 5.7803E-02,0.01993200520783049
 5.7824E-02,0.014373256094486222
 5.7845E-02,0.007742615348781066
 5.7866E-02,0.0008897671634936271
 5.7887E-02,-0.005495970816636097
 5.7907E-02,-0.011048853429858011
 5.7928E-02,-0.015642654520531797
 5.7949E-02,-0.0192804658458365
 5.7970E-02,-0.02196810401934154
 5.7991E-02,-0.02349071588698226
 5.8012E-02,-0.023330880686906055
 5.8032E-02,-0.020969072081371762
 5.8053E-02,-0.016244685605207972
 5.8074E-02,-0.009438109123010689
 5.8095E-02,-0.0012268134882453176
 5.8116E-02,0.007475647313357255
 5.8137E-02,0.015715919245135178
 5.8157E-02,0.022474441016504833
 5.8178E-02,0.026935041803432473
 5.8199E-02,0.029059222369274364
 5.8220E-02,0.02941120965275691
 5.8241E-02,0.02860470381730464
 5.8262E-02,0.02729911247760671
 5.8282E-02,0.02613021315778339
 5.8303E-02,0.02540744453221636
 5.8324E-02,0.025236012695477553
 5.8345E-02,0.025600775158777612
 5.8366E-02,0.026047581788143967
 5.8386E-02,0.02571484018926684
 5.8407E-02,0.02382953166605443
 5.8428E-02,0.020042358183221875
 5.8449E-02,0.014508497647308728
 5.8470E-02,0.007860903991360291
 5.8491E-02,0.0009624963283705566
 5.8511E-02,-0.005481704582012409
 5.8532E-02,-0.01110012628468536
 5.8553E-02,-0.015766276332344606
 5.8574E-02,-0.01948289803622082
 5.8595E-02,-0.02225566234191627
 5.8616E-02,-0.023865778707335562
 5.8636E-02,-0.023782448042181818
 5.8657E-02,-0.02146800791954125
 5.8678E-02,-0.016753025569790785
 5.8699E-02,-0.009918569009152358
 5.8720E-02,-0.0016441114516269305
 5.8741E-02,0.00714986458274122
 5.8761E-02,0.015504566248098777
 5.8782E-02,0.0223927559083607
 5.8803E-02,0.026963363836788906
 5.8824E-02,0.029141846975587023
 5.8845E-02,0.02949268206313409
 5.8866E-02,0.0286397617028424
 5.8886E-02,0.02725239745340155
 5.8907E-02,0.02599781601634102
 5.8928E-02,0.02521770780989882
 5.8949E-02,0.025028463361902425
 5.8970E-02,0.025420322064168464
 5.8991E-02,0.025938560883795085
 5.9011E-02,0.025700160601897063
 5.9032E-02,0.023898679350709766
 5.9053E-02,0.020158395832381458
 5.9074E-02,0.01462245478985218
 5.9095E-02,0.007928171944965175
 5.9116E-02,0.0009571439757132
 5.9136E-02,-0.005566495992730062
 5.9157E-02,-0.011263434202161967
 5.9178E-02,-0.016006517937790267
 5.9199E-02,-0.019799310868321183
 5.9220E-02,-0.022649831461291688
 5.9241E-02,-0.02433668428162038
 5.9261E-02,-0.02431321530485582
 5.9282E-02,-0.022020883091660025
 5.9303E-02,-0.017283103650757928
 5.9324E-02,-0.01038756328341153
 5.9345E-02,-0.0020239422164583746
 5.9365E-02,0.0068740126286574305
 5.9386E-02,0.01534066119737445
 5.9407E-02,0.022342746836256314
 5.9428E-02,0.02699968937474321
 5.9449E-02,0.029210465795019253
 5.9470E-02,0.029546311533115717
 5.9490E-02,0.02864193977162628
 5.9511E-02,0.02717639748374154
 5.9532E-02,0.025846977780099204
 5.9553E-02,0.025023233001548153
 5.9574E-02,0.02483023678852247
 5.9595E-02,0.02526303001475628
 5.9615E-02,0.02586203089716728
 5.9636E-02,0.025717387052161818
 5.9657E-02,0.023988400651153218
 5.9678E-02,0.020275370042105244
 5.9699E-02,0.014713011282445496
 5.9720E-02,0.007947887436623126
 5.9740E-02,0.0008846214934403289
 5.9761E-02,-0.005731520739958759
 5.9782E-02,-0.011513354564963068
 5.9803E-02,-0.016333875881648016
 5.9824E-02,-0.020198470593275644
 5.9845E-02,-0.02311840009375287
 5.9865E-02,-0.024869635487088326
 5.9886E-02,-0.02488819917258526
 5.9907E-02,-0.022594279112717292
 5.9928E-02,-0.017806824120611242
 5.9949E-02,-0.01082500840178226
 5.9970E-02,-0.0023545825795429284
 5.9990E-02,0.006653336365009569
 6.0011E-02,0.015225399753679656
 6.0032E-02,0.02232318474191229
 6.0053E-02,0.02704170873231264
 6.0074E-02,0.029263237827666287
 6.0095E-02,0.02957195045518994
 6.0115E-02,0.028613716440121794
 6.0136E-02,0.027076814409419857
 6.0157E-02,0.025686168638257838
 6.0178E-02,0.02483387110411118
 6.0199E-02,0.024650429263605344
 6.0220E-02,0.02513433787562268
 6.0240E-02,0.0258177301875282
 6.0261E-02,0.02576103084112775
 6.0282E-02,0.02409068909521575
 6.0303E-02,0.020386833741080343
 6.0324E-02,0.014779439482911088
 6.0345E-02,0.007927424161457013
 6.0365E-02,0.0007603573810379943
 6.0386E-02,-0.005954977982197551
 6.0407E-02,-0.011823989160929933
 6.0428E-02,-0.016720276669569198
 6.0449E-02,-0.020650978071836936
 6.0469E-02,-0.02363003281883285
 6.0490E-02,-0.025429982607388876
 6.0511E-02,-0.025469575512879424
 6.0532E-02,-0.02315053785530563
 6.0553E-02,-0.018292122940751363
 6.0574E-02,-0.011209227122663224
 6.0594E-02,-0.00262663569632365
 6.0615E-02,0.006486967851645552
 6.0636E-02,0.015152600812060442
 6.0657E-02,0.022327928054911905
 6.0678E-02,0.027087094804723676
 6.0699E-02,0.029302838559527214
 6.0719E-02,0.029575654982510326
 6.0740E-02,0.028561762588204358
 6.0761E-02,0.02695908637853481
 6.0782E-02,0.025519036598286627
 6.0803E-02,0.02465207785784711
 6.0824E-02,0.024491521999395183
 6.0844E-02,0.02503713588369656
 6.0865E-02,0.02580823868370443
 6.0886E-02,0.025832502413959107
 6.0907E-02,0.0242051180101542
 6.0928E-02,0.020490546628973157
 6.0949E-02,0.014819394699112805
 6.0969E-02,0.00786748531878348
 6.0990E-02,0.0005913570230373748
 6.1011E-02,-0.006221241717169682
 6.1032E-02,-0.012170411572644322
 6.1053E-02,-0.017133020259124124
 6.1074E-02,-0.02111986775725498
 6.1094E-02,-0.024147503353608542
 6.1115E-02,-0.025983074561168558
 6.1136E-02,-0.02602674010465334
 6.1157E-02,-0.02366404842579138
 6.1178E-02,-0.01871905382841742
 6.1199E-02,-0.011526109836612083
 6.1219E-02,-0.0028315479520313065
 6.1240E-02,0.00637862460109377
 6.1261E-02,0.015122157213953382
 6.1282E-02,0.022354060935681097
 6.1303E-02,0.027131558833797906
 6.1324E-02,0.0293256553717346
 6.1344E-02,0.029556386661708765
 6.1365E-02,0.028489052529337314
 6.1386E-02,0.026830871440624997
 6.1407E-02,0.02535673905180417
 6.1428E-02,0.024489602386983805
 6.1448E-02,0.024362552874545983
 6.1469E-02,0.024974869353451664
 6.1490E-02,0.025830230427581147
 6.1511E-02,0.02592362061792792
 6.1532E-02,0.02432279588322441
 6.1553E-02,0.02058114446168346
 6.1573E-02,0.01483410247492647
 6.1594E-02,0.007777080201926159
 6.1615E-02,0.00039358451223335793
 6.1636E-02,-0.0065092544755194544
 6.1657E-02,-0.012528152588342268
 6.1678E-02,-0.017545329149067236
 6.1698E-02,-0.02157678163702414
 6.1719E-02,-0.02464150796857454
 6.1740E-02,-0.02649939158562381
 6.1761E-02,-0.026531075151872238
 6.1782E-02,-0.024108941276247797
 6.1803E-02,-0.01906688224829162
 6.1823E-02,-0.01176222383114427
 6.1844E-02,-0.002964308824499405
 6.1865E-02,0.006325470153279085
 6.1886E-02,0.015125831007947291
 6.1907E-02,0.022391874831939298
 6.1928E-02,0.027168370843083406
 6.1948E-02,0.02933100259291611
 6.1969E-02,0.029519687741142945
 6.1990E-02,0.02840516702598613
 6.2011E-02,0.026702522957254782
 6.2032E-02,0.025207129727623796
 6.2053E-02,0.024349797341631563
 6.2073E-02,0.024262220288708024
 6.2094E-02,0.02494265448391592
 6.2115E-02,0.025877081324741515
 6.2136E-02,0.026028478279390126
 6.2157E-02,0.02444078554216806
 6.2178E-02,0.020659828781794863
 6.2198E-02,0.014829054689660424
 6.2219E-02,0.007665614870124856
 6.2240E-02,0.00017978403652287207
 6.2261E-02,-0.0068030567658274674
 6.2282E-02,-0.012877136462254414
 6.2303E-02,-0.017931784744033064
 6.2323E-02,-0.021990870782651054
 6.2344E-02,-0.025077677431121357
 6.2365E-02,-0.026944882544555238
 6.2386E-02,-0.026953615841066165
 6.2407E-02,-0.024465165407274895
 6.2428E-02,-0.019325681139898028
 6.2448E-02,-0.011916073823930865
 6.2469E-02,-0.0030283066931785126
 6.2490E-02,0.006322959324462663
 6.2511E-02,0.01516032601787573
 6.2532E-02,0.02244006868442835
 6.2552E-02,0.027197823210912523
 6.2573E-02,0.029319692949829515
 6.2594E-02,0.02946619331831386
 6.2615E-02,0.028311282235511045
 6.2636E-02,0.02657710244171797
 6.2657E-02,0.025075613204708275
 6.2677E-02,0.024239534598417906
 6.2698E-02,0.02419672195224369
 6.2719E-02,0.02494315800799464
 6.2740E-02,0.025946003179440635
 6.2761E-02,0.02613939674539469
 6.2782E-02,0.024549598138094906
 6.2802E-02,0.020719643332803322
 6.2823E-02,0.014803860552701817
 6.2844E-02,0.007541557781198249
 6.2865E-02,-3.3135760326664584e-05
 6.2886E-02,-0.007080166970626355
 6.2907E-02,-0.013193019879149018
 6.2927E-02,-0.018269033981145065
 6.2948E-02,-0.022340984861805392
 6.2969E-02,-0.02543691341046502
 6.2990E-02,-0.027302108655132107
 6.3000E-02,-0.027602051119299708
