  0.000,0.0
  1.000,0.009271696347629406
  0.000,0.009271696347629406
 1.6880E-05,0.009661499953824456
 3.3760E-05,0.010843323466759201
 5.0640E-05,0.01258626619762777
 6.7520E-05,0.01527485336901418
 8.4400E-05,0.01825172541278927
 1.0128E-04,0.02063042256768294
 1.1816E-04,0.021928465601866825
 1.3504E-04,0.02198506591866207
 1.5192E-04,0.02061022362907993
 1.6880E-04,0.01804897647331612
 1.8568E-04,0.015209549447922598
 2.0256E-04,0.012772087879943404
 2.1944E-04,0.0108921250832908
 2.3632E-04,0.009710120470018138
 2.5320E-04,0.009192844352391025
 2.7008E-04,0.00872375227169337
 2.8696E-04,0.007624439634562496
 3.0384E-04,0.00579963853048363
 3.2072E-04,0.003420813320377556
 3.3760E-04,0.0006690924324667985
 3.5448E-04,-0.001856386404414301
 3.7136E-04,-0.003321216758258504
 3.8824E-04,-0.0033777383891467473
 4.0512E-04,-0.002153562466071865
 4.2200E-04,0.00012515936580160397
 4.3888E-04,0.002993034934028317
 4.5576E-04,0.0056785437013785875
 4.7264E-04,0.007647202569729924
 4.8952E-04,0.008896026983774629
 5.0640E-04,0.009644840580066589
 5.2328E-04,0.010205482177654218
 5.4016E-04,0.011080544106898417
 5.5704E-04,0.01270841969741656
 5.7392E-04,0.01504834791705466
 5.9080E-04,0.017652505676166014
 6.0768E-04,0.020025615786922763
 6.2456E-04,0.021636437699439195
 6.4144E-04,0.02193716526282769
 6.5832E-04,0.02078782015281407
 6.7520E-04,0.018580271354716422
 6.9208E-04,0.015848043093204638
 7.0896E-04,0.013107686176246053
 7.2584E-04,0.010901857145549854
 7.4272E-04,0.009511049574068143
 7.5960E-04,0.008719849910133083
 7.7648E-04,0.008082733861290957
 7.9336E-04,0.007207099606712762
 8.1024E-04,0.005767762226232763
 8.2712E-04,0.0036338436832621416
 8.4400E-04,0.0010888948919565208
 8.6088E-04,-0.0012703635494434999
 8.7776E-04,-0.0028681563593079013
 8.9464E-04,-0.0033066826279431966
 9.1152E-04,-0.002393316860829857
 9.2840E-04,-0.00028849033534786945
 9.4528E-04,0.0024604256395659436
 9.6216E-04,0.005217466539719707
 9.7904E-04,0.007527881707318244
 9.9592E-04,0.009145352046438595
 1.0128E-03,0.010088133360316123
 1.0297E-03,0.010718481139893387
 1.0466E-03,0.011543347091641076
 1.0634E-03,0.012893795511086669
 1.0803E-03,0.014838898809498105
 1.0972E-03,0.017205816750408158
 1.1141E-03,0.019536034701179837
 1.1310E-03,0.02120407869306755
 1.1478E-03,0.021731527132503977
 1.1647E-03,0.020960982392406177
 1.1816E-03,0.01902854662731431
 1.1985E-03,0.016343825214161143
 1.2154E-03,0.013517383961732795
 1.2322E-03,0.011103625682461551
 1.2491E-03,0.009368429394823909
 1.2660E-03,0.008275034107717351
 1.2829E-03,0.007555889988391566
 1.2998E-03,0.006784274032009844
 1.3166E-03,0.005556110998169455
 1.3335E-03,0.00372862995018087
 1.3504E-03,0.0014900430610166478
 1.3673E-03,-0.0007442646740063725
 1.3842E-03,-0.0024440392746405085
 1.4010E-03,-0.0031051163916777924
 1.4179E-03,-0.002470927861005585
 1.4348E-03,-0.0006560679452070953
 1.4517E-03,0.001940427033589259
 1.4686E-03,0.004782723399641393
 1.4854E-03,0.007330525760540621
 1.5023E-03,0.009225516425612538
 1.5192E-03,0.010440910956369636
 1.5361E-03,0.011238775710709291
 1.5530E-03,0.012008451338379253
 1.5698E-03,0.013120514928565136
 1.5867E-03,0.014778861108842311
 1.6036E-03,0.01688538917839
 1.6205E-03,0.01904735866277637
 1.6374E-03,0.020740686664455686
 1.6542E-03,0.021491530192259675
 1.6711E-03,0.021016231761917366
 1.6880E-03,0.019338350663422228
 1.7049E-03,0.016810455052624546
 1.7218E-03,0.013973778391640879
 1.7386E-03,0.011354896750634056
 1.7555E-03,0.009316647322103806
 1.7724E-03,0.00795955592396059
 1.7893E-03,0.007088598738012694
 1.8062E-03,0.006318165474248838
 1.8230E-03,0.00527214903011037
 1.8399E-03,0.0037447093904082367
 1.8568E-03,0.0017823217188555978
 1.8737E-03,-0.0002973837695615482
 1.8906E-03,-0.0019935525827339713
 1.9074E-03,-0.0028156155943678154
 1.9243E-03,-0.0024665776952811917
 1.9412E-03,-0.0009334805489822481
 1.9581E-03,0.0015028260287034472
 1.9750E-03,0.004343018104102295
 1.9918E-03,0.007043494457336568
 2.0087E-03,0.009211162990100344
 2.0256E-03,0.010713171445503477
 2.0425E-03,0.011685343980178082
 2.0594E-03,0.012462128921572821
 2.0762E-03,0.013426753128202995
 2.0931E-03,0.01482522957035837
 2.1100E-03,0.016646895613564822
 2.1269E-03,0.018620364240930942
 2.1438E-03,0.02029543525716447
 2.1606E-03,0.021187702874931248
 2.1775E-03,0.02096005722989788
 2.1944E-03,0.01955744280909476
 2.2113E-03,0.017223270636033867
 2.2282E-03,0.014413884399571782
 2.2450E-03,0.011655662464319998
 2.2619E-03,0.009372621568280847
 2.2788E-03,0.007745028541834854
 2.2957E-03,0.006674726454267678
 2.3126E-03,0.00586271092001877
 2.3294E-03,0.004947403509668216
 2.3463E-03,0.0036621580281073016
 2.3632E-03,0.001967187644317616
 2.3801E-03,9.013751423898615e-05
 2.3970E-03,-0.0015496290380151091
 2.4138E-03,-0.0024876219961949496
 2.4307E-03,-0.002373773971792738
 2.4476E-03,-0.0011030608569773531
 2.4645E-03,0.0011332472433745466
 2.4814E-03,0.003910290484372735
 2.4982E-03,0.006716162333666379
 2.5151E-03,0.009115683348426027
 2.5320E-03,0.01088201122769007
 2.5489E-03,0.012056662329726103
 2.5658E-03,0.012904070278607604
 2.5826E-03,0.013775682350265847
 2.5995E-03,0.014949531784905266
 2.6164E-03,0.01650559866359491
 2.6333E-03,0.018272187657460033
 2.6502E-03,0.019868999319226626
 2.6670E-03,0.020841050641518775
 2.6839E-03,0.020825759875714844
 2.7008E-03,0.019684269615784063
 2.7177E-03,0.01755738022970465
 2.7346E-03,0.014828239333327794
 2.7514E-03,0.011996016284555489
 2.7683E-03,0.00950790872011684
 2.7852E-03,0.007620468222395954
 2.8021E-03,0.00633744620715109
 2.8190E-03,0.005438113963600782
 2.8358E-03,0.004588879537317855
 2.8527E-03,0.0035001424814984396
 2.8696E-03,0.00206183095277262
 2.8865E-03,0.0004031393411422319
 2.9034E-03,-0.0011392550142297218
 2.9202E-03,-0.0021324555817951647
 2.9371E-03,-0.002203583213250611
 2.9540E-03,-0.0011810328778720488
 2.9709E-03,0.0008375503114952305
 2.9878E-03,0.0035120530442965445
 3.0046E-03,0.006367328154968965
 3.0215E-03,0.008946779595547356
 3.0384E-03,0.010958186395972382
 3.0553E-03,0.012353124139094037
 3.0722E-03,0.013311267704530933
 3.0890E-03,0.014142284357774577
 3.1059E-03,0.01514245737917474
 3.1228E-03,0.016456659813504717
 3.1397E-03,0.018000858162148765
 3.1566E-03,0.019478087461420254
 3.1734E-03,0.020478938283668334
 3.1903E-03,0.020627244286421077
 3.2072E-03,0.019720410677678664
 3.2241E-03,0.017812509474834166
 3.2410E-03,0.015205173848777892
 3.2578E-03,0.012350256243604155
 3.2747E-03,0.009703853015232917
 3.2916E-03,0.007583908266336857
 3.3085E-03,0.006080634441975561
 3.3254E-03,0.005053899058730069
 3.3422E-03,0.0042183780349744635
 3.3591E-03,0.0032801001857871315
 3.3760E-03,0.0020713151576981855
 3.3929E-03,0.0006351451255105407
 3.4098E-03,-0.0007726007912288557
 3.4266E-03,-0.0017680273351332403
 3.4435E-03,-0.0019775262213793127
 3.4604E-03,-0.00117633157782505
 3.4773E-03,0.0006225233015590978
 3.4942E-03,0.003160568011225676
 3.5110E-03,0.006012677693114201
 3.5279E-03,0.008724112366548513
 3.5448E-03,0.010953504314761716
 3.5617E-03,0.012569688305053218
 3.5786E-03,0.013669547668259334
 3.5954E-03,0.014511076109804007
 3.6123E-03,0.01538674495931717
 3.6292E-03,0.0164872265789469
 3.6461E-03,0.01780867747523899
 3.6630E-03,0.01913748323133679
 3.6798E-03,0.0201180513106162
 3.6967E-03,0.020380140205740967
 3.7136E-03,0.019678173088236748
 3.7305E-03,0.017988838402910223
 3.7474E-03,0.015530796972992145
 3.7642E-03,0.012700219486268573
 3.7811E-03,0.009945166933842089
 3.7980E-03,0.007624294005771019
 3.8149E-03,0.005902608190270568
 3.8318E-03,0.0047220561686820185
 3.8486E-03,0.003854896758230518
 3.8655E-03,0.0030181005159056647
 3.8824E-03,0.002005698123028825
 3.8993E-03,0.0007882226100985592
 3.9162E-03,-0.00045960985654777036
 3.9330E-03,-0.001413110081437765
 3.9499E-03,-0.0017128668271093365
 3.9668E-03,-0.00109881964331205
 3.9837E-03,0.00048640161282525974
 4.0006E-03,0.002864258808579651
 4.0174E-03,0.005669913777393582
 4.0343E-03,0.008465888926773602
 4.0512E-03,0.010878451914467215
 4.0681E-03,0.012707701529355181
 4.0850E-03,0.013971190005724117
 4.1018E-03,0.014865740137690809
 4.1187E-03,0.015663916065840968
 4.1356E-03,0.016585758871891832
 4.1525E-03,0.01769433267756861
 4.1694E-03,0.018854814022620646
 4.1862E-03,0.01977354148112116
 4.2031E-03,0.020102576660478624
 4.2200E-03,0.01957012775833128
 4.2369E-03,0.018088189812410175
 4.2538E-03,0.015797364045413532
 4.2706E-03,0.013031445031861497
 4.2875E-03,0.010214432287973802
 4.3044E-03,0.007728383999491715
 4.3213E-03,0.005800590931736581
 4.3382E-03,0.004450229565874381
 4.3550E-03,0.003512650830593146
 4.3719E-03,0.0027308794516765367
 4.3888E-03,0.0018784606468796225
 4.4057E-03,0.000866230805607799
 4.4226E-03,-0.00020743747790352382
 4.4394E-03,-0.0010818793222018516
 4.4563E-03,-0.0014258958784837872
 4.4732E-03,-0.0009618807204324537
 4.4901E-03,0.0004244045216954455
 4.5070E-03,0.002629439578421533
 4.5238E-03,0.005353123850483513
 4.5407E-03,0.008188274757204607
 4.5576E-03,0.01074621776772814
 4.5745E-03,0.012772531387052213
 4.5914E-03,0.014210833985697998
 4.6082E-03,0.015192486074038619
 4.6251E-03,0.01595774905643316
 4.6420E-03,0.016739183056590435
 4.6589E-03,0.017652159747191636
 4.6758E-03,0.018634559188353734
 4.6926E-03,0.01945866849800369
 4.7095E-03,0.01981086958684401
 4.7264E-03,0.01940943885504782
 4.7433E-03,0.018116389782170172
 4.7602E-03,0.016001080411992618
 4.7770E-03,0.01333135867216073
 4.7939E-03,0.01049537112531277
 4.8108E-03,0.007882760516623654
 4.8277E-03,0.005768542870909765
 4.8446E-03,0.004241684896290755
 4.8614E-03,0.0032034863658667026
 4.8783E-03,0.0024345067359863495
 4.8952E-03,0.0017033536388223298
 4.9121E-03,0.000875564047455904
 4.9290E-03,-1.892056722364009e-05
 4.9458E-03,-0.0007855217872725332
 4.9627E-03,-0.0011323105018124632
 4.9796E-03,-0.0007795268418014608
 4.9965E-03,0.0004296569638990563
 5.0134E-03,0.0024585150376990527
 5.0302E-03,0.005072951471279795
 5.0471E-03,0.007906540608358647
 5.0640E-03,0.010570948461775044
 5.0809E-03,0.012771564743518172
 5.0978E-03,0.014386530945713539
 5.1146E-03,0.015481096066469864
 5.1315E-03,0.016253380143725803
 5.1484E-03,0.01693336412714403
 5.1653E-03,0.01767430750150612
 5.1822E-03,0.018478144965457983
 5.1990E-03,0.019183267274145675
 5.2159E-03,0.01951955983813588
 5.2328E-03,0.01921016882011808
 5.2497E-03,0.018081672595155297
 5.2666E-03,0.016141083201113158
 5.2834E-03,0.0135905322763376
 5.3003E-03,0.010773707936958348
 5.3172E-03,0.008073446534445732
 5.3341E-03,0.005797914863226447
 5.3510E-03,0.004096679016411232
 5.3678E-03,0.002936336365257957
 5.3847E-03,0.002143017077488262
 5.4016E-03,0.0014943178076270273
 5.4185E-03,0.0008250445689937038
 5.4354E-03,0.00010626932269056262
 5.4522E-03,-0.0005324068481547091
 5.4691E-03,-0.0008458693037935681
 5.4860E-03,-0.0005656830728909988
 5.5029E-03,0.0004930970929249673
 5.5198E-03,0.002350625480323488
 5.5366E-03,0.004837173713861454
 5.5535E-03,0.007634124932575272
 5.5704E-03,0.010366574209504929
 5.5873E-03,0.012714097522021805
 5.6042E-03,0.014499591934905728
 5.6210E-03,0.015724346753235214
 5.6379E-03,0.016537734489335373
 5.6548E-03,0.017154398256258155
 5.6717E-03,0.017751255172993703
 5.6886E-03,0.01838385667974388
 5.7054E-03,0.01895405193552205
 5.7223E-03,0.019241342323403646
 5.7392E-03,0.018986175163115463
 5.7561E-03,0.01799379987935199
 5.7730E-03,0.016219482398324714
 5.7898E-03,0.01380272288061562
 5.8067E-03,0.011037137234376729
 5.8236E-03,0.008286677437721685
 5.8405E-03,0.005878705431367442
 5.8574E-03,0.004012672786384632
 5.8742E-03,0.0027169631096837076
 5.8911E-03,0.0018683231157155143
 5.9080E-03,0.0012650030546793125
 5.9249E-03,0.0007249123163197185
 5.9418E-03,0.00017112594199707816
 5.9586E-03,-0.00032780811191761435
 5.9755E-03,-0.0005780907583736109
 5.9924E-03,-0.0003338499371967326
 6.0093E-03,0.0006042831197933549
 6.0262E-03,0.00230231717658071
 6.0430E-03,0.0046505605058427294
 6.0599E-03,0.0073821602931552315
 6.0768E-03,0.01014643994414291
 6.0937E-03,0.012610728189380672
 6.1106E-03,0.01455388545267764
 6.1274E-03,0.015917949408365543
 6.1443E-03,0.016800053142645252
 6.1612E-03,0.017389107697529774
 6.1781E-03,0.017872295450193854
 6.1950E-03,0.01834745500837722
 6.2118E-03,0.018774840219128557
 6.2287E-03,0.018986606198546616
 6.2456E-03,0.018750480180543202
 6.2625E-03,0.017863578589816156
 6.2794E-03,0.01624085833266045
 6.2962E-03,0.013964573301647869
 6.3131E-03,0.01127565461913507
 6.3300E-03,0.008509598041542655
 6.3469E-03,0.006000009576040318
 6.3638E-03,0.00398474128805665
 6.3806E-03,0.002548244280887645
 6.3975E-03,0.001620016623528007
 6.4144E-03,0.0010280895674955313
 6.4313E-03,0.000586182073522722
 6.4482E-03,0.00018092312113994003
 6.4650E-03,-0.00017412417390272675
 6.4819E-03,-0.0003381354817247686
 6.4988E-03,-9.650092632879342e-05
 6.5157E-03,0.0007521121094067484
 6.5326E-03,0.0023079782916213772
 6.5494E-03,0.004515040006047175
 6.5663E-03,0.007159375474271059
 6.5832E-03,0.009922798482781766
 6.6001E-03,0.012472627245042233
 6.6170E-03,0.014555330462408601
 6.6338E-03,0.016060405168962136
 6.6507E-03,0.01703201521585723
 6.6676E-03,0.017625475213374726
 6.6845E-03,0.018026225865328236
 6.7014E-03,0.018362742900438097
 6.7182E-03,0.01864672118767493
 6.7351E-03,0.018763277981920873
 6.7520E-03,0.018514867118060087
 6.7689E-03,0.017702232770310897
 6.7858E-03,0.01621167346215172
 6.8026E-03,0.014075394825112771
 6.8195E-03,0.011481725410919989
 6.8364E-03,0.008730669753447646
 6.8533E-03,0.006150597790758619
 6.8702E-03,0.0040061558334656125
 6.8870E-03,0.0024304460482375938
 6.9039E-03,0.001405218551696128
 6.9208E-03,0.0007948637147216824
 6.9377E-03,0.0004200886498367758
 6.9546E-03,0.0001426570922097034
 6.9714E-03,-7.119265084379512e-05
 6.9883E-03,-0.00013269815253801065
 7.0052E-03,0.0001353486750493172
 7.0221E-03,0.0009253683461364455
 7.0390E-03,0.0023603666709490164
 7.0558E-03,0.004430029915793558
 7.0727E-03,0.006972037413709401
 7.0896E-03,0.00970639021999838
 7.1065E-03,0.01231097908843502
 7.1234E-03,0.014511384834915023
 7.1402E-03,0.0161526780952773
 7.1571E-03,0.017227758391030537
 7.1740E-03,0.01785303888285054
 7.1909E-03,0.018201918350035914
 7.2078E-03,0.018422079861882962
 7.2246E-03,0.018568375636647302
 7.2415E-03,0.018576828096798056
 7.2584E-03,0.01828952235400754
 7.2753E-03,0.017520832510944356
 7.2922E-03,0.016139743004011546
 7.3090E-03,0.01413684975790709
 7.3259E-03,0.011650267266531768
 7.3428E-03,0.008939992553800076
 7.3597E-03,0.006319471839853332
 7.3766E-03,0.004068927758321548
 7.3934E-03,0.0023615489598874167
 7.4103E-03,0.0012286029100302385
 7.4272E-03,0.0005749239662240854
 7.4441E-03,0.00023755411029175046
 7.4610E-03,6.449298650354886e-05
 7.4778E-03,-1.6633400450006286e-05
 7.4947E-03,3.396119658850305e-05
 7.5116E-03,0.0003524173053104235
 7.5285E-03,0.0011132299176948332
 7.5454E-03,0.002451161948621429
 7.5622E-03,0.004392800684867893
 7.5791E-03,0.006823995941091204
 7.5960E-03,0.009506178041895137
 7.6129E-03,0.012136493790039901
 7.6298E-03,0.014430498561826535
 7.6466E-03,0.016197812042874196
 7.6635E-03,0.01738381243625956
 7.6804E-03,0.018063144578537232
 7.6973E-03,0.018388790237994973
 7.7142E-03,0.018516914649036247
 7.7310E-03,0.018536468962268085
 7.7479E-03,0.018430359431621225
 7.7648E-03,0.018082795623411745
 7.7817E-03,0.017329831634645326
 7.7986E-03,0.016033711690134796
 7.8154E-03,0.014152553083006211
 7.8323E-03,0.011778539794041908
 7.8492E-03,0.009129526599307405
 7.8661E-03,0.006496318179591175
 7.8830E-03,0.004164324538253987
 7.8998E-03,0.002337648566538432
 7.9167E-03,0.0010925272699584389
 7.9336E-03,0.00037598203704312504
 7.9505E-03,4.874411230892245e-05
 7.9674E-03,-4.474929266005522e-05
 7.9842E-03,-6.2518705384604555e-06
 8.0011E-03,0.00015987082812141308
 8.0180E-03,0.0005473323260418166
 8.0349E-03,0.0013056985401813646
 8.0518E-03,0.00257147863004756
 8.0686E-03,0.004398884433184976
 8.0855E-03,0.006716845850433681
 8.1024E-03,0.00932919762560536
 8.1193E-03,0.011958997148896722
 8.1362E-03,0.014321606173807951
 8.1530E-03,0.01620051963241057
 8.1699E-03,0.01749892994492733
 8.1868E-03,0.018249080103544427
 8.2037E-03,0.018577198383673173
 8.2206E-03,0.018638289198023735
 8.2374E-03,0.018546069659745312
 8.2543E-03,0.018324788849429688
 8.2712E-03,0.017901082829777922
 8.2881E-03,0.017138691195447947
 8.3050E-03,0.015902556942172803
 8.3218E-03,0.014127647886525744
 8.3387E-03,0.011865951135034941
 8.3556E-03,0.009293194787365575
 8.3725E-03,0.0066718680123676365
 8.3894E-03,0.004283357164703558
 8.4062E-03,0.002353385163487324
 8.4231E-03,0.0009972411731442856
 8.4400E-03,0.00020377713176032057
 8.4569E-03,-0.00013727655358774252
 8.4738E-03,-0.0001760732205107029
 8.4906E-03,-3.447298447995401e-05
 8.5075E-03,0.00024512330005298043
 8.5244E-03,0.0007146970585064922
 8.5413E-03,0.0014939264741965377
 8.5582E-03,0.0027123310544291106
 8.5750E-03,0.004442506634019859
 8.5919E-03,0.006650161099757156
 8.6088E-03,0.009180504850338824
 8.6257E-03,0.011787114751812667
 8.6426E-03,0.014193666907152475
 8.6594E-03,0.016166747243306103
 8.6763E-03,0.017573838549366023
 8.6932E-03,0.018406108955627606
 8.7101E-03,0.018758738934720826
 8.7270E-03,0.018777288800724337
 8.7438E-03,0.018591083420606783
 8.7607E-03,0.01825910516811911
 8.7776E-03,0.01774881022952632
 8.7945E-03,0.01695559650383847
 8.8114E-03,0.015755148520144334
 8.8282E-03,0.014068373261082826
 8.8451E-03,0.01191379356700536
 8.8620E-03,0.009426884935166966
 8.8789E-03,0.006838165914563628
 8.8958E-03,0.004417212661754778
 8.9126E-03,0.0024023773267426982
 8.9295E-03,0.0009411612857446938
 8.9464E-03,6.209193722691924e-05
 8.9633E-03,-0.00031279340492604166
 8.9802E-03,-0.0003207258347902604
 8.9970E-03,-9.477210300758873e-05
 9.0139E-03,0.00029159474419513905
 9.0308E-03,0.000851063442378854
 9.0477E-03,0.0016704531406261272
 9.0646E-03,0.0028650463863828446
 9.0814E-03,0.004517020432102592
 9.0983E-03,0.006621788724061243
 9.1152E-03,0.009063222263837597
 9.1321E-03,0.01162805519379005
 9.1490E-03,0.01405526570588721
 9.1658E-03,0.016103244106149602
 9.1827E-03,0.017610940235837137
 9.1996E-03,0.01853141044829914
 9.2165E-03,0.018926447920459312
 9.2334E-03,0.01892542716387856
 9.2502E-03,0.01866467789568655
 9.2671E-03,0.018230673253912175
 9.2840E-03,0.017628503988166868
 9.3009E-03,0.016787267448106654
 9.3178E-03,0.015599870863208333
 9.3346E-03,0.013981639352362593
 9.3515E-03,0.011924930285891453
 9.3684E-03,0.009528364912049529
 9.3853E-03,0.006988742737711667
 9.4022E-03,0.004557618192843368
 9.4190E-03,0.00247764103817768
 9.4359E-03,0.0009211889588677041
 9.4528E-03,-4.7150480126782225e-05
 9.4697E-03,-0.0004716017610720266
 9.4866E-03,-0.0004705530999227594
 9.5034E-03,-0.00018009386783133694
 9.5203E-03,0.0003026177419680117
 9.5372E-03,0.000954817697812641
 9.5541E-03,0.0018293445431307315
 9.5710E-03,0.0030216032984012164
 9.5878E-03,0.0046153167946698615
 9.6047E-03,0.006628177571383509
 9.6216E-03,0.00897866408525374
 9.6385E-03,0.01148748519181431
 9.6554E-03,0.013914286705811879
 9.6722E-03,0.016017158069605145
 9.6891E-03,0.01761398128767099
 9.7060E-03,0.018623947323115893
 9.7229E-03,0.019074916166551662
 9.7398E-03,0.01907496544203821
 9.7566E-03,0.018759686222686124
 9.7735E-03,0.018235571829260912
 9.7904E-03,0.017540937434949628
 9.8073E-03,0.016638861305614244
 9.8242E-03,0.015444318785789926
 9.8410E-03,0.013874630988239944
 9.8579E-03,0.011903455814059768
 9.8748E-03,0.00959712606870932
 9.8917E-03,0.007118699361106197
 9.9086E-03,0.004697132981212852
 9.9254E-03,0.00257198015261759
 9.9423E-03,0.000933053372219558
 9.9592E-03,-0.00012371798017569535
 9.9761E-03,-0.0006090738937406538
 9.9930E-03,-0.0006182764415470612
 1.0010E-02,-0.00028323360729239387
 1.0027E-02,0.0002826385911103132
 1.0044E-02,0.0010260044392393117
 1.0060E-02,0.0019662489783619525
 1.0077E-02,0.003174897372959365
 1.0094E-02,0.004730199794588516
 1.0111E-02,0.006664722754093194
 1.0128E-02,0.008926520769005165
 1.0145E-02,0.011369485303405246
 1.0162E-02,0.013777656656726107
 1.0179E-02,0.015915662157517323
 1.0196E-02,0.017587700697122097
 1.0212E-02,0.018684266096116453
 1.0229E-02,0.019200314057740635
 1.0246E-02,0.019219149619421942
 1.0263E-02,0.018868966356493835
 1.0280E-02,0.018268939414247745
 1.0297E-02,0.01748533387968962
 1.0314E-02,0.016513956763697386
 1.0331E-02,0.015295069402832526
 1.0347E-02,0.013754453554002772
 1.0364E-02,0.011854348480505504
 1.0381E-02,0.009634171877514175
 1.0398E-02,0.007224709523595505
 1.0415E-02,0.004829362805937935
 1.0432E-02,0.00267833104356472
 1.0449E-02,0.0009716568984319356
 1.0466E-02,-0.0001688523852614288
 1.0482E-02,-0.0007221514445846241
 1.0499E-02,-0.0007576971510208315
 1.0516E-02,-0.00039717699318340895
 1.0533E-02,0.00023686940451905954
 1.0550E-02,0.0010661001002654096
 1.0567E-02,0.00207837575613643
 1.0584E-02,0.0033189325087496194
 1.0601E-02,0.004854719121428911
 1.0618E-02,0.00672611586323809
 1.0634E-02,0.008905097918968832
 1.0651E-02,0.011276590765400687
 1.0668E-02,0.013651175205173172
 1.0685E-02,0.015805640669890986
 1.0702E-02,0.01753749219741444
 1.0719E-02,0.018714263399200855
 1.0736E-02,0.019300350627693273
 1.0753E-02,0.01935237812806478
 1.0769E-02,0.01898571487399293
 1.0786E-02,0.018325317456867475
 1.0803E-02,0.01745961158082358
 1.0820E-02,0.016414610264122657
 1.0837E-02,0.015157529999398723
 1.0854E-02,0.013627830376787732
 1.0871E-02,0.011783131341212226
 1.0888E-02,0.009641769534210623
 1.0904E-02,0.007304954653607795
 1.0921E-02,0.004949101743625823
 1.0938E-02,0.002790057856918065
 1.0955E-02,0.001031413693819921
 1.0972E-02,-0.00018501337434154684
 1.0989E-02,-0.0008092664584029406
 1.1006E-02,-0.0008838229692164956
 1.1023E-02,-0.000515384095046392
 1.1040E-02,0.0001709528805387895
 1.1056E-02,0.0010777510856043238
 1.1073E-02,0.0021644028547520774
 1.1090E-02,0.0034489299957777605
 1.1107E-02,0.004982436885318591
 1.1124E-02,0.006806667028818047
 1.1141E-02,0.008911570774703042
 1.1158E-02,0.011209881060667375
 1.1175E-02,0.013539404074125346
 1.1191E-02,0.015693417636835426
 1.1208E-02,0.01746907180086515
 1.1225E-02,0.018716915048991395
 1.1242E-02,0.01937416338046004
 1.1259E-02,0.019470291455372307
 1.1276E-02,0.019103721009261897
 1.1293E-02,0.01839897272463196
 1.1310E-02,0.01746065379775719
 1.1326E-02,0.016341473327157723
 1.1343E-02,0.015035859793737675
 1.1360E-02,0.013500859425862063
 1.1377E-02,0.011695555909228864
 1.1394E-02,0.009623179565741557
 1.1411E-02,0.007359000327065469
 1.1428E-02,0.0050524010098893235
 1.1445E-02,0.002901187273700196
 1.1462E-02,0.0011065623197895756
 1.1478E-02,-0.00017560445642825304
 1.1495E-02,-0.0008702072968480442
 1.1512E-02,-0.0009929224873402405
 1.1529E-02,-0.000632010006533193
 1.1546E-02,9.066008324003195e-05
 1.1563E-02,0.0010645051082557463
 1.1580E-02,0.002224344255626461
 1.1597E-02,0.0035613833679357587
 1.1613E-02,0.005107651636934907
 1.1630E-02,0.006900617003404938
 1.1647E-02,0.008942270836851106
 1.1664E-02,0.01116913736534018
 1.1681E-02,0.01344563986233044
 1.1698E-02,0.015584558188958611
 1.1715E-02,0.017388184450841247
 1.1732E-02,0.018695999214457224
 1.1748E-02,0.01942216188629721
 1.1765E-02,0.019569793932280755
 1.1782E-02,0.019217557060113875
 1.1799E-02,0.018484183547578026
 1.1816E-02,0.01748458247971759
 1.1833E-02,0.016293950356212727
 1.1850E-02,0.014932952210311842
 1.1867E-02,0.01337882628828236
 1.1884E-02,0.011597315432377383
 1.1900E-02,0.009582376095717812
 1.1917E-02,0.007387627170158068
 1.1934E-02,0.005136572329938984
 1.1951E-02,0.003006581505789971
 1.1968E-02,0.0011914422799086531
 1.1985E-02,-0.00014469735623987945
 1.2002E-02,-0.0009059478995695874
 1.2019E-02,-0.0010825241624006045
 1.2035E-02,-0.0007420754180740288
 1.2052E-02,1.6100712440604353e-06
 1.2069E-02,0.0010305230979330924
 1.2086E-02,0.0022593583115845853
 1.2103E-02,0.0036540307351483983
 1.2120E-02,0.005225540694145066
 1.2137E-02,0.007002392353789893
 1.2154E-02,0.008992955428078195
 1.2170E-02,0.011153023597151226
 1.2187E-02,0.013371937741193036
 1.2204E-02,0.015483725762568897
 1.2221E-02,0.017300348573640743
 1.2238E-02,0.0186558247296338
 1.2255E-02,0.01944584245394979
 1.2272E-02,0.01964902497790595
 1.2289E-02,0.01932271782908126
 1.2306E-02,0.01857549636475284
 1.2322E-02,0.017527037384913353
 1.2339E-02,0.01627039767157012
 1.2356E-02,0.014850481239359297
 1.2373E-02,0.013266082266931508
 1.2390E-02,0.011493801795446382
 1.2407E-02,0.009523774487988567
 1.2424E-02,0.007392631533730673
 1.2441E-02,0.005200136110026754
 1.2457E-02,0.003102053149119477
 1.2474E-02,0.0012807328358934258
 1.2491E-02,-9.675745539064083e-05
 1.2508E-02,-0.0009184380928700913
 1.2525E-02,-0.0011513470243546204
 1.2542E-02,-0.0008415602045396773
 1.2559E-02,-9.094789540250547e-05
 1.2576E-02,0.0009803222422050135
 1.2592E-02,0.0022715508804344517
 1.2609E-02,0.0037257941354646865
 1.2626E-02,0.005332260240681266
 1.2643E-02,0.007106830237797428
 1.2660E-02,0.009059074108229379
 1.2677E-02,0.011159295478467775
 1.2694E-02,0.01331918509937715
 1.2711E-02,0.015394592259106311
 1.2728E-02,0.017210635132432837
 1.2744E-02,0.01860095972208288
 1.2761E-02,0.019447565101153714
 1.2778E-02,0.019707264399754603
 1.2795E-02,0.019415685857617063
 1.2812E-02,0.018667922806698645
 1.2829E-02,0.017583428230907656
 1.2846E-02,0.0162683342181217
 1.2863E-02,0.014788990526323176
 1.2879E-02,0.013165977792596376
 1.2896E-02,0.011389907760500032
 1.2913E-02,0.00945197596083596
 1.2930E-02,0.0073766071782795225
 1.2947E-02,0.005242720365506007
 1.2964E-02,0.0031844170266681973
 1.2981E-02,0.001369635848201222
 1.2998E-02,-3.6400970624672234e-05
 1.3014E-02,-0.0009103942053007675
 1.3031E-02,-0.0011992056404785175
 1.3048E-02,-0.0009274609390951288
 1.3065E-02,-0.00018232560340776755
 1.3082E-02,0.0009185198722101668
 1.3099E-02,0.0022637476008105792
 1.3116E-02,0.0037766631302205986
 1.3133E-02,0.005424982149239888
 1.3150E-02,0.007209354117225977
 1.3166E-02,0.009136018442789105
 1.3183E-02,0.011185033416573453
 1.3200E-02,0.013287234349420345
 1.3217E-02,0.015319826142415293
 1.3234E-02,0.017123521234585066
 1.3251E-02,0.01853601154024212
 1.3268E-02,0.01943034796726194
 1.3285E-02,0.019744823403755687
 1.3301E-02,0.01949396417635872
 1.3318E-02,0.018757105558920167
 1.3335E-02,0.017649174742581465
 1.3352E-02,0.016284668813766164
 1.3369E-02,0.01474802540194381
 1.3386E-02,0.013080852227735659
 1.3403E-02,0.01128988054060177
 1.3420E-02,0.009371541686423963
 1.3436E-02,0.007342726158940946
 1.3453E-02,0.0052649319071946445
 1.3470E-02,0.0032515013776156128
 1.3487E-02,0.0014540245879358898
 1.3504E-02,3.1838219132896035e-05
 1.3521E-02,-0.0008850656799138369
 1.3538E-02,-0.0012268603096533383
 1.3555E-02,-0.0009977772211331982
 1.3572E-02,-0.0002685204963472097
 1.3588E-02,0.0008496191545322101
 1.3605E-02,0.002239270600334938
 1.3622E-02,0.0038075448633751756
 1.3639E-02,0.005501870458121389
 1.3656E-02,0.007306080783786348
 1.3673E-02,0.009219313593594413
 1.3690E-02,0.011226840134793244
 1.3707E-02,0.013275025211702995
 1.3723E-02,0.015261085837666341
 1.3740E-02,0.017042749268797466
 1.3757E-02,0.01846539669215471
 1.3774E-02,0.019397626885172933
 1.3791E-02,0.019762877033153024
 1.3808E-02,0.019556038278528247
 1.3825E-02,0.018839419045356055
 1.3842E-02,0.0177199045867173
 1.3858E-02,0.01631591888101667
 1.3875E-02,0.014726289424176702
 1.3892E-02,0.013012069384572202
 1.3909E-02,0.011197223174462726
 1.3926E-02,0.009286797079469415
 1.3943E-02,0.007294518992434006
 1.3960E-02,0.005268193669287191
 1.3977E-02,0.0033021014940822434
 1.3994E-02,0.001530528835139025
 1.4010E-02,0.00010369109821711515
 1.4027E-02,-0.0008460251270339908
 1.4044E-02,-0.001235859128494393
 1.4061E-02,-0.001051464682222716
 1.4078E-02,-0.0003462958302694499
 1.4095E-02,0.0007778344855759267
 1.4112E-02,0.002201738870779496
 1.4129E-02,0.0038201195746463785
 1.4145E-02,0.005562052868601217
 1.4162E-02,0.007393926597478503
 1.4179E-02,0.00930482890974432
 1.4196E-02,0.011281087251358712
 1.4213E-02,0.013280786078566795
 1.4230E-02,0.015219111609667572
 1.4247E-02,0.016971285366235832
 1.4264E-02,0.01839319068290488
 1.4280E-02,0.019353060360053676
 1.4297E-02,0.019763302816999635
 1.4314E-02,0.01960131222960011
 1.4331E-02,0.018912028392827088
 1.4348E-02,0.01779161317667812
 1.4365E-02,0.016358410496588125
 1.4382E-02,0.014721808672829005
 1.4399E-02,0.012960083438515277
 1.4416E-02,0.011114636434317721
 1.4432E-02,0.009201670739621035
 1.4449E-02,0.0072356704222222325
 1.4466E-02,0.005254573325789409
 1.4483E-02,0.0033359048610432517
 1.4500E-02,0.0015965839524053546
 1.4517E-02,0.00017530737519120577
 1.4534E-02,-0.0007969683433533081
 1.4551E-02,-0.001228368453425054
 1.4567E-02,-0.0010883621798048974
 1.4584E-02,-0.0004132362785229924
 1.4601E-02,0.0007069219364008905
 1.4618E-02,0.002154839816312352
 1.4635E-02,0.00381662834889015
 1.4652E-02,0.005605492010410348
 1.4669E-02,0.007470597151617193
 1.4686E-02,0.009388876153122266
 1.4702E-02,0.01134407201586764
 1.4719E-02,0.01330217845647235
 1.4736E-02,0.01519379318187463
 1.4753E-02,0.016911276438896547
 1.4770E-02,0.018322984284730105
 1.4787E-02,0.019300334744040675
 1.4804E-02,0.019748505557248254
 1.4821E-02,0.019630018001481116
 1.4838E-02,0.018972917845208825
 1.4854E-02,0.017860802124579057
 1.4871E-02,0.016408477422226734
 1.4888E-02,0.014732119695674168
 1.4905E-02,0.012924548366363305
 1.4922E-02,0.011044011444289998
 1.4939E-02,0.009119575135236199
 1.4956E-02,0.007169834311256126
 1.4973E-02,0.00522660256730193
 1.4989E-02,0.0033533830047963904
 1.5006E-02,0.0016504364778877436
 1.5023E-02,0.0002433742577925182
 1.5040E-02,-0.0007415237330473947
 1.5057E-02,-0.0012069767018205201
 1.5074E-02,-0.0011090559795319782
 1.5091E-02,-0.00046771368511987037
 1.5108E-02,0.0006401106740216976
 1.5124E-02,0.00210219654335329
 1.5141E-02,0.003799739848925048
 1.5158E-02,0.005632915635249156
 1.5175E-02,0.007534620827919607
 1.5192E-02,0.009468346761579594
 1.5209E-02,0.011412218499195237
 1.5226E-02,0.013336496615474595
 1.5243E-02,0.015184300754263571
 1.5260E-02,0.01686406862340509
 1.5276E-02,0.018257784920480212
 1.5293E-02,0.0192429852817954
 1.5310E-02,0.01972122246891326
 1.5327E-02,0.019643073141434705
 1.5344E-02,0.019020848378307174
 1.5361E-02,0.017924546214885647
 1.5378E-02,0.016462606109437748
 1.5395E-02,0.014754432819463186
 1.5411E-02,0.01290443409956742
 1.5428E-02,0.010986451943647533
 1.5445E-02,0.009043324172714001
 1.5462E-02,0.00710047521440167
 1.5479E-02,0.005187099556411724
 1.5496E-02,0.003355658012273231
 1.5513E-02,0.0016911000602758065
 1.5530E-02,0.0003051720637959796
 1.5546E-02,-0.0006831258066267365
 1.5563E-02,-0.0011745540410781088
 1.5580E-02,-0.0011147896076018917
 1.5597E-02,-0.000508893842626179
 1.5614E-02,0.0005799875662195178
 1.5631E-02,0.0020471721628240866
 1.5648E-02,0.0037723327346241642
 1.5665E-02,0.005645644580689559
 1.5682E-02,0.007585274326597419
 1.5698E-02,0.009540752936238663
 1.5715E-02,0.011482212231741567
 1.5732E-02,0.013380842533486596
 1.5749E-02,0.01518923585083199
 1.5766E-02,0.016830282342324997
 1.5783E-02,0.018199995760180675
 1.5800E-02,0.019184297351555107
 1.5817E-02,0.019684395265193156
 1.5833E-02,0.019641983807896918
 1.5850E-02,0.019055339863702486
 1.5867E-02,0.017980572330431818
 1.5884E-02,0.016517591596658956
 1.5901E-02,0.014785815158157248
 1.5918E-02,0.012898175470031258
 1.5935E-02,0.010942339787875625
 1.5952E-02,0.008975096468255941
 1.5968E-02,0.007030748679383716
 1.5985E-02,0.005139016812026603
 1.6002E-02,0.0033443814049074396
 1.6019E-02,0.001718318333961265
 1.6036E-02,0.00035864433633642787
 1.6053E-02,-0.0006248527204168299
 1.6070E-02,-0.0011340449921290222
 1.6087E-02,-0.0011072740809996452
 1.6104E-02,-0.000536619460930767
 1.6120E-02,0.0005285133368536068
 1.6137E-02,0.001992793220814811
 1.6154E-02,0.0037373665733328888
 1.6171E-02,0.005645467335269671
 1.6188E-02,0.007622511241838326
 1.6205E-02,0.00960423552089432
 1.6222E-02,0.011551078155536939
 1.6239E-02,0.013432233973746889
 1.6255E-02,0.015206714431513313
 1.6272E-02,0.016809821666928588
 1.6289E-02,0.018151328117303814
 1.6306E-02,0.01912713402473721
 1.6323E-02,0.019640956877933536
 1.6340E-02,0.01962865097839133
 1.6357E-02,0.01907655160138824
 1.6374E-02,0.01802724371960517
 1.6390E-02,0.01657061885796206
 1.6407E-02,0.014823328890726333
 1.6424E-02,0.01290380848677348
 1.6441E-02,0.010911412894506426
 1.6458E-02,0.008916421396000414
 1.6475E-02,0.006963396172958591
 1.6492E-02,0.005085278937263734
 1.6509E-02,0.003321568330708487
 1.6526E-02,0.0017324484999315273
 1.6542E-02,0.00040236323232032464
 1.6559E-02,-0.0005693788117873532
 1.6576E-02,-0.0010883700200288102
 1.6593E-02,-0.0010885883551666686
 1.6610E-02,-0.0005513581141697384
 1.6627E-02,0.0004869990485213533
 1.6644E-02,0.001941654738360141
 1.6661E-02,0.003697751137252155
 1.6677E-02,0.005634528119523448
 1.6694E-02,0.0076469221364021366
 1.6711E-02,0.009657627979239681
 1.6728E-02,0.011616346760716328
 1.6745E-02,0.013487837246459777
 1.6762E-02,0.015234609052682264
 1.6779E-02,0.016802066831511746
 1.6796E-02,0.0181129038384899
 1.6812E-02,0.019073939905406703
 1.6829E-02,0.019593762097845514
 1.6846E-02,0.01960527646233216
 1.6863E-02,0.019085216716632818
 1.6880E-02,0.018063560337773406
 1.6897E-02,0.016619337648470477
 1.6914E-02,0.014864157902024545
 1.6931E-02,0.012919104453141568
 1.6948E-02,0.010892858677909734
 1.6964E-02,0.008868198925654408
 1.6981E-02,0.006900686799897873
 1.6998E-02,0.00502867232043106
 1.7015E-02,0.0032894824035340766
 1.7032E-02,0.0017343917197207316
 1.7049E-02,0.00043553980596035204
 1.7066E-02,-0.0005188797842724
 1.7083E-02,-0.0010402740228440083
 1.7099E-02,-0.001061022342044863
 1.7116E-02,-0.0005540967511839869
 1.7133E-02,0.00045611723277478764
 1.7150E-02,0.0018958230630715931
 1.7167E-02,0.003656160498035657
 1.7184E-02,0.005615097721304184
 1.7201E-02,0.007659516987404015
 1.7218E-02,0.009700295160591135
 1.7234E-02,0.011675968531494073
 1.7251E-02,0.01354494606110742
 1.7268E-02,0.015270556603301235
 1.7285E-02,0.01680586650288902
 1.7302E-02,0.01808519739313819
 1.7319E-02,0.019026622389592088
 1.7336E-02,0.01954542627696055
 1.7353E-02,0.019574199666510462
 1.7370E-02,0.019082524443729133
 1.7386E-02,0.01808912242146538
 1.7403E-02,0.016661917015247565
 1.7420E-02,0.01490573192064858
 1.7437E-02,0.012941718144635348
 1.7454E-02,0.010885432179122639
 1.7471E-02,0.00883074423438561
 1.7488E-02,0.006844371024298513
 1.7505E-02,0.004971722849437586
 1.7521E-02,0.0032504791335112807
 1.7538E-02,0.0017254558819919982
 1.7555E-02,0.00045795274712440853
 1.7572E-02,-0.000475014190968392
 1.7589E-02,-0.0009922241244532234
 1.7606E-02,-0.0010269228982624106
 1.7623E-02,-0.0005461801247380245
 1.7640E-02,0.0004360319361468159
 1.7656E-02,0.0018569153942646862
 1.7673E-02,0.003615069845035508
 1.7690E-02,0.005589598276451498
 1.7707E-02,0.007661778396100933
 1.7724E-02,0.009732248071716017
 1.7741E-02,0.011728501441880486
 1.7758E-02,0.013601224412298552
 1.7775E-02,0.015312214918995653
 1.7792E-02,0.016819755607527943
 1.7808E-02,0.018068169505145802
 1.7825E-02,0.01898657873617862
 1.7842E-02,0.019498254582154897
 1.7859E-02,0.01953776604229953
 1.7876E-02,0.01906998025181383
 1.7893E-02,0.018104032162128386
 1.7910E-02,0.0166970189951021
 1.7927E-02,0.014945773903729394
 1.7943E-02,0.01296928290795279
 1.7960E-02,0.010887556338715463
 1.7977E-02,0.008803850672694553
 1.7994E-02,0.006795679810193293
 1.8011E-02,0.00491662995934367
 1.8028E-02,0.0032068981722003388
 1.8045E-02,0.0017072436118763853
 1.8062E-02,0.00046986814948857974
 1.8078E-02,-0.00043895274484221074
 1.8095E-02,-0.0009463944933299346
 1.8112E-02,-0.0009886650042112896
 1.8129E-02,-0.0005293127901618833
 1.8146E-02,0.00042632440858200304
 1.8163E-02,0.0018259308753512987
 1.8180E-02,0.0035764987394692133
 1.8197E-02,0.0055602940897206505
 1.8214E-02,0.007655353358068771
 1.8230E-02,0.009753890809046312
 1.8247E-02,0.011772950710056806
 1.8264E-02,0.013654648949132759
 1.8281E-02,0.015357288413204846
 1.8298E-02,0.01684202466581811
 1.8315E-02,0.01806133601024741
 1.8332E-02,0.018954731946959964
 1.8349E-02,0.01945423505578628
 1.8365E-02,0.019498291884757827
 1.8382E-02,0.019049373475359
 1.8399E-02,0.018108897594836814
 1.8416E-02,0.01672385963676448
 1.8433E-02,0.014982416802456794
 1.8450E-02,0.01299955877485302
 1.8467E-02,0.010897462624109922
 1.8484E-02,0.008786884298671263
 1.8500E-02,0.0067553499264368915
 1.8517E-02,0.004865225045224967
 1.8534E-02,0.003160983512884133
 1.8551E-02,0.001681580517863314
 1.8568E-02,0.0004720243310832946
 1.8585E-02,-0.0004113024936296855
 1.8602E-02,-0.000904490728386188
 1.8619E-02,-0.0009483959137861505
 1.8636E-02,-0.0005052639874092295
 1.8652E-02,0.00042627892441046385
 1.8669E-02,0.001803486596554279
 1.8686E-02,0.0035421767202093914
 1.8703E-02,0.005529390291630383
 1.8720E-02,0.007642107552093869
 1.8737E-02,0.009766060469002209
 1.8754E-02,0.011808817825889295
 1.8771E-02,0.013703573456453053
 1.8787E-02,0.015403593904911923
 1.8804E-02,0.01687075782579049
 1.8821E-02,0.01806374600985681
 1.8838E-02,0.01893142816274895
 1.8855E-02,0.019414856289480142
 1.8872E-02,0.019457828135422163
 1.8889E-02,0.019022531531076962
 1.8906E-02,0.018104626322086426
 1.8922E-02,0.01674208009607593
 1.8939E-02,0.015014166025561939
 1.8956E-02,0.01303047177905282
 1.8973E-02,0.010913269199087574
 1.8990E-02,0.00877885226148439
 1.9007E-02,0.006723639317595871
 1.9024E-02,0.004818909577392514
 1.9041E-02,0.0031147454664434276
 1.9058E-02,0.0016503246337433788
 1.9074E-02,0.0004654241266159097
 1.9091E-02,-0.0003922987397878536
 1.9108E-02,-0.0008679076898183251
 1.9125E-02,-0.0009081607260908052
 1.9142E-02,-0.00047597970519612276
 1.9159E-02,0.00043475907723333843
 1.9176E-02,0.0017896642679268197
 1.9193E-02,0.0035133606264786295
 1.9209E-02,0.00549884332131841
 1.9226E-02,0.007623968718442401
 1.9243E-02,0.009769947953627943
 1.9260E-02,0.011836132755838912
 1.9277E-02,0.013746883248309418
 1.9294E-02,0.01544931959016128
 1.9311E-02,0.01690415454339171
 1.9328E-02,0.018074312209493824
 1.9344E-02,0.018916725234126526
 1.9361E-02,0.019381321529144444
 1.9378E-02,0.019418292739616455
 1.9395E-02,0.018991387569972575
 1.9412E-02,0.018092460744727715
 1.9429E-02,0.01675178353631199
 1.9446E-02,0.015039961228168355
 1.9463E-02,0.01306020570033834
 1.9480E-02,0.010933090107608765
 1.9496E-02,0.008778507164140859
 1.9513E-02,0.006700406378590552
 1.9530E-02,0.0047787018197064735
 1.9547E-02,0.0030699855953604084
 1.9564E-02,0.001615396310113289
 1.9581E-02,0.00045140305853189804
 1.9598E-02,-0.0003816718530066615
 1.9615E-02,-0.0008375232022011104
 1.9631E-02,-0.0008696398997577888
 1.9648E-02,-0.00044330405259609506
 1.9665E-02,0.0004504491791637897
 1.9682E-02,0.0017841623006417634
 1.9699E-02,0.003490861182741962
 1.9716E-02,0.005470251531174522
 1.9733E-02,0.007602698193541663
 1.9750E-02,0.009766787922343657
 1.9766E-02,0.011855107631309932
 1.9783E-02,0.013783651762762026
 1.9800E-02,0.015492707377882324
 1.9817E-02,0.01694024123059939
 1.9834E-02,0.018091541101907308
 1.9851E-02,0.018910126609094198
 1.9868E-02,0.019354278549356466
 1.9885E-02,0.019381203164564167
 1.9902E-02,0.018957736898408694
 1.9918E-02,0.018073787190685097
 1.9935E-02,0.01675342168812224
 1.9952E-02,0.015059149364262317
 1.9969E-02,0.01308724819570127
 1.9986E-02,0.0109551195357043
 2.0003E-02,0.008784421772559295
 2.0020E-02,0.006685128556309931
 2.0037E-02,0.004745168155478814
 2.0053E-02,0.0030281347256020767
 2.0070E-02,0.0015785438796463102
 2.0087E-02,0.0004313641027774346
 2.0104E-02,-0.00037889394399139313
 2.0121E-02,-0.0008138826130744524
 2.0138E-02,-0.0008342445839679792
 2.0155E-02,-0.0004089784721541874
 2.0172E-02,0.0004719414944093357
 2.0188E-02,0.0017864521827667375
 2.0205E-02,0.00347525372214759
 2.0222E-02,0.005445115056438221
 2.0239E-02,0.007580205493968472
 2.0256E-02,0.009758239321768135
 2.0273E-02,0.01186659090356109
 2.0290E-02,0.013813662996419668
 2.0307E-02,0.015532619554338411
 2.0324E-02,0.01697744023972717
 2.0340E-02,0.018114052253795785
 2.0357E-02,0.018911001315237465
 2.0374E-02,0.01933410645043036
 2.0391E-02,0.01934782152133978
 2.0408E-02,0.018923259928466715
 2.0425E-02,0.018050078624609937
 2.0442E-02,0.01674770963832071
 2.0459E-02,0.015071419701580106
 2.0475E-02,0.013110377707738893
 2.0492E-02,0.01097767963634944
 2.0509E-02,0.008795085718366609
 2.0526E-02,0.0066770229430647724
 2.0543E-02,0.004718540782039185
 2.0560E-02,0.002990348937160684
 2.0577E-02,0.0015414118798932044
 2.0594E-02,0.0004068229262539939
 2.0610E-02,-0.00038314847964700976
 2.0627E-02,-0.0007971815237276409
 2.0644E-02,-0.0008031247826881858
 2.0661E-02,-0.0003747036491624083
 2.0678E-02,0.000497581594209776
 2.0695E-02,0.001795492776657292
 2.0712E-02,0.003466437489943382
 2.0729E-02,0.005424241774104067
 2.0746E-02,0.007557832533224812
 2.0762E-02,0.009745604887052199
 2.0779E-02,0.011871292248821944
 2.0796E-02,0.013836708819514772
 2.0813E-02,0.015567957625488306
 2.0830E-02,0.01701413277806227
 2.0847E-02,0.018140280991603766
 2.0864E-02,0.01891840264446915
 2.0881E-02,0.019320818744066052
 2.0897E-02,0.019319113967357915
 2.0914E-02,0.018889520375502546
 2.0931E-02,0.018022925458311544
 2.0948E-02,0.01673568952136014
 2.0965E-02,0.01507689937809861
 2.0982E-02,0.013128781852875459
 2.0999E-02,0.01099934227814853
 2.1016E-02,0.008809004074815902
 2.1032E-02,0.006675096373120281
 2.1049E-02,0.004698705512748435
 2.1066E-02,0.0029574410697881725
 2.1083E-02,0.0015054450395819647
 2.1100E-02,0.00037933191975248
 2.1117E-02,-0.0003933299832015127
 2.1134E-02,-0.0007871376929688844
 2.1151E-02,-0.0007768791309262606
 2.1168E-02,-0.00034167796594626934
 2.1184E-02,0.0005260840199947848
 2.1201E-02,0.0018104617683769217
 2.1218E-02,0.0034644330784373892
 2.1235E-02,0.005408560216407548
 2.1252E-02,0.007537139388363184
 2.1269E-02,0.00973055917841904
 2.1286E-02,0.011870433516223617
 2.1303E-02,0.013853150183456354
 2.1319E-02,0.015598122245746067
 2.1336E-02,0.01704900345477633
 2.1353E-02,0.018168691295714322
 2.1370E-02,0.018931135812023988
 2.1387E-02,0.019313982521565805
 2.1404E-02,0.01929553565289434
 2.1421E-02,0.018857650967967522
 2.1438E-02,0.01799367450734943
 2.1454E-02,0.01671838300291853
 2.1471E-02,0.015075873773905278
 2.1488E-02,0.013141880601294948
 2.1505E-02,0.011018861600383156
 2.1522E-02,0.008824716175607041
 2.1539E-02,0.006678204390375236
 2.1556E-02,0.004685244199372758
 2.1573E-02,0.002929853439256805
 2.1590E-02,0.001471753024800545
 2.1606E-02,0.0003502189705512594
 2.1623E-02,-0.00040843051114458997
 2.1640E-02,-0.0007834900309019469
 2.1657E-02,-0.0007561500382362612
 2.1674E-02,-0.0003112749308071194
 2.1691E-02,0.0005557827268282288
 2.1708E-02,0.0018299445509200522
 2.1725E-02,0.0034685280307280037
 2.1741E-02,0.005398254591465326
 2.1758E-02,0.0075190781164897
 2.1775E-02,0.009714422882790695
 2.1792E-02,0.011865186939585756
 2.1809E-02,0.01386357061115644
 2.1826E-02,0.015622908671137897
 2.1843E-02,0.017081172341774458
 2.1860E-02,0.018198107356150437
 2.1876E-02,0.018948227954303943
 2.1893E-02,0.01931325488156591
 2.1910E-02,0.019277565042724334
 2.1927E-02,0.018828832691532453
 2.1944E-02,0.017963822687614317
 2.1961E-02,0.016697092149438587
 2.1978E-02,0.015069005747968536
 2.1995E-02,0.013149485822385681
 2.2012E-02,0.011035298866769558
 2.2028E-02,0.008840908783063942
 2.2045E-02,0.006685172575074795
 2.2062E-02,0.004677583087254796
 2.2079E-02,0.002907854641726801
 2.2096E-02,0.0014413819032818092
 2.2113E-02,0.00032096339854139873
 2.2130E-02,-0.0004270312346981763
 2.2147E-02,-0.0007853401090598627
 2.2163E-02,-0.0007408172307504214
 2.2180E-02,-0.00028411718801981707
 2.2197E-02,0.0005856206407070597
 2.2214E-02,0.0018529094494246093
 2.2231E-02,0.0034781496363192575
 2.2248E-02,0.0053934521540026726
 2.2265E-02,0.007504431808598526
 2.2282E-02,0.009698321437529285
 2.2298E-02,0.011856555476258829
 2.2315E-02,0.013868410289797087
 2.2332E-02,0.01564194623736469
 2.2349E-02,0.017109498622444364
 2.2366E-02,0.018226936956436082
 2.2383E-02,0.018968118197565248
 2.2400E-02,0.019317578106910312
 2.2417E-02,0.019264937672144638
 2.2434E-02,0.018803599259770997
 2.2450E-02,0.017934423475834085
 2.2467E-02,0.016672934233839636
 2.2484E-02,0.015057012661563661
 2.2501E-02,0.013151613860417074
 2.2518E-02,0.011047938568972232
 2.2535E-02,0.008856379639822208
 2.2552E-02,0.006694735689919995
 2.2569E-02,0.004674833627977149
 2.2585E-02,0.002891221670988913
 2.2602E-02,0.001414804093990161
 2.2619E-02,0.00029249457618207484
 2.2636E-02,-0.0004481601864389878
 2.2653E-02,-0.0007921043210626607
 2.2670E-02,-0.0007309668536708904
 2.2687E-02,-0.0002609818342920107
 2.2704E-02,0.0006143822153292778
 2.2720E-02,0.0018781397581486955
 2.2737E-02,0.00349254359087659
 2.2754E-02,0.005394181373905465
 2.2771E-02,0.00749407119037565
 2.2788E-02,0.009683743950268976
 2.2805E-02,0.011846220308648663
 2.2822E-02,0.013869067834409908
 2.2839E-02,0.015655997997046537
 2.2856E-02,0.01713400135766039
 2.2872E-02,0.018254622113246008
 2.2889E-02,0.018990042183076393
 2.2906E-02,0.01932640973408839
 2.2923E-02,0.01925765387826115
 2.2940E-02,0.01878258571585997
 2.2957E-02,0.017906576595141586
 2.2974E-02,0.016647109123944
 2.2991E-02,0.015040777048354527
 2.3007E-02,0.013148521223001298
 2.3024E-02,0.011056331893576889
 2.3041E-02,0.00887015867891007
 2.3058E-02,0.006705784373436912
 2.3075E-02,0.004676186605221117
 2.3092E-02,0.0028797794105321285
 2.3109E-02,0.001392582128003351
 2.3126E-02,0.0002659452023860522
 2.3142E-02,-0.0004704944774896974
 2.3159E-02,-0.0008027262641392989
 2.3176E-02,-0.0007261795906670804
 2.3193E-02,-0.00024224133097128068
 2.3210E-02,0.0006410140567730807
 2.3227E-02,0.0019042297637832757
 2.3244E-02,0.003510372079112506
 2.3261E-02,0.005399527412539046
 2.3278E-02,0.007487665660996845
 2.3294E-02,0.009670858502244835
 2.3311E-02,0.011834557464972419
 2.3328E-02,0.013865750969748286
 2.3345E-02,0.01566479346409993
 2.3362E-02,0.017153814544401402
 2.3379E-02,0.018279829222258417
 2.3396E-02,0.01901253057737981
 2.3413E-02,0.019338560487963608
 2.3429E-02,0.019255150095879213
 2.3446E-02,0.018765999313160784
 2.3463E-02,0.017881146911681488
 2.3480E-02,0.016620804650707744
 2.3497E-02,0.015021371881122495
 2.3514E-02,0.013140781111014157
 2.3531E-02,0.011060356584622597
 2.3548E-02,0.008881488261976914
 2.3564E-02,0.006717214349240762
 2.3581E-02,0.004680598865055563
 2.3598E-02,0.002872921907680416
 2.3615E-02,0.0013747561696516863
 2.3632E-02,0.0002419730108853479
 2.3649E-02,-0.0004930047777179359
 2.3666E-02,-0.0008161668563027848
 2.3683E-02,-0.0007257405246264327
 2.3700E-02,-0.00022767970999243783
 2.3716E-02,0.0006652863650207115
 2.3733E-02,0.0019307654285307392
 2.3750E-02,0.0035314059558882744
 2.3767E-02,0.005409778746444892
 2.3784E-02,0.007486184618465589
 2.3801E-02,0.009661237516018094
 2.3818E-02,0.011823440336173123
 2.3835E-02,0.013860208154700404
 2.3851E-02,0.01566955343428673
 2.3868E-02,0.017169391477936127
 2.3885E-02,0.018302248338704218
 2.3902E-02,0.019034751845404367
 2.3919E-02,0.019353064917070336
 2.3936E-02,0.019256719073499837
 2.3953E-02,0.018753648307439738
 2.3970E-02,0.01785849473930316
 2.3986E-02,0.016594746863236472
 2.4003E-02,0.014999560470655473
 2.4020E-02,0.013128855265794452
 2.4037E-02,0.011059956096592698
 2.4054E-02,0.008889782077629318
 2.4071E-02,0.006728106118691556
 2.4088E-02,0.004687144394317729
 2.4105E-02,0.0028700445930481978
 2.4122E-02,0.0013612416390766178
 2.4138E-02,0.00022099955518731684
 2.4155E-02,-0.000514993185599289
 2.4172E-02,-0.000831819501634593
 2.4189E-02,-0.0007295085143280021
 2.4206E-02,-0.00021786542519387113
 2.4223E-02,0.0006858983887043269
 2.4240E-02,0.001955925171579119
 2.4257E-02,0.0035536778569428065
 2.4273E-02,0.005423232901097089
 2.4290E-02,0.007488498309595849
 2.4307E-02,0.00965443029924257
 2.4324E-02,0.01181297855477401
 2.4341E-02,0.013852824227580976
 2.4358E-02,0.015670604047571778
 2.4375E-02,0.01718074833084868
 2.4392E-02,0.0183215124761002
 2.4408E-02,0.019056084443598166
 2.4425E-02,0.019369321058947314
 2.4442E-02,0.01926208414099093
 2.4459E-02,0.01874579117226588
 2.4476E-02,0.017839436146209794
 2.4493E-02,0.016570124566953535
 2.4510E-02,0.0149765724537215
 2.4527E-02,0.013113653691166523
 2.4544E-02,0.011055464385890185
 2.4560E-02,0.0088947427880471
 2.4577E-02,0.006737702161426802
 2.4594E-02,0.004694946546255907
 2.4611E-02,0.0028705452138989293
 2.4628E-02,0.0013520210305388294
 2.4645E-02,0.00020371469925048935
 2.4662E-02,-0.0005351637716786905
 2.4679E-02,-0.0008480635083014302
 2.4695E-02,-0.0007358931647580745
 2.4712E-02,-0.0002115390615916742
 2.4729E-02,0.0007036344983582459
 2.4746E-02,0.001980069931133231
 2.4763E-02,0.0035773353851269686
 2.4780E-02,0.005440095048938024
 2.4797E-02,0.007495081434138618
 2.4814E-02,0.009651238713816866
 2.4830E-02,0.011804170450873654
 2.4847E-02,0.013844515959849882
 2.4864E-02,0.015668456335442962
 2.4881E-02,0.017187743715189767
 2.4898E-02,0.018336758321926563
 2.4915E-02,0.019075088650770712
 2.4932E-02,0.019385634224344223
 2.4949E-02,0.019269690178955867
 2.4966E-02,0.018741350084496896
 2.4982E-02,0.017823541113236627
 2.4999E-02,0.016547107339194463
 2.5016E-02,0.014952935325788827
 2.5033E-02,0.013095718463367286
 2.5050E-02,0.011047117203209353
 2.5067E-02,0.00889611208123385
 2.5084E-02,0.006745252903380971
 2.5101E-02,0.00470294221585438
 2.5117E-02,0.0028733191000293408
 2.5134E-02,0.0013462006705616753
 2.5151E-02,0.00018956650426389145
 2.5168E-02,-0.0005537694955624829
 2.5185E-02,-0.0008650499907799489
 2.5202E-02,-0.0007452123929997848
 2.5219E-02,-0.00020941040102813023
 2.5236E-02,0.0007173147215860449
 2.5252E-02,0.002001668947008408
 2.5269E-02,0.003600791931982327
 2.5286E-02,0.005459104033829234
 2.5303E-02,0.007505341068607432
 2.5320E-02,0.009651926606845806
 2.5337E-02,0.01179810628311447
 2.5354E-02,0.01383696063236137
 2.5371E-02,0.01566500684544822
 2.5388E-02,0.01719211924578978
 2.5404E-02,0.01834931075950372
 2.5421E-02,0.019092596431475633
 2.5438E-02,0.019402455561165197
 2.5455E-02,0.01927984191991179
 2.5472E-02,0.01874073289206827
 2.5489E-02,0.017811479179841553
 2.5506E-02,0.01652662982382338
 2.5523E-02,0.01492969865714865
 2.5539E-02,0.013075975888523701
 2.5556E-02,0.011035494555182586
 2.5573E-02,0.008894015818967819
 2.5590E-02,0.006750494851835475
 2.5607E-02,0.004710707530863308
 2.5624E-02,0.002878102332567822
 2.5641E-02,0.001343976790263859
 2.5658E-02,0.00017938152463346595
 2.5674E-02,-0.0005693816738856453
 2.5691E-02,-0.0008809765049282183
 2.5708E-02,-0.0007556527349089822
 2.5725E-02,-0.00021004174714923962
 2.5742E-02,0.000727706286870445
 2.5759E-02,0.002020698089451053
 2.5776E-02,0.0036233050631394688
 2.5793E-02,0.005479020190428303
 2.5810E-02,0.0075178169220263685
 2.5826E-02,0.009655042033735657
 2.5843E-02,0.011793448678956452
 2.5860E-02,0.01382889898410689
 2.5877E-02,0.015658936076500908
 2.5894E-02,0.017192338654858065
 2.5911E-02,0.018357334435204604
 2.5928E-02,0.019106528663688
 2.5945E-02,0.019417662936971745
 2.5961E-02,0.019290667095457372
 2.5978E-02,0.01874260575699836
 2.5995E-02,0.01780263480686534
 2.6012E-02,0.016508792865483412
 2.6029E-02,0.014907482835155698
 2.6046E-02,0.013055227965587595
 2.6063E-02,0.011021204319087367
 2.6080E-02,0.008888571123490181
 2.6096E-02,0.006752926414614216
 2.6113E-02,0.004717194294717774
 2.6130E-02,0.0028835361047211796
 2.6147E-02,0.0013439913423596796
 2.6164E-02,0.00017208228572577144
 2.6181E-02,-0.0005826346480990832
 2.6198E-02,-0.000896022917006484
 2.6215E-02,-0.0007670517110781633
 2.6232E-02,-0.00021308837553395425
 2.6248E-02,0.0007352191791203097
 2.6265E-02,0.0020376276336816477
 2.6282E-02,0.0036455303099285196
 2.6299E-02,0.005500897418194647
 2.6316E-02,0.007534175717222002
 2.6333E-02,0.009662981171507611
 2.6350E-02,0.011793268930385927
 2.6367E-02,0.01382383470481751
 2.6383E-02,0.015653797080910983
 2.6400E-02,0.017191580306383507
 2.6417E-02,0.01836328526906044
 2.6434E-02,0.019118442522668495
 2.6451E-02,0.019431950562860855
 2.6468E-02,0.01930221809309836
 2.6485E-02,0.018746702815908744
 2.6502E-02,0.017796741286150906
 2.6518E-02,0.016493544284486572
 2.6535E-02,0.014886512676260273
 2.6552E-02,0.013033894907445706
 2.6569E-02,0.011004697370250283
 2.6586E-02,0.008880098181527896
 2.6603E-02,0.00675265608594669
 2.6620E-02,0.004722335534240963
 2.6637E-02,0.0028895136947526137
 2.6654E-02,0.0013462675811246234
 2.6670E-02,0.00016793816259653223
 2.6687E-02,-0.0005930252377200131
 2.6704E-02,-0.0009096242548500705
 2.6721E-02,-0.0007790864107826939
 2.6738E-02,-0.00021882429555476074
 2.6755E-02,0.0007386844097200635
 2.6772E-02,0.0020502503464951277
 2.6789E-02,0.0036642876531824548
 2.6805E-02,0.005520847792522144
 2.6822E-02,0.00755021638757028
 2.6839E-02,0.009671648749521318
 2.6856E-02,0.011793915037176026
 2.6873E-02,0.013818744580324688
 2.6890E-02,0.015647214846377176
 2.6907E-02,0.017188012928900303
 2.6924E-02,0.018365725425168143
 2.6940E-02,0.019127178471159904
 2.6957E-02,0.01944440888575837
 2.6974E-02,0.01931389667631045
 2.6991E-02,0.01875284285485233
 2.7008E-02,0.01779411162200633
 2.7025E-02,0.01648167158167124
 2.7042E-02,0.014867900496039206
 2.7059E-02,0.013013153807923152
 2.7076E-02,0.01098691405756296
 2.7092E-02,0.008869052674157328
 2.7109E-02,0.006749547814025112
 2.7126E-02,0.004725484541002608
 2.7143E-02,0.0028951361142625746
 2.7160E-02,0.0013500234374715756
 2.7177E-02,0.00016666393272415057
 2.7194E-02,-0.0006000515394995434
 2.7211E-02,-0.0009203590680773954
 2.7227E-02,-0.0007894573556944911
 2.7244E-02,-0.00022425056063646114
 2.7261E-02,0.0007415570599773054
 2.7278E-02,0.0020622481185459595
 2.7295E-02,0.003683326611154304
 2.7312E-02,0.005542614098805982
 2.7329E-02,0.007569656823695387
 2.7346E-02,0.00968471923834372
 2.7362E-02,0.011798941098072632
 2.7379E-02,0.01381689469527158
 2.7396E-02,0.01564192017844044
 2.7413E-02,0.017183560204799102
 2.7430E-02,0.018365556977276643
 2.7447E-02,0.01913253975409217
 2.7464E-02,0.019453849969630687
 2.7481E-02,0.019323811189229465
 2.7498E-02,0.018758837471260205
 2.7514E-02,0.017792688220057872
 2.7531E-02,0.016471588889999635
 2.7548E-02,0.014850704617862894
 2.7565E-02,0.012992680159150075
 2.7582E-02,0.010967948546407268
 2.7599E-02,0.008855652727937396
 2.7616E-02,0.006743647673397506
 2.7633E-02,0.004726299224824603
 2.7649E-02,0.002899577470772494
 2.7666E-02,0.0013539634623494388
 2.7683E-02,0.00016656650193189486
 2.7700E-02,-0.000605742946710622
 2.7717E-02,-0.0009305950090576617
 2.7734E-02,-0.0008009480994924782
 2.7751E-02,-0.00023268389109355032
 2.7768E-02,0.0007399023408542381
 2.7784E-02,0.0020690948288544014
 2.7801E-02,0.0036977210342395974
 2.7818E-02,0.005561227305851205
 2.7835E-02,0.007587950948305517
 2.7852E-02,0.009698543297075372
 2.7869E-02,0.011805963265400971
 2.7886E-02,0.013817341735774055
 2.7903E-02,0.015638355674069175
 2.7920E-02,0.01717979346217862
 2.7936E-02,0.0183650992458202
 2.7953E-02,0.01913719220980812
 2.7970E-02,0.019462956297318763
 2.7987E-02,0.01933445637646056
 2.8004E-02,0.018766918321523638
 2.8021E-02,0.01779445395010097
 2.8038E-02,0.016465074558584602
 2.8055E-02,0.01483652124481185
 2.8071E-02,0.01297386681742833
 2.8088E-02,0.01094894207036113
 2.8105E-02,0.008840758444751698
 2.8122E-02,0.0067355775213951315
 2.8139E-02,0.0047253144443699085
 2.8156E-02,0.0029035440812733744
 2.8173E-02,0.001359286820227712
 2.8190E-02,0.0001696446348447404
 2.8206E-02,-0.0006070973765836263
 2.8223E-02,-0.0009362977839439118
 2.8240E-02,-0.0008086700331041759
 2.8257E-02,-0.00023874676619525022
 2.8274E-02,0.0007391002516635222
 2.8291E-02,0.0020756608421936126
 2.8308E-02,0.003711391159285758
 2.8325E-02,0.005579360998388513
 2.8342E-02,0.007606402515470019
 2.8358E-02,0.009713088197891889
 2.8375E-02,0.011813751430601496
 2.8392E-02,0.01381784106930765
 2.8409E-02,0.015633440013605678
 2.8426E-02,0.01717294876487525
 2.8443E-02,0.018360050085853084
 2.8460E-02,0.019136465125779767
 2.8477E-02,0.019466917193789176
 2.8493E-02,0.01934117891798043
 2.8510E-02,0.018772927356231282
 2.8527E-02,0.0177960603373858
 2.8544E-02,0.01645979815526224
 2.8561E-02,0.014824068735537873
 2.8578E-02,0.012956300548371769
 2.8595E-02,0.010929980329046492
 2.8612E-02,0.008824472001929729
 2.8628E-02,0.006724970382972671
 2.8645E-02,0.004721316232877498
 2.8662E-02,0.0029047840908823673
 2.8679E-02,0.0013627257382271625
 2.8696E-02,0.00017181969806800567
 2.8713E-02,-0.0006086850829493638
 2.8730E-02,-0.0009421754010015173
 2.8747E-02,-0.0008171419392762402
 2.8764E-02,-0.0002464945711318546
 2.8780E-02,0.0007357900023585919
 2.8797E-02,0.002079497919838378
 2.8814E-02,0.003723031721536815
 2.8831E-02,0.005597096301333836
 2.8848E-02,0.0076267015476876865
 2.8865E-02,0.009731792815694484
 2.8882E-02,0.011827481698786137
 2.8899E-02,0.013825093036752311
 2.8915E-02,0.015634975751646088
 2.8932E-02,0.017171344688282127
 2.8949E-02,0.018358584479712628
 2.8966E-02,0.019137771501770012
 2.8983E-02,0.019471914808588592
 2.9000E-02,0.01934868430074878
 2.9017E-02,0.018780091998009736
 2.9034E-02,0.017799467407914965
 2.9050E-02,0.016456802747665974
 2.9067E-02,0.01481387484029673
 2.9084E-02,0.012940367319672335
 2.9101E-02,0.010911601922023988
 2.9118E-02,0.008807684206079866
 2.9135E-02,0.006713187603384939
 2.9152E-02,0.004716200845893654
 2.9169E-02,0.002905761021855439
 2.9186E-02,0.0013673129952415113
 2.9202E-02,0.00017664200240122404
 2.9219E-02,-0.000606584133923691
 2.9236E-02,-0.0009442139389244839
 2.9253E-02,-0.0008226877277829005
 2.9270E-02,-0.00025314446066439797
 2.9287E-02,0.0007312517437538177
 2.9304E-02,0.00207982783275213
 2.9321E-02,0.0037294224015573755
 2.9337E-02,0.00560865449499443
 2.9354E-02,0.007640705532524614
 2.9371E-02,0.009744633613675729
 2.9388E-02,0.011835937188008742
 2.9405E-02,0.013827460000925617
 2.9422E-02,0.015631638399535505
 2.9439E-02,0.017164569097524646
 2.9456E-02,0.018351617856226063
 2.9472E-02,0.019133584795570042
 2.9489E-02,0.019472059949035964
 2.9506E-02,0.01935269353235074
 2.9523E-02,0.018785643219516337
 2.9540E-02,0.017803252789418873
 2.9557E-02,0.016455775820185214
 2.9574E-02,0.014806411482791871
 2.9591E-02,0.012926910123319582
 2.9608E-02,0.010894551630370387
 2.9624E-02,0.008790582827845459
 2.9641E-02,0.006699500011244929
 2.9658E-02,0.004708147774940571
 2.9675E-02,0.002903632942467873
 2.9692E-02,0.0013695112548985165
 2.9709E-02,0.00018042018055554462
 2.9726E-02,-0.0006039669562582092
 2.9743E-02,-0.0009443681409926775
 2.9759E-02,-0.000825423258702412
 2.9776E-02,-0.0002565104804106539
 2.9793E-02,0.0007302304803692386
 2.9810E-02,0.0020839927239804613
 2.9827E-02,0.003740334941829168
 2.9844E-02,0.0056258934369733575
 2.9861E-02,0.007661874304436696
 2.9878E-02,0.009766081428957877
 2.9894E-02,0.011853932595091937
 2.9911E-02,0.013839388662663139
 2.9928E-02,0.01563678964790114
 2.9945E-02,0.01716423035593643
 2.9962E-02,0.01834845408638527
 2.9979E-02,0.019130545003829682
 2.9996E-02,0.01947122554786372
 3.0013E-02,0.01935449996766781
 3.0030E-02,0.018788761479458165
 3.0046E-02,0.017805166376256978
 3.0063E-02,0.016453826317176415
 3.0080E-02,0.01479891071195558
 3.0097E-02,0.012913894233756282
 3.0114E-02,0.010877889491952708
 3.0131E-02,0.008773395167120673
 3.0148E-02,0.00668510462539685
 3.0165E-02,0.004698922883404926
 3.0181E-02,0.0029002199211470066
 3.0198E-02,0.0013706501511381573
 3.0215E-02,0.0001834754745842558
 3.0232E-02,-0.0006019885544310316
 3.0249E-02,-0.0009456866076436679
 3.0266E-02,-0.000830658699957846
 3.0283E-02,-0.0002644632728044903
 3.0300E-02,0.0007221169173028913
 3.0316E-02,0.002078663159571602
 3.0333E-02,0.00374000999515879
 3.0350E-02,0.005631226944612592
 3.0367E-02,0.0076716912749173125
 3.0384E-02,0.009777790182183842
 3.0401E-02,0.011864453402756199
 3.0418E-02,0.013846249396459571
 3.0435E-02,0.015638978105467008
 3.0452E-02,0.017162485861589197
 3.0468E-02,0.0183448928761593
 3.0485E-02,0.019127765298086543
 3.0502E-02,0.01947123462554521
 3.0519E-02,0.019357872971489266
 3.0536E-02,0.018794354566452422
 3.0553E-02,0.017810498039075383
 3.0570E-02,0.01645598897800863
 3.0587E-02,0.01479567469470562
 3.0603E-02,0.012904592920141187
 3.0620E-02,0.01086375504655796
 3.0637E-02,0.008757217958282241
 3.0654E-02,0.0066703397237713215
 3.0671E-02,0.0046885703241546
 3.0688E-02,0.002895886291935227
 3.0705E-02,0.0013721280197238168
 3.0722E-02,0.00018898176376856354
 3.0738E-02,-0.0005950199263707516
 3.0755E-02,-0.0009395666590514882
 3.0772E-02,-0.0008265556191852176
 3.0789E-02,-0.00026199874835487454
 3.0806E-02,0.0007246401476173242
 3.0823E-02,0.0020834960404474395
 3.0840E-02,0.0037489515321881056
 3.0857E-02,0.005644766453619959
 3.0874E-02,0.007688631190528048
 3.0890E-02,0.009795501645639547
 3.0907E-02,0.011879679421878798
 3.0924E-02,0.013856164909143168
 3.0941E-02,0.015642119327640026
 3.0958E-02,0.017159208619929308
 3.0975E-02,0.018337193201552988
 3.0992E-02,0.01911853048473867
 3.1009E-02,0.019463201715073413
 3.1025E-02,0.01935267681294777
 3.1042E-02,0.018792010763580537
 3.1059E-02,0.017809501753960604
 3.1076E-02,0.016453980671439945
 3.1093E-02,0.014790414533760461
 3.1110E-02,0.01289487454394279
 3.1127E-02,0.01084991703686468
 3.1144E-02,0.008741065988260818
 3.1160E-02,0.006654514958419596
 3.1177E-02,0.004675606538396067
 3.1194E-02,0.002887312648647932
 3.1211E-02,0.0013679550042287021
 3.1228E-02,0.00018776268267797378
 3.1245E-02,-0.0005955756174186806
 3.1262E-02,-0.0009416585204757552
 3.1279E-02,-0.0008313866963067475
 3.1296E-02,-0.00026924039040961134
 3.1312E-02,0.0007168081740113541
 3.1329E-02,0.0020777775516613206
 3.1346E-02,0.0037479759374659154
 3.1363E-02,0.0056501294064966205
 3.1380E-02,0.007700284613385849
 3.1397E-02,0.009811716040512815
 3.1414E-02,0.011897590889282429
 3.1431E-02,0.013872704470888467
 3.1447E-02,0.015654983152537612
 3.1464E-02,0.01716751643050434
 3.1481E-02,0.01834160242819027
 3.1498E-02,0.01912078011297945
 3.1515E-02,0.01946527436130136
 3.1532E-02,0.019355909417801662
 3.1549E-02,0.01879650002323981
 3.1566E-02,0.017814034516046066
 3.1582E-02,0.01645651652231077
 3.1599E-02,0.014788935196479383
 3.1616E-02,0.012888273184334666
 3.1633E-02,0.010838583226802997
 3.1650E-02,0.008726934779178717
 3.1667E-02,0.00664054842877382
 3.1684E-02,0.004664887961154523
 3.1701E-02,0.0028820775231414735
 3.1718E-02,0.0013689061155680044
 3.1734E-02,0.00019391071827849294
 3.1751E-02,-0.0005864979869634735
 3.1768E-02,-0.0009323701780249345
 3.1785E-02,-0.000824127046634244
 3.1802E-02,-0.00026507240725449053
 3.1819E-02,0.0007182168474241293
 3.1836E-02,0.0020778343591851905
 3.1853E-02,0.00374844483407642
 3.1869E-02,0.005652300754791197
 3.1886E-02,0.0077043572863939435
 3.1903E-02,0.009816630934770153
 3.1920E-02,0.011901381426552693
 3.1937E-02,0.013873231960409368
 3.1954E-02,0.015650776958937813
 3.1971E-02,0.017158396215122072
 3.1988E-02,0.018328838591309782
 3.2004E-02,0.019106719809794556
 3.2021E-02,0.019452560318250503
 3.2038E-02,0.01934657256252304
 3.2055E-02,0.018791256977364702
 3.2072E-02,0.017812048317693188
 3.2089E-02,0.016455710349698793
 3.2106E-02,0.014786746760570468
 3.2123E-02,0.012882576800758017
 3.2140E-02,0.010828447086141967
 3.2156E-02,0.008712944324702647
 3.2173E-02,0.006624588501598053
 3.2190E-02,0.004649475812246088
 3.2207E-02,0.0028695021310809147
 3.2224E-02,0.0013604962658933931
 3.2241E-02,0.00018970046279732531
 3.2258E-02,-0.0005875917146203798
 3.2275E-02,-0.0009319386490990773
 3.2291E-02,-0.0008234746251860072
 3.2308E-02,-0.0002645518351448194
 3.2325E-02,0.0007194707613414461
 3.2342E-02,0.0020816558869190442
 3.2359E-02,0.0037569538861650805
 3.2376E-02,0.005667034233802803
 3.2393E-02,0.007725540653774019
 3.2410E-02,0.009842869281294173
 3.2426E-02,0.011929898011068982
 3.2443E-02,0.013900582469469291
 3.2460E-02,0.015673794298955254
 3.2477E-02,0.017175037713153676
 3.2494E-02,0.018338645238128094
 3.2511E-02,0.01911074083898794
 3.2528E-02,0.019452791854866865
 3.2545E-02,0.01934513336266674
 3.2562E-02,0.018789613046867184
 3.2578E-02,0.017810569458155054
 3.2595E-02,0.016453707891738934
 3.2612E-02,0.014782955090621622
 3.2629E-02,0.012875872907386982
 3.2646E-02,0.010818514732116834
 3.2663E-02,0.00870061396095157
 3.2680E-02,0.006611710272802438
 3.2697E-02,0.00463836247345193
 3.2713E-02,0.002862143295172751
 3.2730E-02,0.0013578340356779567
 3.2747E-02,0.000191237405426039
 3.2764E-02,-0.0005837004067022203
 3.2781E-02,-0.0009283319385042889
 3.2798E-02,-0.0008227605514097812
 3.2815E-02,-0.0002684963155916289
 3.2832E-02,0.0007104623398457853
 3.2848E-02,0.0020685917329388128
 3.2865E-02,0.003741837977503648
 3.2882E-02,0.005652139413896567
 3.2899E-02,0.007712641677672301
 3.2916E-02,0.009832713067620433
 3.2933E-02,0.011922094577878673
 3.2950E-02,0.013893938659888774
 3.2967E-02,0.01566694372463427
 3.2984E-02,0.017167108438387316
 3.3000E-02,0.018329694609763747
 3.3017E-02,0.019101779581739867
 3.3034E-02,0.019445382004794554
 3.3051E-02,0.019340714439323285
 3.3068E-02,0.0187888222230511
 3.3085E-02,0.01781283095545203
 3.3102E-02,0.016457270040929214
 3.3119E-02,0.014785386316911831
 3.3135E-02,0.012874853346248523
 3.3152E-02,0.010812644931133838
 3.3169E-02,0.008689950212963492
 3.3186E-02,0.0065978319345533325
 3.3203E-02,0.0046239444675641
 3.3220E-02,0.0028501846767318238
 3.3237E-02,0.0013508145931576095
 3.3254E-02,0.0001904936102285551
 3.3270E-02,-0.0005781769401381024
 3.3287E-02,-0.0009176312510696038
 3.3304E-02,-0.0008084570249975912
 3.3321E-02,-0.0002519677152186137
 3.3338E-02,0.0007285272736079407
 3.3355E-02,0.0020883083198268925
 3.3372E-02,0.0037638289076242252
 3.3389E-02,0.005676957035628226
 3.3406E-02,0.007740152515297045
 3.3422E-02,0.009861705749667191
 3.3439E-02,0.011950290007804
 3.3456E-02,0.01391843072572919
 3.3473E-02,0.0156849366115068
 3.3490E-02,0.01717670225728327
 3.3507E-02,0.018330446267744705
 3.3524E-02,0.01909483967179463
 3.3541E-02,0.019433154217801677
 3.3557E-02,0.01932614916984905
 3.3574E-02,0.01877458152731427
 3.3591E-02,0.01780060266376456
 3.3608E-02,0.01644745022068173
 3.3625E-02,0.0147772139171057
 3.3642E-02,0.012866919043930353
 3.3659E-02,0.010803566591939732
 3.3676E-02,0.008678956260565258
 3.3692E-02,0.0065850388303382145
 3.3709E-02,0.004610237168629618
 3.3726E-02,0.002836762718601413
 3.3743E-02,0.001338594761094002
 3.3760E-02,0.00017961624601325367
 3.3777E-02,-0.0005885283831859509
 3.3794E-02,-0.0009290056846484479
 3.3811E-02,-0.0008225692574527914
 3.3828E-02,-0.0002699875183660114
 3.3844E-02,0.0007065685697030906
 3.3861E-02,0.0020637627290606736
 3.3878E-02,0.003739215635940954
 3.3895E-02,0.005655337237898779
 3.3912E-02,0.007724296937368678
 3.3929E-02,0.009853335897983184
 3.3946E-02,0.01194964966608784
 3.3963E-02,0.013924325548486632
 3.3979E-02,0.015695209479340763
 3.3996E-02,0.017188955997517387
 3.4013E-02,0.018342742870156224
 3.4030E-02,0.019106127102629267
 3.4047E-02,0.01944328852242459
 3.4064E-02,0.01933554377006673
 3.4081E-02,0.018783662045532237
 3.4098E-02,0.017809317318161603
 3.4114E-02,0.01645505663029951
 3.4131E-02,0.01478244625740299
 3.4148E-02,0.01286848170559796
 3.4165E-02,0.010800763885664203
 3.4182E-02,0.008672205034991264
 3.4199E-02,0.006576045734571392
 3.4216E-02,0.0046017414429673905
 3.4233E-02,0.0028319037330168466
 3.4250E-02,0.001340100871600859
 3.4266E-02,0.0001890767654859711
 3.4283E-02,-0.0005710755051966423
 3.4300E-02,-0.0009050486032168544
 3.4317E-02,-0.0007946879346685171
 3.4334E-02,-0.00024117351066604484
 3.4351E-02,0.0007336044819786769
 3.4368E-02,0.002087076632410728
 3.4385E-02,0.003757782395288622
 3.4401E-02,0.005668869622007218
 3.4418E-02,0.007732853770582516
 3.4435E-02,0.009856910185760247
 3.4452E-02,0.011947922532730677
 3.4469E-02,0.013916696467288
 3.4486E-02,0.015681096442297187
 3.4503E-02,0.017168244230137814
 3.4520E-02,0.01831619043892452
 3.4536E-02,0.019075537653680443
 3.4553E-02,0.019411336852468437
 3.4570E-02,0.01930526370365995
 3.4587E-02,0.018757734452047363
 3.4604E-02,0.017789381230497996
 3.4621E-02,0.01644127406788149
 3.4638E-02,0.014773475302843678
 3.4655E-02,0.012861878073052481
 3.4672E-02,0.01079368661560117
 3.4688E-02,0.008662199799849779
 3.4705E-02,0.006561657029652709
 3.4722E-02,0.0045827706938029525
 3.4739E-02,0.002809260190801823
 3.4756E-02,0.0013153388478146098
 3.4773E-02,0.0001638217710316402
 3.4790E-02,-0.0005955792740087658
 3.4807E-02,-0.0009280976650617315
 3.4823E-02,-0.0008159418279512479
 3.4840E-02,-0.00026024155863539427
 3.4857E-02,0.0007176045807864415
 3.4874E-02,0.002075759034606291
 3.4891E-02,0.0037533765626191315
 3.4908E-02,0.005673733670737835
 3.4925E-02,0.007748759013184435
 3.4942E-02,0.009884343110007215
 3.4958E-02,0.011985663224997396
 3.4975E-02,0.013961846618254692
 3.4992E-02,0.015729577382612766
 3.5009E-02,0.017215623325756366
 3.5026E-02,0.01835858315725639
 3.5043E-02,0.019110313157916895
 3.5060E-02,0.019437432319851684
 3.5077E-02,0.019323055010355993
 3.5094E-02,0.018768562956301475
 3.5110E-02,0.017794941801805533
 3.5127E-02,0.016443093159352374
 3.5144E-02,0.01477264725784751
 3.5161E-02,0.012859110742669292
 3.5178E-02,0.010789579380135039
 3.5195E-02,0.00865758553199326
 3.5212E-02,0.006557817399771162
 3.5229E-02,0.004581388086582254
 3.5245E-02,0.002812077112300347
 3.5262E-02,0.001323615857486633
 3.5279E-02,0.0001777738073216878
 3.5296E-02,-0.000577162685419895
 3.5313E-02,-0.0009078900280710452
 3.5330E-02,-0.0007977205539936602
 3.5347E-02,-0.0002482022124182026
 3.5364E-02,0.0007196860919129648
 3.5380E-02,0.002065291004520068
 3.5397E-02,0.003729437120921412
 3.5414E-02,0.005637156741912272
 3.5431E-02,0.007701823219225499
 3.5448E-02,0.009830187167245926
 3.5465E-02,0.011927627591111122
 3.5482E-02,0.013902944867036615
 3.5499E-02,0.015672231162416565
 3.5516E-02,0.017161679539244863
 3.5532E-02,0.018309516897058363
 3.5549E-02,0.01906745063909534
 3.5566E-02,0.01940203224903493
 3.5583E-02,0.019296162882007514
 3.5600E-02,0.018750669724671827
 3.5617E-02,0.017785587599336287
 3.5634E-02,0.01644061066323426
 3.5651E-02,0.01477421129735145
 3.5667E-02,0.012861158273248888
 3.5684E-02,0.010788526743812369
 3.5701E-02,0.00865065202094804
 3.5718E-02,0.006543711323796015
 3.5735E-02,0.004560645337486321
 3.5752E-02,0.002786952201258682
 3.5769E-02,0.0012975710543917975
 3.5786E-02,0.0001547381926740503
 3.5802E-02,-0.0005935319951402238
 3.5819E-02,-0.000914737411565271
 3.5836E-02,-0.0007932036300184072
 3.5853E-02,-0.0002314083569099582
 3.5870E-02,0.0007489863831064603
 3.5887E-02,0.0021068775627332216
 3.5904E-02,0.0037827189981311476
 3.5921E-02,0.005701049970179549
 3.5938E-02,0.0077744927792702135
 3.5954E-02,0.009908800363152044
 3.5971E-02,0.012008285609604968
 3.5988E-02,0.013980910304228624
 3.6005E-02,0.015742470208411727
 3.6022E-02,0.0172196233978363
 3.6039E-02,0.01835185814536563
 3.6056E-02,0.01909275850393957
 3.6073E-02,0.01941100852679921
 3.6089E-02,0.019291456386893502
 3.6106E-02,0.01873629086936726
 3.6123E-02,0.017766075462425368
 3.6140E-02,0.01642016764463699
 3.6157E-02,0.014756017985056753
 3.6174E-02,0.012847016313950774
 3.6191E-02,0.010778870399347768
 3.6208E-02,0.008644854016741262
 3.6224E-02,0.006540524932258098
 3.6241E-02,0.0045586006049806735
 3.6258E-02,0.002784566348528081
 3.6275E-02,0.0012933263483759926
 3.6292E-02,0.00014689195153351378
 3.6309E-02,-0.0006071543793980099
 3.6326E-02,-0.0009367905787855738
 3.6343E-02,-0.0008265845209263631
 3.6360E-02,-0.00027871418701345854
 3.6376E-02,0.0006861909733024196
 3.6393E-02,0.002028765307266959
 3.6410E-02,0.0036916257042415674
 3.6427E-02,0.0056014323119998564
 3.6444E-02,0.007672369612610693
 3.6461E-02,0.00981079779270491
 3.6478E-02,0.011920538812938782
 3.6495E-02,0.01390811861484196
 3.6511E-02,0.01568733945912502
 3.6528E-02,0.017182788579840777
 3.6545E-02,0.018332217882928117
 3.6562E-02,0.019088033705660458
 3.6579E-02,0.01941830361406228
 3.6596E-02,0.0193076576385375
 3.6613E-02,0.018758249790353957
 3.6630E-02,0.017790642803590037
 3.6646E-02,0.016444215499006026
 3.6663E-02,0.014776584413715082
 3.6680E-02,0.012861634177942886
 3.6697E-02,0.010786035740267019
 3.6714E-02,0.008644497229375285
 3.6731E-02,0.006534308223344837
 3.6748E-02,0.0045498949248558435
 3.6765E-02,0.002778050416284054
 3.6782E-02,0.0012942647255677058
 3.6798E-02,0.00016024487458950513
 3.6815E-02,-0.0005775909611586258
 3.6832E-02,-0.0008890315210427495
 3.6849E-02,-0.000760772213536763
 3.6866E-02,-0.00019708061707445488
 3.6883E-02,0.0007796596522618168
 3.6900E-02,0.00212885511744554
 3.6917E-02,0.0037924936293272267
 3.6933E-02,0.005697177314812408
 3.6950E-02,0.007757511709870675
 3.6967E-02,0.009880641556262294
 3.6984E-02,0.011971432309118003
 3.7001E-02,0.013937640664025643
 3.7018E-02,0.01569445114128878
 3.7035E-02,0.017167965419422206
 3.7052E-02,0.01829754184123448
 3.7068E-02,0.019037183857156404
 3.7085E-02,0.019356361814414337
 3.7102E-02,0.019240660126514642
 3.7119E-02,0.018692475169078952
 3.7136E-02,0.017731716872446776
 3.7153E-02,0.016396200658681033
 3.7170E-02,0.014741268892102505
 3.7187E-02,0.012838217807729866
 3.7204E-02,0.010771319431007207
 3.7220E-02,0.008633546583522486
 3.7237E-02,0.0065214253095674125
 3.7254E-02,0.004529646284448151
 3.7271E-02,0.002746097152002341
 3.7288E-02,0.0012478262678800155
 3.7305E-02,9.817079841406041e-05
 3.7322E-02,-0.0006550252500216909
 3.7339E-02,-0.0009804084758703643
 3.7355E-02,-0.0008637105556630888
 3.7372E-02,-0.00030822301946433785
 3.7389E-02,0.000664791972914825
 3.7406E-02,0.0020159638047387318
 3.7423E-02,0.003688349358394661
 3.7440E-02,0.005609073257404463
 3.7457E-02,0.007692340029402223
 3.7474E-02,0.009843776736587009
 3.7490E-02,0.011965715475565124
 3.7507E-02,0.013962761864262475
 3.7524E-02,0.0157469180134475
 3.7541E-02,0.017241670775019466
 3.7558E-02,0.018384769262799326
 3.7575E-02,0.01912978426890715
 3.7592E-02,0.01944682853164133
 3.7609E-02,0.019322913304571913
 3.7626E-02,0.018762290732398088
 3.7642E-02,0.017786844665529492
 3.7659E-02,0.016436276026372452
 3.7676E-02,0.014767623370202702
 3.7693E-02,0.01285365362508448
 3.7710E-02,0.01077985753539228
 3.7727E-02,0.00864011635238677
 3.7744E-02,0.006531452067975105
 3.7761E-02,0.0045485123488606515
 3.7777E-02,0.0027784930441326476
 3.7794E-02,0.0012970534797723072
 3.7811E-02,0.00016549096888727197
 3.7828E-02,-0.0005708842544217246
 3.7845E-02,-0.0008834822534694045
 3.7862E-02,-0.0007606781154339912
 3.7879E-02,-0.00020789152183939394
 3.7896E-02,0.0007523851004985644
 3.7912E-02,0.00208074474820189
 3.7929E-02,0.003721532030767562
 3.7946E-02,0.005604388473472019
 3.7963E-02,0.007646934696076198
 3.7980E-02,0.009758604016747338
 3.7997E-02,0.011845349362037004
 3.8014E-02,0.013814704978973802
 3.8031E-02,0.015580583878483328
 3.8048E-02,0.017067271310756988
 3.8064E-02,0.018212309139764793
 3.8081E-02,0.0189682727025811
 3.8098E-02,0.01930370902119286
 3.8115E-02,0.019203635021458217
 3.8132E-02,0.018669939687941617
 3.8149E-02,0.017721818511912527
 3.8166E-02,0.016396081623874705
 3.8183E-02,0.014746941599719406
 3.8199E-02,0.012844808113846204
 3.8216E-02,0.010773736188272261
 3.8233E-02,0.008627457028111673
 3.8250E-02,0.006504270603433438
 3.8267E-02,0.004501379008703038
 3.8284E-02,0.0027093866614560477
 3.8301E-02,0.001207636004136703
 3.8318E-02,6.080537281954296e-05
 3.8334E-02,-0.0006831455381750702
 3.8351E-02,-0.0009939178707400853
 3.8368E-02,-0.0008591271144719605
 3.8385E-02,-0.0002842840030074388
 3.8402E-02,0.0007072740833451449
 3.8419E-02,0.0020745713066500577
 3.8436E-02,0.003759636375128852
 3.8453E-02,0.005689051959136835
 3.8470E-02,0.00777676732459155
 3.8486E-02,0.009928249325323428
 3.8503E-02,0.012045679700605383
 3.8520E-02,0.014033589590408832
 3.8537E-02,0.015804173872287688
 3.8554E-02,0.01728160782132305
 3.8571E-02,0.018404972831427915
 3.8588E-02,0.019129784216108964
 3.8605E-02,0.01942845990496448
 3.8621E-02,0.019290246062458292
 3.8638E-02,0.018721061184892366
 3.8655E-02,0.017743467619618182
 3.8672E-02,0.01639664920125411
 3.8689E-02,0.014736013024162999
 3.8706E-02,0.012831944532233752
 3.8723E-02,0.01076735426770361
 3.8740E-02,0.00863392079651693
 3.8756E-02,0.006527267624924617
 3.8773E-02,0.004541599537286856
 3.8790E-02,0.002764471387012653
 3.8807E-02,0.0012723272655678875
 3.8824E-02,0.00012724485962935456
 3.8841E-02,-0.0006249862490665995
 3.8858E-02,-0.0009556313113624972
 3.8875E-02,-0.0008530083863183747
 3.8892E-02,-0.0003221493329844807
 3.8908E-02,0.0006155649142164866
 3.8925E-02,0.0019227232049773505
 3.8942E-02,0.0035463553940019857
 3.8959E-02,0.005418945683296507
 3.8976E-02,0.007460405760142597
 3.8993E-02,0.009581263411693157
 3.9010E-02,0.01168701500292608
 3.9027E-02,0.013683244046127828
 3.9043E-02,0.015480857254759667
 3.9060E-02,0.017000738396631715
 3.9077E-02,0.018177294388575283
 3.9094E-02,0.018960702635013708
 3.9111E-02,0.01931803347937317
 3.9128E-02,0.019233670809429084
 3.9145E-02,0.018709487824079968
 3.9162E-02,0.01776504694490186
 3.9178E-02,0.01643777138671613
 3.9195E-02,0.014782726651903453
 3.9212E-02,0.012871494883712092
 3.9229E-02,0.01078969861954799
 3.9246E-02,0.00863301087890686
 3.9263E-02,0.006501875951220329
 3.9280E-02,0.004495526003534008
 3.9297E-02,0.0027060863028684403
 3.9314E-02,0.001213540329583823
 3.9330E-02,8.208480589042477e-05
 3.9347E-02,-0.0006419657769924355
 3.9364E-02,-0.00093093508251082
 3.9381E-02,-0.0007756546694691627
 3.9398E-02,-0.00018493733319494032
 3.9415E-02,0.0008150265311857519
 3.9432E-02,0.0021813201897347167
 3.9449E-02,0.0038552479145714386
 3.9465E-02,0.005763973511811309
 3.9482E-02,0.007823196875158603
 3.9499E-02,0.009940986029340338
 3.9516E-02,0.01202255769685489
 3.9533E-02,0.013975500393945005
 3.9550E-02,0.015714768765382824
 3.9567E-02,0.01716681004628449
 3.9584E-02,0.01827241020467111
 3.9600E-02,0.01898819188094167
 3.9617E-02,0.019287034938253067
 3.9634E-02,0.019157900802559087
 3.9651E-02,0.01860554651144722
 3.9668E-02,0.017650415663884637
 3.9685E-02,0.01632868256007083
 3.9702E-02,0.014692138087223375
 3.9719E-02,0.012807448326505608
 3.9736E-02,0.010754336447799382
 3.9752E-02,0.008622431469049025
 3.9769E-02,0.006506841601887038
 3.9786E-02,0.004502848208865605
 3.9803E-02,0.002700371334775879
 3.9820E-02,0.001178948125387063
 3.9837E-02,3.852317517876727e-06
 3.9854E-02,-0.0007763119845872885
 3.9871E-02,-0.0011305910564573729
 3.9887E-02,-0.0010456197554725344
 3.9904E-02,-0.0005250704044602768
 3.9921E-02,0.00041088947512691405
 3.9938E-02,0.0017259014836090276
 3.9955E-02,0.0033676359536877407
 3.9972E-02,0.005268409323095927
 3.9989E-02,0.007346803599315728
 4.0006E-02,0.009510737685766399
 4.0022E-02,0.011662051139645774
 4.0039E-02,0.013702178316192661
 4.0056E-02,0.015538109283315964
 4.0073E-02,0.01708771653785894
 4.0090E-02,0.01828372646200041
 4.0107E-02,0.019076052455481243
 4.0124E-02,0.01943270398051431
 4.0141E-02,0.019339832908558893
 4.0158E-02,0.018801531267178605
 4.0174E-02,0.01783975002051234
 4.0191E-02,0.016494301970040547
 4.0208E-02,0.014822539015759648
 4.0225E-02,0.012898120046218799
 4.0242E-02,0.010808381310612446
 4.0259E-02,0.008650144402530303
 4.0276E-02,0.006524224258710333
 4.0293E-02,0.0045292790777261074
 4.0309E-02,0.002755845600117844
 4.0326E-02,0.0012813606626802313
 4.0343E-02,0.0001667065446262577
 4.0360E-02,-0.0005455681482574576
 4.0377E-02,-0.0008315785120211204
 4.0394E-02,-0.0006854631527581977
 4.0411E-02,-0.00011830830841103111
 4.0428E-02,0.0008429671362271911
 4.0444E-02,0.002156626509679207
 4.0461E-02,0.0037671604800571207
 4.0478E-02,0.005606676998283197
 4.0495E-02,0.007596985237849735
 4.0512E-02,0.009652592718680596
 4.0529E-02,0.011684583131840051
 4.0546E-02,0.013605058475361633
 4.0563E-02,0.015331617841589238
 4.0580E-02,0.016791291652189014
 4.0596E-02,0.017923486111953046
 4.0613E-02,0.01868177551826605
 4.0630E-02,0.019034705695557094
 4.0647E-02,0.018966016806664373
 4.0664E-02,0.01847475929448303
 4.0681E-02,0.01757562740404142
 4.0698E-02,0.016299526702244146
 4.0715E-02,0.014694054803911949
 4.0731E-02,0.012823344944856343
 4.0748E-02,0.010766688007296561
 4.0765E-02,0.00861553454226355
 4.0782E-02,0.006468843682440906
 4.0799E-02,0.004427185401890311
 4.0816E-02,0.0025863724936237885
 4.0833E-02,0.001031566027908148
 4.0850E-02,-0.00016731105942266087
 4.0866E-02,-0.0009583839637147313
 4.0883E-02,-0.0013088941426805294
 4.0900E-02,-0.0012050143352537823
 4.0917E-02,-0.0006511286785337818
 4.0934E-02,0.0003307939050112951
 4.0951E-02,0.0017014820960217813
 4.0968E-02,0.003404550897746543
 4.0985E-02,0.00536723954641826
 4.1002E-02,0.007502432874550813
 4.1018E-02,0.009712435221653567
 4.1035E-02,0.011894440472443167
 4.1052E-02,0.01394705705057845
 4.1069E-02,0.01577683715447168
 4.1086E-02,0.01730370371064121
 4.1103E-02,0.01846450458350026
 4.1120E-02,0.019214524059806188
 4.1137E-02,0.019527403391444466
 4.1153E-02,0.019394302548900722
 4.1170E-02,0.018823112289544922
 4.1187E-02,0.01783813568640081
 4.1204E-02,0.016480121298144447
 4.1221E-02,0.014806107662457539
 4.1238E-02,0.012888390995449101
 4.1255E-02,0.010812078079194886
 4.1272E-02,0.008671056904516104
 4.1288E-02,0.006562669238510837
 4.1305E-02,0.00458174578783759
 4.1322E-02,0.002814852888475576
 4.1339E-02,0.001335559323305563
 4.1356E-02,0.00020128434811059605
 4.1373E-02,-0.0005480936694119154
 4.1390E-02,-0.0008900887469139621
 4.1407E-02,-0.0008184402498918869
 4.1424E-02,-0.0003415742219280345
 4.1440E-02,0.0005187344928235209
 4.1457E-02,0.0017281805512155742
 4.1474E-02,0.003240265408612516
 4.1491E-02,0.004996532733966623
 4.1508E-02,0.006927279082907778
 4.1525E-02,0.008953284015273956
 4.1542E-02,0.010988828089594112
 4.1559E-02,0.012945842566954975
 4.1575E-02,0.014738636415899089
 4.1592E-02,0.016288446166399424
 4.1609E-02,0.017527138277880498
 4.1626E-02,0.018399727779424026
 4.1643E-02,0.01886581933034374
 4.1660E-02,0.01890043412322467
 4.1677E-02,0.018494796993052277
 4.1694E-02,0.017657463538897984
 4.1710E-02,0.016415739942373084
 4.1727E-02,0.014816876390403596
 4.1744E-02,0.012928220624152621
 4.1761E-02,0.01083554317069736
 4.1778E-02,0.00863909535973987
 4.1795E-02,0.00644752815360362
 4.1812E-02,0.004370404215686258
 4.1829E-02,0.002510463536426275
 4.1846E-02,0.0009568869013840966
 4.1862E-02,-0.0002194945141490907
 4.1879E-02,-0.000968666710318686
 4.1896E-02,-0.0012618512381714435
 4.1913E-02,-0.001090640534699091
 4.1930E-02,-0.000465755211604566
 4.1947E-02,0.0005839348798918333
 4.1964E-02,0.0020120130392267898
 4.1981E-02,0.0037551751276895433
 4.1997E-02,0.005734694398001933
 4.2014E-02,0.007859375669911498
 4.2031E-02,0.01003026026098899
 4.2048E-02,0.012146738366043668
 4.2065E-02,0.014113176317800236
 4.2082E-02,0.015844884184674984
 4.2099E-02,0.01727236456614421
 4.2116E-02,0.018343285450320955
 4.2132E-02,0.01902233047754708
 4.2149E-02,0.01928971864116539
 4.2166E-02,0.019139488675153755
 4.2183E-02,0.01857847826913278
 4.2200E-02,0.017626380426883165
 4.2217E-02,0.016316610605001596
 4.2234E-02,0.01469726223610781
 4.2251E-02,0.012831292012092727
 4.2268E-02,0.0107952330072062
 4.2284E-02,0.008676104277634931
 4.2301E-02,0.006566661837749477
 4.2318E-02,0.004559581463220689
 4.2335E-02,0.002741466716681254
 4.2352E-02,0.001187667757796848
 4.2369E-02,-4.127232082870211e-05
 4.2386E-02,-0.0009011514802946258
 4.2403E-02,-0.0013637918400929347
 4.2419E-02,-0.0014155509152035744
 4.2436E-02,-0.0010556341608122532
 4.2453E-02,-0.0002951417403516155
 4.2470E-02,0.0008426319183028889
 4.2487E-02,0.002320798905554186
 4.2504E-02,0.0040871945278958275
 4.2521E-02,0.006073592659537361
 4.2538E-02,0.008196895915209685
 4.2554E-02,0.01036279540831678
 4.2571E-02,0.01247154949053556
 4.2588E-02,0.014424783452237518
 4.2605E-02,0.016131894681488353
 4.2622E-02,0.017514895392806616
 4.2639E-02,0.0185112279447148
 4.2656E-02,0.01907493274395708
 4.2673E-02,0.019177138609394993
 4.2690E-02,0.018806895830348152
 4.2706E-02,0.017972865997196
 4.2723E-02,0.016705567818753618
 4.2740E-02,0.01505914285008095
 4.2757E-02,0.013111305112082819
 4.2774E-02,0.010960427050323414
 4.2791E-02,0.008719475791408096
 4.2808E-02,0.006507451712411129
 4.2825E-02,0.004439755548970669
 4.2841E-02,0.0026192420455469004
 4.2858E-02,0.0011294901338724074
 4.2875E-02,3.113594507785631e-05
 4.2892E-02,-0.0006387578772343517
 4.2909E-02,-0.0008650832089963095
 4.2926E-02,-0.0006520069113779492
 4.2943E-02,-2.0347751717133514e-05
 4.2960E-02,0.0009943451612715827
 4.2976E-02,0.0023430017876252584
 4.2993E-02,0.003964043936040963
 4.3010E-02,0.005784943599837795
 4.3027E-02,0.007724928101076462
 4.3044E-02,0.009698994129449056
 4.3061E-02,0.011622838449328939
 4.3078E-02,0.013417860964729123
 4.3095E-02,0.015015222915168241
 4.3112E-02,0.016358145268695924
 4.3128E-02,0.017402175298564578
 4.3145E-02,0.0181138397227424
 4.3162E-02,0.018468664093857043
 4.3179E-02,0.018449741833827832
 4.3196E-02,0.018047788895334302
 4.3213E-02,0.017263005026243523
 4.3230E-02,0.016108325689753632
 4.3247E-02,0.014613066459511086
 4.3263E-02,0.012825690932796743
 4.3280E-02,0.01081450853642599
 4.3297E-02,0.008665520760045516
 4.3314E-02,0.0064773195237970375
 4.3331E-02,0.004353732903696533
 4.3348E-02,0.0023955773934010733
 4.3365E-02,0.0006931844497957008
 4.3382E-02,-0.0006788389085239832
 4.3398E-02,-0.0016638820924133758
 4.3415E-02,-0.0022229192113529
 4.3432E-02,-0.002332619694062453
 4.3449E-02,-0.0019836399136712707
 4.3466E-02,-0.0011805109061723757
 4.3483E-02,5.637289701171844e-05
 4.3500E-02,0.001687389612998109
 4.3517E-02,0.0036506770857128857
 4.3534E-02,0.00586149511493877
 4.3550E-02,0.00821541241333107
 4.3567E-02,0.010595510216833493
 4.3584E-02,0.012882329476132624
 4.3601E-02,0.014964227233846002
 4.3618E-02,0.01674563675140292
 4.3635E-02,0.018151563070895847
 4.3652E-02,0.01912816602059768
 4.3669E-02,0.019640825112013417
 4.3685E-02,0.019671910389455104
 4.3702E-02,0.01922017998856613
 4.3719E-02,0.01830246795060822
 4.3736E-02,0.01695678669486238
 4.3753E-02,0.015244894859427385
 4.3770E-02,0.013252225704996509
 4.3787E-02,0.011083852080466399
 4.3804E-02,0.008856510716693317
 4.3820E-02,0.00668805259458892
 4.3837E-02,0.004686527159887391
 4.3854E-02,0.002941199762536718
 4.3871E-02,0.0015171802015835553
 4.3888E-02,0.00045426984447983977
 4.3905E-02,-0.00023049435161015877
 4.3922E-02,-0.0005379531074415
 4.3939E-02,-0.00048129683838345655
 4.3956E-02,-8.144264517514051e-05
 4.3972E-02,0.0006356979075599722
 4.3989E-02,0.001639850404800957
 4.4006E-02,0.0028954418673191665
 4.4023E-02,0.004360118721133788
 4.4040E-02,0.005983836370758271
 4.4057E-02,0.007709313020043922
 4.4074E-02,0.009474002659733008
 4.4091E-02,0.011213055877390224
 4.4107E-02,0.012862313459841016
 4.4124E-02,0.01436041019096466
 4.4141E-02,0.015649541537540786
 4.4158E-02,0.016675157892626122
 4.4175E-02,0.017385494876808606
 4.4192E-02,0.017732158496250566
 4.4209E-02,0.017672820192111978
 4.4226E-02,0.017176428871729356
 4.4242E-02,0.01623035898734037
 4.4259E-02,0.014847911326316621
 4.4276E-02,0.013073967331951116
 4.4293E-02,0.010986655270851553
 4.4310E-02,0.008693692283508896
 4.4327E-02,0.006323456304423381
 4.4344E-02,0.004012391047189621
 4.4361E-02,0.0018914791947412055
 4.4378E-02,7.477785558575594e-05
 4.4394E-02,-0.001347734234969945
 4.4411E-02,-0.0023122755373541524
 4.4428E-02,-0.0027793992771636016
 4.4445E-02,-0.002730501780078755
 4.4462E-02,-0.002165291425758023
 4.4479E-02,-0.0011018743148208151
 4.4496E-02,0.00042057392941316843
 4.4513E-02,0.002338282508517411
 4.4529E-02,0.004561195470374195
 4.4546E-02,0.0069755619030197474
 4.4563E-02,0.009451868356052589
 4.4580E-02,0.011857185242547847
 4.4597E-02,0.014069152665322817
 4.4614E-02,0.015987880780272933
 4.4631E-02,0.017542498089711017
 4.4648E-02,0.01869092546818869
 4.4664E-02,0.01941400052430036
 4.4681E-02,0.019707207258982253
 4.4698E-02,0.01957393793922761
 4.4715E-02,0.019023067914122543
 4.4732E-02,0.018071293764266107
 4.4749E-02,0.01674841071776526
 4.4766E-02,0.015102499087350792
 4.4783E-02,0.013202149823794666
 4.4800E-02,0.011134089668978261
 4.4816E-02,0.008996269490387674
 4.4833E-02,0.006887994756727589
 4.4850E-02,0.0048995419999701105
 4.4867E-02,0.0031037943499930623
 4.4884E-02,0.0015518392414979182
 4.4901E-02,0.00027338495924745794
 4.4918E-02,-0.000718456572614011
 4.4935E-02,-0.001419668349701865
 4.4951E-02,-0.001827534110644586
 4.4968E-02,-0.001935097900571751
 4.4985E-02,-0.0017297494437849548
 4.5002E-02,-0.0011964701202412482
 4.5019E-02,-0.00032472351328644684
 4.5036E-02,0.0008832436433143381
 4.5053E-02,0.0024053928042973276
 4.5070E-02,0.004196403811161117
 4.5086E-02,0.0061886517104942085
 4.5103E-02,0.008297039644415308
 4.5120E-02,0.01042588685584579
 4.5137E-02,0.01247567695525741
 4.5154E-02,0.014347981989836457
 4.5171E-02,0.015948097849829264
 4.5188E-02,0.017186357881320186
 4.5205E-02,0.017980089732920854
 4.5222E-02,0.018258251528776644
 4.5238E-02,0.017969757196359522
 4.5255E-02,0.0170946138561573
 4.5272E-02,0.015654975703276668
 4.5289E-02,0.013722087216694547
 4.5306E-02,0.011415563046557078
 4.5323E-02,0.00889348921868789
 4.5340E-02,0.006334673490846705
 4.5357E-02,0.00391692549792069
 4.5373E-02,0.0017965128100446348
 4.5390E-02,9.342781711627339e-05
 4.5407E-02,-0.0011149629451586926
 4.5424E-02,-0.0017921162463347246
 4.5441E-02,-0.001935053359461152
 4.5458E-02,-0.0015655514654754898
 4.5475E-02,-0.0007232629876550066
 4.5492E-02,0.0005374845300743779
 4.5508E-02,0.002147647946989242
 4.5525E-02,0.00402239759594898
 4.5542E-02,0.006061914637742889
 4.5559E-02,0.008156297370343114
 4.5576E-02,0.010195048837510103
 4.5593E-02,0.012079409768228185
 4.5610E-02,0.013734019971526852
 4.5627E-02,0.015113857136662918
 4.5644E-02,0.01620359427845542
 4.5660E-02,0.01700919315638042
 4.5677E-02,0.017544614238469546
 4.5694E-02,0.017818501961698766
 4.5711E-02,0.017825621724283317
 4.5728E-02,0.017545814209987968
 4.5745E-02,0.016950387660048548
 4.5762E-02,0.016013465084003496
 4.5779E-02,0.014724563820781151
 4.5795E-02,0.013098657273596078
 4.5812E-02,0.011180869671967537
 4.5829E-02,0.009044465600683817
 4.5846E-02,0.006782612417727528
 4.5863E-02,0.004496161717456197
 4.5880E-02,0.0022809644755171906
 4.5897E-02,0.00021850930244819017
 4.5914E-02,-0.0016273555040472575
 4.5930E-02,-0.003207023148151156
 4.5947E-02,-0.0044770515734420474
 4.5964E-02,-0.005391412997280267
 4.5981E-02,-0.005896613385490477
 4.5998E-02,-0.005933946992290035
 4.6015E-02,-0.005449449229343131
 4.6032E-02,-0.004409011112057002
 4.6049E-02,-0.002813838809210892
 4.6066E-02,-0.0007108945864332679
 4.6082E-02,0.0018055988028062037
 4.6099E-02,0.004602577476788302
 4.6116E-02,0.007524129781543074
 4.6133E-02,0.01041018056653357
 4.6150E-02,0.013112228043782736
 4.6167E-02,0.01550200807264019
 4.6184E-02,0.01747235986003812
 4.6201E-02,0.01893336872859413
 4.6217E-02,0.019809128591089742
 4.6234E-02,0.020040024633412677
 4.6251E-02,0.01959245370408019
 4.6268E-02,0.01847360819826813
 4.6285E-02,0.01674525976000116
 4.6302E-02,0.014529382784100814
 4.6319E-02,0.012000772641173251
 4.6336E-02,0.009366411038122462
 4.6352E-02,0.006836047278280929
 4.6369E-02,0.004591524740188443
 4.6386E-02,0.002762798532722376
 4.6403E-02,0.0014162144313120029
 4.6420E-02,0.0005565223465429655
 4.6437E-02,0.00014015071445129605
 4.6454E-02,9.479294790880005e-05
 4.6471E-02,0.0003396062943245567
 4.6488E-02,0.0008011139970335468
 4.6504E-02,0.0014219234634303237
 4.6521E-02,0.002161971971588518
 4.6538E-02,0.0029943707314039145
 4.6555E-02,0.0038994043318146838
 4.6572E-02,0.004860334441098311
 4.6589E-02,0.005863055867868868
 4.6606E-02,0.0068988971397869105
 4.6623E-02,0.00796742074263887
 4.6639E-02,0.009075451527386568
 4.6656E-02,0.010230229312275161
 4.6673E-02,0.011427683341514033
 4.6690E-02,0.012639604402842656
 4.6707E-02,0.013804457297154153
 4.6724E-02,0.01482558854056258
 4.6741E-02,0.01557858888658235
 4.6758E-02,0.015927444723516218
 4.6774E-02,0.015747155875702003
 4.6791E-02,0.014948736560428607
 4.6808E-02,0.013501095526907338
 4.6825E-02,0.011443838050603072
 4.6842E-02,0.008886535311691767
 4.6859E-02,0.00599370116970277
 4.6876E-02,0.0029593078654278045
 4.6893E-02,-2.1800920779533987e-05
 4.6910E-02,-0.0027772045673951887
 4.6926E-02,-0.005168613966052822
 4.6943E-02,-0.007090566375633826
 4.6960E-02,-0.008460363913387938
 4.6977E-02,-0.009207175924657128
 4.6994E-02,-0.00926802886491464
 4.7011E-02,-0.00859459981295936
 4.7028E-02,-0.007169196929096424
 4.7045E-02,-0.005023553963657417
 4.7061E-02,-0.0022521028002042984
 4.7078E-02,0.0009871955485640438
 4.7095E-02,0.004487423807690823
 4.7112E-02,0.008020506901262325
 4.7129E-02,0.011371086432286247
 4.7146E-02,0.014366152830788133
 4.7163E-02,0.016890643515776054
 4.7180E-02,0.01888439804691276
 4.7196E-02,0.020324067974105287
 4.7213E-02,0.021200500871470195
 4.7230E-02,0.02150357191857946
 4.7247E-02,0.02122176860664521
 4.7264E-02,0.02035600416786717
 4.7281E-02,0.01893999020846103
 4.7298E-02,0.017056052252580597
 4.7315E-02,0.01483711685222231
 4.7332E-02,0.012451706595359734
 4.7348E-02,0.010075758931446823
 4.7365E-02,0.007859906058704912
 4.7382E-02,0.005902220802984027
 4.7399E-02,0.004234121216685932
 4.7416E-02,0.0028224274803756015
 4.7433E-02,0.0015862157576176093
 4.7450E-02,0.00042440435325878396
 4.7467E-02,-0.0007521880233202368
 4.7483E-02,-0.0019924563174091043
 4.7500E-02,-0.003288022403248551
 4.7517E-02,-0.0045717929902906185
 4.7534E-02,-0.005731255980815919
 4.7551E-02,-0.006631405292889748
 4.7568E-02,-0.007139683495681242
 4.7585E-02,-0.0071459527930245
 4.7602E-02,-0.006574510585765967
 4.7618E-02,-0.00538981237001428
 4.7635E-02,-0.0035993571746465525
 4.7652E-02,-0.0012557837246483959
 4.7669E-02,0.0015419334715806726
 4.7686E-02,0.004649309074444099
 4.7703E-02,0.007880173122548507
 4.7720E-02,0.011013999341744818
 4.7737E-02,0.013807116684366676
 4.7754E-02,0.016008903047725502
 4.7770E-02,0.01738515505745589
 4.7787E-02,0.01774996023553505
 4.7804E-02,0.017002476761369657
 4.7821E-02,0.015158446424176058
 4.7838E-02,0.01236389276977713
 4.7855E-02,0.008882886135343281
 4.7872E-02,0.005059606301746237
 4.7889E-02,0.0012635283383931467
 4.7905E-02,-0.0021671406831943463
 4.7922E-02,-0.004967968368596264
 4.7939E-02,-0.00696751856840695
 4.7956E-02,-0.008083984739799446
 4.7973E-02,-0.008307366897963048
 4.7990E-02,-0.007678056663512297
 4.8007E-02,-0.006271120702842806
 4.8024E-02,-0.0041904292611494275
 4.8040E-02,-0.00157051554052665
 4.8057E-02,0.0014199587279099951
 4.8074E-02,0.004580231711101522
 4.8091E-02,0.00769091270107276
 4.8108E-02,0.010540938111596475
 4.8125E-02,0.012963020248957152
 4.8142E-02,0.014865628437297433
 4.8159E-02,0.016247377548267324
 4.8176E-02,0.017184760870911562
 4.8192E-02,0.017795377782277744
 4.8209E-02,0.01819082759672235
 4.8226E-02,0.018438171997026003
 4.8243E-02,0.01854301600835643
 4.8260E-02,0.01845654075749566
 4.8277E-02,0.018100288336573914
 4.8294E-02,0.01739755664641357
 4.8311E-02,0.01629901749394515
 4.8327E-02,0.01479436370812991
 4.8344E-02,0.012909369635333774
 4.8361E-02,0.010692959847199132
 4.8378E-02,0.008199949158870847
 4.8395E-02,0.0054749163775038995
 4.8412E-02,0.002542689010396194
 4.8429E-02,-0.0005899213033245562
 4.8446E-02,-0.003919286423864347
 4.8462E-02,-0.007420222330318374
 4.8479E-02,-0.011020015185070925
 4.8496E-02,-0.014581735442375237
 4.8513E-02,-0.017903807001464024
 4.8530E-02,-0.02073714049314658
 4.8547E-02,-0.022816804441238316
 4.8564E-02,-0.023901792090284795
 4.8581E-02,-0.023813639794387883
 4.8598E-02,-0.022464972799386265
 4.8614E-02,-0.019873162952730672
 4.8631E-02,-0.016158569704955855
 4.8648E-02,-0.011529036311271161
 4.8665E-02,-0.006254692380705955
 4.8682E-02,-0.0006403417463944072
 4.8699E-02,0.00499679659119346
 4.8716E-02,0.010340307395871565
 4.8733E-02,0.015080314416833922
 4.8749E-02,0.01891769931856664
 4.8766E-02,0.021576939130748807
 4.8783E-02,0.02283696222253033
 4.8800E-02,0.022579488193495312
 4.8817E-02,0.020840003604894214
 4.8834E-02,0.017838127287108346
 4.8851E-02,0.013968058396759478
 4.8868E-02,0.009743091394601371
 4.8884E-02,0.005704447315739392
 4.8901E-02,0.002319511371946178
 4.8918E-02,-9.963350039230443e-05
 4.8935E-02,-0.0014352941533375854
 4.8952E-02,-0.001756496560872137
 4.8969E-02,-0.0012747728049795248
 4.8986E-02,-0.000279719646952802
 4.9003E-02,0.0009277296953290892
 4.9020E-02,0.0020886862791445054
 4.9036E-02,0.003017567211132697
 4.9053E-02,0.0036098952870474094
 4.9070E-02,0.0038319089423223067
 4.9087E-02,0.0037025586931776224
 4.9104E-02,0.003280553925310089
 4.9121E-02,0.0026646702143973203
 4.9138E-02,0.002003193519386589
 4.9155E-02,0.0014967401596437755
 4.9171E-02,0.0013776345800669975
 4.9188E-02,0.0018605850618527695
 4.9205E-02,0.0030783195751552936
 4.9222E-02,0.0050280418942321315
 4.9239E-02,0.00755023303530831
 4.9256E-02,0.010346560185102055
 4.9273E-02,0.01302933273382129
 4.9290E-02,0.015186329040864754
 4.9306E-02,0.016443578447431707
 4.9323E-02,0.016516567128291682
 4.9340E-02,0.015248023514184866
 4.9357E-02,0.012627678208617045
 4.9374E-02,0.008786481614935447
 4.9391E-02,0.003964440388461559
 4.9408E-02,-0.001538311245465134
 4.9425E-02,-0.007411533319100991
 4.9442E-02,-0.01336904521034478
 4.9458E-02,-0.019153695384725413
 4.9475E-02,-0.02451394944924102
 4.9492E-02,-0.029172633612588005
 4.9509E-02,-0.032816614313064804
 4.9526E-02,-0.03512440219652743
 4.9543E-02,-0.035825840512157814
 4.9560E-02,-0.034768861560938544
 4.9577E-02,-0.031962764011329844
 4.9593E-02,-0.027580496539605533
 4.9610E-02,-0.02192616205815314
 4.9627E-02,-0.015387190612094995
 4.9644E-02,-0.008383473378691504
 4.9661E-02,-0.0013159572816638125
 4.9678E-02,0.005476565010006498
 4.9695E-02,0.011733822045617494
 4.9712E-02,0.017255675111345983
 4.9728E-02,0.02186570987479096
 4.9745E-02,0.025383894430310056
 4.9762E-02,0.027626589017035137
 4.9779E-02,0.02844153090071104
 4.9796E-02,0.02777380878700155
 4.9813E-02,0.025735391940082772
 4.9830E-02,0.02263509400028077
 4.9847E-02,0.018943605020527055
 4.9864E-02,0.015198840037871097
 4.9880E-02,0.011878201329119336
 4.9897E-02,0.009281036486926818
 4.9914E-02,0.007467433023930546
 4.9931E-02,0.006266134111625585
 4.9948E-02,0.0053267424727940025
 4.9965E-02,0.004200161125843091
 4.9982E-02,0.0024477510631701702
 4.9999E-02,-0.0002452406506322719
 5.0015E-02,-0.003994770174810449
 5.0032E-02,-0.008699718336882007
 5.0049E-02,-0.014071692410456995
 5.0066E-02,-0.019700943864799154
 5.0083E-02,-0.02513595117338523
 5.0100E-02,-0.02993619674977163
 5.0117E-02,-0.033679925262422195
 5.0134E-02,-0.03595996025601048
 5.0150E-02,-0.03641371162421442
 5.0167E-02,-0.03479385283362928
 5.0184E-02,-0.031045485787086997
 5.0201E-02,-0.02535160342263647
 5.0218E-02,-0.018128499052925944
 5.0235E-02,-0.00997278261710662
 5.0252E-02,-0.001578351112367862
 5.0269E-02,0.006343114640238942
 5.0286E-02,0.013105377430727837
 5.0302E-02,0.018068028807374858
 5.0319E-02,0.020685668556692176
 5.0336E-02,0.020599309160896397
 5.0353E-02,0.017731867444797527
 5.0370E-02,0.012346563514901442
 5.0387E-02,0.005041207888616733
 5.0404E-02,-0.0033435046371744163
 5.0421E-02,-0.011882546932678022
 5.0437E-02,-0.0197197805363614
 5.0454E-02,-0.026163159162012752
 5.0471E-02,-0.030726354094980066
 5.0488E-02,-0.03313819186623514
 5.0505E-02,-0.03332650991664879
 5.0522E-02,-0.03138965058523645
 5.0539E-02,-0.02757566233294028
 5.0556E-02,-0.02226175202260753
 5.0572E-02,-0.015920315534709573
 5.0589E-02,-0.009085456944553264
 5.0606E-02,-0.002318639045159182
 5.0623E-02,0.003859510785711738
 5.0640E-02,0.009068906829855984
 5.0657E-02,0.0131476827729348
 5.0674E-02,0.016166115250274227
 5.0691E-02,0.01837099431986552
 5.0708E-02,0.020069489910826965
 5.0724E-02,0.02149721074154149
 5.0741E-02,0.022745423104096676
 5.0758E-02,0.023769481230269434
 5.0775E-02,0.0244371777999575
 5.0792E-02,0.024594233440141125
 5.0809E-02,0.02414804304409488
 5.0826E-02,0.023121758500125548
 5.0843E-02,0.021614012704857972
 5.0859E-02,0.01969696569948193
 5.0876E-02,0.017345933770019452
 5.0893E-02,0.014422692762219646
 5.0910E-02,0.01068540707426803
 5.0927E-02,0.005837535237580665
 5.0944E-02,-0.00037794961096392164
 5.0961E-02,-0.008087170599080137
 5.0978E-02,-0.017228627591286443
 5.0994E-02,-0.027528540213825538
 5.1000E-02,-0.031088728622041744
