  0.000,0.0
  1.000,0.009271696347629406
  0.000,0.009271696347629406
 2.0200E-05,0.009754460282177404
 4.0400E-05,0.011094105396383672
 6.0600E-05,0.013332337528023146
 8.0800E-05,0.016382378444153235
 1.0100E-04,0.01913570834037045
 1.2120E-04,0.020754493200520235
 1.4140E-04,0.021000165045371548
 1.6160E-04,0.019862131687032686
 1.8180E-04,0.017785523382407124
 2.0200E-04,0.015829766237415516
 2.2220E-04,0.014618380975365643
 2.4240E-04,0.013993671688091713
 2.6260E-04,0.013676785824737843
 2.8280E-04,0.013092445135876407
 3.0300E-04,0.011439711820307617
 3.2320E-04,0.00863101961357182
 3.4340E-04,0.005303189015218401
 3.6360E-04,0.0021232907386687667
 3.8380E-04,-0.00018919713007364228
 4.0400E-04,-0.0010187167635575102
 4.2420E-04,-0.0005613561806204621
 4.4440E-04,0.00043177666454598045
 4.6460E-04,0.0013665526395465013
 4.8480E-04,0.001793372946394197
 5.0500E-04,0.0015793154255011358
 5.2520E-04,0.0012846516178296437
 5.4540E-04,0.0017030911389498467
 5.6560E-04,0.0032441771971262467
 5.8580E-04,0.005940601691946677
 6.0600E-04,0.00941411493590694
 6.2620E-04,0.012800319124459206
 6.4640E-04,0.015277701297521176
 6.6660E-04,0.016574424488795883
 6.8680E-04,0.016877432166699537
 7.0700E-04,0.01668900968314994
 7.2720E-04,0.01671092442153046
 7.4740E-04,0.017368484024466377
 7.6760E-04,0.01845921068766881
 7.8780E-04,0.019416880994605888
 8.0800E-04,0.019613815155755273
 8.2820E-04,0.018520009345656636
 8.4840E-04,0.01610230073295733
 8.6860E-04,0.012948119085532415
 8.8880E-04,0.00982780020007252
 9.0900E-04,0.007370502218166662
 9.2920E-04,0.005907601021240043
 9.4940E-04,0.005233731874877294
 9.6960E-04,0.004722751585078142
 9.8980E-04,0.003813360984303716
 1.0100E-03,0.002285108757845755
 1.0302E-03,0.0003229335794188203
 1.0504E-03,-0.0014674813219124247
 1.0706E-03,-0.0023403642943024263
 1.0908E-03,-0.0018682100638979827
 1.1110E-03,-0.0001221353578579566
 1.1312E-03,0.002415752867330906
 1.1514E-03,0.005018169517687307
 1.1716E-03,0.007045670817967647
 1.1918E-03,0.008314453871621018
 1.2120E-03,0.009119712694121613
 1.2322E-03,0.009991349959926364
 1.2524E-03,0.011442222826895523
 1.2726E-03,0.013669584121542157
 1.2928E-03,0.016353169642469634
 1.3130E-03,0.018821599605238565
 1.3332E-03,0.02040157456757032
 1.3534E-03,0.02068212823984273
 1.3736E-03,0.01971095046343322
 1.3938E-03,0.018006686663173534
 1.4140E-03,0.016254055116020863
 1.4342E-03,0.014939976460942715
 1.4544E-03,0.014168973974819558
 1.4746E-03,0.01362634191147075
 1.4948E-03,0.012739040809220031
 1.5150E-03,0.011038756406275765
 1.5352E-03,0.008452240465685656
 1.5554E-03,0.0053427076409138
 1.5756E-03,0.0023744270621996614
 1.5958E-03,0.00023575193235898318
 1.6160E-03,-0.0007017529653923107
 1.6362E-03,-0.0005459719688776902
 1.6564E-03,0.00022654384642059036
 1.6766E-03,0.0010230599610025588
 1.6968E-03,0.0014282222312295679
 1.7170E-03,0.0014365892089986036
 1.7372E-03,0.001448364804549125
 1.7574E-03,0.0020219463497855215
 1.7776E-03,0.0035731233303155606
 1.7978E-03,0.006147149830548539
 1.8180E-03,0.009341507720370392
 1.8382E-03,0.0124729965845412
 1.8584E-03,0.014905994898673464
 1.8786E-03,0.016323970364851042
 1.8988E-03,0.016839522553324042
 1.9190E-03,0.016914500370628582
 1.9392E-03,0.017087806612763004
 1.9594E-03,0.01766002428982427
 1.9796E-03,0.01853472114047683
 1.9998E-03,0.019267453468761356
 2.0200E-03,0.019282287149739636
 2.0402E-03,0.01817946930135674
 2.0604E-03,0.01596630418004616
 2.0806E-03,0.013066368376291123
 2.1008E-03,0.010127113203252299
 2.1210E-03,0.007733945072308908
 2.1412E-03,0.006148504177425982
 2.1614E-03,0.005211358250085129
 2.1816E-03,0.004476321926284495
 2.2018E-03,0.0034833025461592586
 2.2220E-03,0.0020213589633340245
 2.2422E-03,0.00026955858820609563
 2.2624E-03,-0.0012663039108112997
 2.2826E-03,-0.002004239134878568
 2.3028E-03,-0.001576107835303296
 2.3230E-03,-6.875827892018115e-06
 2.3432E-03,0.002288306498776845
 2.3634E-03,0.004697117274501544
 2.3836E-03,0.0067054386958361935
 2.4038E-03,0.008128278746225124
 2.4240E-03,0.009160200908495267
 2.4442E-03,0.010236696418511089
 2.4644E-03,0.011770667816490629
 2.4846E-03,0.013894316270571352
 2.5048E-03,0.016353566759824845
 2.5250E-03,0.018608046010530496
 2.5452E-03,0.02007499970621661
 2.5654E-03,0.02040137689828472
 2.5856E-03,0.019630118034152738
 2.6058E-03,0.01816592061094243
 2.6260E-03,0.016562165378365277
 2.6462E-03,0.015247932718308503
 2.6664E-03,0.014327596002298312
 2.6866E-03,0.01355115791537854
 2.7068E-03,0.012476935361109626
 2.7270E-03,0.010737950304694627
 2.7472E-03,0.00826690157509165
 2.7674E-03,0.005369672429542951
 2.7876E-03,0.0026108696518650494
 2.8078E-03,0.000562417906913928
 2.8280E-03,-0.00045387295466925025
 2.8482E-03,-0.0004951905811511467
 2.8684E-03,5.936211185793186e-05
 2.8886E-03,0.0007196703876203498
 2.9088E-03,0.001145726046069073
 2.9290E-03,0.0013217258072448252
 2.9492E-03,0.0015514403840218302
 2.9694E-03,0.0022837010198410016
 2.9896E-03,0.0038589285049464798
 3.0098E-03,0.0063034008292948245
 3.0300E-03,0.009280269869152315
 3.0502E-03,0.012225248126930576
 3.0704E-03,0.014594442223161912
 3.0906E-03,0.016099322485983357
 3.1108E-03,0.01681368713263218
 3.1310E-03,0.017097592772953266
 3.1512E-03,0.017378444753736805
 3.1714E-03,0.01790707732099079
 3.1916E-03,0.018614251109454066
 3.2118E-03,0.019138492488188
 3.2320E-03,0.01901269015311659
 3.2522E-03,0.01791379841954965
 3.2724E-03,0.015844103811944576
 3.2926E-03,0.013151740906672014
 3.3128E-03,0.010381992772995254
 3.3330E-03,0.008033487839028793
 3.3532E-03,0.006342840650534129
 3.3734E-03,0.005207980847701978
 3.3936E-03,0.004285341118835361
 3.4138E-03,0.0032067627153370935
 3.4340E-03,0.0018044669791991545
 3.4542E-03,0.00022752951907361696
 3.4744E-03,-0.0011119651544481528
 3.4946E-03,-0.0017343864852031067
 3.5148E-03,-0.0013285542733152888
 3.5350E-03,9.058386999753992e-05
 3.5552E-03,0.002182504736331396
 3.5754E-03,0.004440281101651956
 3.5956E-03,0.006426123565916925
 3.6158E-03,0.00796297173350353
 3.6360E-03,0.009186912393383989
 3.6562E-03,0.010435800969404947
 3.6764E-03,0.01203282217671965
 3.6966E-03,0.014079007908299537
 3.7168E-03,0.016363069096722214
 3.7370E-03,0.01843474349112488
 3.7572E-03,0.01980507419699959
 3.7774E-03,0.02017251035435584
 3.7976E-03,0.019559091945607253
 3.8178E-03,0.018287836659517186
 3.8380E-03,0.016815195014697915
 3.8582E-03,0.015505249840227494
 3.8784E-03,0.014460813058134325
 3.8986E-03,0.013497316045293861
 3.9188E-03,0.012270832209686673
 3.9390E-03,0.010491605869056422
 3.9592E-03,0.008111904558951324
 3.9794E-03,0.0053908656689052505
 3.9996E-03,0.002801742028994013
 4.0198E-03,0.000828431082757874
 4.0400E-03,-0.00024505387703749586
 4.0602E-03,-0.0004465636493512171
 4.0804E-03,-7.459553910588537e-05
 4.1006E-03,0.0004733327747954162
 4.1208E-03,0.0009134930279691931
 4.1410E-03,0.0012201957793255137
 4.1612E-03,0.0016284505099567498
 4.1814E-03,0.002495178595034313
 4.2016E-03,0.00409122074834068
 4.2218E-03,0.006431973138596643
 4.2420E-03,0.009234586205106306
 4.2622E-03,0.012024235097198549
 4.2824E-03,0.01433601696538065
 4.3026E-03,0.015910841945570218
 4.3228E-03,0.016786734702156574
 4.3430E-03,0.01724079947506988
 4.3632E-03,0.017614291743883778
 4.3834E-03,0.018112634680626998
 4.4036E-03,0.018683811948432515
 4.4238E-03,0.019037730564372506
 4.4440E-03,0.01879630354885502
 4.4642E-03,0.017696363308611122
 4.4844E-03,0.01574064041872402
 4.5046E-03,0.01321920589857456
 4.5248E-03,0.010590185179984807
 4.5450E-03,0.008280498413187318
 4.5652E-03,0.006507846812856793
 4.5854E-03,0.005213013851296563
 4.6056E-03,0.004134151715850361
 4.6258E-03,0.0029822855413385325
 4.6460E-03,0.0016259683663524423
 4.6662E-03,0.00018887424160826953
 4.6864E-03,-0.0009902804545031784
 4.7066E-03,-0.0015149145108810298
 4.7268E-03,-0.00112457137613071
 4.7470E-03,0.0001730851134777564
 4.7672E-03,0.0020992844081324583
 4.7874E-03,0.004231214640893169
 4.8076E-03,0.006194190158710453
 4.8278E-03,0.007821563843864687
 4.8480E-03,0.0092021526792224
 4.8682E-03,0.01059302352320915
 4.8884E-03,0.012244866345253144
 4.9086E-03,0.014231743710819315
 4.9288E-03,0.016374051816425685
 4.9490E-03,0.018295323605810612
 4.9692E-03,0.019584748870787098
 4.9894E-03,0.019982920786726376
 5.0096E-03,0.01949646315344794
 5.0298E-03,0.01838395824449825
 5.0500E-03,0.017021628979167112
 5.0702E-03,0.015718447119981986
 5.0904E-03,0.014575425346340631
 5.1106E-03,0.01346007938464731
 5.1308E-03,0.012107138789623925
 5.1510E-03,0.010291699518762385
 5.1712E-03,0.007984135913037963
 5.1914E-03,0.005405829381366075
 5.2116E-03,0.00295611652122751
 5.2318E-03,0.0010470907519743134
 5.2520E-03,-7.032684758349309e-05
 5.2722E-03,-0.0004018450739474773
 5.2924E-03,-0.0001800749397417041
 5.3126E-03,0.0002732176951981138
 5.3328E-03,0.0007210503580250162
 5.3530E-03,0.0011319076509668819
 5.3732E-03,0.0016858657182021502
 5.3934E-03,0.0026641210266091712
 5.4136E-03,0.004279876391351507
 5.4338E-03,0.006538468503619417
 5.4540E-03,0.009199361417499283
 5.4742E-03,0.011860432204201762
 5.4944E-03,0.0141226171383184
 5.5146E-03,0.015752110434048002
 5.5348E-03,0.01675884390394064
 5.5550E-03,0.017353223546515768
 5.5752E-03,0.017805617400693755
 5.5954E-03,0.01828256140495727
 5.6156E-03,0.018744824397940587
 5.6358E-03,0.018959907251426295
 5.6560E-03,0.018622221730122852
 5.6762E-03,0.01751869310953979
 5.6964E-03,0.015654253733958463
 5.7166E-03,0.013272425799048145
 5.7368E-03,0.010760141859624926
 5.7570E-03,0.008485137006403012
 5.7772E-03,0.006648101614422216
 5.7974E-03,0.005223288491453192
 5.8176E-03,0.004015366810414305
 5.8378E-03,0.0028007529117867053
 5.8580E-03,0.0014788136117828037
 5.8782E-03,0.00015398803140901154
 5.8984E-03,-0.0008940030098315724
 5.9186E-03,-0.0013368955280676307
 5.9388E-03,-0.0009568912276853279
 5.9590E-03,0.00024305321022006447
 5.9792E-03,0.0020335690305211354
 5.9994E-03,0.004060439997311807
 6.0196E-03,0.006001671333106589
 6.0398E-03,0.007700596727097166
 6.0600E-03,0.009208444170840015
 6.0802E-03,0.010716677662654269
 6.1004E-03,0.012416142999777325
 6.1206E-03,0.014357365379779108
 6.1408E-03,0.016385306357073436
 6.1610E-03,0.0181833081172383
 6.1812E-03,0.019404731270889746
 6.2014E-03,0.01982573423939722
 6.2216E-03,0.01944182660268608
 6.2418E-03,0.01845975479363445
 6.2620E-03,0.017189947139277444
 6.2822E-03,0.015895373447398116
 6.3024E-03,0.01467420782428026
 6.3226E-03,0.013435372085948439
 6.3428E-03,0.011977709696635615
 6.3630E-03,0.010130160747127545
 6.3832E-03,0.0078791639718503
 6.4034E-03,0.005416426143606533
 6.4236E-03,0.0030814136771193444
 6.4438E-03,0.0012270028287937635
 6.4640E-03,7.580822189351779e-05
 6.4842E-03,-0.00036100216457030706
 6.5044E-03,-0.00026286448079228654
 6.5246E-03,0.0001105609618233427
 6.5448E-03,0.0005615933811491652
 6.5650E-03,0.0010553433093113689
 6.5852E-03,0.00172788419465885
 6.6054E-03,0.0027985814321628347
 6.6256E-03,0.004432746049597989
 6.6458E-03,0.006626178273291323
 6.6660E-03,0.009171817711232688
 6.6862E-03,0.011726684616451622
 6.7064E-03,0.01394612736838983
 6.7266E-03,0.015618176433812659
 6.7468E-03,0.016731020577981807
 6.7670E-03,0.017441131187509916
 6.7872E-03,0.01796053858789181
 6.8074E-03,0.018422896388276353
 6.8276E-03,0.01879817457863652
 6.8478E-03,0.01890011697591524
 6.8680E-03,0.018482438801874397
 6.8882E-03,0.017373919277140173
 6.9084E-03,0.015582523715540919
 6.9286E-03,0.013314659835833785
 6.9488E-03,0.010899265452792429
 6.9690E-03,0.008655010190507843
 6.9892E-03,0.006767449961430316
 7.0094E-03,0.005237111189535544
 7.0296E-03,0.0039226241073138796
 7.0498E-03,0.0026542894059061253
 7.0700E-03,0.0013577633715730426
 7.0902E-03,0.0001229772831532179
 7.1104E-03,-0.0008179042581051533
 7.1306E-03,-0.0011926440723505722
 7.1508E-03,-0.0008192140541960471
 7.1710E-03,0.00030209580508125324
 7.1912E-03,0.001981456343717769
 7.2114E-03,0.003920685608312763
 7.2316E-03,0.005841624693481503
 7.2518E-03,0.00759693394680497
 7.2720E-03,0.009208121492392989
 7.2922E-03,0.010813350482791424
 7.3124E-03,0.012554007348859949
 7.3326E-03,0.014460273219170486
 7.3528E-03,0.01639609858368642
 7.3730E-03,0.018093165329317956
 7.3932E-03,0.019257557128404167
 7.4134E-03,0.019695459619729978
 7.4336E-03,0.019394422063522175
 7.4538E-03,0.018519519388368228
 7.4740E-03,0.017327325758564164
 7.4942E-03,0.01604238968271498
 7.5144E-03,0.014759404580607823
 7.5346E-03,0.013420239850733233
 7.5548E-03,0.011875962074258464
 7.5750E-03,0.010000121819652121
 7.5952E-03,0.007793363746083296
 7.6154E-03,0.005424145907436874
 7.6356E-03,0.0031834081490940036
 7.6558E-03,0.0013752331879209878
 7.6760E-03,0.00019813128778198622
 7.6962E-03,-0.0003239793888099617
 7.7164E-03,-0.0003276592748532064
 7.7366E-03,-2.162182344214432e-05
 7.7568E-03,0.0004294424429644672
 7.7770E-03,0.0009889897749657494
 7.7972E-03,0.0017579182671564643
 7.8174E-03,0.0029051427819890264
 7.8376E-03,0.0045561725645639544
 7.8578E-03,0.006697961839375342
 7.8780E-03,0.009149919094632412
 7.8982E-03,0.011617122245058245
 7.9184E-03,0.013799858221268587
 7.9386E-03,0.015504984336681155
 7.9588E-03,0.01670390248113357
 7.9790E-03,0.01750947481423742
 7.9992E-03,0.018085771212787857
 8.0194E-03,0.018538680646554766
 8.0396E-03,0.018844640741109767
 8.0598E-03,0.018854507091818615
 8.0800E-03,0.018370490720033546
 8.1002E-03,0.01725628223175718
 8.1204E-03,0.015523334015904701
 8.1406E-03,0.013348510741546318
 8.1608E-03,0.011013510136763296
 8.1810E-03,0.008796343377424267
 8.2012E-03,0.006869216395785563
 8.2214E-03,0.005253229253423641
 8.2416E-03,0.0038507506655259304
 8.2618E-03,0.0025364790555083977
 8.2820E-03,0.001258456898301289
 8.3022E-03,9.574059545212573e-05
 8.3224E-03,-0.0007578035984451778
 8.3426E-03,-0.0010758505466950247
 8.3628E-03,-0.0007063440610965235
 8.3830E-03,0.0003516431618969637
 8.4032E-03,0.0019399150499023288
 8.4234E-03,0.003806037336114083
 8.4436E-03,0.005708289358530412
 8.4638E-03,0.007507919251059413
 8.4840E-03,0.0092029746898533
 8.5042E-03,0.010888325743030353
 8.5244E-03,0.012664511954232441
 8.5446E-03,0.014544193340006836
 8.5648E-03,0.016405932660473282
 8.5850E-03,0.018020457171010407
 8.6052E-03,0.019137151765953462
 8.6254E-03,0.019587507657994514
 8.6456E-03,0.01935348227038707
 8.6658E-03,0.018566678405623947
 8.6860E-03,0.017439604207519797
 8.7062E-03,0.016164738358022616
 8.7264E-03,0.01483298413408045
 8.7466E-03,0.013412395246705077
 8.7668E-03,0.01179654804019544
 8.7870E-03,0.00989593124824976
 8.8072E-03,0.007723678317917773
 8.8274E-03,0.005430071203809327
 8.8476E-03,0.003266738389366505
 8.8678E-03,0.0014975853861357645
 8.8880E-03,0.0003006389935360659
 8.9082E-03,-0.0002906195434966689
 8.9284E-03,-0.00037819450140099754
 8.9486E-03,-0.00012902139900286357
 8.9688E-03,0.00031987043842295125
 8.9890E-03,0.0009314934523115478
 9.0092E-03,0.00177865967068782
 9.0294E-03,0.002989137943445753
 9.0496E-03,0.0046553859099670945
 9.0698E-03,0.006756276514084005
 9.0900E-03,0.009132112332482146
 9.1102E-03,0.011527000969893009
 9.1304E-03,0.013678325884204633
 9.1506E-03,0.015409124176832205
 9.1708E-03,0.01667788374287346
 9.1910E-03,0.017562225833112424
 9.2112E-03,0.018186808359808532
 9.2314E-03,0.018634105546225927
 9.2516E-03,0.018884975166675436
 9.2718E-03,0.01882003024136722
 9.2920E-03,0.018281116220414166
 9.3122E-03,0.017161015622725113
 9.3324E-03,0.01547485226298994
 9.3526E-03,0.013375998928287754
 9.3728E-03,0.011107688362374173
 9.3930E-03,0.008914261525265353
 9.4132E-03,0.006956216608318131
 9.4334E-03,0.005270724081583245
 9.4536E-03,0.0037955881014965736
 9.4738E-03,0.00244207245249855
 9.4940E-03,0.0011772444948620609
 9.5142E-03,7.208239794595072e-05
 9.5344E-03,-0.0007103647682584332
 9.5546E-03,-0.0009813746555586739
 9.5748E-03,-0.0006139750228024363
 9.5950E-03,0.00039297408228945166
 9.6152E-03,0.0019065639538572534
 9.6354E-03,0.003711695040679016
 9.6556E-03,0.0055969171384428066
 9.6758E-03,0.007431285310771738
 9.6960E-03,0.009194360004082962
 9.7162E-03,0.010945864917471435
 9.7364E-03,0.01275262479943863
 9.7566E-03,0.01461225387231416
 9.7768E-03,0.01641450808305318
 9.7970E-03,0.017961631889253638
 9.8172E-03,0.019038553296311354
 9.8374E-03,0.019498057282279282
 9.8576E-03,0.019318277032365484
 9.8778E-03,0.018603946186600502
 9.8980E-03,0.01753152816746867
 9.9182E-03,0.016266753669343867
 9.9384E-03,0.014896654150872102
 9.9586E-03,0.013410062870711992
 9.9788E-03,0.011735140807843512
 9.9990E-03,0.009812942618070237
 1.0019E-02,0.007667521417421218
 1.0039E-02,0.005434984844390667
 1.0060E-02,0.003335133776089007
 1.0080E-02,0.001598810022024642
 1.0100E-02,0.00038666909962674335
 1.0120E-02,-0.0002606932942906528
 1.0140E-02,-0.0004174453594559534
 1.0161E-02,-0.00021627579975214497
 1.0181E-02,0.0002289580498653977
 1.0201E-02,0.0008816524360100687
 1.0221E-02,0.001792219995696054
 1.0241E-02,0.0030548905528796425
 1.0262E-02,0.004734697623228059
 1.0282E-02,0.006803218301989794
 1.0302E-02,0.009117221034723191
 1.0322E-02,0.011452495922147988
 1.0342E-02,0.013577032546109145
 1.0363E-02,0.01532773234153358
 1.0383E-02,0.01665319020422644
 1.0403E-02,0.01760256334817863
 1.0423E-02,0.01826813501816266
 1.0443E-02,0.01871265714359723
 1.0464E-02,0.018919887086942873
 1.0484E-02,0.018794274355470916
 1.0504E-02,0.018210038125241988
 1.0524E-02,0.017084180477609373
 1.0544E-02,0.01543549281139526
 1.0565E-02,0.013398688097486382
 1.0585E-02,0.011185691975580548
 1.0605E-02,0.009012978480098369
 1.0625E-02,0.007030829519792874
 1.0645E-02,0.005288935606229589
 1.0666E-02,0.0037537952185057767
 1.0686E-02,0.0023667734559553394
 1.0706E-02,0.0011110777715365849
 1.0726E-02,5.1751962755368103e-05
 1.0746E-02,-0.0006729313266175045
 1.0767E-02,-0.0009050292843437116
 1.0787E-02,-0.0005385379866321737
 1.0807E-02,0.0004272206044408941
 1.0827E-02,0.0018795361684630686
 1.0847E-02,0.003633767306962259
 1.0868E-02,0.005503595543934946
 1.0888E-02,0.00736509978870337
 1.0908E-02,0.009183300369416687
 1.0928E-02,0.010989403182697347
 1.0948E-02,0.012822419911225824
 1.0969E-02,0.014667079079127418
 1.0989E-02,0.01642166619317145
 1.1009E-02,0.017913847938923148
 1.1029E-02,0.018957710589680696
 1.1049E-02,0.019423931125777796
 1.1070E-02,0.01928812460715425
 1.1090E-02,0.018633469090580154
 1.1110E-02,0.017606954160741123
 1.1130E-02,0.016352016752321896
 1.1150E-02,0.014951889368742496
 1.1171E-02,0.013411870392557887
 1.1191E-02,0.011688242384223183
 1.1211E-02,0.009747336653623633
 1.1231E-02,0.007622708856610011
 1.1251E-02,0.005439444076308846
 1.1272E-02,0.003391589848128186
 1.1292E-02,0.001682793737788421
 1.1312E-02,0.00045900764390195
 1.1332E-02,-0.0002339311112263834
 1.1352E-02,-0.0004477796742181744
 1.1373E-02,-0.0002871626035560507
 1.1393E-02,0.000153458021283762
 1.1413E-02,0.000838405933445313
 1.1433E-02,0.001800252420551924
 1.1453E-02,0.0031059047454997917
 1.1474E-02,0.004797659624336252
 1.1494E-02,0.006840571099169418
 1.1514E-02,0.009104360891807228
 1.1534E-02,0.01139052496663551
 1.1554E-02,0.013492290385794796
 1.1575E-02,0.015258407301806073
 1.1595E-02,0.016629927608468473
 1.1615E-02,0.0176330294317565
 1.1635E-02,0.018333411788710112
 1.1655E-02,0.0187772330246435
 1.1676E-02,0.018950032698204073
 1.1696E-02,0.01877533329243845
 1.1716E-02,0.018153781378354182
 1.1736E-02,0.017022523175817494
 1.1756E-02,0.015403888213988233
 1.1777E-02,0.013417784468507117
 1.1797E-02,0.011250666435974622
 1.1817E-02,0.009095956994245471
 1.1837E-02,0.00709506227957173
 1.1857E-02,0.005307398861658228
 1.1878E-02,0.0037226891756097025
 1.1898E-02,0.002307067770019787
 1.1918E-02,0.0010574130858327139
 1.1938E-02,3.44699401210926e-05
 1.1958E-02,-0.0006433907020988863
 1.1979E-02,-0.0008434051606247543
 1.1999E-02,-0.00047707709156326843
 1.2019E-02,0.0004553783098544763
 1.2039E-02,0.0018573714854737936
 1.2059E-02,0.0035691009854074097
 1.2080E-02,0.0054251020438822566
 1.2100E-02,0.007307719318761385
 1.2120E-02,0.009170561568040128
 1.2140E-02,0.01102170758902414
 1.2160E-02,0.012877236659820247
 1.2181E-02,0.014710868280430566
 1.2201E-02,0.016427348423371103
 1.2221E-02,0.017874834087879266
 1.2241E-02,0.01889131779791363
 1.2261E-02,0.01936248903637734
 1.2282E-02,0.019262398491342893
 1.2302E-02,0.018656941668860533
 1.2322E-02,0.017669014576000095
 1.2342E-02,0.01642348466231735
 1.2362E-02,0.014999959139824999
 1.2383E-02,0.013416761097310947
 1.2403E-02,0.011653026347978499
 1.2423E-02,0.009695975450838763
 1.2443E-02,0.0075873988401557535
 1.2463E-02,0.005443836643791632
 1.2484E-02,0.0034385107891198056
 1.2504E-02,0.0017527149584610558
 1.2524E-02,0.0005199781163980398
 1.2544E-02,-0.00021004577134616268
 1.2564E-02,-0.000471079609332332
 1.2585E-02,-0.000344757090494233
 1.2605E-02,9.068154535848109e-05
 1.2625E-02,0.0008008231985867213
 1.2645E-02,0.0018040481600334593
 1.2665E-02,0.0031450189278905286
 1.2686E-02,0.004847196502551933
 1.2706E-02,0.006869850179742527
 1.2726E-02,0.009092872579740445
 1.2746E-02,0.011338606114782877
 1.2766E-02,0.013421077167383139
 1.2787E-02,0.015199137293489422
 1.2807E-02,0.016608117868338344
 1.2827E-02,0.017655654807881338
 1.2847E-02,0.018385625030056075
 1.2867E-02,0.01883023981757094
 1.2888E-02,0.018976010581086375
 1.2908E-02,0.01876170321905548
 1.2928E-02,0.018109524005462948
 1.2948E-02,0.016973357701555048
 1.2968E-02,0.01537886298163287
 1.2989E-02,0.013434214791634211
 1.3009E-02,0.011305152451941362
 1.3029E-02,0.009166041251368159
 1.3049E-02,0.007150605997505827
 1.3069E-02,0.005325794907314552
 1.3090E-02,0.0037001174771033344
 1.3110E-02,0.002260082034507383
 1.3130E-02,0.0010141298705610919
 1.3150E-02,1.994737702931031e-05
 1.3170E-02,-0.0006200647869727847
 1.3191E-02,-0.0007937275426091986
 1.3211E-02,-0.00042714566909201555
 1.3231E-02,0.0004783181547996668
 1.3251E-02,0.0018389307393091715
 1.3271E-02,0.003515142545610475
 1.3292E-02,0.005358783793463799
 1.3312E-02,0.007257749071014319
 1.3332E-02,0.009156711764088584
 1.3352E-02,0.011045005474169025
 1.3372E-02,0.012919810944859089
 1.3393E-02,0.014745462667987003
 1.3413E-02,0.016431564990934917
 1.3433E-02,0.017842776694547244
 1.3453E-02,0.01883667847800842
 1.3473E-02,0.019311538839851893
 1.3494E-02,0.019240530296803046
 1.3514E-02,0.018675699572172386
 1.3534E-02,0.017720252440977455
 1.3554E-02,0.0164835978339241
 1.3574E-02,0.015041952829043699
 1.3595E-02,0.013423924773165844
 1.3615E-02,0.011627210262404084
 1.3635E-02,0.009656282168392111
 1.3655E-02,0.007560040480766141
 1.3675E-02,0.005448424029976762
 1.3696E-02,0.0034778246960711807
 1.3716E-02,0.0018111718347932338
 1.3736E-02,0.0005715166838760912
 1.3756E-02,-0.0001887478557408423
 1.3776E-02,-0.0004888393274442959
 1.3797E-02,-0.0003915615818646196
 1.3817E-02,3.840364283202671e-05
 1.3837E-02,0.0007680918274078198
 1.3857E-02,0.0018046131170364437
 1.3877E-02,0.0031745310515074307
 1.3898E-02,0.0048857151304916475
 1.3918E-02,0.006892340269048199
 1.3938E-02,0.009082269319816602
 1.3958E-02,0.011294742027007577
 1.3978E-02,0.013360917248300568
 1.3999E-02,0.015148238807183025
 1.4019E-02,0.016587726179457037
 1.4039E-02,0.017672060123893836
 1.4059E-02,0.018427209958212953
 1.4079E-02,0.018873675001994526
 1.4100E-02,0.018998360650714686
 1.4120E-02,0.01875219979585272
 1.4140E-02,0.018074975508909828
 1.4160E-02,0.016934467837385923
 1.4180E-02,0.01535940953400469
 1.4201E-02,0.013448687875173662
 1.4221E-02,0.011351201033427828
 1.4241E-02,0.00922556625711431
 1.4261E-02,0.007198883588549046
 1.4281E-02,0.005343913073424301
 1.4302E-02,0.0036843544718116903
 1.4322E-02,0.002223467911543277
 1.4342E-02,0.0009794616398040308
 1.4362E-02,7.89856887181467e-06
 1.4382E-02,-0.0006016224088938169
 1.4403E-02,-0.0007537392694937307
 1.4423E-02,-0.00038671981285417654
 1.4443E-02,0.0004967984250602165
 1.4463E-02,0.0018233276508267423
 1.4483E-02,0.00346982517615347
 1.4504E-02,0.005302458040988706
 1.4524E-02,0.007214007340597882
 1.4544E-02,0.00914216797429045
 1.4564E-02,0.011061088511440132
 1.4584E-02,0.01295238323984294
 1.4605E-02,0.014772402083368597
 1.4625E-02,0.016434371723073733
 1.4645E-02,0.017816228983433897
 1.4665E-02,0.018791594240411023
 1.4685E-02,0.019269261559378484
 1.4706E-02,0.019222009609075736
 1.4726E-02,0.018690793604858532
 1.4746E-02,0.017762731252302478
 1.4766E-02,0.016534369241100147
 1.4786E-02,0.015078802820285063
 1.4807E-02,0.013432743223576469
 1.4827E-02,0.011608952085680874
 1.4847E-02,0.009626141676283496
 1.4867E-02,0.0075393294933105625
 1.4887E-02,0.005453374473234152
 1.4908E-02,0.003511076486627699
 1.4928E-02,0.0018602871341641433
 1.4948E-02,0.0006152353807952998
 1.4968E-02,-0.00016975628619657118
 1.4988E-02,-0.0005022434157814572
 1.5009E-02,-0.0004296112476646226
 1.5029E-02,-5.215767054372205e-06
 1.5049E-02,0.0007395058673245477
 1.5069E-02,0.0018027286476130343
 1.5089E-02,0.003196300489006686
 1.5110E-02,0.004915195329067438
 1.5130E-02,0.00690912875483244
 1.5150E-02,0.009072196056260584
 1.5170E-02,0.011257326549795464
 1.5190E-02,0.013309783689056534
 1.5211E-02,0.015104304451664535
 1.5231E-02,0.016568681049497387
 1.5251E-02,0.01768353741713558
 1.5271E-02,0.018460151450317732
 1.5291E-02,0.01890919534522925
 1.5312E-02,0.019017565425243056
 1.5332E-02,0.018745892081595193
 1.5352E-02,0.01804827771474553
 1.5372E-02,0.016904025975614176
 1.5392E-02,0.015344666447942327
 1.5413E-02,0.013461743013302808
 1.5433E-02,0.011390466854129314
 1.5453E-02,0.009276448103186754
 1.5473E-02,0.007241090838488392
 1.5493E-02,0.0053616221922439256
 1.5514E-02,0.0036740179544586687
 1.5534E-02,0.002195307107026043
 1.5554E-02,0.0009519381245057482
 1.5574E-02,-1.950308992012227e-06
 1.5594E-02,-0.0005870090185343761
 1.5615E-02,-0.0007216050581580005
 1.5635E-02,-0.0003541262892182288
 1.5655E-02,0.0005114765847261946
 1.5675E-02,0.0018098748073003181
 1.5695E-02,0.0034314769679738987
 1.5716E-02,0.005254329745640949
 1.5736E-02,0.007175494703688194
 1.5756E-02,0.009127232215558938
 1.5776E-02,0.011071396926327554
 1.5796E-02,0.012976787502110256
 1.5817E-02,0.014792973136333326
 1.5837E-02,0.01643585305632186
 1.5857E-02,0.017794038078282583
 1.5877E-02,0.01875427357521031
 1.5897E-02,0.019234148880197737
 1.5918E-02,0.019206381942350737
 1.5938E-02,0.01870304880715027
 1.5958E-02,0.017798124519591167
 1.5978E-02,0.016577458370178162
 1.5998E-02,0.015111305175546381
 1.6019E-02,0.013442747406061762
 1.6039E-02,0.011596766165780597
 1.6059E-02,0.009603818706859283
 1.6079E-02,0.0075241704129618715
 1.6099E-02,0.005458788324716721
 1.6120E-02,0.003539503046391985
 1.6140E-02,0.001901794483419333
 1.6160E-02,0.0006524753587861586
 1.6180E-02,-0.00015280501454877527
 1.6200E-02,-0.0005122296726958111
 1.6221E-02,-0.0004605605092545789
 1.6241E-02,-4.169754194421389e-05
 1.6261E-02,0.0007144543191013584
 1.6281E-02,0.0017989997635655427
 1.6301E-02,0.0032118309116838857
 1.6322E-02,0.004937264848824838
 1.6342E-02,0.006921134516376801
 1.6362E-02,0.009062397708097273
 1.6382E-02,0.011225069037165684
 1.6402E-02,0.013266017674421078
 1.6423E-02,0.015066158767743794
 1.6443E-02,0.01655088888575998
 1.6463E-02,0.01769111560846879
 1.6483E-02,0.018486066574254636
 1.6503E-02,0.01893817411483707
 1.6524E-02,0.01903405281050462
 1.6544E-02,0.018742049834822683
 1.6564E-02,0.018027923961539596
 1.6584E-02,0.016880525791114716
 1.6604E-02,0.015333899022873639
 1.6625E-02,0.013473788083878903
 1.6645E-02,0.011424284006814535
 1.6665E-02,0.009320258387447225
 1.6685E-02,0.007278231450028541
 1.6705E-02,0.005378848610954685
 1.6726E-02,0.003668001754712002
 1.6746E-02,0.002174033293589476
 1.6766E-02,0.0009303365094301777
 1.6786E-02,-9.855933069695313e-06
 1.6806E-02,-0.0005753904611400521
 1.6827E-02,-0.0006958333946519546
 1.6847E-02,-0.00032798259905660336
 1.6867E-02,0.000522920539962283
 1.6887E-02,0.0017980408058958907
 1.6907E-02,0.003398746187059192
 1.6928E-02,0.005212923389811009
 1.6948E-02,0.007141367189717137
 1.6968E-02,0.00911211946775192
 1.6988E-02,0.011077087565153892
 1.7008E-02,0.012994524256622488
 1.7029E-02,0.014808249890016055
 1.7049E-02,0.01643610973458534
 1.7069E-02,0.01777528638392406
 1.7089E-02,0.01872325727471123
 1.7109E-02,0.01920495095583963
 1.7130E-02,0.019193245546850042
 1.7150E-02,0.018713111592096293
 1.7170E-02,0.01782778877554381
 1.7190E-02,0.01661423257076841
 1.7210E-02,0.015140138011397018
 1.7231E-02,0.0134535837104084
 1.7251E-02,0.011589455012709034
 1.7271E-02,0.009587890255366258
 1.7291E-02,0.007513644197991434
 1.7311E-02,0.005464717175517025
 1.7332E-02,0.003564093741836078
 1.7352E-02,0.0019371090575645744
 1.7372E-02,0.0006843515671693242
 1.7392E-02,-0.00013764700294445454
 1.7412E-02,-0.0005195393945484789
 1.7433E-02,-0.0004857536302153078
 1.7453E-02,-7.229799790465976e-05
 1.7473E-02,0.0006924102042829955
 1.7493E-02,0.0017938932354732188
 1.7513E-02,0.0032223376190081525
 1.7534E-02,0.0049532613197104045
 1.7554E-02,0.006929132869205332
 1.7574E-02,0.009052694605577982
 1.7594E-02,0.011196933180973806
 1.7614E-02,0.01322826230010201
 1.7635E-02,0.015032820919438486
 1.7655E-02,0.016534244513841834
 1.7675E-02,0.01769561315161919
 1.7695E-02,0.01850627214088444
 1.7715E-02,0.01896174886065112
 1.7736E-02,0.019048199785692364
 1.7756E-02,0.01874010150797527
 1.7776E-02,0.018012693215632723
 1.7796E-02,0.016862726377520766
 1.7816E-02,0.01532648197455249
 1.7837E-02,0.013485129393402196
 1.7857E-02,0.01145372740374902
 1.7877E-02,0.009358285550742163
 1.7897E-02,0.007311146957303402
 1.7917E-02,0.005395559606755621
 1.7938E-02,0.0036654214522792604
 1.7958E-02,0.0021583681475998012
 1.7978E-02,0.0009136405793126893
 1.7998E-02,-1.6054825008700617e-05
 1.8018E-02,-0.0005661079159861389
 1.8039E-02,-0.0006752126945644141
 1.8059E-02,-0.00030714706129287227
 1.8079E-02,0.0005316192605662555
 1.8099E-02,0.001787416446487863
 1.8119E-02,0.003370540644470594
 1.8140E-02,0.005177026736338852
 1.8160E-02,0.007110913188132673
 1.8180E-02,0.009096979338205857
 1.8200E-02,0.011079088945230138
 1.8220E-02,0.01300682065401925
 1.8241E-02,0.014819128171133135
 1.8261E-02,0.016435249985022802
 1.8281E-02,0.017759244429354764
 1.8301E-02,0.018697357346682365
 1.8321E-02,0.019180632776119696
 1.8342E-02,0.01918224746806397
 1.8362E-02,0.018721487252190618
 1.8382E-02,0.01785282305559284
 1.8402E-02,0.016645817928090285
 1.8422E-02,0.01516587780156724
 1.8443E-02,0.013464987594197677
 1.8463E-02,0.011586054058342789
 1.8483E-02,0.009577189941482408
 1.8503E-02,0.00750698067949546
 1.8523E-02,0.005471178311038844
 1.8544E-02,0.0035856392180462315
 1.8564E-02,0.0019673855634101305
 1.8584E-02,0.0007117902507389423
 1.8604E-02,-0.00012405621561237018
 1.8624E-02,-0.0005247575591289885
 1.8645E-02,-0.0005062822828985376
 1.8665E-02,-9.805429810039786e-05
 1.8685E-02,0.0006729204953440613
 1.8705E-02,0.0017877677715650514
 1.8725E-02,0.003228802289540665
 1.8746E-02,0.004964283442832819
 1.8766E-02,0.0069337770661727334
 1.8786E-02,0.00904296351060288
 1.8806E-02,0.011172087530643493
 1.8826E-02,0.013195408116957755
 1.8847E-02,0.01500347317205073
 1.8867E-02,0.01651863857308952
 1.8887E-02,0.017697680296611215
 1.8907E-02,0.018521839966582618
 1.8927E-02,0.018980861306605243
 1.8948E-02,0.019060336616003985
 1.8968E-02,0.018739600875372357
 1.8988E-02,0.018001596470330714
 1.9008E-02,0.016849606020232586
 1.9028E-02,0.01532188421900334
 1.9049E-02,0.013495995063430744
 1.9069E-02,0.011479662544691276
 1.9089E-02,0.009391585395323258
 1.9109E-02,0.007340542156384166
 1.9129E-02,0.0054117508898135274
 1.9150E-02,0.0036655705848502055
 1.9170E-02,0.002147268848374396
 1.9190E-02,0.0009010063950569342
 1.9210E-02,-2.0762090214681552e-05
 1.9230E-02,-0.0005586419498947881
 1.9251E-02,-0.0006587592863371898
 1.9271E-02,-0.0002906774219133662
 1.9291E-02,0.0005379924539831501
 1.9311E-02,0.001777687937731495
 1.9331E-02,0.003345978353783088
 1.9352E-02,0.005145644301320185
 1.9372E-02,0.00708353350114327
 1.9392E-02,0.009081912708797496
 1.9412E-02,0.011078145727010396
 1.9432E-02,0.013014679826730234
 1.9453E-02,0.014826354524938865
 1.9473E-02,0.0164333833914091
 1.9493E-02,0.017745333031747048
 1.9513E-02,0.018675607059045203
 1.9533E-02,0.019160337763940022
 1.9554E-02,0.019173079252653078
 1.9574E-02,0.01872856975702348
 1.9594E-02,0.017874117299891912
 1.9614E-02,0.016673141368369164
 1.9634E-02,0.015189013680453452
 1.9655E-02,0.013476762953110389
 1.9675E-02,0.011585786887416573
 1.9695E-02,0.009570762175708982
 1.9715E-02,0.007503535123528363
 1.9735E-02,0.005478165506445696
 1.9756E-02,0.003604770673370435
 1.9776E-02,0.001993565721923367
 1.9796E-02,0.0007355603136574996
 1.9816E-02,-0.00011182830287029852
 1.9836E-02,-0.0005283450108146662
 1.9857E-02,-0.0005230325951389999
 1.9877E-02,-0.00011982223262987468
 1.9897E-02,0.0006555968378249886
 1.9917E-02,0.0017808977831015919
 1.9937E-02,0.0032320174166769085
 1.9958E-02,0.0049712332473019856
 1.9978E-02,0.006935616793620479
 1.9998E-02,0.009033123058914228
 2.0018E-02,0.011149865555071137
 2.0038E-02,0.013166548427321484
 2.0059E-02,0.014977434345976995
 2.0079E-02,0.016503962602668117
 2.0099E-02,0.017697832995276185
 2.0119E-02,0.01853364204985103
 2.0139E-02,0.01899629059915882
 2.0160E-02,0.019070751236113577
 2.0180E-02,0.018740200507404006
 2.0200E-02,0.01799383311072442
 2.0220E-02,0.016840323924543415
 2.0240E-02,0.015319655538493564
 2.0261E-02,0.013506553304705118
 2.0281E-02,0.011502785846026972
 2.0301E-02,0.009421022701740705
 2.0321E-02,0.007367006729660055
 2.0341E-02,0.005427437322388998
 2.0362E-02,0.003667885423521809
 2.0382E-02,0.002139885103487631
 2.0402E-02,0.0008917336041935518
 2.0422E-02,-2.4171237618176135e-05
 2.0442E-02,-0.0005525837353058152
 2.0463E-02,-0.0006456749047119973
 2.0483E-02,-0.00027779640783596375
 2.0503E-02,0.0005423994283648621
 2.0523E-02,0.0017686158371860883
 2.0543E-02,0.0033243475272598617
 2.0564E-02,0.005117958998750801
 2.0584E-02,0.00705872425046781
 2.0604E-02,0.009066984510643382
 2.0624E-02,0.011074854623717201
 2.0644E-02,0.013018921409240825
 2.0665E-02,0.014830550584377341
 2.0685E-02,0.01643061675005562
 2.0705E-02,0.017733092952332545
 2.0725E-02,0.018657220111153644
 2.0745E-02,0.01914335744603448
 2.0766E-02,0.019165472584150165
 2.0786E-02,0.0187346654138416
 2.0806E-02,0.017892391733368016
 2.0826E-02,0.016696965491279386
 2.0846E-02,0.015209959928354383
 2.0867E-02,0.013488766017570653
 2.0887E-02,0.011588028978933665
 2.0907E-02,0.009567824439699717
 2.0927E-02,0.007502768368168178
 2.0947E-02,0.005485657072995234
 2.0968E-02,0.003621991529176466
 2.0988E-02,0.002016417233683166
 2.1008E-02,0.0007562996396131437
 2.1028E-02,-0.00010078027223457155
 2.1048E-02,-0.0005306641034995162
 2.1069E-02,-0.0005367234774633403
 2.1089E-02,-0.00013830755011906402
 2.1109E-02,0.000640107185601076
 2.1129E-02,0.0017734921093951696
 2.1149E-02,0.003232622370996207
 2.1170E-02,0.0049748509399286205
 2.1190E-02,0.00693511399830082
 2.1210E-02,0.00902312259330397
 2.1230E-02,0.011129733367932085
 2.1250E-02,0.013140942551754613
 2.1271E-02,0.014954137449033704
 2.1291E-02,0.01649011238422617
 2.1311E-02,0.017696480057911284
 2.1331E-02,0.01854238746483851
 2.1351E-02,0.019008680970837084
 2.1372E-02,0.019079693569828644
 2.1392E-02,0.018741630680126808
 2.1412E-02,0.017988755375974438
 2.1432E-02,0.016834188522724305
 2.1452E-02,0.015319414935060012
 2.1473E-02,0.013516926645630157
 2.1493E-02,0.011523657290979112
 2.1513E-02,0.009447305476763791
 2.1533E-02,0.007391033567342794
 2.1553E-02,0.005442646050807257
 2.1574E-02,0.0036719165893156795
 2.1594E-02,0.002135523895191047
 2.1614E-02,0.000885241372633704
 2.1634E-02,-2.6454850046801152e-05
 2.1654E-02,-0.0005476121523981562
 2.1675E-02,-0.0006353120962547156
 2.1695E-02,-0.0002678632003550882
 2.1715E-02,0.0005451470059140834
 2.1735E-02,0.001760018434077437
 2.1755E-02,0.0033050740746939566
 2.1776E-02,0.005093300469106065
 2.1796E-02,0.007036062218188751
 2.1816E-02,0.009052233452316948
 2.1836E-02,0.011069693367883278
 2.1856E-02,0.013020214785807678
 2.1877E-02,0.014832233550373537
 2.1897E-02,0.01642705137937971
 2.1917E-02,0.017722160561758488
 2.1937E-02,0.01864155725749538
 2.1957E-02,0.019129106189201172
 2.1978E-02,0.019159195018288812
 2.1998E-02,0.018740011646830132
 2.2018E-02,0.01790822892001212
 2.2038E-02,0.016717917401317915
 2.2058E-02,0.015229066843063119
 2.2079E-02,0.0135008928165855
 2.2099E-02,0.011592278326410015
 2.2119E-02,0.009567736198227018
 2.2139E-02,0.007504229930117091
 2.2159E-02,0.005493621689072733
 2.2180E-02,0.003637702835024559
 2.2200E-02,0.002036565626362281
 2.2220E-02,0.0007745370512933407
 2.2240E-02,-9.074958207351536e-05
 2.2260E-02,-0.0005319991799305739
 2.2281E-02,-0.000547937889245933
 2.2301E-02,-0.00015409196737347725
 2.2321E-02,0.0006261682992000322
 2.2341E-02,0.0017657087284594923
 2.2361E-02,0.0032311326512286013
 2.2382E-02,0.004975743645296962
 2.2402E-02,0.00693265642671556
 2.2422E-02,0.009012933681174848
 2.2442E-02,0.011111263711980185
 2.2462E-02,0.01311798571414498
 2.2483E-02,0.014933110910412517
 2.2503E-02,0.016476990062408502
 2.2523E-02,0.017693944940876012
 2.2543E-02,0.01854865253534383
 2.2563E-02,0.01901856480069347
 2.2584E-02,0.019087379720511492
 2.2604E-02,0.01874368267651424
 2.2624E-02,0.01798583945985863
 2.2644E-02,0.016830631250033482
 2.2664E-02,0.015320840485891196
 2.2685E-02,0.013527202946141013
 2.2705E-02,0.011542726818661347
 2.2725E-02,0.00947101311253373
 2.2745E-02,0.007413034284868834
 2.2765E-02,0.005457411535937156
 2.2786E-02,0.003677306282355541
 2.2806E-02,0.0021336206790039127
 2.2826E-02,0.0008810483281833496
 2.2846E-02,-2.7765690011880765e-05
 2.2866E-02,-0.0005434754927227795
 2.2887E-02,-0.0006271459859228765
 2.2907E-02,-0.0002603497423578919
 2.2927E-02,0.0005464966135343805
 2.2947E-02,0.001751758738091671
 2.2967E-02,0.0032876952874039047
 2.2988E-02,0.005071119015109345
 2.3008E-02,0.007015192375095689
 2.3028E-02,0.009037679441574343
 2.3048E-02,0.011063044108299929
 2.3068E-02,0.0130191063963247
 2.3089E-02,0.014831833417276952
 2.3109E-02,0.01642278152275012
 2.3129E-02,0.01771224836735292
 2.3149E-02,0.018628099051025655
 2.3169E-02,0.019117100169779598
 2.3190E-02,0.019154045905225042
 2.3210E-02,0.01874479184354183
 2.3230E-02,0.01792209980254197
 2.3250E-02,0.01673651253563646
 2.3270E-02,0.015246630178584058
 2.3291E-02,0.013513069500473492
 2.3311E-02,0.0115981317352924
 2.3331E-02,0.009569973406246908
 2.3351E-02,0.0075075437890690586
 2.3371E-02,0.005502022670435675
 2.3392E-02,0.0036522237300743933
 2.3412E-02,0.0020545203515385207
 2.3432E-02,0.0007907106793271132
 2.3452E-02,-8.159282500101468e-05
 2.3472E-02,-0.0005325728571105112
 2.3493E-02,-0.0005571482777116273
 2.3513E-02,-0.00016765469078876478
 2.3533E-02,0.000613539125455688
 2.3553E-02,0.0017576663323911955
 2.3573E-02,0.003227963627465403
 2.3594E-02,0.004974409107952891
 2.3614E-02,0.006928569175860088
 2.3634E-02,0.009002543691564101
 2.3654E-02,0.011094114967952266
 2.3674E-02,0.013097184318101128
 2.3695E-02,0.014913962798504836
 2.3715E-02,0.016464505316287827
 2.3735E-02,0.01769048314988576
 2.3755E-02,0.018552905442535468
 2.3775E-02,0.019026381772721618
 2.3796E-02,0.01909399590331206
 2.3816E-02,0.018746195579369972
 2.3836E-02,0.01798466204259065
 2.3856E-02,0.016829184903110292
 2.3876E-02,0.015323660597753459
 2.3897E-02,0.01353744393747147
 2.3917E-02,0.01156035565953581
 2.3937E-02,0.009492619510673843
 2.3957E-02,0.007433352288231108
 2.3977E-02,0.0054717719352607875
 2.3998E-02,0.0036837699293109528
 2.4018E-02,0.00213371576394383
 2.4038E-02,0.0008787557694908098
 2.4058E-02,-2.8238138157457462e-05
 2.4078E-02,-0.0005399769245639509
 2.4099E-02,-0.0006207513138909776
 2.4119E-02,-0.0002548211461371767
 2.4139E-02,0.0005466705043264454
 2.4159E-02,0.0017437342269109558
 2.4179E-02,0.0032718384479729383
 2.4200E-02,0.005050964069948225
 2.4220E-02,0.0069958172061831796
 2.4240E-02,0.009023329143989353
 2.4260E-02,0.011055212240806175
 2.4280E-02,0.013016042110224037
 2.4301E-02,0.014829707414460986
 2.4321E-02,0.016417893519156297
 2.4341E-02,0.017703129440903093
 2.4361E-02,0.01861642360253996
 2.4381E-02,0.019106939901243958
 2.4402E-02,0.019149852602222982
 2.4422E-02,0.01874914709787493
 2.4442E-02,0.01793438485330186
 2.4462E-02,0.016753174324037362
 2.4482E-02,0.015262899251891986
 2.4503E-02,0.013525244812922133
 2.4523E-02,0.011605265607283421
 2.4543E-02,0.009574107506463356
 2.4563E-02,0.007512396346288629
 2.4583E-02,0.005510820980115176
 2.4604E-02,0.0036658078562296654
 2.4624E-02,0.002070696112985289
 2.4644E-02,0.0008051832633197318
 2.4664E-02,-7.318424427432376e-05
 2.4684E-02,-0.0005325590402447977
 2.4705E-02,-0.000564737358627236
 2.4725E-02,-0.00017939030857371343
 2.4745E-02,0.0006020149034022897
 2.4765E-02,0.001749453351178625
 2.4785E-02,0.00322344976232535
 2.4806E-02,0.0049712552134097135
 2.4826E-02,0.006923124532075189
 2.4846E-02,0.008991950989065857
 2.4866E-02,0.011078014266434493
 2.4886E-02,0.013078135707721287
 2.4907E-02,0.014896367622035892
 2.4927E-02,0.016452575919916265
 2.4947E-02,0.017686296188707682
 2.4967E-02,0.0185555263365571
 2.4987E-02,0.01903249481581164
 2.5008E-02,0.019099702082206807
 2.5028E-02,0.018749045826911604
 2.5048E-02,0.01798488120866049
 2.5068E-02,0.016829465750519332
 2.5088E-02,0.015327646463876923
 2.5109E-02,0.01354769182039509
 2.5129E-02,0.011576833607474201
 2.5149E-02,0.009512512125476505
 2.5169E-02,0.007452273842717778
 2.5189E-02,0.005485766596980072
 2.5210E-02,0.0036910814813908986
 2.5230E-02,0.002135435018595842
 2.5250E-02,0.0008780336805563492
 2.5270E-02,-2.7989749768939282e-05
 2.5290E-02,-0.0005369628984128893
 2.5311E-02,-0.0006157836905428534
 2.5331E-02,-0.0002509194096530796
 2.5351E-02,0.0005458572906002911
 2.5371E-02,0.0017358688867363614
 2.5391E-02,0.0032572035495044144
 2.5412E-02,0.005032466503880714
 2.5432E-02,0.006977687665404053
 2.5452E-02,0.009009180163009752
 2.5472E-02,0.011046441594045518
 2.5492E-02,0.013011385581179499
 2.5513E-02,0.014826152122124231
 2.5533E-02,0.016412465525996678
 2.5553E-02,0.017694624978527786
 2.5573E-02,0.018606188434460363
 2.5593E-02,0.019098295718961676
 2.5614E-02,0.019146467004436948
 2.5634E-02,0.018753185494435273
 2.5654E-02,0.0179453912767165
 2.5674E-02,0.016768250452753472
 2.5694E-02,0.015278083952245659
 2.5715E-02,0.013537384323653022
 2.5735E-02,0.011613420437475803
 2.5755E-02,0.009579788193800058
 2.5775E-02,0.007518526292574282
 2.5795E-02,0.005519977343917979
 2.5816E-02,0.003678656569525753
 2.5836E-02,0.0020854303613150704
 2.5856E-02,0.0008182549777108773
 2.5876E-02,-6.541408070561761e-05
 2.5896E-02,-0.000532093194008966
 2.5917E-02,-0.0005710149666951598
 2.5937E-02,-0.00018962355051115536
 2.5957E-02,0.0005914220366486744
 2.5977E-02,0.0017411350231747106
 2.5997E-02,0.0032178601915898173
 2.6018E-02,0.004966616063374625
 2.6038E-02,0.006916550323087318
 2.6058E-02,0.008981161346043128
 2.6078E-02,0.011062743877301802
 2.6098E-02,0.013060511567087643
 2.6119E-02,0.014880055257035006
 2.6139E-02,0.016441127829153794
 2.6159E-02,0.017681542687197994
 2.6179E-02,0.01855682373452225
 2.6199E-02,0.019037203340544706
 2.6220E-02,0.0191046352888845
 2.6240E-02,0.01875213898053536
 2.6260E-02,0.017986220956118886
 2.6280E-02,0.016831158764232867
 2.6300E-02,0.015332605574251586
 2.6321E-02,0.01355797432094543
 2.6341E-02,0.011592392956382275
 2.6361E-02,0.009531007592168622
 2.6381E-02,0.0074700373883440745
 2.6401E-02,0.005499434341143406
 2.6422E-02,0.003699061612712096
 2.6442E-02,0.002138474084981917
 2.6462E-02,0.0008786090517107837
 2.6482E-02,-2.7122890845624457e-05
 2.6502E-02,-0.000534313978399326
 2.6523E-02,-0.0006119643883354005
 2.6543E-02,-0.00024834998786500706
 2.6563E-02,0.0005442167353501917
 2.6583E-02,0.0017281069675834807
 2.6603E-02,0.003243549272507495
 2.6624E-02,0.005015324036631869
 2.6644E-02,0.00696059547994776
 2.6664E-02,0.008995224119315193
 2.6684E-02,0.011036926630030506
 2.6704E-02,0.013005433259187307
 2.6725E-02,0.014821413587941657
 2.6745E-02,0.01640656758962553
 2.6765E-02,0.017686594351335964
 2.6785E-02,0.018597115669158212
 2.6805E-02,0.019090895720904666
 2.6826E-02,0.01914376239353837
 2.6846E-02,0.01875698941762896
 2.6866E-02,0.017955366964773838
 2.6886E-02,0.01678202627561389
 2.6906E-02,0.015292360744602173
 2.6927E-02,0.013549465997496901
 2.6947E-02,0.011622388281021325
 2.6967E-02,0.009586729239314383
 2.6987E-02,0.007525716042317555
 2.7007E-02,0.005529453625787428
 2.7028E-02,0.0036909294732825632
 2.7048E-02,0.0020989975247208423
 2.7068E-02,0.0008301740477189299
 2.7088E-02,-5.8186986449279684e-05
 2.7108E-02,-0.000531280549861805
 2.7129E-02,-0.0005762318097707335
 2.7149E-02,-0.0001986215348047883
 2.7169E-02,0.0005816135923850309
 2.7189E-02,0.001732758879411686
 2.7209E-02,0.003211411315604891
 2.7230E-02,0.004960765182612102
 2.7250E-02,0.00690903697716379
 2.7270E-02,0.008970185279234447
 2.7290E-02,0.011048130246631857
 2.7310E-02,0.0130440443196987
 2.7331E-02,0.014864801686440212
 2.7351E-02,0.016430094973661317
 2.7371E-02,0.017676347293967384
 2.7391E-02,0.018557047903350443
 2.7411E-02,0.019040754234224536
 2.7432E-02,0.019108912621091975
 2.7452E-02,0.018755403249247727
 2.7472E-02,0.017988458630103156
 2.7492E-02,0.016834005439882484
 2.7512E-02,0.015338376156434864
 2.7533E-02,0.013568308552132242
 2.7553E-02,0.011607219741719053
 2.7573E-02,0.009548364545535686
 2.7593E-02,0.007486841367420036
 2.7613E-02,0.005512812326862921
 2.7634E-02,0.003707568267909802
 2.7654E-02,0.0021425854976967985
 2.7674E-02,0.0008802561824890708
 2.7694E-02,-2.5726310090147357e-05
 2.7714E-02,-0.0005319375323371348
 2.7735E-02,-0.0006090679360078694
 2.7755E-02,-0.000246870655324281
 2.7775E-02,0.0005418839468775515
 2.7795E-02,0.0017204081453792174
 2.7815E-02,0.0032306816545399804
 2.7836E-02,0.004999289257406321
 2.7856E-02,0.006944366658300917
 2.7876E-02,0.008981448938608045
 2.7896E-02,0.011026822290921213
 2.7916E-02,0.012998426716613406
 2.7937E-02,0.014815695817277433
 2.7957E-02,0.016400261988477854
 2.7977E-02,0.017678927188391716
 2.7997E-02,0.01858897996798837
 2.8017E-02,0.01908451577301584
 2.8038E-02,0.01914163061886224
 2.8058E-02,0.01876062130805663
 2.8078E-02,0.017964511827240723
 2.8098E-02,0.016794735883816175
 2.8118E-02,0.015305877819041198
 2.8139E-02,0.013561476834238459
 2.8159E-02,0.011632002668137216
 2.8179E-02,0.009594696895164935
 2.8199E-02,0.007533784581416278
 2.8219E-02,0.005539213759066427
 2.8240E-02,0.003702752915184615
 2.8260E-02,0.002111620690724052
 2.8280E-02,0.0008411456372149171
 2.8300E-02,-5.142044170430111e-05
 2.8320E-02,-0.0005302025757994301
 2.8341E-02,-0.0005805906206310629
 2.8361E-02,-0.00020660386080299597
 2.8381E-02,0.0005724654294085661
 2.8401E-02,0.0017243590407948978
 2.8421E-02,0.003204277025435365
 2.8442E-02,0.004953926416972068
 2.8462E-02,0.006900743525028544
 2.8482E-02,0.00895903612528645
 2.8502E-02,0.01103403518678156
 2.8522E-02,0.013028515987973475
 2.8543E-02,0.01485042124497073
 2.8563E-02,0.016419418830974256
 2.8583E-02,0.017670807744158443
 2.8603E-02,0.018556401747767914
 2.8623E-02,0.019043350964690675
 2.8644E-02,0.019112633910358723
 2.8664E-02,0.018758784398558676
 2.8684E-02,0.017991414734237907
 2.8704E-02,0.01683779376593872
 2.8724E-02,0.015344822442326269
 2.8745E-02,0.013578703971282016
 2.8765E-02,0.011621462828333075
 2.8785E-02,0.009564794151609178
 2.8805E-02,0.007502850805805399
 2.8825E-02,0.0055259353444752045
 2.8846E-02,0.003716489074535303
 2.8866E-02,0.00214756813865875
 2.8886E-02,0.0008827885849333032
 2.8906E-02,-2.3876669175099596e-05
 2.8926E-02,-0.0005297619610407826
 2.8947E-02,-0.0006069120474021532
 2.8967E-02,-0.0002462823119008173
 2.8987E-02,0.000538973001134097
 2.9007E-02,0.001712743754517713
 2.9027E-02,0.0032184449026706084
 2.9048E-02,0.004984159743862425
 2.9068E-02,0.006928855965221651
 2.9088E-02,0.008967840470375714
 2.9108E-02,0.011016251876837885
 2.9128E-02,0.012990562703797465
 2.9149E-02,0.01480916783801457
 2.9169E-02,0.01639360370442884
 2.9189E-02,0.01767153705244773
 2.9209E-02,0.018581598691854394
 2.9229E-02,0.019078971215036426
 2.9250E-02,0.01913997958507242
 2.9270E-02,0.018764128179387458
 2.9290E-02,0.017972986976975275
 2.9310E-02,0.016806571224248845
 2.9330E-02,0.015318759472613883
 2.9351E-02,0.013573410299417664
 2.9371E-02,0.011642130440546943
 2.9391E-02,0.009603500345362847
 2.9411E-02,0.00754258141951518
 2.9431E-02,0.005549224261795053
 2.9452E-02,0.003714226749673852
 2.9472E-02,0.00212348110799771
 2.9492E-02,0.0008513392057045818
 2.9512E-02,-4.5043297971229866e-05
 2.9532E-02,-0.0005289221359386935
 2.9553E-02,-0.0005842552643743949
 2.9573E-02,-0.0002137509966987935
 2.9593E-02,0.0005638727991864197
 2.9613E-02,0.0017159594996379894
 2.9633E-02,0.003196596932269628
 2.9654E-02,0.0049462828618250755
 2.9674E-02,0.0068918026506727525
 2.9694E-02,0.008947728651489626
 2.9714E-02,0.011020348797372351
 2.9734E-02,0.01301374908247852
 2.9755E-02,0.014836760151892673
 2.9775E-02,0.016409047895113126
 2.9795E-02,0.017665000495370013
 2.9815E-02,0.018555049685131088
 2.9835E-02,0.01904516112596186
 2.9856E-02,0.01911588408061823
 2.9876E-02,0.0187622417452973
 2.9896E-02,0.017994944651179623
 2.9916E-02,0.01684234993399039
 2.9936E-02,0.015351830608539839
 2.9957E-02,0.013589164596667433
 2.9977E-02,0.011635241224178718
 2.9997E-02,0.009580468740260589
 3.0017E-02,0.007518202838487218
 3.0037E-02,0.0055388354281712265
 3.0058E-02,0.0037257352793868747
 3.0078E-02,0.0021532586339092414
 3.0098E-02,0.0008860522542753452
 3.0118E-02,-2.163997268592535e-05
 3.0138E-02,-0.00052773213424854
 3.0159E-02,-0.0006053494355559572
 3.0179E-02,-0.0002464213809446437
 3.0199E-02,0.0005355800807812929
 3.0219E-02,0.001705093892514429
 3.0239E-02,0.0032067139872437008
 3.0260E-02,0.00496976996497596
 3.0280E-02,0.006913942282462334
 3.0300E-02,0.008954383659942316
 3.0320E-02,0.011005313393883456
 3.0340E-02,0.012982001393121783
 3.0361E-02,0.014801969611270505
 3.0381E-02,0.016386640991601423
 3.0401E-02,0.017664356411937858
 3.0421E-02,0.018574823888538556
 3.0441E-02,0.01907410998664806
 3.0462E-02,0.019138731029903405
 3.0482E-02,0.0187675451551527
 3.0502E-02,0.017980922177405902
 3.0522E-02,0.016817689620492002
 3.0542E-02,0.01533110985614794
 3.0563E-02,0.013585264408616685
 3.0583E-02,0.011652665196610545
 3.0603E-02,0.009612983902527053
 3.0623E-02,0.007551981545454917
 3.0643E-02,0.005559454520174506
 3.0664E-02,0.003725429777385006
 3.0684E-02,0.002134725976195867
 3.0704E-02,0.0008608946621184545
 3.0724E-02,-3.899438314563218e-05
 3.0744E-02,-0.0005274875240789602
 3.0765E-02,-0.0005873580915717349
 3.0785E-02,-0.00022021116148749254
 3.0805E-02,0.000555747459274465
 3.0825E-02,0.0017075766868822838
 3.0845E-02,0.0031884830484804434
 3.0866E-02,0.004937984221574132
 3.0886E-02,0.00688232496806725
 3.0906E-02,0.008936278088115689
 3.0926E-02,0.011006983786742686
 3.0946E-02,0.012999599152212873
 3.0967E-02,0.014823691116552157
 3.0987E-02,0.016398937086192084
 3.1007E-02,0.017658985212556027
 3.1027E-02,0.01855312487639369
 3.1047E-02,0.01904632269553541
 3.1068E-02,0.019118735235873804
 3.1088E-02,0.018765745036774528
 3.1108E-02,0.017998931948623228
 3.1128E-02,0.016847531525697488
 3.1148E-02,0.015359305335894021
 3.1169E-02,0.01359969068091828
 3.1189E-02,0.011648649979664452
 3.1209E-02,0.009595528886728561
 3.1229E-02,0.007533011346058979
 3.1249E-02,0.005551541695553549
 3.1270E-02,0.003735236908048223
 3.1290E-02,0.002159524341341274
 3.1310E-02,0.000889920085444827
 3.1330E-02,-1.9072877225590314e-05
 3.1350E-02,-0.0005258057840518062
 3.1371E-02,-0.0006042611659714999
 3.1391E-02,-0.00024715353923700526
 3.1411E-02,0.0005317861662787442
 3.1431E-02,0.0016974451789774033
 3.1451E-02,0.003195388644861368
 3.1472E-02,0.004955984616559177
 3.1492E-02,0.006899524686406712
 3.1512E-02,0.008941063352929782
 3.1532E-02,0.010994084639499533
 3.1552E-02,0.012972873111613627
 3.1573E-02,0.014794216951261248
 3.1593E-02,0.01637941597386265
 3.1613E-02,0.01765733263548567
 3.1633E-02,0.0185685357620073
 3.1653E-02,0.019069806928348178
 3.1674E-02,0.019137818565353057
 3.1694E-02,0.018770898223869927
 3.1714E-02,0.017988421864524266
 3.1734E-02,0.016828219951887463
 3.1754E-02,0.015343016141680432
 3.1775E-02,0.013597040277378177
 3.1795E-02,0.011663521991614795
 3.1815E-02,0.009623020590519156
 3.1835E-02,0.007561881176009708
 3.1855E-02,0.005569876855681475
 3.1876E-02,0.00373642405918723
 3.1896E-02,0.0021454747639275524
 3.1916E-02,0.0008699274338471825
 3.1936E-02,-3.3221274099127455e-05
 3.1956E-02,-0.0005259356906309058
 3.1977E-02,-0.0005900059523080768
 3.1997E-02,-0.00022610604515624529
 3.2017E-02,0.0005480151582730147
 3.2037E-02,0.0016992214170067888
 3.2057E-02,0.0031800251608355805
 3.2078E-02,0.004929152834996401
 3.2098E-02,0.006872402607944698
 3.2118E-02,0.008924699453859642
 3.2138E-02,0.010993870905829886
 3.2158E-02,0.01298594868593956
 3.2179E-02,0.014811108835850243
 3.2199E-02,0.01638904713578962
 3.2219E-02,0.017652808327717262
 3.2239E-02,0.018550735107482185
 3.2259E-02,0.019046949208426832
 3.2280E-02,0.019121248480390755
 3.2300E-02,0.018769272005555202
 3.2320E-02,0.0180032829474632
 3.2340E-02,0.01685322189335841
 3.2360E-02,0.015367166877871
 3.2381E-02,0.013610279946498015
 3.2401E-02,0.011661764926238985
 3.2421E-02,0.009610089201117084
 3.2441E-02,0.0075473708221022485
 3.2461E-02,0.005564080323413647
 3.2482E-02,0.00374493888284249
 3.2502E-02,0.0021662576169387045
 3.2522E-02,0.0008942872271765013
 3.2542E-02,-1.6223885263841288e-05
 3.2562E-02,-0.0005239506616555338
 3.2583E-02,-0.0006035512570004215
 3.2603E-02,-0.0002483685375664908
 3.2623E-02,0.0005276593498927766
 3.2643E-02,0.0016897890411937718
 3.2663E-02,0.0031843885392355267
 3.2684E-02,0.0049426931527497
 3.2704E-02,0.006885519151753472
 3.2724E-02,0.008927864844532726
 3.2744E-02,0.010982627293017157
 3.2764E-02,0.012963283859170206
 3.2785E-02,0.014786005641595053
 3.2805E-02,0.016371965265590087
 3.2825E-02,0.017650424826555343
 3.2845E-02,0.01856263737067774
 3.2865E-02,0.019065959075918106
 3.2886E-02,0.01913718597613857
 3.2906E-02,0.01877420639380086
 3.2926E-02,0.017995570029255715
 3.2946E-02,0.016838267745368375
 3.2966E-02,0.015354551215285698
 3.2987E-02,0.013608741053060931
 3.3007E-02,0.011674633081524709
 3.3027E-02,0.00963350690094237
 3.3047E-02,0.007572194217518966
 3.3067E-02,0.005580466494976281
 3.3088E-02,0.0037472583923372337
 3.3108E-02,0.002155824398059972
 3.3128E-02,0.0008785327140263587
 3.3148E-02,-2.7679147243202403e-05
 3.3168E-02,-0.0005242947493051936
 3.3189E-02,-0.0005922850455776554
 3.3209E-02,-0.0002315354997718829
 3.3229E-02,0.0005406135060092045
 3.3249E-02,0.0016909003976009467
 3.3269E-02,0.0031712951900488883
 3.3290E-02,0.0049198886431368926
 3.3310E-02,0.0068621122559827325
 3.3330E-02,0.008913007129007826
 3.3350E-02,0.010980955302542986
 3.3370E-02,0.01297270213876934
 3.3391E-02,0.014798926250452895
 3.3411E-02,0.01637934398323354
 3.3431E-02,0.01764650586563448
 3.3451E-02,0.018547967575220585
 3.3471E-02,0.019047134039469348
 3.3492E-02,0.019123475507543935
 3.3512E-02,0.018772806469310524
 3.3532E-02,0.018007922329526263
 3.3552E-02,0.016859325542513348
 3.3572E-02,0.015375348585815466
 3.3593E-02,0.01362092850933736
 3.3613E-02,0.011674646506910266
 3.3633E-02,0.009624243091084499
 3.3653E-02,0.007561359630580758
 3.3673E-02,0.005576474648836972
 3.3694E-02,0.0037547979415470745
 3.3714E-02,0.0021733711513396217
 3.3734E-02,0.0008990672337354797
 3.3754E-02,-1.3134414408620958e-05
 3.3774E-02,-0.0005221422975302919
 3.3795E-02,-0.0006031422953897236
 3.3815E-02,-0.00024997592398488274
 3.3835E-02,0.0005232568223720872
 3.3855E-02,0.0016821204127717793
 3.3875E-02,0.003173649360642758
 3.3896E-02,0.00492980529897407
 3.3916E-02,0.006871855776970888
 3.3936E-02,0.008914774224858122
 3.3956E-02,0.010970990182869456
 3.3976E-02,0.012953319805627238
 3.3997E-02,0.014777414851218898
 3.4017E-02,0.01636432056413125
 3.4037E-02,0.017643601307313656
 3.4057E-02,0.01855705031149097
 3.4077E-02,0.019062481766863076
 3.4098E-02,0.0191367857405989
 3.4118E-02,0.018777483370951916
 3.4138E-02,0.018002434173375156
 3.4158E-02,0.016847919369778405
 3.4178E-02,0.01536577596196179
 3.4199E-02,0.013620371133488896
 3.4219E-02,0.011685944494762825
 3.4239E-02,0.009644358488013087
 3.4259E-02,0.00758284928866889
 3.4279E-02,0.005591201429961428
 3.4300E-02,0.0037579710554291506
 3.4320E-02,0.0021658534654770104
 3.4340E-02,0.0008867889566140023
 3.4360E-02,-2.2329777394010895e-05
 3.4380E-02,-0.000522585970929062
 3.4401E-02,-0.0005942648755507648
 3.4421E-02,-0.00023658142969809636
 3.4441E-02,0.0005334901307152503
 3.4461E-02,0.0016826173557414384
 3.4481E-02,0.003162350684706163
 3.4502E-02,0.0049102732435028626
 3.4522E-02,0.006851517685467402
 3.4542E-02,0.008901214577251529
 3.4562E-02,0.010968193590683108
 3.4582E-02,0.012959781863345001
 3.4603E-02,0.014787071426850694
 3.4623E-02,0.016369798197609704
 3.4643E-02,0.01764010568475713
 3.4663E-02,0.01854489278100678
 3.4683E-02,0.019046953944929043
 3.4704E-02,0.01912545997772061
 3.4724E-02,0.01877633685262212
 3.4744E-02,0.01801278957704878
 3.4764E-02,0.01686576432293237
 3.4784E-02,0.015383794799113448
 3.4805E-02,0.01363163153184549
 3.4825E-02,0.011687342834351458
 3.4845E-02,0.0096380666392394
 3.4865E-02,0.007575042708814077
 3.4885E-02,0.005588745318999656
 3.4906E-02,0.0037647801705674583
 3.4926E-02,0.0021807941615019253
 3.4946E-02,0.0009041888672894137
 3.4966E-02,-9.839757317657246e-06
 3.4986E-02,-0.0005203622511255567
 3.5007E-02,-0.0006029718913811091
 3.5027E-02,-0.00025190153085935914
 3.5047E-02,0.0005186265561377729
 3.5067E-02,0.001674436736440462
 3.5087E-02,0.0031631196736330394
 3.5108E-02,0.004917247368997044
 3.5128E-02,0.006858476456715617
 3.5148E-02,0.008901778588278618
 3.5168E-02,0.010959211909734791
 3.5188E-02,0.012943050970799619
 3.5209E-02,0.014768509982856923
 3.5229E-02,0.016356509215976322
 3.5249E-02,0.017636837629450744
 3.5269E-02,0.018551711212178443
 3.5289E-02,0.01905930542127189
 3.5310E-02,0.019136577746620018
 3.5330E-02,0.018780738854236145
 3.5350E-02,0.018009068502935332
 3.5370E-02,0.01685724547921847
 3.5390E-02,0.015376741194190842
 3.5411E-02,0.013631935604346028
 3.5431E-02,0.011697413284261864
 3.5451E-02,0.00965550665784601
 3.5471E-02,0.007593787250971075
 3.5491E-02,0.005602062249044404
 3.5512E-02,0.0037685920154088472
 3.5532E-02,0.00217562565640867
 3.5552E-02,0.0008947607930744402
 3.5572E-02,-1.7140629585092625e-05
 3.5592E-02,-0.0005208253288987238
 3.5613E-02,-0.0005960014388959453
 3.5633E-02,-0.00024131097545198476
 3.5653E-02,0.0005266011315582639
 3.5673E-02,0.0016743739128506582
 3.5693E-02,0.0031532376609333997
 3.5714E-02,0.004900373235034975
 3.5734E-02,0.00684067189888841
 3.5754E-02,0.00888933420089677
 3.5774E-02,0.010955551511409778
 3.5794E-02,0.01294712479147983
 3.5815E-02,0.014775484966198833
 3.5835E-02,0.016360384437128193
 3.5855E-02,0.017633629251792415
 3.5875E-02,0.018541567698271654
 3.5895E-02,0.01904647199366496
 3.5916E-02,0.019127238716322815
 3.5936E-02,0.018779855052954906
 3.5956E-02,0.018017836106474748
 3.5976E-02,0.016872474313078027
 3.5996E-02,0.015392459080677833
 3.6017E-02,0.013642383707246093
 3.6037E-02,0.011699892164646501
 3.6057E-02,0.009651621790580229
 3.6077E-02,0.007588473836589685
 3.6097E-02,0.005600910490814174
 3.6118E-02,0.00377485905028013
 3.6138E-02,0.002188469298865789
 3.6158E-02,0.0009095934607050108
 3.6178E-02,-6.369915307020491e-06
 3.6198E-02,-0.0005185967224974713
 3.6219E-02,-0.0006029897881437932
 3.6239E-02,-0.00025408456469975865
 3.6259E-02,0.0005138087514269416
 3.6279E-02,0.0016667372197358816
 3.6299E-02,0.0031527583794212343
 3.6320E-02,0.004904959244209939
 3.6340E-02,0.0068453329260552845
 3.6360E-02,0.008888866135574146
 3.6380E-02,0.010947322940006592
 3.6400E-02,0.012932534224156347
 3.6421E-02,0.014759345037206025
 3.6441E-02,0.016348554739409
 3.6461E-02,0.017630115000176336
 3.6481E-02,0.018546568881016082
 3.6501E-02,0.01905637288416793
 3.6522E-02,0.01913652818732794
 3.6542E-02,0.01878397954051186
 3.6562E-02,0.018015516514595348
 3.6582E-02,0.01686630384650824
 3.6602E-02,0.015387489280719695
 3.6623E-02,0.013643439837649436
 3.6643E-02,0.011709005314542378
 3.6663E-02,0.009666895487881796
 3.6683E-02,0.007604959137422068
 3.6703E-02,0.005613031927658036
 3.6724E-02,0.003779144672855214
 3.6744E-02,0.002185192556997236
 3.6764E-02,0.0009025014352862675
 3.6784E-02,-1.2084074292186432e-05
 3.6804E-02,-0.0005190247265156269
 3.6825E-02,-0.0005975398278578685
 3.6845E-02,-0.0002457791575665823
 3.6865E-02,0.0005199097406012056
 3.6885E-02,0.0016661702231906127
 3.6905E-02,0.003143992873981097
 3.6926E-02,0.004890242947235536
 3.6946E-02,0.00682961891316964
 3.6966E-02,0.008877377273070029
 3.6986E-02,0.010943002057478632
 3.7006E-02,0.012934679720571536
 3.7027E-02,0.014764117845766166
 3.7047E-02,0.01635108094554723
 3.7067E-02,0.017627093038646333
 3.7087E-02,0.01853803834091863
 3.7107E-02,0.019045739983104642
 3.7128E-02,0.019128842740305067
 3.7148E-02,0.018783355560934266
 3.7168E-02,0.01802302294529861
 3.7188E-02,0.0168794032523867
 3.7208E-02,0.015401302720542782
 3.7229E-02,0.013653179592686231
 3.7249E-02,0.011712324876084354
 3.7269E-02,0.009664958951897068
 3.7289E-02,0.007601697520177614
 3.7309E-02,0.00561298603802892
 3.7330E-02,0.0037850138869729333
 3.7350E-02,0.0021963501156402523
 3.7370E-02,0.0009152327154505608
 3.7390E-02,-2.750349957570666e-06
 3.7410E-02,-0.0005168354829475866
 3.7431E-02,-0.0006031555333367662
 3.7451E-02,-0.00025647521967482
 3.7471E-02,0.0005088370589201449
 3.7491E-02,0.0016590222750596938
 3.7511E-02,0.003142532669883206
 3.7532E-02,0.00489289189620506
 3.7552E-02,0.006832385120069422
 3.7572E-02,0.008876026202467266
 3.7592E-02,0.010935347276342383
 3.7612E-02,0.012921815730661935
 3.7633E-02,0.014749964576155026
 3.7653E-02,0.016340477302608482
 3.7673E-02,0.0176234190399584
 3.7693E-02,0.01854158199155845
 3.7713E-02,0.019053637230013153
 3.7734E-02,0.019136608608975394
 3.7754E-02,0.01878720989521897
 3.7774E-02,0.01802181308285877
 3.7794E-02,0.01687514168928525
 3.7814E-02,0.01539805551866334
 3.7835E-02,0.01365488921338039
 3.7855E-02,0.011720693485760296
 3.7875E-02,0.009678479471662695
 3.7895E-02,0.007616324426558799
 3.7915E-02,0.005624095610241974
 3.7936E-02,0.0037896472542606847
 3.7956E-02,0.002194595931008658
 3.7976E-02,0.0009100546767819597
 3.7996E-02,-7.136684606180374e-06
 3.8016E-02,-0.0005171929397721713
 3.8037E-02,-0.0005989163226355586
 3.8057E-02,-0.0002500310386654651
 3.8077E-02,0.000513385199393213
 3.8097E-02,0.0016580054588212728
 3.8117E-02,0.0031346456550154778
 3.8138E-02,0.00487992668272305
 3.8158E-02,0.006818395260299696
 3.8178E-02,0.008865353935279785
 3.8198E-02,0.010930523980294116
 3.8218E-02,0.012922405105043095
 3.8239E-02,0.0147529296306871
 3.8259E-02,0.016341869097392773
 3.8279E-02,0.01762050962562206
 3.8299E-02,0.01853434184946609
 3.8319E-02,0.019044800433577962
 3.8340E-02,0.019130298140192653
 3.8360E-02,0.018786834785819526
 3.8380E-02,0.018028318857124734
 3.8400E-02,0.01688650843469877
 3.8420E-02,0.015410293478842887
 3.8441E-02,0.013664013841265987
 3.8461E-02,0.01172466506398856
 3.8481E-02,0.009678119127332517
 3.8501E-02,0.0076147505761599114
 3.8521E-02,0.005624985780867085
 3.8542E-02,0.0037952285839319587
 3.8562E-02,0.002204399019210087
 3.8582E-02,0.0009210668938790536
 3.8602E-02,9.973725730354427e-07
 3.8622E-02,-0.0005150710316178681
 3.8643E-02,-0.0006034365862989175
 3.8663E-02,-0.0002590327071599988
 3.8683E-02,0.0005037396226951068
 3.8703E-02,0.0016512931105339464
 3.8723E-02,0.0031324163874001205
 3.8744E-02,0.004881005364254164
 3.8764E-02,0.006819599807253156
 3.8784E-02,0.008863249245022166
 3.8804E-02,0.010923303794314346
 3.8824E-02,0.012910932945903064
 3.8845E-02,0.014740405350849639
 3.8865E-02,0.016332294153256516
 3.8885E-02,0.017616738800773257
 3.8905E-02,0.018536717200846157
 3.8925E-02,0.01905105994987946
 3.8946E-02,0.01913679509468692
 3.8966E-02,0.01879043274431659
 3.8986E-02,0.01802798614852585
 3.9006E-02,0.016883797584463435
 3.9026E-02,0.015408469294079614
 3.9047E-02,0.013666288938946612
 3.9067E-02,0.011732456315040338
 3.9087E-02,0.00969022159728749
 3.9107E-02,0.0076278496048026445
 3.9127E-02,0.005635240388307249
 3.9148E-02,0.0038001139101230532
 3.9168E-02,0.002203869566150149
 3.9188E-02,0.0009174565365687708
 3.9208E-02,-2.2786359102138984e-06
 3.9228E-02,-0.0005153363627827364
 3.9249E-02,-0.0006001600950324074
 3.9269E-02,-0.0002541035105119208
 3.9289E-02,0.0005070018001134025
 3.9309E-02,0.0016498781615018627
 3.9329E-02,0.00312521938342864
 3.9350E-02,0.004869460547836088
 3.9370E-02,0.006807031235833237
 3.9390E-02,0.008853273227235023
 3.9410E-02,0.010918100591803023
 3.9430E-02,0.01291026724948945
 3.9451E-02,0.014741886985306998
 3.9471E-02,0.016332732985901252
 3.9491E-02,0.017613888568263722
 3.9511E-02,0.018530508183404782
 3.9531E-02,0.01904368823351349
 3.9552E-02,0.019131626835337288
 3.9572E-02,0.018790290539574032
 3.9592E-02,0.018033698826650388
 3.9612E-02,0.016893754975544965
 3.9632E-02,0.015419404522588165
 3.9653E-02,0.013674881346214625
 3.9673E-02,0.011736931808135538
 3.9693E-02,0.00969113565052503
 3.9713E-02,0.007627663436308822
 3.9733E-02,0.005636921696299027
 3.9754E-02,0.0038054906540638204
 3.9774E-02,0.0022125855970087593
 3.9794E-02,0.0009270633144552183
 3.9814E-02,4.855012391789424e-06
 3.9834E-02,-0.0005132979470066317
 3.9855E-02,-0.0006038067940862694
 3.9875E-02,-0.00026172364340128527
 3.9895E-02,0.0004985399536881065
 3.9915E-02,0.0016435514205638835
 3.9935E-02,0.0031223886960241405
 3.9956E-02,0.004869267091014452
 3.9976E-02,0.006806949441473899
 3.9996E-02,0.008850526790297821
 4.0016E-02,0.010911207309064133
 4.0036E-02,0.012899916245557029
 4.0057E-02,0.014730697656490006
 4.0077E-02,0.0163240200073123
 4.0097E-02,0.01761006599671804
 4.0117E-02,0.018531947623525127
 4.0137E-02,0.01904860945510012
 4.0158E-02,0.01913706756287874
 4.0178E-02,0.018793649720108038
 4.0198E-02,0.01803405807425961
 4.0218E-02,0.016892303031570962
 4.0238E-02,0.015418755049640949
 4.0259E-02,0.013677643928557113
 4.0279E-02,0.0117442767955695
 4.0299E-02,0.009702091776326556
 4.0319E-02,0.007639506971854933
 4.0339E-02,0.00564645509120085
 4.0360E-02,0.003810555592213983
 4.0380E-02,0.0022130407831690707
 4.0400E-02,0.0009247366256492355
 4.0420E-02,2.506821566715693e-06
 4.0440E-02,-0.0005134595822997088
 4.0461E-02,-0.0006012945830310504
 4.0481E-02,-0.0002580267600821042
 4.0501E-02,0.0005007380789858795
 4.0521E-02,0.001641786504800446
 4.0541E-02,0.0031157326779210842
 4.0562E-02,0.004858873959414857
 4.0582E-02,0.006795551950620986
 4.0602E-02,0.008841143150226403
 4.0622E-02,0.010905718815078657
 4.0642E-02,0.012898238840000933
 4.0663E-02,0.014730962440809698
 4.0683E-02,0.016323659056049076
 4.0703E-02,0.01760723707757738
 4.0723E-02,0.018526561492640817
 4.0743E-02,0.01904243199417796
 4.0764E-02,0.019132847217609772
 4.0784E-02,0.018793721644106278
 4.0804E-02,0.01803914283821374
 4.0824E-02,0.016901114393097362
 4.0844E-02,0.015428613537288121
 4.0865E-02,0.013685777335063546
 4.0885E-02,0.011749140195699701
 4.0905E-02,0.009704035607748348
 4.0925E-02,0.007640461241594846
 4.0945E-02,0.005648804126961648
 4.0966E-02,0.0038157904442540497
 4.0986E-02,0.002220885261054276
 4.1006E-02,0.000933195114858834
 4.1026E-02,8.80717075790521e-06
 4.1046E-02,-0.0005115123751974801
 4.1067E-02,-0.0006042451485184667
 4.1087E-02,-0.00026452071311993866
 4.1107E-02,0.0004932576785258529
 4.1127E-02,0.001635799170296853
 4.1147E-02,0.0031124330198024383
 4.1168E-02,0.004857650564347954
 4.1188E-02,0.0067944112042567124
 4.1208E-02,0.008837851366486772
 4.1228E-02,0.010899069423120276
 4.1248E-02,0.012888790250693139
 4.1269E-02,0.014720866453406615
 4.1289E-02,0.016315667393218387
 4.1309E-02,0.017603394400245408
 4.1329E-02,0.018527251595830563
 4.1349E-02,0.019046259846523552
 4.1370E-02,0.019137409172487106
 4.1390E-02,0.018796861603374442
 4.1410E-02,0.018040046742760715
 4.1430E-02,0.016900683740128843
 4.1450E-02,0.015428933101331128
 4.1471E-02,0.0136889587345519
 4.1491E-02,0.011756141483828371
 4.1511E-02,0.009714065559725265
 4.1531E-02,0.007651273644529125
 4.1551E-02,0.005657730085262673
 4.1572E-02,0.0038209807453888477
 4.1592E-02,0.0022221316604408787
 4.1612E-02,0.0009319192745423535
 4.1632E-02,7.2338173218060905e-06
 4.1652E-02,-0.0005115658245749111
 4.1673E-02,-0.0006023386057804942
 4.1693E-02,-0.0002618254795543699
 4.1713E-02,0.0004945761287680043
 4.1733E-02,0.001633728475462922
 4.1753E-02,0.0031062003471093638
 4.1774E-02,0.004848190872331289
 4.1794E-02,0.006783978204995197
 4.1814E-02,0.00882897074291591
 4.1834E-02,0.010893368428147372
 4.1854E-02,0.01288629774866299
 4.1875E-02,0.014720133375576969
 4.1895E-02,0.016314635782157298
 4.1915E-02,0.017600560555673134
 4.1935E-02,0.018522521231566464
 4.1955E-02,0.019041055168171502
 4.1976E-02,0.019133974701463035
 4.1996E-02,0.018797127634825782
 4.2016E-02,0.018044634890007908
 4.2036E-02,0.016908563442002374
 4.2056E-02,0.015437901978022316
 4.2077E-02,0.013696697417889153
 4.2097E-02,0.01176130213581695
 4.2117E-02,0.009716840996081236
 4.2137E-02,0.007653164748002731
 4.2157E-02,0.005660641971739559
 4.2178E-02,0.003826120516459692
 4.2198E-02,0.0022292781393506416
 4.2218E-02,0.0009394402213998283
 4.2238E-02,1.2840861377815937e-05
 4.2258E-02,-0.0005097116441480702
 4.2279E-02,-0.0006047347909979963
 4.2299E-02,-0.0002674015793443491
 4.2319E-02,0.000487909164998142
 4.2339E-02,0.00162803843850656
 4.2359E-02,0.0031025361875991492
 4.2380E-02,0.004846134205057984
 4.2400E-02,0.006781966205427559
 4.2420E-02,0.008825216422972595
 4.2440E-02,0.010886899201744871
 4.2460E-02,0.012877574907730381
 4.2481E-02,0.014710932296251223
 4.2501E-02,0.01630724695570325
 4.2521E-02,0.017596719369096722
 4.2541E-02,0.018522611672830754
 4.2561E-02,0.019043989898886584
 4.2582E-02,0.019137805814379023
 4.2602E-02,0.018800068578336923
 4.2622E-02,0.018045966438974066
 4.2642E-02,0.01690896068260353
 4.2662E-02,0.015439020321082493
 4.2683E-02,0.013700237511968267
 4.2703E-02,0.011768039768236378
 4.2723E-02,0.009726123088546784
 4.2743E-02,0.007663130727702398
 4.2763E-02,0.005669057087010827
 4.2784E-02,0.003831395853822345
 4.2804E-02,0.002231160029059932
 4.2824E-02,0.0009390244659637816
 4.2844E-02,1.1914255135895072e-05
 4.2864E-02,-0.0005096572962087174
 4.2885E-02,-0.0006033072597000551
 4.2905E-02,-0.0002655198550939431
 4.2925E-02,0.0004885010242309367
 4.2945E-02,0.0016257020049556918
 4.2965E-02,0.003096634155936448
 4.2986E-02,0.004837430785599775
 4.3006E-02,0.006772327219146945
 4.3026E-02,0.008816762164779845
 4.3046E-02,0.010881041462772075
 4.3066E-02,0.012874426060412683
 4.3087E-02,0.014709381171175288
 4.3107E-02,0.016305653384707988
 4.3127E-02,0.017593863015357498
 4.3147E-02,0.018518403062338137
 4.3167E-02,0.019039576971053847
 4.3188E-02,0.019135022192229723
 4.3208E-02,0.01880050853897654
 4.3228E-02,0.01805016220068624
 4.3248E-02,0.01691608315825062
 4.3268E-02,0.015447254442683998
 4.3289E-02,0.01370763760769806
 4.3309E-02,0.011773427012746172
 4.3329E-02,0.00972956967141524
 4.3349E-02,0.00766579108357217
 4.3369E-02,0.005672442867320772
 4.3390E-02,0.0038364751663413762
 4.3410E-02,0.0022377481839818136
 4.3430E-02,0.0009457805072267044
 4.3450E-02,1.69451504909889e-05
 4.3470E-02,-0.0005078939591064421
 4.3491E-02,-0.0006052622016538592
 4.3511E-02,-0.00027034798254605823
 4.3531E-02,0.0004825080534932602
 4.3551E-02,0.001620271311668341
 4.3571E-02,0.0030926877492372853
 4.3592E-02,0.004834700459575197
 4.3612E-02,0.00676959881865999
 4.3632E-02,0.008812616247664636
 4.3652E-02,0.010874703711174518
 4.3672E-02,0.01286628636865954
 4.3693E-02,0.014700912103869954
 4.3713E-02,0.016298767722211824
 4.3733E-02,0.01759003747645561
 4.3753E-02,0.01851801381605462
 4.3773E-02,0.019041782224822675
 4.3794E-02,0.019138245679888678
 4.3814E-02,0.018803270423995627
 4.3834E-02,0.018051828562273
 4.3854E-02,0.01691715095931212
 4.3874E-02,0.015449030710964064
 4.3895E-02,0.01371148401058789
 4.3915E-02,0.011779963287397454
 4.3935E-02,0.009738248240387139
 4.3955E-02,0.007675062627867393
 4.3975E-02,0.005680428993971103
 4.3996E-02,0.003841805872203454
 4.4016E-02,0.0022401402798532433
 4.4036E-02,0.000946068602236785
 4.4056E-02,1.655814842669082e-05
 4.4076E-02,-0.000507735449895588
 4.4097E-02,-0.0006042126463440045
 4.4117E-02,-0.000269126382576887
 4.4137E-02,0.0004825003353591445
 4.4157E-02,0.0016177050575558317
 4.4177E-02,0.0030870434392180064
 4.4198E-02,0.00482660956363601
 4.4218E-02,0.006760613240352954
 4.4238E-02,0.008804522779791636
 4.4258E-02,0.010868731724706163
 4.4278E-02,0.012862609278726435
 4.4299E-02,0.014698690511818619
 4.4319E-02,0.016296703581326146
 4.4339E-02,0.017587147406874275
 4.4359E-02,0.01851421958651307
 4.4379E-02,0.01903801314078342
 4.4400E-02,0.01913600048467879
 4.4420E-02,0.018803864712308205
 4.4440E-02,0.018055714572075707
 4.4460E-02,0.016923658077945852
 4.4480E-02,0.01545665814806945
 4.4501E-02,0.013718594320263653
 4.4521E-02,0.011785522205729943
 4.4541E-02,0.009742236118502405
 4.4561E-02,0.007678354372170777
 4.4581E-02,0.00568421334661021
 4.4602E-02,0.0038468500374334727
 4.4622E-02,0.0022462824407532473
 4.4642E-02,0.0009522010917282007
 4.4662E-02,2.1110842809640294e-05
 4.4682E-02,-0.000506058173274272
 4.4703E-02,-0.0006058165485075517
 4.4723E-02,-0.00027334500454105295
 4.4743E-02,0.0004770657007067745
 4.4763E-02,0.0016124998095661221
 4.4783E-02,0.0030828794236274276
 4.4804E-02,0.004823335055147806
 4.4824E-02,0.006757296125129762
 4.4844E-02,0.008800045882006462
 4.4864E-02,0.010862488445243958
 4.4884E-02,0.012854937707767248
 4.4905E-02,0.014690819797872252
 4.4925E-02,0.016290237337846132
 4.4945E-02,0.017583346225677615
 4.4965E-02,0.018513446738523343
 4.4985E-02,0.019039622589105906
 4.5006E-02,0.019138718896532514
 4.5026E-02,0.01880646665628147
 4.5046E-02,0.01805764219902536
 4.5066E-02,0.016925268505530385
 4.5086E-02,0.015458975881726355
 4.5107E-02,0.013722701581012832
 4.5127E-02,0.011791905463517945
 4.5147E-02,0.009750427931725139
 4.5167E-02,0.007687056482550689
 4.5187E-02,0.005691839732131405
 4.5208E-02,0.0038522145667088644
 4.5228E-02,0.002249084020618017
 4.5248E-02,0.000953065141382843
 4.5268E-02,2.117391093096367e-05
 4.5288E-02,-0.0005058011847671867
 4.5309E-02,-0.0006050644574452016
 4.5329E-02,-0.00027265853524382604
 4.5349E-02,0.000476563719290965
 4.5369E-02,0.0016097356891734043
 4.5389E-02,0.003077435594743579
 4.5410E-02,0.00481574010924471
 4.5430E-02,0.006748848051093474
 4.5450E-02,0.008792257241404821
 4.5470E-02,0.010856434415543535
 4.5490E-02,0.012850835681287124
 4.5511E-02,0.014688048805595771
 4.5531E-02,0.01628777936954319
 4.5551E-02,0.017580415871120563
 4.5571E-02,0.01850998093557865
 4.5591E-02,0.019036376560641863
 4.5612E-02,0.019136918598815136
 4.5632E-02,0.01880719671734615
 4.5652E-02,0.01806128387512085
 4.5672E-02,0.016931275596640063
 4.5692E-02,0.015466102491503143
 4.5713E-02,0.013729564361399656
 4.5733E-02,0.01179759350598425
 4.5753E-02,0.009754852081894107
 4.5773E-02,0.007690866255029145
 4.5793E-02,0.005695958985693971
 4.5814E-02,0.003857241821697771
 4.5834E-02,0.002254870460341363
 4.5854E-02,0.000958689766279169
 4.5874E-02,2.533021617846733e-05
 4.5894E-02,-0.0005042036095464287
 4.5915E-02,-0.0006063891583934493
 4.5935E-02,-0.0002763804601466264
 4.5955E-02,0.00047159155707755205
 4.5975E-02,0.0016047258416722503
 4.5995E-02,0.003073104660091779
 4.6016E-02,0.004812026393616905
 4.6036E-02,0.006745047451364332
 4.6056E-02,0.008787501038312502
 4.6076E-02,0.010850257661668533
 4.6096E-02,0.012843539501562213
 4.6117E-02,0.014680666827290908
 4.6137E-02,0.016281662265828677
 4.6157E-02,0.017576643825491872
 4.6177E-02,0.01850890137236824
 4.6197E-02,0.01903749934309605
 4.6218E-02,0.01913921721923503
 4.6238E-02,0.018809656632905146
 4.6258E-02,0.01806341458521744
 4.6278E-02,0.016933324673246274
 4.6298E-02,0.015468865455866102
 4.6319E-02,0.013733893194722274
 4.6339E-02,0.011803861132257721
 4.6359E-02,0.009762651550058858
 4.6379E-02,0.0076991016868045645
 4.6399E-02,0.005703284118356654
 4.6420E-02,0.003862624781348879
 4.6440E-02,0.002258000607422854
 4.6460E-02,0.0009600251197875267
 4.6480E-02,2.576860348381155e-05
 4.6500E-02,-0.0005038550000045194
 4.6521E-02,-0.0006058704479980823
 4.6541E-02,-0.00027612731264094886
 4.6561E-02,0.0004706825761532724
 4.6581E-02,0.0016017920821066512
 4.6601E-02,0.0030678164760780786
 4.6622E-02,0.0048048329106989635
 4.6642E-02,0.006737041389053188
 4.6662E-02,0.00877996957093936
 4.6682E-02,0.010844145830973284
 4.6702E-02,0.012839095794598101
 4.6723E-02,0.014677445705457261
 4.6743E-02,0.016278874838758416
 4.6763E-02,0.01757366993675821
 4.6783E-02,0.018505695249847062
 4.6803E-02,0.019034677772953444
 4.6824E-02,0.01913778406538453
 4.6844E-02,0.018810505236210102
 4.6864E-02,0.01806686363735813
 4.6884E-02,0.016938925445061277
 4.6904E-02,0.015475578683952877
 4.6925E-02,0.013740544904081218
 4.6945E-02,0.011809645447090856
 4.6965E-02,0.009767427077832907
 4.6985E-02,0.007703336320438804
 4.7005E-02,0.005707684531571861
 4.7026E-02,0.0038676480212451276
 4.7046E-02,0.002263503817315684
 4.7066E-02,0.0009652365169761765
 4.7086E-02,2.9596790912214416e-05
 4.7106E-02,-0.0005023299296316334
 4.7127E-02,-0.0006069730950728127
 4.7147E-02,-0.00027944440285650125
 4.7167E-02,0.0004660934793692877
 4.7187E-02,0.001596951178339222
 4.7207E-02,0.0030633582844330153
 4.7228E-02,0.004800765054867298
 4.7248E-02,0.006732843984269969
 4.7268E-02,0.008774978022300322
 4.7288E-02,0.010838014649501512
 4.7308E-02,0.012832100301956625
 4.7329E-02,0.01467046260384327
 4.7349E-02,0.016273047962396137
 4.7369E-02,0.017569929016717122
 4.7389E-02,0.018504370438231107
 4.7409E-02,0.019035402959001628
 4.7430E-02,0.019139733767977667
 4.7450E-02,0.01881283962707885
 4.7470E-02,0.018069151476135137
 4.7490E-02,0.016941328705430667
 4.7510E-02,0.015478707402798761
 4.7531E-02,0.013745061469584523
 4.7551E-02,0.011815826247749784
 4.7571E-02,0.009774910491528687
 4.7591E-02,0.007711189501291491
 4.7611E-02,0.005714757739200041
 4.7632E-02,0.0038730386477335227
 4.7652E-02,0.002266897576006459
 4.7672E-02,0.0009669575835115928
 4.7692E-02,3.034814491351199e-05
 4.7712E-02,-0.0005018971103986506
 4.7733E-02,-0.0006066368167815261
 4.7753E-02,-0.0002795416895671752
 4.7773E-02,0.0004648497620620965
 4.7793E-02,0.0015938725660609781
 4.7813E-02,0.0030581907095058826
 4.7834E-02,0.00479389649117115
 4.7854E-02,0.00672520129891924
 4.7874E-02,0.00876766323303204
 4.7894E-02,0.010831863123600132
 4.7914E-02,0.012827381967799735
 4.7935E-02,0.014666872713567104
 4.7955E-02,0.01626998500759268
 4.7975E-02,0.017566910672211274
 4.7995E-02,0.018501369065092213
 4.8015E-02,0.019032925400813628
 4.8036E-02,0.019138603166428514
 4.8056E-02,0.018813791008155546
 4.8076E-02,0.018072448711611445
 4.8096E-02,0.01694659926060902
 4.8116E-02,0.01548507944471498
 4.8137E-02,0.01375153346209072
 4.8157E-02,0.01182168156958095
 4.8177E-02,0.009779968813002433
 4.8197E-02,0.007715772462033272
 4.8217E-02,0.0057193940176983055
 4.8238E-02,0.0038780667644623904
 4.8258E-02,0.0022721757236925915
 4.8278E-02,0.0009718331353899337
 4.8298E-02,3.3905137619359466e-05
 4.8318E-02,-0.0005004370311773953
 4.8339E-02,-0.0006075628147697837
 4.8359E-02,-0.0002825287154873508
 4.8379E-02,0.0004605779961927869
 4.8399E-02,0.0015891774386285681
 4.8419E-02,0.003053636217691009
 4.8440E-02,0.004789543392483991
 4.8460E-02,0.006720678451560755
 4.8480E-02,0.008762473661166455
 4.8500E-02,0.010825761939980158
 4.8520E-02,0.012820627019828498
 4.8541E-02,0.014660214860481054
 4.8561E-02,0.01626439902657199
 4.8581E-02,0.017563200937523716
 4.8601E-02,0.018499848096393264
 4.8621E-02,0.019033325646518648
 4.8642E-02,0.019140262806017966
 4.8662E-02,0.01881601487934125
 4.8682E-02,0.018074857442920988
 4.8702E-02,0.01694928812345595
 4.8722E-02,0.01548850831794231
 4.8743E-02,0.013756208698136546
 4.8763E-02,0.011827797647117035
 4.8783E-02,0.009787197783885863
 4.8803E-02,0.007723312727437034
 4.8823E-02,0.00572625684384311
 4.8844E-02,0.003883457749168321
 4.8864E-02,0.0022757809912493697
 4.8884E-02,0.0009738699429792314
 4.8904E-02,3.491749047113124e-05
 4.8924E-02,-0.0004999275346560201
 4.8945E-02,-0.0006073685150265238
 4.8965E-02,-0.00028290898654747296
 4.8985E-02,0.0004590593458902593
 4.9005E-02,0.001585975624953641
 4.9025E-02,0.003048561944974485
 4.9046E-02,0.004782937773423213
 4.9066E-02,0.006713334423065523
 4.9086E-02,0.008755341203552569
 4.9106E-02,0.010819584114388853
 4.9126E-02,0.012815688025454526
 4.9147E-02,0.014656322853730133
 4.9167E-02,0.016261105682904665
 4.9187E-02,0.017560138801831975
 4.9207E-02,0.018497007624188357
 4.9227E-02,0.019031126493783017
 4.9248E-02,0.019139381137431383
 4.9268E-02,0.01881705478527146
 4.9288E-02,0.01807803500936375
 4.9308E-02,0.016954290236171975
 4.9328E-02,0.015494598745857837
 4.9349E-02,0.013762527860243765
 4.9369E-02,0.011833704630456125
 4.9389E-02,0.009792483524143573
 4.9409E-02,0.0077281811735234445
 4.9429E-02,0.005731090862841478
 4.9450E-02,0.003888496658935812
 4.9470E-02,0.00228088071189026
 4.9490E-02,0.0009784728937001887
 4.9510E-02,3.825070948577545e-05
 4.9530E-02,-0.000498524974740857
 4.9551E-02,-0.0006081538924082979
 4.9571E-02,-0.00028562677781529175
 4.9591E-02,0.0004550505279419001
 4.9611E-02,0.0015814060854733103
 4.9631E-02,0.003043935249910242
 4.9652E-02,0.004778355202793798
 4.9672E-02,0.006708544855725963
 4.9692E-02,0.008749985237857704
 4.9712E-02,0.01081350147317967
 4.9732E-02,0.012809125237344371
 4.9753E-02,0.014649929948706357
 4.9773E-02,0.016255719330484416
 4.9793E-02,0.01755645902142042
 4.9813E-02,0.018495329666728115
 4.9833E-02,0.01903126103942139
 4.9854E-02,0.019140799554149122
 4.9874E-02,0.01881918163408086
 4.9894E-02,0.0180805361112277
 4.9914E-02,0.016957209044270387
 4.9934E-02,0.015498273655404692
 4.9955E-02,0.013767336877037633
 4.9975E-02,0.011839772862585762
 4.9995E-02,0.009799507778600785
 5.0015E-02,0.007735465437507806
 5.0035E-02,0.005737778249715075
 5.0056E-02,0.003893883248681198
 5.0076E-02,0.002284655730668148
 5.0096E-02,0.0009807682661580992
 5.0116E-02,3.9480784928391864e-05
 5.0136E-02,-0.0004979461592829607
 5.0157E-02,-0.0006080694928746867
 5.0177E-02,-0.00028623517136845656
 5.0197E-02,0.00045330640740458435
 5.0217E-02,0.0015780998975639614
 5.0237E-02,0.0030389330578721365
 5.0258E-02,0.0047719623784018405
 5.0278E-02,0.006701446244056776
 5.0298E-02,0.00874300603285836
 5.0318E-02,0.010807307145867834
 5.0338E-02,0.012804008987725032
 5.0359E-02,0.014645790403121913
 5.0379E-02,0.01625223334082806
 5.0399E-02,0.017553354796444834
 5.0419E-02,0.01849261512970084
 5.0439E-02,0.01902928681226365
 5.0460E-02,0.01914012233758788
 5.0480E-02,0.01882029730206353
 5.0500E-02,0.018083619286279648
 5.0520E-02,0.016961992832480923
 5.0540E-02,0.015504131598996827
 5.0561E-02,0.013773526203985474
 5.0581E-02,0.011845716770061025
 5.0601E-02,0.009804976255883818
 5.0621E-02,0.007740567795007135
 5.0641E-02,0.005742777960814504
 5.0662E-02,0.0038989366805800276
 5.0682E-02,0.0022896143820850725
 5.0702E-02,0.000985150281348299
 5.0722E-02,4.2629703789113117e-05
 5.0742E-02,-0.0004965939266771754
 5.0763E-02,-0.0006087427984767053
 5.0783E-02,-0.0002887331918140689
 5.0803E-02,0.00044951557320288847
 5.0823E-02,0.001573638429751807
 5.0843E-02,0.003034252861716316
 5.0864E-02,0.00476719545705146
 5.0884E-02,0.006696438254820211
 5.0904E-02,0.008737510432756276
 5.0924E-02,0.01080123472979334
 5.0944E-02,0.012797599461296192
 5.0965E-02,0.014639613083034223
 5.0985E-02,0.01624701212995728
 5.1005E-02,0.017549702918111636
 5.1025E-02,0.018490811401134375
 5.1045E-02,0.019029203937150577
 5.1066E-02,0.01914134003374113
 5.1086E-02,0.018822339163382246
 5.1106E-02,0.01808619035254179
 5.1126E-02,0.01696509644024829
 5.1146E-02,0.015508007922945643
 5.1167E-02,0.013778447738001144
 5.1187E-02,0.011851749974051959
 5.1207E-02,0.009811835901754846
 5.1227E-02,0.0077476427520790725
 5.1247E-02,0.005749319260304932
 5.1268E-02,0.00390431598822936
 5.1288E-02,0.00229352571292186
 5.1308E-02,0.0009876575185466488
 5.1328E-02,4.4041491173817636e-05
 5.1348E-02,-0.0004959527866701724
 5.1369E-02,-0.0006087428985628659
 5.1389E-02,-0.00028952510671808966
 5.1409E-02,0.00044758686785974905
 5.1429E-02,0.0015702441721205732
 5.1449E-02,0.0030293063091644105
 5.1470E-02,0.004760974867775383
 5.1490E-02,0.006689541284528609
 5.1510E-02,0.00873065990069503
 5.1530E-02,0.010795030964631417
 5.1550E-02,0.012792340841168086
 5.1571E-02,0.014635270668973398
 5.1591E-02,0.016243365023334462
 5.1611E-02,0.017546558941658328
 5.1631E-02,0.018488194947528777
 5.1651E-02,0.019027411061177845
 5.1672E-02,0.019140830393614496
 5.1692E-02,0.018823519256276802
 5.1712E-02,0.018089198970917014
 5.1732E-02,0.016969702543241746
 5.1752E-02,0.015513673877220075
 5.1773E-02,0.013784526848588432
 5.1793E-02,0.011857719642787215
 5.1813E-02,0.009817451084275666
 5.1833E-02,0.0077529367137053285
 5.1853E-02,0.005754457755021095
 5.1874E-02,0.003909386083957489
 5.1894E-02,0.002298373194473493
 5.1914E-02,0.0009918607852480318
 5.1934E-02,4.703894170250548e-05
 5.1954E-02,-0.0004946441197829235
 5.1975E-02,-0.0006093267222411344
 5.1995E-02,-0.00029184355940946533
 5.2015E-02,0.00044397686169708587
 5.2035E-02,0.0015658756353701918
 5.2055E-02,0.003024587079233831
 5.2076E-02,0.004756060080607227
 5.2096E-02,0.006684354578801783
 5.2116E-02,0.008725047270523228
 5.2136E-02,0.01078896283456221
 5.2156E-02,0.012786053329124395
 5.2177E-02,0.014629268543686591
 5.2197E-02,0.016238280160377153
 5.2217E-02,0.017542932434445293
 5.2237E-02,0.018486290301333405
 5.2257E-02,0.019027150093633254
 5.2278E-02,0.019141880935040625
 5.2298E-02,0.018825486781924184
 5.2318E-02,0.01809182243683917
 5.2338E-02,0.016972954350277982
 5.2358E-02,0.015517714842859033
 5.2379E-02,0.013789542776323832
 5.2399E-02,0.011863727491194178
 5.2419E-02,0.009824178451011727
 5.2439E-02,0.007759840656315972
 5.2459E-02,0.005760877594510171
 5.2480E-02,0.003914756566526345
 5.2500E-02,0.002302394083452535
 5.2520E-02,0.0009945417611012647
 5.2540E-02,4.860249921101001e-05
 5.2560E-02,-0.0004939471700317133
 5.2581E-02,-0.0006093912384518842
 5.2601E-02,-0.0002927827526879875
 5.2621E-02,0.0004418973489409822
 5.2641E-02,0.0015624073786926183
 5.2661E-02,0.003019683474429045
 5.2682E-02,0.00474997894313691
 5.2702E-02,0.006677623274927614
 5.2722E-02,0.008718304667387468
 5.2742E-02,0.010782754631090165
 5.2762E-02,0.012780680354918864
 5.2783E-02,0.01462475980646629
 5.2803E-02,0.016234498251381835
 5.2823E-02,0.01753975139055871
 5.2843E-02,0.018483749771685487
 5.2863E-02,0.01902550308195683
 5.2884E-02,0.019141508320676907
 5.2904E-02,0.018826721297610077
 5.2924E-02,0.01809477202818176
 5.2944E-02,0.016977415704341248
 5.2964E-02,0.015523222168387982
 5.2985E-02,0.01379552837170044
 5.3005E-02,0.011869714522530756
 5.3025E-02,0.009829911300765364
 5.3045E-02,0.007765291532283756
 5.3065E-02,0.005766132305774668
 5.3086E-02,0.003919844335371433
 5.3106E-02,0.0023071543038655842
 5.3126E-02,0.0009986007119350986
 5.3146E-02,5.147576968892614e-05
 5.3166E-02,-0.0004926758219017291
 5.3187E-02,-0.0006099034262402247
 5.3207E-02,-0.0002949542971665275
 5.3227E-02,0.0004384374853968334
 5.3247E-02,0.0015581187304896074
 5.3267E-02,0.003014936361093449
 5.3288E-02,0.00474494577493559
 5.3308E-02,0.006672290478528168
 5.3328E-02,0.0087125940733819
 5.3348E-02,0.010776686637232667
 5.3368E-02,0.012774489775511436
 5.3389E-02,0.014618899843049798
 5.3409E-02,0.016229525717755627
 5.3429E-02,0.017536147489277884
 5.3449E-02,0.01848176397152722
 5.3469E-02,0.01902509604398847
 5.3490E-02,0.01914241950703305
 5.3510E-02,0.018828623856010494
 5.3530E-02,0.018097434155553715
 5.3550E-02,0.016980786053103554
 5.3570E-02,0.015527397486729775
 5.3591E-02,0.013800623278243558
 5.3611E-02,0.011875704260395817
 5.3631E-02,0.009836532430643856
 5.3651E-02,0.00777205584799689
 5.3671E-02,0.005772451325495543
 5.3692E-02,0.003925205399663568
 5.3712E-02,0.0023112633653146544
 5.3732E-02,0.0010014243137847307
 5.3752E-02,5.3166219034935696e-05
 5.3772E-02,-0.0004919290379634907
 5.3793E-02,-0.0006100165055943929
 5.3813E-02,-0.0002960113329420673
 5.3833E-02,0.00043623505407681924
 5.3853E-02,0.0015545885780803344
 5.3873E-02,0.0030100659451263567
 5.3894E-02,0.004738977606840284
 5.3914E-02,0.006665695290926695
 5.3934E-02,0.008705941917501889
 5.3954E-02,0.010770477447437119
 5.3974E-02,0.012769024930268035
 5.3995E-02,0.014614254667246179
 5.4015E-02,0.016225630949825213
 5.4035E-02,0.017532932202807324
 5.4055E-02,0.018479281756597986
 5.4075E-02,0.019023566009612643
 5.4096E-02,0.019142158623574795
 5.4116E-02,0.018829904021476274
 5.4136E-02,0.01810033684940432
 5.4156E-02,0.016985129337207163
 5.4176E-02,0.015532773652281937
 5.4197E-02,0.013806529546752901
 5.4217E-02,0.011881702385142792
 5.4237E-02,0.009842359560613082
 5.4257E-02,0.007777635206572421
 5.4277E-02,0.005777803346530154
 5.4298E-02,0.003930311058967112
 5.4318E-02,0.0023159554233874073
 5.4338E-02,0.0010053670383253677
 5.4358E-02,5.593797296475991e-05
 5.4378E-02,-0.000490689316768794
 5.4399E-02,-0.0006104711327835457
 5.4419E-02,-0.0002980624877545652
 5.4439E-02,0.0004329000052470386
 5.4459E-02,0.001550368617421674
 5.4479E-02,0.003005299506583548
 5.4500E-02,0.004733849871205885
 5.4520E-02,0.00666024319941471
 5.4540E-02,0.008700149418978311
 5.4560E-02,0.010764406775401678
 5.4580E-02,0.012762911166913672
 5.4601E-02,0.014608509862323454
 5.4621E-02,0.016220750727546942
 5.4641E-02,0.017529348079478067
 5.4661E-02,0.018477230499563527
 5.4681E-02,0.019023038962384664
 5.4702E-02,0.01914295346488592
 5.4722E-02,0.01883174980778061
 5.4742E-02,0.01810302691981841
 5.4762E-02,0.016988594208640552
 5.4782E-02,0.015537058387131816
 5.4803E-02,0.013811690346151002
 5.4823E-02,0.011887679390817295
 5.4843E-02,0.009848895416647607
 5.4863E-02,0.007784285610861193
 5.4883E-02,0.00578403882663909
 5.4904E-02,0.003935662766417553
 5.4924E-02,0.002320135579676013
 5.4944E-02,0.0010083078889666392
 5.4964E-02,5.7734658535293286e-05
 5.4984E-02,-0.0004898981116578309
 5.5005E-02,-0.0006106202826356156
 5.5025E-02,-0.0002992134700276016
 5.5045E-02,0.00043059767003557066
 5.5065E-02,0.0015467869504694628
 5.5085E-02,0.0030004548095837074
 5.5106E-02,0.0047279732933843445
 5.5126E-02,0.006653759867674248
 5.5146E-02,0.008693572998745399
 5.5166E-02,0.010758198901882503
 5.5186E-02,0.012757372479537519
 5.5207E-02,0.014603752675505424
 5.5227E-02,0.016216761384406454
 5.5247E-02,0.017526101374582194
 5.5267E-02,0.01847479262442155
 5.5287E-02,0.01902160240221456
 5.5308E-02,0.019142783382189856
 5.5328E-02,0.018833067967175793
 5.5348E-02,0.018105892165113224
 5.5368E-02,0.016992841021550933
 5.5388E-02,0.015542325998855687
 5.5409E-02,0.013817529318949636
 5.5429E-02,0.011893683974214248
 5.5449E-02,0.009854798004470203
 5.5469E-02,0.007789970160808431
 5.5489E-02,0.005789472334433155
 5.5510E-02,0.003940785997717368
 5.5530E-02,0.002324774717076517
 5.5550E-02,0.0010121572920707609
 5.5570E-02,6.0423705570950286e-05
 5.5590E-02,-0.0004886848881191325
 5.5611E-02,-0.0006110284301145718
 5.5631E-02,-0.0003011657559614346
 5.5651E-02,0.0004273665423616062
 5.5671E-02,0.0015426260853748206
 5.5691E-02,0.002995675584563835
 5.5712E-02,0.0047227702127208004
 5.5732E-02,0.006648210478472503
 5.5752E-02,0.008687712105022042
 5.5772E-02,0.010752123724597256
 5.5792E-02,0.012751319411352241
 5.5813E-02,0.014598100964655828
 5.5833E-02,0.01621195680314471
 5.5853E-02,0.017522534254374764
 5.5873E-02,0.018472688361067652
 5.5893E-02,0.019020976545276836
 5.5914E-02,0.019143480912339594
 5.5934E-02,0.01883486411623886
 5.5954E-02,0.01810860183920055
 5.5974E-02,0.016996380973840812
 5.5994E-02,0.015546699631336952
 5.6015E-02,0.013822744922559077
 5.6035E-02,0.011899652197357937
 5.6055E-02,0.009861265448865852
 5.6075E-02,0.007796527711788354
 5.6095E-02,0.005795638726719813
 5.6116E-02,0.003946128844243373
 5.6136E-02,0.0023290123439679506
 5.6156E-02,0.0010151947013827523
 5.6176E-02,6.23094890072045e-05
 5.6196E-02,-0.000487854116784799
 5.6217E-02,-0.000611203824356909
 5.6237E-02,-0.00030239129599037414
 5.6257E-02,0.00042498328522774705
 5.6277E-02,0.001539001784290037
 5.6297E-02,0.002990850917643107
 5.6318E-02,0.004716967976289047
 5.6338E-02,0.006641819094080028
 5.6358E-02,0.00868119905525782
 5.6378E-02,0.010745918624101666
 5.6398E-02,0.012745721326700463
 5.6419E-02,0.014593251724605355
 5.6439E-02,0.01620788810682218
 5.6459E-02,0.017519258859540515
 5.6479E-02,0.018470283750172664
 5.6499E-02,0.019019614345891125
 5.6520E-02,0.019143384322190468
 5.6540E-02,0.018836213618245935
 5.6560E-02,0.01811143697515849
 5.6580E-02,0.017000548791536303
 5.6600E-02,0.015551877283774655
 5.6621E-02,0.013828526783154403
 5.6641E-02,0.011905659852071046
 5.6661E-02,0.00986722835570601
 5.6681E-02,0.007802298380843528
 5.6701E-02,0.005801140491317467
 5.6722E-02,0.00395126898117108
 5.6742E-02,0.0023336107108331977
 5.6762E-02,0.0010189694509210648
 5.6782E-02,6.493142908252933e-05
 5.6802E-02,-0.00048666281108402406
 5.6823E-02,-0.0006115741995306752
 5.6843E-02,-0.00030426216977033393
 5.6863E-02,0.0004218388517594342
 5.6883E-02,0.0015348918207804272
 5.6903E-02,0.002986063874932301
 5.6924E-02,0.004711705057437812
 5.6944E-02,0.006636190457295681
 5.6964E-02,0.008675281116697147
 5.6984E-02,0.010739837836197422
 5.7004E-02,0.012739716046456899
 5.7025E-02,0.014587675087677667
 5.7045E-02,0.016203145295508238
 5.7065E-02,0.01751570609711109
 5.7085E-02,0.018468136342403164
 5.7105E-02,0.019018906915871724
 5.7126E-02,0.019144000276569657
 5.7146E-02,0.018837966315558296
 5.7166E-02,0.018114159783683678
 5.7186E-02,0.01700414809598836
 5.7206E-02,0.015556322937721549
 5.7227E-02,0.013833787810340933
 5.7247E-02,0.011911622154409768
 5.7267E-02,0.00987364094213252
 5.7287E-02,0.007808780314758412
 5.7307E-02,0.005807249870367043
 5.7328E-02,0.003956603736007938
 5.7348E-02,0.0023378949505071
 5.7368E-02,0.001022086557712389
 5.7388E-02,6.689209975976364e-05
 5.7408E-02,-0.00048579679189792325
 5.7429E-02,-0.0006117681247706334
 5.7449E-02,-0.0003055465436081165
 5.7469E-02,0.0004193903207200361
 5.7489E-02,0.0015312324643357825
 5.7509E-02,0.002981254931537667
 5.7530E-02,0.0047059632552575595
 5.7550E-02,0.00662987469125387
 5.7570E-02,0.008668821057518842
 5.7590E-02,0.010733636351756067
 5.7610E-02,0.012734070128156668
 5.7631E-02,0.01458275009316113
 5.7651E-02,0.016199009909299747
 5.7671E-02,0.017512404584917856
 5.7691E-02,0.01846575623080272
 5.7711E-02,0.019017603541102015
 5.7732E-02,0.019143962874203956
 5.7752E-02,0.018839341404272375
 5.7772E-02,0.018116970492545084
 5.7792E-02,0.017008251050661557
 5.7812E-02,0.01556142591820752
 5.7833E-02,0.013839521164424372
 5.7853E-02,0.011917630440752844
 5.7873E-02,0.009879652000600437
 5.7893E-02,0.00781462149253874
 5.7913E-02,0.005812808840520765
 5.7934E-02,0.003961759902403689
 5.7954E-02,0.002342462222029302
 5.7974E-02,0.0010258018617751892
 5.7994E-02,6.945986290117772e-05
 5.8014E-02,-0.0004846233451315106
 5.8035E-02,-0.0006121075549142259
 5.8055E-02,-0.00030735015728354693
 5.8075E-02,0.0004163183858237366
 5.8095E-02,0.001527166419474734
 5.8115E-02,0.002976463824093705
 5.8136E-02,0.004700653000227407
 5.8156E-02,0.006624181611602279
 5.8176E-02,0.008662855599791549
 5.8196E-02,0.010727549367660663
 5.8216E-02,0.012728102311291623
 5.8237E-02,0.014577233820010874
 5.8257E-02,0.01619431733505748
 5.8277E-02,0.017508863710865612
 5.8297E-02,0.018463573478706502
 5.8317E-02,0.019016828545961536
 5.8338E-02,0.019144510254010812
 5.8358E-02,0.018841055992626105
 5.8378E-02,0.018119701434025814
 5.8398E-02,0.017011896989791032
 5.8418E-02,0.015565929720159449
 5.8439E-02,0.013844819691842689
 5.8459E-02,0.011923588860434355
 5.8479E-02,0.009886020614980557
 5.8499E-02,0.007821041910762404
 5.8519E-02,0.005818871285358052
 5.8540E-02,0.003967087491290199
 5.8560E-02,0.002346784430896277
 5.8580E-02,0.0010289849314234181
 5.8600E-02,7.148364524617703e-05
 5.8620E-02,-0.00048372589252992286
 5.8641E-02,-0.000612313969579117
 5.8661E-02,-0.0003086806198953115
 5.8681E-02,0.0004138174736641679
 5.8701E-02,0.0015234784611936445
 5.8721E-02,0.002971667366453431
 5.8742E-02,0.0046949604268670155
 5.8762E-02,0.006617928077277264
 5.8782E-02,0.008656439827929414
 5.8802E-02,0.010721351904069129
 5.8822E-02,0.012722417808271509
 5.8843E-02,0.014572246375666677
 5.8863E-02,0.016190125785753393
 5.8883E-02,0.01750553846292323
 5.8903E-02,0.01846121094058002
 5.8923E-02,0.019015571373287746
 5.8944E-02,0.019144520223401233
 5.8964E-02,0.018842451704118933
 5.8984E-02,0.01812249209891146
 5.9004E-02,0.017015946502598297
 5.9024E-02,0.015570970590417597
 5.9045E-02,0.01385051180016208
 5.9065E-02,0.0119295960534777
 5.9085E-02,0.009892070052621887
 5.9105E-02,0.007826940825498292
 5.9125E-02,0.005824478237248859
 5.9146E-02,0.003972258699515993
 5.9166E-02,0.0023513283016403175
 5.9186E-02,0.0010326531727905361
 5.9206E-02,7.400794076448255e-05
 5.9226E-02,-0.00048256673142436034
 5.9247E-02,-0.0006126277962626704
 5.9267E-02,-0.00031042844093498304
 5.9287E-02,0.0004108063453709857
 5.9307E-02,0.001519450396446203
 5.9327E-02,0.002966875008271328
 5.9348E-02,0.004689612908536807
 5.9368E-02,0.0066121826919144835
 5.9388E-02,0.008650434836379065
 5.9408E-02,0.01071525850531828
 5.9428E-02,0.01271647920401401
 5.9449E-02,0.014566778463801017
 5.9469E-02,0.016185473866973898
 5.9489E-02,0.017502007208799374
 5.9509E-02,0.018458999003725315
 5.9529E-02,0.019014740191436872
 5.9550E-02,0.019145009764524858
 5.9570E-02,0.018844132782886682
 5.9590E-02,0.01812522732084011
 5.9610E-02,0.017019628799292332
 5.9630E-02,0.015575521140560765
 5.9651E-02,0.013855841144866328
 5.9671E-02,0.011935552009188815
 5.9691E-02,0.009898403430869729
 5.9711E-02,0.007833311258872107
 5.9731E-02,0.0058305021532297635
 5.9752E-02,0.003977580121119598
 5.9772E-02,0.0023556816066687895
 5.9792E-02,0.0010358910225930621
 5.9812E-02,7.608508318619463e-05
 5.9832E-02,-0.000481641194489737
 5.9853E-02,-0.0006128419793339341
 5.9873E-02,-0.00031179466708263675
 5.9893E-02,0.0004082636695311117
 5.9913E-02,0.0015157393207274085
 5.9933E-02,0.0029620886222454113
 5.9954E-02,0.004683960541904897
 5.9974E-02,0.006605980420349072
 5.9994E-02,0.008644056062744074
 6.0014E-02,0.010709065161517485
 6.0034E-02,0.012710763507389686
 6.0055E-02,0.014561739425779874
 6.0075E-02,0.016181234899524128
 6.0095E-02,0.017498660399311906
 6.0115E-02,0.018456648575934036
 6.0135E-02,0.019013518970944693
 6.0156E-02,0.01914505735098636
 6.0176E-02,0.018845544849749516
 6.0196E-02,0.018128001309033807
 6.0216E-02,0.01702363409475756
 6.0236E-02,0.015580510217435397
 6.0257E-02,0.01386149812450696
 6.0277E-02,0.011941556919495592
 6.0297E-02,0.009904483404679148
 6.0317E-02,0.007839257465943002
 6.0337E-02,0.005836149395167691
 6.0358E-02,0.003982765342607898
 6.0378E-02,0.0023602081887068747
 6.0398E-02,0.0010395222792582775
 6.0418E-02,7.85747759907533e-05
 6.0438E-02,-0.00048049319037481977
 6.0459E-02,-0.0006131343709863796
 6.0479E-02,-0.0003134959821666243
 6.0499E-02,0.00040530372333634956
 6.0519E-02,0.0015117441961045473
 6.0539E-02,0.0029572971057242638
 6.0560E-02,0.004678583871183334
 6.0580E-02,0.006600192675595102
 6.0600E-02,0.008638018224944376
 6.0620E-02,0.010702965382806726
 6.0640E-02,0.012704847529098319
 6.0661E-02,0.014556310086727082
 6.0681E-02,0.01617661568157158
 6.0701E-02,0.017495136707568373
 6.0721E-02,0.018454412310228083
 6.0741E-02,0.01901264084028492
 6.0762E-02,0.019145497913735064
 6.0782E-02,0.018847196366378077
 6.0802E-02,0.018130737856246634
 6.0822E-02,0.017027344448637478
 6.0842E-02,0.01558509815283279
 6.0863E-02,0.013866852657527304
 6.0883E-02,0.011947511368190592
 6.0903E-02,0.00991078855169359
 6.0923E-02,0.007845587339064028
 6.0943E-02,0.005842141785933097
 6.0964E-02,0.00398808161044167
 6.0984E-02,0.0023645871313156576
 6.1000E-02,0.0012764866187863866
