  0.000,0.0
  1.000,0.010595607223304163
  0.000,0.010595607223304163
 2.0510E-05,0.011156850293900105
 4.1020E-05,0.012705608920929815
 6.1530E-05,0.015319667836834562
 8.2040E-05,0.018827695198924164
 1.0255E-04,0.02192267088619848
 1.2306E-04,0.023678297308436812
 1.4357E-04,0.02384764524565117
 1.6408E-04,0.022450928520081403
 1.8459E-04,0.020097977877522512
 2.0510E-04,0.018027682150615697
 2.2561E-04,0.016834277448222152
 2.4612E-04,0.016261634587190613
 2.6663E-04,0.015940087602411775
 2.8714E-04,0.015120515422465905
 3.0765E-04,0.012948882552064793
 3.2816E-04,0.009522507615480623
 3.4867E-04,0.005662692350102957
 3.6918E-04,0.0021542149218665707
 3.8969E-04,-0.00016863065276271185
 4.1020E-04,-0.0007668632635031678
 4.3071E-04,-0.00010373453415982918
 4.5122E-04,0.0009153901449617524
 4.7173E-04,0.0016700780412372647
 4.9224E-04,0.001742226391751141
 5.1275E-04,0.001219113405609372
 5.3326E-04,0.0009400446718612807
 5.5377E-04,0.0017565740059150383
 5.7428E-04,0.003965128243491519
 5.9479E-04,0.007416475889439449
 6.1530E-04,0.01144756336112731
 6.3581E-04,0.014985440810178066
 6.5632E-04,0.017286165294094213
 6.7683E-04,0.01831203247674909
 6.9734E-04,0.01848078934663839
 7.1785E-04,0.01849771920059603
 7.3836E-04,0.019087612089981373
 7.5887E-04,0.020409832087135638
 7.7938E-04,0.021927140970292136
 7.9989E-04,0.022876950411983687
 8.2040E-04,0.022572468899902054
 8.4091E-04,0.020651784523334965
 8.6142E-04,0.017474200885375227
 8.8193E-04,0.013934398850727604
 9.0244E-04,0.010863712073353262
 9.2295E-04,0.008771405732281374
 9.4346E-04,0.00767752286969155
 9.6397E-04,0.007000372480751711
 9.8448E-04,0.005976471493778302
 1.0050E-03,0.004204973892084584
 1.0255E-03,0.0017823537474096203
 1.0460E-03,-0.0007226126127556358
 1.0665E-03,-0.0024360583254845677
 1.0870E-03,-0.0026785086002010633
 1.1075E-03,-0.0013649173646853939
 1.1281E-03,0.0010404915785073804
 1.1486E-03,0.0037599915106429262
 1.1691E-03,0.006013850042467841
 1.1896E-03,0.007448747995607067
 1.2101E-03,0.008328138938191395
 1.2306E-03,0.009271204921903536
 1.2511E-03,0.010885994686471199
 1.2716E-03,0.013468211790162539
 1.2921E-03,0.016744918207173456
 1.3126E-03,0.01994784948647192
 1.3331E-03,0.02224529793001717
 1.3537E-03,0.02312130607965719
 1.3742E-03,0.022568038162705355
 1.3947E-03,0.021119037391169722
 1.4152E-03,0.01956291258541609
 1.4357E-03,0.018472720300973144
 1.4562E-03,0.01794551517561671
 1.4767E-03,0.01760441019412679
 1.4972E-03,0.01678321645382356
 1.5177E-03,0.014919383237717989
 1.5382E-03,0.011930255955253915
 1.5588E-03,0.0082714203301947
 1.5793E-03,0.0047265110108914475
 1.5998E-03,0.0020785591857354997
 1.6203E-03,0.0007378526783151465
 1.6408E-03,0.0005457363960996078
 1.6613E-03,0.0009238911735707075
 1.6818E-03,0.0012183064562774886
 1.7023E-03,0.0010348242064048543
 1.7228E-03,0.0004645455543954856
 1.7433E-03,5.241686459449816e-05
 1.7639E-03,0.000475956762729673
 1.7844E-03,0.002164618515341498
 1.8049E-03,0.005070677457532145
 1.8254E-03,0.008648684317008154
 1.8459E-03,0.012087299495468601
 1.8664E-03,0.014710538913534767
 1.8869E-03,0.016282047794826393
 1.9074E-03,0.017058572041717634
 1.9279E-03,0.01761819146653627
 1.9485E-03,0.018519314882695547
 1.9690E-03,0.019952814055220133
 1.9895E-03,0.02161962210940289
 2.0100E-03,0.022883738398087553
 2.0305E-03,0.02308595560982639
 2.0510E-03,0.02188757021375839
 2.0715E-03,0.019469956288817602
 2.0920E-03,0.016449719815750913
 2.1125E-03,0.013571854919395575
 2.1330E-03,0.011364560108985481
 2.1535E-03,0.009907374547581421
 2.1741E-03,0.008829631653403773
 2.1946E-03,0.007563343759016579
 2.2151E-03,0.0056980209429874865
 2.2356E-03,0.0032330490992016807
 2.2561E-03,0.0006184945776821328
 2.2766E-03,-0.001439312021887039
 2.2971E-03,-0.00232677485734526
 2.3176E-03,-0.001827259738191344
 2.3381E-03,-0.00021345281017084213
 2.3586E-03,0.0018969614506387737
 2.3792E-03,0.0038511988808062007
 2.3997E-03,0.005289755513163448
 2.4202E-03,0.006305681994797686
 2.4407E-03,0.007349581551700152
 2.4612E-03,0.008950550498316652
 2.4817E-03,0.011394699631266039
 2.5022E-03,0.014521993951353528
 2.5227E-03,0.017763467616822168
 2.5432E-03,0.020400283772093207
 2.5638E-03,0.02189669820578678
 2.5843E-03,0.02214142221290064
 2.6048E-03,0.021478517339092867
 2.6253E-03,0.020502532270410944
 2.6458E-03,0.019730115897710412
 2.6663E-03,0.01933164980692021
 2.6868E-03,0.019055767799123588
 2.7073E-03,0.01838097759658987
 2.7278E-03,0.01682169075417585
 2.7483E-03,0.014222566552604302
 2.7688E-03,0.010877921240050496
 2.7894E-03,0.0074200018755248625
 2.8099E-03,0.00453650482583998
 2.8304E-03,0.002657354181379727
 2.8509E-03,0.0017766005925528069
 2.8714E-03,0.001504223399480674
 2.8919E-03,0.00131051037292745
 2.9124E-03,0.0008319153468667101
 2.9329E-03,8.23225850763871e-05
 2.9534E-03,-0.0005453263300192447
 2.9739E-03,-0.0004896927713576921
 2.9945E-03,0.0006735679500137131
 3.0150E-03,0.0029917897092383828
 3.0355E-03,0.006082444224271939
 3.0560E-03,0.009299044293695612
 3.0765E-03,0.01203075070858891
 3.0970E-03,0.013975305494415165
 3.1175E-03,0.01524550532114766
 3.1380E-03,0.01625917146395901
 3.1585E-03,0.01747065023873586
 3.1790E-03,0.01908753615664891
 3.1996E-03,0.0209268446478008
 3.2201E-03,0.02248527757173036
 3.2406E-03,0.02318464034723281
 3.2611E-03,0.02266604671349879
 3.2816E-03,0.020978111247868275
 3.3021E-03,0.01855799006874894
 3.3226E-03,0.016018097314596916
 3.3431E-03,0.013852767214654758
 3.3636E-03,0.01221599618827867
 3.3841E-03,0.01088519750003404
 3.4047E-03,0.009428582059905162
 3.4252E-03,0.007482973651159196
 3.4457E-03,0.004992560410933009
 3.4662E-03,0.002283354583907894
 3.4867E-03,-6.721065740308623e-05
 3.5072E-03,-0.0014986101106087288
 3.5277E-03,-0.001731706553600978
 3.5482E-03,-0.000892049693469003
 3.5687E-03,0.0005689474762898642
 3.5892E-03,0.0021126804378819772
 3.6098E-03,0.003386743098770407
 3.6303E-03,0.004388554217738335
 3.6508E-03,0.005434913956320269
 3.6713E-03,0.0069571502835019524
 3.6918E-03,0.009231298088024163
 3.7123E-03,0.012186614099936391
 3.7328E-03,0.015395592056692383
 3.7533E-03,0.0182516692229827
 3.7738E-03,0.020241621398542953
 3.7943E-03,0.021171764885339776
 3.8149E-03,0.0212312298837085
 3.8354E-03,0.02086057077887582
 3.8559E-03,0.020497806433622177
 3.8764E-03,0.020337916421522714
 3.8969E-03,0.020231876126217317
 3.9174E-03,0.01977723147983525
 3.9379E-03,0.018551573905191392
 3.9584E-03,0.016363870710519975
 3.9789E-03,0.013389617601903422
 3.9994E-03,0.010118618731285167
 4.0200E-03,0.007142515625821716
 4.0405E-03,0.00489252803814041
 4.0610E-03,0.003463689554958542
 4.0815E-03,0.0026149860562768184
 4.1020E-03,0.0019412922089072728
 4.1225E-03,0.0011239489821909428
 4.1430E-03,0.00012679641902654825
 4.1635E-03,-0.0007664376367686099
 4.1840E-03,-0.0010928397785664433
 4.2045E-03,-0.00045402024002060535
 4.2251E-03,0.0012654570426631991
 4.2456E-03,0.003819280965370555
 4.2661E-03,0.006701816235378405
 4.2866E-03,0.009378363568068647
 4.3071E-03,0.011523083694822224
 4.3276E-03,0.013141650125648562
 4.3481E-03,0.01451698919274413
 4.3686E-03,0.016009489886112355
 4.3891E-03,0.017819817473171136
 4.4096E-03,0.01984153303559646
 4.4302E-03,0.02168206150924332
 4.4507E-03,0.02284154755433907
 4.4712E-03,0.022956173511555534
 4.4917E-03,0.021978222005293237
 4.5122E-03,0.020198688228477923
 4.5327E-03,0.018101836243986872
 4.5532E-03,0.01612913829212439
 4.5737E-03,0.01447643995360461
 4.5942E-03,0.013029499569041472
 4.6147E-03,0.011469126069472937
 4.6353E-03,0.009487381151221636
 4.6558E-03,0.006998428879430257
 4.6763E-03,0.004231297501014716
 4.6968E-03,0.0016545387237947113
 4.7173E-03,-0.00022836065615374434
 4.7378E-03,-0.0011061751470036324
 4.7583E-03,-0.000992216808289524
 4.7788E-03,-0.0001946278558165723
 4.7993E-03,0.0008577623394293739
 4.8198E-03,0.0018414190603820268
 4.8404E-03,0.0026970133637103763
 4.8609E-03,0.003638792049607026
 4.8814E-03,0.005011392343711934
 4.9019E-03,0.0070714148312049415
 4.9224E-03,0.009810415401925801
 4.9429E-03,0.01291386160177852
 4.9634E-03,0.01587885095555438
 4.9839E-03,0.018230093361944096
 5.0044E-03,0.019722370170049037
 5.0249E-03,0.02042503508192698
 5.0455E-03,0.020646507843094748
 5.0660E-03,0.020741152030901162
 5.0865E-03,0.020902265276630503
 5.1070E-03,0.02105098349966383
 5.1275E-03,0.020879323096566593
 5.1480E-03,0.020023751780697333
 5.1685E-03,0.01827663084745368
 5.1890E-03,0.01572311315227349
 5.2095E-03,0.012730795033192563
 5.2300E-03,0.009797148813773743
 5.2506E-03,0.007334267123587807
 5.2711E-03,0.005502475079167167
 5.2916E-03,0.004177489553993363
 5.3121E-03,0.0030650184666546525
 5.3326E-03,0.0018995226283994586
 5.3531E-03,0.0006204155355513745
 5.3736E-03,-0.0005682157869669837
 5.3941E-03,-0.0012860968008762495
 5.4146E-03,-0.001166784590992847
 5.4351E-03,-4.936711072610887e-05
 5.4557E-03,0.0019285237839080213
 5.4762E-03,0.004384885014053414
 5.4967E-03,0.006866304271627575
 5.5172E-03,0.00904962903667837
 5.5377E-03,0.010867968008630938
 5.5582E-03,0.012497112381924443
 5.5787E-03,0.014212341578173991
 5.5992E-03,0.016193808612615126
 5.6197E-03,0.018385244450371825
 5.6402E-03,0.020481945038250304
 5.6608E-03,0.022055498218776465
 5.6813E-03,0.022750531186206284
 5.7018E-03,0.022450774143976494
 5.7223E-03,0.02132801825215426
 5.7428E-03,0.019749413285558768
 5.7633E-03,0.018092959187869743
 5.7838E-03,0.01656854017430365
 5.8043E-03,0.015137689723959322
 5.8248E-03,0.013572212566985545
 5.8453E-03,0.011618195427177841
 5.8659E-03,0.00917658867338372
 5.8864E-03,0.006403313503262069
 5.9069E-03,0.0036747961083624485
 5.9274E-03,0.0014360106323687795
 5.9479E-03,9.710494070375988e-06
 5.9684E-03,-0.0005347483951633911
 5.9889E-03,-0.00038644311364262253
 6.0094E-03,0.00012859299342839572
 6.0299E-03,0.0007299374395979347
 6.0504E-03,0.0013298747914489595
 6.0710E-03,0.002068106479619006
 6.0915E-03,0.0032170470485377435
 6.1120E-03,0.005009109101908548
 6.1325E-03,0.0074783341640535395
 6.1530E-03,0.010400935838319901
 6.1735E-03,0.013367248053625998
 6.1940E-03,0.015948695588193697
 6.2145E-03,0.017873758603175097
 6.2350E-03,0.019122491172942582
 6.2555E-03,0.019892330884166514
 6.2761E-03,0.02045582214195893
 6.2966E-03,0.020987418882085922
 6.3171E-03,0.021451951051532962
 6.3376E-03,0.021613891726451024
 6.3581E-03,0.021162224054073305
 6.3786E-03,0.01988447151754121
 6.3991E-03,0.017797534442087867
 6.4196E-03,0.015165914051560571
 6.4401E-03,0.01239735858215867
 6.4606E-03,0.009870243321826759
 6.4812E-03,0.00778210583920492
 6.5017E-03,0.006096593515165918
 6.5222E-03,0.004613662824804887
 6.5427E-03,0.0031230667494102178
 6.5632E-03,0.0015579142636480364
 6.5837E-03,6.585573967979254e-05
 6.6042E-03,-0.00104043420103961
 6.6247E-03,-0.0014278532608944976
 6.6452E-03,-0.0009069346985367442
 6.6657E-03,0.000470215612333579
 6.6863E-03,0.002428897038179342
 6.7068E-03,0.004597450655689672
 6.7273E-03,0.00667395800304933
 6.7478E-03,0.008547601727800894
 6.7683E-03,0.010312831382650784
 6.7888E-03,0.012171377459212566
 6.8093E-03,0.01427631272046741
 6.8298E-03,0.016602578311256007
 6.8503E-03,0.018913988196975325
 6.8708E-03,0.02084557214292365
 6.8914E-03,0.022059217116447788
 6.9119E-03,0.022391917111064853
 6.9324E-03,0.021919878774911306
 6.9529E-03,0.020906122723385653
 6.9734E-03,0.019660430044130244
 6.9939E-03,0.018386007754667578
 7.0144E-03,0.017093193766110983
 7.0349E-03,0.015624191198856304
 7.0554E-03,0.013773739928115022
 7.0759E-03,0.01143999826373022
 7.0965E-03,0.0087242503979966
 7.1170E-03,0.005925408370914197
 7.1375E-03,0.0034309338429728445
 7.1580E-03,0.001560170048878513
 7.1785E-03,0.0004405683409636444
 7.1990E-03,-2.052520676818734e-05
 7.2195E-03,-5.6152201923688125e-05
 7.2400E-03,0.00010404305603723508
 7.2605E-03,0.0003649641423082446
 7.2810E-03,0.0008154380884224234
 7.3016E-03,0.0016704611342583703
 7.3221E-03,0.0031377644796097524
 7.3426E-03,0.0052800369257659675
 7.3631E-03,0.00794632703129242
 7.3836E-03,0.010809790879695089
 7.4041E-03,0.01349328474965206
 7.4246E-03,0.015718474447392
 7.4451E-03,0.017402128405243068
 7.4656E-03,0.018651373042815195
 7.4861E-03,0.0196630301611881
 7.5067E-03,0.020582450793644277
 7.5272E-03,0.021397969275188312
 7.5477E-03,0.021927541103656415
 7.5682E-03,0.021904898558982974
 7.5887E-03,0.021119725967976184
 7.6092E-03,0.019537740247469532
 7.6297E-03,0.017337170397563568
 7.6502E-03,0.014842202345345844
 7.6707E-03,0.012387983042247785
 7.6912E-03,0.010187134288175572
 7.7118E-03,0.00826601075582579
 7.7323E-03,0.0065015204312053035
 7.7528E-03,0.00473621822080398
 7.7733E-03,0.00290851144943446
 7.7938E-03,0.0011274746659972006
 7.8143E-03,-0.0003484287381313445
 7.8348E-03,-0.0012184205955976073
 7.8553E-03,-0.001276771120989525
 7.8758E-03,-0.0005091761681535976
 7.8963E-03,0.0009015314413838021
 7.9169E-03,0.00266268362598321
 7.9374E-03,0.004506204138771474
 7.9579E-03,0.006300274625975366
 7.9784E-03,0.008081048194089845
 7.9989E-03,0.009989832990884991
 8.0194E-03,0.012151164712171411
 8.0399E-03,0.014558207477035219
 8.0604E-03,0.01702778119939004
 8.0809E-03,0.019250410268335422
 8.1014E-03,0.02091064011798235
 8.1220E-03,0.02181583586232919
 8.1425E-03,0.0219672264563339
 8.1630E-03,0.021537397488191425
 8.1835E-03,0.02076757591445388
 8.2040E-03,0.01983979922009821
 8.2245E-03,0.018791428980201016
 8.2450E-03,0.01751622606097632
 8.2655E-03,0.015849926315733953
 8.2860E-03,0.013693454669659468
 8.3065E-03,0.01110713353991745
 8.3271E-03,0.00832474142054214
 8.3476E-03,0.0056786553261612225
 8.3681E-03,0.0034740000589990267
 8.3886E-03,0.0018761123824274422
 8.4091E-03,0.0008681189418691204
 8.4296E-03,0.0002983742365927824
 8.4501E-03,-9.43472310154322e-06
 8.4706E-03,-0.00014297970992968313
 8.4911E-03,-4.5103502478841974e-05
 8.5116E-03,0.0004557157368023655
 8.5322E-03,0.0015448037229699213
 8.5527E-03,0.0033042598865138167
 8.5732E-03,0.005641771828122131
 8.5937E-03,0.008303571309932287
 8.6142E-03,0.010965868606361957
 8.6347E-03,0.01335824371425811
 8.6552E-03,0.015356080857728518
 8.6757E-03,0.01699577297671211
 8.6962E-03,0.01840727555489025
 8.7167E-03,0.019702022824315362
 8.7373E-03,0.020877303761207888
 8.7578E-03,0.021788902594970655
 8.7783E-03,0.022207256660511564
 8.7988E-03,0.021927963244647606
 8.8193E-03,0.020878594916477297
 8.8398E-03,0.019165632594046453
 8.8603E-03,0.01703681063694946
 8.8808E-03,0.014778487521225122
 8.9013E-03,0.012601298290316264
 8.9218E-03,0.01057269342759071
 8.9424E-03,0.008629548029989026
 8.9629E-03,0.006661522269718275
 8.9834E-03,0.0046187059908883235
 9.0039E-03,0.0025847052066884234
 9.0244E-03,0.0007750274213699868
 9.0449E-03,-0.0005396745573958304
 9.0654E-03,-0.001146285286185789
 9.0859E-03,-0.0009798182146968485
 9.1064E-03,-0.00014556172781418554
 9.1269E-03,0.0011378405774042678
 9.1475E-03,0.0026440064508897613
 9.1680E-03,0.004237901495678587
 9.1885E-03,0.005917339943622502
 9.2090E-03,0.0077767347477165835
 9.2295E-03,0.00991419509228282
 9.2500E-03,0.012332951394710766
 9.2705E-03,0.014890954461038566
 9.2910E-03,0.017327005700204602
 9.3115E-03,0.019351436728816323
 9.3320E-03,0.020755381809977328
 9.3526E-03,0.02148292319811915
 9.3731E-03,0.02162995010308699
 9.3936E-03,0.021372058141354764
 9.4141E-03,0.020860804283098753
 9.4346E-03,0.020143600694998827
 9.4551E-03,0.01914924412775784
 9.4756E-03,0.017745797555317706
 9.4961E-03,0.015839009129543148
 9.5166E-03,0.013457969704606405
 9.5371E-03,0.010781488665311582
 9.5577E-03,0.008089955529609436
 9.5782E-03,0.005666563554505151
 9.5987E-03,0.0036980336233714316
 9.6192E-03,0.0022247516278411476
 9.6397E-03,0.0011639637177645224
 9.6602E-03,0.00039138285682372234
 9.6807E-03,-0.00016365223557427843
 9.7012E-03,-0.0004607505998993761
 9.7217E-03,-0.00035951582073753244
 9.7422E-03,0.0003067388403772606
 9.7628E-03,0.0016336588780829701
 9.7833E-03,0.0035764939893920037
 9.8038E-03,0.00594575049352185
 9.8243E-03,0.008471007105854796
 9.8448E-03,0.010900649468046045
 9.8653E-03,0.013086854254210026
 9.8858E-03,0.015013316512486498
 9.9063E-03,0.0167536110198593
 9.9268E-03,0.018384625816705108
 9.9473E-03,0.019902909960618734
 9.9679E-03,0.021189786703924074
 9.9884E-03,0.02204490692502391
 1.0009E-02,0.02227146517411352
 1.0029E-02,0.021768808884460557
 1.0050E-02,0.020584106657084295
 1.0070E-02,0.018896175139121202
 1.0091E-02,0.016940053557870982
 1.0111E-02,0.014911620219664207
 1.0132E-02,0.012901322106106875
 1.0152E-02,0.01089002380438441
 1.0173E-02,0.008806801780564106
 1.0193E-02,0.006615796836408607
 1.0214E-02,0.004384149174635691
 1.0234E-02,0.0022933563720471
 1.0255E-02,0.0005864878121627671
 1.0276E-02,-0.0005224317755586931
 1.0296E-02,-0.0009307123327010538
 1.0317E-02,-0.0006792360222357659
 1.0337E-02,8.094252710639442e-05
 1.0358E-02,0.0011691905434694423
 1.0378E-02,0.00246051543756181
 1.0399E-02,0.003931133046029934
 1.0419E-02,0.005641599444193577
 1.0440E-02,0.007668003040587911
 1.0460E-02,0.010019241111213419
 1.0481E-02,0.012585751546785479
 1.0501E-02,0.015148498247127938
 1.0522E-02,0.0174453235144384
 1.0542E-02,0.019261651305609927
 1.0563E-02,0.020499770724182513
 1.0583E-02,0.021192235037726236
 1.0604E-02,0.02145426270321102
 1.0624E-02,0.021401858615876457
 1.0645E-02,0.021079869755866797
 1.0665E-02,0.020438234743380895
 1.0686E-02,0.019368615296965586
 1.0706E-02,0.017781296110495948
 1.0727E-02,0.015680764611091573
 1.0747E-02,0.013198990550682103
 1.0768E-02,0.010567665359405405
 1.0788E-02,0.00804264867470008
 1.0809E-02,0.005818667670649716
 1.0829E-02,0.003976970343363605
 1.0850E-02,0.0024909468832023597
 1.0870E-02,0.001284216544952874
 1.0891E-02,0.00030841050549541285
 1.0911E-02,-0.0004019181003026348
 1.0932E-02,-0.0007271769440934681
 1.0952E-02,-0.000515043137754337
 1.0973E-02,0.00034012831182442737
 1.0993E-02,0.0018325633050484719
 1.1014E-02,0.0038292411480126067
 1.1034E-02,0.006111831566405076
 1.1055E-02,0.008455333812049663
 1.1075E-02,0.01070356115651971
 1.1096E-02,0.012803731283250682
 1.1116E-02,0.01478427427282138
 1.1137E-02,0.01668999212416468
 1.1157E-02,0.01851105163170014
 1.1178E-02,0.02014523993676147
 1.1198E-02,0.021415019795245047
 1.1219E-02,0.02213171400285044
 1.1239E-02,0.02217405049050264
 1.1260E-02,0.021540529399726508
 1.1280E-02,0.020348682699947686
 1.1301E-02,0.018782014335676635
 1.1322E-02,0.01701251583509833
 1.1342E-02,0.015138859331846314
 1.1363E-02,0.013171401352884454
 1.1383E-02,0.011069929352199713
 1.1404E-02,0.008812053587628061
 1.1424E-02,0.00645403937735519
 1.1445E-02,0.004150056317577047
 1.1465E-02,0.002117928733392613
 1.1486E-02,0.0005677262300448709
 1.1506E-02,-0.00037096198456750386
 1.1527E-02,-0.0006865988682283535
 1.1547E-02,-0.0004700279027691772
 1.1568E-02,0.0001449157465436811
 1.1588E-02,0.0010526032889833707
 1.1609E-02,0.0022211954481917303
 1.1629E-02,0.003689304495316164
 1.1650E-02,0.0055166591247260335
 1.1670E-02,0.007716196103947423
 1.1691E-02,0.010204919142593572
 1.1711E-02,0.012801078308950165
 1.1732E-02,0.015270958356669044
 1.1752E-02,0.01740259195981234
 1.1773E-02,0.019069664171940587
 1.1793E-02,0.020254109221062445
 1.1814E-02,0.02101762033941255
 1.1834E-02,0.021438987492136227
 1.1855E-02,0.021551740293324056
 1.1875E-02,0.02131580727003794
 1.1896E-02,0.020638352445893564
 1.1916E-02,0.019432522491230526
 1.1937E-02,0.017682514771647805
 1.1957E-02,0.015479845094096077
 1.1978E-02,0.013010726091717786
 1.1998E-02,0.010500013406183908
 1.2019E-02,0.008139690141980684
 1.2039E-02,0.006037532602246737
 1.2060E-02,0.004210577054471467
 1.2080E-02,0.0026242805347331376
 1.2101E-02,0.0012543905747614329
 1.2121E-02,0.00013700033059234665
 1.2142E-02,-0.0006210053865691901
 1.2162E-02,-0.0008775963073329844
 1.2183E-02,-0.000519227858039178
 1.2203E-02,0.0004805964224685894
 1.2224E-02,0.0020384390680624307
 1.2244E-02,0.003985896313957112
 1.2265E-02,0.00612989879252382
 1.2285E-02,0.008317778176193525
 1.2306E-02,0.01047453322644799
 1.2327E-02,0.01259475657105978
 1.2347E-02,0.014695775463054365
 1.2368E-02,0.016759001633966358
 1.2388E-02,0.0186925379915862
 1.2409E-02,0.020336644722883403
 1.2429E-02,0.02151083139428017
 1.2450E-02,0.02207918096742608
 1.2470E-02,0.022000702823311718
 1.2491E-02,0.02133919836670779
 1.2511E-02,0.020228189372320758
 1.2532E-02,0.018809719301487553
 1.2552E-02,0.01717901004472591
 1.2573E-02,0.015363196965535005
 1.2593E-02,0.013343824997021254
 1.2614E-02,0.011109367197646875
 1.2634E-02,0.008708088557236641
 1.2655E-02,0.006271446911002157
 1.2675E-02,0.003993843400709646
 1.2696E-02,0.002077557825314387
 1.2716E-02,0.0006699643370427942
 1.2737E-02,-0.0001759051848023675
 1.2757E-02,-0.000498625398595337
 1.2778E-02,-0.0003865458976782077
 1.2798E-02,8.000847652670623e-05
 1.2819E-02,0.0008716151827556302
 1.2839E-02,0.0020153019551955404
 1.2860E-02,0.0035605247435877563
 1.2880E-02,0.005524527903167207
 1.2901E-02,0.007847127183122384
 1.2921E-02,0.010380180024308263
 1.2942E-02,0.01291894665360933
 1.2962E-02,0.015260710367342544
 1.2983E-02,0.017261870033228092
 1.3003E-02,0.018865653739905702
 1.3024E-02,0.020088100383876602
 1.3044E-02,0.02097180530666921
 1.3065E-02,0.021533581708820335
 1.3085E-02,0.02173490519696851
 1.3106E-02,0.02149145112233773
 1.3126E-02,0.020716928982999438
 1.3147E-02,0.019377949796005742
 1.3167E-02,0.01753056556705576
 1.3188E-02,0.015318553528627661
 1.3208E-02,0.012933415865184882
 1.3229E-02,0.010555864052088106
 1.3249E-02,0.008307840818025637
 1.3270E-02,0.006238142881348751
 1.3290E-02,0.004346762210544978
 1.3311E-02,0.0026326973917699184
 1.3331E-02,0.0011378903220926957
 1.3352E-02,-3.7625174743380905e-05
 1.3373E-02,-0.0007587241846770275
 1.3393E-02,-0.0009053052928325849
 1.3414E-02,-0.0004239818089436231
 1.3434E-02,0.0006452456722470504
 1.3455E-02,0.002181095186957699
 1.3475E-02,0.004025710951311776
 1.3496E-02,0.006039194876499756
 1.3516E-02,0.008136561703814308
 1.3537E-02,0.010289426452237195
 1.3557E-02,0.012493609564522695
 1.3578E-02,0.014721924591149427
 1.3598E-02,0.016889190374469214
 1.3619E-02,0.018849944426832736
 1.3639E-02,0.02043194461407468
 1.3660E-02,0.021489523429217068
 1.3680E-02,0.021950227573200868
 1.3701E-02,0.02183152165126746
 1.3721E-02,0.021219854412363497
 1.3742E-02,0.020223839974495145
 1.3762E-02,0.018926414149107958
 1.3783E-02,0.017360736740933427
 1.3803E-02,0.01552149904241143
 1.3824E-02,0.01340419131608787
 1.3844E-02,0.01104990284747166
 1.3865E-02,0.008570227036845136
 1.3885E-02,0.006137315852793357
 1.3906E-02,0.003942452759577512
 1.3926E-02,0.0021429884166122943
 1.3947E-02,0.0008234839200314352
 1.3967E-02,-1.0598053106120422e-05
 1.3988E-02,-0.00040525994178335935
 1.4008E-02,-0.0004124517970717325
 1.4029E-02,-5.157919397423891e-05
 1.4049E-02,0.0007013468673045013
 1.4070E-02,0.0018913820879800994
 1.4090E-02,0.0035414858028423686
 1.4111E-02,0.005612140781388053
 1.4131E-02,0.00798616858501493
 1.4152E-02,0.010488158557257779
 1.4172E-02,0.012929993571328076
 1.4193E-02,0.015160484836186726
 1.4213E-02,0.01709516803440306
 1.4234E-02,0.018712859314239626
 1.4254E-02,0.02002303207729904
 1.4275E-02,0.02102322873417187
 1.4295E-02,0.021670596341876146
 1.4316E-02,0.02188372873065443
 1.4336E-02,0.021574561307640773
 1.4357E-02,0.02069382016536645
 1.4378E-02,0.019266052179750165
 1.4398E-02,0.017395468624146766
 1.4419E-02,0.015238912673511724
 1.4439E-02,0.012959199502782553
 1.4460E-02,0.010681947092350375
 1.4480E-02,0.0084767051547031
 1.4501E-02,0.006370051094505447
 1.4521E-02,0.004381369865026791
 1.4542E-02,0.0025601991037810627
 1.4562E-02,0.0010034590108016868
 1.4583E-02,-0.00015821235488571914
 1.4603E-02,-0.0007992587830980554
 1.4624E-02,-0.0008439322132658724
 1.4644E-02,-0.00029440039954791233
 1.4665E-02,0.0007718685289735986
 1.4685E-02,0.0022338212236679353
 1.4706E-02,0.003971241350141723
 1.4726E-02,0.00589936655711556
 1.4747E-02,0.007976856620133978
 1.4767E-02,0.010184684931676229
 1.4788E-02,0.012489070561477696
 1.4808E-02,0.014810064507308492
 1.4829E-02,0.017014416509338704
 1.4849E-02,0.018938496553965033
 1.4870E-02,0.02043112194159183
 1.4890E-02,0.02139553623854638
 1.4911E-02,0.02181007637113692
 1.4931E-02,0.021718069568656188
 1.4952E-02,0.021193381990386423
 1.4972E-02,0.020300400741985306
 1.4993E-02,0.019069588405747698
 1.5013E-02,0.017500953883142045
 1.5034E-02,0.015592574107980733
 1.5054E-02,0.01337775289791209
 1.5075E-02,0.010949649668789915
 1.5095E-02,0.008458696992354235
 1.5116E-02,0.006082353259354158
 1.5136E-02,0.0039811579890624725
 1.5157E-02,0.002262100956865504
 1.5177E-02,0.0009663703816798878
 1.5198E-02,8.579233442972166e-05
 1.5218E-02,-0.00040253441196105714
 1.5239E-02,-0.0005030185339028076
 1.5259E-02,-0.00018810020543464512
 1.5280E-02,0.0005880617305210531
 1.5300E-02,0.0018560575856218383
 1.5321E-02,0.0035959707220793785
 1.5341E-02,0.005719742182790682
 1.5362E-02,0.008081549624191995
 1.5382E-02,0.010512192549859599
 1.5403E-02,0.012861173553838647
 1.5424E-02,0.015026391628443572
 1.5444E-02,0.016958065804288474
 1.5465E-02,0.018637124648356745
 1.5485E-02,0.020041635717735463
 1.5506E-02,0.021120888247739274
 1.5526E-02,0.021792344138620107
 1.5547E-02,0.021964217957726913
 1.5567E-02,0.021572552119682026
 1.5588E-02,0.020613664895003984
 1.5608E-02,0.01915496636423164
 1.5629E-02,0.01731820335563282
 1.5649E-02,0.01524332636345664
 1.5670E-02,0.013050908727707191
 1.5690E-02,0.010821317316478972
 1.5711E-02,0.0085995999769503
 1.5731E-02,0.006421275586883415
 1.5752E-02,0.004343172889341034
 1.5772E-02,0.002460935194724052
 1.5793E-02,0.000902038381228839
 1.5813E-02,-0.0002037262435614464
 1.5834E-02,-0.0007623056689973801
 1.5854E-02,-0.0007432942894521523
 1.5875E-02,-0.00018408947016358267
 1.5895E-02,0.000831210521251523
 1.5916E-02,0.0022068921010262215
 1.5936E-02,0.003866628942658921
 1.5957E-02,0.005765023971618171
 1.5977E-02,0.007875006327889587
 1.5998E-02,0.010159433960438452
 1.6018E-02,0.012543766229307411
 1.6039E-02,0.014906207202299522
 1.6059E-02,0.017092557263274404
 1.6080E-02,0.018949992406232335
 1.6100E-02,0.020363973291615243
 1.6121E-02,0.021280736043332284
 1.6141E-02,0.021705237501109868
 1.6162E-02,0.021677081237672858
 1.6182E-02,0.021238147974626937
 1.6203E-02,0.020409510547197175
 1.6223E-02,0.01918976152438203
 1.6244E-02,0.01757507933596819
 1.6264E-02,0.015589488542430698
 1.6285E-02,0.013308101444755095
 1.6305E-02,0.01085961514968911
 1.6326E-02,0.008405082971087482
 1.6346E-02,0.006102272854697088
 1.6367E-02,0.004072298790294458
 1.6387E-02,0.002383850942047268
 1.6408E-02,0.0010610650776893343
 1.6429E-02,0.00010880243277226732
 1.6449E-02,-0.00045970231485230827
 1.6470E-02,-0.0006086572550408644
 1.6490E-02,-0.00028726103601742485
 1.6511E-02,0.0005446271568484305
 1.6531E-02,0.0018862255634242821
 1.6552E-02,0.0036772754759574503
 1.6572E-02,0.0058016954656464476
 1.6593E-02,0.008112645454671562
 1.6613E-02,0.010467324409640284
 1.6634E-02,0.012755049905057296
 1.6654E-02,0.014905965219234074
 1.6675E-02,0.01687805870879313
 1.6695E-02,0.01863159654735579
 1.6716E-02,0.02010655127203499
 1.6736E-02,0.021216769143400396
 1.6757E-02,0.021865474699404117
 1.6777E-02,0.021975123045861425
 1.6798E-02,0.02151671104957695
 1.6818E-02,0.020523611751247495
 1.6839E-02,0.019082803003183515
 1.6859E-02,0.01730787139031591
 1.6880E-02,0.015307304313386366
 1.6900E-02,0.013163559946666743
 1.6921E-02,0.010932267131480216
 1.6941E-02,0.008659974340186078
 1.6962E-02,0.006408940456775517
 1.6982E-02,0.004273751965114621
 1.7003E-02,0.002378954877365375
 1.7023E-02,0.0008570192466272888
 1.7044E-02,-0.00018356077424956023
 1.7064E-02,-0.0006848904586775187
 1.7085E-02,-0.0006484417057081432
 1.7105E-02,-0.00012244313059394296
 1.7126E-02,0.0008248426500587025
 1.7146E-02,0.0021318068013238324
 1.7167E-02,0.0037565682471178445
 1.7187E-02,0.005670512849209787
 1.7208E-02,0.007837054147683285
 1.7228E-02,0.010188439606065074
 1.7249E-02,0.012614653438023272
 1.7269E-02,0.014972232316161259
 1.7290E-02,0.01711040987476421
 1.7310E-02,0.0189029135913235
 1.7331E-02,0.02027073010655867
 1.7351E-02,0.021185801100101338
 1.7372E-02,0.02165544409392633
 1.7392E-02,0.02169711429087465
 1.7413E-02,0.021317767141738803
 1.7434E-02,0.02050914415012196
 1.7454E-02,0.019261401502817414
 1.7475E-02,0.017587383269549384
 1.7495E-02,0.015543866491163323
 1.7516E-02,0.013237410002106681
 1.7536E-02,0.010810294363209207
 1.7557E-02,0.008412267930910832
 1.7577E-02,0.006171022093362568
 1.7598E-02,0.004174759326405932
 1.7618E-02,0.0024737368004752415
 1.7639E-02,0.001097736163779373
 1.7659E-02,7.825896638746907e-05
 1.7680E-02,-0.0005378809676585442
 1.7700E-02,-0.0006919532566228802
 1.7721E-02,-0.0003327266477785479
 1.7741E-02,0.0005578779675202132
 1.7762E-02,0.001946330441031487
 1.7782E-02,0.003746260972468656
 1.7803E-02,0.005835839317816233
 1.7823E-02,0.008085786771590215
 1.7844E-02,0.010384856162974623
 1.7864E-02,0.012651284410752396
 1.7885E-02,0.014826335306292165
 1.7905E-02,0.01685557787834353
 1.7926E-02,0.018669967263893732
 1.7946E-02,0.020178745929199476
 1.7967E-02,0.021279721996505182
 1.7987E-02,0.02188304611781548
 1.8008E-02,0.021937193410877076
 1.8028E-02,0.02144437666319948
 1.8049E-02,0.02045784015659188
 1.8069E-02,0.01906263414554857
 1.8090E-02,0.01734971185753337
 1.8110E-02,0.01539620193271059
 1.8131E-02,0.013260964234466835
 1.8151E-02,0.010996083835932995
 1.8172E-02,0.008666299966900264
 1.8192E-02,0.006364068236686122
 1.8213E-02,0.004210242304584837
 1.8233E-02,0.0023379771625695366
 1.8254E-02,0.0008663533892956262
 1.8274E-02,-0.00012427936343552054
 1.8295E-02,-0.0006039917302943527
 1.8315E-02,-0.0005873040012129507
 1.8336E-02,-0.00011375651744752961
 1.8356E-02,0.0007741944493689213
 1.8377E-02,0.0020443011831289253
 1.8397E-02,0.003672254389799264
 1.8418E-02,0.005626150723462963
 1.8438E-02,0.007847170723165079
 1.8459E-02,0.010238217370012397
 1.8480E-02,0.012668297986023327
 1.8500E-02,0.014992317446201883
 1.8521E-02,0.01707795541705081
 1.8541E-02,0.01882762038573935
 1.8562E-02,0.020186030989667363
 1.8582E-02,0.02113140752882489
 1.8603E-02,0.02165663562120137
 1.8623E-02,0.02175167832777885
 1.8644E-02,0.021397403307096642
 1.8664E-02,0.02057449385654584
 1.8685E-02,0.01928270329401956
 1.8705E-02,0.01755985460487419
 1.8726E-02,0.015489770449686161
 1.8746E-02,0.0131938332043763
 1.8767E-02,0.010809184986764695
 1.8787E-02,0.008463297397960106
 1.8808E-02,0.006256263214572235
 1.8828E-02,0.004257896525880954
 1.8849E-02,0.0025188782458285624
 1.8869E-02,0.0010879023616829006
 1.8890E-02,2.3870237494177807e-05
 1.8910E-02,-0.0006048795268756939
 1.8931E-02,-0.0007351327659591202
 1.8951E-02,-0.0003303615632829775
 1.8972E-02,0.0006015507453806646
 1.8992E-02,0.002003626254748464
 1.9013E-02,0.0037809219015231994
 1.9033E-02,0.005822381566359251
 1.9054E-02,0.008023131896908692
 1.9074E-02,0.010297111307122069
 1.9095E-02,0.012575320804632657
 1.9115E-02,0.014792749154760209
 1.9136E-02,0.016873058128973904
 1.9156E-02,0.018721248682917413
 1.9177E-02,0.020230190082436445
 1.9197E-02,0.021299391463436575
 1.9218E-02,0.02185770040507855
 1.9238E-02,0.021879261897216843
 1.9259E-02,0.02138529887358318
 1.9279E-02,0.020431367769850734
 1.9300E-02,0.019086951589515674
 1.9320E-02,0.01741779276028657
 1.9341E-02,0.01547941853729542
 1.9361E-02,0.013323962862436815
 1.9382E-02,0.011015036829365828
 1.9402E-02,0.008640936129838048
 1.9423E-02,0.00631723108729543
 1.9443E-02,0.0041753256599536956
 1.9464E-02,0.0023409456465251807
 1.9484E-02,0.0009118379009400901
 1.9505E-02,-5.5538167929190894e-05
 1.9526E-02,-0.0005450866600332495
 1.9546E-02,-0.0005678467135395067
 1.9567E-02,-0.00014442627050482998
 1.9587E-02,0.0007071547765893655
 1.9608E-02,0.0019718219899672435
 1.9628E-02,0.003626296291221288
 1.9649E-02,0.005623196062283557
 1.9669E-02,0.00788000035590906
 1.9690E-02,0.010280223493214313
 1.9710E-02,0.012687978953154194
 1.9731E-02,0.014970265798368123
 1.9751E-02,0.017017380771843463
 1.9772E-02,0.018752895350668465
 1.9792E-02,0.02013007858733578
 1.9813E-02,0.021118616607045664
 1.9833E-02,0.021690306987210077
 1.9854E-02,0.02181256761876413
 1.9874E-02,0.021454048311172366
 1.9895E-02,0.02059981134315514
 1.9915E-02,0.01926808224880302
 1.9936E-02,0.017519355866297576
 1.9956E-02,0.015452306035635674
 1.9977E-02,0.013187540180302123
 1.9997E-02,0.01084628063250936
 2.0018E-02,0.00853338282804858
 2.0038E-02,0.0063315407471158085
 2.0059E-02,0.004307485041117899
 2.0079E-02,0.002524661285624868
 2.0100E-02,0.0010536010477211765
 2.0120E-02,-2.734925579659991e-05
 2.0141E-02,-0.0006429093950040435
 2.0161E-02,-0.0007388983386516225
 2.0182E-02,-0.0002988631560382461
 2.0202E-02,0.0006488834846279943
 2.0223E-02,0.002037379041483012
 2.0243E-02,0.003777387957184829
 2.0264E-02,0.005776229901704091
 2.0284E-02,0.007950412042117666
 2.0305E-02,0.01022706077077213
 2.0325E-02,0.012535326456064321
 2.0346E-02,0.01479438384945242
 2.0366E-02,0.016906504732355165
 2.0387E-02,0.018760975475615428
 2.0407E-02,0.020248811130350187
 2.0428E-02,0.021282359166345313
 2.0448E-02,0.02181108381591501
 2.0469E-02,0.021826552560738576
 2.0489E-02,0.021354990859529164
 2.0510E-02,0.020441907164823234
 2.0531E-02,0.019136992801584037
 2.0551E-02,0.017486852504702756
 2.0572E-02,0.015538514521653436
 2.0592E-02,0.013350580591661193
 2.0613E-02,0.011004540282976066
 2.0633E-02,0.008608472135359946
 2.0654E-02,0.006289220423195543
 2.0674E-02,0.0041751087605440065
 2.0695E-02,0.002376178959132053
 2.0715E-02,0.0009702537977197157
 2.0736E-02,1.6444656322116887e-07
 2.0756E-02,-0.0005181580811104
 2.0777E-02,-0.0005823875115661351
 2.0797E-02,-0.00019325547303957987
 2.0818E-02,0.0006472244637873576
 2.0838E-02,0.0019278312138072428
 2.0859E-02,0.003615124729090146
 2.0879E-02,0.0056430395716639764
 2.0900E-02,0.007911764681321667
 2.0920E-02,0.010298029279209524
 2.0941E-02,0.012673193547933717
 2.0961E-02,0.0149216542473812
 2.0982E-02,0.016952046442052816
 2.1002E-02,0.01869755150980684
 2.1023E-02,0.0201072811264631
 2.1043E-02,0.021135214416224447
 2.1064E-02,0.021734159278178875
 2.1084E-02,0.021859193212668004
 2.1105E-02,0.021479637809813493
 2.1125E-02,0.020593711150130763
 2.1146E-02,0.019238187838989076
 2.1166E-02,0.01748763347163032
 2.1187E-02,0.01544287970158387
 2.1207E-02,0.01321367517559795
 2.1228E-02,0.010903125767815026
 2.1248E-02,0.008600254024847842
 2.1269E-02,0.006382487988361536
 2.1289E-02,0.00432454842914859
 2.1310E-02,0.0025068573229748694
 2.1330E-02,0.0010169758915967808
 2.1351E-02,-5.854290970295703e-05
 2.1371E-02,-0.0006492054763525972
 2.1392E-02,-0.0007159292103155183
 2.1412E-02,-0.0002595990797903737
 2.1433E-02,0.0006810864335820559
 2.1453E-02,0.0020412148013546844
 2.1474E-02,0.0037449590642312488
 2.1494E-02,0.0057173697927742
 2.1515E-02,0.007887734725787562
 2.1535E-02,0.0101843773045422
 2.1556E-02,0.012525532787638785
 2.1577E-02,0.01481316696860548
 2.1597E-02,0.01693512207280927
 2.1618E-02,0.018776576458321925
 2.1638E-02,0.02023681348649255
 2.1659E-02,0.021244343945956402
 2.1679E-02,0.021764070928984487
 2.1700E-02,0.021794083322392202
 2.1720E-02,0.021354757496225667
 2.1741E-02,0.020476458861331745
 2.1761E-02,0.019192386928960088
 2.1782E-02,0.0175399077722416
 2.1802E-02,0.015568796807328386
 2.1823E-02,0.013350796437285827
 2.1843E-02,0.010983902594292081
 2.1864E-02,0.008587341476695369
 2.1884E-02,0.006287922874723745
 2.1905E-02,0.004202864376900026
 2.1925E-02,0.0024259663538042054
 2.1946E-02,0.001022273592332179
 2.1966E-02,3.2033342150630415e-05
 2.1987E-02,-0.0005198654265585909
 2.2007E-02,-0.0006152992475124573
 2.2028E-02,-0.00024061076892640252
 2.2048E-02,0.0006077182503814903
 2.2069E-02,0.0019123849856242663
 2.2089E-02,0.003625599808503504
 2.2110E-02,0.005666331372391887
 2.2130E-02,0.007927102264447594
 2.2151E-02,0.010288298511041601
 2.2171E-02,0.012634299395112392
 2.2192E-02,0.014864998600151894
 2.2212E-02,0.01689884123470849
 2.2233E-02,0.018667986351042866
 2.2253E-02,0.02011025501752213
 2.2274E-02,0.021164013710833363
 2.2294E-02,0.021770306327376705
 2.2315E-02,0.021882379944264133
 2.2335E-02,0.02147847233054435
 2.2356E-02,0.020571615396544955
 2.2376E-02,0.019211378713623106
 2.2397E-02,0.01747631157193593
 2.2417E-02,0.015460318189505301
 2.2438E-02,0.013258971969816194
 2.2458E-02,0.010961412867104206
 2.2479E-02,0.008650210983078443
 2.2499E-02,0.006407173705398387
 2.2520E-02,0.004319857399874018
 2.2540E-02,0.0024831999479198045
 2.2561E-02,0.0009933717386530498
 2.2582E-02,-6.478723110016414e-05
 2.2602E-02,-0.0006317760393083039
 2.2623E-02,-0.0006828764705025431
 2.2643E-02,-0.00022907135252491352
 2.2664E-02,0.0006904603257379864
 2.2684E-02,0.002020214780295239
 2.2705E-02,0.003698742945030679
 2.2725E-02,0.005662938622384777
 2.2746E-02,0.007845258545110168
 2.2766E-02,0.010166956376243557
 2.2787E-02,0.012532762625187235
 2.2807E-02,0.014831847055893209
 2.2828E-02,0.016946676622837605
 2.2848E-02,0.01876723045138057
 2.2869E-02,0.02020514094758698
 2.2889E-02,0.021202219415957627
 2.2910E-02,0.02173055184118279
 2.2930E-02,0.021785477576589142
 2.2951E-02,0.02137612123748012
 2.2971E-02,0.02051898541025115
 2.2992E-02,0.019238020321806677
 2.3012E-02,0.017570707223325144
 2.3033E-02,0.015576101163789395
 2.3053E-02,0.01333938396456336
 2.3074E-02,0.010969012959246759
 2.3094E-02,0.008586196801426286
 2.3115E-02,0.0063102614591127116
 2.3135E-02,0.004245481401612961
 2.3156E-02,0.002474111279074053
 2.3176E-02,0.001057133611236504
 2.3197E-02,4.034653127832832e-05
 2.3217E-02,-0.000539110603856082
 2.3238E-02,-0.0006505586475092104
 2.3258E-02,-0.00027398101316550327
 2.3279E-02,0.0005910978314591538
 2.3299E-02,0.00191667400990044
 2.3320E-02,0.003642340669845524
 2.3340E-02,0.005679234962895161
 2.3361E-02,0.007920972160196878
 2.3381E-02,0.010257371263776497
 2.3402E-02,0.012585609281320373
 2.3422E-02,0.014815010842590504
 2.3443E-02,0.016865143795741402
 2.3463E-02,0.018660418540304625
 2.3484E-02,0.020126124120810423
 2.3504E-02,0.021189875930316213
 2.3525E-02,0.021789322577783505
 2.3545E-02,0.02188333213189008
 2.3566E-02,0.021461679479311706
 2.3586E-02,0.02054865541514013
 2.3607E-02,0.019198806820416966
 2.3628E-02,0.017486727838794958
 2.3648E-02,0.01549550938121957
 2.3669E-02,0.013308728248267454
 2.3689E-02,0.011008610884214075
 2.3710E-02,0.00867945991771029
 2.3730E-02,0.0064124734185095275
 2.3751E-02,0.004307274822015867
 2.3771E-02,0.0024672168036530464
 2.3792E-02,0.0009888861925590666
 2.3812E-02,-5.056197421904611e-05
 2.3833E-02,-0.0006032558906633305
 2.3853E-02,-0.0006538477040070762
 2.3874E-02,-0.00021545167869312267
 2.3894E-02,0.0006790142315947782
 2.3915E-02,0.001985444719570185
 2.3935E-02,0.0036529941119537905
 2.3956E-02,0.005622878027841255
 2.3976E-02,0.007823424582448838
 2.3997E-02,0.010165573068738018
 2.4017E-02,0.012543036353730466
 2.4038E-02,0.014839065745236937
 2.4058E-02,0.016938380854006486
 2.4079E-02,0.018740126323245922
 2.4099E-02,0.020167110761775676
 2.4120E-02,0.021168387282786253
 2.4140E-02,0.021715498273856784
 2.4161E-02,0.021795714273066334
 2.4181E-02,0.021406777562537012
 2.4202E-02,0.02055641881499753
 2.4222E-02,0.019266937323338475
 2.4243E-02,0.017582022016687574
 2.4263E-02,0.01557140234293437
 2.4284E-02,0.013329698443282533
 2.4304E-02,0.010968575072564655
 2.4325E-02,0.008604551275612313
 2.4345E-02,0.006346877450701645
 2.4366E-02,0.004289702129928933
 2.4386E-02,0.0025104406266039706
 2.4407E-02,0.001073061372947809
 2.4427E-02,3.260429135178763e-05
 2.4448E-02,-0.0005631181182679505
 2.4468E-02,-0.0006768514588278877
 2.4489E-02,-0.0002894367412665581
 2.4509E-02,0.0005918981240475287
 2.4530E-02,0.0019287701878389824
 2.4550E-02,0.0036532583795098406
 2.4571E-02,0.005675844855453088
 2.4591E-02,0.007896708938732564
 2.4612E-02,0.010216007516498824
 2.4633E-02,0.012539606703250534
 2.4653E-02,0.014779328866605504
 2.4674E-02,0.016849767205332756
 2.4694E-02,0.018665521492119516
 2.4715E-02,0.020142381102656082
 2.4735E-02,0.021203710519773093
 2.4756E-02,0.021790290446944402
 2.4776E-02,0.021869731225360848
 2.4797E-02,0.02144144111782613
 2.4817E-02,0.0205350769705632
 2.4838E-02,0.01920340837269127
 2.4858E-02,0.017513015783349448
 2.4879E-02,0.015536927801976508
 2.4899E-02,0.013351854326670003
 2.4920E-02,0.011039888445488921
 2.4940E-02,0.008691922211523283
 2.4961E-02,0.006408942483572987
 2.4981E-02,0.004298404170711233
 2.5002E-02,0.0024654633298630984
 2.5022E-02,0.0010016221361234057
 2.5043E-02,-2.5163594771311767e-05
 2.5063E-02,-0.0005754142103795658
 2.5084E-02,-0.0006368955753612616
 2.5104E-02,-0.00021887864456518393
 2.5125E-02,0.00065454176280289
 2.5145E-02,0.001948487656232969
 2.5166E-02,0.0036169822530698
 2.5186E-02,0.005599296560641053
 2.5207E-02,0.007816123419674326
 2.5227E-02,0.010169164353148252
 2.5248E-02,0.012546181083981301
 2.5268E-02,0.014830877574153141
 2.5289E-02,0.01691454653285417
 2.5309E-02,0.018705509794606823
 2.5330E-02,0.02013347577042766
 2.5350E-02,0.021148450853062765
 2.5371E-02,0.0217164535370113
 2.5391E-02,0.02181562432216961
 2.5412E-02,0.021435712737175334
 2.5432E-02,0.020581704531418506
 2.5453E-02,0.019279724344008937
 2.5473E-02,0.01758171874231691
 2.5494E-02,0.015565662573214779
 2.5514E-02,0.01333001631560761
 2.5535E-02,0.010983850301926225
 2.5555E-02,0.008636036891725424
 2.5576E-02,0.006387169047044431
 2.5596E-02,0.0043262845636839724
 2.5617E-02,0.002531912605339237
 2.5638E-02,0.0010747686436522808
 2.5658E-02,1.874715648506487e-05
 2.5679E-02,-0.000581968304177733
 2.5699E-02,-0.0006894810620375665
 2.5720E-02,-0.0002899313813915174
 2.5740E-02,0.0006011174834934074
 2.5761E-02,0.0019383869754221281
 2.5781E-02,0.0036521867155836886
 2.5802E-02,0.005657322129699774
 2.5822E-02,0.007862140836971399
 2.5843E-02,0.010174546756434692
 2.5863E-02,0.012503695501379399
 2.5884E-02,0.014758552372422816
 2.5904E-02,0.016846239295926397
 2.5925E-02,0.01867320161165127
 2.5945E-02,0.02015064166608084
 2.5966E-02,0.02120323856242376
 2.5986E-02,0.021778192434161053
 2.6007E-02,0.021851150954740665
 2.6027E-02,0.021426856201132917
 2.6048E-02,0.020534723152853845
 2.6068E-02,0.019221786299616656
 2.6089E-02,0.017546373735136282
 2.6109E-02,0.015575030158712694
 2.6130E-02,0.013383084855120492
 2.6150E-02,0.011056994790043802
 2.6171E-02,0.008695394975621515
 2.6191E-02,0.006406290714991221
 2.6212E-02,0.004299758299383347
 2.6232E-02,0.002477859733927931
 2.6253E-02,0.001024994253981094
 2.6273E-02,1.8160006904487536e-06
 2.6294E-02,-0.0005557981195829332
 2.6314E-02,-0.0006335784417494826
 2.6335E-02,-0.00023414581941222004
 2.6355E-02,0.0006262368377646093
 2.6376E-02,0.0019176749967051011
 2.6396E-02,0.0035938115877064023
 2.6417E-02,0.005588478759796584
 2.6437E-02,0.007814817264330585
 2.6458E-02,0.010168885654191953
 2.6478E-02,0.01253769202356499
 2.6499E-02,0.014809453648226003
 2.6519E-02,0.016882833628401053
 2.6540E-02,0.018672466007446497
 2.6560E-02,0.020109960845661606
 2.6581E-02,0.021141788326826474
 2.6601E-02,0.02172682010109849
 2.6622E-02,0.0218361449674412
 2.6642E-02,0.021456181306723034
 2.6663E-02,0.020593945292350164
 2.6684E-02,0.01928176380691842
 2.6704E-02,0.017578586866136753
 2.6725E-02,0.015566435374413663
 2.6745E-02,0.0133426946178585
 2.6766E-02,0.011010796672688047
 2.6786E-02,0.008672379214721412
 2.6807E-02,0.006423002544071684
 2.6827E-02,0.004351503954209536
 2.6848E-02,0.0025411357756723084
 2.6868E-02,0.0010697852848660953
 2.6889E-02,7.242674427093568e-06
 2.6909E-02,-0.0005907034733802039
 2.6930E-02,-0.0006895754621704238
 2.6950E-02,-0.00028204507353093945
 2.6971E-02,0.0006102122994114779
 2.6991E-02,0.0019395121282052147
 2.7012E-02,0.0036387813420435747
 2.7032E-02,0.005629131800524654
 2.7053E-02,0.007825633704068776
 2.7073E-02,0.010139843695838681
 2.7094E-02,0.012479630281345688
 2.7114E-02,0.014748449745064403
 2.7135E-02,0.016846607146071974
 2.7155E-02,0.01867599000544633
 2.7176E-02,0.020147843576831404
 2.7196E-02,0.021191383905866994
 2.7217E-02,0.021760359684432302
 2.7237E-02,0.02183544429217686
 2.7258E-02,0.021422166515131378
 2.7278E-02,0.02054601910714209
 2.7299E-02,0.01924741716913977
 2.7319E-02,0.017578792902145306
 2.7340E-02,0.015604541672628588
 2.7360E-02,0.013402631945892682
 2.7381E-02,0.011065479873520299
 2.7401E-02,0.008697814709349905
 2.7422E-02,0.006410657899061568
 2.7442E-02,0.004312469928517108
 2.7463E-02,0.002499971621961518
 2.7483E-02,0.0010513656610177664
 2.7504E-02,2.3565280235180244e-05
 2.7524E-02,-0.0005468269588857591
 2.7545E-02,-0.0006406848469178508
 2.7565E-02,-0.0002541339751983124
 2.7586E-02,0.0006013656736719103
 2.7606E-02,0.0018966076739234058
 2.7627E-02,0.003581554148209619
 2.7647E-02,0.005584017743749927
 2.7668E-02,0.007812013928778255
 2.7688E-02,0.010160100190709422
 2.7709E-02,0.012518202857616333
 2.7730E-02,0.014780328702278554
 2.7750E-02,0.016850735925589947
 2.7771E-02,0.01864649597918542
 2.7791E-02,0.020097196538360965
 2.7812E-02,0.021143862103330916
 2.7832E-02,0.02173931386082911
 2.7853E-02,0.02185109478800171
 2.7873E-02,0.0214663473513336
 2.7894E-02,0.020596586085779425
 2.7914E-02,0.019279933988136405
 2.7935E-02,0.017579298522857327
 2.7955E-02,0.015576681423956195
 2.7976E-02,0.01336545235667195
 2.7996E-02,0.01104312569150959
 2.8017E-02,0.008706612193887934
 2.8037E-02,0.006450396279210541
 2.8058E-02,0.0043664324809571595
 2.8078E-02,0.002543638880819962
 2.8099E-02,0.0010651654007697668
 2.8119E-02,2.9595978528998597e-06
 2.8140E-02,-0.0005891787512749321
 2.8160E-02,-0.0006817570900379944
 2.8181E-02,-0.0002727105104763111
 2.8201E-02,0.0006135914974812502
 2.8222E-02,0.001930819558961364
 2.8242E-02,0.0036166473434076528
 2.8263E-02,0.005597884352785777
 2.8283E-02,0.007793313187054334
 2.8304E-02,0.010114326769339535
 2.8324E-02,0.012464892806217334
 2.8345E-02,0.014742913212680226
 2.8365E-02,0.016844407415997333
 2.8386E-02,0.018670466927450467
 2.8406E-02,0.0201353871672436
 2.8427E-02,0.021173597371466225
 2.8447E-02,0.021743399422480703
 2.8468E-02,0.02182689256206088
 2.8488E-02,0.02142709228177513
 2.8509E-02,0.02056430253507941
 2.8529E-02,0.019273737569490905
 2.8550E-02,0.01760527204708386
 2.8570E-02,0.015624641066377764
 2.8591E-02,0.013414257136395422
 2.8611E-02,0.011071680594062107
 2.8632E-02,0.008704748015043388
 2.8652E-02,0.00642392299612188
 2.8673E-02,0.0043337694161089384
 2.8693E-02,0.002525865976178132
 2.8714E-02,0.0010747743128333028
 2.8735E-02,3.7220721579614554e-05
 2.8755E-02,-0.0005467851573679068
 2.8776E-02,-0.0006528513704366544
 2.8796E-02,-0.00027266979704450355
 2.8817E-02,0.0005836682046361508
 2.8837E-02,0.0018846474365272058
 2.8858E-02,0.0035755586722343814
 2.8878E-02,0.0055797176055944996
 2.8899E-02,0.0078032353818780036
 2.8919E-02,0.010142386738420266
 2.8940E-02,0.012491542222619643
 2.8960E-02,0.014749540695381468
 2.8981E-02,0.016823313017471506
 2.9001E-02,0.018629028795918705
 2.9022E-02,0.020092255478710897
 2.9042E-02,0.021148957588082693
 2.9063E-02,0.02174845700120324
 2.9083E-02,0.02185811152473833
 2.9104E-02,0.021468184834683927
 2.9124E-02,0.02059486925168325
 2.9145E-02,0.01927996684504767
 2.9165E-02,0.017587058716046794
 2.9186E-02,0.015595411653108666
 2.9206E-02,0.013393654868841946
 2.9227E-02,0.011075016718050078
 2.9247E-02,0.008734794127458928
 2.9268E-02,0.006469344086660805
 2.9288E-02,0.004374975765920039
 2.9309E-02,0.002545162988554538
 2.9329E-02,0.0010654608838389188
 2.9350E-02,6.8811185446370285e-06
 2.9370E-02,-0.0005804707676402966
 2.9391E-02,-0.0006715209338646217
 2.9411E-02,-0.00026694260299332226
 2.9432E-02,0.0006093470699373316
 2.9452E-02,0.0019144874933729288
 2.9473E-02,0.003590878209733121
 2.9493E-02,0.005568895755822216
 2.9514E-02,0.007767926233679513
 2.9534E-02,0.010096749730896469
 2.9555E-02,0.012454925836442046
 2.9575E-02,0.014736491292685523
 2.9596E-02,0.016836164815996393
 2.9616E-02,0.018656945960555213
 2.9637E-02,0.020117183802011655
 2.9657E-02,0.021155306840374474
 2.9678E-02,0.02173139158185288
 2.9698E-02,0.021826091727273005
 2.9719E-02,0.021438456192898633
 2.9739E-02,0.02058431954415704
 2.9760E-02,0.019296193587649908
 2.9781E-02,0.017624346309916696
 2.9801E-02,0.01563770120333834
 2.9822E-02,0.013422897822696418
 2.9842E-02,0.011080487555571464
 2.9863E-02,0.008718470588817123
 2.9883E-02,0.006444569906598353
 2.9904E-02,0.004359170612480662
 2.9924E-02,0.0025504610456819655
 2.9945E-02,0.0010922130044612416
 2.9965E-02,4.341284073953642e-05
 2.9986E-02,-0.0005517601801423069
 3.0006E-02,-0.0006649579746125117
 3.0027E-02,-0.0002861192207174317
 3.0047E-02,0.0005733968702304046
 3.0068E-02,0.0018785561037590573
 3.0088E-02,0.003570819288421139
 3.0109E-02,0.005571443649903098
 3.0129E-02,0.0077873820976501
 3.0150E-02,0.010118237123512676
 3.0170E-02,0.01246245988884749
 3.0191E-02,0.014721586813165951
 3.0211E-02,0.01680244847155632
 3.0232E-02,0.018618362731006054
 3.0252E-02,0.020090770050570673
 3.0273E-02,0.02115235595477666
 3.0293E-02,0.021751663063200963
 3.0314E-02,0.02185808639851437
 3.0334E-02,0.021465570006499853
 3.0355E-02,0.02059359727542602
 3.0375E-02,0.019285059737979962
 3.0396E-02,0.017601789923032567
 3.0416E-02,0.015619336889058765
 3.0437E-02,0.01342255165112198
 3.0457E-02,0.011102763423488649
 3.0478E-02,0.008756202145288154
 3.0498E-02,0.0064824656241259425
 3.0519E-02,0.004381698044665721
 3.0539E-02,0.002549808448708703
 3.0560E-02,0.0010721601606183552
 3.0580E-02,1.712093031716361e-05
 3.0601E-02,-0.0005688280277034256
 3.0621E-02,-0.0006632333410997099
 3.0642E-02,-0.0002669348468144523
 3.0662E-02,0.000598593799658926
 3.0683E-02,0.001894331417040892
 3.0703E-02,0.003565969842065884
 3.0724E-02,0.005544978610388777
 3.0744E-02,0.0077491377300066885
 3.0765E-02,0.010083827571974508
 3.0786E-02,0.012445239979767129
 3.0806E-02,0.014725856683161755
 3.0827E-02,0.016821454252035045
 3.0847E-02,0.018638107496752824
 3.0868E-02,0.02009758890126103
 3.0888E-02,0.02114024137236799
 3.0909E-02,0.021725482488503627
 3.0929E-02,0.021831020485074473
 3.0950E-02,0.021452154073462338
 3.0970E-02,0.02060205546944308
 3.0991E-02,0.019312970193937025
 3.1011E-02,0.01763733928783626
 3.1032E-02,0.0156474670756451
 3.1052E-02,0.013432735916980581
 3.1073E-02,0.011094319730357915
 3.1093E-02,0.008738380150327667
 3.1114E-02,0.0064693119949673005
 3.1134E-02,0.0043844459958051404
 3.1155E-02,0.002570813251235049
 3.1175E-02,0.001103557596377388
 3.1196E-02,4.488268597385389e-05
 3.1216E-02,-0.0005576031364711454
 3.1237E-02,-0.0006736334971680401
 3.1257E-02,-0.0002936514117468338
 3.1278E-02,0.0005684239935624331
 3.1298E-02,0.0018743839577406124
 3.1319E-02,0.0035636488751624733
 3.1339E-02,0.005557704196807888
 3.1360E-02,0.007765925513043942
 3.1380E-02,0.010091292898782469
 3.1401E-02,0.012434840248637401
 3.1421E-02,0.014698552320423296
 3.1442E-02,0.01678734536665436
 3.1462E-02,0.018611257526696838
 3.1483E-02,0.020088776837712364
 3.1503E-02,0.021151459341143458
 3.1524E-02,0.021749056242824766
 3.1544E-02,0.021853781542355278
 3.1565E-02,0.02146243227467586
 3.1585E-02,0.02059579263360616
 3.1606E-02,0.01929574534757813
 3.1626E-02,0.017621272124094128
 3.1647E-02,0.015644670090951888
 3.1667E-02,0.013448789280353647
 3.1688E-02,0.011125204615036681
 3.1708E-02,0.008772462065553075
 3.1729E-02,0.00649330099419231
 3.1749E-02,0.004390182399413539
 3.1770E-02,0.002559320761715168
 3.1790E-02,0.0010842679837023124
 3.1811E-02,3.0483902108199325e-05
 3.1832E-02,-0.0005579546511296622
 3.1852E-02,-0.0006591613207176929
 3.1873E-02,-0.0002723381365800634
 3.1893E-02,0.000584095761496042
 3.1914E-02,0.0018740638789264117
 3.1934E-02,0.003544629111124138
 3.1955E-02,0.005526420802787776
 3.1975E-02,0.007734682304714063
 3.1996E-02,0.010071948658087058
 3.2016E-02,0.012432783217261363
 3.2037E-02,0.01471011621405369
 3.2057E-02,0.01680199570796661
 3.2078E-02,0.0186173626527292
 3.2098E-02,0.020079899974013455
 3.2119E-02,0.02112985207216435
 3.2139E-02,0.02172452666524856
 3.2160E-02,0.02183855707217799
 3.2180E-02,0.021464743059771415
 3.2201E-02,0.020615558859763773
 3.2221E-02,0.01932462306982389
 3.2242E-02,0.017647004425216897
 3.2262E-02,0.015657427613794586
 3.2283E-02,0.013446157479929504
 3.2303E-02,0.011113214407689902
 3.2324E-02,0.008762161712043044
 3.2344E-02,0.006494713519112615
 3.2365E-02,0.004406850091805468
 3.2385E-02,0.0025863033358822407
 3.2406E-02,0.0011106253375233468
 3.2426E-02,4.4914029325977475e-05
 3.2447E-02,-0.0005612961098008507
 3.2467E-02,-0.0006777067799299444
 3.2488E-02,-0.0002965434270816325
 3.2508E-02,0.0005657109853465631
 3.2529E-02,0.001868936854009914
 3.2549E-02,0.0035523744667089107
 3.2570E-02,0.005539214753155771
 3.2590E-02,0.0077415775472391285
 3.2611E-02,0.010064824895477687
 3.2631E-02,0.01241079164382795
 3.2652E-02,0.01468028376300495
 3.2672E-02,0.016775684824162404
 3.2693E-02,0.018604462571444127
 3.2713E-02,0.02008380862565432
 3.2734E-02,0.021145875605400117
 3.2754E-02,0.021742511302731495
 3.2775E-02,0.02184833713756921
 3.2795E-02,0.021461517263938173
 3.2816E-02,0.02060236541965421
 3.2837E-02,0.019310632380198225
 3.2857E-02,0.01764255983080276
 3.2878E-02,0.01566847031333353
 3.2898E-02,0.013470976636588753
 3.2919E-02,0.011143219133639465
 3.2939E-02,0.008786245563490586
 3.2960E-02,0.00650489968598696
 3.2980E-02,0.004402252882855522
 3.3001E-02,0.0025733497493014967
 3.3021E-02,0.0010994585678597184
 3.3042E-02,4.390218301787924e-05
 3.3062E-02,-0.0005500464281965454
 3.3083E-02,-0.0006594830319021708
 3.3103E-02,-0.0002812334668285266
 3.3124E-02,0.0005688482090103709
 3.3144E-02,0.0018561778921691106
 3.3165E-02,0.003527542461966564
 3.3185E-02,0.005511754583963385
 3.3206E-02,0.007721723301637699
 3.3226E-02,0.010058406095832558
 3.3247E-02,0.012416398958255803
 3.3267E-02,0.014690260363133999
 3.3288E-02,0.01678039144710794
 3.3308E-02,0.0185975467458276
 3.3329E-02,0.020065693439792278
 3.3349E-02,0.02112363643975282
 3.3370E-02,0.021726221315908362
 3.3390E-02,0.021845821732854116
 3.3411E-02,0.021474284704057257
 3.3431E-02,0.020624845344905208
 3.3452E-02,0.01933310023866559
 3.3472E-02,0.01765618478596086
 3.3493E-02,0.015669820492420366
 3.3513E-02,0.013463623128373669
 3.3534E-02,0.011135625340133938
 3.3554E-02,0.008787087940333409
 3.3575E-02,0.006518306049779874
 3.3595E-02,0.004425467221874774
 3.3616E-02,0.0025980382148898225
 3.3636E-02,0.0011159511070204277
 3.3657E-02,4.613021839624306e-05
 3.3677E-02,-0.0005615038042477404
 3.3698E-02,-0.0006778220001917651
 3.3718E-02,-0.00029706743499697684
 3.3739E-02,0.0005625605956326008
 3.3759E-02,0.0018605101590587255
 3.3780E-02,0.003537171438537069
 3.3800E-02,0.005517925675736751
 3.3821E-02,0.007717027646608635
 3.3841E-02,0.010040844679957915
 3.3862E-02,0.012390596209637826
 3.3883E-02,0.01466519770021809
 3.3903E-02,0.01676486274582297
 3.3924E-02,0.01859572873596447
 3.3944E-02,0.02007515103847368
 3.3965E-02,0.02113679007090502
 3.3985E-02,0.021734476882050536
 3.4006E-02,0.02184416882933629
 3.4026E-02,0.021463937611747766
 3.4047E-02,0.020612549205519422
 3.4067E-02,0.019327491232337533
 3.4088E-02,0.01766314237167829
 3.4108E-02,0.015689267281444916
 3.4129E-02,0.013489449245144154
 3.4149E-02,0.011158759636776172
 3.4170E-02,0.008800085823517517
 3.4190E-02,0.0065190414038126315
 3.4211E-02,0.004418006712659907
 3.4231E-02,0.0025902706403474708
 3.4252E-02,0.0011152493678621771
 3.4272E-02,5.5343541786792745e-05
 3.4293E-02,-0.0005456225127322533
 3.4313E-02,-0.0006629427029555657
 3.4334E-02,-0.00029126095256915946
 3.4354E-02,0.0005550698497926781
 3.4375E-02,0.0018415882283964648
 3.4395E-02,0.0035138498927510383
 3.4416E-02,0.0054988087466744835
 3.4436E-02,0.007707926930579095
 3.4457E-02,0.010041929817906563
 3.4477E-02,0.012396540420466166
 3.4498E-02,0.014668215633466536
 3.4518E-02,0.016759018870023054
 3.4539E-02,0.018580235580983356
 3.4559E-02,0.020054920791052165
 3.4580E-02,0.021119958437933083
 3.4600E-02,0.021728214096597344
 3.4621E-02,0.021850987709756374
 3.4641E-02,0.021480434785224094
 3.4662E-02,0.02063122400763014
 3.4682E-02,0.01934066441936274
 3.4703E-02,0.017666900671119465
 3.4723E-02,0.015685363408347877
 3.4744E-02,0.01348417975359654
 3.4764E-02,0.011159440732707854
 3.4785E-02,0.008811005329715285
 3.4805E-02,0.006539025283035322
 3.4826E-02,0.004440873435978024
 3.4846E-02,0.002607920737149096
 3.4867E-02,0.0011217571117342947
 3.4888E-02,4.9904949965858285e-05
 3.4908E-02,-0.000558415686536759
 3.4929E-02,-0.0006756216623665465
 3.4949E-02,-0.0002974475672029366
 3.4970E-02,0.0005573375588596336
 3.4990E-02,0.0018489111383596592
 3.5011E-02,0.0035193807285683843
 3.5031E-02,0.005495997374371847
 3.5052E-02,0.007694116193935458
 3.5072E-02,0.010019908727759359
 3.5093E-02,0.0123732432562911
 3.5113E-02,0.014651258062716568
 3.5134E-02,0.016752894569853335
 3.5154E-02,0.01858416556679657
 3.5175E-02,0.020063468215818264
 3.5195E-02,0.02112606155031635
 3.5216E-02,0.02172702084696824
 3.5236E-02,0.02184246474557074
 3.5257E-02,0.021469383021827115
 3.5277E-02,0.020624708759316667
 3.5298E-02,0.019344230592943636
 3.5318E-02,0.0176815748432272
 3.5339E-02,0.0157070174526042
 3.5359E-02,0.013505578164756244
 3.5380E-02,0.011173881809924348
 3.5400E-02,0.008815638837836186
 3.5421E-02,0.0065361157143685195
 3.5441E-02,0.004436371209315799
 3.5462E-02,0.0026081214104065526
 3.5482E-02,0.0011298244592618351
 3.5503E-02,6.408968205844014e-05
 3.5523E-02,-0.0005439343897486421
 3.5544E-02,-0.0006677276621129966
 3.5564E-02,-0.00030050173381570585
 3.5585E-02,0.0005437786401248043
 3.5605E-02,0.0018298842538525281
 3.5626E-02,0.0035019375085119583
 3.5646E-02,0.0054856213081280495
 3.5667E-02,0.007692015256217599
 3.5687E-02,0.010022592082414154
 3.5708E-02,0.012374582762055154
 3.5728E-02,0.014645928750667773
 3.5749E-02,0.01673936952467866
 3.5769E-02,0.01856568486954792
 3.5790E-02,0.020046476089426318
 3.5810E-02,0.02111694135697624
 3.5831E-02,0.021728849634606723
 3.5851E-02,0.02185348988758934
 3.5872E-02,0.021484008075138183
 3.5893E-02,0.020636451562948563
 3.5913E-02,0.019349084151762848
 3.5934E-02,0.017680002653649954
 3.5954E-02,0.015703548210641904
 3.5975E-02,0.013506236795414451
 3.5995E-02,0.011182830567785141
 3.6016E-02,0.00883280710245662
 3.6036E-02,0.006557063791999619
 3.6057E-02,0.004454450648732016
 3.6077E-02,0.0026177888084615046
 3.6098E-02,0.0011293698530644015
 3.6118E-02,5.6361001636411273e-05
 3.6139E-02,-0.0005531688298067062
 3.6159E-02,-0.0006728976890187845
 3.6180E-02,-0.0002991863291170236
 3.6200E-02,0.0005496148021990367
 3.6221E-02,0.0018350047364469033
 3.6241E-02,0.0035006966251576862
 3.6262E-02,0.005475058759660324
 3.6282E-02,0.007673552309808119
 3.6303E-02,0.010001440524316684
 3.6323E-02,0.012357182324539733
 3.6344E-02,0.014636761620843961
 3.6364E-02,0.016738820247050545
 3.6385E-02,0.018570055585974302
 3.6405E-02,0.020050128143260855
 3.6426E-02,0.021115416791363417
 3.6446E-02,0.02172131831779293
 3.6467E-02,0.021843234285178443
 3.6487E-02,0.021476700281489246
 3.6508E-02,0.020637142645521606
 3.6528E-02,0.019359499118645117
 3.6549E-02,0.01769756394932767
 3.6569E-02,0.015722632439483197
 3.6590E-02,0.013520992605959063
 3.6610E-02,0.011190071648726901
 3.6631E-02,0.008833467926557948
 3.6651E-02,0.006555473796388866
 3.6672E-02,0.004455834249217784
 3.6692E-02,0.0026253260249470946
 3.6713E-02,0.0011423711693482215
 3.6733E-02,7.05123227513775e-05
 3.6754E-02,-0.0005436290639695552
 3.6774E-02,-0.0006722199735925344
 3.6795E-02,-0.00030792326911637224
 3.6815E-02,0.0005348842477480755
 3.6836E-02,0.0018199079193323324
 3.6856E-02,0.0034901944572057176
 3.6877E-02,0.005470976983865014
 3.6897E-02,0.007673803650303864
 3.6918E-02,0.01000132871043155
 3.6939E-02,0.012352083091564662
 3.6959E-02,0.014624755945601649
 3.6980E-02,0.016721887631899093
 3.7000E-02,0.01855319973258099
 3.7021E-02,0.020038898534612104
 3.7041E-02,0.0211131317822919
 3.7062E-02,0.02172744605519986
 3.7082E-02,0.02185377115094728
 3.7103E-02,0.02148633156123701
 3.7123E-02,0.020642035242751124
 3.7144E-02,0.01935925320843767
 3.7164E-02,0.01769530540681471
 3.7185E-02,0.015723215270130167
 3.7205E-02,0.013528276321352312
 3.7226E-02,0.01120471844385424
 3.7246E-02,0.008852420637411092
 3.7267E-02,0.0065733839587443724
 3.7287E-02,0.00446768397989065
 3.7308E-02,0.00262886734697066
 3.7328E-02,0.0011391131665976107
 3.7349E-02,6.47574319848842e-05
 3.7369E-02,-0.0005471730301729191
 3.7390E-02,-0.0006709847705792227
 3.7410E-02,-0.00030284385972191975
 3.7431E-02,0.000539895170085152
 3.7451E-02,0.0018200856960974587
 3.7472E-02,0.0034825210890808557
 3.7492E-02,0.005455882682151433
 3.7513E-02,0.007655078517453253
 3.7533E-02,0.009984294613278604
 3.7554E-02,0.012340987659049365
 3.7574E-02,0.014620753174019889
 3.7595E-02,0.01672265374397623
 3.7615E-02,0.01855436788066659
 3.7636E-02,0.020036539031820927
 3.7656E-02,0.021105959762952445
 3.7677E-02,0.021717590679056147
 3.7697E-02,0.021845705947542808
 3.7718E-02,0.021484537546395416
 3.7738E-02,0.02064863349240005
 3.7759E-02,0.01937285302238597
 3.7779E-02,0.017711667442852717
 3.7800E-02,0.015737371488061157
 3.7820E-02,0.013536986784320259
 3.7841E-02,0.011207978189651972
 3.7861E-02,0.008853240483059709
 3.7882E-02,0.006575982730832883
 3.7902E-02,0.004475062719080387
 3.7923E-02,0.00264105209035563
 3.7943E-02,0.001152991082355814
 3.7964E-02,7.558731295103966e-05
 3.7985E-02,-0.000543374258795236
 3.8005E-02,-0.0006754320972894568
 3.8026E-02,-0.0003133982776707424
 3.8046E-02,0.000527592889951434
 3.8067E-02,0.0018103671108306873
 3.8087E-02,0.0034775115968363165
 3.8108E-02,0.005454530323362323
 3.8128E-02,0.00765388638149638
 3.8149E-02,0.009979355225422886
 3.8169E-02,0.012330235622368173
 3.8190E-02,0.014605243036320579
 3.8210E-02,0.016706188378040072
 3.8231E-02,0.018541673439302443
 3.8251E-02,0.020030946243956498
 3.8272E-02,0.021107806521730322
 3.8292E-02,0.02172417552392613
 3.8313E-02,0.021852802304381767
 3.8333E-02,0.02148865868137533
 3.8354E-02,0.020648850082478402
 3.8374E-02,0.01937121075413635
 3.8395E-02,0.017711997369489044
 3.8415E-02,0.01574313466559194
 3.8436E-02,0.013549299171656082
 3.8456E-02,0.011224859237136245
 3.8477E-02,0.00887047838592502
 3.8497E-02,0.006589157710227259
 3.8518E-02,0.004481665973393362
 3.8538E-02,0.002641596711023724
 3.8559E-02,0.0011505486488173657
 3.8579E-02,7.401306065304113e-05
 3.8600E-02,-0.0005415807742609753
 3.8620E-02,-0.0006705017972791557
 3.8641E-02,-0.0003081845602264099
 3.8661E-02,0.0005291392959502594
 3.8682E-02,0.0018053308192391608
 3.8702E-02,0.0034656282684813657
 3.8723E-02,0.0054384372560548145
 3.8743E-02,0.007637879249878501
 3.8764E-02,0.009967305353409547
 3.8784E-02,0.012323758085499258
 3.8805E-02,0.01460306754620679
 3.8825E-02,0.016705047577562044
 3.8846E-02,0.018538224093068476
 3.8866E-02,0.02002369883741449
 3.8887E-02,0.021098040955053073
 3.8907E-02,0.02171536116432478
 3.8928E-02,0.021848832134675828
 3.8948E-02,0.021491831195231417
 3.8969E-02,0.020658661027866995
 3.8990E-02,0.019384585167545355
 3.9010E-02,0.017724831757804052
 3.9031E-02,0.015752332659983104
 3.9051E-02,0.013554232333725753
 3.9072E-02,0.011227496709995118
 3.9092E-02,0.00887413571945183
 3.9113E-02,0.006596541484148271
 3.9133E-02,0.004493255156014656
 3.9154E-02,0.0026552162117852427
 3.9174E-02,0.0011623576765230229
 3.9195E-02,8.038651421273988e-05
 3.9215E-02,-0.0005422646561312303
 3.9236E-02,-0.0006770989086351707
 3.9256E-02,-0.00031743645574470634
 3.9277E-02,0.0005208927202782606
 3.9297E-02,0.0018002820408403492
 3.9318E-02,0.0034634549829319966
 3.9338E-02,0.005436617152313616
 3.9359E-02,0.00763318748049031
 3.9379E-02,0.009957694727296051
 3.9400E-02,0.012309624629943616
 3.9420E-02,0.01458723166071398
 3.9441E-02,0.016691459151297987
 3.9461E-02,0.01853007073913052
 3.9482E-02,0.020021907055518748
 3.9502E-02,0.021100948679287735
 3.9523E-02,0.021719720489327365
 3.9543E-02,0.02185160145474819
 3.9564E-02,0.021491805519449604
 3.9584E-02,0.020657082418468944
 3.9605E-02,0.019384419733391296
 3.9625E-02,0.01772910537471579
 3.9646E-02,0.01576241157261245
 3.9666E-02,0.013568958497295325
 3.9687E-02,0.011243632497489624
 3.9707E-02,0.00888788195657499
 3.9728E-02,0.006605331731347516
 3.9748E-02,0.004496891146586048
 3.9769E-02,0.002655762823513702
 3.9789E-02,0.0011628707845267544
 3.9810E-02,8.315751493841454e-05
 3.9830E-02,-0.000537017223794096
 3.9851E-02,-0.0006714032370836165
 3.9871E-02,-0.00031452070581644
 3.9892E-02,0.000518311985824867
 3.9912E-02,0.0017914740363379894
 3.9933E-02,0.003450137819898321
 3.9953E-02,0.005422169360780434
 3.9974E-02,0.007621023591193179
 3.9994E-02,0.009949655374584612
 4.0015E-02,0.012305218221671046
 4.0036E-02,0.014584112249547494
 4.0056E-02,0.016686873333354908
 4.0077E-02,0.018522498646365217
 4.0097E-02,0.0200120251943491
 4.0118E-02,0.021091404834920464
 4.0138E-02,0.02171384010336547
 4.0159E-02,0.021851707969862022
 4.0179E-02,0.02149803775779338
 4.0200E-02,0.020667326453918597
 4.0220E-02,0.01939538376659101
 4.0241E-02,0.01773796627688457
 4.0261E-02,0.015768167009269488
 4.0282E-02,0.013572781623656778
 4.0302E-02,0.01124805746330768
 4.0323E-02,0.008895265230852791
 4.0343E-02,0.00661641159368285
 4.0364E-02,0.004510209601011869
 4.0384E-02,0.0026682552140046226
 4.0405E-02,0.001171312980529459
 4.0425E-02,8.571267310591556e-05
 4.0446E-02,-0.0005399575591887002
 4.0466E-02,-0.0006775143224119755
 4.0487E-02,-0.00032080979832298435
 4.0507E-02,0.0005139418526331488
 4.0528E-02,0.0017891830086165872
 4.0548E-02,0.003448170943705032
 4.0569E-02,0.005417918802843751
 4.0589E-02,0.007612562020212486
 4.0610E-02,0.0099369259746433
 4.0630E-02,0.012290250599929988
 4.0651E-02,0.014570147822918347
 4.0671E-02,0.016676857063104754
 4.0692E-02,0.018517724695820838
 4.0712E-02,0.02001163934791426
 4.0733E-02,0.021093012775327925
 4.0753E-02,0.0217148885109457
 4.0774E-02,0.021850902122950752
 4.0794E-02,0.02149604635377595
 4.0815E-02,0.020666406227202592
 4.0835E-02,0.01939812935521689
 4.0856E-02,0.017745851449423738
 4.0876E-02,0.01578064989219211
 4.0897E-02,0.013587445563583945
 4.0917E-02,0.011261712323150035
 4.0938E-02,0.00890543091845147
 4.0958E-02,0.0066224103719961045
 4.0979E-02,0.004513305897657185
 4.0999E-02,0.002670786061537339
 4.1020E-02,0.001175281616139343
 4.1041E-02,9.159455770886191e-05
 4.1061E-02,-0.0005335655743973669
 4.1082E-02,-0.0006732191483501124
 4.1102E-02,-0.00032107948466034093
 4.1123E-02,0.0005080815287354112
 4.1143E-02,0.0017787293232717212
 4.1164E-02,0.0034357003192775834
 4.1184E-02,0.005406353440620373
 4.1205E-02,0.007603793273658646
 4.1225E-02,0.009931010732134638
 4.1246E-02,0.012285591158789834
 4.1266E-02,0.014564546390200377
 4.1287E-02,0.016668876841872956
 4.1307E-02,0.01850763156816928
 4.1328E-02,0.020001423176881333
 4.1348E-02,0.021085475153209313
 4.1369E-02,0.021712276254150096
 4.1389E-02,0.021853803459025073
 4.1410E-02,0.02150312564991873
 4.1430E-02,0.02067510975880633
 4.1451E-02,0.019405984482008882
 4.1471E-02,0.017751673831299865
 4.1492E-02,0.015785028587175464
 4.1512E-02,0.013592262032170191
 4.1533E-02,0.011268960487333087
 4.1553E-02,0.008915971537795948
 4.1574E-02,0.006635322943836775
 4.1594E-02,0.004526182402992195
 4.1615E-02,0.0026808137541118066
 4.1635E-02,0.0011805490565576081
 4.1656E-02,9.19418910343959e-05
 4.1676E-02,-0.0005365879258624695
 4.1697E-02,-0.000677250064976887
 4.1717E-02,-0.00032422395441080457
 4.1738E-02,0.0005062717303305922
 4.1758E-02,0.0017770826858835229
 4.1779E-02,0.0034321434170464576
 4.1799E-02,0.00539913331333811
 4.1820E-02,0.007592554334839064
 4.1840E-02,0.009917154940449506
 4.1861E-02,0.012271728571259738
 4.1881E-02,0.01455332126632433
 4.1902E-02,0.01666178071435265
 4.1922E-02,0.018504418359710107
 4.1943E-02,0.020000422008770585
 4.1963E-02,0.021084623493765112
 4.1984E-02,0.021710319229978008
 4.2004E-02,0.021851022465472072
 4.2025E-02,0.021501212776346226
 4.2045E-02,0.020676258436824087
 4.2066E-02,0.019411680633279624
 4.2087E-02,0.017761827755595778
 4.2107E-02,0.015797905540949054
 4.2128E-02,0.013605247451415892
 4.2148E-02,0.011279758097389972
 4.2169E-02,0.008923609450126808
 4.2189E-02,0.006640449566961979
 4.2210E-02,0.004530511466377129
 4.2230E-02,0.002686025317938619
 4.2251E-02,0.0011872356871978854
 4.2271E-02,9.915983209054157e-05
 4.2292E-02,-0.0005309255108575814
 4.2312E-02,-0.0006753452467233397
 4.2333E-02,-0.00032727164729335186
 4.2353E-02,0.0004987132124532562
 4.2374E-02,0.0017669011122471744
 4.2394E-02,0.0034217651446632686
 4.2415E-02,0.0053903752105363915
 4.2435E-02,0.007585833203455749
 4.2456E-02,0.009911460159218727
 4.2476E-02,0.012265359808112627
 4.2497E-02,0.01454499069896739
 4.2517E-02,0.016651489597827956
 4.2538E-02,0.018493639696891658
 4.2558E-02,0.01999148901440929
 4.2579E-02,0.02107964273428268
 4.2599E-02,0.021710176767996754
 4.2620E-02,0.02185500043495761
 4.2640E-02,0.021507410933226664
 4.2661E-02,0.020682592039595882
 4.2681E-02,0.019416926086223443
 4.2702E-02,0.017766167915835997
 4.2722E-02,0.015802695614152054
 4.2743E-02,0.01361213600535656
 4.2763E-02,0.011289636984822554
 4.2784E-02,0.0089359535095422
 4.2804E-02,0.006653398314149999
 4.2825E-02,0.004541652874604941
 4.2845E-02,0.0026934736845897417
 4.2866E-02,0.0011904443064031521
 4.2886E-02,9.90520096498125e-05
 4.2907E-02,-0.0005325641080398945
 4.2927E-02,-0.0006768838680343457
 4.2948E-02,-0.00032812188160859414
 4.2968E-02,0.0004978055606999576
 4.2989E-02,0.0017643082054121719
 4.3009E-02,0.003415929071980606
 4.3030E-02,0.005380753239031363
 4.3050E-02,0.0075733348346366984
 4.3071E-02,0.009898142697112675
 4.3092E-02,0.012253538611322518
 4.3112E-02,0.014536226125999061
 4.3133E-02,0.016645974658125624
 4.3153E-02,0.01849029908961253
 4.3174E-02,0.019988724970577687
 4.3194E-02,0.021076324064412157
 4.3215E-02,0.021706343050418624
 4.3235E-02,0.02185190780092549
 4.3256E-02,0.02150689643290453
 4.3276E-02,0.020686094172505165
 4.3297E-02,0.01942467957697922
 4.3317E-02,0.0177769972480744
 4.3338E-02,0.015814515415969364
 4.3358E-02,0.01362289538128038
 4.3379E-02,0.011298214938907576
 4.3399E-02,0.008942543361588808
 4.3420E-02,0.006659191923622327
 4.3440E-02,0.004548004962327507
 4.3461E-02,0.002700997763233985
 4.3481E-02,0.0011985233878351635
 4.3502E-02,0.00010602500843461373
 4.3522E-02,-0.0005286367525773794
 4.3543E-02,-0.0006772760252412328
 4.3563E-02,-0.0003328118775932003
 4.3584E-02,0.0004901240531936266
 4.3604E-02,0.00175558420480395
 4.3625E-02,0.0034078196945019606
 4.3645E-02,0.005373884391009578
 4.3666E-02,0.007567138154576894
 4.3686E-02,0.009891343858060073
 4.3707E-02,0.012245028788685173
 4.3727E-02,0.01452584804834807
 4.3748E-02,0.016634801796704114
 4.3768E-02,0.018480255347192328
 4.3789E-02,0.019981740348427594
 4.3809E-02,0.021073465637830677
 4.3830E-02,0.02170737222149586
 4.3850E-02,0.021855489198752912
 4.3871E-02,0.021511341079525657
 4.3891E-02,0.020690240869099867
 4.3912E-02,0.01942845026770306
 4.3932E-02,0.01778133881811556
 4.3953E-02,0.01582076703308468
 4.3973E-02,0.01363192385761753
 4.3994E-02,0.01130978114673747
 4.4014E-02,0.008955238600035007
 4.4035E-02,0.006670981695251873
 4.4055E-02,0.004557098787425223
 4.4076E-02,0.002706594898741873
 4.4096E-02,0.0012010527155804258
 4.4117E-02,0.00010676487308553407
 4.4138E-02,-0.000528348241414349
 4.4158E-02,-0.0006768182203692377
 4.4179E-02,-0.0003326357520764734
 4.4199E-02,0.0004887489474983404
 4.4220E-02,0.0017512927822125911
 4.4240E-02,0.0033999599155890483
 4.4261E-02,0.005362982737431897
 4.4281E-02,0.007554774288053273
 4.4302E-02,0.00987949680639227
 4.4322E-02,0.012235233000027667
 4.4343E-02,0.014518594974279557
 4.4363E-02,0.01662949103574199
 4.4384E-02,0.01847570899917401
 4.4404E-02,0.019976998501436343
 4.4425E-02,0.02106843545889264
 4.4445E-02,0.021702983789550153
 4.4466E-02,0.021853274328847778
 4.4486E-02,0.021512657262339013
 4.4507E-02,0.020695549575121056
 4.4527E-02,0.019437029296809103
 4.4548E-02,0.01779157908667394
 4.4568E-02,0.015830897345251657
 4.4589E-02,0.013640784905920385
 4.4609E-02,0.011317248454759147
 4.4630E-02,0.008962082887706089
 4.4650E-02,0.00667825307058016
 4.4671E-02,0.00456537074474306
 4.4691E-02,0.0027154747917731837
 4.4712E-02,0.001209221782217916
 4.4732E-02,0.0001125302818560641
 4.4753E-02,-0.0005262762206796938
 4.4773E-02,-0.0006787279789725648
 4.4794E-02,-0.0003377039617063912
 4.4814E-02,0.000482026949933646
 4.4835E-02,0.0017443607437150606
 4.4855E-02,0.0033935354815986824
 4.4876E-02,0.0053568136220414325
 4.4896E-02,0.007547935459061529
 4.4917E-02,0.009871062495127775
 4.4937E-02,0.012224960536460277
 4.4958E-02,0.01450725257022831
 4.4978E-02,0.016618650408213958
 4.4999E-02,0.01846710608934346
 4.5019E-02,0.01997179258354898
 4.5040E-02,0.021066749393364996
 4.5060E-02,0.021703959213266184
 4.5081E-02,0.021855604614798865
 4.5101E-02,0.02151531148677145
 4.5122E-02,0.020698303846683766
 4.5143E-02,0.01944052765299081
 4.5163E-02,0.017796897521033903
 4.5184E-02,0.015838847849392736
 4.5204E-02,0.013651332875997749
 4.5225E-02,0.011329355584767841
 4.5245E-02,0.008974062603780683
 4.5266E-02,0.006688456363484658
 4.5286E-02,0.004572848682153598
 4.5307E-02,0.0027202791469722615
 4.5327E-02,0.0012121973975159962
 4.5348E-02,0.00011471964326522244
 4.5368E-02,-0.0005242946056826661
 4.5389E-02,-0.0006772150914799884
 4.5409E-02,-0.00033765160596630465
 4.5430E-02,0.00047943011544911927
 4.5450E-02,0.0017384052803427355
 4.5471E-02,0.0033844516857655304
 4.5491E-02,0.005345772307841078
 4.5512E-02,0.007536585800145703
 4.5532E-02,0.00986084526076628
 4.5553E-02,0.012216550576566848
 4.5573E-02,0.014500413927587698
 4.5594E-02,0.016612568843336017
 4.5614E-02,0.01846101263536623
 4.5635E-02,0.019965540230847546
 4.5655E-02,0.021061032398132465
 4.5676E-02,0.02170005552654458
 4.5696E-02,0.02185477505707311
 4.5717E-02,0.02151817077470299
 4.5737E-02,0.020704493117580866
 4.5758E-02,0.019448859039833222
 4.5778E-02,0.017805893537595773
 4.5799E-02,0.015847392951976527
 4.5819E-02,0.013659099322504937
 4.5840E-02,0.011336788383432689
 4.5860E-02,0.008981942819119779
 4.5881E-02,0.006697284042785247
 4.5901E-02,0.004582379675024785
 4.5922E-02,0.0027294664908303944
 4.5942E-02,0.0012195732304508269
 4.5963E-02,0.00011902154367528293
 4.5983E-02,-0.0005235766299743872
 4.6004E-02,-0.0006796520689060665
 4.6024E-02,-0.00034214131859637895
 4.6045E-02,0.00047408914706448263
 4.6065E-02,0.001732934146327295
 4.6086E-02,0.003378807447357037
 4.6106E-02,0.0053393031867514686
 4.6127E-02,0.007528535441756979
 4.6148E-02,0.009850932377871529
 4.6168E-02,0.012205311236210298
 4.6189E-02,0.014489119432329483
 4.6209E-02,0.01660275585358064
 4.6230E-02,0.01845386589727467
 4.6250E-02,0.01996144495788538
 4.6271E-02,0.02105952319537995
 4.6291E-02,0.021700179961806832
 4.6312E-02,0.021855673091178446
 4.6332E-02,0.02151956053190571
 4.6353E-02,0.020706806575692124
 4.6373E-02,0.019452959063857474
 4.6394E-02,0.017812526299869055
 4.6414E-02,0.01585666957743569
 4.6435E-02,0.013670284531724851
 4.6455E-02,0.011348511650943686
 4.6476E-02,0.008992725661544033
 4.6496E-02,0.006706112614419557
 4.6517E-02,0.004589030674317825
 4.6537E-02,0.002734426222012816
 4.6558E-02,0.0012236039421401226
 4.6578E-02,0.00012261283124856675
 4.6599E-02,-0.0005205764032868134
 4.6619E-02,-0.0006780274635957072
 4.6640E-02,-0.0003429283803751232
 4.6660E-02,0.0004701564121142742
 4.6681E-02,0.0017258576791607456
 4.6701E-02,0.003369410469228574
 4.6722E-02,0.005328920399289974
 4.6742E-02,0.0075184674243977505
 4.6763E-02,0.009841944949192029
 4.6783E-02,0.012197434341068892
 4.6804E-02,0.014481840770502836
 4.6824E-02,0.016595496286542374
 4.6845E-02,0.018446476286467787
 4.6865E-02,0.01995445473314777
 4.6886E-02,0.02105400390255032
 4.6906E-02,0.021697291583395634
 4.6927E-02,0.021856128918187563
 4.6947E-02,0.021523289407814564
 4.6968E-02,0.020712987406090577
 4.6988E-02,0.01946040720417909
 4.7009E-02,0.01782022824041857
 4.7029E-02,0.015864187576806323
 4.7050E-02,0.013677824959314754
 4.7070E-02,0.01135663056081916
 4.7091E-02,0.009001837001586145
 4.7111E-02,0.006716067472759979
 4.7132E-02,0.00459899677076278
 4.7152E-02,0.002743137346528803
 4.7173E-02,0.0012298540006862471
 4.7194E-02,0.0001257411425909928
 4.7214E-02,-0.0005204564372230035
 4.7235E-02,-0.0006801692200456349
 4.7255E-02,-0.0003463825269415759
 4.7276E-02,0.00046605098332438185
 4.7296E-02,0.0017211798835589107
 4.7317E-02,0.003363710603316419
 4.7337E-02,0.005321586917970157
 4.7358E-02,0.00750920696102351
 4.7378E-02,0.009831116036706146
 4.7399E-02,0.012186052513206385
 4.7419E-02,0.01447124561265704
 4.7440E-02,0.016586848367549596
 4.7460E-02,0.018440340515103317
 4.7481E-02,0.019950680327367454
 4.7501E-02,0.02105195481211309
 4.7522E-02,0.021696297666368942
 4.7542E-02,0.0218559142047607
 4.7563E-02,0.021524149007521445
 4.7583E-02,0.020715620187022797
 4.7604E-02,0.019465495018894052
 4.7624E-02,0.017827987023479746
 4.7645E-02,0.01587413049618577
 4.7665E-02,0.013688866004193424
 4.7686E-02,0.011367478304553391
 4.7706E-02,0.009011477265940268
 4.7727E-02,0.006724089311563598
 4.7747E-02,0.004605600841175781
 4.7768E-02,0.0027488336940925204
 4.7788E-02,0.0012350186856698532
 4.7809E-02,0.00013027293715685956
 4.7829E-02,-0.0005171935952223255
 4.7850E-02,-0.0006790849642063796
 4.7870E-02,-0.0003482158915638519
 4.7891E-02,0.0004611260779349546
 4.7911E-02,0.0017136926689086589
 4.7932E-02,0.0033547021059107777
 4.7952E-02,0.005312187641569044
 4.7973E-02,0.0075002009600601965
 4.7993E-02,0.009822713264869257
 4.8014E-02,0.01217797974304952
 4.8034E-02,0.014463097665343072
 4.8055E-02,0.01657850466600131
 4.8075E-02,0.018432218799879253
 4.8096E-02,0.0199436867333605
 4.8116E-02,0.02104715085691245
 4.8137E-02,0.0216944547038955
 4.8157E-02,0.02185718553981947
 4.8178E-02,0.021528028143560075
 4.8198E-02,0.02072120375163271
 4.8219E-02,0.019471910270791662
 4.8240E-02,0.01783476006447134
 4.8260E-02,0.01588130590490847
 4.8281E-02,0.013696822366063597
 4.8301E-02,0.011376545758013418
 4.8322E-02,0.009021567403829997
 4.8342E-02,0.006734540260492462
 4.8363E-02,0.004615326033542144
 4.8383E-02,0.002756702716099859
 4.8404E-02,0.0012402770342500354
 4.8424E-02,0.0001327879051877339
 4.8445E-02,-0.0005169819895919997
 4.8465E-02,-0.0006804750252057737
 4.8486E-02,-0.00035064895677954655
 4.8506E-02,0.00045778159580803717
 4.8527E-02,0.0017091256252927767
 4.8547E-02,0.0033484155569185924
 4.8568E-02,0.005303887875510279
 4.8588E-02,0.007490108125345354
 4.8609E-02,0.009811624107839824
 4.8629E-02,0.012167042998737164
 4.8650E-02,0.014453413073876412
 4.8670E-02,0.0165707483558296
 4.8691E-02,0.018426482927276017
 4.8711E-02,0.01993960806768819
 4.8732E-02,0.021044251440406853
 4.8752E-02,0.021692507735876693
 4.8773E-02,0.021856408911218476
 4.8793E-02,0.021529001636163392
 4.8814E-02,0.0207245538234623
 4.8834E-02,0.019477930211964527
 4.8855E-02,0.01784316794686083
 4.8875E-02,0.015891270489712978
 4.8896E-02,0.013707246783223636
 4.8916E-02,0.01138646468642966
 4.8937E-02,0.009030456070183003
 4.8957E-02,0.006742382276691743
 4.8978E-02,0.004622415318599626
 4.8998E-02,0.0027632944422932627
 4.9019E-02,0.0012462803305054884
 4.9039E-02,0.0001376687661212737
 4.9060E-02,-0.0005140318173147028
 4.9080E-02,-0.0006801886551359875
 4.9101E-02,-0.0003533355400646012
 4.9121E-02,0.0004524038529047751
 4.9142E-02,0.0017018279728359122
 4.9162E-02,0.0033401414986216947
 4.9183E-02,0.005295383969743126
 4.9203E-02,0.007481691181907083
 4.9224E-02,0.00980319917896105
 4.9245E-02,0.012158353261809605
 4.9265E-02,0.014444380369190907
 4.9286E-02,0.016561715992282962
 4.9306E-02,0.018418224857481878
 4.9327E-02,0.019933092609604512
 4.9347E-02,0.021040277745939397
 4.9368E-02,0.021691400649083797
 4.9388E-02,0.021857927454559965
 4.9409E-02,0.021532504594438305
 4.9429E-02,0.0207293320651209
 4.9450E-02,0.01948353008934787
 4.9470E-02,0.017849537890862143
 4.9491E-02,0.01589865891209491
 4.9511E-02,0.013715912314644701
 4.9532E-02,0.011396359289474797
 4.9552E-02,0.00904105556701091
 4.9573E-02,0.006752760680990178
 4.9593E-02,0.004631530920072396
 4.9614E-02,0.0027703447159098276
 4.9634E-02,0.0012509474110262565
 4.9655E-02,0.00014013526774172527
 4.9675E-02,-0.0005132966674917926
 4.9696E-02,-0.0006807536866136431
 4.9716E-02,-0.0003550687471626136
 4.9737E-02,0.0004492757320893909
 4.9757E-02,0.001696890923583873
 4.9778E-02,0.003333103102660273
 4.9798E-02,0.00528635283252714
 4.9819E-02,0.0074712749192118195
 4.9839E-02,0.0097923636934018
 4.9860E-02,0.01214811061581982
 4.9880E-02,0.01443546151920878
 4.9901E-02,0.016554391462980267
 4.9921E-02,0.018412357896460944
 4.9942E-02,0.019928387142322583
 4.9962E-02,0.0210365820363165
 4.9983E-02,0.02168890022477024
 5.0003E-02,0.021857121560630265
 5.0024E-02,0.021533976676949656
 5.0044E-02,0.02073343490822025
 5.0065E-02,0.019490152166081846
 5.0085E-02,0.017858075390473394
 5.0106E-02,0.015908210516319108
 5.0126E-02,0.01372559809333775
 5.0147E-02,0.011405601965356527
 5.0167E-02,0.009049684545375986
 5.0188E-02,0.00676089420216398
 5.0208E-02,0.00463930889192723
 5.0229E-02,0.0027776624866377476
 5.0249E-02,0.001257338568396257
 5.0270E-02,0.00014487139887393538
 5.0291E-02,-0.0005109367255657202
 5.0311E-02,-0.0006811824521198021
 5.0332E-02,-0.00035821136840531883
 5.0352E-02,0.00044394629156468014
 5.0373E-02,0.0016901243682237064
 5.0393E-02,0.0033255673623226317
 5.0414E-02,0.005278410835480472
 5.0434E-02,0.007462953587176087
 5.0455E-02,0.009783523334127783
 5.0475E-02,0.012138716634346514
 5.0496E-02,0.014425806504910151
 5.0516E-02,0.016545142309974663
 5.0537E-02,0.018404395352759926
 5.0557E-02,0.019922514988588005
 5.0578E-02,0.021033252083279254
 5.0598E-02,0.021688091317229312
 5.0619E-02,0.021858430332036664
 5.0639E-02,0.021536867624293493
 5.0660E-02,0.020737515617336406
 5.0680E-02,0.01949532903639318
 5.0701E-02,0.01786451095033167
 5.0721E-02,0.015916110123288158
 5.0742E-02,0.013734944901591233
 5.0762E-02,0.011415986638375519
 5.0783E-02,0.009060326272468399
 5.0803E-02,0.006770849025715862
 5.0824E-02,0.00464776340977883
 5.0844E-02,0.0027841670180458215
 5.0865E-02,0.0012618664150433078
 5.0885E-02,0.00014768214012136622
 5.0906E-02,-0.0005095502212336269
 5.0926E-02,-0.0006811247484251489
 5.0947E-02,-0.00035966874984747404
 5.0967E-02,0.0004406126824040453
 5.0988E-02,0.001684618900855215
 5.1008E-02,0.003317904690589831
 5.1029E-02,0.005269032698838526
 5.1049E-02,0.007452651577797938
 5.1070E-02,0.009773202395061305
 5.1090E-02,0.012129116414066554
 5.1111E-02,0.014417318501299355
 5.1131E-02,0.01653780937112901
 5.1152E-02,0.018398083885302403
 5.1172E-02,0.019917159944971466
 5.1193E-02,0.021029037914913156
 5.1213E-02,0.02168546772123466
 5.1234E-02,0.021857950599440207
 5.1254E-02,0.021538932484756475
 5.1275E-02,0.020742156454184216
 5.1296E-02,0.01950214455182203
 5.1316E-02,0.01787279162603051
 5.1337E-02,0.015925087508499414
 5.1357E-02,0.013744039173697459
 5.1378E-02,0.011424929140850817
 5.1398E-02,0.009069101491029416
 5.1419E-02,0.006779496479353167
 5.1439E-02,0.0046561534869318365
 5.1460E-02,0.0027918774691771133
 5.1480E-02,0.0012682319397249301
 5.1501E-02,0.00015199736235560436
 5.1521E-02,-0.0005077754705523878
 5.1542E-02,-0.0006819869734103183
 5.1562E-02,-0.0003628587239011251
 5.1583E-02,0.00043565202711186594
 5.1603E-02,0.0016784482432110831
 5.1624E-02,0.0033108841712930085
 5.1644E-02,0.005261260677803072
 5.1665E-02,0.007444071962033827
 5.1685E-02,0.009763816273048611
 5.1706E-02,0.012119178316181914
 5.1726E-02,0.014407405657148918
 5.1747E-02,0.01652871936392846
 5.1767E-02,0.01839060663296007
 5.1788E-02,0.019911836247291433
 5.1808E-02,0.02102602408613009
 5.1829E-02,0.021684570481488287
 5.1849E-02,0.02185880784175977
 5.1870E-02,0.021541240543205383
 5.1890E-02,0.020745822446819634
 5.1911E-02,0.019507284474728947
 5.1931E-02,0.017879578436742843
 5.1952E-02,0.01593353406211568
 5.1972E-02,0.013753836059307283
 5.1993E-02,0.01143542899880524
 5.2013E-02,0.009079464736452917
 5.2034E-02,0.0067889291869922645
 5.2054E-02,0.004664120747975421
 5.2075E-02,0.0027981893480588495
 5.2095E-02,0.001272966414598977
 5.2116E-02,0.0001553095943164287
 5.2136E-02,-0.0005058501566026787
 5.2157E-02,-0.0006816279965159704
 5.2177E-02,-0.0003644006314314111
 5.2198E-02,0.0004319029490996385
 5.2218E-02,0.001672423851657938
 5.2239E-02,0.003302878441317669
 5.2259E-02,0.005251899336862133
 5.2280E-02,0.007434139095484106
 5.2300E-02,0.009754022830803384
 5.2321E-02,0.012109986426813766
 5.2342E-02,0.014398992044885522
 5.2362E-02,0.016521087336999703
 5.2383E-02,0.018383778066501162
 5.2403E-02,0.019906013773905766
 5.2424E-02,0.021021630828363506
 5.2444E-02,0.02168214078586566
 5.2465E-02,0.021858782476315914
 5.2485E-02,0.021543771409767012
 5.2506E-02,0.020750687942728305
 5.2526E-02,0.019513959552822324
 5.2547E-02,0.0178874235206275
 5.2567E-02,0.01594200645101385
 5.2588E-02,0.01376261794834031
 5.2608E-02,0.011444412264406343
 5.2629E-02,0.009088609449035837
 5.2649E-02,0.006798079718249582
 5.2670E-02,0.004672885256576827
 5.2690E-02,0.002805954255097249
 5.2711E-02,0.0012790456627696663
 5.2731E-02,0.00015915702719759774
 5.2752E-02,-0.0005044706008549077
 5.2772E-02,-0.0006825980841410126
 5.2793E-02,-0.0003673484502158294
 5.2813E-02,0.0004274129163230333
 5.2834E-02,0.0016667111472319926
 5.2854E-02,0.003296069448526095
 5.2875E-02,0.005243988350947844
 5.2895E-02,0.007425149192287991
 5.2916E-02,0.009744174597179498
 5.2936E-02,0.01209977797157555
 5.2957E-02,0.014389140143165537
 5.2977E-02,0.016512352485659285
 5.2998E-02,0.018376757212367704
 5.3018E-02,0.01990100149343429
 5.3039E-02,0.02101861400587046
 5.3059E-02,0.02168092237873708
 5.3080E-02,0.021859163473988297
 5.3100E-02,0.021545691541414558
 5.3121E-02,0.02075424982463935
 5.3141E-02,0.01951932466731159
 5.3162E-02,0.017894637774200344
 5.3182E-02,0.01595085141753564
 5.3203E-02,0.013772571233087316
 5.3223E-02,0.011454743747504543
 5.3244E-02,0.00909856961216073
 5.3264E-02,0.006807088986180137
 5.3285E-02,0.004680633874117627
 5.3305E-02,0.0028123698934806596
 5.3326E-02,0.0012841552612899527
 5.3347E-02,0.0001629238131927945
 5.3367E-02,-0.0005022427524696568
 5.3388E-02,-0.0006822382328115634
 5.3408E-02,-0.0003691814235453924
 5.3429E-02,0.0004232433653681659
 5.3449E-02,0.0016603656007020931
 5.3470E-02,0.003288016061351523
 5.3490E-02,0.00523488117990197
 5.3511E-02,0.007415640654814823
 5.3531E-02,0.009734753958345443
 5.3552E-02,0.012090712539231507
 5.3572E-02,0.014380540815181113
 5.3593E-02,0.016504319546700588
 5.3613E-02,0.018369520428354155
 5.3634E-02,0.01989497249438328
 5.3654E-02,0.021014316377262487
 5.3675E-02,0.021678830582561138
 5.3695E-02,0.02185953094321604
 5.3716E-02,0.021548455125787843
 5.3736E-02,0.020759058784869572
 5.3757E-02,0.01952567837496403
 5.3777E-02,0.017902061011954913
 5.3798E-02,0.01595901866121837
 5.3818E-02,0.013781320388668647
 5.3839E-02,0.011463979752440689
 5.3859E-02,0.009108117242688812
 5.3880E-02,0.006816581127590552
 5.3900E-02,0.0046895025334335845
 5.3921E-02,0.002819952732759218
 5.3941E-02,0.0012898693180905573
 5.3962E-02,0.0001664224558127665
 5.3982E-02,-0.0005010052586204094
 5.4003E-02,-0.0006830625973281862
 5.4023E-02,-0.00037176604118194587
 5.4044E-02,0.0004191498959154034
 5.4064E-02,0.0016548818843389731
 5.4085E-02,0.0032811559160113124
 5.4105E-02,0.005226672904410322
 5.4126E-02,0.0074062688723913386
 5.4146E-02,0.00972464255888735
 5.4167E-02,0.01208049757567576
 5.4187E-02,0.014370939588657277
 5.4208E-02,0.01649595631454492
 5.4228E-02,0.01836279172962634
 5.4249E-02,0.019890014276134026
 5.4269E-02,0.021011082043479203
 5.4290E-02,0.02167723182700431
 5.4310E-02,0.0218595618986675
 5.4331E-02,0.021550231273094855
 5.4351E-02,0.02076274915294449
 5.4372E-02,0.019531367711544224
 5.4393E-02,0.017909617023128165
 5.4413E-02,0.015968037934231325
 5.4434E-02,0.013791186245375979
 5.4454E-02,0.011474007526771813
 5.4475E-02,0.00911771780176153
 5.4495E-02,0.006825365178235893
 5.4516E-02,0.004697280351786775
 5.4536E-02,0.00282663918249114
 5.4557E-02,0.0012953531991053563
 5.4577E-02,0.00017047664823351604
 5.4598E-02,-0.0004987195243148217
 5.4618E-02,-0.0006828951842737141
 5.4639E-02,-0.0003739310301696291
 5.4659E-02,0.00041469171319822754
 5.4680E-02,0.0016484494754228068
 5.4700E-02,0.0032732680092398747
 5.4721E-02,0.005217900213078874
 5.4741E-02,0.007397090932573816
 5.4762E-02,0.009715377375962887
 5.4782E-02,0.01207133263564203
 5.4803E-02,0.014362038721106507
 5.4823E-02,0.016487576879820373
 5.4844E-02,0.018355341618121378
 5.4864E-02,0.01988401071189173
 5.4885E-02,0.021007026879988108
 5.4905E-02,0.02167546303208508
 5.4926E-02,0.021860154525430154
 5.4946E-02,0.02155299634544939
 5.4967E-02,0.020767328815441997
 5.4987E-02,0.01953737617897636
 5.5008E-02,0.017916754952360992
 5.5028E-02,0.015976124100937877
 5.5049E-02,0.013800095910743701
 5.5069E-02,0.011483557368886121
 5.5090E-02,0.009127566106559579
 5.5110E-02,0.006834988133701944
 5.5131E-02,0.004706045192785238
 5.5151E-02,0.002833943917621716
 5.5172E-02,0.0013007675688236245
 5.5192E-02,0.00017381806725486103
 5.5213E-02,-0.0004974078102505923
 5.5233E-02,-0.000683446429568053
 5.5254E-02,-0.0003761801346333406
 5.5274E-02,0.00041082763000908933
 5.5295E-02,0.001642976736636494
 5.5315E-02,0.003266202592508801
 5.5336E-02,0.005209384852684054
 5.5356E-02,0.007387475951158016
 5.5377E-02,0.009705216150222322
 5.5398E-02,0.012061286636383966
 5.5418E-02,0.014352733888281935
 5.5439E-02,0.01647947812619412
 5.5459E-02,0.01834870245139227
 5.5480E-02,0.019878915625790042
 5.5500E-02,0.021003496100145465
 5.5521E-02,0.021673557721047853
 5.5541E-02,0.02186002210281622
 5.5562E-02,0.02155482910812977
 5.5582E-02,0.02077125662599158
 5.5603E-02,0.0195433503897103
 5.5623E-02,0.01792448676592606
 5.5644E-02,0.015985113202840844
 5.5664E-02,0.013809739039626746
 5.5685E-02,0.01149328590287996
 5.5705E-02,0.009136947978906167
 5.5726E-02,0.0068437493951325964
 5.5746E-02,0.004714009459709955
 5.5767E-02,0.0028409310242691315
 5.5787E-02,0.0013065133810006375
 5.5808E-02,0.0001779650216767988
 5.5828E-02,-0.0004952384779495938
 5.5849E-02,-0.0006835341238792386
 5.5869E-02,-0.0003785960926036337
 5.5890E-02,0.00040626208375000244
 5.5910E-02,0.0016366431921319051
 5.5931E-02,0.0032585729000564117
 5.5951E-02,0.005200898380999555
 5.5972E-02,0.007378465672241952
 5.5992E-02,0.009695915151444252
 5.6013E-02,0.012051903226739002
 5.6033E-02,0.014343546823335416
 5.6054E-02,0.01647089286194312
 5.6074E-02,0.018341230223422957
 5.6095E-02,0.019873078406718096
 5.6115E-02,0.020999700289137876
 5.6136E-02,0.021671996776957598
 5.6156E-02,0.021860654164085343
 5.6177E-02,0.02155743752049133
 5.6197E-02,0.020775559381729335
 5.6218E-02,0.01954910081062769
 5.6238E-02,0.017931514609433857
 5.6259E-02,0.01599328883223016
 5.6279E-02,0.013818885476510823
 5.6300E-02,0.011503092135878905
 5.6320E-02,0.009146936877229714
 5.6341E-02,0.006853325189742009
 5.6361E-02,0.004722568143242324
 5.6382E-02,0.002847984126203282
 5.6402E-02,0.0013117685623735892
 5.6423E-02,0.00018132925215166113
 5.6444E-02,-0.0004937276763683034
 5.6464E-02,-0.0006838076597731367
 5.6485E-02,-0.00038062694871618635
 5.6505E-02,0.0004024506115864856
 5.6526E-02,0.001631038282191157
 5.6546E-02,0.0032512675588568848
 5.6567E-02,0.00519216721912487
 5.6587E-02,0.007368775944657936
 5.6608E-02,0.009685860771716449
 5.6628E-02,0.012042088913014271
 5.6649E-02,0.014334474877722613
 5.6669E-02,0.016462903107298137
 5.6690E-02,0.018334515492104332
 5.6710E-02,0.019867758594463082
 5.6731E-02,0.02099590810422177
 5.6751E-02,0.021669923580780442
 5.6772E-02,0.02186052703204369
 5.6792E-02,0.021559436665218163
 5.6813E-02,0.02077971818499493
 5.6833E-02,0.019555241415150852
 5.6854E-02,0.017939254761593897
 5.6874E-02,0.016002119660316845
 5.6895E-02,0.013828284168421728
 5.6915E-02,0.011512616775297321
 5.6936E-02,0.009156261571481066
 5.6956E-02,0.006862206065609768
 5.6977E-02,0.0047307675262835865
 5.6997E-02,0.002855201912641919
 5.7018E-02,0.0013176252020872874
 5.7038E-02,0.000185416551066636
 5.7059E-02,-0.0004917485319778083
 5.7079E-02,-0.0006841074624933848
 5.7100E-02,-0.00038315744657570547
 5.7120E-02,0.00039793536846153204
 5.7141E-02,0.0016248996687731807
 5.7161E-02,0.0032438805874882948
 5.7182E-02,0.0051838488267293825
 5.7202E-02,0.007359775264119941
 5.7223E-02,0.009676409236398033
 5.7243E-02,0.012032475606026655
 5.7264E-02,0.014325098779276318
 5.7284E-02,0.016454265980644717
 5.7305E-02,0.018327150624940326
 5.7325E-02,0.01986212483204657
 5.7346E-02,0.020992297529593536
 5.7366E-02,0.02166842488870283
 5.7387E-02,0.021861058503215413
 5.7407E-02,0.0215618275587283
 5.7428E-02,0.02078379379218916
 5.7449E-02,0.01956086723507201
 5.7469E-02,0.017946318915817886
 5.7490E-02,0.01601046705447779
 5.7510E-02,0.01383764276444812
 5.7531E-02,0.011522561522442007
 5.7551E-02,0.009166242456602636
 5.7572E-02,0.006871633585819934
 5.7592E-02,0.004739119168754004
 5.7613E-02,0.0028621024921867055
 5.7633E-02,0.0013228676046732454
 5.7654E-02,0.0001889201676454281
 5.7674E-02,-0.0004900128457292343
 5.7695E-02,-0.000684181176244284
 5.7715E-02,-0.00038511006392543805
 5.7736E-02,0.0003940482364181021
 5.7756E-02,0.0016191132591090837
 5.7777E-02,0.0032363902747189295
 5.7797E-02,0.005175031553065925
 5.7818E-02,0.00735014664914778
 5.7838E-02,0.009666532383487709
 5.7859E-02,0.012022861833896725
 5.7879E-02,0.014316143831094603
 5.7900E-02,0.016446246076524958
 5.7920E-02,0.018320271218551107
 5.7941E-02,0.019856587722366505
 5.7961E-02,0.020988343340668843
 5.7982E-02,0.021666322285424425
 5.8002E-02,0.021861041133373643
 5.8023E-02,0.021564008849981418
 5.8043E-02,0.02078810296496474
 5.8064E-02,0.019567040270108922
 5.8084E-02,0.017953950885957082
 5.8105E-02,0.016019101643239747
 5.8125E-02,0.013846857007333438
 5.8146E-02,0.011532008008918432
 5.8166E-02,0.009175634963717913
 5.8187E-02,0.0068806926807703445
 5.8207E-02,0.0047475155659503065
 5.8228E-02,0.002869436796062685
 5.8248E-02,0.0013287052572449772
 5.8269E-02,0.00019287053949807115
 5.8289E-02,-0.00048820845606648814
 5.8310E-02,-0.0006845936841520727
 5.8330E-02,-0.0003876244376435032
 5.8351E-02,0.00038967648120039424
 5.8371E-02,0.001613176671466257
 5.8392E-02,0.003229163911579737
 5.8412E-02,0.005166753631451977
 5.8433E-02,0.0073410497600403255
 5.8453E-02,0.00965690171055436
 5.8474E-02,0.012013081730150598
 5.8495E-02,0.014306699735948933
 5.8515E-02,0.016437672081855967
 5.8536E-02,0.018313062287984898
 5.8556E-02,0.019851114512398363
 5.8577E-02,0.020984806815829614
 5.8597E-02,0.021664765315019936
 5.8618E-02,0.021861405585708975
 5.8638E-02,0.021566204454211427
 5.8659E-02,0.02079205000774894
 5.8679E-02,0.01957266406268648
 5.8700E-02,0.017961133303718124
 5.8720E-02,0.016027619328425453
 5.8741E-02,0.013856344197127357
 5.8761E-02,0.0115419700635058
 5.8782E-02,0.00918551288949754
 5.8802E-02,0.00688995289882623
 5.8823E-02,0.004755726512042761
 5.8843E-02,0.0028763011566305817
 5.8864E-02,0.0013340397703839014
 5.8884E-02,0.00019655206669723824
 5.8905E-02,-0.00048629548045766235
 5.8925E-02,-0.0006845757393573986
 5.8946E-02,-0.00038961040532634457
 5.8966E-02,0.00038565722503906163
 5.8987E-02,0.0016072366634492746
 5.9007E-02,0.0032215856823257765
 5.9028E-02,0.005157965063198799
 5.9048E-02,0.007331554469722591
 5.9069E-02,0.009647194393615893
 5.9089E-02,0.012003585072650435
 5.9110E-02,0.014297747278321997
 5.9130E-02,0.016429536829340053
 5.9151E-02,0.018306006896417575
 5.9171E-02,0.01984542812629435
 5.9192E-02,0.020980801673302213
 5.9212E-02,0.021662728703158336
 5.9233E-02,0.021861527672420937
 5.9253E-02,0.021568516721336344
 5.9274E-02,0.020796404975716477
 5.9294E-02,0.019578766894649085
 5.9315E-02,0.01796861033141694
 5.9335E-02,0.01603609097320329
 5.9356E-02,0.013865469284093603
 5.9376E-02,0.011551445187428231
 5.9397E-02,0.00919503531800973
 5.9417E-02,0.0068991753216776485
 5.9438E-02,0.004764236363800107
 5.9458E-02,0.0028836440592502374
 5.9479E-02,0.001339782935749917
 5.9500E-02,0.00020036180413635215
 5.9520E-02,-0.0004845963145312218
 5.9541E-02,-0.0006849951552335482
 5.9561E-02,-0.00039202232497950187
 5.9582E-02,0.000381450681885359
 5.9602E-02,0.0016014482782184744
 5.9623E-02,0.0032144193226701914
 5.9643E-02,0.005149633346558357
 5.9664E-02,0.0073223228845469245
 5.9684E-02,0.00963742170380888
 5.9705E-02,0.011993730898610538
 5.9725E-02,0.01428833444374957
 5.9746E-02,0.016421079575689015
 5.9766E-02,0.018298934020428464
 5.9787E-02,0.019840033066230348
 5.9807E-02,0.020977238036888213
 5.9828E-02,0.021661046858690965
 5.9848E-02,0.02186172785712145
 5.9869E-02,0.021570587208307318
 5.9889E-02,0.020800323680579453
 5.9910E-02,0.019584466031321947
 5.9930E-02,0.017975925003876507
 5.9951E-02,0.01604472263161377
 5.9971E-02,0.013874988505291968
 5.9992E-02,0.011561338733889457
 6.0012E-02,0.009204780198524306
 6.0033E-02,0.006908309282156747
 6.0053E-02,0.004772396743015661
 6.0074E-02,0.002890563768716465
 6.0094E-02,0.0013452545036143368
 6.0115E-02,0.00020419629863713674
 6.0135E-02,-0.0004825873226000269
 6.0156E-02,-0.0006849801458048612
 6.0176E-02,-0.00039409985697770193
 6.0197E-02,0.00037730775043300725
 6.0217E-02,0.0015954248973423348
 6.0238E-02,0.003206847921224179
 6.0258E-02,0.0051409428770904505
 6.0279E-02,0.00731296873165978
 6.0299E-02,0.00962782649461291
 6.0320E-02,0.011984259308091959
 6.0340E-02,0.01427930640998031
 6.0361E-02,0.01641280581903015
 6.0381E-02,0.018291746197977597
 6.0402E-02,0.019834284322299493
 6.0422E-02,0.020973266236528395
 6.0443E-02,0.021659113613282887
 6.0463E-02,0.021861960529067827
 6.0484E-02,0.02157295097269239
 6.0504E-02,0.02080463649533471
 6.0525E-02,0.019590448535387495
 6.0546E-02,0.01798326086970869
 6.0566E-02,0.016053101325406677
 6.0587E-02,0.013884113463548599
 6.0607E-02,0.011570903642604304
 6.0628E-02,0.009214433878388282
 6.0648E-02,0.006917636243319498
 6.0669E-02,0.004780932398518563
 6.0689E-02,0.00289784494123186
 6.0710E-02,0.001350886944591126
 6.0730E-02,0.00020791139409361632
 6.0751E-02,-0.0004809097144101635
 6.0771E-02,-0.0006853292706730518
 6.0792E-02,-0.00039637903176826633
 6.0812E-02,0.0003732342427146846
 6.0833E-02,0.0015897073848944226
 6.0853E-02,0.0031996599689438944
 6.0874E-02,0.005132514354890117
 6.0894E-02,0.007303620342101475
 6.0915E-02,0.009617980780518757
 6.0935E-02,0.011974414589623075
 6.0956E-02,0.014269978937932875
 6.0976E-02,0.016404461778434208
 6.0997E-02,0.01828475048472318
 6.1017E-02,0.019828884505461535
 6.1038E-02,0.020969612326704256
 6.1058E-02,0.02165729655593076
 6.1079E-02,0.021862044003944148
 6.1099E-02,0.02157497638872363
 6.1120E-02,0.02080859707966511
 6.1140E-02,0.019596246547880666
 6.1161E-02,0.017990672585106237
 6.1181E-02,0.016061771902280475
 6.1202E-02,0.013893589519555202
 6.1222E-02,0.011580692834276436
 6.1243E-02,0.009224067759835858
 6.1263E-02,0.006926711898975136
 6.1284E-02,0.004789120072839636
 6.1304E-02,0.0029048668304077468
 6.1325E-02,0.0013564869991563163
 6.1345E-02,0.00021183975591084403
 6.1366E-02,-0.00047888299864650677
 6.1386E-02,-0.0006853734916555471
 6.1407E-02,-0.0003985530538394773
 6.1427E-02,0.0003690163114740167
 6.1448E-02,0.001583677012985161
 6.1468E-02,0.0031921592318544948
 6.1489E-02,0.0051239398792165365
 6.1509E-02,0.007294370219723404
 6.1530E-02,0.009608425444176305
 6.1551E-02,0.011964898890210053
 6.1571E-02,0.014260845536865246
 6.1592E-02,0.016396074502260764
 6.1612E-02,0.01827749649396756
 6.1633E-02,0.019823145839151533
 6.1653E-02,0.0209657143617129
 6.1674E-02,0.021655454163925867
 6.1694E-02,0.02186232869086438
 6.1715E-02,0.021577318139391368
 6.1735E-02,0.020812818043127557
 6.1756E-02,0.01960210879882992
 6.1776E-02,0.017997916746424487
 6.1797E-02,0.016070130140199767
 6.1817E-02,0.013902771616699736
 6.1838E-02,0.011590359573573938
 6.1858E-02,0.009233813484715794
 6.1879E-02,0.006936073863045171
 6.1899E-02,0.00479761836238673
 6.1920E-02,0.0029120625634308983
 6.1940E-02,0.001362036625166532
 6.1961E-02,0.00021552473486044846
 6.1981E-02,-0.00047715990691446074
 6.2000E-02,-0.0006871062793047523
