  0.000,0.0
  1.000,0.009271696347629406
  0.000,0.009271696347629406
 1.6260E-05,0.009643787620604138
 3.2520E-05,0.010794577549102452
 4.8780E-05,0.012459596948303453
 6.5040E-05,0.014963787625039297
 8.1300E-05,0.01792977300432841
 9.7560E-05,0.020473193282996186
 1.1382E-04,0.021979547030067673
 1.3008E-04,0.022264144379362204
 1.4634E-04,0.021219908396617623
 1.6260E-04,0.01885586549609702
 1.7886E-04,0.015811690833794297
 1.9512E-04,0.01298021885320222
 2.1138E-04,0.01071300292401327
 2.2764E-04,0.009077790402537748
 2.4390E-04,0.008198402116296494
 2.6016E-04,0.007822362148997284
 2.7642E-04,0.007235161502524464
 2.9268E-04,0.0059742639853806595
 3.0894E-04,0.00411657910476608
 3.2520E-04,0.0018124409251366602
 3.4146E-04,-0.0007074293146709376
 3.5772E-04,-0.002756866900305152
 3.7398E-04,-0.00360767301241793
 3.9024E-04,-0.0030778631999253945
 4.0650E-04,-0.0013278417084487764
 4.2276E-04,0.0014191882880254885
 4.3902E-04,0.004654319432287907
 4.5528E-04,0.0076040305458458315
 4.7154E-04,0.009780778783283692
 4.8780E-04,0.011177092642949821
 5.0406E-04,0.01195709581183895
 5.2032E-04,0.01239279266278129
 5.3658E-04,0.012978291403670541
 5.5284E-04,0.014176618529333558
 5.6910E-04,0.016014050086775422
 5.8536E-04,0.018134914652005462
 6.0162E-04,0.020128749038784668
 6.1788E-04,0.021514849533222326
 6.3414E-04,0.021720529655225862
 6.5040E-04,0.020493565931759862
 6.6666E-04,0.018104353653638754
 6.8292E-04,0.01502050902652478
 6.9918E-04,0.01173485573285031
 7.1544E-04,0.00884408920130171
 7.3170E-04,0.006817021356132722
 7.4796E-04,0.005665418050623537
 7.6422E-04,0.005070056964972056
 7.8048E-04,0.004665137897095973
 7.9674E-04,0.00406955394179462
 8.1300E-04,0.002950405552811699
 8.2926E-04,0.0012855048252501512
 8.4552E-04,-0.0005514789771159138
 8.6178E-04,-0.002037046461359878
 8.7804E-04,-0.002713861425914748
 8.9430E-04,-0.00221732620781657
 9.1056E-04,-0.00039957569597659894
 9.2682E-04,0.0024745128491811025
 9.4308E-04,0.005831777384617105
 9.5934E-04,0.009092718231757791
 9.7560E-04,0.01178919419607172
 9.9186E-04,0.013598153220602933
 1.0081E-03,0.014510372760930099
 1.0244E-03,0.014878517586372063
 1.0406E-03,0.015162841188158025
 1.0569E-03,0.015703822505992022
 1.0732E-03,0.016690973457490866
 1.0894E-03,0.018088529646139852
 1.1057E-03,0.019534814242903983
 1.1219E-03,0.02048431020466951
 1.1382E-03,0.020488002564285873
 1.1545E-03,0.019313882004503995
 1.1707E-03,0.016967578004063323
 1.1870E-03,0.013762841657593023
 1.2032E-03,0.010282214283951981
 1.2195E-03,0.007132953191255452
 1.2358E-03,0.004731218000513124
 1.2520E-03,0.003252026030616647
 1.2683E-03,0.0026131676381995535
 1.2845E-03,0.0024674406619657253
 1.3008E-03,0.002349048679355325
 1.3171E-03,0.001921046402246277
 1.3333E-03,0.0010941262947152452
 1.3496E-03,9.886441068050105e-06
 1.3658E-03,-0.0009735282905952408
 1.3821E-03,-0.0013589600895098138
 1.3984E-03,-0.0007326702743327081
 1.4146E-03,0.0010463781386549397
 1.4309E-03,0.0038319995362515124
 1.4471E-03,0.007238945865713524
 1.4634E-03,0.010701415324235734
 1.4797E-03,0.013642046717768532
 1.4959E-03,0.01569262786088946
 1.5122E-03,0.016782598100638427
 1.5284E-03,0.017094784191887875
 1.5447E-03,0.01699517984222311
 1.5610E-03,0.016915907640846002
 1.5772E-03,0.017161855706732503
 1.5935E-03,0.0177681467004936
 1.6097E-03,0.018513042978985247
 1.6260E-03,0.019013391892319983
 1.6423E-03,0.018832372669891746
 1.6585E-03,0.017635911499775846
 1.6748E-03,0.015359183421427915
 1.6910E-03,0.012248233537035962
 1.7073E-03,0.008765402180336434
 1.7236E-03,0.005463386165620734
 1.7398E-03,0.002848212484659542
 1.7561E-03,0.0012152957281536343
 1.7723E-03,0.0005532549063899054
 1.7886E-03,0.0005954710036385459
 1.8049E-03,0.0009500209785780909
 1.8211E-03,0.001229862064656253
 1.8374E-03,0.0011918425392014264
 1.8536E-03,0.0008506605961105341
 1.8699E-03,0.0004732753290801651
 1.8862E-03,0.00045631673491210466
 1.9024E-03,0.0011806344229064367
 1.9187E-03,0.0028814657885873705
 1.9349E-03,0.005536410467863392
 1.9512E-03,0.008833466937119866
 1.9675E-03,0.012266154665913371
 1.9837E-03,0.015294294714416332
 2.0000E-03,0.01748945438184904
 2.0162E-03,0.018649161155313076
 2.0325E-03,0.01885796398627051
 2.0488E-03,0.018438978593172166
 2.0650E-03,0.01780701563141506
 2.0813E-03,0.017312506426593453
 2.0975E-03,0.017128791208571425
 2.1138E-03,0.017187620201939653
 2.1301E-03,0.017196873755998553
 2.1463E-03,0.016763389961630397
 2.1626E-03,0.01555770983144057
 2.1788E-03,0.013439648762788336
 2.1951E-03,0.010524374491753013
 2.2114E-03,0.007179512554880269
 2.2276E-03,0.003927187580544397
 2.2439E-03,0.0012782109398205544
 2.2601E-03,-0.00041868101593808154
 2.2764E-03,-0.0010619355826926352
 2.2927E-03,-0.0008124338004631922
 2.3089E-03,-2.8752498168723773e-05
 2.3252E-03,0.0008747292968238496
 2.3414E-03,0.0015860062950040351
 2.3577E-03,0.0019975024369575304
 2.3740E-03,0.0022309034629222615
 2.3902E-03,0.002589364331659643
 2.4065E-03,0.003437862400481816
 2.4227E-03,0.0050465834849142055
 2.4390E-03,0.007470939736336175
 2.4553E-03,0.010513711249623256
 2.4715E-03,0.013765534825169047
 2.4878E-03,0.016712738672509643
 2.5040E-03,0.01889237542546387
 2.5203E-03,0.020035115068991614
 2.5366E-03,0.020133371517342253
 2.5528E-03,0.019421388421711955
 2.5691E-03,0.018285673626293037
 2.5853E-03,0.017126454094862586
 2.6016E-03,0.016212443967977663
 2.6179E-03,0.015592148758437858
 2.6341E-03,0.015095119567696397
 2.6504E-03,0.014409335380268
 2.6666E-03,0.013206901460454954
 2.6829E-03,0.011284578730360335
 2.6992E-03,0.00866580132304929
 2.7154E-03,0.005617487718754666
 2.7317E-03,0.002580409664590066
 2.7479E-03,4.4905291785660335e-05
 2.7642E-03,-0.0015926507919009681
 2.7805E-03,-0.0021496157032464196
 2.7967E-03,-0.0017043734659927178
 2.8130E-03,-0.0005523565746799399
 2.8292E-03,0.0009042533889735171
 2.8455E-03,0.00229320668355377
 2.8618E-03,0.003396186297665179
 2.8780E-03,0.004216013860433844
 2.8943E-03,0.004956557555794593
 2.9105E-03,0.005926610785786966
 2.9268E-03,0.00740897272483928
 2.9431E-03,0.00953693477521596
 2.9593E-03,0.012217520888685794
 2.9756E-03,0.015134863411053879
 2.9918E-03,0.017836624898658313
 3.0081E-03,0.019868329332257583
 3.0244E-03,0.02090827366649248
 3.0406E-03,0.020862667124925
 3.0569E-03,0.019888315735504696
 3.0731E-03,0.018330136428446452
 3.0894E-03,0.016597601761645285
 3.1057E-03,0.015028530389609033
 3.1219E-03,0.013784947484334259
 3.1382E-03,0.012812734522083672
 3.1544E-03,0.011881564855336858
 3.1707E-03,0.01069265099258049
 3.1870E-03,0.009011263616494201
 3.2032E-03,0.006774889566731102
 3.2195E-03,0.0041423834908366364
 3.2357E-03,0.0014664332798379111
 3.2520E-03,-0.0008058476715031375
 3.2683E-03,-0.002269480803924452
 3.2845E-03,-0.0026848606159822663
 3.3008E-03,-0.002047290225946039
 3.3170E-03,-0.0005825427199632812
 3.3333E-03,0.0013316545902674318
 3.3496E-03,0.0032929315353192315
 3.3658E-03,0.005003527716199982
 3.3821E-03,0.006355525473055388
 3.3983E-03,0.007446087089441977
 3.4146E-03,0.008519176106751233
 3.4309E-03,0.009852602772082412
 3.4471E-03,0.011631341905927309
 3.4634E-03,0.013855258888463558
 3.4796E-03,0.016313713046128657
 3.4959E-03,0.01863453056773276
 3.5122E-03,0.020392480098693683
 3.5284E-03,0.021241989092046054
 3.5447E-03,0.02102658724169604
 3.5609E-03,0.019826006681787495
 3.5772E-03,0.017926905976050234
 3.5935E-03,0.01572855747485106
 3.6097E-03,0.013614571795065674
 3.6260E-03,0.011835050190504156
 3.6422E-03,0.010441437910080491
 3.6585E-03,0.009295150349907695
 3.6748E-03,0.008143724344163432
 3.6910E-03,0.00673722337627021
 3.7073E-03,0.004944304402815196
 3.7235E-03,0.0028251123088915125
 3.7398E-03,0.0006335534433317223
 3.7561E-03,-0.0012512153308785988
 3.7723E-03,-0.0024400346119513826
 3.7886E-03,-0.002657459960141865
 3.8048E-03,-0.0018317110423826857
 3.8211E-03,-0.00011870998207202878
 3.8374E-03,0.0021477367498000336
 3.8536E-03,0.004561020504590417
 3.8699E-03,0.006766297160542255
 3.8861E-03,0.008562952011198149
 3.9024E-03,0.009949540633953534
 3.9187E-03,0.011095888645662147
 3.9349E-03,0.012254390651794383
 3.9512E-03,0.01364356885459065
 3.9674E-03,0.01534492114918749
 3.9837E-03,0.017249845299805784
 4.0000E-03,0.019077029487790508
 4.0162E-03,0.0204549841979005
 4.0325E-03,0.021040487570032025
 4.0487E-03,0.020632114374945953
 4.0650E-03,0.01924019775478183
 4.0813E-03,0.017088485438603244
 4.0975E-03,0.014546308969585267
 4.1138E-03,0.012015448068307347
 4.1300E-03,0.009811286731605924
 4.1463E-03,0.008078199555091996
 4.1626E-03,0.006767033102456365
 4.1788E-03,0.005681626646699745
 4.1951E-03,0.0045766681981792255
 4.2113E-03,0.0032706366348851782
 4.2276E-03,0.001733267416855895
 4.2439E-03,0.00011670539941611123
 4.2601E-03,-0.0012813540272327544
 4.2764E-03,-0.002110564285700926
 4.2926E-03,-0.0020843838445574097
 4.3089E-03,-0.0010793265873220844
 4.3252E-03,0.0008169472514968311
 4.3414E-03,0.0033251407523538145
 4.3577E-03,0.00605538585342576
 4.3739E-03,0.00862238867901615
 4.3902E-03,0.010754931806495
 4.4065E-03,0.012362614321735209
 4.4227E-03,0.013538263528261058
 4.4390E-03,0.014496515703618455
 4.4552E-03,0.0154711104278018
 4.4715E-03,0.016608323563286568
 4.4878E-03,0.017895156933236168
 4.5040E-03,0.019147859129492906
 4.5203E-03,0.02006505021882755
 4.5365E-03,0.020327489172071597
 4.5528E-03,0.019709850153005106
 4.5691E-03,0.018165018583429133
 4.5853E-03,0.015851192879994844
 4.6016E-03,0.013092405837985868
 4.6178E-03,0.010285905759777537
 4.6341E-03,0.007787886071525561
 4.6504E-03,0.005816606582856924
 4.6666E-03,0.004405599776350396
 4.6829E-03,0.0034215034724274667
 4.6991E-03,0.002638491872159792
 4.7154E-03,0.0018421341878866898
 4.7317E-03,0.0009254266358055128
 4.7479E-03,-5.7589909632267005e-05
 4.7642E-03,-0.0008998977422893685
 4.7804E-03,-0.0013083924487906752
 4.7967E-03,-0.0010062594541180557
 4.8130E-03,0.00016474080725890406
 4.8292E-03,0.002177950909529979
 4.8455E-03,0.004815035071739055
 4.8617E-03,0.007721513042558891
 4.8780E-03,0.010505909290120538
 4.8943E-03,0.012849106384961357
 4.9105E-03,0.014587019804718479
 4.9268E-03,0.01573885562145898
 4.9430E-03,0.01647240185561641
 4.9593E-03,0.01702005579881237
 4.9756E-03,0.01757623901290136
 4.9918E-03,0.018212888318739448
 5.0081E-03,0.01884320202818727
 5.0243E-03,0.019246738095964607
 5.0406E-03,0.01914705299196121
 5.0569E-03,0.018314431044590514
 5.0731E-03,0.016657509278179616
 5.0894E-03,0.01427136958417317
 5.1056E-03,0.011424654937429692
 5.1219E-03,0.008489594026920844
 5.1382E-03,0.005838787601510758
 5.1544E-03,0.0037438268120669927
 5.1707E-03,0.0023096815758758414
 5.1869E-03,0.001466197783547007
 5.2032E-03,0.0010182202262235286
 5.2195E-03,0.0007354820888740557
 5.2357E-03,0.000449777909735129
 5.2520E-03,0.0001248732180994865
 5.2682E-03,-0.00012551444843979817
 5.2845E-03,-7.80099194793937e-05
 5.3008E-03,0.0005161181786963074
 5.3170E-03,0.0018325455955670253
 5.3333E-03,0.0038962055124050756
 5.3495E-03,0.006551906244145677
 5.3658E-03,0.009494226389171936
 5.3821E-03,0.012347282981729456
 5.3983E-03,0.014767644539268165
 5.4146E-03,0.01653560040895587
 5.4308E-03,0.017604183181456755
 5.4471E-03,0.018090146541227647
 5.4634E-03,0.018211282882714057
 5.4796E-03,0.018193107030924856
 5.4959E-03,0.018178449739096044
 5.5121E-03,0.018172059886405915
 5.5284E-03,0.018039595191000443
 5.5447E-03,0.017561096165122126
 5.5609E-03,0.01651982571134731
 5.5772E-03,0.014794768009639808
 5.5934E-03,0.012423652191093879
 5.6097E-03,0.00961370723088669
 5.6260E-03,0.006695658262080024
 5.6422E-03,0.004036186492655617
 5.6585E-03,0.0019383902547139079
 5.6747E-03,0.0005637738351571126
 5.6910E-03,-9.842636505817454e-05
 5.7073E-03,-0.00020533919885322454
 5.7235E-03,1.1762979334397283e-05
 5.7398E-03,0.00033997745154335277
 5.7560E-03,0.0006647958285970572
 5.7723E-03,0.0010095327103871832
 5.7886E-03,0.0015206021976121417
 5.8048E-03,0.0024043050441128993
 5.8211E-03,0.0038378583412705778
 5.8373E-03,0.005886465374547636
 5.8536E-03,0.008456213549303896
 5.8699E-03,0.011300171713485125
 5.8861E-03,0.01407657688983469
 5.9024E-03,0.01643993631428329
 5.9186E-03,0.01813444143280016
 5.9349E-03,0.019058222406475936
 5.9512E-03,0.019277084313710266
 5.9674E-03,0.018984007011681205
 5.9837E-03,0.018419556918932777
 5.9999E-03,0.01778172908368669
 6.0162E-03,0.01715701990046293
 6.0325E-03,0.016496704778741374
 6.0487E-03,0.015646131005809395
 6.0650E-03,0.014416021903856263
 6.0812E-03,0.012669954753163813
 6.0975E-03,0.01039647216293627
 6.1138E-03,0.00773964183004945
 6.1300E-03,0.00497642658742467
 6.1463E-03,0.002447857587551585
 6.1625E-03,0.00046708855763130837
 6.1788E-03,-0.0007646997184369091
 6.1951E-03,-0.0012064658078604206
 6.2113E-03,-0.0009739647616944872
 6.2276E-03,-0.000287066135342845
 6.2438E-03,0.0006132097069563435
 6.2601E-03,0.0015486944907657097
 6.2764E-03,0.002459885740812801
 6.2926E-03,0.003414504182549834
 6.3089E-03,0.004566497770740992
 6.3251E-03,0.006080719251605902
 6.3414E-03,0.008050608234335604
 6.3577E-03,0.010438663245048567
 6.3739E-03,0.013061536010445605
 6.3902E-03,0.015626053105521995
 6.4064E-03,0.01780472259968844
 6.4227E-03,0.019325448791061586
 6.4390E-03,0.020045124644229313
 6.4552E-03,0.01998231926899653
 6.4715E-03,0.019298484680354167
 6.4877E-03,0.018234968691425397
 6.5040E-03,0.017028342667585347
 6.5203E-03,0.015833770187424035
 6.5365E-03,0.014682879538547307
 6.5528E-03,0.013490140061333823
 6.5690E-03,0.01210453109378796
 6.5853E-03,0.010387326169118874
 6.6016E-03,0.008287631902894084
 6.6178E-03,0.005888135324416311
 6.6341E-03,0.0034040249826935015
 6.6503E-03,0.0011345084302376266
 6.6666E-03,-0.0006170687870751762
 6.6829E-03,-0.001627581676571891
 6.6991E-03,-0.0018145371581728613
 6.7154E-03,-0.0012524412815247494
 6.7316E-03,-0.00014019406643128425
 6.7479E-03,0.001268678258852132
 6.7642E-03,0.002748562991174082
 6.7804E-03,0.004168567261086272
 6.7967E-03,0.005520881490711922
 6.8129E-03,0.006901689330446141
 6.8292E-03,0.008452392988423912
 6.8455E-03,0.010282883547961526
 6.8617E-03,0.012404864516600101
 6.8780E-03,0.014699683595309815
 6.8942E-03,0.01693301884380271
 6.9105E-03,0.018812340671480545
 6.9268E-03,0.020068046140245783
 6.9430E-03,0.02053076275664282
 6.9593E-03,0.02017850565542181
 6.9755E-03,0.0191377799681413
 6.9918E-03,0.01763869635297855
 7.0081E-03,0.01594004020551316
 7.0243E-03,0.014250401772819448
 7.0406E-03,0.012672432112654149
 7.0568E-03,0.01118881340318562
 7.0731E-03,0.00969367350806268
 7.0894E-03,0.008057159967417148
 7.1056E-03,0.006199294320166282
 7.1219E-03,0.004146062318463128
 7.1381E-03,0.0020470325871948043
 7.1544E-03,0.00014739130108682233
 7.1707E-03,-0.0012766710774326914
 7.1869E-03,-0.0019974360602222838
 7.2032E-03,-0.0019030169009441064
 7.2194E-03,-0.0010297894398975179
 7.2357E-03,0.0004509260200325101
 7.2520E-03,0.0022871063120069824
 7.2682E-03,0.004222447045724044
 7.2845E-03,0.006068814706668639
 7.3007E-03,0.00775024438287001
 7.3170E-03,0.009304163386397548
 7.3333E-03,0.010840640336171811
 7.3495E-03,0.01247522163990363
 7.3658E-03,0.014260134313649071
 7.3820E-03,0.0161391042771641
 7.3983E-03,0.017942655270946788
 7.4146E-03,0.019426476236420246
 7.4308E-03,0.020340248745864195
 7.4471E-03,0.020503507460435427
 7.4633E-03,0.01986246900002773
 7.4796E-03,0.018508261935759964
 7.4959E-03,0.016650344879581908
 7.5121E-03,0.01455438698511292
 7.5284E-03,0.01246603215328131
 7.5446E-03,0.010546531800193926
 7.5609E-03,0.008841704128594296
 7.5772E-03,0.007293757124098517
 7.5934E-03,0.005790420063008258
 7.6097E-03,0.004232817204245021
 7.6259E-03,0.0025970872390667617
 7.6422E-03,0.0009671163582678365
 7.6585E-03,-0.00047394701556177903
 7.6747E-03,-0.0014911381817427456
 7.6910E-03,-0.0018680831225305321
 7.7072E-03,-0.0014762645167198602
 7.7235E-03,-0.00031934773429843845
 7.7398E-03,0.0014627061242326015
 7.7560E-03,0.0036312618964050945
 7.7723E-03,0.005915656291975744
 7.7885E-03,0.008086330736592021
 7.8048E-03,0.010009886788039392
 7.8211E-03,0.011667997029387126
 7.8373E-03,0.013134870507702831
 7.8536E-03,0.01452252338596398
 7.8698E-03,0.01591432355173433
 7.8861E-03,0.017311241489509393
 7.9024E-03,0.01861060274785529
 7.9186E-03,0.01962556615014977
 7.9349E-03,0.020139110168874506
 7.9511E-03,0.01997404128219022
 7.9674E-03,0.019054734750600974
 7.9837E-03,0.017439031999983506
 7.9999E-03,0.015309009634638021
 8.0162E-03,0.012923564443055292
 8.0324E-03,0.010548887587431041
 8.0487E-03,0.008390322623782996
 8.0650E-03,0.0065482868415031635
 8.0812E-03,0.0050122746842793595
 8.0975E-03,0.0036935560489087015
 8.1137E-03,0.0024837184981843304
 8.1300E-03,0.001317338283519494
 8.1463E-03,0.00021584694567745237
 8.1625E-03,-0.000703520077170614
 8.1788E-03,-0.001257363109397051
 8.1950E-03,-0.0012543337769014074
 8.2113E-03,-0.0005617863645913433
 8.2276E-03,0.0008423469282935532
 8.2438E-03,0.0028506775982540386
 8.2601E-03,0.005247422184531818
 8.2763E-03,0.007762687153317376
 8.2926E-03,0.010141922725375835
 8.3089E-03,0.01220738913253322
 8.3251E-03,0.013891400055154988
 8.3414E-03,0.015231054351500068
 8.3576E-03,0.01632765862624472
 8.3739E-03,0.01728633029164317
 8.3902E-03,0.01815803692412808
 8.4064E-03,0.018905231731309483
 8.4227E-03,0.019403723055170435
 8.4389E-03,0.019480486627645125
 8.4552E-03,0.01897432294395939
 8.4715E-03,0.017798058206314835
 8.4877E-03,0.01598026665319963
 8.5040E-03,0.013671513571472851
 8.5202E-03,0.01111240017998663
 8.5365E-03,0.008573885278919911
 8.5528E-03,0.006289818509446897
 8.5690E-03,0.004404074458439784
 8.5853E-03,0.002949360780537895
 8.6015E-03,0.0018636309213598502
 8.6178E-03,0.0010369779916727445
 8.6341E-03,0.0003714407097233088
 8.6503E-03,-0.00016809291571093568
 8.6666E-03,-0.0005303001857955672
 8.6828E-03,-0.0005897454294386681
 8.6991E-03,-0.0001909040524851552
 8.7154E-03,0.0007915857009958841
 8.7316E-03,0.0023977392917340417
 8.7479E-03,0.004551791090001473
 8.7641E-03,0.007067739023325449
 8.7804E-03,0.009689759287018276
 8.7967E-03,0.012154410375777466
 8.8129E-03,0.014254078565362375
 8.8292E-03,0.015880759074256685
 8.8454E-03,0.01703616817017753
 8.8617E-03,0.017805937452859796
 8.8780E-03,0.01830811625639561
 8.8942E-03,0.018635009575686232
 8.9105E-03,0.018809435902318847
 8.9267E-03,0.018771129574198114
 8.9430E-03,0.018398163891936097
 8.9593E-03,0.017555757203236086
 8.9755E-03,0.01615502615896076
 8.9918E-03,0.014200597014363756
 9.0080E-03,0.011809757203828989
 9.0243E-03,0.009195689397847907
 9.0406E-03,0.00661978627918516
 9.0568E-03,0.004328701230168433
 9.0731E-03,0.002496934514646724
 9.0893E-03,0.001193660760011103
 9.1056E-03,0.0003839890287947225
 9.1219E-03,-3.707486709595727e-05
 9.1381E-03,-0.00019088501264038346
 9.1544E-03,-0.00016116260332579157
 9.1706E-03,4.0944895609357706e-05
 9.1869E-03,0.0004804148908818251
 9.2032E-03,0.0012694169878405225
 9.2194E-03,0.002516376763706338
 9.2357E-03,0.004271373220706811
 9.2519E-03,0.006487627143189588
 9.2682E-03,0.009013360102580525
 9.2845E-03,0.011617851201232323
 9.3007E-03,0.014043712521742321
 9.3170E-03,0.016068330090873124
 9.3332E-03,0.017554234846982732
 9.3495E-03,0.01847201016468695
 9.3658E-03,0.018888882862221793
 9.3820E-03,0.018928032513589654
 9.3983E-03,0.018713698930841807
 9.4145E-03,0.018321847259312105
 9.4308E-03,0.017753863482340402
 9.4471E-03,0.016942359951208973
 9.4633E-03,0.015786651871065108
 9.4796E-03,0.014204865561232835
 9.4958E-03,0.012183663585374701
 9.5121E-03,0.009807305438138661
 9.5284E-03,0.007254933770444035
 9.5446E-03,0.004766042074169025
 9.5609E-03,0.00258513114661684
 9.5771E-03,0.0009037289433840056
 9.5934E-03,-0.00018122436112292238
 9.6097E-03,-0.0006793486844935641
 9.6259E-03,-0.0006861025862518302
 9.6422E-03,-0.0003374843750256863
 9.6584E-03,0.00024346475079971107
 9.6747E-03,0.000989448449215976
 9.6910E-03,0.0019061472428222655
 9.7072E-03,0.0030582627606415016
 9.7235E-03,0.004529875302372969
 9.7397E-03,0.006373765363235447
 9.7560E-03,0.008568326800106742
 9.7723E-03,0.01099814045189226
 9.7885E-03,0.01346609502804659
 9.8048E-03,0.015733986090352786
 9.8210E-03,0.01757859502051862
 9.8373E-03,0.018844804556138406
 9.8536E-03,0.019478263731374085
 9.8698E-03,0.01952715910564172
 9.8861E-03,0.019113313112008912
 9.9023E-03,0.01838335459629356
 9.9186E-03,0.017457389695383994
 9.9349E-03,0.01639312678573634
 9.9511E-03,0.01517765088536768
 9.9674E-03,0.013749072306678763
 9.9836E-03,0.01203960742985823
 9.9999E-03,0.01002401709507858
 1.0016E-02,0.007755388069114028
 1.0032E-02,0.005374656739680546
 1.0049E-02,0.003089469081301123
 1.0065E-02,0.0011286952139246739
 1.0081E-02,-0.0003125960222580483
 1.0097E-02,-0.0011195859565420589
 1.0114E-02,-0.0012804210422689092
 1.0130E-02,-0.0008781788272895
 1.0146E-02,-5.5548130223037205e-05
 1.0163E-02,0.0010351134204085646
 1.0179E-02,0.002278915754877078
 1.0195E-02,0.003626635781679129
 1.0211E-02,0.005094743719650215
 1.0228E-02,0.006738093033146311
 1.0244E-02,0.008605828477400924
 1.0260E-02,0.01069702947942596
 1.0276E-02,0.012932744641528503
 1.0293E-02,0.015155360416643568
 1.0309E-02,0.01715668569566068
 1.0325E-02,0.01872605360746713
 1.0341E-02,0.01970265514767022
 1.0358E-02,0.02001471284045441
 1.0374E-02,0.01969255791034394
 1.0390E-02,0.01885163659075365
 1.0406E-02,0.017651782014405967
 1.0423E-02,0.01624711475719808
 1.0439E-02,0.014743876677380087
 1.0455E-02,0.013180379056491633
 1.0471E-02,0.011535212829937913
 1.0488E-02,0.009759776708162572
 1.0504E-02,0.007822564443893131
 1.0520E-02,0.005748513192258759
 1.0536E-02,0.0036384767397306212
 1.0553E-02,0.0016609073561206279
 1.0569E-02,1.7621109870887344e-05
 1.0585E-02,-0.001105362190973056
 1.0602E-02,-0.001585648324595745
 1.0618E-02,-0.0013950921851479698
 1.0634E-02,-0.0006031844775538992
 1.0650E-02,0.0006475781430270302
 1.0667E-02,0.0021856586392766386
 1.0683E-02,0.0038586801398915755
 1.0699E-02,0.005569584369343559
 1.0715E-02,0.007288935073491675
 1.0732E-02,0.009040094360820018
 1.0748E-02,0.010863622739507438
 1.0764E-02,0.012774584928294908
 1.0780E-02,0.014728924403893291
 1.0797E-02,0.016611851282589386
 1.0813E-02,0.01825341231878685
 1.0829E-02,0.019466799671509563
 1.0845E-02,0.020096863488454214
 1.0862E-02,0.020062557550069696
 1.0878E-02,0.019378990082092287
 1.0894E-02,0.018151701484766178
 1.0910E-02,0.016545299878206382
 1.0927E-02,0.014737300367039791
 1.0943E-02,0.012872881120978456
 1.0959E-02,0.011035622633147378
 1.0976E-02,0.009243423897651901
 1.0992E-02,0.007469795349500951
 1.1008E-02,0.005681774357874929
 1.1024E-02,0.003879911619682399
 1.1041E-02,0.0021251369078785485
 1.1057E-02,0.0005420260037719542
 1.1073E-02,-0.0007036200661694784
 1.1089E-02,-0.001445864552233599
 1.1106E-02,-0.001564734400117007
 1.1122E-02,-0.0010217912616414038
 1.1138E-02,0.00012686793619196175
 1.1154E-02,0.00174459293343661
 1.1171E-02,0.0036504379086041566
 1.1187E-02,0.005665518797929656
 1.1203E-02,0.007654041617673564
 1.1219E-02,0.009545658504073006
 1.1236E-02,0.011332501842040158
 1.1252E-02,0.01304320524583465
 1.1268E-02,0.014704300366257802
 1.1284E-02,0.016303750971273442
 1.1301E-02,0.017770533971163214
 1.1317E-02,0.018978420411486042
 1.1333E-02,0.01977347649618669
 1.1349E-02,0.020016320339740185
 1.1366E-02,0.019624807842070362
 1.1382E-02,0.01860246891286347
 1.1398E-02,0.017042805004797018
 1.1415E-02,0.015107804782955385
 1.1431E-02,0.012987827022177609
 1.1447E-02,0.010856249407313818
 1.1463E-02,0.008833825725694494
 1.1480E-02,0.0069740471022716605
 1.1496E-02,0.0052732963246256166
 1.1512E-02,0.003700868128368346
 1.1528E-02,0.0022370398794702264
 1.1545E-02,0.0009046956231880815
 1.1561E-02,-0.00021756172726292633
 1.1577E-02,-0.0010062087287937567
 1.1593E-02,-0.0013243622269321236
 1.1610E-02,-0.0010635258595196899
 1.1626E-02,-0.00018121798720835305
 1.1642E-02,0.0012785771463802316
 1.1658E-02,0.0031894311814101525
 1.1675E-02,0.005369988639394756
 1.1691E-02,0.007626069184642419
 1.1707E-02,0.009793586703107555
 1.1723E-02,0.01176841150615196
 1.1740E-02,0.013513987763320218
 1.1756E-02,0.015045358633797022
 1.1772E-02,0.01639649664079607
 1.1789E-02,0.017583594028491772
 1.1805E-02,0.018578228927240766
 1.1821E-02,0.01930066851675185
 1.1837E-02,0.019636302900667202
 1.1854E-02,0.01946988154119216
 1.1870E-02,0.0187257686019872
 1.1886E-02,0.017400112422193144
 1.1902E-02,0.015573456738409326
 1.1919E-02,0.01339897985266654
 1.1935E-02,0.011069881706276175
 1.1951E-02,0.008776514359126795
 1.1967E-02,0.006667204316857777
 1.1984E-02,0.004825217394877398
 1.2000E-02,0.003268547229178102
 1.2016E-02,0.001971217322887318
 1.2032E-02,0.0008973635316727715
 1.2049E-02,3.507462875060525e-05
 1.2065E-02,-0.000582722252057376
 1.2081E-02,-0.0008782742717056856
 1.2097E-02,-0.0007503159958872204
 1.2114E-02,-0.00010942452543213704
 1.2130E-02,0.001084947062462239
 1.2146E-02,0.0027989059232420743
 1.2162E-02,0.0049193822727679115
 1.2179E-02,0.007272534051161225
 1.2195E-02,0.009659751073791288
 1.2211E-02,0.011899755027686991
 1.2228E-02,0.0138632910424524
 1.2244E-02,0.015489566776935098
 1.2260E-02,0.01677999179197949
 1.2276E-02,0.017772662461831245
 1.2293E-02,0.01850765464837593
 1.2309E-02,0.018996212079675338
 1.2325E-02,0.01920531225922241
 1.2341E-02,0.01906344495277141
 1.2358E-02,0.018485752220005213
 1.2374E-02,0.017409658378888433
 1.2390E-02,0.015828228581210007
 1.2406E-02,0.01380910140670142
 1.2423E-02,0.01149172671800047
 1.2439E-02,0.009063077470926396
 1.2455E-02,0.006719371550483648
 1.2471E-02,0.004626060475482005
 1.2488E-02,0.002888797349576407
 1.2504E-02,0.0015441774842420999
 1.2520E-02,0.0005721589715812923
 1.2536E-02,-7.537252815996876e-05
 1.2553E-02,-0.00044085581128148674
 1.2569E-02,-0.0005346324709651074
 1.2585E-02,-0.00032552294879882945
 1.2601E-02,0.00024813823843175927
 1.2618E-02,0.0012509422800065471
 1.2634E-02,0.002716246256641081
 1.2650E-02,0.0046178403581357864
 1.2667E-02,0.006858020803512447
 1.2683E-02,0.009277101038483948
 1.2699E-02,0.011682073489302757
 1.2715E-02,0.013885572690351181
 1.2732E-02,0.015742764028015836
 1.2748E-02,0.017174523656950175
 1.2764E-02,0.018170033457402604
 1.2780E-02,0.018769026785208958
 1.2797E-02,0.019030888977283
 1.2813E-02,0.01900219751796449
 1.2829E-02,0.01869456009070681
 1.2845E-02,0.01808070860250804
 1.2862E-02,0.01711013110674079
 1.2878E-02,0.01573843018939676
 1.2894E-02,0.013959578643674345
 1.2910E-02,0.011829059358415477
 1.2927E-02,0.009468934823906507
 1.2943E-02,0.007052106508835639
 1.2959E-02,0.004770201462734122
 1.2975E-02,0.002795145530895135
 1.2992E-02,0.0012466036450023577
 1.3008E-02,0.0001753876613410758
 1.3024E-02,-0.0004325840969159882
 1.3041E-02,-0.0006342065559226408
 1.3057E-02,-0.0004975024538377796
 1.3073E-02,-7.19126737916242e-05
 1.3089E-02,0.0006288481668199594
 1.3106E-02,0.001625460048453806
 1.3122E-02,0.002953994483294404
 1.3138E-02,0.004636441220608608
 1.3154E-02,0.006651808348178774
 1.3171E-02,0.008918793823935671
 1.3187E-02,0.011297116216731583
 1.3203E-02,0.013608179562067012
 1.3219E-02,0.01566905770093561
 1.3236E-02,0.017329142444770573
 1.3252E-02,0.018497829945688486
 1.3268E-02,0.019154669198803227
 1.3284E-02,0.019339403674360538
 1.3301E-02,0.019126193475685678
 1.3317E-02,0.018591603894178375
 1.3333E-02,0.017787839330060243
 1.3349E-02,0.016730553781664163
 1.3366E-02,0.015405168450696985
 1.3382E-02,0.013788892784569233
 1.3398E-02,0.011879948445249448
 1.3415E-02,0.009722831260086802
 1.3431E-02,0.007419739043590047
 1.3447E-02,0.005123075610725985
 1.3463E-02,0.003010520733831357
 1.3480E-02,0.0012502190799078639
 1.3496E-02,-3.292260045350301e-05
 1.3512E-02,-0.0007792018676025385
 1.3528E-02,-0.0009977202123629238
 1.3545E-02,-0.0007512091368781868
 1.3561E-02,-0.00012796715165475103
 1.3577E-02,0.000789011612324281
 1.3593E-02,0.0019449663295513088
 1.3610E-02,0.003320671453079367
 1.3626E-02,0.004922144296129155
 1.3642E-02,0.0067571510597583765
 1.3658E-02,0.008807680505356526
 1.3675E-02,0.01100908075508706
 1.3691E-02,0.01324430449195
 1.3707E-02,0.015356470084612226
 1.3723E-02,0.017176546063120635
 1.3740E-02,0.018557634229537785
 1.3756E-02,0.019404927861928465
 1.3772E-02,0.019691804205514255
 1.3788E-02,0.01945719831825892
 1.3805E-02,0.018785754803314896
 1.3821E-02,0.017778034363885392
 1.3837E-02,0.016521242004941324
 1.3854E-02,0.0150704487070675
 1.3870E-02,0.013446308321602114
 1.3886E-02,0.01164925002097442
 1.3902E-02,0.009684180124725897
 1.3919E-02,0.007585938580678429
 1.3935E-02,0.0054354411813046614
 1.3951E-02,0.0033596924908369367
 1.3967E-02,0.0015145186696814807
 1.3984E-02,5.494780830762576e-05
 1.4000E-02,-0.0008974668530582291
 1.4016E-02,-0.0012799350217079764
 1.4032E-02,-0.001098323587163186
 1.4049E-02,-0.0004188150891924656
 1.4065E-02,0.0006554188530985077
 1.4081E-02,0.002014353406108506
 1.4097E-02,0.003567808395882742
 1.4114E-02,0.005259942308827973
 1.4130E-02,0.007067280085300257
 1.4146E-02,0.00898195593335286
 1.4162E-02,0.01098715258434994
 1.4179E-02,0.013034521558371467
 1.4195E-02,0.015032700325631334
 1.4211E-02,0.01685214210581186
 1.4228E-02,0.018345708704283693
 1.4244E-02,0.019378862011942423
 1.4260E-02,0.019859792453738673
 1.4276E-02,0.019759675212916057
 1.4293E-02,0.01911650762080893
 1.4309E-02,0.018021511631167497
 1.4325E-02,0.016592940319641484
 1.4341E-02,0.014946255234059928
 1.4358E-02,0.01317061345550913
 1.4374E-02,0.011319113015484933
 1.4390E-02,0.00941520120660569
 1.4406E-02,0.007471841101159536
 1.4423E-02,0.0055154943343008935
 1.4439E-02,0.0036052900428490448
 1.4455E-02,0.0018394835042706106
 1.4471E-02,0.0003458368399954098
 1.4488E-02,-0.0007417228793819106
 1.4504E-02,-0.0013129027618163972
 1.4520E-02,-0.0013076441188767547
 1.4536E-02,-0.0007308100232169449
 1.4553E-02,0.0003498203169708967
 1.4569E-02,0.0018214769858931027
 1.4585E-02,0.0035542098024978065
 1.4601E-02,0.005429385786091554
 1.4618E-02,0.007359691640495167
 1.4634E-02,0.009294636739350642
 1.4650E-02,0.011210774490557582
 1.4667E-02,0.013091296334818628
 1.4683E-02,0.014903399089815741
 1.4699E-02,0.01658257569849218
 1.4715E-02,0.018030477958872915
 1.4732E-02,0.01912813133361329
 1.4748E-02,0.019760756055194614
 1.4764E-02,0.019846205228407722
 1.4780E-02,0.01935756345918795
 1.4797E-02,0.018332280902492146
 1.4813E-02,0.016864708215642923
 1.4829E-02,0.015084469439000773
 1.4845E-02,0.013127807213720217
 1.4862E-02,0.011111223895145452
 1.4878E-02,0.009115685687734897
 1.4894E-02,0.007185761234261349
 1.4910E-02,0.005342721430014134
 1.4927E-02,0.0036057109711230377
 1.4943E-02,0.0020123238068103007
 1.4959E-02,0.000630226417871135
 1.4975E-02,-0.00044525605161421637
 1.4992E-02,-0.001107608082408999
 1.5008E-02,-0.0012645820329788182
 1.5024E-02,-0.0008642604787363613
 1.5041E-02,8.70763129640419e-05
 1.5057E-02,0.0015214491503491765
 1.5073E-02,0.003321463960704449
 1.5089E-02,0.005344563139116807
 1.5106E-02,0.007451505615407155
 1.5122E-02,0.009530079757033632
 1.5138E-02,0.011506887560344141
 1.5154E-02,0.013344319672780951
 1.5171E-02,0.015025068581090368
 1.5187E-02,0.016530870015388825
 1.5203E-02,0.017824102179847846
 1.5219E-02,0.018839738679929646
 1.5236E-02,0.01949135367883841
 1.5252E-02,0.0196897584220216
 1.5268E-02,0.019368209227658348
 1.5284E-02,0.018505602062611863
 1.5301E-02,0.017139550165167827
 1.5317E-02,0.01536456292194564
 1.5333E-02,0.01331553837144951
 1.5349E-02,0.01114169372986846
 1.5366E-02,0.008979173601214564
 1.5382E-02,0.006930826350724531
 1.5398E-02,0.005058971507508183
 1.5414E-02,0.003392357132041968
 1.5431E-02,0.0019435539216805231
 1.5447E-02,0.0007294753365506262
 1.5463E-02,-0.0002132266154938401
 1.5480E-02,-0.0008241570623259551
 1.5496E-02,-0.0010286403807977683
 1.5512E-02,-0.0007578021342931269
 1.5528E-02,2.7502220090348936e-05
 1.5545E-02,0.00131724945661433
 1.5561E-02,0.003044303260513816
 1.5577E-02,0.005091193578181877
 1.5593E-02,0.007309952254765907
 1.5610E-02,0.009548994207921189
 1.5626E-02,0.01167874620560785
 1.5642E-02,0.013608282906458604
 1.5658E-02,0.015288435678046166
 1.5675E-02,0.016701572159433773
 1.5691E-02,0.017842845666268228
 1.5707E-02,0.01870057324017454
 1.5723E-02,0.019243526058218205
 1.5740E-02,0.019420277371439875
 1.5756E-02,0.019171292333067393
 1.5772E-02,0.018449737978204154
 1.5788E-02,0.017243699630744656
 1.5805E-02,0.015591772825176944
 1.5821E-02,0.013586111107913343
 1.5837E-02,0.01136120624977123
 1.5853E-02,0.009071482330868389
 1.5870E-02,0.006864517254736245
 1.5886E-02,0.004858074316589271
 1.5902E-02,0.003127682357889271
 1.5919E-02,0.0017077792078078824
 1.5935E-02,0.0006047449436290063
 1.5951E-02,-0.00018386886460054698
 1.5967E-02,-0.0006515759791333382
 1.5984E-02,-0.0007735736515624948
 1.6000E-02,-0.0005094787606224273
 1.6016E-02,0.00018256467772941184
 1.6032E-02,0.0013253656830615633
 1.6049E-02,0.002903182255266778
 1.6065E-02,0.0048505280365323325
 1.6081E-02,0.0070538965579331914
 1.6097E-02,0.009366697289567068
 1.6114E-02,0.011633250491864434
 1.6130E-02,0.013714643900174349
 1.6146E-02,0.015508669600110983
 1.6162E-02,0.01695813872319902
 1.6179E-02,0.018045889564360866
 1.6195E-02,0.018779354949354087
 1.6211E-02,0.019171044119323005
 1.6227E-02,0.019222507544508067
 1.6244E-02,0.0189178805033502
 1.6260E-02,0.018229479322494527
 1.6276E-02,0.017133440724960803
 1.6293E-02,0.015629634099237164
 1.6309E-02,0.013758363821274943
 1.6325E-02,0.01160731575365705
 1.6341E-02,0.009305456226045249
 1.6358E-02,0.007005016088169558
 1.6374E-02,0.00485673489133384
 1.6390E-02,0.0029857957009622256
 1.6406E-02,0.0014755830475021495
 1.6423E-02,0.00036367488785769885
 1.6439E-02,-0.00034969999041839245
 1.6455E-02,-0.000684688824927124
 1.6471E-02,-0.0006630176870940219
 1.6488E-02,-0.0002944326841687088
 1.6504E-02,0.0004266645971293922
 1.6520E-02,0.001513261840738474
 1.6536E-02,0.0029695397819226267
 1.6553E-02,0.00477261851028908
 1.6569E-02,0.006859350068655944
 1.6585E-02,0.009123675982901855
 1.6601E-02,0.011426527127641467
 1.6618E-02,0.01361597292166387
 1.6634E-02,0.015551808458172178
 1.6650E-02,0.017127226380869907
 1.6667E-02,0.018281196129947868
 1.6683E-02,0.018998329435252294
 1.6699E-02,0.01929724458182992
 1.6715E-02,0.01921227082007568
 1.6732E-02,0.018775422286900715
 1.6748E-02,0.018005200994878706
 1.6764E-02,0.01690611243194309
 1.6780E-02,0.015478755201901999
 1.6797E-02,0.01373640377152501
 1.6813E-02,0.011721530479100278
 1.6829E-02,0.009515576818705653
 1.6845E-02,0.00723752722014305
 1.6862E-02,0.0050306670575116985
 1.6878E-02,0.0030409741571726825
 1.6894E-02,0.0013934799049027118
 1.6910E-02,0.00017364813571947926
 1.6927E-02,-0.0005808705343406758
 1.6943E-02,-0.0008762396620177249
 1.6959E-02,-0.0007483939828251663
 1.6975E-02,-0.0002444017176292798
 1.6992E-02,0.0005940004382367911
 1.7008E-02,0.0017389807911323118
 1.7024E-02,0.0031746065077645083
 1.7040E-02,0.004885511734061308
 1.7057E-02,0.006840962611155582
 1.7073E-02,0.008980822731231805
 1.7089E-02,0.011209393118490155
 1.7106E-02,0.013400444578688664
 1.7122E-02,0.015412900804602891
 1.7138E-02,0.017112911204919277
 1.7154E-02,0.018395771335632426
 1.7171E-02,0.019201107375832832
 1.7187E-02,0.01951695969895818
 1.7203E-02,0.019372106156166434
 1.7219E-02,0.018819861458205564
 1.7236E-02,0.017919314100868167
 1.7252E-02,0.016720574519319197
 1.7268E-02,0.015258914865072118
 1.7284E-02,0.013559299920320038
 1.7301E-02,0.011648944223483084
 1.7317E-02,0.009572546269217623
 1.7333E-02,0.007403792611878193
 1.7349E-02,0.005247957114015785
 1.7366E-02,0.0032335020271494447
 1.7382E-02,0.001494430779787371
 1.7398E-02,0.0001484010585808594
 1.7414E-02,-0.0007228497785246358
 1.7431E-02,-0.0010849107848047604
 1.7447E-02,-0.0009507589690115476
 1.7463E-02,-0.0003700298016538734
 1.7480E-02,0.0005884569891163252
 1.7496E-02,0.0018548088565477246
 1.7512E-02,0.0033707680117467482
 1.7528E-02,0.0050931267665454295
 1.7545E-02,0.006987437331762351
 1.7561E-02,0.009015178299290327
 1.7577E-02,0.011119962518420927
 1.7593E-02,0.013218792984218993
 1.7610E-02,0.015202647821558685
 1.7626E-02,0.016947405695326274
 1.7642E-02,0.018332451751504917
 1.7658E-02,0.01926151693336277
 1.7675E-02,0.01967938059524636
 1.7691E-02,0.019579337918136656
 1.7707E-02,0.018999359588914137
 1.7723E-02,0.01800859352620468
 1.7740E-02,0.016688975892079034
 1.7756E-02,0.015118149235929763
 1.7772E-02,0.013359148230950753
 1.7788E-02,0.011459691602488968
 1.7805E-02,0.009460352647183744
 1.7821E-02,0.0074076310786526985
 1.7837E-02,0.005366154627381825
 1.7853E-02,0.003424520685535209
 1.7870E-02,0.0016915360734349998
 1.7886E-02,0.0002830288672945791
 1.7902E-02,-0.0006972107655384228
 1.7919E-02,-0.0011766339967112904
 1.7935E-02,-0.0011273466974359608
 1.7951E-02,-0.00056961677431254
 1.7967E-02,0.00043543029577989255
 1.7984E-02,0.0018013384484353362
 1.8000E-02,0.003434898976575079
 1.8016E-02,0.005251817224273577
 1.8032E-02,0.007184765739749727
 1.8049E-02,0.00918198103946732
 1.8065E-02,0.011198014010066332
 1.8081E-02,0.013181079268430639
 1.8097E-02,0.015062674195983993
 1.8114E-02,0.016754327310460886
 1.8130E-02,0.01815377542164937
 1.8146E-02,0.019159459395247304
 1.8162E-02,0.019689167501030717
 1.8179E-02,0.0196970216533777
 1.8195E-02,0.01918337541660775
 1.8211E-02,0.018194448740132808
 1.8227E-02,0.016811875304096294
 1.8244E-02,0.015135612193038
 1.8260E-02,0.013265719113570527
 1.8276E-02,0.011288652024144844
 1.8292E-02,0.009271909702952035
 1.8309E-02,0.007267776748894096
 1.8325E-02,0.005323619974312729
 1.8341E-02,0.003493869053867835
 1.8358E-02,0.0018482524901950754
 1.8374E-02,0.00047224900357852495
 1.8390E-02,-0.0005414472636457337
 1.8406E-02,-0.0011083642417724355
 1.8423E-02,-0.0011699281305140227
 1.8439E-02,-0.0007077366040864365
 1.8455E-02,0.00025025091879215167
 1.8471E-02,0.0016337193383403042
 1.8488E-02,0.0033430267747433396
 1.8504E-02,0.0052672033701872635
 1.8520E-02,0.0073013797091001495
 1.8536E-02,0.009358513109205902
 1.8553E-02,0.011372432420481676
 1.8569E-02,0.013292360701862857
 1.8585E-02,0.015072099691822077
 1.8601E-02,0.016658911834031433
 1.8618E-02,0.017987169789523638
 1.8634E-02,0.018980054136674737
 1.8650E-02,0.01955960163991106
 1.8666E-02,0.019662290470249737
 1.8683E-02,0.01925519536696842
 1.8699E-02,0.018347318038235992
 1.8715E-02,0.016992152603421948
 1.8732E-02,0.015280376055247086
 1.8748E-02,0.013324769446281899
 1.8764E-02,0.011241955497401385
 1.8780E-02,0.009136427730793439
 1.8797E-02,0.0070913551054717205
 1.8813E-02,0.005168143748887848
 1.8829E-02,0.0034136141149920794
 1.8845E-02,0.0018710028955618585
 1.8862E-02,0.0005897422651342686
 1.8878E-02,-0.00037047077085974726
 1.8894E-02,-0.0009436368505707407
 1.8910E-02,-0.0010687700475058037
 1.8927E-02,-0.0007051090439365869
 1.8943E-02,0.0001538199217876907
 1.8959E-02,0.0014721710025799627
 1.8975E-02,0.0031728068439223957
 1.8992E-02,0.005147507814891464
 1.9008E-02,0.007273519238943812
 1.9024E-02,0.009431590789144512
 1.9040E-02,0.011520306906867065
 1.9057E-02,0.013462916024529453
 1.9073E-02,0.01520554382764137
 1.9089E-02,0.01670868390353926
 1.9106E-02,0.017936145592405934
 1.9122E-02,0.018846407011694995
 1.9138E-02,0.01939031008870604
 1.9154E-02,0.019516609198743994
 1.9171E-02,0.019183907185260182
 1.9187E-02,0.018375036725569983
 1.9203E-02,0.017108848381541465
 1.9219E-02,0.015445040355463424
 1.9236E-02,0.013479876006219166
 1.9252E-02,0.011333609677251971
 1.9268E-02,0.009133140343423891
 1.9284E-02,0.006994900849085359
 1.9301E-02,0.005012764927775432
 1.9317E-02,0.003253914112552848
 1.9333E-02,0.0017628104166898298
 1.9349E-02,0.0005706492076430537
 1.9366E-02,-0.00029411970442783054
 1.9382E-02,-0.0007988076328741343
 1.9398E-02,-0.0009061938856555943
 1.9414E-02,-0.0005815075769279984
 1.9431E-02,0.00019551457353740066
 1.9447E-02,0.0014177097416579686
 1.9463E-02,0.0030414684792673457
 1.9479E-02,0.004985248412913174
 1.9496E-02,0.007136854413538637
 1.9512E-02,0.009367858670228149
 1.9528E-02,0.011551204676797922
 1.9545E-02,0.013577042123499389
 1.9561E-02,0.01536251843169758
 1.9577E-02,0.016853368883047316
 1.9593E-02,0.018017961133623302
 1.9610E-02,0.018836977898733072
 1.9626E-02,0.019293282789655756
 1.9642E-02,0.01936624083559211
 1.9658E-02,0.01903296610942044
 1.9675E-02,0.018276289337373304
 1.9691E-02,0.01709663111103505
 1.9707E-02,0.015523355836402958
 1.9723E-02,0.013621139160468393
 1.9740E-02,0.011488424926305217
 1.9756E-02,0.00924763591406965
 1.9772E-02,0.007029529934846561
 1.9788E-02,0.004956010557378436
 1.9805E-02,0.003126152210923762
 1.9821E-02,0.0016090422798522872
 1.9837E-02,0.00044469621912808293
 1.9853E-02,-0.00034841083252149386
 1.9870E-02,-0.00076279159733481
 1.9886E-02,-0.0007928039935391833
 1.9902E-02,-0.00043060718984220734
 1.9919E-02,0.0003311366746854592
 1.9935E-02,0.0014907839243046813
 1.9951E-02,0.0030266900061438756
 1.9967E-02,0.0048880072379929645
 1.9984E-02,0.006991237985114899
 2.0000E-02,0.009224661254201712
 2.0016E-02,0.011460156165766396
 2.0032E-02,0.013569473209192174
 2.0049E-02,0.01544051005190563
 2.0065E-02,0.01698915261282129
 2.0081E-02,0.018163743936620902
 2.0097E-02,0.018941720051573848
 2.0114E-02,0.019320539093075316
 2.0130E-02,0.019306826105690404
 2.0146E-02,0.018908041052697607
 2.0162E-02,0.01812983097237346
 2.0179E-02,0.016979967641190988
 2.0195E-02,0.015477207319154513
 2.0211E-02,0.013661450084043616
 2.0227E-02,0.011600916498405184
 2.0244E-02,0.009392932242300218
 2.0260E-02,0.00715700986462002
 2.0276E-02,0.005021504621206003
 2.0292E-02,0.003107295114168058
 2.0309E-02,0.0015129474093102191
 2.0325E-02,0.0003053241412045325
 2.0341E-02,-0.0004822171464641716
 2.0358E-02,-0.0008443917904769646
 2.0374E-02,-0.000793994445567838
 2.0390E-02,-0.0003513589297703774
 2.0406E-02,0.0004627952782296071
 2.0423E-02,0.001628655146061655
 2.0439E-02,0.0031225817376563524
 2.0455E-02,0.004908537624080161
 2.0471E-02,0.006929414628566331
 2.0488E-02,0.009102219652596964
 2.0504E-02,0.011319873881544595
 2.0520E-02,0.013460172945625497
 2.0536E-02,0.01540000797609271
 2.0553E-02,0.01703111148322215
 2.0569E-02,0.01827300951166301
 2.0585E-02,0.019079739608655593
 2.0601E-02,0.019438929711385233
 2.0618E-02,0.019364317312614537
 2.0634E-02,0.018884856024495255
 2.0650E-02,0.018034492407044647
 2.0666E-02,0.01684618610603603
 2.0683E-02,0.01535198758401346
 2.0699E-02,0.013588613917173548
 2.0715E-02,0.011605819448956813
 2.0731E-02,0.00947370296466308
 2.0748E-02,0.007285332653618141
 2.0764E-02,0.005152617968995636
 2.0780E-02,0.0031956680092932377
 2.0797E-02,0.0015281396007341124
 2.0813E-02,0.00024250725552613073
 2.0829E-02,-0.0006007094501641963
 2.0845E-02,-0.0009769758044042504
 2.0862E-02,-0.0008944094903876554
 2.0878E-02,-0.00038479886972766033
 2.0894E-02,0.0005076127068857674
 2.0910E-02,0.0017356642502112003
 2.0927E-02,0.0032540869130438833
 2.0943E-02,0.005018444106152703
 2.0959E-02,0.0069793343874296546
 2.0975E-02,0.009074829807213945
 2.0992E-02,0.011224880798631463
 2.1008E-02,0.013330827066561352
 2.1024E-02,0.015281416311982921
 2.1040E-02,0.016964454271703303
 2.1057E-02,0.01828118672633434
 2.1073E-02,0.019159456970495137
 2.1089E-02,0.019561965840139098
 2.1105E-02,0.019487492313428934
 2.1122E-02,0.018965179895798243
 2.1138E-02,0.018044175529548415
 2.1154E-02,0.016782267631896067
 2.1171E-02,0.015237245178396312
 2.1187E-02,0.013463482089835775
 2.1203E-02,0.011514185607612802
 2.1219E-02,0.00944757186995861
 2.1236E-02,0.007333716214961081
 2.1252E-02,0.0052585015276045075
 2.1268E-02,0.003322064727563714
 2.1284E-02,0.0016310715000190396
 2.1301E-02,0.0002863529954314169
 2.1317E-02,-0.0006308554318666429
 2.1333E-02,-0.0010702169494097304
 2.1349E-02,-0.0010179653469677195
 2.1366E-02,-0.0004955207336293849
 2.1382E-02,0.00044817023575421066
 2.1398E-02,0.0017478761471876984
 2.1414E-02,0.0033332412737955095
 2.1431E-02,0.005136494740732264
 2.1447E-02,0.0070947786772908895
 2.1463E-02,0.00914723964487496
 2.1479E-02,0.011229004200448813
 2.1496E-02,0.013265343827014622
 2.1512E-02,0.015169310833912297
 2.1528E-02,0.01684490338559057
 2.1545E-02,0.018195823786965215
 2.1561E-02,0.019137830162714673
 2.1577E-02,0.01961127518199039
 2.1593E-02,0.01959017577807558
 2.1610E-02,0.019085159483519888
 2.1626E-02,0.01813954120713641
 2.1642E-02,0.01681993594888391
 2.1658E-02,0.015204461725731547
 2.1675E-02,0.013372167437435878
 2.1691E-02,0.011396646153533594
 2.1707E-02,0.00934511986151639
 2.1723E-02,0.007282208369172243
 2.1740E-02,0.005275856692169896
 2.1756E-02,0.0034021007507297747
 2.1772E-02,0.0017457731821078888
 2.1788E-02,0.0003957338201789292
 2.1805E-02,-0.0005647731671892767
 2.1821E-02,-0.0010701910436806197
 2.1837E-02,-0.0010836838785512719
 2.1853E-02,-0.0006038176200822451
 2.1870E-02,0.00033514688931616534
 2.1886E-02,0.0016694197609180197
 2.1902E-02,0.0033163971064935124
 2.1918E-02,0.005186693202407959
 2.1935E-02,0.007194038419593256
 2.1951E-02,0.009260539306091465
 2.1967E-02,0.011316572325842721
 2.1984E-02,0.013296559570282387
 2.2000E-02,0.015133359380645629
 2.2016E-02,0.016754477734087753
 2.2032E-02,0.01808260419030332
 2.2049E-02,0.01904134919873795
 2.2065E-02,0.01956508329481519
 2.2081E-02,0.01961015277176674
 2.2097E-02,0.01916404876842383
 2.2114E-02,0.018249589917228904
 2.2130E-02,0.016922680122754538
 2.2146E-02,0.01526420208798946
 2.2162E-02,0.013368410024822868
 2.2179E-02,0.011331170451828751
 2.2195E-02,0.009241238065902567
 2.2211E-02,0.007176518324617278
 2.2227E-02,0.005205406693368827
 2.2244E-02,0.0033914659545949497
 2.2260E-02,0.0017985471543321106
 2.2276E-02,0.0004933742414886194
 2.2292E-02,-0.0004563830254715528
 2.2309E-02,-0.0009887902681221087
 2.2325E-02,-0.0010574782137480429
 2.2341E-02,-0.0006417030271936774
 2.2358E-02,0.0002465962222435393
 2.2374E-02,0.0015611808729580363
 2.2390E-02,0.0032261374881573275
 2.2406E-02,0.005145624456398183
 2.2423E-02,0.007216071660145795
 2.2439E-02,0.009337513239927141
 2.2455E-02,0.011421196641964254
 2.2471E-02,0.013392020251090635
 2.2488E-02,0.015186210878333987
 2.2504E-02,0.0167463098476116
 2.2520E-02,0.01801641370193455
 2.2536E-02,0.018940409628314236
 2.2553E-02,0.019464735508134687
 2.2569E-02,0.019545412750104064
 2.2585E-02,0.019157380867870645
 2.2601E-02,0.018303118497849373
 2.2618E-02,0.01701754109594449
 2.2634E-02,0.015367225949741676
 2.2650E-02,0.013443764061507017
 2.2666E-02,0.01135286857380774
 2.2683E-02,0.009202148035100475
 2.2699E-02,0.007090744857596606
 2.2715E-02,0.005103257820175967
 2.2731E-02,0.0033087994282710942
 2.2748E-02,0.001764240292842827
 2.2764E-02,0.000519291657917734
 2.2780E-02,-0.00037944430002585696
 2.2797E-02,-0.0008877984825275694
 2.2813E-02,-0.0009676945336492132
 2.2829E-02,-0.0005943656944918045
 2.2845E-02,0.00023513265299111602
 2.2862E-02,0.001495078683398612
 2.2878E-02,0.003128542724570563
 2.2894E-02,0.0050505292529548045
 2.2910E-02,0.007156430208831681
 2.2927E-02,0.00933376531135949
 2.2943E-02,0.011474198185591184
 2.2959E-02,0.013482831977152518
 2.2975E-02,0.015282795139316288
 2.2992E-02,0.01681477367673638
 2.3008E-02,0.01803285517751409
 2.3024E-02,0.01889922695753139
 2.3040E-02,0.01938050900814987
 2.3057E-02,0.019447727399501853
 2.3073E-02,0.01908042798900895
 2.3089E-02,0.018273733419177433
 2.3105E-02,0.017045864592833415
 2.3122E-02,0.01544323993603728
 2.3138E-02,0.013540881781962572
 2.3154E-02,0.011437288002019192
 2.3171E-02,0.00924467214078438
 2.3187E-02,0.007076931674358265
 2.3203E-02,0.005038371496930188
 2.3219E-02,0.00321586725826962
 2.3236E-02,0.0016759321294193368
 2.3252E-02,0.00046648423080849545
 2.3268E-02,-0.0003784187906051724
 2.3284E-02,-0.0008334807383278257
 2.3301E-02,-0.0008792235741041192
 2.3317E-02,-0.0005027292839491706
 2.3333E-02,0.00029794337065672987
 2.3349E-02,0.0015072178407319998
 2.3366E-02,0.003085880103844494
 2.3382E-02,0.0049680209732625765
 2.3398E-02,0.007062835295197901
 2.3414E-02,0.009261572202068758
 2.3431E-02,0.011448288746407208
 2.3447E-02,0.013511840834263858
 2.3463E-02,0.015356170475506463
 2.3479E-02,0.016906546048601895
 2.3496E-02,0.018110774214661767
 2.3512E-02,0.018936054072249433
 2.3528E-02,0.019363511792549363
 2.3544E-02,0.019383064965297722
 2.3561E-02,0.018990916126227563
 2.3577E-02,0.018190799698894974
 2.3593E-02,0.01699853148322255
 2.3610E-02,0.015447999646766016
 2.3626E-02,0.013595995335873893
 2.3642E-02,0.011523476043138853
 2.3658E-02,0.009331921388757537
 2.3675E-02,0.0071350080391182884
 2.3691E-02,0.005047353042070053
 2.3707E-02,0.0031730265602745796
 2.3723E-02,0.0015965920733050727
 2.3740E-02,0.00037858357467418654
 2.3756E-02,-0.0004441236864095769
 2.3772E-02,-0.0008541447022607765
 2.3788E-02,-0.0008478335329593815
 2.3805E-02,-0.00043047453869679813
 2.3821E-02,0.00038565049652677084
 2.3837E-02,0.0015796577684586723
 2.3853E-02,0.003117753794913411
 2.3870E-02,0.0049482473446925655
 2.3886E-02,0.006998361470412819
 2.3902E-02,0.009174886667870865
 2.3918E-02,0.011369525508784423
 2.3935E-02,0.013468245958362074
 2.3951E-02,0.015362614977761436
 2.3967E-02,0.016960393479088065
 2.3984E-02,0.018192880194393656
 2.4000E-02,0.01901752612156604
 2.4016E-02,0.01941584502914447
 2.4032E-02,0.019388097663039183
 2.4049E-02,0.01894712651641906
 2.4065E-02,0.018113759839954967
 2.4081E-02,0.016915386930632218
 2.4097E-02,0.015387932713872359
 2.4114E-02,0.013580023492865712
 2.4130E-02,0.01155715136706097
 2.4146E-02,0.00940346375341999
 2.4162E-02,0.00721949313397301
 2.4179E-02,0.005115460383055919
 2.4195E-02,0.003201272464263511
 2.4211E-02,0.0015754746829438515
 2.4227E-02,0.00031581608077354737
 2.4244E-02,-0.0005263895580691937
 2.4260E-02,-0.0009271064881784892
 2.4276E-02,-0.0008861016308714634
 2.4292E-02,-0.0004208988145552133
 2.4309E-02,0.00043945690807948944
 2.4325E-02,0.0016586529496250163
 2.4341E-02,0.0031941706256263906
 2.4357E-02,0.0049953104297061545
 2.4374E-02,0.006999621312849168
 2.4390E-02,0.009129919917133082
 2.4406E-02,0.01129402663457273
 2.4423E-02,0.013388496915898999
 2.4439E-02,0.015306280756671866
 2.4455E-02,0.016946868600551394
 2.4471E-02,0.018226558845648964
 2.4488E-02,0.01908633649408572
 2.4504E-02,0.019495540004051133
 2.4520E-02,0.019450778998163956
 2.4536E-02,0.018971005125268
 2.4553E-02,0.018090735548912117
 2.4569E-02,0.01685380951520674
 2.4585E-02,0.015309603511659942
 2.4601E-02,0.013512514409969272
 2.4618E-02,0.011524148040100862
 2.4634E-02,0.009416514366084375
 2.4650E-02,0.007274034080923345
 2.4666E-02,0.0051924807727024656
 2.4683E-02,0.0032740052070608355
 2.4699E-02,0.0016187544787325898
 2.4715E-02,0.0003148307563770609
 2.4731E-02,-0.000570996907131756
 2.4748E-02,-0.0009995401528884828
 2.4764E-02,-0.0009609874829277172
 2.4780E-02,-0.00047216486339807327
 2.4797E-02,0.00042949886289806686
 2.4813E-02,0.0016931859596090201
 2.4829E-02,0.0032608300384056347
 2.4845E-02,0.005070562953691096
 2.4862E-02,0.007057019629083668
 2.4878E-02,0.009149342091373585
 2.4894E-02,0.011268675721059745
 2.4910E-02,0.013327226971900072
 2.4927E-02,0.015230453062750681
 2.4943E-02,0.016882853481646386
 2.4959E-02,0.01819651613880425
 2.4975E-02,0.01910050134159237
 2.4992E-02,0.01954870392342208
 2.5008E-02,0.019524179416123402
 2.5024E-02,0.019038940031103714
 2.5040E-02,0.018129570176722454
 2.5057E-02,0.016850216412658343
 2.5073E-02,0.015265161209292416
 2.5089E-02,0.013443077618034704
 2.5105E-02,0.011454237351840334
 2.5122E-02,0.009370710919927694
 2.5138E-02,0.007268398224860232
 2.5154E-02,0.005228987370595298
 2.5170E-02,0.0033399183831731294
 2.5187E-02,0.0016911317758702654
 2.5203E-02,0.0003685593519950612
 2.5219E-02,-0.0005544488418270649
 2.5236E-02,-0.0010257060819988516
 2.5252E-02,-0.0010205396375785392
 2.5268E-02,-0.0005442314373361357
 2.5284E-02,0.0003700146631299686
 2.5301E-02,0.0016668493584495205
 2.5317E-02,0.0032765344290847103
 2.5333E-02,0.005122485707959206
 2.5349E-02,0.0071267188722380255
 2.5366E-02,0.009212244967323535
 2.5382E-02,0.011302680467253162
 2.5398E-02,0.013320411041410721
 2.5414E-02,0.015185200495772634
 2.5431E-02,0.016814972672110136
 2.5447E-02,0.018129673038374438
 2.5463E-02,0.019057929076397282
 2.5479E-02,0.01954509560705494
 2.5496E-02,0.019560596779337674
 2.5512E-02,0.019102504844998053
 2.5528E-02,0.018198025077506664
 2.5544E-02,0.016899738339455926
 2.5561E-02,0.015278681540218046
 2.5577E-02,0.013416200664264487
 2.5593E-02,0.011396704081725504
 2.5610E-02,0.00930292194340852
 2.5626E-02,0.007214236935023906
 2.5642E-02,0.00520746699381994
 2.5658E-02,0.003358571339894426
 2.5675E-02,0.0017434349885176615
 2.5691E-02,0.000436269808446654
 2.5707E-02,-0.00049488826024377
 2.5723E-02,-0.0009949416617859453
 2.5740E-02,-0.0010291339568364065
 2.5756E-02,-0.0005890327425464728
 2.5772E-02,0.0003047143295208292
 2.5788E-02,0.0016037913122152472
 2.5805E-02,0.0032375459378639537
 2.5821E-02,0.0051208843869104455
 2.5837E-02,0.007162713087013559
 2.5853E-02,0.009272922195546731
 2.5870E-02,0.011366571460689626
 2.5886E-02,0.013365021836350304
 2.5902E-02,0.015194873567777977
 2.5918E-02,0.016786331621831473
 2.5935E-02,0.018072757651419198
 2.5951E-02,0.018992639464720636
 2.5967E-02,0.019494205141972035
 2.5983E-02,0.01954178891296071
 2.6000E-02,0.01912222106038014
 2.6016E-02,0.018249266274479214
 2.6032E-02,0.016964569631873816
 2.6049E-02,0.01533454217092598
 2.6065E-02,0.01344379552757956
 2.6081E-02,0.011386713310565911
 2.6097E-02,0.009259193881985532
 2.6114E-02,0.007152370915863873
 2.6130E-02,0.0051493066650696966
 2.6146E-02,0.0033245513694706973
 2.6162E-02,0.0017454599140310195
 2.6179E-02,0.00047360238357358527
 2.6195E-02,-0.00043531399268633287
 2.6211E-02,-0.0009339149873893042
 2.6227E-02,-0.000987894433180263
 2.6244E-02,-0.000581873160730879
 2.6260E-02,0.0002753947844496372
 2.6276E-02,0.0015482732456429745
 2.6292E-02,0.0031751588844166094
 2.6309E-02,0.005073240093489223
 2.6325E-02,0.007146171125114247
 2.6341E-02,0.00929291579994641
 2.6357E-02,0.011415765134449966
 2.6374E-02,0.013425930070312958
 2.6390E-02,0.015246011383751956
 2.6406E-02,0.01680973730878848
 2.6423E-02,0.01806025546554539
 2.6439E-02,0.018948658906865784
 2.6455E-02,0.01943418451424104
 2.6471E-02,0.019486738293560315
 2.6488E-02,0.01909136074947219
 2.6504E-02,0.01825332200862594
 2.6520E-02,0.017002064735552415
 2.6536E-02,0.015392367650363952
 2.6553E-02,0.013501837131516694
 2.6569E-02,0.011424898390815293
 2.6585E-02,0.009264485526409533
 2.6601E-02,0.00712327021244945
 2.6618E-02,0.005096307990307594
 2.6634E-02,0.003266415616816989
 2.6650E-02,0.0017026280431531346
 2.6666E-02,0.0004610592454190401
 2.6683E-02,-0.00041323791592186646
 2.6699E-02,-0.0008850047187282234
 2.6715E-02,-0.0009292850763885758
 2.6731E-02,-0.0005340409322139899
 2.6748E-02,0.0002957789856518478
 2.6764E-02,0.0015341358043257018
 2.6780E-02,0.0031314507001504377
 2.6796E-02,0.005015167156854305
 2.6813E-02,0.007093860062956348
 2.6829E-02,0.009264385444201804
 2.6845E-02,0.011420659799625267
 2.6862E-02,0.013462197460720016
 2.6878E-02,0.015300674221608464
 2.6894E-02,0.016863475013780826
 2.6910E-02,0.018094182091775574
 2.6927E-02,0.018950921253301885
 2.6943E-02,0.019404075404047552
 2.6959E-02,0.019434897324209072
 2.6975E-02,0.019036008611878485
 2.6992E-02,0.018213861830102047
 2.7008E-02,0.01699229872578402
 2.7024E-02,0.015415701124489003
 2.7040E-02,0.013550135197220583
 2.7057E-02,0.011481375280395872
 2.7073E-02,0.009309596128307117
 2.7089E-02,0.007141531827484861
 2.7105E-02,0.005081668744885889
 2.7122E-02,0.003224307389877769
 2.7138E-02,0.0016480081220974204
 2.7154E-02,0.00041314552518775566
 2.7170E-02,-0.0004376870508310388
 2.7187E-02,-0.0008775190298504667
 2.7203E-02,-0.0008925957040307538
 2.7219E-02,-0.0004810786951295413
 2.7235E-02,0.0003464333701146848
 2.7252E-02,0.001564750409779641
 2.7268E-02,0.0031313197047277796
 2.7284E-02,0.004984317210273212
 2.7301E-02,0.007043003898787384
 2.7317E-02,0.009211151983938199
 2.7333E-02,0.011383427329951512
 2.7349E-02,0.013453688373093197
 2.7366E-02,0.015323546883925244
 2.7382E-02,0.016909444644016357
 2.7398E-02,0.01814696508979414
 2.7414E-02,0.01899196022389792
 2.7431E-02,0.01941903355110349
 2.7447E-02,0.019418649342192125
 2.7463E-02,0.018994390060334942
 2.7479E-02,0.018161579970655293
 2.7496E-02,0.016947752761251284
 2.7512E-02,0.015394536710543623
 2.7528E-02,0.013559791198269344
 2.7544E-02,0.011518521887785484
 2.7561E-02,0.00936134294739681
 2.7577E-02,0.007189963534494333
 2.7593E-02,0.005110107999764017
 2.7609E-02,0.003223112643691661
 2.7626E-02,0.001617889675165219
 2.7642E-02,0.000364859543088566
 2.7658E-02,-0.0004871397904504443
 2.7675E-02,-0.0009108479259949492
 2.7691E-02,-0.0008982454009068657
 2.7707E-02,-0.00045722751809278384
 2.7723E-02,0.0003912835770287463
 2.7740E-02,0.0016147832161713222
 2.7756E-02,0.003168949220600363
 2.7772E-02,0.004996328446520973
 2.7788E-02,0.007025147226092858
 2.7805E-02,0.009169596103221355
 2.7821E-02,0.011332574778030414
 2.7837E-02,0.013411127278695372
 2.7853E-02,0.015303909618234555
 2.7870E-02,0.01691932061385385
 2.7886E-02,0.01818264040560955
 2.7902E-02,0.019040763485514662
 2.7918E-02,0.01946380359943001
 2.7935E-02,0.019443750869660256
 2.7951E-02,0.01899116795351985
 2.7967E-02,0.018131348667463038
 2.7983E-02,0.01690128764484475
 2.8000E-02,0.015348262502736345
 2.8016E-02,0.01353001569123821
 2.8032E-02,0.011515738951099733
 2.8049E-02,0.00938659312434607
 2.8065E-02,0.007234510723741762
 2.8081E-02,0.005158526395919662
 2.8097E-02,0.0032586887421946547
 2.8114E-02,0.0016284444832542536
 2.8130E-02,0.00034696154441327793
 2.8146E-02,-0.0005270282001335079
 2.8162E-02,-0.0009586728244479349
 2.8179E-02,-0.0009372935612502103
 2.8195E-02,-0.0004739594195136467
 2.8211E-02,0.00040253380241095246
 2.8227E-02,0.0016498715233896823
 2.8244E-02,0.0032154114514729177
 2.8260E-02,0.005037763707786193
 2.8276E-02,0.007046956900325765
 2.8292E-02,0.009164073556431722
 2.8309E-02,0.011301573435863
 2.8325E-02,0.013365384412824931
 2.8341E-02,0.015259272607672979
 2.8357E-02,0.0168912030654059
 2.8374E-02,0.018180649962403643
 2.8390E-02,0.019065377223114143
 2.8406E-02,0.019506244874095666
 2.8422E-02,0.0194890977712463
 2.8439E-02,0.019023593164199465
 2.8455E-02,0.018139649850048685
 2.8471E-02,0.01688277447654745
 2.8488E-02,0.015309650602233143
 2.8504E-02,0.0134850307963515
 2.8520E-02,0.011480285566122555
 2.8536E-02,0.009373187433176536
 2.8553E-02,0.007247924369192086
 2.8569E-02,0.005194153660063561
 2.8585E-02,0.003304191014265492
 2.8601E-02,0.0016680806943517666
 2.8618E-02,0.00036708165699072095
 2.8634E-02,-0.0005332451284323907
 2.8650E-02,-0.0009888805620876474
 2.8666E-02,-0.0009808415537824338
 2.8683E-02,-0.0005156405406285618
 2.8699E-02,0.00037716802137426184
 2.8715E-02,0.0016494846913376405
 2.8731E-02,0.0032398933676731833
 2.8748E-02,0.0050783112140322835
 2.8764E-02,0.00708918462133683
 2.8780E-02,0.009193059337810727
 2.8796E-02,0.011307072489180708
 2.8813E-02,0.013345392714253326
 2.8829E-02,0.015220701409891
 2.8845E-02,0.01684743848845243
 2.8862E-02,0.018146860287993533
 2.8878E-02,0.01905321496132657
 2.8894E-02,0.019519796911227388
 2.8910E-02,0.01952349393099007
 2.8927E-02,0.019066748291566446
 2.8943E-02,0.018176516569373895
 2.8959E-02,0.016900608680785027
 2.8975E-02,0.015302445150744337
 2.8992E-02,0.013455573378298887
 2.9008E-02,0.011439135214817684
 2.9024E-02,0.00933494410790371
 2.9040E-02,0.007226108445645746
 2.9057E-02,0.005196489070498638
 2.9073E-02,0.0033299341311643768
 2.9089E-02,0.001708314263969605
 2.9105E-02,0.00040785502650963926
 2.9122E-02,-0.0005060381469783483
 2.9138E-02,-0.000984592899477278
 2.9154E-02,-0.0010008411542840787
 2.9170E-02,-0.0005528716793256406
 2.9187E-02,0.0003356908263168673
 2.9203E-02,0.0016181308575692784
 2.9219E-02,0.003229409145022625
 2.9235E-02,0.005092096308173409
 2.9252E-02,0.0071221444549826604
 2.9268E-02,0.009233423402114155
 2.9284E-02,0.011340534226955705
 2.9301E-02,0.013360118739171326
 2.9317E-02,0.01521145886411415
 2.9333E-02,0.016817402424558696
 2.9349E-02,0.018106477646459628
 2.9366E-02,0.019016532231616447
 2.9382E-02,0.019499543897276688
 2.9398E-02,0.0195266464965421
 2.9414E-02,0.019092118898063375
 2.9431E-02,0.018215205758600934
 2.9447E-02,0.016939146365615824
 2.9463E-02,0.015327511008892474
 2.9479E-02,0.01345863964308942
 2.9496E-02,0.011419411539082332
 2.9512E-02,0.009299606445506398
 2.9528E-02,0.007187747733047005
 2.9544E-02,0.005168685477052823
 2.9561E-02,0.0033225104403747365
 2.9577E-02,0.001723924220595341
 2.9593E-02,0.00044108760685221036
 2.9609E-02,-0.00046674027206804343
 2.9626E-02,-0.000952883252230618
 2.9642E-02,-0.0009877078382818
 2.9658E-02,-0.0005628243785070677
 2.9674E-02,0.00030616307132092066
 2.9691E-02,0.0015793044535862345
 2.9707E-02,0.0031947217228883167
 2.9723E-02,0.0050734573536688095
 2.9740E-02,0.007125797915625946
 2.9756E-02,0.009257801750772676
 2.9772E-02,0.01137684492398559
 2.9788E-02,0.013395448915220445
 2.9805E-02,0.015233305962309924
 2.9821E-02,0.016818043964675903
 2.9837E-02,0.018085654346062782
 2.9853E-02,0.018981512994386336
 2.9870E-02,0.019462559554758674
 2.9886E-02,0.019500599336727712
 2.9902E-02,0.019086074595615385
 2.9918E-02,0.018231244237497175
 2.9935E-02,0.016971665843166724
 2.9951E-02,0.015365216449560098
 2.9967E-02,0.013488507419967488
 2.9983E-02,0.011431235662646949
 3.0000E-02,0.009289536804638216
 3.0016E-02,0.007159592118363057
 3.0032E-02,0.005132534551092877
 3.0048E-02,0.003291180569790434
 3.0065E-02,0.0017084701532777773
 3.0081E-02,0.00044695321932649245
 3.0097E-02,-0.0004415963136294442
 3.0114E-02,-0.0009172448602969888
 3.0130E-02,-0.0009540136237873404
 3.0146E-02,-0.0005428204040637425
 3.0162E-02,0.0003055114291978608
 3.0179E-02,0.0015582200642530455
 3.0195E-02,0.003160511649626544
 3.0211E-02,0.00503794311845932
 3.0227E-02,0.007101184024979258
 3.0244E-02,0.009252427341082453
 3.0260E-02,0.011392299658754799
 3.0276E-02,0.013426054136440057
 3.0292E-02,0.015268133833340481
 3.0309E-02,0.016844760709288704
 3.0325E-02,0.018094838695940824
 3.0341E-02,0.01896993924682047
 3.0357E-02,0.019434301764412763
 3.0374E-02,0.019465579218779876
 3.0390E-02,0.01905657120024567
 3.0406E-02,0.01821759418292233
 3.0422E-02,0.01697866051151098
 3.0439E-02,0.015390451655229799
 3.0455E-02,0.01352325217410498
 3.0471E-02,0.011463503469081931
 3.0488E-02,0.009308275688085482
 3.0504E-02,0.007158525714518012
 3.0520E-02,0.005112317329410846
 3.0536E-02,0.003259126140791779
 3.0553E-02,0.0016759615312318189
 3.0569E-02,0.00042545022528297084
 3.0585E-02,-0.00044455460856125694
 3.0601E-02,-0.0009006510778995905
 3.0618E-02,-0.0009237147753593858
 3.0634E-02,-0.0005094511938392519
 3.0650E-02,0.00033025441143544625
 3.0666E-02,0.0015656592969295465
 3.0683E-02,0.003148002758882245
 3.0699E-02,0.005009776741281312
 3.0715E-02,0.007067068999521109
 3.0731E-02,0.009224092048949955
 3.0748E-02,0.01137940243028987
 3.0764E-02,0.013432831053125432
 3.0780E-02,0.015291950852178325
 3.0796E-02,0.01687706876795757
 3.0813E-02,0.01812418953846715
 3.0829E-02,0.01898600064707096
 3.0845E-02,0.019431465099045475
 3.0861E-02,0.01944490008344938
 3.0878E-02,0.019025371722469715
 3.0894E-02,0.018186876319913385
 3.0910E-02,0.016959244479526913
 3.0927E-02,0.015389195006639687
 3.0943E-02,0.013540669934784923
 3.0959E-02,0.011493613098852058
 3.0975E-02,0.009340709027729963
 3.0992E-02,0.0071821586850106
 3.1008E-02,0.005119143411282638
 3.1024E-02,0.003247022627719914
 3.1040E-02,0.0016493916248398962
 3.1057E-02,0.00039386847875106843
 3.1073E-02,-0.00047002547921654383
 3.1089E-02,-0.0009111060084809132
 3.1105E-02,-0.0009155595679017102
 3.1122E-02,-0.00048563060387786094
 3.1138E-02,0.0003613123832939912
 3.1154E-02,0.0015930053677019542
 3.1170E-02,0.0031619954944016654
 3.1187E-02,0.0050054420436863555
 3.1203E-02,0.007045821384291853
 3.1219E-02,0.009193223518557591
 3.1235E-02,0.011349524469665324
 3.1252E-02,0.013414168413424087
 3.1268E-02,0.015290783828294217
 3.1284E-02,0.016893565112429097
 3.1300E-02,0.01815237805289125
 3.1317E-02,0.01901588766714657
 3.1333E-02,0.019452545947916525
 3.1349E-02,0.019449832547576814
 3.1366E-02,0.019012526874163885
 3.1382E-02,0.018160880161517023
 3.1398E-02,0.016929330565550495
 3.1414E-02,0.015365954432609592
 3.1431E-02,0.013532342234935692
 3.1447E-02,0.011503215814934655
 3.1463E-02,0.009365003494184957
 3.1479E-02,0.007212802846663832
 3.1496E-02,0.0051456175471197895
 3.1512E-02,0.0032602984458803305
 3.1528E-02,0.0016450626390656262
 3.1544E-02,0.00037365499641423645
 3.1561E-02,-0.0004989113594221875
 3.1577E-02,-0.0009385027115576997
 3.1593E-02,-0.0009319110764676016
 3.1609E-02,-0.00048531219344179677
 3.1626E-02,0.00037805389725329157
 3.1642E-02,0.00162016593939603
 3.1658E-02,0.0031899342273428145
 3.1674E-02,0.005024261232579805
 3.1691E-02,0.007048823947739382
 3.1707E-02,0.009179242519753213
 3.1723E-02,0.01132331622136042
 3.1740E-02,0.013384738240663994
 3.1756E-02,0.015268235218691865
 3.1772E-02,0.016885576790128826
 3.1788E-02,0.018161540245285282
 3.1805E-02,0.019038824773033522
 3.1821E-02,0.019481125218566583
 3.1837E-02,0.019474027878281598
 3.1853E-02,0.019023929698627023
 3.1870E-02,0.018155627495019967
 3.1886E-02,0.016909429780407378
 3.1902E-02,0.015338549931326866
 3.1918E-02,0.013507190891737757
 3.1935E-02,0.011489262408180802
 3.1951E-02,0.009367256580054465
 3.1967E-02,0.0072305996186836485
 3.1983E-02,0.005172875178239382
 3.2000E-02,0.0032876532801717822
 3.2016E-02,0.0016631415341014733
 3.2032E-02,0.00037633356548651803
 3.2048E-02,-0.000512397441545415
 3.2065E-02,-0.0009633216920798825
 3.2081E-02,-0.0009593466756882478
 3.2097E-02,-0.0005058175517189381
 3.2113E-02,0.00037152877236612373
 3.2130E-02,0.001629732337933099
 3.2146E-02,0.0032120546701465166
 3.2162E-02,0.005051011395137597
 3.2179E-02,0.007070679377911495
 3.2195E-02,0.00918841331661088
 3.2211E-02,0.011316464932540005
 3.2227E-02,0.013364134792344743
 3.2244E-02,0.015240950770634608
 3.2260E-02,0.01686100418498713
 3.2276E-02,0.018148112399282865
 3.2292E-02,0.01904107998356638
 3.2309E-02,0.019498143331838854
 3.2325E-02,0.019499778262909967
 3.2341E-02,0.01904940127012268
 3.2357E-02,0.01817198838060705
 3.2374E-02,0.0169111076723021
 3.2390E-02,0.01532515744193732
 3.2406E-02,0.013483629579039993
 3.2422E-02,0.011463979118353935
 3.2439E-02,0.009349271093288192
 3.2455E-02,0.007226347743256154
 3.2471E-02,0.005183969510233704
 3.2487E-02,0.0033103372132662714
 3.2504E-02,0.0016896174288089242
 3.2520E-02,0.0003974923076496789
 3.2536E-02,-0.000503803152304736
 3.2553E-02,-0.0009701668184151388
 3.2569E-02,-0.000979156017022825
 3.2585E-02,-0.0005316531663266736
 3.2601E-02,0.00034863240212526134
 3.2618E-02,0.0016176395760597734
 3.2634E-02,0.0032147982172161683
 3.2650E-02,0.005067408964883111
 3.2666E-02,0.007094774112121352
 3.2683E-02,0.00921157763565755
 3.2699E-02,0.011330428268542888
 3.2715E-02,0.01336387569819875
 3.2731E-02,0.015226444341833685
 3.2748E-02,0.016837218327152705
 3.2764E-02,0.018123259972162353
 3.2780E-02,0.019023743352869573
 3.2796E-02,0.019494280062718302
 3.2813E-02,0.019510654721163586
 3.2829E-02,0.019071172385213237
 3.2845E-02,0.018197063116809947
 3.2861E-02,0.016930814696847346
 3.2878E-02,0.015332773350834439
 3.2894E-02,0.013476710313558333
 3.2910E-02,0.011445184549532474
 3.2926E-02,0.009325403594314613
 3.2943E-02,0.007205950516044056
 3.2959E-02,0.005174330658920532
 3.2975E-02,0.003314947511582735
 3.2992E-02,0.0017069652350480274
 3.3008E-02,0.000421608106194549
 3.3024E-02,-0.00048125150640414857
 3.3040E-02,-0.000956965423208567
 3.3057E-02,-0.0009798389361964045
 3.3073E-02,-0.0005459395040424704
 3.3089E-02,0.00032571995802224674
 3.3105E-02,0.0015940233797787744
 3.3122E-02,0.003198577718872304
 3.3138E-02,0.005064043717881105
 3.3154E-02,0.007105198850913564
 3.3170E-02,0.009231902620980956
 3.3187E-02,0.011353323546735059
 3.3203E-02,0.013381150387713547
 3.3219E-02,0.01523191652007478
 3.3235E-02,0.016828872323982738
 3.3252E-02,0.01810393984426669
 3.3268E-02,0.019000145250314324
 3.3284E-02,0.01947460170994869
 3.3300E-02,0.019501728589979204
 3.3317E-02,0.019076086589438136
 3.3333E-02,0.01821409935294933
 3.3349E-02,0.016954068275093312
 3.3366E-02,0.015354230522605072
 3.3382E-02,0.013489049995092877
 3.3398E-02,0.011444322585070865
 3.3414E-02,0.009311893330661798
 3.3431E-02,0.007184757898006102
 3.3447E-02,0.005153071904075096
 3.3463E-02,0.003301212747813816
 3.3479E-02,0.0017056660501888995
 3.3496E-02,0.0004332729123051669
 3.3512E-02,-0.00046064577829561934
 3.3528E-02,-0.0009345746897743651
 3.3544E-02,-0.0009634480311062009
 3.3561E-02,-0.0005412494034388321
 3.3577E-02,0.00031706892794429204
 3.3593E-02,0.001575007688854407
 3.3609E-02,0.00317573837592608
 3.3626E-02,0.0050451981091647466
 3.3642E-02,0.00709671799551157
 3.3658E-02,0.009236503843265974
 3.3674E-02,0.011369145972345125
 3.3691E-02,0.013402431021667662
 3.3707E-02,0.015251025231459003
 3.3723E-02,0.016838990345126214
 3.3739E-02,0.018101443803333603
 3.3756E-02,0.018985864677967104
 3.3772E-02,0.019453514620674427
 3.3788E-02,0.019481207519796265
 3.3805E-02,0.019063314039973415
 3.3821E-02,0.01821355956589801
 3.3837E-02,0.016965991549236118
 3.3853E-02,0.015374529057019139
 3.3870E-02,0.013510760186275996
 3.3886E-02,0.011460042376037418
 3.3902E-02,0.009316358762119312
 3.3918E-02,0.007176659596383587
 3.3935E-02,0.005135482848142237
 3.3951E-02,0.0032804865756368103
 3.3967E-02,0.00168919879474071
 3.3983E-02,0.0004269143409206162
 3.4000E-02,-0.00045462781848942607
 3.4016E-02,-0.0009182711386634962
 3.4032E-02,-0.0009425626476023978
 3.4048E-02,-0.0005230969001559643
 3.4065E-02,0.00032611825428361806
 3.4081E-02,0.0015717450994033471
 3.4097E-02,0.003161225204603011
 3.4113E-02,0.005024383891530823
 3.4130E-02,0.00707670652721977
 3.4146E-02,0.009224075864324253
 3.4162E-02,0.011368404313159733
 3.4179E-02,0.013413388766275522
 3.4195E-02,0.01526962602197177
 3.4211E-02,0.01685854851692076
 3.4227E-02,0.018114996126981562
 3.4244E-02,0.018988608556004333
 3.4260E-02,0.019444480206094208
 3.4276E-02,0.019463582252435378
 3.4292E-02,0.019043311707078143
 3.4309E-02,0.018198235535746163
 3.4325E-02,0.016960772603243482
 3.4341E-02,0.015381322376262298
 3.4357E-02,0.013527299217759466
 3.4374E-02,0.011480691627495588
 3.4390E-02,0.009334088898900769
 3.4406E-02,0.007185497554383561
 3.4422E-02,0.005132580288842253
 3.4439E-02,0.003267088355333136
 3.4455E-02,0.0016701807262419596
 3.4471E-02,0.0004090596169608362
 3.4487E-02,-0.00046500629304141157
 3.4504E-02,-0.0009175312696050666
 3.4520E-02,-0.0009309915271209292
 3.4536E-02,-0.0005047936935877181
 3.4552E-02,0.00034468777328095694
 3.4569E-02,0.001584013428112443
 3.4585E-02,0.0031628155306369296
 3.4601E-02,0.00501463161199488
 3.4618E-02,0.007058882569771597
 3.4634E-02,0.009204238329623199
 3.4650E-02,0.011353283141136858
 3.4666E-02,0.01340804408951599
 3.4683E-02,0.015275697690010805
 3.4699E-02,0.01687370551846117
 3.4715E-02,0.018133773689654128
 3.4731E-02,0.01900433518226902
 3.4748E-02,0.01945161691432392
 3.4764E-02,0.019459654675194206
 3.4780E-02,0.019029761370480448
 3.4796E-02,0.01817989755664397
 3.4813E-02,0.016944168772036354
 3.4829E-02,0.015372371906151785
 3.4845E-02,0.013529249924155252
 3.4861E-02,0.011492992964506243
 3.4878E-02,0.00935259530808477
 3.4894E-02,0.007203924035051821
 3.4910E-02,0.0051446958486177415
 3.4926E-02,0.0032688790000355524
 3.4943E-02,0.001661229019624759
 3.4959E-02,0.0003926651839433056
 3.4975E-02,-0.0004830000152654605
 3.4992E-02,-0.0009307885534365433
 3.5008E-02,-0.0009348955926049958
 3.5024E-02,-0.0004980473751919267
 3.5040E-02,0.0003596260858654233
 3.5057E-02,0.0016018050961373825
 3.5073E-02,0.0031771179483153
 3.5089E-02,0.005020318039339315
 3.5105E-02,0.007053830805299033
 3.5122E-02,0.009190066210020907
 3.5138E-02,0.011334777764521813
 3.5154E-02,0.013391487870411084
 3.5170E-02,0.015266678661206281
 3.5187E-02,0.016875177663520657
 3.5203E-02,0.01814504349878421
 3.5219E-02,0.019021324851873328
 3.5235E-02,0.01946830716353905
 3.5252E-02,0.019470198060309276
 3.5268E-02,0.019030524547408147
 3.5284E-02,0.018170719012018593
 3.5300E-02,0.016928396221165935
 3.5317E-02,0.015355672398761322
 3.5333E-02,0.013517614736698689
 3.5349E-02,0.011490638413539823
 3.5365E-02,0.009360493002610106
 3.5382E-02,0.0072194701062037354
 3.5398E-02,0.0051626283592458464
 3.5414E-02,0.0032831169910263157
 3.5431E-02,0.0016669876070614196
 3.5447E-02,0.0003881089516717994
 3.5463E-02,-0.0004961380290639943
 3.5479E-02,-0.000947831900850857
 3.5496E-02,-0.000949869413404219
 3.5512E-02,-0.0005057658687359769
 3.5528E-02,0.0003617581539243633
 3.5544E-02,0.001612902476012184
 3.5561E-02,0.003193142422463607
 3.5577E-02,0.0050355043458146604
 3.5593E-02,0.007062709936392429
 3.5609E-02,0.009189378617522954
 3.5626E-02,0.01132460955233809
 3.5642E-02,0.013375235966761219
 3.5658E-02,0.015249860675294175
 3.5674E-02,0.016863505425370635
 3.5691E-02,0.01814243525555719
 3.5707E-02,0.019028550466704073
 3.5723E-02,0.019482737103096847
 3.5739E-02,0.01948673933440682
 3.5756E-02,0.019043411380078448
 3.5772E-02,0.018175528569851475
 3.5788E-02,0.01692358398154294
 3.5805E-02,0.015343093217157131
 3.5821E-02,0.013501853017491272
 3.5837E-02,0.011477387852617777
 3.5853E-02,0.009354556906752147
 3.5870E-02,0.007223082362300171
 3.5886E-02,0.005174679065713667
 3.5902E-02,0.0032995478367587603
 3.5918E-02,0.001682212936993615
 3.5935E-02,0.00039696220256929993
 3.5951E-02,-0.0004966127025272359
 3.5967E-02,-0.0009573652453405823
 3.5983E-02,-0.0009650787068609769
 3.6000E-02,-0.000521348069164679
 3.6016E-02,0.00035117196993786164
 3.6032E-02,0.0016108795861652586
 3.6048E-02,0.0032002178124781212
 3.6065E-02,0.005049012733842426
 3.6081E-02,0.007077734747018469
 3.6097E-02,0.009200482922885604
 3.6113E-02,0.011327742499867163
 3.6130E-02,0.013369148821004491
 3.6146E-02,0.015236539647255031
 3.6162E-02,0.01684747316191312
 3.6178E-02,0.018129168500448493
 3.6195E-02,0.01902256953390407
 3.6211E-02,0.019486035742208422
 3.6227E-02,0.019498102204434573
 3.6244E-02,0.01905885385485386
 3.6260E-02,0.01818970014538757
 3.6276E-02,0.01693164037568845
 3.6292E-02,0.015342380889936176
 3.6309E-02,0.013492818899853775
 3.6325E-02,0.011463401039100565
 3.6341E-02,0.009340710825634913
 3.6357E-02,0.007214401353577898
 3.6374E-02,0.005174358472185539
 3.6390E-02,0.0033078411753659845
 3.6406E-02,0.001696350513126464
 3.6422E-02,0.0004121240374171044
 3.6439E-02,-0.000485613843667804
 3.6455E-02,-0.0009542800107739889
 3.6471E-02,-0.0009709245979037943
 3.6487E-02,-0.0005340686550308191
 3.6504E-02,0.00033597799906679544
 3.6520E-02,0.0015984179136443802
 3.6536E-02,0.003194685997310688
 3.6552E-02,0.0050521476686212746
 3.6569E-02,0.007088224407048462
 3.6585E-02,0.009214443991477117
 3.6601E-02,0.011340093328672644
 3.6618E-02,0.013375395460391154
 3.6634E-02,0.015234349965110201
 3.6650E-02,0.016837489899686864
 3.6666E-02,0.018114779628954053
 3.6683E-02,0.019008719571791052
 3.6699E-02,0.01947749673983829
 3.6715E-02,0.01949781060739377
 3.6731E-02,0.01906689414581125
 3.6748E-02,0.018203287589387638
 3.6764E-02,0.016946104268996717
 3.6780E-02,0.015352799972055964
 3.6796E-02,0.013495734540710055
 3.6813E-02,0.011458009874723424
 3.6829E-02,0.00932912377879408
 3.6845E-02,0.007200884278530967
 3.6861E-02,0.00516382537269632
 3.6878E-02,0.0033041298044119427
 3.6894E-02,0.0017008827025897751
 3.6910E-02,0.00042341546192128953
 3.6926E-02,-0.00047142818539088946
 3.6943E-02,-0.0009420926670292097
 3.6959E-02,-0.0009649498111813737
 3.6975E-02,-0.000536378935028411
 3.6991E-02,0.00032616486327613796
 3.7008E-02,0.0015844565728240438
 3.7024E-02,0.003181328276897356
 3.7040E-02,0.005043886837517738
 3.7057E-02,0.007087737220309074
 3.7073E-02,0.009221672735010823
 3.7089E-02,0.01135228533236351
 3.7105E-02,0.0133880826934011
 3.7122E-02,0.01524292335296982
 3.7138E-02,0.016838816396793223
 3.7154E-02,0.01810829683854266
 3.7170E-02,0.018996627105095653
 3.7187E-02,0.019463980597480324
 3.7203E-02,0.019487575283563062
 3.7219E-02,0.01906351826959849
 3.7235E-02,0.01820797854671215
 3.7252E-02,0.016957285191322287
 3.7268E-02,0.015366669417064917
 3.7284E-02,0.01350759855829444
 3.7300E-02,0.011463917477089098
 3.7317E-02,0.00932723364998789
 3.7333E-02,0.007192087805458638
 3.7349E-02,0.0051514133706765325
 3.7365E-02,0.0032926249508795826
 3.7382E-02,0.001694449555898004
 3.7398E-02,0.0004244044784427561
 3.7414E-02,-0.00046329620682101916
 3.7431E-02,-0.0009296210412271014
 3.7447E-02,-0.0009524805999479469
 3.7463E-02,-0.000528274820935551
 3.7479E-02,0.0003270407840780939
 3.7496E-02,0.0015777340203675361
 3.7512E-02,0.003169252419822851
 3.7528E-02,0.005030530872302962
 3.7544E-02,0.007077582297677025
 3.7561E-02,0.009218052007357225
 3.7577E-02,0.011356234672066607
 3.7593E-02,0.013397997189971766
 3.7609E-02,0.015255136370781854
 3.7626E-02,0.016848895548854957
 3.7642E-02,0.018112601449650927
 3.7658E-02,0.018993581836984717
 3.7674E-02,0.01945462102337042
 3.7691E-02,0.019475177447090587
 3.7707E-02,0.019052445417286668
 3.7723E-02,0.01820215151880132
 3.7739E-02,0.016958812798903263
 3.7756E-02,0.015375116664504125
 3.7772E-02,0.013520145222626373
 3.7788E-02,0.011476347170079556
 3.7804E-02,0.009335403892956059
 3.7821E-02,0.007193365907394963
 3.7837E-02,0.005145578001232234
 3.7853E-02,0.0032819226333238374
 3.7870E-02,0.0016827915952766109
 3.7886E-02,0.0004159891657098439
 3.7902E-02,-0.0004654530109342931
 3.7918E-02,-0.0009247348018127734
 3.7935E-02,-0.0009422634718227186
 3.7951E-02,-0.0005163288853894258
 3.7967E-02,0.00033648724609698947
 3.7983E-02,0.0015813045038800425
 3.8000E-02,0.003165598978603099
 3.8016E-02,0.005020800995224771
 3.8032E-02,0.007065015674584493
 3.8048E-02,0.009206850494360708
 3.8065E-02,0.011350101558928512
 3.8081E-02,0.013398855989468746
 3.8097E-02,0.015262475224343751
 3.8113E-02,0.016859963631385318
 3.8130E-02,0.01812338548475658
 3.8146E-02,0.019000218471518046
 3.8162E-02,0.019454749644679706
 3.8178E-02,0.019468760706601723
 3.8195E-02,0.01904177279668377
 3.8211E-02,0.0181910282647054
 3.8227E-02,0.01695122149083402
 3.8244E-02,0.015373821737788316
 3.8260E-02,0.013525728339690816
 3.8276E-02,0.011487008200546957
 3.8292E-02,0.00934759305146515
 3.8309E-02,0.007203022182650865
 3.8325E-02,0.005149538950289911
 3.8341E-02,0.0032790135869064535
 3.8357E-02,0.0016742170355144759
 3.8374E-02,0.0004048942727711616
 3.8390E-02,-0.0004750931273458123
 3.8406E-02,-0.0009295077626209236
 3.8422E-02,-0.0009405079386537593
 3.8439E-02,-0.0005087059398689219
 3.8455E-02,0.0003472356275504378
 3.8471E-02,0.001591322194827644
 3.8487E-02,0.0031712680205326113
 3.8504E-02,0.005020006931900858
 3.8520E-02,0.007057885256851103
 3.8536E-02,0.009195706285054867
 3.8552E-02,0.011338651619399275
 3.8569E-02,0.013390903474559568
 3.8585E-02,0.015260599389962794
 3.8601E-02,0.01686463243685718
 3.8617E-02,0.018132807861155627
 3.8634E-02,0.01901098490557144
 3.8650E-02,0.019463034022260413
 3.8666E-02,0.019471660979724668
 3.8683E-02,0.019038321210308535
 3.8699E-02,0.018182519503842424
 3.8715E-02,0.0169407473041357
 3.8731E-02,0.015365178639059777
 3.8748E-02,0.013522083304282997
 3.8764E-02,0.011489789773488227
 3.8780E-02,0.009355993946900345
 3.8796E-02,0.00721428379493838
 3.8813E-02,0.005159914466873347
 3.8829E-02,0.0032850705035790007
 3.8845E-02,0.001674023737249369
 3.8861E-02,0.00039867847497774525
 3.8878E-02,-0.0004850400665850937
 3.8894E-02,-0.0009396430698911094
 3.8910E-02,-0.0009472796914100893
 3.8926E-02,-0.0005097909067239923
 3.8943E-02,0.0003521293025806713
 3.8959E-02,0.0016003648388483612
 3.8975E-02,0.003181159103970513
 3.8991E-02,0.005027136908299502
 3.9008E-02,0.007059601730621905
 3.9024E-02,0.009191242633323358
 3.9040E-02,0.011329395165589935
 3.9057E-02,0.013379911545235781
 3.9073E-02,0.015251534264515774
 3.9089E-02,0.01686048858465704
 3.9105E-02,0.018134876326736687
 3.9122E-02,0.01901841547208429
 3.9138E-02,0.019473145645413904
 3.9154E-02,0.01948088884080851
 3.9170E-02,0.01904346659527824
 3.9187E-02,0.018181864294973888
 3.9203E-02,0.01693464429382032
 3.9219E-02,0.015355914114484873
 3.9235E-02,0.013513063821690251
 3.9252E-02,0.011484340913671736
 3.9268E-02,0.009356192733800926
 3.9284E-02,0.007220232249310883
 3.9300E-02,0.005169705456006644
 3.9317E-02,0.003295454196217744
 3.9333E-02,0.0016815388506541322
 3.9349E-02,0.00040085209705002767
 3.9365E-02,-0.0004888418252242937
 3.9382E-02,-0.0009480075127128672
 3.9398E-02,-0.0009572517832903706
 3.9414E-02,-0.0005179102705423205
 3.9431E-02,0.0003486219835613716
 3.9447E-02,0.0016025725374633338
 3.9463E-02,0.0031881556238130375
 3.9479E-02,0.005036303837251821
 3.9496E-02,0.007067554897804803
 3.9512E-02,0.009195022825410704
 3.9528E-02,0.01132750674741922
 3.9544E-02,0.013372846888979283
 3.9561E-02,0.015241602348645593
 3.9577E-02,0.01685100958625171
 3.9593E-02,0.018129025330098466
 3.9609E-02,0.019018120193333595
 3.9626E-02,0.019478422893059042
 3.9642E-02,0.019489849691129938
 3.9658E-02,0.01905298555836734
 3.9674E-02,0.01818867561427177
 3.9691E-02,0.016936480308901526
 3.9707E-02,0.015352287871603322
 3.9723E-02,0.013505424596819204
 3.9739E-02,0.011475551939638128
 3.9756E-02,0.009349517433870889
 3.9772E-02,0.007218185732922109
 3.9788E-02,0.005173172881742199
 3.9804E-02,0.003303382124003805
 3.9821E-02,0.0016913042034574666
 3.9837E-02,0.0004091767670829369
 3.9853E-02,-0.00048475182319442317
 3.9870E-02,-0.0009494957409662408
 3.9886E-02,-0.0009637530849500112
 3.9902E-02,-0.0005271573132577159
 3.9918E-02,0.00033980233892815697
 3.9935E-02,0.0015971527403924894
 3.9951E-02,0.00318787712642571
 3.9967E-02,0.005041081217713763
 3.9983E-02,0.007075520086497221
 4.0000E-02,0.009203191426976415
 4.0016E-02,0.01133283167216369
 4.0032E-02,0.013373290130280267
 4.0048E-02,0.015236850486233015
 4.0065E-02,0.016842584081969838
 4.0081E-02,0.018119750851878866
 4.0097E-02,0.019011138700017256
 4.0113E-02,0.019476099436640536
 4.0130E-02,0.019492952580856183
 4.0146E-02,0.019060426163326306
 4.0162E-02,0.018197896225975535
 4.0178E-02,0.016944351529338056
 4.0195E-02,0.015356199603275233
 4.0211E-02,0.013504188766213638
 4.0227E-02,0.011469803023766678
 4.0243E-02,0.009341474072116716
 4.0260E-02,0.0072108605247754
 4.0276E-02,0.005169309421262187
 4.0292E-02,0.003304491686336609
 4.0309E-02,0.0016971374807725605
 4.0325E-02,0.00041781250956027705
 4.0341E-02,-0.0004762352164633354
 4.0357E-02,-0.0009440022816837622
 4.0374E-02,-0.0009631607102275532
 4.0390E-02,-0.0005316695814066798
 4.0406E-02,0.0003317205189640024
 4.0422E-02,0.0015882355175295478
 4.0439E-02,0.0031811044626654968
 4.0455E-02,0.005038645321620162
 4.0471E-02,0.007078071569567159
 4.0487E-02,0.009209626561796082
 4.0504E-02,0.011340692707543426
 4.0520E-02,0.013379636602296264
 4.0536E-02,0.015239295533012974
 4.0552E-02,0.016840133071683135
 4.0569E-02,0.01811314980364109
 4.0585E-02,0.019002612246159588
 4.0601E-02,0.019468571937603246
 4.0617E-02,0.019489026459801467
 4.0634E-02,0.019061475440471345
 4.0650E-02,0.01820359151185264
 4.0666E-02,0.016952780491643928
 4.0683E-02,0.015364538001038631
 4.0699E-02,0.013509685020359914
 4.0715E-02,0.011470731126290388
 4.0731E-02,0.009337722733266758
 4.0748E-02,0.007203955420623877
 4.0764E-02,0.005161864382563191
 4.0780E-02,0.003299283751088322
 4.0796E-02,0.0016961305537254161
 4.0813E-02,0.00042147026302919756
 4.0829E-02,-0.00046910929241904514
 4.0845E-02,-0.0009358445745531423
 4.0861E-02,-0.0009567959716654143
 4.0878E-02,-0.000529326479599763
 4.0894E-02,0.000329183671644192
 4.0910E-02,0.0015816263212833194
 4.0926E-02,0.00317261228363527
 4.0943E-02,0.005031078467265979
 4.0959E-02,0.007073883010059747
 4.0975E-02,0.009210068131553631
 4.0991E-02,0.0113453918528837
 4.1008E-02,0.013386741498040807
 4.1024E-02,0.01524613564226686
 4.1040E-02,0.016844162433544616
 4.1056E-02,0.018112842300034876
 4.1073E-02,0.018997995963830148
 4.1089E-02,0.019461217012760757
 4.1105E-02,0.019481492632406058
 4.1122E-02,0.019056414549159642
 4.1138E-02,0.01820282009690283
 4.1154E-02,0.0169566467744617
 4.1170E-02,0.015371803081173554
 4.1187E-02,0.013517957332497532
 4.1203E-02,0.01147729975914856
 4.1219E-02,0.009340496878766955
 4.1235E-02,0.007202181970234984
 4.1252E-02,0.005156375089097101
 4.1268E-02,0.003292188887924997
 4.1284E-02,0.0016900693188584002
 4.1300E-02,0.0004186818024747125
 4.1317E-02,-0.0004675695556741877
 4.1333E-02,-0.0009304710918430473
 4.1349E-02,-0.000949456252365488
 4.1365E-02,-0.000522605385415689
 4.1382E-02,0.00033288816782614376
 4.1398E-02,0.001580940104188531
 4.1414E-02,0.0031676636382339547
 4.1430E-02,0.005023452810765949
 4.1447E-02,0.007066071291066594
 4.1463E-02,0.009204602607784777
 4.1479E-02,0.011343971261389647
 4.1496E-02,0.013389650409718809
 4.1512E-02,0.01525215925163349
 4.1528E-02,0.016851024487262938
 4.1544E-02,0.01811801107153401
 4.1561E-02,0.018999575088925164
 4.1577E-02,0.019458609335566222
 4.1593E-02,0.019475605770325848
 4.1609E-02,0.019049338129520286
 4.1626E-02,0.01819708976254021
 4.1642E-02,0.016954354117638116
 4.1658E-02,0.015373863346622359
 4.1674E-02,0.013523790041115901
 4.1691E-02,0.011485031808171663
 4.1707E-02,0.009347614656761732
 4.1723E-02,0.00720640280372563
 4.1739E-02,0.00515643327041892
 4.1756E-02,0.0032882632027989907
 4.1772E-02,0.0016837055577949046
 4.1788E-02,0.00041224043682397946
 4.1804E-02,-0.0004717453323858741
 4.1821E-02,-0.0009308756605205697
 4.1837E-02,-0.00094594463112804
 4.1853E-02,-0.0005164384018440965
 4.1869E-02,0.0003394901239008812
 4.1886E-02,0.0015855772458555528
 4.1902E-02,0.0031685978011389048
 4.1918E-02,0.005020216074348446
 4.1935E-02,0.007059630830567434
 4.1951E-02,0.009197025611251823
 4.1967E-02,0.011337708101167613
 4.1983E-02,0.013386686997653208
 4.2000E-02,0.015253334415561785
 4.2016E-02,0.016855749740664755
 4.2032E-02,0.018124488901937956
 4.2048E-02,0.019005437410948848
 4.2065E-02,0.01946175118372435
 4.2081E-02,0.01947492191202024
 4.2097E-02,0.01904510544333094
 4.2113E-02,0.018190863275418523
 4.2130E-02,0.016948415343850748
 4.2146E-02,0.015370415982165427
 4.2162E-02,0.01352418542549611
 4.2178E-02,0.011489294679781
 4.2195E-02,0.009354433369506716
 4.2211E-02,0.00721358514444792
 4.2227E-02,0.0051616666429391955
 4.2243E-02,0.003289912858479654
 4.2260E-02,0.0016813729395710854
 4.2276E-02,0.0004068889003014924
 4.2292E-02,-0.0004781384951128659
 4.2309E-02,-0.0009360170058284007
 4.2325E-02,-0.0009480273663111814
 4.2341E-02,-0.0005147702458392779
 4.2357E-02,0.0003442517081694835
 4.2374E-02,0.0015916625337439572
 4.2390E-02,0.0031737502567828323
 4.2406E-02,0.005022486290289125
 4.2422E-02,0.007058061548264542
 4.2439E-02,0.00919198921707255
 4.2455E-02,0.01133077980343954
 4.2471E-02,0.013380099119913171
 4.2487E-02,0.015249203253880678
 4.2504E-02,0.016855345286535015
 4.2520E-02,0.018127801975034392
 4.2536E-02,0.019011194049351816
 4.2552E-02,0.019467867326585335
 4.2569E-02,0.019479237530081985
 4.2585E-02,0.01904614023782191
 4.2601E-02,0.018188329688378645
 4.2617E-02,0.016943310773236117
 4.2634E-02,0.015364664160196233
 4.2650E-02,0.013519954716542994
 4.2666E-02,0.011488233287580195
 4.2682E-02,0.009357089133875368
 4.2699E-02,0.00721921163907389
 4.2715E-02,0.005168481351706005
 4.2731E-02,0.003295715234576153
 4.2748E-02,0.0016843053477576667
 4.2764E-02,0.00040607500072875505
 4.2780E-02,-0.00048229916327121344
 4.2796E-02,-0.0009419986629709903
 4.2813E-02,-0.0009537173034840163
 4.2829E-02,-0.0005182081260886341
 4.2845E-02,0.00034419277078470483
 4.2861E-02,0.0015948898287965955
 4.2878E-02,0.003178993317171238
 4.2894E-02,0.0050277502632205436
 4.2910E-02,0.007061332385615305
 4.2926E-02,0.009191943749816262
 4.2943E-02,0.011327252797688727
 4.2959E-02,0.013374144870174423
 4.2975E-02,0.015242731206258704
 4.2991E-02,0.01685045796598517
 4.3008E-02,0.018126067119445782
 4.3024E-02,0.019013105161376217
 4.3040E-02,0.0194726801908793
 4.3056E-02,0.01948523816323702
 4.3073E-02,0.019051248704221806
 4.3089E-02,0.01819082722594048
 4.3105E-02,0.016942435594774017
 4.3122E-02,0.015360868528627917
 4.3138E-02,0.013514735426416603
 4.3154E-02,0.011483597261809923
 4.3170E-02,0.00935484295158206
 4.3187E-02,0.007220324172430025
 4.3203E-02,0.005172741698286174
 4.3219E-02,0.003301803841135402
 4.3235E-02,0.0016902515491931725
 4.3252E-02,0.00040993980378056165
 4.3268E-02,-0.0004817536789243498
 4.3284E-02,-0.0009448859682030456
 4.3300E-02,-0.0009589949275592429
 4.3317E-02,-0.0005240469569344826
 4.3333E-02,0.00033976880724780046
 4.3349E-02,0.0015933174753956984
 4.3365E-02,0.0031806760427407306
 4.3382E-02,0.005031927710089245
 4.3398E-02,0.007066357070994344
 4.3414E-02,0.009195866841329859
 4.3430E-02,0.0113285133403957
 4.3447E-02,0.013372121359808394
 4.3463E-02,0.015237963129603356
 4.3479E-02,0.01684446072051162
 4.3495E-02,0.018120806010717
 4.3512E-02,0.01901031314737296
 4.3528E-02,0.019473258101456406
 4.3544E-02,0.019488946488212488
 4.3561E-02,0.019056797332177883
 4.3577E-02,0.01819632996562727
 4.3593E-02,0.016946068975586513
 4.3609E-02,0.015361503817739285
 4.3626E-02,0.013512323437249124
 4.3642E-02,0.011479173167396078
 4.3658E-02,0.009350151817788173
 4.3674E-02,0.007217200323488597
 4.3691E-02,0.005172460100018402
 4.3707E-02,0.00330463010597835
 4.3723E-02,0.0016953465683740576
 4.3739E-02,0.0004156505646779247
 4.3756E-02,-0.0004773201521924039
 4.3772E-02,-0.0009432065579769907
 4.3788E-02,-0.0009606207669060539
 4.3804E-02,-0.0005284166659890765
 4.3821E-02,0.0003341295552749243
 4.3837E-02,0.0015882811663925538
 4.3853E-02,0.003177863681859943
 4.3869E-02,0.005032150853509502
 4.3886E-02,0.0070693452744139485
 4.3902E-02,0.009200374171340151
 4.3918E-02,0.011332765164551742
 4.3935E-02,0.013374444067258318
 4.3951E-02,0.0152373760600814
 4.3967E-02,0.01684102342953734
 4.3983E-02,0.018115600108190244
 4.4000E-02,0.019005066070745848
 4.4016E-02,0.019469741389669778
 4.4032E-02,0.01948835956124176
 4.4048E-02,0.01905935209826711
 4.4065E-02,0.018201180507715537
 4.4081E-02,0.01695160931220912
 4.4097E-02,0.015365928007414719
 4.4113E-02,0.013514251224745314
 4.4130E-02,0.011478122618919319
 4.4146E-02,0.009346695130028816
 4.4162E-02,0.007212750570982385
 4.4178E-02,0.005168765745678835
 4.4195E-02,0.0033031554984427882
 4.4211E-02,0.0016967552634210618
 4.4227E-02,0.00041957116293181657
 4.4243E-02,-0.0004721653862476686
 4.4260E-02,-0.0009385567439969876
 4.4276E-02,-0.0009580713870897551
 4.4292E-02,-0.0005288656481543363
 4.4309E-02,0.0003307922039572944
 4.4325E-02,0.0015831332188739082
 4.4341E-02,0.003172575370348529
 4.4357E-02,0.00502840618079722
 4.4374E-02,0.007068262023396449
 4.4390E-02,0.009202124408592607
 4.4406E-02,0.011336527495946224
 4.4422E-02,0.01337870280505939
 4.4439E-02,0.015240461365457569
 4.4455E-02,0.01684170268403426
 4.4471E-02,0.018113513466937087
 4.4487E-02,0.019000854292328753
 4.4504E-02,0.019464822175091857
 4.4520E-02,0.019484431766167352
 4.4536E-02,0.01905780211936769
 4.4552E-02,0.01820259870314045
 4.4569E-02,0.01695558497262275
 4.4585E-02,0.015371193260643663
 4.4601E-02,0.013519122007367657
 4.4617E-02,0.011481081414081693
 4.4634E-02,0.00934691161570732
 4.4650E-02,0.007210359246482047
 4.4666E-02,0.005164805491473603
 4.4682E-02,0.0032991944538221137
 4.4699E-02,0.0016943338722050082
 4.4715E-02,0.00041965870898257127
 4.4731E-02,-0.00046951133187097583
 4.4748E-02,-0.0009342102761044177
 4.4764E-02,-0.0009535321416373982
 4.4780E-02,-0.0005257346057099601
 4.4796E-02,0.00033137160663650916
 4.4813E-02,0.0015808739802934822
 4.4829E-02,0.0031681475230134907
 4.4845E-02,0.005023205057541407
 4.4861E-02,0.007063925897651353
 4.4878E-02,0.009199970182235024
 4.4894E-02,0.011337101104681231
 4.4910E-02,0.013381600399733889
 4.4926E-02,0.015244482386622064
 4.4943E-02,0.016845279905979865
 4.4959E-02,0.018115268531385866
 4.4975E-02,0.019000083915422617
 4.4991E-02,0.01946174515199635
 4.5008E-02,0.01948011121329443
 4.5024E-02,0.01905377137231117
 4.5040E-02,0.01820032288361021
 4.5056E-02,0.016955947180799017
 4.5073E-02,0.015374184894062006
 4.5089E-02,0.013523844501952797
 4.5105E-02,0.011486057379225105
 4.5121E-02,0.00935059536555125
 4.5138E-02,0.007211667838735027
 4.5154E-02,0.005163485350372825
 4.5170E-02,0.003295897116929981
 4.5187E-02,0.001690376505706675
 4.5203E-02,0.0004165549145223953
 4.5219E-02,-0.000470585506289986
 4.5235E-02,-0.0009328286704548224
 4.5252E-02,-0.0009501661110107179
 4.5268E-02,-0.0005215857489182874
 4.5284E-02,0.0003347939935765843
 4.5300E-02,0.0015822825239507612
 4.5317E-02,0.0031669285631901137
 4.5333E-02,0.005019635423563848
 4.5349E-02,0.007059079785823314
 4.5365E-02,0.009195349376717095
 4.5382E-02,0.011334118053300556
 4.5398E-02,0.013381094557687209
 4.5414E-02,0.015246438101736213
 4.5430E-02,0.016848843274581304
 4.5447E-02,0.018119055952533453
 4.5463E-02,0.019002673194733997
 4.5479E-02,0.019462176609517264
 4.5495E-02,0.01947822344246331
 4.5512E-02,0.019050254883908227
 4.5528E-02,0.018196474103846734
 4.5544E-02,0.016953210215267148
 4.5561E-02,0.015373642319567872
 4.5577E-02,0.013525835495245978
 4.5593E-02,0.011490056088143713
 4.5609E-02,0.00935539084493409
 4.5626E-02,0.007215781425864873
 4.5642E-02,0.0051656789565119425
 4.5658E-02,0.0032955951325822903
 4.5674E-02,0.0016878551967115807
 4.5691E-02,0.0004128350067362527
 4.5707E-02,-0.0004741037217679407
 4.5723E-02,-0.0009348590934454401
 4.5739E-02,-0.0009499867920901608
 4.5756E-02,-0.0005192885963725393
 4.5772E-02,0.0003383397448270092
 4.5788E-02,0.0015857390611173647
 4.5804E-02,0.003168961745013085
 4.5821E-02,0.005019385279662508
 4.5837E-02,0.007056465153575062
 4.5853E-02,0.009191100820560266
 4.5869E-02,0.011329528189679281
 4.5886E-02,0.01337757345651907
 4.5902E-02,0.015245029183574016
 4.5918E-02,0.01684986847047109
 4.5934E-02,0.018122013261283532
 4.5951E-02,0.019006421218573072
 4.5967E-02,0.019465340254807256
 4.5983E-02,0.019479677929348228
 4.6000E-02,0.019049518446772978
 4.6016E-02,0.018193872490247495
 4.6032E-02,0.01694975659460399
 4.6048E-02,0.015370676063973885
 4.6065E-02,0.013524547416955086
 4.6081E-02,0.011491066749623984
 4.6097E-02,0.009358529122808948
 4.6113E-02,0.007220139790019259
 4.6130E-02,0.005169924976832933
 4.6146E-02,0.003298429554765215
 4.6162E-02,0.0016884565433911438
 4.6178E-02,0.00041113630700004224
 4.6195E-02,-0.00047740116805272486
 4.6211E-02,-0.0009385380372344451
 4.6227E-02,-0.0009527430757154024
 4.6243E-02,-0.0005201866393827162
 4.6260E-02,0.0003395436698662099
 4.6276E-02,0.0015885176396059379
 4.6292E-02,0.0031722079415216417
 4.6308E-02,0.005021806290017037
 4.6325E-02,0.007057040751098583
 4.6341E-02,0.009189445841659184
 4.6357E-02,0.01132603277323046
 4.6374E-02,0.013373272503263216
 4.6390E-02,0.015241247114949128
 4.6406E-02,0.01684776368777247
 4.6422E-02,0.01812218139406545
 4.6439E-02,0.019008695249110343
 4.6455E-02,0.01946885637392849
 4.6471E-02,0.019483182875357507
 4.6487E-02,0.019051809791208654
 4.6504E-02,0.018194217370368145
 4.6520E-02,0.01694814270924279
 4.6536E-02,0.01536780818215384
 4.6552E-02,0.013521592113608165
 4.6569E-02,0.011489236087498057
 4.6585E-02,0.009358649767307442
 4.6601E-02,0.007222358295358858
 4.6617E-02,0.00517365159359337
 4.6634E-02,0.0033025391445136902
 4.6650E-02,0.0016916754990818743
 4.6666E-02,0.0004124800301792723
 4.6682E-02,-0.0004782925041689357
 4.6699E-02,-0.0009412814998374978
 4.6715E-02,-0.0009563525082652138
 4.6731E-02,-0.000523419790287759
 4.6747E-02,0.00033775221651405525
 4.6764E-02,0.0015886887303167493
 4.6780E-02,0.003174142934059105
 4.6796E-02,0.005024664914545276
 4.6813E-02,0.0070596434451974084
 4.6829E-02,0.0091906941095774
 4.6845E-02,0.01132530028088767
 4.6861E-02,0.013370630239534022
 4.6878E-02,0.01523744423656175
 4.6894E-02,0.016843971197502906
 4.6910E-02,0.01811958864701535
 4.6926E-02,0.0190081004669144
 4.6943E-02,0.019470394016839237
 4.6959E-02,0.01948628241015545
 4.6975E-02,0.019055399167327326
 4.6991E-02,0.018197098953918814
 4.7008E-02,0.016949409524830508
 4.7024E-02,0.015367154944845168
 4.7040E-02,0.013519413136987186
 4.7056E-02,0.011486477268781029
 4.7073E-02,0.009356467963703412
 4.7089E-02,0.007221708347696545
 4.7105E-02,0.005174945784778003
 4.7121E-02,0.003305497752029175
 4.7138E-02,0.0016954197922120049
 4.7154E-02,0.0004158343129119504
 4.7170E-02,-0.00047639579004786644
 4.7187E-02,-0.0009414348872643962
 4.7203E-02,-0.0009584721041537067
 4.7219E-02,-0.0005267785016004565
 4.7235E-02,0.0003342695264485063
 4.7252E-02,0.0015861978814677873
 4.7268E-02,0.0031733761136525586
 4.7284E-02,0.005025722997483106
 4.7300E-02,0.007061970443668051
 4.7317E-02,0.009193281549138404
 4.7333E-02,0.01132704911346721
 4.7349E-02,0.013370743164741853
 4.7365E-02,0.01523571105759703
 4.7382E-02,0.016840847592798986
 4.7398E-02,0.018116041224916724
 4.7414E-02,0.01900527277549721
 4.7430E-02,0.01946921064906454
 4.7447E-02,0.01948712963638208
 4.7463E-02,0.01905799329392529
 4.7479E-02,0.018200587554119626
 4.7495E-02,0.016952669119149805
 4.7512E-02,0.015369180274511484
 4.7528E-02,0.013519661775391966
 4.7544E-02,0.011485049729595551
 4.7560E-02,0.009354061646522235
 4.7577E-02,0.007219362993184698
 4.7593E-02,0.005173670741033105
 4.7609E-02,0.0033059120015051634
 4.7626E-02,0.0016975304310767232
 4.7642E-02,0.0004190301832872668
 4.7658E-02,-0.00047313398271020156
 4.7674E-02,-0.0009391820040917757
 4.7691E-02,-0.0009579867730790105
 4.7707E-02,-0.0005282414219093299
 4.7723E-02,0.0003313166835788579
 4.7739E-02,0.0015826925762732038
 4.7756E-02,0.003170410522471149
 4.7772E-02,0.005024168505064172
 4.7788E-02,0.007062181778311635
 4.7804E-02,0.009194983065695168
 4.7821E-02,0.01132944189162963
 4.7837E-02,0.01337279445123966
 4.7853E-02,0.015236524062814316
 4.7869E-02,0.016839981906347234
 4.7886E-02,0.0181136717759536
 4.7902E-02,0.019002132073776143
 4.7918E-02,0.019466335039261477
 4.7934E-02,0.01948549882057931
 4.7951E-02,0.01905818943376232
 4.7967E-02,0.018202592966512252
 4.7983E-02,0.016955872653461376
 4.8000E-02,0.015372589235015468
 4.8016E-02,0.013522244502077214
 4.8032E-02,0.011486088779887965
 4.8048E-02,0.009353394562799926
 4.8065E-02,0.0072174276460724475
 4.8081E-02,0.0051713409307538065
 4.8097E-02,0.0033041822038794863
 4.8113E-02,0.0016971607509872649
 4.8130E-02,0.0004202757283315061
 4.8146E-02,-0.0004706152548495787
 4.8162E-02,-0.0009362115933804645
 4.8178E-02,-0.0009555799460542066
 4.8195E-02,-0.0005272536388969081
 4.8211E-02,0.00033048791295894984
 4.8227E-02,0.00158024685112839
 4.8243E-02,0.003167076818161015
 4.8260E-02,0.005020954749648575
 4.8276E-02,0.007060029388759078
 4.8292E-02,0.009194446857138624
 4.8308E-02,0.011330506518318791
 4.8325E-02,0.013374890574685667
 4.8341E-02,0.015238737563351562
 4.8357E-02,0.01684138208818599
 4.8373E-02,0.018113643200771804
 4.8390E-02,0.019000593796249163
 4.8406E-02,0.01946377082452521
 4.8422E-02,0.019482788354627287
 4.8439E-02,0.019056300240780318
 4.8455E-02,0.0182022412826873
 4.8471E-02,0.016957271945792923
 4.8487E-02,0.015375373905795669
 4.8504E-02,0.013525594705167813
 4.8520E-02,0.011489011934776833
 4.8536E-02,0.009355064744727257
 4.8552E-02,0.007217464459640619
 4.8569E-02,0.005169931327600076
 4.8585E-02,0.003302004056874212
 4.8601E-02,0.0016951363087884348
 4.8617E-02,0.0004192421109124008
 4.8634E-02,-0.0004702030477820678
 4.8650E-02,-0.0009344417153597956
 4.8666E-02,-0.0009530532456475151
 4.8682E-02,-0.0005248731215374554
 4.8699E-02,0.0003318336590794009
 4.8715E-02,0.001579995609226459
 4.8731E-02,0.003165191414529849
 4.8747E-02,0.005017939536127836
 4.8764E-02,0.007056759222446963
 4.8780E-02,0.00919186852851404
 4.8796E-02,0.011329316802495142
 4.8813E-02,0.013375302897995154
 4.8829E-02,0.01524041802461211
 4.8845E-02,0.01684357622131537
 4.8861E-02,0.018115448195924942
 4.8878E-02,0.019001280242518244
 4.8894E-02,0.019463041098456858
 4.8910E-02,0.01948088140675972
 4.8926E-02,0.01905390668016298
 4.8943E-02,0.01820025923819242
 4.8959E-02,0.016956489805981346
 4.8975E-02,0.01537619126275281
 4.8991E-02,0.01352787896931326
 4.9000E-02,0.012463719339075295
