  0.000,0.0
  1.000,0.010595607223304163
  0.000,0.010595607223304163
 2.2220E-05,0.011207781526047034
 4.4440E-05,0.012861896167870963
 6.6660E-05,0.01577650924168263
 8.8880E-05,0.019338693781257202
 1.1110E-04,0.022108301802562763
 1.3332E-04,0.023350342525562374
 1.5554E-04,0.022948485447224973
 1.7776E-04,0.021212726588632328
 1.9998E-04,0.019261146148277133
 2.2220E-04,0.01816602657711918
 2.4442E-04,0.017841273230858264
 2.6664E-04,0.017720903893027943
 2.8886E-04,0.017091047100402428
 3.1108E-04,0.015043015781671316
 3.3330E-04,0.011546264550337089
 3.5552E-04,0.007594756590963345
 3.7774E-04,0.004169401946713169
 3.9996E-04,0.002007317691528442
 4.2218E-04,0.001430303574634026
 4.4440E-04,0.0017516171612115303
 4.6662E-04,0.0019029701277953458
 4.8884E-04,0.0014027753617244572
 5.1106E-04,0.0002709704532014134
 5.3328E-04,-0.0009138397264026117
 5.5550E-04,-0.0010661061456357043
 5.7772E-04,0.0004424965978747006
 5.9994E-04,0.003359729265531299
 6.2216E-04,0.006953567104155418
 6.4438E-04,0.010226368683020778
 6.6660E-04,0.012366450340506444
 6.8882E-04,0.013421137023404655
 7.1104E-04,0.014113284340816655
 7.3326E-04,0.015200353728233891
 7.5548E-04,0.01715492074191055
 7.7770E-04,0.019818802068060328
 7.9992E-04,0.02230251683031907
 8.2214E-04,0.02362050643976381
 8.4436E-04,0.023316011198106994
 8.6658E-04,0.02155912373574514
 8.8880E-04,0.01911126175664818
 9.1102E-04,0.016974772256413383
 9.3324E-04,0.015655970081778676
 9.5546E-04,0.014930749541688847
 9.7768E-04,0.014147648041941642
 9.9990E-04,0.012540514608229681
 1.0221E-03,0.009745838275606721
 1.0443E-03,0.006191765393180202
 1.0666E-03,0.0027933151558385085
 1.0888E-03,0.00042709085487829986
 1.1110E-03,-0.0004408721959508758
 1.1332E-03,-4.8708103682304125e-05
 1.1554E-03,0.0007989345603094455
 1.1777E-03,0.0013275847068319267
 1.1999E-03,0.0012436079771790257
 1.2221E-03,0.0008515195785744693
 1.2443E-03,0.0009177816583495558
 1.2665E-03,0.002185961128463541
 1.2888E-03,0.004838211251583404
 1.3110E-03,0.008388629051303288
 1.3332E-03,0.011954849544501555
 1.3554E-03,0.014680182989324756
 1.3776E-03,0.01621375196434204
 1.3999E-03,0.016898569228532508
 1.4221E-03,0.017455270678188115
 1.4443E-03,0.018502287370814264
 1.4665E-03,0.020184297860117585
 1.4887E-03,0.022015880994746512
 1.5110E-03,0.023148853263807268
 1.5332E-03,0.02291545107052165
 1.5554E-03,0.02120215900938758
 1.5776E-03,0.01850922112824966
 1.5998E-03,0.015704648763387584
 1.6221E-03,0.013516812030773078
 1.6443E-03,0.012118178952838161
 1.6665E-03,0.01110648241110294
 1.6887E-03,0.009800528556374442
 1.7109E-03,0.00768516906669172
 1.7332E-03,0.004798897259433434
 1.7554E-03,0.0017633065829615133
 1.7776E-03,-0.0005689888681839721
 1.7998E-03,-0.0015715509884543168
 1.8220E-03,-0.0011753061945095611
 1.8443E-03,9.770019584612083e-05
 1.8665E-03,0.0014712012257885256
 1.8887E-03,0.002395759927261895
 1.9109E-03,0.002849046378651895
 1.9331E-03,0.0033225065777528332
 1.9554E-03,0.004502936388516241
 1.9776E-03,0.00680441587208225
 1.9998E-03,0.01006792178767317
 2.0220E-03,0.013621162334908912
 2.0442E-03,0.016622712774332162
 2.0665E-03,0.018505382731834757
 2.0887E-03,0.019274326081698122
 2.1109E-03,0.01944705738893462
 2.1331E-03,0.019686592496871668
 2.1553E-03,0.02037813084284347
 2.1776E-03,0.021376207673574864
 2.1998E-03,0.022075380839922346
 2.2220E-03,0.021785791794805238
 2.2442E-03,0.02016347487878881
 2.2664E-03,0.017429204190213342
 2.2887E-03,0.014268540196633905
 2.3109E-03,0.011461487686624576
 2.3331E-03,0.009454630153241415
 2.3553E-03,0.00815148382057572
 2.3775E-03,0.007036757550890095
 2.3998E-03,0.005540738488516063
 2.4220E-03,0.0034358851920844743
 2.4442E-03,0.0010251991431516378
 2.4664E-03,-0.0010057417384969577
 2.4886E-03,-0.0019722373019599756
 2.5109E-03,-0.001573254777618511
 2.5331E-03,-5.907862167128146e-05
 2.5553E-03,0.001920371845075819
 2.5775E-03,0.0037012961245221528
 2.5997E-03,0.004981086309240215
 2.6220E-03,0.0059605603619215485
 2.6442E-03,0.0071803413020794515
 2.6664E-03,0.009144487233918095
 2.6886E-03,0.011960295734563687
 2.7108E-03,0.015222348473657823
 2.7331E-03,0.018204766235614185
 2.7553E-03,0.020243203727254883
 2.7775E-03,0.02108634074766591
 2.7997E-03,0.021003634495479467
 2.8219E-03,0.020583063495913923
 2.8442E-03,0.020351740071027743
 2.8664E-03,0.020449215793872582
 2.8886E-03,0.020544743211935723
 2.9108E-03,0.02005157500228851
 2.9330E-03,0.018507259594304742
 2.9553E-03,0.015883163239432743
 2.9775E-03,0.012639287012563245
 2.9997E-03,0.009494071883859884
 3.0219E-03,0.007043560049085346
 3.0441E-03,0.005459703017524445
 3.0664E-03,0.00444875155956813
 3.0886E-03,0.003485812894019778
 3.1108E-03,0.002180247004061978
 3.1330E-03,0.0005525937086476754
 3.1552E-03,-0.0009473721868186206
 3.1775E-03,-0.0016923182371765058
 3.1997E-03,-0.0012428805347699597
 3.2219E-03,0.0003908287011692882
 3.2441E-03,0.0027460024318692352
 3.2663E-03,0.005165656111616519
 3.2886E-03,0.00716204967296258
 3.3108E-03,0.008665438251780413
 3.3330E-03,0.01001355835572846
 3.3552E-03,0.011692076770965051
 3.3774E-03,0.013984237181593667
 3.3997E-03,0.0167452273350239
 3.4219E-03,0.01943904169901283
 3.4441E-03,0.0214143118015624
 3.4663E-03,0.02225471404641759
 3.4885E-03,0.021995074693861007
 3.5108E-03,0.021073530537127485
 3.5330E-03,0.020052083511661385
 3.5552E-03,0.019277603740778183
 3.5774E-03,0.018686593572206638
 3.5996E-03,0.0178693833660618
 3.6219E-03,0.01635317686173036
 3.6441E-03,0.013929400595819076
 3.6663E-03,0.010825667476690138
 3.6885E-03,0.007619227381552702
 3.7107E-03,0.0049435570786770106
 3.7330E-03,0.003163469651578263
 3.7552E-03,0.0022126095437159836
 3.7774E-03,0.0016866258662665565
 3.7996E-03,0.001130985523614158
 3.8218E-03,0.0003479412872804834
 3.8441E-03,-0.00046330590171189765
 3.8663E-03,-0.0008177420133448441
 3.8885E-03,-0.00023807893663872325
 3.9107E-03,0.0014472415609765121
 3.9329E-03,0.003980247491127786
 3.9552E-03,0.006798063806692201
 3.9774E-03,0.009331265201616186
 3.9996E-03,0.011296915538679092
 4.0218E-03,0.012812330479943904
 4.0440E-03,0.014265054470376114
 4.0663E-03,0.016021104591960784
 4.0885E-03,0.018150666357277564
 4.1107E-03,0.02033890125204634
 4.1329E-03,0.022036076044343007
 4.1551E-03,0.0227567198318826
 4.1774E-03,0.022348376552498647
 4.1996E-03,0.02106893868813147
 4.2218E-03,0.019427732167140308
 4.2440E-03,0.017888464088690596
 4.2662E-03,0.01661358898663023
 4.2885E-03,0.015402315291966756
 4.3107E-03,0.013856594490739938
 4.3329E-03,0.011671467945530332
 4.3551E-03,0.008871649673372378
 4.3773E-03,0.005850266030724173
 4.3996E-03,0.0031859462399550635
 4.4218E-03,0.0013476993353720133
 4.4440E-03,0.0004635696817643653
 4.4662E-03,0.0002891830428705549
 4.4884E-03,0.0003911882081926877
 4.5107E-03,0.00043227542763940585
 4.5329E-03,0.0003850029809512187
 4.5551E-03,0.0005459280548497474
 4.5773E-03,0.0013431374169315191
 4.5995E-03,0.003055100627105149
 4.6218E-03,0.005611222654010279
 4.6440E-03,0.008594568220642725
 4.6662E-03,0.01144570735814391
 4.6884E-03,0.013746027333988135
 4.7106E-03,0.01541188174844637
 4.7329E-03,0.016685832740547888
 4.7551E-03,0.017934112619840348
 4.7773E-03,0.019375946960529015
 4.7995E-03,0.020910402881880744
 4.8217E-03,0.022146118278307283
 4.8440E-03,0.022615924667675858
 4.8662E-03,0.022046813722572
 4.8884E-03,0.020522672156964166
 4.9106E-03,0.018442441275991716
 4.9328E-03,0.016300187039458434
 4.9551E-03,0.01442022332088086
 4.9773E-03,0.012805585922225323
 4.9995E-03,0.011188079307662989
 5.0217E-03,0.00924589933564766
 5.0439E-03,0.00685411586193884
 5.0662E-03,0.004214627713826577
 5.0884E-03,0.0017861494915883494
 5.1106E-03,5.5818283346570395e-05
 5.1328E-03,-0.000711113616383771
 5.1550E-03,-0.0005949699891186447
 5.1773E-03,5.2795138083113965e-05
 5.1995E-03,0.0008348095701354765
 5.2217E-03,0.0015469483112971981
 5.2439E-03,0.0022877400433802377
 5.2661E-03,0.0033737687165016723
 5.2884E-03,0.005114431275249887
 5.3106E-03,0.007583894784457692
 5.3328E-03,0.010529034828970251
 5.3550E-03,0.01346987412754372
 5.3772E-03,0.015933296147381572
 5.3995E-03,0.017681049954173342
 5.4217E-03,0.01879725807799621
 5.4439E-03,0.01958602213033652
 5.4661E-03,0.020344310355325298
 5.4883E-03,0.02114969812277918
 5.5106E-03,0.021792122169944524
 5.5328E-03,0.02189063277995652
 5.5550E-03,0.021123945402134407
 5.5772E-03,0.01943503626866518
 5.5994E-03,0.017086173471381878
 5.6217E-03,0.01453150901748397
 5.6439E-03,0.01218421657234966
 5.6661E-03,0.010217462512718973
 5.6883E-03,0.008516381662950169
 5.7105E-03,0.0068061507073957
 5.7328E-03,0.004875144955071563
 5.7550E-03,0.0027557530702251322
 5.7772E-03,0.000752215600508822
 5.7994E-03,-0.0007019836953114286
 5.8216E-03,-0.0012718295472147689
 5.8439E-03,-0.0008976652413782251
 5.8661E-03,0.00018332690331172765
 5.8883E-03,0.0015820985150485879
 5.9105E-03,0.0029808967345077617
 5.9327E-03,0.004300587275594753
 5.9550E-03,0.005713031019102175
 5.9772E-03,0.0074936760721149645
 5.9994E-03,0.009805998377440207
 6.0216E-03,0.012549976782779117
 6.0438E-03,0.015367578353821718
 6.0661E-03,0.017803396160943445
 6.0883E-03,0.01952526678252456
 6.1105E-03,0.020473977241089274
 6.1327E-03,0.020854467778271983
 6.1549E-03,0.020976808378529953
 6.1772E-03,0.021045373208166646
 6.1994E-03,0.02102461987903249
 6.2216E-03,0.020662195308063517
 6.2438E-03,0.01965420219139874
 6.2660E-03,0.017851455646253234
 6.2883E-03,0.015381158819106436
 6.3105E-03,0.012610002612133103
 6.3327E-03,0.009970549959091838
 6.3549E-03,0.007754537024536434
 6.3771E-03,0.00599529247422359
 6.3994E-03,0.004506569660148139
 6.4216E-03,0.0030505468788555516
 6.4438E-03,0.0015305749130584104
 6.4660E-03,9.05227909017601e-05
 6.4882E-03,-0.0009399734709469095
 6.5105E-03,-0.0012215825174286365
 6.5327E-03,-0.000596961235528039
 6.5549E-03,0.0008165196198695431
 6.5771E-03,0.0026877934421612837
 6.5993E-03,0.004649597024605526
 6.6216E-03,0.006486075192054115
 6.6438E-03,0.008219172726091198
 6.6660E-03,0.010044435123743624
 6.6882E-03,0.012158051223233683
 6.7104E-03,0.014582288441901074
 6.7327E-03,0.017096774427342133
 6.7549E-03,0.019318707793788293
 6.7771E-03,0.020885105796906923
 6.7993E-03,0.02162880459358632
 6.8215E-03,0.021644027059645497
 6.8438E-03,0.021204247222222115
 6.8660E-03,0.02058401278744955
 6.8882E-03,0.019893378307400084
 6.9104E-03,0.01902455366098313
 6.9326E-03,0.017741438176708865
 6.9549E-03,0.015855950006530544
 6.9771E-03,0.01338281864957864
 6.9993E-03,0.010578019165501476
 7.0215E-03,0.007836662383698574
 7.0437E-03,0.005510758870205254
 7.0660E-03,0.0037546846717578194
 7.0882E-03,0.002488392773997864
 7.1104E-03,0.0014969660724207092
 7.1326E-03,0.0006033616346547402
 7.1548E-03,-0.00019185826406774753
 7.1771E-03,-0.0006889002870899057
 7.1993E-03,-0.0005982177400971155
 7.2215E-03,0.0002852062631528261
 7.2437E-03,0.0019478694557231594
 7.2659E-03,0.004144624558207885
 7.2882E-03,0.006514402401355442
 7.3104E-03,0.008755868941101232
 7.3326E-03,0.010758916805364213
 7.3548E-03,0.01261537490973168
 7.3770E-03,0.014505687185452946
 7.3993E-03,0.01653308807721677
 7.4215E-03,0.018607891557838183
 7.4437E-03,0.02045353090242687
 7.4659E-03,0.02173202455085265
 7.4881E-03,0.022214328952593357
 7.5104E-03,0.021894063430314897
 7.5326E-03,0.020977480465892363
 7.5548E-03,0.019757227067542724
 7.5770E-03,0.01844694652026014
 7.5992E-03,0.01707616337639913
 7.6215E-03,0.015507199883626468
 7.6437E-03,0.013561434913985988
 7.6659E-03,0.011176151569484313
 7.6881E-03,0.008495199607189693
 7.7103E-03,0.005837199735286125
 7.7326E-03,0.00355911133467758
 7.7548E-03,0.0018956745593305098
 7.7770E-03,0.0008689719187497862
 7.7992E-03,0.0003195406461473395
 7.8214E-03,3.740433382078015e-05
 7.8437E-03,-8.79471545279618e-05
 7.8659E-03,1.0156478630815892e-05
 7.8881E-03,0.0005344181519942515
 7.9103E-03,0.0016892244299107893
 7.9325E-03,0.0035349967766506534
 7.9548E-03,0.005919756547453249
 7.9770E-03,0.008529883339833748
 7.9992E-03,0.011030616138195315
 8.0214E-03,0.013213421032672552
 8.0436E-03,0.01506390816889681
 8.0659E-03,0.01671242417149533
 8.0881E-03,0.018300342438298894
 8.1103E-03,0.01984550564318641
 8.1325E-03,0.0211899790569084
 8.1547E-03,0.022062823992915273
 8.1770E-03,0.022220718818133423
 8.1992E-03,0.021582143914253265
 8.2214E-03,0.020274827826985274
 8.2436E-03,0.0185685715704601
 8.2658E-03,0.01673440975471023
 8.2881E-03,0.01491458712795325
 8.3103E-03,0.013080062639819165
 8.3325E-03,0.011098481479165478
 8.3547E-03,0.008868605785374729
 8.3769E-03,0.006437419085478348
 8.3992E-03,0.004027195766525124
 8.4214E-03,0.001954640656019808
 8.4436E-03,0.0004893244425399411
 8.4658E-03,-0.00026520401076220927
 8.4880E-03,-0.00039838867686768675
 8.5103E-03,-0.00011385131732794397
 8.5325E-03,0.0004059980144480678
 8.5547E-03,0.001109681309833614
 8.5769E-03,0.0020950226967642576
 8.5991E-03,0.003526357484303938
 8.6214E-03,0.005502083906590821
 8.6436E-03,0.007953930047729586
 8.6658E-03,0.01064005953060616
 8.6880E-03,0.013237676787759153
 8.7102E-03,0.015481175312276553
 8.7325E-03,0.0172648915607432
 8.7547E-03,0.018651305144908495
 8.7769E-03,0.01978275218365098
 8.7991E-03,0.02075266260528556
 8.8213E-03,0.021516010034124827
 8.8436E-03,0.021894070489867704
 8.8658E-03,0.021670928820875585
 8.8880E-03,0.02072342144751493
 8.9102E-03,0.019105970747515036
 8.9324E-03,0.017039071220282892
 8.9547E-03,0.01480821971878837
 8.9769E-03,0.01263352369827218
 8.9991E-03,0.010586891413757514
 9.0213E-03,0.00860401966555901
 9.0435E-03,0.006580742748498715
 9.0658E-03,0.004492599493232784
 9.0880E-03,0.002463085019585445
 9.1102E-03,0.0007376836309117073
 9.1324E-03,-0.0004220173398832819
 9.1546E-03,-0.0008617089913954974
 9.1769E-03,-0.0006025497029996891
 9.1991E-03,0.00018521492417835044
 9.2213E-03,0.0012860542188499564
 9.2435E-03,0.0025574646798411926
 9.2657E-03,0.003992161346820885
 9.2880E-03,0.00568822136086073
 9.3102E-03,0.0077472572052163634
 9.3324E-03,0.010164176091120403
 9.3546E-03,0.012776989771068864
 9.3768E-03,0.015308803887422454
 9.3991E-03,0.017478601242162658
 9.4213E-03,0.019116172968194095
 9.4435E-03,0.02021431988000577
 9.4657E-03,0.020889453051347463
 9.4879E-03,0.02127683532752435
 9.5102E-03,0.021425527905798807
 9.5324E-03,0.021257337979416688
 9.5546E-03,0.020614515956990875
 9.5768E-03,0.019366782973597396
 9.5990E-03,0.01751224332490431
 9.6213E-03,0.015210468257241838
 9.6435E-03,0.012727000125341531
 9.6657E-03,0.010321680759651801
 9.6879E-03,0.008146378291294831
 9.7101E-03,0.006211149949128638
 9.7324E-03,0.004436055996841261
 9.7546E-03,0.0027542308093878665
 9.7768E-03,0.0012014629450826065
 9.7990E-03,-6.356124038166809e-05
 9.8212E-03,-0.0008217505176168377
 9.8435E-03,-0.0009020767388325134
 9.8657E-03,-0.00027157487289295433
 9.8879E-03,0.0009464109506184224
 9.9101E-03,0.0025360826640566992
 9.9323E-03,0.004296704753031883
 9.9546E-03,0.0061299160913651975
 9.9768E-03,0.008055991953274704
 9.9990E-03,0.01015163713375445
 1.0021E-02,0.012449417349198045
 1.0043E-02,0.014861933641064608
 1.0066E-02,0.01717864715085646
 1.0088E-02,0.019139250081499064
 1.0110E-02,0.020541270319992106
 1.0132E-02,0.021319018239400894
 1.0155E-02,0.021548349465004973
 1.0177E-02,0.0213763778710777
 1.0199E-02,0.02092008729071017
 1.0221E-02,0.020195698670789346
 1.0243E-02,0.019121098526014645
 1.0266E-02,0.017588765111538878
 1.0288E-02,0.015563703010457394
 1.0310E-02,0.01314577672836396
 1.0332E-02,0.010557427483092258
 1.0355E-02,0.008062733119207927
 1.0377E-02,0.005864790687514301
 1.0399E-02,0.004040828307828754
 1.0421E-02,0.0025511791783966835
 1.0443E-02,0.0013136613096883143
 1.0466E-02,0.0002959418325588709
 1.0488E-02,-0.00043159593103670184
 1.0510E-02,-0.0007153624733098852
 1.0532E-02,-0.00039915322172769086
 1.0554E-02,0.0005825150678371155
 1.0577E-02,0.0021544067302766935
 1.0599E-02,0.004124071567761272
 1.0621E-02,0.0062652031862317
 1.0643E-02,0.008411829481175876
 1.0666E-02,0.01050851312311622
 1.0688E-02,0.01258883906284681
 1.0710E-02,0.014697988550684302
 1.0732E-02,0.01680883861617125
 1.0754E-02,0.01878458717915265
 1.0777E-02,0.020412442029356676
 1.0799E-02,0.021489753782560895
 1.0821E-02,0.021912191210564667
 1.0843E-02,0.02171227274137641
 1.0866E-02,0.021026421820969667
 1.0888E-02,0.020011494998402043
 1.0910E-02,0.018761508162336064
 1.0932E-02,0.017274217846770197
 1.0954E-02,0.015486263600275866
 1.0977E-02,0.013353689423196763
 1.0999E-02,0.010927168433131716
 1.1021E-02,0.008374596013278418
 1.1043E-02,0.005935611460243656
 1.1066E-02,0.003833571136802425
 1.1088E-02,0.0021957859624857556
 1.1110E-02,0.001027453092425529
 1.1132E-02,0.00025225018238587017
 1.1154E-02,-0.00020724597115400948
 1.1177E-02,-0.0003594181588951194
 1.1199E-02,-0.0001267973995292788
 1.1221E-02,0.0006072279982912565
 1.1243E-02,0.0019167138813070573
 1.1266E-02,0.0037662850877089506
 1.1288E-02,0.00600011518862518
 1.1310E-02,0.008394433591093084
 1.1332E-02,0.010743429557061451
 1.1354E-02,0.012928851066448345
 1.1377E-02,0.014933916128057018
 1.1399E-02,0.016796015561409895
 1.1421E-02,0.018529566365911136
 1.1443E-02,0.02006802680095197
 1.1466E-02,0.021262000887131927
 1.1488E-02,0.021936023243316526
 1.1510E-02,0.021970858601125694
 1.1532E-02,0.0213625547497937
 1.1554E-02,0.020223372144878304
 1.1577E-02,0.01872452458397063
 1.1599E-02,0.017015230437515
 1.1621E-02,0.015166045891784767
 1.1643E-02,0.013168940502271586
 1.1666E-02,0.010991740449420553
 1.1688E-02,0.008651571793913002
 1.1710E-02,0.006260620753264976
 1.1732E-02,0.004014498872384424
 1.1754E-02,0.002128272832886489
 1.1777E-02,0.0007566951837132791
 1.1799E-02,-5.551210074825389e-05
 1.1821E-02,-0.0003656455546724816
 1.1843E-02,-0.0002740938784257502
 1.1865E-02,0.00014866871311178427
 1.1888E-02,0.0009046947423002401
 1.1910E-02,0.002055423724441713
 1.1932E-02,0.0036616159105705825
 1.1954E-02,0.005713783823822134
 1.1977E-02,0.008096425895091491
 1.1999E-02,0.010609155930004102
 1.2021E-02,0.013033800736513505
 1.2043E-02,0.015209184529860996
 1.2065E-02,0.0170710300300267
 1.2088E-02,0.01863566328601993
 1.2110E-02,0.019940082099225476
 1.2132E-02,0.02097693918490598
 1.2154E-02,0.021665481954238234
 1.2177E-02,0.021877153366473015
 1.2199E-02,0.021501042588703233
 1.2221E-02,0.0205099777637805
 1.2243E-02,0.018987455970190293
 1.2265E-02,0.017099026614574565
 1.2288E-02,0.01502487170571857
 1.2310E-02,0.012893094011165285
 1.2332E-02,0.010752031509769677
 1.2354E-02,0.008595760519903461
 1.2377E-02,0.006424616040193891
 1.2399E-02,0.004301566468032463
 1.2421E-02,0.0023681330617786774
 1.2443E-02,0.0008082913487503635
 1.2465E-02,-0.0002196640477481731
 1.2488E-02,-0.0006439843282777461
 1.2510E-02,-0.0004981077434946721
 1.2532E-02,0.00011269294729388435
 1.2554E-02,0.0010756676358258978
 1.2577E-02,0.0023270577096942387
 1.2599E-02,0.003867338016173001
 1.2621E-02,0.005727390125843593
 1.2643E-02,0.007907742980992304
 1.2665E-02,0.0103294255433493
 1.2688E-02,0.012828042331486569
 1.2710E-02,0.015196709798087512
 1.2732E-02,0.017254178466462457
 1.2754E-02,0.018899448374258377
 1.2776E-02,0.02012244532302151
 1.2799E-02,0.02096678293032177
 1.2821E-02,0.02146923535763962
 1.2843E-02,0.02161402257569963
 1.2865E-02,0.021330355586593974
 1.2888E-02,0.02053491715480617
 1.2910E-02,0.019193353076652042
 1.2932E-02,0.01736309080815272
 1.2954E-02,0.015190881962711653
 1.2976E-02,0.012865528825159098
 1.2999E-02,0.010552844872987395
 1.3021E-02,0.00835001165185523
 1.3043E-02,0.00628424260760627
 1.3065E-02,0.004353675417323045
 1.3088E-02,0.0025830571794597055
 1.3110E-02,0.0010582617125262778
 1.3132E-02,-8.307100013043548e-05
 1.3154E-02,-0.0007006351358609245
 1.3176E-02,-0.0007119758917447806
 1.3199E-02,-0.00012906401623246266
 1.3221E-02,0.0009502614960554483
 1.3243E-02,0.0023904585163137607
 1.3265E-02,0.004077340888982487
 1.3288E-02,0.005953490671492888
 1.3310E-02,0.008010379927577468
 1.3332E-02,0.01024409089211424
 1.3354E-02,0.012603660051635645
 1.3376E-02,0.014965522802009457
 1.3399E-02,0.01715172799842493
 1.3421E-02,0.018983143234551934
 1.3443E-02,0.020337749905303397
 1.3465E-02,0.021181035208624934
 1.3488E-02,0.021552216328375652
 1.3510E-02,0.02151638888647905
 1.3532E-02,0.021112714833273104
 1.3554E-02,0.020330430621746567
 1.3576E-02,0.019126927468277308
 1.3599E-02,0.01747618064680578
 1.3621E-02,0.015417131968801501
 1.3643E-02,0.013071474897122109
 1.3665E-02,0.010618605563367993
 1.3688E-02,0.008241086138743626
 1.3710E-02,0.006071347227202179
 1.3732E-02,0.004169181438339472
 1.3754E-02,0.002540778240610108
 1.3776E-02,0.0011851016652452105
 1.3799E-02,0.00013733736568455335
 1.3821E-02,-0.000518526405523686
 1.3843E-02,-0.0006767609768881311
 1.3865E-02,-0.000261068234659773
 1.3888E-02,0.0007304947027516208
 1.3910E-02,0.0022137125363595254
 1.3932E-02,0.004046851733989993
 1.3954E-02,0.006083248544166109
 1.3976E-02,0.00821754623957335
 1.3999E-02,0.010399690188459428
 1.4021E-02,0.012610644923611549
 1.4043E-02,0.01481706530632027
 1.4065E-02,0.016934807428210408
 1.4087E-02,0.018825649386658698
 1.4110E-02,0.02033133492339624
 1.4132E-02,0.02132633764260381
 1.4154E-02,0.021759280073357062
 1.4176E-02,0.021659600815326325
 1.4199E-02,0.021106739067141094
 1.4221E-02,0.020181237654275947
 1.4243E-02,0.018927397316571455
 1.4265E-02,0.017349394294879177
 1.4287E-02,0.015441937747706885
 1.4310E-02,0.013235287302092126
 1.4332E-02,0.010825600530731781
 1.4354E-02,0.008370367380905543
 1.4376E-02,0.006049662803132307
 1.4399E-02,0.004014368300959172
 1.4421E-02,0.0023501138038741556
 1.4443E-02,0.0010760602755701641
 1.4465E-02,0.00017674987091991369
 1.4487E-02,-0.0003542735478225872
 1.4510E-02,-0.0004868559934212859
 1.4532E-02,-0.00016011890551923842
 1.4554E-02,0.0006814206069280786
 1.4576E-02,0.002043387116969969
 1.4599E-02,0.003855986560524342
 1.4621E-02,0.005983546011632769
 1.4643E-02,0.008264625895904175
 1.4665E-02,0.010560239432912859
 1.4687E-02,0.012783294486626393
 1.4710E-02,0.014894045220793097
 1.4732E-02,0.016866994023554092
 1.4754E-02,0.018651830820006658
 1.4776E-02,0.020154329557373833
 1.4799E-02,0.02125072044670963
 1.4821E-02,0.021828496709929725
 1.4843E-02,0.021830350118748273
 1.4865E-02,0.021275763697481912
 1.4887E-02,0.020247963267504086
 1.4910E-02,0.018854401437587178
 1.4932E-02,0.01718431963774287
 1.4954E-02,0.015287996195849614
 1.4976E-02,0.01318855818864271
 1.4998E-02,0.010917146113732493
 1.5021E-02,0.008547944090410597
 1.5043E-02,0.006209670766168678
 1.5065E-02,0.004064383345607999
 1.5087E-02,0.0022641631237592386
 1.5110E-02,0.0009095211338752151
 1.5132E-02,3.2293443638218905e-05
 1.5154E-02,-0.00038881778243441903
 1.5176E-02,-0.00039117413836092807
 1.5198E-02,6.917859328939497e-06
 1.5221E-02,0.0008177611000536426
 1.5243E-02,0.0020654814799377
 1.5265E-02,0.0037489080813775007
 1.5287E-02,0.005809539621642892
 1.5310E-02,0.0081252493189916
 1.5332E-02,0.010535173417877927
 1.5354E-02,0.012882766387622997
 1.5376E-02,0.015053377848965
 1.5398E-02,0.01698625479406884
 1.5421E-02,0.018656390753819547
 1.5443E-02,0.02003972168754969
 1.5465E-02,0.021084898982499108
 1.5487E-02,0.02171044605225236
 1.5510E-02,0.021830296954936376
 1.5532E-02,0.021393145180842246
 1.5554E-02,0.0204123275359604
 1.5576E-02,0.018968345393559415
 1.5598E-02,0.017182255094819833
 1.5621E-02,0.015175236747933907
 1.5643E-02,0.01303738517429301
 1.5665E-02,0.0108226094516901
 1.5687E-02,0.008570346903600614
 1.5710E-02,0.006338444598226223
 1.5732E-02,0.004224878521609222
 1.5754E-02,0.002362889675449984
 1.5776E-02,0.0008903260332266212
 1.5798E-02,-9.034594986995323e-05
 1.5821E-02,-0.000539161661502627
 1.5843E-02,-0.00047825738285232086
 1.5865E-02,3.4519514946343486e-05
 1.5887E-02,0.0009413827929189858
 1.5910E-02,0.0022081859948663305
 1.5932E-02,0.0038222402514070967
 1.5954E-02,0.0057668697637986
 1.5976E-02,0.007989608651438908
 1.5998E-02,0.010385034396062108
 1.6021E-02,0.012804606680429148
 1.6043E-02,0.015089780075548048
 1.6065E-02,0.017110791100272024
 1.6087E-02,0.018790211820370974
 1.6109E-02,0.02009955718900075
 1.6132E-02,0.02103333193916718
 1.6154E-02,0.021578164938693488
 1.6176E-02,0.02169713343650952
 1.6198E-02,0.021339634715540977
 1.6221E-02,0.020471201034118987
 1.6243E-02,0.019105168798765292
 1.6265E-02,0.017316632338468092
 1.6287E-02,0.015229464022125074
 1.6309E-02,0.012983038522686934
 1.6332E-02,0.01069706506143362
 1.6354E-02,0.00845357855165387
 1.6376E-02,0.006304413769732125
 1.6398E-02,0.004296968426233693
 1.6421E-02,0.0025001294442019155
 1.6443E-02,0.001012407719355618
 1.6465E-02,-5.462127087636358e-05
 1.6487E-02,-0.00060929280569645
 1.6509E-02,-0.0006108152020479123
 1.6532E-02,-8.071591416445418e-05
 1.6554E-02,0.0009113740838759724
 1.6576E-02,0.0022788264085254837
 1.6598E-02,0.003947701515031708
 1.6621E-02,0.005868194811994259
 1.6643E-02,0.008002550910982491
 1.6665E-02,0.01029871719437162
 1.6687E-02,0.012667823230973336
 1.6709E-02,0.01498136638657966
 1.6732E-02,0.017092138402281607
 1.6754E-02,0.018868615317076926
 1.6776E-02,0.020224382195677112
 1.6798E-02,0.021127061521054796
 1.6821E-02,0.021583365914217365
 1.6843E-02,0.02161092927739517
 1.6865E-02,0.021215018622460384
 1.6887E-02,0.02038466198263013
 1.6909E-02,0.01911040224076118
 1.6932E-02,0.01741232736832741
 1.6954E-02,0.015360442867871991
 1.6976E-02,0.013073773663259305
 1.6998E-02,0.010697124480401289
 1.7021E-02,0.00836756818798689
 1.7043E-02,0.006188566890390481
 1.7065E-02,0.0042247428545905095
 1.7087E-02,0.002517768252404832
 1.7109E-02,0.001111251176985353
 1.7132E-02,6.741042398278503e-05
 1.7154E-02,-0.0005362829065163793
 1.7176E-02,-0.0006298097937634306
 1.7198E-02,-0.00017991934811791455
 1.7220E-02,0.0007910290140988863
 1.7243E-02,0.0022078817450208
 1.7265E-02,0.003965795736799681
 1.7287E-02,0.005960600722696874
 1.7309E-02,0.008109581482846696
 1.7332E-02,0.01035210222873277
 1.7354E-02,0.012631988487102591
 1.7376E-02,0.014874750160755354
 1.7398E-02,0.01697585596316652
 1.7420E-02,0.01880951501257966
 1.7443E-02,0.020254907195955584
 1.7465E-02,0.021226103587132644
 1.7487E-02,0.021689482269053224
 1.7509E-02,0.021659711696169492
 1.7532E-02,0.021177915396537166
 1.7554E-02,0.02028585930122333
 1.7576E-02,0.01901178012336434
 1.7598E-02,0.01737581805482031
 1.7620E-02,0.01541064865111189
 1.7643E-02,0.01318334502900818
 1.7665E-02,0.010803498517790286
 1.7687E-02,0.008410722551823253
 1.7709E-02,0.006146907652153968
 1.7732E-02,0.0041275850326234305
 1.7754E-02,0.0024271324432401003
 1.7776E-02,0.0010841917412644417
 1.7798E-02,0.00012167397681446589
 1.7820E-02,-0.00043267567744742085
 1.7843E-02,-0.0005390071563159414
 1.7865E-02,-0.0001566957595015408
 1.7887E-02,0.0007321202340147418
 1.7909E-02,0.0021009801447784493
 1.7932E-02,0.0038729302552665064
 1.7954E-02,0.00593432056704262
 1.7976E-02,0.00816158741272911
 1.7998E-02,0.010446681053278287
 1.8020E-02,0.012708014346744444
 1.8043E-02,0.014882811170381021
 1.8065E-02,0.016908057111555887
 1.8087E-02,0.01870406798139024
 1.8109E-02,0.020172917293279385
 1.8132E-02,0.02121472496873125
 1.8154E-02,0.02175372630970093
 1.8176E-02,0.02175982016256269
 1.8198E-02,0.021253679224428442
 1.8220E-02,0.020293018356390573
 1.8243E-02,0.018948484594891728
 1.8265E-02,0.01728330550480079
 1.8287E-02,0.015347954559668229
 1.8309E-02,0.013191498048720605
 1.8332E-02,0.010880841123578424
 1.8354E-02,0.008514106493676291
 1.8376E-02,0.006217816650339469
 1.8398E-02,0.004127264593437481
 1.8420E-02,0.002359547993139844
 1.8443E-02,0.0009931450566491808
 1.8465E-02,6.404580891276412e-05
 1.8487E-02,-0.0004212801608291988
 1.8509E-02,-0.0004655192345539344
 1.8531E-02,-6.609576629703999e-05
 1.8554E-02,0.0007841345491911176
 1.8576E-02,0.00208157856921714
 1.8598E-02,0.0037917735008016823
 1.8620E-02,0.005837539740537958
 1.8643E-02,0.00810391973104807
 1.8665E-02,0.010458657508848213
 1.8687E-02,0.012777953793523835
 1.8709E-02,0.014964338222413963
 1.8731E-02,0.01694843325998566
 1.8754E-02,0.018676131267540707
 1.8776E-02,0.020091371980283303
 1.8798E-02,0.021127081101420746
 1.8820E-02,0.021711527369722615
 1.8843E-02,0.02178763313622643
 1.8865E-02,0.021334540770259276
 1.8887E-02,0.020378971098700963
 1.8909E-02,0.018989652199048353
 1.8931E-02,0.01725784522630554
 1.8954E-02,0.01527485323632349
 1.8976E-02,0.013118666981839553
 1.8998E-02,0.010855897814632831
 1.9020E-02,0.008555577804488268
 1.9043E-02,0.006304079693176972
 1.9065E-02,0.0042097173462539396
 1.9087E-02,0.002391882965049739
 1.9109E-02,0.0009590057520457306
 1.9131E-02,-1.351821087662759e-05
 1.9154E-02,-0.0004940702043751078
 1.9176E-02,-0.0004893916838839035
 1.9198E-02,-2.7456927887221352e-05
 1.9220E-02,0.0008604257435659395
 1.9243E-02,0.0021474954752371362
 1.9265E-02,0.0038052342027405234
 1.9287E-02,0.005787755004496252
 1.9309E-02,0.008017772663761094
 1.9331E-02,0.010384412340001875
 1.9354E-02,0.01275624108081616
 1.9376E-02,0.0150039476755599
 1.9398E-02,0.017021436564366985
 1.9420E-02,0.018735126089515008
 1.9443E-02,0.02009830118109184
 1.9465E-02,0.021076184632277395
 1.9487E-02,0.021632643835835016
 1.9509E-02,0.02172800758323968
 1.9531E-02,0.02133026013374445
 1.9554E-02,0.020433313727733767
 1.9576E-02,0.01907133480584083
 1.9598E-02,0.017320057414130258
 1.9620E-02,0.015283444898996591
 1.9642E-02,0.013072449727120291
 1.9665E-02,0.010786923991727763
 1.9687E-02,0.008509416917180247
 1.9709E-02,0.006312138324191559
 1.9731E-02,0.0042703176434844056
 1.9754E-02,0.0024713952463518924
 1.9776E-02,0.0010121802858364217
 1.9798E-02,-1.639410224689008e-05
 1.9820E-02,-0.0005495470540841515
 1.9842E-02,-0.0005632574950005309
 1.9865E-02,-7.555073034542392e-05
 1.9887E-02,0.0008656305013742922
 1.9909E-02,0.002200541425037745
 1.9931E-02,0.00387129995970985
 1.9954E-02,0.005823915696176076
 1.9976E-02,0.007998993460947275
 1.9998E-02,0.010318614610743295
 2.0020E-02,0.01267945563531221
 2.0042E-02,0.014958602635037963
 2.0065E-02,0.01703095237900659
 2.0087E-02,0.018790125420512043
 2.0109E-02,0.020162645623710267
 2.0131E-02,0.021109053191721416
 2.0154E-02,0.0216132327210605
 2.0176E-02,0.02166795157977401
 2.0198E-02,0.02126638744774806
 2.0220E-02,0.020405253763833023
 2.0242E-02,0.01909758871890788
 2.0265E-02,0.017386955578784124
 2.0287E-02,0.015353531682272267
 2.0309E-02,0.013107083158464813
 2.0331E-02,0.010769372704525057
 2.0354E-02,0.008454566649789181
 2.0376E-02,0.006257102191083717
 2.0398E-02,0.004251774419468201
 2.0420E-02,0.0025033979219802388
 2.0442E-02,0.0010777658097617178
 2.0465E-02,4.5126962609481425e-05
 2.0487E-02,-0.0005277304178933589
 2.0509E-02,-0.00059344971044458
 2.0531E-02,-0.00013954290980468817
 2.0553E-02,0.0008053965321714572
 2.0576E-02,0.0021783140506995364
 2.0598E-02,0.0038975551370192558
 2.0620E-02,0.005879360049761405
 2.0642E-02,0.008046524189369717
 2.0665E-02,0.010325912673122623
 2.0687E-02,0.012638547570315899
 2.0709E-02,0.014890641642293388
 2.0731E-02,0.016973439056319144
 2.0753E-02,0.01877437484695015
 2.0776E-02,0.020195127625983342
 2.0798E-02,0.021167807471513846
 2.0820E-02,0.02166140119014941
 2.0842E-02,0.02167614346239879
 2.0865E-02,0.02123033515916554
 2.0887E-02,0.020348162680472244
 2.0909E-02,0.01905589190543451
 2.0931E-02,0.017388192238657767
 2.0953E-02,0.01539973760348013
 2.0976E-02,0.013173645836246193
 2.0998E-02,0.010819907610068576
 2.1020E-02,0.008462729470786252
 2.1042E-02,0.00622216813312047
 2.1065E-02,0.004198686824450529
 2.1087E-02,0.0024674057414721465
 2.1109E-02,0.0010830222203187282
 2.1131E-02,9.015940611781649e-05
 2.1153E-02,-0.00046901102361422405
 2.1176E-02,-0.0005559364103002641
 2.1198E-02,-0.00014593015724122152
 2.1220E-02,0.0007581575327681023
 2.1242E-02,0.002117030400197408
 2.1265E-02,0.0038565874616670786
 2.1287E-02,0.0058800331133019605
 2.1309E-02,0.008084549278707255
 2.1331E-02,0.010374316559928475
 2.1353E-02,0.012664229813227589
 2.1376E-02,0.014874499245399254
 2.1398E-02,0.01692191935046176
 2.1420E-02,0.01871555776734507
 2.1442E-02,0.02016179905938993
 2.1465E-02,0.02117780339151745
 2.1487E-02,0.021707075245501632
 2.1509E-02,0.021729229002314096
 2.1531E-02,0.021259150844997406
 2.1553E-02,0.02033669901272547
 2.1576E-02,0.019013269611083985
 2.1598E-02,0.017342880783860745
 2.1620E-02,0.015382148712420293
 2.1642E-02,0.013197684159909894
 2.1664E-02,0.01087459341452884
 2.1687E-02,0.00851884733546944
 2.1709E-02,0.006249814653385206
 2.1731E-02,0.0041850794826066556
 2.1753E-02,0.0024242593453474206
 2.1776E-02,0.0010391642319303534
 2.1798E-02,7.395589710310708e-05
 2.1820E-02,-0.00044677428664363693
 2.1842E-02,-0.0005084419416053053
 2.1864E-02,-0.00010223922665456161
 2.1887E-02,0.0007706983247051275
 2.1909E-02,0.002089248558582541
 2.1931E-02,0.003802934533985683
 2.1953E-02,0.005829831715005097
 2.1976E-02,0.008064394891851292
 2.1998E-02,0.010392267351986324
 2.2020E-02,0.012705269592830413
 2.2042E-02,0.01490991521805676
 2.2064E-02,0.016926847372403794
 2.2087E-02,0.01868407145029897
 2.2109E-02,0.02011047057762979
 2.2131E-02,0.021135669517300462
 2.2153E-02,0.02169814652208556
 2.2176E-02,0.021758129323985676
 2.2198E-02,0.021308510558893535
 2.2220E-02,0.020377776912039576
 2.2242E-02,0.019023298718816205
 2.2264E-02,0.017318639130579235
 2.2287E-02,0.015341622079791218
 2.2309E-02,0.01316892957521229
 2.2331E-02,0.010878623192522495
 2.2353E-02,0.0085568880250309
 2.2376E-02,0.006302568252581372
 2.2398E-02,0.004224328694707999
 2.2420E-02,0.002429739465454982
 2.2442E-02,0.001010528072695102
 2.2464E-02,3.069796187104667e-05
 2.2487E-02,-0.0004772779482554308
 2.2509E-02,-0.0005074932313003216
 2.2531E-02,-7.099633364251041e-05
 2.2553E-02,0.0008120905012147556
 2.2576E-02,0.0021139571207224195
 2.2598E-02,0.0037936910851023705
 2.2620E-02,0.00578934468548477
 2.2642E-02,0.008013705001859833
 2.2664E-02,0.010358115501892074
 2.2687E-02,0.012704142220244238
 2.2709E-02,0.014938378087791278
 2.2731E-02,0.016963931356886005
 2.2753E-02,0.018704181944503642
 2.2776E-02,0.020098967339644492
 2.2798E-02,0.021097710796791697
 2.2820E-02,0.02165551629257605
 2.2842E-02,0.021736045610200032
 2.2864E-02,0.021320435729570073
 2.2887E-02,0.020417393878446963
 2.2909E-02,0.019068427276590968
 2.2931E-02,0.017344635829139258
 2.2953E-02,0.015336118839092455
 2.2975E-02,0.013139034429445388
 2.2998E-02,0.010846324473269029
 2.3020E-02,0.00854553910430889
 2.3042E-02,0.00632266632698075
 2.3064E-02,0.004267148168996263
 2.3087E-02,0.002472580672864994
 2.3109E-02,0.0010303307114397006
 2.3131E-02,1.7776636728787697e-05
 2.3153E-02,-0.0005136174578630673
 2.3175E-02,-0.0005447541613598519
 2.3198E-02,-8.712792202896207e-05
 2.3220E-02,0.0008254696823409853
 2.3242E-02,0.0021466837227941816
 2.3264E-02,0.0038233898499699694
 2.3287E-02,0.005795077870654411
 2.3309E-02,0.007988679696934162
 2.3331E-02,0.010313813544271088
 2.3353E-02,0.012663444350589814
 2.3375E-02,0.014921887468449153
 2.3398E-02,0.01697776439709472
 2.3420E-02,0.018736556280392173
 2.3442E-02,0.020127571299518445
 2.3464E-02,0.021103332664596124
 2.3487E-02,0.021633674102691517
 2.3509E-02,0.0216996244388083
 2.3531E-02,0.021291811492119308
 2.3553E-02,0.020414870299334212
 2.3575E-02,0.019095201400095678
 2.3598E-02,0.01738691730294228
 2.3620E-02,0.015371459883864305
 2.3642E-02,0.013149772365561765
 2.3664E-02,0.010830009835720055
 2.3687E-02,0.008516112013067886
 2.3709E-02,0.006301765407938394
 2.3731E-02,0.00427087248493623
 2.3753E-02,0.0025017064242477283
 2.3775E-02,0.001069834223962005
 2.3798E-02,4.587302572852856e-05
 2.3820E-02,-0.0005124246499264885
 2.3842E-02,-0.000570475894674087
 2.3864E-02,-0.00012443032984667214
 2.3887E-02,0.0007979487221642612
 2.3909E-02,0.002143507207805975
 2.3931E-02,0.0038437102311482604
 2.3953E-02,0.005823377889206175
 2.3975E-02,0.008004346448160848
 2.3998E-02,0.010303722347228393
 2.4020E-02,0.012629959436023373
 2.4042E-02,0.014881493286805658
 2.4064E-02,0.016951209335138672
 2.4086E-02,0.018736492692411948
 2.4109E-02,0.020151143231735336
 2.4131E-02,0.021134132484707007
 2.4153E-02,0.02165181526468178
 2.4175E-02,0.02169379821171511
 2.4198E-02,0.021266047908211048
 2.4220E-02,0.02038597268821899
 2.4242E-02,0.019082476523160533
 2.4264E-02,0.017400451697779297
 2.4286E-02,0.0154060160654416
 2.4309E-02,0.013187933788494267
 2.4331E-02,0.010852605760381486
 2.4353E-02,0.008513593545439412
 2.4375E-02,0.00627969231891173
 2.4398E-02,0.004246274755584253
 2.4420E-02,0.002492596771620545
 2.4442E-02,0.0010842389996253024
 2.4464E-02,7.69782750932185e-05
 2.4486E-02,-0.0004821465805030683
 2.4509E-02,-0.0005587097103823446
 2.4531E-02,-0.00013841902482761786
 2.4553E-02,0.0007656837129378007
 2.4575E-02,0.0021106075517772363
 2.4598E-02,0.0038273871145852994
 2.4620E-02,0.005830187226879696
 2.4642E-02,0.008026467718607792
 2.4664E-02,0.0103239242485417
 2.4686E-02,0.012632198453374724
 2.4709E-02,0.014860724394785862
 2.4731E-02,0.01691650503594433
 2.4753E-02,0.01870563338508359
 2.4775E-02,0.02013998921782228
 2.4798E-02,0.021147208570290454
 2.4820E-02,0.021679764220357667
 2.4842E-02,0.02171918103620838
 2.4864E-02,0.021273929880445613
 2.4886E-02,0.020372880091785662
 2.4909E-02,0.019058344079696792
 2.4931E-02,0.01738244919506458
 2.4953E-02,0.015408043813732336
 2.4975E-02,0.013212151540629376
 2.4998E-02,0.010888079275788977
 2.5020E-02,0.008542815127096105
 2.5042E-02,0.006288990693621569
 2.5064E-02,0.004233830240524327
 2.5086E-02,0.002469275787016121
 2.5109E-02,0.0010668186091646705
 2.5131E-02,7.790305140469088e-05
 2.5153E-02,-0.0004622905696820749
 2.5175E-02,-0.0005315057300080063
 2.5197E-02,-0.0001205869628733119
 2.5220E-02,0.000762382990947833
 2.5242E-02,0.002086445340809033
 2.5264E-02,0.003794492083511146
 2.5286E-02,0.00580527875721973
 2.5309E-02,0.0080209099758158
 2.5331E-02,0.010337091238564402
 2.5353E-02,0.012652108362278789
 2.5375E-02,0.014871503087247688
 2.5397E-02,0.016908133141594305
 2.5420E-02,0.018680087886261992
 2.5442E-02,0.020110101475971604
 2.5464E-02,0.021128973040433898
 2.5486E-02,0.021682773012811976
 2.5509E-02,0.0217409559342197
 2.5531E-02,0.021301533104578024
 2.5553E-02,0.020390774563258576
 2.5575E-02,0.019057718753705395
 2.5597E-02,0.017366384259719102
 2.5620E-02,0.01538944579710069
 2.5642E-02,0.013205769276768685
 2.5664E-02,0.01090146273626756
 2.5686E-02,0.008571670834482426
 2.5709E-02,0.006319693226425201
 2.5731E-02,0.0042515225339799
 2.5753E-02,0.0024666482216714448
 2.5775E-02,0.0010482951627340928
 2.5797E-02,5.6768313467480715e-05
 2.5820E-02,-0.0004720316456405534
 2.5842E-02,-0.0005235999562559457
 2.5864E-02,-0.0001002464612551663
 2.5886E-02,0.0007817168391172022
 2.5909E-02,0.002091288832068472
 2.5931E-02,0.0037795008857319304
 2.5953E-02,0.0057765072756308915
 2.5975E-02,0.007992221803639867
 2.5997E-02,0.010321921228189555
 2.6020E-02,0.012655554819551471
 2.6042E-02,0.01488749604331623
 2.6064E-02,0.01692333904953694
 2.6086E-02,0.018682145958396453
 2.6108E-02,0.020095195886644535
 2.6131E-02,0.021104180467272127
 2.6153E-02,0.021661805356813592
 2.6175E-02,0.021735908453330764
 2.6197E-02,0.02131563679981858
 2.6220E-02,0.02041650916720973
 2.6242E-02,0.01908137941596372
 2.6264E-02,0.01737629996585949
 2.6286E-02,0.015382874235430081
 2.6308E-02,0.013190335236021252
 2.6331E-02,0.010890329287119093
 2.6353E-02,0.008575410659465318
 2.6375E-02,0.0063397842298357435
 2.6397E-02,0.004279369363094855
 2.6420E-02,0.0024886745350954616
 2.6442E-02,0.0010540002509611401
 2.6464E-02,4.4890318116121456e-05
 2.6486E-02,-0.0004929239057869311
 2.6508E-02,-0.0005403898736280617
 2.6531E-02,-0.00010320450569411128
 2.6553E-02,0.0007931317710691708
 2.6575E-02,0.0021082265639167236
 2.6597E-02,0.003789191777895444
 2.6620E-02,0.00577007601837203
 2.6642E-02,0.007970127001342104
 2.6664E-02,0.010293763178837682
 2.6686E-02,0.01263440034338582
 2.6708E-02,0.014882164579737374
 2.6731E-02,0.016933297483251532
 2.6753E-02,0.01869805869352885
 2.6775E-02,0.020104751807927628
 2.6797E-02,0.021099643915005524
 2.6820E-02,0.02164472594785063
 2.6842E-02,0.02171617077879513
 2.6864E-02,0.021305463892719007
 2.6886E-02,0.020423070734841963
 2.6908E-02,0.01910246848933396
 2.6931E-02,0.017401657543128418
 2.6953E-02,0.01540031939420005
 2.6975E-02,0.013192974088418137
 2.6997E-02,0.010880502031313036
 2.7020E-02,0.008563039185991625
 2.7042E-02,0.006336171887238574
 2.7064E-02,0.0042902279979173605
 2.7086E-02,0.0025105823626768824
 2.7108E-02,0.0010763938321988122
 2.7131E-02,5.6351282112053393e-05
 2.7153E-02,-0.0004978940350800102
 2.7175E-02,-0.000558173524236941
 2.7197E-02,-0.00012333630981133467
 2.7220E-02,0.0007816395222656593
 2.7242E-02,0.002110330142063953
 2.7264E-02,0.003800968493600447
 2.7286E-02,0.005781261432817646
 2.7308E-02,0.007970467994507636
 2.7331E-02,0.010279335492671886
 2.7353E-02,0.012610086318131562
 2.7375E-02,0.01485882087909566
 2.7397E-02,0.01692134651834335
 2.7419E-02,0.01870137825252341
 2.7442E-02,0.0201185321663631
 2.7464E-02,0.021113467852123924
 2.7486E-02,0.021648973075279944
 2.7508E-02,0.02170785987845482
 2.7531E-02,0.02129001627915152
 2.7553E-02,0.020410964190498794
 2.7575E-02,0.01910283932712591
 2.7597E-02,0.01741673095202756
 2.7619E-02,0.01542401738370925
 2.7642E-02,0.013214506920720353
 2.7664E-02,0.01089074381648838
 2.7686E-02,0.00855983485791759
 2.7708E-02,0.006325402094601524
 2.7731E-02,0.004282038153761089
 2.7753E-02,0.0025130927030995558
 2.7775E-02,0.0010906978518080673
 2.7797E-02,7.580037155682112e-05
 2.7819E-02,-0.00048372281012170975
 2.7842E-02,-0.0005572445853621921
 2.7864E-02,-0.00013641525717065237
 2.7886E-02,0.0007614016408764123
 2.7908E-02,0.0020932722964645102
 2.7931E-02,0.0037947642915046927
 2.7953E-02,0.005786441254596271
 2.7975E-02,0.007980291371542967
 2.7997E-02,0.010284052955841066
 2.8019E-02,0.012602990612186437
 2.8042E-02,0.014840428619531559
 2.8064E-02,0.016899200394312502
 2.8086E-02,0.018685612407139694
 2.8108E-02,0.020115893565644704
 2.8131E-02,0.021123398542745964
 2.8153E-02,0.021664092398045953
 2.8175E-02,0.02171851903602722
 2.8197E-02,0.021290147842417752
 2.8219E-02,0.02040169212264488
 2.8242E-02,0.019091694414096718
 2.8264E-02,0.017412983089196366
 2.8286E-02,0.015432971549905573
 2.8308E-02,0.013234209538175978
 2.8331E-02,0.010913065398489137
 2.8353E-02,0.008575244961096427
 2.8375E-02,0.0063285395201467115
 2.8397E-02,0.0042747290882623
 2.8419E-02,0.002503034241242468
 2.8442E-02,0.0010866436906247585
 2.8464E-02,8.217679418487086e-05
 2.8486E-02,-0.00046952831855849976
 2.8508E-02,-0.0005433136592245675
 2.8530E-02,-0.0001314235811967578
 2.8553E-02,0.0007534124692528582
 2.8575E-02,0.002075334129342164
 2.8597E-02,0.0037751879024886153
 2.8619E-02,0.005773893979306932
 2.8642E-02,0.00797872207251812
 2.8664E-02,0.010290509196719812
 2.8686E-02,0.012609612854173374
 2.8708E-02,0.014839385388008098
 2.8730E-02,0.016887567313163442
 2.8753E-02,0.01866725206824306
 2.8775E-02,0.020099219168745148
 2.8797E-02,0.021116391537453455
 2.8819E-02,0.0216695898194442
 2.8842E-02,0.02173260307015075
 2.8864E-02,0.02130458107545654
 2.8886E-02,0.02040889846303859
 2.8908E-02,0.019089265709644067
 2.8930E-02,0.0174050039761701
 2.8953E-02,0.015427395901283706
 2.8975E-02,0.013237906857008092
 2.8997E-02,0.010927544015782806
 2.9019E-02,0.008595624744604836
 2.9042E-02,0.006346369333455329
 2.9064E-02,0.0042829281079298405
 2.9086E-02,0.0024999765495722836
 2.9108E-02,0.001076947708149543
 2.9130E-02,7.376121495658453e-05
 2.9153E-02,-0.00047031671151573026
 2.9175E-02,-0.0005355552351667235
 2.9197E-02,-0.00012015619154605534
 2.9219E-02,0.0007602801186802833
 2.9242E-02,0.0020718436885061343
 2.9264E-02,0.003760976867724579
 2.9286E-02,0.005754481448331812
 2.9308E-02,0.007962282979078097
 2.9330E-02,0.01028309487488896
 2.9353E-02,0.012611695352384607
 2.9375E-02,0.014845787048181834
 2.9397E-02,0.01689078666804562
 2.9419E-02,0.018662153241772384
 2.9442E-02,0.020086245350228477
 2.9464E-02,0.021101372270511905
 2.9486E-02,0.021660278244452512
 2.9508E-02,0.021734049588513476
 2.9530E-02,0.02131613655202278
 2.9553E-02,0.020424637996294008
 2.9575E-02,0.019101550300086898
 2.9597E-02,0.01740901119689756
 2.9619E-02,0.015423887346137168
 2.9641E-02,0.013232587169067053
 2.9664E-02,0.010927433409608767
 2.9686E-02,0.008604660288450118
 2.9708E-02,0.006362893721461338
 2.9730E-02,0.004300565338743898
 2.9753E-02,0.0025113449141394295
 2.9775E-02,0.0010779613656916706
 2.9797E-02,6.593850069580554e-05
 2.9819E-02,-0.0004809012245368009
 2.9841E-02,-0.0005420130404187417
 2.9864E-02,-0.00011895013902618796
 2.9886E-02,0.0007672521673341353
 2.9908E-02,0.0020784804657878447
 2.9930E-02,0.0037607532067351016
 2.9953E-02,0.005744483016636725
 2.9975E-02,0.007945065678810113
 2.9997E-02,0.010265261301838233
 3.0019E-02,0.012600060655349105
 3.0041E-02,0.0148434496226027
 3.0064E-02,0.016895460690310123
 3.0086E-02,0.018667743196186998
 3.0108E-02,0.020086684731601207
 3.0130E-02,0.02109439261884511
 3.0153E-02,0.02164883415567508
 3.0175E-02,0.02172455531763742
 3.0197E-02,0.021314598620683658
 3.0219E-02,0.020433028951521905
 3.0241E-02,0.01911660609606592
 3.0264E-02,0.017424158058495447
 3.0286E-02,0.015433114736883862
 3.0308E-02,0.013233923747898578
 3.0330E-02,0.010923944200516431
 3.0353E-02,0.008602394461137905
 3.0375E-02,0.006367051748181095
 3.0397E-02,0.004312212684200001
 3.0419E-02,0.002526648969292035
 3.0441E-02,0.001090394023034792
 3.0464E-02,7.010154636970072e-05
 3.0486E-02,-0.0004861334305524207
 3.0508E-02,-0.000552910117743583
 3.0530E-02,-0.00012922759516949115
 3.0552E-02,0.0007626519959339993
 3.0575E-02,0.0020804093413646666
 3.0597E-02,0.003765460079931908
 3.0619E-02,0.005746014513466074
 3.0641E-02,0.007938996376146274
 3.0664E-02,0.010251496559670344
 3.0686E-02,0.012583026931832057
 3.0708E-02,0.014829568970799744
 3.0730E-02,0.016889440357838674
 3.0752E-02,0.018669914222876078
 3.0775E-02,0.020092977266024683
 3.0797E-02,0.02109893759757248
 3.0819E-02,0.021647600037885243
 3.0841E-02,0.021717817808060126
 3.0864E-02,0.021306762429767076
 3.0886E-02,0.020429929098727467
 3.0908E-02,0.01912193522333662
 3.0930E-02,0.01743718042303741
 3.0952E-02,0.015449035494025138
 3.0975E-02,0.013246672756993315
 3.0997E-02,0.010929683861658964
 3.1019E-02,0.008601642097202052
 3.1041E-02,0.006364160441824327
 3.1064E-02,0.004312554154854134
 3.1086E-02,0.002533219229131508
 3.1108E-02,0.001101892584395344
 3.1130E-02,8.163053696618144e-05
 3.1152E-02,-0.00048018778502866824
 3.1175E-02,-0.000555558095593027
 3.1197E-02,-0.00013911216171279636
 3.1219E-02,0.000750418484941368
 3.1241E-02,0.0020713303419369663
 3.1264E-02,0.0037624260045322853
 3.1286E-02,0.005747697686081679
 3.1308E-02,0.007940817111526903
 3.1330E-02,0.010248555233752272
 3.1352E-02,0.012573218643863009
 3.1375E-02,0.014814999177530631
 3.1397E-02,0.01687529435211592
 3.1419E-02,0.018661471428398458
 3.1441E-02,0.0200925739821318
 3.1464E-02,0.02110470122031688
 3.1486E-02,0.021654698850167985
 3.1508E-02,0.021721450689976295
 3.1530E-02,0.0213050717452418
 3.1552E-02,0.020425081976688672
 3.1575E-02,0.019118737623409165
 3.1597E-02,0.01744008131181699
 3.1619E-02,0.015459341947817128
 3.1641E-02,0.013261654940300781
 3.1664E-02,0.010944097345150424
 3.1686E-02,0.008610736816505052
 3.1708E-02,0.006366361031811346
 3.1730E-02,0.004310211320348223
 3.1752E-02,0.002531005697875027
 3.1775E-02,0.0011038352623879567
 3.1797E-02,8.857927234763238e-05
 3.1819E-02,-0.00047113390449096855
 3.1841E-02,-0.0005493354558789018
 3.1863E-02,-0.00013973462406046756
 3.1886E-02,0.0007422756145190034
 3.1908E-02,0.00205875778946971
 3.1930E-02,0.0037504760882746306
 3.1952E-02,0.005740444880144254
 3.1975E-02,0.007939052891271298
 3.1997E-02,0.010249491878321734
 3.2019E-02,0.01257235895168974
 3.2041E-02,0.014809025124703508
 3.2063E-02,0.016864222288601283
 3.2086E-02,0.018648774711424752
 3.2108E-02,0.020083206850101322
 3.2130E-02,0.021102222826856785
 3.2152E-02,0.021659230974986426
 3.2175E-02,0.021729689010319707
 3.2197E-02,0.021312325456579077
 3.2219E-02,0.02042809613635952
 3.2241E-02,0.019117592648743402
 3.2263E-02,0.017438035722427716
 3.2286E-02,0.015460734215745078
 3.2308E-02,0.013269148971873137
 3.2330E-02,0.01095694049884897
 3.2352E-02,0.00862507564942893
 3.2375E-02,0.006377413438841231
 3.2397E-02,0.004314980164380947
 3.2419E-02,0.0025299060945499813
 3.2441E-02,0.0011002749730777885
 3.2463E-02,8.67686690198639e-05
 3.2486E-02,-0.0004688068036378947
 3.2508E-02,-0.0005437815363750517
 3.2530E-02,-0.00013461267722066734
 3.2552E-02,0.000742791083871897
 3.2575E-02,0.002052535971950326
 3.2597E-02,0.0037387751438220577
 3.2619E-02,0.005727240760455409
 3.2641E-02,0.007928764890227726
 3.2663E-02,0.010244477311127001
 3.2686E-02,0.012571677885370693
 3.2708E-02,0.014809201753068114
 3.2730E-02,0.016861523389114303
 3.2752E-02,0.01864161599736606
 3.2775E-02,0.02007323090866224
 3.2797E-02,0.021093403112726488
 3.2819E-02,0.02165555092929702
 3.2841E-02,0.021732801055270437
 3.2863E-02,0.021320597579076332
 3.2886E-02,0.020437608258730325
 3.2908E-02,0.019124467314734876
 3.2930E-02,0.017440690571806514
 3.2952E-02,0.015460704454518874
 3.2974E-02,0.013270002196761088
 3.2997E-02,0.010961959623754208
 3.3019E-02,0.008635121265297818
 3.3041E-02,0.006390256340416849
 3.3063E-02,0.004326499213759946
 3.3086E-02,0.002536422138075747
 3.3108E-02,0.0011006157508656913
 3.3130E-02,8.283350150956503e-05
 3.3152E-02,-0.0004733031319250425
 3.3174E-02,-0.0005456120557959675
 3.3197E-02,-0.0001329948437284911
 3.3219E-02,0.0007457580446049311
 3.3241E-02,0.00205320282711835
 3.3263E-02,0.003734228055596098
 3.3286E-02,0.005717157026836751
 3.3308E-02,0.007915722517604234
 3.3330E-02,0.010232537605186769
 3.3352E-02,0.01256409864588707
 3.3374E-02,0.01480665512019171
 3.3397E-02,0.016861879423262574
 3.3419E-02,0.01864140383421623
 3.3441E-02,0.02006987908502918
 3.3463E-02,0.02108689837867725
 3.3486E-02,0.021648515769334662
 3.3508E-02,0.02172895131235187
 3.3530E-02,0.02132251927024412
 3.3552E-02,0.02044519705237718
 3.3574E-02,0.019134965605978316
 3.3597E-02,0.017450288474692717
 3.3619E-02,0.015466730966550926
 3.3641E-02,0.013272387448028465
 3.3663E-02,0.010963100854148651
 3.3686E-02,0.008638254242344275
 3.3708E-02,0.006397332145256594
 3.3730E-02,0.004336854376197082
 3.3752E-02,0.002547041206333446
 3.3774E-02,0.0011078211339909732
 3.3797E-02,8.438139515681907e-05
 3.3819E-02,-0.0004769773158304504
 3.3841E-02,-0.0005517350067999802
 3.3863E-02,-0.0001381626412705119
 3.3886E-02,0.0007435436630594633
 3.3908E-02,0.002053393644904759
 3.3930E-02,0.0037341598801698727
 3.3952E-02,0.00571377750515808
 3.3974E-02,0.00790756385058583
 3.3997E-02,0.010220740968678777
 3.4019E-02,0.012551874478768207
 3.4041E-02,0.014797507593842567
 3.4063E-02,0.016857664432066037
 3.4085E-02,0.01864138301105254
 3.4108E-02,0.020071325304608804
 3.4130E-02,0.021086870804198514
 3.4152E-02,0.02164572171741487
 3.4174E-02,0.021724569015859115
 3.4197E-02,0.02131949155413793
 3.4219E-02,0.020446432541856185
 3.4241E-02,0.019141540263148907
 3.4263E-02,0.017460732445642297
 3.4285E-02,0.01547782421270567
 3.4308E-02,0.013280976862718617
 3.4330E-02,0.010967842379253665
 3.4352E-02,0.008640239621079687
 3.4374E-02,0.006399240899529136
 3.4397E-02,0.004341161577372987
 3.4419E-02,0.0025543737336839473
 3.4441E-02,0.0011164552454751735
 3.4463E-02,9.117930591514829e-05
 3.4485E-02,-0.0004747615382732019
 3.4508E-02,-0.0005548677260163519
 3.4530E-02,-0.00014500968666910806
 3.4552E-02,0.0007360291274269874
 3.4574E-02,0.002047878111544051
 3.4597E-02,0.0037314120073849164
 3.4619E-02,0.005712331805628802
 3.4641E-02,0.007904753983551345
 3.4663E-02,0.01021446582507082
 3.4685E-02,0.012542023393877973
 3.4708E-02,0.014786182742820838
 3.4730E-02,0.01684806761098897
 3.4752E-02,0.018636038808645915
 3.4774E-02,0.02007070809316402
 3.4797E-02,0.021089253197951983
 3.4819E-02,0.021648321619116097
 3.4841E-02,0.02172529068383992
 3.4863E-02,0.02131820491031691
 3.4885E-02,0.0204450228828318
 3.4908E-02,0.019142709050171954
 3.4930E-02,0.017466283809879916
 3.4952E-02,0.015487476601968028
 3.4974E-02,0.01329241517082044
 3.4997E-02,0.010977973975702108
 3.5019E-02,0.008646894690656201
 3.5041E-02,0.006402298040847623
 3.5063E-02,0.004342434913524181
 3.5085E-02,0.0025563480113462364
 3.5108E-02,0.001120645985552291
 3.5130E-02,9.711221439649177e-05
 3.5152E-02,-0.0004693394410390355
 3.5174E-02,-0.0005526786234249768
 3.5196E-02,-0.0001476297904151059
 3.5219E-02,0.0007291194847694965
 3.5241E-02,0.002039013645041601
 3.5263E-02,0.0037234069600806064
 3.5285E-02,0.005706896178007974
 3.5308E-02,0.00790160987499326
 3.5330E-02,0.010211683873007154
 3.5352E-02,0.012537361590990564
 3.5374E-02,0.0147786081552465
 3.5396E-02,0.016838536806353846
 3.5419E-02,0.018627065248485238
 3.5441E-02,0.020064978667965774
 3.5463E-02,0.02108812765126857
 3.5485E-02,0.02165111428469715
 3.5508E-02,0.021729757333796288
 3.5530E-02,0.021321929624636
 3.5552E-02,0.020446861451021127
 3.5574E-02,0.019143419711330954
 3.5596E-02,0.017467974424526314
 3.5619E-02,0.01549221471625222
 3.5641E-02,0.013300849580215657
 3.5663E-02,0.010988802838371167
 3.5685E-02,0.00865749910622903
 3.5708E-02,0.0064101568015174255
 3.5730E-02,0.00434647051772798
 3.5752E-02,0.0025574032874214146
 3.5774E-02,0.0011208198925818627
 3.5796E-02,9.837006204043699e-05
 3.5819E-02,-0.00046643542871898465
 3.5841E-02,-0.0005493534733961182
 3.5863E-02,-0.00014616897865666662
 3.5885E-02,0.0007267634661532641
 3.5908E-02,0.0020324390036102116
 3.5930E-02,0.0037140727361469816
 3.5952E-02,0.0056973418340763495
 3.5974E-02,0.007894056325938216
 3.5996E-02,0.010206855149119428
 3.6019E-02,0.012534227135225019
 3.6041E-02,0.014775186941379725
 3.6063E-02,0.01683326458844209
 3.6085E-02,0.018619890844527035
 3.6108E-02,0.020057524411484087
 3.6130E-02,0.02108281804426858
 3.6152E-02,0.021649800092128604
 3.6174E-02,0.02173266373709283
 3.6196E-02,0.021327556966614755
 3.6219E-02,0.020452889755275927
 3.6241E-02,0.019148064552949297
 3.6263E-02,0.017470975994154342
 3.6285E-02,0.015494871303271408
 3.6307E-02,0.013305088473771324
 3.6330E-02,0.01099586204970249
 3.6352E-02,0.00866702293800388
 3.6374E-02,0.006420252461082906
 3.6396E-02,0.004354690432362538
 3.6419E-02,0.002562061902029202
 3.6441E-02,0.0011218580207871323
 3.6463E-02,9.72580820818793e-05
 3.6485E-02,-0.00046768373193804683
 3.6507E-02,-0.0005494528226721153
 3.6530E-02,-0.00014535187114806026
 3.6552E-02,0.0007269109613420204
 3.6574E-02,0.002029988185459664
 3.6596E-02,0.003707994292556074
 3.6619E-02,0.0056882277324496
 3.6641E-02,0.007883886885494226
 3.6663E-02,0.010197952219805935
 3.6685E-02,0.012528021697072147
 3.6707E-02,0.014771536267167176
 3.6730E-02,0.016830718404689703
 3.6752E-02,0.01861673227723232
 3.6774E-02,0.020052946699365422
 3.6796E-02,0.021077521394387108
 3.6819E-02,0.021645648398495358
 3.6841E-02,0.021731611128707282
 3.6863E-02,0.021330493904619233
 3.6885E-02,0.02045910331005687
 3.6907E-02,0.01915563340612063
 3.6930E-02,0.017477856514814753
 3.6952E-02,0.015500018419730647
 3.6974E-02,0.013308941230619112
 3.6996E-02,0.010999913238674199
 3.7019E-02,0.008672746583281203
 3.7041E-02,0.006428047020758058
 3.7063E-02,0.004363480147231792
 3.7085E-02,0.0025697971631715635
 3.7107E-02,0.0011266130575810285
 3.7130E-02,9.826776791951983e-05
 3.7152E-02,-0.0004696646019994224
 3.7174E-02,-0.0005526735976346367
 3.7196E-02,-0.0001481488837592631
 3.7219E-02,0.0007251283632720358
 3.7241E-02,0.0020284390112681907
 3.7263E-02,0.0037050865384302394
 3.7285E-02,0.005682631515097955
 3.7307E-02,0.007875466767699039
 3.7330E-02,0.01018799353910425
 3.7352E-02,0.012518613106561993
 3.7374E-02,0.014764478476468848
 3.7396E-02,0.016826611453988834
 3.7418E-02,0.01861478200077768
 3.7441E-02,0.020051594861886273
 3.7463E-02,0.02107550798680194
 3.7485E-02,0.02164285803743597
 3.7507E-02,0.02172919151354393
 3.7530E-02,0.02133017812186173
 3.7552E-02,0.020462149493998813
 3.7574E-02,0.01916202399287427
 3.7596E-02,0.01748623911106462
 3.7618E-02,0.015508420979252967
 3.7641E-02,0.013315829089893507
 3.7663E-02,0.011004954859562491
 3.7685E-02,0.008676836780611848
 3.7707E-02,0.0064325876944357156
 3.7730E-02,0.004369365024166624
 3.7752E-02,0.0025767205607056046
 3.7774E-02,0.0011331218467863732
 3.7796E-02,0.00010252492508863991
 3.7818E-02,-0.0004688642584565523
 3.7841E-02,-0.0005552433509868656
 3.7863E-02,-0.00015279634064019137
 3.7885E-02,0.0007201276966074423
 3.7907E-02,0.0020242501217031575
 3.7930E-02,0.00370170022537367
 3.7952E-02,0.005678989365692672
 3.7974E-02,0.007870240381526495
 3.7996E-02,0.010180539061827493
 3.8018E-02,0.01250951925058196
 3.8041E-02,0.014755374061344525
 3.8063E-02,0.016819345981518956
 3.8085E-02,0.018610469460401867
 3.8107E-02,0.020050090438945498
 3.8130E-02,0.021075623474370694
 3.8152E-02,0.02164317563745649
 3.8174E-02,0.021728977451838924
 3.8196E-02,0.021329842501866696
 3.8218E-02,0.020462978018392683
 3.8241E-02,0.01916534960264195
 3.8263E-02,0.017492559069671235
 3.8285E-02,0.015516994852377427
 3.8307E-02,0.013325000100467674
 3.8330E-02,0.011013000663900006
 3.8352E-02,0.008682839883839265
 3.8374E-02,0.006436809257630284
 3.8396E-02,0.004372909407693268
 3.8418E-02,0.002580705974384598
 3.8441E-02,0.0011378666392710649
 3.8463E-02,0.00010724419754953103
 3.8485E-02,-0.00046566883530808185
 3.8507E-02,-0.0005549364775332789
 3.8529E-02,-0.0001558144706452211
 3.8552E-02,0.0007145430583625921
 3.8574E-02,0.0020176347885474018
 3.8596E-02,0.0036955193321217706
 3.8618E-02,0.005673867962790311
 3.8641E-02,0.007865729375334841
 3.8663E-02,0.010175547329914998
 3.8685E-02,0.012503140657021839
 3.8707E-02,0.014747601970897816
 3.8729E-02,0.016811238757426947
 3.8752E-02,0.018603663887930385
 3.8774E-02,0.020045953728905403
 3.8796E-02,0.021074550901088607
 3.8818E-02,0.021644450575603744
 3.8841E-02,0.021731269948845035
 3.8863E-02,0.02133203861335895
 3.8885E-02,0.02046483673862889
 3.8907E-02,0.019167593688617438
 3.8929E-02,0.017496351857906222
 3.8952E-02,0.015523126765281905
 3.8974E-02,0.013333281719829393
 3.8996E-02,0.01102223150730439
 3.9018E-02,0.008691373131217038
 3.9041E-02,0.0064433747087411005
 3.9063E-02,0.004377205189129622
 3.9085E-02,0.002583412993367228
 3.9107E-02,0.0011400892908367804
 3.9129E-02,0.00010972452158503976
 3.9152E-02,-0.00046308454968204684
 3.9174E-02,-0.0005532566394152946
 3.9196E-02,-0.00015631357543471105
 3.9218E-02,0.0007111038563476933
 3.9241E-02,0.0020115079798970355
 3.9263E-02,0.0036878919290773485
 3.9285E-02,0.005666251294463177
 3.9307E-02,0.007859183426985905
 3.9329E-02,0.010170200990264291
 3.9352E-02,0.012498287398382596
 3.9374E-02,0.014742302080934768
 3.9396E-02,0.01680505479499361
 3.9418E-02,0.018597078499867085
 3.9441E-02,0.020040213692476307
 3.9463E-02,0.021071029300754662
 3.9485E-02,0.021643909641357904
 3.9507E-02,0.021733465379316145
 3.9529E-02,0.021335898535506305
 3.9552E-02,0.020469101909841393
 3.9574E-02,0.019171530122073132
 3.9596E-02,0.01750010819402828
 3.9618E-02,0.015527527767432018
 3.9640E-02,0.013339191866518867
 3.9663E-02,0.011029881228556046
 3.9685E-02,0.008700059907588193
 3.9707E-02,0.006451722537611024
 3.9729E-02,0.004383828842253638
 3.9752E-02,0.0025875916778664325
 3.9774E-02,0.0011420519959263048
 3.9796E-02,0.0001103854372877949
 3.9818E-02,-0.0004627716202685358
 3.9840E-02,-0.0005529300633263484
 3.9863E-02,-0.00015644018205865807
 3.9885E-02,0.0007095276180094756
 3.9907E-02,0.002007605825900038
 3.9929E-02,0.003681513524077307
 3.9952E-02,0.00565816701625757
 3.9974E-02,0.007850749293164046
 3.9996E-02,0.010162692992836127
 4.0018E-02,0.01249230099727651
 4.0040E-02,0.01473757023599409
 4.0063E-02,0.016800783582226263
 4.0085E-02,0.01859258734632805
 4.0107E-02,0.020035485770050397
 4.0129E-02,0.021066835184980554
 4.0152E-02,0.021641427774544347
 4.0174E-02,0.021733627815257846
 4.0196E-02,0.021338855639527227
 4.0218E-02,0.020474126447439962
 4.0240E-02,0.019177415409040895
 4.0263E-02,0.01750581844250114
 4.0285E-02,0.015532710409722025
 4.0307E-02,0.013344249480959162
 4.0329E-02,0.011035569551427638
 4.0352E-02,0.008706864640459258
 4.0374E-02,0.0064593988448507075
 4.0396E-02,0.004391386265339681
 4.0418E-02,0.002593736843407294
 4.0440E-02,0.001145826050341352
 4.0463E-02,0.00011161797223890142
 4.0485E-02,-0.00046345778685438093
 4.0507E-02,-0.0005545582292303893
 4.0529E-02,-0.0001582931838105106
 4.0552E-02,0.0007074905914522375
 4.0574E-02,0.0020047771501292234
 4.0596E-02,0.0036770874886323003
 4.0618E-02,0.005651735407482657
 4.0640E-02,0.00784267850657021
 4.0663E-02,0.010154051703565294
 4.0685E-02,0.012484378313699135
 4.0707E-02,0.014731269711275596
 4.0729E-02,0.01679625102798583
 4.0751E-02,0.018589287423975694
 4.0774E-02,0.02003267115805263
 4.0796E-02,0.02106411683980851
 4.0818E-02,0.021639096971866504
 4.0840E-02,0.021732533964678842
 4.0863E-02,0.021339914381093675
 4.0885E-02,0.02047775621391369
 4.0907E-02,0.019183242867591394
 4.0929E-02,0.017512829943467742
 4.0951E-02,0.015539757889149622
 4.0974E-02,0.013350607980669893
 4.0996E-02,0.011041216300639038
 4.1018E-02,0.008712321033169967
 4.1040E-02,0.006465241512587103
 4.1063E-02,0.004397731562481126
 4.1085E-02,0.002600016072710652
 4.1107E-02,0.001150990762382575
 4.1129E-02,0.00011465447115096791
 4.1151E-02,-0.0004630110691453749
 4.1174E-02,-0.0005563970464253958
 4.1196E-02,-0.00016156057061214992
 4.1218E-02,0.0007036969219513168
 4.1240E-02,0.0020009095307978323
 4.1263E-02,0.0036729603376919493
 4.1285E-02,0.0056467515926232805
 4.1307E-02,0.007836326141778729
 4.1329E-02,0.010146364949658801
 4.1351E-02,0.012476078679675063
 4.1374E-02,0.014723497864016673
 4.1396E-02,0.016790045852940107
 4.1418E-02,0.018585120262589554
 4.1440E-02,0.020030308296909553
 4.1463E-02,0.021062884515648427
 4.1485E-02,0.02163838118036899
 4.1507E-02,0.021732208343136744
 4.1529E-02,0.021340436465651424
 4.1551E-02,0.020479875697078636
 4.1574E-02,0.019187501228446403
 4.1596E-02,0.01751915650956125
 4.1618E-02,0.015547408120012634
 4.1640E-02,0.013358482848904467
 4.1663E-02,0.011048373043471688
 4.1685E-02,0.0087183730316795
 4.1707E-02,0.006470415116366176
 4.1729E-02,0.004402556300184073
 4.1751E-02,0.0026048450808772907
 4.1774E-02,0.001155647967003185
 4.1796E-02,0.00011842548797866173
 4.1818E-02,-0.00046103662109140537
 4.1840E-02,-0.0005568362982228866
 4.1862E-02,-0.0001643935066300878
 4.1885E-02,0.0006991218611781861
 4.1907E-02,0.001995525991461003
 4.1929E-02,0.00366750115574929
 4.1951E-02,0.005641419928642014
 4.1974E-02,0.007830812219550436
 4.1996E-02,0.010140189904171678
 4.2018E-02,0.012469049728627595
 4.2040E-02,0.01471599302219083
 4.2062E-02,0.016782950638922198
 4.2085E-02,0.01857944959624081
 4.2107E-02,0.020026736530686554
 4.2129E-02,0.021061461076155398
 4.2151E-02,0.021638596542482805
 4.2174E-02,0.021733364024158104
 4.2196E-02,0.02134209128697423
 4.2218E-02,0.020482097876465995
 4.2240E-02,0.01919077656513804
 4.2262E-02,0.017524012845669686
 4.2285E-02,0.015553988034055421
 4.2307E-02,0.013366326932429671
 4.2329E-02,0.011056548089391337
 4.2351E-02,0.008725871583023743
 4.2374E-02,0.006476590909849536
 4.2396E-02,0.004407341039859973
 4.2418E-02,0.0026086256783994823
 4.2440E-02,0.0011588880220551685
 4.2462E-02,0.00012126683206486479
 4.2485E-02,-0.00045894767815276194
 4.2507E-02,-0.0005561916338597363
 4.2529E-02,-0.00016582937467859673
 4.2551E-02,0.0006954178767717431
 4.2574E-02,0.001989970816112236
 4.2596E-02,0.0036609410678947476
 4.2618E-02,0.005634728567080454
 4.2640E-02,0.007824500072995701
 4.2662E-02,0.0101342539342972
 4.2685E-02,0.012463145058170666
 4.2707E-02,0.014709813893947623
 4.2729E-02,0.016776582524530632
 4.2751E-02,0.018573473421296654
 4.2774E-02,0.020022017142080826
 4.2796E-02,0.0210587434403934
 4.2818E-02,0.021638149114196956
 4.2840E-02,0.021734879790684836
 4.2862E-02,0.021344901548846506
 4.2885E-02,0.02048556646233785
 4.2907E-02,0.01919463608111775
 4.2929E-02,0.01752844298364542
 4.2951E-02,0.015559394453870754
 4.2973E-02,0.013372961147131806
 4.2996E-02,0.011064204277443253
 4.3018E-02,0.008733848633291238
 4.3040E-02,0.006483947316118028
 4.3062E-02,0.004413294239668795
 4.3085E-02,0.002612861981647743
 4.3107E-02,0.0011616047692031622
 4.3129E-02,0.0001229301228647785
 4.3151E-02,-0.0004579764755712598
 4.3173E-02,-0.0005559312415967736
 4.3196E-02,-0.00016668876547969391
 4.3218E-02,0.0006928995216255178
 4.3240E-02,0.0019854955899277866
 4.3262E-02,0.003654709296219384
 4.3285E-02,0.005627424262733355
 4.3307E-02,0.007817010793908903
 4.3329E-02,0.010127289382066815
 4.3351E-02,0.01245697766141278
 4.3373E-02,0.014704289242622228
 4.3396E-02,0.016771384003997553
 4.3418E-02,0.018568472653001628
 4.3440E-02,0.020017491766108376
 4.3462E-02,0.021055325909271543
 4.3485E-02,0.02163653416146746
 4.3507E-02,0.021735464649107264
 4.3529E-02,0.021347573593794175
 4.3551E-02,0.020489763954970167
 4.3573E-02,0.01919964367910478
 4.3596E-02,0.017533744112219522
 4.3618E-02,0.015564871357358474
 4.3640E-02,0.01337882828467329
 4.3662E-02,0.011070723326040673
 4.3685E-02,0.008741005129044492
 4.3707E-02,0.006491290898711959
 4.3729E-02,0.004420044473981722
 4.3751E-02,0.002618221137448829
 4.3773E-02,0.00116509480454305
 4.3796E-02,0.00012455757646799115
 4.3818E-02,-0.00045781988887602806
 4.3840E-02,-0.000556766347654034
 4.3862E-02,-0.0001682619713489461
 4.3885E-02,0.0006904769744964051
 4.3907E-02,0.001981863868067207
 4.3929E-02,0.00364955787621632
 4.3951E-02,0.0056207876888301166
 4.3973E-02,0.007809379805791308
 4.3996E-02,0.010119466046773835
 4.4018E-02,0.01244975667065582
 4.4040E-02,0.014698150983522089
 4.4062E-02,0.0167663764848581
 4.4084E-02,0.01856434465420616
 4.4107E-02,0.02001398836866193
 4.4129E-02,0.02105246112146481
 4.4151E-02,0.02163467146981482
 4.4173E-02,0.02173515448901384
 4.4196E-02,0.021349244965610525
 4.4218E-02,0.02049345602847069
 4.4240E-02,0.01920493917823844
 4.4262E-02,0.017539944896063194
 4.4284E-02,0.015571311848060808
 4.4307E-02,0.013385141624414919
 4.4329E-02,0.011076906366348227
 4.4351E-02,0.00874725163651809
 4.4373E-02,0.0064977025752128645
 4.4396E-02,0.004426402037017727
 4.4418E-02,0.0026239598224711844
 4.4440E-02,0.0011695041273132487
 4.4462E-02,0.00012708966612184512
 4.4484E-02,-0.0004573141710390527
 4.4507E-02,-0.0005580105694022753
 4.4529E-02,-0.000170748288776096
 4.4551E-02,0.0006871921083442775
 4.4573E-02,0.0019779402774699373
 4.4596E-02,0.0036448576164798945
 4.4618E-02,0.005615069737621064
 4.4640E-02,0.00780258016394546
 4.4662E-02,0.010111888391192727
 4.4684E-02,0.012442052843198801
 4.4707E-02,0.014691097262036004
 4.4729E-02,0.01676057418746987
 4.4751E-02,0.018560018428027406
 4.4773E-02,0.02001099597863831
 4.4796E-02,0.021050501146411382
 4.4818E-02,0.021633557200687346
 4.4840E-02,0.02173498461842237
 4.4862E-02,0.021350366501643146
 4.4884E-02,0.020496242361238662
 4.4907E-02,0.019209518943818935
 4.4929E-02,0.01754604730615977
 4.4951E-02,0.015578324024032725
 4.4973E-02,0.013392346288502423
 4.4996E-02,0.011083761086049897
 4.5018E-02,0.008753547954072979
 4.5040E-02,0.00650351765608266
 4.5062E-02,0.0044318812476230405
 4.5084E-02,0.002629069781115074
 4.5107E-02,0.001173911790309722
 4.5129E-02,0.00013024518923841484
 4.5151E-02,-0.00045593705965431947
 4.5173E-02,-0.0005586582829066103
 4.5195E-02,-0.0001732665119307269
 4.5218E-02,0.0006832735326424735
 4.5240E-02,0.001973168820378718
 4.5262E-02,0.003639608251355342
 4.5284E-02,0.005609430433895261
 4.5307E-02,0.007796435644908339
 4.5329E-02,0.010105144469344799
 4.5351E-02,0.012434858731278807
 4.5373E-02,0.014683924917246256
 4.5395E-02,0.01675410049011633
 4.5418E-02,0.018554875136560983
 4.5440E-02,0.02000753200831347
 4.5462E-02,0.02104869404327649
 4.5484E-02,0.021633120851925442
 4.5507E-02,0.021735602894745708
 4.5529E-02,0.021351908566297182
 4.5551E-02,0.02049882904246539
 4.5573E-02,0.01921340188718598
 4.5595E-02,0.01755137723393537
 4.5618E-02,0.015584951985884169
 4.5640E-02,0.013399781941400629
 4.5662E-02,0.011091317508041439
 4.5684E-02,0.008760590861638273
 4.5707E-02,0.006509675452301091
 4.5729E-02,0.004437097479074495
 4.5751E-02,0.002633475305013596
 4.5773E-02,0.0011776020396235107
 4.5795E-02,0.00013310339367292984
 4.5818E-02,-0.00045425969877259365
 4.5840E-02,-0.0005585908697836875
 4.5862E-02,-0.00017508506258531395
 4.5884E-02,0.0006796214963323876
 4.5907E-02,0.0019680763759128356
 4.5929E-02,0.0036336498378820594
 4.5951E-02,0.005603124683947575
 4.5973E-02,0.007790068508407977
 4.5995E-02,0.010098752564723238
 4.6018E-02,0.012428375046427293
 4.6040E-02,0.014677390827585847
 4.6062E-02,0.016747808609874744
 4.6084E-02,0.01854935017585338
 4.6107E-02,0.02000335540208533
 4.6129E-02,0.02104627289952794
 4.6151E-02,0.021632535600082048
 4.6173E-02,0.0217366208464273
 4.6195E-02,0.021354151368058953
 4.6218E-02,0.020501990865197765
 4.6240E-02,0.01921738700008226
 4.6262E-02,0.017556276784988535
 4.6284E-02,0.015590878767616754
 4.6306E-02,0.013406668540349444
 4.6329E-02,0.011098805406850955
 4.6351E-02,0.008768083015578534
 4.6373E-02,0.0065165264496882085
 4.6395E-02,0.00444283320107472
 4.6418E-02,0.0026379172285526213
 4.6440E-02,0.001180829371500197
 4.6462E-02,0.0001352834949675545
 4.6484E-02,-0.00045306435643901674
 4.6506E-02,-0.0005585190866452083
 4.6529E-02,-0.00017641695605898896
 4.6551E-02,0.0006766446193921724
 4.6573E-02,0.0019634427531345154
 4.6595E-02,0.003627661953656648
 4.6618E-02,0.005596324366417516
 4.6640E-02,0.0077830437762025275
 4.6662E-02,0.010091937235422295
 4.6684E-02,0.012421954879078918
 4.6706E-02,0.014671364620050963
 4.6729E-02,0.016742158932262278
 4.6751E-02,0.018544212870744876
 4.6773E-02,0.019999078916212446
 4.6795E-02,0.021043326343898192
 4.6818E-02,0.021631316846204774
 4.6840E-02,0.021737277038281926
 4.6862E-02,0.02135651729167658
 4.6884E-02,0.02050568028060295
 4.6906E-02,0.019221981141716117
 4.6929E-02,0.017561497691189823
 4.6951E-02,0.015596646640219161
 4.6973E-02,0.013413014336851185
 4.6995E-02,0.011105698342551425
 4.7018E-02,0.00877528413331619
 4.7040E-02,0.006523563260144246
 4.7062E-02,0.004449116984713045
 4.7084E-02,0.002642938606947305
 4.7106E-02,0.001184320961588434
 4.7129E-02,0.00013725854987013046
 4.7151E-02,-0.0004524141403914405
 4.7173E-02,-0.0005589999831264464
 4.7195E-02,-0.00017797468557625176
 4.7218E-02,0.0006739040928106055
 4.7240E-02,0.0019593641525044764
 4.7262E-02,0.003622213685124771
 4.7284E-02,0.005589725714684932
 4.7306E-02,0.007775765413223032
 4.7329E-02,0.010084569744230122
 4.7351E-02,0.012415018529542646
 4.7373E-02,0.014665167935981674
 4.7395E-02,0.01673678331361674
 4.7417E-02,0.01853962428071963
 4.7440E-02,0.019995291582476635
 4.7462E-02,0.021040513353901127
 4.7484E-02,0.021629796246801496
 4.7506E-02,0.021737378791327585
 4.7529E-02,0.02135840956879542
 4.7551E-02,0.020509258962302095
 4.7573E-02,0.0192268890090361
 4.7595E-02,0.017567262641061253
 4.7617E-02,0.015602858107286493
 4.7640E-02,0.013419436113549513
 4.7662E-02,0.011112256283782103
 4.7684E-02,0.008781943912816417
 4.7706E-02,0.0065301798776772725
 4.7729E-02,0.004455354182194785
 4.7751E-02,0.0026483133519164537
 4.7773E-02,0.0011883521328779614
 4.7795E-02,0.00013963589144518496
 4.7817E-02,-0.00045173711548740037
 4.7840E-02,-0.0005598401868565601
 4.7862E-02,-0.00018005650242499966
 4.7884E-02,0.0006707931268906099
 4.7906E-02,0.0019552921741328713
 4.7929E-02,0.003617143958362279
 4.7951E-02,0.005583648607759371
 4.7973E-02,0.007768838120014435
 4.7995E-02,0.010077173826614237
 4.8017E-02,0.012407694540031844
 4.8040E-02,0.014658460037833767
 4.8062E-02,0.016731080529215854
 4.8084E-02,0.018535086568636856
 4.8106E-02,0.01999189771948267
 4.8129E-02,0.02103819472915796
 4.8151E-02,0.021628570178529403
 4.8173E-02,0.02173739710988187
 4.8195E-02,0.021359891280892537
 4.8217E-02,0.02051234738924995
 4.8240E-02,0.019231520506073903
 4.8262E-02,0.017573127821369404
 4.8284E-02,0.015609481526245236
 4.8306E-02,0.013426330117557058
 4.8329E-02,0.01111906159430099
 4.8351E-02,0.008788479154845251
 4.8373E-02,0.006536378308159671
 4.8395E-02,0.004461134129581344
 4.8417E-02,0.0026534681919997503
 4.8440E-02,0.001192532690377307
 4.8462E-02,0.00014244128595141585
 4.8484E-02,-0.0004506103805702968
 4.8506E-02,-0.0005604768210731547
 4.8528E-02,-0.00018229869168229972
 4.8551E-02,0.0006672594665838667
 4.8573E-02,0.0019507933468994908
 4.8595E-02,0.0036119015532301954
 4.8617E-02,0.005577756199858506
 4.8640E-02,0.007762340102416675
 4.8662E-02,0.010070192357472647
 4.8684E-02,0.01240052121615827
 4.8706E-02,0.01465155015180189
 4.8728E-02,0.016724946576746558
 4.8751E-02,0.01853014844568735
 4.8773E-02,0.019988373172371513
 4.8795E-02,0.021036089541955648
 4.8817E-02,0.021627768084785056
 4.8840E-02,0.021737790554114775
 4.8862E-02,0.021361471369460424
 4.8884E-02,0.020515198086792925
 4.8906E-02,0.019235721803041044
 4.8928E-02,0.017578628909564124
 4.8951E-02,0.015616023991658085
 4.8973E-02,0.013433471632938577
 4.8995E-02,0.011126290751089035
 4.9017E-02,0.008795358186747083
 4.9040E-02,0.006542634848119779
 4.9062E-02,0.004466654775696429
 4.9084E-02,0.0026582060266176076
 4.9106E-02,0.0011963920632335051
 4.9128E-02,0.0001452155279196331
 4.9151E-02,-0.00044920609277073603
 4.9173E-02,-0.0005606939290638589
 4.9195E-02,-0.00018422999967596137
 4.9217E-02,0.0006637445984929331
 4.9240E-02,0.0019460144829739703
 4.9262E-02,0.0036062528128312918
 4.9284E-02,0.005571577833957141
 4.9306E-02,0.007755848459767532
 4.9328E-02,0.010063504000117232
 4.9351E-02,0.0123937492838228
 4.9373E-02,0.01464490725324219
 4.9395E-02,0.01671878479287112
 4.9417E-02,0.01852490545950991
 4.9440E-02,0.019984450701128913
 4.9462E-02,0.021033731569821565
 4.9484E-02,0.021627007037905693
 4.9506E-02,0.021738489350533522
 4.9528E-02,0.021363432685280504
 4.9551E-02,0.020518273396701585
 4.9573E-02,0.01923985497081257
 4.9595E-02,0.017583810591832165
 4.9617E-02,0.015622188468677897
 4.9639E-02,0.01344040335393872
 4.9662E-02,0.011133602520697063
 4.9684E-02,0.008802560100871288
 4.9706E-02,0.006549258909256712
 4.9728E-02,0.004472367241268231
 4.9751E-02,0.002662847489023384
 4.9773E-02,0.0011999288332035592
 4.9795E-02,0.00014763859087937024
 4.9817E-02,-0.0004479681284507048
 4.9839E-02,-0.0005607916872489474
 4.9862E-02,-0.0001858278078976044
 4.9884E-02,0.0006605777426125223
 4.9906E-02,0.0019413911975124216
 4.9928E-02,0.0036004772243922005
 4.9951E-02,0.005565070226829064
 4.9973E-02,0.0077490257738866706
 4.9995E-02,0.010056682409342226
 5.0017E-02,0.01238712052946644
 5.0039E-02,0.014638595181282243
 5.0062E-02,0.016712940046480863
 5.0084E-02,0.018519773717321115
 5.0106E-02,0.019980366651596956
 5.0128E-02,0.021031036597306655
 5.0151E-02,0.021625935560743843
 5.0173E-02,0.021739088528449416
 5.0195E-02,0.021365561006759487
 5.0217E-02,0.020521677269317782
 5.0239E-02,0.019244276988726054
 5.0262E-02,0.01758906597988713
 5.0284E-02,0.015628167351286717
 5.0306E-02,0.01344700282192008
 5.0328E-02,0.011140635777470435
 5.0351E-02,0.008809704170890179
 5.0373E-02,0.006556079195360215
 5.0395E-02,0.004478410924909252
 5.0417E-02,0.0026677564170001777
 5.0439E-02,0.0012035109051766759
 5.0462E-02,0.0001498614414821172
 5.0484E-02,-0.0004470513744105379
 5.0506E-02,-0.0005611353579551323
 5.0528E-02,-0.00018744671524577832
 5.0551E-02,0.0006576278226673967
 5.0573E-02,0.0019370928489408131
 5.0595E-02,0.003594940416470566
 5.0617E-02,0.005558574020086123
 5.0639E-02,0.007741983205065643
 5.0662E-02,0.010049544317362854
 5.0684E-02,0.012380269842310814
 5.0706E-02,0.014632288040254475
 5.0728E-02,0.016707321382344844
 5.0750E-02,0.0185149500213202
 5.0773E-02,0.01997648480539793
 5.0795E-02,0.021028315062507626
 5.0817E-02,0.021624624300193632
 5.0839E-02,0.021739378356015495
 5.0862E-02,0.021367494760714024
 5.0884E-02,0.02052511519063262
 5.0906E-02,0.01924893714548635
 5.0928E-02,0.017594616720235004
 5.0950E-02,0.015634319071417727
 5.0973E-02,0.013453548511012853
 5.0995E-02,0.011147422184033235
 5.1017E-02,0.00881655819007763
 5.1039E-02,0.006562741339954008
 5.1062E-02,0.004484523252960278
 5.1084E-02,0.002672919058199024
 5.1106E-02,0.0012073796072427252
 5.1128E-02,0.00015223348700176562
 5.1150E-02,-0.0004462090519215048
 5.1173E-02,-0.0005617281556866446
 5.1195E-02,-0.00018933597969058544
 5.1217E-02,0.0006545512130838095
 5.1239E-02,0.0019328885842276192
 5.1262E-02,0.0035896620609645116
 5.1284E-02,0.005552345558165195
 5.1306E-02,0.007735057804276517
 5.1328E-02,0.010042304233803827
 5.1350E-02,0.012373161218896202
 5.1373E-02,0.014625723006467427
 5.1395E-02,0.016701599105718393
 5.1417E-02,0.018510236726124393
 5.1439E-02,0.019972857440199537
 5.1462E-02,0.021025835669194998
 5.1484E-02,0.021623394872403074
 5.1506E-02,0.021739539309271808
 5.1528E-02,0.021369165771356297
 5.1550E-02,0.0205283133858497
 5.1573E-02,0.019253522527939746
 5.1595E-02,0.01760029940983831
 5.1617E-02,0.01564072686027793
 5.1639E-02,0.013460318227283689
 5.1662E-02,0.011154265462597769
 5.1684E-02,0.008823268954549084
 5.1706E-02,0.006569148225354707
 5.1728E-02,0.004490423519587423
 5.1750E-02,0.0026780412555937267
 5.1773E-02,0.001211404146088524
 5.1795E-02,0.00015486453981702723
 5.1817E-02,-0.0004451586296138515
 5.1839E-02,-0.0005622858855005924
 5.1861E-02,-0.00019138041433715627
 5.1884E-02,0.0006512262881645017
 5.1906E-02,0.0019284949306326727
 5.1928E-02,0.0035843684258090956
 5.1950E-02,0.0055462852261507385
 5.1973E-02,0.007728382520643945
 5.1995E-02,0.01003524586947619
 5.2017E-02,0.012366057330139946
 5.2039E-02,0.014618983915316464
 5.2061E-02,0.016695629242797896
 5.2084E-02,0.018505350532079395
 5.2106E-02,0.019969233559686925
 5.2128E-02,0.02102353054249203
 5.2150E-02,0.021622401898455212
 5.2173E-02,0.02173985361485818
 5.2195E-02,0.02137081292554347
 5.2217E-02,0.02053132393800132
 5.2239E-02,0.019257868570781017
 5.2261E-02,0.017605833628208875
 5.2284E-02,0.015647164119583053
 5.2306E-02,0.013467275087237005
 5.2328E-02,0.011161339102255547
 5.2350E-02,0.00883011431246391
 5.2373E-02,0.006575514189498383
 5.2395E-02,0.0044961342448895485
 5.2417E-02,0.0026829417205732854
 5.2439E-02,0.0012153099671419064
 5.2461E-02,0.00015755243328344735
 5.2484E-02,-0.00044390905876872625
 5.2506E-02,-0.0005626204667736381
 5.2528E-02,-0.00019330944000603163
 5.2550E-02,0.0006478429698703951
 5.2573E-02,0.0019239077436318782
 5.2595E-02,0.0035788653649059714
 5.2617E-02,0.005540127060866286
 5.2639E-02,0.007721779982039389
 5.2661E-02,0.010028386337522658
 5.2684E-02,0.012359157904011476
 5.2706E-02,0.014612331509067728
 5.2728E-02,0.016689576205204407
 5.2750E-02,0.01850026137967009
 5.2773E-02,0.019965408305612505
 5.2795E-02,0.021021144753928488
 5.2817E-02,0.021621494250864355
 5.2839E-02,0.02174036408819445
 5.2861E-02,0.02137264563403247
 5.2884E-02,0.020534395436506144
 5.2906E-02,0.01926211308364673
 5.2928E-02,0.017611164353114814
 5.2950E-02,0.01565341765685047
 5.2972E-02,0.013474177261027212
 5.2995E-02,0.011168518318874884
 5.3017E-02,0.008837160617846191
 5.3039E-02,0.006582055298476356
 5.3061E-02,0.0045018901475251585
 5.3084E-02,0.002687732641686897
 5.3106E-02,0.0012190203184121507
 5.3128E-02,0.00016007909370702698
 5.3150E-02,-0.0004426876327538392
 5.3172E-02,-0.0005628318472489525
 5.3195E-02,-0.00019503666916778688
 5.3217E-02,0.0006446205962403766
 5.3239E-02,0.0019193465051586963
 5.3261E-02,0.003573240667703645
 5.3284E-02,0.005533775487407114
 5.3306E-02,0.007715030174172122
 5.3328E-02,0.010021514442616153
 5.3350E-02,0.012352387471355444
 5.3372E-02,0.014605870328269736
 5.3395E-02,0.01668366019346463
 5.3417E-02,0.01849517169700277
 5.3439E-02,0.019961444655169837
 5.3461E-02,0.02101856505732867
 5.3484E-02,0.02162045206501243
 5.3506E-02,0.021740877477532894
 5.3528E-02,0.021374613389098105
 5.3550E-02,0.020537649370655418
 5.3572E-02,0.019266475032686206
 5.3595E-02,0.017616475451567866
 5.3617E-02,0.015659525878277895
 5.3639E-02,0.0134808957574182
 5.3661E-02,0.01117558565358991
 5.3684E-02,0.008844233415353734
 5.3706E-02,0.006588744628347415
 5.3728E-02,0.0045078268296554
 5.3750E-02,0.002692629362813259
 5.3772E-02,0.001222700280337321
 5.3795E-02,0.00016246059049215378
 5.3817E-02,-0.0004416357437158051
 5.3839E-02,-0.0005631327037731946
 5.3861E-02,-0.0001967177756021996
 5.3884E-02,0.0006415535212781528
 5.3906E-02,0.0019149577729729948
 5.3928E-02,0.003567703829161285
 5.3950E-02,0.0055273765665661365
 5.3972E-02,0.007708128469606164
 5.3995E-02,0.010014478877661246
 5.4017E-02,0.012345540211104676
 5.4039E-02,0.014599464262109106
 5.4061E-02,0.016677896117906252
 5.4083E-02,0.018490237216178755
 5.4106E-02,0.01995754429552071
 5.4128E-02,0.02101591732276848
 5.4150E-02,0.02161925023667278
 5.4172E-02,0.021741234041507785
 5.4195E-02,0.02137651907256151
 5.4217E-02,0.02054097021518421
 5.4239E-02,0.019270989367047235
 5.4261E-02,0.017621930097187297
 5.4283E-02,0.015665680956045824
 5.4306E-02,0.013487535896166268
 5.4328E-02,0.011182496922749663
 5.4350E-02,0.008851166785792355
 5.4372E-02,0.006595395243788568
 5.4395E-02,0.004513848855036227
 5.4417E-02,0.0026976845534332026
 5.4439E-02,0.001226517796176121
 5.4461E-02,0.00016487834138873415
 5.4483E-02,-0.00044066755869938065
 5.4506E-02,-0.0005635835603765346
 5.4528E-02,-0.00019852211321123912
 5.4550E-02,0.0006384661430619088
 5.4572E-02,0.0019106652117317163
 5.4595E-02,0.0035623228286255516
 5.4617E-02,0.005521100580827521
 5.4639E-02,0.007701244297756741
 5.4661E-02,0.010007346388472223
 5.4683E-02,0.01233854089330704
 5.4706E-02,0.014592942505079906
 5.4728E-02,0.016672121124685534
 5.4750E-02,0.018485400959388526
 5.4772E-02,0.019953789555152784
 5.4795E-02,0.02101337249895248
 5.4817E-02,0.021618044706428693
 5.4839E-02,0.021741480953225815
 5.4861E-02,0.021378273570528707
 5.4883E-02,0.020544187319040185
 5.4906E-02,0.01927550728165164
 5.4928E-02,0.01762749071595084
 5.4950E-02,0.01567197826097894
 5.4972E-02,0.013494267544520194
 5.4995E-02,0.011189393718707641
 5.5017E-02,0.00885798913045721
 5.5039E-02,0.006601906189335052
 5.5061E-02,0.004519787623475968
 5.5083E-02,0.002702763815191879
 5.5106E-02,0.0012304531301795985
 5.5128E-02,0.00016743820354977426
 5.5150E-02,-0.0004396162124618296
 5.5172E-02,-0.00056405723975681
 5.5194E-02,-0.00020043824140152452
 5.5217E-02,0.0006352482320187483
 5.5239E-02,0.0019063041099229036
 5.5261E-02,0.003556977852797616
 5.5283E-02,0.005514944233655309
 5.5306E-02,0.007694491914058922
 5.5328E-02,0.010000279152129025
 5.5350E-02,0.01233150172247659
 5.5372E-02,0.014586300218645536
 5.5394E-02,0.016666217197108802
 5.5417E-02,0.018480503663744322
 5.5439E-02,0.01995007610854576
 5.5461E-02,0.021010943547511544
 5.5483E-02,0.021616956968744713
 5.5506E-02,0.021741774216475235
 5.5528E-02,0.021379973195523067
 5.5550E-02,0.020547279803547897
 5.5572E-02,0.019279904220009535
 5.5594E-02,0.017633004875677448
 5.5617E-02,0.01567832943614948
 5.5639E-02,0.013501119061708512
 5.5661E-02,0.011196403119455536
 5.5683E-02,0.008864849037012432
 5.5706E-02,0.006608358063473032
 5.5728E-02,0.004525607849163017
 5.5750E-02,0.0027077381094066117
 5.5772E-02,0.0012343617604926053
 5.5794E-02,0.0001700670988107522
 5.5817E-02,-0.0004384400288354839
 5.5839E-02,-0.000564423264416311
 5.5861E-02,-0.00020232595033014178
 5.5883E-02,0.000631965452608228
 5.5906E-02,0.0019018267542756054
 5.5928E-02,0.0035515373909764053
 5.5950E-02,0.0055087719078319945
 5.5972E-02,0.007687813124349286
 5.5994E-02,0.009993330747791688
 5.6017E-02,0.012324554929328628
 5.6039E-02,0.014579668123805917
 5.6061E-02,0.01666023492527185
 5.6083E-02,0.01847548600211771
 5.6106E-02,0.01994627131035221
 5.6128E-02,0.021008504943201913
 5.6150E-02,0.021615944126523706
 5.6172E-02,0.0217421787184709
 5.6194E-02,0.021381750681942722
 5.6217E-02,0.02055036779323694
 5.6239E-02,0.019284215487882728
 5.6261E-02,0.017638402497014493
 5.6283E-02,0.015684602035962454
 5.6305E-02,0.01350797581939984
 5.6328E-02,0.01120349711580716
 5.6350E-02,0.008871821260517953
 5.6372E-02,0.006614882619136159
 5.6394E-02,0.0045314186402860375
 5.6417E-02,0.0027126285221539745
 5.6439E-02,0.001238164790933385
 5.6461E-02,0.00017263433968776757
 5.6483E-02,-0.00043724258543633397
 5.6505E-02,-0.0005646961220135653
 5.6528E-02,-0.00020410265754151397
 5.6550E-02,0.0006287470798603434
 5.6572E-02,0.001897331094730262
 5.6594E-02,0.0035460094875831016
 5.6617E-02,0.005502497640618687
 5.6639E-02,0.0076810803808501065
 5.6661E-02,0.009986409047507644
 5.6683E-02,0.012317698909119951
 5.6705E-02,0.01457313536881163
 5.6728E-02,0.01665429984640582
 5.6750E-02,0.018470434071543695
 5.6772E-02,0.019942370324854828
 5.6794E-02,0.021005964567980793
 5.6817E-02,0.021614882942609315
 5.6839E-02,0.02174261454829067
 5.6861E-02,0.02138361720387301
 5.6883E-02,0.020553546083278695
 5.6905E-02,0.019288561762569646
 5.6928E-02,0.01764375729690211
 5.6950E-02,0.0156907788337766
 5.6972E-02,0.013514740741575488
 5.6994E-02,0.01121055781167774
 5.7017E-02,0.008878838143525736
 5.7039E-02,0.0066215027050735235
 5.7061E-02,0.00453731889108051
 5.7083E-02,0.002717549959608191
 5.7105E-02,0.0012419239823620763
 5.7128E-02,0.00017511187359048894
 5.7150E-02,-0.00043612417813078397
 5.7172E-02,-0.0005649875405979997
 5.7194E-02,-0.0002058243382366274
 5.7217E-02,0.0006256260552853032
 5.7239E-02,0.0018929184860288523
 5.7261E-02,0.003540502476248093
 5.7283E-02,0.005496171604154762
 5.7305E-02,0.007674256019039743
 5.7328E-02,0.009979411905119464
 5.7350E-02,0.012310828973461767
 5.7372E-02,0.014566657703599011
 5.7394E-02,0.016648454276442348
 5.7416E-02,0.01846545058942608
 5.7439E-02,0.019938473963546387
 5.7461E-02,0.021003360663293585
 5.7483E-02,0.021613726575479705
 5.7505E-02,0.02174297867114669
 5.7528E-02,0.021385476019051622
 5.7550E-02,0.020556782412911985
 5.7572E-02,0.0192929941628666
 5.7594E-02,0.017649172333031832
 5.7616E-02,0.01569695239028983
 5.7639E-02,0.013521440287772628
 5.7661E-02,0.011217530180502304
 5.7683E-02,0.008885796915111707
 5.7705E-02,0.006628129969531761
 5.7728E-02,0.004543287651138435
 5.7750E-02,0.002722560917933032
 5.7772E-02,0.0012457414972747735
 5.7794E-02,0.00017758381559511817
 5.7816E-02,-0.00043506910973870863
 5.7839E-02,-0.0005653591154689977
 5.7861E-02,-0.0002075922679600002
 5.7883E-02,0.0006225225627268362
 5.7905E-02,0.0018885783342672182
 5.7928E-02,0.0035350807881914525
 5.7950E-02,0.00548989393774844
 5.7972E-02,0.007667415422096537
 5.7994E-02,0.00997234484019232
 5.8016E-02,0.012303878030213721
 5.8039E-02,0.014560136365742786
 5.8061E-02,0.01664262745220273
 5.8083E-02,0.018460535143022615
 5.8105E-02,0.019934651841801012
 5.8128E-02,0.021000790402094842
 5.8150E-02,0.021612541035742765
 5.8172E-02,0.02174326644812766
 5.8194E-02,0.02138725520422528
 5.8216E-02,0.020559981417712193
 5.8239E-02,0.019297451478010413
 5.8261E-02,0.017654657113540063
 5.8283E-02,0.015703196640401963
 5.8305E-02,0.013528167818820616
 5.8328E-02,0.011224470696957936
 5.8350E-02,0.008892683499365141
 5.8372E-02,0.006634688813167363
 5.8394E-02,0.004549233725834996
 5.8416E-02,0.00272760952601283
 5.8439E-02,0.0012496356311561384
 5.8461E-02,0.0001801270734542483
 5.8483E-02,-0.00043398852026351614
 5.8505E-02,-0.0005657634922826904
 5.8527E-02,-0.0002094286989431127
 5.8550E-02,0.0006193586695580902
 5.8572E-02,0.0018842242826743439
 5.8594E-02,0.003529701583342943
 5.8616E-02,0.005483690703041048
 5.8639E-02,0.0076606373335396
 5.8661E-02,0.009965291520720678
 5.8683E-02,0.01229688432952215
 5.8705E-02,0.014553541555424442
 5.8727E-02,0.01663674000518215
 5.8750E-02,0.01845560695480209
 5.8772E-02,0.019930870398540523
 5.8794E-02,0.020998287257792302
 5.8816E-02,0.02161140613686117
 5.8839E-02,0.021743555606682567
 5.8861E-02,0.021388983622205204
 5.8883E-02,0.020563106114333606
 5.8905E-02,0.01930185367168615
 5.8927E-02,0.01766013706713081
 5.8950E-02,0.015709487306750473
 5.8972E-02,0.013534963551061065
 5.8994E-02,0.011231459361734815
 5.9016E-02,0.008899569254056721
 5.9039E-02,0.006641199121240905
 5.9061E-02,0.004555113988837811
 5.9083E-02,0.0027326160637770685
 5.9105E-02,0.0012535382535142907
 5.9127E-02,0.0001827259329962355
 5.9150E-02,-0.00043283669316100237
 5.9172E-02,-0.0005661214727433328
 5.9194E-02,-0.0002112687799569602
 5.9216E-02,0.000616146051928185
 5.9239E-02,0.0018798082513312264
 5.9261E-02,0.0035242863913336896
 5.9283E-02,0.005477500430842743
 5.9305E-02,0.007653914086380383
 5.9327E-02,0.009958302254019896
 5.9350E-02,0.012289925436685669
 5.9372E-02,0.014546931228689606
 5.9394E-02,0.016630795580109124
 5.9416E-02,0.018450613608584302
 5.9439E-02,0.01992705315863229
 5.9461E-02,0.020995796924371434
 5.9483E-02,0.02161032225441121
 5.9505E-02,0.021743900535047402
 5.9527E-02,0.0213907364926432
 5.9550E-02,0.020566207101533954
 5.9572E-02,0.01930619646149649
 5.9594E-02,0.017665556049342272
 5.9616E-02,0.015715750585079506
 5.9638E-02,0.013541780564120417
 5.9661E-02,0.011238504142485933
 5.9683E-02,0.008906511801262174
 5.9705E-02,0.006647733130022914
 5.9727E-02,0.004560971757718896
 5.9750E-02,0.0027375691336004784
 5.9772E-02,0.001257390537436354
 5.9794E-02,0.00018530985201491677
 5.9816E-02,-0.00043165342790329987
 5.9838E-02,-0.0005664184618410088
 5.9861E-02,-0.0002130527249996201
 5.9883E-02,0.0006129534188587095
 5.9905E-02,0.0018753665356277753
 5.9927E-02,0.0035188175565307733
 5.9950E-02,0.005471262561010685
 5.9972E-02,0.007647178957808939
 5.9994E-02,0.009951344311236529
 6.0016E-02,0.012283022019066295
 6.0038E-02,0.014540366586829081
 6.0061E-02,0.01662485876831741
 6.0083E-02,0.01844558419542701
 6.0105E-02,0.01992317649507857
 6.0127E-02,0.02099325770720163
 6.0150E-02,0.021609227074927104
 6.0172E-02,0.021744275820592702
 6.0194E-02,0.021392540304058374
 6.0216E-02,0.020569346402092285
 6.0238E-02,0.019310539781161044
 6.0261E-02,0.017670935847739662
 6.0283E-02,0.015721957311622146
 6.0305E-02,0.013548556697006484
 6.0327E-02,0.011245547533153327
 6.0350E-02,0.00891349283034558
 6.0372E-02,0.006654322415315128
 6.0394E-02,0.004566869115237831
 6.0416E-02,0.00274252377574425
 6.0438E-02,0.0012612074717405304
 6.0461E-02,0.00018784508660172434
 6.0483E-02,-0.000430500544178786
 6.0505E-02,-0.000566707005719615
 6.0527E-02,-0.00021479232776399493
 6.0550E-02,0.0006098164821366806
 6.0572E-02,0.001870960520848628
 6.0594E-02,0.0035133450582810616
 6.0616E-02,0.005464985734089031
 6.0638E-02,0.007640394394661482
 6.0661E-02,0.009944356894707148
 6.0683E-02,0.012276126778408527
 6.0705E-02,0.014533842167225246
 6.0727E-02,0.01661896888980655
 6.0749E-02,0.0184405787965607
 6.0772E-02,0.019919284924997456
 6.0794E-02,0.020990671891269203
 6.0816E-02,0.021608079619301713
 6.0838E-02,0.02174462224211801
 6.0861E-02,0.021394353394798598
 6.0883E-02,0.020572524852948373
 6.0905E-02,0.019314926118920734
 6.0927E-02,0.017676334692728068
 6.0949E-02,0.015728146290285468
 6.0972E-02,0.013555288136739809
 6.0994E-02,0.011252545738676335
 6.1016E-02,0.008920455218962913
 6.1038E-02,0.006660930972813476
 6.1061E-02,0.004572812642793159
 6.1083E-02,0.0027475248593067233
 6.1105E-02,0.0012650449499942023
 6.1127E-02,0.00019036489398223172
 6.1149E-02,-0.00042938721201949163
 6.1172E-02,-0.0005670328530821903
 6.1194E-02,-0.0002165421481867708
 6.1216E-02,0.0006067047065950534
 6.1238E-02,0.0018666018413380546
 6.1261E-02,0.003507915370920518
 6.1283E-02,0.005458723061803236
 6.1305E-02,0.007633588177747967
 6.1327E-02,0.009937325963721676
 6.1349E-02,0.012269192636045671
 6.1372E-02,0.014527306436239094
 6.1394E-02,0.01661310099337802
 6.1416E-02,0.018435613841100113
 6.1438E-02,0.01991542603519056
 6.1461E-02,0.020988089325512462
 6.1483E-02,0.021606901972308825
 6.1505E-02,0.021744921049822626
 6.1527E-02,0.021396127799104672
 6.1549E-02,0.020575694384431808
 6.1572E-02,0.019319336237391026
 6.1594E-02,0.01768177352414007
 6.1616E-02,0.015734365712353083
 6.1638E-02,0.013562021111923936
 6.1661E-02,0.011259515233525377
 6.1683E-02,0.00892737601845671
 6.1705E-02,0.00666751054167101
 6.1727E-02,0.0045787579741730245
 6.1749E-02,0.0027525585379213164
 6.1772E-02,0.0012689277170998237
 6.1794E-02,0.00019291743645482012
 6.1816E-02,-0.000428270964876715
 6.1838E-02,-0.0005673846888973268
 6.1860E-02,-0.00021832856567504847
 6.1883E-02,0.0006035701651387108
 6.1905E-02,0.0018622499815381666
 6.1927E-02,0.0035025196675594317
 6.1949E-02,0.00545250245280336
 6.1972E-02,0.007626807883299219
 6.1994E-02,0.00993029000711286
 6.2016E-02,0.012262225928439577
 6.2038E-02,0.014520730030538246
 6.2060E-02,0.016607207971153632
 6.2083E-02,0.01843065296636171
 6.2105E-02,0.019911596005239136
 6.2127E-02,0.0209855407675789
 6.2149E-02,0.02160574067356883
 6.2172E-02,0.021745206419073175
 6.2194E-02,0.02139786485293357
 6.2216E-02,0.02057882295379254
 6.2238E-02,0.019323724272382284
 6.2260E-02,0.01768722037135807
 6.2283E-02,0.015740616626443372
 6.2305E-02,0.013568788792487345
 6.2327E-02,0.01126650109808757
 6.2349E-02,0.008934285014571657
 6.2372E-02,0.006674057828332089
 6.2394E-02,0.004584670980247604
 6.2416E-02,0.0027575806001775872
 6.2438E-02,0.001272828118595297
 6.2460E-02,0.0001955080924433755
 6.2483E-02,-0.00042711688815868956
 6.2505E-02,-0.0005677192673101509
 6.2527E-02,-0.00022012603930502648
 6.2549E-02,0.0006004054995140241
 6.2572E-02,0.0018578693705513989
 6.2594E-02,0.0034971157607689408
 6.2616E-02,0.005446300503403951
 6.2638E-02,0.007620062803768898
 6.2660E-02,0.009923285163730306
 6.2683E-02,0.012255267696338713
 6.2705E-02,0.014514134173145796
 6.2727E-02,0.016601278624831815
 6.2749E-02,0.01842565955584249
 6.2772E-02,0.01990775504467157
 6.2794E-02,0.020983007230305384
 6.2816E-02,0.02160460880112142
 6.2838E-02,0.02174551536010486
 6.2860E-02,0.02139960302331516
 6.2883E-02,0.020581927314895488
 6.2905E-02,0.019328075354095878
 6.2927E-02,0.017692637944871997
 6.2949E-02,0.015746861942306754
 6.2971E-02,0.01357557659915365
 6.2994E-02,0.01127351985082003
 6.3016E-02,0.008941219639152296
 6.3038E-02,0.006680608505871162
 6.3060E-02,0.004590564148313532
 6.3083E-02,0.0027625730294493413
 6.3105E-02,0.0012767087011239305
 6.3127E-02,0.0001981026228803258
 6.3149E-02,-0.0004259354708483009
 6.3171E-02,-0.0005680172205178497
 6.3194E-02,-0.00022189721601605393
 6.3216E-02,0.0005972434715898181
 6.3238E-02,0.0018534685407124588
 6.3260E-02,0.003491683025676382
 6.3283E-02,0.005440080060465388
 6.3305E-02,0.007613321719196131
 6.3327E-02,0.009916304865117399
 6.3349E-02,0.012248339772747247
 6.3371E-02,0.01450755573865001
 6.3394E-02,0.016595342567823645
 6.3416E-02,0.018420638204089686
 6.3438E-02,0.019903880168564172
 6.3460E-02,0.020980452209100723
 6.3483E-02,0.021603478416310804
 6.3505E-02,0.021745845250907156
 6.3527E-02,0.021401366378282362
 6.3549E-02,0.020585043520171917
 6.3571E-02,0.01933241571958471
 6.3594E-02,0.017698026952968054
 6.3616E-02,0.015753076617654654
 6.3638E-02,0.013582349011126822
 6.3660E-02,0.011280546940271212
 6.3683E-02,0.008948180983787413
 6.3705E-02,0.0066871884451892415
 6.3727E-02,0.004596472379501478
 6.3749E-02,0.002767558712547233
 6.3771E-02,0.001280566683879973
 6.3794E-02,0.00020067445527577137
 6.3816E-02,-0.00042476092787709573
 6.3838E-02,-0.0005682997981526897
 6.3860E-02,-0.00022363772449087165
 6.3883E-02,0.0005941112416099298
 6.3905E-02,0.001849080945468883
 6.3927E-02,0.003486241064518385
 6.3949E-02,0.005433835212024337
 6.3971E-02,0.00760655696481423
 6.3994E-02,0.009909316500495561
 6.4016E-02,0.012241424249083399
 6.4038E-02,0.014501002172596013
 6.4060E-02,0.016589427916154666
 6.4082E-02,0.01841562061379295
 6.4105E-02,0.01989998755930245
 6.4127E-02,0.020977866752753156
 6.4149E-02,0.021602321027556406
 6.4171E-02,0.021746165371207802
 6.4194E-02,0.02140314048195663
 6.4216E-02,0.020588181976895988
 6.4238E-02,0.019336774153347544
 6.4260E-02,0.017703417083585648
 6.4282E-02,0.0157592733702355
 6.4305E-02,0.013589094259761816
 6.4327E-02,0.011287553385499076
 6.4349E-02,0.008955140418956009
 6.4371E-02,0.006693786574853124
 6.4394E-02,0.004602408672034793
 6.4416E-02,0.002772566712573269
 6.4438E-02,0.001284429605425645
 6.4460E-02,0.00020323307469706964
 6.4482E-02,-0.0004236073789721539
 6.4505E-02,-0.0005685960555360512
 6.4527E-02,-0.0002253739872247046
 6.4549E-02,0.0005910008663669158
 6.4571E-02,0.0018447217424052862
 6.4594E-02,0.003480818844689539
 6.4616E-02,0.005427591221428462
 6.4638E-02,0.007599774950306283
 6.4660E-02,0.009902303928116446
 6.4682E-02,0.01223449232206177
 6.4705E-02,0.014494449436504882
 6.4727E-02,0.016583529818854525
 6.4749E-02,0.018410623885308564
 6.4771E-02,0.019896105799775615
 6.4794E-02,0.02097527362958417
 6.4816E-02,0.02160113992988919
 6.4838E-02,0.02174645771690852
 6.4860E-02,0.02140489704241749
 6.4882E-02,0.020591321220149627
 6.4905E-02,0.01934114888251263
 6.4927E-02,0.017708827162989656
 6.4949E-02,0.01576548012919391
 6.4971E-02,0.013595832499261436
 6.4994E-02,0.011294539504207201
 6.5016E-02,0.008962078392574799
 6.5038E-02,0.006700375384995823
 6.5060E-02,0.004608354154237814
 6.5082E-02,0.0027775980644673733
 6.5105E-02,0.0012883176244224926
 6.5127E-02,0.0002058055008623751
 6.5149E-02,-0.00042245722602723946
 6.5171E-02,-0.0005689083082099002
 6.5193E-02,-0.0002271266819977832
 6.5216E-02,0.0005878858721722635
 6.5238E-02,0.0018403746091300115
 6.5260E-02,0.003475419918004463
 6.5282E-02,0.005421369220663783
 6.5305E-02,0.0075930015478676855
 6.5327E-02,0.009895282172518526
 6.5349E-02,0.012227539225316233
 6.5371E-02,0.01448787600225508
 6.5393E-02,0.016577623074036138
 6.5416E-02,0.018405634337835344
 6.5438E-02,0.019892240871022468
 6.5460E-02,0.020972694723603632
 6.5482E-02,0.021599959608013683
 6.5505E-02,0.021746734612170117
 6.5527E-02,0.02140662890222168
 6.5549E-02,0.020594439077153224
 6.5571E-02,0.019345516186936675
 6.5593E-02,0.017714246211998755
 6.5616E-02,0.015771705159586237
 6.5638E-02,0.013602586110302347
 6.5660E-02,0.011301528216256724
 6.5682E-02,0.008969004575644871
 6.5705E-02,0.006706945588874644
 6.5727E-02,0.004614286313919075
 6.5749E-02,0.0027826306623024407
 6.5771E-02,0.0012922223165502064
 6.5793E-02,0.0002084019399265656
 6.5816E-02,-0.0004212879124204643
 6.5838E-02,-0.0005692152944792441
 6.5860E-02,-0.00022888859919961734
 6.5882E-02,0.0005847552010482341
 6.5905E-02,0.0018360170098268304
 6.5927E-02,0.003470023901250804
 6.5949E-02,0.005415163208561374
 6.5971E-02,0.0075862486290058425
 6.5993E-02,0.009888273698414073
 6.6016E-02,0.012220584425768238
 6.6038E-02,0.014481286657822072
 6.6060E-02,0.01657169503149555
 6.6082E-02,0.01840062963760854
 6.6105E-02,0.019888374276289474
 6.6127E-02,0.020970126478168826
 6.6149E-02,0.021598793465677217
 6.6171E-02,0.02174701821437741
 6.6193E-02,0.021408353561694328
 6.6216E-02,0.020597537892805683
 6.6238E-02,0.01934986196617118
 6.6260E-02,0.017719652303210126
 6.6282E-02,0.015777931963990997
 6.6304E-02,0.013609353905728136
 6.6327E-02,0.01130853423414424
 6.6349E-02,0.008975940603918554
 6.6371E-02,0.006713512681660228
 6.6393E-02,0.0046202052407971605
 6.6416E-02,0.0027876492588889733
 6.6438E-02,0.0012961223794165906
 6.6460E-02,0.00021100787703745637
 6.6482E-02,-0.00042009850381402223
 6.6504E-02,-0.0005695013167733058
 6.6527E-02,-0.00023063882351971588
 6.6549E-02,0.0005816223841502232
 6.6571E-02,0.0018316470255005492
 6.6593E-02,0.003464614704264274
 6.6616E-02,0.005408952706645698
 6.6638E-02,0.0075795036696511605
 6.6660E-02,0.009881281400677896
 6.6682E-02,0.0122136443728395
 6.6704E-02,0.014474701405871971
 6.6727E-02,0.01656575718725662
 6.6749E-02,0.0183956059275844
 6.6771E-02,0.01988448925258323
 6.6793E-02,0.020967549419899513
 6.6816E-02,0.02159763106445413
 6.6838E-02,0.021747313331280733
 6.6860E-02,0.02141008805676257
 6.6882E-02,0.020600636576022457
 6.6904E-02,0.019354195603789294
 6.6927E-02,0.017725039722893174
 6.6949E-02,0.01578414329017842
 6.6971E-02,0.01361611756586386
 6.6993E-02,0.01131554919690248
 6.7000E-02,0.010608598200107386
