  0.000,0.0
  1.000,0.01456641940121728
  0.000,0.01456641940121728
 2.0200E-05,0.015325154831974903
 4.0400E-05,0.017430366809583393
 6.0600E-05,0.020947220909533396
 8.0800E-05,0.025738343290925492
 1.0100E-04,0.030060122760485426
 1.2120E-04,0.032596714145985514
 1.4140E-04,0.03297546382725845
 1.6160E-04,0.031182493194951637
 1.8180E-04,0.027921501454333038
 2.0200E-04,0.02485869181267119
 2.2220E-04,0.022968833138041107
 2.4240E-04,0.021997897743063315
 2.6260E-04,0.021503642893780713
 2.8280E-04,0.020579056320016643
 3.0300E-04,0.017968447236670758
 3.2320E-04,0.01354345009617329
 3.4340E-04,0.008311214538948475
 3.6360E-04,0.0033214845469717426
 3.8380E-04,-0.00029706679894967803
 4.0400E-04,-0.001585034828870585
 4.2420E-04,-0.0008597130914696455
 4.4440E-04,0.0006961002985827816
 4.6460E-04,0.0021517915178160575
 4.8480E-04,0.002806652122999162
 5.0500E-04,0.0024600629202214622
 5.2520E-04,0.0019984017426186236
 5.4540E-04,0.002667675224918837
 5.6560E-04,0.0051050116426161135
 5.8580E-04,0.009354309379635148
 6.0600E-04,0.01481453333767258
 6.2620E-04,0.020124541279970595
 6.4640E-04,0.023997805395661258
 6.6660E-04,0.026016300311145876
 6.8680E-04,0.026482116762941422
 7.0700E-04,0.026189839521663556
 7.2720E-04,0.02624148811685743
 7.4740E-04,0.027296017776097015
 7.6760E-04,0.029023354414321884
 7.8780E-04,0.030526896627899484
 8.0800E-04,0.03081978576919241
 8.2820E-04,0.029076506568936997
 8.4840E-04,0.025259230722135866
 8.6860E-04,0.020302438118174556
 8.8880E-04,0.015417785545021129
 9.0900E-04,0.011586275895071153
 9.2920E-04,0.009314712159618611
 9.4940E-04,0.008265955655291965
 9.6960E-04,0.0074510778374685185
 9.8980E-04,0.005995018577888983
 1.0100E-03,0.0035648830517958047
 1.0302E-03,0.00046584849367763224
 1.0504E-03,-0.0023416475001143914
 1.0706E-03,-0.003689128995112121
 1.0908E-03,-0.0029178389008386657
 1.1110E-03,-0.00015408669632227534
 1.1312E-03,0.0038346809268966645
 1.1514E-03,0.007904808418304442
 1.1716E-03,0.011061128725084957
 1.1918E-03,0.013029886097710698
 1.2120E-03,0.014287142376050468
 1.2322E-03,0.015669355215284102
 1.2524E-03,0.017976074937863924
 1.2726E-03,0.021502845057930445
 1.2928E-03,0.025731208901680867
 1.3130E-03,0.02959887400344262
 1.3332E-03,0.03205181282440195
 1.3534E-03,0.03245779268820525
 1.3736E-03,0.03090963762595179
 1.3938E-03,0.028234963329805015
 1.4140E-03,0.025509058303938365
 1.4342E-03,0.02348376491118182
 1.4544E-03,0.022304161087418662
 1.4746E-03,0.021459509335921268
 1.4948E-03,0.020045219595951805
 1.5150E-03,0.01733643337517862
 1.5352E-03,0.013237849741140121
 1.5554E-03,0.008338479605631185
 1.5756E-03,0.003689841131098299
 1.5958E-03,0.0003659680067471557
 1.6160E-03,-0.0010684393676820738
 1.6362E-03,-0.0008027115213739228
 1.6564E-03,0.0004039409454948879
 1.6766E-03,0.0016238167781537677
 1.6968E-03,0.00222051215663069
 1.7170E-03,0.002206155927163904
 1.7372E-03,0.002223583403510714
 1.7574E-03,0.0031505217961489062
 1.7776E-03,0.005627217459855399
 1.7978E-03,0.00970459779457116
 1.8180E-03,0.01473287676320646
 1.8382E-03,0.01963313239549107
 1.8584E-03,0.023415831786488372
 1.8786E-03,0.025602891786375606
 1.8988E-03,0.026391497301391707
 1.9190E-03,0.026518344901471643
 1.9392E-03,0.026825573518153747
 1.9594E-03,0.027767370683277146
 1.9796E-03,0.02917000733646743
 1.9998E-03,0.030319937119237465
 2.0200E-03,0.030312104320451692
 2.0402E-03,0.028534353947142908
 2.0604E-03,0.025022138217075333
 2.0806E-03,0.020460226352534444
 2.1008E-03,0.015870250970862303
 2.1210E-03,0.01215874769950332
 2.1412E-03,0.00971236643400738
 2.1614E-03,0.008257918431985081
 2.1816E-03,0.007085376503801008
 2.2018E-03,0.005480981157845655
 2.2220E-03,0.0031359517705057518
 2.2422E-03,0.00035633923064139206
 2.2624E-03,-0.0020493685029159903
 2.2826E-03,-0.003170980733019867
 2.3028E-03,-0.002449664452157964
 2.3230E-03,5.05970709141928e-05
 2.3432E-03,0.003660006524642201
 2.3634E-03,0.0074150256299215615
 2.3836E-03,0.010523096445293582
 2.4038E-03,0.01271759725379515
 2.4240E-03,0.014324985433790604
 2.4442E-03,0.016036493276049956
 2.4644E-03,0.018490272727698386
 2.4846E-03,0.021871086749837895
 2.5048E-03,0.025756174179862423
 2.5250E-03,0.02928432853578167
 2.5452E-03,0.03154559555797385
 2.5654E-03,0.03200658202766817
 2.5856E-03,0.030761257881277815
 2.6058E-03,0.028463368026047035
 2.6260E-03,0.02598206310398153
 2.6462E-03,0.023972765679145084
 2.6664E-03,0.022571585962276902
 2.6866E-03,0.02136306298133059
 2.7068E-03,0.019647710429426674
 2.7270E-03,0.016863549038317806
 2.7472E-03,0.012932106153378777
 2.7674E-03,0.008359830016472627
 2.7876E-03,0.004044642334225003
 2.8078E-03,0.0008751799237676143
 2.8280E-03,-0.0006682730396819526
 2.8482E-03,-0.0007029531647010469
 2.8684E-03,0.00016010906811410634
 2.8886E-03,0.0011552482759850965
 2.9088E-03,0.0017701046862742416
 2.9290E-03,0.002007854851965553
 2.9492E-03,0.0023655705528866544
 2.9694E-03,0.003550002747431252
 2.9896E-03,0.006078596122143552
 3.0098E-03,0.009965110816247518
 3.0300E-03,0.01465661614024582
 3.0502E-03,0.019258602690682254
 3.0704E-03,0.022928404523415612
 3.0906E-03,0.02523864964186777
 3.1108E-03,0.02633240949208865
 3.1310E-03,0.02678978332547494
 3.1512E-03,0.027276352762534668
 3.1714E-03,0.02816279963585181
 3.1916E-03,0.02931129037877757
 3.2118E-03,0.030134129933431276
 3.2320E-03,0.029897405508378046
 3.2522E-03,0.02811370167355809
 3.2724E-03,0.024816706995548807
 3.2926E-03,0.020577827935054322
 3.3128E-03,0.016259571081955776
 3.3330E-03,0.01262911215137517
 3.3532E-03,0.010028247543583446
 3.3734E-03,0.008268507112182173
 3.3936E-03,0.006798358705721947
 3.4138E-03,0.0050500456311093405
 3.4340E-03,0.00278759993775226
 3.4542E-03,0.00027556671068384
 3.4744E-03,-0.0018212411173958022
 3.4946E-03,-0.002753603004656339
 3.5148E-03,-0.002056176522860899
 3.5350E-03,0.0002169972150253179
 3.5552E-03,0.0035089504097098622
 3.5754E-03,0.007020856845336928
 3.5956E-03,0.01008309126795975
 3.6158E-03,0.012446946611581836
 3.6360E-03,0.014352017243011488
 3.6562E-03,0.016338016926092287
 3.6764E-03,0.01890011107981516
 3.6966E-03,0.02216931971255613
 3.7168E-03,0.02578493978334268
 3.7370E-03,0.029024493905721142
 3.7572E-03,0.031126381127878824
 3.7774E-03,0.031642177444991884
 3.7976E-03,0.0306379075796121
 3.8178E-03,0.028642364682792652
 3.8380E-03,0.02637262137684295
 3.8582E-03,0.02437894035742207
 3.8784E-03,0.022790408248894733
 3.8986E-03,0.02129061202335223
 3.9188E-03,0.019332465721343475
 3.9390E-03,0.016477262736423207
 3.9592E-03,0.012681350255445926
 3.9794E-03,0.008381748014078358
 3.9996E-03,0.004334833009786849
 4.0198E-03,0.0012900424771956458
 4.0400E-03,-0.0003351036595953278
 4.0602E-03,-0.0006159576775911887
 4.0804E-03,-3.970843668508518e-05
 4.1006E-03,0.0007734969781273411
 4.1208E-03,0.0014024918383530244
 4.1410E-03,0.001839027301340661
 4.1612E-03,0.002475504672240485
 4.1814E-03,0.0038751183479997318
 4.2016E-03,0.006443916568859299
 4.2218E-03,0.010174698081013303
 4.2420E-03,0.014595692001445282
 4.2622E-03,0.01895134450239739
 4.2824E-03,0.02252441727527526
 4.3026E-03,0.024937249472526485
 4.3228E-03,0.02628039206295924
 4.3430E-03,0.027005701814120996
 4.3632E-03,0.027642942209138387
 4.3834E-03,0.028488701455353437
 4.4036E-03,0.029428660757654462
 4.4238E-03,0.02998479820726596
 4.4440E-03,0.029562816514024672
 4.4642E-03,0.027771349148897805
 4.4844E-03,0.024647933607394402
 4.5046E-03,0.020675448072528198
 4.5248E-03,0.01658039402194423
 4.5450E-03,0.013016113179649904
 4.5652E-03,0.010292030975262642
 4.5854E-03,0.008284159388816142
 4.6056E-03,0.006567780062461536
 4.6258E-03,0.004700027459130874
 4.6460E-03,0.002504236821553417
 4.6662E-03,0.0002078718698647129
 4.6864E-03,-0.0016374751496658034
 4.7066E-03,-0.00241284332907428
 4.7268E-03,-0.001734322063019476
 4.7470E-03,0.0003526988622563419
 4.7672E-03,0.0033858615765155232
 4.7874E-03,0.006697711498495065
 4.8076E-03,0.009719026383764682
 4.8278E-03,0.012220065263191377
 4.8480E-03,0.014368706941649066
 4.8682E-03,0.016578946815483143
 4.8884E-03,0.01923135961983197
 4.9086E-03,0.022412383888510908
 4.9288E-03,0.02580854843368003
 4.9490E-03,0.028811771281375204
 4.9692E-03,0.03078342110449294
 4.9894E-03,0.0313429986335204
 5.0096E-03,0.030534595788424462
 5.0298E-03,0.028787478536554393
 5.0500E-03,0.02669300296556663
 5.0702E-03,0.024713731196043195
 5.0904E-03,0.02297398431563235
 5.1106E-03,0.021237383419656277
 5.1308E-03,0.01907963930965671
 5.1510E-03,0.016164511399708394
 5.1712E-03,0.012478368326870928
 5.1914E-03,0.008400677502364015
 5.2116E-03,0.004572815056150751
 5.2318E-03,0.0016313655986908656
 5.2520E-03,-5.9347317167661885e-05
 5.2722E-03,-0.0005416567927554178
 5.2924E-03,-0.0002006642110739957
 5.3126E-03,0.0004621419535754036
 5.3328E-03,0.001099933977754157
 5.3530E-03,0.0016969889001206087
 5.3732E-03,0.002560989524735261
 5.3934E-03,0.004136846024611141
 5.4136E-03,0.006739499301491296
 5.4338E-03,0.010344440210256281
 5.4540E-03,0.014544718159770376
 5.4742E-03,0.01869807257760494
 5.4944E-03,0.022190959370957636
 5.5146E-03,0.024686667379669736
 5.5348E-03,0.026233123948351793
 5.5550E-03,0.027178435056201627
 5.5752E-03,0.027941085084610132
 5.5954E-03,0.028755736253091916
 5.6156E-03,0.029526879100620667
 5.6358E-03,0.029865905781162345
 5.6560E-03,0.029292050764382977
 5.6762E-03,0.027493085819870665
 5.6964E-03,0.024510964883978616
 5.7166E-03,0.02075642590847682
 5.7368E-03,0.01684471528285826
 5.7570E-03,0.013336156452338457
 5.7772E-03,0.010512813291618859
 5.7974E-03,0.008302341993473964
 5.8176E-03,0.006383751258843999
 5.8378E-03,0.004416670428197202
 5.8580E-03,0.0022732363451143135
 5.8782E-03,0.00015152525253008626
 5.8984E-03,-0.0014886805534675067
 5.9186E-03,-0.0021352777115092644
 5.9388E-03,-0.0014715551264473346
 5.9590E-03,0.0004637447037491823
 5.9792E-03,0.003284947499691872
 5.9994E-03,0.006431759015411409
 6.0196E-03,0.009417771608167586
 6.0398E-03,0.012029538309044277
 6.0600E-03,0.014376727193861258
 6.0802E-03,0.016770920287189035
 6.1004E-03,0.019498825002719367
 6.1206E-03,0.022609506243282486
 6.1408E-03,0.025827390318467
 6.1610E-03,0.0286377335347568
 6.1812E-03,0.03050244358816087
 6.2014E-03,0.031097032503374256
 6.2216E-03,0.030448553875135453
 6.2418E-03,0.028905337173949937
 6.2620E-03,0.026955762269337817
 6.2822E-03,0.02499027379009232
 6.3024E-03,0.023128599531574246
 6.3226E-03,0.02119904533455172
 6.3428E-03,0.01887760165173364
 6.3630E-03,0.01591226898433199
 6.3832E-03,0.012314539022573397
 6.4034E-03,0.008417451971062258
 6.4236E-03,0.004768774616086811
 6.4438E-03,0.0019125627856893947
 6.4640E-03,0.0001689619953530706
 6.4842E-03,-0.0004779354552668702
 6.5044E-03,-0.0003301210999369469
 6.5246E-03,0.00020794565971983634
 6.5448E-03,0.000850811390978217
 6.5650E-03,0.0015774350727888332
 6.5852E-03,0.002626707156149208
 6.6054E-03,0.0043469182004068595
 6.6256E-03,0.006978202540950259
 6.6458E-03,0.01048119754117033
 6.6660E-03,0.014501326805671101
 6.6862E-03,0.01848881942752717
 6.7064E-03,0.02191518119645294
 6.7266E-03,0.02447773368215355
 6.7468E-03,0.02619023043394804
 6.7670E-03,0.027316300206232613
 6.7872E-03,0.028183217867043128
 6.8074E-03,0.028974441735913195
 6.8276E-03,0.029609188459156756
 6.8478E-03,0.029771445692822668
 6.8680E-03,0.029073225506750785
 6.8882E-03,0.02726746228257275
 6.9084E-03,0.024400338142855048
 6.9286E-03,0.020824088530206435
 6.9488E-03,0.017063153093727437
 6.9690E-03,0.013601466146920153
 6.9892E-03,0.010698050028126205
 7.0094E-03,0.008322219774375198
 7.0296E-03,0.006237571097469467
 7.0498E-03,0.004187710303133735
 7.0700E-03,0.002085249355303747
 7.0902E-03,0.00010492729072607808
 7.1104E-03,-0.00136815342506911
 7.1306E-03,-0.0019093104672162334
 7.1508E-03,-0.001257185789625172
 7.1710E-03,0.0005543083701789492
 7.1912E-03,0.003201736926185291
 7.2114E-03,0.006212400979355236
 7.2316E-03,0.009167993487404538
 7.2518E-03,0.011868991500466225
 7.2720E-03,0.014378031836772323
 7.2922E-03,0.016923178826456657
 7.3124E-03,0.019714121259150865
 7.3326E-03,0.022768787482496392
 7.3528E-03,0.025842008259923204
 7.3730E-03,0.02849502049872746
 7.3932E-03,0.03027201674868904
 7.4134E-03,0.03089477693241421
 7.4336E-03,0.0303770023020822
 7.4538E-03,0.02900121104684414
 7.4740E-03,0.027171563424345326
 7.4942E-03,0.025219113893995265
 7.5144E-03,0.02325920012911539
 7.5346E-03,0.021172512935627663
 7.5548E-03,0.0187169049820074
 7.5750E-03,0.01570952841286012
 7.5952E-03,0.01218296475043844
 7.6154E-03,0.008432848035455843
 7.6356E-03,0.004930658449874056
 7.6558E-03,0.0021446226968202275
 7.6760E-03,0.00035828730710685416
 7.6962E-03,-0.00042318255073492037
 7.7164E-03,-0.00043414229529179497
 7.7366E-03,3.6974338199014314e-07
 7.7568E-03,0.0006455406695451375
 7.7770E-03,0.0014765796769642347
 7.7972E-03,0.002676587573643418
 7.8174E-03,0.0045149549843674225
 7.8376E-03,0.007170341592747937
 7.8578E-03,0.010590699761006465
 7.8780E-03,0.01446380437014131
 7.8982E-03,0.01831533390237395
 7.9184E-03,0.021686541866061358
 7.9386E-03,0.024303072886369487
 7.9588E-03,0.02615126112698537
 7.9790E-03,0.027425923767785774
 7.9992E-03,0.028379622361050204
 8.0194E-03,0.029153479381811058
 8.0396E-03,0.029678172617272527
 8.0598E-03,0.029696643943380244
 8.0800E-03,0.02889672998035913
 8.1002E-03,0.02708497162446343
 8.1204E-03,0.024311516564823103
 8.1406E-03,0.020881189201521145
 8.1608E-03,0.017244283710111635
 8.1810E-03,0.013821994348325126
 8.2012E-03,0.010853992430112293
 8.2214E-03,0.008343175937696831
 8.2416E-03,0.006122092424946118
 8.2618E-03,0.004003181482658006
 8.2820E-03,0.0019326229253000034
 8.3022E-03,6.661511961508662e-05
 8.3224E-03,-0.0012704591706406935
 8.3426E-03,-0.001725412494505718
 8.3628E-03,-0.0010824951766855015
 8.3830E-03,0.0006278446731364544
 8.4032E-03,0.0031327074459788972
 8.4234E-03,0.006030982406911493
 8.4436E-03,0.008960355408628252
 8.4638E-03,0.011733200470825688
 8.4840E-03,0.01437415966244394
 8.5042E-03,0.01704317948757472
 8.5244E-03,0.019886770765736934
 8.5446E-03,0.022896936279540855
 8.5648E-03,0.02585287232183211
 8.5850E-03,0.028377661678541652
 8.6052E-03,0.030082845032227738
 8.6254E-03,0.030728400319627616
 8.6456E-03,0.03031757477548055
 8.6658E-03,0.029079383765538543
 8.6860E-03,0.027349101945668308
 8.7062E-03,0.02540886666884677
 8.7264E-03,0.023369912477410455
 8.7466E-03,0.02115534556738525
 8.7668E-03,0.018589829433894846
 8.7870E-03,0.015547280414787066
 8.8072E-03,0.012077976289101892
 8.8274E-03,0.00844741291750787
 8.8476E-03,0.005064905449919832
 8.8678E-03,0.0023365517316839956
 8.8880E-03,0.0005155853887815361
 8.9082E-03,-0.0003760352806029256
 8.9284E-03,-0.0005176146207114642
 8.9486E-03,-0.00016917987301337913
 8.9688E-03,0.000476234470106277
 8.9890E-03,0.0013912703285009335
 9.0092E-03,0.0027137971713369286
 9.0294E-03,0.004648778154306086
 9.0496E-03,0.007324363727744189
 9.0698E-03,0.010677701896772297
 9.0900E-03,0.014430805825287284
 9.1102E-03,0.018170897660787392
 9.1304E-03,0.021496430887851935
 9.1506E-03,0.024156609774950412
 9.1708E-03,0.02611577023557564
 9.1910E-03,0.027512681279436048
 9.2112E-03,0.02853870395163028
 9.2314E-03,0.029299954723472004
 9.2516E-03,0.029736004185153757
 9.2718E-03,0.02963766215311961
 9.2920E-03,0.028754722641646375
 9.3122E-03,0.026937816876399984
 9.3324E-03,0.024240748117712783
 9.3526E-03,0.020929916988782958
 9.3728E-03,0.01739507477666893
 9.3930E-03,0.014005890789871583
 9.4132E-03,0.010985796719843743
 9.4334E-03,0.008364754405157826
 9.4536E-03,0.006031517499101734
 9.4738E-03,0.003854947141772212
 9.4940E-03,0.0018090574229424916
 9.5142E-03,3.533406780793758e-05
 9.5344E-03,-0.0011911986689396806
 9.5546E-03,-0.001575815429214102
 9.5748E-03,-0.0009403358220067806
 9.5950E-03,0.000687235374878829
 9.6152E-03,0.0030750321682885213
 9.6354E-03,0.005880450388851275
 9.6556E-03,0.008787215336167574
 9.6758E-03,0.011617850079868828
 9.6960E-03,0.014366307909695418
 9.7162E-03,0.017136981782036712
 9.7364E-03,0.020024562364915083
 9.7566E-03,0.02299947166491454
 9.7768E-03,0.025860419773581278
 9.7970E-03,0.028280823700467007
 9.8172E-03,0.02992733904088792
 9.8374E-03,0.030591468736933906
 9.8576E-03,0.030268286312040316
 9.8778E-03,0.0291433080490198
 9.8980E-03,0.027495461465947127
 9.9182E-03,0.025566592954585028
 9.9384E-03,0.023464158476934834
 9.9586E-03,0.021145597342817728
 9.9788E-03,0.018490093747850503
 9.9990E-03,0.015418155581986307
 1.0019E-02,0.011994897442662432
 1.0039E-02,0.008461538755232107
 1.0060E-02,0.005176742267142995
 1.0080E-02,0.0024957080413486404
 1.0100E-02,0.0006465725452551336
 1.0120E-02,-0.0003353278753088682
 1.0140E-02,-0.0005844875359142746
 1.0161E-02,-0.0003077154187594174
 1.0181E-02,0.0003364227756002231
 1.0201E-02,0.0013188835297595716
 1.0221E-02,0.002740874148299965
 1.0241E-02,0.004754755645011306
 1.0262E-02,0.007447186935933284
 1.0282E-02,0.010746132088842387
 1.0302E-02,0.014401280249829644
 1.0322E-02,0.01805005252255598
 1.0342E-02,0.021337808902721488
 1.0363E-02,0.024033342072464454
 1.0383E-02,0.026083342993444426
 1.0403E-02,0.02758092747310861
 1.0423E-02,0.02866732298980233
 1.0443E-02,0.029419701089256952
 1.0464E-02,0.02978450679616103
 1.0484E-02,0.029591406334519208
 1.0504E-02,0.028640811538108164
 1.0524E-02,0.026819608842940188
 1.0544E-02,0.024184922866532118
 1.0565E-02,0.020972013221624935
 1.0585E-02,0.017521194936069778
 1.0605E-02,0.014159824349006539
 1.0625E-02,0.01109771381086538
 1.0645E-02,0.008386630105565961
 1.0666E-02,0.005961142303665529
 1.0686E-02,0.0037363595764848424
 1.0706E-02,0.001709374085573409
 1.0726E-02,1.0012299762285305e-05
 1.0746E-02,-0.0011268163077083147
 1.0767E-02,-0.001454183099308986
 1.0787E-02,-0.0008248449442784367
 1.0807E-02,0.0007348791206073742
 1.0827E-02,0.0030264434291589664
 1.0847E-02,0.0057550617725581725
 1.0868E-02,0.008642315966818252
 1.0888E-02,0.011519374323143598
 1.0908E-02,0.014355408781879233
 1.0928E-02,0.017209508775959573
 1.0948E-02,0.02013386322670039
 1.0969E-02,0.02308093525563944
 1.0989E-02,0.02586505276037776
 1.1009E-02,0.02820059115867076
 1.1029E-02,0.0297993027797061
 1.1049E-02,0.03047869940054276
 1.1070E-02,0.030227471289532674
 1.1090E-02,0.029195765427286906
 1.1110E-02,0.027616415076756592
 1.1130E-02,0.025698079259269445
 1.1150E-02,0.02354477356871178
 1.1171E-02,0.02114171983761888
 1.1191E-02,0.018412588187907517
 1.1211E-02,0.015316124029385437
 1.1231E-02,0.011929872038905824
 1.1251E-02,0.008475502235936475
 1.1272E-02,0.005270409533535195
 1.1292E-02,0.00262810240369143
 1.1312E-02,0.0007559470622145509
 1.1332E-02,-0.0003000657308721128
 1.1352E-02,-0.00063795346910156
 1.1373E-02,-0.0004209569048420613
 1.1393E-02,0.00022079865172118073
 1.1413E-02,0.0012572353812127313
 1.1433E-02,0.00275985293639957
 1.1453E-02,0.004838072232265074
 1.1474E-02,0.007544475363599507
 1.1494E-02,0.010799234950251056
 1.1514E-02,0.014374409442315711
 1.1534E-02,0.017948363841490185
 1.1554E-02,0.021204920817045947
 1.1575E-02,0.02392915243278027
 1.1595E-02,0.02605359922027885
 1.1615E-02,0.027634189079590827
 1.1635E-02,0.028771079344973638
 1.1655E-02,0.029517507592936063
 1.1676E-02,0.029825209501350855
 1.1696E-02,0.02955538345584159
 1.1716E-02,0.028549787072543617
 1.1736E-02,0.026725111352569643
 1.1756E-02,0.02414146304954675
 1.1777E-02,0.021008861903846314
 1.1797E-02,0.017627254742848115
 1.1817E-02,0.01428925071367633
 1.1837E-02,0.01119324760213088
 1.1857E-02,0.00840857584408922
 1.1878E-02,0.005907149529934904
 1.1898E-02,0.00364198747955747
 1.1918E-02,0.001629315580910667
 1.1938E-02,-1.0265131670885103e-05
 1.1958E-02,-0.001074439489899212
 1.1979E-02,-0.0013553479750371116
 1.1999E-02,-0.0007312144610451065
 1.2019E-02,0.0007727712452634965
 1.2039E-02,0.0029851232463727973
 1.2059E-02,0.005650140354965781
 1.2080E-02,0.008520533950641711
 1.2100E-02,0.011434827211525125
 1.2120E-02,0.0143421866984465
 1.2140E-02,0.017264759842779972
 1.2160E-02,0.02021987842818142
 1.2181E-02,0.023145064647750964
 1.2201E-02,0.025867136810215186
 1.2221E-02,0.028133793009613165
 1.2241E-02,0.029693678592589808
 1.2261E-02,0.030385755036519118
 1.2282E-02,0.030193732803261875
 1.2302E-02,0.029238996062010657
 1.2322E-02,0.02771666729214508
 1.2342E-02,0.02580806709225322
 1.2362E-02,0.023614106719291414
 1.2383E-02,0.02114248209870816
 1.2403E-02,0.018353156349111586
 1.2423E-02,0.015236252286738451
 1.2443E-02,0.011879720812042843
 1.2463E-02,0.008489493692576766
 1.2484E-02,0.005349347451923879
 1.2504E-02,0.0027386448523580432
 1.2524E-02,0.0008475703208686244
 1.2544E-02,-0.00026940172449787126
 1.2564E-02,-0.0006805921771650839
 1.2585E-02,-0.0005135697453506098
 1.2605E-02,0.00012500945926806708
 1.2625E-02,0.0012045086619652896
 1.2645E-02,0.0027723635370921033
 1.2665E-02,0.004902948969939207
 1.2686E-02,0.007620866260036753
 1.2706E-02,0.010839690264425389
 1.2726E-02,0.014349558186646842
 1.2746E-02,0.017862229022801834
 1.2766E-02,0.02109306196173014
 1.2787E-02,0.023840652346889223
 1.2807E-02,0.02602619445197806
 1.2827E-02,0.02767532176304368
 1.2847E-02,0.02885454364471748
 1.2867E-02,0.029597305619774944
 1.2888E-02,0.029859393463530264
 1.2908E-02,0.029527585400720875
 1.2928E-02,0.028477403712287644
 1.2948E-02,0.02665003364177923
 1.2968E-02,0.024108232907345983
 1.2989E-02,0.021041562491547657
 1.3009E-02,0.01771700427974421
 1.3029E-02,0.014398633420461089
 1.3049E-02,0.011275286611106966
 1.3069E-02,0.00843043815095983
 1.3090E-02,0.005866442570696895
 1.3110E-02,0.0035673944262128317
 1.3130E-02,0.0015653830832479143
 1.3150E-02,-2.627715705747261e-05
 1.3170E-02,-0.001031747298034549
 1.3191E-02,-0.0012750954497458662
 1.3211E-02,-0.000655501190111576
 1.3231E-02,0.0008025713086388369
 1.3251E-02,0.002949615037724003
 1.3271E-02,0.005561879078908358
 1.3292E-02,0.008417674754332418
 1.3312E-02,0.011361775457004581
 1.3332E-02,0.0143272030227501
 1.3352E-02,0.017305983520189826
 1.3372E-02,0.020286862609962493
 1.3393E-02,0.02319493518775718
 1.3413E-02,0.02586700053632979
 1.3433E-02,0.02807786126758491
 1.3453E-02,0.029606338189429943
 1.3473E-02,0.030309074949978324
 1.3494E-02,0.030165900288975887
 1.3514E-02,0.029274803811791174
 1.3534E-02,0.027800051752144245
 1.3554E-02,0.025900441600697256
 1.3574E-02,0.02367410360095684
 1.3595E-02,0.021146906523659956
 1.3615E-02,0.018308417676597903
 1.3635E-02,0.015174504296322108
 1.3655E-02,0.011841823042865044
 1.3675E-02,0.008503639495689273
 1.3696E-02,0.0054163465994643
 1.3716E-02,0.0028313459951137127
 1.3736E-02,0.0009246155268542462
 1.3756E-02,-0.0002426156114246987
 1.3776E-02,-0.0007144879437040257
 1.3797E-02,-0.0005893589345912873
 1.3817E-02,4.54855920995667e-05
 1.3837E-02,0.0011591919764949456
 1.3857E-02,0.002779711435033092
 1.3877E-02,0.004952822108397175
 1.3898E-02,0.0076801558914718505
 1.3918E-02,0.010869710863150741
 1.3938E-02,0.014326234619327485
 1.3958E-02,0.017788721593527804
 1.3978E-02,0.020998386556458738
 1.3999E-02,0.023765053470886394
 1.4019E-02,0.026000819729478413
 1.4039E-02,0.027706637635043833
 1.4059E-02,0.02892144635299515
 1.4079E-02,0.029662322290871037
 1.4100E-02,0.02988813150691334
 1.4120E-02,0.029506395123790365
 1.4140E-02,0.028420201811388112
 1.4160E-02,0.0265908598708753
 1.4180E-02,0.024083463270240666
 1.4201E-02,0.02107098746695074
 1.4221E-02,0.017793493201998346
 1.4241E-02,0.014491623623801252
 1.4261E-02,0.011346211185459781
 1.4281E-02,0.008452117329398583
 1.4302E-02,0.005836509146360419
 1.4322E-02,0.003508956311485244
 1.4342E-02,0.0015147009543795857
 1.4362E-02,-3.868614696561851e-05
 1.4382E-02,-0.0009968651988810514
 1.4403E-02,-0.0012099886333383565
 1.4423E-02,-0.0005944718059258137
 1.4443E-02,0.000825658797014389
 1.4463E-02,0.0029187520281886144
 1.4483E-02,0.005487178487387453
 1.4504E-02,0.008330304370958308
 1.4524E-02,0.011298209608379264
 1.4544E-02,0.014310891576312695
 1.4564E-02,0.017335818413092226
 1.4584E-02,0.02033829352315269
 1.4605E-02,0.02323307723252554
 1.4625E-02,0.025864937052562036
 1.4645E-02,0.028030716714970608
 1.4665E-02,0.029533912137704198
 1.4685E-02,0.030245736267519377
 1.4706E-02,0.030142993555508722
 1.4726E-02,0.02930464080290584
 1.4746E-02,0.027869692148833825
 1.4766E-02,0.025978385877744307
 1.4786E-02,0.02372637525294817
 1.4807E-02,0.02115421720586055
 1.4827E-02,0.018275622686540132
 1.4847E-02,0.015127578264162268
 1.4867E-02,0.011814018715158898
 1.4887E-02,0.008518019152847014
 1.4908E-02,0.005473670448775735
 1.4928E-02,0.0029094816644471854
 1.4948E-02,0.0009896901605707924
 1.4968E-02,-0.00021909600540408235
 1.4988E-02,-0.0007413245061177801
 1.5009E-02,-0.0006514276466240583
 1.5029E-02,-2.070025544422861e-05
 1.5049E-02,0.0011200287418992316
 1.5069E-02,0.0027829417749874906
 1.5089E-02,0.004990488894967587
 1.5110E-02,0.007725451949727619
 1.5130E-02,0.010891123746565024
 1.5150E-02,0.01430405908432411
 1.5170E-02,0.017725464518512604
 1.5190E-02,0.02091775107848327
 1.5211E-02,0.023700061589576903
 1.5231E-02,0.02597720019860835
 1.5251E-02,0.027730008492811552
 1.5271E-02,0.02897483203301203
 1.5291E-02,0.02971520637360304
 1.5312E-02,0.02991232133448499
 1.5332E-02,0.029490510745399587
 1.5352E-02,0.02837536224241249
 1.5372E-02,0.026544709367808974
 1.5392E-02,0.024065689119875156
 1.5413E-02,0.021097828788273477
 1.5433E-02,0.017859201681483357
 1.5453E-02,0.014571208140846292
 1.5473E-02,0.011407983031971818
 1.5493E-02,0.008473553297983542
 1.5514E-02,0.005815311620820688
 1.5534E-02,0.0034637131368071006
 1.5554E-02,0.001474906342004696
 1.5574E-02,-4.8054045676740017e-05
 1.5594E-02,-0.0009682790574516459
 1.5615E-02,-0.0011572246054808917
 1.5635E-02,-0.0005454748677448575
 1.5655E-02,0.0008431802969322366
 1.5675E-02,0.0028916002386005345
 1.5695E-02,0.005423515516317803
 1.5716E-02,0.008255611668817962
 1.5736E-02,0.011242470547091436
 1.5756E-02,0.014293586518955018
 1.5776E-02,0.01735640751503464
 1.5796E-02,0.020377013704075516
 1.5817E-02,0.023261572467911204
 1.5837E-02,0.02586120588592545
 1.5857E-02,0.02799067602668754
 1.5877E-02,0.029473650452456115
 1.5897E-02,0.030193339844406423
 1.5918E-02,0.030124192396900375
 1.5938E-02,0.0293296757960848
 1.5958E-02,0.027928133695580767
 1.5978E-02,0.026044507842710188
 1.5998E-02,0.02377225551022149
 1.6019E-02,0.021163799043097616
 1.6039E-02,0.018252535437730807
 1.6059E-02,0.015092773303400779
 1.6079E-02,0.011794527819653613
 1.6099E-02,0.00853267828302968
 1.6120E-02,0.005523154791561596
 1.6140E-02,0.0029757274523508443
 1.6160E-02,0.0010449367290557396
 1.6180E-02,-0.00019832459290529294
 1.6200E-02,-0.0007624616965663828
 1.6221E-02,-0.0007023064737731931
 1.6241E-02,-7.5948448438864e-05
 1.6261E-02,0.0010859746388511035
 1.6281E-02,0.0027828909141620725
 1.6301E-02,0.005018226277071401
 1.6322E-02,0.007759298333762979
 1.6342E-02,0.01090543715397418
 1.6362E-02,0.014282739588507818
 1.6382E-02,0.017670527220517512
 1.6402E-02,0.02084858614054954
 1.6423E-02,0.02364378920936974
 1.6443E-02,0.02595509296253518
 1.6463E-02,0.027746949466090236
 1.6483E-02,0.02901718537205434
 1.6503E-02,0.029758131868458604
 1.6524E-02,0.0299327137833052
 1.6544E-02,0.0294788845234589
 1.6564E-02,0.028340588006346278
 1.6584E-02,0.026509222012720116
 1.6604E-02,0.024053697509636787
 1.6625E-02,0.021122634592046205
 1.6645E-02,0.01791614644133179
 1.6665E-02,0.014639830014099351
 1.6685E-02,0.011462218440426802
 1.6705E-02,0.00849471420582712
 1.6726E-02,0.005801197230898121
 1.6746E-02,0.0034292471251043794
 1.6766E-02,0.0014440575646730925
 1.6786E-02,-5.485725622862182e-05
 1.6806E-02,-0.0009447663831865481
 1.6827E-02,-0.0011145178678930161
 1.6847E-02,-0.0005063364522422788
 1.6867E-02,0.0008560883378020772
 1.6887E-02,0.0028674122771178744
 1.6907E-02,0.0053688363299111
 1.6928E-02,0.008191295434102661
 1.6948E-02,0.01119318853782499
 1.6968E-02,0.014275544213703445
 1.6988E-02,0.01736949111249879
 1.7008E-02,0.02040534639066437
 1.7029E-02,0.02328213336445794
 1.7049E-02,0.02585603554630835
 1.7069E-02,0.027956376674184373
 1.7089E-02,0.029423308892254186
 1.7109E-02,0.030149916571575383
 1.7130E-02,0.030108810857205008
 1.7150E-02,0.029350849144702863
 1.7170E-02,0.027977450046685254
 1.7190E-02,0.026100943966746882
 1.7210E-02,0.02381284838483471
 1.7231E-02,0.021175164822330273
 1.7251E-02,0.01823733765225667
 1.7271E-02,0.015067880071576608
 1.7291E-02,0.011781883558274222
 1.7311E-02,0.008547638242508834
 1.7332E-02,0.005566288303823224
 1.7352E-02,0.0030322685291010853
 1.7372E-02,0.001092115517047154
 1.7392E-02,-0.000179862564621665
 1.7412E-02,-0.0007789975575719349
 1.7433E-02,-0.000744059001001296
 1.7453E-02,-0.00012222720012353247
 1.7473E-02,0.0010561619787008295
 1.7493E-02,0.002780227739352276
 1.7513E-02,0.005037887517140953
 1.7534E-02,0.0077837773096933825
 1.7554E-02,0.01091389601173452
 1.7574E-02,0.01426205249428698
 1.7594E-02,0.017622341911391427
 1.7614E-02,0.02078879177188109
 1.7635E-02,0.023594683622954995
 1.7655E-02,0.025934284597031468
 1.7675E-02,0.027758686790738587
 1.7695E-02,0.029050534005411924
 1.7715E-02,0.02979288295012066
 1.7736E-02,0.029949936453312925
 1.7756E-02,0.029470673442981564
 1.7776E-02,0.02831400759221172
 1.7796E-02,0.026482464245974117
 1.7816E-02,0.02404648441049429
 1.7837E-02,0.02114583867542817
 1.7857E-02,0.01796596733366336
 1.7877E-02,0.014699487567603373
 1.7897E-02,0.011510249163436721
 1.7917E-02,0.008515588369555484
 1.7938E-02,0.005792825792289617
 1.7958E-02,0.0034035837443585045
 1.7978E-02,0.00142055940303892
 1.7998E-02,-5.9498898867647474e-05
 1.8018E-02,-0.000925340150894527
 1.8039E-02,-0.0010800047431926843
 1.8059E-02,-0.0004752740782766224
 1.8079E-02,0.0008651741694670748
 1.8099E-02,0.0028455905360527988
 1.8119E-02,0.005321469314770259
 1.8140E-02,0.008135472095941981
 1.8160E-02,0.011149233016424183
 1.8180E-02,0.01425696054788307
 1.8200E-02,0.017376482354079358
 1.8220E-02,0.02042519029090886
 1.8241E-02,0.02329616850973116
 1.8261E-02,0.025849626154606033
 1.8281E-02,0.0279267159116848
 1.8301E-02,0.02938105601104136
 1.8321E-02,0.03011385038972747
 1.8342E-02,0.030096275599327604
 1.8362E-02,0.029368917252685197
 1.8382E-02,0.028019330638536673
 1.8402E-02,0.026149444501800314
 1.8422E-02,0.023849067592813238
 1.8443E-02,0.021187929162979218
 1.8463E-02,0.018228550926098378
 1.8483E-02,0.015051091510749535
 1.8503E-02,0.011774877468736039
 1.8523E-02,0.008562903550839628
 1.8544E-02,0.005604278112795721
 1.8564E-02,0.0030808895043790783
 1.8584E-02,0.001132672724669518
 1.8604E-02,-0.00016333881566570996
 1.8624E-02,-0.0007918184920156318
 1.8645E-02,-0.0007783678207545143
 1.8665E-02,-0.00016115019754309938
 1.8685E-02,0.0010298701362355003
 1.8705E-02,0.0027754869843984757
 1.8725E-02,0.0050509809755962636
 1.8746E-02,0.007800593218155258
 1.8766E-02,0.010917527761328916
 1.8786E-02,0.014241827293433349
 1.8806E-02,0.017579635521214384
 1.8826E-02,0.020736651732401242
 1.8847E-02,0.02355146764741364
 1.8867E-02,0.02591458851688605
 1.8887E-02,0.027766212778065222
 1.8907E-02,0.02907653254445946
 1.8927E-02,0.029820923823544516
 1.8948E-02,0.029964513715112426
 1.8968E-02,0.02946519948547307
 1.8988E-02,0.028294096315728344
 1.9008E-02,0.0264628521088705
 1.9028E-02,0.024043218921197117
 1.9049E-02,0.021167783940510478
 1.9069E-02,0.018009997593789278
 1.9089E-02,0.014751815164083783
 1.9109E-02,0.011553172237929059
 1.9129E-02,0.00853617780800363
 1.9150E-02,0.005789110538281177
 1.9170E-02,0.0033851103626790194
 1.9190E-02,0.0014031012200079259
 1.9210E-02,-6.231982145875619e-05
 1.9230E-02,-0.0009092037569150814
 1.9251E-02,-0.001052165755970155
 1.9271E-02,-0.0004508264572490587
 1.9291E-02,0.0008710947310082191
 1.9311E-02,0.0028256573136743925
 1.9331E-02,0.005280053943454391
 1.9352E-02,0.008086599942887226
 1.9372E-02,0.011109670929307557
 1.9392E-02,0.014237984456747569
 1.9412E-02,0.017378528644504378
 1.9432E-02,0.020438097092867077
 1.9453E-02,0.023304836447109047
 1.9473E-02,0.02584215220409281
 1.9493E-02,0.027900801402714042
 1.9513E-02,0.029345397333479503
 1.9533E-02,0.030083815096706806
 1.9554E-02,0.03008610767460335
 1.9574E-02,0.029384488338667112
 1.9594E-02,0.02805515172747313
 1.9614E-02,0.026191443122950932
 1.9634E-02,0.02388166909387843
 1.9655E-02,0.02120178748595925
 1.9675E-02,0.018224973206743742
 1.9695E-02,0.015040929604063415
 1.9715E-02,0.011772513983224262
 1.9735E-02,0.008578467277056303
 1.9756E-02,0.005638102872563824
 1.9776E-02,0.0031230477051044404
 1.9796E-02,0.0011677963364095318
 1.9816E-02,-0.00014843994872064956
 1.9836E-02,-0.0008016399815152704
 1.9857E-02,-0.0008066048610182279
 1.9877E-02,-0.00019404043293747637
 1.9897E-02,0.0010065007639004067
 1.9917E-02,0.0027690958641282855
 1.9937E-02,0.00505873418077037
 1.9958E-02,0.007811140965567162
 1.9978E-02,0.010917180216898283
 1.9998E-02,0.014221934666591614
 2.0018E-02,0.017541374405344475
 2.0038E-02,0.02069076348327512
 2.0059E-02,0.023513090847189666
 2.0079E-02,0.02589584230764493
 2.0099E-02,0.02777033030462901
 2.0119E-02,0.02909653109293022
 2.0139E-02,0.02984345597381072
 2.0160E-02,0.029976883404498778
 2.0180E-02,0.029461917458810098
 2.0200E-02,0.028279612088828045
 2.0220E-02,0.02644908809330351
 2.0240E-02,0.024043213564343222
 2.0261E-02,0.021188741140214525
 2.0281E-02,0.018049321128160142
 2.0301E-02,0.014798149487162151
 2.0321E-02,0.011591891336916524
 2.0341E-02,0.008556493736060869
 2.0362E-02,0.005789170433592776
 2.0382E-02,0.0033725101352315608
 2.0402E-02,0.0013906064344081119
 2.0422E-02,-6.360772851760543e-05
 2.0442E-02,-0.0008957142774890381
 2.0463E-02,-0.0010297620109687366
 2.0483E-02,-0.00043179558191846806
 2.0503E-02,0.0008743953853429058
 2.0523E-02,0.00280723105590172
 2.0543E-02,0.005243483035654049
 2.0564E-02,0.00804341721082273
 2.0584E-02,0.011073732392259769
 2.0604E-02,0.014218728568797079
 2.0624E-02,0.017376561541954477
 2.0644E-02,0.020445334818966515
 2.0665E-02,0.02330908996470573
 2.0685E-02,0.0258337652283338
 2.0705E-02,0.0278779111795905
 2.0725E-02,0.029315113425643545
 2.0745E-02,0.030058722446762703
 2.0766E-02,0.030077907215394706
 2.0786E-02,0.029398051342795398
 2.0806E-02,0.02808603442008916
 2.0826E-02,0.026228114181646636
 2.0846E-02,0.02391127827811385
 2.0867E-02,0.021216499449103667
 2.0887E-02,0.01822562730023347
 2.0907E-02,0.015036185611324485
 2.0927E-02,0.011773973100130316
 2.0947E-02,0.008594315151180908
 2.0968E-02,0.005668555984008127
 2.0988E-02,0.0031599331978846325
 2.1008E-02,0.001198462211190323
 2.1028E-02,-0.00013490152716279626
 2.1048E-02,-0.0008090393636759859
 2.1069E-02,-0.0008298886230230705
 2.1089E-02,-0.0002219824480547383
 2.1109E-02,0.0009855572447700872
 2.1129E-02,0.002761395542819195
 2.1149E-02,0.005062146083393406
 2.1170E-02,0.007816562170418281
 2.1190E-02,0.010913552888176086
 2.1210E-02,0.014202277139497675
 2.1230E-02,0.017506719399255473
 2.1250E-02,0.020649980907166774
 2.1271E-02,0.023478689359661395
 2.1291E-02,0.025877905137160793
 2.1311E-02,0.02777168888995752
 2.1331E-02,0.029111631249814217
 2.1351E-02,0.029861465271862824
 2.1372E-02,0.029987410962594614
 2.1392E-02,0.02946038916240769
 2.1412E-02,0.028269543145805785
 2.1432E-02,0.026440109432171753
 2.1452E-02,0.024045899663601447
 2.1473E-02,0.021208923785205794
 2.1493E-02,0.018084819046587337
 2.1513E-02,0.014839583652185004
 2.1533E-02,0.01162715069403982
 2.1553E-02,0.008576553043514894
 2.1574E-02,0.005792291206367092
 2.1594E-02,0.003364707696148824
 2.1614E-02,0.0013821906829932563
 2.1634E-02,-6.360530843184018e-05
 2.1654E-02,-0.0008843530194188093
 2.1675E-02,-0.0010117835199181045
 2.1695E-02,-0.0004171994226266749
 2.1715E-02,0.0008755286722497768
 2.1735E-02,0.002790007124357475
 2.1755E-02,0.005210855590107611
 2.1776E-02,0.008004891260325876
 2.1796E-02,0.011040782217325582
 2.1816E-02,0.014199277485765412
 2.1836E-02,0.01737133729450913
 2.1856E-02,0.02044793964610144
 2.1877E-02,0.02330971258986607
 2.1897E-02,0.02582459638319339
 2.1917E-02,0.027857461224499145
 2.1937E-02,0.02928920934131978
 2.1957E-02,0.030037679519869243
 2.1978E-02,0.03007134054340443
 2.1998E-02,0.029409999181717376
 2.2018E-02,0.0281128918991774
 2.2038E-02,0.026260419520388545
 2.2058E-02,0.023938412359603905
 2.2079E-02,0.02123187557802429
 2.2099E-02,0.018229718788715002
 2.2119E-02,0.0150358709775507
 2.2139E-02,0.011778579423972275
 2.2159E-02,0.008610428417199667
 2.2180E-02,0.005696280536042559
 2.2200E-02,0.0031925177067026
 2.2220E-02,0.0012254718544775218
 2.2240E-02,-0.00012250070291540773
 2.2260E-02,-0.0008144824538104282
 2.2281E-02,-0.0008491309947364405
 2.2301E-02,-0.0002458653060250132
 2.2321E-02,0.0009666274747737478
 2.2341E-02,0.0027526582751929048
 2.2361E-02,0.0050620295456613226
 2.2382E-02,0.007817791097132223
 2.2402E-02,0.010907222839594714
 2.2422E-02,0.014182781767199922
 2.2442E-02,0.01747498929163589
 2.2462E-02,0.020613367472675143
 2.2483E-02,0.02344755281764831
 2.2503E-02,0.02586065529435301
 2.2523E-02,0.027770813901645496
 2.2543E-02,0.02912273178927942
 2.2563E-02,0.02987576059037876
 2.2584E-02,0.029996401221292258
 2.2604E-02,0.029460262458910008
 2.2624E-02,0.028263065331670504
 2.2644E-02,0.02643504563440815
 2.2664E-02,0.0240508068824593
 2.2685E-02,0.021228500020470407
 2.2705E-02,0.018117207582930787
 2.2725E-02,0.014877011601870466
 2.2745E-02,0.011659563241232037
 2.2765E-02,0.00859637592470363
 2.2786E-02,0.0057978939266635915
 2.2806E-02,0.003360824993251624
 2.2826E-02,0.0013771276248469
 2.2846E-02,-6.251700022245682e-05
 2.2866E-02,-0.0008747015392248751
 2.2887E-02,-0.00099740688692879
 2.2907E-02,-0.0004062329750863686
 2.2927E-02,0.0008748700595910928
 2.2947E-02,0.002773742485453846
 2.2967E-02,0.005181438473689863
 2.2988E-02,0.007970177035141874
 2.3008E-02,0.011010296431272276
 2.3028E-02,0.014179694264845496
 2.3048E-02,0.017363469768990093
 2.3068E-02,0.020446758242972162
 2.3089E-02,0.02330734858473912
 2.3109E-02,0.02581475880770587
 2.3129E-02,0.027838979160947745
 2.3149E-02,0.02926687331694504
 2.3169E-02,0.030019953699171077
 2.3190E-02,0.030066129348763942
 2.3210E-02,0.02942064752084633
 2.3230E-02,0.028136467979525036
 2.3250E-02,0.026289146939933148
 2.3270E-02,0.02396349907301609
 2.3291E-02,0.021247766777921985
 2.3311E-02,0.01823660196014501
 2.3331E-02,0.015039177324174799
 2.3351E-02,0.011785776779183436
 2.3371E-02,0.008626786000253272
 2.3392E-02,0.005721797770494575
 2.3412E-02,0.0032215946844370695
 2.3432E-02,0.0012494835764384096
 2.3452E-02,-0.00011104979855509488
 2.3472E-02,-0.0008183449500033625
 2.3493E-02,-0.0008650753260968134
 2.3513E-02,-0.00026641773985980094
 2.3533E-02,0.000949369609454491
 2.3553E-02,0.002743101213323785
 2.3573E-02,0.005059045979487219
 2.3594E-02,0.00781559229207204
 2.3614E-02,0.010898666068693549
 2.3634E-02,0.014163394433907756
 2.3654E-02,0.017445631150097438
 2.3674E-02,0.02058015794892534
 2.3695E-02,0.023419097131381964
 2.3715E-02,0.025843987918710988
 2.3735E-02,0.027768130236136446
 2.3755E-02,0.02913056599167264
 2.3775E-02,0.029887005573999436
 2.3796E-02,0.03000410838348963
 2.3816E-02,0.02946125451557779
 2.3836E-02,0.02825950739847904
 2.3856E-02,0.026433183769441843
 2.3876E-02,0.02405754630666278
 2.3897E-02,0.02124760206166634
 2.3917E-02,0.018147068873625424
 2.3937E-02,0.014911164317588993
 2.3957E-02,0.011689633668155865
 2.3977E-02,0.008615984051157072
 2.3998E-02,0.005805509360560264
 2.4018E-02,0.003360145061692303
 2.4038E-02,0.0013748206897687622
 2.4058E-02,-6.051492007916369e-05
 2.4078E-02,-0.0008664224005819277
 2.4099E-02,-0.0009859609275762293
 2.4119E-02,-0.00039823643244663845
 2.4139E-02,0.0008727309517203742
 2.4159E-02,0.002758243357560731
 2.4179E-02,0.005154635175819811
 2.4200E-02,0.007938583018307927
 2.4220E-02,0.010981842861913144
 2.4240E-02,0.014160025468640487
 2.4260E-02,0.01735345721624266
 2.4280E-02,0.020442482406710462
 2.4301E-02,0.02330252767181718
 2.4321E-02,0.025804349848393537
 2.4341E-02,0.027822082998306782
 2.4361E-02,0.029247443100367528
 2.4381E-02,0.030004943939626865
 2.4402E-02,0.030062041599876244
 2.4422E-02,0.029430249848086162
 2.4442E-02,0.028157368442856334
 2.4462E-02,0.02631494160875563
 2.4482E-02,0.023986892040295728
 2.4503E-02,0.021264055866134886
 2.4523E-02,0.018245751974925957
 2.4543E-02,0.015045443603994832
 2.4563E-02,0.0117951071726854
 2.4583E-02,0.008643365934100691
 2.4604E-02,0.005745530065183031
 2.4624E-02,0.003247811929441201
 2.4644E-02,0.0012710379812254304
 2.4664E-02,-0.0001003909493194875
 2.4684E-02,-0.0008209298370558877
 2.4705E-02,-0.0008783275759409454
 2.4725E-02,-0.0002842370573606219
 2.4745E-02,0.0009335001371913028
 2.4765E-02,0.0027328974220363947
 2.4785E-02,0.005053733505591729
 2.4806E-02,0.007810591365657763
 2.4826E-02,0.010888275145895843
 2.4846E-02,0.014144075410232463
 2.4866E-02,0.017418196216015976
 2.4886E-02,0.020549727113035484
 2.4907E-02,0.02339284208621707
 2.4927E-02,0.02582781290369015
 2.4947E-02,0.027763981457893577
 2.4967E-02,0.0291357320549532
 2.4987E-02,0.02989574464522774
 2.5008E-02,0.03001074430612517
 2.5028E-02,0.029463138220827047
 2.5048E-02,0.028258322652103353
 2.5068E-02,0.02643393996837496
 2.5088E-02,0.024065796401947843
 2.5109E-02,0.02126633370562086
 2.5129E-02,0.018174876033154656
 2.5149E-02,0.014942639514369692
 2.5169E-02,0.011717777525185684
 2.5189E-02,0.008635399401176634
 2.5210E-02,0.005814757284973803
 2.5230E-02,0.0033620825597137894
 2.5250E-02,0.001374779987344406
 2.5270E-02,-5.774378883863576e-05
 2.5290E-02,-0.0008592435125059131
 2.5311E-02,-0.0009768985292565775
 2.5331E-02,-0.0003926690015407753
 2.5351E-02,0.0008693695741696299
 2.5371E-02,0.0027433553527808105
 2.5391E-02,0.005129960397040792
 2.5412E-02,0.007909543374281933
 2.5432E-02,0.01095506510419584
 2.5452E-02,0.014140305078746399
 2.5472E-02,0.01734170398950542
 2.5492E-02,0.020435677339251834
 2.5513E-02,0.023295685333540695
 2.5533E-02,0.02579345302550426
 2.5553E-02,0.0278064638700695
 2.5573E-02,0.029230378431817305
 2.5593E-02,0.029992157166873545
 2.5614E-02,0.030058883934831363
 2.5634E-02,0.029439009653016043
 2.5654E-02,0.02817608663304709
 2.5674E-02,0.026338331874139833
 2.5694E-02,0.0240088835820767
 2.5715E-02,0.021280650923116488
 2.5735E-02,0.018256742311520212
 2.5755E-02,0.015054129319782217
 2.5775E-02,0.011806193547832938
 2.5795E-02,0.008660146436719212
 2.5816E-02,0.005767819683950584
 2.5836E-02,0.00327169833145272
 2.5856E-02,0.0012905790107495818
 2.5876E-02,-9.039145376210276e-05
 2.5896E-02,-0.0008224813776816796
 2.5917E-02,-0.0008893816523100307
 2.5937E-02,-0.0002998127892651786
 2.5957E-02,0.0009187840117321309
 2.5977E-02,0.002722184755076154
 2.5997E-02,0.0050465299209671265
 2.6018E-02,0.007803300223093496
 2.6038E-02,0.010876373796616115
 2.6058E-02,0.014124795901814324
 2.6078E-02,0.017392320309793645
 2.6098E-02,0.020521564157082183
 2.6119E-02,0.023368392905608625
 2.6139E-02,0.025812053019351078
 2.6159E-02,0.027758645337558622
 2.6179E-02,0.029138717973470483
 2.6199E-02,0.029902424416449417
 2.6220E-02,0.030016485502131006
 2.6240E-02,0.02946573129528096
 2.6260E-02,0.02825906588892468
 2.6280E-02,0.02643683610558021
 2.6300E-02,0.024075291405448163
 2.6321E-02,0.021284776307587766
 2.6341E-02,0.018201013538860653
 2.6361E-02,0.014971925896329952
 2.6381E-02,0.011744336900986566
 2.6401E-02,0.00865464338137288
 2.6422E-02,0.00582532959377992
 2.6442E-02,0.0033661595830368836
 2.6462E-02,0.0013766032198714142
 2.6482E-02,-5.4325221458815945e-05
 2.6502E-02,-0.0008529455492544304
 2.6523E-02,-0.0009697737596508181
 2.6543E-02,-0.00038908747828103336
 2.6563E-02,0.0008649999831113903
 2.6583E-02,0.0027289555408732116
 2.6603E-02,0.005107019331366681
 2.6624E-02,0.007882595126639408
 2.6644E-02,0.01092966928262903
 2.6664E-02,0.01412055755652256
 2.6684E-02,0.017328538234764473
 2.6704E-02,0.020426804821966786
 2.6725E-02,0.023287179578099948
 2.6745E-02,0.025782139857173276
 2.6765E-02,0.02779187209575068
 2.6785E-02,0.029215238608894138
 2.6805E-02,0.02998118891902419
 2.6826E-02,0.03005649529583345
 2.6846E-02,0.029447090235645672
 2.6866E-02,0.028193024301726877
 2.6886E-02,0.02635975038107717
 2.6906E-02,0.02402971527612205
 2.6927E-02,0.021297479937553966
 2.6947E-02,0.018269226330060562
 2.6967E-02,0.015064792514933555
 2.6987E-02,0.011818725471746228
 2.7007E-02,0.008677106545281355
 2.7028E-02,0.005788943914394368
 2.7048E-02,0.0032936856573990386
 2.7068E-02,0.0013084711827827463
 2.7088E-02,-8.09398770620774e-05
 2.7108E-02,-0.0008231964738704687
 2.7129E-02,-0.0008986401385234976
 2.7149E-02,-0.0003135461395737079
 2.7169E-02,0.0009050263970980567
 2.7189E-02,0.0027110729293935865
 2.7209E-02,0.005037791375961191
 2.7230E-02,0.007794137712545605
 2.7250E-02,0.010863228944709825
 2.7270E-02,0.014105535382673274
 2.7290E-02,0.017367707917194213
 2.7310E-02,0.020495251765242386
 2.7331E-02,0.023345425070483622
 2.7351E-02,0.0257966422116728
 2.7371E-02,0.027752346406950932
 2.7391E-02,0.029139921809029423
 2.7411E-02,0.02990741122247354
 2.7432E-02,0.030021478951128548
 2.7452E-02,0.029468887465517755
 2.7472E-02,0.02826137454165315
 2.7492E-02,0.026441480636591255
 2.7512E-02,0.024085811669099434
 2.7533E-02,0.02130299350785627
 2.7553E-02,0.018225793821644562
 2.7573E-02,0.014999423041869658
 2.7593E-02,0.011769593412518911
 2.7613E-02,0.008673736334893337
 2.7634E-02,0.005836976681297649
 2.7654E-02,0.0033719859909614644
 2.7674E-02,0.0013799600663806145
 2.7694E-02,-5.036131472209611e-05
 2.7714E-02,-0.0008473517418658784
 2.7735E-02,-0.0009642231562731187
 2.7755E-02,-0.00038712863876883344
 2.7775E-02,0.0008597995933240113
 2.7795E-02,0.0027149461240335996
 2.7815E-02,0.005085490817961974
 2.7836E-02,0.007857359473750162
 2.7856E-02,0.01090541309862247
 2.7876E-02,0.014100800168564723
 2.7896E-02,0.017314226205963856
 2.7916E-02,0.020416242099708406
 2.7937E-02,0.023277304677385636
 2.7957E-02,0.025770471434235883
 2.7977E-02,0.027778105854678957
 2.7997E-02,0.02920166414136296
 2.8017E-02,0.029971707427271666
 2.8038E-02,0.030054741576571935
 2.8058E-02,0.029454622591648022
 2.8078E-02,0.028208508601399247
 2.8098E-02,0.02637955140755532
 2.8118E-02,0.02404958675812179
 2.8139E-02,0.02131448663269952
 2.8159E-02,0.018282922362533763
 2.8179E-02,0.015077071849162706
 2.8199E-02,0.011832447407314163
 2.8219E-02,0.008694226559544788
 2.8240E-02,0.0058091273895137935
 2.8260E-02,0.0033141263872121392
 2.8280E-02,0.0013250138031820672
 2.8300E-02,-7.194268587549439e-05
 2.8320E-02,-0.0008232337819730389
 2.8341E-02,-0.0009064311350123362
 2.8361E-02,-0.00032576588497681795
 2.8381E-02,0.0008920658387658212
 2.8401E-02,0.002699649203424623
 2.8421E-02,0.005027807578852354
 2.8442E-02,0.0077834465225532674
 2.8462E-02,0.010849060652159284
 2.8482E-02,0.014086279540059312
 2.8502E-02,0.017344119273150122
 2.8522E-02,0.02047044902514456
 2.8543E-02,0.02332367184214174
 2.8563E-02,0.02578152410280309
 2.8583E-02,0.02774526613639591
 2.8603E-02,0.02913966825699587
 2.8623E-02,0.02991100554948991
 2.8644E-02,0.030025847019305097
 2.8664E-02,0.02947248942828986
 2.8684E-02,0.028264953387200756
 2.8704E-02,0.026447552955150708
 2.8724E-02,0.02409717569369356
 2.8745E-02,0.021321034976782203
 2.8765E-02,0.018249470725024836
 2.8785E-02,0.015025457616324081
 2.8805E-02,0.011793778846993773
 2.8825E-02,0.008692697193710422
 2.8846E-02,0.005849496342868702
 2.8866E-02,0.003379243288222754
 2.8886E-02,0.0013845793047954687
 2.8906E-02,-4.593773810537523e-05
 2.8926E-02,-0.000842319680516171
 2.8947E-02,-0.0009599505148739983
 2.8967E-02,-0.00038649484061793586
 2.8987E-02,0.0008539154062799308
 2.9007E-02,0.002701249362129539
 2.9027E-02,0.0050651136319420365
 2.9048E-02,0.007833526514547554
 2.9068E-02,0.01088209681864843
 2.9088E-02,0.014081044812734408
 2.9108E-02,0.01729898392971242
 2.9128E-02,0.020404297355922845
 2.9149E-02,0.023266302513086475
 2.9169E-02,0.025758499864807948
 2.9189E-02,0.027765002067568455
 2.9209E-02,0.029189361826507134
 2.9229E-02,0.029963440585870818
 2.9250E-02,0.030053511162021675
 2.9270E-02,0.029461711754871604
 2.9290E-02,0.02822280590724879
 2.9310E-02,0.026398025028954636
 2.9330E-02,0.024068662963524806
 2.9351E-02,0.021331627115808605
 2.9371E-02,0.01829760154987334
 2.9391E-02,0.015090671902529981
 2.9411E-02,0.011847149015573087
 2.9431E-02,0.008711488262332763
 2.9452E-02,0.0058285520377367155
 2.9472E-02,0.0033333082312849817
 2.9492E-02,0.0013404525899101665
 2.9512E-02,-6.332144894454243e-05
 2.9532E-02,-0.0008227211193979496
 2.9553E-02,-0.0009130220284992173
 2.9573E-02,-0.00033674143623041387
 2.9593E-02,0.0008797685736777653
 2.9613E-02,0.002687982912672963
 2.9633E-02,0.00501681416701907
 2.9654E-02,0.007771507009346556
 2.9674E-02,0.010834050320709788
 2.9694E-02,0.014067018692411792
 2.9714E-02,0.017321359872036736
 2.9734E-02,0.020446877462081875
 2.9755E-02,0.023302913997754846
 2.9775E-02,0.025766650660822475
 2.9795E-02,0.027737551157001713
 2.9815E-02,0.02913822213727923
 2.9835E-02,0.02991345383679929
 2.9856E-02,0.030029691525213037
 2.9876E-02,0.029476443140213
 2.9896E-02,0.0282695620468586
 2.9916E-02,0.026454790552093776
 2.9936E-02,0.02410923352693154
 2.9957E-02,0.021338939391642626
 2.9977E-02,0.018272250472481193
 2.9997E-02,0.015050296663936303
 3.0017E-02,0.011817083965345523
 3.0037E-02,0.008711543326735188
 3.0058E-02,0.005862724813712307
 3.0078E-02,0.003387671505626716
 3.0098E-02,0.0013902382798759464
 3.0118E-02,-4.1126301781666767e-05
 3.0138E-02,-0.0008377346484056926
 3.0159E-02,-0.0009567144464003882
 3.0179E-02,-0.0003869421902196787
 3.0199E-02,0.0008474691972996707
 3.0219E-02,0.002687803511850665
 3.0239E-02,0.005045675314366987
 3.0260E-02,0.007810842727289508
 3.0280E-02,0.010859555811881636
 3.0300E-02,0.014061299392723407
 3.0320E-02,0.017282986645422375
 3.0340E-02,0.020391222320633822
 3.0361E-02,0.023254371862201768
 3.0381E-02,0.025746269490109035
 3.0401E-02,0.027752428961907306
 3.0421E-02,0.029178092522590515
 3.0441E-02,0.029956165225382723
 3.0462E-02,0.030052711184144536
 3.0482E-02,0.029468441902255227
 3.0502E-02,0.028236133089841145
 3.0522E-02,0.026415408736012537
 3.0542E-02,0.024087080133834288
 3.0563E-02,0.021348867234270257
 3.0583E-02,0.018313077963293588
 3.0603E-02,0.01510535117410504
 3.0623E-02,0.01186265719559356
 3.0643E-02,0.008728875054050251
 3.0664E-02,0.005847365197185366
 3.0684E-02,0.0033514660304358786
 3.0704E-02,0.0013549892583058758
 3.0724E-02,-5.501044291663661e-05
 3.0744E-02,-0.0008217614317349149
 3.0765E-02,-0.0009186307116109817
 3.0785E-02,-0.0003466935387108932
 3.0805E-02,0.0008680238166068943
 3.0825E-02,0.002676129114479549
 3.0845E-02,0.005005002793271235
 3.0866E-02,0.007758548526716186
 3.0886E-02,0.01081834746338624
 3.0906E-02,0.014047746568808361
 3.0926E-02,0.01729927193362291
 3.0946E-02,0.020424309610960846
 3.0967E-02,0.02328297138233297
 3.0987E-02,0.025751981042091882
 3.1007E-02,0.027729319940142882
 3.1027E-02,0.029135799437318078
 3.1047E-02,0.02991495819663398
 3.1068E-02,0.03003309716734584
 3.1088E-02,0.029480673244526644
 3.1108E-02,0.028275004817980582
 3.1128E-02,0.026462978509840092
 3.1148E-02,0.024121861314201215
 3.1169E-02,0.021356736806684814
 3.1189E-02,0.018294300593173607
 3.1209E-02,0.015074158475583129
 3.1229E-02,0.01183966573403059
 3.1249E-02,0.008730290454472546
 3.1270E-02,0.005876529450983619
 3.1290E-02,0.0033970584300176726
 3.1310E-02,0.0013967541994865254
 3.1330E-02,-3.598716939215234e-05
 3.1350E-02,-0.0008335042650418754
 3.1371E-02,-0.0009543182455027377
 3.1391E-02,-0.0003882708497527583
 3.1411E-02,0.0008405618167833144
 3.1431E-02,0.0026745595720325415
 3.1451E-02,0.005027003075661392
 3.1472E-02,0.007789100723292303
 3.1492E-02,0.0108376544066308
 3.1512E-02,0.014041568899158993
 3.1532E-02,0.0172663765172443
 3.1552E-02,0.020377222629786952
 3.1573E-02,0.023241676091125055
 3.1593E-02,0.025733818000805053
 3.1613E-02,0.027740280094742244
 3.1633E-02,0.029167661201920072
 3.1653E-02,0.029949698334056796
 3.1674E-02,0.03005226441443234
 3.1694E-02,0.029474880479838556
 3.1714E-02,0.02824866671529814
 3.1734E-02,0.02643189696132651
 3.1754E-02,0.024104950785045914
 3.1775E-02,0.021366180469319727
 3.1795E-02,0.018329200546472923
 3.1815E-02,0.015120912234151265
 3.1835E-02,0.011878829494923552
 3.1855E-02,0.00874637196693329
 3.1876E-02,0.005865686178248287
 3.1896E-02,0.00336879146446847
 3.1916E-02,0.0013687893897824472
 3.1936E-02,-4.6954634740991414e-05
 3.1956E-02,-0.0008204376206811419
 3.1977E-02,-0.0009234347466018633
 3.1997E-02,-0.00035580306358462316
 3.2017E-02,0.0008567398283356734
 3.2037E-02,0.0026641314903902854
 3.2057E-02,0.004992529332159616
 3.2078E-02,0.007744758704946342
 3.2098E-02,0.010802075304468023
 3.2118E-02,0.014028459391513514
 3.2138E-02,0.01727772748340149
 3.2158E-02,0.020402559679400748
 3.2179E-02,0.023263695954765563
 3.2199E-02,0.025737480567110824
 3.2219E-02,0.027720668186044354
 3.2239E-02,0.029132576304491793
 3.2259E-02,0.02991568437092944
 3.2280E-02,0.0300361343661284
 3.2300E-02,0.029485119368438523
 3.2320E-02,0.028281122362179622
 3.2340E-02,0.026471940867286693
 3.2360E-02,0.02413495676360988
 3.2381E-02,0.021374450512309677
 3.2401E-02,0.018315757180541927
 3.2421E-02,0.015097221497363887
 3.2441E-02,0.011861653318820574
 3.2461E-02,0.008748952688369154
 3.2482E-02,0.005890802846776155
 3.2502E-02,0.0034072308492132173
 3.2522E-02,0.0014039770141596416
 3.2542E-02,-3.057070847914075e-05
 3.2562E-02,-0.0008295541499793789
 3.2583E-02,-0.0009526016187089048
 3.2603E-02,-0.0003903170774219938
 3.2623E-02,0.0008332767770366754
 3.2643E-02,0.0026614786967747916
 3.2663E-02,0.005008956399788409
 3.2684E-02,0.007768130855039659
 3.2704E-02,0.010816280798422258
 3.2724E-02,0.01402185619544213
 3.2744E-02,0.017249268848459207
 3.2764E-02,0.0203624662407982
 3.2785E-02,0.02322834943727629
 3.2805E-02,0.025721177370349783
 3.2825E-02,0.02772846948480912
 3.2845E-02,0.029157908806475744
 3.2865E-02,0.029943889826094652
 3.2886E-02,0.030052106639733765
 3.2906E-02,0.029481081495317966
 3.2926E-02,0.028260550523206526
 3.2946E-02,0.026447648879502197
 3.2966E-02,0.024122367829805556
 3.2987E-02,0.021383546292848003
 3.3007E-02,0.01834584658789394
 3.3027E-02,0.015137193688248956
 3.3047E-02,0.011895548689829597
 3.3067E-02,0.008763965617986558
 3.3088E-02,0.005883611578497547
 3.3108E-02,0.0033854409771567947
 3.3128E-02,0.0013819889002653451
 3.3148E-02,-3.910796361784332e-05
 3.3168E-02,-0.0008188164204159718
 3.3189E-02,-0.0009275788164314388
 3.3209E-02,-0.00036421820142377005
 3.3229E-02,0.0008458406542139
 3.3249E-02,0.002652024656854714
 3.3269E-02,0.004979520543001894
 3.3290E-02,0.00773029102867415
 3.3310E-02,0.01078533538857289
 3.3330E-02,0.014009155176179245
 3.3350E-02,0.017256622736474846
 3.3370E-02,0.02038147592352369
 3.3391E-02,0.023244966074193088
 3.3411E-02,0.02572311983297313
 3.3431E-02,0.02771167318666403
 3.3451E-02,0.029128696390522128
 3.3471E-02,0.02991576827567676
 3.3492E-02,0.030038861662676126
 3.3512E-02,0.02948973317835104
 3.3532E-02,0.028287784966154802
 3.3552E-02,0.026481533569069897
 3.3572E-02,0.02414843540077603
 3.3593E-02,0.021392098491864343
 3.3613E-02,0.018336730768141345
 3.3633E-02,0.015119631583991166
 3.3653E-02,0.011883152989499681
 3.3673E-02,0.008767542587567166
 3.3694E-02,0.005905458034289619
 3.3714E-02,0.0034180473849539927
 3.3734E-02,0.0014117835499398213
 3.3754E-02,-2.4919074519586665e-05
 3.3774E-02,-0.0008258244493254536
 3.3795E-02,-0.0009514339678579472
 3.3815E-02,-0.00039294672625554857
 3.3835E-02,0.0008256832137380294
 3.3855E-02,0.0026485301246740377
 3.3875E-02,0.004991421032717812
 3.3896E-02,0.007747794365464137
 3.3916E-02,0.010795342872941774
 3.3936E-02,0.014002162638755738
 3.3956E-02,0.017231757157251816
 3.3976E-02,0.02034709034266541
 3.3997E-02,0.023214502211319894
 3.4017E-02,0.025708374705079785
 3.4037E-02,0.027716927713996673
 3.4057E-02,0.029148705640171118
 3.4077E-02,0.029938616638782414
 3.4098E-02,0.030052184493115325
 3.4118E-02,0.02948708817557535
 3.4138E-02,0.028271901520494948
 3.4158E-02,0.02646279479402875
 3.4178E-02,0.024139407984867058
 3.4199E-02,0.02140094887189268
 3.4219E-02,0.01836291641929313
 3.4239E-02,0.015154063612858345
 3.4259E-02,0.011912718328104609
 3.4279E-02,0.008781644126722166
 3.4300E-02,0.005901219589014968
 3.4320E-02,0.0034015422404122257
 3.4340E-02,0.0013946993440328535
 3.4360E-02,-3.143189997959839e-05
 3.4380E-02,-0.0008169515296907996
 3.4401E-02,-0.0009311807984862305
 3.4421E-02,-0.00037206035358389265
 3.4441E-02,0.0008352634254603351
 3.4461E-02,0.0026398360184134535
 3.4481E-02,0.004966079498939831
 3.4502E-02,0.007715271043800877
 3.4522E-02,0.010768211387491199
 3.4542E-02,0.013989833209016162
 3.4562E-02,0.017235873543521883
 3.4582E-02,0.02036093442301757
 3.4603E-02,0.02322668180501427
 3.4623E-02,0.02570887394410758
 3.4643E-02,0.027702397349717887
 3.4663E-02,0.029124276832480613
 3.4683E-02,0.029915321354543726
 3.4704E-02,0.030041327702250535
 3.4724E-02,0.029494475996822096
 3.4744E-02,0.028294887041412982
 3.4764E-02,0.026491638687240953
 3.4784E-02,0.02416222747531139
 3.4805E-02,0.021409694580212055
 3.4825E-02,0.018357311119462174
 3.4845E-02,0.01514150794524374
 3.4865E-02,0.011904252174832824
 3.4885E-02,0.008786071264843176
 3.4906E-02,0.005920424622488757
 3.4926E-02,0.003429392665620166
 3.4946E-02,0.001420072718332012
 3.4966E-02,-1.9067514945678545e-05
 3.4986E-02,-0.000822267003442429
 3.5007E-02,-0.0009507088897664716
 3.5027E-02,-0.00039604989830430886
 3.5047E-02,0.0008178383506450267
 3.5067E-02,0.0026356895245566708
 3.5087E-02,0.004974304082944038
 3.5108E-02,0.007727977769226862
 3.5128E-02,0.0107747647442267
 3.5148E-02,0.013982488527667796
 3.5168E-02,0.017213917272678025
 3.5188E-02,0.020331206971466207
 3.5209E-02,0.023200225037757174
 3.5229E-02,0.02569543293821152
 3.5249E-02,0.027705598734332412
 3.5269E-02,0.029139945943841245
 3.5289E-02,0.029933777864769726
 3.5310E-02,0.030052453628976045
 3.5330E-02,0.029492935093806294
 3.5350E-02,0.02828281493828033
 3.5370E-02,0.02647744135961665
 3.5390E-02,0.024156134576999434
 3.5411E-02,0.021418376033625248
 3.5431E-02,0.018380329093496055
 3.5451E-02,0.015171414179479498
 3.5471E-02,0.01193025905706896
 3.5491E-02,0.008799397013656706
 3.5512E-02,0.005918573490614519
 3.5532E-02,0.003417199435677137
 3.5552E-02,0.0014070122673737265
 3.5572E-02,-2.389423986149503e-05
 3.5592E-02,-0.0008148861511501936
 3.5613E-02,-0.0009343367285108636
 3.5633E-02,-0.00037942897018528217
 3.5653E-02,0.0008249561167063661
 3.5673E-02,0.002627587247770628
 3.5693E-02,0.00495229000610589
 3.5714E-02,0.007699801434622183
 3.5734E-02,0.010750772231920547
 3.5754E-02,0.01397049364121254
 3.5774E-02,0.017215411676729884
 3.5794E-02,0.020340833980342924
 3.5815E-02,0.02320876104969949
 3.5835E-02,0.025694721850667762
 3.5855E-02,0.027692891059509086
 3.5875E-02,0.02911941314583666
 3.5895E-02,0.029914434982483175
 3.5916E-02,0.03004357289538602
 3.5936E-02,0.02949931688987705
 3.5956E-02,0.028302342644820726
 3.5976E-02,0.026502159690819614
 3.5996E-02,0.02417627540677183
 3.6017E-02,0.021427249380186315
 3.6037E-02,0.018377571120877473
 3.6057E-02,0.015162947999158254
 3.6077E-02,0.011925022781088692
 3.6097E-02,0.008804548476749052
 3.6118E-02,0.005935645626272388
 3.6138E-02,0.0034411725316068537
 3.6158E-02,0.0014287615511246778
 3.6178E-02,-1.3045490945493617e-05
 3.6198E-02,-0.0008188430770974744
 3.6219E-02,-0.0009503397019865624
 3.6239E-02,-0.0003995365708626742
 3.6259E-02,0.0008097895356254247
 3.6279E-02,0.002622937666557948
 3.6299E-02,0.0049575300282181465
 3.6320E-02,0.007708588254511796
 3.6340E-02,0.01075448390883756
 3.6360E-02,0.013962833456058178
 3.6380E-02,0.01719581069018252
 3.6400E-02,0.020314907635221584
 3.6421E-02,0.023185592378915265
 3.6441E-02,0.025682371462501304
 3.6461E-02,0.027694437312970523
 3.6481E-02,0.029131543492159635
 3.6501E-02,0.029929290778672783
 3.6522E-02,0.030052877220789725
 3.6542E-02,0.029498649897810796
 3.6562E-02,0.028293368287212784
 3.6582E-02,0.026491675873351564
 3.6602E-02,0.0241725998717087
 3.6623E-02,0.021435818453770617
 3.6643E-02,0.018398018870848017
 3.6663E-02,0.015189157257940072
 3.6683E-02,0.011948105602015145
 3.6703E-02,0.008817215092845897
 3.6724E-02,0.005935724498506595
 3.6744E-02,0.0034324975795452044
 3.6764E-02,0.0014190027974705015
 3.6784E-02,-1.646807908203948e-05
 3.6804E-02,-0.0008126550330285556
 3.6825E-02,-0.0009371248438395192
 3.6845E-02,-0.0003864055137679039
 3.6865E-02,0.0008148756885058733
 3.6885E-02,0.002615295471698249
 3.6905E-02,0.004938220209001469
 3.6926E-02,0.0076839661919019375
 3.6946E-02,0.010733074709880393
 3.6966E-02,0.013951137202296238
 3.6986E-02,0.017195181827295306
 3.7006E-02,0.020321091960781815
 3.7027E-02,0.02319113637218196
 3.7047E-02,0.025680645777686195
 3.7067E-02,0.027683194987168695
 3.7087E-02,0.029114183211619966
 3.7107E-02,0.029913184073217764
 3.7128E-02,0.030045630796894165
 3.7148E-02,0.02950423112398882
 3.7168E-02,0.028310081823206833
 3.7188E-02,0.026513017565674417
 3.7208E-02,0.024190531670919627
 3.7229E-02,0.021444770988581382
 3.7249E-02,0.018397569959821166
 3.7269E-02,0.01518403136332453
 3.7289E-02,0.011945523953693648
 3.7309E-02,0.008822982757071506
 3.7330E-02,0.005951074927378645
 3.7350E-02,0.0034533101459644417
 3.7370E-02,0.001437781964100235
 3.7390E-02,-6.87760528251982e-06
 3.7410E-02,-0.0008155215145837168
 3.7431E-02,-0.0009502557809802338
 3.7451E-02,-0.0004033329955269731
 3.7471E-02,0.0008015759457425514
 3.7491E-02,0.0026102593762841533
 3.7511E-02,0.004941037473926374
 3.7532E-02,0.0076895499185313035
 3.7552E-02,0.010734448886198808
 3.7572E-02,0.01394319655304038
 3.7592E-02,0.017177487266087373
 3.7612E-02,0.020298267060669017
 3.7633E-02,0.023170665400779094
 3.7653E-02,0.025669206645368946
 3.7673E-02,0.02768340694095151
 3.7693E-02,0.02912342797871223
 3.7713E-02,0.029925087556041417
 3.7734E-02,0.030053424688887536
 3.7754E-02,0.029504254681253027
 3.7774E-02,0.028303624648194414
 3.7794E-02,0.026505569782472812
 3.7814E-02,0.024188846996499876
 3.7835E-02,0.021453269018179122
 3.7855E-02,0.01841593236094267
 3.7875E-02,0.015207220814086531
 3.7895E-02,0.011966204265711298
 3.7915E-02,0.008835090342178845
 3.7936E-02,0.005952714050876001
 3.7956E-02,0.003447506041281082
 3.7976E-02,0.0014307325798008424
 3.7996E-02,-9.13095556373555e-06
 3.8016E-02,-0.0008102861178442601
 3.8037E-02,-0.000939608881856871
 3.8057E-02,-0.0003930567136674434
 3.8077E-02,0.0008049865370995234
 3.8097E-02,0.0026029742028004363
 3.8117E-02,0.004923925508141595
 3.8138E-02,0.007667834008261827
 3.8158E-02,0.01071516559700965
 3.8178E-02,0.013931764980686361
 3.8198E-02,0.01717513916168948
 3.8218E-02,0.020301640888307163
 3.8239E-02,0.023173752381397728
 3.8259E-02,0.0256666307300264
 3.8279E-02,0.027673341955841247
 3.8299E-02,0.029108650529514255
 3.8319E-02,0.029911630043043345
 3.8340E-02,0.030047529262914797
 3.8360E-02,0.029509198935136843
 3.8380E-02,0.028318047641002927
 3.8400E-02,0.026524147635223188
 3.8420E-02,0.024204957042455896
 3.8441E-02,0.021462265549117215
 3.8461E-02,0.018417355685875186
 3.8481E-02,0.015204823095113278
 3.8501E-02,0.011965804328670657
 3.8521E-02,0.008841381528618323
 3.8542E-02,0.0059666751977273495
 3.8562E-02,0.0034657427994767677
 3.8582E-02,0.0014470780777978368
 3.8602E-02,-5.844067386675741e-07
 3.8622E-02,-0.0008122772773697119
 3.8643E-02,-0.0009503996014974836
 3.8663E-02,-0.0004073787674334792
 3.8683E-02,0.0007932299863919538
 3.8703E-02,0.002597642694249619
 3.8723E-02,0.004924776515576417
 3.8744E-02,0.007670800693100508
 3.8764E-02,0.010714617283581387
 3.8784E-02,0.01392357667210576
 3.8804E-02,0.01715898742341318
 3.8824E-02,0.020281346277523222
 3.8845E-02,0.02315549435551198
 3.8865E-02,0.02565595229950253
 3.8885E-02,0.027672478169360137
 3.8905E-02,0.029115542090313737
 3.8925E-02,0.029921112599265057
 3.8946E-02,0.030054070651767125
 3.8966E-02,0.02950976709092097
 3.8986E-02,0.028313635356641238
 3.9006E-02,0.026519181561895633
 3.9026E-02,0.024204911538137825
 3.9047E-02,0.021470722332374497
 3.9067E-02,0.01843402621199723
 3.9087E-02,0.015225545976732173
 3.9107E-02,0.011984510880993325
 3.9127E-02,0.008853015785911657
 3.9148E-02,0.005969575671103022
 3.9168E-02,0.0034622814219968947
 3.9188E-02,0.0014422521985427397
 3.9208E-02,-1.8641188560281768e-06
 3.9228E-02,-0.0008078018611020417
 3.9249E-02,-0.000941840757456669
 3.9269E-02,-0.0003994372222098166
 3.9289E-02,0.0007952592192947013
 3.9309E-02,0.0025906340908580057
 3.9329E-02,0.004909450943196241
 3.9350E-02,0.007651461066528512
 3.9370E-02,0.010697083424206676
 3.9390E-02,0.013912378276283327
 3.9410E-02,0.017155247350436314
 3.9430E-02,0.02028242567485338
 3.9451E-02,0.02315656358823634
 3.9471E-02,0.025652664073170656
 3.9491E-02,0.02766335845012981
 3.9511E-02,0.029102866870635822
 3.9531E-02,0.029909823240327506
 3.9552E-02,0.030049291413690768
 3.9572E-02,0.029514204541728175
 3.9592E-02,0.02832619376336377
 3.9612E-02,0.026535496963508688
 3.9632E-02,0.024219519152224332
 3.9653E-02,0.02147973769799615
 3.9673E-02,0.018436967307315328
 3.9693E-02,0.015225376359000526
 3.9713E-02,0.011985903906921978
 3.9733E-02,0.008859751236822113
 3.9754E-02,0.005982416242264643
 3.9774E-02,0.0034784193290455434
 3.9794E-02,0.0014566040444107917
 3.9814E-02,5.816960164176099e-06
 3.9834E-02,-0.0008090902421649904
 3.9855E-02,-0.0009507243034949034
 3.9875E-02,-0.0004116244073062535
 3.9895E-02,0.0007847784629596992
 3.9915E-02,0.002585078214041585
 3.9935E-02,0.0049087065963623906
 3.9956E-02,0.007652289828106195
 3.9976E-02,0.010694954195022852
 3.9996E-02,0.013903972517140654
 4.0016E-02,0.017140343926337526
 4.0036E-02,0.02026419511790542
 4.0057E-02,0.02314012051617345
 4.0077E-02,0.02564262006023186
 4.0097E-02,0.027661627241035415
 4.0117E-02,0.02910783910104534
 4.0137E-02,0.02991732032960158
 4.0158E-02,0.03005479404258913
 4.0178E-02,0.029515201208058277
 4.0198E-02,0.028323442181762713
 4.0218E-02,0.02653255906285018
 4.0238E-02,0.024220822853436783
 4.0259E-02,0.021488174327834796
 4.0279E-02,0.01845226522378897
 4.0299E-02,0.015244084631549918
 4.0319E-02,0.01200298911856274
 4.0339E-02,0.00887098537515151
 4.0360E-02,0.005986336469028023
 4.0380E-02,0.0034768698954761325
 4.0400E-02,0.0014536031519170969
 4.0420E-02,5.348069648141492e-06
 4.0440E-02,-0.0008052203073322335
 4.0461E-02,-0.000943862756833039
 4.0481E-02,-0.0004055918006466775
 4.0501E-02,0.0007856693887649288
 4.0521E-02,0.002578283514648853
 4.0541E-02,0.004894833123999223
 4.0562E-02,0.007634893310817849
 4.0582E-02,0.010678859921809296
 4.0602E-02,0.013892978481037883
 4.0622E-02,0.017135476953391744
 4.0642E-02,0.020263401343955205
 4.0663E-02,0.023139532635002024
 4.0683E-02,0.025638735169675343
 4.0703E-02,0.02765326583441662
 4.0723E-02,0.02909687444085344
 4.0743E-02,0.02990780493712932
 4.0764E-02,0.030050936432655783
 4.0784E-02,0.02951923534886817
 4.0804E-02,0.028334482483654992
 4.0824E-02,0.026547022223755795
 4.0844E-02,0.02423419128822512
 4.0865E-02,0.021497190902562073
 4.0885E-02,0.018456436479603718
 4.0905E-02,0.015245734586335288
 4.0925E-02,0.012005855570830339
 4.0945E-02,0.008878097444979482
 4.0966E-02,0.005998273626665588
 4.0986E-02,0.0034912979823536823
 4.1006E-02,0.0014663222392729282
 4.1026E-02,1.231218898575066e-05
 4.1046E-02,-0.0008059442496924223
 4.1067E-02,-0.0009511917251542994
 4.1087E-02,-0.00041602939536668085
 4.1107E-02,0.0007762435371018728
 4.1127E-02,0.00257255854337
 4.1147E-02,0.004892794755683896
 4.1168E-02,0.007633975829541057
 4.1188E-02,0.010675430885261404
 4.1208E-02,0.01388438274165901
 4.1228E-02,0.01712158333656461
 4.1248E-02,0.020246854278537233
 4.1269E-02,0.023124577788748466
 4.1289E-02,0.025629219729252813
 4.1309E-02,0.02765083500356149
 4.1329E-02,0.029100280926487483
 4.1349E-02,0.029913673390595304
 4.1370E-02,0.030055577385793276
 4.1390E-02,0.02952056826492535
 4.1410E-02,0.028333079108244928
 4.1430E-02,0.02654574144082464
 4.1450E-02,0.02423660515575604
 4.1471E-02,0.021505621957088647
 4.1491E-02,0.018470620818082706
 4.1511E-02,0.015262797459750873
 4.1531E-02,0.012021609102606662
 4.1551E-02,0.008888993887109137
 4.1572E-02,0.006003018369399114
 4.1592E-02,0.0034913091317093393
 4.1612E-02,0.0014648194856475751
 4.1632E-02,1.2518649938567583e-05
 4.1652E-02,-0.0008025559493083321
 4.1673E-02,-0.0009457093187482516
 4.1693E-02,-0.00041155710421394607
 4.1713E-02,0.0007761969214456196
 4.1733E-02,0.0025659290610750376
 4.1753E-02,0.004880101811796636
 4.1774E-02,0.007618168316780999
 4.1794E-02,0.0106605212234569
 4.1814E-02,0.013873567008064894
 4.1834E-02,0.017115804122184122
 4.1854E-02,0.02024453118229474
 4.1875E-02,0.023122628849300098
 4.1895E-02,0.025624835075924397
 4.1915E-02,0.02764308134189799
 4.1935E-02,0.029090707647632982
 4.1955E-02,0.02990560896353056
 4.1976E-02,0.030052480231906705
 4.1996E-02,0.029524281311079308
 4.2016E-02,0.02834288311996183
 4.2036E-02,0.026558687959129353
 4.2056E-02,0.02424895141569531
 4.2077E-02,0.021514627740957092
 4.2097E-02,0.018475788897325436
 4.2117E-02,0.015265933264454527
 4.2137E-02,0.012025686357769969
 4.2157E-02,0.008896424950089056
 4.2178E-02,0.006014227590472774
 4.2198E-02,0.0035043446984603754
 4.2218E-02,0.001476201798447503
 4.2238E-02,1.888935811979772e-05
 4.2258E-02,-0.0008028263176957253
 4.2279E-02,-0.0009517707800476742
 4.2299E-02,-0.00042056054188267973
 4.2319E-02,0.0007676435351221592
 4.2339E-02,0.002560077887675504
 4.2359E-02,0.004877014212021136
 4.2380E-02,0.007615824774644807
 4.2400E-02,0.010656023701085026
 4.2420E-02,0.013864806008367868
 4.2440E-02,0.017102727180918733
 4.2460E-02,0.020229356988022862
 4.2481E-02,0.02310889401799709
 4.2501E-02,0.02561575954857324
 4.2521E-02,0.027640086013861257
 4.2541E-02,0.029092836522075925
 4.2561E-02,0.029910141163086774
 4.2582E-02,0.03005640618698851
 4.2602E-02,0.029525877214620626
 4.2622E-02,0.028342573784577232
 4.2642E-02,0.0265587607331829
 4.2662E-02,0.024252278411649123
 4.2683E-02,0.02152306295376217
 4.2703E-02,0.01848906979154776
 4.2723E-02,0.015281652327911094
 4.2743E-02,0.012040346262521802
 4.2763E-02,0.008907036821380688
 4.2784E-02,0.006019639096794703
 4.2804E-02,0.0035056298574739093
 4.2824E-02,0.001475929125681467
 4.2844E-02,1.9658486692861014e-05
 4.2864E-02,-0.0007998204264058543
 4.2885E-02,-0.0009474084921777723
 4.2905E-02,-0.0004173631510609846
 4.2925E-02,0.0007668251838310398
 4.2945E-02,0.00255357589743099
 4.2965E-02,0.0048652811956709785
 4.2986E-02,0.00760131681094532
 4.3006E-02,0.010642088846869903
 4.3026E-02,0.013854145233033478
 4.3046E-02,0.01709620953621499
 4.3066E-02,0.02022578521892173
 4.3087E-02,0.023105827045911468
 4.3107E-02,0.02561095627592035
 4.3127E-02,0.027632818868368807
 4.3147E-02,0.02908439453800202
 4.3167E-02,0.029903263046811842
 4.3188E-02,0.030053936005139135
 4.3208E-02,0.029529334419312634
 4.3228E-02,0.02835137070482042
 4.3248E-02,0.026570465149885935
 4.3268E-02,0.024263781354001826
 4.3289E-02,0.02153205010320009
 4.3309E-02,0.01849504540524772
 4.3329E-02,0.015286001377704184
 4.3349E-02,0.012045418485705648
 4.3369E-02,0.008914737864882363
 4.3390E-02,0.006030262143159512
 4.3410E-02,0.003517531679947866
 4.3430E-02,0.0014862173935168356
 4.3450E-02,2.5538526231185226e-05
 4.3470E-02,-0.000799726030023416
 4.3491E-02,-0.0009524361556011774
 4.3511E-02,-0.0004251906698382596
 4.3531E-02,0.0007589936032648088
 4.3551E-02,0.0025476317091785083
 4.3571E-02,0.004861343203855666
 4.3592E-02,0.007597808930946822
 4.3612E-02,0.010636713175457484
 4.3632E-02,0.013845241033705505
 4.3652E-02,0.017083792908343356
 4.3672E-02,0.02021173038214153
 4.3693E-02,0.023093092076466468
 4.3713E-02,0.02560224645009542
 4.3733E-02,0.02762936782915381
 4.3753E-02,0.029085480588361953
 4.3773E-02,0.029906698555088124
 4.3794E-02,0.03005726842954084
 4.3814E-02,0.02953113518959692
 4.3834E-02,0.028351948703398983
 4.3854E-02,0.026571643152317078
 4.3874E-02,0.024267859084067284
 4.3895E-02,0.021540495649396838
 4.3915E-02,0.018507593307031216
 4.3935E-02,0.01530062297645166
 4.3955E-02,0.012059180393006696
 4.3975E-02,0.008925110311252265
 4.3996E-02,0.006036212979121901
 4.4016E-02,0.0035198571367208225
 4.4036E-02,0.0014869549793972473
 4.4056E-02,2.677663146934757e-05
 4.4076E-02,-0.0007970230798537679
 4.4097E-02,-0.0009489831174354405
 4.4117E-02,-0.0004230345199146716
 4.4137E-02,0.0007575404327307699
 4.4157E-02,0.0025412280732243888
 4.4177E-02,0.004850390937976937
 4.4198E-02,0.007584363922558909
 4.4218E-02,0.010623580513021348
 4.4238E-02,0.013834714466964448
 4.4258E-02,0.01707667755163277
 4.4278E-02,0.020207138994596505
 4.4299E-02,0.023089106552064868
 4.4319E-02,0.025597092462792095
 4.4339E-02,0.02762248961917127
 4.4359E-02,0.029077957975525832
 4.4379E-02,0.02990078991305836
 4.4400E-02,0.03005531469112667
 4.4420E-02,0.0295343882944053
 4.4440E-02,0.028359924924457436
 4.4460E-02,0.026582330048828547
 4.4480E-02,0.02427866610862196
 4.4501E-02,0.0215494593619027
 4.4521E-02,0.018514222919016318
 4.4541E-02,0.015305962606685333
 4.4561E-02,0.012065070220828566
 4.4581E-02,0.008933039718241111
 4.4602E-02,0.006046364357665118
 4.4622E-02,0.0035308362527065804
 4.4642E-02,0.001496348249801984
 4.4662E-02,3.225141585725083e-05
 4.4682E-02,-0.0007966350244719644
 4.4703E-02,-0.0009531672341638253
 4.4723E-02,-0.0004298975194585321
 4.4743E-02,0.000750306264251024
 4.4763E-02,0.002535216467403945
 4.4783E-02,0.0048457640551054825
 4.4804E-02,0.007579905630993439
 4.4824E-02,0.010617483289356288
 4.4844E-02,0.013825686612034302
 4.4864E-02,0.017064794657986156
 4.4884E-02,0.02019399661582588
 4.4905E-02,0.023077190746146867
 4.4925E-02,0.02558868625391806
 4.4945E-02,0.0276186704218511
 4.4965E-02,0.029078192504754005
 4.4985E-02,0.02990332500174753
 4.5006E-02,0.03005815415091276
 4.5026E-02,0.029536347866035557
 4.5046E-02,0.02836122216060381
 4.5066E-02,0.0265844101432389
 4.5086E-02,0.02428336074540045
 4.5107E-02,0.021557918830557122
 4.5127E-02,0.018526176072729474
 4.5147E-02,0.015319687945603042
 4.5167E-02,0.012078094877681082
 4.5187E-02,0.008943211039520248
 4.5208E-02,0.006052751593200835
 4.5228E-02,0.0035340114098392074
 4.5248E-02,0.0014979158333972976
 4.5268E-02,3.388061978518695e-05
 4.5288E-02,-0.0007941714053800635
 4.5309E-02,-0.0009504517935459581
 4.5329E-02,-0.000428591335742772
 4.5349E-02,0.0007483313137697117
 4.5369E-02,0.002528888754494996
 4.5389E-02,0.004835447018278481
 4.5410E-02,0.007567330199666059
 4.5430E-02,0.010605010811240566
 4.5450E-02,0.013815275930082856
 4.5470E-02,0.017057195499246315
 4.5490E-02,0.020188572545005976
 4.5511E-02,0.023072450396335265
 4.5531E-02,0.02558323834515891
 4.5551E-02,0.027612102625888996
 4.5571E-02,0.029071416595824753
 4.5591E-02,0.02989820818728454
 4.5612E-02,0.03005662535596178
 4.5632E-02,0.029539437857737622
 4.5652E-02,0.028368529250221763
 4.5672E-02,0.02659426322049775
 4.5692E-02,0.02429359330873677
 4.5713E-02,0.02156685649076625
 4.5733E-02,0.01853333515529309
 4.5753E-02,0.015325836287278936
 4.5773E-02,0.012084656567849602
 4.5793E-02,0.008951333519490649
 4.5814E-02,0.006062523773673657
 4.5834E-02,0.0035442399114340795
 4.5854E-02,0.0015065773182013791
 4.5874E-02,3.902112790498107e-05
 4.5894E-02,-0.000793546599232295
 4.5915E-02,-0.0009539472312285226
 4.5935E-02,-0.00043466286642117845
 4.5955E-02,0.000741591864039991
 4.5975E-02,0.002522829401836647
 4.5995E-02,0.004830262406434971
 4.6016E-02,0.007562096346957823
 4.6036E-02,0.010598320862976168
 4.6056E-02,0.013806141632414722
 4.6076E-02,0.01704574388944008
 4.6096E-02,0.02017617378141348
 4.6117E-02,0.02306120545431215
 4.6137E-02,0.025575083848286245
 4.6157E-02,0.027607985717550965
 4.6177E-02,0.029070955469020845
 4.6197E-02,0.029900003652055508
 4.6218E-02,0.030059055094732015
 4.6238E-02,0.029541519757416656
 4.6258E-02,0.028370409035865872
 4.6278E-02,0.02659707924743462
 4.6298E-02,0.024298794580932183
 4.6319E-02,0.021575331625881367
 4.6339E-02,0.01854480567439137
 4.6359E-02,0.015338829698026812
 4.6379E-02,0.012097076052708926
 4.6399E-02,0.008961336167351147
 4.6420E-02,0.006069264291890071
 4.6440E-02,0.0035481093461672193
 4.6460E-02,0.0015088270941883892
 4.6480E-02,4.097672288632401e-05
 4.6500E-02,-0.0007912714152058719
 4.6521E-02,-0.0009518296644107655
 4.6541E-02,-0.0004340500749417899
 4.6561E-02,0.0007391884493621177
 4.6581E-02,0.0025165604137009213
 4.6601E-02,0.004820462425166074
 4.6622E-02,0.007550232447296694
 4.6642E-02,0.010586391756066392
 4.6662E-02,0.013795830746426816
 4.6682E-02,0.01703775312586203
 4.6702E-02,0.02017006958122706
 4.6723E-02,0.02305584465204293
 4.6743E-02,0.02556938949093004
 4.6763E-02,0.027601665169267847
 4.6783E-02,0.029064785589444638
 4.6803E-02,0.02989553313360292
 4.6824E-02,0.03005787551250432
 4.6844E-02,0.02954447907018111
 4.6864E-02,0.02837717023611208
 4.6884E-02,0.026606248762234063
 4.6904E-02,0.024308552754076323
 4.6925E-02,0.02158424217021698
 4.6945E-02,0.01855239324229381
 4.6965E-02,0.015345638214796686
 4.6985E-02,0.012104189859845122
 4.7005E-02,0.008969621839159982
 4.7026E-02,0.006078731937349205
 4.7046E-02,0.003557727563238769
 4.7066E-02,0.0015168906171375601
 4.7086E-02,4.584192343942781e-05
 4.7106E-02,-0.0007904553770366215
 4.7127E-02,-0.0009547624757922032
 4.7147E-02,-0.00043947178390283813
 4.7167E-02,0.0007328589551966911
 4.7187E-02,0.0025104683707563294
 4.7207E-02,0.0048148265983406924
 4.7228E-02,0.00754436593859307
 4.7248E-02,0.010579215055306903
 4.7268E-02,0.013786605084701897
 4.7288E-02,0.017026649888509413
 4.7308E-02,0.020158276650835423
 4.7329E-02,0.023045148869037906
 4.7349E-02,0.02556144333262631
 4.7369E-02,0.02759730721356263
 4.7389E-02,0.029063755788822292
 4.7409E-02,0.029896720697600934
 4.7430E-02,0.03005996441973531
 4.7450E-02,0.02954665444993415
 4.7470E-02,0.02837952143030218
 4.7490E-02,0.02660966481354824
 4.7510E-02,0.024314169808275825
 4.7531E-02,0.02159273342185051
 4.7551E-02,0.0185634720345145
 4.7571E-02,0.015358033901889381
 4.7591E-02,0.01211611268212125
 4.7611E-02,0.00897948326925224
 4.7632E-02,0.006085758628933679
 4.7652E-02,0.0035621645381053394
 4.7672E-02,0.001519701394766793
 4.7692E-02,4.807015718995538e-05
 4.7712E-02,-0.0007883279303025582
 4.7733E-02,-0.0009531290603982823
 4.7753E-02,-0.0004394242266500463
 4.7773E-02,0.0007301040951837158
 4.7793E-02,0.0025042449767320547
 4.7813E-02,0.004805447714335335
 4.7834E-02,0.007533084407178161
 4.7854E-02,0.01056773323848077
 4.7874E-02,0.013776379935419154
 4.7894E-02,0.017018342131482928
 4.7914E-02,0.020151616810220367
 4.7935E-02,0.02303927788843784
 4.7955E-02,0.02555554218743884
 4.7975E-02,0.027591183115167763
 4.7995E-02,0.029058077336570426
 4.8015E-02,0.029892777259873958
 4.8036E-02,0.03005907138373395
 4.8056E-02,0.02954950871993529
 4.8076E-02,0.02838583694154439
 4.8096E-02,0.026618273658405092
 4.8116E-02,0.024323536029545775
 4.8137E-02,0.02160161685525008
 4.8157E-02,0.01857140619935354
 4.8177E-02,0.015365381282647349
 4.8197E-02,0.012123680223395064
 4.8217E-02,0.008987906858572604
 4.8238E-02,0.006094982007339619
 4.8258E-02,0.0035712868889296793
 4.8278E-02,0.001527276671749147
 4.8298E-02,5.270902138322176e-05
 4.8318E-02,-0.000787357053157454
 4.8339E-02,-0.0009556018405433969
 4.8359E-02,-0.0004443120526588933
 4.8379E-02,0.0007241146014417946
 4.8399E-02,0.0024981317133327976
 4.8419E-02,0.004799447161604263
 4.8440E-02,0.007526702032977849
 4.8460E-02,0.010560156949783277
 4.8480E-02,0.013767076061024092
 4.8500E-02,0.017007520181007645
 4.8520E-02,0.020140317287722996
 4.8541E-02,0.0230290313958536
 4.8561E-02,0.02554776814642933
 4.8581E-02,0.02758662967806888
 4.8601E-02,0.029056582309583502
 4.8621E-02,0.02989346482551218
 4.8642E-02,0.0300608764591651
 4.8662E-02,0.029551754790084265
 4.8682E-02,0.02838856918324907
 4.8702E-02,0.02662217857592022
 4.8722E-02,0.024329494020241593
 4.8743E-02,0.0216101237951336
 4.8763E-02,0.01858216697066983
 4.8783E-02,0.015377288843008902
 4.8803E-02,0.012135195524956538
 4.8823E-02,0.008997650274868723
 4.8844E-02,0.006102240702230102
 4.8864E-02,0.003576188067310544
 4.8884E-02,0.001530549092642824
 4.8904E-02,5.5165259970646604e-05
 4.8924E-02,-0.0007853448147614327
 4.8945E-02,-0.000954360020206086
 4.8965E-02,-0.00044472483332811384
 4.8985E-02,0.0007210718574183236
 4.9005E-02,0.0024919439410652578
 4.9025E-02,0.00479041146535243
 4.9046E-02,0.007515897318294988
 4.9066E-02,0.010549043404117539
 4.9086E-02,0.013756924417118888
 4.9106E-02,0.01699895580327602
 4.9126E-02,0.020133203389482712
 4.9147E-02,0.023022740728640956
 4.9167E-02,0.025541693330435013
 4.9187E-02,0.027580661191177348
 4.9207E-02,0.029051301928441037
 4.9227E-02,0.029889950816248054
 4.9248E-02,0.030060218124068946
 4.9268E-02,0.02955452425623003
 4.9288E-02,0.028394520466535105
 4.9308E-02,0.02663032725868508
 4.9328E-02,0.02433853619636741
 4.9349E-02,0.021618980838786165
 4.9369E-02,0.01859038134066853
 4.9389E-02,0.015385076021088472
 4.9409E-02,0.012143135979894443
 4.9429E-02,0.009006190434036736
 4.9450E-02,0.006111268456152914
 4.9470E-02,0.0035849078418052874
 4.9490E-02,0.0015377260727703758
 4.9510E-02,5.961844754897531e-05
 4.9530E-02,-0.0007842481763735116
 4.9551E-02,-0.0009564562628639019
 4.9571E-02,-0.0004491736644405372
 4.9591E-02,0.0007153646414812628
 4.9611E-02,0.002485818150481025
 4.9631E-02,0.004784116410790763
 4.9652E-02,0.007509094522512489
 4.9672E-02,0.010541139215530283
 4.9692E-02,0.013747553753232496
 4.9712E-02,0.016988360865585837
 4.9732E-02,0.02012230554249053
 4.9753E-02,0.023012861579535197
 4.9773E-02,0.02553406117146147
 4.9793E-02,0.027575948900967047
 4.9813E-02,0.0290494259430294
 4.9833E-02,0.029890226766951924
 4.9854E-02,0.03006178651980042
 4.9874E-02,0.029556823035450326
 4.9894E-02,0.028397560295446767
 4.9914E-02,0.026634630132009132
 4.9934E-02,0.024344773472341964
 4.9955E-02,0.021627502465333775
 4.9975E-02,0.01860088384128445
 4.9995E-02,0.015396584948351118
 5.0015E-02,0.012154316982311274
 5.0035E-02,0.009015835420539358
 5.0056E-02,0.006118715433377463
 5.0076E-02,0.003590188967854003
 5.0096E-02,0.0015413786791808747
 5.0116E-02,6.2265636555687e-05
 5.0136E-02,-0.0007823251636625238
 5.0157E-02,-0.0009555307152183615
 5.0177E-02,-0.0004499609329122249
 5.0197E-02,0.0007120864591309155
 5.0217E-02,0.002479658468752289
 5.0237E-02,0.00477536065108352
 5.0258E-02,0.0074986803714169725
 5.0278E-02,0.01053032895895569
 5.0298E-02,0.013737465012179668
 5.0318E-02,0.01697958871032296
 5.0338E-02,0.02011482047317096
 5.0359E-02,0.023006225478670126
 5.0379E-02,0.025527840323797575
 5.0399E-02,0.027570103204931702
 5.0419E-02,0.02904446758884077
 5.0439E-02,0.02988706220129524
 5.0460E-02,0.030061320001184774
 5.0480E-02,0.02955952365420545
 5.0500E-02,0.028403213570096078
 5.0520E-02,0.02664240084622727
 5.0540E-02,0.02435354753008009
 5.0561E-02,0.021636334290268844
 5.0581E-02,0.018609324589966857
 5.0601E-02,0.015404731021697217
 5.0621E-02,0.012162563957876762
 5.0641E-02,0.009024474133522883
 5.0662E-02,0.0061275868097064225
 5.0682E-02,0.0035985822204659726
 5.0702E-02,0.0015482310973486519
 5.0722E-02,6.656689227217986e-05
 5.0742E-02,-0.0007811259876224402
 5.0763E-02,-0.0009573183681999143
 5.0783E-02,-0.0004540484277543214
 5.0803E-02,0.000706613896043818
 5.0823E-02,0.0024735266974246052
 5.0843E-02,0.004768828106561932
 5.0864E-02,0.0074915351493775335
 5.0884E-02,0.01052215582569281
 5.0904E-02,0.013728037447552494
 5.0924E-02,0.01696917688519762
 5.0944E-02,0.020104249460000556
 5.0965E-02,0.022996646438885916
 5.0985E-02,0.02552032482330789
 5.1005E-02,0.027565261497940977
 5.1025E-02,0.02904227928688468
 5.1045E-02,0.02988699892928846
 5.1066E-02,0.030062690715450417
 5.1086E-02,0.029561860973348675
 5.1106E-02,0.02840650126943446
 5.1126E-02,0.02664702732770462
 5.1146E-02,0.02436001331407238
 5.1167E-02,0.021644869253357773
 5.1187E-02,0.01861961725277156
 5.1207E-02,0.015415914392180013
 5.1227E-02,0.012173470803518348
 5.1247E-02,0.009034037203866167
 5.1268E-02,0.00613518679130731
 5.1288E-02,0.0036041746017783593
 5.1308E-02,0.0015521971132454464
 5.1328E-02,6.937428093825842e-05
 5.1348E-02,-0.0007792714565584153
 5.1369E-02,-0.000956647797499993
 5.1389E-02,-0.0004551399229118789
 5.1409E-02,0.0007031435456650945
 5.1429E-02,0.0024673894594003463
 5.1449E-02,0.004760300939412402
 5.1470E-02,0.007481441084097884
 5.1490E-02,0.010511595426093773
 5.1510E-02,0.013718002451161771
 5.1530E-02,0.01696023646365281
 5.1550E-02,0.02009646084905954
 5.1571E-02,0.022989725829910743
 5.1591E-02,0.025513981001033314
 5.1611E-02,0.02755951222494567
 5.1631E-02,0.02903758102105795
 5.1651E-02,0.02988411829703256
 5.1672E-02,0.030062380548233875
 5.1692E-02,0.029564505308425644
 5.1712E-02,0.028411910362287466
 5.1732E-02,0.02665448728857878
 5.1752E-02,0.02436856531112916
 5.1773E-02,0.021653677294532103
 5.1793E-02,0.01862824074858202
 5.1813E-02,0.015424353298925142
 5.1833E-02,0.012181969765877097
 5.1853E-02,0.009042759285684765
 5.1874E-02,0.006143933452984528
 5.1894E-02,0.003612303336298246
 5.1914E-02,0.001558785413371714
 5.1934E-02,7.355160657824774e-05
 5.1954E-02,-0.0007779882763151136
 5.1975E-02,-0.0009581821503385405
 5.1995E-02,-0.000458929633116636
 5.2015E-02,0.0006978663496077962
 5.2035E-02,0.0024612566029981247
 5.2055E-02,0.004753577187535366
 5.2076E-02,0.007474017170346013
 5.2096E-02,0.010503201828330984
 5.2116E-02,0.013708526518765852
 5.2136E-02,0.016949972246619687
 5.2156E-02,0.02008615561039866
 5.2177E-02,0.022980391738183246
 5.2197E-02,0.025506561124326425
 5.2217E-02,0.027554564748159923
 5.2237E-02,0.029035136311532716
 5.2257E-02,0.029883775092908838
 5.2278E-02,0.030063585829221147
 5.2298E-02,0.029566870018257186
 5.2318E-02,0.028415397391135543
 5.2338E-02,0.026659376578229615
 5.2358E-02,0.024375217785446775
 5.2379E-02,0.021662224055055503
 5.2399E-02,0.018638362826674373
 5.2419E-02,0.015435270778741966
 5.2439E-02,0.01219265184879914
 5.2459E-02,0.009052254348767004
 5.2480E-02,0.006151657977496951
 5.2500E-02,0.0036181509695721466
 5.2520E-02,0.0015630100985915547
 5.2540E-02,7.64936797103394e-05
 5.2560E-02,-0.0007761856779939216
 5.2581E-02,-0.0009577166809451908
 5.2601E-02,-0.00046026785661035696
 5.2621E-02,0.0006942395254223989
 5.2641E-02,0.00245513760861012
 5.2661E-02,0.004745236938006695
 5.2682E-02,0.007464185605348547
 5.2702E-02,0.010492847353462915
 5.2722E-02,0.01369853737868023
 5.2742E-02,0.016940895515166574
 5.2762E-02,0.020078118635102164
 5.2783E-02,0.02297323660787848
 5.2803E-02,0.025500113553366646
 5.2823E-02,0.027548890722218184
 5.2843E-02,0.029030647687792115
 5.2863E-02,0.029881124741835578
 5.2884E-02,0.030063402688961332
 5.2904E-02,0.029569467946116597
 5.2924E-02,0.028420606050815284
 5.2944E-02,0.02666658074772185
 5.2964E-02,0.024383585645844738
 5.2985E-02,0.021671009873054117
 5.3005E-02,0.018647133702829638
 5.3025E-02,0.015443948573619663
 5.3045E-02,0.012201358003620207
 5.3065E-02,0.009061047007924322
 5.3086E-02,0.006160305458301358
 5.3106E-02,0.0036260657273590583
 5.3126E-02,0.0015693838223199857
 5.3146E-02,8.057030151958043e-05
 5.3166E-02,-0.0007748332776664656
 5.3187E-02,-0.0009590427224225407
 5.3207E-02,-0.00046381178900526245
 5.3227E-02,0.0006891252917336717
 5.3247E-02,0.002449007294769009
 5.3267E-02,0.004738359546514486
 5.3288E-02,0.007456535077934312
 5.3308E-02,0.010484273154371459
 5.3328E-02,0.01368902042199123
 5.3348E-02,0.016930750198365364
 5.3368E-02,0.020068029360817335
 5.3389E-02,0.022964102213251254
 5.3409E-02,0.025492771768777744
 5.3429E-02,0.027543856466638622
 5.3449E-02,0.02902799210685622
 5.3469E-02,0.02988055016358292
 5.3490E-02,0.030064469198339962
 5.3510E-02,0.02957185128712577
 5.3530E-02,0.028424252955339215
 5.3550E-02,0.026671683126317992
 5.3570E-02,0.024390390374241434
 5.3591E-02,0.021679566816142803
 5.3611E-02,0.018657117004794853
 5.3631E-02,0.015454648876919785
 5.3651E-02,0.012211855888035073
 5.3671E-02,0.009070485769193483
 5.3692E-02,0.006168131570603695
 5.3712E-02,0.0036321229591369207
 5.3732E-02,0.0015738223078220876
 5.3752E-02,8.362589544644479e-05
 5.3772E-02,-0.0007730694174297198
 5.3793E-02,-0.0009587417731883526
 5.3813E-02,-0.00046534968870136524
 5.3833E-02,0.0006853714353005899
 5.3853E-02,0.002442903452078387
 5.3873E-02,0.0047301723930197204
 5.3894E-02,0.007446918966040002
 5.3914E-02,0.010474088488062798
 5.3934E-02,0.01367907036359332
 5.3954E-02,0.016921563000404958
 5.3974E-02,0.02005978903777767
 5.3995E-02,0.022956753571890663
 5.4015E-02,0.0254862364742238
 5.4035E-02,0.027538240688338655
 5.4055E-02,0.029023672042236093
 5.4075E-02,0.029878086155902085
 5.4096E-02,0.030064388842688475
 5.4116E-02,0.029574410559269838
 5.4136E-02,0.02842929673649843
 5.4156E-02,0.0266786764452663
 5.4176E-02,0.024398605322927248
 5.4197E-02,0.021688332005815207
 5.4217E-02,0.018666006600505256
 5.4237E-02,0.015463521514968088
 5.4257E-02,0.012220732447644718
 5.4277E-02,0.009079338244040981
 5.4298E-02,0.006176700459947777
 5.4318E-02,0.003639864938566689
 5.4338E-02,0.0015800220613172745
 5.4358E-02,8.762107635044828e-05
 5.4378E-02,-0.0007716595794624946
 5.4399E-02,-0.0009598961046226224
 5.4419E-02,-0.00046869039714016116
 5.4439E-02,0.0006803934416736504
 5.4459E-02,0.0024367783423796027
 5.4479E-02,0.004723171854174721
 5.4500E-02,0.007439084377122105
 5.4520E-02,0.010465366462906273
 5.4540E-02,0.013669518685951019
 5.4560E-02,0.01691151337514993
 5.4580E-02,0.02004987509622578
 5.4601E-02,0.022947781754878965
 5.4621E-02,0.0254789581751102
 5.4641E-02,0.02753313489926169
 5.4661E-02,0.029020842674455045
 5.4681E-02,0.029877319968896036
 5.4702E-02,0.03006533861936132
 5.4722E-02,0.02957680566145941
 5.4742E-02,0.028433071452245436
 5.4762E-02,0.026683951257863797
 5.4782E-02,0.024405533951161643
 5.4803E-02,0.021696897519696966
 5.4823E-02,0.018675876898010303
 5.4843E-02,0.015474044410400586
 5.4863E-02,0.012231079441826135
 5.4883E-02,0.009088730543759737
 5.4904E-02,0.0061846096483692894
 5.4924E-02,0.003646094553197558
 5.4944E-02,0.00158463757022153
 5.4964E-02,9.077264054626407e-05
 5.4984E-02,-0.000769923945063749
 5.5005E-02,-0.0009597266601473876
 5.5025E-02,-0.00047038947224341233
 5.5045E-02,0.0006765368330273455
 5.5065E-02,0.0024306874021821634
 5.5085E-02,0.004715110350724514
 5.5106E-02,0.007429645282520625
 5.5126E-02,0.01045532191668056
 5.5146E-02,0.013659601904634583
 5.5166E-02,0.016902236606538078
 5.5186E-02,0.02004146814983348
 5.5207E-02,0.022940273245419238
 5.5227E-02,0.02547234850799382
 5.5247E-02,0.027527563727061218
 5.5267E-02,0.029016657713687846
 5.5287E-02,0.029875006324626457
 5.5308E-02,0.03006534101095642
 5.5328E-02,0.029579332350334615
 5.5348E-02,0.02843797924660091
 5.5368E-02,0.026690770469139185
 5.5388E-02,0.024413621691871414
 5.5409E-02,0.021705643642240806
 5.5429E-02,0.018684861986455
 5.5449E-02,0.01548307592852265
 5.5469E-02,0.01224009619297829
 5.5489E-02,0.00909763378481867
 5.5510E-02,0.006193116541256168
 5.5530E-02,0.003653697331099198
 5.5550E-02,0.0015906966299934393
 5.5570E-02,9.470234853449478e-05
 5.5590E-02,-0.0007684660564643824
 5.5611E-02,-0.0009607390597928017
 5.5631E-02,-0.000473561776200862
 5.5651E-02,0.0006716730442947599
 5.5671E-02,0.0024245694229160578
 5.5691E-02,0.004708011410931554
 5.5712E-02,0.007421661398756082
 5.5732E-02,0.01044647901087632
 5.5752E-02,0.01365002090458907
 5.5772E-02,0.01689226391419253
 5.5792E-02,0.02003169639980455
 5.5813E-02,0.022931433560569994
 5.5833E-02,0.025465121531468585
 5.5853E-02,0.027522398639552484
 5.5873E-02,0.02901368475956774
 5.5893E-02,0.0298740810921599
 5.5914E-02,0.030066192268885815
 5.5934E-02,0.02958173383464566
 5.5954E-02,0.028441855715854007
 5.5974E-02,0.026696184473511398
 5.5994E-02,0.024420650875474178
 5.6015E-02,0.02171421617085434
 5.6035E-02,0.018694640157197347
 5.6055E-02,0.015493453880038964
 5.6075E-02,0.012250319644955885
 5.6095E-02,0.009106987888281055
 5.6116E-02,0.0062010938808546206
 5.6136E-02,0.0036600689931538745
 5.6156E-02,0.0015954590204492539
 5.6176E-02,9.79353333255275e-05
 5.6196E-02,-0.0007667502777756302
 5.6217E-02,-0.0009606742607265067
 5.6237E-02,-0.00047539052381318127
 5.6257E-02,0.0006677337049875846
 5.6277E-02,0.002418489774858272
 5.6297E-02,0.004700053288351179
 5.6318E-02,0.007412367923338202
 5.6338E-02,0.010436550183284574
 5.6358E-02,0.01364013243924217
 5.6378E-02,0.01688291446925899
 5.6398E-02,0.020023152789667722
 5.6419E-02,0.022923792781708308
 5.6439E-02,0.025458448611245035
 5.6459E-02,0.027516861131248793
 5.6479E-02,0.02900960766080724
 5.6499E-02,0.029871888349542346
 5.6520E-02,0.030066260849206532
 5.6540E-02,0.02958423268883212
 5.6560E-02,0.0284466509996416
 5.6580E-02,0.026702859616883665
 5.6600E-02,0.024428632565885816
 5.6621E-02,0.021722944713923224
 5.6641E-02,0.018703701918894877
 5.6661E-02,0.01550261491732056
 5.6681E-02,0.012259451778057191
 5.6701E-02,0.009115934295075276
 5.6722E-02,0.006209552152776897
 5.6742E-02,0.003667559936548118
 5.6762E-02,0.001601404657999463
 5.6782E-02,0.00010181280453078938
 5.6802E-02,-0.0007652518094111033
 5.6823E-02,-0.0009615689519918912
 5.6843E-02,-0.00047842291084383205
 5.6863E-02,0.0006629659552352231
 5.6883E-02,0.002412380298697347
 5.6903E-02,0.004692876030654016
 5.6924E-02,0.007404263150483773
 5.6944E-02,0.010427608548575816
 5.6964E-02,0.013630526730883311
 5.6984E-02,0.016873003550428426
 5.7004E-02,0.020013496200426053
 5.7025E-02,0.02291506025842131
 5.7045E-02,0.0254512628327813
 5.7065E-02,0.027511646560540993
 5.7085E-02,0.029006515713182097
 5.7105E-02,0.029870830735915815
 5.7126E-02,0.030067028638763708
 5.7146E-02,0.029586636351868038
 5.7166E-02,0.02845060804777922
 5.7186E-02,0.026708385633318003
 5.7206E-02,0.024435743087226725
 5.7227E-02,0.021731522790766355
 5.7247E-02,0.01871340487411835
 5.7267E-02,0.015512874424707534
 5.7287E-02,0.012269574140255347
 5.7307E-02,0.009125257138433197
 5.7328E-02,0.006217585612021967
 5.7348E-02,0.0036740489188586884
 5.7368E-02,0.0016062892262594434
 5.7388E-02,0.00010511515011037836
 5.7408E-02,-0.0007635492273737632
 5.7429E-02,-0.0009615869488745855
 5.7449E-02,-0.00048035555518636055
 5.7469E-02,0.0006589603933212506
 5.7489E-02,0.0024063108129438364
 5.7509E-02,0.004685003221797171
 5.7530E-02,0.007395089646183096
 5.7550E-02,0.010417775384852635
 5.7570E-02,0.013620662349189594
 5.7590E-02,0.01686359508564021
 5.7610E-02,0.020004840365940406
 5.7631E-02,0.02290730984886469
 5.7651E-02,0.025444535916511395
 5.7671E-02,0.027506133942551875
 5.7691E-02,0.02900252429521555
 5.7711E-02,0.029868734771671616
 5.7732E-02,0.030067149726264546
 5.7752E-02,0.029589111076636698
 5.7772E-02,0.028455309894819186
 5.7792E-02,0.026714941266278838
 5.7812E-02,0.02444363613979896
 5.7833E-02,0.021740235141045613
 5.7853E-02,0.018722528059757725
 5.7873E-02,0.015522141008220807
 5.7893E-02,0.012278801280711715
 5.7913E-02,0.009134240328748218
 5.7934E-02,0.006226006037396536
 5.7954E-02,0.0036814503289962952
 5.7974E-02,0.0016121437877304012
 5.7994E-02,0.00010895135107618064
 5.8014E-02,-0.0007620161227150342
 5.8035E-02,-0.0009623836371504849
 5.8055E-02,-0.0004832713330693162
 5.8075E-02,0.0006542737066116164
 5.8095E-02,0.0024002107955569804
 5.8115E-02,0.004677763942216896
 5.8136E-02,0.007386887191455418
 5.8156E-02,0.010408753230866583
 5.8176E-02,0.01361103586917561
 5.8196E-02,0.016853733692826167
 5.8216E-02,0.019995276892923804
 5.8237E-02,0.022898664009305278
 5.8257E-02,0.025437382912464033
 5.8277E-02,0.027500877760239996
 5.8297E-02,0.02899933337984425
 5.8317E-02,0.029867566610028987
 5.8338E-02,0.030067846481668055
 5.8358E-02,0.029591513640417764
 5.8378E-02,0.028459330315854306
 5.8398E-02,0.026720557071750566
 5.8418E-02,0.024450812178581787
 5.8439E-02,0.021748817406998362
 5.8459E-02,0.018732169494893435
 5.8479E-02,0.015532303701040898
 5.8499E-02,0.012288840984886404
 5.8519E-02,0.009143537728691633
 5.8540E-02,0.006234085919795809
 5.8560E-02,0.003688036477046545
 5.8580E-02,0.0016171302880718576
 5.8600E-02,0.00011231306352830778
 5.8620E-02,-0.0007603214440962964
 5.8641E-02,-0.0009624666573230245
 5.8661E-02,-0.000485286785233365
 5.8681E-02,0.0006502155320251037
 5.8701E-02,0.0023941507019275246
 5.8721E-02,0.004669961791667103
 5.8742E-02,0.007377812709324282
 5.8762E-02,0.010398999251056933
 5.8782E-02,0.01360119196814755
 5.8802E-02,0.016844277246472313
 5.8822E-02,0.019986528770454887
 5.8843E-02,0.02289082253913103
 5.8863E-02,0.025430609704781847
 5.8883E-02,0.02749538300152819
 5.8903E-02,0.02899540958359868
 5.8923E-02,0.029865547673105074
 5.8944E-02,0.030068008773554783
 5.8964E-02,0.029593967120052855
 5.8984E-02,0.02846395422174388
 5.9004E-02,0.02672701326945813
 5.9024E-02,0.024458630923169092
 5.9045E-02,0.021757514838892458
 5.9065E-02,0.018741341751392287
 5.9085E-02,0.015541656259993548
 5.9105E-02,0.012298146403312258
 5.9125E-02,0.009152552349040902
 5.9146E-02,0.006242477177181592
 5.9166E-02,0.003695366527784851
 5.9186E-02,0.0016229120846463466
 5.9206E-02,0.00011611708038698461
 5.9226E-02,-0.0007587584253971647
 5.9247E-02,-0.0009631813692019526
 5.9267E-02,-0.00048810502074210445
 5.9287E-02,0.0006455975655769799
 5.9307E-02,0.002388060789940112
 5.9327E-02,0.004662673713075865
 5.9348E-02,0.007369531532701054
 5.9368E-02,0.01038991154632021
 5.9388E-02,0.013591548069628897
 5.9408E-02,0.016834455486984035
 5.9428E-02,0.019977040436703272
 5.9449E-02,0.02288224659086497
 5.9469E-02,0.02542348246895849
 5.9489E-02,0.02749009151742605
 5.9509E-02,0.028992136005900605
 5.9529E-02,0.029864286839740663
 5.9550E-02,0.030068644766206964
 5.9570E-02,0.029596366034897417
 5.9590E-02,0.02846802403642749
 5.9610E-02,0.026732700695306158
 5.9630E-02,0.024465859457591926
 5.9651E-02,0.021766100051963458
 5.9671E-02,0.018750932755697915
 5.9691E-02,0.01555173979118791
 5.9711E-02,0.012308118578974228
 5.9731E-02,0.009161829179762536
 5.9752E-02,0.006250595670017239
 5.9772E-02,0.0037020334151661905
 5.9792E-02,0.0016279839258895226
 5.9812E-02,0.00011952987971378093
 5.9832E-02,-0.0007570674464510391
 5.9853E-02,-0.0009633149575202755
 5.9873E-02,-0.0004901860275454905
 5.9893E-02,0.0006414979974910301
 5.9913E-02,0.0023820095844135545
 5.9933E-02,0.004654930334579063
 5.9954E-02,0.007360538963281017
 5.9974E-02,0.010380223209399464
 5.9994E-02,0.013581721587096123
 6.0014E-02,0.01682495997932667
 6.0034E-02,0.019968216287997765
 6.0055E-02,0.022874329291456538
 6.0075E-02,0.025416669379948006
 6.0095E-02,0.027484608986143595
 6.0115E-02,0.028988265129670437
 6.0135E-02,0.02986232876000039
 6.0156E-02,0.030068838926414057
 6.0176E-02,0.029598800508458378
 6.0196E-02,0.028472582587814904
 6.0216E-02,0.026739073866615556
 6.0236E-02,0.024473615684479876
 6.0257E-02,0.021774783720601834
 6.0277E-02,0.018760144075628055
 6.0297E-02,0.015561162347434196
 6.0317E-02,0.012317488537826146
 6.0337E-02,0.00917087074024316
 6.0358E-02,0.006258964745160883
 6.0378E-02,0.0037093069131578916
 6.0398E-02,0.0016337079588137939
 6.0418E-02,0.00012330923641185368
 6.0438E-02,-0.0007554782644446767
 6.0459E-02,-0.0009639607282493642
 6.0479E-02,-0.0004929223185359648
 6.0499E-02,0.0006369385789822466
 6.0519E-02,0.0023759301956912705
 6.0539E-02,0.004647604184576024
 6.0560E-02,0.007352194553701508
 6.0580E-02,0.010371082257144254
 6.0600E-02,0.013572063121663968
 6.0620E-02,0.016815169864701253
 6.0640E-02,0.01995878843534305
 6.0661E-02,0.022865809466015196
 6.0681E-02,0.025409562088014537
 6.0701E-02,0.027479287256642004
 6.0721E-02,0.02898492216536941
 6.0741E-02,0.029860989890606558
 6.0762E-02,0.03006942263934076
 6.0782E-02,0.029601193795812997
 6.0802E-02,0.02847669043875091
 6.0822E-02,0.026744818058721618
 6.0842E-02,0.024480885996279123
 6.0863E-02,0.021783370757494463
 6.0883E-02,0.018769693625737927
 6.0903E-02,0.01557118112246818
 6.0923E-02,0.012327405601866336
 6.0943E-02,0.00918013108244959
 6.0964E-02,0.006267115554290869
 6.0984E-02,0.0037160411521645754
 6.1000E-02,0.002006093297555245
