  0.000,0.0
  1.000,0.01456641940121728
  0.000,0.01456641940121728
 2.0830E-05,0.015351573585449342
 4.1660E-05,0.0175069038365076
 6.2490E-05,0.021180255046703747
 8.3320E-05,0.026028458156249074
 1.0415E-04,0.03020377602433908
 1.2498E-04,0.03247987605305891
 1.4581E-04,0.03255322087231289
 1.6664E-04,0.03050823142611948
 1.8747E-04,0.02732981029827959
 2.0830E-04,0.024734060790425547
 2.2913E-04,0.02335925525791961
 2.4996E-04,0.022753299486820113
 2.7079E-04,0.02232520383938671
 2.9162E-04,0.020933986935274616
 3.1245E-04,0.0175441704672495
 3.3328E-04,0.012571468200909883
 3.5411E-04,0.007248417897424776
 3.7494E-04,0.0026765796985929
 3.9577E-04,-2.5565889931775804e-05
 4.1660E-04,-0.000407445521710126
 4.3743E-04,0.0005913303796838546
 4.5826E-04,0.001726181934709869
 4.7909E-04,0.002257029253316623
 4.9992E-04,0.001799810889203044
 5.2075E-04,0.0008351270631224532
 5.4158E-04,0.0007030237497371587
 5.6241E-04,0.0023962147285000496
 5.8324E-04,0.00604750778476003
 6.0407E-04,0.011166249748071027
 6.2490E-04,0.016560221719308554
 6.4573E-04,0.02078637080348273
 6.6656E-04,0.023202369091641042
 6.8739E-04,0.02413050391761941
 7.0822E-04,0.024380013086784405
 7.2905E-04,0.024987024948165317
 7.4988E-04,0.026661458508729557
 7.7071E-04,0.02910377379285907
 7.9154E-04,0.03125219435443362
 8.1237E-04,0.03203438636143223
 8.3320E-04,0.030708742607427977
 8.5403E-04,0.027265244650335488
 8.7486E-04,0.022697402673974125
 8.9569E-04,0.018326292687985447
 9.1652E-04,0.015037279305330217
 9.3735E-04,0.013098772998435908
 9.5818E-04,0.012008648526641217
 9.7901E-04,0.010691307192058519
 9.9984E-04,0.008328288656281397
 1.0207E-03,0.004872201423118328
 1.0415E-03,0.0009672729006916922
 1.0623E-03,-0.0022503802807691937
 1.0832E-03,-0.0036556074795888356
 1.1040E-03,-0.0028449112474941162
 1.1248E-03,-0.0003099440176225839
 1.1456E-03,0.0029358903180309623
 1.1665E-03,0.005807111252979651
 1.1873E-03,0.007661978419393209
 1.2081E-03,0.008709047235326936
 1.2290E-03,0.009808128553471525
 1.2498E-03,0.011860112591062018
 1.2706E-03,0.015338357970980347
 1.2915E-03,0.019985550087323434
 1.3123E-03,0.024793598050428342
 1.3331E-03,0.028534470494667827
 1.3539E-03,0.030417155167137114
 1.3748E-03,0.03037839503950006
 1.3956E-03,0.029080423606165563
 1.4164E-03,0.027588500125046857
 1.4373E-03,0.026720323657583478
 1.4581E-03,0.026582954610474826
 1.4789E-03,0.0266033181963645
 1.4998E-03,0.025843894765111994
 1.5206E-03,0.02350990947482171
 1.5414E-03,0.019483676331594594
 1.5622E-03,0.014444699387669166
 1.5831E-03,0.009513529051936125
 1.6039E-03,0.005745167244369538
 1.6247E-03,0.0036536045361357634
 1.6456E-03,0.002962415836942179
 1.6664E-03,0.0028290775860898253
 1.6872E-03,0.0023888779628996803
 1.7081E-03,0.0012320641915825347
 1.7289E-03,-0.0003609730635974408
 1.7497E-03,-0.0015265393382058179
 1.7705E-03,-0.0012997929795859513
 1.7914E-03,0.0008271497559592387
 1.8122E-03,0.004634330829994431
 1.8330E-03,0.00925914264294592
 1.8539E-03,0.013584249764454012
 1.8747E-03,0.016797613456467866
 1.8955E-03,0.018777416143459038
 1.9164E-03,0.020057488124555354
 1.9372E-03,0.02146979577453389
 1.9580E-03,0.023647707903789485
 1.9788E-03,0.02660554134297391
 1.9997E-03,0.029677069964450423
 2.0205E-03,0.03185989730904883
 2.0413E-03,0.03232137432907069
 2.0622E-03,0.030820760427319203
 2.0830E-03,0.0278522682920809
 2.1038E-03,0.024386223370822753
 2.1247E-03,0.021354265506863992
 2.1455E-03,0.019197986456315878
 2.1663E-03,0.017692999863843505
 2.1871E-03,0.016121878206602706
 2.2080E-03,0.013734574505812603
 2.2288E-03,0.010233587223858509
 2.2496E-03,0.005990562047357624
 2.2705E-03,0.001903937789845718
 2.2913E-03,-0.001017221773566245
 2.3121E-03,-0.002149934690273929
 2.3330E-03,-0.0015553493111079
 2.3538E-03,9.750019888767774e-05
 2.3746E-03,0.0019108818748256524
 2.3954E-03,0.0032345434627690543
 2.4163E-03,0.004005992371635488
 2.4371E-03,0.004755753250126098
 2.4579E-03,0.0062679813759507555
 2.4788E-03,0.009106301965956746
 2.4996E-03,0.01325696891510455
 2.5204E-03,0.01806699926826056
 2.5413E-03,0.02252910205008512
 2.5621E-03,0.025764366525516405
 2.5829E-03,0.027426549923602023
 2.6037E-03,0.027821552828770635
 2.6246E-03,0.02769109906649593
 2.6454E-03,0.027767307499817127
 2.6662E-03,0.02834386048150758
 2.6871E-03,0.029109196507088972
 2.7079E-03,0.02932085481255132
 2.7287E-03,0.028219596694436085
 2.7496E-03,0.025469421701332814
 2.7704E-03,0.021380168791475168
 2.7912E-03,0.01678338388761512
 2.8120E-03,0.012638759708302109
 2.8329E-03,0.009585493598183916
 2.8537E-03,0.007668233950059801
 2.8745E-03,0.006385333289463242
 2.8954E-03,0.005033184689231982
 2.9162E-03,0.0031475550734262605
 2.9370E-03,0.000801421853741133
 2.9579E-03,-0.001395000553818518
 2.9787E-03,-0.0025971141551752413
 2.9995E-03,-0.0021701154830077135
 3.0203E-03,-2.7981442411892116e-05
 3.0412E-03,0.003311497410744289
 3.0620E-03,0.00697897528114375
 3.0828E-03,0.010182653686296053
 3.1037E-03,0.012584719035689158
 3.1245E-03,0.01441898131895412
 3.1453E-03,0.016293343821197594
 3.1662E-03,0.0187914427950288
 3.1870E-03,0.02208798380650103
 3.2078E-03,0.02578886194830623
 3.2286E-03,0.02908791607782122
 3.2495E-03,0.03115350647095595
 3.2703E-03,0.0315356050802627
 3.2911E-03,0.030378509932696446
 3.3120E-03,0.02832487631900016
 3.3328E-03,0.0261631985828654
 3.3536E-03,0.024414743094577133
 3.3745E-03,0.023083393808336235
 3.3953E-03,0.021697705989039064
 3.4161E-03,0.019620191365957468
 3.4369E-03,0.016454197498684573
 3.4578E-03,0.012322431238420598
 3.4786E-03,0.007865256965729366
 3.4994E-03,0.00396146270400356
 3.5203E-03,0.0013198184480286363
 3.5411E-03,0.00015890715317779035
 3.5619E-03,0.00014598126288325618
 3.5828E-03,0.0006222377290954107
 3.6036E-03,0.0009880292197221676
 3.6244E-03,0.0010402050457796296
 3.6452E-03,0.0010796599273748618
 3.6661E-03,0.001731023161380626
 3.6869E-03,0.0035753895866479837
 3.7077E-03,0.006797204686884803
 3.7286E-03,0.011035397075408758
 3.7494E-03,0.015520189129097603
 3.7702E-03,0.019424425683349372
 3.7911E-03,0.022240848903366188
 3.8119E-03,0.023983978900747143
 3.8327E-03,0.025112493360529897
 3.8535E-03,0.026218073590938664
 3.8744E-03,0.02765231325431554
 3.8952E-03,0.029297012417964008
 3.9160E-03,0.030602835325407276
 3.9369E-03,0.030874059286847232
 3.9577E-03,0.029645233964808056
 3.9785E-03,0.02694573782518284
 3.9994E-03,0.023308188650271268
 4.0202E-03,0.01951720133835072
 4.0410E-03,0.016235626382196538
 4.0618E-03,0.013708324756328336
 4.0827E-03,0.011699645514153806
 4.1035E-03,0.009693985498402809
 4.1243E-03,0.007245790948178004
 4.1452E-03,0.004285735811470066
 4.1660E-03,0.0012160238909213871
 4.1868E-03,-0.0012574750417869529
 4.2077E-03,-0.002466247439304605
 4.2285E-03,-0.002109764874330487
 4.2493E-03,-0.00039932539465333135
 4.2702E-03,0.002059537242236834
 4.2910E-03,0.004581297841837964
 4.3118E-03,0.006742109934568648
 4.3326E-03,0.008565595158584348
 4.3535E-03,0.01045515740127343
 4.3743E-03,0.012913479612150275
 4.3951E-03,0.016204303369020543
 4.4160E-03,0.02014187547663449
 4.4368E-03,0.024124193603939328
 4.4576E-03,0.02739394628844479
 4.4785E-03,0.029387791453327646
 4.4993E-03,0.029987434405198514
 4.5201E-03,0.029539381199237835
 4.5409E-03,0.028635577257921728
 4.5618E-03,0.027776702360967544
 4.5826E-03,0.02710196744419502
 4.6034E-03,0.026330703352458927
 4.6243E-03,0.024945039874948397
 4.6451E-03,0.022512216419915708
 4.6659E-03,0.018969397824305935
 4.6867E-03,0.014714934499008715
 4.7076E-03,0.010455977513605191
 4.7284E-03,0.006894137274573124
 4.7492E-03,0.0044170696485054395
 4.7701E-03,0.0029589912308191956
 4.7909E-03,0.0021006762018265512
 4.8117E-03,0.0013503150532471226
 4.8326E-03,0.0004504856145397789
 4.8534E-03,-0.0004559433482482884
 4.8742E-03,-0.0008906604466316068
 4.8950E-03,-0.00029948535289056003
 4.9159E-03,0.001634618361192305
 4.9367E-03,0.004794334665508698
 4.9575E-03,0.008653000599340151
 4.9784E-03,0.012509009933480253
 4.9992E-03,0.015804620687855948
 5.0200E-03,0.018359423714148986
 5.0409E-03,0.020395744366031386
 5.0617E-03,0.022346363031655915
 5.0825E-03,0.0245527331268448
 5.1034E-03,0.027020347043019487
 5.1242E-03,0.029365662467068135
 5.1450E-03,0.03098439669121615
 5.1658E-03,0.03135080610591873
 5.1867E-03,0.030286490040131557
 5.2075E-03,0.02805393881129656
 5.2283E-03,0.02522539356834397
 5.2492E-03,0.02239918969083777
 5.2700E-03,0.019917083674396787
 5.2908E-03,0.017733414391154334
 5.3117E-03,0.015503088617088462
 5.3325E-03,0.012836497212898243
 5.3533E-03,0.009579593780507729
 5.3741E-03,0.00596477208031332
 5.3950E-03,0.0025492597628245656
 5.4158E-03,-2.674103014429271e-05
 5.4366E-03,-0.0013329398971091975
 5.4575E-03,-0.0013372175987749365
 5.4783E-03,-0.00039089740033039955
 5.4991E-03,0.000978172952699192
 5.5200E-03,0.002351531849584261
 5.5408E-03,0.0036306344093058026
 5.5616E-03,0.005059677765286283
 5.5824E-03,0.007050861995665229
 5.6033E-03,0.009909333416697964
 5.6241E-03,0.013608878102592176
 5.6449E-03,0.01774153462112177
 5.6658E-03,0.02167029622589328
 5.6866E-03,0.0248046268711977
 5.7074E-03,0.02685244024466635
 5.7282E-03,0.02791524782950962
 5.7491E-03,0.028378423025801906
 5.7699E-03,0.028659480960085505
 5.7907E-03,0.028953314994812393
 5.8116E-03,0.029113394143439466
 5.8324E-03,0.028732819201674812
 5.8532E-03,0.027380087715580377
 5.8741E-03,0.024860401712298637
 5.8949E-03,0.02135974182476108
 5.9157E-03,0.017392941914998045
 5.9365E-03,0.01358333705253462
 5.9574E-03,0.010391940691476184
 5.9782E-03,0.00793977069797111
 5.9990E-03,0.006015087626219857
 6.0199E-03,0.004256935782292395
 6.0407E-03,0.002411778249158709
 6.0615E-03,0.0005217693541344742
 6.0824E-03,-0.0010584957306635963
 6.1032E-03,-0.0018261974603920943
 6.1240E-03,-0.0013868772407968613
 6.1449E-03,0.00033464128503757026
 6.1657E-03,0.0030419495885311
 6.1865E-03,0.006201029906782995
 6.2073E-03,0.009288611366871403
 6.2282E-03,0.012022363522958143
 6.2490E-03,0.014451168361162559
 6.2698E-03,0.01686014368555674
 6.2907E-03,0.01954564786533242
 6.3115E-03,0.022585525018071984
 6.3323E-03,0.025731674103431263
 6.3532E-03,0.028485176987747954
 6.3740E-03,0.030315094326661542
 6.3948E-03,0.030904137214658966
 6.4156E-03,0.0302898616726079
 6.4365E-03,0.0288267765110855
 6.4573E-03,0.026991773875075998
 6.4781E-03,0.0251394120245733
 6.4990E-03,0.023339155002650082
 6.5198E-03,0.021380602417853486
 6.5406E-03,0.01894076369353024
 6.5614E-03,0.01581952863028212
 6.5823E-03,0.012113014737999346
 6.6031E-03,0.008228843489802679
 6.6239E-03,0.0047335092612958585
 6.6448E-03,0.0021126708441506228
 6.6656E-03,0.0005713167101171919
 6.6864E-03,-2.1801583746700504e-05
 6.7073E-03,-1.9180053615913185e-05
 6.7281E-03,0.00022597808282014825
 6.7489E-03,0.0005651786094748716
 6.7697E-03,0.001133801064701236
 6.7906E-03,0.00226223615716696
 6.8114E-03,0.004268634842516594
 6.8322E-03,0.007246872294356397
 6.8531E-03,0.01096566043682437
 6.8739E-03,0.014934751167056453
 6.8947E-03,0.018604376230548246
 6.9156E-03,0.021592649184372918
 6.9364E-03,0.023821021928092125
 6.9572E-03,0.025488044022759712
 6.9780E-03,0.02689939476260421
 6.9989E-03,0.028249609435923233
 7.0197E-03,0.029476080536881066
 7.0405E-03,0.03026559088674875
 7.0614E-03,0.03021014307696835
 7.0822E-03,0.02902751534005272
 7.1030E-03,0.02672678246846626
 7.1239E-03,0.0236289936433779
 7.1447E-03,0.020231769440174713
 7.1655E-03,0.016990637120995696
 7.1864E-03,0.014133725119600992
 7.2072E-03,0.011606848382049268
 7.2280E-03,0.009174516648677898
 7.2488E-03,0.006618048682823365
 7.2697E-03,0.0039201694202428364
 7.2905E-03,0.0013338025353935826
 7.3113E-03,-0.0007036824358193773
 7.3322E-03,-0.0017655535167568764
 7.3530E-03,-0.0016360872891786472
 7.3738E-03,-0.0004097937150234817
 7.3947E-03,0.0015623516692889936
 7.4155E-03,0.0038496849834930326
 7.4363E-03,0.006146409486141256
 7.4571E-03,0.008394857020823118
 7.4780E-03,0.010763282594376603
 7.4988E-03,0.013493286053741173
 7.5196E-03,0.016702565582796355
 7.5405E-03,0.020252548032665404
 7.5613E-03,0.023754988558203988
 7.5821E-03,0.026716317728181067
 7.6029E-03,0.02874399347139017
 7.6238E-03,0.029705588430755228
 7.6446E-03,0.0297570107623623
 7.6654E-03,0.02922715557142428
 7.6863E-03,0.028423644847031068
 7.7071E-03,0.02746597898355123
 7.7279E-03,0.02623613016061918
 7.7488E-03,0.02447179193030638
 7.7696E-03,0.0219496137817887
 7.7904E-03,0.01865694726102244
 7.8112E-03,0.014857153066310986
 7.8321E-03,0.01101150644582001
 7.8529E-03,0.007598301896374785
 7.8737E-03,0.0049246386243243815
 7.8946E-03,0.0030292556377478743
 7.9154E-03,0.00172491678992292
 7.9362E-03,0.0007536491980636887
 7.9571E-03,-3.191284026327534e-05
 7.9779E-03,-0.0005607168350336994
 7.9987E-03,-0.0005677747350737836
 8.0195E-03,0.0002625650791132087
 8.0404E-03,0.0021124942359702793
 8.0612E-03,0.004905698094358013
 8.0820E-03,0.008309481654448577
 8.1029E-03,0.011863980010500595
 8.1237E-03,0.015170480407850948
 8.1445E-03,0.018039673335440935
 8.1654E-03,0.020522910345612565
 8.1862E-03,0.02281322885202241
 8.2070E-03,0.025073385204709683
 8.2278E-03,0.02728714619476525
 8.2487E-03,0.029216704631946262
 8.2695E-03,0.030490897624557166
 8.2903E-03,0.030777577107663406
 8.3112E-03,0.02994761836686871
 8.3320E-03,0.0281424812399688
 8.3528E-03,0.025709452706035866
 8.3737E-03,0.023040052271035116
 8.3945E-03,0.020398595081541494
 8.4153E-03,0.017831860467383057
 8.4361E-03,0.015205688765844499
 8.4570E-03,0.012345059836044574
 8.4778E-03,0.009198332727172338
 8.4986E-03,0.005933830272706624
 8.5195E-03,0.002914244958755123
 8.5403E-03,0.0005608357367448244
 8.5611E-03,-0.0008211701055828946
 8.5820E-03,-0.0011640154194628373
 8.6028E-03,-0.0006427235420116574
 8.6236E-03,0.0004362994450443136
 8.6444E-03,0.0018019741986988786
 8.6653E-03,0.003350528212614604
 8.6861E-03,0.005172498043694653
 8.7069E-03,0.007462050663127934
 8.7278E-03,0.010360068537453603
 8.7486E-03,0.01381823195139328
 8.7694E-03,0.017559767222465526
 8.7903E-03,0.021160505101739717
 8.8111E-03,0.02420902818293947
 8.8319E-03,0.026461922145431565
 8.8527E-03,0.027913204601499222
 8.8736E-03,0.02874355421536155
 8.8944E-03,0.029179604595079164
 8.9152E-03,0.029341860559323075
 8.9361E-03,0.029164973032836147
 8.9569E-03,0.02843350999340924
 8.9777E-03,0.02691306047129547
 8.9986E-03,0.024504661372651785
 9.0194E-03,0.021337608752995677
 9.0402E-03,0.01774908211194458
 9.0610E-03,0.014160512965906667
 9.0819E-03,0.010915821881232303
 9.1027E-03,0.008166064929393728
 9.1235E-03,0.005859284281052862
 9.1444E-03,0.003837119090481915
 9.1652E-03,0.0019821228444132093
 9.1860E-03,0.0003334137300451572
 9.2069E-03,-0.0008935271956878623
 9.2277E-03,-0.001394790021194946
 9.2485E-03,-0.0009268151844047663
 9.2693E-03,0.0005639159169837293
 9.2902E-03,0.0028997011302490613
 9.3110E-03,0.005741063744083102
 9.3318E-03,0.008730138369711397
 9.3527E-03,0.01163212441894737
 9.3735E-03,0.014400787029526317
 9.3943E-03,0.017135799633568632
 9.4152E-03,0.019958458048651404
 9.4360E-03,0.022876292801484874
 9.4568E-03,0.02571282179675239
 9.4776E-03,0.028142981430395096
 9.4985E-03,0.029817120296767197
 9.5193E-03,0.030508300893312995
 9.5401E-03,0.0302049136180739
 9.5610E-03,0.029100017399218043
 9.5818E-03,0.027484520373719325
 9.6026E-03,0.025602809597391328
 9.6235E-03,0.023548599521693112
 9.6443E-03,0.021255730501253234
 9.6651E-03,0.018586401989079918
 9.6859E-03,0.01546618353943384
 9.7068E-03,0.011989879869200668
 9.7276E-03,0.008438501116004079
 9.7484E-03,0.005195989042778185
 9.7693E-03,0.002608438739003853
 9.7901E-03,0.0008592075593647432
 9.8109E-03,-7.571046470334969e-05
 9.8318E-03,-0.0003710973224420712
 9.8526E-03,-0.00022783809788401313
 9.8734E-03,0.00025100286505939527
 9.8942E-03,0.0011159927669689923
 9.9151E-03,0.0025293944844399794
 9.9359E-03,0.004649358610811944
 9.9567E-03,0.007504298187527847
 9.9776E-03,0.010926890631362113
 9.9984E-03,0.014585195210692306
 1.0019E-02,0.018096281220569752
 1.0040E-02,0.021163562425491122
 1.0061E-02,0.023666619526666842
 1.0082E-02,0.02565826632121918
 1.0103E-02,0.02727382563298491
 1.0123E-02,0.028604824876297282
 1.0144E-02,0.029607926094013
 1.0165E-02,0.030099914675962118
 1.0186E-02,0.029842168096116926
 1.0207E-02,0.02866901738807325
 1.0228E-02,0.02659028718334327
 1.0248E-02,0.023812116675615905
 1.0269E-02,0.02066427294185247
 1.0290E-02,0.017472316729918034
 1.0311E-02,0.01444192682594776
 1.0332E-02,0.011615093875875348
 1.0353E-02,0.008918283718867874
 1.0373E-02,0.006272757284552269
 1.0394E-02,0.0037040138072801584
 1.0415E-02,0.0013884805667064037
 1.0436E-02,-0.00038984484404291117
 1.0457E-02,-0.0013510140967081426
 1.0477E-02,-0.0013402413178157154
 1.0498E-02,-0.00039463210358348165
 1.0519E-02,0.0012792167311292096
 1.0540E-02,0.003404035586442986
 1.0561E-02,0.005754079121637905
 1.0582E-02,0.0082359965980349
 1.0602E-02,0.010886833961853536
 1.0623E-02,0.013792994514464627
 1.0644E-02,0.016976953342896034
 1.0665E-02,0.020315919123536714
 1.0686E-02,0.023539214409151982
 1.0707E-02,0.02630843025812748
 1.0727E-02,0.0283395378863871
 1.0748E-02,0.029503364238527105
 1.0769E-02,0.029852456034678145
 1.0790E-02,0.02956203195382739
 1.0811E-02,0.02881881319793378
 1.0832E-02,0.027718920960268005
 1.0852E-02,0.026230034993100827
 1.0873E-02,0.024237207960036505
 1.0894E-02,0.021645746264141046
 1.0915E-02,0.018483365599245967
 1.0936E-02,0.014944225125563862
 1.0957E-02,0.0113489709604837
 1.0977E-02,0.008040236258527456
 1.0998E-02,0.005267521451156813
 1.1019E-02,0.003120514550046795
 1.1040E-02,0.0015433457795730324
 1.1061E-02,0.0004187046046490049
 1.1082E-02,-0.00032634226451423286
 1.1102E-02,-0.0006518105791731439
 1.1123E-02,-0.00041143263551934406
 1.1144E-02,0.0005689821746854236
 1.1165E-02,0.0023840817211663273
 1.1186E-02,0.004971008711166604
 1.1207E-02,0.008103919244447855
 1.1227E-02,0.01146528710806185
 1.1248E-02,0.014757442376705624
 1.1269E-02,0.0177966593431087
 1.1290E-02,0.020542014844082003
 1.1311E-02,0.023046809811319263
 1.1332E-02,0.025362261750332595
 1.1352E-02,0.027448688045413252
 1.1373E-02,0.02914479495719984
 1.1394E-02,0.030213626466185958
 1.1415E-02,0.030441687930813283
 1.1436E-02,0.029738553854923095
 1.1456E-02,0.02818371537648818
 1.1477E-02,0.025995731779039064
 1.1498E-02,0.023440393595287448
 1.1519E-02,0.02072687691873912
 1.1540E-02,0.017946370789288634
 1.1561E-02,0.01508373363564379
 1.1581E-02,0.012092654195902391
 1.1602E-02,0.008990346921524289
 1.1623E-02,0.005917520884822532
 1.1644E-02,0.0031285585453393098
 1.1665E-02,0.0009148874566266407
 1.1686E-02,-0.0004992985012611422
 1.1706E-02,-0.0010349679595866995
 1.1727E-02,-0.0007700283662129888
 1.1748E-02,0.00011954032382920814
 1.1769E-02,0.0014563247156025908
 1.1790E-02,0.0031435938733081975
 1.1811E-02,0.00518938936336809
 1.1831E-02,0.0076612009384804565
 1.1852E-02,0.010597846451211425
 1.1873E-02,0.013928553887027573
 1.1894E-02,0.017445468247168448
 1.1915E-02,0.020847040825027696
 1.1936E-02,0.023831579873752184
 1.1956E-02,0.026193233580621377
 1.1977E-02,0.02787141557108073
 1.1998E-02,0.028929838354649923
 1.2019E-02,0.029479187177412738
 1.2040E-02,0.029587436434462808
 1.2061E-02,0.02922767854554208
 1.2081E-02,0.028292105034377988
 1.2102E-02,0.026664164350900008
 1.2123E-02,0.024308873428128975
 1.2144E-02,0.021331131237557446
 1.2165E-02,0.017969041499628115
 1.2186E-02,0.014524205420804697
 1.2206E-02,0.011264593593149089
 1.2227E-02,0.008349768774970704
 1.2248E-02,0.005815524840434537
 1.2269E-02,0.0036226239540823857
 1.2290E-02,0.0017398858265422123
 1.2311E-02,0.0002139093528735537
 1.2331E-02,-0.0008143226306162354
 1.2352E-02,-0.0011563220991477087
 1.2373E-02,-0.0006620470936816092
 1.2394E-02,0.0007008941226791228
 1.2415E-02,0.002817265971200999
 1.2436E-02,0.0054598370289850665
 1.2456E-02,0.008372259334766975
 1.2477E-02,0.011356082237406459
 1.2498E-02,0.014317253773467242
 1.2519E-02,0.017249894622716512
 1.2540E-02,0.020169346462490138
 1.2560E-02,0.023033956857464823
 1.2581E-02,0.025700946212423664
 1.2602E-02,0.02794293117876135
 1.2623E-02,0.029518504837954124
 1.2644E-02,0.0302606902229944
 1.2665E-02,0.030137116991150348
 1.2685E-02,0.029250797506205514
 1.2706E-02,0.027782161478076932
 1.2727E-02,0.025904198494385747
 1.2748E-02,0.023716240363162017
 1.2769E-02,0.021230853789366778
 1.2790E-02,0.01841876182917555
 1.2810E-02,0.015284842107274776
 1.2831E-02,0.011931315053163295
 1.2852E-02,0.008571266893178964
 1.2873E-02,0.005482638495243724
 1.2894E-02,0.0029249748208241798
 1.2915E-02,0.0010611645384065193
 1.2935E-02,-7.646858689725811e-05
 1.2956E-02,-0.0005602128237050213
 1.2977E-02,-0.0004974749818519407
 1.2998E-02,4.322427750907791e-05
 1.3019E-02,0.001070218999762518
 1.3040E-02,0.0026503951678533534
 1.3060E-02,0.0048454371650268465
 1.3081E-02,0.007638445673295047
 1.3102E-02,0.010892272609840322
 1.3123E-02,0.014364098442701813
 1.3144E-02,0.01777074559929017
 1.3165E-02,0.02087215519782049
 1.3185E-02,0.023530915701028436
 1.3206E-02,0.025718845467656296
 1.3227E-02,0.02747026291149799
 1.3248E-02,0.02881016801378395
 1.3269E-02,0.0296986110986959
 1.3290E-02,0.030023059947330833
 1.3310E-02,0.029643868542001735
 1.3331E-02,0.028468581720685015
 1.3352E-02,0.026514731492649424
 1.3373E-02,0.023926668158641175
 1.3394E-02,0.020936516850400357
 1.3415E-02,0.017789111403175045
 1.3435E-02,0.014669564618046926
 1.3456E-02,0.011669949620897619
 1.3477E-02,0.008809837300236247
 1.3498E-02,0.006096110322801953
 1.3519E-02,0.003586427075457353
 1.3539E-02,0.0014191801856027857
 1.3560E-02,-0.00020858875927609187
 1.3581E-02,-0.0011053245844182904
 1.3602E-02,-0.0011581668448487925
 1.3623E-02,-0.0003771192860008725
 1.3644E-02,0.0011126324204579368
 1.3664E-02,0.003125693414881348
 1.3685E-02,0.005489428867782967
 1.3706E-02,0.008096752753581932
 1.3727E-02,0.010912197906987567
 1.3748E-02,0.013930523411247911
 1.3769E-02,0.017113087089817663
 1.3789E-02,0.020339336548651967
 1.3810E-02,0.023402564652602372
 1.3831E-02,0.026055041477941784
 1.3852E-02,0.028080799144494392
 1.3873E-02,0.029359226693243957
 1.3894E-02,0.02988740704560035
 1.3914E-02,0.029751174194876263
 1.3935E-02,0.02906216398611748
 1.3956E-02,0.027895839009465944
 1.3977E-02,0.02626406568490975
 1.3998E-02,0.024136246996902186
 1.4019E-02,0.021496041806965616
 1.4039E-02,0.018401011721678042
 1.4060E-02,0.015010747517479106
 1.4081E-02,0.011565974559287557
 1.4102E-02,0.008327487468694838
 1.4123E-02,0.005505184202556177
 1.4144E-02,0.003212470038979277
 1.4164E-02,0.001467402449041135
 1.4185E-02,0.00023684333668879125
 1.4206E-02,-0.0005028428411962591
 1.4227E-02,-0.0007232095125408683
 1.4248E-02,-0.0003433564616360104
 1.4269E-02,0.0007276393842518443
 1.4289E-02,0.002528558729023872
 1.4310E-02,0.004998300829602438
 1.4331E-02,0.007969371742228474
 1.4352E-02,0.011207635803869888
 1.4373E-02,0.014478924227372996
 1.4394E-02,0.01760909608188154
 1.4414E-02,0.020508087799233663
 1.4435E-02,0.02314819511398787
 1.4456E-02,0.025511607189958346
 1.4477E-02,0.027538629618063384
 1.4498E-02,0.02910724290129963
 1.4519E-02,0.03005716264650793
 1.4539E-02,0.03024694989896567
 1.4560E-02,0.02961434895116153
 1.4581E-02,0.02820786484548766
 1.4602E-02,0.026172758851997737
 1.4623E-02,0.023698822707834216
 1.4643E-02,0.02095731619392162
 1.4664E-02,0.018059519963378838
 1.4685E-02,0.015056900391821795
 1.4706E-02,0.011979844577713224
 1.4727E-02,0.00889086209199665
 1.4748E-02,0.005920414790856908
 1.4768E-02,0.0032631709204109026
 1.4789E-02,0.0011341148528118605
 1.4810E-02,-0.00029420829009514
 1.4831E-02,-0.0009417350704349559
 1.4852E-02,-0.0008332932077484233
 1.4873E-02,-6.833605335412722e-05
 1.4893E-02,0.0012346899889628545
 1.4914E-02,0.0029891757892299108
 1.4935E-02,0.005159638103629563
 1.4956E-02,0.007740484832349697
 1.4977E-02,0.010707709481893847
 1.4998E-02,0.013971956405294202
 1.5018E-02,0.01736089220653643
 1.5039E-02,0.02064314700556001
 1.5060E-02,0.023583740117059326
 1.5081E-02,0.026003944029426053
 1.5102E-02,0.027816123481990866
 1.5123E-02,0.029017502584890137
 1.5143E-02,0.029648758452044746
 1.5164E-02,0.029741886255926633
 1.5185E-02,0.02928689778552354
 1.5206E-02,0.028235932200553645
 1.5227E-02,0.026542358332580503
 1.5248E-02,0.024212903519175946
 1.5268E-02,0.021343359792000242
 1.5289E-02,0.018116986864196806
 1.5310E-02,0.01476459900011346
 1.5331E-02,0.0115056400772269
 1.5352E-02,0.008499340794852527
 1.5373E-02,0.005829168313617745
 1.5393E-02,0.0035255903087369023
 1.5414E-02,0.001611610198910513
 1.5435E-02,0.00014365875196891103
 1.5456E-02,-0.0007764715815280371
 1.5477E-02,-0.001026714385597499
 1.5498E-02,-0.0005143810654718185
 1.5518E-02,0.0007757935048253635
 1.5539E-02,0.0027609634768460426
 1.5560E-02,0.005278362365655353
 1.5581E-02,0.008133541747910252
 1.5602E-02,0.011154280123360082
 1.5622E-02,0.014223340190560369
 1.5643E-02,0.017275166147526316
 1.5664E-02,0.02026140133487389
 1.5685E-02,0.02310705037750738
 1.5706E-02,0.025684059485445266
 1.5727E-02,0.027819416483610696
 1.5747E-02,0.02933586967836754
 1.5768E-02,0.03010535682370246
 1.5789E-02,0.030087990549000732
 1.5810E-02,0.029336879055539746
 1.5831E-02,0.027967095795771217
 1.5852E-02,0.026105916970965114
 1.5872E-02,0.023850829832294966
 1.5893E-02,0.021256793114033987
 1.5914E-02,0.018357680259503184
 1.5935E-02,0.015207840851618915
 1.5956E-02,0.011918585444608911
 1.5977E-02,0.008667088269288591
 1.5997E-02,0.005670133720060081
 1.6018E-02,0.003134124998578736
 1.6039E-02,0.0012055461087365222
 1.6060E-02,-5.4177955499338376e-05
 1.6081E-02,-0.0006584634341231057
 1.6102E-02,-0.0006576663267124233
 1.6122E-02,-9.543174839510607e-05
 1.6143E-02,0.0010164634757398176
 1.6164E-02,0.002691296209038091
 1.6185E-02,0.004933067163166854
 1.6206E-02,0.007694507784405657
 1.6227E-02,0.010851847100957077
 1.6247E-02,0.01421209093795315
 1.6268E-02,0.017551357231239607
 1.6289E-02,0.02066633827896091
 1.6310E-02,0.02341408796480049
 1.6331E-02,0.02572174697329091
 1.6352E-02,0.027564025602550807
 1.6372E-02,0.028923461821073537
 1.6393E-02,0.02975734604081877
 1.6414E-02,0.029990996700063933
 1.6435E-02,0.02954214942964485
 1.6456E-02,0.028363754751272
 1.6477E-02,0.026481973656938898
 1.6497E-02,0.024008299945840104
 1.6518E-02,0.021118302927479772
 1.6539E-02,0.01800704934955281
 1.6560E-02,0.014843294195538238
 1.6581E-02,0.011744594495708631
 1.6602E-02,0.00878371622881772
 1.6622E-02,0.006019574853221302
 1.6643E-02,0.0035327675745027774
 1.6664E-02,0.0014435746418061382
 1.6685E-02,-9.981681706009728e-05
 1.6706E-02,-0.0009586253275944112
 1.6726E-02,-0.0010479286687143004
 1.6747E-02,-0.00036563571114507545
 1.6768E-02,0.0010087569324662054
 1.6789E-02,0.0029446604562659733
 1.6810E-02,0.005304114217526934
 1.6831E-02,0.007976313023580903
 1.6851E-02,0.010886165560828907
 1.6872E-02,0.013974671748466746
 1.6893E-02,0.01716449208677138
 1.6914E-02,0.020332267966707347
 1.6935E-02,0.023305642365544187
 1.6956E-02,0.025889512137796944
 1.6976E-02,0.02791009559933056
 1.6997E-02,0.029255559991574857
 1.7018E-02,0.029893548572124524
 1.7039E-02,0.029858094447830375
 1.7060E-02,0.02921449157960666
 1.7081E-02,0.028021980773520236
 1.7101E-02,0.026314528627764736
 1.7122E-02,0.02410940852222855
 1.7143E-02,0.021437574479880154
 1.7164E-02,0.018377529182737558
 1.7185E-02,0.015072171891998963
 1.7206E-02,0.01171709846843612
 1.7226E-02,0.008524061039286615
 1.7247E-02,0.005676493861406997
 1.7268E-02,0.0032980875194463426
 1.7289E-02,0.0014482654611787588
 1.7310E-02,0.00014404692355041138
 1.7331E-02,-0.0006060461655074746
 1.7351E-02,-0.0007762670680697052
 1.7372E-02,-0.0003212185188884928
 1.7393E-02,0.0008014190747698212
 1.7414E-02,0.0025953294927881926
 1.7435E-02,0.004996957027717618
 1.7456E-02,0.00787039749053765
 1.7476E-02,0.01103015682360679
 1.7497E-02,0.014281613327968882
 1.7518E-02,0.017459914651947867
 1.7539E-02,0.020449238065569992
 1.7560E-02,0.023175160549568183
 1.7581E-02,0.025577449099531878
 1.7601E-02,0.027581002058671627
 1.7622E-02,0.029083329881067762
 1.7643E-02,0.029967553288102668
 1.7664E-02,0.03013557382687884
 1.7685E-02,0.02954463972210924
 1.7705E-02,0.028228199098094844
 1.7726E-02,0.026289946632710944
 1.7747E-02,0.023873939634433343
 1.7768E-02,0.02112598427048884
 1.7789E-02,0.01816552837885878
 1.7810E-02,0.01508096303344358
 1.7830E-02,0.011948083873388407
 1.7851E-02,0.008858685360263938
 1.7872E-02,0.005940758351206305
 1.7893E-02,0.0033564316357111304
 1.7914E-02,0.0012760192807547963
 1.7935E-02,-0.00016035684788875807
 1.7955E-02,-0.0008751717726466921
 1.7976E-02,-0.000864446961041771
 1.7997E-02,-0.00018287261500716558
 1.8018E-02,0.00108797137159572
 1.8039E-02,0.0028709987463862207
 1.8060E-02,0.005108286503983021
 1.8080E-02,0.007752429208537779
 1.8101E-02,0.01074113299118361
 1.8122E-02,0.013971081994417905
 1.8143E-02,0.017287804968352253
 1.8164E-02,0.02049982907367083
 1.8185E-02,0.023412402591031334
 1.8205E-02,0.02586552343744986
 1.8226E-02,0.02775862028949068
 1.8247E-02,0.029051280444750124
 1.8268E-02,0.029742069420044107
 1.8289E-02,0.02983887377319273
 1.8310E-02,0.029338167396905368
 1.8330E-02,0.028225063933381676
 1.8351E-02,0.02649406172334212
 1.8372E-02,0.024178563449439035
 1.8393E-02,0.021371993791846382
 1.8414E-02,0.018227468580003754
 1.8435E-02,0.01493419276788717
 1.8455E-02,0.011680958174119346
 1.8476E-02,0.008623689370820949
 1.8497E-02,0.005871474570687476
 1.8518E-02,0.0034953870385113052
 1.8539E-02,0.0015521942187075954
 1.8560E-02,0.00010734821030534665
 1.8580E-02,-0.0007574658336735845
 1.8601E-02,-0.0009580524056811225
 1.8622E-02,-0.0004364958364717965
 1.8643E-02,0.0008098446266641065
 1.8664E-02,0.0027146407037061016
 1.8685E-02,0.005152026486390024
 1.8705E-02,0.007965121272949
 1.8726E-02,0.010999930906636729
 1.8747E-02,0.014128578751349444
 1.8768E-02,0.01725203280051202
 1.8789E-02,0.020283869069078038
 1.8809E-02,0.023126978973349945
 1.8830E-02,0.02565888827821098
 1.8851E-02,0.027736499194390935
 1.8872E-02,0.0292202588227743
 1.8893E-02,0.030006879236867633
 1.8914E-02,0.030054697905838725
 1.8934E-02,0.029389302232126106
 1.8955E-02,0.028087214218029406
 1.8976E-02,0.026246704704910678
 1.8997E-02,0.02396107994920957
 1.9018E-02,0.02130771970073618
 1.9039E-02,0.018356961639563456
 1.9059E-02,0.01519368177657466
 1.9080E-02,0.011937234743719105
 1.9101E-02,0.008746151112661164
 1.9122E-02,0.0058021765728068445
 1.9143E-02,0.003279390656892812
 1.9164E-02,0.0013122210862928762
 1.9184E-02,-2.31385180584165e-05
 1.9205E-02,-0.0007063888059470156
 1.9226E-02,-0.000753194005193573
 1.9247E-02,-0.0001898672471710533
 1.9268E-02,0.0009629351773711865
 1.9289E-02,0.0026887116697997654
 1.9309E-02,0.00495729200227504
 1.9330E-02,0.00770157310091459
 1.9351E-02,0.01080312691325389
 1.9372E-02,0.014096627691007044
 1.9393E-02,0.017393244322982972
 1.9414E-02,0.020513185080178197
 1.9434E-02,0.023312824548086968
 1.9455E-02,0.025694837456668815
 1.9476E-02,0.027598875428848868
 1.9497E-02,0.02898060669925395
 1.9518E-02,0.029792829903787562
 1.9539E-02,0.029980711619898494
 1.9559E-02,0.029494940146416085
 1.9580E-02,0.028316269950537293
 1.9601E-02,0.02647818478377974
 1.9622E-02,0.024074895829180668
 1.9643E-02,0.02124932425598772
 1.9664E-02,0.018166033048056713
 1.9684E-02,0.014981678242823166
 1.9705E-02,0.011826377868458048
 1.9726E-02,0.008803092221278216
 1.9747E-02,0.006002166418587834
 1.9768E-02,0.0035200113704399925
 1.9788E-02,0.0014688762160661637
 1.9809E-02,-3.0186857189174214e-05
 1.9830E-02,-0.0008695979533025075
 1.9851E-02,-0.0009825574785716662
 1.9872E-02,-0.0003620142694457912
 1.9893E-02,0.00093810076116318
 1.9913E-02,0.0028198168382450642
 1.9934E-02,0.005167561245988855
 1.9955E-02,0.007870985163425276
 1.9976E-02,0.010833658604180074
 1.9997E-02,0.01396527154051478
 2.0018E-02,0.017164266858822295
 2.0038E-02,0.020303226399442438
 2.0059E-02,0.023227927661619834
 2.0080E-02,0.025773561824236516
 2.0101E-02,0.027792186068711127
 2.0122E-02,0.029179181855400506
 2.0143E-02,0.029886722261705995
 2.0163E-02,0.029918885609970233
 2.0184E-02,0.02931248321770991
 2.0205E-02,0.02811478532996689
 2.0226E-02,0.026370308022115124
 2.0247E-02,0.0241232035286443
 2.0268E-02,0.021432700431441593
 2.0288E-02,0.01839144871678629
 2.0309E-02,0.015134656931799524
 2.0330E-02,0.011832597186674199
 2.0351E-02,0.00866781468337328
 2.0372E-02,0.005806449906305279
 2.0393E-02,0.0033761270434271907
 2.0413E-02,0.001459304510820713
 2.0434E-02,0.00010281025970864375
 2.0455E-02,-0.0006640722173174802
 2.0476E-02,-0.000814670042656804
 2.0497E-02,-0.0003225017260731558
 2.0518E-02,0.000826676609584314
 2.0538E-02,0.0026148442293135394
 2.0559E-02,0.004975088138278338
 2.0580E-02,0.007788478574763065
 2.0601E-02,0.010897798056258172
 2.0622E-02,0.014132873631821849
 2.0643E-02,0.017336424152679303
 2.0663E-02,0.020379377343348805
 2.0684E-02,0.023160485293662523
 2.0705E-02,0.025593578784721405
 2.0726E-02,0.02759234089370083
 2.0747E-02,0.029063522198930145
 2.0768E-02,0.02991453157490491
 2.0788E-02,0.03007306099465173
 2.0809E-02,0.029509360475816215
 2.0830E-02,0.028249807881304018
 2.0851E-02,0.026374585528008778
 2.0872E-02,0.02400030675584915
 2.0892E-02,0.021255970074709182
 2.0913E-02,0.018263600121527036
 2.0934E-02,0.015131814846578539
 2.0955E-02,0.01196310717548137
 2.0976E-02,0.008867934890950382
 2.0997E-02,0.005974942202070687
 2.1017E-02,0.0034287888372279197
 2.1038E-02,0.0013739165907328279
 2.1059E-02,-6.960380137348613e-05
 2.1080E-02,-0.0008274493035868605
 2.1101E-02,-0.0008800778307358105
 2.1122E-02,-0.00025601776879401596
 2.1142E-02,0.0009861113279799555
 2.1163E-02,0.0027769949919802406
 2.1184E-02,0.005047541011800683
 2.1205E-02,0.007726669400195382
 2.1226E-02,0.01072898966080216
 2.1247E-02,0.0139412996753931
 2.1267E-02,0.017217818756381516
 2.1288E-02,0.020389580871917765
 2.1309E-02,0.023285889344403395
 2.1330E-02,0.02575923633566723
 2.1351E-02,0.027703129774000395
 2.1372E-02,0.029055904314432505
 2.1392E-02,0.029790848197680814
 2.1413E-02,0.029899922308262373
 2.1434E-02,0.029381234509718347
 2.1455E-02,0.028237739951841374
 2.1476E-02,0.026487886279137163
 2.1497E-02,0.024181826284872723
 2.1517E-02,0.021413254674628686
 2.1538E-02,0.018318818497308032
 2.1559E-02,0.015063351788958344
 2.1580E-02,0.011816462245196117
 2.1601E-02,0.008730324976172696
 2.1622E-02,0.005927626170146779
 2.1642E-02,0.0035030084920043836
 2.1663E-02,0.0015341667963751893
 2.1684E-02,9.38155825912152e-05
 2.1705E-02,-0.0007462874441758851
 2.1726E-02,-0.0009232690786923206
 2.1747E-02,-0.0004000218376697084
 2.1767E-02,0.0008173571235035366
 2.1788E-02,0.0026708470704298413
 2.1809E-02,0.005055681445663051
 2.1830E-02,0.007837719275252751
 2.1851E-02,0.010875327899761473
 2.1871E-02,0.014036197694800016
 2.1892E-02,0.01720267734728189
 2.1913E-02,0.020265710884485106
 2.1934E-02,0.02311375150236605
 2.1955E-02,0.02562571901336326
 2.1976E-02,0.027674715136179178
 2.1996E-02,0.029143110383548467
 2.2017E-02,0.0299430956755254
 2.2038E-02,0.030033402364053455
 2.2059E-02,0.02942448226460262
 2.2080E-02,0.028170142820419377
 2.2101E-02,0.026350357545835063
 2.2121E-02,0.024054087902689952
 2.2142E-02,0.021370273295740403
 2.2163E-02,0.0183901044909163
 2.2184E-02,0.015217084361789833
 2.2205E-02,0.011976810003196633
 2.2226E-02,0.008818348320054986
 2.2246E-02,0.005903522664698376
 2.2267E-02,0.003386942486024143
 2.2288E-02,0.0013946619765742969
 2.2309E-02,1.0243358176428245e-05
 2.2330E-02,-0.0007267127453088906
 2.2351E-02,-0.0008107948619710156
 2.2371E-02,-0.0002564751230458417
 2.2392E-02,0.0009122479089963349
 2.2413E-02,0.002662606896447055
 2.2434E-02,0.004944423135344755
 2.2455E-02,0.007677942884495217
 2.2476E-02,0.010746463220663591
 2.2496E-02,0.013999925882455596
 2.2517E-02,0.017270107571358488
 2.2538E-02,0.02039205142005705
 2.2559E-02,0.023223182779968286
 2.2580E-02,0.02565284944127533
 2.2601E-02,0.02760011088870702
 2.2621E-02,0.029003717555716454
 2.2642E-02,0.02981206365722577
 2.2663E-02,0.029980407406385415
 2.2684E-02,0.029478135226311677
 2.2705E-02,0.028302796170897624
 2.2726E-02,0.026493365772743027
 2.2746E-02,0.02413504451858304
 2.2767E-02,0.021351934359310175
 2.2788E-02,0.018289967504128098
 2.2809E-02,0.0150972226458767
 2.2830E-02,0.011909712408219034
 2.2851E-02,0.008847408481125002
 2.2871E-02,0.006019538504517936
 2.2892E-02,0.003533165977980848
 2.2913E-02,0.001497450669579244
 2.2934E-02,1.861059482553525e-05
 2.2955E-02,-0.0008139963624148647
 2.2975E-02,-0.0009450246282937615
 2.2996E-02,-0.0003656443230886816
 2.3017E-02,0.0008845351983871522
 2.3038E-02,0.0027269683992986573
 2.3059E-02,0.005060452895044319
 2.3080E-02,0.007776545776321522
 2.3100E-02,0.010767558248054806
 2.3121E-02,0.013925093896590513
 2.3142E-02,0.017132592889974544
 2.3163E-02,0.020258833107585434
 2.3184E-02,0.023158934382337917
 2.3205E-02,0.025685339620688034
 2.3225E-02,0.027705719365914802
 2.3246E-02,0.029120766287990776
 2.3267E-02,0.02987457653760821
 2.3288E-02,0.02995390542303126
 2.3309E-02,0.029378091240131805
 2.3330E-02,0.02818588841302421
 2.3350E-02,0.02642645784102862
 2.3371E-02,0.024158832551440433
 2.3392E-02,0.02145895453898287
 2.3413E-02,0.018428736065026145
 2.3434E-02,0.015200066093223288
 2.3455E-02,0.011929080294344736
 2.3475E-02,0.008781023540271993
 2.3496E-02,0.005910937073793242
 2.3517E-02,0.0034475639352017774
 2.3538E-02,0.0014861570774556622
 2.3559E-02,9.125679415612981e-05
 2.3580E-02,-0.000694517638708118
 2.3600E-02,-0.0008423575676130724
 2.3621E-02,-0.00033556247531440033
 2.3642E-02,0.0008241272660595454
 2.3663E-02,0.0026055110283019437
 2.3684E-02,0.004938717051541671
 2.3705E-02,0.00771390666278641
 2.3725E-02,0.010790278107494332
 2.3746E-02,0.014012689648653664
 2.3767E-02,0.01722952144901153
 2.3788E-02,0.020305031172231973
 2.3809E-02,0.023122605057053287
 2.3830E-02,0.025580250495971162
 2.3850E-02,0.027583740640995596
 2.3871E-02,0.029043816582157062
 2.3892E-02,0.029881261903358523
 2.3913E-02,0.030038921196468487
 2.3934E-02,0.029495439353626095
 2.3954E-02,0.028274003891375396
 2.3975E-02,0.02644149984309519
 2.3996E-02,0.024098084603410477
 2.4017E-02,0.021361771401506954
 2.4038E-02,0.01835471511308617
 2.4059E-02,0.015196428068936717
 2.4079E-02,0.012004966058880656
 2.4100E-02,0.008902525014066236
 2.4121E-02,0.0060193770383835605
 2.4142E-02,0.003490989991692212
 2.4163E-02,0.0014469899985860182
 2.4184E-02,-4.745844736280284e-06
 2.4204E-02,-0.0007926427495722601
 2.4225E-02,-0.0008887305966202481
 2.4246E-02,-0.0003061996606165319
 2.4267E-02,0.0009106383478057265
 2.4288E-02,0.0026984115584008797
 2.4309E-02,0.004982800828604872
 2.4329E-02,0.007679520833268068
 2.4350E-02,0.010689414953940043
 2.4371E-02,0.013892565617899384
 2.4392E-02,0.017147219739008936
 2.4413E-02,0.020296979544917763
 2.4434E-02,0.02318537874162692
 2.4454E-02,0.025672990243818708
 2.4475E-02,0.027650742446382513
 2.4496E-02,0.029044952548103548
 2.4517E-02,0.02981372781573573
 2.4538E-02,0.029938599621031264
 2.4559E-02,0.029417273474406966
 2.4579E-02,0.02826214106468485
 2.4600E-02,0.026505424620810777
 2.4621E-02,0.024207601584670148
 2.4642E-02,0.021463406598223343
 2.4663E-02,0.01840050991431998
 2.4684E-02,0.015169485670795292
 2.4704E-02,0.011928003280628183
 2.4725E-02,0.008824975846987495
 2.4746E-02,0.00599019939089788
 2.4767E-02,0.0035319658825844424
 2.4788E-02,0.001540910048229452
 2.4809E-02,9.523694009654234e-05
 2.4829E-02,-0.0007378731090535838
 2.4850E-02,-0.0009073278487606316
 2.4871E-02,-0.00038825610671957146
 2.4892E-02,0.0008075106372556193
 2.4913E-02,0.002626125544537496
 2.4934E-02,0.004974933532600553
 2.4954E-02,0.007733572493357939
 2.4975E-02,0.010768672381793782
 2.4996E-02,0.013946436023960522
 2.5017E-02,0.017138948650462407
 2.5038E-02,0.020223740263712434
 2.5058E-02,0.023079915263891984
 2.5079E-02,0.025586014865641004
 2.5100E-02,0.027623695941189963
 2.5121E-02,0.029087897145452384
 2.5142E-02,0.029900287337766923
 2.5163E-02,0.030020570041746058
 2.5183E-02,0.029450868899069137
 2.5204E-02,0.02823159982674867
 2.5225E-02,0.02643123160277821
 2.5246E-02,0.024135001034398865
 2.5267E-02,0.02143757238045155
 2.5288E-02,0.018441900862138323
 2.5308E-02,0.015262700583799896
 2.5329E-02,0.01203004746558317
 2.5350E-02,0.008888327103083644
 2.5371E-02,0.00598812550269359
 2.5392E-02,0.0034724478430914404
 2.5413E-02,0.0014617843796087362
 2.5433E-02,4.3343359265371516e-05
 2.5454E-02,-0.0007321730472003643
 2.5475E-02,-0.0008465030155498515
 2.5496E-02,-0.00030609344536117926
 2.5517E-02,0.0008643414836588142
 2.5538E-02,0.0026233904080914215
 2.5558E-02,0.004909356212675005
 2.5579E-02,0.007634623685823782
 2.5600E-02,0.010682752792152249
 2.5621E-02,0.013912068112733572
 2.5642E-02,0.017166390218242587
 2.5663E-02,0.020289977577070656
 2.5683E-02,0.02314163630656269
 2.5704E-02,0.025603439692912996
 2.5725E-02,0.027582312431396378
 2.5746E-02,0.02900635483569507
 2.5767E-02,0.0298202578197747
 2.5788E-02,0.029984167178539273
 2.5808E-02,0.02947792145959669
 2.5829E-02,0.0283090689286415
 2.5850E-02,0.026520408535015853
 2.5871E-02,0.024192462518051176
 2.5892E-02,0.021438465308605888
 2.5913E-02,0.018392966241857718
 2.5933E-02,0.015198098745075411
 2.5954E-02,0.01199239396633376
 2.5975E-02,0.00890530768959871
 2.5996E-02,0.00605734957312053
 2.6017E-02,0.003562646491751686
 2.6037E-02,0.0015295839639543588
 2.6058E-02,5.646799027804461e-05
 2.6079E-02,-0.0007777981190511696
 2.6100E-02,-0.0009248924000366754
 2.6121E-02,-0.0003754640693674874
 2.6142E-02,0.0008389821836041488
 2.6162E-02,0.002651544394160686
 2.6183E-02,0.004970258535433919
 2.6204E-02,0.007688864605449133
 2.6225E-02,0.010693925371146128
 2.6246E-02,0.013866700753379157
 2.6267E-02,0.017081409643184622
 2.6287E-02,0.020203728930333786
 2.6308E-02,0.023093382882125188
 2.6329E-02,0.02561246371481257
 2.6350E-02,0.027637898980335907
 2.6371E-02,0.029073999114543395
 2.6392E-02,0.029860633695991984
 2.6412E-02,0.029974513887232507
 2.6433E-02,0.029424264430412572
 2.6454E-02,0.028242729676377584
 2.6475E-02,0.026480806193105545
 2.6496E-02,0.02420561031827102
 2.6517E-02,0.021502820468289458
 2.6537E-02,0.01848022376672097
 2.6558E-02,0.015268385093820452
 2.6579E-02,0.012015549925013993
 2.6600E-02,0.008876741353513632
 2.6621E-02,0.005999974256685105
 2.6642E-02,0.003513994336353534
 2.6662E-02,0.0015211773554412596
 2.6683E-02,9.66343849935138e-05
 2.6704E-02,-0.0007084335920682774
 2.6725E-02,-0.0008629012339403773
 2.6746E-02,-0.00035485613301718957
 2.6767E-02,0.0008050736249856945
 2.6787E-02,0.0025778882764630824
 2.6808E-02,0.00489155209247363
 2.6829E-02,0.00764114146088403
 2.6850E-02,0.010695414035171715
 2.6871E-02,0.013908438087977752
 2.6892E-02,0.017132597937286217
 2.6912E-02,0.020228845703388693
 2.6933E-02,0.02307172456571156
 2.6954E-02,0.02554953882830449
 2.6975E-02,0.027562548173450996
 2.6996E-02,0.029022872461661527
 2.7017E-02,0.029858488717696044
 2.7037E-02,0.030021012652280712
 2.7058E-02,0.029494366762102747
 2.7079E-02,0.0283003761201588
 2.7100E-02,0.026498396874563963
 2.7121E-02,0.024178707931554185
 2.7141E-02,0.02145217274513842
 2.7162E-02,0.018440120914721907
 2.7183E-02,0.015267759553130594
 2.7204E-02,0.012062089880523272
 2.7225E-02,0.008952573739868621
 2.7246E-02,0.0060711593870737416
 2.7266E-02,0.003548613001772734
 2.7287E-02,0.0015062116455762434
 2.7308E-02,4.457917483127998e-05
 2.7329E-02,-0.0007666897496181551
 2.7350E-02,-0.0008949754732308162
 2.7371E-02,-0.0003443756357249747
 2.7391E-02,0.0008497893541234377
 2.7412E-02,0.0026285774788820295
 2.7433E-02,0.0049155417929675795
 2.7454E-02,0.007619219077876517
 2.7475E-02,0.0106323859952677
 2.7496E-02,0.01383071306505973
 2.7516E-02,0.01707415486294057
 2.7537E-02,0.020213204017774294
 2.7558E-02,0.023099654194674076
 2.7579E-02,0.0255991000217318
 2.7600E-02,0.027601356621045594
 2.7621E-02,0.029025878600626828
 2.7641E-02,0.029821618520742978
 2.7662E-02,0.0299633168420925
 2.7683E-02,0.02944759252364049
 2.7704E-02,0.028291689805497258
 2.7725E-02,0.026535651346728625
 2.7746E-02,0.02424620145968703
 2.7766E-02,0.02151911195690459
 2.7787E-02,0.0184771183187717
 2.7808E-02,0.015262398653205852
 2.7829E-02,0.012025175473531444
 2.7850E-02,0.008911787759687312
 2.7871E-02,0.006055664958834176
 2.7891E-02,0.0035729961931903935
 2.7912E-02,0.0015624319846327932
 2.7933E-02,0.00010621154845554459
 2.7954E-02,-0.0007302914790034317
 2.7975E-02,-0.0009022824772096592
 2.7996E-02,-0.00039188714732383396
 2.8016E-02,0.0007855252532957581
 2.8037E-02,0.0025782960966068994
 2.8058E-02,0.004900833068943287
 2.8079E-02,0.00764119933106526
 2.8100E-02,0.010671528158498884
 2.8120E-02,0.013857844590155183
 2.8141E-02,0.01706661062317126
 2.8162E-02,0.02016737167109116
 2.8183E-02,0.023033142084019787
 2.8204E-02,0.025541399000076372
 2.8225E-02,0.027578094249105657
 2.8245E-02,0.029045205589679938
 2.8266E-02,0.02987007061588921
 2.8287E-02,0.030013328810479044
 2.8308E-02,0.02947252411598096
 2.8329E-02,0.0282801871772081
 2.8350E-02,0.026497584940448578
 2.8370E-02,0.024207035556308428
 2.8391E-02,0.021505841297471785
 2.8412E-02,0.01850344064154285
 2.8433E-02,0.01532114190221716
 2.8454E-02,0.012092014445135395
 2.8475E-02,0.008958160619899935
 2.8495E-02,0.006063861141640039
 2.8516E-02,0.003545283067877009
 2.8537E-02,0.0015193722674972628
 2.8558E-02,7.518408307529648e-05
 2.8579E-02,-0.00073009446965814
 2.8600E-02,-0.0008702684561558499
 2.8620E-02,-0.00034631033965851936
 2.8641E-02,0.0008175453936726794
 2.8662E-02,0.002575541672241781
 2.8683E-02,0.004859554827129587
 2.8704E-02,0.007577267590505438
 2.8725E-02,0.010612053729844188
 2.8745E-02,0.013826830808008842
 2.8766E-02,0.017072387942438413
 2.8787E-02,0.020198564046182026
 2.8808E-02,0.023065276370463534
 2.8829E-02,0.025550512187477784
 2.8850E-02,0.027553933650407286
 2.8870E-02,0.028996880500187908
 2.8891E-02,0.029821141215573128
 2.8912E-02,0.02998905509142797
 2.8933E-02,0.029486225639233563
 2.8954E-02,0.028326099562217773
 2.8975E-02,0.026554030409114998
 2.8995E-02,0.02424811639854947
 2.9016E-02,0.02151527144946245
 2.9037E-02,0.018483029506055505
 2.9058E-02,0.015289399485092822
 2.9079E-02,0.012073722128698115
 2.9100E-02,0.008970621340697725
 2.9120E-02,0.006107284381541737
 2.9141E-02,0.0036024666962255793
 2.9162E-02,0.0015647910579356227
 2.9183E-02,8.853004000213016e-05
 2.9204E-02,-0.0007532290044073442
 2.9224E-02,-0.0009162786567279318
 2.9245E-02,-0.00039109945737901097
 2.9266E-02,0.000795535505944625
 2.9287E-02,0.0025838418465984657
 2.9308E-02,0.0048878908812655
 2.9329E-02,0.007603468520918966
 2.9349E-02,0.010614389335562604
 2.9370E-02,0.013796073812701672
 2.9391E-02,0.017017078200410613
 2.9412E-02,0.020140652226986328
 2.9433E-02,0.023028532677480538
 2.9454E-02,0.025547984341227147
 2.9474E-02,0.027581224188731917
 2.9495E-02,0.029034835734519288
 2.9516E-02,0.029846437961937235
 2.9537E-02,0.029986910980664555
 2.9558E-02,0.029458348265339652
 2.9579E-02,0.0282896123459805
 2.9599E-02,0.026532023707396747
 2.9620E-02,0.024256995494868722
 2.9641E-02,0.021555763780304073
 2.9662E-02,0.0185396810825528
 2.9683E-02,0.015338766661393456
 2.9704E-02,0.012096771952133316
 2.9724E-02,0.00896262636345712
 2.9745E-02,0.006079912789106027
 2.9766E-02,0.003577025047528715
 2.9787E-02,0.0015603525366419397
 2.9808E-02,0.00011140091360745488
 2.9829E-02,-0.0007130295908205239
 2.9849E-02,-0.0008796735107496285
 2.9870E-02,-0.00037867736232184246
 2.9891E-02,0.0007746209110474902
 2.9912E-02,0.0025368265513714076
 2.9933E-02,0.004834578891659865
 2.9954E-02,0.007565738796486688
 2.9974E-02,0.010604709618923229
 2.9995E-02,0.013811197945018096
 3.0016E-02,0.017040273695136138
 3.0037E-02,0.02015118633861547
 3.0058E-02,0.023013235872220716
 3.0079E-02,0.025508617696151835
 3.0099E-02,0.02753368141130474
 3.0120E-02,0.029000651662065877
 3.0141E-02,0.029841240089484
 3.0162E-02,0.030012082230618103
 3.0183E-02,0.02950039436817551
 3.0203E-02,0.02832752709330482
 3.0224E-02,0.02654861352305121
 3.0245E-02,0.02424801124619161
 3.0266E-02,0.021531921209585934
 3.0287E-02,0.018520536182605175
 3.0308E-02,0.015341823234751879
 3.0328E-02,0.012127746210896042
 3.0349E-02,0.00901212006420428
 3.0370E-02,0.006128247374862212
 3.0391E-02,0.0036045789672019303
 3.0412E-02,0.0015578060458364689
 3.0433E-02,8.439222614265861e-05
 3.0453E-02,-0.0007472799622968755
 3.0474E-02,-0.0009018754222019401
 3.0495E-02,-0.00037794424750671224
 3.0516E-02,0.0007949871380460096
 3.0537E-02,0.0025613199160499913
 3.0558E-02,0.004844117802563218
 3.0578E-02,0.007548239371765174
 3.0599E-02,0.010561880862895744
 3.0620E-02,0.013757899157925763
 3.0641E-02,0.016996800219728513
 3.0662E-02,0.020132661322387883
 3.0683E-02,0.023021828849310783
 3.0703E-02,0.025532759758838872
 3.0724E-02,0.0275546496696923
 3.0745E-02,0.02900291477267818
 3.0766E-02,0.029820948001893745
 3.0787E-02,0.02997912546673777
 3.0808E-02,0.029472969174181556
 3.0828E-02,0.028322204192273492
 3.0849E-02,0.02657131585814662
 3.0870E-02,0.02429076993531503
 3.0891E-02,0.021577114879672957
 3.0912E-02,0.018550262013657812
 3.0933E-02,0.015347299142014836
 3.0953E-02,0.012113674773122819
 3.0974E-02,0.008993712173296533
 3.0995E-02,0.006122586654910653
 3.1016E-02,0.003621046449680601
 3.1037E-02,0.0015927507331690584
 3.1058E-02,0.00012290201251549692
 3.1078E-02,-0.0007234995928699387
 3.1099E-02,-0.0009047879779955295
 3.1120E-02,-0.0004068633982395836
 3.1141E-02,0.0007529539583380717
 3.1162E-02,0.002524354020925101
 3.1183E-02,0.004826060800303454
 3.1203E-02,0.00755144442490562
 3.1224E-02,0.010576361443634675
 3.1245E-02,0.013767174208177526
 3.1266E-02,0.016987220660429535
 3.1287E-02,0.020101141887580352
 3.1307E-02,0.022977798070898604
 3.1328E-02,0.025493289316139055
 3.1349E-02,0.027535421694736818
 3.1370E-02,0.02900992915091947
 3.1391E-02,0.02984745146713816
 3.1412E-02,0.030009397921680524
 3.1432E-02,0.029490883411956062
 3.1453E-02,0.028319904112901636
 3.1474E-02,0.026553322808239372
 3.1495E-02,0.024271330198786016
 3.1516E-02,0.021572270406503703
 3.1537E-02,0.018568966672598202
 3.1557E-02,0.015386384670908922
 3.1578E-02,0.012159354540505209
 3.1599E-02,0.00902876422050119
 3.1620E-02,0.00613530799534464
 3.1641E-02,0.0036111561998405277
 3.1662E-02,0.0015711094130465694
 3.1682E-02,0.00010527163867552077
 3.1703E-02,-0.0007252268072661645
 3.1724E-02,-0.000889134667770447
 3.1745E-02,-0.0003835682859031403
 3.1766E-02,0.000768274885355625
 3.1787E-02,0.0025187716462173517
 3.1807E-02,0.0047964862602420544
 3.1828E-02,0.007506518027434779
 3.1849E-02,0.010532074207400242
 3.1870E-02,0.013738594792783086
 3.1891E-02,0.016980783033335972
 3.1912E-02,0.02011162351533905
 3.1932E-02,0.02299156970419605
 3.1953E-02,0.025496028326706784
 3.1974E-02,0.027520084795444797
 3.1995E-02,0.02898066953512834
 3.2016E-02,0.029817390779426082
 3.2037E-02,0.029993507327398094
 3.2057E-02,0.02949786932966922
 3.2078E-02,0.028347503639198773
 3.2099E-02,0.026589531044591507
 3.2120E-02,0.02430084788836239
 3.2141E-02,0.021584640465659596
 3.2162E-02,0.018563985309702
 3.2182E-02,0.015373885367951194
 3.2203E-02,0.012153530304778901
 3.2224E-02,0.009040144106942864
 3.2245E-02,0.006164746961632267
 3.2266E-02,0.0036490787605485716
 3.2286E-02,0.0016023925299951032
 3.2307E-02,0.0001171141524231097
 3.2328E-02,-0.000736686639886572
 3.2349E-02,-0.0009169863290801251
 3.2370E-02,-0.0004140158843561598
 3.2391E-02,0.0007484492334918358
 3.2411E-02,0.002515212607429298
 3.2432E-02,0.004804495395215793
 3.2453E-02,0.007513960107462574
 3.2474E-02,0.010526338580629721
 3.2495E-02,0.013713810173341324
 3.2516E-02,0.01694136493956175
 3.2536E-02,0.020070231565805705
 3.2557E-02,0.022962582174072495
 3.2578E-02,0.025488063727971348
 3.2599E-02,0.0275316059721717
 3.2620E-02,0.029001026954540793
 3.2641E-02,0.029832715115137968
 3.2661E-02,0.029994247396132833
 3.2682E-02,0.029483903076497044
 3.2703E-02,0.028328086928075407
 3.2724E-02,0.026578153658037472
 3.2745E-02,0.024307811795195068
 3.2766E-02,0.02161137986394914
 3.2786E-02,0.018602173947340272
 3.2807E-02,0.015409768659360557
 3.2828E-02,0.01217510022523451
 3.2849E-02,0.009043267998237601
 3.2870E-02,0.006154967360050239
 3.2891E-02,0.0036381706987613045
 3.2911E-02,0.001601601344078453
 3.2932E-02,0.00013076851761586366
 3.2953E-02,-0.0007137269607391077
 3.2974E-02,-0.0008966843225181872
 3.2995E-02,-0.00040876114873240194
 3.3016E-02,0.0007325269711754123
 3.3036E-02,0.002481623527158309
 3.3057E-02,0.004764662180781851
 3.3078E-02,0.007481333220654934
 3.3099E-02,0.01050952742879985
 3.3120E-02,0.013712407744599711
 3.3141E-02,0.016946668097160313
 3.3161E-02,0.020070408346979898
 3.3182E-02,0.022949444719186
 3.3203E-02,0.025461760350039993
 3.3224E-02,0.027500698253100822
 3.3245E-02,0.02897793652298595
 3.3266E-02,0.02982704023475815
 3.3286E-02,0.03000759567021656
 3.3307E-02,0.02950904494108566
 3.3328E-02,0.02835287192945748
 3.3349E-02,0.0265920413939107
 3.3370E-02,0.024307461582025843
 3.3390E-02,0.021602274544911086
 3.3411E-02,0.018595420828969263
 3.3432E-02,0.015415836074825004
 3.3453E-02,0.012197892663950235
 3.3474E-02,0.009077737159145973
 3.3495E-02,0.0061895295392716205
 3.3515E-02,0.0036606071959706644
 3.3536E-02,0.0016052599997436463
 3.3557E-02,0.00011775260869544848
 3.3578E-02,-0.0007340476385758288
 3.3599E-02,-0.0009129783658124654
 3.3620E-02,-0.00041395404698208057
 3.3640E-02,0.0007374856097273194
 3.3661E-02,0.002488457707637604
 3.3682E-02,0.004762520813686784
 3.3703E-02,0.0074629954005931975
 3.3724E-02,0.010475686276080778
 3.3745E-02,0.013671704202290493
 3.3765E-02,0.016911444431211647
 3.3786E-02,0.020050459440544722
 3.3807E-02,0.0229471200780915
 3.3828E-02,0.025471033686782097
 3.3849E-02,0.02751067573759665
 3.3870E-02,0.028978883883420598
 3.3890E-02,0.02981566808979309
 3.3911E-02,0.029988771581662466
 3.3932E-02,0.029493054465618406
 3.3953E-02,0.028349759133969574
 3.3974E-02,0.02660611564344487
 3.3995E-02,0.02433493098831995
 3.4015E-02,0.0216332451417724
 3.4036E-02,0.018619130805181433
 3.4057E-02,0.015426260596936865
 3.4078E-02,0.012196685354925981
 3.4099E-02,0.009072945830780879
 3.4120E-02,0.006190826311265083
 3.4140E-02,0.0036736548321445292
 3.4161E-02,0.0016282851322569404
 3.4182E-02,0.00014218408925301108
 3.4203E-02,-0.0007192221959511601
 3.4224E-02,-0.0009154866563683138
 3.4245E-02,-0.00043421564738139274
 3.4265E-02,0.0007065416113985635
 3.4286E-02,0.002457669208870892
 3.4307E-02,0.004740889668417207
 3.4328E-02,0.007453217281179439
 3.4349E-02,0.01047318584376893
 3.4369E-02,0.013667637685747852
 3.4390E-02,0.01689798711721745
 3.4411E-02,0.0200254733199737
 3.4432E-02,0.022915652407967238
 3.4453E-02,0.025442832092124022
 3.4474E-02,0.02749507541181387
 3.4494E-02,0.028979850687766418
 3.4515E-02,0.02982969585206355
 3.4536E-02,0.030006781425253377
 3.4557E-02,0.029505272001089003
 3.4578E-02,0.028350932214030566
 3.4599E-02,0.026598255079780486
 3.4619E-02,0.024326102251618846
 3.4640E-02,0.021633075881481903
 3.4661E-02,0.018633466502035505
 3.4682E-02,0.015453844415905452
 3.4703E-02,0.012229627893905144
 3.4724E-02,0.009100699411597395
 3.4744E-02,0.006205502414768937
 3.4765E-02,0.003673830047472994
 3.4786E-02,0.0016192890301174956
 3.4807E-02,0.00013277797236111106
 3.4828E-02,-0.0007219243513270833
 3.4849E-02,-0.0009100778023935277
 3.4869E-02,-0.0004258359337358605
 3.4890E-02,0.0007090271900421396
 3.4911E-02,0.0024466164861795267
 3.4932E-02,0.004714262626354904
 3.4953E-02,0.007416041193004794
 3.4974E-02,0.010435272057958727
 3.4994E-02,0.013638787608850463
 3.5015E-02,0.016883228542556705
 3.5036E-02,0.020022852703543502
 3.5057E-02,0.022917723622949127
 3.5078E-02,0.025440994082221304
 3.5099E-02,0.027484391046425898
 3.5119E-02,0.028961746713722997
 3.5140E-02,0.02981111990135792
 3.5161E-02,0.02999632955411371
 3.5182E-02,0.029508438573074162
 3.5203E-02,0.02836708353029595
 3.5224E-02,0.02662095737822955
 3.5244E-02,0.024346588907728964
 3.5265E-02,0.021644931875334283
 3.5286E-02,0.018635964314532537
 3.5307E-02,0.015452119698579514
 3.5328E-02,0.012231612341167892
 3.5349E-02,0.009112489559875009
 3.5369E-02,0.006227685549252923
 3.5390E-02,0.0037007637762050127
 3.5411E-02,0.0016417321934805774
 3.5432E-02,0.0001424669810890771
 3.5453E-02,-0.0007281957011441342
 3.5473E-02,-0.0009290340268535482
 3.5494E-02,-0.0004496702585837785
 3.5515E-02,0.0006884214700199602
 3.5536E-02,0.00243343534022622
 3.5557E-02,0.00470686179107347
 3.5578E-02,0.007408290648408032
 3.5598E-02,0.01042040915736333
 3.5619E-02,0.013613631807252759
 3.5640E-02,0.01685043192943572
 3.5661E-02,0.019989932688288834
 3.5682E-02,0.022893375736489946
 3.5703E-02,0.02543066501405715
 3.5723E-02,0.027487500861195207
 3.5744E-02,0.028972064536816562
 3.5765E-02,0.029820101331888053
 3.5786E-02,0.029997634886431063
 3.5807E-02,0.029501224183157117
 3.5828E-02,0.028356326504242555
 3.5848E-02,0.02661466850961856
 3.5869E-02,0.02435142941759666
 3.5890E-02,0.021662584954788854
 3.5911E-02,0.01866218241226254
 3.5932E-02,0.015478912534290496
 3.5953E-02,0.012251350262052488
 3.5973E-02,0.009121686309166007
 3.5994E-02,0.006228432899226654
 3.6015E-02,0.0036990904574823193
 3.6036E-02,0.0016438352932242719
 3.6057E-02,0.00015090718614806727
 3.6078E-02,-0.0007162427854187842
 3.6098E-02,-0.0009205077640540173
 3.6119E-02,-0.0004520132737779473
 3.6140E-02,0.0006712760550266359
 3.6161E-02,0.0024033249258234484
 3.6182E-02,0.004670694069153866
 3.6203E-02,0.007374756934463331
 3.6223E-02,0.010395858264848352
 3.6244E-02,0.013599278898675625
 3.6265E-02,0.016842338635455558
 3.6286E-02,0.019981695970164335
 3.6307E-02,0.022880013763666305
 3.6328E-02,0.025411567653613652
 3.6348E-02,0.02746684922918733
 3.6369E-02,0.028956522775995017
 3.6390E-02,0.02981508263691706
 3.6411E-02,0.030004223682237423
 3.6432E-02,0.029515469024949344
 3.6452E-02,0.028371306958998005
 3.6473E-02,0.026624207648777796
 3.6494E-02,0.02435341439505959
 3.6515E-02,0.02166006854977222
 3.6536E-02,0.018661647904950292
 3.6557E-02,0.015486626434157743
 3.6577E-02,0.012269762168145099
 3.6598E-02,0.009147807884438237
 3.6619E-02,0.0062550625885359565
 3.6640E-02,0.003718228002677197
 3.6661E-02,0.0016504705073516848
 3.6682E-02,0.00014518875396109135
 3.6702E-02,-0.000729563860870899
 3.6723E-02,-0.0009349948509765701
 3.6744E-02,-0.00046319703412897633
 3.6765E-02,0.0006635048855094369
 3.6786E-02,0.0023948721984824
 3.6807E-02,0.004655859554452536
 3.6827E-02,0.007349831974988824
 3.6848E-02,0.010361735652278362
 3.6869E-02,0.013561615434256082
 3.6890E-02,0.01680912875110253
 3.6911E-02,0.019959512760945507
 3.6932E-02,0.022870900325314913
 3.6952E-02,0.025412223815316406
 3.6973E-02,0.027470536278796587
 3.6994E-02,0.028956662650092106
 3.7015E-02,0.029808641100546148
 3.7036E-02,0.029993112386724658
 3.7057E-02,0.029505286296309635
 3.7077E-02,0.02836816313213157
 3.7098E-02,0.02663137767378161
 3.7119E-02,0.02436960555074126
 3.7140E-02,0.021680181839673546
 3.7161E-02,0.01867955226870157
 3.7182E-02,0.015498388149694932
 3.7202E-02,0.012275550875114461
 3.7223E-02,0.00915144690383388
 3.7244E-02,0.0062614931812036605
 3.7265E-02,0.003730302638097759
 3.7286E-02,0.001666856971717516
 3.7307E-02,0.00016056179907620563
 3.7327E-02,-0.0007221086817964756
 3.7348E-02,-0.0009405727758531633
 3.7369E-02,-0.0004825913594293766
 3.7390E-02,0.0006342270108774511
 3.7411E-02,0.0023624091271071818
 3.7432E-02,0.004626450525366359
 3.7452E-02,0.007326473795767285
 3.7473E-02,0.010343283997595655
 3.7494E-02,0.013544172923560808
 3.7515E-02,0.016788879815070674
 3.7536E-02,0.019935393476657598
 3.7556E-02,0.022845604230947746
 3.7577E-02,0.025390975839382723
 3.7598E-02,0.02745830566943113
 3.7619E-02,0.028955357928345415
 3.7640E-02,0.02981586169731043
 3.7661E-02,0.030003200314713183
 3.7681E-02,0.029512171354252294
 3.7702E-02,0.028368504178452568
 3.7723E-02,0.02662631352362186
 3.7744E-02,0.024364153059717925
 3.7765E-02,0.021680571106889507
 3.7786E-02,0.018689893410448077
 3.7806E-02,0.015518420233931697
 3.7827E-02,0.01230063906633006
 3.7848E-02,0.009174791105159246
 3.7869E-02,0.006277344932340183
 3.7890E-02,0.0037364809380506935
 3.7911E-02,0.0016652673795183185
 3.7931E-02,0.00015552064595917626
 3.7952E-02,-0.0007267590858205466
 3.7973E-02,-0.0009439365167942226
 3.7994E-02,-0.0004874039511439855
 3.8015E-02,0.0006230892074403108
 3.8036E-02,0.002340792411836981
 3.8056E-02,0.004593602856423583
 3.8077E-02,0.007286066262746725
 3.8098E-02,0.010302177160208217
 3.8119E-02,0.013509526128475842
 3.8140E-02,0.016765079033534275
 3.8161E-02,0.019922367162201134
 3.8181E-02,0.02283936070120514
 3.8202E-02,0.02538602398490956
 3.8223E-02,0.02745063986117406
 3.8244E-02,0.028944424726439707
 3.8265E-02,0.02980451947367671
 3.8286E-02,0.029995799672332794
 3.8306E-02,0.029511901783889558
 3.8327E-02,0.02837551284133173
 3.8348E-02,0.026637623853451465
 3.8369E-02,0.02437537994709107
 3.8390E-02,0.021688426801382867
 3.8411E-02,0.01869405083192488
 3.8431E-02,0.015521666442404151
 3.8452E-02,0.012307199219787492
 3.8473E-02,0.009187715388563604
 3.8494E-02,0.0062963803717702976
 3.8515E-02,0.0037576088155402082
 3.8536E-02,0.0016822039796680153
 3.8556E-02,0.0001624314513712264
 3.8577E-02,-0.0007327283646726115
 3.8598E-02,-0.0009616063108127318
 3.8619E-02,-0.000512484583921497
 3.8640E-02,0.0005956496812934205
 3.8660E-02,0.0023143306690657692
 3.8681E-02,0.0045684599805218065
 3.8702E-02,0.007260146472517111
 3.8723E-02,0.010272963197430362
 3.8744E-02,0.01347636391507049
 3.8765E-02,0.016730394441291405
 3.8785E-02,0.019891064226357606
 3.8806E-02,0.02281665720634864
 3.8827E-02,0.025374859567372187
 3.8848E-02,0.027450060374691
 3.8869E-02,0.028949855260596617
 3.8890E-02,0.029809852022852808
 3.8910E-02,0.02999626664112293
 3.8931E-02,0.02950628731756709
 3.8952E-02,0.028366588902838337
 3.8973E-02,0.02663060906945725
 3.8994E-02,0.02437522996484577
 3.9015E-02,0.0216973501558318
 3.9035E-02,0.01871050000056771
 3.9056E-02,0.015541256148684911
 3.9077E-02,0.012324979111921791
 3.9098E-02,0.009200525626220991
 3.9119E-02,0.006304021150772986
 3.9140E-02,0.003762243897647434
 3.9160E-02,0.0016864053949655028
 3.9181E-02,0.00016701702168047164
 3.9202E-02,-0.0007298100033063423
 3.9223E-02,-0.0009646726617345056
 3.9244E-02,-0.0005260728450667005
 3.9265E-02,0.0005692059017790216
 3.9285E-02,0.002276418171227346
 3.9306E-02,0.0045239802809360925
 3.9327E-02,0.007215667663508221
 3.9348E-02,0.010234155277289464
 3.9369E-02,0.013445993390706127
 3.9390E-02,0.016707831472145922
 3.9410E-02,0.01987344262561496
 3.9431E-02,0.022800963705422898
 3.9452E-02,0.025359773567554193
 3.9473E-02,0.02743655456392294
 3.9494E-02,0.028940292502528192
 3.9515E-02,0.029806177655140754
 3.9535E-02,0.029998415428325494
 3.9556E-02,0.02951180036203999
 3.9577E-02,0.028371731872385
 3.9598E-02,0.02663239893890853
 3.9619E-02,0.024373220369041052
 3.9639E-02,0.02169411874546727
 3.9660E-02,0.018710476744090144
 3.9681E-02,0.015548439442630638
 3.9702E-02,0.01234070470680546
 3.9723E-02,0.009222448854542964
 3.9744E-02,0.006326852463386174
 3.9764E-02,0.003779872958516126
 3.9785E-02,0.0016943389624882997
 3.9806E-02,0.0001639145407070846
 3.9827E-02,-0.0007422209946229353
 3.9848E-02,-0.0009831504691845884
 3.9869E-02,-0.0005479601007523751
 3.9889E-02,0.0005445286803199487
 3.9910E-02,0.00224752865096149
 3.9931E-02,0.004488842151858562
 3.9952E-02,0.0071736604675758965
 3.9973E-02,0.01018751715739536
 3.9994E-02,0.013399778172885148
 4.0014E-02,0.016668269148556413
 4.0035E-02,0.019845458666937387
 4.0056E-02,0.02278609504541734
 4.0077E-02,0.02535555217728115
 4.0098E-02,0.027437691631253064
 4.0119E-02,0.028941080191181003
 4.0139E-02,0.029802924636965912
 4.0160E-02,0.02999075891693307
 4.0181E-02,0.02950235310170658
 4.0202E-02,0.028364379192105566
 4.0223E-02,0.026630205250087732
 4.0244E-02,0.024377021753217314
 4.0264E-02,0.021702442339016678
 4.0285E-02,0.018720689740509947
 4.0306E-02,0.01555837921502629
 4.0327E-02,0.012349813486352688
 4.0348E-02,0.009231750059242257
 4.0369E-02,0.006337788030846423
 4.0389E-02,0.0037926900611197955
 4.0410E-02,0.0017069945556871633
 4.0431E-02,0.00017220152179177176
 4.0452E-02,-0.000743284439673519
 4.0473E-02,-0.0009973201827838175
 4.0494E-02,-0.0005761483030325971
 4.0514E-02,0.0005046857192864702
 4.0535E-02,0.002200728919849784
 4.0556E-02,0.004440311413241232
 4.0577E-02,0.007127400125787625
 4.0598E-02,0.010145438756918581
 4.0618E-02,0.013362035171158904
 4.0639E-02,0.0166344328852982
 4.0660E-02,0.019815742153523424
 4.0681E-02,0.022761844036089246
 4.0702E-02,0.025338682035483843
 4.0723E-02,0.02742938945289529
 4.0743E-02,0.02894055913712305
 4.0764E-02,0.02980705267744126
 4.0785E-02,0.029994951165386564
 4.0806E-02,0.029502427644363477
 4.0827E-02,0.028358497669638643
 4.0848E-02,0.026619881943191436
 4.0868E-02,0.02436659535778242
 4.0889E-02,0.021697171952816032
 4.0910E-02,0.01872435676354338
 4.0931E-02,0.015571549662496874
 4.0952E-02,0.012369581101390938
 4.0973E-02,0.009253021127559767
 4.0993E-02,0.00635539697592109
 4.1014E-02,0.0038032566208555624
 4.1035E-02,0.0017096326036019145
 4.1056E-02,0.00016784355823210593
 4.1077E-02,-0.000753431352995976
 4.1098E-02,-0.001013221208859719
 4.1118E-02,-0.0005994076933471205
 4.1139E-02,0.0004716569368771366
 4.1160E-02,0.0021564248677338462
 4.1181E-02,0.0043857849020272925
 4.1202E-02,0.00706690074089246
 4.1223E-02,0.010085572976309623
 4.1243E-02,0.013309736465743334
 4.1264E-02,0.016594644517460344
 4.1285E-02,0.01978987564902375
 4.1306E-02,0.022747700292192547
 4.1327E-02,0.025331803303976223
 4.1348E-02,0.027425120296557588
 4.1368E-02,0.02893579667371208
 4.1389E-02,0.02980091736717027
 4.1410E-02,0.029988252499134078
 4.1431E-02,0.029496451675820417
 4.1452E-02,0.02835393591355753
 4.1473E-02,0.02661651866556836
 4.1493E-02,0.024363833448455257
 4.1514E-02,0.02169494378087022
 4.1535E-02,0.018723737858761722
 4.1556E-02,0.015574573778061597
 4.1577E-02,0.012378225883032546
 4.1598E-02,0.009267836086559879
 4.1618E-02,0.006374507923330203
 4.1639E-02,0.0038223486025432854
 4.1660E-02,0.001723040993357961
 4.1681E-02,0.00017031644712609852
 4.1702E-02,-0.0007650910309961984
 4.1722E-02,-0.0010393700228998846
 4.1743E-02,-0.000637925773051923
 4.1764E-02,0.0004241494621135167
 4.1785E-02,0.002103208876044923
 4.1806E-02,0.004329261439717996
 4.1827E-02,0.007008721757427955
 4.1847E-02,0.010027455456343308
 4.1868E-02,0.013254313220478112
 4.1889E-02,0.01654566453165369
 4.1910E-02,0.019751432376564258
 4.1931E-02,0.02272274416244382
 4.1952E-02,0.025320665764570607
 4.1972E-02,0.027424867624583273
 4.1993E-02,0.028940879774935716
 4.2014E-02,0.029804972019909563
 4.2035E-02,0.02998634338483733
 4.2056E-02,0.029486814373327456
 4.2077E-02,0.02833846675341508
 4.2097E-02,0.026599805235780854
 4.2118E-02,0.024351163243375423
 4.2139E-02,0.021690178711135794
 4.2160E-02,0.018727977267568703
 4.2181E-02,0.015586114804772228
 4.2202E-02,0.012393669609652179
 4.2222E-02,0.009283634342420017
 4.2243E-02,0.006388098291340331
 4.2264E-02,0.0038323453166121406
 4.2285E-02,0.001728535825870001
 4.2306E-02,0.00016986279933324955
 4.2327E-02,-0.0007740661977206839
 4.2347E-02,-0.0010602383591495905
 4.2368E-02,-0.0006736549371092148
 4.2389E-02,0.0003725239311431507
 4.2410E-02,0.002037668364729576
 4.2431E-02,0.00425485445115769
 4.2452E-02,0.006932467054163055
 4.2472E-02,0.009956519622810741
 4.2493E-02,0.013194205382359755
 4.2514E-02,0.016499147333309965
 4.2535E-02,0.019718476371797623
 4.2556E-02,0.022701354419368474
 4.2577E-02,0.025308041010582948
 4.2597E-02,0.02741829101283212
 4.2618E-02,0.028938005217123954
 4.2639E-02,0.029803608865990348
 4.2660E-02,0.0299841884248221
 4.2681E-02,0.0294816017486479
 4.2701E-02,0.02832867497641924
 4.2722E-02,0.026585589345887617
 4.2743E-02,0.024334889201783713
 4.2764E-02,0.02167604200242358
 4.2785E-02,0.018720649251174195
 4.2806E-02,0.015588906006618736
 4.2826E-02,0.012407007804443152
 4.2847E-02,0.009304556785948076
 4.2868E-02,0.006411006691877271
 4.2889E-02,0.003850696170839241
 4.2910E-02,0.0017367219068950886
 4.2931E-02,0.0001644906653318135
 4.2951E-02,-0.0007939589924353522
 4.2972E-02,-0.0010939284441900043
 4.2993E-02,-0.000719859849408083
 4.3014E-02,0.0003148741387353791
 4.3035E-02,0.0019694926174773863
 4.3056E-02,0.004177758908294997
 4.3076E-02,0.006849790032254452
 4.3097E-02,0.009873811447582006
 4.3118E-02,0.013118606602010132
 4.3139E-02,0.01643768861826295
 4.3160E-02,0.019675920076581678
 4.3181E-02,0.02267851751386246
 4.3201E-02,0.02530139824263708
 4.3222E-02,0.027421103829569773
 4.3243E-02,0.028942534996581438
 4.3264E-02,0.02980351464233259
 4.3285E-02,0.029976199858043964
 4.3306E-02,0.029465952922052126
 4.3326E-02,0.02830834115414387
 4.3347E-02,0.026564814737674053
 4.3368E-02,0.024317665043770437
 4.3389E-02,0.021665076988094722
 4.3410E-02,0.018717061806412888
 4.3431E-02,0.01559250313076187
 4.3451E-02,0.012416760462003226
 4.3472E-02,0.009318868177872988
 4.3493E-02,0.006427605074987871
 4.3514E-02,0.0038663171611022615
 4.3535E-02,0.0017469605133711113
 4.3556E-02,0.00016416423020861027
 4.3576E-02,-0.0008098673553392196
 4.3597E-02,-0.0011290177915062988
 4.3618E-02,-0.0007752290793696642
 4.3639E-02,0.00024110629839971644
 4.3660E-02,0.0018818926803998528
 4.3681E-02,0.00408265825296727
 4.3701E-02,0.006754105979869734
 4.3722E-02,0.009783995912283424
 4.3743E-02,0.013039948945703934
 4.3764E-02,0.016373970223281933
 4.3785E-02,0.01962925355163246
 4.3805E-02,0.022649193649269657
 4.3826E-02,0.025287701932126972
 4.3847E-02,0.02741924341784646
 4.3868E-02,0.028946934913062872
 4.3889E-02,0.029807676272391514
 4.3910E-02,0.029974127750525298
 4.3930E-02,0.02945382884526631
 4.3951E-02,0.02828585355805015
 4.3972E-02,0.026535504716200815
 4.3993E-02,0.024287941969974695
 4.4014E-02,0.021642112278435755
 4.4035E-02,0.018706319502361388
 4.4055E-02,0.015595887266790821
 4.4076E-02,0.01243209437281033
 4.4097E-02,0.0093408050504824
 4.4118E-02,0.00644943718781308
 4.4139E-02,0.0038818213398568277
 4.4160E-02,0.0017515260413210982
 4.4180E-02,0.00015490939257817196
 4.4201E-02,-0.0008347255542442335
 4.4222E-02,-0.0011709064538135599
 4.4243E-02,-0.0008354367840922519
 4.4264E-02,0.00016202378480801
 4.4285E-02,0.0017852822766402203
 4.4305E-02,0.003972859356342114
 4.4326E-02,0.006638718239069675
 4.4347E-02,0.009672895763608202
 4.4368E-02,0.012943195728269028
 4.4389E-02,0.016299290188019
 4.4410E-02,0.019580041102697433
 4.4430E-02,0.022623795063623463
 4.4451E-02,0.025280224090571787
 4.4472E-02,0.027421503821815227
 4.4493E-02,0.028950748753492583
 4.4514E-02,0.02980667443356283
 4.4535E-02,0.029964678252173166
 4.4555E-02,0.02943511623076754
 4.4576E-02,0.028259455771812093
 4.4597E-02,0.026504789214283606
 4.4618E-02,0.024257404549389194
 4.4639E-02,0.02161661651640354
 4.4660E-02,0.018690187594378887
 4.4680E-02,0.015591910750904926
 4.4701E-02,0.012440663567055508
 4.4722E-02,0.009359418798298191
 4.4743E-02,0.006472817491915316
 4.4764E-02,0.0039027107780538347
 4.4784E-02,0.0017620211204068602
 4.4805E-02,0.00014797245384686733
 4.4826E-02,-0.0008640172909308661
 4.4847E-02,-0.0012247086206434315
 4.4868E-02,-0.0009131499273686228
 4.4889E-02,6.329849967139729e-05
 4.4909E-02,0.0016702038400054926
 4.4930E-02,0.0038474888634379882
 4.4951E-02,0.006510341754524439
 4.4972E-02,0.009549770085613422
 4.4993E-02,0.012833883890481707
 4.5014E-02,0.016211426268439962
 4.5034E-02,0.01951870479306024
 4.5055E-02,0.022590009056633
 4.5076E-02,0.02527022050833512
 4.5097E-02,0.027427227473075508
 4.5118E-02,0.028961630837323386
 4.5139E-02,0.029812231259127332
 4.5159E-02,0.02995718124298851
 4.5180E-02,0.029411533785984906
 4.5201E-02,0.02822206678794264
 4.5222E-02,0.026460253381853545
 4.5243E-02,0.024214560507985244
 4.5264E-02,0.021583726997830177
 4.5284E-02,0.018672569401062128
 4.5305E-02,0.015590721093846571
 4.5326E-02,0.012453093408022186
 4.5347E-02,0.009379933872229889
 4.5368E-02,0.006494722720005163
 4.5389E-02,0.003919358961767335
 4.5409E-02,0.0017673574337503718
 4.5430E-02,0.00013656193086443208
 4.5451E-02,-0.0008970413729607058
 4.5472E-02,-0.001283345742745823
 4.5493E-02,-0.0009997205461989675
 4.5514E-02,-5.072422429131093e-05
 4.5534E-02,0.0015329667963913515
 4.5555E-02,0.0036952764431657545
 4.5576E-02,0.006354579973101985
 4.5597E-02,0.009403228495950416
 4.5618E-02,0.01270823942670014
 4.5639E-02,0.016114927759916187
 4.5659E-02,0.019454619212400878
 4.5680E-02,0.022556258167014454
 4.5701E-02,0.02526021189008514
 4.5722E-02,0.027431520308570153
 4.5743E-02,0.028969905014702382
 4.5764E-02,0.02981511375095673
 4.5784E-02,0.029947727136426978
 4.5805E-02,0.029386333074383413
 4.5826E-02,0.028181906468917762
 4.5847E-02,0.02641009976469593
 4.5868E-02,0.024162582304416647
 4.5888E-02,0.021539321912005516
 4.5909E-02,0.018643806733848387
 4.5930E-02,0.015581981141109653
 4.5951E-02,0.012463703729249698
 4.5972E-02,0.009404242640205987
 4.5993E-02,0.006523507693441778
 4.6013E-02,0.003942003633464824
 4.6034E-02,0.0017740191854195573
 4.6055E-02,0.000119676969442688
 4.6076E-02,-0.0009421942142448182
 4.6097E-02,-0.0013588437901912909
 4.6118E-02,-0.0011054557168454604
 4.6138E-02,-0.00018458555064816966
 4.6159E-02,0.0013754307567710087
 4.6180E-02,0.00352148580398401
 4.6201E-02,0.006175227846072422
 4.6222E-02,0.00923160309927638
 4.6243E-02,0.012558274660490703
 4.6263E-02,0.015998310297101463
 4.6284E-02,0.019377834888633243
 4.6305E-02,0.022518665152459878
 4.6326E-02,0.025253957333101356
 4.6347E-02,0.027443460784759465
 4.6368E-02,0.028984939332542918
 4.6388E-02,0.029819859600951296
 4.6409E-02,0.029933478001652303
 4.6430E-02,0.029350611894237686
 4.6451E-02,0.028128410701578635
 4.6472E-02,0.02634721972392388
 4.6493E-02,0.024100946831442087
 4.6513E-02,0.021489014104604413
 4.6534E-02,0.018611964567225716
 4.6555E-02,0.015571359109148301
 4.6576E-02,0.01247240774990371
 4.6597E-02,0.00942643067205284
 4.6618E-02,0.0065506080716282765
 4.6638E-02,0.003964030481784995
 4.6659E-02,0.0017807599167080405
 4.6680E-02,0.00010172861743057426
 4.6701E-02,-0.0009924679930539508
 4.6722E-02,-0.0014463918178325378
 4.6743E-02,-0.0012316981660072633
 4.6763E-02,-0.00034677128229750845
 4.6784E-02,0.0011845013514095583
 4.6805E-02,0.0033131775700800687
 4.6826E-02,0.005964054946569625
 4.6847E-02,0.009033431183831726
 4.6867E-02,0.012387919542586763
 4.6888E-02,0.015866966049788243
 4.6909E-02,0.019290922655686653
 4.6930E-02,0.0224746726945688
 4.6951E-02,0.025244637564687887
 4.6972E-02,0.027455428649670023
 4.6992E-02,0.02900234906720729
 4.7013E-02,0.02982759972541122
 4.7034E-02,0.029920259080195882
 4.7055E-02,0.02931135656692634
 4.7076E-02,0.02806539117235773
 4.7097E-02,0.02626949431644637
 4.7117E-02,0.024021982446380517
 4.7138E-02,0.021422965741091454
 4.7159E-02,0.018569681348069793
 4.7180E-02,0.01555741820997268
 4.7201E-02,0.012484112985295979
 4.7222E-02,0.009454906434710477
 4.7242E-02,0.006583315668962847
 4.7263E-02,0.00398762639385555
 4.7284E-02,0.001783327485562391
 4.7305E-02,7.391550554952902e-05
 4.7326E-02,-0.0010572621212875143
 4.7347E-02,-0.0015522040919530777
 4.7367E-02,-0.0013799262554756065
 4.7388E-02,-0.0005354875026768763
 4.7409E-02,0.0009616687502888525
 4.7430E-02,0.0030679204400401163
 4.7451E-02,0.005713151360922754
 4.7472E-02,0.008796821583833853
 4.7492E-02,0.012185199583629043
 4.7513E-02,0.015713169980531735
 4.7534E-02,0.019192929729074777
 4.7555E-02,0.022429478956924126
 4.7576E-02,0.02524012899215267
 4.7597E-02,0.02747342737743016
 4.7617E-02,0.02902294739701624
 4.7638E-02,0.029833493182645044
 4.7659E-02,0.029900045579926662
 4.7680E-02,0.02926130590149731
 4.7701E-02,0.027989606775104432
 4.7722E-02,0.02617856512136364
 4.7742E-02,0.023930335063530473
 4.7763E-02,0.02134536084762289
 4.7784E-02,0.018517617863397604
 4.7805E-02,0.015536370070182845
 4.7826E-02,0.012492308702034192
 4.7847E-02,0.009483834598519422
 4.7867E-02,0.006619598486227696
 4.7888E-02,0.004015593344183544
 4.7909E-02,0.0017875911897931832
 4.7930E-02,4.143489181979978e-05
 4.7951E-02,-0.0011358529682827015
 4.7971E-02,-0.001681929490207066
 4.7992E-02,-0.001561189904097785
 4.8013E-02,-0.0007638695096122925
 4.8034E-02,0.0006956646705761244
 4.8055E-02,0.002778941417700711
 4.8076E-02,0.00542035915774404
 4.8096E-02,0.008522022972196744
 4.8117E-02,0.011949635659967608
 4.8138E-02,0.015533499564454586
 4.8159E-02,0.0190774748436009
 4.8180E-02,0.02237594360774111
 4.8201E-02,0.02523567888858949
 4.8221E-02,0.027497331700470928
 4.8242E-02,0.02905116785448652
 4.8263E-02,0.02984400728208885
 4.8284E-02,0.02987757507166955
 4.8305E-02,0.02920040744380361
 4.8326E-02,0.027895483850525985
 4.8346E-02,0.026065371606479565
 4.8367E-02,0.023817260358212206
 4.8388E-02,0.021251424400398074
 4.8409E-02,0.01845662757786122
 4.8430E-02,0.015513555745892128
 4.8451E-02,0.012503532643249248
 4.8471E-02,0.009517254271773553
 4.8492E-02,0.006658788847970964
 4.8513E-02,0.004042858494745636
 4.8534E-02,0.001786512407693769
 4.8555E-02,-1.6646219252697096e-06
 4.8576E-02,-0.001231245723938322
 4.8596E-02,-0.0018360446613661541
 4.8617E-02,-0.001775899519104434
 4.8638E-02,-0.0010353631677530815
 4.8659E-02,0.0003780696726516761
 4.8680E-02,0.0024332942147537078
 4.8701E-02,0.005071015825790129
 4.8721E-02,0.008196567636774127
 4.8742E-02,0.011674108178355817
 4.8763E-02,0.015327080736314252
 4.8784E-02,0.018948202263133825
 4.8805E-02,0.02231882037882264
 4.8826E-02,0.025233807195964977
 4.8846E-02,0.027525774652918923
 4.8867E-02,0.029082446688015812
 4.8888E-02,0.029853784750444617
 4.8909E-02,0.02984929725016429
 4.8930E-02,0.02912819096616089
 4.8950E-02,0.027784893349775474
 4.8971E-02,0.025931879639888106
 4.8992E-02,0.023682442186184927
 4.9013E-02,0.021137509166431673
 4.9034E-02,0.018380722161044458
 4.9055E-02,0.015483222090165833
 4.9075E-02,0.012515038581269736
 4.9096E-02,0.009556814384522157
 4.9117E-02,0.0067060360800604984
 4.9138E-02,0.004075184014670448
 4.9159E-02,0.0017829347648021907
 4.9180E-02,-5.793236087343781e-05
 4.9200E-02,-0.0013516461592311376
 4.9221E-02,-0.0020264539199177055
 4.9242E-02,-0.0020365813810849886
 4.9263E-02,-0.0013605103489139634
 4.9284E-02,1.2514239444941667e-06
 4.9305E-02,0.00202529002953699
 4.9325E-02,0.004659367091554773
 4.9346E-02,0.007812978663858994
 4.9367E-02,0.0113492703685904
 4.9388E-02,0.01508433820979783
 4.9409E-02,0.018797962321414428
 4.9430E-02,0.022255612678282854
 4.9450E-02,0.025237136381777887
 4.9471E-02,0.027564721519053374
 4.9492E-02,0.029122761822718838
 4.9513E-02,0.02986546730614145
 4.9534E-02,0.029812737411991017
 4.9555E-02,0.029037673689073243
 4.9575E-02,0.027648988591529602
 4.9596E-02,0.02577073081860899
 4.9617E-02,0.023522450140421928
 4.9638E-02,0.0210045396451498
 4.9659E-02,0.0182935446573205
 4.9680E-02,0.015449017127697542
 4.9700E-02,0.012528162507802391
 4.9721E-02,0.00960077397583978
 4.9742E-02,0.0067575230053251185
 4.9763E-02,0.004108627634892857
 4.9784E-02,0.0017743419277351726
 4.9805E-02,-0.00012840561611421135
 4.9825E-02,-0.001498264776293854
 4.9846E-02,-0.002257086562938107
 4.9867E-02,-0.0023519357069615165
 4.9888E-02,-0.001753133081287498
 4.9909E-02,-0.0004519975836576248
 4.9930E-02,0.0015375217516503904
 4.9950E-02,0.004171102121608325
 4.9971E-02,0.007362070818128252
 4.9992E-02,0.010971081270890408
 5.0013E-02,0.014804616436752172
 5.0034E-02,0.018627006172740303
 5.0054E-02,0.022185581889539372
 5.0075E-02,0.02524346796409242
 5.0096E-02,0.02761142611710996
 5.0117E-02,0.029170263651650433
 5.0138E-02,0.029878956168666336
 5.0159E-02,0.029769096033295757
 5.0179E-02,0.028929727796776904
 5.0200E-02,0.027486427217567933
 5.0221E-02,0.025577402195752705
 5.0242E-02,0.023330288043142654
 5.0263E-02,0.020845287862034583
 5.0284E-02,0.018190387776427234
 5.0304E-02,0.015410613633217789
 5.0325E-02,0.012546882251163616
 5.0346E-02,0.009655299334470967
 5.0367E-02,0.006818347867899538
 5.0388E-02,0.004144274531241303
 5.0409E-02,0.0017564293069068653
 5.0429E-02,-0.00022215842860008259
 5.0450E-02,-0.0016829080068829921
 5.0471E-02,-0.002540251094501094
 5.0492E-02,-0.0027335193266634808
 5.0513E-02,-0.0022242386776944937
 5.0534E-02,-0.000993349404570011
 5.0554E-02,0.0009565031613271086
 5.0575E-02,0.0035909052705749896
 5.0596E-02,0.006828254217844568
 5.0617E-02,0.010526332978975062
 5.0638E-02,0.014479680738351163
 5.0659E-02,0.018433316225227744
 5.0679E-02,0.022112086036884082
 5.0700E-02,0.025258819674217257
 5.0721E-02,0.027671075231697727
 5.0742E-02,0.029226518576739906
 5.0763E-02,0.029891230012627622
 5.0784E-02,0.029711835119874724
 5.0804E-02,0.02879667639930243
 5.0825E-02,0.027290842054501593
 5.0846E-02,0.025348255097658104
 5.0867E-02,0.02310498116353334
 5.0888E-02,0.020660237941381363
 5.0909E-02,0.01807171830435591
 5.0929E-02,0.015367592998186751
 5.0950E-02,0.012570035726265957
 5.0971E-02,0.009719342990595653
 5.0992E-02,0.006888341003475948
 5.1013E-02,0.004182670244292424
 5.1033E-02,0.0017290468887383344
 5.1054E-02,-0.0003422679199903498
 5.1075E-02,-0.0019136458665069233
 5.1096E-02,-0.0028898817452127712
 5.1117E-02,-0.0032002834390841553
 5.1138E-02,-0.0027954736709768866
 5.1158E-02,-0.0016442141633451607
 5.1179E-02,0.0002635586354432975
 5.1200E-02,0.002904154456680637
 5.1221E-02,0.006200945122533464
 5.1242E-02,0.01000756689472522
 5.1263E-02,0.014104140032038415
 5.1283E-02,0.018213013718114787
 5.1304E-02,0.0220328797401448
 5.1325E-02,0.02528298101501897
 5.1346E-02,0.027745479184352863
 5.1367E-02,0.029294423086830588
 5.1388E-02,0.02990448225536988
 5.1408E-02,0.02964046921259327
 5.1429E-02,0.028634154076095587
 5.1450E-02,0.027054317871600165
 5.1471E-02,0.02507378655041001
 5.1492E-02,0.022838339681433496
 5.1513E-02,0.02044513628295179
 5.1533E-02,0.01793837101284901
 5.1554E-02,0.01532497610679
 5.1575E-02,0.012604225161177405
 5.1596E-02,0.00979790093796821
 5.1617E-02,0.0069684223593006
 5.1638E-02,0.00421973595988187
 5.1658E-02,0.0016837336887633647
 5.1679E-02,-0.000500175973323083
 5.1700E-02,-0.002203730474089266
 5.1721E-02,-0.0033207758908573156
 5.1742E-02,-0.0037691752004201193
 5.1763E-02,-0.0034867069754301455
 5.1783E-02,-0.0024273694054941022
 5.1804E-02,-0.0005655639137864623
 5.1825E-02,0.002087877883395553
 5.1846E-02,0.005461662861771762
 5.1867E-02,0.009403219308710879
 5.1888E-02,0.013673968767099882
 5.1908E-02,0.017968133811779034
 5.1929E-02,0.021953063240101246
 5.1950E-02,0.02532077032672057
 5.1971E-02,0.027836686500363944
 5.1992E-02,0.02937236140285178
 5.2013E-02,0.029914096555118966
 5.2033E-02,0.02954889598394313
 5.2054E-02,0.028436035867756605
 5.2075E-02,0.02677153932211863
 5.2096E-02,0.024749652893510683
 5.2117E-02,0.022526870136968635
 5.2137E-02,0.020197409821827526
 5.2158E-02,0.017789143092962947
 5.2179E-02,0.015283502496853387
 5.2200E-02,0.01265227872601037
 5.2221E-02,0.009895098036319848
 5.2242E-02,0.007062130997662171
 5.2262E-02,0.004255839417114748
 5.2283E-02,0.0016152265097534486
 5.2304E-02,-0.0007082098616496275
 5.2325E-02,-0.0025724250054388643
 5.2346E-02,-0.0038575270621895516
 5.2367E-02,-0.004467667415628462
 5.2387E-02,-0.00432581933358041
 5.2408E-02,-0.003369208281286502
 5.2429E-02,-0.0015545942135553798
 5.2450E-02,0.0011216900881635644
 5.2471E-02,0.004593886564062203
 5.2492E-02,0.008701195495062425
 5.2512E-02,0.013182036076101454
 5.2533E-02,0.017696699895930118
 5.2554E-02,0.021875226490706404
 5.2575E-02,0.025377687310400722
 5.2596E-02,0.027950511315364114
 5.2617E-02,0.029463615944534543
 5.2637E-02,0.029918724742269916
 5.2658E-02,0.029430596592612816
 5.2679E-02,0.028191918195743532
 5.2700E-02,0.026430943520753425
 5.2721E-02,0.02436635053581329
 5.2742E-02,0.02216567792516402
 5.2762E-02,0.01991773838522364
 5.2783E-02,0.017629339812475206
 5.2804E-02,0.015250633323027934
 5.2825E-02,0.01272079685955921
 5.2846E-02,0.010014176325973463
 5.2867E-02,0.007167984636363114
 5.2887E-02,0.004284485387131841
 5.2908E-02,0.0015122699445125295
 5.2929E-02,-0.0009821993986926128
 5.2950E-02,-0.00304029047624934
 5.2971E-02,-0.004525696111673362
 5.2992E-02,-0.00532611746641286
 5.3012E-02,-0.005346705072054224
 5.3033E-02,-0.004504612490138656
 5.3054E-02,-0.0027358968808634046
 5.3075E-02,-2.0684087361166458e-05
 5.3096E-02,0.003579951351656112
 5.3116E-02,0.007893063451672087
 5.3137E-02,0.012627701358002993
 5.3158E-02,0.017402956367749134
 5.3179E-02,0.021805184998032225
 5.3200E-02,0.02545837765659854
 5.3221E-02,0.028088791959770848
 5.3241E-02,0.02956673026866224
 5.3262E-02,0.029913954298191485
 5.3283E-02,0.029278897510367757
 5.3304E-02,0.02789366141714572
 5.3325E-02,0.0260239081921265
 5.3346E-02,0.023916122838835444
 5.3366E-02,0.021749543646443173
 5.3387E-02,0.019605022659847163
 5.3408E-02,0.017462735151087313
 5.3429E-02,0.015234240573924553
 5.3450E-02,0.012819283890031454
 5.3471E-02,0.01016265533430193
 5.3491E-02,0.007287764406337602
 5.3512E-02,0.004298931912971007
 5.3533E-02,0.001358551496583045
 5.3554E-02,-0.001347227411067662
 5.3575E-02,-0.003639075419133285
 5.3596E-02,-0.005361144777288292
 5.3616E-02,-0.006382210749127927
 5.3637E-02,-0.006587073146484039
 5.3658E-02,-0.005869716963196128
 5.3679E-02,-0.0041421856725082275
 5.3700E-02,-0.0013663137551999378
 5.3721E-02,0.002400619956647941
 5.3741E-02,0.006968814009979095
 5.3762E-02,0.012010081269104633
 5.3783E-02,0.017093248270376834
 5.3804E-02,0.021753101656336885
 5.3825E-02,0.025572659952914144
 5.3846E-02,0.028257167551568343
 5.3866E-02,0.029680820949020005
 5.3887E-02,0.029892245852218443
 5.3908E-02,0.02908154121537564
 5.3929E-02,0.027527530059626378
 5.3950E-02,0.025538770846547557
 5.3971E-02,0.02339224302324857
 5.3991E-02,0.02127811031511923
 5.4012E-02,0.01926499122389041
 5.4033E-02,0.01729925200734858
 5.4054E-02,0.01524543947413526
 5.4075E-02,0.012956746616979938
 5.4096E-02,0.010344577054682778
 5.4116E-02,0.007418475187541245
 5.4137E-02,0.004287867302212418
 5.4158E-02,0.0011338714895580905
 5.4179E-02,-0.0018322817302025372
 5.4200E-02,-0.004405721709908239
 5.4220E-02,-0.006407080145629089
 5.4241E-02,-0.007682822095637355
 5.4262E-02,-0.008094057780326371
 5.4283E-02,-0.007507975859000574
 5.4304E-02,-0.005809310542875206
 5.4325E-02,-0.002940388329500603
 5.4345E-02,0.001042662549317916
 5.4366E-02,0.005926270034320447
 5.4387E-02,0.011335207942281038
 5.4408E-02,0.016777926011383476
 5.4429E-02,0.021729769168999637
 5.4450E-02,0.025728612397153034
 5.4470E-02,0.028458865234031225
 5.4491E-02,0.029803357917389882
 5.4512E-02,0.029845693160020205
 5.4533E-02,0.028826696395297186
 5.4554E-02,0.027080098094182246
 5.4575E-02,0.024963563195929364
 5.4595E-02,0.022787455318245876
 5.4616E-02,0.020751403580748222
 5.4637E-02,0.018905844364752507
 5.4658E-02,0.01715367271842945
 5.4679E-02,0.015301469234126897
 5.4700E-02,0.013147304927646207
 5.4720E-02,0.010565600694759675
 5.4741E-02,0.007553665337962
 5.4762E-02,0.004231544396233582
 5.4783E-02,0.0008063957366697908
 5.4804E-02,-0.0024785120900415094
 5.4825E-02,-0.005387464901528902
 5.4845E-02,-0.00771391034506729
 5.4866E-02,-0.009279065513766291
 5.4887E-02,-0.009917009471907646
 5.4908E-02,-0.009463892517218547
 5.4929E-02,-0.007773136012466076
 5.4950E-02,-0.004766490955540282
 5.4970E-02,-0.0005031670146317868
 5.4991E-02,0.0047698502994479915
 5.5012E-02,0.010617572728296268
 5.5033E-02,0.016475959306467013
 5.5054E-02,0.021752633940057397
 5.5075E-02,0.02593722432917577
 5.5095E-02,0.028695624110781085
 5.5116E-02,0.029926861413927402
 5.5137E-02,0.029760229258240813
 5.5158E-02,0.028497757112859304
 5.5179E-02,0.02653651502460883
 5.5199E-02,0.024288960563455954
 5.5220E-02,0.022100507423970128
 5.5241E-02,0.020177053561247067
 5.5262E-02,0.018542917080827136
 5.5283E-02,0.01704574616421418
 5.5304E-02,0.015421506854603055
 5.5324E-02,0.013404076835719383
 5.5345E-02,0.010828088488597034
 5.5366E-02,0.007681874828938702
 5.5387E-02,0.004103704508541393
 5.5408E-02,0.000336262147009111
 5.5429E-02,-0.003336438971452499
 5.5449E-02,-0.006641524048414633
 5.5470E-02,-0.00934125787811108
 5.5491E-02,-0.011228735124168148
 5.5512E-02,-0.012107772272808785
 5.5533E-02,-0.01177924436512336
 5.5554E-02,-0.010061587301778856
 5.5574E-02,-0.006856328661109468
 5.5595E-02,-0.0022326430710999465
 5.5616E-02,0.003516361238829156
 5.5637E-02,0.009880882830071967
 5.5658E-02,0.016211550571279636
 5.5679E-02,0.021840892768676533
 5.5699E-02,0.02620890223670311
 5.5720E-02,0.028967346731681273
 5.5741E-02,0.030041543149144992
 5.5762E-02,0.029619507257974336
 5.5783E-02,0.02807623306457937
 5.5804E-02,0.025881072293353926
 5.5824E-02,0.023506833315965432
 5.5845E-02,0.02133432548915982
 5.5866E-02,0.01957001630495896
 5.5887E-02,0.018200918496021665
 5.5908E-02,0.0170041954708064
 5.5929E-02,0.01563026075500799
 5.5949E-02,0.013739965882803164
 5.5970E-02,0.011127870257747231
 5.5991E-02,0.007780144027112209
 5.6012E-02,0.0038643911932033344
 5.6033E-02,-0.000329125707043164
 5.6054E-02,-0.004465950489892766
 5.6074E-02,-0.008230123643567221
 5.6095E-02,-0.011349636988851013
 5.6116E-02,-0.013587150258975084
 5.6137E-02,-0.014712754884252959
 5.6158E-02,-0.014487078090398366
 5.6179E-02,-0.012689912495202215
 5.6199E-02,-0.00920501923545419
 5.6220E-02,-0.004122489162707571
 5.6241E-02,0.002201355913648605
 5.6262E-02,0.009164058442175684
 5.6283E-02,0.016018115681171497
 5.6303E-02,0.02201616051144276
 5.6324E-02,0.026550631231513643
 5.6345E-02,0.029267046613458154
 5.6366E-02,0.030130266904593143
 5.6387E-02,0.02940206187553955
 5.6408E-02,0.027542759762393388
 5.6428E-02,0.025101729072799894
 5.6449E-02,0.022616054222176125
 5.6470E-02,0.02050095947106423
 5.6491E-02,0.018954822717295636
 5.6512E-02,0.017912201743451504
 5.6533E-02,0.017061905855116972
 5.6553E-02,0.01595248703165042
 5.6574E-02,0.014163444192345654
 5.6595E-02,0.011452515799194925
 5.6616E-02,0.007814757017893945
 5.6637E-02,0.003461791874571605
 5.6658E-02,-0.0012534363342343773
 5.6678E-02,-0.005934790313383301
 5.6699E-02,-0.010217936993327983
 5.6720E-02,-0.013795664898239614
 5.6741E-02,-0.01639903657201446
 5.6762E-02,-0.017760971107931237
 5.6783E-02,-0.017597264171563372
 5.6803E-02,-0.01564633989611771
 5.6824E-02,-0.01177965329155548
 5.6845E-02,-0.006124185557383185
 5.6866E-02,0.0008795673345659847
 5.6887E-02,0.008517789065381406
 5.6908E-02,0.015933909959188162
 5.6928E-02,0.022299629647470967
 5.6949E-02,0.026965697327247733
 5.6970E-02,0.029582468416516586
 5.6991E-02,0.030171300680398205
 5.7012E-02,0.029084597496577054
 5.7033E-02,0.026878814177150493
 5.7053E-02,0.024191082940424605
 5.7074E-02,0.021625954809311
 5.7095E-02,0.01962707458505557
 5.7116E-02,0.01837170010426268
 5.7137E-02,0.017723135770297434
 5.7158E-02,0.017259338907345004
 5.7178E-02,0.01641046435863592
 5.7199E-02,0.014671766625741534
 5.7220E-02,0.011772833027395896
 5.7241E-02,0.007734530657202387
 5.7262E-02,0.0028321187857451675
 5.7282E-02,-0.002502626761584182
 5.7303E-02,-0.007802155870745936
 5.7324E-02,-0.012651908713117017
 5.7345E-02,-0.016710872670962648
 5.7366E-02,-0.019678465320715384
 5.7387E-02,-0.021246665822347
 5.7407E-02,-0.021080212787347726
 5.7428E-02,-0.018875553217549603
 5.7449E-02,-0.014503761162707154
 5.7470E-02,-0.008151228985534636
 5.7491E-02,-0.00036717708840176225
 5.7512E-02,0.00800554903603018
 5.7532E-02,0.01599647670254974
 5.7553E-02,0.022703092274823523
 5.7574E-02,0.027444505605023393
 5.7595E-02,0.029889197281480817
 5.7616E-02,0.03013598117138914
 5.7637E-02,0.028644946828764006
 5.7657E-02,0.026074670154214004
 5.7678E-02,0.02315521273760106
 5.7699E-02,0.020560833917181137
 5.7720E-02,0.01875254676971837
 5.7741E-02,0.017868699758689915
 5.7762E-02,0.017681091482503165
 5.7782E-02,0.017630489201623432
 5.7803E-02,0.017011877272035722
 5.7824E-02,0.015241871372147995
 5.7845E-02,0.012039693789155675
 5.7866E-02,0.007473157997475603
 5.7887E-02,0.0019049085926364801
 5.7907E-02,-0.00413605666967546
 5.7928E-02,-0.010107460064672622
 5.7949E-02,-0.015549430754827613
 5.7970E-02,-0.020089973177122678
 5.7991E-02,-0.0233982254600865
 5.8012E-02,-0.025121649075149542
 5.8032E-02,-0.024863642734785942
 5.8053E-02,-0.022278719326035513
 5.8074E-02,-0.017258705237276708
 5.8095E-02,-0.010080578994984735
 5.8116E-02,-0.0014305515687924302
 5.8137E-02,0.007702271110199681
 5.8157E-02,0.01623914979958186
 5.8178E-02,0.023222874363298316
 5.8199E-02,0.02795696472078413
 5.8220E-02,0.03014853094245444
 5.8241E-02,0.029994559907388908
 5.8262E-02,0.028068804948884963
 5.8282E-02,0.025134151435244972
 5.8303E-02,0.022018264668854117
 5.8324E-02,0.01945910854562973
 5.8345E-02,0.01792247584571096
 5.8366E-02,0.017493662327698896
 5.8386E-02,0.017826564813830107
 5.8407E-02,0.018197499027708154
 5.8428E-02,0.01775670214821283
 5.8449E-02,0.015848603092993845
 5.8470E-02,0.012202040284875579
 5.8491E-02,0.006963097046655526
 5.8511E-02,0.0006131270536005352
 5.8532E-02,-0.006205129792749052
 5.8553E-02,-0.012873165211519783
 5.8574E-02,-0.018892707254989566
 5.8595E-02,-0.02387510610257597
 5.8616E-02,-0.027466754668131615
 5.8636E-02,-0.02926376984962458
 5.8657E-02,-0.02880208056703601
 5.8678E-02,-0.025701012785191664
 5.8699E-02,-0.019895918103365516
 5.8720E-02,-0.011786193028797933
 5.8741E-02,-0.0022210554263727665
 5.8761E-02,0.0076587480742029545
 5.8782E-02,0.0166810775969035
 5.8803E-02,0.02385417198332928
 5.8824E-02,0.028482455014280005
 5.8845E-02,0.030331255618325646
 5.8866E-02,0.029718326137144632
 5.8886E-02,0.027340880910901075
 5.8907E-02,0.024066023791424574
 5.8928E-02,0.020818171542676053
 5.8949E-02,0.018388153129944514
 5.8970E-02,0.017223482423386543
 5.8991E-02,0.017329168465652273
 5.9011E-02,0.01821283082802075
 5.9032E-02,0.01896656296512465
 5.9053E-02,0.018600371399404545
 5.9074E-02,0.016413274986814292
 5.9095E-02,0.012176512530438615
 5.9116E-02,0.0061443404398214534
 5.9136E-02,-0.0010625459907851534
 5.9157E-02,-0.008682151265172728
 5.9178E-02,-0.0160290642925296
 5.9199E-02,-0.022582719138689488
 5.9220E-02,-0.02794658345965006
 5.9241E-02,-0.03174184815630363
 5.9261E-02,-0.033504824597149485
 5.9282E-02,-0.03270053481318809
 5.9303E-02,-0.028932297894759405
 5.9324E-02,-0.022218731281628788
 5.9345E-02,-0.013116807956953058
 5.9365E-02,-0.002652386477761037
 5.9386E-02,0.00789500476397473
 5.9407E-02,0.017293258315315183
 5.9428E-02,0.02454349689196885
 5.9449E-02,0.028965185878325472
 5.9470E-02,0.030401430915736386
 5.9490E-02,0.029304698739863022
 5.9511E-02,0.02648918289341748
 5.9532E-02,0.02292116039627408
 5.9553E-02,0.0196205226710568
 5.9574E-02,0.017414462767368168
 5.9595E-02,0.016709736726543675
 5.9615E-02,0.01740845012462631
 5.9636E-02,0.018843247580038833
 5.9657E-02,0.019906909717041604
 5.9678E-02,0.01948533704337488
 5.9699E-02,0.016865619635069724
 5.9720E-02,0.011897753269489716
 5.9740E-02,0.004978656982815601
 5.9761E-02,-0.0031115647746080607
 5.9782E-02,-0.011496294218786668
 5.9803E-02,-0.019445876381917398
 5.9824E-02,-0.026441955138613138
 5.9845E-02,-0.03209248633991611
 5.9865E-02,-0.03598891119758897
 5.9886E-02,-0.03759505241851838
 5.9907E-02,-0.03630555107548464
 5.9928E-02,-0.031737405940144146
 5.9949E-02,-0.02403685260648322
 5.9970E-02,-0.013946469703784431
 5.9990E-02,-0.0026679131996693427
 6.0011E-02,0.008410093097764604
 6.0032E-02,0.018041005830249146
 6.0053E-02,0.02524464510989077
 6.0074E-02,0.029362680933528847
 6.0095E-02,0.030334977271179057
 6.0115E-02,0.02875568250649914
 6.0136E-02,0.025538337732246286
 6.0157E-02,0.021743326202279714
 6.0178E-02,0.018483707253604906
 6.0199E-02,0.016598637584444003
 6.0220E-02,0.01642880112596494
 6.0240E-02,0.01775119735752613
 6.0261E-02,0.01969745620638143
 6.0282E-02,0.020959517072882083
 6.0303E-02,0.020331922502114522
 6.0324E-02,0.017131197739764608
 6.0345E-02,0.011324177132961659
 6.0365E-02,0.0034820150247941023
 6.0386E-02,-0.005446661294837691
 6.0407E-02,-0.014491505996723048
 6.0428E-02,-0.022913724432264443
 6.0449E-02,-0.030225078831696978
 6.0469E-02,-0.03604709148637751
 6.0490E-02,-0.03993164198475241
 6.0511E-02,-0.0412558679760546
 6.0532E-02,-0.039352339601120986
 6.0553E-02,-0.03389319251178792
 6.0574E-02,-0.025195584160508336
 6.0594E-02,-0.014199279668840527
 6.0615E-02,-0.0022620225255798147
 6.0636E-02,0.009164746100815437
 6.0657E-02,0.018869211738771423
 6.0678E-02,0.02590189099235611
 6.0699E-02,0.02963018020720938
 6.0719E-02,0.030113911940459304
 6.0740E-02,0.02808501620795053
 6.0761E-02,0.024531556384419746
 6.0782E-02,0.02060420653609325
 6.0803E-02,0.017494041855712412
 6.0824E-02,0.016016485033365415
 6.0844E-02,0.01642563986868896
 6.0865E-02,0.01835531508166149
 6.0886E-02,0.020719772186144646
 6.0907E-02,0.022032347458995818
 6.0928E-02,0.02104566739523848
 6.0949E-02,0.017148403775585394
 6.0969E-02,0.010457629212431499
 6.0990E-02,0.0017370735397272304
 6.1011E-02,-0.007909419638629005
 6.1032E-02,-0.017455511441552954
 6.1053E-02,-0.026191184261261338
 6.1074E-02,-0.03367938031022543
 6.1094E-02,-0.03955392068688392
 6.1115E-02,-0.043311562186440854
 6.1136E-02,-0.04423413364525769
 6.1157E-02,-0.04161494557880377
 6.1178E-02,-0.03523198156963052
 6.1199E-02,-0.025606865659900623
 6.1219E-02,-0.013867172307722792
 6.1240E-02,-0.0014881316838488128
 6.1261E-02,0.010076613429653037
 6.1282E-02,0.019696394080538044
 6.1303E-02,0.026451527426220284
 6.1324E-02,0.029739883223516853
 6.1344E-02,0.029759236808168582
 6.1365E-02,0.0273525521041176
 6.1386E-02,0.023550916302407826
 6.1407E-02,0.01959284451472209
 6.1428E-02,0.016723265016823963
 6.1448E-02,0.015702735922874432
 6.1469E-02,0.01669241376106717
 6.1490E-02,0.01917054473574272
 6.1511E-02,0.021830413140528884
 6.1532E-02,0.023044779478697135
 6.1553E-02,0.021572753877842854
 6.1573E-02,0.01691015677241378
 6.1594E-02,0.009352674258930185
 6.1615E-02,-0.00013596549193084506
 6.1636E-02,-0.010323711414958506
 6.1657E-02,-0.020172373895965545
 6.1678E-02,-0.029038975469092395
 6.1698E-02,-0.03655605727289995
 6.1719E-02,-0.04236533363651528
 6.1740E-02,-0.045894427716646445
 6.1761E-02,-0.04632853320802423
 6.1782E-02,-0.042952255293218104
 6.1803E-02,-0.03569450292552639
 6.1823E-02,-0.025290790465544746
 6.1844E-02,-0.013025275028290836
 6.1865E-02,-0.0004423037912195029
 6.1886E-02,0.01106276277858862
 6.1907E-02,0.02046650366140467
 6.1928E-02,0.026861890110081665
 6.1948E-02,0.0296905375057303
 6.1969E-02,0.029300907622592954
 6.1990E-02,0.026605891100095903
 6.2011E-02,0.022655986885845632
 6.2032E-02,0.01877337482421179
 6.2053E-02,0.016218108602444464
 6.2073E-02,0.015670859290969643
 6.2094E-02,0.01720238010094203
 6.2115E-02,0.020126860798129757
 6.2136E-02,0.02293319774739773
 6.2157E-02,0.023909933658189914
 6.2178E-02,0.021869068721932578
 6.2198E-02,0.016439847965414096
 6.2219E-02,0.008111366658103789
 6.2240E-02,-0.0019674379240425532
 6.2261E-02,-0.012479884240892974
 6.2282E-02,-0.022421326598815162
 6.2303E-02,-0.03124495878625111
 6.2323E-02,-0.038659239262340196
 6.2344E-02,-0.044303584943649624
 6.2365E-02,-0.04752730718113337
 6.2386E-02,-0.04742824102367579
 6.2407E-02,-0.04331850399169854
 6.2428E-02,-0.03530889930139602
 6.2448E-02,-0.02433206919068342
 6.2469E-02,-0.011784924390796609
 6.2490E-02,0.0007688956112490587
 6.2511E-02,0.012044177785686224
 6.2532E-02,0.021127853032088265
 6.2552E-02,0.02710643899350253
 6.2573E-02,0.02949074333505944
 6.2594E-02,0.028777374555002337
 6.2615E-02,0.025898601452967806
 6.2636E-02,0.021909365119498897
 6.2657E-02,0.018198982949904147
 6.2677E-02,0.015996639882793824
 6.2698E-02,0.015895623401494124
 6.2719E-02,0.01788763222133911
 6.2740E-02,0.021124031197692572
 6.2761E-02,0.02392861677083499
 6.2782E-02,0.024566448219925267
 6.2802E-02,0.021934250369061575
 6.2823E-02,0.015807945312455142
 6.2844E-02,0.006867515008825809
 6.2865E-02,-0.0035883511977875208
 6.2886E-02,-0.014207189201631042
 6.2907E-02,-0.024051652406720185
 6.2927E-02,-0.03268445351687834
 6.2948E-02,-0.039886150413346165
 6.2969E-02,-0.045285876655947556
 6.2990E-02,-0.04815704005637279
 6.3000E-02,-0.04837485494706983
