  0.000,0.0
  1.000,0.010595607223304163
  0.000,0.010595607223304163
 1.8260E-05,0.011085906683189381
 3.6520E-05,0.012511399140434394
 5.4780E-05,0.01472416190155704
 7.3040E-05,0.01797099534275605
 9.1300E-05,0.021346134161489966
 1.0956E-04,0.023762701449601166
 1.2782E-04,0.024749161280645852
 1.4608E-04,0.024195209103183023
 1.6434E-04,0.022117934085748057
 1.8260E-04,0.01919688104972104
 2.0086E-04,0.01657512955144936
 2.1912E-04,0.014720985147725867
 2.3738E-04,0.013545416740705316
 2.5564E-04,0.012954283851468715
 2.7390E-04,0.012394063540223302
 2.9216E-04,0.010961502034028075
 3.1042E-04,0.008389912240258415
 3.2868E-04,0.005106196966598614
 3.4694E-04,0.0015978210795962737
 3.6520E-04,-0.001442956088857686
 3.8346E-04,-0.003076405518759631
 4.0172E-04,-0.0029608169991184657
 4.1998E-04,-0.0015272029581401931
 4.3824E-04,0.0006693348678343336
 4.5650E-04,0.0030034361662182717
 4.7476E-04,0.004732495034846771
 4.9302E-04,0.005599943764973577
 5.1128E-04,0.0060582173200932924
 5.2954E-04,0.006710405753041424
 5.4780E-04,0.008035683561638163
 5.6606E-04,0.010436487591645473
 5.8432E-04,0.013878905780393497
 6.0258E-04,0.017675554467716383
 6.2084E-04,0.020952386002239122
 6.3910E-04,0.02308784728842354
 6.5736E-04,0.023717289065678396
 6.7562E-04,0.02285785359280304
 6.9388E-04,0.021123796259615763
 7.1214E-04,0.019341288494763253
 7.3040E-04,0.01800219476514606
 7.4866E-04,0.017274428917499175
 7.6692E-04,0.017017739347194097
 7.8518E-04,0.016632004971423694
 8.0344E-04,0.015408681499620578
 8.2170E-04,0.013055061205617977
 8.3996E-04,0.009707942099995889
 8.5822E-04,0.005820776115359853
 8.7648E-04,0.0021819336493955318
 8.9474E-04,-0.00038873403517177734
 9.1300E-04,-0.0015080795657458352
 9.3126E-04,-0.0012927412337893985
 9.4952E-04,-0.00017900504841822807
 9.6778E-04,0.0011811668968050382
 9.8604E-04,0.0021549735805300903
 1.0043E-03,0.002514743484540779
 1.0226E-03,0.0025310091240686524
 1.0408E-03,0.0027224638314803256
 1.0591E-03,0.0036548298410010787
 1.0773E-03,0.005759049919672127
 1.0956E-03,0.009023117069080232
 1.1139E-03,0.012917431812756366
 1.1321E-03,0.016690055000697427
 1.1504E-03,0.01963999524157243
 1.1686E-03,0.021285109432463884
 1.1869E-03,0.021588944760474866
 1.2052E-03,0.021005853010929623
 1.2234E-03,0.020177269998160125
 1.2417E-03,0.019621275628755926
 1.2599E-03,0.01958611868090224
 1.2782E-03,0.019920461988433946
 1.2965E-03,0.02008425749759679
 1.3147E-03,0.01945173618081966
 1.3330E-03,0.01763877623921295
 1.3512E-03,0.01463303652710105
 1.3695E-03,0.010829334474381695
 1.3878E-03,0.006954648679734032
 1.4060E-03,0.003769942315609596
 1.4243E-03,0.001740964554411614
 1.4425E-03,0.0009200016440323183
 1.4608E-03,0.0009827796148349894
 1.4791E-03,0.0013524448511714354
 1.4973E-03,0.0014720902812759324
 1.5156E-03,0.0011047327140631974
 1.5338E-03,0.0004214241401751628
 1.5521E-03,-0.00010807667845010895
 1.5704E-03,0.00010892398336655163
 1.5886E-03,0.001532388804563978
 1.6069E-03,0.004228282013491054
 1.6251E-03,0.00781817518881632
 1.6434E-03,0.01164439436066362
 1.6617E-03,0.014991999704115947
 1.6799E-03,0.017333948460150503
 1.6982E-03,0.018548125361648914
 1.7164E-03,0.018934278037854673
 1.7347E-03,0.019017065189666966
 1.7530E-03,0.019299285405791216
 1.7712E-03,0.02004560305356881
 1.7895E-03,0.021134164461704012
 1.8077E-03,0.022089721779581344
 1.8260E-03,0.022312954969530868
 1.8443E-03,0.021348547219150082
 1.8625E-03,0.019073823128449782
 1.8808E-03,0.01578164132724923
 1.8990E-03,0.012099203551995341
 1.9173E-03,0.008735218079614079
 1.9356E-03,0.00620460413266462
 1.9538E-03,0.004668603272638975
 1.9721E-03,0.003907349810050309
 1.9903E-03,0.0034369026990371684
 2.0086E-03,0.0027625572386342006
 2.0269E-03,0.0016335490980223723
 2.0451E-03,0.00015854060530740835
 2.0634E-03,-0.0012310748497421455
 2.0816E-03,-0.0019437280903723583
 2.0999E-03,-0.0014848931498487755
 2.1182E-03,0.00031056351816062945
 2.1364E-03,0.0032020130504724752
 2.1547E-03,0.00663230992202804
 2.1729E-03,0.009926424285587059
 2.1912E-03,0.012544845277375385
 2.2095E-03,0.01428779916333954
 2.2277E-03,0.015335633459316801
 2.2460E-03,0.016120219226619804
 2.2642E-03,0.017107192274971674
 2.2825E-03,0.01856577444219944
 2.3008E-03,0.020414841206280614
 2.3190E-03,0.02223517049790434
 2.3373E-03,0.023443513438321226
 2.3555E-03,0.023531972415053982
 2.3738E-03,0.022279123190796085
 2.3921E-03,0.019858250897248488
 2.4103E-03,0.01677990402609818
 2.4286E-03,0.013686272899420487
 2.4468E-03,0.011104939983102618
 2.4651E-03,0.009264884286682394
 2.4834E-03,0.008034671952260338
 2.5016E-03,0.007016582749612399
 2.5199E-03,0.005764619601864598
 2.5381E-03,0.004016102987150972
 2.5564E-03,0.0018323973752767527
 2.5747E-03,-0.00039782561996658554
 2.5929E-03,-0.002098398950810402
 2.6112E-03,-0.002740380358546349
 2.6294E-03,-0.0020624296796355017
 2.6477E-03,-0.00017643521341095944
 2.6660E-03,0.002474842926173406
 2.6842E-03,0.0052884503844726
 2.7025E-03,0.0077383111273766955
 2.7207E-03,0.009574123284896374
 2.7390E-03,0.010889658920212417
 2.7573E-03,0.01204052791153432
 2.7755E-03,0.013453682692968896
 2.7938E-03,0.015403733543673814
 2.8120E-03,0.017853904575104964
 2.8303E-03,0.020439766421256656
 2.8486E-03,0.022599704863713994
 2.8668E-03,0.023790712043634452
 2.8851E-03,0.02370399659906592
 2.9033E-03,0.02239084370038848
 2.9216E-03,0.020237904761514772
 2.9399E-03,0.017804496907452626
 2.9581E-03,0.015598839309462318
 2.9764E-03,0.0138852428953557
 2.9946E-03,0.012599764251673484
 3.0129E-03,0.01141388306165955
 3.0312E-03,0.009917582600083272
 3.0494E-03,0.007835350646188234
 3.0677E-03,0.005181927728080956
 3.0859E-03,0.0022940082037000917
 3.1042E-03,-0.0002799443955942807
 3.1225E-03,-0.001987559773172675
 3.1407E-03,-0.002485333622594532
 3.1590E-03,-0.0017659580630085261
 3.1772E-03,-0.00015138483381062868
 3.1955E-03,0.0018458000517295316
 3.2138E-03,0.0037360276342333926
 3.2320E-03,0.005247048933023156
 3.2503E-03,0.006414681728902701
 3.2685E-03,0.007536051991160179
 3.2868E-03,0.00900727764114141
 3.3051E-03,0.011114097745419509
 3.3233E-03,0.013868757250463085
 3.3416E-03,0.016966886256498042
 3.3598E-03,0.019881545121654534
 3.3781E-03,0.022054358751468345
 3.3964E-03,0.023105618530776258
 3.4146E-03,0.022973667703474258
 3.4329E-03,0.021922433591536103
 3.4511E-03,0.0204167747840782
 3.4694E-03,0.018921975661821595
 3.4877E-03,0.01771205076570537
 3.5059E-03,0.016768398551135627
 3.5242E-03,0.015813135079288172
 3.5424E-03,0.014460346910292037
 3.5607E-03,0.012416646817296989
 3.5790E-03,0.009644416230276594
 3.5972E-03,0.006417114990966718
 3.6155E-03,0.003240200457752403
 3.6337E-03,0.0006707444735859739
 3.6520E-03,-0.0008861767486904506
 3.6703E-03,-0.0013191974431246418
 3.6885E-03,-0.0008329454698917339
 3.7068E-03,0.0001579472306883613
 3.7250E-03,0.0012169432522375631
 3.7433E-03,0.0020731524397687487
 3.7616E-03,0.0027280471428677636
 3.7798E-03,0.0034375572474143563
 3.7981E-03,0.004577906024383501
 3.8163E-03,0.0064535059751753224
 3.8346E-03,0.009131860282044994
 3.8529E-03,0.01237790424377961
 3.8711E-03,0.01571604895617512
 3.8894E-03,0.018594833225348464
 3.9076E-03,0.020585884339272754
 3.9259E-03,0.02153254969149663
 3.9442E-03,0.02158530175326784
 3.9624E-03,0.021111337430165928
 3.9807E-03,0.020519123707586923
 3.9989E-03,0.020073728358436443
 4.0172E-03,0.0197830527154802
 4.0355E-03,0.01940408650599422
 4.0537E-03,0.018564864471758112
 4.0720E-03,0.01694806562491927
 4.0902E-03,0.014456674447502585
 4.1085E-03,0.011289252673754316
 4.1268E-03,0.007890902065920741
 4.1450E-03,0.004800548984090096
 4.1633E-03,0.0024596144117073953
 4.1815E-03,0.0010621150190604982
 4.1998E-03,0.0005081119786346916
 4.2181E-03,0.00047865873206605797
 4.2363E-03,0.0005980352310315017
 4.2546E-03,0.0006118217440792165
 4.2728E-03,0.0005039916852456125
 4.2911E-03,0.0005030806840972933
 4.3094E-03,0.000974983101395065
 4.3276E-03,0.0022492203318626313
 4.3459E-03,0.004454582155054068
 4.3641E-03,0.007435352219590352
 4.3824E-03,0.010784547706278815
 4.4007E-03,0.013981262081317138
 4.4189E-03,0.01657476527156229
 4.4372E-03,0.01833757777325153
 4.4554E-03,0.019323486805199536
 4.4737E-03,0.019807889979833276
 4.4920E-03,0.02013810188890218
 4.5102E-03,0.020559553960464542
 4.5285E-03,0.021093996927760286
 4.5467E-03,0.021522610804070825
 4.5650E-03,0.02148084077924254
 4.5833E-03,0.020623660292357383
 4.6015E-03,0.01878973474894122
 4.6198E-03,0.01609302725559853
 4.6380E-03,0.01290166653679522
 4.6563E-03,0.009712856231486646
 4.6746E-03,0.0069769383819601495
 4.6928E-03,0.004944620664237792
 4.7111E-03,0.003600912043173938
 4.7293E-03,0.0027118194841277247
 4.7476E-03,0.001961252015985097
 4.7659E-03,0.001117302866400918
 4.7841E-03,0.00015533079972998869
 4.8024E-03,-0.0007156885952443306
 4.8206E-03,-0.0011351543444528978
 4.8389E-03,-0.0007457104644069726
 4.8572E-03,0.0006458644249559839
 4.8754E-03,0.002970841340273286
 4.8937E-03,0.005905913767008169
 4.9119E-03,0.008983289394809389
 4.9302E-03,0.01175729024083021
 4.9485E-03,0.013957224136116133
 4.9667E-03,0.015562630173766714
 4.9850E-03,0.01677067230067649
 5.0032E-03,0.017871826577114742
 5.0215E-03,0.01908937818196962
 5.0398E-03,0.02045351537806998
 5.0580E-03,0.021765245152121325
 5.0763E-03,0.022666155504357473
 5.0945E-03,0.02278434069797853
 5.1128E-03,0.02189382898639744
 5.1311E-03,0.020018758621885412
 5.1493E-03,0.017437362390616558
 5.1676E-03,0.01458406652311282
 5.1858E-03,0.01189151797862717
 5.2041E-03,0.009639499552518836
 5.2224E-03,0.00787403654274569
 5.2406E-03,0.006429224478058621
 5.2589E-03,0.005039890448993634
 5.2771E-03,0.003494460329781098
 5.2954E-03,0.0017606440168881296
 5.3137E-03,2.8645977383229358e-05
 5.3319E-03,-0.001347478546569134
 5.3502E-03,-0.0019855097291069965
 5.3684E-03,-0.0016298999659191426
 5.3867E-03,-0.0002598791484074872
 5.4050E-03,0.0018950734870389638
 5.4232E-03,0.004438913867832088
 5.4415E-03,0.006956305416205773
 5.4597E-03,0.009161148516132464
 5.4780E-03,0.010983994762436732
 5.4963E-03,0.012562570324568575
 5.5145E-03,0.014141517498974021
 5.5328E-03,0.01592659975412395
 5.5510E-03,0.017957983914610717
 5.5693E-03,0.020058569850856862
 5.5876E-03,0.021880733559960463
 5.6058E-03,0.023032348597785093
 5.6241E-03,0.023228632547386056
 5.6423E-03,0.02240504424884833
 5.6606E-03,0.02074317661876124
 5.6789E-03,0.018599018940654164
 5.6971E-03,0.016364730533649688
 5.7154E-03,0.014323131214394939
 5.7336E-03,0.012556482169133371
 5.7519E-03,0.010947028538526476
 5.7702E-03,0.009266912831157699
 5.7884E-03,0.007316664345396337
 5.8067E-03,0.005050816914454718
 5.8249E-03,0.002635065037403549
 5.8432E-03,0.000409204538499863
 5.8615E-03,-0.001229106542189911
 5.8797E-03,-0.001970738530016927
 5.8980E-03,-0.001709876613508642
 5.9162E-03,-0.0005790982146366497
 5.9345E-03,0.0011093787348965562
 5.9528E-03,0.002990623305160183
 5.9710E-03,0.004787801939416095
 5.9893E-03,0.00640719615537126
 6.0075E-03,0.007947885473900296
 6.0258E-03,0.009623601223981567
 6.0441E-03,0.01163222724547127
 6.0623E-03,0.014030870161682502
 6.0806E-03,0.01667180377535419
 6.0988E-03,0.019228264303250114
 6.1171E-03,0.021300371690252604
 6.1354E-03,0.022556899207706677
 6.1536E-03,0.022853074751977183
 6.1719E-03,0.02227483854185006
 6.1901E-03,0.02109157766697856
 6.2084E-03,0.019638577248715566
 6.2267E-03,0.018180237763665008
 6.2449E-03,0.016812664363525368
 6.2632E-03,0.015446520249108793
 6.2814E-03,0.013875975378370738
 6.2997E-03,0.011902336873639507
 6.3180E-03,0.009457437177759568
 6.3362E-03,0.006672124738122643
 6.3545E-03,0.003859075767282296
 6.3727E-03,0.0014161762987704289
 6.3910E-03,-0.00030919656939360765
 6.4093E-03,-0.0011381426864642999
 6.4275E-03,-0.0011114709493383146
 6.4458E-03,-0.0004538201176557074
 6.4640E-03,0.0005327074128385414
 6.4823E-03,0.0015991208894481567
 6.5006E-03,0.0026482733220142655
 6.5188E-03,0.0037599293226629315
 6.5371E-03,0.005132470076210948
 6.5553E-03,0.006967669902575555
 6.5736E-03,0.009349519773012047
 6.5919E-03,0.01217057332374735
 6.6101E-03,0.015138852832532584
 6.6284E-03,0.017863800937783197
 6.6466E-03,0.01998585856013617
 6.6649E-03,0.021295505800354636
 6.6832E-03,0.021792116089365484
 6.7014E-03,0.02165884783473487
 6.7197E-03,0.021165835153062515
 6.7379E-03,0.02054447582805824
 6.7562E-03,0.019887452027933877
 6.7745E-03,0.019117330797991182
 6.7927E-03,0.018036493434916548
 6.8110E-03,0.016435788425875356
 6.8292E-03,0.014213870831055062
 6.8475E-03,0.011454586744863337
 6.8658E-03,0.008427918572521693
 6.8840E-03,0.0055129721596256405
 6.9023E-03,0.0030749016203592623
 6.9205E-03,0.0013471283086699303
 6.9388E-03,0.00036754683153861884
 6.9571E-03,-5.940608875628153e-06
 6.9753E-03,-9.081558079012964e-06
 6.9936E-03,0.00014743770966471785
 7.0118E-03,0.00037731866428893134
 7.0301E-03,0.000755746726941151
 7.0484E-03,0.0014786642862228785
 7.0666E-03,0.0027624349795144325
 7.0849E-03,0.0047278923417921285
 7.1031E-03,0.007319520116575736
 7.1214E-03,0.010295502904378043
 7.1397E-03,0.013294136668033989
 7.1579E-03,0.015949520618615105
 7.1762E-03,0.018008453046623366
 7.1944E-03,0.019400038344652534
 7.2127E-03,0.020229914935374398
 7.2310E-03,0.020703441564816304
 7.2492E-03,0.021012559689935154
 7.2675E-03,0.021236237590835448
 7.2857E-03,0.021297963186684414
 7.3040E-03,0.020998644735964817
 7.3223E-03,0.020110411555936777
 7.3405E-03,0.018490326322828102
 7.3588E-03,0.01616430704449786
 7.3770E-03,0.013344341232268391
 7.3953E-03,0.010370761625452859
 7.4136E-03,0.007603433930491833
 7.4318E-03,0.00530729231946741
 7.4501E-03,0.003579588141495741
 7.4683E-03,0.002347934284906589
 7.4866E-03,0.001437785941018347
 7.5049E-03,0.0006784621387395139
 7.5231E-03,7.280701969390518e-07
 7.5414E-03,-0.000516885691399025
 7.5596E-03,-0.0006733217803268683
 7.5779E-03,-0.0002309567027765133
 7.5962E-03,0.0009748458436242462
 7.6144E-03,0.002949939726933083
 7.6327E-03,0.0055166302254136285
 7.6509E-03,0.008361266441111903
 7.6692E-03,0.011134813732934038
 7.6875E-03,0.013564614626528679
 7.7057E-03,0.015530997017218384
 7.7240E-03,0.017077689039963727
 7.7422E-03,0.018353579807977752
 7.7605E-03,0.0195128524974678
 7.7788E-03,0.02061815728902436
 7.7970E-03,0.021589751814231638
 7.8153E-03,0.022223302301281347
 7.8335E-03,0.022269109482645752
 7.8518E-03,0.02153879023549341
 7.8701E-03,0.019993408796109068
 7.8883E-03,0.01777489777001404
 7.9066E-03,0.015166915797683275
 7.9248E-03,0.012501459372162824
 7.9431E-03,0.010050480450733092
 7.9614E-03,0.007947646785313966
 7.9796E-03,0.0061719120675034055
 7.9979E-03,0.004597745620736899
 8.0161E-03,0.003088286630342229
 8.0344E-03,0.0015895336418156334
 8.0527E-03,0.0001836448378894945
 8.0709E-03,-0.0009225729228216051
 8.0892E-03,-0.001469707681431422
 8.1074E-03,-0.001247837674281294
 8.1257E-03,-0.00018521579986751648
 8.1440E-03,0.0016142604003942353
 8.1622E-03,0.0039008713721023812
 8.1805E-03,0.006363802442810081
 8.1987E-03,0.008735278624853585
 8.2170E-03,0.01087068353884702
 8.2353E-03,0.012771886645834125
 8.2535E-03,0.014545657428347541
 8.2718E-03,0.016317057937328395
 8.2900E-03,0.018136974756611315
 8.3083E-03,0.019925220019221097
 8.3266E-03,0.021475024970865293
 8.3448E-03,0.022518057884854822
 8.3631E-03,0.022822810611700165
 8.3813E-03,0.022284617738984783
 8.3996E-03,0.02096899357089372
 8.4179E-03,0.019089916286386722
 8.4361E-03,0.016932476919683706
 8.4544E-03,0.014752862224206728
 8.4726E-03,0.012697818474000849
 8.4909E-03,0.010776763653911682
 8.5092E-03,0.00889664814568374
 8.5274E-03,0.00694252806565704
 8.5457E-03,0.004867246417089666
 8.5639E-03,0.002749942476360774
 8.5822E-03,0.0007968170255956389
 8.6005E-03,-0.0007173292221444795
 8.6187E-03,-0.001542673902420712
 8.6370E-03,-0.0015438556074971821
 8.6552E-03,-0.0007478855310522436
 8.6735E-03,0.0006693249698819469
 8.6918E-03,0.002451678725915121
 8.7100E-03,0.004357506822068463
 8.7283E-03,0.00624013321191676
 8.7465E-03,0.008080926787175754
 8.7648E-03,0.009962157899840052
 8.7831E-03,0.011993085241169479
 8.8013E-03,0.014222872211800986
 8.8196E-03,0.016579516511667253
 8.8378E-03,0.018862652716888906
 8.8561E-03,0.020794786549245523
 8.8744E-03,0.022110258339613987
 8.8926E-03,0.02264485544858206
 8.9109E-03,0.02238856100189125
 8.9291E-03,0.02147964463487453
 8.9474E-03,0.020143353250470623
 8.9657E-03,0.01860195830023572
 8.9839E-03,0.016994709330926193
 9.0022E-03,0.015341361111368126
 9.0204E-03,0.013563662302648214
 9.0387E-03,0.011553931728083978
 9.0570E-03,0.00925948271594838
 9.0752E-03,0.006744895561484788
 9.0935E-03,0.00420381788693003
 9.1117E-03,0.0019138309916375495
 9.1300E-03,0.00015245290889526674
 9.1483E-03,-0.0008910177883133627
 9.1665E-03,-0.0011714175671217976
 9.1848E-03,-0.0007887860925340444
 9.2030E-03,6.475836544316395e-05
 9.2213E-03,0.0011888904610273207
 9.2396E-03,0.0024535944193291156
 9.2578E-03,0.003839048984537856
 9.2761E-03,0.005420655072993267
 9.2943E-03,0.0073068945676899874
 9.3126E-03,0.009558175169684848
 9.3309E-03,0.012123056878223178
 9.3491E-03,0.014820801336210039
 9.3674E-03,0.0173792973145217
 9.3856E-03,0.019513632503165797
 9.4039E-03,0.021013088129129717
 9.4222E-03,0.02180064878572747
 9.4404E-03,0.021940856283865703
 9.4587E-03,0.021593926380239454
 9.4769E-03,0.020936906567358464
 9.4952E-03,0.020086389875379432
 9.5135E-03,0.019056057064130112
 9.5317E-03,0.01776677060422603
 9.5500E-03,0.01610389850831956
 9.5682E-03,0.013995960772502078
 9.5865E-03,0.01147940529886272
 9.6048E-03,0.008720283833587177
 9.6230E-03,0.0059821670231255215
 9.6413E-03,0.0035527193413138975
 9.6595E-03,0.0016589681953449694
 9.6778E-03,0.00040594665628647343
 9.6961E-03,-0.0002367625134530951
 9.7143E-03,-0.000396508088282091
 9.7326E-03,-0.00022497141771183693
 9.7508E-03,0.00017647447061090304
 9.7691E-03,0.0008010610213691157
 9.7874E-03,0.0017317174520150788
 9.8056E-03,0.003089646094624308
 9.8239E-03,0.004959330468694598
 9.8421E-03,0.007323223227754836
 9.8604E-03,0.010035335334065046
 9.8787E-03,0.01284639179896187
 9.8969E-03,0.01547123864308117
 9.9152E-03,0.017671170364404232
 9.9334E-03,0.019317510675817915
 9.9517E-03,0.02041086111691749
 9.9700E-03,0.02104945918692127
 9.9882E-03,0.02136182485465382
 1.0006E-02,0.021433915365345193
 1.0025E-02,0.021262901512629096
 1.0043E-02,0.020757707397335352
 1.0061E-02,0.01978587480484697
 1.0080E-02,0.01824603034920937
 1.0098E-02,0.016133982605401775
 1.0116E-02,0.013573081596534586
 1.0134E-02,0.010794761306049883
 1.0153E-02,0.008076487541713242
 1.0171E-02,0.005662412094064223
 1.0189E-02,0.00369914660862445
 1.0207E-02,0.0022123003104742196
 1.0226E-02,0.0011318348850384962
 1.0244E-02,0.00035348771616095995
 1.0262E-02,-0.00019161894832542574
 1.0280E-02,-0.0004901262666373832
 1.0299E-02,-0.0004430445734355951
 1.0317E-02,9.256366626332689e-05
 1.0335E-02,0.0012348787362379695
 1.0353E-02,0.003011476307763516
 1.0372E-02,0.0053251837055064595
 1.0390E-02,0.007967110768749269
 1.0408E-02,0.01067236103505541
 1.0426E-02,0.01319588887435006
 1.0445E-02,0.015377546949463559
 1.0463E-02,0.01717017566678684
 1.0481E-02,0.01862056069229556
 1.0500E-02,0.019813329104755573
 1.0518E-02,0.020803618427181595
 1.0536E-02,0.021568856121724597
 1.0554E-02,0.022001357759229505
 1.0573E-02,0.02194548338201227
 1.0591E-02,0.021263562987134527
 1.0609E-02,0.019902133148154085
 1.0627E-02,0.017929672196439136
 1.0646E-02,0.015529109944678625
 1.0664E-02,0.012947648189521295
 1.0682E-02,0.01042449528667182
 1.0700E-02,0.008126216719912463
 1.0719E-02,0.0061157270944876
 1.0737E-02,0.004366226973522735
 1.0755E-02,0.002812036114395012
 1.0773E-02,0.0014125964991703044
 1.0792E-02,0.00020057751981171663
 1.0810E-02,-0.0007077770439116957
 1.0828E-02,-0.001145339001272057
 1.0846E-02,-0.0009563280197635262
 1.0865E-02,-6.169601924690699e-05
 1.0883E-02,0.0015002706843067195
 1.0901E-02,0.0035756824585495644
 1.0919E-02,0.005938838375222598
 1.0938E-02,0.008360146297986724
 1.0956E-02,0.010670250160595657
 1.0974E-02,0.012794379983543536
 1.0993E-02,0.014743961309107701
 1.1011E-02,0.016571011988697128
 1.1029E-02,0.018306833979088253
 1.1047E-02,0.01991309949555034
 1.1066E-02,0.02126784219141139
 1.1084E-02,0.022193557595613644
 1.1102E-02,0.022516213240672597
 1.1120E-02,0.022130399535988544
 1.1139E-02,0.021042967552380575
 1.1157E-02,0.019376539654071063
 1.1175E-02,0.017331310466188295
 1.1193E-02,0.015121179978686346
 1.1212E-02,0.012910867244855637
 1.1230E-02,0.010779747345724412
 1.1248E-02,0.008726256372617423
 1.1266E-02,0.006709040721597679
 1.1285E-02,0.004705209110689295
 1.1303E-02,0.0027588360506680806
 1.1321E-02,0.000997292618180739
 1.1339E-02,-0.0003929364746616628
 1.1358E-02,-0.0012216719359319152
 1.1376E-02,-0.0013588544305474948
 1.1394E-02,-0.0007801783345549928
 1.1413E-02,0.00042443062596344476
 1.1431E-02,0.002082851519093672
 1.1449E-02,0.0039997188823880005
 1.1467E-02,0.0060175955469923435
 1.1486E-02,0.008055146151901917
 1.1504E-02,0.010107322798432265
 1.1522E-02,0.01220915215319136
 1.1540E-02,0.014380487459807129
 1.1559E-02,0.016577273960233653
 1.1577E-02,0.018671983964612286
 1.1595E-02,0.02047319474799737
 1.1613E-02,0.02177728483238206
 1.1632E-02,0.022431225629784397
 1.1650E-02,0.022380475417651084
 1.1668E-02,0.02168219007156359
 1.1686E-02,0.02047866064352545
 1.1705E-02,0.01894269448075187
 1.1723E-02,0.01721830362176007
 1.1741E-02,0.015381574800565376
 1.1759E-02,0.013437422648238275
 1.1778E-02,0.011352123289470276
 1.1796E-02,0.009105937560196778
 1.1814E-02,0.006741454385451567
 1.1832E-02,0.004385199281836248
 1.1851E-02,0.0022316691310813536
 1.1869E-02,0.0004952068851269953
 1.1887E-02,-0.000651002988552673
 1.1906E-02,-0.0011239770705142064
 1.1924E-02,-0.0009482121160559446
 1.1942E-02,-0.0002347948643928872
 1.1960E-02,0.0008680673385903194
 1.1979E-02,0.0022317118123870885
 1.1997E-02,0.0037868954058881566
 1.2015E-02,0.00553054627813594
 1.2033E-02,0.007497650520986011
 1.2052E-02,0.009711766736964528
 1.2070E-02,0.012136991165880604
 1.2088E-02,0.014653636703411351
 1.2106E-02,0.017069716693427057
 1.2125E-02,0.019164923625150734
 1.2143E-02,0.02074977429902776
 1.2161E-02,0.021715979411613334
 1.2179E-02,0.0220577412284352
 1.2198E-02,0.021856017962272493
 1.2216E-02,0.021233476369933633
 1.2234E-02,0.02030009833068829
 1.2252E-02,0.01911295420359064
 1.2271E-02,0.017667052262389227
 1.2289E-02,0.015920354209753074
 1.2307E-02,0.013841019184019438
 1.2326E-02,0.011455181452693908
 1.2344E-02,0.008873254114183137
 1.2362E-02,0.00628196677019492
 1.2380E-02,0.003904059622765283
 1.2399E-02,0.0019413956733444668
 1.2417E-02,0.0005242847768162689
 1.2435E-02,-0.00031289851549017934
 1.2453E-02,-0.0006209167448540352
 1.2472E-02,-0.0004956387750049258
 1.2490E-02,-2.68664868418417e-05
 1.2508E-02,0.0007415807490631732
 1.2526E-02,0.0018234299652650293
 1.2545E-02,0.003268670277785375
 1.2563E-02,0.005119370537141862
 1.2581E-02,0.007362633958369428
 1.2599E-02,0.00990214057652819
 1.2618E-02,0.012561901637954155
 1.2636E-02,0.015122153308604093
 1.2654E-02,0.01737361517422844
 1.2672E-02,0.019168498596340233
 1.2691E-02,0.020448039888571825
 1.2709E-02,0.02123635908071753
 1.2727E-02,0.021604776251264824
 1.2745E-02,0.02162315742298467
 1.2764E-02,0.021320054497706933
 1.2782E-02,0.020669160775749082
 1.2800E-02,0.019607824953959335
 1.2819E-02,0.018079181154622242
 1.2837E-02,0.016078992264784688
 1.2855E-02,0.01368606758795525
 1.2873E-02,0.011062036604601488
 1.2892E-02,0.008419307750014381
 1.2910E-02,0.005969551391795086
 1.2928E-02,0.0038732074685752915
 1.2946E-02,0.002209889286406444
 1.2965E-02,0.0009805049236871275
 1.2983E-02,0.00013839794270023033
 1.3001E-02,-0.0003653803826532714
 1.3019E-02,-0.0005432371592538572
 1.3038E-02,-0.00035601569300346267
 1.3056E-02,0.00027148524951230233
 1.3074E-02,0.0014112003210565958
 1.3092E-02,0.0030859586808510047
 1.3111E-02,0.005237439378501566
 1.3129E-02,0.007722570097385296
 1.3147E-02,0.010341065913396945
 1.3165E-02,0.012883683224057153
 1.3184E-02,0.01518207277996744
 1.3202E-02,0.017140569334610768
 1.3220E-02,0.01873808553211067
 1.3239E-02,0.020001107752769493
 1.3257E-02,0.02096108163758343
 1.3275E-02,0.021615929029581763
 1.3293E-02,0.021913306196172593
 1.3312E-02,0.021763465853629683
 1.3330E-02,0.02107646743850826
 1.3348E-02,0.019807667189698508
 1.3366E-02,0.017991576663034515
 1.3385E-02,0.015748949605710827
 1.3403E-02,0.013263253795183373
 1.3421E-02,0.010735598780248042
 1.3439E-02,0.008336150027292846
 1.3458E-02,0.006171257198800842
 1.3476E-02,0.004278535404225058
 1.3494E-02,0.0026500464619679965
 1.3512E-02,0.0012717511145371816
 1.3531E-02,0.0001606545510104136
 1.3549E-02,-0.0006176149326898849
 1.3567E-02,-0.0009592990057046356
 1.3585E-02,-0.0007571955024853745
 1.3604E-02,5.5014419598437415e-05
 1.3622E-02,0.0014677508539782868
 1.3640E-02,0.003385065863326124
 1.3658E-02,0.00564374086710107
 1.3677E-02,0.008054630594190162
 1.3695E-02,0.010449720218945063
 1.3713E-02,0.012716194927367473
 1.3732E-02,0.014804613050272569
 1.3750E-02,0.01670952468754955
 1.3768E-02,0.018432734472650147
 1.3786E-02,0.01994676177618767
 1.3805E-02,0.021175755683023198
 1.3823E-02,0.022003338268857312
 1.3841E-02,0.02230496313462875
 1.3859E-02,0.021991526404076967
 1.3878E-02,0.021045838813265532
 1.3896E-02,0.019536371364735454
 1.3914E-02,0.01760219888938524
 1.3932E-02,0.015415155454499504
 1.3951E-02,0.01313465637406827
 1.3969E-02,0.010873396955018835
 1.3987E-02,0.00868709787544509
 1.4005E-02,0.006590881749567307
 1.4024E-02,0.004593330767698078
 1.4042E-02,0.0027317420259365963
 1.4060E-02,0.001091759517355156
 1.4078E-02,-0.00019849248960065774
 1.4097E-02,-0.0009984581245135855
 1.4115E-02,-0.0011974619674345035
 1.4133E-02,-0.0007518930584339603
 1.4152E-02,0.0002981705262052641
 1.4170E-02,0.0018398171241611506
 1.4188E-02,0.003721148175193834
 1.4206E-02,0.005794175261961403
 1.4225E-02,0.007949339002452798
 1.4243E-02,0.010128160896463002
 1.4261E-02,0.012310193281276168
 1.4279E-02,0.014481636550047569
 1.4298E-02,0.01660092216509778
 1.4316E-02,0.018577814272685282
 1.4334E-02,0.020276645732948937
 1.4352E-02,0.021543752240366146
 1.4371E-02,0.02224855413252802
 1.4389E-02,0.022321636623528207
 1.4407E-02,0.02177422901342242
 1.4425E-02,0.02069122638294108
 1.4444E-02,0.019200977309461485
 1.4462E-02,0.017434685108137966
 1.4480E-02,0.015492305333904085
 1.4498E-02,0.013428587973840922
 1.4517E-02,0.011263876882945629
 1.4535E-02,0.009013384962053877
 1.4553E-02,0.006720611415476324
 1.4571E-02,0.004478797022764141
 1.4590E-02,0.0024295409061423586
 1.4608E-02,0.0007376299717882747
 1.4626E-02,-0.00044854058339361823
 1.4645E-02,-0.0010352824142218213
 1.4663E-02,-0.0010053876768533901
 1.4681E-02,-0.0004149487377301148
 1.4699E-02,0.0006328206859313304
 1.4718E-02,0.0020253584342934824
 1.4736E-02,0.003674188724277307
 1.4754E-02,0.005530375903507038
 1.4772E-02,0.007576443870660675
 1.4791E-02,0.009799601819033617
 1.4809E-02,0.012159339525365454
 1.4827E-02,0.014564978919578513
 1.4845E-02,0.01687452507557315
 1.4864E-02,0.018916986333594194
 1.4882E-02,0.020530176808149357
 1.4900E-02,0.021599243022630832
 1.4918E-02,0.02208068804708569
 1.4937E-02,0.02200270580384022
 1.4955E-02,0.021442574484957542
 1.4973E-02,0.020491395103707028
 1.4991E-02,0.019221493319170984
 1.5010E-02,0.017670200842774784
 1.5028E-02,0.01584624951404907
 1.5046E-02,0.013754924926764767
 1.5065E-02,0.011429806709257636
 1.5083E-02,0.008955945538457704
 1.5101E-02,0.0064729448389387965
 1.5119E-02,0.004155029559707646
 1.5138E-02,0.002175055311082197
 1.5156E-02,0.0006662915583332317
 1.5174E-02,-0.0003032153161930404
 1.5192E-02,-0.0007341881687620813
 1.5211E-02,-0.0006773140782124433
 1.5229E-02,-0.00020107080314252392
 1.5247E-02,0.0006395201796561788
 1.5265E-02,0.001819763690629372
 1.5284E-02,0.003340928427437154
 1.5302E-02,0.0052072796916195
 1.5320E-02,0.007395419465145013
 1.5338E-02,0.009830377580347471
 1.5357E-02,0.012380173488676616
 1.5375E-02,0.014872767355609277
 1.5393E-02,0.01712978819775989
 1.5411E-02,0.01900425007117565
 1.5430E-02,0.020407725484315027
 1.5448E-02,0.02131688870375535
 1.5466E-02,0.021758054076343597
 1.5484E-02,0.021777553373365927
 1.5503E-02,0.021411548523246095
 1.5521E-02,0.02066870772904881
 1.5539E-02,0.019533203570576488
 1.5558E-02,0.01798634240741932
 1.5576E-02,0.016036778792005532
 1.5594E-02,0.013745314382866353
 1.5612E-02,0.011232418060504172
 1.5631E-02,0.00866388317516281
 1.5649E-02,0.006219294382051686
 1.5667E-02,0.004055218118430659
 1.5685E-02,0.002277173041764602
 1.5704E-02,0.0009306174782205681
 1.5722E-02,1.310288681103972e-05
 1.5740E-02,-0.0004991271343420155
 1.5758E-02,-0.0006226831590683756
 1.5777E-02,-0.0003497129128530637
 1.5795E-02,0.000350479252425065
 1.5813E-02,0.001511593065300609
 1.5831E-02,0.003141154948619662
 1.5850E-02,0.0051951934341383605
 1.5868E-02,0.007568576165311095
 1.5886E-02,0.010106347322613361
 1.5904E-02,0.012632616554869686
 1.5923E-02,0.014986198053338277
 1.5941E-02,0.017049422203493626
 1.5959E-02,0.018759528105047014
 1.5977E-02,0.020099504589547627
 1.5996E-02,0.021073962373520265
 1.6014E-02,0.02168183459499007
 1.6032E-02,0.02189875395194534
 1.6051E-02,0.021677421717413325
 1.6069E-02,0.020966158771496452
 1.6087E-02,0.01973764275779823
 1.6105E-02,0.018015131486297083
 1.6124E-02,0.01588427757729165
 1.6142E-02,0.0134845906918291
 1.6160E-02,0.010983114100540994
 1.6178E-02,0.008540274891003828
 1.6197E-02,0.006280980077313333
 1.6215E-02,0.004281577618232646
 1.6233E-02,0.002576395175502772
 1.6251E-02,0.001179210412960206
 1.6270E-02,0.0001087781482317883
 1.6288E-02,-0.0005939204148945665
 1.6306E-02,-0.0008651535628172452
 1.6324E-02,-0.0006355636878453356
 1.6343E-02,0.0001420395805912931
 1.6361E-02,0.0014660871150704753
 1.6379E-02,0.003272520326504019
 1.6397E-02,0.005440384246171728
 1.6416E-02,0.00781523861113441
 1.6434E-02,0.010241545374630623
 1.6452E-02,0.012591604342239816
 1.6471E-02,0.014780292247639935
 1.6489E-02,0.016761079849947937
 1.6507E-02,0.018506873514230002
 1.6525E-02,0.019985674125083203
 1.6544E-02,0.0211430985519366
 1.6562E-02,0.021900603908486305
 1.6580E-02,0.02217119979304832
 1.6598E-02,0.021886591372793154
 1.6617E-02,0.021024461688770653
 1.6635E-02,0.019624238032852386
 1.6653E-02,0.017784347305132828
 1.6671E-02,0.015641626171016696
 1.6690E-02,0.013340901197319514
 1.6708E-02,0.011006638068746822
 1.6726E-02,0.008727348068471473
 1.6744E-02,0.0065577129954628435
 1.6763E-02,0.004535653623815767
 1.6781E-02,0.0027051586181236383
 1.6799E-02,0.001133343822123016
 1.6817E-02,-8.710454417131127e-05
 1.6836E-02,-0.0008524292039151129
 1.6854E-02,-0.0010740427644331642
 1.6872E-02,-0.0007060121899722901
 1.6890E-02,0.00023752161862823325
 1.6909E-02,0.001682295420290855
 1.6927E-02,0.003511459960451262
 1.6945E-02,0.005593753419265855
 1.6964E-02,0.007811172568016258
 1.6982E-02,0.010075547070779563
 1.7000E-02,0.012328448171515223
 1.7018E-02,0.01452619628006567
 1.7037E-02,0.01661821220918617
 1.7055E-02,0.01852979818482165
 1.7073E-02,0.020158426247379024
 1.7091E-02,0.021386633974317084
 1.7110E-02,0.022107268586936915
 1.7128E-02,0.02225126086859707
 1.7146E-02,0.021806753684245957
 1.7164E-02,0.0208218439670152
 1.7183E-02,0.019389935997625583
 1.7201E-02,0.017623834877406368
 1.7219E-02,0.01562916505363858
 1.7237E-02,0.013487591823478886
 1.7256E-02,0.011255751068322856
 1.7274E-02,0.008978770455271881
 1.7292E-02,0.006710840278598501
 1.7310E-02,0.00453222348509435
 1.7329E-02,0.002553675659616349
 1.7347E-02,0.0009047618803645029
 1.7365E-02,-0.0002903912085126278
 1.7384E-02,-0.0009408206987547352
 1.7402E-02,-0.001009162283437607
 1.7420E-02,-0.0005169079782510503
 1.7438E-02,0.0004672103006739224
 1.7457E-02,0.0018505548846513178
 1.7475E-02,0.0035418675708842728
 1.7493E-02,0.0054683110953593645
 1.7511E-02,0.007577977446403711
 1.7530E-02,0.009828113485446068
 1.7548E-02,0.012165666696944726
 1.7566E-02,0.014510186072689928
 1.7584E-02,0.01674815531063541
 1.7603E-02,0.018742907741295663
 1.7621E-02,0.02035749976326752
 1.7639E-02,0.021482219541754288
 1.7657E-02,0.022056238469553843
 1.7676E-02,0.022075213254378088
 1.7694E-02,0.02158242521205218
 1.7712E-02,0.020647805674868642
 1.7730E-02,0.01934403039543087
 1.7749E-02,0.017729710159750087
 1.7767E-02,0.01584623700914677
 1.7785E-02,0.013728605000884435
 1.7803E-02,0.011424230783278769
 1.7822E-02,0.009010171216982582
 1.7840E-02,0.006599722192697516
 1.7858E-02,0.004333906749974038
 1.7877E-02,0.002359850164082945
 1.7895E-02,0.0008036945465640312
 1.7913E-02,-0.00025188980973383634
 1.7931E-02,-0.0007773852921643072
 1.7950E-02,-0.0007903654609051643
 1.7968E-02,-0.0003371953029484283
 1.7986E-02,0.0005291402182891461
 1.8004E-02,0.0017654736539298287
 1.8023E-02,0.003342429763591111
 1.8041E-02,0.005234936439413989
 1.8059E-02,0.00740437214846754
 1.8077E-02,0.009781298089130244
 1.8096E-02,0.012257667074236879
 1.8114E-02,0.014693468469366068
 1.8132E-02,0.016936647843718528
 1.8150E-02,0.018849456866032906
 1.8169E-02,0.020331583694632387
 1.8187E-02,0.021331694191356068
 1.8205E-02,0.021843829370660203
 1.8223E-02,0.021891378645837484
 1.8242E-02,0.02150637917176641
 1.8260E-02,0.02071352488717386
 1.8278E-02,0.01952583144151506
 1.8297E-02,0.017953484221947442
 1.8315E-02,0.01602136425187236
 1.8333E-02,0.013786717486979518
 1.8351E-02,0.011348142659373908
 1.8370E-02,0.008840632256907434
 1.8388E-02,0.00641725884598328
 1.8406E-02,0.0042237239123692275
 1.8424E-02,0.0023749708224466573
 1.8443E-02,0.0009421568416900536
 1.8461E-02,-4.6092933910755985e-05
 1.8479E-02,-0.0005901687317677471
 1.8497E-02,-0.000700686370169604
 1.8516E-02,-0.0003833134325861666
 1.8534E-02,0.0003658485346929441
 1.8552E-02,0.0015523103168675234
 1.8570E-02,0.00316641742889402
 1.8589E-02,0.005165613889774254
 1.8607E-02,0.007464317648528528
 1.8625E-02,0.009936969769864083
 1.8643E-02,0.012434385021377895
 1.8662E-02,0.014807992161819288
 1.8680E-02,0.01693327450086261
 1.8698E-02,0.018724106104974915
 1.8717E-02,0.020133557475826142
 1.8735E-02,0.02114244489213311
 1.8753E-02,0.021741964645444707
 1.8771E-02,0.021919012219810262
 1.8790E-02,0.021651284444512944
 1.8808E-02,0.020914676656867057
 1.8826E-02,0.01969982256108544
 1.8844E-02,0.018030343752767564
 1.8863E-02,0.0159743322649744
 1.8881E-02,0.013643229049577746
 1.8899E-02,0.011177435434013124
 1.8917E-02,0.008723466699063948
 1.8936E-02,0.006410879635504966
 1.8954E-02,0.0043371360494851375
 1.8972E-02,0.00256507139900482
 1.8990E-02,0.001132252936270992
 1.9009E-02,6.65533310249349e-05
 1.9027E-02,-0.0006001566386198179
 1.9045E-02,-0.0008271731698494729
 1.9063E-02,-0.0005718137224584377
 1.9082E-02,0.00019457311793676612
 1.9100E-02,0.0014682451860826853
 1.9118E-02,0.0032004962242634513
 1.9136E-02,0.005296863751599355
 1.9155E-02,0.007629366498249364
 1.9173E-02,0.010057727010994673
 1.9191E-02,0.012451931127720188
 1.9210E-02,0.014708093319468655
 1.9228E-02,0.016752588384610304
 1.9246E-02,0.01853448257815174
 1.9264E-02,0.020011265124446218
 1.9283E-02,0.021135608550760247
 1.9301E-02,0.02185021101994464
 1.9319E-02,0.022094006635106453
 1.9337E-02,0.021817815749205376
 1.9356E-02,0.021003112404460483
 1.9374E-02,0.019675916781939317
 1.9392E-02,0.017909600485207525
 1.9410E-02,0.015814850713159617
 1.9429E-02,0.013520249921882483
 1.9447E-02,0.011150651685068978
 1.9465E-02,0.008811192132199566
 1.9483E-02,0.006582124681356995
 1.9502E-02,0.0045248809403591415
 1.9520E-02,0.0026949182616600223
 1.9538E-02,0.001154090139311928
 1.9556E-02,-2.4341026127366753e-05
 1.9575E-02,-0.0007615340028881307
 1.9593E-02,-0.0009883043216402485
 1.9611E-02,-0.000664005369878589
 1.9630E-02,0.00020857329599034094
 1.9648E-02,0.0015785384256574984
 1.9666E-02,0.003354669202210606
 1.9684E-02,0.0054228780973066375
 1.9703E-02,0.0076667975785566144
 1.9721E-02,0.009983909792679591
 1.9739E-02,0.012291806850035248
 1.9757E-02,0.01452358786367791
 1.9776E-02,0.01661615800870685
 1.9794E-02,0.018498245815030265
 1.9812E-02,0.020084990151915998
 1.9830E-02,0.021282963811828755
 1.9849E-02,0.022004794892381992
 1.9867E-02,0.022188160346464054
 1.9885E-02,0.021811759516855444
 1.9903E-02,0.02090187045188118
 1.9922E-02,0.01952682149872489
 1.9940E-02,0.017781566512072577
 1.9958E-02,0.015768445912156315
 1.9976E-02,0.013581489323440625
 1.9995E-02,0.011299754261028774
 2.0013E-02,0.008991038693304509
 2.0031E-02,0.0067226692691485564
 2.0049E-02,0.004572953250117692
 2.0068E-02,0.002636618010926144
 2.0086E-02,0.0010202379755438467
 2.0104E-02,-0.00017190821395711734
 2.0123E-02,-0.0008568195129933615
 2.0141E-02,-0.0009895691137637916
 2.0159E-02,-0.0005715656365831863
 2.0177E-02,0.00035272844622519976
 2.0196E-02,0.0017090450980478933
 2.0214E-02,0.003411070014040571
 2.0232E-02,0.0053757151913176125
 2.0250E-02,0.007530335270369977
 2.0269E-02,0.00981008131038878
 2.0287E-02,0.012148053119801914
 2.0305E-02,0.014464156385337582
 2.0323E-02,0.016659198169075025
 2.0342E-02,0.01861849790788781
 2.0360E-02,0.020225126765315803
 2.0378E-02,0.021378613597039516
 2.0396E-02,0.022012417401472167
 2.0415E-02,0.022103763704606837
 2.0433E-02,0.02167245212523436
 2.0451E-02,0.020769669154781994
 2.0469E-02,0.019461780173871405
 2.0488E-02,0.01781584420908994
 2.0506E-02,0.015892459253238823
 2.0524E-02,0.013748029682199877
 2.0543E-02,0.011444195766848029
 2.0561E-02,0.009058868935330908
 2.0579E-02,0.0066924940365135025
 2.0597E-02,0.004465152224263378
 2.0616E-02,0.002504050887461043
 2.0634E-02,0.0009251181842948406
 2.0652E-02,-0.00018496082466608744
 2.0670E-02,-0.0007799717763553774
 2.0689E-02,-0.0008550368410263637
 2.0707E-02,-0.0004376390455184844
 2.0725E-02,0.00042681728133020616
 2.0743E-02,0.0016885899766354042
 2.0762E-02,0.0033007799312710123
 2.0780E-02,0.005217691694492561
 2.0798E-02,0.007386076630588619
 2.0816E-02,0.009734292563484659
 2.0835E-02,0.012165519873828334
 2.0853E-02,0.014559578376562358
 2.0871E-02,0.01678427621152146
 2.0889E-02,0.018713142169370475
 2.0908E-02,0.020243599521324755
 2.0926E-02,0.021309335746044114
 2.0944E-02,0.02188294207504681
 2.0962E-02,0.0219688427915856
 2.0981E-02,0.021590410007540077
 2.0999E-02,0.02077730507642138
 2.1017E-02,0.01955859924503705
 2.1036E-02,0.017964343755416133
 2.1054E-02,0.016034255538024678
 2.1072E-02,0.013828805924260149
 2.1090E-02,0.01143671090214668
 2.1109E-02,0.008974174190441558
 2.1127E-02,0.006574636385357123
 2.1145E-02,0.00437176278377256
 2.1163E-02,0.0024812507518114056
 2.1182E-02,0.0009875468850220942
 2.1200E-02,-6.046153576801214e-05
 2.1218E-02,-0.0006443920336431501
 2.1236E-02,-0.0007653107992122988
 2.1255E-02,-0.0004322717883731054
 2.1273E-02,0.00034416025927492053
 2.1291E-02,0.0015505456763014083
 2.1309E-02,0.003162251066959363
 2.1328E-02,0.005132395684331898
 2.1346E-02,0.007383767217795299
 2.1364E-02,0.009808405201300326
 2.1382E-02,0.01227648017815722
 2.1401E-02,0.014652272260999608
 2.1419E-02,0.01681210721710106
 2.1437E-02,0.0186583010207834
 2.1456E-02,0.02012483933930843
 2.1474E-02,0.021173955223524187
 2.1492E-02,0.021786488063836824
 2.1510E-02,0.021951313513682704
 2.1529E-02,0.021659204977639623
 2.1547E-02,0.0209042142813189
 2.1565E-02,0.019692047603156987
 2.1583E-02,0.018051541664135636
 2.1602E-02,0.01604368179611908
 2.1620E-02,0.013763369378149483
 2.1638E-02,0.011332008632242083
 2.1656E-02,0.008882705427163845
 2.1675E-02,0.00654285486645604
 2.1693E-02,0.0044198725861109775
 2.1711E-02,0.0025944018290250496
 2.1729E-02,0.0011221394097263512
 2.1748E-02,4.184806339765251e-05
 2.1766E-02,-0.0006153130534503817
 2.1784E-02,-0.0008202812320820421
 2.1802E-02,-0.000547570124373073
 2.1821E-02,0.00021645407390592547
 2.1839E-02,0.0014619648429822522
 2.1857E-02,0.00314598015373324
 2.1875E-02,0.005189341193344358
 2.1894E-02,0.007482582013493149
 2.1912E-02,0.009899381319096201
 2.1930E-02,0.012313277661348428
 2.1949E-02,0.014612112379229948
 2.1967E-02,0.01670575270942818
 2.1985E-02,0.018525566567158355
 2.2003E-02,0.020017612326903397
 2.2022E-02,0.021134070355366057
 2.2040E-02,0.021827982301828613
 2.2058E-02,0.022054661753665872
 2.2076E-02,0.02177994841054344
 2.2095E-02,0.020992192037317073
 2.2113E-02,0.019712904026436693
 2.2131E-02,0.01800125291335089
 2.2149E-02,0.015949906290965772
 2.2168E-02,0.013673133591790078
 2.2186E-02,0.011291117142895737
 2.2204E-02,0.008915782028870951
 2.2222E-02,0.006642587619131588
 2.2241E-02,0.004550026427140421
 2.2259E-02,0.0027052281068157993
 2.2277E-02,0.001171509656176101
 2.2295E-02,1.3032889045062022e-05
 2.2314E-02,-0.0007068031675008812
 2.2332E-02,-0.0009336468536803241
 2.2350E-02,-0.0006344008560120677
 2.2368E-02,0.00019140837448507891
 2.2387E-02,0.0015058401804798232
 2.2405E-02,0.0032350316397755053
 2.2423E-02,0.005279481346510859
 2.2442E-02,0.007528636195835571
 2.2460E-02,0.009874754489707692
 2.2478E-02,0.012221582170130769
 2.2496E-02,0.014485787857231515
 2.2515E-02,0.016592312859998338
 2.2533E-02,0.018467420458944363
 2.2551E-02,0.02003414583006402
 2.2569E-02,0.02121366666848948
 2.2588E-02,0.0219333549786696
 2.2606E-02,0.02213913456988602
 2.2624E-02,0.021807620699421843
 2.2642E-02,0.020953294546400474
 2.2661E-02,0.019627769285822355
 2.2679E-02,0.01791126309732627
 2.2697E-02,0.01589939524085614
 2.2715E-02,0.013690084979961081
 2.2734E-02,0.011374966652471246
 2.2752E-02,0.009037524412063853
 2.2770E-02,0.006757073240736668
 2.2788E-02,0.004615105340918121
 2.2807E-02,0.002699502286466122
 2.2825E-02,0.0011031079275517395
 2.2843E-02,-8.427991484291826e-05
 2.2862E-02,-0.0007884245211092276
 2.2880E-02,-0.0009634291169046852
 2.2898E-02,-0.0006001455179160931
 2.2916E-02,0.0002728687116494192
 2.2935E-02,0.0015960900836106695
 2.2953E-02,0.0032907927619807726
 2.2971E-02,0.0052713890721416915
 2.2989E-02,0.007454007369204303
 2.3008E-02,0.009758888366608655
 2.3026E-02,0.012107075030046637
 2.3044E-02,0.014414485877877355
 2.3062E-02,0.016587669311950118
 2.3081E-02,0.018524818741713585
 2.3099E-02,0.020123297396586134
 2.3117E-02,0.02129198684013853
 2.3135E-02,0.02196450524679871
 2.3154E-02,0.02210872538856995
 2.3172E-02,0.021729330833380092
 2.3190E-02,0.02086282405175074
 2.3208E-02,0.019567295426620442
 2.3227E-02,0.01791114133148074
 2.3245E-02,0.015964992850984457
 2.3263E-02,0.013799379786380071
 2.3282E-02,0.011487882649913135
 2.3300E-02,0.009112931527484788
 2.3318E-02,0.0067701189288977325
 2.3336E-02,0.004567455927848525
 2.3355E-02,0.0026181648640123895
 2.3373E-02,0.0010284276057580086
 2.3391E-02,-0.00011622151089505056
 2.3409E-02,-0.0007614247346686765
 2.3428E-02,-0.0008881121435087269
 2.3446E-02,-0.0005093150854536372
 2.3464E-02,0.00033841806666612753
 2.3482E-02,0.001605175112631765
 2.3501E-02,0.003235296910663898
 2.3519E-02,0.005169820753074688
 2.3537E-02,0.00734367446330232
 2.3555E-02,0.009680085819391672
 2.3574E-02,0.012086091281075375
 2.3592E-02,0.014452711689500774
 2.3610E-02,0.016661443738737507
 2.3628E-02,0.01859601787036786
 2.3647E-02,0.020156056236596075
 2.3665E-02,0.0212683278148712
 2.3683E-02,0.02189214900794232
 2.3701E-02,0.02201775534048076
 2.3720E-02,0.021659197724841723
 2.3738E-02,0.020845328942157574
 2.3756E-02,0.01961289127333921
 2.3775E-02,0.01800442568194396
 2.3793E-02,0.016071278592184064
 2.3811E-02,0.013879459794053094
 2.3829E-02,0.011514605097862911
 2.3848E-02,0.009082470348549851
 2.3866E-02,0.006703151971518987
 2.3884E-02,0.004499827824414219
 2.3902E-02,0.0025851231668108754
 2.3921E-02,0.001049244364213972
 2.3939E-02,-4.6645541993988425e-05
 2.3957E-02,-0.000670412705935229
 2.3975E-02,-0.0008134977614402213
 2.3994E-02,-0.0004832300992210227
 2.4012E-02,0.00030329073358861233
 2.4030E-02,0.0015210088180027939
 2.4048E-02,0.003133913366046566
 2.4067E-02,0.005089144893780571
 2.4085E-02,0.0073116884519932885
 2.4103E-02,0.009703162088126206
 2.4121E-02,0.012146676296296198
 2.4140E-02,0.014517299849661061
 2.4158E-02,0.016695359966678352
 2.4176E-02,0.0185786166955197
 2.4195E-02,0.020089791633280712
 2.4213E-02,0.021177810989892097
 2.4231E-02,0.021813636165274108
 2.4249E-02,0.02198362506024726
 2.4268E-02,0.021684113779883257
 2.4286E-02,0.02092002717604672
 2.4304E-02,0.01970821949280575
 2.4322E-02,0.01808384322950882
 2.4341E-02,0.016106398244469113
 2.4359E-02,0.01386194373666328
 2.4377E-02,0.01145933979285214
 2.4395E-02,0.00902072734128522
 2.4414E-02,0.006668750520450151
 2.4432E-02,0.004514296012927168
 2.4450E-02,0.0026482397033313464
 2.4468E-02,0.0011389910727302147
 2.4487E-02,3.524971188963448e-05
 2.4505E-02,-0.0006286466989257856
 2.4523E-02,-0.0008282394181848586
 2.4541E-02,-0.0005480875814792837
 2.4560E-02,0.00021462541171921197
 2.4578E-02,0.0014434559969447001
 2.4596E-02,0.0030961347671144106
 2.4614E-02,0.005101487881430348
 2.4633E-02,0.007362089472948392
 2.4651E-02,0.0097627179259148
 2.4669E-02,0.01218243824093429
 2.4688E-02,0.014506755889356873
 2.4706E-02,0.016636366217451192
 2.4724E-02,0.018490518037313528
 2.4742E-02,0.020005275670339565
 2.4761E-02,0.021129026991690742
 2.4779E-02,0.021818563791131763
 2.4797E-02,0.022038545009188237
 2.4815E-02,0.021765381500040815
 2.4834E-02,0.020994334704752475
 2.4852E-02,0.0197468861493258
 2.4870E-02,0.018074971242166334
 2.4888E-02,0.016059687603640616
 2.4907E-02,0.013804152157319702
 2.4925E-02,0.011422409219026815
 2.4943E-02,0.00902773551499558
 2.4961E-02,0.006723743818553098
 2.4980E-02,0.004600351611828974
 2.4998E-02,0.0027345459470577735
 2.5016E-02,0.0011938648415548293
 2.5034E-02,3.94872950517705e-05
 2.5053E-02,-0.0006737952060434225
 2.5071E-02,-0.0009018455717143575
 2.5089E-02,-0.0006186798435151973
 2.5108E-02,0.00017552900073133188
 2.5126E-02,0.00144923630065558
 2.5144E-02,0.003139557209065195
 2.5162E-02,0.005158108178166983
 2.5181E-02,0.007401068698601607
 2.5199E-02,0.00976036564366568
 2.5217E-02,0.012132650222726221
 2.5235E-02,0.014423867157422754
 2.5254E-02,0.016549213205103244
 2.5272E-02,0.018430284638802
 2.5290E-02,0.01999235976569507
 2.5308E-02,0.021164564733644288
 2.5327E-02,0.021884223335915887
 2.5345E-02,0.02210463018142662
 2.5363E-02,0.021803713144241166
 2.5381E-02,0.020990342440305114
 2.5400E-02,0.01970571579927669
 2.5418E-02,0.01801902034696864
 2.5436E-02,0.016018686591348724
 2.5454E-02,0.013802108627761812
 2.5473E-02,0.011467053554060233
 2.5491E-02,0.009106994172687193
 2.5509E-02,0.006810719558125761
 2.5527E-02,0.004664631114994284
 2.5546E-02,0.0027549584057900917
 2.5564E-02,0.0011672273411626156
 2.5582E-02,-1.837126513355605e-05
 2.5601E-02,-0.0007351102161628955
 2.5619E-02,-0.0009390039834068256
 2.5637E-02,-0.0006161076221287218
 2.5655E-02,0.00021477016210856722
 2.5674E-02,0.001504937907660998
 2.5692E-02,0.0031832551171044796
 2.5710E-02,0.005165524082331168
 2.5728E-02,0.007362744565625773
 2.5747E-02,0.009685929101113943
 2.5765E-02,0.012046897169273766
 2.5783E-02,0.014356364919478958
 2.5801E-02,0.016521901919974276
 2.5820E-02,0.018448396719253274
 2.5838E-02,0.02004253093127276
 2.5856E-02,0.02122090400946115
 2.5874E-02,0.02191968530717168
 2.5893E-02,0.02210276596921367
 2.5911E-02,0.021765739438929906
 2.5929E-02,0.020934510979891116
 2.5947E-02,0.019659297959594393
 2.5966E-02,0.018006399506284142
 2.5984E-02,0.01605070593965809
 2.6002E-02,0.01387125150601451
 2.6021E-02,0.011550498827307434
 2.6039E-02,0.009176195100794503
 2.6057E-02,0.0068433655788930296
 2.6075E-02,0.004653859867864866
 2.6094E-02,0.002711900946777424
 2.6112E-02,0.00111585374644486
 2.6130E-02,-5.183467870724444e-05
 2.6148E-02,-0.0007336141801585137
 2.6167E-02,-0.0009020510945611009
 2.6185E-02,-0.0005599303377326704
 2.6203E-02,0.0002642656213830882
 2.6221E-02,0.0015234003440959118
 2.6240E-02,0.003158455638079721
 2.6258E-02,0.0051027318525710165
 2.6276E-02,0.0072826232253088465
 2.6294E-02,0.009615879382605653
 2.6313E-02,0.012009575966763941
 2.6331E-02,0.01436030618896735
 2.6349E-02,0.016558242551961134
 2.6367E-02,0.01849507305749762
 2.6386E-02,0.020074096921321474
 2.6404E-02,0.02121971399554937
 2.6422E-02,0.021883617270645
 2.6440E-02,0.022046173053191745
 2.6459E-02,0.02171324979189061
 2.6477E-02,0.020910378122446893
 2.6495E-02,0.01967690635619082
 2.6514E-02,0.01806243922014139
 2.6532E-02,0.016126497430819224
 2.6550E-02,0.013940614776378087
 2.6568E-02,0.011590755552534944
 2.6587E-02,0.009177572060940633
 2.6605E-02,0.0068127883058711775
 2.6623E-02,0.00461156124496153
 2.6641E-02,0.0026823614620864475
 2.6660E-02,0.0011170075059298036
 2.6678E-02,-1.648053721804016e-05
 2.6696E-02,-0.0006765802514608547
 2.6714E-02,-0.0008465524489928151
 2.6733E-02,-0.000529928816041765
 2.6751E-02,0.0002543405238845303
 2.6769E-02,0.0014748582107388503
 2.6787E-02,0.003087839126064503
 2.6806E-02,0.005034842211607437
 2.6824E-02,0.0072400887387668155
 2.6842E-02,0.009609744144050568
 2.6860E-02,0.01203492839713756
 2.6879E-02,0.014398787426924126
 2.6897E-02,0.016586314150629566
 2.6915E-02,0.018494454386568823
 2.6934E-02,0.020039865009564423
 2.6952E-02,0.021162582959654865
 2.6970E-02,0.021825434420512643
 2.6988E-02,0.022010593675519788
 2.7007E-02,0.021715620203748454
 2.7025E-02,0.020951179236299786
 2.7043E-02,0.019741557198218056
 2.7061E-02,0.018127510870143054
 2.7080E-02,0.016169633735518756
 2.7098E-02,0.013949882509162279
 2.7116E-02,0.011569422377208358
 2.7134E-02,0.009142303522246003
 2.7153E-02,0.0067860952833952385
 2.7171E-02,0.0046117903742650505
 2.7189E-02,0.002715550473995329
 2.7207E-02,0.0011740964995516378
 2.7226E-02,4.4089413111457997e-05
 2.7244E-02,-0.000635674537404211
 2.7262E-02,-0.000841373908821384
 2.7280E-02,-0.0005626754288722871
 2.7299E-02,0.00019620857879800043
 2.7317E-02,0.0014132399757910033
 2.7335E-02,0.003044696093549091
 2.7353E-02,0.005022979686826559
 2.7372E-02,0.007257956821790923
 2.7390E-02,0.009642457804542004
 2.7408E-02,0.012061028979420291
 2.7427E-02,0.01439980575205143
 2.7445E-02,0.01655500365774186
 2.7463E-02,0.01843814998649164
 2.7481E-02,0.019977532654748026
 2.7500E-02,0.021116844727841477
 2.7518E-02,0.021813011198426942
 2.7536E-02,0.02203527483047901
 2.7554E-02,0.021766765133139788
 2.7573E-02,0.021008363000523327
 2.7591E-02,0.019783328717778794
 2.7609E-02,0.018140477673019732
 2.7627E-02,0.016153972486682298
 2.7646E-02,0.013918938474238193
 2.7664E-02,0.011543618741148029
 2.7682E-02,0.009140025426665387
 2.7700E-02,0.006815494130782175
 2.7719E-02,0.004667031247292697
 2.7737E-02,0.0027790952280734877
 2.7755E-02,0.0012240169616099424
 2.7773E-02,6.325671625722544e-05
 2.7792E-02,-0.0006524618854333315
 2.7810E-02,-0.0008853546222100479
 2.7828E-02,-0.0006150180694302889
 2.7846E-02,0.00015628858898947392
 2.7865E-02,0.0013996377265873047
 2.7883E-02,0.0030586365250432233
 2.7901E-02,0.005052753727043306
 2.7920E-02,0.007284252339337842
 2.7938E-02,0.00964696351762352
 2.7956E-02,0.012034594100837064
 2.7974E-02,0.01434664235283538
 2.7993E-02,0.016491130646042487
 2.8011E-02,0.018384758101499928
 2.8029E-02,0.019952130548336514
 2.8047E-02,0.0211259896790812
 2.8066E-02,0.02184973196182471
 2.8084E-02,0.022082263917510895
 2.8102E-02,0.021803933055801524
 2.8120E-02,0.021021480135000135
 2.8139E-02,0.019770033026467994
 2.8157E-02,0.018111083908559325
 2.8175E-02,0.01612677258609091
 2.8193E-02,0.013912055587482323
 2.8212E-02,0.011566946469387912
 2.8230E-02,0.009190724363225846
 2.8248E-02,0.006878967504712143
 2.8266E-02,0.004722938057889728
 2.8285E-02,0.0028098028497441662
 2.8303E-02,0.0012218678159147856
 2.8321E-02,3.355577921704267e-05
 2.8340E-02,-0.0006939803794714853
 2.8358E-02,-0.0009194538030996344
 2.8376E-02,-0.0006272805782530106
 2.8394E-02,0.00016931682734629854
 2.8413E-02,0.0014291004111846826
 2.8431E-02,0.0030873649801747985
 2.8449E-02,0.0050628645217694265
 2.8467E-02,0.007265062859687393
 2.8486E-02,0.009599819689879488
 2.8504E-02,0.01197254088617041
 2.8522E-02,0.014289087422032882
 2.8540E-02,0.0164557998626008
 2.8559E-02,0.01838039569008385
 2.8577E-02,0.01997506377042698
 2.8595E-02,0.02116200503346612
 2.8613E-02,0.021880421371629873
 2.8632E-02,0.02209308249455282
 2.8650E-02,0.021790489234816315
 2.8668E-02,0.020991359931040947
 2.8686E-02,0.019739399194274556
 2.8705E-02,0.018097545843291107
 2.8723E-02,0.016141620160314504
 2.8741E-02,0.013955206067811423
 2.8760E-02,0.01162676757867177
 2.8778E-02,0.009248789316038298
 2.8796E-02,0.006917681868479101
 2.8814E-02,0.0047327617256191935
 2.8833E-02,0.0027929874974496408
 2.8851E-02,0.001191144790619624
 2.8869E-02,6.3820529910970595e-06
 2.8887E-02,-0.0007031146862471315
 2.8906E-02,-0.0009053421153442054
 2.8924E-02,-0.0005962390798506109
 2.8942E-02,0.00020222527159782571
 2.8960E-02,0.0014466410461997248
 2.8979E-02,0.003077665721170451
 2.8997E-02,0.005024671646776647
 2.9015E-02,0.007208467787413315
 2.9033E-02,0.009542155373977538
 2.9052E-02,0.01193121713175844
 2.9070E-02,0.014274439420502738
 2.9088E-02,0.016467005900795428
 2.9106E-02,0.018406189978594164
 2.9125E-02,0.019998903808434085
 2.9143E-02,0.021169440618268053
 2.9161E-02,0.021865476792217772
 2.9179E-02,0.02206090438560352
 2.9198E-02,0.021755134980480376
 2.9216E-02,0.02096970104232976
 2.9234E-02,0.019743783236057105
 2.9253E-02,0.018130382035271553
 2.9271E-02,0.016194209852606983
 2.9289E-02,0.014011302181501381
 2.9307E-02,0.011669314177244138
 2.9326E-02,0.009266939142216855
 2.9344E-02,0.00691109198499831
 2.9362E-02,0.004711357116080838
 2.9380E-02,0.0027723386470123214
 2.9399E-02,0.0011854831048054625
 2.9417E-02,2.2273129496194538e-05
 2.9435E-02,-0.0006697242219633494
 2.9453E-02,-0.0008674526797980773
 2.9472E-02,-0.0005702392339131001
 2.9490E-02,0.00020360496224370802
 2.9508E-02,0.0014198358137226487
 2.9526E-02,0.0030298920020149986
 2.9545E-02,0.004970971521671512
 2.9563E-02,0.007165462451230686
 2.9581E-02,0.009521190124034818
 2.9599E-02,0.011933828297217373
 2.9618E-02,0.014292064630086762
 2.9636E-02,0.016485029676190872
 2.9654E-02,0.01841055448859093
 2.9673E-02,0.01998241998441932
 2.9691E-02,0.0211350764637567
 2.9709E-02,0.021825213075887646
 2.9727E-02,0.022030663395771824
 2.9746E-02,0.021747977799698743
 2.9764E-02,0.02099022534453184
 2.9782E-02,0.01978612396940768
 2.9800E-02,0.01818065654561262
 2.9819E-02,0.016236335400791252
 2.9837E-02,0.014033673469940522
 2.9855E-02,0.011669477817849591
 2.9873E-02,0.009252283652605374
 2.9892E-02,0.006895297377368273
 2.9910E-02,0.004708169694470483
 2.9928E-02,0.0027893720786304147
 2.9946E-02,0.0012207154829300324
 2.9965E-02,6.473496081215325e-05
 2.9983E-02,-0.0006353824027013976
 3.0001E-02,-0.0008544849560364455
 3.0019E-02,-0.0005841995803871628
 3.0038E-02,0.00016720479938952897
 3.0056E-02,0.0013736206829983635
 3.0074E-02,0.0029893053048451585
 3.0092E-02,0.004947834156842254
 3.0111E-02,0.007163165822090877
 3.0129E-02,0.009533565710074021
 3.0147E-02,0.011948149807615075
 3.0166E-02,0.014294863025200059
 3.0184E-02,0.016468198565554114
 3.0202E-02,0.01837510852713343
 3.0220E-02,0.019938288491445365
 3.0239E-02,0.02109702689512279
 3.0257E-02,0.021806664850035327
 3.0275E-02,0.022038054383686036
 3.0293E-02,0.021778097758831563
 3.0312E-02,0.021031644455401545
 3.0330E-02,0.01982407956931661
 3.0348E-02,0.018203280123926933
 3.0366E-02,0.01623954113838128
 3.0385E-02,0.014022624577859254
 3.0403E-02,0.011656033499608354
 3.0421E-02,0.009249561591727625
 3.0439E-02,0.0069117178893537135
 3.0458E-02,0.004743553578611389
 3.0476E-02,0.002834765128060176
 3.0494E-02,0.001262003171692973
 3.0512E-02,8.848591128451217e-05
 3.0531E-02,-0.0006363507955751096
 3.0549E-02,-0.0008781920671206802
 3.0567E-02,-0.0006204645616978367
 3.0586E-02,0.00013236007723707046
 3.0604E-02,0.001352032935493086
 3.0622E-02,0.0029857437075890437
 3.0640E-02,0.004958185970063056
 3.0659E-02,0.007176487796506934
 3.0677E-02,0.009537093342558579
 3.0695E-02,0.011933090462565722
 3.0713E-02,0.014260470186834882
 3.0732E-02,0.01642237153176906
 3.0750E-02,0.01833126110871757
 3.0768E-02,0.01990983530653359
 3.0786E-02,0.021091855832682693
 3.0805E-02,0.02182396186815928
 3.0823E-02,0.02206882644382885
 3.0841E-02,0.021809144740866836
 3.0859E-02,0.021051250965959365
 3.0878E-02,0.0198269697881329
 3.0896E-02,0.01819271281494458
 3.0914E-02,0.01622566750964794
 3.0932E-02,0.014017846406297295
 3.0951E-02,0.011669385132142435
 3.0969E-02,0.009282546319011528
 3.0987E-02,0.006957388884298449
 3.1005E-02,0.004789225554184328
 3.1024E-02,0.0028671835542124066
 3.1042E-02,0.0012727526308730368
 3.1060E-02,7.733116841463004e-05
 3.1079E-02,-0.0006615982253783201
 3.1097E-02,-0.0009051947397819624
 3.1115E-02,-0.0006377337142704235
 3.1133E-02,0.0001305508374567912
 3.1152E-02,0.0013632961088651707
 3.1170E-02,0.003000778962685199
 3.1188E-02,0.00496499548870594
 3.1206E-02,0.007165776550108853
 3.1225E-02,0.009506523021826547
 3.1243E-02,0.011888555279399998
 3.1261E-02,0.014213846616778143
 3.1279E-02,0.016386709288432673
 3.1298E-02,0.018315477923380515
 3.1316E-02,0.019915183805894777
 3.1334E-02,0.02111166098917564
 3.1352E-02,0.021846716392350495
 3.1371E-02,0.022083288819947762
 3.1389E-02,0.02180923193788947
 3.1407E-02,0.021038620131584373
 3.1425E-02,0.019810191826735886
 3.1444E-02,0.01818341607445427
 3.1462E-02,0.016233333280348382
 3.1480E-02,0.014045509198086193
 3.1498E-02,0.011712088985015218
 3.1517E-02,0.009329213733599632
 3.1535E-02,0.006995290794451199
 3.1553E-02,0.004809131440784948
 3.1572E-02,0.0028669930250484928
 3.1590E-02,0.0012580756455562662
 3.1608E-02,5.880068179765492e-05
 3.1626E-02,-0.0006730986451649367
 3.1645E-02,-0.0009033234366290759
 3.1663E-02,-0.0006234459006196646
 3.1681E-02,0.00014945622190817853
 3.1699E-02,0.0013756257241682743
 3.1718E-02,0.0029968944718717777
 3.1736E-02,0.004941129313082092
 3.1754E-02,0.007125859038842079
 3.1772E-02,0.009460738510405221
 3.1791E-02,0.011849248635190629
 3.1809E-02,0.014190534889073394
 3.1827E-02,0.016382329758499445
 3.1845E-02,0.018325464582742205
 3.1864E-02,0.019929743333118394
 3.1882E-02,0.02112024362021882
 3.1900E-02,0.021842739160369516
 3.1918E-02,0.022067070927253258
 3.1937E-02,0.02178788349694587
 3.1955E-02,0.021022945610907652
 3.1973E-02,0.019809956547240288
 3.1992E-02,0.01820302336169731
 3.2010E-02,0.016269773504072396
 3.2028E-02,0.014089455870946548
 3.2046E-02,0.011751661203013686
 3.2065E-02,0.009354784200395696
 3.2083E-02,0.007003282510125577
 3.2101E-02,0.00480319533396272
 3.2119E-02,0.002856093336144883
 3.2138E-02,0.0012523377829931346
 3.2156E-02,6.4927399115763e-05
 3.2174E-02,-0.0006548663110190726
 3.2192E-02,-0.0008794005874127698
 3.2211E-02,-0.0006041818203244338
 3.2229E-02,0.000154236974851351
 3.2247E-02,0.0013609001901945447
 3.2265E-02,0.0029647023056652566
 3.2284E-02,0.0048998535316246645
 3.2302E-02,0.007086840581395008
 3.2320E-02,0.009433677670059133
 3.2338E-02,0.011838358757574522
 3.2357E-02,0.014193081955269004
 3.2375E-02,0.016390160427464034
 3.2393E-02,0.01832883955661024
 3.2412E-02,0.019921805682173253
 3.2430E-02,0.021100186724623507
 3.2448E-02,0.021816308115976287
 3.2466E-02,0.022044186702257624
 3.2485E-02,0.021778420654791915
 3.2503E-02,0.02103248641710478
 3.2521E-02,0.0198373474078053
 3.2539E-02,0.018240776580781604
 3.2558E-02,0.01630713015448183
 3.2576E-02,0.014116785309007207
 3.2594E-02,0.01176430939336327
 3.2612E-02,0.009354734446145268
 3.2631E-02,0.006997943945124239
 3.2649E-02,0.004801872261647879
 3.2667E-02,0.002865678863179827
 3.2685E-02,0.0012740958939159567
 3.2704E-02,9.374703921136759e-05
 3.2722E-02,-0.000628431185746179
 3.2740E-02,-0.0008651877102382746
 3.2758E-02,-0.0006082681945669573
 3.2777E-02,0.00013212037319091318
 3.2795E-02,0.0013272881141977028
 3.2813E-02,0.0029296947194654577
 3.2831E-02,0.004872959045782986
 3.2850E-02,0.007073143624144683
 3.2868E-02,0.009431960398340282
 3.2886E-02,0.011841962120286511
 3.2905E-02,0.01419311100449911
 3.2923E-02,0.016379633755045246
 3.2941E-02,0.018305982742667152
 3.2959E-02,0.019891064202202956
 3.2978E-02,0.021070521211351792
 3.2996E-02,0.021797507280195492
 3.3014E-02,0.022042784889250298
 3.3032E-02,0.021794972064347502
 3.3051E-02,0.02106135812627987
 3.3069E-02,0.019869106237921045
 3.3087E-02,0.018266131520807954
 3.3105E-02,0.01632073214009519
 3.3124E-02,0.014119260813454264
 3.3142E-02,0.011761676194907452
 3.3160E-02,0.009355479848274987
 3.3178E-02,0.007009048320871273
 3.3197E-02,0.004825504638246894
 3.3215E-02,0.002897990674813863
 3.3233E-02,0.0013066291279619953
 3.3251E-02,0.00011684844365005952
 3.3270E-02,-0.0006216545573514166
 3.3288E-02,-0.0008760605069131572
 3.3306E-02,-0.000632075969607453
 3.3324E-02,0.00010407961247313393
 3.3343E-02,0.0013040223678162126
 3.3361E-02,0.002916788730466811
 3.3379E-02,0.004870389221763902
 3.3398E-02,0.0070755576380569
 3.3416E-02,0.009431279614303283
 3.3434E-02,0.011831168018762264
 3.3452E-02,0.014169572270636827
 3.3471E-02,0.016346533716693906
 3.3489E-02,0.018271228379870746
 3.3507E-02,0.019864143268654776
 3.3525E-02,0.021058655476922386
 3.3544E-02,0.021802748632027125
 3.3562E-02,0.02206129022755699
 3.3580E-02,0.02181875216079836
 3.3598E-02,0.021081732418434793
 3.3617E-02,0.019880368584035468
 3.3635E-02,0.018267852628771883
 3.3653E-02,0.016317723000606375
 3.3671E-02,0.014119235755872105
 3.3690E-02,0.01177164457878522
 3.3708E-02,0.009378436037556025
 3.3726E-02,0.00704239164299509
 3.3744E-02,0.00486186925846672
 3.3763E-02,0.0029281272448959572
 3.3781E-02,0.001323102865137014
 3.3799E-02,0.00011697615739452967
 3.3818E-02,-0.0006348709926137469
 3.3836E-02,-0.0008953830867275507
 3.3854E-02,-0.0006492213667103288
 3.3872E-02,9.488655243963882e-05
 3.3891E-02,0.0013036559618881428
 3.3909E-02,0.0029210061568028895
 3.3927E-02,0.004871866436675769
 3.3945E-02,0.007067285838723719
 3.3964E-02,0.009409849314059788
 3.3982E-02,0.011798520420106179
 3.4000E-02,0.014132459678803534
 3.4018E-02,0.016313916540340416
 3.4037E-02,0.018250721646611828
 3.4055E-02,0.019859030274466956
 3.4073E-02,0.021066737439105376
 3.4091E-02,0.021817506007302655
 3.4110E-02,0.022074837011777457
 3.4128E-02,0.021825298050354658
 3.4146E-02,0.021080058444276347
 3.4164E-02,0.01987425722162504
 3.4183E-02,0.018264302298361932
 3.4201E-02,0.0163237335171718
 3.4219E-02,0.014138563111167478
 3.4238E-02,0.01180292943889695
 3.4256E-02,0.009415512407142348
 3.4274E-02,0.007076641887954184
 3.4292E-02,0.004885615444564027
 3.4311E-02,0.0029376117527931357
 3.4329E-02,0.0013197970413053892
 3.4347E-02,0.00010667964437425332
 3.4365E-02,-0.000644729677814106
 3.4384E-02,-0.0008990691808322178
 3.4402E-02,-0.000645207547844536
 3.4420E-02,0.00010328988686032932
 3.4438E-02,0.00130981323351372
 3.4457E-02,0.002917949891416479
 3.4475E-02,0.004855475757106929
 3.4493E-02,0.007038278796019015
 3.4511E-02,0.009373729828709185
 3.4530E-02,0.01176349945367424
 3.4548E-02,0.014106238065417043
 3.4566E-02,0.016300701476358058
 3.4584E-02,0.018249743181712838
 3.4603E-02,0.019865175273417496
 3.4621E-02,0.02107300694395702
 3.4639E-02,0.021818220765164122
 3.4657E-02,0.022068201062069807
 3.4676E-02,0.021814215574902415
 3.4694E-02,0.0210708590303661
 3.4712E-02,0.019873889359937745
 3.4731E-02,0.018277213530731605
 3.4749E-02,0.01634978573703553
 3.4767E-02,0.014172880406005246
 3.4785E-02,0.011837741665397424
 3.4804E-02,0.009443201894441203
 3.4822E-02,0.007092691059905893
 3.4840E-02,0.004890205633787659
 3.4858E-02,0.002935210837181582
 3.4877E-02,0.0013169395706499158
 3.4895E-02,0.0001089147188242049
 3.4913E-02,-0.0006353996474268495
 3.4931E-02,-0.0008851568327020095
 3.4950E-02,-0.0006327052946098196
 3.4968E-02,0.00010749685541660864
 3.4986E-02,0.0013009693503371216
 3.5004E-02,0.002895587338474854
 3.5023E-02,0.00482378234235646
 3.5041E-02,0.007004518169466296
 3.5059E-02,0.009345389741899947
 3.5077E-02,0.011745384562826342
 3.5096E-02,0.014098741502618334
 3.5114E-02,0.016299978045482565
 3.5132E-02,0.018249687596169933
 3.5151E-02,0.01986033428409561
 3.5169E-02,0.021061157481571724
 3.5187E-02,0.021801496946950008
 3.5205E-02,0.022052284335084136
 3.5224E-02,0.021805940458280704
 3.5242E-02,0.021075269631384456
 3.5260E-02,0.01989201541687446
 3.5278E-02,0.018305520790581613
 3.5297E-02,0.016381532383151553
 3.5315E-02,0.014200792908781902
 3.5333E-02,0.011856862561192722
 3.5351E-02,0.009452697793419146
 3.5370E-02,0.007095865275570954
 3.5388E-02,0.004892736122601028
 3.5406E-02,0.0029423949503006763
 3.5424E-02,0.001331146539799766
 3.5443E-02,0.00012834815050951536
 3.5461E-02,-0.0006160971836567566
 3.5479E-02,-0.0008727191949758814
 3.5497E-02,-0.0006324172378243785
 3.5516E-02,9.405563149515077e-05
 3.5534E-02,0.0012766477539659913
 3.5552E-02,0.0028665493005306797
 3.5570E-02,0.004797036607101965
 3.5589E-02,0.006985148196222591
 3.5607E-02,0.009334662084556493
 3.5625E-02,0.01174053080510851
 3.5644E-02,0.014094486560112099
 3.5662E-02,0.016291137217791716
 3.5680E-02,0.01823369843554472
 3.5698E-02,0.019838622457224314
 3.5717E-02,0.02103874274392516
 3.5735E-02,0.021785006469394685
 3.5753E-02,0.02204722718535252
 3.5771E-02,0.021814413387414074
 3.5790E-02,0.02109507555363292
 3.5808E-02,0.019917565741058293
 3.5826E-02,0.018330126151084286
 3.5844E-02,0.016400094389936185
 3.5863E-02,0.014211745951362972
 3.5881E-02,0.011862546791702889
 3.5899E-02,0.009458025587468874
 3.5917E-02,0.007105878196736984
 3.5936E-02,0.0049101217586964025
 3.5954E-02,0.0029660425212899334
 3.5972E-02,0.0013563667317481399
 3.5990E-02,0.00014866424943212812
 3.6009E-02,-0.0006063535770894031
 3.6027E-02,-0.0008761160324166034
 3.6045E-02,-0.0006474072154047123
 3.6063E-02,7.244846867806079e-05
 3.6082E-02,0.0012547434684759187
 3.6100E-02,0.0028494267896117973
 3.6118E-02,0.004786551835572827
 3.6137E-02,0.0069793939166751156
 3.6155E-02,0.00932908345668753
 3.6173E-02,0.011730198788625378
 3.6191E-02,0.01407653513247337
 3.6210E-02,0.016266303460402233
 3.6228E-02,0.018206293988041945
 3.6246E-02,0.019814942174783887
 3.6264E-02,0.021024589436577604
 3.6283E-02,0.02178338959700846
 3.6301E-02,0.022057215989038155
 3.6319E-02,0.0218316261050314
 3.6337E-02,0.02111358272903404
 3.6356E-02,0.019932381300012833
 3.6374E-02,0.018339214679247023
 3.6392E-02,0.01640504036126494
 3.6410E-02,0.01421681386141306
 3.6429E-02,0.011872556585285344
 3.6447E-02,0.009475975405542639
 3.6465E-02,0.0071313495688519225
 3.6483E-02,0.0049391599351951065
 3.6502E-02,0.0029925672438731177
 3.6520E-02,0.0013745119768953558
 3.6538E-02,0.00015505069173658804
 3.6557E-02,-0.0006113756557791756
 3.6575E-02,-0.0008887707483220813
 3.6593E-02,-0.0006621986212293524
 3.6611E-02,6.037071843380932e-05
 3.6630E-02,0.0012475750030124313
 3.6648E-02,0.0028459115906203404
 3.6666E-02,0.0047827270176302485
 3.6684E-02,0.006970541324981058
 3.6703E-02,0.009312035354224936
 3.6721E-02,0.011704994938891392
 3.6739E-02,0.014046709672038563
 3.6757E-02,0.016237670343283203
 3.6776E-02,0.018184745157973515
 3.6794E-02,0.01980419546472801
 3.6812E-02,0.021024842218186412
 3.6830E-02,0.021791442368493365
 3.6849E-02,0.02206799742196307
 3.6867E-02,0.021840450940357924
 3.6885E-02,0.021118164712856168
 3.6903E-02,0.019933736880982794
 3.6922E-02,0.018341078195185018
 3.6940E-02,0.016412056664251398
 3.6958E-02,0.014232300744824013
 3.6977E-02,0.011896811138461994
 3.6995E-02,0.009505859849381876
 3.7013E-02,0.0071613389680735134
 3.7031E-02,0.004963406416906228
 3.7050E-02,0.0030071028025614407
 3.7068E-02,0.0013786583084382236
 3.7086E-02,0.00015144959391199305
 3.7104E-02,-0.0006181048076818319
 3.7123E-02,-0.0008941545097318033
 3.7141E-02,-0.0006638941611053029
 3.7159E-02,6.158174582230735e-05
 3.7177E-02,0.0012482035421141125
 3.7196E-02,0.0028414002578855957
 3.7214E-02,0.004769597146856683
 3.7232E-02,0.006948117181849649
 3.7250E-02,0.009282997810778371
 3.7269E-02,0.011674520157557688
 3.7287E-02,0.014020555160173013
 3.7305E-02,0.016220020551452274
 3.7323E-02,0.0181767289261477
 3.7342E-02,0.019803695977923443
 3.7360E-02,0.021027663204413405
 3.7378E-02,0.02179331248456249
 3.7396E-02,0.022066538681362297
 3.7415E-02,0.02183625915617108
 3.7433E-02,0.02111453906505194
 3.7451E-02,0.019935182314991706
 3.7470E-02,0.01835123443855038
 3.7488E-02,0.016431953029288664
 3.7506E-02,0.014259692617564207
 3.7524E-02,0.01192688640962695
 3.7543E-02,0.00953301495685472
 3.7561E-02,0.007181268464504464
 3.7579E-02,0.0049746215667367845
 3.7597E-02,0.003011245967675584
 3.7616E-02,0.0013794999318685478
 3.7634E-02,0.0001530185363892609
 3.7652E-02,-0.0006134405725935881
 3.7670E-02,-0.0008868262215955503
 3.7689E-02,-0.000657001076520391
 3.7707E-02,6.361259599970727e-05
 3.7725E-02,0.0012415861705174314
 3.7743E-02,0.0028247377553557978
 3.7762E-02,0.004744655524648799
 3.7780E-02,0.00691928982368851
 3.7798E-02,0.009255685699320683
 3.7816E-02,0.011653115208348348
 3.7835E-02,0.014006880299108813
 3.7853E-02,0.016212880187975023
 3.7871E-02,0.018172744088595528
 3.7889E-02,0.01979904633029683
 3.7908E-02,0.021019971043960927
 3.7926E-02,0.02178284770928793
 3.7944E-02,0.02205622163995495
 3.7963E-02,0.021830460500911815
 3.7981E-02,0.021117196112985244
 3.7999E-02,0.01994804557159587
 3.8017E-02,0.018373000155719632
 3.8036E-02,0.016458654801062792
 3.8054E-02,0.014286183916607275
 3.8072E-02,0.01194878049895791
 3.8090E-02,0.009548258292689503
 3.8109E-02,0.0071906880904011716
 3.8127E-02,0.004981232572442083
 3.8145E-02,0.0030186383465238237
 3.8163E-02,0.0013900158453189172
 3.8182E-02,0.0001665145924671992
 3.8200E-02,-0.0005997090747557828
 3.8218E-02,-0.0008771480990975236
 3.8236E-02,-0.0006554329567007577
 3.8255E-02,5.4980082777894936e-05
 3.8273E-02,0.001223577668035684
 3.8291E-02,0.0028008526978644996
 3.8309E-02,0.004719741236070679
 3.8328E-02,0.006897693786594529
 3.8346E-02,0.009239671040879475
 3.8364E-02,0.011642205575057777
 3.8383E-02,0.013998397747797582
 3.8401E-02,0.01620342603841654
 3.8419E-02,0.01815996871579402
 3.8437E-02,0.01978293291747147
 3.8456E-02,0.021003071594188103
 3.8474E-02,0.02176936429379005
 3.8492E-02,0.022050325256121363
 3.8510E-02,0.021834568582276614
 3.8529E-02,0.02113094662680224
 3.8547E-02,0.019968404829538135
 3.8565E-02,0.018395454143554132
 3.8583E-02,0.01647897092565492
 3.8602E-02,0.014301990644894545
 3.8620E-02,0.011960297812289168
 3.8638E-02,0.009557882951875488
 3.8656E-02,0.007201632629430939
 3.8675E-02,0.004995822153737691
 3.8693E-02,0.0030370120239880845
 3.8711E-02,0.0014097995800197043
 3.8729E-02,0.00018361199691982488
 3.8748E-02,-0.0005895435274591264
 3.8766E-02,-0.0008766234959511707
 3.8784E-02,-0.0006646404411264598
 3.8803E-02,3.858831463919468e-05
 3.8821E-02,0.001204145924265488
 3.8839E-02,0.0027824651623281817
 3.8857E-02,0.004704858258158905
 3.8876E-02,0.006886342474448923
 3.8894E-02,0.009229723190055827
 3.8912E-02,0.011630606671125797
 3.8930E-02,0.0139828021637889
 3.8949E-02,0.01618352073941811
 3.8967E-02,0.018137904362642485
 3.8985E-02,0.019762667712610496
 3.9003E-02,0.020988902602244917
 3.9022E-02,0.021764270955210337
 3.9040E-02,0.022054829973078196
 3.9058E-02,0.021846595953213713
 3.9076E-02,0.021146733531860716
 3.9095E-02,0.01998406403407082
 3.9113E-02,0.01840851810710421
 3.9131E-02,0.0164892578547959
 3.9149E-02,0.014311432925553504
 3.9168E-02,0.011971823432145076
 3.9186E-02,0.009573848403249641
 3.9204E-02,0.0072224960471488665
 3.9222E-02,0.005019638126519217
 3.9241E-02,0.0030599731090190656
 3.9259E-02,0.001427598867202379
 3.9277E-02,0.00019304987011596868
 3.9296E-02,-0.0005893875293412007
 3.9314E-02,-0.0008841442889289857
 3.9332E-02,-0.0006764804032191126
 3.9350E-02,2.6086979144434837e-05
 3.9369E-02,0.0011934353052261355
 3.9387E-02,0.0027738746496206697
 3.9405E-02,0.0046966506360657185
 3.9423E-02,0.00687570614974056
 3.9442E-02,0.009214260428744214
 3.9460E-02,0.011609665174755587
 3.9478E-02,0.013958065946846173
 3.9496E-02,0.016158595879494066
 3.9515E-02,0.018117067902518
 3.9533E-02,0.019749307535137806
 3.9551E-02,0.020984308002107252
 3.9569E-02,0.021767281741476626
 3.9588E-02,0.022062482518021204
 3.9606E-02,0.021855477522010544
 3.9624E-02,0.02115445567332196
 3.9642E-02,0.01999022062316634
 3.9661E-02,0.01841472183072028
 3.9679E-02,0.016498250492510882
 3.9697E-02,0.01432566553151407
 3.9716E-02,0.011992129883079239
 3.9734E-02,0.009598793155784168
 3.9752E-02,0.007248684704762835
 3.9770E-02,0.005042864995037742
 3.9789E-02,0.00307672205218593
 3.9807E-02,0.0014362653242440643
 3.9825E-02,0.00019437468800643717
 3.9843E-02,-0.0005928424771804615
 3.9862E-02,-0.0008892395997990347
 3.9880E-02,-0.0006809189949107795
 3.9898E-02,2.2775769048283333e-05
 3.9916E-02,0.0011897665263061407
 3.9935E-02,0.002767181481071388
 3.9953E-02,0.004684419443445007
 3.9971E-02,0.006856889852611785
 3.9989E-02,0.009189996834747177
 4.0008E-02,0.011583082701412022
 4.0026E-02,0.013933250714674848
 4.0044E-02,0.016139153217386893
 4.0062E-02,0.018104883809739944
 4.0081E-02,0.019744027957883145
 4.0099E-02,0.02098374430548303
 4.0117E-02,0.02176855328566768
 4.0135E-02,0.022063393161939854
 4.0154E-02,0.021855527108286005
 4.0172E-02,0.02115505036920574
 4.0190E-02,0.019993995907879238
 4.0209E-02,0.018424277022968793
 4.0227E-02,0.016514847748893054
 4.0245E-02,0.01434846053912859
 4.0263E-02,0.012018271429125068
 4.0282E-02,0.00962435504039561
 4.0300E-02,0.007270037704598125
 4.0318E-02,0.005057911310790491
 4.0336E-02,0.00308547789552607
 4.0355E-02,0.001440559824829219
 4.0373E-02,0.000196812340392624
 4.0391E-02,-0.0005901959709226979
 4.0409E-02,-0.0008858750715274764
 4.0428E-02,-0.0006781651773987974
 4.0446E-02,2.23266184408707e-05
 4.0464E-02,0.001183438275994022
 4.0482E-02,0.002753487901620941
 4.0501E-02,0.004663880392212413
 4.0519E-02,0.0068320341418002545
 4.0537E-02,0.009164543918204742
 4.0555E-02,0.011560645658639769
 4.0574E-02,0.013916105771316864
 4.0592E-02,0.01612758973002172
 4.0610E-02,0.018097397363717106
 4.0629E-02,0.01973825654032734
 4.0647E-02,0.020977729675067915
 4.0665E-02,0.02176177327704955
 4.0683E-02,0.02205711381171617
 4.0702E-02,0.021852320768055284
 4.0720E-02,0.021157688350568558
 4.0738E-02,0.02000419506796302
 4.0756E-02,0.018441842670517714
 4.0775E-02,0.016537584294346225
 4.0793E-02,0.01437289143464835
 4.0811E-02,0.012040864116667785
 4.0829E-02,0.009642733599307955
 4.0848E-02,0.007283676088643064
 4.0866E-02,0.0050680272371929815
 4.0884E-02,0.003094192307319052
 4.0902E-02,0.0014497006007400941
 4.0921E-02,0.00020688951102628556
 4.0939E-02,-0.0005803949879025414
 4.0957E-02,-0.0008788922346546378
 4.0975E-02,-0.0006768477706202172
 4.0994E-02,1.6041940981201546e-05
 4.1012E-02,0.0011694118779260305
 4.1030E-02,0.0027335534051554267
 4.1048E-02,0.004641233295058683
 4.1067E-02,0.006810090437897443
 4.1085E-02,0.009145750081705506
 4.1103E-02,0.011545738423185889
 4.1122E-02,0.013904123974979882
 4.1140E-02,0.016116615904426115
 4.1158E-02,0.018085693443860018
 4.1176E-02,0.01972529065076319
 4.1195E-02,0.02096464098409313
 4.1213E-02,0.0217510671787116
 4.1231E-02,0.022051713858549413
 4.1249E-02,0.021854382435891963
 4.1268E-02,0.021167682894975257
 4.1286E-02,0.020020655663512108
 4.1304E-02,0.01846188076284064
 4.1322E-02,0.016557954972574528
 4.1341E-02,0.014391154555069988
 4.1359E-02,0.012056151982097363
 4.1377E-02,0.009655810127586468
 4.1395E-02,0.00729628003916573
 4.1414E-02,0.005081799977736766
 4.1432E-02,0.0031096666774468353
 4.1450E-02,0.0014657973105575608
 4.1468E-02,0.00022114585096626453
 4.1487E-02,-0.0005709561071775073
 4.1505E-02,-0.0008766204961760948
 4.1523E-02,-0.0006825353997494375
 4.1542E-02,3.4847540957992553e-06
 4.1560E-02,0.0011525407459299492
 4.1578E-02,0.0027154121904137568
 4.1596E-02,0.004624231282780753
 4.1615E-02,0.0067952079366255256
 4.1633E-02,0.00913240109588415
 4.1651E-02,0.011532334210365753
 4.1669E-02,0.013889079263812821
 4.1688E-02,0.016099349949632295
 4.1706E-02,0.018067182045568408
 4.1724E-02,0.01970792055182294
 4.1742E-02,0.02095142013591464
 4.1761E-02,0.02174452284620779
 4.1779E-02,0.02205294548360654
 4.1797E-02,0.02186266988277195
 4.1815E-02,0.02118081245732512
 4.1834E-02,0.02003581939341327
 4.1852E-02,0.018476761754711895
 4.1870E-02,0.01657153637281837
 4.1888E-02,0.01440391432714791
 4.1907E-02,0.012069573869797344
 4.1925E-02,0.00967143721952828
 4.1943E-02,0.0073147333641944935
 4.1961E-02,0.005102197246720985
 4.1980E-02,0.0031297016873225864
 4.1998E-02,0.001482455033128094
 4.2016E-02,0.00023175502313145806
 4.2035E-02,-0.0005677751703514135
 4.2053E-02,-0.0008805094770216551
 4.2071E-02,-0.0006916349753764721
 4.2089E-02,-8.276796360216364e-06
 4.2108E-02,0.0011403197801749115
 4.2126E-02,0.0027037712144113183
 4.2144E-02,0.004612791101623557
 4.2162E-02,0.006782575578256225
 4.2181E-02,0.009117047943157413
 4.2199E-02,0.01151355659641208
 4.2217E-02,0.01386761566859878
 4.2235E-02,0.016077377370197484
 4.2254E-02,0.018047681795505907
 4.2272E-02,0.01969367532410805
 4.2290E-02,0.020944062790069978
 4.2308E-02,0.02174403505931131
 4.2327E-02,0.022057811259135824
 4.2345E-02,0.021870608687901708
 4.2363E-02,0.02118977047736067
 4.2381E-02,0.020044790929191383
 4.2400E-02,0.018486091181442947
 4.2418E-02,0.016582579361421827
 4.2436E-02,0.0144182158141188
 4.2454E-02,0.012087929098702804
 4.2473E-02,0.00969325167009058
 4.2491E-02,0.0073379674350092
 4.2509E-02,0.005123929359758554
 4.2528E-02,0.0031470781953052205
 4.2546E-02,0.0014936307171899404
 4.2564E-02,0.0002364337110477919
 4.2582E-02,-0.0005684180690004747
 4.2601E-02,-0.0008844768383792928
 4.2619E-02,-0.0006970424160376814
 4.2637E-02,-1.4166686440319435e-05
 4.2655E-02,0.0011336329436826959
 4.2674E-02,0.0026949668421136514
 4.2692E-02,0.004600297395872276
 4.2710E-02,0.006765479322873845
 4.2728E-02,0.00909575813117787
 4.2747E-02,0.0114899262826504
 4.2765E-02,0.0138444588021859
 4.2783E-02,0.01605757665945161
 4.2801E-02,0.01803325850884908
 4.2820E-02,0.019685207419043442
 4.2838E-02,0.020940687633846013
 4.2856E-02,0.02174402230422565
 4.2874E-02,0.02205944837608454
 4.2893E-02,0.02187301084540269
 4.2911E-02,0.02119326369404604
 4.2929E-02,0.02005070578244098
 4.2948E-02,0.018496061738949146
 4.2966E-02,0.016597656997406056
 4.2984E-02,0.014438187740013077
 4.3002E-02,0.012111143101619133
 4.3021E-02,0.009717030859380927
 4.3039E-02,0.007359446227629844
 4.3057E-02,0.005140963149435558
 4.3075E-02,0.0031588501838296723
 4.3094E-02,0.001500711379234862
 4.3112E-02,0.00024028346601311676
 4.3130E-02,-0.0005662755860793615
 4.3148E-02,-0.0008832461780464892
 4.3167E-02,-0.0006970676456182867
 4.3185E-02,-1.6785452437041238e-05
 4.3203E-02,0.0011267273757246566
 4.3221E-02,0.0026825771197428847
 4.3240E-02,0.004582415852742069
 4.3258E-02,0.006743519379527451
 4.3276E-02,0.009072215947923883
 4.3294E-02,0.011467608229860794
 4.3313E-02,0.013825594784336911
 4.3331E-02,0.01604318642837841
 4.3349E-02,0.018023028006722938
 4.3368E-02,0.01967791262537004
 4.3386E-02,0.020934969048485075
 4.3404E-02,0.021739164926181342
 4.3422E-02,0.02205582333762139
 4.3441E-02,0.021871984541013776
 4.3459E-02,0.02119661308178826
 4.3477E-02,0.020059793671616404
 4.3495E-02,0.018511130564819837
 4.3514E-02,0.01661754923767452
 4.3532E-02,0.014460618305754248
 4.3550E-02,0.012133413233709697
 4.3568E-02,0.00973688599099291
 4.3587E-02,0.007375721863356902
 4.3605E-02,0.00515375703493814
 4.3623E-02,0.003169164170594243
 4.3641E-02,0.0015097335698211584
 4.3660E-02,0.0002486330108642733
 4.3678E-02,-0.000559006554761646
 4.3696E-02,-0.0008784505436783448
 4.3714E-02,-0.0006965961293035249
 4.3733E-02,-2.215947434923795e-05
 4.3751E-02,0.0011150246772189164
 4.3769E-02,0.002665425895938219
 4.3787E-02,0.004561857840984382
 4.3806E-02,0.006722110400667972
 4.3824E-02,0.0090522019352231
 4.3842E-02,0.01145026686535408
 4.3861E-02,0.013811011169220887
 4.3879E-02,0.01603054323408483
 4.3897E-02,0.018011269276316362
 4.3915E-02,0.019666480984868336
 4.3934E-02,0.020924286901438337
 4.3952E-02,0.021730643370374843
 4.3970E-02,0.022051388791666973
 4.3988E-02,0.021873323105792507
 4.4007E-02,0.021204455843241692
 4.4025E-02,0.020073549672591538
 4.4043E-02,0.01852902574626206
 4.4061E-02,0.01663721386959631
 4.4080E-02,0.014479875537392729
 4.4098E-02,0.012150938833354863
 4.4116E-02,0.00975246873778465
 4.4134E-02,0.007390028685654244
 4.4153E-02,0.005167720886220847
 4.4171E-02,0.00318327367600313
 4.4189E-02,0.0015235430822591123
 4.4207E-02,0.0002607139627592398
 4.4226E-02,-0.0005506442323216737
 4.4244E-02,-0.0008756416824087889
 4.4262E-02,-0.0007003107908780438
 4.4281E-02,-3.210102047472574e-05
 4.4299E-02,0.00110034391997991
 4.4317E-02,0.0026481637384433796
 4.4335E-02,0.004544096053222752
 4.4354E-02,0.006705196037173676
 4.4372E-02,0.009036447820270811
 4.4390E-02,0.011435125999698842
 4.4408E-02,0.013795634835359331
 4.4427E-02,0.016014467605837024
 4.4445E-02,0.017994921114891333
 4.4463E-02,0.01965127252906071
 4.4481E-02,0.020912248737145454
 4.4500E-02,0.021723744647070557
 4.4518E-02,0.022050830110886432
 4.4536E-02,0.021879100302842524
 4.4554E-02,0.02121537755985077
 4.4573E-02,0.020087698260787757
 4.4591E-02,0.01854446327159321
 4.4609E-02,0.0166526335453016
 4.4627E-02,0.014494926841311491
 4.4646E-02,0.012166098818409141
 4.4664E-02,0.009768529643071287
 4.4682E-02,0.00740743747450562
 4.4700E-02,0.005186068912765152
 4.4719E-02,0.0032011682933994613
 4.4737E-02,0.0015389271807084983
 4.4755E-02,0.0002715060149354228
 4.4774E-02,-0.0005458550212214935
 4.4792E-02,-0.0008771344520494016
 4.4810E-02,-0.0007071960845980445
 4.4828E-02,-4.271779487588251e-05
 4.4847E-02,0.0010877701660667082
 4.4865E-02,0.002634882393643197
 4.4883E-02,0.004530480405785585
 4.4901E-02,0.006690820847578316
 4.4920E-02,0.009020549932529182
 4.4938E-02,0.01141723667223328
 4.4956E-02,0.013776098426860055
 4.4974E-02,0.015994610498780166
 4.4993E-02,0.017976785844886337
 4.5011E-02,0.01963701981322213
 4.5029E-02,0.020903473592554525
 4.5047E-02,0.021720990374825052
 4.5066E-02,0.022053499672638793
 4.5084E-02,0.02188579518277599
 4.5102E-02,0.021224512849118294
 4.5120E-02,0.020098127531383566
 4.5139E-02,0.01855584699532046
 4.5157E-02,0.016665399494287414
 4.5175E-02,0.014509849845625202
 4.5194E-02,0.01218369288275062
 4.5212E-02,0.009788526502810289
 4.5230E-02,0.007428587939580354
 4.5248E-02,0.005206363912390921
 4.5267E-02,0.0032183960170638812
 4.5285E-02,0.0015513388050100124
 4.5303E-02,0.0002783165355818441
 4.5321E-02,-0.0005443334639827569
 4.5340E-02,-0.0008797728204262623
 4.5358E-02,-0.0007126135601635047
 4.5376E-02,-4.988474979139568e-05
 4.5394E-02,0.0010791501774794355
 4.5413E-02,0.0026243715015963854
 4.5431E-02,0.0045172793096701115
 4.5449E-02,0.0066743461157823
 4.5467E-02,0.00900095703481061
 4.5486E-02,0.011395652632206812
 4.5504E-02,0.013754452248302136
 4.5522E-02,0.015975121938893774
 4.5540E-02,0.01796131955077025
 4.5559E-02,0.01962656944213119
 4.5577E-02,0.02089798474059721
 4.5595E-02,0.021719586233672157
 4.5613E-02,0.022055001933854478
 4.5632E-02,0.021889308664441758
 4.5650E-02,0.02122981879169848
 4.5668E-02,0.020105717062163422
 4.5687E-02,0.01856658490118322
 4.5705E-02,0.01667997028112217
 4.5723E-02,0.014528233262182305
 4.5741E-02,0.012204904023731965
 4.5760E-02,0.009810742166363746
 4.5778E-02,0.007449615559211174
 4.5796E-02,0.005224263469849895
 4.5814E-02,0.00323200125958405
 4.5833E-02,0.0015604685994911008
 4.5851E-02,0.0002836003377447993
 4.5869E-02,-0.0005419279207923134
 4.5887E-02,-0.0008794967577189527
 4.5906E-02,-0.0007143339888070063
 4.5924E-02,-5.4148519598716006e-05
 4.5942E-02,0.0010714111452954833
 4.5960E-02,0.002612363144056957
 4.5979E-02,0.00450086598116083
 4.5997E-02,0.006654337737105312
 4.6015E-02,0.008979030580125719
 4.6033E-02,0.011373931230662902
 4.6052E-02,0.013734910698575077
 4.6070E-02,0.015959060614798327
 4.6088E-02,0.017949118319259636
 4.6107E-02,0.019617812637460864
 4.6125E-02,0.020891889510797478
 4.6143E-02,0.021715538067198486
 4.6161E-02,0.022052958055252134
 4.6180E-02,0.02188989043707139
 4.6198E-02,0.021234051703985592
 4.6216E-02,0.020114531592765154
 4.6234E-02,0.01858029666730742
 4.6253E-02,0.016697968251908932
 4.6271E-02,0.01454901648244744
 4.6289E-02,0.01222645883753741
 4.6307E-02,0.009831107553482687
 4.6326E-02,0.007467405833220982
 4.6344E-02,0.005238938283358887
 4.6362E-02,0.0032437828793954117
 4.6380E-02,0.0015699578354388087
 4.6399E-02,0.00029127016223306937
 4.6417E-02,-0.0005361325195012047
 4.6435E-02,-0.0008762732621925328
 4.6453E-02,-0.000714797662527684
 4.6472E-02,-5.936328146634545e-05
 4.6490E-02,0.0010609445353301184
 4.6508E-02,0.0025970396876878704
 4.6526E-02,0.0044819829171375055
 4.6545E-02,0.0066337657247822375
 4.6563E-02,0.008958681875768502
 4.6581E-02,0.011355241818835628
 4.6600E-02,0.013718545224408792
 4.6618E-02,0.015944951855034657
 4.6636E-02,0.017936808783854716
 4.6654E-02,0.019606936766335497
 4.6673E-02,0.020882576282614782
 4.6691E-02,0.021708550650218702
 4.6709E-02,0.02204950317105709
 4.6727E-02,0.021891175002254418
 4.6746E-02,0.021240775393620428
 4.6764E-02,0.020126533397418652
 4.6782E-02,0.01859650891384027
 4.6800E-02,0.016716701185699036
 4.6819E-02,0.014568456814611812
 4.6837E-02,0.012245176727047734
 4.6855E-02,0.009848366101361257
 4.6873E-02,0.00748315471231948
 4.6892E-02,0.005253510248006228
 4.6910E-02,0.0032574393211328195
 4.6928E-02,0.0015824927333794338
 4.6946E-02,0.0003018542186983186
 4.6965E-02,-0.0005287914854386072
 4.6983E-02,-0.000873515577525872
 4.7001E-02,-0.0007175155860042418
 4.7020E-02,-6.763277871303381e-05
 4.7038E-02,0.0010479475871619606
 4.7056E-02,0.0025808020308438597
 4.7074E-02,0.004464193204409308
 4.7093E-02,0.00661582111638035
 4.7111E-02,0.008941363387079852
 4.7129E-02,0.011338684874476243
 4.7147E-02,0.013702503480345057
 4.7166E-02,0.015929225823571938
 4.7184E-02,0.017921640469448205
 4.7202E-02,0.019593187458503844
 4.7220E-02,0.020871599735298237
 4.7239E-02,0.021701806899629226
 4.7257E-02,0.022048071722539985
 4.7275E-02,0.021895371137448865
 4.7293E-02,0.021250030683476473
 4.7312E-02,0.020139589834676876
 4.7330E-02,0.018611843766923087
 4.7348E-02,0.01673300373218693
 4.7366E-02,0.014584959510501164
 4.7385E-02,0.012261709474176739
 4.7403E-02,0.009865123935204058
 4.7421E-02,0.0075002936471070345
 4.7439E-02,0.005270759681496918
 4.7458E-02,0.003273911101528594
 4.7476E-02,0.0015967809607135386
 4.7494E-02,0.00031239359614139905
 4.7513E-02,-0.0005232530273524638
 4.7531E-02,-0.0008735243085567766
 4.7549E-02,-0.000722760775467317
 4.7567E-02,-7.709670443432231e-05
 4.7586E-02,0.0010356048708954043
 4.7604E-02,0.002566786753942901
 4.7622E-02,0.004449241130199464
 4.7640E-02,0.006600115766943796
 4.7659E-02,0.00892473291596665
 4.7677E-02,0.011320979903704557
 4.7695E-02,0.01368397972931109
 4.7713E-02,0.015910753320168662
 4.7732E-02,0.017904636238032554
 4.7750E-02,0.01957928834450115
 4.7768E-02,0.020862204794530534
 4.7786E-02,0.021697675984476552
 4.7805E-02,0.022049144005978516
 4.7823E-02,0.02190087438905214
 4.7841E-02,0.021258829377300184
 4.7859E-02,0.020150620550916286
 4.7878E-02,0.018624452542236034
 4.7896E-02,0.016747046085438113
 4.7914E-02,0.014600629357410428
 4.7933E-02,0.012279182123479877
 4.7951E-02,0.009884179458849677
 4.7969E-02,0.007520095498626837
 4.7987E-02,0.005289896342677638
 4.8006E-02,0.0032906951411094116
 4.8024E-02,0.0016096891645162354
 4.8042E-02,0.00032047117725392564
 4.8060E-02,-0.0005201861298483165
 4.8079E-02,-0.0008749433323731938
 4.8097E-02,-0.0007277443260884286
 4.8115E-02,-8.473637701903879e-05
 4.8133E-02,0.0010258699579701598
 4.8152E-02,0.0025550509601484405
 4.8170E-02,0.004435273422585378
 4.8188E-02,0.006583691331258258
 4.8206E-02,0.00890600203318137
 4.8225E-02,0.011300703743273976
 4.8243E-02,0.013663519216360484
 4.8261E-02,0.015891802980735933
 4.8279E-02,0.017888804407193426
 4.8298E-02,0.019567691280507556
 4.8316E-02,0.020855236714908337
 4.8334E-02,0.02169504236117615
 4.8352E-02,0.022050133932449315
 4.8371E-02,0.02190474755296521
 4.8389E-02,0.021265147205034092
 4.8407E-02,0.020159378883477356
 4.8426E-02,0.018635962278396683
 4.8444E-02,0.01676161973395607
 4.8462E-02,0.014618217093401912
 4.8480E-02,0.012299123945813223
 4.8499E-02,0.00990519086767022
 4.8517E-02,0.007540504371315256
 4.8535E-02,0.005308041556938923
 4.8553E-02,0.0033053289527559234
 4.8572E-02,0.001620224430955252
 4.8590E-02,0.00032698106296184587
 4.8608E-02,-0.000517203311245408
 4.8626E-02,-0.0008749231360428136
 4.8645E-02,-0.0007303782580280627
 4.8663E-02,-9.011582259309725e-05
 4.8681E-02,0.0010173491735304568
 4.8699E-02,0.0025429788373364506
 4.8718E-02,0.004419580289588022
 4.8736E-02,0.006564906475634873
 4.8754E-02,0.008885295880370778
 4.8772E-02,0.01127968449157507
 4.8791E-02,0.013643859006477865
 4.8809E-02,0.015874840860541424
 4.8827E-02,0.01787528267439437
 4.8846E-02,0.019557724405482625
 4.8864E-02,0.02084851279124223
 4.8882E-02,0.02169115868632842
 4.8900E-02,0.022048913160285084
 4.8919E-02,0.02190639240192561
 4.8937E-02,0.02127016460214602
 4.8955E-02,0.020168306859020043
 4.8973E-02,0.018649020479837554
 4.8992E-02,0.016778439341324003
 4.9010E-02,0.014637773371942941
 4.9028E-02,0.012319909030473915
 4.9046E-02,0.009925562767472477
 4.9065E-02,0.0075590743195866235
 4.9083E-02,0.005323947143197611
 4.9101E-02,0.0033182907236457854
 4.9119E-02,0.0016303767423212013
 4.9138E-02,0.0003345636914819257
 4.9156E-02,-0.0005121488692332416
 4.9174E-02,-0.0008727138179180304
 4.9192E-02,-0.0007316320011187493
 4.9211E-02,-9.549885011277061e-05
 4.9229E-02,0.0010074616550841324
 4.9247E-02,0.002528780391116982
 4.9265E-02,0.004401925546710798
 4.9284E-02,0.006545171457387833
 4.9302E-02,0.008865057152600905
 4.9320E-02,0.01126034359652476
 4.9339E-02,0.013626360301797171
 4.9357E-02,0.01585958953689637
 4.9375E-02,0.017862283271558855
 4.9393E-02,0.019546865865217252
 4.9412E-02,0.020839864509364706
 4.9430E-02,0.021685139508493278
 4.9448E-02,0.022046252627851242
 4.9466E-02,0.021907895776667487
 4.9485E-02,0.021276380289263715
 4.9503E-02,0.020179239178988836
 4.9521E-02,0.018664013306990173
 4.9539E-02,0.016796284676954553
 4.9558E-02,0.014657004450481525
 4.9576E-02,0.012339160780328852
 4.9594E-02,0.009943856159789755
 4.9612E-02,0.007575916161568648
 4.9631E-02,0.0053392176108913655
 4.9649E-02,0.0033319823255519173
 4.9667E-02,0.001642311184487376
 4.9685E-02,0.0003442206473222222
 4.9704E-02,-0.0005056075226616819
 4.9722E-02,-0.0008702270534659652
 4.9740E-02,-0.0007339176855540959
 4.9759E-02,-0.00010276165954290904
 4.9777E-02,0.0009956681820677354
 4.9795E-02,0.0025134770624806995
 4.9813E-02,0.004384444755524186
 4.9832E-02,0.0065268140922050705
 4.9850E-02,0.008846806492105893
 4.9868E-02,0.01124274667514814
 4.9886E-02,0.013609613672445377
 4.9905E-02,0.015843777797071384
 4.9923E-02,0.01784765324109761
 4.9941E-02,0.01953400497568061
 4.9959E-02,0.020829694780929567
 4.9978E-02,0.02167871980422137
 4.9996E-02,0.02204446647346954
 5.0014E-02,0.02191115336462767
 5.0032E-02,0.021284459257400624
 5.0051E-02,0.02019133124311939
 5.0069E-02,0.01867895777597266
 5.0087E-02,0.016812892409765808
 5.0105E-02,0.014674340121343735
 5.0124E-02,0.012356672368072197
 5.0142E-02,0.009961308802809205
 5.0160E-02,0.007593173149951591
 5.0178E-02,0.005355977350092548
 5.0197E-02,0.003347598384827462
 5.0215E-02,0.0016557855919863973
 5.0233E-02,0.00035438471161362796
 5.0252E-02,-0.0004997925696814149
 5.0270E-02,-0.0008693702162355368
 5.0288E-02,-0.000738021159048736
 5.0306E-02,-0.00011123805880669589
 5.0325E-02,0.0009837934372114426
 5.0343E-02,0.002499263543089757
 5.0361E-02,0.004368759761195577
 5.0379E-02,0.006510191181263666
 5.0398E-02,0.008829489699258281
 5.0416E-02,0.011224888679033533
 5.0434E-02,0.01359152898630385
 5.0452E-02,0.015826128133189413
 5.0471E-02,0.01783147171938474
 5.0489E-02,0.019520535979371482
 5.0507E-02,0.02082010670816814
 5.0525E-02,0.021673804019033956
 5.0544E-02,0.022044443287764653
 5.0562E-02,0.021915661723841157
 5.0580E-02,0.021292730092244368
 5.0598E-02,0.02020246828676801
 5.0617E-02,0.01869220673381814
 5.0635E-02,0.0168277878866093
 5.0653E-02,0.014690675548950888
 5.0672E-02,0.012374316866102415
 5.0690E-02,0.009979962335817074
 5.0708E-02,0.007612178538065134
 5.0726E-02,0.005374283238044715
 5.0745E-02,0.003363902053891704
 5.0763E-02,0.0016688067922221367
 5.0781E-02,0.00036316488970530164
 5.0799E-02,-0.0004956829989155407
 5.0818E-02,-0.0008697958381353529
 5.0836E-02,-0.0007424247437217422
 5.0854E-02,-0.00011889698167404539
 5.0872E-02,0.000973508645763856
 5.0891E-02,0.002486736953247671
 5.0909E-02,0.00435414360293833
 5.0927E-02,0.00649357077795989
 5.0945E-02,0.008811118272453917
 5.0964E-02,0.011205379089261433
 5.0982E-02,0.013571907113777936
 5.1000E-02,0.01580771165627676
 5.1018E-02,0.01781561307818111
 5.1037E-02,0.019508327033337724
 5.1055E-02,0.020812159773769975
 5.1073E-02,0.021670192280442258
 5.1091E-02,0.02204481674118335
 5.1110E-02,0.021919481672542682
 5.1128E-02,0.021299517198077874
 5.1146E-02,0.020211956770350252
 5.1165E-02,0.01870434118600798
 5.1183E-02,0.016842570021040372
 5.1201E-02,0.014707935280129765
 5.1219E-02,0.01239351639374804
 5.1238E-02,0.010000128845101904
 5.1256E-02,0.007632006592390529
 5.1274E-02,0.005392375634405266
 5.1292E-02,0.003379058957004739
 5.1311E-02,0.0016802525024660752
 5.1329E-02,0.00037062808040944605
 5.1347E-02,-0.0004920579952939664
 5.1365E-02,-0.0008696587251061212
 5.1384E-02,-0.0007454529866988441
 5.1402E-02,-0.0001249497050839429
 5.1420E-02,0.0009643827405958064
 5.1438E-02,0.0024744379837660637
 5.1457E-02,0.00433874003529729
 5.1475E-02,0.006475497836739397
 5.1493E-02,0.008791260197940376
 5.1511E-02,0.01118498857642557
 5.1530E-02,0.013552383998955708
 5.1548E-02,0.015790322531081775
 5.1566E-02,0.01780125846499911
 5.1585E-02,0.019497442420551184
 5.1603E-02,0.0208047800209105
 5.1621E-02,0.021666140155809126
 5.1639E-02,0.022043925216717507
 5.1658E-02,0.02192174795079948
 5.1676E-02,0.021305119041299538
 5.1694E-02,0.020221124176969908
 5.1712E-02,0.018717141617042493
 5.1731E-02,0.016858705006997605
 5.1749E-02,0.014726643315570262
 5.1767E-02,0.012413632992639093
 5.1785E-02,0.010020288630725615
 5.1804E-02,0.007650912784367334
 5.1822E-02,0.005409034710944267
 5.1840E-02,0.0033928941398713615
 5.1858E-02,0.0016910618521669412
 5.1877E-02,0.0003784187793618274
 5.1895E-02,-0.00048727637787256617
 5.1913E-02,-0.0008680242674203255
 5.1931E-02,-0.0007472744062120918
 5.1950E-02,-0.0001305895371903628
 5.1968E-02,0.0009547146996004885
 5.1986E-02,0.0024608897794979184
 5.2004E-02,0.004321928225086135
 5.2023E-02,0.00645646899101529
 5.2041E-02,0.008771310367042762
 5.2059E-02,0.011165406881262413
 5.2078E-02,0.013534217482388072
 5.2096E-02,0.015774249188595532
 5.2114E-02,0.017787608482291224
 5.2132E-02,0.01948634432439423
 5.2151E-02,0.020796355943442
 5.2169E-02,0.021660655234325837
 5.2187E-02,0.02204181837992654
 5.2205E-02,0.02192352516346481
 5.2224E-02,0.021311152065382134
 5.2242E-02,0.02023144119027949
 5.2260E-02,0.018731301933101713
 5.2278E-02,0.01687581621304373
 5.2297E-02,0.01474552013591661
 5.2315E-02,0.012433038555200237
 5.2333E-02,0.010039165683168193
 5.2351E-02,0.007668518732260926
 5.2370E-02,0.005424937034671772
 5.2388E-02,0.003406843135116248
 5.2406E-02,0.001702809683091724
 5.2424E-02,0.00038757532919640866
 5.2443E-02,-0.00048127833361898413
 5.2461E-02,-0.0008658313944261381
 5.2479E-02,-0.0007494188091014401
 5.2498E-02,-0.00013727835440986464
 5.2516E-02,0.0009437366710421329
 5.2534E-02,0.0024463437598854685
 5.2552E-02,0.004304865426941973
 5.2571E-02,0.0064380461039556065
 5.2589E-02,0.008752563156400607
 5.2607E-02,0.011147107109546375
 5.2625E-02,0.013516860975587826
 5.2644E-02,0.015758165682021423
 5.2662E-02,0.017773131519592367
 5.2680E-02,0.01947395443078456
 5.2698E-02,0.020786723220504313
 5.2717E-02,0.021654552703809848
 5.2735E-02,0.022039935206772686
 5.2753E-02,0.021926254273779377
 5.2771E-02,0.021318440030227006
 5.2790E-02,0.0202427638469984
 5.2808E-02,0.01874577765314457
 5.2826E-02,0.016892412251877143
 5.2844E-02,0.014763270353640496
 5.2863E-02,0.01245118872395561
 5.2881E-02,0.0100571961360107
 5.2899E-02,0.007686048484345863
 5.2917E-02,0.005441565140197415
 5.2936E-02,0.0034220097639658877
 5.2954E-02,0.0017157499512240875
 5.2972E-02,0.00039739765826413706
 5.2991E-02,-0.0004754126644596138
 5.3009E-02,-0.0008644960666229471
 5.3027E-02,-0.0007527622113640293
 5.3045E-02,-0.0001449798487307549
 5.3064E-02,0.0009323766653381075
 5.3082E-02,0.002432216951618129
 5.3100E-02,0.004288847536813684
 5.3118E-02,0.006420848990880384
 5.3137E-02,0.008734700259948292
 5.3155E-02,0.011128974640814002
 5.3173E-02,0.013498886325541491
 5.3191E-02,0.015740945138996574
 5.3210E-02,0.01775748417285926
 5.3228E-02,0.019460855935531915
 5.3246E-02,0.020777135972075037
 5.3264E-02,0.021649215062627587
 5.3283E-02,0.022039191829079256
 5.3301E-02,0.02192999397844254
 5.3319E-02,0.021326163738219744
 5.3337E-02,0.02025375190275328
 5.3356E-02,0.018759286145041812
 5.3374E-02,0.016907818697802713
 5.3392E-02,0.01478011398337008
 5.3410E-02,0.012469098526836819
 5.3429E-02,0.010075749963268415
 5.3447E-02,0.007704637159442819
 5.3465E-02,0.005459333664677404
 5.3484E-02,0.0034379143406443155
 5.3502E-02,0.0017287192314283993
 5.3520E-02,0.00040654105388278437
 5.3538E-02,-0.00047062808384990256
 5.3557E-02,-0.0008641666598462667
 5.3575E-02,-0.0007565935132187861
 5.3593E-02,-0.00015243292019285928
 5.3611E-02,0.0009219023099155033
 5.3630E-02,0.0024192401905804724
 5.3648E-02,0.004273758313503436
 5.3666E-02,0.006403968910209597
 5.3684E-02,0.00871641461560762
 5.3703E-02,0.011109867069900664
 5.3721E-02,0.013479805127520096
 5.3739E-02,0.01572295917691834
 5.3757E-02,0.017741733739392362
 5.3776E-02,0.019448349569760808
 5.3794E-02,0.02076856832193887
 5.3812E-02,0.021644873136795573
 5.3830E-02,0.0220389807370973
 5.3849E-02,0.02193356414527646
 5.3867E-02,0.021333080713051813
 5.3885E-02,0.020263634724394106
 5.3904E-02,0.018771857060604673
 5.3922E-02,0.016922848300796642
 5.3940E-02,0.014797293497170847
 5.3958E-02,0.012487904341151606
 5.3977E-02,0.010095370282377614
 5.3995E-02,0.0077240048393672585
 5.4013E-02,0.005477264256836671
 5.4031E-02,0.0034533034712574337
 5.4050E-02,0.0017407279508724197
 5.4068E-02,0.0004147024536990747
 5.4086E-02,-0.00046641507400752436
 5.4104E-02,-0.0008637439213674518
 5.4123E-02,-0.000759698023497505
 5.4141E-02,-0.0001588285732406498
 5.4159E-02,0.0009123724848282778
 5.4177E-02,0.002406701188985318
 5.4196E-02,0.004258423945023105
 5.4214E-02,0.006386276407581746
 5.4232E-02,0.008697105300631593
 5.4250E-02,0.011089966876502303
 5.4269E-02,0.013460500606269682
 5.4287E-02,0.015705408747182466
 5.4305E-02,0.01772688148719377
 5.4324E-02,0.01943680802458963
 5.4342E-02,0.020760607805260407
 5.4360E-02,0.021640510899241985
 5.4378E-02,0.02203812227569567
 5.4397E-02,0.021936129303065422
 5.4415E-02,0.021339056750441312
 5.4433E-02,0.020273033136027012
 5.4451E-02,0.018784595340700552
 5.4470E-02,0.01693861281448543
 5.4488E-02,0.01481544998241996
 5.4506E-02,0.012507503941825438
 5.4524E-02,0.010115259523383451
 5.4543E-02,0.007743004651527955
 5.4561E-02,0.00549435460326394
 5.4579E-02,0.0034677484059952184
 5.4597E-02,0.0017521015491999221
 5.4616E-02,0.0004228178055140845
 5.4634E-02,-0.00046163168141487407
 5.4652E-02,-0.0008623703841161943
 5.4670E-02,-0.0007618686049945446
 5.4689E-02,-0.00016469514530490328
 5.4707E-02,0.0009027538821463967
 5.4725E-02,0.002393507353497997
 5.4743E-02,0.004242161258632513
 5.4762E-02,0.006367788389907583
 5.4780E-02,0.00867747816723696
 5.4798E-02,0.01107036222357145
 5.4817E-02,0.013441974160796663
 5.4835E-02,0.01568877913423717
 5.4853E-02,0.017712691116116248
 5.4871E-02,0.019425378941162703
 5.4890E-02,0.020752155596948103
 5.4908E-02,0.02163525653591861
 5.4926E-02,0.02203634498593854
 5.4944E-02,0.021938131655860144
 5.4963E-02,0.02134505373395504
 5.4981E-02,0.020283012519515028
 5.4999E-02,0.01879821158219452
 5.5000E-02,0.01871672072033548
