  0.000,0.0
  1.000,0.010595607223304163
  0.000,0.010595607223304163
 3.5090E-05,0.011533379711667529
 7.0180E-05,0.014309497723420536
 1.0527E-04,0.017926899616790344
 1.4036E-04,0.019855965384095366
 1.7545E-04,0.019997339008141806
 2.1054E-04,0.019622397575332653
 2.4563E-04,0.02037823442494825
 2.8072E-04,0.021831173115953353
 3.1581E-04,0.02214000971685088
 3.5090E-04,0.020531328820920892
 3.8599E-04,0.0177985971054281
 4.2108E-04,0.015743948146703934
 4.5617E-04,0.014920643567112129
 4.9126E-04,0.013920035651206293
 5.2635E-04,0.01154292526648033
 5.6144E-04,0.008037439925166527
 5.9653E-04,0.0050047500640107755
 6.3162E-04,0.0036623594000788555
 6.6671E-04,0.003255437983420221
 7.0180E-04,0.0023361325023495898
 7.3689E-04,0.0005113059362786014
 7.7198E-04,-0.0011194251092071668
 8.0707E-04,-0.0010857792437508067
 8.4216E-04,0.0005241046086080718
 8.7725E-04,0.002278450411010268
 9.1234E-04,0.0031812436124271067
 9.4743E-04,0.0036743904370467474
 9.8252E-04,0.005145552960506424
 1.0176E-03,0.008090396013732386
 1.0527E-03,0.011403319192073798
 1.0878E-03,0.013728929323779192
 1.1229E-03,0.014883994266914408
 1.1580E-03,0.015987244611295335
 1.1931E-03,0.01799825188045944
 1.2281E-03,0.020398527601694492
 1.2632E-03,0.02183286029733624
 1.2983E-03,0.021658833183565165
 1.3334E-03,0.020641397675324212
 1.3685E-03,0.02002904329966016
 1.4036E-03,0.019989454734059137
 1.4387E-03,0.019478357415586976
 1.4738E-03,0.01758410733154411
 1.5089E-03,0.014650864904266519
 1.5440E-03,0.011959965433046213
 1.5790E-03,0.010251235359251279
 1.6141E-03,0.008941839821463906
 1.6492E-03,0.007000325341684187
 1.6843E-03,0.004281768074288811
 1.7194E-03,0.0018024423615966194
 1.7545E-03,0.0006030227263037753
 1.7896E-03,0.0005577605692694495
 1.8247E-03,0.0006417666486346592
 1.8598E-03,0.0002186095512028544
 1.8949E-03,-0.0001880356545335699
 1.9299E-03,0.0004704494142003806
 1.9650E-03,0.002452652221214849
 2.0001E-03,0.004895286396119648
 2.0352E-03,0.006811341591828815
 2.0703E-03,0.00817979960617059
 2.1054E-03,0.009865376809205425
 2.1405E-03,0.012443001661117932
 2.1756E-03,0.015395993955342515
 2.2107E-03,0.017656375537644382
 2.2458E-03,0.018782655942730743
 2.2809E-03,0.019384485548498642
 2.3159E-03,0.020283191883032355
 2.3510E-03,0.021445006243293284
 2.3861E-03,0.022001383054952747
 2.4212E-03,0.021285525275818715
 2.4563E-03,0.019629899763523403
 2.4914E-03,0.017973434054436847
 2.5265E-03,0.016759696313856178
 2.5616E-03,0.01548421467386099
 2.5967E-03,0.013408792038329299
 2.6317E-03,0.010550087307265942
 2.6668E-03,0.007756003823146866
 2.7019E-03,0.0057797263186061525
 2.7370E-03,0.004489189289598492
 2.7721E-03,0.0031573569525873923
 2.8072E-03,0.0014448567758810395
 2.8423E-03,-0.00011414876312325893
 2.8774E-03,-0.000704990050943464
 2.9125E-03,-0.00017358950406651263
 2.9476E-03,0.000828806563906569
 2.9826E-03,0.0016435953246396705
 3.0177E-03,0.002371520399639794
 3.0528E-03,0.0036900314055035013
 3.0879E-03,0.005956769108493463
 3.1230E-03,0.008701937289669084
 3.1581E-03,0.011111373733435993
 3.1932E-03,0.012902406980675619
 3.2283E-03,0.014540124032138663
 3.2634E-03,0.016547142164509886
 3.2985E-03,0.01876457454945705
 3.3335E-03,0.02045992010876101
 3.3686E-03,0.02113516074950834
 3.4037E-03,0.021055175489351444
 3.4388E-03,0.020866508310776456
 3.4739E-03,0.02078671989663491
 3.5090E-03,0.02035323039267756
 3.5441E-03,0.019018661872415566
 3.5792E-03,0.016858407288365778
 3.6143E-03,0.014534416328771161
 3.6494E-03,0.012570420573261708
 3.6845E-03,0.010824725183790572
 3.7195E-03,0.008784370880186562
 3.7546E-03,0.006303622771917946
 3.7897E-03,0.0038855311146210035
 3.8248E-03,0.002171485065477764
 3.8599E-03,0.0012663937107654367
 3.8950E-03,0.0007096877530564758
 3.9301E-03,0.00010765378800245483
 3.9652E-03,-0.00034847608811950043
 4.0003E-03,-0.00010156143495262758
 4.0353E-03,0.001093318891036345
 4.0704E-03,0.002857248048714325
 4.1055E-03,0.004608733882027331
 4.1406E-03,0.006198971429037502
 4.1757E-03,0.007996098311173684
 4.2108E-03,0.010331616276809251
 4.2459E-03,0.012993425305906331
 4.2810E-03,0.015378439852597195
 4.3161E-03,0.01711238520389474
 4.3512E-03,0.018386847511910845
 4.3862E-03,0.019617642484531236
 4.4213E-03,0.02085483841774539
 4.4564E-03,0.02166373125434166
 4.4915E-03,0.021612412322789525
 4.5266E-03,0.020768587423940842
 4.5617E-03,0.01960779988330967
 4.5968E-03,0.0184562658471748
 4.6319E-03,0.017148672983959556
 4.6670E-03,0.01530544939760486
 4.7021E-03,0.012879509436948771
 4.7371E-03,0.010305033225027018
 4.7722E-03,0.008073524738615064
 4.8073E-03,0.006255556241142131
 4.8424E-03,0.004539130617544923
 4.8775E-03,0.0027218740868249964
 4.9126E-03,0.0010510046793160326
 4.9477E-03,1.24719322044161e-06
 4.9828E-03,-0.00023353849389305402
 5.0179E-03,7.912359829727824e-05
 5.0530E-03,0.0005649576011457228
 5.0880E-03,0.0011943982850909796
 5.1231E-03,0.0022862872039370345
 5.1582E-03,0.004069910287465743
 5.1933E-03,0.006343431845810283
 5.2284E-03,0.008639954242688512
 5.2635E-03,0.01069482827070407
 5.2986E-03,0.012650453582866563
 5.3337E-03,0.014762214575453608
 5.3688E-03,0.016974963769056134
 5.4039E-03,0.018887294087905845
 5.4389E-03,0.020143145100282273
 5.4740E-03,0.02077488158132753
 5.5091E-03,0.021089260005188425
 5.5442E-03,0.021246245504555186
 5.5793E-03,0.02104649289079636
 5.6144E-03,0.020179676641246674
 5.6495E-03,0.01862482321852729
 5.6846E-03,0.016716290986716405
 5.7197E-03,0.014801220193810125
 5.7548E-03,0.012906996727929112
 5.7898E-03,0.010814724718921387
 5.8249E-03,0.00843693549046745
 5.8600E-03,0.006033856936260143
 5.8951E-03,0.004006736575723969
 5.9302E-03,0.002521281103693409
 5.9653E-03,0.0014127504067273952
 6.0004E-03,0.00047598401788577765
 6.0355E-03,-0.00022020227011664386
 6.0706E-03,-0.00037551222978577953
 6.1057E-03,0.00019926600013572208
 6.1407E-03,0.00135673270720337
 6.1758E-03,0.0027726992011967563
 6.2109E-03,0.004292258761260378
 6.2460E-03,0.006044378057912402
 6.2811E-03,0.00819504710363005
 6.3162E-03,0.010647228442740127
 6.3513E-03,0.013053861026641484
 6.3864E-03,0.015126535394476833
 6.4215E-03,0.01686740143501121
 6.4566E-03,0.018451688848266562
 6.4916E-03,0.01991431962504933
 6.5267E-03,0.021026317211772356
 6.5618E-03,0.02150939610519737
 6.5969E-03,0.021326154997397744
 6.6320E-03,0.020696780640710698
 6.6671E-03,0.01982900892770013
 6.7022E-03,0.018692752312723812
 6.7373E-03,0.017108586082931938
 6.7724E-03,0.01503465380904574
 6.8075E-03,0.012699436929095382
 6.8425E-03,0.010420311610462417
 6.8776E-03,0.008328930086229822
 6.9127E-03,0.00633098071870628
 6.9478E-03,0.004338413200984636
 6.9829E-03,0.002483976609205194
 7.0180E-03,0.0010558266369823774
 7.0531E-03,0.0002326856938970475
 7.0882E-03,-6.15412234345722e-05
 7.1233E-03,-1.4710598208286671e-05
 7.1584E-03,0.0003249096245023284
 7.1934E-03,0.0011029622709681191
 7.2285E-03,0.002455266113609209
 7.2636E-03,0.004297479078115226
 7.2987E-03,0.00636311468108249
 7.3338E-03,0.008441987100176544
 7.3689E-03,0.010532036591626591
 7.4040E-03,0.012728087774646612
 7.4391E-03,0.014991649801825647
 7.4742E-03,0.01708619481835496
 7.5093E-03,0.018757289399998413
 7.5443E-03,0.019940442018163185
 7.5794E-03,0.02075013117531367
 7.6145E-03,0.0212714939918167
 7.6496E-03,0.02141261664643212
 7.6847E-03,0.020995927000594928
 7.7198E-03,0.019974514424895524
 7.7549E-03,0.018510201043216913
 7.7900E-03,0.016821312603958236
 7.8251E-03,0.0149864602621103
 7.8602E-03,0.012938478922609032
 7.8952E-03,0.010647845486390375
 7.9303E-03,0.008266430040716914
 7.9654E-03,0.006054824258900781
 8.0005E-03,0.0041805237207465555
 8.0356E-03,0.0026274732343244296
 8.0707E-03,0.0013183675881471297
 8.1058E-03,0.00029369479471745303
 8.1409E-03,-0.0002725752073859317
 8.1760E-03,-0.00023886491935546942
 8.2111E-03,0.000357804024617293
 8.2461E-03,0.001349423923929743
 8.2812E-03,0.0026170947841720263
 8.3163E-03,0.004185486462258312
 8.3514E-03,0.006122027675472859
 8.3865E-03,0.00836913521284715
 8.4216E-03,0.010716365267583539
 8.4567E-03,0.012947424751487824
 8.4918E-03,0.01498639629625492
 8.5269E-03,0.016872233518794272
 8.5620E-03,0.018600763871619866
 8.5970E-03,0.020031891770595684
 8.6321E-03,0.020976616435883316
 8.6672E-03,0.021358991540325972
 8.7023E-03,0.02125931089857591
 8.7374E-03,0.02079102320487992
 8.7725E-03,0.01996418414205254
 8.8076E-03,0.018700091138644855
 8.8427E-03,0.016975108850065673
 8.8778E-03,0.014915701351746725
 8.9129E-03,0.012728437407451092
 8.9479E-03,0.010549169138645514
 8.9830E-03,0.008390286648413132
 9.0181E-03,0.00624250086027125
 9.0532E-03,0.004200359416140066
 9.0883E-03,0.002455109386623644
 9.1234E-03,0.0011616828871488134
 9.1585E-03,0.0003381017371021731
 9.1936E-03,-8.632073036610524e-05
 9.2287E-03,-0.00013810934032838345
 9.2638E-03,0.00025442422901214063
 9.2988E-03,0.0011721577090281691
 9.3339E-03,0.0025831422049702266
 9.3690E-03,0.004335987093410556
 9.4041E-03,0.0062762354086925605
 9.4392E-03,0.00834627944423657
 9.4743E-03,0.01055280271801413
 9.5094E-03,0.012848052604886303
 9.5445E-03,0.015074351414920337
 9.5796E-03,0.017042272148111867
 9.6147E-03,0.01865060368045325
 9.6497E-03,0.019907567221040003
 9.6848E-03,0.02083409470725934
 9.7199E-03,0.02137178684146503
 9.7550E-03,0.021409152020921324
 9.7901E-03,0.02089398495454431
 9.8252E-03,0.01989571885792572
 9.8603E-03,0.018543721568382337
 9.8954E-03,0.01691748182915477
 9.9305E-03,0.015019877659871061
 9.9656E-03,0.012860902063532645
 1.0001E-02,0.010544951012192414
 1.0036E-02,0.008252273696463298
 1.0071E-02,0.006134518856018846
 1.0106E-02,0.004246918379096106
 1.0141E-02,0.0025928026773805813
 1.0176E-02,0.0012196708107934167
 1.0211E-02,0.00024589036462541506
 1.0246E-02,-0.00021624636119400511
 1.0281E-02,-0.00014933091020262593
 1.0316E-02,0.0003733918803436089
 1.0352E-02,0.0012771671765256824
 1.0387E-02,0.0025509065033151143
 1.0422E-02,0.004211680730492452
 1.0457E-02,0.006215434878020801
 1.0492E-02,0.008425385863852216
 1.0527E-02,0.010678663848550329
 1.0562E-02,0.012873402890437837
 1.0597E-02,0.014975890370094551
 1.0632E-02,0.016945824407952833
 1.0667E-02,0.018676308128670244
 1.0702E-02,0.020025226621663287
 1.0738E-02,0.020902611866624086
 1.0773E-02,0.02131129639995941
 1.0808E-02,0.021295772537156702
 1.0843E-02,0.02086478407410285
 1.0878E-02,0.01998241241568062
 1.0913E-02,0.018636860814602692
 1.0948E-02,0.0169013741157565
 1.0983E-02,0.014912094059112643
 1.1018E-02,0.012788404712821179
 1.1053E-02,0.010589176727630942
 1.1088E-02,0.008352404634310077
 1.1124E-02,0.0061639511780457595
 1.1159E-02,0.004167124037520221
 1.1194E-02,0.002497920055533326
 1.1229E-02,0.0012206563496846173
 1.1264E-02,0.0003369675591859848
 1.1299E-02,-0.00014799977789859022
 1.1334E-02,-0.0001859165311914283
 1.1369E-02,0.0002787705922325728
 1.1404E-02,0.001241075315130757
 1.1439E-02,0.0026180354234922832
 1.1474E-02,0.004302567788077114
 1.1510E-02,0.006224486443594543
 1.1545E-02,0.008348196034858922
 1.1580E-02,0.010614941749310691
 1.1615E-02,0.012904610616418523
 1.1650E-02,0.015067417951088673
 1.1685E-02,0.01699089857448551
 1.1720E-02,0.01862582136327905
 1.1755E-02,0.01994542053534946
 1.1790E-02,0.020892713808981393
 1.1825E-02,0.021383249181002796
 1.1860E-02,0.02136167700793808
 1.1896E-02,0.020844858058082266
 1.1931E-02,0.01990087969582229
 1.1966E-02,0.018590600302348048
 1.2001E-02,0.01694184913498256
 1.2036E-02,0.014984564585853767
 1.2071E-02,0.012800293862043195
 1.2106E-02,0.01052246741879224
 1.2141E-02,0.008283895672714616
 1.2176E-02,0.00617105988731958
 1.2211E-02,0.004235018349847944
 1.2246E-02,0.0025395659313129397
 1.2281E-02,0.001183171472716611
 1.2317E-02,0.00026457315438203704
 1.2352E-02,-0.00016911092654386093
 1.2387E-02,-0.0001319832053303281
 1.2422E-02,0.00034189986831084147
 1.2457E-02,0.0012389700642023562
 1.2492E-02,0.002557235352675569
 1.2527E-02,0.004260871343749521
 1.2562E-02,0.006255760644490372
 1.2597E-02,0.008417948190938206
 1.2632E-02,0.010643479739447582
 1.2667E-02,0.012863632434840585
 1.2703E-02,0.015012732344608325
 1.2738E-02,0.016993260189534926
 1.2773E-02,0.01868526382808935
 1.2808E-02,0.019992555471660352
 1.2843E-02,0.02087359823855979
 1.2878E-02,0.021323877289112454
 1.2913E-02,0.02133489232157339
 1.2948E-02,0.02088162465814929
 1.2983E-02,0.019953942422604364
 1.3018E-02,0.01859313933308812
 1.3053E-02,0.0168884409253043
 1.3089E-02,0.014936518221637586
 1.3124E-02,0.012810608591178552
 1.3159E-02,0.010572464229823414
 1.3194E-02,0.008307470832213488
 1.3229E-02,0.006135432953915448
 1.3264E-02,0.004179631017024544
 1.3299E-02,0.0025272999515601703
 1.3334E-02,0.0012244453478675585
 1.3369E-02,0.00030611312318292155
 1.3404E-02,-0.0001787651640243037
 1.3439E-02,-0.00018062063813199534
 1.3475E-02,0.00031413572405160123
 1.3510E-02,0.0012666080637064616
 1.3545E-02,0.002608458863046753
 1.3580E-02,0.004277066269489512
 1.3615E-02,0.006222390614932084
 1.3650E-02,0.008380903518003188
 1.3685E-02,0.010652400053022532
 1.3720E-02,0.012911907324176896
 1.3755E-02,0.015046433122292627
 1.3790E-02,0.016976818425427868
 1.3825E-02,0.018643675067967772
 1.3861E-02,0.019979815924939123
 1.3896E-02,0.020906938376896035
 1.3931E-02,0.021363703044503923
 1.3966E-02,0.021333611325622177
 1.4001E-02,0.020841091394023195
 1.4036E-02,0.01992217705356156
 1.4071E-02,0.018605591939916524
 1.4106E-02,0.016925712511336597
 1.4141E-02,0.014949054101328282
 1.4176E-02,0.012779162263736382
 1.4211E-02,0.01053079133071531
 1.4247E-02,0.008300790604832497
 1.4282E-02,0.006166027115932965
 1.4317E-02,0.004205258243213208
 1.4352E-02,0.0025131463768492566
 1.4387E-02,0.0011849824281333304
 1.4422E-02,0.0002867839097176288
 1.4457E-02,-0.00015671074077405192
 1.4492E-02,-0.00014506610492776858
 1.4527E-02,0.0003207591507194838
 1.4562E-02,0.001238592865005075
 1.4597E-02,0.002582818366399054
 1.4633E-02,0.004288021375928902
 1.4668E-02,0.006260145536804984
 1.4703E-02,0.008404182228342123
 1.4738E-02,0.01063854525064917
 1.4773E-02,0.012883511475821428
 1.4808E-02,0.015042969881227455
 1.4843E-02,0.01700657044098828
 1.4878E-02,0.01867423248121128
 1.4913E-02,0.019977777194854374
 1.4948E-02,0.020877988169567853
 1.4983E-02,0.021344816176870708
 1.5019E-02,0.02134779759807474
 1.5054E-02,0.020869976652407363
 1.5089E-02,0.019929046125889836
 1.5124E-02,0.01858005255661468
 1.5159E-02,0.01689574221223756
 1.5194E-02,0.014946645577891233
 1.5229E-02,0.012801924758927717
 1.5264E-02,0.010545784047587922
 1.5299E-02,0.008285028303459457
 1.5334E-02,0.0061341245170637064
 1.5369E-02,0.0041912564758671235
 1.5405E-02,0.002529375083400077
 1.5440E-02,0.001207895422367049
 1.5475E-02,0.00028618328698952066
 1.5510E-02,-0.00018113516157390234
 1.5545E-02,-0.00016394415465098344
 1.5580E-02,0.00033056970624290944
 1.5615E-02,0.00126630854093709
 1.5650E-02,0.0025973466132978872
 1.5685E-02,0.004275649401386423
 1.5720E-02,0.00624049843450797
 1.5755E-02,0.008405733688823597
 1.5790E-02,0.010663985458557446
 1.5826E-02,0.012906843869128383
 1.5861E-02,0.015041172574195367
 1.5896E-02,0.01698701247738943
 1.5931E-02,0.018664951197956657
 1.5966E-02,0.019993110826910698
 1.6001E-02,0.020901464070628206
 1.6036E-02,0.02134953503735763
 1.6071E-02,0.021328974102498472
 1.6106E-02,0.02085019968642545
 1.6141E-02,0.01993051727989887
 1.6176E-02,0.01859794145563326
 1.6212E-02,0.016904703113823073
 1.6247E-02,0.014931916936342366
 1.6282E-02,0.012777040295676088
 1.6317E-02,0.0105358784266174
 1.6352E-02,0.008296573055966037
 1.6387E-02,0.0061477785260565625
 1.6422E-02,0.00418590120931445
 1.6457E-02,0.0025077416302000345
 1.6492E-02,0.0011929422948443501
 1.6527E-02,0.0002932162614993966
 1.6562E-02,-0.00016257736004860694
 1.6598E-02,-0.00015689492084926417
 1.6633E-02,0.0003184726070270889
 1.6668E-02,0.0012516426069998467
 1.6703E-02,0.002600392025315204
 1.6738E-02,0.004295822979930015
 1.6773E-02,0.006257350257545247
 1.6808E-02,0.008403774417835689
 1.6843E-02,0.01065099917397663
 1.6878E-02,0.012903809087841394
 1.6913E-02,0.015056520928080897
 1.6948E-02,0.017006534645354395
 1.6984E-02,0.018669177849114465
 1.7019E-02,0.01998067800043416
 1.7054E-02,0.020890217391176524
 1.7089E-02,0.0213545233641693
 1.7124E-02,0.021344326666276954
 1.7159E-02,0.020856625717318535
 1.7194E-02,0.019918845014225806
 1.7229E-02,0.01858000886966162
 1.7264E-02,0.016898765577726384
 1.7299E-02,0.014940689955379007
 1.7334E-02,0.012784954141571402
 1.7370E-02,0.010528412768419357
 1.7405E-02,0.008277916666970244
 1.7440E-02,0.0061356068734545275
 1.7475E-02,0.00419005041113784
 1.7510E-02,0.002518760437868993
 1.7545E-02,0.0011940514006905675
 1.7580E-02,0.0002807793086992249
 1.7615E-02,-0.00017485961505105195
 1.7650E-02,-0.00015475447409237812
 1.7685E-02,0.0003327369722988103
 1.7720E-02,0.0012622590086637394
 1.7756E-02,0.0025972861520885153
 1.7791E-02,0.004286488840010431
 1.7826E-02,0.006257314266952344
 1.7861E-02,0.008417575139528809
 1.7896E-02,0.010666759590848458
 1.7931E-02,0.01290765228362585
 1.7966E-02,0.015049081608246896
 1.8001E-02,0.017001666339058544
 1.8036E-02,0.018676795452253148
 1.8071E-02,0.01999472997144561
 1.8106E-02,0.02089616570037259
 1.8142E-02,0.02134691741453287
 1.8177E-02,0.02133310155744543
 1.8212E-02,0.020854787456185096
 1.8247E-02,0.019926772821771584
 1.8282E-02,0.01858534466874115
 1.8317E-02,0.01689167897206508
 1.8352E-02,0.014925803760275155
 1.8387E-02,0.012775648369175524
 1.8422E-02,0.010530742794318652
 1.8457E-02,0.008283710011682037
 1.8492E-02,0.006132825317434763
 1.8528E-02,0.004177565560078615
 1.8563E-02,0.0025076755099782064
 1.8598E-02,0.0011942705334897904
 1.8633E-02,0.00028928056582557037
 1.8668E-02,-0.00017000228196004504
 1.8703E-02,-0.0001597819177493937
 1.8738E-02,0.0003246658098016783
 1.8773E-02,0.0012625394409738356
 1.8808E-02,0.0026080050950379953
 1.8843E-02,0.004298002492227991
 1.8878E-02,0.006259939388684247
 1.8914E-02,0.00841304817221976
 1.8949E-02,0.010665698723837054
 1.8984E-02,0.012916377824570325
 1.9019E-02,0.015061881396382693
 1.9054E-02,0.017007707633453564
 1.9089E-02,0.018673066994239252
 1.9124E-02,0.01998931868824854
 1.9159E-02,0.020898136039303388
 1.9194E-02,0.021355268997970554
 1.9229E-02,0.021338124300072963
 1.9264E-02,0.020849918663808927
 1.9300E-02,0.019916454564439034
 1.9335E-02,0.018579508522487888
 1.9370E-02,0.016893786737719352
 1.9405E-02,0.014928974092174965
 1.9440E-02,0.01277134448773072
 1.9475E-02,0.010519283043192891
 1.9510E-02,0.00827391040051161
 1.9545E-02,0.006131436544703931
 1.9580E-02,0.004181420908503211
 1.9615E-02,0.0025079175456766433
 1.9650E-02,0.0011873001172638376
 1.9685E-02,0.000281115659640126
 1.9721E-02,-0.00017105628279060435
 1.9756E-02,-0.000153093635946452
 1.9791E-02,0.00033148209385132197
 1.9826E-02,0.0012629247058906247
 1.9861E-02,0.002604242896781677
 1.9896E-02,0.004298170502354188
 1.9931E-02,0.006267924204488466
 1.9966E-02,0.008423779881280409
 2.0001E-02,0.01067123302377197
 2.0036E-02,0.012915292236547053
 2.0071E-02,0.015060622959353061
 2.0107E-02,0.01701244936363422
 2.0142E-02,0.018682082176055607
 2.0177E-02,0.019995049344219366
 2.0212E-02,0.020896268132503972
 2.0247E-02,0.0213497460452539
 2.0282E-02,0.02133615480384795
 2.0317E-02,0.020853206542535408
 2.0352E-02,0.019919293281857244
 2.0387E-02,0.018575882597173254
 2.0422E-02,0.016884732152932725
 2.0457E-02,0.014921328823989529
 2.0493E-02,0.012769576573166679
 2.0528E-02,0.010520372866124898
 2.0563E-02,0.008271365518342809
 2.0598E-02,0.006123398272928552
 2.0633E-02,0.004173016027613488
 2.0668E-02,0.002505147024851129
 2.0703E-02,0.001189987913349716
 2.0738E-02,0.00028340293075127324
 2.0773E-02,-0.00017343797461133735
 2.0808E-02,-0.00015766122843121542
 2.0843E-02,0.0003308548540134646
 2.0879E-02,0.0012685417954202889
 2.0914E-02,0.002611827983506854
 2.0949E-02,0.004302033174080581
 2.0984E-02,0.006267678073432544
 2.1019E-02,0.008424510680356257
 2.1054E-02,0.01067706062603056
 2.1089E-02,0.012924216927218696
 2.1124E-02,0.015066838035570074
 2.1159E-02,0.01701319063689819
 2.1194E-02,0.018680685773542455
 2.1229E-02,0.019996626207357142
 2.1265E-02,0.02090136626969561
 2.1300E-02,0.02135367978649663
 2.1335E-02,0.021334692118262385
 2.1370E-02,0.020847633034494918
 2.1405E-02,0.019914770554770336
 2.1440E-02,0.018575222238221077
 2.1475E-02,0.01688517687879348
 2.1510E-02,0.014918143462365887
 2.1545E-02,0.012761970726522224
 2.1580E-02,0.010512570593471247
 2.1615E-02,0.008267634608706595
 2.1651E-02,0.006123141260979307
 2.1686E-02,0.0041718133410375184
 2.1721E-02,0.002500356402612578
 2.1756E-02,0.0011840609937897718
 2.1791E-02,0.00028097651133407583
 2.1826E-02,-0.0001710508161598823
 2.1861E-02,-0.0001539098747083075
 2.1896E-02,0.0003320268571322328
 2.1931E-02,0.0012674197644777702
 2.1966E-02,0.0026124204906523823
 2.2001E-02,0.004307060238246701
 2.2037E-02,0.006275177412951036
 2.2072E-02,0.008430114111569525
 2.2107E-02,0.010679092160273513
 2.2142E-02,0.012925431209979224
 2.2177E-02,0.015070788115043695
 2.2212E-02,0.017019717771993202
 2.2247E-02,0.0186859868516592
 2.2282E-02,0.019997729932068588
 2.2317E-02,0.0208995442029896
 2.2352E-02,0.02135271474306959
 2.2387E-02,0.021336203465170758
 2.2423E-02,0.020849153365618076
 2.2458E-02,0.01991283061052331
 2.2493E-02,0.0185696200835856
 2.2528E-02,0.01687926356109945
 2.2563E-02,0.014914864201600212
 2.2598E-02,0.012760512477328116
 2.2633E-02,0.010509627586195414
 2.2668E-02,0.00826165802436124
 2.2703E-02,0.0061163869193320355
 2.2738E-02,0.00416776498996646
 2.2773E-02,0.0024997150304460697
 2.2808E-02,0.0011841428402566535
 2.2844E-02,0.0002791597986213561
 2.2879E-02,-0.0001740671289138235
 2.2914E-02,-0.00015495100962143208
 2.2949E-02,0.0003347643144474789
 2.2984E-02,0.0012722044482200777
 2.3019E-02,0.002616070930809596
 2.3054E-02,0.0043086849828647845
 2.3089E-02,0.006277045385205927
 2.3124E-02,0.008434676337143196
 2.3159E-02,0.010685824925486623
 2.3194E-02,0.012931309935861975
 2.3230E-02,0.015073755327157287
 2.3265E-02,0.01702091955138991
 2.3300E-02,0.018688121830803515
 2.3335E-02,0.020001588828364447
 2.3370E-02,0.020902951635080897
 2.3405E-02,0.02135310256658108
 2.3440E-02,0.02133364444850952
 2.3475E-02,0.020846195687397318
 2.3510E-02,0.019911402610682312
 2.3545E-02,0.0185687941490171
 2.3580E-02,0.01687654879478522
 2.3616E-02,0.014909389479056531
 2.3651E-02,0.012754221455499044
 2.3686E-02,0.01050508430636339
 2.3721E-02,0.00825916889849378
 2.3756E-02,0.006113905458359449
 2.3791E-02,0.004163622009070033
 2.3826E-02,0.002494820315368372
 2.3861E-02,0.00118101525845603
 2.3896E-02,0.00027901347619481225
 2.3931E-02,-0.00017264351586880052
 2.3966E-02,-0.0001541748993590963
 2.4002E-02,0.00033457178589981883
 2.4037E-02,0.0012729372369983704
 2.4072E-02,0.002619442604814542
 2.4107E-02,0.004314058684312191
 2.4142E-02,0.0062820975833905845
 2.4177E-02,0.008438043262541724
 2.4212E-02,0.010688516021564752
 2.4247E-02,0.012935223429051724
 2.4282E-02,0.015079151989531202
 2.4317E-02,0.017025925789868362
 2.4352E-02,0.01869082692820094
 2.4388E-02,0.020002166195135913
 2.4423E-02,0.02090325781723348
 2.4458E-02,0.0213542968166264
 2.4493E-02,0.021334741902897723
 2.4528E-02,0.020845278873414808
 2.4563E-02,0.019907976024248427
 2.4598E-02,0.01856442134837438
 2.4633E-02,0.01687303969815953
 2.4668E-02,0.0149067684688944
 2.4703E-02,0.012750919464932273
 2.4738E-02,0.010500066494718794
 2.4774E-02,0.008253386875066542
 2.4809E-02,0.0061093333149280175
 2.4844E-02,0.004161079103802565
 2.4879E-02,0.0024932151390953186
 2.4914E-02,0.0011788785710537082
 2.4949E-02,0.0002764200161508131
 2.4984E-02,-0.00017408863757598607
 2.5019E-02,-0.00015323124444012204
 2.5054E-02,0.0003373181265108809
 2.5089E-02,0.001275790973972094
 2.5124E-02,0.0026215882184624333
 2.5160E-02,0.00431640698433831
 2.5195E-02,0.006286001745151964
 2.5230E-02,0.008443479541397661
 2.5265E-02,0.01069393590048257
 2.5300E-02,0.012939228922751348
 2.5335E-02,0.015081950233844812
 2.5370E-02,0.017028827226829163
 2.5405E-02,0.01869444163287868
 2.5440E-02,0.020005505564820985
 2.5475E-02,0.020904811604815263
 2.5510E-02,0.021353753224291543
 2.5546E-02,0.021333270763514087
 2.5581E-02,0.020844070768050893
 2.5616E-02,0.019906834799512756
 2.5651E-02,0.018562102112724493
 2.5686E-02,0.016868884097583824
 2.5721E-02,0.01490163568597896
 2.5756E-02,0.012746301728569968
 2.5791E-02,0.010496485540613915
 2.5826E-02,0.008250007052220154
 2.5861E-02,0.00610521987752978
 2.5896E-02,0.004156542537508613
 2.5932E-02,0.0024896142345076254
 2.5967E-02,0.0011771441796156322
 2.6002E-02,0.00027609367814934727
 2.6037E-02,-0.00017416401728081256
 2.6072E-02,-0.00015343944036757062
 2.6107E-02,0.00033783160758668206
 2.6142E-02,0.0012780391120010828
 2.6177E-02,0.002625449697593355
 2.6212E-02,0.004320681632312579
 2.6247E-02,0.006289723985647836
 2.6282E-02,0.008446891076901976
 2.6318E-02,0.010697963353275611
 2.6353E-02,0.012944135096766124
 2.6388E-02,0.01508680836590779
 2.6423E-02,0.017032443292038547
 2.6458E-02,0.01869659385911771
 2.6493E-02,0.020007011403834
 2.6528E-02,0.020906374142916035
 2.6563E-02,0.021355008196447645
 2.6598E-02,0.021333181969121092
 2.6633E-02,0.020842171654969783
 2.6668E-02,0.01990380398639795
 2.6703E-02,0.01855899339566285
 2.6739E-02,0.016865964153985426
 2.6774E-02,0.014898231983620034
 2.6809E-02,0.012741814713037748
 2.6844E-02,0.010491313659049772
 2.6879E-02,0.008245265066517557
 2.6914E-02,0.006101606513714735
 2.6949E-02,0.004153727949903543
 2.6984E-02,0.0024868623826275003
 2.7019E-02,0.001174385840567051
 2.7054E-02,0.00027414293804940606
 2.7089E-02,-0.00017449755309332355
 2.7125E-02,-0.00015225681410562924
 2.7160E-02,0.00033968025498418755
 2.7195E-02,0.0012799657238407416
 2.7230E-02,0.0026277570856191907
 2.7265E-02,0.004324065635924334
 2.7300E-02,0.006294276342100013
 2.7335E-02,0.008451818918235446
 2.7370E-02,0.010702355555324734
 2.7405E-02,0.01294784089109209
 2.7440E-02,0.015090378600633319
 2.7475E-02,0.017036234479461978
 2.7511E-02,0.01870014032527006
 2.7546E-02,0.020009424409734442
 2.7581E-02,0.020907273550676106
 2.7616E-02,0.02135486009459959
 2.7651E-02,0.021332653195458823
 2.7686E-02,0.020841302377836997
 2.7721E-02,0.01990199932039398
 2.7756E-02,0.01855582515729281
 2.7791E-02,0.01686179683276614
 2.7826E-02,0.014893918507334354
 2.7861E-02,0.012737842090245319
 2.7897E-02,0.010487430581369866
 2.7932E-02,0.008241019695932043
 2.7967E-02,0.006097117938526613
 2.8002E-02,0.0041497488878775805
 2.8037E-02,0.0024840639755328298
 2.8072E-02,0.001172732364185433
 2.8107E-02,0.00027309786429912145
 2.8142E-02,-0.00017520652673745207
 2.8177E-02,-0.00015224992106583948
 2.8212E-02,0.0003409848443298591
 2.8247E-02,0.0012826219040470786
 2.8283E-02,0.0026311651141245297
 2.8318E-02,0.0043275920644633
 2.8353E-02,0.006297863740868059
 2.8388E-02,0.008455859379564301
 2.8423E-02,0.010707003641647245
 2.8458E-02,0.01295261311918193
 2.8493E-02,0.015094524854028677
 2.8528E-02,0.017039428053861827
 2.8563E-02,0.018702659014789052
 2.8598E-02,0.020011624241691187
 2.8633E-02,0.02090901142635424
 2.8669E-02,0.021355567886945225
 2.8704E-02,0.021331964870162375
 2.8739E-02,0.02083947004744039
 2.8774E-02,0.019899602775102103
 2.8809E-02,0.018553138801521953
 2.8844E-02,0.016858580430653042
 2.8879E-02,0.014889869283332661
 2.8914E-02,0.012733142976196725
 2.8949E-02,0.01048272500595459
 2.8984E-02,0.008236847064785054
 2.9019E-02,0.006093491067162783
 2.9055E-02,0.004146368449340516
 2.9090E-02,0.002480888466329443
 2.9125E-02,0.0011702018222582758
 2.9160E-02,0.00027174229124276813
 2.9195E-02,-0.00017529654698288262
 2.9230E-02,-0.00015145623686124138
 2.9265E-02,0.0003422972348716271
 2.9300E-02,0.001284516414863249
 2.9335E-02,0.0026339757655723405
 2.9370E-02,0.0043314012995857715
 2.9405E-02,0.006302256270421394
 2.9441E-02,0.00846024884093552
 2.9476E-02,0.01071113530708517
 2.9511E-02,0.012956643428208578
 2.9546E-02,0.015098600609713974
 2.9581E-02,0.01704329186769546
 2.9616E-02,0.01870576477107641
 2.9651E-02,0.02001362168071934
 2.9686E-02,0.020910016466036033
 2.9721E-02,0.021355904176352334
 2.9756E-02,0.021331703762962718
 2.9791E-02,0.02083833004817858
 2.9826E-02,0.019897322602310464
 2.9862E-02,0.018549863493373897
 2.9897E-02,0.01685479234288873
 2.9932E-02,0.014885952096741192
 2.9967E-02,0.012729104864167479
 3.0002E-02,0.01047840252548217
 3.0037E-02,0.008232324902838874
 3.0072E-02,0.0060892185391163
 3.0107E-02,0.004142829675980079
 3.0142E-02,0.002478223027531196
 3.0177E-02,0.001168223931467719
 3.0212E-02,0.00027031874368425954
 3.0248E-02,-0.0001759781377784696
 3.0283E-02,-0.00015105358864926394
 3.0318E-02,0.000343886669704389
 3.0353E-02,0.0012870106735804261
 3.0388E-02,0.0026369829932926473
 3.0423E-02,0.004334778006912647
 3.0458E-02,0.006306121955468518
 3.0493E-02,0.008464653387815262
 3.0528E-02,0.010715794446982585
 3.0563E-02,0.01296106802228936
 3.0598E-02,0.015102465599408792
 3.0634E-02,0.01704660573476101
 3.0669E-02,0.018708649284672
 3.0704E-02,0.02001598407865921
 3.0739E-02,0.020911518736647195
 3.0774E-02,0.021356266473691397
 3.0809E-02,0.021330974212466314
 3.0844E-02,0.020836799673045886
 3.0879E-02,0.01989519634602886
 3.0914E-02,0.018547087535930654
 3.0949E-02,0.016851239020696036
 3.0984E-02,0.014881727040818672
 3.1020E-02,0.012724597501299006
 3.1055E-02,0.010474016956359484
 3.1090E-02,0.008228213009857696
 3.1125E-02,0.00608532663124472
 3.1160E-02,0.004139185828460986
 3.1195E-02,0.0024751048310352286
 3.1230E-02,0.0011659987915876176
 3.1265E-02,0.00026914797174480785
 3.1300E-02,-0.00017621943119322699
 3.1335E-02,-0.00015055410690548258
 3.1370E-02,0.0003451226180946776
 3.1406E-02,0.001289137559117749
 3.1441E-02,0.0026400524721131927
 3.1476E-02,0.004338563942981008
 3.1511E-02,0.006310245598215258
 3.1546E-02,0.008468858608888685
 3.1581E-02,0.01072004701005771
 3.1616E-02,0.012965372248170935
 3.1651E-02,0.015106634520944368
 3.1686E-02,0.01705027204312395
 3.1721E-02,0.01871150834142572
 3.1756E-02,0.02001798043284842
 3.1792E-02,0.020912760580544525
 3.1827E-02,0.02135678318265492
 3.1862E-02,0.021330616946676834
 3.1897E-02,0.020835404478561876
 3.1932E-02,0.019892808568718025
 3.1967E-02,0.018543974900115882
 3.2002E-02,0.01684767913880479
 3.2037E-02,0.014877825092637489
 3.2072E-02,0.01272034620533296
 3.2107E-02,0.010469513371019363
 3.2142E-02,0.008223758976005358
 3.2178E-02,0.006081285103193789
 3.2213E-02,0.004135761471387949
 3.2248E-02,0.002472304717576427
 3.2283E-02,0.0011638075080395243
 3.2318E-02,0.00026769410295479374
 3.2353E-02,-0.0001767117694786927
 3.2388E-02,-0.00014997057303204234
 3.2423E-02,0.00034667158930543973
 3.2458E-02,0.0012914273838259714
 3.2493E-02,0.002642944096121992
 3.2528E-02,0.0043420539330774706
 3.2564E-02,0.0063143147054372335
 3.2599E-02,0.008473311835203008
 3.2634E-02,0.010724545724291306
 3.2669E-02,0.012969624741632463
 3.2704E-02,0.015110522084935817
 3.2739E-02,0.017053770012314944
 3.2774E-02,0.018714510941546237
 3.2809E-02,0.020020251102847966
 3.2844E-02,0.02091407267535177
 3.2879E-02,0.021357083979954176
 3.2914E-02,0.021330021702349697
 3.2950E-02,0.02083403418614936
 3.2985E-02,0.01989067099300286
 3.3020E-02,0.018541029997844738
 3.3055E-02,0.016844002951307304
 3.3090E-02,0.01487366773437628
 3.3125E-02,0.012716009926936936
 3.3160E-02,0.010465193445346676
 3.3195E-02,0.008219530659657833
 3.3230E-02,0.006077239526227733
 3.3265E-02,0.004132113992487096
 3.3300E-02,0.002469336559591393
 3.3335E-02,0.0011617055910060838
 3.3371E-02,0.00026647588956617166
 3.3406E-02,-0.0001771064914428015
 3.3441E-02,-0.00014953970579759877
 3.3476E-02,0.0003480085054604124
 3.3511E-02,0.0012937038039524443
 3.3546E-02,0.0026460345468838093
 3.3581E-02,0.004345712952975562
 3.3616E-02,0.006318321731398263
 3.3651E-02,0.008477552359619521
 3.3686E-02,0.010728940558125743
 3.3721E-02,0.012974004698365127
 3.3757E-02,0.01511460960386757
 3.3792E-02,0.017057297368942452
 3.3827E-02,0.018717339425869645
 3.3862E-02,0.020022356523098528
 3.3897E-02,0.020915425226563117
 3.3932E-02,0.021357575715096288
 3.3967E-02,0.02132953260879801
 3.4002E-02,0.02083255716508574
 3.4037E-02,0.019888344853300623
 3.4072E-02,0.01853804158705589
 3.4107E-02,0.016840475963860627
 3.4143E-02,0.014869667340453323
 3.4178E-02,0.012711648495037623
 3.4213E-02,0.010460699989067892
 3.4248E-02,0.008215192343372082
 3.4283E-02,0.0060732788473031795
 3.4318E-02,0.004128640944451813
 3.4353E-02,0.0024664220445911353
 3.4388E-02,0.0011594762480722793
 3.4423E-02,0.00026510803979693865
 3.4458E-02,-0.0001774907813933846
 3.4493E-02,-0.00014895224455092353
 3.4529E-02,0.00034945894248017135
 3.4564E-02,0.0012959171735571684
 3.4599E-02,0.0026489667484860795
 3.4634E-02,0.004349312285876556
 3.4669E-02,0.00632243841229432
 3.4704E-02,0.008481937173232873
 3.4739E-02,0.010733340460153729
 3.4774E-02,0.012978247411370707
 3.4809E-02,0.015118585306532168
 3.4844E-02,0.01706087145288847
 3.4879E-02,0.01872031226717353
 3.4915E-02,0.020024526518669924
 3.4950E-02,0.0209166847831467
 3.4985E-02,0.021357930288979053
 3.5020E-02,0.021329026214744924
 3.5055E-02,0.020831198885628455
 3.5090E-02,0.019886125654790605
 3.5125E-02,0.018535018063464248
 3.5160E-02,0.016836815605613398
 3.5195E-02,0.014865596725224275
 3.5230E-02,0.012707362292158936
 3.5265E-02,0.010456333172815153
 3.5301E-02,0.00821087867830666
 3.5336E-02,0.006069213825320901
 3.5371E-02,0.004125063633255311
 3.5406E-02,0.0024635299096722567
 3.5441E-02,0.0011573678782485226
 3.5476E-02,0.00026381409638162373
 3.5511E-02,-0.00017793400851179065
 3.5546E-02,-0.0001484807824211154
 3.5581E-02,0.00035087902173910554
 3.5616E-02,0.001298222449782425
 3.5651E-02,0.0026520018483079553
 3.5687E-02,0.004352903161285936
 3.5722E-02,0.006326449085044662
 3.5757E-02,0.008486248820035415
 3.5792E-02,0.010737787698885242
 3.5827E-02,0.012982598366726335
 3.5862E-02,0.015122598145766827
 3.5897E-02,0.017064367546022013
 3.5932E-02,0.018723187086902536
 3.5967E-02,0.020026695293386153
 3.6002E-02,0.02091803746071997
 3.6037E-02,0.021358356190266093
 3.6073E-02,0.02132848189562921
 3.6108E-02,0.020829739401628262
 3.6143E-02,0.01988386322679959
 3.6178E-02,0.018532058315223206
 3.6213E-02,0.016833245475180794
 3.6248E-02,0.014861532485642075
 3.6283E-02,0.01270299197059803
 3.6318E-02,0.010451894518212696
 3.6353E-02,0.0082065916607967
 3.6388E-02,0.006065240275118615
 3.6423E-02,0.004121532156732152
 3.6459E-02,0.0024605851235432194
 3.6494E-02,0.0011551753388556166
 3.6529E-02,0.0002625081018197529
 3.6564E-02,-0.00017830226185041464
 3.6599E-02,-0.00014793721822284247
 3.6634E-02,0.0003522838190837054
 3.6669E-02,0.00130044727355548
 3.6704E-02,0.0026549911907135064
 3.6739E-02,0.004356538729280773
 3.6774E-02,0.006330540407241781
 3.6809E-02,0.008490580150211684
 3.6845E-02,0.01074217171474195
 3.6880E-02,0.012986880998056989
 3.6915E-02,0.015126619381795213
 3.6950E-02,0.0170679360842563
 3.6985E-02,0.018726108546260587
 3.7020E-02,0.020028827722170326
 3.7055E-02,0.020919314493244617
 3.7090E-02,0.021358757016487873
 3.7125E-02,0.021327990025814068
 3.7160E-02,0.020828342938269837
 3.7195E-02,0.01988159625972863
 3.7230E-02,0.018529031536123005
 3.7266E-02,0.016829626255280443
 3.7301E-02,0.01485749452876132
 3.7336E-02,0.012698689192364488
 3.7371E-02,0.010447482089285441
 3.7406E-02,0.008202258902344273
 3.7441E-02,0.006061206014134665
 3.7476E-02,0.004117999182661686
 3.7511E-02,0.002457699839407421
 3.7546E-02,0.0011530320647765364
 3.7581E-02,0.0002611839960813588
 3.7616E-02,-0.0001787307784011107
 3.7652E-02,-0.00014742066213183167
 3.7687E-02,0.0003537286739488455
 3.7722E-02,0.0013027316144808235
 3.7757E-02,0.002657989358384046
 3.7792E-02,0.004360124448235815
 3.7827E-02,0.006334585589881972
 3.7862E-02,0.008494925246714831
 3.7897E-02,0.010746611939616117
 3.7932E-02,0.012991193721815422
 3.7967E-02,0.015130608506039407
 3.8002E-02,0.017071449434883538
 3.8038E-02,0.018729017426319567
 3.8073E-02,0.020031002849636683
 3.8108E-02,0.020920635115524524
 3.8143E-02,0.021359147874457002
 3.8178E-02,0.021327445752926426
 3.8213E-02,0.02082691360994537
 3.8248E-02,0.019879353170522498
 3.8283E-02,0.018526053655136602
 3.8318E-02,0.016826020063607047
 3.8353E-02,0.014853417648391619
 3.8388E-02,0.01269434268603432
 3.8424E-02,0.010443073441141027
 3.8459E-02,0.008197971902223006
 3.8494E-02,0.006057204030171406
 3.8529E-02,0.004114447364724532
 3.8564E-02,0.002454769587707537
 3.8599E-02,0.0011508738734277845
 3.8634E-02,0.0002598941267135178
 3.8669E-02,-0.00017911609993413692
 3.8704E-02,-0.00014690195390574864
 3.8739E-02,0.000355135027017765
 3.8774E-02,0.0013049859329537462
 3.8810E-02,0.002661003682336581
 3.8845E-02,0.004363753625602683
 3.8880E-02,0.006338649913530114
 3.8915E-02,0.008499243507740638
 3.8950E-02,0.010751013019485217
 3.8985E-02,0.012995502292850332
 3.9020E-02,0.015134632217595777
 3.9055E-02,0.017074992753067047
 3.9090E-02,0.018731914415596348
 3.9125E-02,0.020033137854716054
 3.9160E-02,0.020921934449665457
 3.9196E-02,0.021359559486248087
 3.9231E-02,0.021326936290940863
 3.9266E-02,0.02082548886212665
 3.9301E-02,0.019877077598971504
 3.9336E-02,0.01852304434668015
 3.9371E-02,0.01682241978846535
 3.9406E-02,0.014849374926070007
 3.9441E-02,0.01269001608080732
 3.9476E-02,0.010438646430044943
 3.9511E-02,0.008193651242814029
 3.9546E-02,0.006053194384207453
 3.9582E-02,0.004110923435098953
 3.9617E-02,0.0024518697577946306
 3.9652E-02,0.00114871360321064
 3.9687E-02,0.00025857470056302883
 3.9722E-02,-0.00017952036048323036
 3.9757E-02,-0.00014636697286927092
 3.9792E-02,0.0003565746098872718
 3.9827E-02,0.0013072521037033118
 3.9862E-02,0.002663996478873669
 3.9897E-02,0.004367356007834406
 3.9932E-02,0.006342715684499163
 3.9968E-02,0.00850358991346874
 4.0003E-02,0.0107554349127067
 4.0038E-02,0.012999799434941868
 4.0073E-02,0.015138626235026128
 4.0108E-02,0.017078523346187483
 4.0143E-02,0.018734829321896653
 4.0178E-02,0.020035297591661002
 4.0213E-02,0.020923233559165477
 4.0248E-02,0.021359944698805408
 4.0283E-02,0.021326404484073802
 4.0318E-02,0.020824070519330006
 4.0354E-02,0.01987482682806536
 4.0389E-02,0.018520046144153028
 4.0424E-02,0.0168188022741793
 4.0459E-02,0.014845306726769569
 4.0494E-02,0.012685685728195338
 4.0529E-02,0.010434241002840131
 4.0564E-02,0.008189350999817952
 4.0599E-02,0.006049179909822439
 4.0634E-02,0.004107376649315342
 4.0669E-02,0.0024489581580513014
 4.0704E-02,0.0011465681372134706
 4.0739E-02,0.00025728012863650155
 4.0775E-02,-0.00017991778537532866
 4.0810E-02,-0.00014584890316184107
 4.0845E-02,0.0003579964527073464
 4.0880E-02,0.0013095230230783365
 4.0915E-02,0.0026670121139883967
 4.0950E-02,0.004370973006971476
 4.0985E-02,0.006346771656243879
 4.1020E-02,0.008507915228300859
 4.1055E-02,0.010759850425106389
 4.1090E-02,0.0130041122237223
 4.1125E-02,0.015142638161410649
 4.1161E-02,0.017082051645439744
 4.1196E-02,0.018737723697331957
 4.1231E-02,0.02003744212142386
 4.1266E-02,0.02092453918422787
 4.1301E-02,0.021360347878981292
 4.1336E-02,0.02132587818293677
 4.1371E-02,0.020822636836576636
 4.1406E-02,0.019872556861706404
 4.1441E-02,0.01851704633620731
 4.1476E-02,0.01681520081394822
 4.1511E-02,0.014841251382669342
 4.1547E-02,0.012681348850114639
 4.1582E-02,0.010429817561923932
 4.1617E-02,0.00818504321968288
 4.1652E-02,0.006045177691938081
 4.1687E-02,0.0041038476395288135
 4.1722E-02,0.0024460496245658327
 4.1757E-02,0.001144409232137158
 4.1792E-02,0.0002559739399551448
 4.1827E-02,-0.00018030909072333512
 4.1862E-02,-0.0001453126321396456
 4.1897E-02,0.000359428524929653
 4.1933E-02,0.0013117860619988452
 4.1968E-02,0.002670013418134375
 4.2003E-02,0.004374588121287267
 4.2038E-02,0.0063508413861102335
 4.2073E-02,0.0085122538799149
 4.2108E-02,0.010764263218623655
 4.2143E-02,0.013008409808958272
 4.2178E-02,0.015146640471030487
 4.2213E-02,0.0170855864550166
 4.2248E-02,0.01874063123745912
 4.2283E-02,0.020039588872355078
 4.2319E-02,0.020925831791978235
 4.2354E-02,0.02136073677614966
 4.2389E-02,0.021325351446269392
 4.2424E-02,0.020821214692590732
 4.2459E-02,0.019870294264106404
 4.2494E-02,0.01851403914189603
 4.2529E-02,0.01681158488355402
 4.2564E-02,0.014837190849317547
 4.2599E-02,0.012677021294690264
 4.2634E-02,0.010425406039108048
 4.2669E-02,0.008180735612440364
 4.2705E-02,0.006041164430443188
 4.2740E-02,0.004100310784541649
 4.2775E-02,0.0024431470751929705
 4.2810E-02,0.0011422642371654395
 4.2845E-02,0.0002546745334963453
 4.2880E-02,-0.00018070673967308465
 4.2915E-02,-0.00014478584936382014
 4.2950E-02,0.0003608614965873239
 4.2985E-02,0.0013140610456290436
 4.3020E-02,0.002673024896879032
 4.3055E-02,0.004378200965671129
 4.3091E-02,0.006354900587172691
 4.3126E-02,0.008516587388137382
 4.3161E-02,0.01076868271338479
 4.3196E-02,0.013012717582207213
 4.3231E-02,0.015150643652232683
 4.3266E-02,0.01708911108983558
 4.3301E-02,0.018743528781239013
 4.3336E-02,0.020041736250613982
 4.3371E-02,0.020927132828434086
 4.3406E-02,0.021361129576558998
 4.3441E-02,0.0213248173881681
 4.3477E-02,0.020819780964833966
 4.3512E-02,0.019868027857209633
 4.3547E-02,0.018511038511682766
 4.3582E-02,0.016807976208571204
 4.3617E-02,0.014833128286859542
 4.3652E-02,0.012672684219045324
 4.3687E-02,0.010420988690449119
 4.3722E-02,0.008176432812719698
 4.3757E-02,0.006037161051810433
 4.3792E-02,0.00409677776851381
 4.3827E-02,0.0024402390889470688
 4.3862E-02,0.0011401128417380649
 4.3898E-02,0.00025337730973047775
 4.3933E-02,-0.00018109442087295853
 4.3968E-02,-0.0001442513630707951
 4.4003E-02,0.000362292788051168
 4.4038E-02,0.001316329174366992
 4.4073E-02,0.002676034494330099
 4.4108E-02,0.00438182058729659
 4.4143E-02,0.0063589680883267205
 4.4178E-02,0.008520921521872124
 4.4213E-02,0.010773094969385569
 4.4248E-02,0.013017019090755795
 4.4284E-02,0.015154648588218338
 4.4319E-02,0.01709264233583391
 4.4354E-02,0.01874642848633257
 4.4389E-02,0.020043877279001126
 4.4424E-02,0.02092842503193195
 4.4459E-02,0.02136151978335879
 4.4494E-02,0.02132428792011254
 4.4529E-02,0.020818351298328826
 4.4564E-02,0.01986575817497204
 4.4599E-02,0.01850802962604862
 4.4634E-02,0.01680436285943488
 4.4670E-02,0.014829069024707637
 4.4705E-02,0.012668353499117128
 4.4740E-02,0.010416572676697655
 4.4775E-02,0.008172124892304799
 4.4810E-02,0.006033152881550199
 4.4845E-02,0.004093246937813762
 4.4880E-02,0.002437338750953323
 4.4915E-02,0.001137966825650251
 4.4950E-02,0.0002520786057687731
 4.4985E-02,-0.00018148652188735556
 4.5020E-02,-0.00014371678601695452
 4.5056E-02,0.00036373054344517963
 4.5091E-02,0.001318604207358904
 4.5126E-02,0.002679044918453811
 4.5161E-02,0.004385435621825954
 4.5196E-02,0.00636303241442015
 4.5231E-02,0.008525258488722142
 4.5266E-02,0.010777512917215895
 4.5301E-02,0.013021322189759911
 4.5336E-02,0.015158648697555984
 4.5371E-02,0.01709616737419165
 4.5406E-02,0.018749326812425665
 4.5442E-02,0.020046021697802795
 4.5477E-02,0.020929719344044535
 4.5512E-02,0.02136190626888215
 4.5547E-02,0.021323751387285258
 4.5582E-02,0.020816917690862868
 4.5617E-02,0.019863490343605832
 4.5652E-02,0.018505024210285388
 4.5687E-02,0.016800748836089566
 4.5722E-02,0.01482500462844567
 4.5757E-02,0.012664018630591564
 4.5792E-02,0.010412158065997969
 4.5828E-02,0.0081678221581751
 4.5863E-02,0.006029147840253301
 4.5898E-02,0.004089714354524059
 4.5933E-02,0.0024344352592633794
 4.5968E-02,0.001135821662737211
 4.6003E-02,0.000250785486274481
 4.6038E-02,-0.00018187311615464285
 4.6073E-02,-0.00014318131252032931
 4.6108E-02,0.00036516567762708745
 4.6143E-02,0.0013208782949943546
 4.6178E-02,0.002682058953008036
 4.6214E-02,0.00438905590049228
 4.6249E-02,0.006367098465710127
 4.6284E-02,0.008529592470091983
 4.6319E-02,0.01078192725207965
 4.6354E-02,0.013025625366362367
 4.6389E-02,0.01516265193062194
 4.6424E-02,0.01709969387728788
 4.6459E-02,0.01875222196517873
 4.6494E-02,0.02004816065434906
 4.6529E-02,0.020931010707820788
 4.6564E-02,0.02136229382090589
 4.6600E-02,0.021323216485954807
 4.6635E-02,0.020815482230097587
 4.6670E-02,0.019861217502739184
 4.6705E-02,0.018502014930990053
 4.6740E-02,0.01679713518453726
 4.6775E-02,0.014820943091716375
 4.6810E-02,0.012659684786314811
 4.6845E-02,0.010407741039325447
 4.6880E-02,0.008163516570720399
 4.6915E-02,0.006025143407480071
 4.6950E-02,0.004086185910840436
 4.6986E-02,0.002431535640438778
 4.7021E-02,0.0011336770351346175
 4.7056E-02,0.0002494908259057496
 4.7091E-02,-0.00018225942432000794
 4.7126E-02,-0.00014264201659014325
 4.7161E-02,0.00036660558709530845
 4.7196E-02,0.0013231543387668366
 4.7231E-02,0.002685071634353461
 4.7266E-02,0.00439267474757175
 4.7301E-02,0.006371165928577709
 4.7336E-02,0.008533929760638947
 4.7371E-02,0.010786343166089453
 4.7407E-02,0.0130299264868908
 4.7442E-02,0.015166651548261986
 4.7477E-02,0.017103218702389792
 4.7512E-02,0.018755118097230142
 4.7547E-02,0.02005030043998951
 4.7582E-02,0.020932299940463427
 4.7617E-02,0.02136267693160005
 4.7652E-02,0.02132267817264357
 4.7687E-02,0.020814046427310058
 4.7722E-02,0.019858945792985146
 4.7757E-02,0.01849900510825119
 4.7793E-02,0.01679351851572236
 4.7828E-02,0.014816878588922446
 4.7863E-02,0.012655350816423813
 4.7898E-02,0.010403326453876097
 4.7933E-02,0.00815921306687744
 4.7968E-02,0.006021138697235395
 4.8003E-02,0.004082656113624389
 4.8038E-02,0.0024286365106826156
 4.8073E-02,0.001131535693906431
 4.8108E-02,0.0002482000674489676
 4.8143E-02,-0.00018264392240873763
 4.8179E-02,-0.0001421030572819589
 4.8214E-02,0.0003680455295159146
 4.8249E-02,0.0013254327038140059
 4.8284E-02,0.002688087867788812
 4.8319E-02,0.004396295600388992
 4.8354E-02,0.006375232661874798
 4.8389E-02,0.00853826532780051
 4.8424E-02,0.010790758841540949
 4.8459E-02,0.01303422905435522
 4.8494E-02,0.015170652029285197
 4.8529E-02,0.017106741871807676
 4.8565E-02,0.018758010813396415
 4.8600E-02,0.020052437587363935
 4.8635E-02,0.02093358860629832
 4.8670E-02,0.021363060147266747
 4.8705E-02,0.021322138374696008
 4.8740E-02,0.020812607260239754
 4.8775E-02,0.019856670918391092
 4.8810E-02,0.01849599430134305
 4.8845E-02,0.01678990262356243
 4.8880E-02,0.014812814428159984
 4.8915E-02,0.012651015516681978
 4.8951E-02,0.010398910091494845
 4.8986E-02,0.008154909516734895
 4.9021E-02,0.006017136160682646
 4.9056E-02,0.004079128938133262
 4.9091E-02,0.0024257385566140662
 4.9126E-02,0.0011293942883397695
 4.9161E-02,0.00024690994669043754
 4.9196E-02,-0.0001830258553982632
 4.9231E-02,-0.0001415606422837877
 4.9266E-02,0.00036948772201881577
 4.9301E-02,0.0013277114083234884
 4.9337E-02,0.002691103947495283
 4.9372E-02,0.004399917519767435
 4.9407E-02,0.0063793015602999666
 4.9442E-02,0.008542602336810699
 4.9477E-02,0.010795173906837843
 4.9512E-02,0.0130385296957756
 4.9547E-02,0.0151746511423676
 4.9582E-02,0.01711026498519284
 4.9617E-02,0.018760903574346677
 4.9652E-02,0.020054573258400755
 4.9687E-02,0.020934874270969028
 4.9723E-02,0.021363440499852636
 4.9758E-02,0.021321597229664493
 4.9793E-02,0.0208111677924875
 4.9828E-02,0.019854395167682563
 4.9863E-02,0.01849298133164482
 4.9898E-02,0.016786284395074458
 4.9933E-02,0.014808749382001999
 4.9968E-02,0.012646681004819235
 5.0003E-02,0.01039449480978857
 5.0038E-02,0.008150606070334476
 5.0073E-02,0.006013133115857461
 5.0109E-02,0.004075602148278684
 5.0144E-02,0.0024228426565544316
 5.0179E-02,0.0011272556792619672
 5.0214E-02,0.00024562181978062046
 5.0249E-02,-0.00018340697158887722
 5.0284E-02,-0.00014101745467073157
 5.0319E-02,0.00037093179735374094
 5.0354E-02,0.0013299928023514848
 5.0389E-02,0.002694122070424464
 5.0424E-02,0.004403539925143411
 5.0459E-02,0.00638337003435528
 5.0495E-02,0.008546939352096522
 5.0530E-02,0.01079958978155096
 5.0565E-02,0.013042830910034055
 5.0600E-02,0.01517864942393354
 5.0635E-02,0.017113785997080685
 5.0670E-02,0.018763794251360214
 5.0705E-02,0.020056707786087973
 5.0740E-02,0.020936159258286582
 5.0775E-02,0.021363819450855498
 5.0810E-02,0.02132105358867288
 5.0845E-02,0.02080972570282884
 5.0880E-02,0.01985211787143894
 5.0916E-02,0.018489967962442653
 5.0951E-02,0.01678266586847586
 5.0986E-02,0.014804683327391465
 5.1021E-02,0.012642345217958711
 5.1056E-02,0.010390079158608456
 5.1091E-02,0.008146303650670497
 5.1126E-02,0.006009131725156253
 5.1161E-02,0.004072076541829258
 5.1196E-02,0.002419947329705266
 5.1231E-02,0.0011251179439032454
 5.1266E-02,0.0002443356420049116
 5.1302E-02,-0.00018378543161778947
 5.1337E-02,-0.00014047203479975433
 5.1372E-02,0.0003723770727965636
 5.1407E-02,0.0013322749086053926
 5.1442E-02,0.0026971413501268296
 5.1477E-02,0.004407164045833217
 5.1512E-02,0.006387439891962405
 5.1547E-02,0.008551276564086092
 5.1582E-02,0.01080400483781787
 5.1617E-02,0.013047131242879104
 5.1652E-02,0.015182647332788964
 5.1688E-02,0.01711730667668171
 5.1723E-02,0.018766683752568302
 5.1758E-02,0.020058840122820464
 5.1793E-02,0.020937441840980467
 5.1828E-02,0.02136419665292857
 5.1863E-02,0.02132050883186025
 5.1898E-02,0.020808282354155723
 5.1933E-02,0.019849838685090493
 5.1968E-02,0.018486952540498806
 5.2003E-02,0.01677904604559283
 5.2038E-02,0.014800617054547365
 5.2074E-02,0.012638009694644195
 5.2109E-02,0.010385663512762608
 5.2144E-02,0.008142001005696845
 5.2179E-02,0.0060051306223791335
 5.2214E-02,0.0040685522658005695
 5.2249E-02,0.0024170540193565815
 5.2284E-02,0.0011229820602886953
 5.2319E-02,0.00024305076849037558
 5.2354E-02,-0.00018416268140284786
 5.2389E-02,-0.00013992486095456267
 5.2424E-02,0.00037382460541938577
 5.2460E-02,0.0013345590283682417
 5.2495E-02,0.00270016177254959
 5.2530E-02,0.0044107886044143785
 5.2565E-02,0.006391510159521573
 5.2600E-02,0.008555614470489189
 5.2635E-02,0.010808420419318085
 5.2670E-02,0.013051431258648214
 5.2705E-02,0.015186644007308188
 5.2740E-02,0.017120825826948672
 5.2775E-02,0.018769572024245902
 5.2810E-02,0.02006097143674983
 5.2846E-02,0.020938723021815694
 5.2881E-02,0.021364571790458756
 5.2916E-02,0.021319961787588167
 5.2951E-02,0.02080683720317591
 5.2986E-02,0.019847558389451746
 5.3021E-02,0.018483936255927574
 5.3056E-02,0.01677542513492545
 5.3091E-02,0.014796549605604972
 5.3126E-02,0.012633673526015812
 5.3161E-02,0.010381248133718778
 5.3196E-02,0.00813769924726752
 5.3232E-02,0.006001130424985578
 5.3267E-02,0.0040650287140666964
 5.3302E-02,0.0024141616471809097
 5.3337E-02,0.0011208477769208398
 5.3372E-02,0.0002417680507540486
 5.3407E-02,-0.00018453782067601784
 5.3442E-02,-0.00013937607174192217
 5.3477E-02,0.00037527340516222004
 5.3512E-02,0.001336844529911408
 5.3547E-02,0.0027031838201001584
 5.3582E-02,0.004414414599292792
 5.3618E-02,0.006395581145462945
 5.3653E-02,0.008559952336677884
 5.3688E-02,0.010812835652462816
 5.3723E-02,0.01305573099033501
 5.3758E-02,0.015190640312822244
 5.3793E-02,0.017124344065287508
 5.3828E-02,0.018772458672468923
 5.3863E-02,0.020063100789922163
 5.3898E-02,0.020940002429893818
 5.3933E-02,0.021364945464833966
 5.3968E-02,0.021319413257834437
 5.4004E-02,0.02080539025945811
 5.4039E-02,0.019845276188348127
 5.4074E-02,0.018480918468712082
 5.4109E-02,0.01677180341144032
 5.4144E-02,0.01479248181797613
 5.4179E-02,0.012629337096540735
 5.4214E-02,0.010376832509976903
 5.4249E-02,0.008133397616124902
 5.4284E-02,0.005997131060213721
 5.4319E-02,0.004061506588956256
 5.4354E-02,0.0024112708434004104
 5.4390E-02,0.0011187149056907748
 5.4425E-02,0.00024048673036055127
 5.4460E-02,-0.00018491125595707217
 5.4495E-02,-0.00013882524772042693
 5.4530E-02,0.0003767241843960728
 5.4565E-02,0.0013391315421236918
 5.4600E-02,0.0027062068806524113
 5.4635E-02,0.00441804141439819
 5.4670E-02,0.006399652957955948
 5.4705E-02,0.008564290840296408
 5.4740E-02,0.010817250952226878
 5.4775E-02,0.013060030095713555
 5.4811E-02,0.015194635579400883
 5.4846E-02,0.01712786120929188
 5.4881E-02,0.01877534421194431
 5.4916E-02,0.020065228757053608
 5.4951E-02,0.02094127999991559
 5.4986E-02,0.021365317051170882
 5.5021E-02,0.021318862805265897
 5.5056E-02,0.020803941773393318
 5.5091E-02,0.019842992676851832
 5.5126E-02,0.018477899364058758
 5.5161E-02,0.016768180402229514
 5.5197E-02,0.014788413107529529
 5.5232E-02,0.012625000379130462
 5.5267E-02,0.010372417156710143
 5.5302E-02,0.008129096506875086
 5.5337E-02,0.005993132304369682
 5.5372E-02,0.00405798531201295
 5.5407E-02,0.002408381366916183
 5.5442E-02,0.001116583822285542
 5.5477E-02,0.00023920733897822512
 5.5512E-02,-0.00018528293234318626
 5.5547E-02,-0.00013827285326527662
 5.5583E-02,0.00037817654346217677
 5.5618E-02,0.0013414202234876323
 5.5653E-02,0.0027092314812199
 5.5688E-02,0.0044216693142717515
 5.5723E-02,0.006403725294440624
 5.5758E-02,0.00856862949330957
 5.5793E-02,0.010821666240697282
 5.5828E-02,0.013064328997531363
 5.5863E-02,0.015198630219912761
 5.5898E-02,0.01713137717922735
 5.5933E-02,0.01877822819710427
 5.5969E-02,0.020067355097856208
 5.6004E-02,0.020942556015117162
 5.6039E-02,0.021365687043226708
 5.6074E-02,0.021318310579091962
 5.6109E-02,0.02080249142474995
 5.6144E-02,0.01984070751026389
 5.6179E-02,0.018474879038315937
 5.6214E-02,0.016764556568548698
 5.6249E-02,0.014784343784225055
 5.6284E-02,0.012620663204800332
 5.6319E-02,0.010368001674955407
 5.6355E-02,0.008124795802541131
 5.6390E-02,0.005989134475350554
 5.6425E-02,0.004054465254181619
 5.6460E-02,0.0024054931967592676
 5.6495E-02,0.0011144541435870773
 5.6530E-02,0.00023792959168634391
 5.6565E-02,-0.00018565270604393915
 5.6600E-02,-0.00013771850758891835
 5.6635E-02,0.00037963062934756673
 5.6670E-02,0.0013437103099269948
 5.6705E-02,0.002712257269882266
 5.6741E-02,0.004425298283124429
 5.6776E-02,0.006407798487016518
 5.6811E-02,0.008572968568177826
 5.6846E-02,0.010826081400897941
 5.6881E-02,0.013068627330430925
 5.6916E-02,0.015202624051513475
 5.6951E-02,0.017134892170443575
 5.6986E-02,0.01878111093187003
 5.7021E-02,0.020069479825548818
 5.7056E-02,0.02094383015400281
 5.7091E-02,0.021366055142910297
 5.7127E-02,0.021317756626654347
 5.7162E-02,0.020801039506579782
 5.7197E-02,0.019838420836191334
 5.7232E-02,0.01847185728932298
 5.7267E-02,0.01676093158385169
 5.7302E-02,0.014780273772737652
 5.7337E-02,0.01261632582095164
 5.7372E-02,0.010363586323225536
 5.7407E-02,0.008120495460865641
 5.7442E-02,0.005985137291943641
 5.7477E-02,0.004050946246559267
 5.7513E-02,0.0024026064866194364
 5.7548E-02,0.001112326163484454
 5.7583E-02,0.00023665357352944212
 5.7618E-02,-0.00018602079476244163
 5.7653E-02,-0.00013716246324935912
 5.7688E-02,0.00038108645471091225
 5.7723E-02,0.0013460020509423075
 5.7758E-02,0.0027152844184339087
 5.7793E-02,0.0044289282000111434
 5.7828E-02,0.006411872264426657
 5.7863E-02,0.008577307965991238
 5.7898E-02,0.010830496618566882
 5.7934E-02,0.01307292533684344
 5.7969E-02,0.015206617086341922
 5.8004E-02,0.01713840596433281
 5.8039E-02,0.018783992245835497
 5.8074E-02,0.020071603032779176
 5.8109E-02,0.020945102664279694
 5.8144E-02,0.021366421457957977
 5.8179E-02,0.02131720079216424
 5.8214E-02,0.020799585792180785
 5.8249E-02,0.01983613262689576
 5.8284E-02,0.018468834308787298
 5.8320E-02,0.016757305611224776
 5.8355E-02,0.014776202995582579
 5.8390E-02,0.012611987988677964
 5.8425E-02,0.010359170971124937
 5.8460E-02,0.00811619559352593
 5.8495E-02,0.005981140949269263
 5.8530E-02,0.004047428315674282
 5.8565E-02,0.002399721055223975
 5.8600E-02,0.0011101997098197436
 5.8635E-02,0.00023537932837459018
 5.8670E-02,-0.00018638699053266015
 5.8706E-02,-0.000136604591984264
 5.8741E-02,0.00038254392802369364
 5.8776E-02,0.0013482952633693077
 5.8811E-02,0.0027183128871532698
 5.8846E-02,0.0044325592246015864
 5.8881E-02,0.006415946798375448
 5.8916E-02,0.008581647669974352
 5.8951E-02,0.01083491171667535
 5.8986E-02,0.013077222898599208
 5.9021E-02,0.015210609409013505
 5.9056E-02,0.01714191874719262
 5.9092E-02,0.018786872209344357
 5.9127E-02,0.02007372460536514
 5.9162E-02,0.020946373407548066
 5.9197E-02,0.021366786017010548
 5.9232E-02,0.021316643262061737
 5.9267E-02,0.020798130430790925
 5.9302E-02,0.01983384285161189
 5.9337E-02,0.018465809965252038
 5.9372E-02,0.016753678618564364
 5.9407E-02,0.014772131595944345
 5.9442E-02,0.01260764988788448
 5.9478E-02,0.01035475565157741
 5.9513E-02,0.008111896077806878
 5.9548E-02,0.005977145340652016
 5.9583E-02,0.0040439115120168
 5.9618E-02,0.002396837052073347
 5.9653E-02,0.0011080748486695813
 5.9688E-02,0.0002341067554384634
 5.9723E-02,-0.0001867514457155415
 5.9758E-02,-0.00013604492479289885
 5.9793E-02,0.00038400316289313556
 5.9828E-02,0.0013505900555960382
 5.9864E-02,0.00272134264091212
 5.9899E-02,0.004436191217593929
 5.9934E-02,0.006420022010832737
 5.9969E-02,0.008585987752267404
 6.0004E-02,0.01083932682297746
 6.0039E-02,0.013081520037068422
 6.0074E-02,0.015214600899809956
 6.0109E-02,0.017145430388789643
 6.0144E-02,0.01878975081644065
 6.0179E-02,0.020075844638635452
 6.0214E-02,0.02094764243157189
 6.0250E-02,0.021367148728607545
 6.0285E-02,0.021316083881584215
 6.0320E-02,0.020796673354012238
 6.0355E-02,0.019831551571063196
 6.0390E-02,0.018462784336321897
 6.0425E-02,0.016750050572776606
 6.0460E-02,0.014768059442417509
 6.0495E-02,0.01260331142450372
 6.0530E-02,0.01035034040207869
 6.0565E-02,0.008107597023567444
 6.0600E-02,0.005973150510010408
 6.0636E-02,0.004040395763192238
 6.0671E-02,0.002393954383048411
 6.0706E-02,0.0011059515851754764
 6.0741E-02,0.00023283595877483635
 6.0776E-02,-0.00018711407761110233
 6.0811E-02,-0.0001354834945471426
 6.0846E-02,0.00038546405469342895
 6.0881E-02,0.0013528863773203817
 6.0916E-02,0.00272437373932641
 6.0951E-02,0.004439824269299256
 6.0986E-02,0.006424097908215843
 6.1022E-02,0.00859032812554577
 6.1057E-02,0.01084374186252168
 6.1092E-02,0.01308581678276106
 6.1127E-02,0.015218591663649087
 6.1162E-02,0.017148940953061027
 6.1197E-02,0.018792628030163766
 6.1232E-02,0.02007796305989451
 6.1267E-02,0.020948909735659757
 6.1302E-02,0.021367509682503706
 6.1337E-02,0.021315522738781883
 6.1372E-02,0.02079521455803778
 6.1407E-02,0.019829258709298497
 6.1443E-02,0.01845975737681754
 6.1478E-02,0.016746421519402276
 6.1513E-02,0.014763986616555674
 6.1548E-02,0.012598972615075464
 6.1583E-02,0.010345925149669144
 6.1618E-02,0.00810329834910368
 6.1653E-02,0.00596915645483961
 6.1688E-02,0.004036881136659414
 6.1723E-02,0.0023910730939643464
 6.1758E-02,0.001103829882664225
 6.1793E-02,0.00023156686243265123
 6.1829E-02,-0.00018747490796816065
 6.1864E-02,-0.00013492023872280426
 6.1899E-02,0.00038692668135466605
 6.1934E-02,0.0013551842379259079
 6.1969E-02,0.0027274061240336505
 6.2004E-02,0.004443458335154405
 6.2039E-02,0.006428174521161442
 6.2074E-02,0.008594668862733265
 6.2109E-02,0.010848156864516704
 6.2144E-02,0.013090113086975769
 6.2179E-02,0.015222581632424776
 6.2215E-02,0.0171524504326314
 6.2250E-02,0.01879550391022867
 6.2285E-02,0.020080079923815754
 6.2320E-02,0.0209501753082438
 6.2355E-02,0.02136786882454633
 6.2390E-02,0.021314959815195322
 6.2425E-02,0.02079375409738477
 6.2460E-02,0.019826964345838013
 6.2495E-02,0.01845672911728465
 6.2530E-02,0.016742791429082374
 6.2565E-02,0.01475991309222262
 6.2601E-02,0.01259463349501079
 6.2636E-02,0.010341509973239104
 6.2671E-02,0.008099000104159967
 6.2706E-02,0.005965163155517643
 6.2741E-02,0.004033367582252976
 6.2776E-02,0.002388193173061084
 6.2811E-02,0.0011017097833228686
 6.2846E-02,0.00023029950771652756
 6.2881E-02,-0.00018783395318174175
 6.2916E-02,-0.00013435522063646207
 6.2951E-02,0.0003883909981463729
 6.2987E-02,0.0013574836529438767
 6.3022E-02,0.002730439840285163
 6.3057E-02,0.004447093426311274
 6.3092E-02,0.006432251807218483
 6.3127E-02,0.008599009914668268
 6.3162E-02,0.010852571827690009
 6.3197E-02,0.013094408991454667
 6.3232E-02,0.015226570832250177
 6.3267E-02,0.017155958796047175
 6.3302E-02,0.018798378391576852
 6.3337E-02,0.020082195191005344
 6.3373E-02,0.020951439158337797
 6.3408E-02,0.021368226172380194
 6.3443E-02,0.021314395084936683
 6.3478E-02,0.02079229190205964
 6.3513E-02,0.019824668418027994
 6.3548E-02,0.01845369954369022
 6.3583E-02,0.016739160319122443
 6.3618E-02,0.014755838865498729
 6.3653E-02,0.012590294016816942
 6.3688E-02,0.010337094817192978
 6.3723E-02,0.008094702275310877
 6.3759E-02,0.00596117064562187
 6.3794E-02,0.004029855134797584
 6.3829E-02,0.0023853146152673374
 6.3864E-02,0.0010995912538204783
 6.3899E-02,0.0002290338807472332
 6.3934E-02,-0.00018819118351076479
 6.3969E-02,-0.0001337883961218056
 6.4004E-02,0.00038985701611890316
 6.4039E-02,0.0013597845914133512
 6.4074E-02,0.0027334748545481988
 6.4109E-02,0.004450729546371352
 6.4145E-02,0.006436329800345541
 6.4180E-02,0.008603351302825631
 6.4215E-02,0.010856986735889335
 6.4250E-02,0.013098704466300586
 6.4285E-02,0.015230559263591575
 6.4320E-02,0.017159466085352914
 6.4355E-02,0.018801251523236112
 6.4390E-02,0.020084308878935045
 6.4425E-02,0.020952701274785088
 6.4460E-02,0.02136858172513128
 6.4495E-02,0.021313828583551193
 6.4531E-02,0.02079082802532887
 6.4566E-02,0.019822370955995754
 6.4601E-02,0.018450668648893418
 6.4636E-02,0.016735528173292515
 6.4671E-02,0.014751763945954269
 6.4706E-02,0.012585954214589114
 6.4741E-02,0.010332679704723239
 6.4776E-02,0.008090404848869935
 6.4811E-02,0.00595717888971411
 6.4846E-02,0.004026343775478042
 6.4881E-02,0.0023824374348027223
 6.4917E-02,0.0010974743179182156
 6.4952E-02,0.00022776998184488692
 6.4987E-02,-0.0001885466239229612
 6.5022E-02,-0.0001332197842270073
 6.5057E-02,0.00039132474825343
 6.5092E-02,0.0013620870874842175
 6.5127E-02,0.0027365111873583372
 6.5162E-02,0.0044543666848632455
 6.5197E-02,0.006440408478322534
 6.5232E-02,0.008607693024175129
 6.5267E-02,0.010861401609607045
 6.5302E-02,0.013102999528189066
 6.5338E-02,0.015234546914144038
 6.5373E-02,0.01716297226728896
 6.5408E-02,0.01880412328288554
 6.5443E-02,0.020086420994417067
 6.5478E-02,0.020953961677507148
 6.5513E-02,0.02136893548636369
 6.5548E-02,0.021313260291713966
 6.5583E-02,0.020789362448925246
 6.5618E-02,0.019820071967668617
 6.5653E-02,0.018447636463170346
 6.5688E-02,0.01673189501660871
 6.5724E-02,0.014747688335447016
 6.5759E-02,0.012581614079675217
 6.5794E-02,0.010328264642933332
 6.5829E-02,0.008086107854462744
 6.5864E-02,0.005953187918205474
 6.5899E-02,0.004022833510693103
 6.5934E-02,0.0023795616151261597
 6.5969E-02,0.001095358960660905
 6.6004E-02,0.00022650781541886452
 6.6039E-02,-0.00018890026041926567
 6.6074E-02,-0.0001326493856697021
 6.6110E-02,0.00039279417079205673
 6.6145E-02,0.0013643911129013536
 6.6180E-02,0.0027395488296443463
 6.6215E-02,0.004458004853017908
 6.6250E-02,0.006444487851102602
 6.6285E-02,0.008612035069695436
 6.6320E-02,0.010865816427987098
 6.6355E-02,0.013107294166591548
 6.6390E-02,0.015238533792806874
 6.6425E-02,0.017166477354394853
 6.6460E-02,0.018806993664544587
 6.6496E-02,0.020088531510408673
 6.6531E-02,0.02095522033784169
 6.6566E-02,0.02136928744348087
 6.6601E-02,0.021312690207886224
 6.6636E-02,0.020787895161790047
 6.6671E-02,0.01981777142188097
 6.6706E-02,0.018444602947737743
 6.6741E-02,0.01672826082344083
 6.6776E-02,0.014743612026318572
 6.6811E-02,0.012577273606941369
 6.6846E-02,0.010323849613975332
 6.6882E-02,0.008081811265909442
 6.6917E-02,0.005949197715739987
 6.6952E-02,0.004019324346832987
 6.6987E-02,0.0023766871738245795
 6.7022E-02,0.0010932451913402176
 6.7057E-02,0.00022524737666898347
 6.7092E-02,-0.00018925209859470645
 6.7127E-02,-0.0001320771920277562
 6.7162E-02,0.00039426530347804465
 6.7197E-02,0.0013666966812162001
 6.7232E-02,0.0027425877772455035
 6.7268E-02,0.004461644037131708
 6.7303E-02,0.006448567913415864
 6.7338E-02,0.008616377449378248
 6.7373E-02,0.010870231205156577
 6.7408E-02,0.01311158838574691
 6.7443E-02,0.015242519895099971
 6.7478E-02,0.01716998134888124
 6.7513E-02,0.018809862688237977
 6.7548E-02,0.02009064045816098
 6.7583E-02,0.020956477281699755
 6.7618E-02,0.021369637609878887
 6.7654E-02,0.021312118342704647
 6.7689E-02,0.020786426185533086
 6.7724E-02,0.01981546935156179
 6.7759E-02,0.018441568132851697
 6.7794E-02,0.016724625609334156
 6.7829E-02,0.014739535022750591
 6.7864E-02,0.012572932802615023
 6.7899E-02,0.010319434632352206
 6.7934E-02,0.008077515097432864
 6.7969E-02,0.005945208283569788
 6.8004E-02,0.004015816271389799
 6.8040E-02,0.002373814097494718
 6.8075E-02,0.0010911330075860342
 6.8110E-02,0.00022398867219035855
 6.8145E-02,-0.0001896021350799961
 6.8180E-02,-0.00013150320984834583
 6.8215E-02,0.00039573813705543994
 6.8250E-02,0.0013690037926406698
 6.8285E-02,0.0027456280418920002
 6.8320E-02,0.004465284249443502
 6.8355E-02,0.0064526486664376
 6.8390E-02,0.008620720154068905
 6.8426E-02,0.010874645932446586
 6.8461E-02,0.013115882184368132
 6.8496E-02,0.015246505221648912
 6.8531E-02,0.01717348424247348
 6.8566E-02,0.01881273033449561
 6.8601E-02,0.02009274781674833
 6.8636E-02,0.020957732497500485
 6.8671E-02,0.021369985983074723
 6.8706E-02,0.021311544692773625
 6.8741E-02,0.020784955508821482
 6.8776E-02,0.01981316574227229
 6.8811E-02,0.01843853201196803
 6.8847E-02,0.01672098937977354
 6.8882E-02,0.01473545733498357
 6.8917E-02,0.01256859167197136
 6.8952E-02,0.010315019697660648
 6.8987E-02,0.008073219351069107
 6.9022E-02,0.005941219632261038
 6.9057E-02,0.004012309299001613
 6.9092E-02,0.002370942394297554
 6.9127E-02,0.0010890224063649708
 6.9162E-02,0.00022273169373940348
 6.9197E-02,-0.00018995037428338102
 6.9233E-02,-0.00013092743834744588
 6.9268E-02,0.00039721267019963665
 6.9303E-02,0.0013713124375667675
 6.9338E-02,0.002748669608985268
 6.9373E-02,0.004468925479849293
 6.9408E-02,0.006456730109663435
 6.9443E-02,0.008625063188089957
 6.9478E-02,0.01087906061064828
 6.9513E-02,0.013120175557783494
 6.9548E-02,0.015250489768316135
 6.9583E-02,0.017176986037355787
 6.9619E-02,0.01881559660931695
 6.9654E-02,0.0200948535875275
 6.9689E-02,0.020958985977245766
 6.9724E-02,0.021370332549974873
 6.9759E-02,0.02131096924782583
 6.9794E-02,0.020783483126303407
 6.9829E-02,0.019810860587579374
 6.9864E-02,0.018435494571152424
 6.9899E-02,0.01671735211445752
 6.9934E-02,0.014731378944080315
 6.9969E-02,0.012564250203126069
 7.0005E-02,0.010310604802904137
 7.0040E-02,0.0080689240186618
 7.0075E-02,0.005937231750789187
 7.0110E-02,0.004008803421101659
 7.0145E-02,0.002368072064261685
 7.0180E-02,0.0010869133957088991
 7.0215E-02,0.00022147645050881923
 7.0250E-02,-0.00019029681135755943
 7.0285E-02,-0.00013034987556902086
 7.0320E-02,0.0003986889074850865
 7.0355E-02,0.001373622625033033
 7.0391E-02,0.0027517124873557113
 7.0426E-02,0.004472567731131265
 7.0461E-02,0.006460812239736595
 7.0496E-02,0.008629406548029375
 7.0531E-02,0.010883475241740489
 7.0566E-02,0.013124468512619072
 7.0601E-02,0.015254473541594218
 7.0636E-02,0.017180486737746165
 7.0671E-02,0.018818461518457636
 7.0706E-02,0.020096957783041255
 7.0741E-02,0.020960237740520974
 7.0777E-02,0.021370677331913057
 7.0812E-02,0.021310392025939574
 7.0847E-02,0.020782009053563245
 7.0882E-02,0.019808553905408758
 7.0917E-02,0.01843245583299482
 7.0952E-02,0.016713713837079
 7.0987E-02,0.014727299868739824
 7.1022E-02,0.01255990840755842
 7.1057E-02,0.010306189955599005
 7.1092E-02,0.008064629107631463
 7.1127E-02,0.005933244646052741
 7.1163E-02,0.004005298640034864
 7.1198E-02,0.00236520310298656
 7.1233E-02,0.0010848059676332297
 7.1268E-02,0.00022022293644948334
 7.1303E-02,-0.00019064144814748984
 7.1338E-02,-0.00012977052183664684
 7.1373E-02,0.0004001668464956347
 7.1408E-02,0.001375934350852593
 7.1443E-02,0.002754756674849328
 7.1478E-02,0.004476211005539651
 7.1513E-02,0.006464895060854426
 7.1549E-02,0.008633750234808432
 7.1584E-02,0.010887889820838714
 7.1619E-02,0.013128761040342217
 7.1654E-02,0.015258456532850947
 7.1689E-02,0.01718398633537818
 7.1724E-02,0.01882132505104848
 7.1759E-02,0.020099060387716243
 7.1794E-02,0.020961487769049998
 7.1829E-02,0.02137102031231112
 7.1864E-02,0.021309813014505366
 7.1899E-02,0.020780533279937195
 7.1934E-02,0.01980624568389143
 7.1970E-02,0.01842941578449826
 7.2005E-02,0.016710074537083352
 7.2040E-02,0.014723220104234457
 7.2075E-02,0.012555566285838033
 7.2110E-02,0.010301775158007134
 7.2145E-02,0.008060334619558629
 7.2180E-02,0.005929258319896623
 7.2215E-02,0.0040017949601780685
 7.2250E-02,0.0023623355171995793
 7.2285E-02,0.0010827001277455032
 7.2320E-02,0.00021897115277986167
 7.2356E-02,-0.000190984287624004
 7.2391E-02,-0.00012918938126715786
 7.2426E-02,0.0004016464842789859
 7.2461E-02,0.001378247612338153
 7.2496E-02,0.0027578021667570007
 7.2531E-02,0.004479855296227743
 7.2566E-02,0.006468978566983754
 7.2601E-02,0.00863809424654504
 7.2636E-02,0.010892304350444307
 7.2671E-02,0.013133053145158132
 7.2706E-02,0.015262438745527315
 7.2742E-02,0.017187484833166178
 7.2777E-02,0.018824187211317706
 7.2812E-02,0.02010116140742668
 7.2847E-02,0.020962736068082348
 7.2882E-02,0.021371361493167748
 7.2917E-02,0.021309232212062403
 7.2952E-02,0.020779055802822827
 7.2987E-02,0.019803935921079967
 7.3022E-02,0.018426374423398596
 7.3057E-02,0.01670643420945048
 7.3092E-02,0.014719139641856003
 7.3128E-02,0.012551223827662467
 7.3163E-02,0.010297360401409284
 7.3198E-02,0.00805604054842877
 7.3233E-02,0.005925272767802134
 7.3268E-02,0.0039982923772041035
 7.3303E-02,0.00235946930352868
 7.3338E-02,0.001080595875943183
 7.3373E-02,0.00021772110366635635
 7.3408E-02,-0.00019132532306642832
 7.3443E-02,-0.00012860644743479285
 7.3478E-02,0.0004031278256283132
 7.3514E-02,0.0013805624136458458
 7.3549E-02,0.0027608489678850475
 7.3584E-02,0.004483500608063349
 7.3619E-02,0.006473062760998669
 7.3654E-02,0.008642438582979663
 7.3689E-02,0.010896718828574847
 7.3724E-02,0.013137344826108672
 7.3759E-02,0.01526642018127409
 7.3794E-02,0.01719098223473745
 7.3829E-02,0.018827048003699574
 7.3864E-02,0.02010326084764773
 7.3900E-02,0.020963982645718755
 7.3935E-02,0.02137170088622146
 7.3970E-02,0.021308649632965106
 7.4005E-02,0.02077757663704507
 7.4040E-02,0.01980162463128749
 7.4075E-02,0.018423331764422454
 7.4110E-02,0.016702792870428987
 7.4145E-02,0.014715058498662116
 7.4180E-02,0.012546881048311125
 7.4215E-02,0.01029294569705489
 7.4250E-02,0.008051746901347885
 7.4286E-02,0.005921287994205079
 7.4321E-02,0.003994790893857981
 7.4356E-02,0.002356604462466694
 7.4391E-02,0.0010784932094571765
 7.4426E-02,0.000216472783502472
 7.4461E-02,-0.00019166456080300096
 7.4496E-02,-0.0001280217252739486
 7.4531E-02,0.00040461086738829467
 7.4566E-02,0.0013828787522649887
 7.4601E-02,0.002763897075500228
 7.4636E-02,0.004487146938602068
 7.4672E-02,0.006477147641742328
 7.4707E-02,0.008646783243938007
 7.4742E-02,0.010901133254095575
 7.4777E-02,0.013141636079019667
 7.4812E-02,0.015270400832430553
 7.4847E-02,0.017194478530198724
 7.4882E-02,0.01882990741724225
 7.4917E-02,0.020105358696281404
 7.4952E-02,0.020965227487930647
 7.4987E-02,0.021372038475506602
 7.5022E-02,0.021308065260772606
 7.5058E-02,0.0207760957673534
 7.5093E-02,0.019799311800850424
 7.5128E-02,0.018420287794696007
 7.5163E-02,0.016699150507512875
 7.5198E-02,0.014710976663644692
 7.5233E-02,0.012542537940198023
 7.5268E-02,0.01028853104163745
 7.5303E-02,0.008047453678348929
 7.5338E-02,0.005917304000672457
 7.5373E-02,0.003991290512278673
 7.5408E-02,0.0023537409969651524
 7.5443E-02,0.0010763921322509173
 7.5479E-02,0.0002152261963549848
 7.5514E-02,-0.00019200199836455056
 7.5549E-02,-0.00012743521490329353
 7.5584E-02,0.0004060956074469248
 7.5619E-02,0.0013851966255095062
 7.5654E-02,0.0027669464871343105
 7.5689E-02,0.004490794285352469
 7.5724E-02,0.006481233206425813
 7.5759E-02,0.008651128227218006
 7.5794E-02,0.010905547627093276
 7.5829E-02,0.013145926907339154
 7.5865E-02,0.015274380705235178
 7.5900E-02,0.017197973726925983
 7.5935E-02,0.01883276545937287
 7.5970E-02,0.020107454960909724
 7.6005E-02,0.020966470602950142
 7.6040E-02,0.02137237426958666
 7.6075E-02,0.021307479103128128
 7.6110E-02,0.020774613199484687
 7.6145E-02,0.01979699743369715
 7.6180E-02,0.018417242517137132
 7.6215E-02,0.016695507122832756
 7.6251E-02,0.014706894137295564
 7.6286E-02,0.012538194501319308
 7.6321E-02,0.010284116430954652
 7.6356E-02,0.008043160874555519
 7.6391E-02,0.005913320783213793
 7.6426E-02,0.003987791229808399
 7.6461E-02,0.002350878905237761
 7.6496E-02,0.0010742926432410708
 7.6531E-02,0.0002139813424993258
 7.6566E-02,-0.00019233763327890794
 7.6601E-02,-0.00012684691181676978
 7.6637E-02,0.00040758205104939147
 7.6672E-02,0.0013875160379244258
 7.6707E-02,0.0027699972061914916
 7.6742E-02,0.004494442650981463
 7.6777E-02,0.006485319457216103
 7.6812E-02,0.008655473533884128
 7.6847E-02,0.010909961946692168
 7.6882E-02,0.01315021730837329
 7.6917E-02,0.015278359796551708
 7.6952E-02,0.017201467823017767
 7.6987E-02,0.018835622130065347
 7.7023E-02,0.02010954964296162
 7.7058E-02,0.02096771199315541
 7.7093E-02,0.021372708272101398
 7.7128E-02,0.021306891165661767
 7.7163E-02,0.020773128941276742
 7.7198E-02,0.019794681539246274
 7.7233E-02,0.018414195941787354
 7.7268E-02,0.01669186272675212
 7.7303E-02,0.014702810930559541
 7.7338E-02,0.012533850743012569
 7.7373E-02,0.010279701875660303
 7.7409E-02,0.008038868498367498
 7.7444E-02,0.005909338347128426
 7.7479E-02,0.003984293048997271
 7.7514E-02,0.0023480181879247117
 7.7549E-02,0.0010721947414683848
 7.7584E-02,0.00021273821908824513
 7.7619E-02,-0.00019267147034088782
 7.7654E-02,-0.0001262568218709233
 7.7689E-02,0.0004090701927066544
 7.7724E-02,0.0013898369853685088
 7.7759E-02,0.00277304922971097
 7.7795E-02,0.004498092033000178
 7.7830E-02,0.006489406391766585
 7.7865E-02,0.0086598191619642
 7.7900E-02,0.010914376211383907
 7.7935E-02,0.013154507280283738
 7.7970E-02,0.015282338102814149
 7.8005E-02,0.017204960812273
 7.8040E-02,0.018838477420772656
 7.8075E-02,0.020111642732469178
 7.8110E-02,0.02096895164772501
 7.8145E-02,0.021373040471176052
 7.8181E-02,0.02130630143523705
 7.8216E-02,0.02077164297871898
 7.8251E-02,0.019792364103529428
 7.8286E-02,0.018411148055570613
 7.8321E-02,0.0166882173072143
 7.8356E-02,0.014698727032355582
 7.8391E-02,0.012529506655734258
 7.8426E-02,0.010275287368776786
 7.8461E-02,0.00803457654619366
 7.8496E-02,0.005905356691936169
 7.8531E-02,0.003980795971318453
 7.8567E-02,0.0023451588473766237
 7.8602E-02,0.0010700984298188012
 7.8637E-02,0.0002114968295796073
 7.8672E-02,-0.00019300350589297722
 7.8707E-02,-0.00012566494218942183
 7.8742E-02,0.0004105600336011541
 7.8777E-02,0.0013921594672845216
 7.8812E-02,0.0027761025562487145
 7.8847E-02,0.004501742429995936
 7.8882E-02,0.006493494009047687
 7.8917E-02,0.008664165110871225
 7.8952E-02,0.010918790421461783
 7.8988E-02,0.01315879682520179
 7.9023E-02,0.015286315628849613
 7.9058E-02,0.017208452702106407
 7.9093E-02,0.018841331340495357
 7.9128E-02,0.02011373423901434
 7.9163E-02,0.020970189576525706
 7.9198E-02,0.02137337087721074
 7.9233E-02,0.02130570992269802
 7.9268E-02,0.020770155322405896
 7.9303E-02,0.019790045136049195
 7.9338E-02,0.01840809886643244
 7.9374E-02,0.016684570870806954
 7.9409E-02,0.014694642447998058
 7.9444E-02,0.012525162243021703
 7.9479E-02,0.010270872911528816
 7.9514E-02,0.008030285016983548
 7.9549E-02,0.005901375815290049
 7.9584E-02,0.003977299994363796
 7.9619E-02,0.0023423008817983404
 7.9654E-02,0.001068003707076127
 7.9689E-02,0.0002102571732048817
 7.9724E-02,-0.0001933337399369847
 7.9760E-02,-0.00012507127145391743
 7.9795E-02,0.00041205157646084247
 7.9830E-02,0.0013944834870513634
 7.9865E-02,0.002779157188785071
 7.9900E-02,0.004505393843951607
 7.9935E-02,0.006497582310074046
 7.9970E-02,0.008668511380722745
 8.0005E-02,0.01092320457578165
 8.0040E-02,0.013163085940259361
 8.0075E-02,0.015290292370160273
 8.0110E-02,0.017211943487360923
 8.0146E-02,0.01884418388461451
 8.0181E-02,0.02011582415918939
 8.0216E-02,0.020971425777209514
 8.0251E-02,0.02137369948854585
 8.0286E-02,0.021305116627241993
 8.0321E-02,0.020768665972993792
 8.0356E-02,0.01978772463927413
 8.0391E-02,0.018405048378475466
 8.0426E-02,0.01668092342263612
 8.0461E-02,0.014690557183253974
 8.0496E-02,0.012520817511360936
 8.0532E-02,0.010266458510908686
 8.0567E-02,0.008025993917529504
 8.0602E-02,0.005897395722670542
 8.0637E-02,0.003973805121552243
 8.0672E-02,0.0023394442925697527
 8.0707E-02,0.001065910573011273
 8.0742E-02,0.00020901924841443677
 8.0777E-02,-0.00019366217540540758
 8.0812E-02,-0.00012447581397002146
 8.0847E-02,0.0004135448162078173
 8.0882E-02,0.0013968090398312892
 8.0918E-02,0.0027822131234478626
 8.0953E-02,0.004509046272013562
 8.0988E-02,0.006501671292613794
 8.1023E-02,0.008672857969684348
 8.1058E-02,0.010927618673024433
 8.1093E-02,0.01316737462458942
 8.1128E-02,0.015294268325693606
 8.1163E-02,0.017215433165794443
 8.1198E-02,0.01884703504908919
 8.1233E-02,0.020117912487209514
 8.1268E-02,0.020972660242849394
 8.1304E-02,0.021374026297545267
 8.1339E-02,0.02130452154042045
 8.1374E-02,0.02076717492097989
 8.1409E-02,0.0197854026028398
 8.1444E-02,0.018401996581068773
 8.1479E-02,0.016677274952478595
 8.1514E-02,0.014686471228643028
 8.1549E-02,0.012516472452200772
 8.1584E-02,0.010262044159794391
 8.1619E-02,0.008021703242785895
 8.1654E-02,0.005893416411597522
 8.1690E-02,0.003970311352795558
 8.1725E-02,0.0023365890812345282
 8.1760E-02,0.0010638190301288726
 8.1795E-02,0.00020778305830062855
 8.1830E-02,-0.00019398880877910302
 8.1865E-02,-0.00012387856617003588
 8.1900E-02,0.0004150397557031491
 8.1935E-02,0.0013991361272071103
 8.1970E-02,0.0027852703605593387
 8.2005E-02,0.004512699713797497
 8.2040E-02,0.006505760956235335
 8.2076E-02,0.008677204877653064
 8.2111E-02,0.010932032713635662
 8.2146E-02,0.01317166287966357
 8.2181E-02,0.015298243498664633
 8.2216E-02,0.017218921742856053
 8.2251E-02,0.018849884841442278
 8.2286E-02,0.02011999923205257
 8.2321E-02,0.020973892983233187
 8.2356E-02,0.02137435131458047
 8.2391E-02,0.021303924673227573
 8.2426E-02,0.020765682177817667
 8.2461E-02,0.019783079038093426
 8.2497E-02,0.01839894348480151
 8.2532E-02,0.01667362546975139
 8.2567E-02,0.014682384592233673
 8.2602E-02,0.012512127072020665
 8.2637E-02,0.010257629862655736
 8.2672E-02,0.008017412994935332
 8.2707E-02,0.005889437882165248
 8.2742E-02,0.003966818686847801
 8.2777E-02,0.0023337352460983795
 8.2812E-02,0.0010617290767389624
 8.2847E-02,0.00020654860130819212
 8.2883E-02,-0.00019431364136784354
 8.2918E-02,-0.00012327952875445652
 8.2953E-02,0.0004165363952415633
 8.2988E-02,0.0014014647504029401
 8.3023E-02,0.0027883289016977205
 8.3058E-02,0.004516354170507384
 8.3093E-02,0.006509851301334541
 8.3128E-02,0.008681552104054222
 8.3163E-02,0.01093644669591063
 8.3198E-02,0.013175950702314056
 8.3233E-02,0.015302217884231941
 8.3269E-02,0.017222409212331046
 8.3304E-02,0.01885273325487822
 8.3339E-02,0.020122084387127072
 8.3374E-02,0.020975123992337946
 8.3409E-02,0.02137467453413142
 8.3444E-02,0.021303326020601906
 8.3479E-02,0.020764187739230104
 8.3514E-02,0.019780753942039042
 8.3549E-02,0.018395889088217113
 8.3584E-02,0.01666997497442394
 8.3619E-02,0.01467829727519104
 8.3655E-02,0.012507781373105379
 8.3690E-02,0.010253215622836894
 8.3725E-02,0.008013123178101217
 8.3760E-02,0.005885460138575504
 8.3795E-02,0.003963327127166628
 8.3830E-02,0.002330882789331119
 8.3865E-02,0.0010596407136622425
 8.3900E-02,0.00020531587708808334
 8.3935E-02,-0.0001946366746261182
 8.3970E-02,-0.00012267870434945328
 8.4005E-02,0.00041803473121191227
 8.4041E-02,0.0014037949053538493
 8.4076E-02,0.002791388743065836
 8.4111E-02,0.004520009639138143
 8.4146E-02,0.006513942325753837
 8.4181E-02,0.008685899647503907
 8.4216E-02,0.010940860619224377
 8.4251E-02,0.013180238092710463
 8.4286E-02,0.015306191483116764
 8.4321E-02,0.017225895574865063
 8.4356E-02,0.018855580289234106
 8.4391E-02,0.020124167951118183
 8.4427E-02,0.020976353267833345
 8.4462E-02,0.021374995953157033
 8.4497E-02,0.021302725578889323
 8.4532E-02,0.020762691600738407
 8.4567E-02,0.01977842730922917
 8.4602E-02,0.018392833385060627
 8.4637E-02,0.016666323459847258
 8.4672E-02,0.014674209270892545
 8.4707E-02,0.012503435349131765
 8.4742E-02,0.010248801434649969
 8.4777E-02,0.008008833787663976
 8.4813E-02,0.00588148317777777
 8.4848E-02,0.003959836672516122
 8.4883E-02,0.0023280317113385206
 8.4918E-02,0.001057553942549751
 8.4953E-02,0.00020408488813136445
 8.4988E-02,-0.0001949579054931563
 8.5023E-02,-0.00012207608956889992
 8.5058E-02,0.00041953476683896754
 8.5093E-02,0.0014061265946113853
 8.5128E-02,0.00279444988622741
 8.5163E-02,0.0045236661203066604
 8.5199E-02,0.0065180340295531505
 8.5234E-02,0.008690247507893168
 8.5269E-02,0.010945274483620893
 8.5304E-02,0.013184525051388046
 8.5339E-02,0.015310164296847416
 8.5374E-02,0.01722938083351259
 8.5409E-02,0.018858425949349448
 8.5444E-02,0.020126249930468184
 8.5479E-02,0.020977580817351585
 8.5514E-02,0.02137531558014307
 8.5549E-02,0.02130212335730569
 8.5585E-02,0.020761193772246247
 8.5620E-02,0.019776099150005447
 8.5655E-02,0.018389776385680654
 8.5690E-02,0.01666267093589688
 8.5725E-02,0.014670120588287754
 8.5760E-02,0.012499089007751036
 8.5795E-02,0.010244387304038356
 8.5830E-02,0.008004544827568804
 8.5865E-02,0.005877507001696509
 8.5900E-02,0.0039563473230888515
 8.5935E-02,0.0023251820111403173
 8.5970E-02,0.0010554687617270436
 8.6006E-02,0.0002028556323855525
 8.6041E-02,-0.00019527733609424672
 8.6076E-02,-0.000121471686330752
 8.6111E-02,0.0004210365007675381
 8.6146E-02,0.0014084598175362333
 8.6181E-02,0.00279751233108766
 8.6216E-02,0.004527323614100502
 8.6251E-02,0.006522126412546325
 8.6286E-02,0.008694595684372537
 8.6321E-02,0.010949688287285587
 8.6356E-02,0.013188811575278958
 8.6392E-02,0.01531413632089176
 8.6427E-02,0.017232864982305012
 8.6462E-02,0.01886127022819668
 8.6497E-02,0.020128330317619243
 8.6532E-02,0.020978806633215233
 8.6567E-02,0.02137563340754576
 8.6602E-02,0.021301519348556435
 8.6637E-02,0.020759694246875116
 8.6672E-02,0.01977376945821992
 8.6707E-02,0.018386718084952434
 8.6742E-02,0.016659017398664443
 8.6778E-02,0.014666031224838257
 8.6813E-02,0.012494742347886842
 8.6848E-02,0.010239973231421588
 8.6883E-02,0.008000256299509893
 8.6918E-02,0.005873531612795475
 8.6953E-02,0.0039528590815421545
 8.6988E-02,0.0023223336910489266
 8.7023E-02,0.001053385172834972
 8.7058E-02,0.00020162811070135946
 8.7093E-02,-0.00019559496654862136
 8.7128E-02,-0.00012086549576484395
 8.7164E-02,0.0004225399309367322
 8.7199E-02,0.001410794571448694
 8.7234E-02,0.0028005760748240054
 8.7269E-02,0.004530982117944823
 8.7304E-02,0.006526219472736687
 8.7339E-02,0.00869894417578689
 8.7374E-02,0.010954102030096346
 8.7409E-02,0.013193097665365023
 8.7444E-02,0.015318107557180462
 8.7479E-02,0.017236348023735318
 8.7514E-02,0.018864113128262094
 8.7550E-02,0.020130409114681596
 8.7585E-02,0.02098003071707321
 8.7620E-02,0.02137594943649979
 8.7655E-02,0.02130091355325458
 8.7690E-02,0.02075819302458822
 8.7725E-02,0.01977143823303256
 8.7760E-02,0.01838365848123416
 8.7795E-02,0.01665536284576759
 8.7830E-02,0.014661941177546763
 8.7865E-02,0.012490395366110768
 8.7900E-02,0.010235559213196747
 8.7936E-02,0.00799596820016028
 8.7971E-02,0.0058695570084986645
 8.8006E-02,0.003949371946335826
 8.8041E-02,0.002319486750628894
 8.8076E-02,0.00105130317648812
 8.8111E-02,0.00020040232457561034
 8.8146E-02,-0.0001959107945810678
 8.8181E-02,-0.0001202575150924983
 8.8216E-02,0.0004240450602240783
 8.8251E-02,0.0014131308588771624
 8.8286E-02,0.002803641119292429
 8.8322E-02,0.0045346416329836775
 8.8357E-02,0.006530313210600276
 8.8392E-02,0.008703292982043732
 8.8427E-02,0.010958515711539735
 8.8462E-02,0.013197383321028613
 8.8497E-02,0.015322078005510952
 8.8532E-02,0.01723982995848469
 8.8567E-02,0.01886695465150223
 8.8602E-02,0.020132486324902988
 8.8637E-02,0.020981253073245786
 8.8672E-02,0.02137626367232215
 8.8708E-02,0.0213003059775987
 8.8743E-02,0.02075669011242015
 8.8778E-02,0.01976910548218575
 8.8813E-02,0.018380597582641274
 8.8848E-02,0.016651707285428953
 8.8883E-02,0.014657850454387486
 8.8918E-02,0.012486048069715653
 8.8953E-02,0.0102311452555373
 8.8988E-02,0.007991680534126334
 8.9023E-02,0.0058655831916761166
 8.9058E-02,0.003945885918724597
 8.9094E-02,0.002316641189801574
 8.9129E-02,0.0010492227715579268
 8.9164E-02,0.0001991782720796117
 8.9199E-02,-0.0001962248226578108
 8.9234E-02,-0.00011964774691962282
 8.9269E-02,0.0004255518863031768
 8.9304E-02,0.0014154686780383594
 8.9339E-02,0.0028067074632526032
 8.9374E-02,0.004538302158248578
 8.9409E-02,0.006534407625225032
 8.9444E-02,0.008707642102059952
 8.9479E-02,0.010962929330073933
 8.9515E-02,0.013201668539923658
 8.9550E-02,0.015326047662305511
 8.9585E-02,0.017243310781657084
 8.9620E-02,0.018869794791862134
 8.9655E-02,0.02013456194145858
 8.9690E-02,0.020982473694516893
 8.9725E-02,0.021376576107511678
 8.9760E-02,0.021299696613948
 8.9795E-02,0.020755185502803954
 8.9830E-02,0.019766771198446317
 8.9865E-02,0.018377535382632523
 8.9901E-02,0.016648050711952217
 8.9936E-02,0.014653759050691733
 8.9971E-02,0.012481700455351222
 9.0006E-02,0.010226731356625088
 9.0041E-02,0.007987393301171975
 9.0076E-02,0.005861610163325633
 9.0111E-02,0.0039424010004146725
 9.0146E-02,0.0023137970105114444
 9.0181E-02,0.0010471439598874835
 9.0216E-02,0.00019795595478198545
 9.0251E-02,-0.0001965370497202179
 9.0287E-02,-0.00011903619096377885
 9.0322E-02,0.0004270604085471726
 9.0357E-02,0.0014178080275324438
 9.0392E-02,0.0028097751049085025
 9.0427E-02,0.00454196369198833
 9.0462E-02,0.006538502715162877
 9.0497E-02,0.00871199153494125
 9.0532E-02,0.010967342885695923
 9.0567E-02,0.013205953323174244
 9.0602E-02,0.015330016529970831
 9.0637E-02,0.017246790496668846
 9.0673E-02,0.01887263355329705
 9.0708E-02,0.020136635968427564
 9.0743E-02,0.02098369258488917
 9.0778E-02,0.021376886746014265
 9.0813E-02,0.021299085466112696
 9.0848E-02,0.020753679199148032
 9.0883E-02,0.01976443538459865
 9.0918E-02,0.01837447188318414
 9.0953E-02,0.016644393126554632
 9.0988E-02,0.014649666966941463
 9.1023E-02,0.012477352522672045
 9.1059E-02,0.010222317515322162
 9.1094E-02,0.007983106499612074
 9.1129E-02,0.005857637921696378
 9.1164E-02,0.003938917190042009
 9.1199E-02,0.0023109542120114198
 9.1234E-02,0.0010450667414012306
 9.1269E-02,0.00019673537320003323
 9.1304E-02,-0.00019684747465022006
 9.1339E-02,-0.00011842284551559834
 9.1374E-02,0.0004285706290455156
 9.1409E-02,0.0014201489094508787
 9.1445E-02,0.0028128440459372177
 9.1480E-02,0.00454562623525879
 9.1515E-02,0.006542598480846532
 9.1550E-02,0.008716341280504795
 9.1585E-02,0.010971756377558917
 9.1620E-02,0.013210237669379002
 9.1655E-02,0.015333984606838122
 9.1690E-02,0.017250269102103637
 9.1725E-02,0.018875470935126402
 9.1760E-02,0.020138708406080754
 9.1795E-02,0.020984909745532295
 9.1831E-02,0.02137719558976214
 9.1866E-02,0.021298472536783557
 9.1901E-02,0.02075217120501191
 9.1936E-02,0.01976209804506975
 9.1971E-02,0.0183714070894619
 9.2006E-02,0.016640734534821153
 9.2041E-02,0.014645574208878864
 9.2076E-02,0.012473004277345923
 9.2111E-02,0.010217903736889588
 9.2146E-02,0.007978820133889297
 9.2181E-02,0.005853666470034419
 9.2217E-02,0.003935434489486522
 9.2252E-02,0.00230811279488851
 9.2287E-02,0.0010429911155763688
 9.2322E-02,0.00019551652593315376
 9.2357E-02,-0.0001971560995544081
 9.2392E-02,-0.0001178077131806473
 9.2427E-02,0.0004300825450960418
 9.2462E-02,0.001422491321347162
 9.2497E-02,0.002815914284359988
 9.2532E-02,0.00454928978650905
 9.2567E-02,0.006546694920959332
 9.2603E-02,0.008720691337526988
 9.2638E-02,0.010976169804368115
 9.2673E-02,0.013214521576933947
 9.2708E-02,0.015337951890665951
 9.2743E-02,0.017253746594784746
 9.2778E-02,0.018878306933158083
 9.2813E-02,0.020140779249352328
 9.2848E-02,0.020986125170782553
 9.2883E-02,0.021377502632719817
 9.2918E-02,0.021297857819644
 9.2953E-02,0.020750661513895863
 9.2989E-02,0.019759759173309615
 9.3024E-02,0.018368340995093328
 9.3059E-02,0.016637074930866115
 9.3094E-02,0.014641480771348728
 9.3129E-02,0.012468655715219327
 9.3164E-02,0.010213490018411757
 9.3199E-02,0.007974534202436243
 9.3234E-02,0.005849695808091738
 9.3269E-02,0.003931952899543491
 9.3304E-02,0.002305272760604155
 9.3339E-02,0.0010409170842064948
 9.3374E-02,0.0001942994148060118
 9.3410E-02,-0.00019746292279589599
 9.3445E-02,-0.00011719079273283481
 9.3480E-02,0.0004315961572385239
 9.3515E-02,0.0014248352630407749
 9.3550E-02,0.0028189858194336637
 9.3585E-02,0.004552954344703718
 9.3620E-02,0.006550792034553858
 9.3655E-02,0.008725041705393208
 9.3690E-02,0.010980583166161276
 9.3725E-02,0.013218805046824822
 9.3760E-02,0.015341918383565382
 9.3796E-02,0.01725722297795337
 9.3831E-02,0.018881141551501324
 9.3866E-02,0.020142848502929956
 9.3901E-02,0.020987338865691447
 9.3936E-02,0.021377807880149525
 9.3971E-02,0.021297241320054477
 9.4006E-02,0.020749150131052475
 9.4041E-02,0.019757418774281978
 9.4076E-02,0.018365273604569243
 9.4111E-02,0.01663341431851826
 9.4146E-02,0.014637386657365376
 9.4182E-02,0.012464306838318968
 9.4217E-02,0.01020907636086618
 9.4252E-02,0.007970248705331617
 9.4287E-02,0.005845725935304478
 9.4322E-02,0.003928472419368672
 9.4357E-02,0.00230243410835393
 9.4392E-02,0.0010388446466940175
 9.4427E-02,0.00019308403955172534
 9.4462E-02,-0.0001977679442464355
 9.4497E-02,-0.00011657208359782996
 9.4532E-02,0.00043311146648243907
 9.4568E-02,0.0014271807357511775
 9.4603E-02,0.0028220586522589223
 9.4638E-02,0.0045566199106068395
 9.4673E-02,0.006554889821827802
 9.4708E-02,0.008729392383664254
 9.4743E-02,0.010984996461796487
 9.4778E-02,0.013223088077149987
 9.4813E-02,0.01534588408302903
 9.4848E-02,0.017260698248841973
 9.4883E-02,0.018883974787592413
 9.4918E-02,0.020144916164760752
 9.4954E-02,0.02098855082876571
 9.4989E-02,0.02137811133111989
 9.5024E-02,0.02129662303769505
 9.5059E-02,0.020747637056889187
 9.5094E-02,0.019755076849210483
 9.5129E-02,0.01836220491988819
 9.5164E-02,0.01662975270045783
 9.5199E-02,0.014633291870150522
 9.5234E-02,0.012459957650243473
 9.5269E-02,0.010204662768000451
 9.5304E-02,0.007965963646104357
 9.5340E-02,0.005841756854607071
 9.5375E-02,0.0039249930510453866
 9.5410E-02,0.002299596839243254
 9.5445E-02,0.0010367738032108858
 9.5480E-02,0.00019187039945885262
 9.5515E-02,-0.00019807116539088292
 9.5550E-02,-0.000115951587871099
 9.5585E-02,0.0004346284703656384
 9.5620E-02,0.0014295277369801224
 9.5655E-02,0.0028251327806115183
 9.5690E-02,0.0045602864823461545
 9.5726E-02,0.006558988281291283
 9.5761E-02,0.008733743371189314
 9.5796E-02,0.010989409690327252
 9.5831E-02,0.013227370667069874
 9.5866E-02,0.015349848988090779
 9.5901E-02,0.01726417240601936
 9.5936E-02,0.018886806639305708
 9.5971E-02,0.020146982231995562
 9.6006E-02,0.020989761056600227
 9.6041E-02,0.021378412981822695
 9.6076E-02,0.021296002968413014
 9.6112E-02,0.020746122286943027
 9.6147E-02,0.019752733393367423
 9.6182E-02,0.018359134936213436
 9.6217E-02,0.016626090071929615
 9.6252E-02,0.014629196405260258
 9.6287E-02,0.012455608147114031
 9.6322E-02,0.010200249236743966
 9.6357E-02,0.007961679022718764
 9.6392E-02,0.005837788565079554
 9.6427E-02,0.003921514794656568
 9.6462E-02,0.0022967609541368
 9.6497E-02,0.0010347045551480601
 9.6533E-02,0.00019065849626219889
 9.6568E-02,-0.00019837258441048327
 9.6603E-02,-0.00011532930390843052
 9.6638E-02,0.0004361471701161393
 9.6673E-02,0.0014318762673598173
 9.6708E-02,0.0028282082045431364
 9.6743E-02,0.0045639540595745565
 9.6778E-02,0.006563087412416313
 9.6813E-02,0.008738094667481761
 9.6848E-02,0.010993822851606815
 9.6883E-02,0.013231652817061571
 9.6919E-02,0.015353813100110613
 9.6954E-02,0.017267645451891314
 9.6989E-02,0.018889637110033476
 9.7024E-02,0.02014904670880147
 9.7059E-02,0.020990969553942192
 9.7094E-02,0.021378712837449444
 9.7129E-02,0.02129538111773818
 9.7164E-02,0.02074460582693817
 9.7199E-02,0.019750388412461503
 9.7234E-02,0.018356063659041723
 9.7269E-02,0.016622426438028432
 9.7305E-02,0.014625100267154927
 9.7340E-02,0.012451258332531948
 9.7375E-02,0.010195835769634207
 9.7410E-02,0.007957394836594986
 9.7445E-02,0.005833821067203662
 9.7480E-02,0.003918037650032735
 9.7515E-02,0.002293926452475811
 9.7550E-02,0.0010326369017570833
 9.7585E-02,0.00018944832915042495
 9.7620E-02,-0.00019867220196431278
 9.7655E-02,-0.00011470523207893508
 9.7691E-02,0.0004376675657165788
 9.7726E-02,0.0014342263271784703
 9.7761E-02,0.0028312849244040393
 9.7796E-02,0.004567622642487742
 9.7831E-02,0.006567187215077519
 9.7866E-02,0.008742446271943783
 9.7901E-02,0.010998235944393007
 9.7936E-02,0.013235934525100704
 9.7971E-02,0.015357776416302283
 9.8006E-02,0.017271117383130738
 9.8041E-02,0.018892466196236735
 9.8077E-02,0.020151109591749004
 9.8112E-02,0.02099217631760534
 9.8147E-02,0.021379010895120107
 9.8182E-02,0.021294757483185215
 9.8217E-02,0.02074308767490709
 9.8252E-02,0.01974804190520111
 9.8287E-02,0.018352991087790156
 9.8322E-02,0.01661876179887433
 9.8357E-02,0.014621003456658972
 9.8392E-02,0.01244690820797699
 9.8427E-02,0.010191422368725693
 9.8463E-02,0.007953111090104834
 9.8498E-02,0.005829854363286027
 9.8533E-02,0.003914561619081998
 9.8568E-02,0.00229109333562103
 9.8603E-02,0.001030570843766742
 9.8638E-02,0.00018823989816015843
 9.8673E-02,-0.00019897001877085686
 9.8708E-02,-0.00011407937377267912
 9.8743E-02,0.0004391896552851048
 9.8778E-02,0.0014365779143416277
 9.8813E-02,0.002834362938153937
 9.8849E-02,0.004571292229266498
 9.8884E-02,0.00657128768776107
 9.8919E-02,0.008746798183452146
 9.8954E-02,0.011002648968041482
 9.8989E-02,0.013240215790992896
 9.9024E-02,0.015361738936705557
 9.9059E-02,0.017274588199698373
 9.9094E-02,0.018895293897565543
 9.9129E-02,0.020153170880081436
 9.9164E-02,0.020993381346488663
 9.9199E-02,0.021379307153422594
 9.9235E-02,0.02129413206302213
 9.9270E-02,0.020741567828766808
 9.9305E-02,0.019745693869158767
 9.9340E-02,0.018349917219788642
 9.9375E-02,0.016615096151641123
 9.9410E-02,0.014616905970887998
 9.9445E-02,0.012442557770662962
 9.9480E-02,0.010187009031541995
 9.9515E-02,0.007948827781359665
 9.9550E-02,0.005825888452226966
 9.9585E-02,0.003911086701506774
 9.9621E-02,0.0022882616039246522
 9.9656E-02,0.0010285063820389708
 9.9691E-02,0.0001870332045951714
 9.9726E-02,-0.00019926603320988176
 9.9761E-02,-0.00011345172729814855
 9.9796E-02,0.0004407134402930629
 9.9831E-02,0.001438931029840163
 9.9866E-02,0.0028374422462978076
 9.9901E-02,0.004574962820014425
 9.9936E-02,0.0065753888302799175
 0.1000,0.008751150401635177
 0.1000,0.011007061922153597
 0.1000,0.013244496614573085
 0.1001,0.015365700661759029
 0.1001,0.017278057902890283
 0.1001,0.018898120216183138
 0.1002,0.02015523057672827
 0.1002,0.02099458464414133
 0.1003,0.021379601616479692
 0.1003,0.0212935048618839
 0.1003,0.02074004629355623
 0.1004,0.01974334430957653
 0.1004,0.01834684206029104
 0.1004,0.016611429501444116
 0.1005,0.01461280781464456
 0.1005,0.012438207024820838
 0.1005,0.010182595761453445
 0.1006,0.007944544912657624
 0.1006,0.005821923335257913
 0.1006,0.003907612897720058
 0.1007,0.00228543125721925
 0.1007,0.0010264435159794832
 0.1007,0.00018582824751035257
 0.1008,-0.00019956024642801102
 0.1008,-0.00011282229376391076
 0.1008,0.0004422389199162374
 0.1009,0.0014412856731900884
 0.1009,0.0028405228485043565
 0.1010,0.0045786344143427665
 0.1010,0.006579490642083076
 0.1010,0.00875550292571077
 0.1011,0.011011474805513302
 0.1011,0.01324877699402327
 0.1011,0.015369661588867486
 0.1012,0.017281526489385343
 0.1012,0.018900945148378305
 0.1012,0.020157288677840796
 0.1013,0.020995786206729646
 0.1013,0.02137989428052015
 0.1013,0.021292875876136225
 0.1014,0.020738523065952398
 0.1014,0.019740993223646797
 0.1014,0.01834376560706846
 0.1015,0.016607761846645808
 0.1015,0.014608708986915957
 0.1016,0.01243385597017111
 0.1016,0.010178182558967623
 0.1016,0.007940262485199964
 0.1017,0.0058179590139810795
 0.1017,0.003904140209293282
 0.1017,0.0022826022968225937
 0.1018,0.0010243822465615796
 0.1018,0.00018462502747325056
 0.1018,-0.00019985265834560208
 0.1019,-0.00011219107369701786
 0.1019,0.0004437660929939649
 0.1019,0.0014436418428264279
 0.1020,0.0028436047431153327
 0.1020,0.004582307010747497
 0.1020,0.00658359312190133
 0.1021,0.008759855754699843
 0.1021,0.01101588761763335
 0.1021,0.013253056929418952
 0.1022,0.01537362171866999
 0.1022,0.017284993960192153
 0.1023,0.01890376869516645
 0.1023,0.02015934518428576
 0.1023,0.02099698603497596
 0.1024,0.021380185146145928
 0.1024,0.02129224510623773
 0.1024,0.02073699814613388
 0.1025,0.019738640611178113
 0.1025,0.018340687859606044
 0.1025,0.016604093186454293
 0.1026,0.014604609486679031
 0.1026,0.012429504605474486
 0.1026,0.01017376942272103
 0.1027,0.00793598049770099
 0.1027,0.005813995487431486
 0.1027,0.003900668635781008
 0.1028,0.0022797747227964525
 0.1028,0.0010223225742464846
 0.1028,0.00018342354528367937
 0.1029,-0.00020014326788089294
 0.1029,-0.00011155806579384129
 0.1030,0.0004452949608656721
 0.1030,0.0014459995398402401
 0.1030,0.0028466879308044427
 0.1031,0.0045859806094464195
 0.1031,0.006587696269612508
 0.1031,0.00876420888823962
 0.1032,0.011020300357936674
 0.1032,0.013257336420122523
 0.1032,0.015377581050707358
 0.1033,0.017288460315316032
 0.1033,0.018906590857234614
 0.1033,0.020161400097450353
 0.1034,0.020998184130867386
 0.1034,0.021380474215891038
 0.1034,0.021291612555248147
 0.1035,0.020735471537673446
 0.1035,0.01973628647614458
 0.1036,0.01833760882210507
 0.1036,0.016600423525177526
 0.1036,0.014600509318168767
 0.1037,0.01242515293468377
 0.1037,0.010169356356134425
 0.1037,0.007931698952796662
 0.1038,0.005810032757347611
 0.1038,0.003897198178079306
 0.1038,0.0022769485353306856
 0.1039,0.0010202644986771045
 0.1039,0.00018222380009870291
 0.1039,-0.00020043207623446596
 0.1040,-0.00011092327144363037
 0.1040,0.00044682552219658185
 0.1040,0.0014483587631358695
 0.1041,0.0028497724106822378
 0.1041,0.004589655209657078
 0.1041,0.006591800084398588
 0.1042,0.008768562325371033
 0.1042,0.011024713025266
 0.1043,0.01326161546461823
 0.1043,0.015381539582919712
 0.1043,0.017291925552074764
 0.1044,0.018909411631390923
 0.1044,0.020163453413848027
 0.1044,0.02099938049078699
 0.1045,0.02138076148606208
 0.1045,0.021290978219447722
 0.1045,0.02073394323695139
 0.1046,0.01973393081519813
 0.1046,0.018334528491618526
 0.1046,0.016596752860309018
 0.1047,0.014596408479407597
 0.1047,0.012420800956478689
 0.1047,0.010164943358660321
 0.1048,0.007927417850729073
 0.1048,0.005806070824571959
 0.1048,0.003893728837328866
 0.1049,0.002274123735612172
 0.1049,0.001018208020916046
 0.1050,0.0001810257928273754
 0.1050,-0.00020071908281900353
 0.1050,-0.00011028669051870498
 0.1051,0.00044835777658151386
 0.1051,0.0014507195118122448
 0.1051,0.0028528581816018297
 0.1052,0.0045933308102078544
 0.1052,0.006595904565214181
 0.1052,0.00877291606532419
 0.1053,0.011029125619233152
 0.1053,0.013265894063085353
 0.1053,0.015385497316134679
 0.1054,0.017295389671858903
 0.1054,0.01891223101935487
 0.1054,0.020165505135298648
 0.1055,0.021000575116605368
 0.1055,0.02138104695861352
 0.1056,0.02129034210082389
 0.1056,0.020732413245828744
 0.1056,0.019731573629934367
 0.1057,0.01833144686942222
 0.1057,0.01659308119281913
 0.1057,0.014592306971039297
 0.1058,0.012416448671110431
 0.1058,0.010160530430137099
 0.1058,0.007923137191033604
 0.1059,0.005802109688586235
 0.1059,0.003890260613171142
 0.1059,0.002271300323532412
 0.1060,0.0010161531410956316
 0.1060,0.00017982952375866486
 0.1060,-0.00020100428709975571
 0.1061,-0.00010964832223420536
 0.1061,0.0004498917249233486
 0.1061,0.0014530817867191678
 0.1062,0.00285594524412687
 0.1062,0.004597007411296342
 0.1063,0.006600009711922835
 0.1063,0.008777270107643623
 0.1063,0.011033538139083001
 0.1064,0.013270172214462611
 0.1064,0.015389454249173935
 0.1064,0.01729885267364295
 0.1065,0.01891504902052962
 0.1065,0.02016755526176524
 0.1065,0.02100176800876829
 0.1066,0.021381330634393746
 0.1066,0.02128970420067262
 0.1066,0.020730881566135593
 0.1067,0.01972921492271528
 0.1067,0.018328363958279578
 0.1067,0.016589408525702863
 0.1068,0.014588204796161706
 0.1068,0.012412096081689878
 0.1068,0.010156117573531544
 0.1069,0.007918856976284045
 0.1069,0.005798149351305676
 0.1070,0.0038867935067729968
 0.1070,0.0022684782995786284
 0.1070,0.001014099859137921
 0.1071,0.00017863499236459393
 0.1071,-0.00020128769006899454
 0.1071,-0.00010900816796312394
 0.1072,0.0004514273657088302
 0.1072,0.0014554455864036167
 0.1072,0.0028590335970285845
 0.1073,0.004600685011861535
 0.1073,0.006604115523516173
 0.1073,0.008781624451325241
 0.1074,0.011037950583781852
 0.1074,0.013274449917642312
 0.1074,0.015393410380665646
 0.1075,0.01730231455562071
 0.1075,0.018917865632620445
 0.1076,0.02016960379056393
 0.1076,0.021002959164418043
 0.1076,0.0213816125104996
 0.1077,0.021289064516020615
 0.1077,0.02072934819482306
 0.1077,0.019726854690480914
 0.1078,0.01832527975531749
 0.1078,0.016585734856433096
 0.1078,0.014584101952656336
 0.1079,0.012407743186552756
 0.1079,0.010151704787731608
 0.1079,0.007914577206012144
 0.1080,0.005794189812945921
 0.1080,0.0038833275188838176
 0.1080,0.002265657664760785
 0.1081,0.001012048176103149
 0.1081,0.0001774421996017533
 0.1081,-0.00020156929091780988
 0.1082,-0.00010836622710831822
 0.1082,0.0004529646991403434
 0.1083,0.001457810910631465
 0.1083,0.0028621232396630137
 0.1083,0.004604363611057984
 0.1084,0.00660822199919003
 0.1084,0.008785979095728114
 0.1084,0.011042362952976401
 0.1085,0.013278727172704886
 0.1085,0.015397365711258278
 0.1085,0.017305775319065117
 0.1086,0.018920680857433824
 0.1086,0.020171650723879803
 0.1086,0.021004148585952516
 0.1087,0.021381892589447008
 0.1087,0.021288423049528982
 0.1087,0.02072781313463732
 0.1088,0.019724492935962085
 0.1088,0.01832219426304651
 0.1088,0.01658206018717251
 0.1089,0.014579998442328686
 0.1089,0.012403389987107372
 0.1090,0.010147292073671394
 0.1090,0.007910297880688776
 0.1090,0.005790231073575996
 0.1091,0.0038798626493155583
 0.1091,0.0022628384188720426
 0.1091,0.0010099980918668967
 0.1092,0.0001762511454700018
 0.1092,-0.00020184908953706882
 0.1092,-0.00010772249950543446
 0.1093,0.0004545037255206823
 0.1093,0.0014601777597694147
 0.1093,0.0028652141723274384
 0.1094,0.004608043208978007
 0.1094,0.006612329138687012
 0.1094,0.008790334040234323
 0.1095,0.011046775245726032
 0.1095,0.013283003978368632
 0.1096,0.015401320239405745
 0.1096,0.017309234962336512
 0.1096,0.018923494693425347
 0.1097,0.020173696060455364
 0.1097,0.021005336272494707
 0.1097,0.02138217087075874
 0.1098,0.021287779801076254
 0.1098,0.02072627638584851
 0.1098,0.019722129659863
 0.1099,0.018319107482660444
 0.1099,0.01657838451954736
 0.1099,0.014575894267092781
 0.1100,0.01239903648542822
 0.1100,0.010602532839433831
