  0.000,0.0
  1.000,0.01456641940121728
  0.000,0.01456641940121728
 2.1860E-05,0.01539397693445054
 4.3720E-05,0.01763728629317301
 6.5580E-05,0.02156116212024916
 8.7440E-05,0.02656384656243948
 1.0930E-04,0.030381200619528304
 1.3116E-04,0.03221309591653996
 1.5302E-04,0.03174899727820097
 1.7488E-04,0.029312947035763027
 1.9674E-04,0.026573485646954307
 2.1860E-04,0.024910429853072756
 2.4046E-04,0.02424620511768283
 2.6232E-04,0.024076731580526547
 2.8418E-04,0.023391097545763503
 3.0604E-04,0.02080995005361045
 3.2790E-04,0.016237345945038163
 3.4976E-04,0.010858887664181097
 3.7162E-04,0.005892242777283182
 3.9348E-04,0.0025312571445550397
 4.1534E-04,0.0014549469183239715
 4.3720E-04,0.001846268020879067
 4.5906E-04,0.0023394386341258656
 4.8092E-04,0.002147674611055936
 5.0278E-04,0.0009606935849926365
 5.2464E-04,-0.0006448888172430839
 5.4650E-04,-0.0012037430790425292
 5.6836E-04,0.00030851764969867584
 5.9022E-04,0.0038843786448168782
 6.1208E-04,0.00881792742479605
 6.3394E-04,0.013766957468044192
 6.5580E-04,0.017369527938661183
 6.7766E-04,0.01931230841318914
 6.9952E-04,0.02027457539964661
 7.2138E-04,0.0212583932378046
 7.4324E-04,0.023198635430481923
 7.6510E-04,0.026329478808113406
 7.8696E-04,0.02976157617124307
 8.0882E-04,0.032151317145843517
 8.3068E-04,0.03255416978590745
 8.5254E-04,0.030707195256584368
 8.7440E-04,0.027287495340089653
 8.9626E-04,0.023682515356427025
 9.1812E-04,0.0209645730856402
 9.3998E-04,0.019356055068523035
 9.6184E-04,0.018344582354931395
 9.8370E-04,0.016866316453941516
 1.0056E-03,0.013994371412442932
 1.0274E-03,0.009731748701242843
 1.0493E-03,0.004951142434160626
 1.0711E-03,0.0008919675425705731
 1.0930E-03,-0.001348885457326172
 1.1149E-03,-0.0014637454265889645
 1.1367E-03,-0.00014753371449627078
 1.1586E-03,0.001463849968658254
 1.1804E-03,0.0024666837711936375
 1.2023E-03,0.002619635798542753
 1.2242E-03,0.002539432586574039
 1.2460E-03,0.0033365786305560746
 1.2679E-03,0.005822918343553458
 1.2897E-03,0.010019372296723148
 1.3116E-03,0.015145669654595304
 1.3335E-03,0.019926202029280304
 1.3553E-03,0.0232696820524172
 1.3772E-03,0.024906284283538464
 1.3990E-03,0.025404327675806852
 1.4209E-03,0.02574605276057201
 1.4428E-03,0.026765785828334554
 1.4646E-03,0.02857805255726399
 1.4865E-03,0.030448648692377317
 1.5083E-03,0.031280300010716536
 1.5302E-03,0.030242525813493615
 1.5521E-03,0.027227188225684585
 1.5739E-03,0.022987561210998313
 1.5958E-03,0.018736134140708228
 1.6176E-03,0.015439994680546198
 1.6395E-03,0.013356712173234038
 1.6614E-03,0.011978355176195566
 1.6832E-03,0.010368674416295999
 1.7051E-03,0.007807212865627524
 1.7269E-03,0.004306242008748785
 1.7488E-03,0.0006294410104409078
 1.7707E-03,-0.0021020463603694207
 1.7925E-03,-0.002994481833084834
 1.8144E-03,-0.0018937760486248075
 1.8362E-03,0.0005374078805095179
 1.8581E-03,0.0032400987622120867
 1.8800E-03,0.005352163222164384
 1.9018E-03,0.006663384507394789
 1.9237E-03,0.007712301250541351
 1.9455E-03,0.009406091759189345
 1.9674E-03,0.012400892421477743
 1.9893E-03,0.016665348418070873
 2.0111E-03,0.02143254292221221
 2.0330E-03,0.025557663283610362
 2.0548E-03,0.028130923491219404
 2.0767E-03,0.02895338710720343
 2.0986E-03,0.02857409387140746
 2.1204E-03,0.027923386356358704
 2.1423E-03,0.02774590147450827
 2.1641E-03,0.02813582250264158
 2.1860E-03,0.02848700017008947
 2.2079E-03,0.027882500497491212
 2.2297E-03,0.025656383336782038
 2.2516E-03,0.02182276501838554
 2.2734E-03,0.01712992670266506
 2.2953E-03,0.012676597892446333
 2.3172E-03,0.009331128800214724
 2.3390E-03,0.007310836737171574
 2.3609E-03,0.006135722016327721
 2.3827E-03,0.004979144569223338
 2.4046E-03,0.0032265668303226628
 2.4265E-03,0.0008920596674607418
 2.4483E-03,-0.0013587095258156896
 2.4702E-03,-0.002568238448219278
 2.4920E-03,-0.0020286931089390937
 2.5139E-03,0.0002994611231591595
 2.5358E-03,0.0037545256203239253
 2.5576E-03,0.00733930229393406
 2.5795E-03,0.010255896926583637
 2.6013E-03,0.012313342403422113
 2.6232E-03,0.013974465374906082
 2.6451E-03,0.016004206021943673
 2.6669E-03,0.018941442231218204
 2.6888E-03,0.02271437388214281
 2.7106E-03,0.02661289224796771
 2.7325E-03,0.029640063394972323
 2.7544E-03,0.031046364083857535
 2.7762E-03,0.030723278057277436
 2.7981E-03,0.029228044536959347
 2.8199E-03,0.027438703091959
 2.8418E-03,0.0260381200498849
 2.8637E-03,0.02512813577991292
 2.8855E-03,0.02420726461421835
 2.9074E-03,0.02251633178680551
 2.9292E-03,0.019539349337330952
 2.9511E-03,0.015370060654609411
 2.9730E-03,0.01072641245244756
 2.9948E-03,0.006598370007184151
 3.0167E-03,0.0037415941181316195
 3.0385E-03,0.0023126059961734546
 3.0604E-03,0.0018471310568792308
 3.0823E-03,0.001591753298597434
 3.1041E-03,0.000993131382699596
 3.1260E-03,5.002483537777419e-05
 3.1478E-03,-0.0006763757428768655
 3.1697E-03,-0.00039359076211978983
 3.1916E-03,0.0014413202074963158
 3.2134E-03,0.00477356917672627
 3.2353E-03,0.008942848158924974
 3.2571E-03,0.01301714215559521
 3.2790E-03,0.01627217734537587
 3.3009E-03,0.0185419948078615
 3.3227E-03,0.020237377647281594
 3.3446E-03,0.02202425198298427
 3.3664E-03,0.02435951724729031
 3.3883E-03,0.027160180273938402
 3.4102E-03,0.029798766367880133
 3.4320E-03,0.031430415512019964
 3.4539E-03,0.0314604740728081
 3.4757E-03,0.029875648057857494
 3.4976E-03,0.027247043414683175
 3.5195E-03,0.024407358886288078
 3.5413E-03,0.021991620639642752
 3.5632E-03,0.02011113163144135
 3.5850E-03,0.018350079534120163
 3.6069E-03,0.016079577289192747
 3.6288E-03,0.012899467458197787
 3.6506E-03,0.008946703726571241
 3.6725E-03,0.004886430609621023
 3.6943E-03,0.0015900424393638602
 3.7162E-03,-0.0003098757143129415
 3.7381E-03,-0.0007301182250141391
 3.7599E-03,-0.00013676654832975375
 3.7818E-03,0.0007620940917962269
 3.8036E-03,0.0014478515383342838
 3.8255E-03,0.0018922874674626984
 3.8474E-03,0.0025538960757682198
 3.8692E-03,0.004075186483082747
 3.8911E-03,0.006860428404213484
 3.9129E-03,0.010783808242604848
 3.9348E-03,0.01520072808260033
 3.9567E-03,0.019255796269685727
 3.9785E-03,0.022308995302108864
 4.0004E-03,0.02423381652428747
 4.0222E-03,0.025415697503741924
 4.0441E-03,0.026456409837515522
 4.0660E-03,0.027763631928375415
 4.0878E-03,0.029269269230541753
 4.1097E-03,0.030442132603329924
 4.1315E-03,0.030587566729355715
 4.1534E-03,0.029256793655283983
 4.1753E-03,0.026524203792113593
 4.1971E-03,0.02297060865218942
 4.2190E-03,0.019383598503950092
 4.2408E-03,0.01635095063014818
 4.2627E-03,0.013984211498350208
 4.2846E-03,0.011930202189377395
 4.3064E-03,0.009657300919892461
 4.3283E-03,0.0068435198337826325
 4.3501E-03,0.0036355077240149674
 4.3720E-03,0.0006245415274615178
 4.3939E-03,-0.0014466362016661012
 4.4157E-03,-0.0020743410421498578
 4.4376E-03,-0.001255340222031538
 4.4594E-03,0.000530562046362137
 4.4813E-03,0.0026040496238224735
 4.5032E-03,0.0044684823418466675
 4.5250E-03,0.006067308481600463
 4.5469E-03,0.007768697345287392
 4.5687E-03,0.0100902018961112
 4.5906E-03,0.01332858570603452
 4.6125E-03,0.01731507384051338
 4.6343E-03,0.02144156226233079
 4.6562E-03,0.024943956700032938
 4.6780E-03,0.027278743767711985
 4.6999E-03,0.028374614432296094
 4.7218E-03,0.028614701624001926
 4.7436E-03,0.02856414133407466
 4.7655E-03,0.028606872450084777
 4.7873E-03,0.028706612805777864
 4.8092E-03,0.028431815419046772
 4.8311E-03,0.027228077659192263
 4.8529E-03,0.024775528555938727
 4.8748E-03,0.021219363908684365
 4.8966E-03,0.01713751300971699
 4.9185E-03,0.013264375424865485
 4.9404E-03,0.01013197548449503
 4.9622E-03,0.007836267108339848
 4.9841E-03,0.006060548805858821
 5.0059E-03,0.004336431245670975
 5.0278E-03,0.0023847064628981264
 5.0497E-03,0.00033336942149441405
 5.0715E-03,-0.0013161505477350265
 5.0934E-03,-0.0019544488864962494
 5.1152E-03,-0.0012054891975043069
 5.1371E-03,0.0008551686735858172
 5.1590E-03,0.0037315202100653036
 5.1808E-03,0.006768478366678327
 5.2027E-03,0.0094907031837909
 5.2245E-03,0.011822314759349271
 5.2464E-03,0.014062184855251998
 5.2683E-03,0.01663369893855958
 5.2901E-03,0.01976016903496426
 5.3120E-03,0.023259791693660676
 5.3338E-03,0.026582724218682373
 5.3557E-03,0.0290702378196961
 5.3776E-03,0.030285611371267413
 5.3994E-03,0.030224496181151597
 5.4213E-03,0.02928378140364883
 5.4431E-03,0.02801035543998332
 5.4650E-03,0.02677973163718844
 5.4869E-03,0.0255935842092497
 5.5087E-03,0.024113157653895007
 5.5306E-03,0.02190565003222835
 5.5524E-03,0.018755394605792487
 5.5743E-03,0.014854389982440805
 5.5962E-03,0.0107587559978508
 5.6180E-03,0.007135745595756573
 5.6399E-03,0.0044481761443927875
 5.6617E-03,0.0027580215672996095
 5.6836E-03,0.0017594224983368237
 5.7055E-03,0.0010168059740341053
 5.7273E-03,0.0002648952266242078
 5.7492E-03,-0.00040707975796440865
 5.7710E-03,-0.0005950106838226314
 5.7929E-03,0.00018097623547545392
 5.8148E-03,0.0021792208168032253
 5.8366E-03,0.005255704941272494
 5.8585E-03,0.008905774823487743
 5.8803E-03,0.012504627691692737
 5.9022E-03,0.015607341030016809
 5.9241E-03,0.018135420433900422
 5.9459E-03,0.02034440161744099
 5.9678E-03,0.022596141353973344
 5.9896E-03,0.025073852985488927
 6.0115E-03,0.02761042936996618
 6.0334E-03,0.02973276448093571
 6.0552E-03,0.030897151017471723
 6.0771E-03,0.030778346530616597
 6.0989E-03,0.029443488030641483
 6.1208E-03,0.027310149581788925
 6.1427E-03,0.024914903692364657
 6.1645E-03,0.022629174593041586
 6.1864E-03,0.020488084349466192
 6.2082E-03,0.018229555962614816
 6.2301E-03,0.015516412063553732
 6.2520E-03,0.012206915703966608
 6.2738E-03,0.008511746697783405
 6.2957E-03,0.004943284982412732
 6.3175E-03,0.0020856099404592725
 6.3394E-03,0.0003182749338669869
 6.3613E-03,-0.0003473350254599856
 6.3831E-03,-0.00022718052347752045
 6.4050E-03,0.0002531546846167615
 6.4268E-03,0.0008232725831175266
 6.4487E-03,0.0015241855343425038
 6.4706E-03,0.0026655206477905445
 6.4924E-03,0.004610947487866824
 6.5143E-03,0.007519871457255547
 6.5361E-03,0.011198582701957217
 6.5580E-03,0.015149619281089662
 6.5799E-03,0.01879223352769992
 6.6017E-03,0.02172717666718148
 6.6236E-03,0.02389370965980609
 6.6454E-03,0.025530653803414405
 6.6673E-03,0.026968691483691843
 6.6892E-03,0.02837975666364667
 6.7110E-03,0.029633232934952233
 6.7329E-03,0.030344446601104684
 6.7547E-03,0.030086982309786882
 6.7766E-03,0.02864372052546701
 6.7985E-03,0.026148875653290368
 6.8203E-03,0.023037794686643506
 6.8422E-03,0.019834324585463713
 6.8640E-03,0.01690001423903301
 6.8859E-03,0.014289950309372664
 6.9078E-03,0.011795680633108397
 6.9296E-03,0.00914519480177816
 6.9515E-03,0.0062382496515491215
 6.9733E-03,0.0032757717219566843
 6.9952E-03,0.0007054908492826685
 7.0171E-03,-0.000985547104266135
 7.0389E-03,-0.0015114386045406727
 7.0608E-03,-0.0009222266583762451
 7.0826E-03,0.0004432716505764447
 7.1045E-03,0.0021569672894664006
 7.1264E-03,0.003935812038290653
 7.1482E-03,0.005774539328417903
 7.1701E-03,0.007901327946761521
 7.1919E-03,0.010585534098778562
 7.2138E-03,0.013913457395287512
 7.2357E-03,0.01766640119321662
 7.2575E-03,0.021374917082482764
 7.2794E-03,0.02451979049227816
 7.3012E-03,0.026764483395091725
 7.3231E-03,0.028085633950647535
 7.3450E-03,0.028728453525011983
 7.3668E-03,0.02901679728006699
 7.3887E-03,0.029132352528874056
 7.4105E-03,0.028994042064442983
 7.4324E-03,0.028308259217451594
 7.4543E-03,0.026759124226231754
 7.4761E-03,0.02422533674808129
 7.4980E-03,0.020894800964469152
 7.5198E-03,0.01720872289516341
 7.5417E-03,0.013667106683025721
 7.5636E-03,0.010608074951279025
 7.5854E-03,0.008087222055878543
 7.6073E-03,0.005923220051594918
 7.6291E-03,0.003878133130210358
 7.6510E-03,0.0018626848987084053
 7.6729E-03,4.34265038837256e-05
 7.6947E-03,-0.0012124048387555026
 7.7166E-03,-0.0015226210711325764
 7.7384E-03,-0.0006981824966681214
 7.7603E-03,0.0011472491412065355
 7.7822E-03,0.003649448454917391
 7.8040E-03,0.006376602865708634
 7.8259E-03,0.009036809302677784
 7.8477E-03,0.011590640287185929
 7.8696E-03,0.014206028592537697
 7.8915E-03,0.01708580073684778
 7.9133E-03,0.020272839504065644
 7.9352E-03,0.0235504152332765
 7.9570E-03,0.026498781368258253
 7.9789E-03,0.028677088241031375
 8.0008E-03,0.029826018934564595
 8.0226E-03,0.02997448078221863
 8.0445E-03,0.02939022365488775
 8.0663E-03,0.02840582818483729
 8.0882E-03,0.02722384788088024
 8.1101E-03,0.025815561679213884
 8.1319E-03,0.023971206370259544
 8.1538E-03,0.02146959986227387
 8.1756E-03,0.018264742547375885
 8.1975E-03,0.014577399296548887
 8.2194E-03,0.010836014803540257
 8.2412E-03,0.007499886542841433
 8.2631E-03,0.00486591816455095
 8.2849E-03,0.002968727894354831
 8.3068E-03,0.0016283501078591858
 8.3287E-03,0.0006134194773281336
 8.3505E-03,-0.00017892937845582948
 8.3724E-03,-0.0006335977216739622
 8.3942E-03,-0.0004713291521393462
 8.4161E-03,0.0005861510944290306
 8.4380E-03,0.0026370042465386438
 8.4598E-03,0.005511542957443926
 8.4817E-03,0.008827858387275896
 8.5035E-03,0.012159406627907614
 8.5254E-03,0.015218435622849061
 8.5473E-03,0.01795073093559457
 8.5691E-03,0.020489888604289228
 8.5910E-03,0.023002095882758495
 8.6128E-03,0.025516391514153934
 8.6347E-03,0.02784311686224065
 8.6566E-03,0.029630657300656057
 8.6784E-03,0.030528747585347866
 8.7003E-03,0.030363696700862097
 8.7221E-03,0.029223861841378092
 8.7440E-03,0.027406484703812975
 8.7659E-03,0.02525817573652136
 8.7877E-03,0.023002860093388748
 8.8096E-03,0.020656821408312192
 8.8314E-03,0.01807786274959396
 8.8533E-03,0.015116114392389319
 8.8752E-03,0.011774384447652234
 8.8970E-03,0.008280915034948967
 8.9189E-03,0.005029505388135621
 8.9407E-03,0.002420025961747287
 8.9626E-03,0.0006903255073298399
 8.9845E-03,-0.00016514651986388308
 9.0063E-03,-0.00034581145436003
 9.0282E-03,-9.653303487780116e-05
 9.0500E-03,0.0004509290412508236
 9.0719E-03,0.0013532652184717222
 9.0938E-03,0.0028044262333611148
 9.1156E-03,0.004989490116001517
 9.1375E-03,0.007931046152162214
 9.1593E-03,0.011419899663966422
 9.1812E-03,0.015072579281707604
 9.2031E-03,0.018484186211243495
 9.2249E-03,0.021389767479701536
 9.2468E-03,0.023742929495675007
 9.2686E-03,0.02566937261981435
 9.2905E-03,0.02732651528101946
 9.3124E-03,0.02875501834030001
 9.3342E-03,0.029811778404613923
 9.3561E-03,0.030225035438791823
 9.3779E-03,0.02973971515498859
 9.3998E-03,0.028267688268488203
 9.4217E-03,0.025954653402765607
 9.4435E-03,0.023124352445359
 9.4654E-03,0.020132566302751953
 9.4872E-03,0.0172153764304759
 9.5091E-03,0.014418165573073455
 9.5310E-03,0.011643265702183435
 9.5528E-03,0.008784096282501808
 9.5747E-03,0.00586322167511742
 9.5965E-03,0.0030902421828357613
 9.6184E-03,0.0008032696492887657
 9.6403E-03,-0.0006735850631832824
 9.6621E-03,-0.0011751975851807981
 9.6840E-03,-0.0007602339998975695
 9.7058E-03,0.00033999273234830093
 9.7277E-03,0.0018571717588736852
 9.7496E-03,0.0036263727824840126
 9.7714E-03,0.005649874095566519
 9.7933E-03,0.008049075525141405
 9.8151E-03,0.010935382173531887
 9.8370E-03,0.014278629178326844
 9.8589E-03,0.01785294175802659
 9.8807E-03,0.021294433246890395
 9.9026E-03,0.024239638812324073
 9.9244E-03,0.02646639486086829
 9.9463E-03,0.027957645472882237
 9.9682E-03,0.028854041067893705
 9.9900E-03,0.02932630952237326
 1.0012E-02,0.029444774022381912
 1.0034E-02,0.02912390659812521
 1.0056E-02,0.028174524913783867
 1.0077E-02,0.026432138121928107
 1.0099E-02,0.0238848117305182
 1.0121E-02,0.02072417163460977
 1.0143E-02,0.017288362711444908
 1.0165E-02,0.013928948439234807
 1.0187E-02,0.010877570102071204
 1.0209E-02,0.008187226615483175
 1.0230E-02,0.005778468405373209
 1.0252E-02,0.0035591953880869795
 1.0274E-02,0.0015442057776913769
 1.0296E-02,-9.823275600097468e-05
 1.0318E-02,-0.0011018037253561997
 1.0340E-02,-0.0012282281741738497
 1.0362E-02,-0.00039115168492419414
 1.0384E-02,0.001293757402571645
 1.0405E-02,0.0035611873753820366
 1.0427E-02,0.00612047086474401
 1.0449E-02,0.00878011414254058
 1.0471E-02,0.011501789402578408
 1.0493E-02,0.014355183105133116
 1.0515E-02,0.017403676315429377
 1.0537E-02,0.020591409759065912
 1.0558E-02,0.023701179866566276
 1.0580E-02,0.026410707046835506
 1.0602E-02,0.02841684787459227
 1.0624E-02,0.029557315869062017
 1.0646E-02,0.02986089120878048
 1.0668E-02,0.029499012618818484
 1.0690E-02,0.028669188729859282
 1.0711E-02,0.02747983479867834
 1.0733E-02,0.025904054065896874
 1.0755E-02,0.02382818095953058
 1.0777E-02,0.021164451165159925
 1.0799E-02,0.01795922731281714
 1.0821E-02,0.01443092092571542
 1.0843E-02,0.010913185994742594
 1.0864E-02,0.007734412155211351
 1.0886E-02,0.00510133335509267
 1.0908E-02,0.0030514190991765607
 1.0930E-02,0.0014980161152450136
 1.0952E-02,0.00033813021767787883
 1.0974E-02,-0.00044311737285040564
 1.0996E-02,-0.0007342723672567959
 1.1017E-02,-0.0003486605662177619
 1.1039E-02,0.0008650826373068166
 1.1061E-02,0.0029180984412986296
 1.1083E-02,0.005643943204538435
 1.1105E-02,0.008751533738932185
 1.1127E-02,0.011938905229658806
 1.1149E-02,0.015003425957679834
 1.1170E-02,0.01788692031568382
 1.1192E-02,0.02063286127067048
 1.1214E-02,0.023284568314431577
 1.1236E-02,0.025787737971568168
 1.1258E-02,0.027957554698856368
 1.1280E-02,0.029532102456341695
 1.1302E-02,0.030282608598112506
 1.1323E-02,0.030117333654557692
 1.1345E-02,0.029119446247103144
 1.1367E-02,0.02749777277846721
 1.1389E-02,0.02547999331423309
 1.1411E-02,0.023210723240276183
 1.1433E-02,0.020712830436075594
 1.1455E-02,0.017932128488942052
 1.1477E-02,0.014836038399185259
 1.1498E-02,0.011505065070493743
 1.1520E-02,0.008160446624975675
 1.1542E-02,0.00510911552642934
 1.1564E-02,0.002635657540416069
 1.1586E-02,0.0009017432148808132
 1.1608E-02,-9.121053705370857e-05
 1.1630E-02,-0.0004574225655401607
 1.1651E-02,-0.0003288843718803492
 1.1673E-02,0.000236850014500353
 1.1695E-02,0.0012887701652383797
 1.1717E-02,0.002936168773374886
 1.1739E-02,0.0052523939905214714
 1.1761E-02,0.008186587302200805
 1.1783E-02,0.011536937841111773
 1.1804E-02,0.015003230564314258
 1.1826E-02,0.018290409825489195
 1.1848E-02,0.02120543235210604
 1.1870E-02,0.02369402436100786
 1.1892E-02,0.025799447895489783
 1.1914E-02,0.027571074720510156
 1.1936E-02,0.028979559458333203
 1.1957E-02,0.02989074912246516
 1.1979E-02,0.030115129521658186
 1.2001E-02,0.02950455504127249
 1.2023E-02,0.028039774206227757
 1.2045E-02,0.025857396313856404
 1.2067E-02,0.02320025271491826
 1.2089E-02,0.020319577863268417
 1.2110E-02,0.017384837488943608
 1.2132E-02,0.014451486840586876
 1.2154E-02,0.011502108895451751
 1.2176E-02,0.008533004068767554
 1.2198E-02,0.005631845317239455
 1.2220E-02,0.002997768648904253
 1.2242E-02,0.0008895411723666429
 1.2263E-02,-0.0004701145911468949
 1.2285E-02,-0.0009802492885040146
 1.2307E-02,-0.0006894870565751385
 1.2329E-02,0.000248485098588245
 1.2351E-02,0.0016645221849165698
 1.2373E-02,0.0034561173825708516
 1.2395E-02,0.005614845452250921
 1.2416E-02,0.008184917731830756
 1.2438E-02,0.011179562762096099
 1.2460E-02,0.01450693492471196
 1.2482E-02,0.017951761905112485
 1.2504E-02,0.02122633704948578
 1.2526E-02,0.024063913725441616
 1.2548E-02,0.02630281800630303
 1.2570E-02,0.027915133931216873
 1.2591E-02,0.02896630609054563
 1.2613E-02,0.029532238863833354
 1.2635E-02,0.029624736747584562
 1.2657E-02,0.029170272660170818
 1.2679E-02,0.028054779042368527
 1.2701E-02,0.026207621710007418
 1.2723E-02,0.023674443932521272
 1.2744E-02,0.020634870310537796
 1.2766E-02,0.017353222604230743
 1.2788E-02,0.014089290079157138
 1.2810E-02,0.011018917742431963
 1.2832E-02,0.008207624316072219
 1.2854E-02,0.0056488547252132575
 1.2876E-02,0.003340579281773722
 1.2897E-02,0.0013519527537714827
 1.2919E-02,-0.00016169846629848317
 1.2941E-02,-0.0010063122559852882
 1.2963E-02,-0.0010326450165208047
 1.2985E-02,-0.00020820512156663094
 1.3007E-02,0.0013636483441539352
 1.3029E-02,0.003488221098237482
 1.3050E-02,0.005961916127914871
 1.3072E-02,0.008645594697855346
 1.3094E-02,0.01148806964011213
 1.3116E-02,0.014488844314320343
 1.3138E-02,0.017625214320100724
 1.3160E-02,0.020789824620465688
 1.3182E-02,0.023778510585731154
 1.3203E-02,0.02633854846299251
 1.3225E-02,0.028251801678290507
 1.3247E-02,0.029406605544733854
 1.3269E-02,0.029818680647582252
 1.3291E-02,0.02959103146569733
 1.3313E-02,0.028838104110453525
 1.3335E-02,0.02761962822379334
 1.3356E-02,0.025922840331023416
 1.3378E-02,0.023702392260481906
 1.3400E-02,0.020952675048751274
 1.3422E-02,0.01776790732556381
 1.3444E-02,0.014352415422679222
 1.3466E-02,0.010972679845249692
 1.3488E-02,0.007876625954678425
 1.3509E-02,0.005224385799419258
 1.3531E-02,0.0030675743345793226
 1.3553E-02,0.001385546352021753
 1.3575E-02,0.00015404827483428093
 1.3597E-02,-0.0005965832695209077
 1.3619E-02,-0.0007695129153346041
 1.3641E-02,-0.00024367481387218822
 1.3663E-02,0.0010542437763306572
 1.3684E-02,0.00309039769133031
 1.3706E-02,0.005712297118163473
 1.3728E-02,0.00869303516877623
 1.3750E-02,0.011807047827983317
 1.3772E-02,0.014895453640082783
 1.3794E-02,0.017885737124792522
 1.3816E-02,0.020757721021833573
 1.3837E-02,0.023479410600885417
 1.3859E-02,0.025953793488755303
 1.3881E-02,0.028010848785946896
 1.3903E-02,0.029452003658789288
 1.3925E-02,0.03012303029962446
 1.3947E-02,0.029974292604756304
 1.3969E-02,0.02907434619448142
 1.3990E-02,0.027569890885232276
 1.4012E-02,0.025615963542633527
 1.4034E-02,0.0233168528798369
 1.4056E-02,0.02071091842443169
 1.4078E-02,0.017805853057318452
 1.4100E-02,0.014640794009380974
 1.4122E-02,0.011335781101795363
 1.4143E-02,0.008096573459025586
 1.4165E-02,0.005169135150255738
 1.4187E-02,0.0027675856091901293
 1.4209E-02,0.0010148013022184125
 1.4231E-02,-7.265540930008994e-05
 1.4253E-02,-0.0005493643042289865
 1.4275E-02,-0.0004785482245930482
 1.4296E-02,0.00011971295261318382
 1.4318E-02,0.0012787552497636754
 1.4340E-02,0.0030484648856811897
 1.4362E-02,0.005433906925514118
 1.4384E-02,0.008346891714323859
 1.4406E-02,0.011600719770431804
 1.4428E-02,0.014953444088811156
 1.4449E-02,0.0181769862860258
 1.4471E-02,0.021114693619421344
 1.4493E-02,0.023697006418430498
 1.4515E-02,0.025909599222955333
 1.4537E-02,0.027736103991163226
 1.4559E-02,0.029112007340811548
 1.4581E-02,0.02991910723619781
 1.4602E-02,0.030025394565417324
 1.4624E-02,0.029347917695464642
 1.4646E-02,0.027902188247537707
 1.4668E-02,0.02580918248007167
 1.4690E-02,0.02325545394738996
 1.4712E-02,0.020428789678191447
 1.4734E-02,0.017465387506002707
 1.4756E-02,0.014436919326952215
 1.4777E-02,0.011381798278476393
 1.4799E-02,0.008358770598073575
 1.4821E-02,0.005487964979502031
 1.4843E-02,0.0029522115070910178
 1.4865E-02,0.0009550761382479782
 1.4887E-02,-0.00034234822482516036
 1.4909E-02,-0.0008712668785826834
 1.4930E-02,-0.0006646148854237144
 1.4952E-02,0.0001777315806669739
 1.4974E-02,0.0015466506853651174
 1.4996E-02,0.0033705745317515975
 1.5018E-02,0.005624898563286938
 1.5040E-02,0.008300190871937643
 1.5062E-02,0.011350088551624199
 1.5083E-02,0.014652017995110697
 1.5105E-02,0.01800657454649249
 1.5127E-02,0.02117889579465243
 1.5149E-02,0.023960874606121726
 1.5171E-02,0.026220925066447052
 1.5193E-02,0.027915320008803684
 1.5215E-02,0.029057517307589008
 1.5236E-02,0.029666160805732183
 1.5258E-02,0.029724307669355892
 1.5280E-02,0.02917501501351081
 1.5302E-02,0.027956232630547247
 1.5324E-02,0.02605416682652444
 1.5346E-02,0.023542922566062437
 1.5368E-02,0.020585910144139387
 1.5389E-02,0.017396568874121523
 1.5411E-02,0.014179329663193262
 1.5433E-02,0.011082698983726061
 1.5455E-02,0.008188639914985186
 1.5477E-02,0.0055408015524147465
 1.5499E-02,0.003191413559764566
 1.5521E-02,0.001236102496252185
 1.5542E-02,-0.00018647497197370752
 1.5564E-02,-0.0009321123735601355
 1.5586E-02,-0.0009053794767165288
 1.5608E-02,-0.0001002743663433939
 1.5630E-02,0.0013957541545508282
 1.5652E-02,0.0034365312530273565
 1.5674E-02,0.005870831264005071
 1.5695E-02,0.008584947796978857
 1.5717E-02,0.011511382489778853
 1.5739E-02,0.014601329639699965
 1.5761E-02,0.01778021952874928
 1.5783E-02,0.020915650210818516
 1.5805E-02,0.023819739095809454
 1.5827E-02,0.026287611395897057
 1.5848E-02,0.028152373546642004
 1.5870E-02,0.029327048309846147
 1.5892E-02,0.02981134948887542
 1.5914E-02,0.029661441648580956
 1.5936E-02,0.028941986298289972
 1.5958E-02,0.027689383497732024
 1.5980E-02,0.025907636962987344
 1.6002E-02,0.023598267406609277
 1.6023E-02,0.02080505993339135
 1.6045E-02,0.017645310468897037
 1.6067E-02,0.014306908455541058
 1.6089E-02,0.01101041031046403
 1.6111E-02,0.007955482276530701
 1.6133E-02,0.0052798843506384995
 1.6155E-02,0.003051537527879752
 1.6176E-02,0.0012948250843101824
 1.6198E-02,3.2566443010158654e-05
 1.6220E-02,-0.000683452860254983
 1.6242E-02,-0.0007730580065169302
 1.6264E-02,-0.0001600928311868402
 1.6286E-02,0.001181867514361347
 1.6308E-02,0.0031973408828829485
 1.6329E-02,0.005749743226336535
 1.6351E-02,0.008655904738550371
 1.6373E-02,0.011735940584043491
 1.6395E-02,0.014851763463251066
 1.6417E-02,0.017914711502010724
 1.6439E-02,0.02086121338481007
 1.6461E-02,0.0236142616211308
 1.6482E-02,0.026056657632864178
 1.6504E-02,0.02803477426017762
 1.6526E-02,0.029393267332569258
 1.6548E-02,0.030022575252978734
 1.6570E-02,0.029893121530290005
 1.6592E-02,0.029057514680114804
 1.6614E-02,0.02762032012234531
 1.6635E-02,0.025693349454865233
 1.6657E-02,0.02336208776794741
 1.6679E-02,0.02068147035711853
 1.6701E-02,0.01770125099831031
 1.6723E-02,0.014503348679698592
 1.6745E-02,0.0112263083539264
 1.6767E-02,0.008059521112424492
 1.6788E-02,0.005207573588037782
 1.6810E-02,0.00284255264981651
 1.6832E-02,0.0010691230651020288
 1.6854E-02,-8.023171493545659e-05
 1.6876E-02,-0.0006197718202012369
 1.6898E-02,-0.0005719201379642582
 1.6920E-02,6.050759833478461e-05
 1.6941E-02,0.0012944911824124719
 1.6963E-02,0.0031395748581619512
 1.6985E-02,0.005560083011468112
 1.7007E-02,0.008450357616831777
 1.7029E-02,0.0116394349465917
 1.7051E-02,0.014924787149062906
 1.7073E-02,0.01811815399834859
 1.7095E-02,0.02107976508434613
 1.7116E-02,0.02372429575174257
 1.7138E-02,0.025998532366261432
 1.7160E-02,0.027847147350135538
 1.7182E-02,0.029189562818805057
 1.7204E-02,0.029923810343314042
 1.7226E-02,0.029956819528265243
 1.7248E-02,0.029244448363045867
 1.7269E-02,0.027818307832268126
 1.7291E-02,0.02578368229732796
 1.7313E-02,0.02328927119925677
 1.7335E-02,0.020485363978003098
 1.7357E-02,0.017493100460534736
 1.7379E-02,0.014400244346842327
 1.7401E-02,0.011282811854856587
 1.7422E-02,0.008236488526939156
 1.7444E-02,0.005396056983273792
 1.7466E-02,0.0029282861089513544
 1.7488E-02,0.000999529123331228
 1.7510E-02,-0.0002656841197340534
 1.7532E-02,-0.0008132696157143868
 1.7554E-02,-0.0006607760657039955
 1.7575E-02,0.0001279984978197346
 1.7597E-02,0.0014792845144507606
 1.7619E-02,0.0033353123857970592
 1.7641E-02,0.005655651299776021
 1.7663E-02,0.008394738924669572
 1.7685E-02,0.011470930210812283
 1.7707E-02,0.014747763482102223
 1.7728E-02,0.018041269614360856
 1.7750E-02,0.021152094912221902
 1.7772E-02,0.023906800850435644
 1.7794E-02,0.026187378009534388
 1.7816E-02,0.02793486535761797
 1.7838E-02,0.029127939062779894
 1.7860E-02,0.029751602689250655
 1.7881E-02,0.029776302113176025
 1.7903E-02,0.029160925495227356
 1.7925E-02,0.027878370163443307
 1.7947E-02,0.02594843591914192
 1.7969E-02,0.02345794699819469
 1.7991E-02,0.020555025823658563
 1.8013E-02,0.017419135781259112
 1.8034E-02,0.014222193351858224
 1.8056E-02,0.011100724630227415
 1.8078E-02,0.008152090683437339
 1.8100E-02,0.0054534490286407035
 1.8122E-02,0.003088840437302296
 1.8144E-02,0.0011653338658189228
 1.8166E-02,-0.00019397514416390638
 1.8188E-02,-0.0008782747488790666
 1.8209E-02,-0.0008238777450804654
 1.8231E-02,-3.652651492656639e-05
 1.8253E-02,0.0014111063619278922
 1.8275E-02,0.003405132997224862
 1.8297E-02,0.005824963783470747
 1.8319E-02,0.00856783378916617
 1.8341E-02,0.011551111943471293
 1.8362E-02,0.014693732394686222
 1.8384E-02,0.017890683915184842
 1.8406E-02,0.02099873772617056
 1.8428E-02,0.02384503067987611
 1.8450E-02,0.02625663635227746
 1.8472E-02,0.028096787091699035
 1.8494E-02,0.029289280502246252
 1.8515E-02,0.029819224124435995
 1.8537E-02,0.029711719404338876
 1.8559E-02,0.02900243149082471
 1.8581E-02,0.027718000407161384
 1.8603E-02,0.025877650206823758
 1.8625E-02,0.023514138041754833
 1.8647E-02,0.020700204498913834
 1.8668E-02,0.017562994193154546
 1.8690E-02,0.014275626423190755
 1.8712E-02,0.011028187065987344
 1.8734E-02,0.007992156328311227
 1.8756E-02,0.005295835070198397
 1.8778E-02,0.003021718672644747
 1.8800E-02,0.0012239791459699575
 1.8821E-02,-4.7220078121963487e-05
 1.8843E-02,-0.0007312972755808277
 1.8865E-02,-0.0007629826488250308
 1.8887E-02,-9.600848881263075e-05
 1.8909E-02,0.0012685715223216178
 1.8931E-02,0.0032660634273324277
 1.8953E-02,0.00577402153825745
 1.8974E-02,0.00863818812514978
 1.8996E-02,0.011705234258188923
 1.9018E-02,0.014845664038487489
 1.9040E-02,0.017956484201722335
 1.9062E-02,0.020945402703958175
 1.9084E-02,0.02370924728901459
 1.9106E-02,0.02612258478607174
 1.9127E-02,0.02804628014953106
 1.9149E-02,0.029353674699657797
 1.9171E-02,0.02996130869611243
 1.9193E-02,0.02984799973566123
 1.9215E-02,0.029052432627157957
 1.9237E-02,0.027651455168388135
 1.9259E-02,0.025731908970007943
 1.9281E-02,0.02337183602876646
 1.9302E-02,0.020640614133161803
 1.9324E-02,0.017615795615751356
 1.9346E-02,0.014404146651803175
 1.9368E-02,0.011151642233634646
 1.9390E-02,0.008033509962319881
 1.9412E-02,0.00522703417762839
 1.9434E-02,0.002879879975215063
 1.9455E-02,0.0010893247069378648
 1.9477E-02,-9.845498765315348e-05
 1.9499E-02,-0.0006712700197615532
 1.9521E-02,-0.0006280596336748146
 1.9543E-02,3.500557286361349e-05
 1.9565E-02,0.0013207788951579546
 1.9587E-02,0.0032121400072243353
 1.9608E-02,0.00564972015518065
 1.9630E-02,0.00852082243839769
 1.9652E-02,0.011667978938968274
 1.9674E-02,0.014914568688063842
 1.9696E-02,0.01809534979983729
 1.9718E-02,0.02107720757173782
 1.9740E-02,0.02376134613855288
 1.9761E-02,0.026069047015959516
 1.9783E-02,0.027922573194266203
 1.9805E-02,0.029235274223119077
 1.9827E-02,0.02991903761755714
 1.9849E-02,0.029906469981578865
 1.9871E-02,0.029175954422001958
 1.9893E-02,0.027765469588790812
 1.9914E-02,0.025767083202996286
 1.9936E-02,0.023304769375406043
 1.9958E-02,0.02050731672313329
 1.9980E-02,0.017490275875634512
 2.0002E-02,0.014354955434507707
 2.0024E-02,0.011202007536551787
 2.0046E-02,0.008148348177105209
 2.0067E-02,0.0053341760219072585
 2.0089E-02,0.0029127759123482744
 2.0111E-02,0.001026069765638861
 2.0133E-02,-0.00022254637267378388
 2.0155E-02,-0.0007846568064044514
 2.0177E-02,-0.0006649970990776244
 2.0199E-02,9.611892015478653e-05
 2.0220E-02,0.001445093413784822
 2.0242E-02,0.0033290776055283733
 2.0264E-02,0.005694382125735641
 2.0286E-02,0.008471743224393723
 2.0308E-02,0.011559186334321882
 2.0330E-02,0.014815074272498561
 2.0352E-02,0.01806829018022428
 2.0374E-02,0.021142698645855412
 2.0395E-02,0.023884797465390167
 2.0417E-02,0.026181630868200582
 2.0439E-02,0.02796164435335453
 2.0461E-02,0.029180908023309374
 2.0483E-02,0.029805286097875396
 2.0505E-02,0.02980091810707811
 2.0527E-02,0.0291398090338171
 2.0548E-02,0.027817747942927615
 2.0570E-02,0.02587387518322859
 2.0592E-02,0.023399658967213532
 2.0614E-02,0.020530716802625068
 2.0636E-02,0.017424452083133837
 2.0658E-02,0.014234256841179911
 2.0680E-02,0.011092533650706591
 2.0701E-02,0.008109222527346353
 2.0723E-02,0.005383236537287249
 2.0745E-02,0.003016689972192238
 2.0767E-02,0.0011204185686907349
 2.0789E-02,-0.00019522412494827582
 2.0811E-02,-0.0008412433487661458
 2.0833E-02,-0.0007721940158102751
 2.0854E-02,1.9611096450138565e-06
 2.0876E-02,0.0014205245465559705
 2.0898E-02,0.0033904830871617758
 2.0920E-02,0.0058085920496369434
 2.0942E-02,0.008575642048195855
 2.0964E-02,0.011596666999462423
 2.0986E-02,0.014769614782785098
 2.1007E-02,0.017972126608874626
 2.1029E-02,0.021057382827081726
 2.1051E-02,0.023864719621080215
 2.1073E-02,0.026242003848782152
 2.1095E-02,0.02806970076800782
 2.1117E-02,0.02927532518627387
 2.1139E-02,0.0298322533952322
 2.1160E-02,0.029745570555962005
 2.1182E-02,0.029034622025263104
 2.1204E-02,0.02772314736889299
 2.1226E-02,0.025842658337472724
 2.1248E-02,0.023446223091982788
 2.1270E-02,0.020623089706297067
 2.1292E-02,0.01750358725963418
 2.1313E-02,0.014249036498593205
 2.1335E-02,0.011029834461321036
 2.1357E-02,0.008001488610001863
 2.1379E-02,0.005289329997674994
 2.1401E-02,0.0029874501519005442
 2.1423E-02,0.001169186070437171
 2.1445E-02,-9.995173938331611e-05
 2.1467E-02,-0.0007569352329926186
 2.1488E-02,-0.0007484398040914691
 2.1510E-02,-4.7620851968143123e-05
 2.1532E-02,0.0013287883916304865
 2.1554E-02,0.0033131121360377037
 2.1576E-02,0.005794104787612383
 2.1598E-02,0.008636097131773384
 2.1620E-02,0.011700696242385965
 2.1641E-02,0.014860889304977818
 2.1663E-02,0.018002293061321846
 2.1685E-02,0.021014101913549514
 2.1707E-02,0.02377842345669027
 2.1729E-02,0.026167557983027254
 2.1751E-02,0.02805389425417639
 2.1773E-02,0.029329357897054435
 2.1794E-02,0.029925332736929967
 2.1816E-02,0.029823227746666157
 2.1838E-02,0.0290508189055731
 2.1860E-02,0.02766723065242022
 2.1882E-02,0.025745390983491486
 2.1904E-02,0.02336152706284488
 2.1926E-02,0.0205964066110325
 2.1947E-02,0.017545509410283874
 2.1969E-02,0.014329598972230687
 2.1991E-02,0.011096611741338878
 2.2013E-02,0.008010676277572999
 2.2035E-02,0.005231503157241498
 2.2057E-02,0.0028929813175844034
 2.2079E-02,0.0010903338899578856
 2.2100E-02,-0.00011961914226408946
 2.2122E-02,-0.0007078210086099334
 2.2144E-02,-0.0006601905643189054
 2.2166E-02,2.8520823509497876e-05
 2.2188E-02,0.0013500634119385495
 2.2210E-02,0.00327009581352522
 2.2232E-02,0.005715853886536399
 2.2253E-02,0.008572728843582466
 2.2275E-02,0.011693743376074877
 2.2297E-02,0.014918860038698821
 2.2319E-02,0.018095713893349435
 2.2341E-02,0.02109283118216506
 2.2363E-02,0.023800959963613918
 2.2385E-02,0.026125099897034813
 2.2406E-02,0.027975085980450193
 2.2428E-02,0.029263077901222182
 2.2450E-02,0.02991177692843726
 2.2472E-02,0.029870342574418507
 2.2494E-02,0.02912987516843645
 2.2516E-02,0.027729987429590028
 2.2538E-02,0.025752605903869203
 2.2560E-02,0.02330599552073024
 2.2581E-02,0.02050706611045765
 2.2603E-02,0.017470364802638288
 2.2625E-02,0.014307652739507586
 2.2647E-02,0.011135324610747023
 2.2669E-02,0.008082087045653257
 2.2691E-02,0.0052890944269905656
 2.2713E-02,0.0028992302092668617
 2.2734E-02,0.0010387424112091195
 2.2756E-02,-0.00020084048051440505
 2.2778E-02,-0.0007724130606578351
 2.2800E-02,-0.0006709532149029401
 2.2822E-02,7.80839906187337e-05
 2.2844E-02,0.0014321587522514727
 2.2866E-02,0.003339069951560471
 2.2887E-02,0.005734898803327479
 2.2909E-02,0.00853518827491721
 2.2931E-02,0.011626607782044622
 2.2953E-02,0.014866531372792025
 2.2975E-02,0.018093677135774127
 2.2997E-02,0.021146722185567932
 2.3019E-02,0.023883267353685268
 2.3040E-02,0.026191329821377184
 2.3062E-02,0.02798979301072521
 2.3084E-02,0.029220436459662637
 2.3106E-02,0.02983866976194948
 2.3128E-02,0.029810284075346385
 2.3150E-02,0.029117347279873477
 2.3172E-02,0.0277703202093032
 2.3193E-02,0.025819159487902033
 2.3215E-02,0.02335614885080541
 2.3237E-02,0.02050747203786144
 2.3259E-02,0.017416583720943016
 2.3281E-02,0.014226708240398372
 2.3303E-02,0.01106983291722394
 2.3325E-02,0.008065407580967139
 2.3346E-02,0.005326108602186177
 2.3368E-02,0.0029639239505656195
 2.3390E-02,0.0010898428498486092
 2.3412E-02,-0.0001954783518625519
 2.3434E-02,-0.0008169944179186595
 2.3456E-02,-0.0007394473619083504
 2.3478E-02,2.651606372479137e-05
 2.3499E-02,0.0014291607481582828
 2.3521E-02,0.0033885957411324513
 2.3543E-02,0.005810994546819543
 2.3565E-02,0.00859723783532204
 2.3587E-02,0.011643015891438263
 2.3609E-02,0.014832944026532208
 2.3631E-02,0.018035120928129904
 2.3653E-02,0.0211025220612573
 2.3674E-02,0.02388369692138238
 2.3696E-02,0.026239741185623198
 2.3718E-02,0.02806067657408517
 2.3740E-02,0.029274449230168618
 2.3762E-02,0.029845704369581155
 2.3784E-02,0.029766990433952766
 2.3806E-02,0.02904887070716665
 2.3827E-02,0.0277153592395527
 2.3849E-02,0.02580724105666374
 2.3871E-02,0.023390509527112757
 2.3893E-02,0.020563528374574893
 2.3915E-02,0.017456743872896745
 2.3937E-02,0.014222693584340272
 2.3959E-02,0.011019364189200494
 2.3980E-02,0.007993535014567541
 2.4002E-02,0.005270541099335844
 2.4024E-02,0.0029530717456959514
 2.4046E-02,0.0011264621659570991
 2.4068E-02,-0.000135542373889262
 2.4090E-02,-0.0007703710044368872
 2.4112E-02,-0.0007336778025218465
 2.4133E-02,-1.0984857968140234e-05
 2.4155E-02,0.0013722876166930886
 2.4177E-02,0.0033483262935248706
 2.4199E-02,0.005814150267579123
 2.4221E-02,0.008645721100223965
 2.4243E-02,0.011712699120676616
 2.4265E-02,0.014887773581343921
 2.4286E-02,0.018048092074386818
 2.4308E-02,0.02107120935895622
 2.4330E-02,0.023831286799848805
 2.4352E-02,0.026201063884904594
 2.4374E-02,0.02806153328952224
 2.4396E-02,0.029316411455942073
 2.4418E-02,0.029905271185742793
 2.4439E-02,0.029809499614725742
 2.4461E-02,0.02904889393049173
 2.4483E-02,0.027671566175618667
 2.4505E-02,0.02574305669171098
 2.4527E-02,0.023340294498316663
 2.4549E-02,0.02055250338420902
 2.4571E-02,0.017486471416200917
 2.4592E-02,0.01427056314251235
 2.4614E-02,0.011052245074063266
 2.4636E-02,0.00798746729310151
 2.4658E-02,0.005224882884775116
 2.4680E-02,0.0028908748669263843
 2.4702E-02,0.0010809737992319986
 2.4724E-02,-0.0001402505681239682
 2.4746E-02,-0.0007332885195759767
 2.4767E-02,-0.0006771987739433366
 2.4789E-02,3.237703320073512e-05
 2.4811E-02,0.001378946456799189
 2.4833E-02,0.003317266863920559
 2.4855E-02,0.00576723958424712
 2.4877E-02,0.008614605213899932
 2.4899E-02,0.011720043347176242
 2.4920E-02,0.014933864469860196
 2.4942E-02,0.018110616319803843
 2.4964E-02,0.021118264249459708
 2.4986E-02,0.023839925484232288
 2.5008E-02,0.02617048027680668
 2.5030E-02,0.028013200042715625
 2.5052E-02,0.0292811849914552
 2.5073E-02,0.029905124442433654
 2.5095E-02,0.029844643250224574
 2.5117E-02,0.029097805165363366
 2.5139E-02,0.02770380904043273
 2.5161E-02,0.025737268997229654
 2.5183E-02,0.023296747067765966
 2.5205E-02,0.020492910848855933
 2.5226E-02,0.017441271634561745
 2.5248E-02,0.0142612212712457
 2.5270E-02,0.011078979151615436
 2.5292E-02,0.008029518325663388
 2.5314E-02,0.0052530455095770754
 2.5336E-02,0.00288484067252545
 2.5358E-02,0.001041300379754726
 2.5379E-02,-0.0001924956369569854
 2.5401E-02,-0.0007688992381988267
 2.5423E-02,-0.0006758966217006821
 2.5445E-02,7.018321307797717e-05
 2.5467E-02,0.0014325309011276178
 2.5489E-02,0.0033577802679890965
 2.5511E-02,0.005774518892163284
 2.5532E-02,0.008588748945399736
 2.5554E-02,0.011681027409065623
 2.5576E-02,0.014909509964342026
 2.5598E-02,0.01812003475084443
 2.5620E-02,0.021160511583577468
 2.5642E-02,0.02389448807226824
 2.5664E-02,0.026209240940393584
 2.5685E-02,0.028016801780766966
 2.5707E-02,0.029250173094283145
 2.5729E-02,0.02985937309457843
 2.5751E-02,0.029811491495473755
 2.5773E-02,0.029095949919982506
 2.5795E-02,0.027732438740482875
 2.5817E-02,0.025776768856793104
 2.5839E-02,0.023320462729579914
 2.5860E-02,0.020482973892427037
 2.5882E-02,0.017399170921744693
 2.5904E-02,0.014206968100361258
 2.5926E-02,0.011039450844061523
 2.5948E-02,0.00802289158384451
 2.5970E-02,0.00527845052899502
 2.5992E-02,0.0029232266403311615
 2.6013E-02,0.0010668954908569324
 2.6035E-02,-0.00019692677080269407
 2.6057E-02,-0.0008019505107526686
 2.6079E-02,-0.0007184287688336666
 2.6101E-02,4.373889140388547e-05
 2.6123E-02,0.0014391552444149728
 2.6145E-02,0.003395935405003408
 2.6166E-02,0.005825071513352637
 2.6188E-02,0.008626136831295272
 2.6210E-02,0.011688077688888946
 2.6232E-02,0.014887225441332912
 2.6254E-02,0.018086662675026115
 2.6276E-02,0.021140517911694048
 2.6298E-02,0.023903969895261366
 2.6319E-02,0.02624635863595219
 2.6341E-02,0.028062816410822405
 2.6363E-02,0.029280416879996624
 2.6385E-02,0.0298576545051676
 2.6407E-02,0.029779463154057353
 2.6429E-02,0.029051983185767242
 2.6451E-02,0.027700747241500612
 2.6472E-02,0.025773238204068714
 2.6494E-02,0.023343520895632394
 2.6516E-02,0.020514806302495008
 2.6538E-02,0.017416470273075923
 2.6560E-02,0.01419482846774664
 2.6582E-02,0.01100023447986747
 2.6604E-02,0.007974917481449965
 2.6625E-02,0.005245356638887472
 2.6647E-02,0.0029203010942518777
 2.6669E-02,0.001092383105299149
 2.6691E-02,-0.0001605166363778446
 2.6713E-02,-0.0007773924493551604
 2.6735E-02,-0.0007203713785824406
 2.6757E-02,1.7284548019643993e-05
 2.6779E-02,0.0014054967966796868
 2.6800E-02,0.003377396115352569
 2.6822E-02,0.005835790615523107
 2.6844E-02,0.008663712541745196
 2.6866E-02,0.01173491263611555
 2.6888E-02,0.014920731379014309
 2.6910E-02,0.018092303951733908
 2.6932E-02,0.021120047801560515
 2.6953E-02,0.02387407514701264
 2.6975E-02,0.02622857744307585
 2.6997E-02,0.028070706447491618
 2.7019E-02,0.029311525258629966
 2.7041E-02,0.029894973300288456
 2.7063E-02,0.029801452854958745
 2.7085E-02,0.02904522162895682
 2.7106E-02,0.02766776338770726
 2.7128E-02,0.02573097313595009
 2.7150E-02,0.023313393552799894
 2.7172E-02,0.020510275085980034
 2.7194E-02,0.017435395146521347
 2.7216E-02,0.014221056272086457
 2.7238E-02,0.011013385990150764
 2.7259E-02,0.007962564101926457
 2.7281E-02,0.005210433617322456
 2.7303E-02,0.0028794584974059364
 2.7325E-02,0.0010663122175623395
 2.7347E-02,-0.00015906648730932811
 2.7369E-02,-0.0007508945191664454
 2.7391E-02,-0.0006848928735274806
 2.7412E-02,4.159343888146777e-05
 2.7434E-02,0.0014061793269337423
 2.7456E-02,0.0033568372335475802
 2.7478E-02,0.005809598267061095
 2.7500E-02,0.008651344596561571
 2.7522E-02,0.011748088571660396
 2.7544E-02,0.014956429613975898
 2.7565E-02,0.018134422243413655
 2.7587E-02,0.02114870850377248
 2.7609E-02,0.023877084889959026
 2.7631E-02,0.026208320401055443
 2.7653E-02,0.028042468077169556
 2.7675E-02,0.029294294518532563
 2.7697E-02,0.029900177156612726
 2.7718E-02,0.029826252049638992
 2.7740E-02,0.02907427003651641
 2.7762E-02,0.027682333827233365
 2.7784E-02,0.02572003587422591
 2.7806E-02,0.023280131244080408
 2.7828E-02,0.020470249297378645
 2.7850E-02,0.017407506192858472
 2.7872E-02,0.014216648695714032
 2.7893E-02,0.011029886063776636
 2.7915E-02,0.007985321102279504
 2.7937E-02,0.005221602336787871
 2.7959E-02,0.002868656104171521
 2.7981E-02,0.0010367974780399502
 2.8003E-02,-0.00019226853063751548
 2.8025E-02,-0.0007697630109360703
 2.8046E-02,-0.0006789016789315816
 2.8068E-02,6.940180781501927e-05
 2.8090E-02,0.0014410474852349976
 2.8112E-02,0.0033809327194759065
 2.8134E-02,0.005812345739502017
 2.8156E-02,0.008635405557804392
 2.8178E-02,0.01172752885882144
 2.8199E-02,0.014948205973085178
 2.8221E-02,0.01814822219559619
 2.8243E-02,0.02118111242419984
 2.8265E-02,0.023913452213882667
 2.8287E-02,0.026231253993367523
 2.8309E-02,0.028041859442889613
 2.8331E-02,0.029273055249925725
 2.8352E-02,0.029872330355568796
 2.8374E-02,0.029808562752516792
 2.8396E-02,0.029076376125806956
 2.8418E-02,0.027701179965721426
 2.8440E-02,0.025741839684883604
 2.8462E-02,0.02328866270633554
 2.8484E-02,0.02045651036919397
 2.8505E-02,0.017375119643946953
 2.8527E-02,0.014179830858339567
 2.8549E-02,0.011005249610206613
 2.8571E-02,0.007982352102938645
 2.8593E-02,0.005237383898930742
 2.8615E-02,0.0028898745719134755
 2.8637E-02,0.001047783703358671
 2.8658E-02,-0.00020022187723899476
 2.8680E-02,-0.0007932667279437253
 2.8702E-02,-0.0007044851136405871
 2.8724E-02,5.735839701194315e-05
 2.8746E-02,0.001451141169993952
 2.8768E-02,0.003409694031285404
 2.8790E-02,0.005846242409483778
 2.8811E-02,0.008658678394089502
 2.8833E-02,0.011731245549384269
 2.8855E-02,0.014935236943425304
 2.8877E-02,0.01813126179775537
 2.8899E-02,0.021174957864933584
 2.8921E-02,0.02392610937612527
 2.8943E-02,0.026259099603412828
 2.8965E-02,0.028071678060704024
 2.8986E-02,0.02928971766714577
 2.9008E-02,0.029867575942743252
 2.9030E-02,0.029785729576840156
 2.9052E-02,0.02904833640966578
 2.9074E-02,0.027682745497695047
 2.9096E-02,0.02574113538315019
 2.9118E-02,0.02330253274948303
 2.9139E-02,0.020472610438002525
 2.9161E-02,0.017379403616112094
 2.9183E-02,0.014164990300798437
 2.9205E-02,0.010975147903418137
 2.9227E-02,0.007949886457549259
 2.9249E-02,0.005217077108305655
 2.9271E-02,0.002889566539508465
 2.9292E-02,0.0010642772938295327
 2.9314E-02,-0.0001790602876496545
 2.9336E-02,-0.0007812415152064732
 2.9358E-02,-0.0007089315391920517
 2.9380E-02,3.982557261095611e-05
 2.9402E-02,0.0014325381495827714
 2.9424E-02,0.0034035072939777103
 2.9445E-02,0.005859420286121157
 2.9467E-02,0.008687466067728366
 2.9489E-02,0.011763279143678203
 2.9511E-02,0.01495663841873221
 2.9533E-02,0.01813455906373234
 2.9555E-02,0.021163196855848034
 2.9577E-02,0.023910783006518173
 2.9598E-02,0.02625315631361627
 2.9620E-02,0.02808174976545786
 2.9642E-02,0.029312138112117667
 2.9664E-02,0.029890505089778262
 2.9686E-02,0.029796098181408496
 2.9708E-02,0.02903950280424549
 2.9730E-02,0.027658367606035236
 2.9751E-02,0.025713015929856607
 2.9773E-02,0.02328374842510922
 2.9795E-02,0.02046998863199017
 2.9817E-02,0.017389754659534983
 2.9839E-02,0.014177260430917028
 2.9861E-02,0.010977169467252116
 2.9883E-02,0.007935723681563705
 2.9904E-02,0.0051906563170490225
 2.9926E-02,0.0028624937767497615
 2.9948E-02,0.001049163001423273
 2.9970E-02,-0.00017583757089575502
 2.9992E-02,-0.0007631077911253676
 3.0014E-02,-0.0006869759394187026
 3.0036E-02,5.3406230488277535e-05
 3.0058E-02,0.0014315452930345823
 3.0079E-02,0.003391244097540872
 3.0101E-02,0.0058465756242455
 3.0123E-02,0.008685660054675384
 3.0145E-02,0.01177807993150669
 3.0167E-02,0.014984146385621743
 3.0189E-02,0.018163543246661314
 3.0211E-02,0.02118150658964546
 3.0232E-02,0.023912260963235784
 3.0254E-02,0.026241007360637003
 3.0276E-02,0.028066422155971688
 3.0298E-02,0.02930500392039054
 3.0320E-02,0.029897082304312872
 3.0342E-02,0.029812798911681485
 3.0364E-02,0.029055791887486245
 3.0385E-02,0.02766302389139583
 3.0407E-02,0.025700789098064624
 3.0429E-02,0.0232585011057801
 3.0451E-02,0.020442507169372494
 3.0473E-02,0.01737155206323058
 3.0495E-02,0.014174029695033856
 3.0517E-02,0.01098571440572546
 3.0538E-02,0.007946121670374437
 3.0560E-02,0.005192330007865615
 3.0582E-02,0.002850597028690495
 3.0604E-02,0.0010275380415543402
 3.0626E-02,-0.00019683598226578718
 3.0648E-02,-0.0007726118519326692
 3.0670E-02,-0.0006798969293854775
 3.0691E-02,7.346676548075138e-05
 3.0713E-02,0.0014544377682256808
 3.0735E-02,0.0034061782904228283
 3.0757E-02,0.005848317982587861
 3.0779E-02,0.008677402285585256
 3.0801E-02,0.01176933102863
 3.0823E-02,0.014984921856028626
 3.0844E-02,0.018178284919769264
 3.0866E-02,0.021206304242140702
 3.0888E-02,0.02393699182976551
 3.0910E-02,0.0262551171560403
 3.0932E-02,0.02806494278068098
 3.0954E-02,0.02929128433647139
 3.0976E-02,0.029880659393232065
 3.0997E-02,0.02980369681493059
 3.1019E-02,0.029058623853271164
 3.1041E-02,0.02767435929475096
 3.1063E-02,0.0257113025974594
 3.1085E-02,0.0232586005245035
 3.1107E-02,0.020428105956398813
 3.1129E-02,0.01734659598432017
 3.1151E-02,0.014148319406168196
 3.1172E-02,0.01096933306485704
 3.1194E-02,0.007943750283970508
 3.1216E-02,0.0052007667076391
 3.1238E-02,0.002860891592592094
 3.1260E-02,0.0010304435896901709
 3.1282E-02,-0.0002053160251818955
 3.1304E-02,-0.0007888279620943844
 3.1325E-02,-0.0006946855718723009
 3.1347E-02,6.940248875660223e-05
 3.1369E-02,0.0014650657403874005
 3.1391E-02,0.00342778539524493
 3.1413E-02,0.005871623101428775
 3.1435E-02,0.008692873147602524
 3.1457E-02,0.01177258133111096
 3.1478E-02,0.014979039156534979
 3.1500E-02,0.018171755667934365
 3.1522E-02,0.021207788388466223
 3.1544E-02,0.023950037692917852
 3.1566E-02,0.0262759236547419
 3.1588E-02,0.028084469622586854
 3.1610E-02,0.02930045076378282
 3.1631E-02,0.02987556635632761
 3.1653E-02,0.02978781291718268
 3.1675E-02,0.02904067777331522
 3.1697E-02,0.027663209165583277
 3.1719E-02,0.025710815018164832
 3.1741E-02,0.02326553914388435
 3.1763E-02,0.020434236603263798
 3.1784E-02,0.017343730968886178
 3.1806E-02,0.014133312114496312
 3.1828E-02,0.010946090622216107
 3.1850E-02,0.007921104926958916
 3.1872E-02,0.005187479690559257
 3.1894E-02,0.002860727407137067
 3.1916E-02,0.0010401835374068262
 3.1937E-02,-0.0001937945174433648
 3.1959E-02,-0.0007836624288816197
 3.1981E-02,-0.0006992131272283126
 3.2003E-02,5.857328825246218e-05
 3.2025E-02,0.0014559920108191625
 3.2047E-02,0.0034283724023354183
 3.2069E-02,0.005884889807270191
 3.2090E-02,0.00871507216574279
 3.2112E-02,0.011795259774359731
 3.2134E-02,0.014993816865651374
 3.2156E-02,0.01817501577592023
 3.2178E-02,0.021202543741158698
 3.2200E-02,0.023943907266200153
 3.2222E-02,0.026276439138646787
 3.2244E-02,0.02809448992990781
 3.2265E-02,0.02931638057096922
 3.2287E-02,0.029889410375352574
 3.2309E-02,0.02979183748029618
 3.2331E-02,0.029031927757640293
 3.2353E-02,0.027645232030662346
 3.2375E-02,0.025691601893190967
 3.2397E-02,0.023252918786423795
 3.2418E-02,0.02043143946304772
 3.2440E-02,0.01734771481695195
 3.2462E-02,0.01413679723921335
 3.2484E-02,0.010942070352690845
 3.2506E-02,0.007907160002203662
 3.2528E-02,0.005167365597645952
 3.2550E-02,0.0028423227077610546
 3.2571E-02,0.0010310226268167616
 3.2593E-02,-0.00019078069100563247
 3.2615E-02,-0.0007717183360001367
 3.2637E-02,-0.0006857528342633415
 3.2659E-02,6.634648112025594e-05
 3.2681E-02,0.0014552631819618929
 3.2703E-02,0.003422252895051617
 3.2724E-02,0.0058804395196395695
 3.2746E-02,0.008718991786814321
 3.2768E-02,0.011809793987744387
 3.2790E-02,0.015015271443387221
 3.2812E-02,0.018195748390757514
 3.2834E-02,0.021215250013964897
 3.2856E-02,0.02394568607029924
 3.2877E-02,0.026270265185770532
 3.2899E-02,0.028087255700928983
 3.2921E-02,0.029314686437264852
 3.2943E-02,0.029895594220791404
 3.2965E-02,0.02980257601567421
 3.2987E-02,0.02904021360108377
 3.3009E-02,0.027644541093026356
 3.3030E-02,0.025679787591905534
 3.3052E-02,0.023233548505397862
 3.3074E-02,0.02041180688981861
 3.3096E-02,0.01733471582348621
 3.3118E-02,0.01413309641599189
 3.3140E-02,0.010944791032755988
 3.3162E-02,0.007909831610806734
 3.3183E-02,0.005163949706927419
 3.3205E-02,0.002830935820127995
 3.3227E-02,0.0010151745073166659
 3.3249E-02,-0.000204141801407789
 3.3271E-02,-0.0007761903407436485
 3.3293E-02,-0.0006791549228259604
 3.3315E-02,8.074879517321e-05
 3.3336E-02,0.0014706783928120516
 3.3358E-02,0.0034322851015129645
 3.3380E-02,0.005882709012216278
 3.3402E-02,0.00871634597657386
 3.3424E-02,0.011808423738527985
 3.3446E-02,0.015020862978617567
 3.3468E-02,0.018209944348713893
 3.3490E-02,0.02123449923067119
 3.3511E-02,0.023963150173288088
 3.3533E-02,0.026279654097325862
 3.3555E-02,0.028086339098992157
 3.3577E-02,0.0293064313024191
 3.3599E-02,0.02988628363458366
 3.3621E-02,0.02979803902411677
 3.3643E-02,0.029042394906180696
 3.3664E-02,0.027650421162866295
 3.3686E-02,0.02568326644111745
 3.3708E-02,0.02322916051785676
 3.3730E-02,0.020398068227771567
 3.3752E-02,0.017315139649415178
 3.3774E-02,0.014114294605684342
 3.3796E-02,0.010932791688656063
 3.3817E-02,0.00790677431211654
 3.3839E-02,0.00516707825372781
 3.3861E-02,0.002834446802345617
 3.3883E-02,0.001013806817579785
 3.3905E-02,-0.00021189647684513048
 3.3927E-02,-0.000787133845638855
 3.3949E-02,-0.0006872280189360347
 3.3970E-02,8.09197310270214e-05
 3.3992E-02,0.0014806171055594128
 3.4014E-02,0.003448730081683387
 3.4036E-02,0.005899440480944451
 3.4058E-02,0.008727693241991664
 3.4080E-02,0.011812397620466557
 3.4102E-02,0.015020091484157293
 3.4123E-02,0.01820988708199353
 3.4145E-02,0.021240012814913358
 3.4167E-02,0.023975436729428704
 3.4189E-02,0.02629538795462153
 3.4211E-02,0.028099477985202313
 3.4233E-02,0.029311639128671026
 3.4255E-02,0.029881951805201878
 3.4276E-02,0.02978714091631217
 3.4298E-02,0.02903069093318906
 3.4320E-02,0.02764308871967348
 3.4342E-02,0.02568194299626832
 3.4364E-02,0.023231127283614945
 3.4386E-02,0.020398029602296107
 3.4408E-02,0.017308526234539035
 3.4430E-02,0.01410013362278412
 3.4451E-02,0.010914459628112088
 3.4473E-02,0.007890201718999897
 3.4495E-02,0.0051574706994487116
 3.4517E-02,0.0028334432976218904
 3.4539E-02,0.0010187234854676277
 3.4561E-02,-0.0002063219562851474
 3.4583E-02,-0.0007855438669451812
 3.4604E-02,-0.0006908772145139666
 3.4626E-02,7.488655131204303e-05
 3.4648E-02,0.0014774350758339386
 3.4670E-02,0.0034528626992736747
 3.4692E-02,0.005911861112800095
 3.4714E-02,0.008745190490746032
 3.4736E-02,0.01182930363399758
 3.4757E-02,0.01503141424125561
 3.4779E-02,0.018214013351953835
 3.4801E-02,0.02123941127240909
 3.4823E-02,0.023974971578876597
 3.4845E-02,0.026299255965714162
 3.4867E-02,0.02810858228734934
 3.4889E-02,0.02932294452378546
 3.4910E-02,0.029890192094976224
 3.4932E-02,0.029787864020845253
 3.4954E-02,0.02902284772037989
 3.4976E-02,0.027629650910431618
 3.4998E-02,0.025668202290307834
 3.5020E-02,0.02322168933486017
 3.5042E-02,0.02039427138010787
 3.5063E-02,0.0173079961451054
 3.5085E-02,0.014098220414980071
 3.5107E-02,0.010907323505129933
 3.5129E-02,0.007877231580018448
 3.5151E-02,0.0051418253342570535
 3.5173E-02,0.0028203686058200085
 3.5195E-02,0.001012640698312347
 3.5216E-02,-0.00020425275314266285
 3.5238E-02,-0.0007779723964497907
 3.5260E-02,-0.000682624075288715
 3.5282E-02,7.967882787561866e-05
 3.5304E-02,0.001477687157832087
 3.5326E-02,0.003451091650756516
 3.5348E-02,0.0059125669742668046
 3.5369E-02,0.008752059307708249
 3.5391E-02,0.011842876916495104
 3.5413E-02,0.015048592966184049
 3.5435E-02,0.018229683811258477
 3.5457E-02,0.021249236621607992
 3.5479E-02,0.023977715806466137
 3.5501E-02,0.026297290438644864
 3.5522E-02,0.02810629825003255
 3.5544E-02,0.02932402408668172
 3.5566E-02,0.029895352592700982
 3.5588E-02,0.029794400160944357
 3.5610E-02,0.029026229318772696
 3.5632E-02,0.027626223533691492
 3.5654E-02,0.02565739645372692
 3.5676E-02,0.023206443630937695
 3.5697E-02,0.020379431932186547
 3.5719E-02,0.01729764169318427
 3.5741E-02,0.0140934817040525
 3.5763E-02,0.010905960293479343
 3.5785E-02,0.007875189181750515
 3.5807E-02,0.005135832504871802
 3.5829E-02,0.0028100392575555336
 3.5850E-02,0.0010008472738187832
 3.5872E-02,-0.00021294443785779197
 3.5894E-02,-0.0007798820570501228
 3.5916E-02,-0.0006770397169249283
 3.5938E-02,9.01236433884237e-05
 3.5960E-02,0.0014885476763004664
 3.5982E-02,0.003458648634938607
 3.6003E-02,0.005915879831612335
 3.6025E-02,0.008753344300738429
 3.6047E-02,0.01184600739025683
 3.6069E-02,0.0150566192091923
 3.6091E-02,0.018242839219854156
 3.6113E-02,0.02126460391488522
 3.6135E-02,0.023990747738262888
 3.6156E-02,0.026304290989915793
 3.6178E-02,0.028106411724417118
 3.6200E-02,0.029319576211628545
 3.6222E-02,0.029890360969347055
 3.6244E-02,0.029792145547151525
 3.6266E-02,0.02902732234649484
 3.6288E-02,0.02762829791682676
 3.6309E-02,0.025656594245893633
 3.6331E-02,0.023199803374279824
 3.6353E-02,0.020366766964577523
 3.6375E-02,0.01728180596452101
 3.6397E-02,0.014078874203594606
 3.6419E-02,0.010896151058679896
 3.6441E-02,0.007871054790393808
 3.6462E-02,0.005135277263879598
 3.6484E-02,0.002809441169822693
 3.6506E-02,0.0009973595033769193
 3.6528E-02,-0.00021959621222221405
 3.6550E-02,-0.0007871578257619395
 3.6572E-02,-0.0006810313954045963
 3.6594E-02,9.241350111808936e-05
 3.6616E-02,0.0014974312019306632
 3.6637E-02,0.0034715160001154107
 3.6659E-02,0.005928630978352485
 3.6681E-02,0.00876264575215974
 3.6703E-02,0.011851055790378755
 3.6725E-02,0.015059391260953531
 3.6747E-02,0.01824670040834443
 3.6769E-02,0.02127211052692384
 3.6790E-02,0.02400194443969071
 3.6812E-02,0.026316507722289273
 3.6834E-02,0.02811567765810868
 3.6856E-02,0.02932281800237821
 3.6878E-02,0.02988709631642038
 3.6900E-02,0.029784686429114863
 3.6922E-02,0.02901938238751658
 3.6943E-02,0.027622833966242478
 3.6965E-02,0.025654153157310643
 3.6987E-02,0.02319833608614034
 3.7009E-02,0.02036300128113821
 3.7031E-02,0.017273353304142595
 3.7053E-02,0.014065821943075797
 3.7075E-02,0.0108812042677145
 3.7096E-02,0.007858148539635875
 3.7118E-02,0.005127475771844437
 3.7140E-02,0.002807349203506577
 3.7162E-02,0.000998961012137271
 3.7184E-02,-0.0002175983405151218
 3.7206E-02,-0.0007873026243226841
 3.7228E-02,-0.0006835624350116547
 3.7249E-02,8.968753548858725e-05
 3.7271E-02,0.0014978069266444048
 3.7293E-02,0.0034773857566988953
 3.7315E-02,0.005939975522347145
 3.7337E-02,0.008776911696179047
 3.7359E-02,0.0118644867714542
 3.7381E-02,0.015069032572702815
 3.7402E-02,0.018251908455412105
 3.7424E-02,0.021274695829429018
 3.7446E-02,0.02400488262219572
 3.7468E-02,0.02632199234593096
 3.7490E-02,0.02812366933063455
 3.7512E-02,0.029330944784171985
 3.7534E-02,0.029891960491913335
 3.7555E-02,0.029783805206672013
 3.7577E-02,0.029012621681395716
 3.7599E-02,0.02761249865357835
 3.7621E-02,0.025643690394267744
 3.7643E-02,0.02319042048709937
 3.7665E-02,0.02035812485881298
 3.7687E-02,0.017269735473970704
 3.7708E-02,0.0140606725808065
 3.7730E-02,0.010872579237199876
 3.7752E-02,0.007846297173136969
 3.7774E-02,0.005114887473126903
 3.7796E-02,0.0027974746886794124
 3.7818E-02,0.0009943588893689985
 3.7840E-02,-0.00021660943265825014
 3.7862E-02,-0.0007827097987749036
 3.7883E-02,-0.0006784192666245066
 3.7905E-02,9.306840150132803e-05
 3.7927E-02,0.0014991687316023995
 3.7949E-02,0.003478587272510599
 3.7971E-02,0.005943773013115173
 3.7993E-02,0.008785189123109381
 3.8015E-02,0.01187697941694411
 3.8036E-02,0.015083295413777528
 3.8058E-02,0.018264548643235887
 3.8080E-02,0.021283148940185164
 3.8102E-02,0.02400869814014472
 3.8124E-02,0.02632288731045537
 3.8146E-02,0.028124335223276772
 3.8168E-02,0.02933332318709807
 3.8189E-02,0.02989600877748697
 3.8211E-02,0.0297874773035211
 3.8233E-02,0.029013068684979822
 3.8255E-02,0.02760777605640385
 3.8277E-02,0.02563396509779238
 3.8299E-02,0.02317797074100629
 3.8321E-02,0.020346138605004442
 3.8342E-02,0.017260615369294973
 3.8364E-02,0.014054837136056453
 3.8386E-02,0.010868448616431575
 3.8408E-02,0.007841451672638581
 3.8430E-02,0.005107700785668979
 3.8452E-02,0.0027882535685294705
 3.8474E-02,0.0009853191848795348
 3.8495E-02,-0.0002225135197733649
 3.8517E-02,-0.0007834156910977645
 3.8539E-02,-0.0006738941042718301
 3.8561E-02,0.00010083937716580383
 3.8583E-02,0.0015073269816634816
 3.8605E-02,0.0034850031166788822
 3.8627E-02,0.00594816916462658
 3.8648E-02,0.008789137501096448
 3.8670E-02,0.01188278745209874
 3.8692E-02,0.01509244858998397
 3.8714E-02,0.018276632510497992
 3.8736E-02,0.021295888136335824
 3.8758E-02,0.02401909193143401
 3.8780E-02,0.026328778245400697
 3.8802E-02,0.02812549679663446
 3.8823E-02,0.029331439215941866
 3.8845E-02,0.0298935702782374
 3.8867E-02,0.029786256241646516
 3.8889E-02,0.02901306981679949
 3.8911E-02,0.027607278730251622
 3.8933E-02,0.02563062039063384
 3.8955E-02,0.023170298511042596
 3.8976E-02,0.020334538433908263
 3.8998E-02,0.01724729678537067
 3.9020E-02,0.014042711963422416
 3.9042E-02,0.010859634672624319
 3.9064E-02,0.007836257614308147
 3.9086E-02,0.005104671840836176
 3.9108E-02,0.002785232372252114
 3.9129E-02,0.0009808839765883192
 3.9151E-02,-0.00022808437997288294
 3.9173E-02,-0.0007882181962083526
 3.9195E-02,-0.0006754642844828771
 3.9217E-02,0.00010409626974910318
 3.9239E-02,0.0015151805410167898
 3.9261E-02,0.00349547118127621
 3.9282E-02,0.005958573500284203
 3.9304E-02,0.008797523072909801
 3.9326E-02,0.011888879748978114
 3.9348E-02,0.015097600055341893
 3.9370E-02,0.018282804848480584
 3.9392E-02,0.02130428194441499
 3.9414E-02,0.024029238196366723
 3.9435E-02,0.026338630370852358
 3.9457E-02,0.02813247111247882
 3.9479E-02,0.02933379471720483
 3.9501E-02,0.02989132183209785
 3.9523E-02,0.029781093188309547
 3.9545E-02,0.029007337702210666
 3.9567E-02,0.02760262948166065
 3.9588E-02,0.025627124082717164
 3.9610E-02,0.023166530546725433
 3.9632E-02,0.020328577655048377
 3.9654E-02,0.01723803505137603
 3.9676E-02,0.014030697550205517
 3.9698E-02,0.01084695128514721
 3.9720E-02,0.007825509414565248
 3.9741E-02,0.005097666879680411
 3.9763E-02,0.0027821275748034042
 3.9785E-02,0.0009802784763288518
 3.9807E-02,-0.00022817813942995748
 3.9829E-02,-0.0007891065632636003
 3.9851E-02,-0.0006769550742308526
 3.9873E-02,0.00010358435415913441
 3.9894E-02,0.001517652298431783
 3.9916E-02,0.0035021049308670803
 3.9938E-02,0.005968922374614804
 3.9960E-02,0.008809636341545935
 3.9982E-02,0.011900273725333066
 4.0004E-02,0.015106513052269618
 4.0026E-02,0.01828900879533714
 4.0048E-02,0.02130898766760838
 4.0069E-02,0.024034165126328572
 4.0091E-02,0.026344800457321925
 4.0113E-02,0.02813944436300737
 4.0135E-02,0.029339799135784193
 4.0157E-02,0.029894201322484153
 4.0179E-02,0.029779515747435377
 4.0201E-02,0.02900155561293951
 4.0222E-02,0.027594349608279858
 4.0244E-02,0.02561857020415767
 4.0266E-02,0.023159251137765853
 4.0288E-02,0.020322695248007793
 4.0310E-02,0.01723236660722521
 4.0332E-02,0.014023659659011875
 4.0354E-02,0.010837704321127545
 4.0375E-02,0.007814659642457138
 4.0397E-02,0.0050871105080326565
 4.0419E-02,0.002774126589307595
 4.0441E-02,0.0009763066788646602
 4.0463E-02,-0.0002281503226566374
 4.0485E-02,-0.0007864808552132568
 4.0507E-02,-0.0006736160229618657
 4.0528E-02,0.00010638867853931893
 4.0550E-02,0.0015200035350531435
 4.0572E-02,0.003505281332072902
 4.0594E-02,0.005974526502390045
 4.0616E-02,0.008818503675955333
 4.0638E-02,0.011911808490565457
 4.0660E-02,0.015118844940140545
 4.0681E-02,0.01829988245997933
 4.0703E-02,0.02131686888126205
 4.0725E-02,0.024038923694582052
 4.0747E-02,0.026347581539549147
 4.0769E-02,0.028141817415342038
 4.0791E-02,0.029342695858848154
 4.0813E-02,0.02989727311247633
 4.0834E-02,0.02978128898429804
 4.0856E-02,0.02900029024772232
 4.0878E-02,0.027589092475467328
 4.0900E-02,0.025609782296469222
 4.0922E-02,0.023148641327667835
 4.0944E-02,0.020312359794305013
 4.0966E-02,0.017223738297878682
 4.0988E-02,0.014016876004049574
 4.1009E-02,0.010831752069272968
 4.1031E-02,0.007808194548915157
 4.1053E-02,0.0050794571689905385
 4.1075E-02,0.002765862968248504
 4.1097E-02,0.0009690869680986283
 4.1119E-02,-0.00023243176457823792
 4.1141E-02,-0.000786696653263858
 4.1162E-02,-0.0006699990004016278
 4.1184E-02,0.00011240656160793432
 4.1206E-02,0.0015266058795020314
 4.1228E-02,0.0035112562543616038
 4.1250E-02,0.005979854184436986
 4.1272E-02,0.008824207115522953
 4.1294E-02,0.0119191664359076
 4.1315E-02,0.015128439593271426
 4.1337E-02,0.018311049234069877
 4.1359E-02,0.021327877235798688
 4.1381E-02,0.024047787940462893
 4.1403E-02,0.026353031525487514
 4.1425E-02,0.028143867367843384
 4.1447E-02,0.029342487823665078
 4.1468E-02,0.02989629786074933
 4.1490E-02,0.02978045031831298
 4.1512E-02,0.028999365413605722
 4.1534E-02,0.02758690278715221
 4.1556E-02,0.025604966818764216
 4.1578E-02,0.023140571640073777
 4.1600E-02,0.020301653377333896
 4.1621E-02,0.017212066728610174
 4.1643E-02,0.014006178871697493
 4.1665E-02,0.010823313500410811
 4.1687E-02,0.007802114633566279
 4.1709E-02,0.005074814256073033
 4.1731E-02,0.002761456332097795
 4.1753E-02,0.0009643120000341725
 4.1774E-02,-0.0002370958035629897
 4.1796E-02,-0.0007898739413273806
 4.1818E-02,-0.0006701689312478988
 4.1840E-02,0.00011603408094595978
 4.1862E-02,0.0015336030622728576
 4.1884E-02,0.0035201610904933454
 4.1906E-02,0.00598891629619198
 4.1927E-02,0.008832261148975982
 4.1949E-02,0.011926128219743235
 4.1971E-02,0.015135145323523667
 4.1993E-02,0.018318544940908912
 4.2015E-02,0.02133658749029552
 4.2037E-02,0.024057061058157057
 4.2059E-02,0.026361334565627507
 4.2080E-02,0.028149520789540788
 4.2102E-02,0.02934451266221086
 4.2124E-02,0.0298948836385548
 4.2146E-02,0.029776776232185526
 4.2168E-02,0.028994887073894252
 4.2190E-02,0.02758252772938051
 4.2212E-02,0.025600601978706766
 4.2234E-02,0.023135301826823947
 4.2255E-02,0.020294435689824846
 4.2277E-02,0.017202522895252946
 4.2299E-02,0.013995012738296626
 4.2321E-02,0.01081210394991252
 4.2343E-02,0.007792601562919575
 4.2365E-02,0.0050680904017527326
 4.2387E-02,0.0027575289935019803
 4.2408E-02,0.0009622787905125211
 4.2430E-02,-0.00023837288943906573
 4.2452E-02,-0.0007910003124542889
 4.2474E-02,-0.0006708088976838071
 4.2496E-02,0.0001169679034852604
 4.2518E-02,0.0015372771292119797
 4.2540E-02,0.0035270629836964746
 4.2561E-02,0.005998458230832155
 4.2583E-02,0.008842979281658458
 4.2605E-02,0.011936363931034324
 4.2627E-02,0.015143814787821189
 4.2649E-02,0.01832555493166524
 4.2671E-02,0.02134266561392245
 4.2693E-02,0.02406311309746046
 4.2714E-02,0.02636771779811762
 4.2736E-02,0.028155668347693036
 4.2758E-02,0.02934913426030102
 4.2780E-02,0.02989662689045206
 4.2802E-02,0.029774961579000104
 4.2824E-02,0.028989887085398527
 4.2846E-02,0.027575571609334777
 4.2867E-02,0.025593123239084813
 4.2889E-02,0.02312821225457385
 4.2911E-02,0.02028774686790775
 4.2933E-02,0.01719552744127831
 4.2955E-02,0.013986906231795833
 4.2977E-02,0.010802670659600576
 4.2999E-02,0.007782552826277991
 4.3020E-02,0.0050588514935169734
 4.3042E-02,0.002750594917917836
 4.3064E-02,0.0009585107675440338
 4.3086E-02,-0.00023910631561678357
 4.3108E-02,-0.000789637127883042
 4.3130E-02,-0.0006684802444518261
 4.3152E-02,0.00011961407080671193
 4.3173E-02,0.0015404193023402142
 4.3195E-02,0.0035315197299699962
 4.3217E-02,0.00600508829443972
 4.3239E-02,0.008852026816801688
 4.3261E-02,0.01194713880012426
 4.3283E-02,0.015154900729312807
 4.3305E-02,0.01833542926429696
 4.3327E-02,0.02135037439283741
 4.3348E-02,0.024068615335687382
 4.3370E-02,0.026371708303106065
 4.3392E-02,0.028158994907964117
 4.3414E-02,0.02935216109796458
 4.3436E-02,0.029898924152375203
 4.3458E-02,0.029775505037313906
 4.3480E-02,0.028987649577452698
 4.3501E-02,0.027570156773577426
 4.3523E-02,0.025585068111389886
 4.3545E-02,0.023118780798396087
 4.3567E-02,0.020278334867704736
 4.3589E-02,0.017187024376517146
 4.3611E-02,0.013979380457835255
 4.3633E-02,0.010795550467341422
 4.3654E-02,0.007775183519516499
 4.3676E-02,0.0050510897082101
 4.3698E-02,0.002743083182223438
 4.3720E-02,0.0009524662042923624
 4.3742E-02,-0.0002424689089559149
 4.3764E-02,-0.0007897138689110098
 4.3786E-02,-0.0006655672873271054
 4.3807E-02,0.00012451446516342324
 4.3829E-02,0.0015461580799791357
 4.3851E-02,0.0035373977240945632
 4.3873E-02,0.006011144793169951
 4.3895E-02,0.008858858714756944
 4.3917E-02,0.011955365995967051
 4.3939E-02,0.015164600819569898
 4.3960E-02,0.01834588147837874
 4.3982E-02,0.021360270137491727
 4.4004E-02,0.02407661852132264
 4.4026E-02,0.026377043961781838
 4.4048E-02,0.02816172923995044
 4.4070E-02,0.02935301813278758
 4.4092E-02,0.029898755764689037
 4.4113E-02,0.029774732093087102
 4.4135E-02,0.028986004836024995
 4.4157E-02,0.02756687862496577
 4.4179E-02,0.025579426507966005
 4.4201E-02,0.023110620934226927
 4.4223E-02,0.0202683147322409
 4.4245E-02,0.0171764031438432
 4.4267E-02,0.013969477895304342
 4.4288E-02,0.010787188092219015
 4.4310E-02,0.007768425332745877
 4.4332E-02,0.005045421858626314
 4.4354E-02,0.0027379142424713903
 4.4376E-02,0.0009476442290170851
 4.4398E-02,-0.0002464322585952461
 4.4420E-02,-0.0007918466114451371
 4.4441E-02,-0.0006649499768537648
 4.4463E-02,0.00012822569022649384
 4.4485E-02,0.0015525031490217377
 4.4507E-02,0.0035453115338787474
 4.4529E-02,0.006019467424895557
 4.4551E-02,0.008866861792776942
 4.4573E-02,0.011962994086029001
 4.4594E-02,0.015172296548493731
 4.4616E-02,0.018354108317049728
 4.4638E-02,0.021369023615050192
 4.4660E-02,0.02408522178134862
 4.4682E-02,0.02638435481680177
 4.4704E-02,0.028166643066792268
 4.4726E-02,0.0293549770246461
 4.4747E-02,0.029897971172173594
 4.4769E-02,0.029771996713512067
 4.4791E-02,0.028982209698346112
 4.4813E-02,0.02756252156565518
 4.4835E-02,0.025574399064986993
 4.4857E-02,0.023104393050245895
 4.4879E-02,0.020260400551301964
 4.4900E-02,0.017166825912386774
 4.4922E-02,0.01395895385822767
 4.4944E-02,0.010776915546171799
 4.4966E-02,0.007759596592160055
 4.4988E-02,0.005038736627538877
 4.5010E-02,0.002733369599979751
 4.5032E-02,0.0009447128402429931
 4.5053E-02,-0.00024835081607802074
 4.5075E-02,-0.0007929735082932213
 4.5097E-02,-0.0006649423890106888
 4.5119E-02,0.00013008344980155334
 4.5141E-02,0.0015568465909348646
 4.5163E-02,0.0035522490431940967
 4.5185E-02,0.00602840384901239
 4.5206E-02,0.008876698956308287
 4.5228E-02,0.011972595199916
 4.5250E-02,0.015180949133420019
 4.5272E-02,0.018361723637141125
 4.5294E-02,0.02137596693508307
 4.5316E-02,0.024091884733893253
 4.5338E-02,0.026390731333373264
 4.5359E-02,0.028172165928572336
 4.5381E-02,0.029358716499134237
 4.5403E-02,0.029899082654776737
 4.5425E-02,0.02977015726222132
 4.5447E-02,0.02897778991440136
 4.5469E-02,0.02755639461383455
 4.5491E-02,0.025567500418989045
 4.5513E-02,0.023097287966366842
 4.5534E-02,0.02025310774854073
 4.5556E-02,0.017158991952561764
 4.5578E-02,0.013950265091994804
 4.5600E-02,0.010767495520229367
 4.5622E-02,0.0077501471935607046
 4.5644E-02,0.0050303333059434265
 4.5666E-02,0.0027270243257656716
 4.5687E-02,0.0009409537114675932
 4.5709E-02,-0.00024964543558121796
 4.5731E-02,-0.000792397826292265
 4.5753E-02,-0.0006631538256939233
 4.5775E-02,0.0001327623006895473
 4.5797E-02,0.0015605817451447746
 4.5819E-02,0.003557518117027505
 4.5840E-02,0.0060355974636359475
 4.5862E-02,0.0088857402459658
 4.5884E-02,0.011982806521375284
 4.5906E-02,0.015191250332789397
 4.5928E-02,0.018371052610666436
 4.5950E-02,0.021383684216578314
 4.5972E-02,0.024097934681710106
 4.5993E-02,0.02639547617224454
 4.6015E-02,0.028176000529614192
 4.6037E-02,0.02936169865797929
 4.6059E-02,0.029900801612063578
 4.6081E-02,0.029769920208194602
 4.6103E-02,0.028975017164925454
 4.6125E-02,0.0275509905607237
 4.6146E-02,0.025559981481198826
 4.6168E-02,0.023088591275771935
 4.6190E-02,0.020244190460147266
 4.6212E-02,0.017150451267932427
 4.6234E-02,0.013942193532176697
 4.6256E-02,0.010759645244840488
 4.6278E-02,0.00774229502701022
 4.6299E-02,0.005022621640163498
 4.6321E-02,0.00272006960768144
 4.6343E-02,0.0009356526690974677
 4.6365E-02,-0.0002525034610486173
 4.6387E-02,-0.0007924904946910998
 4.6409E-02,-0.0006607520846053661
 4.6431E-02,0.00013697049175174483
 4.6453E-02,0.001565864342175414
 4.6474E-02,0.0035634507111923976
 4.6496E-02,0.006042191867029501
 4.6518E-02,0.008893281557504636
 4.6540E-02,0.011991502672084011
 4.6562E-02,0.015200908362784144
 4.6584E-02,0.01838097987624378
 4.6606E-02,0.021392880348463487
 4.6627E-02,0.02410546947512054
 4.6649E-02,0.0264008398903142
 4.6671E-02,0.028179229841211725
 4.6693E-02,0.029363213201845397
 4.6715E-02,0.029901055027388993
 4.6737E-02,0.029769076024262615
 4.6759E-02,0.028972842019660307
 4.6780E-02,0.027547026271298035
 4.6802E-02,0.025553891400479964
 4.6824E-02,0.02308047309548663
 4.6846E-02,0.02023466735689586
 4.6868E-02,0.017140483381557214
 4.6890E-02,0.013932714891216188
 4.6912E-02,0.010751231519650604
 4.6933E-02,0.0077350468943257165
 4.6955E-02,0.005016320477640855
 4.6977E-02,0.002714502755434784
 4.6999E-02,0.0009309080823501094
 4.7021E-02,-0.00025595253224612764
 4.7043E-02,-0.0007939645500094517
 4.7065E-02,-0.0006597058249415053
 4.7086E-02,0.00014064382655676149
 4.7108E-02,0.0015717415896510244
 4.7130E-02,0.0035707535544651256
 4.7152E-02,0.006050127117559466
 4.7174E-02,0.0089013521292394
 4.7196E-02,0.011999614395672577
 4.7218E-02,0.015209219525513894
 4.7239E-02,0.0183895921198453
 4.7261E-02,0.02140156234134469
 4.7283E-02,0.02411358452201222
 4.7305E-02,0.02640752775137312
 4.7327E-02,0.02818374291849148
 4.7349E-02,0.029365216221193566
 4.7371E-02,0.029900718611248538
 4.7392E-02,0.029766915043287635
 4.7414E-02,0.028969397960537314
 4.7436E-02,0.027542581745153893
 4.7458E-02,0.025548382611528718
 4.7480E-02,0.023073646671135668
 4.7502E-02,0.020226382467671798
 4.7524E-02,0.017130974260263436
 4.7545E-02,0.013922652516151402
 4.7567E-02,0.01074154142450274
 4.7589E-02,0.0077265826317337
 4.7611E-02,0.005009575549494949
 4.7633E-02,0.002709519811320778
 4.7655E-02,0.0009274280732622139
 4.7677E-02,-0.00025819803897192536
 4.7699E-02,-0.000794995982699362
 4.7720E-02,-0.0006592275979018539
 4.7742E-02,0.00014308120564666656
 4.7764E-02,0.0015764451871987171
 4.7786E-02,0.00357763298439396
 4.7808E-02,0.0060586329121339105
 4.7830E-02,0.008910647377166764
 4.7852E-02,0.012008884487325145
 4.7873E-02,0.015217945935756774
 4.7895E-02,0.01839763914721309
 4.7917E-02,0.021409036619269888
 4.7939E-02,0.024120560544376394
 4.7961E-02,0.026413810298646017
 4.7983E-02,0.028188813865100686
 4.8005E-02,0.029368403021795175
 4.8026E-02,0.02990149002888291
 4.8048E-02,0.02976513399391712
 4.8070E-02,0.02896538592042988
 4.8092E-02,0.027536958953986466
 4.8114E-02,0.02554177822454845
 4.8136E-02,0.02306644664299601
 4.8158E-02,0.02021865760727965
 4.8179E-02,0.017122622445550375
 4.8201E-02,0.013913661996762361
 4.8223E-02,0.010732211186924169
 4.8245E-02,0.007717561952214782
 4.8267E-02,0.005001691789256149
 4.8289E-02,0.0027034878372717668
 4.8311E-02,0.0009236036063688246
 4.8332E-02,-0.0002598849832735441
 4.8354E-02,-0.0007948963912749826
 4.8376E-02,-0.0006577082302102006
 4.8398E-02,0.00014586514923538947
 4.8420E-02,0.001580606476856005
 4.8442E-02,0.0035834076509782308
 4.8464E-02,0.006066123829578951
 4.8485E-02,0.008919611986643717
 4.8507E-02,0.012018697250529783
 4.8529E-02,0.015227764358417483
 4.8551E-02,0.01840668381349434
 4.8573E-02,0.021416829947908063
 4.8595E-02,0.024126994147966336
 4.8617E-02,0.026419011723736792
 4.8639E-02,0.028192900585687505
 4.8660E-02,0.029371276066423896
 4.8682E-02,0.029902793973057798
 4.8704E-02,0.029764409888152207
 4.8726E-02,0.028962328454859763
 4.8748E-02,0.02753162672189707
 4.8770E-02,0.025534632729145794
 4.8792E-02,0.023058195320717793
 4.8813E-02,0.020209989546018298
 4.8835E-02,0.01711398603405747
 4.8857E-02,0.013905206514148666
 4.8879E-02,0.010723916244273445
 4.8901E-02,0.007709467973250433
 4.8923E-02,0.004994086311146452
 4.8945E-02,0.0026969299040453245
 4.8966E-02,0.0009187649127615925
 4.8988E-02,-0.00026247527913833015
 4.9010E-02,-0.0007950594409741372
 4.9032E-02,-0.000655659384289038
 4.9054E-02,0.0001496580519844957
 4.9076E-02,0.0015856656387583082
 4.9098E-02,0.003589447710569611
 4.9119E-02,0.006073099590377791
 4.9141E-02,0.0089275898864177
 4.9163E-02,0.012027633691405862
 4.9185E-02,0.015237329208707424
 4.9207E-02,0.018416241006636826
 4.9229E-02,0.02142559494885259
 4.9251E-02,0.024134284398591558
 4.9272E-02,0.02642445183502268
 4.9294E-02,0.028196470684796145
 4.9316E-02,0.02937318333014853
 4.9338E-02,0.02990324987496135
 4.9360E-02,0.02976344882194445
 4.9382E-02,0.028959776311606643
 4.9404E-02,0.027527237232886526
 4.9425E-02,0.02552830883997306
 4.9447E-02,0.023050161776318117
 4.9469E-02,0.020200810894945926
 4.9491E-02,0.01710441429117655
 4.9513E-02,0.0138959414015357
 4.9535E-02,0.010715410391379104
 4.9557E-02,0.007701881302493104
 4.9578E-02,0.004987405409610226
 4.9600E-02,0.002691171847829975
 4.9622E-02,0.000914137112829935
 4.9644E-02,-0.00026555969597428565
 4.9666E-02,-0.000796124553154171
 4.9688E-02,-0.0006543873479328382
 4.9710E-02,0.00015325521869162756
 4.9731E-02,0.0015912227192597544
 4.9753E-02,0.003596385369468312
 4.9775E-02,0.006080846857723733
 4.9797E-02,0.008935764660854387
 4.9819E-02,0.012036082793912295
 4.9841E-02,0.015246013516531815
 4.9863E-02,0.01842504281605309
 4.9885E-02,0.021434170275565417
 4.9906E-02,0.0241420559458221
 4.9928E-02,0.026430754995666855
 4.9950E-02,0.028200774387803135
 4.9972E-02,0.02937526302719434
 4.9994E-02,0.029903217449055747
 5.0016E-02,0.029761627185647732
 5.0038E-02,0.028956495896349035
 5.0059E-02,0.02752267491173681
 5.0081E-02,0.025522462018103886
 5.0103E-02,0.02304296841733768
 5.0125E-02,0.020192338817393664
 5.0147E-02,0.017095001614375497
 5.0169E-02,0.013886198475699165
 5.0191E-02,0.010706074573824758
 5.0212E-02,0.0076936015774404535
 5.0234E-02,0.004980573969684494
 5.0256E-02,0.0026858914226935726
 5.0278E-02,0.0009103333365159784
 5.0300E-02,-0.000267955321005971
 5.0322E-02,-0.0007970346725147028
 5.0344E-02,-0.0006535775621030745
 5.0365E-02,0.00015605071883133855
 5.0387E-02,0.001596112571328476
 5.0409E-02,0.00360318159659198
 5.0431E-02,0.006089059096002413
 5.0453E-02,0.008944735721086814
 5.0475E-02,0.012045192128355982
 5.0497E-02,0.015254837162516247
 5.0518E-02,0.018433385415669877
 5.0540E-02,0.021441960654083585
 5.0562E-02,0.024149177781903765
 5.0584E-02,0.02643692139431583
 5.0606E-02,0.028205528025411743
 5.0628E-02,0.029378108263941046
 5.0650E-02,0.02990381191506326
 5.0671E-02,0.029759924285148915
 5.0693E-02,0.028952757441398056
 5.0715E-02,0.027517348015246437
 5.0737E-02,0.02551599214119555
 5.0759E-02,0.02303565543873934
 5.0781E-02,0.020184315079308332
 5.0803E-02,0.017086337140001347
 5.0825E-02,0.01387706273037586
 5.0846E-02,0.010696850772268281
 5.0868E-02,0.007684877756228012
 5.0890E-02,0.0049730076985567626
 5.0912E-02,0.0026800191752594463
 5.0934E-02,0.0009064278540171461
 5.0956E-02,-0.0002699042894962235
 5.0978E-02,-0.0007972121918551033
 5.0999E-02,-0.000652176572597103
 5.1021E-02,0.00015895459554609703
 5.1043E-02,0.0016005711551602166
 5.1065E-02,0.0036092656340355016
 5.1087E-02,0.006096698796740449
 5.1109E-02,0.008953609127349924
 5.1131E-02,0.012054733050818112
 5.1152E-02,0.015264365293825032
 5.1174E-02,0.018442290612006074
 5.1196E-02,0.021449842548903857
 5.1218E-02,0.02415586871438207
 5.1240E-02,0.026442389112544606
 5.1262E-02,0.028209724413353916
 5.1284E-02,0.02938086050028088
 5.1305E-02,0.029904825542374735
 5.1327E-02,0.029758899857501582
 5.1349E-02,0.028949553909299517
 5.1371E-02,0.027512097153424692
 5.1393E-02,0.02550909587339603
 5.1415E-02,0.02302766530301937
 5.1437E-02,0.02017576045742609
 5.1458E-02,0.01707759676579803
 5.1480E-02,0.013868346487835215
 5.1502E-02,0.010688292640938837
 5.1524E-02,0.007676675152307201
 5.1546E-02,0.004965515801728474
 5.1568E-02,0.0026737362906914357
 5.1590E-02,0.0009018728003582137
 5.1611E-02,-0.00027235768018293817
 5.1633E-02,-0.0007974525429459788
 5.1655E-02,-0.0006503606440471809
 5.1677E-02,0.00016250787131352545
 5.1699E-02,0.0016055349829013892
 5.1721E-02,0.003615419002790596
 5.1743E-02,0.006103936803912329
 5.1764E-02,0.008961849904385456
 5.1786E-02,0.01206378320184918
 5.1808E-02,0.015273830875900202
 5.1830E-02,0.018451594392028012
 5.1852E-02,0.02145834617180606
 5.1874E-02,0.024163037031050112
 5.1896E-02,0.02644790922860894
 5.1917E-02,0.02821351836360281
 5.1939E-02,0.02938299214826405
 5.1961E-02,0.029905362974649668
 5.1983E-02,0.029757818599101916
 5.2005E-02,0.028946739886115087
 5.2027E-02,0.027507447405598958
 5.2049E-02,0.025502655726885527
 5.2071E-02,0.02301971794379033
 5.2092E-02,0.020166811752203
 5.2114E-02,0.017068258557237724
 5.2136E-02,0.013859179779030575
 5.2158E-02,0.010679694050951098
 5.2180E-02,0.007668863337556569
 5.2202E-02,0.004958615367054775
 5.2224E-02,0.0026679000143690554
 5.2245E-02,0.0008973618518491691
 5.2267E-02,-0.00027518950851115366
 5.2289E-02,-0.0007982666439845687
 5.2311E-02,-0.0006489741365496472
 5.2333E-02,0.0001660286590799714
 5.2355E-02,0.0016108817665359452
 5.2377E-02,0.0036221460205763437
 5.2398E-02,0.0061116042191824375
 5.2420E-02,0.008970127290460674
 5.2442E-02,0.012072459670813867
 5.2464E-02,0.015282734586339716
 5.2486E-02,0.01846047806150528
 5.2508E-02,0.02146681526892123
 5.2530E-02,0.024170571931604566
 5.2551E-02,0.02645397688895316
 5.2573E-02,0.02821771585291415
 5.2595E-02,0.02938514495484183
 5.2617E-02,0.029905526642901397
 5.2639E-02,0.02975618769803765
 5.2661E-02,0.028943520852227032
 5.2683E-02,0.02750277065417644
 5.2704E-02,0.025496576835491627
 5.2726E-02,0.0230123031536
 5.2748E-02,0.020158251876838305
 5.2770E-02,0.017058937702273194
 5.2792E-02,0.01384965117205913
 5.2814E-02,0.010670569195765964
 5.2836E-02,0.007660670811511059
 5.2857E-02,0.004951702631916391
 5.2879E-02,0.002662426015759342
 5.2901E-02,0.0008933753515262704
 5.2923E-02,-0.00027763988623406323
 5.2945E-02,-0.0007990612904481596
 5.2967E-02,-0.000647935875829168
 5.2989E-02,0.00016904260932378544
 5.3011E-02,0.0016158630783030458
 5.3032E-02,0.0036288636317855253
 5.3054E-02,0.006119622765257241
 5.3076E-02,0.008978909430548377
 5.3098E-02,0.012081498711637407
 5.3120E-02,0.015291647673095796
 5.3142E-02,0.018469014585049348
 5.3164E-02,0.021474785529858254
 5.3185E-02,0.024177747851257488
 5.3207E-02,0.02646003228233946
 5.3229E-02,0.028222249426380602
 5.3251E-02,0.029387779292177233
 5.3273E-02,0.029906030490611996
 5.3295E-02,0.029754553894124677
 5.3317E-02,0.028939956937867186
 5.3338E-02,0.02749760885876951
 5.3360E-02,0.02549015544763929
 5.3382E-02,0.02300488576485636
 5.3404E-02,0.020150026449405455
 5.3426E-02,0.017050088699093392
 5.3448E-02,0.013840453978768838
 5.3470E-02,0.010661442564082177
 5.3491E-02,0.00765214768755839
 5.3513E-02,0.004944327699463085
 5.3535E-02,0.0026566312993778983
 5.3557E-02,0.0008893982154963864
 5.3579E-02,-0.00027975631854974727
 5.3601E-02,-0.000799392354723997
 5.3623E-02,-0.0006465735198742284
 5.3644E-02,0.00017205553533380772
 5.3666E-02,0.0016205237891850142
 5.3688E-02,0.00363513297524232
 5.3710E-02,0.0061273299839677935
 5.3732E-02,0.008987699152499917
 5.3754E-02,0.012090857675502468
 5.3776E-02,0.015301003080234441
 5.3797E-02,0.01847785499397689
 5.3819E-02,0.02148274278509566
 5.3841E-02,0.024184601789036586
 5.3863E-02,0.026465645091925706
 5.3885E-02,0.02822647701161292
 5.3907E-02,0.029390419079707856
 5.3929E-02,0.029906841954054526
 5.3950E-02,0.02975334348199238
 5.3972E-02,0.028936679515118136
 5.3994E-02,0.027492426511334413
 5.4016E-02,0.025483418051994583
 5.4038E-02,0.02299704204877601
 5.4060E-02,0.0201415132182662
 5.4082E-02,0.017041256730207364
 5.4103E-02,0.013831565789572092
 5.4125E-02,0.010652733907325618
 5.4147E-02,0.007643906861965103
 5.4169E-02,0.004936936643852512
 5.4191E-02,0.0026505355815594446
 5.4213E-02,0.000885015550080589
 5.4235E-02,-0.00028214253074563796
 5.4257E-02,-0.0007996982553123916
 5.4278E-02,-0.0006449054550201822
 5.4300E-02,0.00017547634576554677
 5.4322E-02,0.0016254575596673399
 5.4344E-02,0.0036413837445226863
 5.4366E-02,0.0061347413404434815
 5.4388E-02,0.008996091502531712
 5.4410E-02,0.012099950925346208
 5.4431E-02,0.01531037810593969
 5.4453E-02,0.018486985142214758
 5.4475E-02,0.021491085944416066
 5.4497E-02,0.024191708200061716
 5.4519E-02,0.026471226743607686
 5.4541E-02,0.028230406577359524
 5.4563E-02,0.02939266678953774
 5.4584E-02,0.0299073937677231
 5.4606E-02,0.02975215295546506
 5.4628E-02,0.028933683761478347
 5.4650E-02,0.027487616871642747
 5.4672E-02,0.025476922120113963
 5.4694E-02,0.02298916552761443
 5.4716E-02,0.02013271235657599
 5.4737E-02,0.017032051506806964
 5.4759E-02,0.013822437361335213
 5.4781E-02,0.010644057704585163
 5.4803E-02,0.007635950808277928
 5.4825E-02,0.004929915456164934
 5.4847E-02,0.0026446796752808807
 5.4869E-02,0.0008806056035082124
 5.4890E-02,-0.00028480273122198445
 5.4912E-02,-0.0008003603828683283
 5.4934E-02,-0.000643464707665697
 5.4956E-02,0.00017893268262489056
 5.4978E-02,0.0016306686076119111
 5.5000E-02,0.0036479907972862546
 5.5022E-02,0.006142379679740748
 5.5043E-02,0.009004449732024907
 5.5065E-02,0.012108770143285754
 5.5087E-02,0.015319399846137014
 5.5109E-02,0.018495887831192305
 5.5131E-02,0.021499456596996844
 5.5153E-02,0.024199075209505982
 5.5175E-02,0.026477143287586106
 5.5197E-02,0.02823454378626057
 5.5218E-02,0.02939486925702944
 5.5240E-02,0.029907670995560277
 5.5262E-02,0.029750616455467775
 5.5284E-02,0.028930469524071675
 5.5306E-02,0.027482839261299043
 5.5328E-02,0.025470684514050945
 5.5350E-02,0.022981617655716175
 5.5371E-02,0.020124115271350534
 5.5393E-02,0.017022805450647823
 5.5415E-02,0.013813048677004221
 5.5437E-02,0.010635055922855664
 5.5459E-02,0.007627795550684957
 5.5481E-02,0.0049229382172793
 5.5503E-02,0.0026390849803828334
 5.5524E-02,0.0008765217711306831
 5.5546E-02,-0.0002872608189746226
 5.5568E-02,-0.0008010593554679655
 5.5590E-02,-0.0006422743930220475
 5.5612E-02,0.00018207458283204993
 5.5634E-02,0.0016356864890498062
 5.5656E-02,0.0036546382488845657
 5.5677E-02,0.006150266117582723
 5.5699E-02,0.009013115818448244
 5.5721E-02,0.012117774346282976
 5.5743E-02,0.015328373478622934
 5.5765E-02,0.018504535519635767
 5.5787E-02,0.021507511709302585
 5.5809E-02,0.024206246149380047
 5.5830E-02,0.02648309131934034
 5.5852E-02,0.028238913554574807
 5.5874E-02,0.029397361026931815
 5.5896E-02,0.029908117833698653
 5.5918E-02,0.029749025267234958
 5.5940E-02,0.02892700451812096
 5.5962E-02,0.02747775842275885
 5.5983E-02,0.025464265236364986
 5.6005E-02,0.022974111905445245
 5.6027E-02,0.02011575527333587
 5.6049E-02,0.017013849529631794
 5.6071E-02,0.013803832175432214
 5.6093E-02,0.010626008542838156
 5.6115E-02,0.007619405954059534
 5.6136E-02,0.004915677611656804
 5.6158E-02,0.0026333255295030522
 5.6180E-02,0.0008724889917912835
 5.6202E-02,-0.0002894816852592457
 5.6224E-02,-0.0008014732850596873
 5.6246E-02,-0.0006409168101635587
 5.6268E-02,0.0001851698615664961
 5.6289E-02,0.001640472660118014
 5.6311E-02,0.0036610047130121444
 5.6333E-02,0.006157984861972135
 5.6355E-02,0.009021821555245427
 5.6377E-02,0.01212699655104941
 5.6399E-02,0.015337609285843313
 5.6421E-02,0.018513329520839485
 5.6443E-02,0.02151550536364032
 5.6464E-02,0.024213177575415256
 5.6486E-02,0.02648875503045062
 5.6508E-02,0.02824311235873983
 5.6530E-02,0.02939988562106693
 5.6552E-02,0.029908771756752602
 5.6574E-02,0.029747684469250787
 5.6596E-02,0.028923678684438653
 5.6617E-02,0.027472618450804998
 5.6639E-02,0.025457619498662265
 5.6661E-02,0.022966342324509538
 5.6683E-02,0.020107246015307088
 5.6705E-02,0.017004943600715656
 5.6727E-02,0.013794833224186221
 5.6749E-02,0.010617217598703814
 5.6770E-02,0.007611161962443189
 5.6792E-02,0.0049083685785476245
 5.6814E-02,0.0026273548332806655
 5.6836E-02,0.0008682083857949776
 5.6858E-02,-0.0002918404826992623
 5.6880E-02,-0.000801834559176279
 5.6902E-02,-0.0006393480075693268
 5.6923E-02,0.00018850948390991703
 5.6945E-02,0.0016453912228443224
 5.6967E-02,0.003667311702861448
 5.6989E-02,0.006165483701095688
 5.7011E-02,0.009030270558308719
 5.7033E-02,0.012136068032903076
 5.7055E-02,0.015346878778442506
 5.7076E-02,0.018522310209352945
 5.7098E-02,0.021523716808583473
 5.7120E-02,0.02422021778739695
 5.7142E-02,0.02649434274198236
 5.7164E-02,0.028247083221720454
 5.7186E-02,0.029402152114809295
 5.7208E-02,0.029909276459397578
 5.7229E-02,0.02974637836982138
 5.7251E-02,0.02892053937826555
 5.7273E-02,0.027467697554288732
 5.7295E-02,0.025451089667240454
 5.7317E-02,0.022958512992946503
 5.7339E-02,0.0200985339365733
 5.7361E-02,0.01699580931898325
 5.7383E-02,0.013785713138608931
 5.7404E-02,0.01060848262844161
 5.7426E-02,0.007603117448573415
 5.7448E-02,0.004901285680173577
 5.7470E-02,0.002621505588553735
 5.7492E-02,0.0008638753285307367
 5.7514E-02,-0.00029439311499783525
 5.7536E-02,-0.0008024170073710871
 5.7557E-02,-0.0006378998600476408
 5.7579E-02,0.00019189542737793673
 5.7601E-02,0.0016504894831005066
 5.7623E-02,0.003673818362263415
 5.7645E-02,0.006173075860760651
 5.7667E-02,0.009038641339632683
 5.7689E-02,0.012144923479115995
 5.7710E-02,0.01535590672102097
 5.7732E-02,0.0185311485288911
 5.7754E-02,0.021531949264353607
 5.7776E-02,0.024227409268841465
 5.7798E-02,0.026500102118877735
 5.7820E-02,0.02825112502937189
 5.7842E-02,0.029404328113709532
 5.7863E-02,0.02990956463962483
 5.7885E-02,0.029744840354046728
 5.7907E-02,0.028917273688226938
 5.7929E-02,0.02746281640438017
 5.7951E-02,0.025444731069307485
 5.7973E-02,0.02295087748847942
 5.7995E-02,0.02008991932557056
 5.8016E-02,0.016986616586918774
 5.8038E-02,0.013776412524989436
 5.8060E-02,0.010599551267605829
 5.8082E-02,0.007594976058678322
 5.8104E-02,0.004894261964797564
 5.8126E-02,0.002615836331746455
 5.8148E-02,0.0008597369817471238
 5.8169E-02,-0.0002968511170137922
 5.8191E-02,-0.0008030618510808865
 5.8213E-02,-0.0006366380504849467
 5.8235E-02,0.00019507357873333213
 5.8257E-02,0.0016554695632029538
 5.8279E-02,0.003680350974145141
 5.8301E-02,0.006180804712793097
 5.8322E-02,0.009047158624173223
 5.8344E-02,0.012153826519873536
 5.8366E-02,0.015364830703384017
 5.8388E-02,0.018539765395348688
 5.8410E-02,0.021539943331275947
 5.8432E-02,0.024234453650379052
 5.8454E-02,0.026505858834101382
 5.8475E-02,0.02825527676203019
 5.8497E-02,0.029406629942047926
 5.8519E-02,0.02990989111906472
 5.8541E-02,0.029743204532435483
 5.8563E-02,0.02891380922827688
 5.8585E-02,0.0274577336264261
 5.8607E-02,0.025438271158560125
 5.8629E-02,0.022943288486982495
 5.8650E-02,0.02008146304803622
 5.8672E-02,0.016977595773092755
 5.8694E-02,0.013767194319315968
 5.8716E-02,0.010590564519154836
 5.8738E-02,0.007586675039786419
 5.8760E-02,0.004887068747754521
 5.8782E-02,0.0026100865705804025
 5.8803E-02,0.0008556520630377481
 5.8825E-02,-0.00029915727853859083
 5.8847E-02,-0.000803551880846339
 5.8869E-02,-0.0006353185490149166
 5.8891E-02,0.00019816517056716514
 5.8913E-02,0.001660251204513388
 5.8935E-02,0.003686665451597351
 5.8956E-02,0.006188393606774763
 5.8978E-02,0.009055660822891895
 5.9000E-02,0.012162808337708636
 5.9022E-02,0.015373837664659462
 5.9044E-02,0.018548374412655704
 5.9066E-02,0.02154779459518963
 5.9088E-02,0.02424125344065597
 5.9109E-02,0.0265113608080583
 5.9131E-02,0.028259260886958532
 5.9153E-02,0.02940889851749114
 5.9175E-02,0.029910289964997526
 5.9197E-02,0.02974166086237692
 5.9219E-02,0.028910365795810924
 5.9241E-02,0.02745255888885727
 5.9262E-02,0.025431637754742206
 5.9284E-02,0.0229355297388899
 5.9306E-02,0.020072928662756652
 5.9328E-02,0.016968626526452462
 5.9350E-02,0.013758122593719797
 5.9372E-02,0.010581731353231141
 5.9394E-02,0.007578444420945659
 5.9415E-02,0.004879821657147365
 5.9437E-02,0.0026041893682062266
 5.9459E-02,0.0008514091321662452
 5.9481E-02,-0.000301546772947363
 5.9503E-02,-0.0008040142568052402
 5.9525E-02,-0.0006338953993889831
 5.9547E-02,0.0002013497173584841
 5.9569E-02,0.0016650268731706773
 5.9590E-02,0.0036928366221762403
 5.9612E-02,0.006195735777580943
 5.9634E-02,0.009063899494797648
 5.9656E-02,0.012171598821180928
 5.9678E-02,0.015382765381931715
 5.9700E-02,0.018556984714680088
 5.9722E-02,0.021555644616124855
 5.9743E-02,0.024247965416793485
 5.9765E-02,0.02651665453944407
 5.9787E-02,0.028262954279949085
 5.9809E-02,0.029410883039736876
 5.9831E-02,0.0299105014390962
 5.9853E-02,0.02974006683830678
 5.9875E-02,0.02890697841570068
 5.9896E-02,0.027447464768340583
 5.9918E-02,0.025425024979241286
 5.9940E-02,0.022927693115445662
 5.9962E-02,0.020064246216411383
 5.9984E-02,0.01695951538348284
 6.0006E-02,0.013748992561879204
 6.0028E-02,0.01057295461595226
 6.0049E-02,0.007570349927625558
 6.0071E-02,0.004872708322728266
 6.0093E-02,0.002598341199712164
 6.0115E-02,0.0008470944656590008
 6.0137E-02,-0.00030409960520192997
 6.0159E-02,-0.0008046569610783578
 6.0181E-02,-0.0006325959341993335
 6.0202E-02,0.0002044946321027118
 6.0224E-02,0.001669811077088561
 6.0246E-02,0.003698986516075017
 6.0268E-02,0.0062029534496725516
 6.0290E-02,0.009071885775427307
 6.0312E-02,0.01218004842946429
 6.0334E-02,0.015391344751499048
 6.0355E-02,0.01856531517074305
 6.0377E-02,0.02156331138578118
 6.0399E-02,0.0242545572792736
 6.0421E-02,0.02652181948856036
 6.0443E-02,0.028266445928367925
 6.0465E-02,0.029412577317950824
 6.0487E-02,0.029910379839648248
 6.0508E-02,0.029738180248672304
 6.0530E-02,0.02890341402746593
 6.0552E-02,0.02744233393342503
 6.0574E-02,0.025418476235767852
 6.0596E-02,0.022919939693147182
 6.0618E-02,0.02005558830783527
 6.0640E-02,0.01695033878899814
 6.0662E-02,0.013739737115220415
 6.0683E-02,0.010564062394600412
 6.0705E-02,0.007562214970992603
 6.0727E-02,0.004865648675532168
 6.0749E-02,0.002592600565073641
 6.0771E-02,0.0008428629821579285
 6.0793E-02,-0.0003066665738779696
 6.0815E-02,-0.0008054398513334314
 6.0836E-02,-0.000631534784496074
 6.0858E-02,0.00020736728840666538
 6.0880E-02,0.0016743494980356196
 6.0902E-02,0.0037049381426725826
 6.0924E-02,0.0062099913787082
 6.0946E-02,0.009079651321857849
 6.0968E-02,0.01218818345077754
 6.0989E-02,0.015399502122233198
 6.1011E-02,0.018573151423104832
 6.1033E-02,0.021570477426640748
 6.1055E-02,0.02426070338803575
 6.1077E-02,0.02652662016762856
 6.1099E-02,0.028269636774483506
 6.1121E-02,0.029413988541357496
 6.1142E-02,0.029909952614379804
 6.1164E-02,0.029735960231941194
 6.1186E-02,0.028899526302311816
 6.1208E-02,0.02743695139199074
 6.1230E-02,0.025411796454251227
 6.1252E-02,0.022912181306804405
 6.1274E-02,0.020047006470786527
 6.1295E-02,0.016941245928573878
 6.1317E-02,0.013730509367139179
 6.1339E-02,0.010555119363900484
 6.1361E-02,0.007553976532284838
 6.1383E-02,0.004858486320666336
 6.1405E-02,0.002586803170092031
 6.1427E-02,0.0008386271292200669
 6.1448E-02,-0.0003092259834445352
 6.1470E-02,-0.0008062724798772438
 6.1492E-02,-0.0006306445861434483
 6.1514E-02,0.0002099205362290496
 6.1536E-02,0.001678441468534909
 6.1558E-02,0.0037103730089261856
 6.1580E-02,0.006216503187633108
 6.1601E-02,0.009086914587042845
 6.1623E-02,0.012195829868956638
 6.1645E-02,0.015407140268380103
 6.1667E-02,0.01858038858795028
 6.1689E-02,0.021576943648169544
 6.1711E-02,0.024266075172513796
 6.1733E-02,0.026530638230869444
 6.1755E-02,0.028272113309921326
 6.1776E-02,0.029414805539388664
 6.1798E-02,0.029909058081286022
 6.1820E-02,0.029733368078323958
 6.1842E-02,0.028895318821634756
 6.1864E-02,0.027431277854145963
 6.1886E-02,0.025404863774343603
 6.1908E-02,0.022904240452214668
 6.1929E-02,0.020038342060837665
 6.1951E-02,0.01693217190318867
 6.1973E-02,0.013721366112709292
 6.1995E-02,0.010546265310150337
 6.2017E-02,0.007545771464664659
 6.2039E-02,0.00485126928184244
 6.2061E-02,0.002580869684237518
 6.2082E-02,0.0008342085160865391
 6.2104E-02,-0.0003119803249907293
 6.2126E-02,-0.0008073078080471083
 6.2148E-02,-0.0006300037634594075
 6.2170E-02,0.0002121088047874897
 6.2192E-02,0.0016819884496373978
 6.2214E-02,0.0037150599274306728
 6.2235E-02,0.006222099654849102
 6.2257E-02,0.009093174181884649
 6.2279E-02,0.012202466334345529
 6.2301E-02,0.015413804129317253
 6.2323E-02,0.018586669757876977
 6.2345E-02,0.021582413453036277
 6.2367E-02,0.02427035589119894
 6.2388E-02,0.0265334668439727
 6.2410E-02,0.028273366326967565
 6.2432E-02,0.029414475301342644
 6.2454E-02,0.029907200543299393
 6.2476E-02,0.029730056000806828
 6.2498E-02,0.028890624350142294
 6.2520E-02,0.027425285870860235
 6.2541E-02,0.025397700814659776
 6.2563E-02,0.02289610124318823
 6.2585E-02,0.020029500626046713
 6.2607E-02,0.016922969953829727
 6.2629E-02,0.013712179160367502
 6.2651E-02,0.010537457997330305
 6.2673E-02,0.007537661713482807
 6.2694E-02,0.004844116854156404
 6.2716E-02,0.0025748880133193417
 6.2738E-02,0.0008295807811293909
 6.2760E-02,-0.0003151039678977996
 6.2782E-02,-0.0008088398544942422
 6.2804E-02,-0.000629959715315504
 6.2826E-02,0.00021359010564332324
 6.2848E-02,0.0016846670420135987
 6.2869E-02,0.0037186539630220537
 6.2891E-02,0.006226347436554892
 6.2913E-02,0.00909785820975951
 6.2935E-02,0.012207382232991606
 6.2957E-02,0.015418697231195318
 6.2979E-02,0.01859119051250939
 6.3001E-02,0.02158613654529949
 6.3022E-02,0.024272866718744207
 6.3044E-02,0.026534470849407826
 6.3066E-02,0.028272758382620344
 6.3088E-02,0.02941233172995423
 6.3110E-02,0.02990370470573544
 6.3132E-02,0.029725403921359278
 6.3154E-02,0.028884958586309864
 6.3175E-02,0.027418681604262734
 6.3197E-02,0.025390201084370272
 6.3219E-02,0.022887781106910008
 6.3241E-02,0.020020529913707858
 6.3263E-02,0.01691364072793609
 6.3285E-02,0.013702876416939585
 6.3307E-02,0.010528582920110992
 6.3328E-02,0.007529548003631523
 6.3350E-02,0.004836986616497263
 6.3372E-02,0.0025688660589239473
 6.3394E-02,0.0008247442883862247
 6.3416E-02,-0.00031868753267577416
 6.3438E-02,-0.0008111208625305582
 6.3460E-02,-0.0006309548139175835
 6.3481E-02,0.00021375130102430084
 6.3503E-02,0.0016857425273225535
 6.3525E-02,0.003720348316417461
 6.3547E-02,0.006228393038349279
 6.3569E-02,0.009100060035995103
 6.3591E-02,0.01220959023175332
 6.3613E-02,0.015420724642308582
 6.3634E-02,0.018592743403697175
 6.3656E-02,0.021586820915690887
 6.3678E-02,0.024272287556656974
 6.3700E-02,0.02653236940874258
 6.3722E-02,0.02826910380909421
 6.3744E-02,0.02940731382290477
 6.3766E-02,0.029897638379606493
 6.3787E-02,0.02971860312986511
 6.3809E-02,0.02887764014566972
 6.3831E-02,0.027410930549428256
 6.3853E-02,0.02538200046252672
 6.3875E-02,0.02287909193501673
 6.3897E-02,0.020011389915810602
 6.3919E-02,0.016904232979263994
 6.3940E-02,0.013693523691880071
 6.3962E-02,0.010519663689209473
 6.3984E-02,0.007521382160706543
 6.4006E-02,0.004829760143310827
 6.4028E-02,0.0025626334554875335
 6.4050E-02,0.0008194886894848886
 6.4072E-02,-0.00032299680477260824
 6.4094E-02,-0.0008145232435387904
 6.4115E-02,-0.0006335445148916193
 6.4137E-02,0.00021177950688330285
 6.4159E-02,0.0016841051403239634
 6.4181E-02,0.003718753750888447
 6.4203E-02,0.006226638940994136
 6.4225E-02,0.009098068365302976
 6.4247E-02,0.01220733879767458
 6.4268E-02,0.015418113416773755
 6.4290E-02,0.018589496851583644
 6.4312E-02,0.021582518887037206
 6.4334E-02,0.024266531131309662
 6.4356E-02,0.026524985686715623
 6.4378E-02,0.02826025857322567
 6.4400E-02,0.029397462215689053
 6.4421E-02,0.029887349159148324
 6.4443E-02,0.029708359488685665
 6.4465E-02,0.028867709622969667
 6.4487E-02,0.0274013387116896
 6.4509E-02,0.02537259592968199
 6.4531E-02,0.022869672429602764
 6.4553E-02,0.020001844805244355
 6.4574E-02,0.016894638201751754
 6.4596E-02,0.013684131989590788
 6.4618E-02,0.010510789312565147
 6.4640E-02,0.0075132517342450965
 6.4662E-02,0.004822426985222974
 6.4684E-02,0.0025560028160558877
 6.4706E-02,0.0008134138841261675
 6.4727E-02,-0.00032864015208730873
 6.4749E-02,-0.0008198511194528797
 6.4771E-02,-0.000638748208777458
 6.4793E-02,0.00020637098240754268
 6.4815E-02,0.0016780714094826457
 6.4837E-02,0.003711739956747443
 6.4859E-02,0.006218520716340798
 6.4880E-02,0.009088988399860819
 6.4902E-02,0.012197554746227458
 6.4924E-02,0.01540773810998266
 6.4946E-02,0.018578315263101056
 6.4968E-02,0.02157004143271483
 6.4990E-02,0.02425228623666737
 6.5012E-02,0.02650887588577716
 6.5033E-02,0.02824274753729415
 6.5055E-02,0.029379472113059156
 6.5077E-02,0.029869935875296696
 6.5099E-02,0.0296923532770415
 6.5121E-02,0.028853489867705646
 6.5143E-02,0.027388805289743173
 6.5165E-02,0.025361308641642474
 6.5187E-02,0.022859092030648228
 6.5208E-02,0.01999158659419906
 6.5230E-02,0.016884626292473857
 6.5252E-02,0.013674566787258874
 6.5274E-02,0.010501942329840875
 6.5296E-02,0.007505221077428407
 6.5318E-02,0.004815019365381894
 6.5340E-02,0.002548812479658896
 6.5361E-02,0.0008060157329767058
 6.5383E-02,-0.0003365519872055667
 6.5405E-02,-0.0008284939897095051
 6.5427E-02,-0.0006484127068006771
 6.5449E-02,0.0001951946298448786
 6.5471E-02,0.0016647612389979406
 6.5493E-02,0.003695811347979468
 6.5514E-02,0.006199918827150392
 6.5536E-02,0.009068162733310306
 6.5558E-02,0.01217520322695444
 6.5580E-02,0.015384352057004206
 6.5602E-02,0.01855383982513316
 6.5624E-02,0.021543931229639678
 6.5646E-02,0.024223973864958486
 6.5667E-02,0.026478365263979
 6.5689E-02,0.028210938969439516
 6.5711E-02,0.0293480055465808
 6.5733E-02,0.029840652635387464
 6.5755E-02,0.02966668428490064
 6.5777E-02,0.02883205756929061
 6.5799E-02,0.02737135684884184
 6.5820E-02,0.025346945516541305
 6.5842E-02,0.0228466892024418
 6.5864E-02,0.019980245868463767
 6.5886E-02,0.016873963219904572
 6.5908E-02,0.01366467303768339
 6.5930E-02,0.010493043416508084
 6.5952E-02,0.007497258263587634
 6.5973E-02,0.004807444608098522
 6.5995E-02,0.0025407244831911363
 6.6000E-02,0.002120669651160553
