  0.000,0.0
  1.000,0.015889717445677028
  0.000,0.015889717445677028
 4.1670E-05,0.017511745891453767
 8.3340E-05,0.022464051862223985
 1.2501E-04,0.027015862566881654
 1.6668E-04,0.028159246786747895
 2.0835E-04,0.028224624567543915
 2.5002E-04,0.030248344251549535
 2.9169E-04,0.03294469301792874
 3.3336E-04,0.03332931166510963
 3.7503E-04,0.030911982164463295
 4.1670E-04,0.028249202636129667
 4.5837E-04,0.02746298012297159
 5.0004E-04,0.026676686182863993
 5.4171E-04,0.023456089008931286
 5.8338E-04,0.018485956943250493
 6.2505E-04,0.014510132538732803
 6.6672E-04,0.01266519206577747
 7.0839E-04,0.010722181761858757
 7.5006E-04,0.006950582968000365
 7.9173E-04,0.0028543341925803987
 8.3340E-04,0.0008752413412151435
 8.7507E-04,0.0011031853425426692
 9.1674E-04,0.0011279808651733917
 9.5841E-04,-8.286760111387149e-05
 1.0001E-03,-0.0006289290084921917
 1.0417E-03,0.0012748110096143413
 1.0834E-03,0.004756001202996789
 1.1251E-03,0.0074444161529362415
 1.1668E-03,0.00898914700207781
 1.2084E-03,0.01139013198961703
 1.2501E-03,0.015660638249546596
 1.2918E-03,0.02024793003771619
 1.3334E-03,0.023141368693574423
 1.3751E-03,0.024701351550202557
 1.4168E-03,0.026879237441550602
 1.4584E-03,0.029998787034911
 1.5001E-03,0.032231056512674675
 1.5418E-03,0.03223359671801152
 1.5835E-03,0.031057569598080273
 1.6251E-03,0.03049094886779687
 1.6668E-03,0.03031354526354932
 1.7085E-03,0.028774749542669453
 1.7501E-03,0.025330535945965543
 1.7918E-03,0.02153499894994319
 1.8335E-03,0.0188383528573647
 1.8751E-03,0.01657471251550261
 1.9168E-03,0.013250078013351312
 1.9585E-03,0.009008484893521311
 2.0002E-03,0.005564347265055879
 2.0418E-03,0.0038188639822431016
 2.0835E-03,0.0027039580691443042
 2.1252E-03,0.0010079410837235516
 2.1668E-03,-0.0006839078946246301
 2.2085E-03,-0.0008460361647083742
 2.2502E-03,0.0007427710180308918
 2.2919E-03,0.0026947769162874017
 2.3335E-03,0.004093742697998183
 2.3752E-03,0.005764626915955275
 2.4169E-03,0.008849970461113094
 2.4585E-03,0.012946735811774277
 2.5002E-03,0.016560729684523913
 2.5419E-03,0.01917095341968687
 2.5835E-03,0.021770022371448067
 2.6252E-03,0.025113130584779663
 2.6669E-03,0.028401677586555946
 2.7086E-03,0.03033623831872946
 2.7502E-03,0.030918430817520045
 2.7919E-03,0.03128751707716342
 2.8336E-03,0.03188937686082838
 2.8752E-03,0.031792668360660706
 2.9169E-03,0.030124003397297202
 2.9586E-03,0.027417120812708615
 3.0002E-03,0.02486094449625626
 3.0419E-03,0.022623353881936478
 3.0836E-03,0.019794178681802627
 3.1252E-03,0.015964157697041157
 3.1669E-03,0.012022582149943162
 3.2086E-03,0.009002664932960074
 3.2503E-03,0.006743940913611168
 3.2919E-03,0.00437399785640568
 3.3336E-03,0.00181822736798584
 3.3753E-03,4.3236061451186686e-05
 3.4169E-03,-0.0002913270376889621
 3.4586E-03,0.0002771363142398876
 3.5003E-03,0.000897517557972286
 3.5419E-03,0.0016842270726633672
 3.5836E-03,0.0034696627577186084
 3.6253E-03,0.006452588640320731
 3.6670E-03,0.009792929762331993
 3.7086E-03,0.012738389246058635
 3.7503E-03,0.015559927195889774
 3.7920E-03,0.018910684450818248
 3.8336E-03,0.022626217864691368
 3.8753E-03,0.02578247124119242
 3.9170E-03,0.02789821653765728
 3.9586E-03,0.02945740029862401
 4.0003E-03,0.030997147213565873
 4.0420E-03,0.03217884708464371
 4.0837E-03,0.03223613747195239
 4.1253E-03,0.031091622454730496
 4.1670E-03,0.02945261513883042
 4.2087E-03,0.02777342937317341
 4.2503E-03,0.02567178973478226
 4.2920E-03,0.022652880588265017
 4.3337E-03,0.019011651105124497
 4.3753E-03,0.015552482146962452
 4.4170E-03,0.012574120458651068
 4.4587E-03,0.009652028008689634
 4.5004E-03,0.00650771648296287
 4.5420E-03,0.0036228631539434414
 4.5837E-03,0.001681331926738999
 4.6254E-03,0.0007003514050814171
 4.6670E-03,0.00015079899859380536
 4.7087E-03,-0.00014994425268249868
 4.7504E-03,0.0002670186710379942
 4.7920E-03,0.0018010730790215276
 4.8337E-03,0.0041422229396318915
 4.8754E-03,0.006667346157506254
 4.9171E-03,0.009253161412840497
 4.9587E-03,0.012284744293439745
 5.0004E-03,0.015878705816524594
 5.0421E-03,0.01951315488679645
 5.0837E-03,0.02261446732753762
 5.1254E-03,0.02520408373213698
 5.1671E-03,0.027645426890119305
 5.2087E-03,0.029905793875202952
 5.2504E-03,0.031459894821270096
 5.2921E-03,0.03196676748052492
 5.3338E-03,0.03168874926005387
 5.3754E-03,0.031037122574694886
 5.4171E-03,0.02995346734492045
 5.4588E-03,0.028057260309645594
 5.5004E-03,0.02531288964791118
 5.5421E-03,0.022198253674079984
 5.5838E-03,0.01913323307553125
 5.6254E-03,0.016039232987605515
 5.6671E-03,0.01267570425247009
 5.7088E-03,0.009217099048055752
 5.7505E-03,0.006191638377206786
 5.7921E-03,0.0038844753468651443
 5.8338E-03,0.0021044243507762294
 5.8755E-03,0.0006426353539222304
 5.9171E-03,-0.0002902349238042062
 5.9588E-03,-0.0003054308560432055
 6.0005E-03,0.0006215400202362595
 6.0421E-03,0.002124322635623982
 6.0838E-03,0.003958678893432863
 6.1255E-03,0.0062747955558592906
 6.1672E-03,0.009253779608701627
 6.2088E-03,0.012676040322830151
 6.2505E-03,0.016075404052366495
 6.2922E-03,0.019239238684055075
 6.3338E-03,0.022305624310302783
 6.3755E-03,0.025333817242217994
 6.4172E-03,0.028015436803321945
 6.4588E-03,0.029962951098250527
 6.5005E-03,0.03113432407335954
 6.5422E-03,0.03176108509306801
 6.5839E-03,0.031908093740836294
 6.6255E-03,0.031338779972252685
 6.6672E-03,0.029879873378065285
 6.7089E-03,0.027724213632982254
 6.7505E-03,0.025218651617542005
 6.7922E-03,0.022466812368348618
 6.8339E-03,0.01934110834145814
 6.8755E-03,0.01586608030747957
 6.9172E-03,0.012380254182151215
 6.9589E-03,0.00923300671584949
 7.0006E-03,0.0064748392668544305
 7.0422E-03,0.003994406480755285
 7.0839E-03,0.0018745287857139005
 7.1256E-03,0.0004207429241216325
 7.1672E-03,-0.00017678621886850292
 7.2089E-03,-3.750448459287467e-05
 7.2506E-03,0.0006406277650059669
 7.2922E-03,0.0018775595793601389
 7.3339E-03,0.003828606617173075
 7.3756E-03,0.006459844083168711
 7.4173E-03,0.009477337590906047
 7.4589E-03,0.012613815559968369
 7.5006E-03,0.01584084871080394
 7.5423E-03,0.019199988556025723
 7.5839E-03,0.022525677470597437
 7.6256E-03,0.025486752423706262
 7.6673E-03,0.0278841416342102
 7.7090E-03,0.02976052556069914
 7.7506E-03,0.03117160781766675
 7.7923E-03,0.03197835741671567
 7.8340E-03,0.0319758130427631
 7.8756E-03,0.0311589831619796
 7.9173E-03,0.02972554282332008
 7.9590E-03,0.027819481692857355
 8.0006E-03,0.025405372224764033
 8.0423E-03,0.022453378356221316
 8.0840E-03,0.019143016224570944
 8.1256E-03,0.015773597296736924
 8.1673E-03,0.01251656636079748
 8.2090E-03,0.009375949148278367
 8.2507E-03,0.006400021944820815
 8.2923E-03,0.003810798002103404
 8.3340E-03,0.0018517744869360766
 8.3757E-03,0.000582021425948376
 8.4173E-03,-8.141999365206005e-05
 8.4590E-03,-0.00014946068950792279
 8.5007E-03,0.0004961800294005113
 8.5424E-03,0.0019209069162581562
 8.5840E-03,0.0039951323309481675
 8.6257E-03,0.006505041761355114
 8.6674E-03,0.009347093027900802
 8.7090E-03,0.01251891448846293
 8.7507E-03,0.015933452081512263
 8.7924E-03,0.01934758645929803
 8.8340E-03,0.022517424344015075
 8.8757E-03,0.025350593185924496
 8.9174E-03,0.02783715614629638
 8.9590E-03,0.029877988602524552
 9.0007E-03,0.031278457966959224
 9.0424E-03,0.031918625937037225
 9.0841E-03,0.031845214401837664
 9.1257E-03,0.031153808726119003
 9.1674E-03,0.029845921292089118
 9.2091E-03,0.027875488573654787
 9.2507E-03,0.02530730442282605
 9.2924E-03,0.02234309287508649
 9.3341E-03,0.019175001834075434
 9.3758E-03,0.015884142691689376
 9.4174E-03,0.012526310240056682
 9.4591E-03,0.009261963549527647
 9.5008E-03,0.006325653059439534
 9.5424E-03,0.0038764056269466837
 9.5841E-03,0.001947294898854058
 9.6258E-03,0.0005581591276491585
 9.6674E-03,-0.000188902185683507
 9.7091E-03,-0.0001787158050814594
 9.7508E-03,0.0005876888891676026
 9.7925E-03,0.0019965677840115188
 9.8341E-03,0.003948472628843539
 9.8758E-03,0.006417473867103715
 9.9175E-03,0.009360201404612785
 9.9591E-03,0.01262073437101396
 1.0001E-02,0.015980615541541295
 1.0042E-02,0.01928309757197883
 1.0084E-02,0.022452657070340658
 1.0126E-02,0.02539308047913647
 1.0167E-02,0.027929450071685475
 1.0209E-02,0.029888285492893348
 1.0251E-02,0.031199724002791064
 1.0292E-02,0.03187498244585178
 1.0334E-02,0.03190200060291102
 1.0376E-02,0.031221614856136216
 1.0417E-02,0.029819242689878803
 1.0459E-02,0.027791211495097667
 1.0501E-02,0.025285333765554873
 1.0543E-02,0.022404794622756588
 1.0584E-02,0.019214769283069217
 1.0626E-02,0.015831696529254754
 1.0668E-02,0.012451107836891958
 1.0709E-02,0.00926556992474086
 1.0751E-02,0.006389551411794266
 1.0793E-02,0.003893872870944643
 1.0834E-02,0.00188589408893617
 1.0876E-02,0.0005061768167562966
 1.0918E-02,-0.00015772543308203144
 1.0959E-02,-0.00011462250128742876
 1.1001E-02,0.0005893530741492928
 1.1043E-02,0.001938989123224441
 1.1084E-02,0.00392539702186173
 1.1126E-02,0.006470201100726346
 1.1168E-02,0.009417195653767833
 1.1209E-02,0.012607525014414514
 1.1251E-02,0.01593065865966665
 1.1293E-02,0.019283946091321797
 1.1334E-02,0.022512920478409373
 1.1376E-02,0.025431496596876373
 1.1418E-02,0.027898713673055124
 1.1459E-02,0.029844330823332033
 1.1501E-02,0.031214509093854616
 1.1543E-02,0.03192809023997534
 1.1584E-02,0.03191391004434466
 1.1626E-02,0.03117446713718955
 1.1668E-02,0.02978168738649202
 1.1709E-02,0.027813170462063476
 1.1751E-02,0.02532418294186583
 1.1793E-02,0.022392350463440503
 1.1834E-02,0.019160443384153483
 1.1876E-02,0.015806463202365832
 1.1918E-02,0.012480021648164426
 1.1959E-02,0.009292291475963041
 1.2001E-02,0.006363542195931056
 1.2043E-02,0.0038461427917160606
 1.2084E-02,0.0018805730993894146
 1.2126E-02,0.0005441027941205409
 1.2168E-02,-0.00013803036055574426
 1.2209E-02,-0.00014311194285668595
 1.2251E-02,0.0005580202206231064
 1.2293E-02,0.0019553874915851557
 1.2334E-02,0.003969523913524278
 1.2376E-02,0.006483258737063933
 1.2418E-02,0.009390231941178759
 1.2459E-02,0.01259284234007018
 1.2501E-02,0.015961320386629077
 1.2543E-02,0.019324464987392195
 1.2584E-02,0.0225139032104919
 1.2626E-02,0.025403413125645976
 1.2668E-02,0.027893919409415623
 1.2709E-02,0.029877053083016237
 1.2751E-02,0.03124041118526546
 1.2793E-02,0.03191216929811902
 1.2834E-02,0.031882418853352794
 1.2876E-02,0.03117367603306144
 1.2918E-02,0.02980809560468931
 1.2959E-02,0.02782046340945997
 1.3001E-02,0.0252941035686247
 1.3043E-02,0.022361465767437413
 1.3084E-02,0.019164173025185572
 1.3126E-02,0.015826646082020276
 1.3168E-02,0.012474237486320549
 1.3209E-02,0.00925850539220733
 1.3251E-02,0.006342379951941594
 1.3293E-02,0.0038593638241412815
 1.3334E-02,0.00189959113001025
 1.3376E-02,0.0005345667206382771
 1.3418E-02,-0.00016453655815345017
 1.3459E-02,-0.0001476308763482544
 1.3501E-02,0.0005828812473004792
 1.3543E-02,0.0019753443171701334
 1.3584E-02,0.0039609138660783895
 1.3626E-02,0.006467773095304728
 1.3668E-02,0.009400778350414592
 1.3709E-02,0.01262363412445903
 1.3751E-02,0.015977244371115418
 1.3793E-02,0.01931394927918026
 1.3834E-02,0.0225049700758276
 1.3876E-02,0.02542006038071662
 1.3918E-02,0.027919894898927534
 1.3959E-02,0.029880998292181427
 1.4001E-02,0.03122289809142268
 1.4043E-02,0.031903598780870304
 1.4084E-02,0.03189645517777712
 1.4126E-02,0.031187277851778838
 1.4168E-02,0.029797191939898722
 1.4209E-02,0.027796155212943957
 1.4251E-02,0.02528521845244254
 1.4293E-02,0.02237124094898991
 1.4334E-02,0.01916663604277041
 1.4376E-02,0.01580682151133812
 1.4418E-02,0.012450681848704319
 1.4459E-02,0.009255048209214318
 1.4501E-02,0.006352871420607829
 1.4543E-02,0.0038582639100927098
 1.4585E-02,0.0018811166198362808
 1.4626E-02,0.000521047620155705
 1.4668E-02,-0.00015660545879482492
 1.4710E-02,-0.00013186929315640058
 1.4751E-02,0.0005840488428586214
 1.4793E-02,0.0019643692761427333
 1.4835E-02,0.003960529733347469
 1.4876E-02,0.006486169631653072
 1.4918E-02,0.009419474895247863
 1.4960E-02,0.012625483574464708
 1.5001E-02,0.01597153374091221
 1.5043E-02,0.01932120194793225
 1.5085E-02,0.022525410827868637
 1.5126E-02,0.025433406609852376
 1.5168E-02,0.027915853879535886
 1.5210E-02,0.029873938976674026
 1.5251E-02,0.031229252251397072
 1.5293E-02,0.03191696351421002
 1.5335E-02,0.03189773065367551
 1.5376E-02,0.031173590126215997
 1.5418E-02,0.029785743411331514
 1.5460E-02,0.02779802661923899
 1.5501E-02,0.025289248283515288
 1.5543E-02,0.022361759799928275
 1.5585E-02,0.019147451510495662
 1.5626E-02,0.015795386381615643
 1.5668E-02,0.012452090129133175
 1.5710E-02,0.009255326712970274
 1.5751E-02,0.0063409478460915575
 1.5793E-02,0.003842876442953218
 1.5835E-02,0.0018775635327368144
 1.5876E-02,0.00052848946547705
 1.5918E-02,-0.00015313662248023175
 1.5960E-02,-0.00013853856462993925
 1.6001E-02,0.0005788548239399159
 1.6043E-02,0.0019720999476262086
 1.6085E-02,0.003975222461564294
 1.6126E-02,0.006493627151844044
 1.6168E-02,0.009418368698442259
 1.6210E-02,0.012628520290165124
 1.6251E-02,0.01598556804528077
 1.6293E-02,0.019336671266804367
 1.6335E-02,0.022530621243126093
 1.6376E-02,0.025431579502196783
 1.6418E-02,0.027919380265372638
 1.6460E-02,0.029885151556231292
 1.6501E-02,0.03123690987067111
 1.6543E-02,0.031913238827948595
 1.6585E-02,0.03188966077422074
 1.6626E-02,0.031172036112063938
 1.6668E-02,0.029789081199275914
 1.6710E-02,0.027795130419518494
 1.6751E-02,0.02527668895205015
 1.6793E-02,0.022349037748048417
 1.6835E-02,0.019142805390905085
 1.6876E-02,0.015793989468446915
 1.6918E-02,0.012444175740242872
 1.6960E-02,0.009241446826057364
 1.7001E-02,0.0063313270855542845
 1.7043E-02,0.0038423104336839696
 1.7085E-02,0.001878843051345416
 1.7126E-02,0.0005238764980610609
 1.7168E-02,-0.00016009085115500747
 1.7210E-02,-0.00013849022803946913
 1.7251E-02,0.00058696674743308
 1.7293E-02,0.0019796678726794366
 1.7335E-02,0.00397695248350566
 1.7376E-02,0.006495076578197416
 1.7418E-02,0.009426964076240663
 1.7460E-02,0.012641988812624367
 1.7501E-02,0.015995159973195745
 1.7543E-02,0.01933992960761306
 1.7585E-02,0.022534345378646965
 1.7626E-02,0.025440872872616278
 1.7668E-02,0.027929605423453772
 1.7710E-02,0.029888756695971196
 1.7751E-02,0.031234476866594536
 1.7793E-02,0.03191210834692204
 1.7835E-02,0.03189258647893367
 1.7876E-02,0.03117316019225552
 1.7918E-02,0.029783025923981563
 1.7960E-02,0.027785190752704043
 1.8001E-02,0.025269893367460047
 1.8043E-02,0.022345867877690676
 1.8085E-02,0.019137099215785554
 1.8126E-02,0.015782830538019422
 1.8168E-02,0.012432652384996072
 1.8210E-02,0.0092353135365491
 1.8251E-02,0.0063288911837005996
 1.8293E-02,0.0038376604288825806
 1.8335E-02,0.0018712187373205263
 1.8376E-02,0.0005189834590733303
 1.8418E-02,-0.00015854498191840535
 1.8460E-02,-0.00013411258490767617
 1.8501E-02,0.000588912831790353
 1.8543E-02,0.0019801096513549178
 1.8585E-02,0.003981267178451125
 1.8626E-02,0.006504663833622192
 1.8668E-02,0.009436930032074693
 1.8710E-02,0.01264822907532646
 1.8752E-02,0.015999993742617756
 1.8793E-02,0.0193479315696535
 1.8835E-02,0.022544924940616183
 1.8877E-02,0.025448816020284346
 1.8918E-02,0.02793254820322679
 1.8960E-02,0.029890220952000852
 1.9002E-02,0.031238080781266463
 1.9043E-02,0.03191589968941793
 1.9085E-02,0.031891984271495026
 1.9127E-02,0.031167842529128367
 1.9168E-02,0.029777337565575532
 1.9210E-02,0.027781661511121446
 1.9252E-02,0.025265772274750263
 1.9293E-02,0.02233774943249376
 1.9335E-02,0.01912645312692115
 1.9377E-02,0.015774122829632642
 1.9418E-02,0.01242708120790731
 1.9460E-02,0.009229635434671542
 1.9502E-02,0.006320905964640095
 1.9543E-02,0.0038299313561336507
 1.9585E-02,0.0018675102506275697
 1.9627E-02,0.0005189453643507783
 1.9668E-02,-0.00015847392086387854
 1.9710E-02,-0.00013513640770317464
 1.9752E-02,0.0005897188958638845
 1.9793E-02,0.0019852463478850103
 1.9835E-02,0.003988926834985797
 1.9877E-02,0.006511299202235998
 1.9918E-02,0.009442255088891035
 1.9960E-02,0.012655125134258535
 2.0002E-02,0.01600963484115689
 2.0043E-02,0.01935757872042095
 2.0085E-02,0.022551626915742997
 2.0127E-02,0.025453326898027546
 2.0168E-02,0.02793761877662191
 2.0210E-02,0.029896011573398246
 2.0252E-02,0.03124166374025404
 2.0293E-02,0.03191548438239673
 2.0335E-02,0.03188940819477104
 2.0377E-02,0.031165661440763374
 2.0418E-02,0.02977503905507753
 2.0460E-02,0.027776691398322114
 2.0502E-02,0.025257679852794368
 2.0543E-02,0.022329142587770783
 2.0585E-02,0.019119421638999587
 2.0627E-02,0.015767602081398973
 2.0668E-02,0.012419045224286511
 2.0710E-02,0.00922066720181385
 2.0752E-02,0.006313746607316702
 2.0793E-02,0.0038257873269888117
 2.0835E-02,0.0018647133275070662
 2.0877E-02,0.0005158726448285689
 2.0918E-02,-0.0001607268892651892
 2.0960E-02,-0.00013432160710602077
 2.1002E-02,0.0005936591564487827
 2.1043E-02,0.0019901011815334395
 2.1085E-02,0.0039934215969364435
 2.1127E-02,0.006516706021974935
 2.1168E-02,0.009450065179805579
 2.1210E-02,0.012664394614064848
 2.1252E-02,0.016017997198783974
 2.1293E-02,0.019364320455186396
 2.1335E-02,0.02255818896845986
 2.1377E-02,0.02546058297766826
 2.1418E-02,0.02794412045320629
 2.1460E-02,0.029899815619549214
 2.1502E-02,0.031242916138455604
 2.1543E-02,0.03191588634105192
 2.1585E-02,0.03188947033651996
 2.1627E-02,0.031163929795654584
 2.1668E-02,0.029770391356692884
 2.1710E-02,0.027770169540118166
 2.1752E-02,0.0252511251510258
 2.1793E-02,0.022322764648728958
 2.1835E-02,0.019111954451773935
 2.1877E-02,0.01575871356905186
 2.1918E-02,0.01241030743001578
 2.1960E-02,0.009213661789879627
 2.2002E-02,0.006308203907017095
 2.2043E-02,0.003820514399501773
 2.2085E-02,0.0018598165423850412
 2.2127E-02,0.0005128984173470425
 2.2168E-02,-0.0001608926280263996
 2.2210E-02,-0.00013260166914066943
 2.2252E-02,0.0005960140791125591
 2.2293E-02,0.001993328887367387
 2.2335E-02,0.0039986817982221
 2.2377E-02,0.006524057198744716
 2.2418E-02,0.009458061649652318
 2.2460E-02,0.012671871511573108
 2.2502E-02,0.016025329001390573
 2.2543E-02,0.01937230944217997
 2.2585E-02,0.022566339062740318
 2.2627E-02,0.02546738071142951
 2.2668E-02,0.027948863600312818
 2.2710E-02,0.02990322741777095
 2.2752E-02,0.03124568126514102
 2.2793E-02,0.03191737753476425
 2.2835E-02,0.0318885758041937
 2.2877E-02,0.031160684684774485
 2.2919E-02,0.02976594927649941
 2.2960E-02,0.027765206241143845
 2.3002E-02,0.025245104411967832
 2.3044E-02,0.02231512564154015
 2.3085E-02,0.01910336934901332
 2.3127E-02,0.015750515309771115
 2.3169E-02,0.012402980606438874
 2.3210E-02,0.00920665900584173
 2.3252E-02,0.00630129715044943
 2.3294E-02,0.003814592876701934
 2.3335E-02,0.0018559370393175577
 2.3377E-02,0.0005110426075767332
 2.3419E-02,-0.00016150527909084412
 2.3460E-02,-0.00013217231934153215
 2.3502E-02,0.0005981931140266694
 2.3544E-02,0.0019977291787556585
 2.3585E-02,0.004004676443779234
 2.3627E-02,0.006530626932897613
 2.3669E-02,0.009464978874312958
 2.3710E-02,0.012679595004924023
 2.3752E-02,0.01603382442460051
 2.3794E-02,0.019380611463935677
 2.3835E-02,0.022573509115482553
 2.3877E-02,0.02547340855019799
 2.3919E-02,0.02795418802771573
 2.3960E-02,0.029907655413393335
 2.4002E-02,0.031248358648114902
 2.4044E-02,0.03191783727892361
 2.4085E-02,0.031887272972200675
 2.4127E-02,0.031158240086957112
 2.4169E-02,0.02976227578544403
 2.4210E-02,0.027759825872437756
 2.4252E-02,0.025238137274047563
 2.4294E-02,0.022307439282065984
 2.4335E-02,0.019095676854814503
 2.4377E-02,0.015742785567678497
 2.4419E-02,0.012395011546525201
 2.4460E-02,0.009198898462587438
 2.4502E-02,0.006294655091353707
 2.4544E-02,0.003809535482212728
 2.4585E-02,0.0018522171904964391
 2.4627E-02,0.0005084306660198175
 2.4669E-02,-0.0001626275053519243
 2.4710E-02,-0.00013124759849410402
 2.4752E-02,0.0006011074364422458
 2.4794E-02,0.0020020049907576863
 2.4835E-02,0.0040099040300283235
 2.4877E-02,0.00653695597430893
 2.4919E-02,0.009472527608833818
 2.4960E-02,0.012687853804446434
 2.5002E-02,0.01604196342295469
 2.5044E-02,0.019388225916315137
 2.5085E-02,0.02258069731860731
 2.5127E-02,0.02548010859894707
 2.5169E-02,0.027959809588730445
 2.5210E-02,0.02991156848102025
 2.5252E-02,0.03125049964548887
 2.5294E-02,0.03191853666586655
 2.5335E-02,0.03188659712900941
 2.5377E-02,0.031155853773895417
 2.5419E-02,0.029758016704751117
 2.5460E-02,0.027754106847357095
 2.5502E-02,0.025231572820845143
 2.5544E-02,0.022300268267551413
 2.5585E-02,0.01908783587021731
 2.5627E-02,0.01573448451014385
 2.5669E-02,0.012386914863067358
 2.5710E-02,0.009191631964253655
 2.5752E-02,0.006288373938013627
 2.5794E-02,0.00380417441982971
 2.5835E-02,0.0018480072710981561
 2.5877E-02,0.000505884624058075
 2.5919E-02,-0.0001632376619608313
 2.5960E-02,-0.0001301364711181203
 2.6002E-02,0.0006036207650825872
 2.6044E-02,0.0020059152692884705
 2.6085E-02,0.0040153516343619695
 2.6127E-02,0.006543748690245217
 2.6169E-02,0.009480087585068762
 2.6210E-02,0.012695671427056994
 2.6252E-02,0.016049883296550705
 2.6294E-02,0.019396163574739896
 2.6335E-02,0.02258824948434665
 2.6377E-02,0.025486665333808424
 2.6419E-02,0.027965007138052535
 2.6460E-02,0.029915415302837547
 2.6502E-02,0.031253014874896616
 2.6544E-02,0.03191947149526014
 2.6585E-02,0.031885664186234536
 2.6627E-02,0.031153112028352838
 2.6669E-02,0.02975383315885283
 2.6710E-02,0.027748762985897797
 2.6752E-02,0.025225108555932796
 2.6794E-02,0.022292777925569208
 2.6835E-02,0.019079744309234037
 2.6877E-02,0.01572637315990677
 2.6919E-02,0.012379151511513142
 2.6960E-02,0.009184341663504986
 2.7002E-02,0.006281761160679977
 2.7044E-02,0.0037986823023970595
 2.7085E-02,0.0018440608611661954
 2.7127E-02,0.0005035963018100245
 2.7169E-02,-0.00016397481450324632
 2.7211E-02,-0.0001293299973489502
 2.7252E-02,0.0006061173640021992
 2.7294E-02,0.002010117763168491
 2.7336E-02,0.004020959074436877
 2.7377E-02,0.006550338169326913
 2.7419E-02,0.009487399017518942
 2.7461E-02,0.012703569822039023
 2.7502E-02,0.01605808328076818
 2.7544E-02,0.01940415582868047
 2.7586E-02,0.022595555041415777
 2.7627E-02,0.025493050064990995
 2.7669E-02,0.027970358715404375
 2.7711E-02,0.029919497189181656
 2.7752E-02,0.03125548688333707
 2.7794E-02,0.03192015251120195
 2.7836E-02,0.03188464722177727
 2.7877E-02,0.03115057054377414
 2.7919E-02,0.02974982004152369
 2.7961E-02,0.027743300521226446
 2.8002E-02,0.025218418528660785
 2.8044E-02,0.022285291996593494
 2.8086E-02,0.01907187108765355
 2.8127E-02,0.015718359732290976
 2.8169E-02,0.012371222860820997
 2.8211E-02,0.009176878914053815
 2.8252E-02,0.006275228769117264
 2.8294E-02,0.003793398913044691
 2.8336E-02,0.001840140294428084
 2.8377E-02,0.0005011231728397842
 2.8419E-02,-0.0001648193237053084
 2.8461E-02,-0.00012838946192900532
 2.8502E-02,0.0006087881852007899
 2.8544E-02,0.002014279554172145
 2.8586E-02,0.004026384055613976
 2.8627E-02,0.006556885156779115
 2.8669E-02,0.009494870839506198
 2.8711E-02,0.012711588192757098
 2.8752E-02,0.01606618610844174
 2.8794E-02,0.019411985630280293
 2.8836E-02,0.0226028762161188
 2.8877E-02,0.025499596851797576
 2.8919E-02,0.027975768143214463
 2.8961E-02,0.029923444907933656
 2.9002E-02,0.03125783421242593
 2.9044E-02,0.03192089891506451
 2.9086E-02,0.031883776088054164
 2.9127E-02,0.031148028823916735
 2.9169E-02,0.029745660000580276
 2.9211E-02,0.027737763815941417
 2.9252E-02,0.025211831541364395
 2.9294E-02,0.022277923593888298
 2.9336E-02,0.019063951610133044
 2.9377E-02,0.01571020955587234
 2.9419E-02,0.012363274454337192
 2.9461E-02,0.009169540901384488
 2.9502E-02,0.006268777601770512
 2.9544E-02,0.003788037041642112
 2.9586E-02,0.0018361081820575014
 2.9627E-02,0.0004986780873823381
 2.9669E-02,-0.0001655368897294856
 2.9711E-02,-0.00012741001680729528
 2.9752E-02,0.0006113599592601639
 2.9794E-02,0.0020183614587766558
 2.9836E-02,0.004031871370046472
 2.9877E-02,0.006563542919433559
 2.9919E-02,0.009502337888295971
 2.9961E-02,0.01271949902774077
 3.0002E-02,0.016074243547849643
 3.0044E-02,0.01941989803202134
 3.0086E-02,0.0226102793523198
 3.0127E-02,0.02550610016535694
 3.0169E-02,0.027981074234845606
 3.0211E-02,0.02992738151263048
 3.0252E-02,0.03126027125939526
 3.0294E-02,0.03192169283212343
 3.0336E-02,0.03188283456604648
 3.0377E-02,0.031145401868962
 3.0419E-02,0.02974152217875365
 3.0461E-02,0.02773231502084407
 3.0502E-02,0.025205260145106195
 3.0544E-02,0.0222704737817451
 3.0586E-02,0.019055975861525274
 3.0627E-02,0.015702110150650813
 3.0669E-02,0.012355404471593466
 3.0711E-02,0.009162191960721721
 3.0752E-02,0.006262247437940505
 3.0794E-02,0.0037826514961227047
 3.0836E-02,0.0018321456964268722
 3.0877E-02,0.0004962943048171103
 3.0919E-02,-0.0001662868905423177
 3.0961E-02,-0.0001264992167339348
 3.1002E-02,0.0006139367978663931
 3.1044E-02,0.00202251849128903
 3.1086E-02,0.004037395309194577
 3.1127E-02,0.006570150309901213
 3.1169E-02,0.009509749406012702
 3.1211E-02,0.012727434882357816
 3.1252E-02,0.016082367875672902
 3.1294E-02,0.01942781775257812
 3.1336E-02,0.02261761966717027
 3.1378E-02,0.025512563939378053
 3.1419E-02,0.027986418737936603
 3.1461E-02,0.029931370023547486
 3.1503E-02,0.03126269043871442
 3.1544E-02,0.03192242238811898
 3.1586E-02,0.03188187409394768
 3.1628E-02,0.031142822510670663
 3.1669E-02,0.02973741971937458
 3.1711E-02,0.027726831881493136
 3.1753E-02,0.025198634051025584
 3.1794E-02,0.02226302813705879
 3.1836E-02,0.019048053008187567
 3.1878E-02,0.01569403092970247
 3.1919E-02,0.012347493188640583
 3.1961E-02,0.009154805433016062
 3.2003E-02,0.006255742164881688
 3.2044E-02,0.003777317968072992
 3.2086E-02,0.0018281884188609307
 3.2128E-02,0.0004938677381842555
 3.2169E-02,-0.000167056852198736
 3.2211E-02,-0.00012555092973652468
 3.2253E-02,0.0006165561981477596
 3.2294E-02,0.0020266644260193614
 3.2336E-02,0.004042877086735801
 3.2378E-02,0.006576752034117644
 3.2419E-02,0.009517201926201677
 3.2461E-02,0.012735397695178518
 3.2503E-02,0.01609046631409683
 3.2544E-02,0.019435699057436466
 3.2586E-02,0.022624965710384193
 3.2628E-02,0.02551906536128205
 3.2669E-02,0.027991772149544993
 3.2711E-02,0.02993532195410482
 3.2753E-02,0.03126507858896639
 3.2794E-02,0.03192316707298955
 3.2836E-02,0.03188094492200373
 3.2878E-02,0.03114023737548705
 3.2919E-02,0.02973327853548935
 3.2961E-02,0.02772133083936527
 3.3003E-02,0.02519203252616406
 3.3044E-02,0.022255607885854626
 3.3086E-02,0.019040115827358615
 3.3128E-02,0.01568591888892833
 3.3169E-02,0.012339579997152354
 3.3211E-02,0.0091474508210931
 3.3253E-02,0.006249256139777896
 3.3294E-02,0.0037719660188591793
 3.3336E-02,0.0018242080697925664
 3.3378E-02,0.0004914532270753854
 3.3419E-02,-0.0001677928710186879
 3.3461E-02,-0.0001245918906668433
 3.3503E-02,0.0006191542434111582
 3.3544E-02,0.002030796034723125
 3.3586E-02,0.004048378532257868
 3.3628E-02,0.006583382011891143
 3.3669E-02,0.009524652768156727
 3.3711E-02,0.012743334983231294
 3.3753E-02,0.016098555487787727
 3.3794E-02,0.019443600500057036
 3.3836E-02,0.022632328742919892
 3.3878E-02,0.025525552596442666
 3.3919E-02,0.02799709864100445
 3.3961E-02,0.02993927031247485
 3.4003E-02,0.03126748591271857
 3.4044E-02,0.03192391864009709
 3.4086E-02,0.031879994585863214
 3.4128E-02,0.031137629770566527
 3.4169E-02,0.029729141736710055
 3.4211E-02,0.027715848701207794
 3.4253E-02,0.025185431540897855
 3.4294E-02,0.022248166388147854
 3.4336E-02,0.019032165992442097
 3.4378E-02,0.01567782059756384
 3.4419E-02,0.012331686020628237
 3.4461E-02,0.00914009366442066
 3.4503E-02,0.00624275305720653
 3.4544E-02,0.003766612171562579
 3.4586E-02,0.0018202478979197957
 3.4628E-02,0.0004890552961863311
 3.4669E-02,-0.00016853508844529323
 3.4711E-02,-0.0001236463643026953
 3.4753E-02,0.0006217571591954981
 3.4794E-02,0.0020349479362312874
 3.4836E-02,0.004053889214052386
 3.4878E-02,0.006590000315953383
 3.4919E-02,0.009532091917307795
 3.4961E-02,0.01275127997015153
 3.5003E-02,0.01610666064515215
 3.5044E-02,0.01945150203395843
 3.5086E-02,0.022639675193947793
 3.5128E-02,0.02553202960985835
 3.5169E-02,0.02800243297783471
 3.5211E-02,0.02994322792729567
 3.5253E-02,0.031269884875505374
 3.5294E-02,0.03192465161529341
 3.5336E-02,0.03187903762355114
 3.5378E-02,0.03113503110924451
 3.5419E-02,0.029725009904275814
 3.5461E-02,0.027710355050102536
 3.5503E-02,0.025178815794936294
 3.5545E-02,0.022240725440177907
 3.5586E-02,0.019024228141589695
 3.5628E-02,0.015669726019241173
 3.5670E-02,0.012323781957269188
 3.5711E-02,0.00913272910771255
 3.5753E-02,0.006236258432192086
 3.5795E-02,0.003761272862149684
 3.5836E-02,0.0018162908093447806
 3.5878E-02,0.00048664994967017455
 3.5920E-02,-0.0001692779749490525
 3.5961E-02,-0.00012268769329905273
 3.6003E-02,0.0006243734351513391
 3.6045E-02,0.002039099790033758
 3.6086E-02,0.0040593927970329225
 3.6128E-02,0.006596620361161909
 3.6170E-02,0.009539542748388582
 3.6211E-02,0.012759231482133829
 3.6253E-02,0.016114758816478378
 3.6295E-02,0.019459393732623325
 3.6336E-02,0.02264702220195035
 3.6378E-02,0.02553851366521211
 3.6420E-02,0.028007766341539134
 3.6461E-02,0.02994717367098975
 3.6503E-02,0.031272273951661045
 3.6545E-02,0.03192538577744012
 3.6586E-02,0.03187808496064041
 3.6628E-02,0.031132427536923666
 3.6670E-02,0.02972086609597519
 3.6711E-02,0.027704855563230227
 3.6753E-02,0.025172204750463674
 3.6795E-02,0.022233289212494498
 3.6836E-02,0.01901628593519919
 3.6878E-02,0.015661623983307026
 3.6920E-02,0.012315879014384318
 3.6961E-02,0.009125373977659033
 3.7003E-02,0.006229769999190746
 3.7045E-02,0.0037559311352529413
 3.7086E-02,0.00181233112687897
 3.7128E-02,0.0004842508320399611
 3.7170E-02,-0.00017000994721148627
 3.7211E-02,-0.0001217243835787868
 3.7253E-02,0.0006269866009366812
 3.7295E-02,0.0020432504862973114
 3.7336E-02,0.004064903067011899
 3.7378E-02,0.0066032482398548295
 3.7420E-02,0.009546993589975739
 3.7461E-02,0.012767177335800803
 3.7503E-02,0.01612285528999604
 3.7545E-02,0.01946729008377987
 3.7586E-02,0.022654371937235823
 3.7628E-02,0.025544992251100795
 3.7670E-02,0.02801309112127119
 3.7711E-02,0.029951116313797994
 3.7753E-02,0.03127466474731162
 3.7795E-02,0.03192611808547309
 3.7836E-02,0.0318771238152621
 3.7878E-02,0.031129815809828418
 3.7920E-02,0.0297167209600028
 3.7961E-02,0.027699358142135158
 3.8003E-02,0.025165591455072054
 3.8045E-02,0.02222584627856154
 3.8086E-02,0.019008340120582758
 3.8128E-02,0.015653525260185173
 3.8170E-02,0.012307980869288741
 3.8211E-02,0.009118018876085161
 3.8253E-02,0.006223279107659166
 3.8295E-02,0.003750591541797549
 3.8336E-02,0.001808379205834767
 3.8378E-02,0.000481858571166079
 3.8420E-02,-0.00017074028290908934
 3.8461E-02,-0.00012076061085521247
 3.8503E-02,0.0006296049081505983
 3.8545E-02,0.0020474095724151886
 3.8586E-02,0.004070418288482692
 3.8628E-02,0.006609875485947025
 3.8670E-02,0.009554443361044733
 3.8711E-02,0.012775125980683786
 3.8753E-02,0.016130955361588435
 3.8795E-02,0.019475185226164125
 3.8836E-02,0.022661716048502378
 3.8878E-02,0.025551466579523948
 3.8920E-02,0.028018415558710864
 3.8961E-02,0.02995505833085322
 3.9003E-02,0.03127705037256092
 3.9045E-02,0.03192684293114933
 3.9086E-02,0.031876158327945193
 3.9128E-02,0.031127203480867827
 3.9170E-02,0.029712574272068325
 3.9211E-02,0.02769385565849579
 3.9253E-02,0.02515897315155827
 3.9295E-02,0.02221840275114374
 3.9336E-02,0.019000396884692808
 3.9378E-02,0.01564542756943516
 3.9420E-02,0.012300081207164339
 3.9461E-02,0.009110663764524022
 3.9503E-02,0.006216792509980017
 3.9545E-02,0.0037452577950193343
 3.9586E-02,0.0018044304759918743
 3.9628E-02,0.0004794672819961917
 3.9670E-02,-0.00017146783847218298
 3.9712E-02,-0.0001197910252636232
 3.9753E-02,0.0006322284818556708
 3.9795E-02,0.002051570272116246
 3.9837E-02,0.00407593330959569
 3.9878E-02,0.006616504514791401
 3.9920E-02,0.009561896864388231
 3.9962E-02,0.012783076547994028
 4.0003E-02,0.016139053704286685
 4.0045E-02,0.019483077655815195
 4.0087E-02,0.022669059427391502
 4.0128E-02,0.025557940936356275
 4.0170E-02,0.02802373736487709
 4.0212E-02,0.02995899473311064
 4.0253E-02,0.031279430755671314
 4.0295E-02,0.03192756506039508
 4.0337E-02,0.03187519069018083
 4.0378E-02,0.031124586823393363
 4.0420E-02,0.029708421927962077
 4.0462E-02,0.02768834947965224
 4.0503E-02,0.025152354054126212
 4.0545E-02,0.022210958775414055
 4.0587E-02,0.01899245157639305
 4.0628E-02,0.01563732783383136
 4.0670E-02,0.012292182287239536
 4.0712E-02,0.009103311923573932
 4.0753E-02,0.006210308905847544
 4.0795E-02,0.0037399256195155264
 4.0837E-02,0.0018004839500140298
 4.0878E-02,0.0004770807532335172
 4.0920E-02,-0.00017218934715334275
 4.0962E-02,-0.00011881679905104797
 4.1003E-02,0.0006348549785360524
 4.1045E-02,0.00205573433459887
 4.1087E-02,0.004081453118197806
 4.1128E-02,0.0066231377758857
 4.1170E-02,0.00956935182567534
 4.1212E-02,0.012791026428897198
 4.1253E-02,0.016147151554514967
 4.1295E-02,0.019490970295670634
 4.1337E-02,0.022676401797140013
 4.1378E-02,0.025564411824435963
 4.1420E-02,0.028029054713443115
 4.1462E-02,0.02996292778833907
 4.1503E-02,0.03128180866508168
 4.1545E-02,0.0319282836402027
 4.1587E-02,0.03187421795263449
 4.1628E-02,0.031121965423059065
 4.1670E-02,0.02970426682041712
 4.1712E-02,0.027682841695577273
 4.1753E-02,0.025145732784458183
 4.1795E-02,0.02220351223322314
 4.1837E-02,0.018984505205483646
 4.1878E-02,0.015629229363991592
 4.1920E-02,0.012284285543610367
 4.1962E-02,0.00909596165475283
 4.2003E-02,0.006203826813525552
 4.2045E-02,0.0037345964632530065
 4.2087E-02,0.0017965419767883072
 4.2128E-02,0.00047469857768168066
 4.2170E-02,-0.000172907811159798
 4.2212E-02,-0.00011783995933045121
 4.2253E-02,0.0006374848920522679
 4.2295E-02,0.00205990214567832
 4.2337E-02,0.00408697544562853
 4.2378E-02,0.006629771961545375
 4.2420E-02,0.009576807409679523
 4.2462E-02,0.012798977542173311
 4.2503E-02,0.016155250340318162
 4.2545E-02,0.0194988621532162
 4.2587E-02,0.022683741775764675
 4.2628E-02,0.025570880092025426
 4.2670E-02,0.02803436978229323
 4.2712E-02,0.029966857949264788
 4.2753E-02,0.03128418225910593
 4.2795E-02,0.031928997284422694
 4.2837E-02,0.03187324109692617
 4.2878E-02,0.031119340895501803
 4.2920E-02,0.02970010851403884
 4.2962E-02,0.027677330195565876
 4.3003E-02,0.025139108305079143
 4.3045E-02,0.022196064086226264
 4.3087E-02,0.01897655851536675
 4.3128E-02,0.015621130756289176
 4.3170E-02,0.012276388700887878
 4.3212E-02,0.009088612364485231
 4.3253E-02,0.006197347405076662
 4.3295E-02,0.0037292709297959232
 4.3337E-02,0.0017926034760944595
 4.3378E-02,0.0004723197858945223
 4.3420E-02,-0.00017362208885167906
 4.3462E-02,-0.00011685798623076404
 4.3503E-02,0.0006401198334810879
 4.3545E-02,0.00206407393022789
 4.3587E-02,0.004092500904665279
 4.3628E-02,0.006636409084618892
 4.3670E-02,0.009584265503144044
 4.3712E-02,0.012806929757423775
 4.3754E-02,0.01616334847061091
 4.3795E-02,0.01950675239681068
 4.3837E-02,0.022691080013571147
 4.3879E-02,0.025577346286400522
 4.3920E-02,0.02803968174548619
 4.3962E-02,0.02997078404386747
 4.4004E-02,0.03128655173175867
 4.4045E-02,0.031929707304717364
 4.4087E-02,0.03187226071254019
 4.4129E-02,0.03111671245201832
 4.4170E-02,0.029695946329109758
 4.4212E-02,0.027671815784051562
 4.4254E-02,0.025132482145599346
 4.4295E-02,0.022188614908653145
 4.4337E-02,0.018968611056574866
 4.4379E-02,0.015613032112064778
 4.4420E-02,0.01226849317925766
 4.4462E-02,0.00908126554844467
 4.4504E-02,0.006190870807386943
 4.4545E-02,0.0037239481905703155
 4.4587E-02,0.001788668178270408
 4.4629E-02,0.00046994491918855657
 4.4670E-02,-0.0001743322436692571
 4.4712E-02,-0.00011587252227105136
 4.4754E-02,0.0006427574887954726
 4.4795E-02,0.002068248183256781
 4.4837E-02,0.004098028851797466
 4.4879E-02,0.0066430482633940725
 4.4920E-02,0.00959172471368017
 4.4962E-02,0.0128148822995191
 4.5004E-02,0.01617144661201581
 4.5045E-02,0.019514642304021296
 4.5087E-02,0.02269841698812271
 4.5129E-02,0.025583809987679243
 4.5170E-02,0.02804499041784744
 4.5212E-02,0.02997470665478556
 4.5254E-02,0.03128891759338794
 4.5295E-02,0.03193041329128585
 4.5337E-02,0.03187127594897464
 4.5379E-02,0.0311140798768871
 4.5420E-02,0.029691780712549944
 4.5462E-02,0.027666298503915086
 4.5504E-02,0.02512585338075565
 4.5545E-02,0.02218116356193059
 4.5587E-02,0.01896066238889026
 4.5629E-02,0.015604933412265534
 4.5670E-02,0.012260598413385379
 4.5712E-02,0.009073919991753648
 4.5754E-02,0.006184396160581172
 4.5795E-02,0.003718628429188967
 4.5837E-02,0.0017847367504194988
 4.5879E-02,0.0004675742655667343
 4.5920E-02,-0.00017503816444595411
 4.5962E-02,-0.00011488264444939455
 4.6004E-02,0.0006453998661923937
 4.6045E-02,0.002072427060389942
 4.6087E-02,0.004103560641086008
 4.6129E-02,0.006649690182920765
 4.6170E-02,0.009599185724545817
 4.6212E-02,0.012822835838505527
 4.6254E-02,0.016179544744831995
 4.6295E-02,0.019522530991757433
 4.6337E-02,0.022705751755006588
 4.6379E-02,0.02559027098397562
 4.6420E-02,0.028050296117095846
 4.6462E-02,0.029978625865391028
 4.6504E-02,0.03129127952215637
 4.6545E-02,0.03193111510666687
 4.6587E-02,0.031870287227544286
 4.6629E-02,0.031111443727252608
 4.6670E-02,0.02968761181196209
 4.6712E-02,0.027660778286129395
 4.6754E-02,0.025119222379905545
 4.6795E-02,0.022173710989475064
 4.6837E-02,0.018952713451344118
 4.6879E-02,0.015596835162381903
 4.6920E-02,0.01225270478086175
 4.6962E-02,0.009066576410683706
 4.7004E-02,0.006177924321298587
 4.7045E-02,0.0037133119799682224
 4.7087E-02,0.0017808087920753348
 4.7129E-02,0.0004652071564531443
 4.7170E-02,-0.00017574043351486135
 4.7212E-02,-0.00011388919122270009
 4.7254E-02,0.0006480453664562017
 4.7295E-02,0.0020766084083975577
 4.7337E-02,0.0041090944024199764
 4.7379E-02,0.006656333795926025
 4.7420E-02,0.009606648088640821
 4.7462E-02,0.01283079010827475
 4.7504E-02,0.01618764282522535
 4.7545E-02,0.019530418920348312
 4.7587E-02,0.022713085132314598
 4.7629E-02,0.02559672985167082
 4.7670E-02,0.028055598829345486
 4.7712E-02,0.02998254138293254
 4.7754E-02,0.03129363743899299
 4.7795E-02,0.031931812890395365
 4.7837E-02,0.03186929450489866
 4.7879E-02,0.03110880361197588
 4.7920E-02,0.029683439180227346
 4.7962E-02,0.027655254881077982
 4.8004E-02,0.02511258889056999
 4.8046E-02,0.022166256582341306
 4.8087E-02,0.018944763313547316
 4.8129E-02,0.015588736494416923
 4.8171E-02,0.012244811677693767
 4.8212E-02,0.009059234287264517
 4.8254E-02,0.00617145470666677
 4.8296E-02,0.0037079984176475833
 4.8337E-02,0.0017768843821334619
 4.8379E-02,0.0004628442032434759
 4.8421E-02,-0.00017643815102608065
 4.8462E-02,-0.00011289105594140673
 4.8504E-02,0.0006506954980049971
 4.8546E-02,0.0020807941870679093
 4.8587E-02,0.00411463211840236
 4.8629E-02,0.006662980497128601
 4.8671E-02,0.009614112390238131
 4.8712E-02,0.012838745149788267
 4.8754E-02,0.016195740668688483
 4.8796E-02,0.01953830572362813
 4.8837E-02,0.02272041653716744
 4.8879E-02,0.025603186001187075
 4.8921E-02,0.028060898307720804
 4.8962E-02,0.029986453374664827
 4.9004E-02,0.03129599161276308
 4.9046E-02,0.03193250671873013
 4.9087E-02,0.0318682977519107
 4.9129E-02,0.031106159692251292
 4.9171E-02,0.029679263244454353
 4.9212E-02,0.027649728777224408
 4.9254E-02,0.025105953331737547
 4.9296E-02,0.022158800840195884
 4.9337E-02,0.01893681274491273
 4.9379E-02,0.01558063836560893
 4.9421E-02,0.01223691997093603
 4.9462E-02,0.009051894242268326
 4.9504E-02,0.006164987749642848
 4.9546E-02,0.0037026880369294534
 4.9587E-02,0.0017729635439875976
 4.9629E-02,0.00046048496384592597
 4.9671E-02,-0.00017713226978652904
 4.9712E-02,-0.00011188959981493269
 4.9754E-02,0.0006533485878373396
 4.9796E-02,0.0020849824879966223
 4.9837E-02,0.004120171864623914
 4.9879E-02,0.006669628752424934
 4.9921E-02,0.00962157783013817
 4.9962E-02,0.012846700898094438
 5.0004E-02,0.016203838635668814
 5.0046E-02,0.019546191881729652
 5.0087E-02,0.02272774645880721
 5.0129E-02,0.0256096398923444
 5.0171E-02,0.02806619484515568
 5.0212E-02,0.02999036182477589
 5.0254E-02,0.031298341794327555
 5.0296E-02,0.03193319636413782
 5.0337E-02,0.03186729689066443
 5.0379E-02,0.031103511885613083
 5.0421E-02,0.0296750836995005
 5.0462E-02,0.02764419944410111
 5.0504E-02,0.02509931511572287
 5.0546E-02,0.02215134318491512
 5.0587E-02,0.01892886105436764
 5.0629E-02,0.015572539876445976
 5.0671E-02,0.012229028685357617
 5.0712E-02,0.009044555490016927
 5.0754E-02,0.006158522995782269
 5.0796E-02,0.003697380660668381
 5.0837E-02,0.001769046319125423
 5.0879E-02,0.00045812980902654567
 5.0921E-02,-0.00017782189506133342
 5.0962E-02,-0.00011088335154256359
 5.1004E-02,0.0006560065156063501
 5.1046E-02,0.002089175331846247
 5.1087E-02,0.00412571554750773
 5.1129E-02,0.006676280096406791
 5.1171E-02,0.009629045313855118
 5.1212E-02,0.0128546575170775
 5.1254E-02,0.016211936318918645
 5.1296E-02,0.019554076775289475
 5.1337E-02,0.02273507434994669
 5.1379E-02,0.02561609113378193
 5.1421E-02,0.028071488207943387
 5.1462E-02,0.029994266695741872
 5.1504E-02,0.031300688148551484
 5.1546E-02,0.03193388207334279
 5.1587E-02,0.031866292102151035
 5.1629E-02,0.031100860320586367
 5.1671E-02,0.029670900793343703
 5.1712E-02,0.027638667369022662
 5.1754E-02,0.025092674903069576
 5.1796E-02,0.022143884318563768
 5.1837E-02,0.018920908977672495
 5.1879E-02,0.01556444189131937
 5.1921E-02,0.012221138803789472
 5.1962E-02,0.009037218919587052
 5.2004E-02,0.006152060998328155
 5.2046E-02,0.0036920764541585284
 5.2088E-02,0.0017651325846259561
 5.2129E-02,0.0004557783342753921
 5.2171E-02,-0.0001785078962623708
 5.2213E-02,-0.00010987380966816981
 5.2254E-02,0.0006586672582510685
 5.2296E-02,0.0020933705240849063
 5.2338E-02,0.004131261174547828
 5.2379E-02,0.006682932989813822
 5.2421E-02,0.009636513913894086
 5.2463E-02,0.012862614774092273
 5.2504E-02,0.0162200340926257
 5.2546E-02,0.019561961085369856
 5.2588E-02,0.022742400848625634
 5.2629E-02,0.025622540133935393
 5.2671E-02,0.028076778576857746
 5.2713E-02,0.02999816799779663
 5.2754E-02,0.03130303055120534
 5.2796E-02,0.031934563639875214
 5.2838E-02,0.03186528317596964
 5.2879E-02,0.031098204804247086
 5.2921E-02,0.029666714260785442
 5.2963E-02,0.02763313209750824
 5.3004E-02,0.025086032035979904
 5.3046E-02,0.02213642347011193
 5.3088E-02,0.018912955696600512
 5.3129E-02,0.015556343518800315
 5.3171E-02,0.012213249350794148
 5.3213E-02,0.009029883612607805
 5.3254E-02,0.006145601132608218
 5.3296E-02,0.0036867752127663373
 5.3338E-02,0.0017612225026420046
 5.3379E-02,0.00045343101652208667
 5.3421E-02,-0.00017918936108426292
 5.3463E-02,-0.00010885944572767971
 5.3504E-02,0.0006613329229955254
 5.3546E-02,0.002097570405445356
 5.3588E-02,0.004136810869456873
 5.3629E-02,0.006689589023613513
 5.3671E-02,0.009643984554630582
 5.3713E-02,0.012870572906534799
 5.3754E-02,0.016228131600768483
 5.3796E-02,0.01956984411408775
 5.3838E-02,0.022749725251711345
 5.3879E-02,0.02562898642724311
 5.3921E-02,0.028082065774011362
 5.3963E-02,0.030002065759790936
 5.4004E-02,0.031305369139145944
 5.4046E-02,0.03193524124516081
 5.4088E-02,0.031864270310820536
 5.4129E-02,0.031095545564479028
 5.4171E-02,0.02966252441617591
 5.4213E-02,0.027627594102662353
 5.4254E-02,0.025079387173362257
 5.4296E-02,0.022128961444694454
 5.4338E-02,0.01890500210728462
 5.4379E-02,0.015548245726564314
 5.4421E-02,0.012205361340322182
 5.4463E-02,0.009022550507804426
 5.4504E-02,0.006139144060465381
 5.4546E-02,0.003681477184795582
 5.4588E-02,0.0017573159165420354
 5.4629E-02,0.00045108733025356405
 5.4671E-02,-0.00017986727339387655
 5.4713E-02,-0.00010784185577088265
 5.4754E-02,0.0006640013224407004
 5.4796E-02,0.00210177251648783
 5.4838E-02,0.0041423623715851395
 5.4879E-02,0.006696246508897065
 5.4921E-02,0.009651456281535216
 5.4963E-02,0.01287853168560508
 5.5004E-02,0.016236229205600132
 5.5046E-02,0.01957772656188575
 5.5088E-02,0.022757048284797157
 5.5129E-02,0.025635430518046804
 5.5171E-02,0.02808734999570069
 5.5213E-02,0.030005959931752167
 5.5254E-02,0.03130770374293911
 5.5296E-02,0.03193591470067615
 5.5338E-02,0.03186325332146116
 5.5379E-02,0.031092882370970912
 5.5421E-02,0.029658330912681725
 5.5463E-02,0.027622052874176344
 5.5504E-02,0.025072739637266063
 5.5546E-02,0.02212149742154832
 5.5588E-02,0.018897047272448633
 5.5629E-02,0.015540147482165124
 5.5671E-02,0.012197473702380451
 5.5713E-02,0.009015218638710092
 5.5754E-02,0.006132689106472555
 5.5796E-02,0.0036761821043426574
 5.5838E-02,0.0017534129725902013
 5.5879E-02,0.0004487478261439163
 5.5921E-02,-0.00018054058098863391
 5.5963E-02,-0.00010681935221352394
 5.6004E-02,0.0006666747410079322
 5.6046E-02,0.0021059794212935252
 5.6088E-02,0.004147918054342711
 5.6129E-02,0.006702907230380334
 5.6171E-02,0.009658930094151426
 5.6213E-02,0.012886491329870022
 5.6254E-02,0.016244326509886792
 5.6296E-02,0.019585607698156517
 5.6338E-02,0.02276436919805985
 5.6380E-02,0.025641871872741633
 5.6421E-02,0.028092631018351133
 5.6463E-02,0.03000985055880756
 5.6505E-02,0.031310034551708936
 5.6546E-02,0.03193658421543935
 5.6588E-02,0.03186223239653909
 5.6630E-02,0.031090215453280258
 5.6671E-02,0.02965413411713393
 5.6713E-02,0.027616508965019947
 5.6755E-02,0.02506609014991767
 5.6796E-02,0.022114032256215208
 5.6838E-02,0.018889092169099442
 5.6880E-02,0.015532049878577182
 5.6921E-02,0.012189587578022389
 5.6963E-02,0.009007889026242496
 5.7005E-02,0.006126236971735168
 5.7046E-02,0.003670890245745112
 5.7088E-02,0.0017495135261436955
 5.7130E-02,0.00044641193655381743
 5.7171E-02,-0.00018121039252322931
 5.7213E-02,-0.0001057937207108927
 5.7255E-02,0.0006693507750068702
 5.7296E-02,0.002110188436510463
 5.7338E-02,0.004153475433739675
 5.7380E-02,0.006709569309106761
 5.7421E-02,0.009666404932919825
 5.7463E-02,0.01289445160990294
 5.7505E-02,0.016252423939688135
 5.7546E-02,0.019593488292178857
 5.7588E-02,0.02277168876783333
 5.7630E-02,0.025648311039913413
 5.7671E-02,0.028097909076701753
 5.7713E-02,0.03001373759975305
 5.7755E-02,0.031312361365348824
 5.7796E-02,0.03193724955990583
 5.7838E-02,0.03186120733244676
 5.7880E-02,0.031087544576374734
 5.7921E-02,0.029649933652545694
 5.7963E-02,0.027610961793724735
 5.8005E-02,0.02505943794669294
 5.8046E-02,0.022106565050898634
 5.8088E-02,0.01888113578074327
 5.8130E-02,0.01552395177526657
 5.8171E-02,0.012181701766783785
 5.8213E-02,0.009000560594451599
 5.8255E-02,0.00611978692536755
 5.8296E-02,0.0036656013328619946
 5.8338E-02,0.0017456177351858181
 5.8380E-02,0.00044408025389453204
 5.8421E-02,-0.00018187554747061243
 5.8463E-02,-0.00010476308190086616
 5.8505E-02,0.000672031954601824
 5.8546E-02,0.002114402376778547
 5.8588E-02,0.004159037106258885
 5.8630E-02,0.006716234708251658
 5.8671E-02,0.009673881907808452
 5.8713E-02,0.012902412764133215
 5.8755E-02,0.016260521038164277
 5.8796E-02,0.019601367524264605
 5.8838E-02,0.02277900617429974
 5.8880E-02,0.02565474744674459
 5.8921E-02,0.02810318392606014
 5.8963E-02,0.030017621092769894
 5.9005E-02,0.03131468438797563
 5.9046E-02,0.03193791097617634
 5.9088E-02,0.03186017834925433
 5.9130E-02,0.031084869990089144
 5.9171E-02,0.029645729912605626
 5.9213E-02,0.027605411970798282
 5.9255E-02,0.025052783837597924
 5.9296E-02,0.02209909675755176
 5.9338E-02,0.018873179178443937
 5.9380E-02,0.015515854368905352
 5.9421E-02,0.012173817530916283
 5.9463E-02,0.008993234479729783
 5.9505E-02,0.006113339740276207
 5.9546E-02,0.003660315655035242
 5.9588E-02,0.0017417254305465734
 5.9630E-02,0.0004417521562029372
 5.9671E-02,-0.00018253726160958532
 5.9713E-02,-0.00010372940987279462
 5.9755E-02,0.0006747156168221902
 5.9796E-02,0.002118618280750398
 5.9838E-02,0.004164600345538262
 5.9880E-02,0.0067229013698307345
 5.9921E-02,0.00968135985330242
 5.9963E-02,0.012910374537264213
 6.0005E-02,0.016268618280381293
 6.0046E-02,0.019609246254433794
 6.0088E-02,0.022786322278339953
 6.0130E-02,0.025661181690982207
 6.0171E-02,0.028108455817584567
 6.0213E-02,0.030021500995782855
 6.0255E-02,0.03131700340853296
 6.0296E-02,0.03193856821369724
 6.0338E-02,0.03185914521595635
 6.0380E-02,0.03108219143102412
 6.0421E-02,0.029641522486450345
 6.0463E-02,0.02759985886119271
 6.0505E-02,0.02504612697713135
 6.0547E-02,0.022091626378739456
 6.0588E-02,0.01886522124008296
 6.0630E-02,0.015507756409071663
 6.0672E-02,0.012165933552736728
 6.0713E-02,0.008985909493737104
 6.0755E-02,0.006106894606615973
 6.0797E-02,0.003655032911019446
 6.0838E-02,0.0017378367954642166
 6.0880E-02,0.00043942830223804314
 6.0922E-02,-0.00018319425638525333
 6.0963E-02,-0.00010269063290390895
 6.1005E-02,0.0006774045569419917
 6.1047E-02,0.0021228392574185605
 6.1088E-02,0.004170168010818848
 6.1130E-02,0.006729571446736251
 6.1172E-02,0.009688839984094963
 6.1213E-02,0.012918337191471575
 6.1255E-02,0.016276715164610333
 6.1297E-02,0.019617123576181086
 6.1338E-02,0.02279363617079811
 6.1380E-02,0.025667613140853574
 6.1422E-02,0.02811372448683569
 6.1463E-02,0.030025377353673433
 6.1505E-02,0.031319318647324956
 6.1547E-02,0.03193922153256123
 6.1588E-02,0.0318581081742135
 6.1630E-02,0.031079509178709927
 6.1672E-02,0.029637311809575222
 6.1713E-02,0.0275943031338832
 6.1755E-02,0.025039468254482444
 6.1797E-02,0.022084154965724814
 6.1838E-02,0.01885726315059037
 6.1880E-02,0.015499659214777424
 6.1922E-02,0.012158051218981012
 6.1963E-02,0.008978586886015804
 6.2005E-02,0.006100452377512407
 6.2047E-02,0.0036497534203267126
 6.2088E-02,0.0017339516385803816
 6.2130E-02,0.00043710799847241537
 6.2172E-02,-0.0001838478768519103
 6.2213E-02,-0.0001016489276440821
 6.2255E-02,0.0006800958391542585
 6.2297E-02,0.0021270620404380425
 6.2338E-02,0.004175737097202347
 6.2380E-02,0.006736242676891716
 6.2422E-02,0.009696321024752501
 6.2463E-02,0.012926300450653176
 6.2505E-02,0.01628481221375089
 6.2547E-02,0.019625000435152053
 6.2588E-02,0.02280094880046528
 6.2630E-02,0.025674042455179073
 6.2672E-02,0.028118990206993325
 6.2713E-02,0.030029250114502682
 6.2755E-02,0.03132162986971231
 6.2797E-02,0.03193987065935732
 6.2838E-02,0.031857066971835796
 6.2880E-02,0.031076822940847175
 6.2922E-02,0.02963309742532978
 6.2963E-02,0.027588744088286866
 6.3005E-02,0.02503280674003598
 6.3047E-02,0.022076681419549632
 6.3088E-02,0.018849303669820912
 6.3130E-02,0.015491561404572978
 6.3172E-02,0.012150169078256444
 6.3213E-02,0.008971265350646905
 6.3255E-02,0.006094012162604346
 6.3297E-02,0.003644476850339242
 6.3338E-02,0.001730070161910243
 6.3380E-02,0.0004347919745272923
 6.3422E-02,-0.00018449670861970873
 6.3463E-02,-0.00010060200784095576
 6.3505E-02,0.0006827925439059111
 6.3547E-02,0.0021312900550059977
 6.3588E-02,0.004181310754358538
 6.3630E-02,0.006742917429059508
 6.3672E-02,0.009703804306634048
 6.3713E-02,0.012934264596354786
 6.3755E-02,0.016292908872118067
 6.3797E-02,0.019632875834457365
 6.3838E-02,0.022808259168562942
 6.3880E-02,0.025680468939507105
 6.3922E-02,0.028124252688426485
 6.3963E-02,0.03003311933103938
 6.4005E-02,0.03132393732152339
 6.4047E-02,0.031940515880953826
 6.4088E-02,0.03185602187349911
 6.4130E-02,0.031074133025430627
 6.4172E-02,0.029628879816425417
 6.4213E-02,0.027583182464522817
 6.4255E-02,0.025026143413849487
 6.4297E-02,0.022069206897034975
 6.4338E-02,0.01884134410294287
 6.4380E-02,0.01548346443280598
 6.4422E-02,0.012142288658159792
 6.4463E-02,0.008963946261051747
 6.4505E-02,0.006087574897874126
 6.4547E-02,0.0036392035516403113
 6.4588E-02,0.001726192154975344
 6.4630E-02,0.0004324794648024612
 6.4672E-02,-0.00018514223832406384
 6.4714E-02,-9.95522764881677e-05
 6.4755E-02,0.0006854914353739317
 6.4797E-02,0.0021355197050431252
 6.4839E-02,0.004186885676179558
 6.4880E-02,0.006749593216622158
 6.4922E-02,0.009711288431861203
 6.4964E-02,0.012942229332667041
 6.5005E-02,0.016301005722049067
 6.5047E-02,0.01964075081809818
 6.5089E-02,0.0228155683198089
 6.5130E-02,0.025686893319135845
 6.5172E-02,0.028129512232505507
 6.5214E-02,0.030036984946133438
 6.5255E-02,0.03132624074344864
 6.5297E-02,0.03194115689558906
 6.5339E-02,0.03185497260167456
 6.5380E-02,0.031071439110122962
 6.5422E-02,0.029624658477277167
 6.5464E-02,0.027577617487002708
 6.5505E-02,0.02501947724928325
 6.5547E-02,0.022061730187113698
 6.5589E-02,0.018833383083693193
 6.5630E-02,0.015475366776452368
 6.5672E-02,0.012134408358730985
 6.5714E-02,0.008956628179817742
 6.5755E-02,0.00608113960595981
 6.5797E-02,0.0036339331611014553
 6.5839E-02,0.0017223178422345613
 6.5880E-02,0.0004301712753094092
 6.5922E-02,-0.00018578290328088933
 6.5964E-02,-9.849720930597976e-05
 6.6005E-02,0.0006881959102347068
 6.6047E-02,0.0021397547623178415
 6.6089E-02,0.0041924653274407805
 6.6130E-02,0.006756272642987461
 6.6172E-02,0.009718774860680734
 6.6214E-02,0.012950194962935573
 6.6255E-02,0.016309102145232776
 6.6297E-02,0.01964862428450183
 6.6339E-02,0.022822875153860063
 6.6380E-02,0.025693314830421338
 6.6422E-02,0.028134768520977488
 6.6464E-02,0.030040847017805943
 6.6505E-02,0.0313285404061183
 6.6547E-02,0.03194179401954486
 6.6589E-02,0.03185391944841734
 6.6630E-02,0.031068741535009874
 6.6672E-02,0.02962043394123466
 6.6714E-02,0.027572049973521112
 6.6755E-02,0.02501280932847075
 6.6797E-02,0.022054252565611172
 6.6839E-02,0.01882542205040882
 6.6880E-02,0.015467270038066142
 6.6922E-02,0.012126529863015049
 6.6964E-02,0.008949312618603024
 6.7005E-02,0.006074707314429918
 6.7047E-02,0.0036286660606799593
 6.7089E-02,0.0017184469884875043
 6.7130E-02,0.0004278665597444494
 6.7172E-02,-0.00018642034555846213
 6.7214E-02,-9.74394592601508e-05
 6.7255E-02,0.0006909023994869257
 6.7297E-02,0.0021439912651701
 6.7339E-02,0.004198046070101238
 6.7380E-02,0.006762952974816936
 6.7422E-02,0.009726262059311094
 6.7464E-02,0.012958161166948621
 6.7505E-02,0.01631719878809062
 6.7547E-02,0.019656497386554048
 6.7589E-02,0.022830180821651856
 6.7630E-02,0.02569973427078876
 6.7672E-02,0.02814002188454197
 6.7714E-02,0.03004470548326752
 6.7755E-02,0.031330836025056145
 6.7797E-02,0.03194242692137256
 6.7839E-02,0.031852862108171016
 6.7880E-02,0.031066039944487166
 6.7922E-02,0.02961620565033548
 6.7964E-02,0.0275664790681811
 6.8005E-02,0.025006138518777615
 6.8047E-02,0.02204677269729683
 6.8089E-02,0.018817459497856945
 6.8130E-02,0.015459172540325085
 6.8172E-02,0.012118651409300225
 6.8214E-02,0.008941997995591965
 6.8255E-02,0.006068276949338727
 6.8297E-02,0.003623401853539254
 6.8339E-02,0.0017145798440471045
 6.8380E-02,0.00042556620941732837
 6.8422E-02,-0.00018705283892333732
 6.8464E-02,-9.637623983873125e-05
 6.8505E-02,0.0006936146494037113
 6.8547E-02,0.002148233369484997
 6.8589E-02,0.004203631717776308
 6.8630E-02,0.006769637074359918
 6.8672E-02,0.00973375163037818
 6.8714E-02,0.012966128274055397
 6.8755E-02,0.016325294966473433
 6.8797E-02,0.01966436890971665
 6.8839E-02,0.02283748411180534
 6.8881E-02,0.02570615080084167
 6.8922E-02,0.028145271974353365
 6.8964E-02,0.03004856040706934
 6.9006E-02,0.031333127897680564
 6.9047E-02,0.031943055948238014
 6.9089E-02,0.03185180090204729
 6.9131E-02,0.03106333471369698
 6.9172E-02,0.029611974193297093
 6.9214E-02,0.02756090567294048
 6.9256E-02,0.024999466012825017
 6.9297E-02,0.022039291987842134
 6.9339E-02,0.01880949701061316
 6.9381E-02,0.015451076048505832
 6.9422E-02,0.012110774850768946
 6.9464E-02,0.008934685974047495
 6.9506E-02,0.006061849639877397
 6.9547E-02,0.003618140957448511
 6.9589E-02,0.0017107161466559655
 6.9631E-02,0.00042326928802065896
 6.9672E-02,-0.0001876821974801633
 6.9714E-02,-9.531047892064333e-05
 6.9756E-02,0.0006963287248806605
 6.9797E-02,0.002152476711135223
 6.9839E-02,0.004209218266511673
 6.9881E-02,0.006776321936744524
 6.9922E-02,0.009741241891116248
 6.9964E-02,0.012974095937286592
 7.0006E-02,0.01633339139587419
 7.0047E-02,0.019672240124720113
 7.0089E-02,0.022844786290825574
 7.0131E-02,0.02571256529657472
 7.0172E-02,0.028150519152095016
 7.0214E-02,0.03005241171802022
 7.0256E-02,0.03133541570975052
 7.0297E-02,0.031943680735037595
 7.0339E-02,0.03185073549315289
 7.0381E-02,0.031060625449467177
 7.0422E-02,0.02960773895325298
 7.0464E-02,0.027555328842959317
 7.0506E-02,0.024992790561625892
 7.0547E-02,0.022031808965267928
 7.0589E-02,0.01880153292913541
 7.0631E-02,0.015442978713552167
 7.0672E-02,0.012102898246548581
 7.0714E-02,0.008927374813031424
 7.0756E-02,0.006055424205736997
 7.0797E-02,0.0036128829379591335
 7.0839E-02,0.0017068561744916205
 7.0881E-02,0.0004209767806903561
 7.0922E-02,-0.00018830651480253226
 7.0964E-02,-9.423910172075674e-05
 7.1006E-02,0.0006990487559466148
 7.1047E-02,0.0021567258677145603
 7.1089E-02,0.0042148099133944295
 7.1131E-02,0.00678301070872343
 7.1172E-02,0.009748734599729532
 7.1214E-02,0.012982064512839096
 7.1256E-02,0.016341487318452908
 7.1297E-02,0.019680109692763435
 7.1339E-02,0.022852086025996827
 7.1381E-02,0.02571897683618238
 7.1422E-02,0.028155763036336788
 7.1464E-02,0.030056259489444848
 7.1506E-02,0.031337699790194275
 7.1547E-02,0.03194430166473822
 7.1589E-02,0.031849666235853245
 7.1631E-02,0.031057912566585976
 7.1672E-02,0.02960350058109164
 7.1714E-02,0.027549749574138825
 7.1756E-02,0.024986113480439814
 7.1797E-02,0.022024325178772824
 7.1839E-02,0.018793568999577084
 7.1881E-02,0.015434882480546903
 7.1922E-02,0.01209502363754118
 7.1964E-02,0.008920066342408765
 7.2006E-02,0.00604900188724072
 7.2047E-02,0.0036076282519747296
 7.2089E-02,0.0017029996359894531
 7.2131E-02,0.0004186876526892469
 7.2172E-02,-0.00018892779426848418
 7.2214E-02,-9.316533898445455e-05
 7.2256E-02,0.0007017704046111072
 7.2297E-02,0.00216097603283213
 7.2339E-02,0.0042204022527588345
 7.2381E-02,0.006789700087714205
 7.2422E-02,0.00975622791097746
 7.2464E-02,0.012990033626412375
 7.2506E-02,0.01634958352810702
 7.2547E-02,0.019687979016171305
 7.2589E-02,0.022859384712298675
 7.2631E-02,0.025725386383197504
 7.2672E-02,0.02816100402401079
 7.2714E-02,0.030060103641918433
 7.2756E-02,0.03133997979241007
 7.2797E-02,0.03194491833508236
 7.2839E-02,0.031848592758631264
 7.2881E-02,0.031055195630414856
 7.2922E-02,0.029599258394612527
 7.2964E-02,0.027544166822795403
 7.3006E-02,0.02497943339137114
 7.3048E-02,0.022016839005720667
 7.3089E-02,0.01878560339280025
 7.3131E-02,0.015426785311533733
 7.3173E-02,0.01208714888556799
 7.3214E-02,0.008912758646314438
 7.3256E-02,0.006042581387809604
 7.3298E-02,0.0036023764247866703
 7.3339E-02,0.0016991468410417112
 7.3381E-02,0.0004164029933030691
 7.3423E-02,-0.00018954393009209343
 7.3464E-02,-9.208579739697467e-05
 7.3506E-02,0.0007044982242235967
 7.3548E-02,0.0021652322483873736
 7.3589E-02,0.004225999903107411
 7.3631E-02,0.006796393532696942
 7.3673E-02,0.009763723753491639
 7.3714E-02,0.012998003662821314
 7.3756E-02,0.01635767918451379
 7.3798E-02,0.019695846617812037
 7.3839E-02,0.0228666808821475
 7.3881E-02,0.02573179292409707
 7.3923E-02,0.02816624169685885
 7.3964E-02,0.030063944257481868
 7.4006E-02,0.031342256079229906
 7.4048E-02,0.03194553116797449
 7.4089E-02,0.03184751545210668
 7.4131E-02,0.031052475099056318
 7.4173E-02,0.029595013112980583
 7.4214E-02,0.027538581688382285
 7.4256E-02,0.024972751745073688
 7.4298E-02,0.02200935215376803
 7.4339E-02,0.018777638033304088
 7.4381E-02,0.015418689350208936
 7.4423E-02,0.012079276238944489
 7.4464E-02,0.008905453738363666
 7.4506E-02,0.006036164069559844
 7.4548E-02,0.0035971279550062497
 7.4589E-02,0.0016952974643110446
 7.4631E-02,0.0004141216581789839
 7.4673E-02,-0.00019015713526439912
 7.4714E-02,-9.100404268058338e-05
 7.4756E-02,0.0007072274316710018
 7.4798E-02,0.002169489219970869
 7.4839E-02,0.0042315980159851815
 7.4881E-02,0.006803087412983341
 7.4923E-02,0.00977122010272549
 7.4964E-02,0.013005974217240564
 7.5006E-02,0.01636577516757355
 7.5048E-02,0.019703714044506996
 7.5089E-02,0.02287397607117194
 7.5131E-02,0.025738197517642877
 7.5173E-02,0.028171476489568827
 7.5214E-02,0.030067781247100852
 7.5256E-02,0.03134452826842209
 7.5298E-02,0.031946139720332715
 7.5339E-02,0.03184643390677598
 7.5381E-02,0.031049750492655088
 7.5423E-02,0.029590763982809326
 7.5464E-02,0.027532993018995925
 7.5506E-02,0.024966067021739605
 7.5548E-02,0.022001862834012346
 7.5589E-02,0.018769670904999754
 7.5631E-02,0.015410592350634002
 7.5673E-02,0.012071403342257085
 7.5714E-02,0.008898149509955528
 7.5756E-02,0.006029748507908276
 7.5798E-02,0.0035918823239212317
 7.5839E-02,0.0016914518510844293
 7.5881E-02,0.00041184485167057735
 7.5923E-02,-0.000190765084010541
 7.5964E-02,-8.99163299464585e-05
 7.6006E-02,0.0007099630476242043
 7.6048E-02,0.0021737525018276607
 7.6089E-02,0.004237201674490611
 7.6131E-02,0.006809785531432199
 7.6173E-02,0.009778719075062765
 7.6214E-02,0.01301394570652747
 7.6256E-02,0.016373870547106654
 7.6298E-02,0.019711579667909155
 7.6339E-02,0.022881268664509118
 7.6381E-02,0.02574459905079366
 7.6423E-02,0.028176707944864036
 7.6464E-02,0.030071614703424468
 7.6506E-02,0.031346796760438944
 7.6548E-02,0.03194674445688614
 7.6589E-02,0.03184534855318889
 7.6631E-02,0.031047022317074804
 7.6673E-02,0.02958651179823098
 7.6714E-02,0.02752740202763419
 7.6756E-02,0.02495938082081806
 7.6798E-02,0.021994372928690768
 7.6839E-02,0.01876170412893884
 7.6881E-02,0.01540249667501645
 7.6923E-02,0.012063532671775535
 7.6964E-02,0.008890848176948693
 7.7006E-02,0.00602333619948235
 7.7048E-02,0.00358664007651014
 7.7089E-02,0.0016876096387396851
 7.7131E-02,0.0004095713082817487
 7.7173E-02,-0.00019137022041739425
 7.7215E-02,-8.882659378034452e-05
 7.7256E-02,0.0007126997987883981
 7.7298E-02,0.0021780162621430664
 7.7340E-02,0.004242805542987669
 7.7381E-02,0.006816483897147767
 7.7423E-02,0.00978621844975813
 7.7465E-02,0.013021917692873478
 7.7506E-02,0.016381966297579667
 7.7548E-02,0.01971944519348231
 7.7590E-02,0.02288856035215424
 7.7631E-02,0.02575099868640721
 7.7673E-02,0.028181936537791965
 7.7715E-02,0.03007544452548322
 7.7756E-02,0.031349061132801316
 7.7798E-02,0.031947344889133124
 7.7840E-02,0.03184425893952166
 7.7881E-02,0.031044290041758685
 7.7923E-02,0.02958225572654553
 7.7965E-02,0.02752180744275693
 7.8006E-02,0.024952691466049597
 7.8048E-02,0.021986880465284638
 7.8090E-02,0.01875373548210896
 7.8131E-02,0.015394399847442817
 7.8173E-02,0.012055661632496285
 7.8215E-02,0.008883547418559973
 7.8256E-02,0.00601692557879672
 7.8298E-02,0.0035814006455662196
 7.8340E-02,0.0016837712116344779
 7.8381E-02,0.0004073023594652013
 7.8423E-02,-0.00019196997608880001
 7.8465E-02,-8.773070210333561e-05
 7.8506E-02,0.0007154432200903894
 7.8548E-02,0.002182286618715446
 7.8590E-02,0.004248415215303246
 7.8631E-02,0.006823186690404347
 7.8673E-02,0.009793720548239966
 7.8715E-02,0.013029890626705702
 7.8756E-02,0.016390061388655307
 7.8798E-02,0.019727308825920095
 7.8840E-02,0.02289584935717001
 7.8881E-02,0.025757395202199614
 7.8923E-02,0.02818716176867577
 7.8965E-02,0.030079270818479373
 7.9006E-02,0.03135132182837447
 7.9048E-02,0.03194794152966723
 7.9090E-02,0.03184316554086399
 7.9131E-02,0.031041554225860496
 7.9173E-02,0.02957799664540016
 7.9215E-02,0.02751621060340871
 7.9256E-02,0.02494600072147079
 7.9298E-02,0.021979387518855958
 7.9340E-02,0.018745767302669143
 7.9381E-02,0.015386304471453296
 7.9423E-02,0.012047792952097295
 7.9465E-02,0.008876249673023565
 7.9506E-02,0.00601051828983393
 7.9548E-02,0.003576164626566908
 7.9590E-02,0.0016799361660182288
 7.9631E-02,0.00040503660619562224
 7.9673E-02,-0.00019256705021616092
 7.9715E-02,-8.663299650849591e-05
 7.9756E-02,0.0007181874981312616
 7.9798E-02,0.002186557148313617
 7.9840E-02,0.004254024820152347
 7.9881E-02,0.006829889524615745
 7.9923E-02,0.00980122293504443
 7.9965E-02,0.013037864035579659
 8.0006E-02,0.016398156900507475
 8.0048E-02,0.019735172446355247
 8.0090E-02,0.02290313753993409
 8.0131E-02,0.025763789876017115
 8.0173E-02,0.02819238415750501
 8.0215E-02,0.030083093468734386
 8.0256E-02,0.03135357838056092
 8.0298E-02,0.03194853384003945
 8.0340E-02,0.031842067858929665
 8.0381E-02,0.031038814283146452
 8.0423E-02,0.029573733634490666
 8.0465E-02,0.027510610105621853
 8.0506E-02,0.024939306737985112
 8.0548E-02,0.02197189191455703
 8.0590E-02,0.018737797139853535
 8.0631E-02,0.015378207817854784
 8.0673E-02,0.012039923771645823
 8.0715E-02,0.008868952386201995
 8.0756E-02,0.006004112612718104
 8.0798E-02,0.0035709313997186447
 8.0840E-02,0.0016761049298994208
 8.0881E-02,0.00040277552052501693
 8.0923E-02,-0.00019315860613479017
 8.0965E-02,-8.55289171795803e-05
 8.1006E-02,0.0007209387351151202
 8.1048E-02,0.0021908345895463384
 8.1090E-02,0.004259640513282259
 8.1131E-02,0.006836596994963619
 8.1173E-02,0.009808728156685934
 8.1215E-02,0.013045838406139237
 8.1256E-02,0.01640625169182936
 8.1298E-02,0.01974303407513464
 8.1340E-02,0.02291042294478921
 8.1382E-02,0.02577018136508606
 8.1423E-02,0.028197603157669986
 8.1465E-02,0.030086912594958243
 8.1507E-02,0.03135583127847207
 8.1548E-02,0.03194912238506897
 8.1590E-02,0.03184096641740616
 8.1632E-02,0.03103607083114117
 8.1673E-02,0.0295694676633333
 8.1715E-02,0.02750500742730831
 8.1757E-02,0.024932611461025787
 8.1798E-02,0.02196439594003173
 8.1840E-02,0.01872982757120622
 8.1882E-02,0.015370112756271091
 8.1923E-02,0.012032057095952368
 8.1965E-02,0.008861658241310136
 8.2007E-02,0.005997710353428802
 8.2048E-02,0.0035657016154424606
 8.2090E-02,0.0016722770532936872
 8.2132E-02,0.0004005175554038004
 8.2173E-02,-0.00019374762504207894
 8.2215E-02,-8.442325511018076e-05
 8.2257E-02,0.0007236905217332605
 8.2298E-02,0.0021951118671818277
 8.2340E-02,0.0042652558334495185
 8.2382E-02,0.006843304279470896
 8.2423E-02,0.009816233541562209
 8.2465E-02,0.013053813227802857
 8.2507E-02,0.0164143469588509
 8.2548E-02,0.019750895786291717
 8.2590E-02,0.022917707619025663
 8.2632E-02,0.025776571072971783
 8.2673E-02,0.028202819337691844
 8.2715E-02,0.03009072806871467
 8.2757E-02,0.03135808000668771
 8.2798E-02,0.03194970657147443
 8.2840E-02,0.03183986066704437
 8.2882E-02,0.031033323222318037
 8.2923E-02,0.02956519771519828
 8.2965E-02,0.02749940101885298
 8.3007E-02,0.02492591285120182
 8.3048E-02,0.021956897197311646
 8.3090E-02,0.018721855894608445
 8.3132E-02,0.015362016278192947
 8.3173E-02,0.01202418977535196
 8.3215E-02,0.008854364427278338
 8.3257E-02,0.005991309622100981
 8.3298E-02,0.0035604745961156678
 8.3340E-02,0.0016684530125375692
 8.3382E-02,0.0003982643382937354
 8.3423E-02,-0.00019433097409711074
 8.3465E-02,-8.33109786928794e-05
 8.3507E-02,0.0007264495855824433
 8.3548E-02,0.0021993964039251773
 8.3590E-02,0.00427087755530361
 8.3632E-02,0.006850016429761901
 8.3673E-02,0.009823741883332836
 8.3715E-02,0.01306178902668256
 8.3757E-02,0.016422441438279242
 8.3798E-02,0.019758755397957337
 8.3840E-02,0.022924989411200383
 8.3882E-02,0.025782957525271398
 8.3923E-02,0.028208032100255485
 8.3965E-02,0.030094540024421492
 8.4007E-02,0.03136032510583819
 8.4048E-02,0.031950287021819034
 8.4090E-02,0.0318387511850654
 8.4132E-02,0.031030572138621624
 8.4173E-02,0.029560924861097338
 8.4215E-02,0.02749379251139034
 8.4257E-02,0.02491921305382433
 8.4298E-02,0.02194939820814956
 8.4340E-02,0.018713884951426566
 8.4382E-02,0.015353921546672214
 8.4423E-02,0.01201632511999454
 8.4465E-02,0.008847073896834368
 8.4507E-02,0.005984912402800396
 8.4548E-02,0.003555251052709456
 8.4590E-02,0.001664632306971118
 8.4632E-02,0.00039601415888348653
 8.4673E-02,-0.00019491194579807785
 8.4715E-02,-8.21973745505772e-05
 8.4757E-02,0.0007292088609063308
 8.4798E-02,0.0022036804069176913
 8.4840E-02,0.00427649856849285
 8.4882E-02,0.006856728145276785
 8.4923E-02,0.009831250251622022
 8.4965E-02,0.013069765251552963
 8.5007E-02,0.016430536455026658
 8.5048E-02,0.019766615196544247
 8.5090E-02,0.022932270573882682
 8.5132E-02,0.02578934226348118
 8.5173E-02,0.028213242066994704
 8.5215E-02,0.03009834831703862
 8.5257E-02,0.031362566006108004
 8.5298E-02,0.03195086308180012
 8.5340E-02,0.03183763736575245
 8.5382E-02,0.031027816864737753
 8.5423E-02,0.02955664797747411
 8.5465E-02,0.027488180193995394
 8.5507E-02,0.024912509819278533
 8.5549E-02,0.02194189632864279
 8.5590E-02,0.01870591176251471
 8.5632E-02,0.015345825244904125
 8.5674E-02,0.012008459659333242
 8.5715E-02,0.008839783555934358
 8.5757E-02,0.005978516619077079
 8.5799E-02,0.00355003024449905
 8.5840E-02,0.0016608154662980568
 8.5882E-02,0.0003937688159535611
 8.5924E-02,-0.00019548708043210428
 8.5965E-02,-8.107689049034152e-05
 8.6007E-02,0.000731975764499515
 8.6049E-02,0.002207972051746466
 8.6090E-02,0.00428212632819816
 8.6132E-02,0.006863444979191995
 8.6174E-02,0.009838761710996836
 8.6215E-02,0.013077742470383891
 8.6257E-02,0.01643863060988957
 8.6299E-02,0.019774472776654478
 8.6340E-02,0.022939548740009166
 8.6382E-02,0.0257957236685344
 8.6424E-02,0.02821844858492092
 8.6465E-02,0.03010215309832318
 8.6507E-02,0.03136480330510698
 8.6549E-02,0.03195143543810525
 8.6590E-02,0.03183651984580451
 8.6632E-02,0.03102505815391775
 8.6674E-02,0.029552368247569395
 8.6715E-02,0.02748256586734052
 8.6757E-02,0.02490580551394291
 8.6799E-02,0.02193439433904657
 8.6840E-02,0.018697939460105277
 8.6882E-02,0.01533773085943587
 8.6924E-02,0.012000597040250372
 8.6965E-02,0.008832496654264069
 8.7007E-02,0.005972124450549864
 8.7049E-02,0.003544812948136697
 8.7090E-02,0.0016570019332965492
 8.7132E-02,0.00039152641902221396
 8.7174E-02,-0.00019606001399022626
 8.7215E-02,-7.995536019517963e-05
 8.7257E-02,0.0007347425065196304
 8.7299E-02,0.002212262755003152
 8.7340E-02,0.004287753010067404
 8.7382E-02,0.006870161105017779
 8.7424E-02,0.009846273047112539
 8.7465E-02,0.013085720088248008
 8.7507E-02,0.016446725370664543
 8.7549E-02,0.01978233065965539
 8.7590E-02,0.022946826388587766
 8.7632E-02,0.02580210343363587
 8.7674E-02,0.028223652333948815
 8.7715E-02,0.030105954205121938
 8.7757E-02,0.03136703637354995
 8.7799E-02,0.031952003369394376
 8.7840E-02,0.03183539795712411
 8.7882E-02,0.03102229521596279
 8.7924E-02,0.029548084430071446
 8.7965E-02,0.027476947642636716
 8.8007E-02,0.024899097656129854
 8.8049E-02,0.021926889324013352
 8.8090E-02,0.01868996475971071
 8.8132E-02,0.015329634734055084
 8.8174E-02,0.011992733438952668
 8.8215E-02,0.008825209786214767
 8.8257E-02,0.005965733615665707
 8.8299E-02,0.0035395983542399383
 8.8340E-02,0.001653192297451437
 8.8382E-02,0.00038928895640117007
 8.8424E-02,-0.00019662692581776185
 8.8465E-02,-7.882665686726735e-05
 8.8507E-02,0.0007375172640815552
 8.8549E-02,0.002216561522058792
 8.8590E-02,0.004293386818304891
 8.8632E-02,0.00687688262728469
 8.8674E-02,0.00985378762200728
 8.8715E-02,0.013093698718628154
 8.8757E-02,0.0164548191880027
 8.8799E-02,0.01979018619346951
 8.8840E-02,0.02295410091493659
 8.8882E-02,0.025808479780739888
 8.8924E-02,0.028228852600231398
 8.8965E-02,0.03010975180838711
 8.9007E-02,0.031369265871435605
 8.9049E-02,0.031952567632559145
 8.9090E-02,0.031834272401803775
 8.9132E-02,0.031019528882793215
 8.9174E-02,0.029543797831910246
 8.9215E-02,0.027471327507279392
 8.9257E-02,0.024892388855827494
 8.9299E-02,0.021919384348830052
 8.9340E-02,0.01868199111429241
 8.9382E-02,0.015321540711745697
 8.9424E-02,0.011984872873127385
 8.9465E-02,0.00881792652833098
 8.9507E-02,0.005959346509072852
 8.9549E-02,0.0035343873112663755
 8.9590E-02,0.0016493859384453546
 8.9632E-02,0.00038705433814520277
 8.9674E-02,-0.00019719183140785412
 8.9716E-02,-7.769721793516607e-05
 8.9757E-02,0.0007402914488666784
 8.9799E-02,0.0022208588983540396
 8.9841E-02,0.004299019142397176
 8.9882E-02,0.006883603141094199
 8.9924E-02,0.009861301909515664
 8.9966E-02,0.013101677719154343
 9.0007E-02,0.016462913687339143
 9.0049E-02,0.019798042158024946
 9.0091E-02,0.022961375046993516
 9.0132E-02,0.02581485456935612
 9.0174E-02,0.028234050127007446
 9.0216E-02,0.030113545724303935
 9.0257E-02,0.031371491103605
 9.0299E-02,0.0319531274324436
 9.0341E-02,0.03183314244308926
 9.0382E-02,0.0310167582815367
 9.0424E-02,0.02953950708172566
 9.0466E-02,0.02746570337629168
 9.0507E-02,0.024885676375594926
 9.0549E-02,0.021911876198960654
 9.0591E-02,0.018674014902617653
 9.0632E-02,0.015313444762014166
 9.0674E-02,0.011977011129727513
 9.0716E-02,0.008810643132129647
 9.0757E-02,0.0059529606237824426
 9.0799E-02,0.003529178934504657
 9.0841E-02,0.0016455835119037969
 9.0882E-02,0.0003848247620091309
 9.0924E-02,-0.00019775051148633333
 9.0966E-02,-7.656028260899546e-05
 9.1007E-02,0.0007430740760392986
 9.1049E-02,0.0022251648032227947
 9.1091E-02,0.004304659011070359
 9.1132E-02,0.006890329357232956
 9.1174E-02,0.00986881959797379
 9.1216E-02,0.01310965775217819
 9.1257E-02,0.016471007153262496
 9.1299E-02,0.01980589562975573
 9.1341E-02,0.022968645918983187
 9.1382E-02,0.025821225847137048
 9.1424E-02,0.028239244134172566
 9.1466E-02,0.030117336145710043
 9.1507E-02,0.031373712799402334
 9.1549E-02,0.03195368360356405
 9.1591E-02,0.031832008855275776
 9.1632E-02,0.03101398433107041
 9.1674E-02,0.029535213623284918
 9.1716E-02,0.027460077443385023
 9.1757E-02,0.024878963094161148
 9.1799E-02,0.021904368253897456
 9.1841E-02,0.018666039931184333
 9.1882E-02,0.01530535112077201
 9.1924E-02,0.01196915263502214
 9.1966E-02,0.008803363533883474
 9.2007E-02,0.005946578590683561
 9.2049E-02,0.0035239741510641586
 9.2091E-02,0.0016417843277429255
 9.2132E-02,0.0003825979178409707
 9.2174E-02,-0.00019830740046906156
 9.2216E-02,-7.542295441960006e-05
 9.2257E-02,0.0007458556771960628
 9.2299E-02,0.002229468822839425
 9.2341E-02,0.004310296948888714
 9.2382E-02,0.006897054235175096
 9.2424E-02,0.009876336819447723
 9.2466E-02,0.013117638124644738
 9.2507E-02,0.016479101385992526
 9.2549E-02,0.019813749673818867
 9.2591E-02,0.022975916532798842
 9.2632E-02,0.025827595656231685
 9.2674E-02,0.02824443543416921
 9.2716E-02,0.030121122865645625
 9.2757E-02,0.03137593019085804
 9.2799E-02,0.03195423526918687
 9.2841E-02,0.03183087082556123
 9.2882E-02,0.03101120606695703
 9.2924E-02,0.029530915941376985
 9.2966E-02,0.027454447406852656
 9.3007E-02,0.02487224599176149
 9.3049E-02,0.021896856969006707
 9.3091E-02,0.01865806220748291
 9.3132E-02,0.015297255345083123
 9.3174E-02,0.011961292747209086
 9.3216E-02,0.008796083607588689
 9.3257E-02,0.0059401976549561045
 9.3299E-02,0.0035187719940601918
 9.3341E-02,0.0016379891152899567
 9.3382E-02,0.0003803762348727447
 9.3424E-02,-0.0001988578391360139
 9.3466E-02,-7.427777321300096e-05
 9.3507E-02,0.0007486461914381328
 9.3549E-02,0.0022337818832291506
 9.3591E-02,0.004315942891615838
 9.3632E-02,0.006903785151669323
 9.3674E-02,0.009883857619813658
 9.3716E-02,0.013125619551217547
 9.3757E-02,0.016487194486085613
 9.3799E-02,0.01982160106679981
 9.3841E-02,0.022983183734872823
 9.3883E-02,0.025833961852620897
 9.3924E-02,0.028249623174515206
 9.3966E-02,0.030124906101419286
 9.4008E-02,0.03137814408362591
 9.4049E-02,0.031954783349255465
 9.4091E-02,0.03182972920807106
 9.4133E-02,0.031008424504466916
 9.4174E-02,0.029526615631058944
 9.4216E-02,0.027448815688035054
 9.4258E-02,0.024865528243552038
 9.4299E-02,0.021889346070476177
 9.4341E-02,0.018650085928021108
 9.4383E-02,0.015289162103914698
 9.4424E-02,0.011953436342410478
 9.4466E-02,0.008788807685405159
 9.4508E-02,0.005933820707304209
 9.4549E-02,0.0035135734764717946
 9.4591E-02,0.001634197106521519
 9.4633E-02,0.00037815715919604746
 9.4674E-02,-0.00019940672456745644
 9.4716E-02,-7.313257731225568e-05
 9.4758E-02,0.0007514351800085894
 9.4799E-02,0.0022380925135525743
 9.4841E-02,0.004321586411809233
 9.4883E-02,0.006910514367683608
 9.4924E-02,0.00989137775660424
 9.4966E-02,0.013133601284520896
 9.5008E-02,0.016495288447043354
 9.5049E-02,0.019829453188392833
 9.5091E-02,0.02299045082893215
 9.5133E-02,0.02584032667943403
 9.5174E-02,0.028254808243354614
 9.5216E-02,0.03012868562006437
 9.5258E-02,0.031380353629498384
 9.5299E-02,0.03195532687753443
 9.5341E-02,0.03182858310643317
 9.5383E-02,0.031005638577948597
 9.5424E-02,0.02952231101806505
 9.5466E-02,0.02744317974612017
 9.5508E-02,0.024858806518730334
 9.5549E-02,0.021881831649940578
 9.5591E-02,0.018642106690888893
 9.5633E-02,0.015281066499588795
 9.5674E-02,0.011945578306597463
 9.5716E-02,0.008781531226128403
 9.5758E-02,0.00592744472058786
 9.5799E-02,0.00350837754144873
 9.5841E-02,0.0016304091126623848
 9.5883E-02,0.000375943376232694
 9.5924E-02,-0.00019994891130573067
 9.5966E-02,-7.197913482238891e-05
 9.6008E-02,0.0007542336005214843
 9.6049E-02,0.00224241274885756
 9.6091E-02,0.004327238443802549
 9.6133E-02,0.006917249992288507
 9.6174E-02,0.009898901667788436
 9.6216E-02,0.013141584095255095
 9.6258E-02,0.01650338116595841
 9.6299E-02,0.01983730248503851
 9.6341E-02,0.022997714344887565
 9.6383E-02,0.025846687781967366
 9.6424E-02,0.02825998970892188
 9.6466E-02,0.03013246166636915
 9.6508E-02,0.031382559718516
 9.6549E-02,0.031955866867943196
 9.6591E-02,0.031827433462410674
 9.6633E-02,0.03100284940895335
 9.6674E-02,0.029518003864634976
 9.6716E-02,0.027437542253715533
 9.6758E-02,0.02485208431909275
 9.6799E-02,0.02187431781543063
 9.6841E-02,0.018634129122443326
 9.6883E-02,0.015272973678620055
 9.6924E-02,0.011937724011690262
 9.6966E-02,0.008774258997503701
 9.7008E-02,0.005921072870825293
 9.7049E-02,0.0035031852959207794
 9.7091E-02,0.0016266242793201763
 9.7133E-02,0.0003737320625991315
 9.7174E-02,-0.00020048980767160525
 9.7216E-02,-7.082609509741916e-05
 9.7258E-02,0.0007570299445472131
 9.7299E-02,0.002246729954188283
 9.7341E-02,0.0043328875123003156
 9.7383E-02,0.006923983518209508
 9.7424E-02,0.009906424699862087
 9.7466E-02,0.01314956717771337
 9.7508E-02,0.01651147485015333
 9.7549E-02,0.01984515268274314
 9.7591E-02,0.02300497791812179
 9.7633E-02,0.025853047623831314
 9.7674E-02,0.02826516854202539
 9.7716E-02,0.030136233978091776
 9.7758E-02,0.03138476141356767
 9.7799E-02,0.03195640225535819
 9.7841E-02,0.031826279287512006
 9.7883E-02,0.03100005582012074
 9.7924E-02,0.029513692320829215
 9.7966E-02,0.02743190040609512
 9.8008E-02,0.02484535797085919
 9.8050E-02,0.021866800257720757
 9.8091E-02,0.018626148369497313
 9.8133E-02,0.015264878241962659
 9.8175E-02,0.01192986782325049
 9.8216E-02,0.008766986001291336
 9.8258E-02,0.005914701831750709
 9.8300E-02,0.00349799558470607
 9.8341E-02,0.0016228435084861788
 9.8383E-02,0.00037152618669177235
 9.8425E-02,-0.00020102373131334283
 9.8466E-02,-6.966437461968918e-05
 9.8508E-02,0.000759836292456618
 9.8550E-02,0.0022510573858684707
 9.8591E-02,0.004338545650411288
 9.8633E-02,0.00693072385958253
 9.8675E-02,0.009913951720919566
 9.8716E-02,0.01315755136265755
 9.8758E-02,0.01651956717144722
 9.8800E-02,0.0198529998640993
 9.8841E-02,0.023012237730530537
 9.8883E-02,0.025859403619167155
 9.8925E-02,0.028270343724339737
 9.8966E-02,0.030140002830882112
 9.9008E-02,0.031386959698144326
 9.9050E-02,0.03195693415761166
 9.9091E-02,0.03182512162028089
 9.9133E-02,0.03099725905040286
 9.9175E-02,0.029509378333593964
 9.9216E-02,0.02742625715328007
 9.9258E-02,0.02483863133616532
 9.9300E-02,0.02185928350578755
 9.9341E-02,0.018618169532216577
 9.9383E-02,0.015256785862536324
 9.9425E-02,0.011922015659481621
 9.9466E-02,0.00875971748470514
 9.9508E-02,0.005908335092777745
 9.9550E-02,0.0034928096172688098
 9.9591E-02,0.001619065849923413
 9.9633E-02,0.0003693226274945904
 9.9675E-02,-0.00020155665497742384
 9.9716E-02,-6.850351764378488e-05
 9.9758E-02,0.0007626399565987587
 9.9800E-02,0.0022553811269410535
 9.9841E-02,0.004344200230001687
 9.9883E-02,0.006937461664825311
 9.9925E-02,0.009921477626702233
 0.1000,0.013165535782013241
 0.1000,0.01652766057411044
 0.1000,0.019860848137142936
 0.1001,0.023019497782476424
 0.1001,0.02586575847372033
 0.1002,0.028275516317130506
 0.1002,0.030143767929881486
 0.1003,0.031389153536896704
 0.1003,0.03195746140040035
 0.1003,0.03182395937053056
 0.1004,0.030994457799107727
 0.1004,0.02950505985892506
 0.1005,0.027420609399083782
 0.1005,0.02483190036275261
 0.1005,0.02185176280840566
 0.1006,0.018610187259983448
 0.1006,0.015248690588653992
 0.1007,0.011914161312495888
 0.1007,0.0087524479464153
 0.1008,0.005901968999062396
 0.1008,0.0034876261312143026
 0.1008,0.0016152923065545488
 0.1009,0.000367124666097799
 0.1009,-0.00020208230347452743
 0.1010,-6.733350098053891e-05
 0.1010,0.0007654542551114949
 0.1010,0.00225971577881746
 0.1011,0.004349864493107695
 0.1011,0.006944206732843043
 0.1012,0.009929007756951498
 0.1012,0.013173521330711055
 0.1013,0.01653575248036808
 0.1013,0.019868693183040936
 0.1013,0.023026753872678413
 0.1014,0.02587210934760958
 0.1014,0.028280685207340877
 0.1015,0.030147529585117613
 0.1015,0.03139134401640238
 0.1015,0.03195798521604666
 0.1016,0.03182279368353715
 0.1016,0.030991653434808836
 0.1017,0.029500739047769023
 0.1017,0.02741496039979635
 0.1018,0.024825169310309616
 0.1018,0.021844243158779066
 0.1018,0.01860220717540105
 0.1019,0.015240598673549068
 0.1019,0.011906311302371027
 0.1020,0.008745183161252923
 0.1020,0.005895607384242734
 0.1020,0.0034824464478850994
 0.1021,0.0016115218215261883
 0.1021,0.0003649288523812132
 0.1022,-0.00020260727298578897
 0.1022,-6.616485639681857e-05
 0.1023,0.0007682652003115275
 0.1023,0.0022640460123945685
 0.1023,0.00435552454281035
 0.1024,0.006950948783848455
 0.1024,0.009936536513041935
 0.1025,0.013181507073930917
 0.1025,0.016543845596687614
 0.1025,0.019876539530900964
 0.1026,0.023034010403161827
 0.1026,0.025878459212653165
 0.1027,0.02828585155516189
 0.1027,0.030151287465236133
 0.1028,0.031393529992878075
 0.1028,0.03195850431001223
 0.1028,0.03182162335708919
 0.1029,0.030988844520700075
 0.1029,0.029496413641828725
 0.1030,0.02740930673756667
 0.1030,0.024818433709193417
 0.1030,0.02183671931838772
 0.1031,0.01859422337944333
 0.1031,0.015232503556308443
 0.1032,0.011898458789453042
 0.1032,0.008737917074345052
 0.1033,0.005889246232657968
 0.1033,0.003477269187882677
 0.1033,0.0016077555098342963
 0.1034,0.0003627388130305073
 0.1034,-0.0002031246335658435
 0.1035,-6.49865237028472e-05
 0.1035,0.0007710874749462865
 0.1035,0.0022683879105524843
 0.1036,0.00436119495156005
 0.1036,0.0069576985894999445
 0.1037,0.009944069752172824
 0.1037,0.013189493975402795
 0.1038,0.016551937069116125
 0.1038,0.01988438241949987
 0.1038,0.02304126275119699
 0.1039,0.02588480495010196
 0.1039,0.028291014144011147
 0.1040,0.030155041918668964
 0.1040,0.03139571266672352
 0.1040,0.031959020040879034
 0.1041,0.031820449654168026
 0.1041,0.030986032568359616
 0.1042,0.02949208601718183
 0.1042,0.027403652006646004
 0.1043,0.024811698257621195
 0.1043,0.021829196792277714
 0.1043,0.018586242070553607
 0.1044,0.015224412129759127
 0.1044,0.01189061095697108
 0.1045,0.008730656041306012
 0.1045,0.005882889756025697
 0.1046,0.0034720957944707354
 0.1046,0.0016039921961707876
 0.1046,0.00036055073436862023
 0.1047,-0.00020364166969773472
 0.1047,-6.38101244531096e-05
 0.1048,0.0007739056578741467
 0.1048,0.0022727245888326947
 0.1048,0.004366860426425936
 0.1049,0.0069644448497357
 0.1049,0.009951601333235265
 0.1050,0.013197481028588334
 0.1050,0.016560029894322096
 0.1051,0.01989222684225772
 0.1051,0.023048515760603006
 0.1051,0.025891149823566845
 0.1052,0.028296174241931017
 0.1052,0.030158792573300175
 0.1053,0.031397890774465344
 0.1053,0.031959530981370846
 0.1053,0.03181927124875005
 0.1054,0.030983215990638927
 0.1054,0.02948775367903751
 0.1055,0.02739799243424201
 0.1055,0.024804958025402526
 0.1056,0.02182166980448227
 0.1056,0.01857825674515313
 0.1056,0.015216317161581226
 0.1057,0.011882760269223008
 0.1057,0.008723393397848417
 0.1058,0.005876533542239239
 0.1058,0.0034669247606870057
 0.1058,0.0016002331201276786
 0.1059,0.00035836862484806497
 0.1059,-0.00020415072871090754
 0.1060,-6.262345428599252e-05
 0.1060,0.0007767359363518615
 0.1061,0.002277073761863908
 0.1061,0.004372537003583929
 0.1061,0.00697119940514645
 0.1062,0.009959137680898573
 0.1062,0.013205469270840074
 0.1063,0.01656812091259958
 0.1063,0.019900067550000337
 0.1063,0.023055764344870184
 0.1064,0.025897490408338344
 0.1064,0.028301330519513723
 0.1065,0.030162539820513222
 0.1065,0.03140006564209207
 0.1066,0.031960038629335795
 0.1066,0.03181808953389675
 0.1066,0.03098039645727314
 0.1067,0.029483419252167888
 0.1067,0.02739233198761196
 0.1068,0.024798218194578413
 0.1068,0.021814144424550933
 0.1068,0.018570274236559443
 0.1069,0.015208226249497858
 0.1069,0.011874914639927832
 0.1070,0.008716136138818626
 0.1070,0.005870182218425264
 0.1071,0.0034617576628116634
 0.1071,0.0015964769746435112
 0.1071,0.00035618826896352106
 0.1072,-0.00020465985502891762
 0.1072,-6.143933712519968e-05
 0.1073,0.0007795613089485798
 0.1073,0.0022814168319302878
 0.1073,0.0043782078539481625
 0.1074,0.006977949834461953
 0.1074,0.009966672059348959
 0.1075,0.013213457619027284
 0.1075,0.01657621344176213
 0.1076,0.019907910048136107
 0.1076,0.023063013834154433
 0.1076,0.025903830288460477
 0.1077,0.028306484362402514
 0.1077,0.03016628324247484
 0.1078,0.03140223587411036
 0.1078,0.03196054141139036
 0.1078,0.03181690304695394
 0.1079,0.03097757221473081
 0.1079,0.029479079980355406
 0.1080,0.027386666502308657
 0.1080,0.02479147332707891
 0.1081,0.021806614283809506
 0.1081,0.018562287374600365
 0.1081,0.015200131421274864
 0.1082,0.011867065766889544
 0.1082,0.00870887692933008
 0.1083,0.0058638309367298
 0.1083,0.0034565928545386452
 0.1083,0.0015927251379617337
 0.1084,0.0003540140973771885
 0.1084,-0.00020516059793319115
 0.1085,-6.0244306419647835e-05
 0.1085,0.0007823996214219582
 0.1086,0.0022857733111582455
 0.1086,0.004383890624554007
 0.1086,0.006984709152956896
 0.1087,0.009974211515147317
 0.1087,0.013221447189068123
 0.1088,0.016584303983954968
 0.1088,0.01991574854961841
 0.1088,0.0230702586312999
 0.1089,0.025910165702947796
 0.1089,0.028311634318063633
 0.1090,0.03017002327891861
 0.1090,0.03140440293511225
 0.1091,0.031961040978457964
 0.1091,0.03181571332428074
 0.1091,0.030974745107746074
 0.1092,0.02947473876337388
 0.1092,0.02738100035712041
 0.1093,0.024784729138281003
 0.1093,0.021799086074276414
 0.1093,0.018554303692757596
 0.1094,0.015192041051603856
 0.1094,0.011859222368200664
 0.1095,0.008701623467451215
 0.1095,0.005857484780832409
 0.1096,0.0034514320576379013
 0.1096,0.0015889761565473814
 0.1096,0.00035184145004592553
 0.1097,-0.00020566184122456147
 0.1097,-5.905251259231671e-05
 0.1098,0.0007852321303325918
 0.1098,0.002290122714561746
 0.1098,0.004389566795516014
 0.1099,0.006991463706892863
 0.1099,0.009981748660583111
 0.1100,0.013229436816144777
 0.1100,0.01659239621213323
 0.1101,0.019923589123887624
 0.1101,0.023077504601535
 0.1101,0.025916500587963708
 0.1102,0.02831678190067793
 0.1102,0.030173759460606797
 0.1103,0.03140656528359506
 0.1103,0.03196153559627707
 0.1103,0.03181451875287178
 0.1104,0.030971913199051532
 0.1104,0.029470392556016432
 0.1105,0.027375328955235038
 0.1105,0.024777979630201345
 0.1106,0.021791552774055256
 0.1106,0.01854631528591251
 0.1106,0.01518394635246804
 0.1107,0.011851375297230921
 0.1107,0.008694367680511165
 0.1108,0.005851138424317684
 0.1108,0.003446273473439238
 0.1108,0.00158523156236545
 0.1109,0.0003496752243100031
 0.1109,-0.00020615425268897592
 0.1110,-5.784909631079596e-05
 0.1110,0.0007880785095558667
 0.1111,0.0022944865338142117
 0.1111,0.004395255786564103
 0.1111,0.00699822780297448
 0.1112,0.009989291224255566
 0.1112,0.013237427699817474
 0.1113,0.01660048625410056
 0.1113,0.019931425391223705
 0.1113,0.023084745586248297
 0.1114,0.025922830813320388
 0.1114,0.028321925522995096
 0.1115,0.03017749228126422
 0.1115,0.03140872453747693
 0.1116,0.0319620270847456
 0.1116,0.03181332102695424
 0.1116,0.030969078526370108
 0.1117,0.02946604456181303
 0.1117,0.027369657129960027
 0.1118,0.024771231106536545
 0.1118,0.02178402176113954
 0.1118,0.01853833045924424
 0.1119,0.015175856555148332
 0.1119,0.011843534158551184
 0.1120,0.008687118040539251
 0.1120,0.005844797452138983
 0.1121,0.003441118982451853
 0.1121,0.0015814897394692664
 0.1121,0.0003475102690297311
 0.1122,-0.00020664764319108082
 0.1122,-5.664967196686841e-05
 0.1123,0.000790918095245513
 0.1123,0.0022988422055653913
 0.1123,0.004400937217408448
 0.1124,0.007004986432562422
 0.1124,0.009996831103245334
 0.1125,0.013245418588027816
 0.1125,0.0166085781759644
 0.1126,0.019939264042874574
 0.1126,0.023091988039125412
 0.1126,0.02592916070154698
 0.1127,0.028327066839554046
 0.1127,0.030181221214311684
 0.1128,0.03141087899397087
 0.1128,0.031962513531999276
 0.1128,0.03181211836754618
 0.1129,0.030966238949551795
 0.1129,0.029461691416439013
 0.1130,0.027363979807166885
 0.1130,0.024764476951591317
 0.1131,0.02177648529347848
 0.1131,0.01853034049753068
 0.1131,0.015167761972463615
 0.1132,0.011835688875109643
 0.1132,0.00867986566277628
 0.1133,0.005838456012146449
 0.1133,0.003435966619765596
 0.1133,0.0015777523905013953
 0.1134,0.00034535199714948346
 0.1134,-0.0002071317071956569
 0.1135,-5.543784344975934e-05
 0.1135,0.000793772576592542
 0.1136,0.0023032134016322844
 0.1136,0.0044066324581777585
 0.1136,0.007011755321669546
 0.1137,0.010004376774053707
 0.1137,0.013253410769600812
 0.1138,0.01661666769129785
 0.1138,0.01994709804561156
 0.1138,0.02309922518363001
 0.1139,0.025935485717090298
 0.1139,0.02833220411612243
 0.1140,0.030184946813850914
 0.1140,0.03141303044017454
 0.1141,0.03196299694416886
 0.1141,0.031810912643179715
 0.1141,0.03096339671972743
 0.1142,0.029457336658993433
 0.1142,0.027358302321723243
 0.1143,0.024757724117945044
 0.1143,0.02176895150553138
 0.1143,0.018522354556767567
 0.1144,0.015159672779739569
 0.1144,0.01182785002793849
 0.1145,0.008672619871024582
 0.1145,0.005832120240149747
 0.1146,0.003430818439165076
 0.1146,0.0015740177189032002
 0.1146,0.0003431947146070918
 0.1147,-0.00020761727920535263
 0.1147,-5.423084033634229e-05
 0.1148,0.0007966191726144498
 0.1148,0.0023075752693524298
 0.1148,0.004412319081376813
 0.1149,0.007018517972594212
 0.1149,0.010011919349595801
 0.1150,0.013261402899369699
 0.1150,0.016624759301033798
 0.1151,0.019954934776072117
 0.1151,0.023106464121129287
 0.1151,0.02594181060686846
 0.1152,0.028337339160436792
 0.1152,0.030188668489075407
 0.1153,0.03141517699527543
 0.1153,0.03196347521378663
 0.1153,0.031809701891806895
 0.1154,0.03096054947245578
 0.1154,0.02945297657252839
 0.1155,0.027352619072794317
 0.1155,0.024750965308760458
 0.1156,0.021761411861182155
 0.1156,0.01851436302854028
 0.1156,0.015151578298708303
 0.1157,0.011820006515117436
 0.1157,0.008665370886890721
 0.1158,0.005825783706332639
 0.1158,0.003425672294201059
 0.1158,0.0015702876170263526
 0.1159,0.0003410444044155336
 0.1159,-0.0002080929789175114
 0.1160,-5.301057102776306e-05
 0.1160,0.0007994817941088165
 0.1161,0.0023119538818164643
 0.1161,0.004418020603413554
 0.1161,0.007025291671253686
 0.1162,0.010019468126339495
 0.1162,0.013269396361189685
 0.1163,0.016632848260497886
 0.1163,0.019962766480813375
 0.1163,0.023113697395150314
 0.1164,0.025948130389998346
 0.1164,0.02834247007759956
 0.1165,0.0301923868616094
 0.1165,0.03141732063326731
 0.1166,0.031963950552200714
 0.1166,0.031808488174038044
 0.1166,0.030957699694545645
 0.1167,0.02944861506694128
 0.1167,0.0273469359489153
 0.1168,0.024744208192184477
 0.1168,0.02175387532879618
 0.1168,0.018506376006862144
 0.1169,0.015143489745550852
 0.1169,0.011812169993514383
 0.1170,0.008658128971397847
 0.1170,0.005819453151445385
 0.1171,0.0034205304277548075
 0.1171,0.001566560087834048
 0.1171,0.0003388947723398715
 0.1172,-0.00020857077151717213
 0.1172,-5.179604750211062e-05
 0.1173,0.0008023353261757917
 0.1173,0.0023163218649606345
 0.1173,0.00442371234384681
 0.1174,0.007032058282917095
 0.1174,0.010027013357138632
 0.1175,0.013277389710791425
 0.1175,0.01664093955178519
 0.1176,0.019970601291716718
 0.1176,0.023120932819342407
 0.1176,0.025954450279385692
 0.1177,0.02834759884285859
 0.1177,0.030196101268965762
 0.1178,0.03141945927653666
 0.1178,0.03196442063612076
 0.1178,0.031807269326034816
 0.1179,0.030954844774060655
 0.1179,0.029444248035822677
 0.1180,0.027341246767734105
 0.1180,0.024737444720081325
 0.1181,0.021746332496997898
 0.1181,0.018498382898780794
 0.1181,0.01513539534931952
 0.1182,0.011804328231848252
 0.1182,0.008650883362667523
 0.1183,0.005813121511325689
 0.1183,0.003415390495390442
 0.1183,0.001562837234126269
 0.1184,0.0003367524311999569
 0.1184,-0.00020903808978728052
 0.1185,-5.056730718396989e-05
 0.1185,0.0008052061286807997
 0.1186,0.0023207079363758536
 0.1186,0.004429420180674016
 0.1186,0.007038836808221308
 0.1187,0.01003456523778155
 0.1187,0.013285384433076525
 0.1188,0.016649027922901672
 0.1188,0.019978430661327568
 0.1188,0.023128162189344947
 0.1189,0.025960764805370875
 0.1189,0.02835272338583883
 0.1190,0.030199812408018716
 0.1190,0.03142159510544076
 0.1191,0.03196488790331785
 0.1191,0.03180604762039415
 0.1191,0.03095198745802637
 0.1192,0.029439879798454794
 0.1192,0.027335558028869597
 0.1193,0.02473068335001908
 0.1193,0.02173879325367293
 0.1193,0.018490394832330868
 0.1194,0.015127307473399727
 0.1194,0.011796494072281775
 0.1195,0.008643645353380108
 0.1195,0.005806796191288037
 0.1196,0.003410254946086082
 0.1196,0.001559116836047247
 0.1196,0.0003346104235360898
 0.1197,-0.00020950814732319885
 0.1197,-4.934532879129959e-05
 0.1198,0.0008080665135416106
 0.1198,0.0023250819447630452
 0.1198,0.0044351169544713034
 0.1199,0.0070456073131995416
 0.1199,0.010042113077854522
 0.1200,0.013293378978097372
 0.1200,0.016657118888362073
 0.1201,0.019986263554300807
 0.1201,0.023135394102555516
 0.1201,0.025967079692231356
 0.1202,0.028357845864389497
 0.1202,0.03020351953617505
 0.1203,0.031423725825213904
 0.1203,0.03196534979258695
 0.1203,0.031804820670434844
 0.1204,0.030949124860927744
 0.1204,0.029435505818336413
 0.1205,0.027329862908387965
 0.1205,0.02472391520518377
 0.1206,0.02173124722215463
 0.1206,0.018482400129032205
 0.1206,0.015119213142613615
 0.1207,0.011788654039567211
 0.1207,0.008636403099201558
 0.1208,0.005800469430100538
 0.1208,0.0034051212193561098
 0.1208,0.0015554012302947911
 0.1209,0.0003324760582914623
 0.1209,-0.00020996706651612196
 0.1210,-4.810808561285518e-05
 0.1210,0.0008109455404352266
 0.1211,0.0023294755204444754
 0.1211,0.0044408311417280365
 0.1211,0.007052390682814149
 0.1212,0.010049668059056995
 0.1212,0.013301374938088872
 0.1213,0.016665206634827644
 0.1213,0.01999409054776722
 0.1213,0.023142619531548052
 0.1214,0.025973388933585653
 0.1214,0.028362964016607865
 0.1215,0.03020722343450101
 0.1215,0.031425853844054594
 0.1216,0.03196580899119677
 0.1216,0.031803590982640864
 0.1216,0.03094626001740119
 0.1217,0.0294311308670913
 0.1217,0.027324168580350555
 0.1218,0.024717149613768852
 0.1218,0.021723705304201174
 0.1218,0.018474411057037007
 0.1219,0.015111125984924685
 0.1219,0.011780822281542404
 0.1220,0.00862916902800526
 0.1220,0.005794149363053893
 0.1221,0.0033999919891040467
 0.1221,0.0015516879495263605
 0.1221,0.00033034164478333507
 0.1222,-0.0002104294396864096
 0.1222,-4.6878726468271235e-05
 0.1223,0.0008138126846689108
 0.1223,0.002333855453215387
 0.1223,0.004446532854970256
 0.1224,0.007059165005428956
 0.1224,0.010057218456709609
 0.1225,0.013309370650991673
 0.1225,0.016673297265880252
 0.1226,0.020001921524151572
 0.1226,0.023149847935941253
 0.1226,0.025979698815313267
 0.1227,0.028368080199848114
 0.1227,0.03021092327079745
 0.1228,0.03142797662720593
 0.1228,0.03196626267567252
 0.1228,0.031802355924702486
 0.1229,0.030943389739811394
 0.1229,0.029426749932993494
 0.1230,0.02731846751248637
 0.1230,0.024710376785028926
 0.1231,0.021716156059110665
 0.1231,0.018466414741184246
 0.1231,0.015103031697616993
 0.1232,0.011772983952428272
 0.1232,0.00862193010436982
 0.1233,0.005787827463408754
 0.1233,0.0033948644590753615
 0.1233,0.0015479795900043686
 0.1234,0.0003282152612524723
 0.1234,-0.00021087994213332738
 0.1235,-4.5632947065701944e-05
 0.1235,0.0008166999819798531
 0.1236,0.002338256581212609
 0.1236,0.0044522534300307885
 0.1236,0.0070659532371705955
 0.1237,0.010064776533456471
 0.1237,0.013317367822627619
 0.1238,0.016681384346910026
 0.1238,0.02000974609568042
 0.1238,0.0231570693828146
 0.1239,0.025986002741645114
 0.1239,0.028373191942963838
 0.1240,0.030214619920143425
 0.1240,0.031430096834530075
 0.1241,0.03196671380832086
 0.1241,0.03180111826092674
 0.1241,0.030940517380392198
 0.1242,0.029422368287365063
 0.1242,0.027312767623422975
 0.1243,0.024703607007494056
 0.1243,0.02170861150638677
 0.1243,0.01845842470643416
 0.1244,0.015094945302576454
 0.1244,0.011765154638572105
 0.1245,0.008614700005436468
 0.1245,0.005781512668172536
 0.1246,0.003389741548386698
 0.1246,0.0015442734095255796
 0.1246,0.0003260884067194873
 0.1247,-0.00021133468870836538
 0.1247,-4.4396290929100296e-05
 0.1248,0.0008195737803674485
 0.1248,0.0023426423250838815
 0.1248,0.004457959977520338
 0.1249,0.007072731292565786
 0.1249,0.01007232943033323
 0.1250,0.013325364671818288
 0.1250,0.016689474633246673
 0.1251,0.02001757515646281
 0.1251,0.023164294280325896
 0.1251,0.02599230761478076
 0.1252,0.028378301820793945
 0.1252,0.03021831245021978
 0.1253,0.03143221166638071
 0.1253,0.0319671592765622
 0.1253,0.03179987508796051
 0.1254,0.030937639417703815
 0.1254,0.029417980393702595
 0.1255,0.02730706059930635
 0.1255,0.02469682948243185
 0.1256,0.021701059032099554
 0.1256,0.018450426758522716
 0.1256,0.015086851034209156
 0.1257,0.011757317984598108
 0.1257,0.008607464384907093
 0.1258,0.0057751956095451725
 0.1258,0.0033846202037555347
 0.1258,0.0015405722928247708
 0.1259,0.00032397000956933147
 0.1259,-0.0002117767571007715
 0.1260,-4.3141941001515084e-05
 0.1260,0.0008224693963671854
 0.1261,0.0023470510559431335
 0.1261,0.004463686979066642
 0.1261,0.007079524403526208
 0.1262,0.010079890594864955
 0.1262,0.01333336302471251
 0.1263,0.016697561002695677
 0.1263,0.020025397254581998
 0.1263,0.023171511698851836
 0.1264,0.0259986061918241
 0.1264,0.02838340713410732
 0.1265,0.030222001841163956
 0.1265,0.031434324060172894
 0.1266,0.03196760234566026
 0.1266,0.03179862945473572
 0.1266,0.030934759555211945
 0.1267,0.02941359207534143
 0.1267,0.027301355180281865
 0.1268,0.024690055557495608
 0.1268,0.021693511888464072
 0.1268,0.018442435808234934
 0.1269,0.015078765450610172
 0.1269,0.011749491161170656
 0.1270,0.008600238294694815
 0.1270,0.005768886105516655
 0.1271,0.003379503611852413
 0.1271,0.0015368731921331315
 0.1271,0.0003218506728847022
 0.1272,-0.00021222394342868445
 0.1272,-4.1898082789188764e-05
 0.1273,0.0008253497304677534
 0.1273,0.00235144248343105
 0.1273,0.004469398242046951
 0.1274,0.0070863060956718885
 0.1274,0.010087445924787353
 0.1275,0.01334136097392391
 0.1275,0.016705650931474702
 0.1276,0.020033224399385978
 0.1276,0.02317873309053413
 0.1276,0.02600490605199145
 0.1277,0.028388510695043317
 0.1277,0.030225687048605558
 0.1278,0.03143643092384943
 0.1278,0.03196803958464265
 0.1278,0.0317973781589079
 0.1279,0.030931873902301593
 0.1279,0.029409197215668544
 0.1280,0.027295642189798717
 0.1280,0.024683273322317005
 0.1281,0.021685956167761006
 0.1281,0.018434436206361156
 0.1281,0.015070671173155291
 0.1282,0.01174165614979244
 0.1282,0.008593005945930888
 0.1283,0.0057625738639744024
 0.1283,0.003374388438199863
 0.1283,0.001533179312050259
 0.1284,0.0003197402648079373
 0.1284,-0.00021265756101220153
 0.1285,-4.063512700714153e-05
 0.1285,0.0008282537154386982
 0.1286,0.002355858869834526
 0.1286,0.004475131710137145
 0.1286,0.007093104102635245
 0.1287,0.010095010166766689
 0.1287,0.013349360472933641
 0.1288,0.01671373653728738
 0.1288,0.020041043966883963
 0.1288,0.023185946429676894
 0.1289,0.02601119924176145
 0.1289,0.028393609555184548
 0.1290,0.0302293691702325
 0.1290,0.03143853550169782
 0.1291,0.03196847459274086
 0.1291,0.031796124562980206
 0.1291,0.030928986550226627
 0.1292,0.029404802248021958
 0.1292,0.027289931274959982
 0.1293,0.02467649529247984
 0.1293,0.021678406480897656
 0.1293,0.018426444391478294
 0.1294,0.015062586453649829
 0.1294,0.011733831866684079
 0.1295,0.008585783903149123
 0.1295,0.00575626967035067
 0.1296,0.0033692781615769518
 0.1296,0.001529487265960303
 0.1296,0.0003176283981433947
 0.1297,-0.0002130972630399495
 0.1297,-3.93841746638077e-05
 0.1298,0.0008311404513222002
 0.1298,0.0023602558375174
 0.1298,0.004480847555285002
 0.1299,0.007099889323412477
 0.1299,0.01010256785461846
 0.1300,0.01335735948053812
 0.1300,0.015882582854914635
