  0.000,0.0
  1.000,0.009271696347629406
  0.000,0.009271696347629406
 1.5500E-05,0.009621803789850997
 3.1000E-05,0.010733532582497929
 4.6500E-05,0.012311710334706702
 6.2000E-05,0.014659029982307172
 7.7500E-05,0.01756558193551926
 9.3000E-05,0.02022982968883491
 1.0850E-04,0.02197359750370269
 1.2400E-04,0.02254853950407615
 1.3950E-04,0.021861866899198886
 1.5500E-04,0.019804532581800774
 1.7050E-04,0.01673218229889871
 1.8600E-04,0.01352106020696193
 2.0150E-04,0.010755810498694864
 2.1700E-04,0.008570942339798443
 2.3250E-04,0.007135398870200162
 2.4800E-04,0.0065142214150150975
 2.6350E-04,0.006236327866435912
 2.7900E-04,0.005629605583987792
 2.9450E-04,0.004474514252398056
 3.1000E-04,0.002863997523913242
 3.2550E-04,0.0008239970498008023
 3.4100E-04,-0.0013610665736525857
 3.5650E-04,-0.002962149459744776
 3.7200E-04,-0.003388854009323072
 3.8750E-04,-0.00253894232193056
 4.0300E-04,-0.0004951628150370959
 4.1850E-04,0.00258579658127435
 4.3400E-04,0.006181787632220171
 4.4950E-04,0.009520886438454093
 4.6500E-04,0.012110334595532003
 4.8050E-04,0.013843291536345594
 4.9600E-04,0.014749569676783364
 5.1150E-04,0.015001767865692501
 5.2700E-04,0.015061888016937482
 5.4250E-04,0.015468420044361294
 5.5800E-04,0.016406241343832857
 5.7350E-04,0.017706711410183956
 5.8900E-04,0.01913746037477032
 6.0450E-04,0.02033786213312826
 6.2000E-04,0.020718679249589145
 6.3550E-04,0.019843480620666917
 6.5100E-04,0.017740077902302923
 6.6650E-04,0.014691095310527659
 6.8200E-04,0.01106012944046704
 6.9750E-04,0.007416798003065193
 7.1300E-04,0.004422807173646841
 7.2850E-04,0.0024408595264897755
 7.4400E-04,0.0014478223265203853
 7.5950E-04,0.0012448982619500317
 7.7500E-04,0.001520087680418104
 7.9050E-04,0.0018174915419602472
 8.0600E-04,0.0017306831425425188
 8.2150E-04,0.0011836043258992564
 8.3700E-04,0.0004153998274701923
 8.5250E-04,-0.00023328741935070714
 8.6800E-04,-0.0003706566834392503
 8.8350E-04,0.00043435475699510014
 8.9900E-04,0.0024143906286732478
 9.1450E-04,0.005404720195306759
 9.3000E-04,0.008975452717064195
 9.4550E-04,0.012629969840658947
 9.6100E-04,0.01582379276566558
 9.7650E-04,0.018052596540826908
 9.9200E-04,0.019110299411108027
 1.0075E-03,0.019164161958522354
 1.0230E-03,0.01855957276145479
 1.0385E-03,0.01768591329359248
 1.0540E-03,0.016954416638157548
 1.0695E-03,0.016647411397097876
 1.0850E-03,0.01672563499274156
 1.1005E-03,0.01687833852384291
 1.1160E-03,0.016723876560204288
 1.1315E-03,0.015903937416802797
 1.1470E-03,0.014143303312923104
 1.1625E-03,0.011410452621379512
 1.1780E-03,0.008012425606643933
 1.1935E-03,0.004467227922135262
 1.2090E-03,0.0013114883720614515
 1.2245E-03,-0.0009882655005444886
 1.2400E-03,-0.0021184235195758874
 1.2555E-03,-0.0020614403569259795
 1.2710E-03,-0.0011167667822270684
 1.2865E-03,0.00027486658042700563
 1.3020E-03,0.0016971302324197168
 1.3175E-03,0.0028209866888659757
 1.3330E-03,0.003499658004754756
 1.3485E-03,0.003872163117581358
 1.3640E-03,0.004292810248043838
 1.3795E-03,0.005136121751768039
 1.3950E-03,0.006675418737313694
 1.4105E-03,0.009023488569707949
 1.4260E-03,0.012042935775029568
 1.4415E-03,0.015321755377709247
 1.4570E-03,0.018313145582759587
 1.4725E-03,0.020523525150573256
 1.4880E-03,0.02161632923450506
 1.5035E-03,0.0214753179889705
 1.5190E-03,0.020267171650125905
 1.5345E-03,0.01840337290444425
 1.5500E-03,0.016368356697765936
 1.5655E-03,0.014554203291088428
 1.5810E-03,0.013186156342546527
 1.5965E-03,0.012274609623446993
 1.6120E-03,0.011592157340897852
 1.6275E-03,0.010769476667289139
 1.6430E-03,0.009477261653596967
 1.6585E-03,0.007550788098619473
 1.6740E-03,0.005032704136834539
 1.6895E-03,0.0021958819410404324
 1.7050E-03,-0.0004914078591871031
 1.7205E-03,-0.002513729255301828
 1.7360E-03,-0.003483515436954712
 1.7515E-03,-0.003232670091568214
 1.7670E-03,-0.001839026158542876
 1.7825E-03,0.00037694736387739554
 1.7980E-03,0.0029345617543794756
 1.8135E-03,0.005359885488043014
 1.8290E-03,0.007332492994908313
 1.8445E-03,0.00874444156261114
 1.8600E-03,0.009704863912437337
 1.8755E-03,0.010502535401622808
 1.8910E-03,0.01148964280611159
 1.9065E-03,0.012920355282983013
 1.9220E-03,0.014845728541332334
 1.9375E-03,0.017096989249569504
 1.9530E-03,0.01931654769452744
 1.9685E-03,0.021037525618385358
 1.9840E-03,0.02183052646289448
 1.9995E-03,0.021453466568023067
 2.0150E-03,0.019917695533139233
 2.0305E-03,0.017473445832387424
 2.0460E-03,0.014551837132092148
 2.0615E-03,0.011653002175136793
 2.0770E-03,0.009190951400531562
 2.0925E-03,0.00737571942575645
 2.1080E-03,0.00618665510235606
 2.1235E-03,0.0054116254107687695
 2.1390E-03,0.004727302685820527
 2.1545E-03,0.0038250205457189324
 2.1700E-03,0.0025459868437927315
 2.1855E-03,0.0009515142310797763
 2.2010E-03,-0.0006952717760263195
 2.2165E-03,-0.0020021732693565695
 2.2320E-03,-0.0025557423005117697
 2.2475E-03,-0.0020564174566462872
 2.2630E-03,-0.0004301451257619315
 2.2785E-03,0.0021434104227781694
 2.2940E-03,0.0052837928156790614
 2.3095E-03,0.008506036418748423
 2.3250E-03,0.0113449908393326
 2.3405E-03,0.013486781338791913
 2.3560E-03,0.0148493384977195
 2.3715E-03,0.015573446350355923
 2.3870E-03,0.01594712234069995
 2.4025E-03,0.016298829343320116
 2.4180E-03,0.01687564670552844
 2.4335E-03,0.017740318245223787
 2.4490E-03,0.018739777704500887
 2.4645E-03,0.019557770961539152
 2.4800E-03,0.019816423432818732
 2.4955E-03,0.01919490097060467
 2.5110E-03,0.017543793575312053
 2.5265E-03,0.014954571250628946
 2.5420E-03,0.011745980312256373
 2.5575E-03,0.008377038447543934
 2.5730E-03,0.005327623857362232
 2.5885E-03,0.0029765315590386966
 2.6040E-03,0.0015030473907387781
 2.6195E-03,0.0008510793404801036
 2.6350E-03,0.0007755585396643937
 2.6505E-03,0.0009447150533980844
 2.6660E-03,0.0010569154768999781
 2.6815E-03,0.000945114314170764
 2.6970E-03,0.0006404943414339227
 2.7125E-03,0.0003634154577343456
 2.7280E-03,0.00044180028846779436
 2.7435E-03,0.0011949587031677218
 2.7590E-03,0.0028214450646953325
 2.7745E-03,0.005316494302884748
 2.7900E-03,0.008447073397816106
 2.8055E-03,0.01180330253358603
 2.8210E-03,0.014908172417111861
 2.8365E-03,0.017342625545150887
 2.8520E-03,0.018850940882952485
 2.8675E-03,0.01940149143425842
 2.8830E-03,0.01917957029648975
 2.8985E-03,0.01850908472538864
 2.9140E-03,0.017734874727413467
 2.9295E-03,0.01710939465287049
 2.9450E-03,0.016714041949269585
 2.9605E-03,0.016436068863585087
 2.9760E-03,0.016014579990447572
 2.9915E-03,0.015142915271160103
 3.0070E-03,0.013587010874187828
 3.0225E-03,0.011279453059697317
 3.0380E-03,0.008364856474143222
 3.0535E-03,0.005181440931895442
 3.0690E-03,0.002177634244132216
 3.0845E-03,-0.00020947869265654792
 3.1000E-03,-0.0016700635379501662
 3.1155E-03,-0.002097702620901476
 3.1310E-03,-0.0016078923729730874
 3.1465E-03,-0.0004914410875288425
 3.1620E-03,0.0008861072187794428
 3.1775E-03,0.002203427031438729
 3.1930E-03,0.0032790555542458267
 3.2085E-03,0.004117015190451839
 3.2240E-03,0.00489133931183305
 3.2395E-03,0.005871523322988832
 3.2550E-03,0.007311681714685958
 3.2705E-03,0.009343905335592767
 3.2860E-03,0.011912310917687637
 3.3015E-03,0.014765848404362668
 3.3170E-03,0.017512486070314092
 3.3325E-03,0.019722315110999224
 3.3480E-03,0.02104744080177632
 3.3635E-03,0.021317324673475458
 3.3790E-03,0.02058033229483114
 3.3945E-03,0.019082154372684186
 3.4100E-03,0.017187343947997563
 3.4255E-03,0.015266469573951356
 3.4410E-03,0.01358667619275964
 3.4565E-03,0.012242746620132782
 3.4720E-03,0.011147824044006372
 3.4875E-03,0.01008353958992586
 3.5030E-03,0.008794463096947019
 3.5185E-03,0.007096980136956901
 3.5340E-03,0.0049642463332498984
 3.5495E-03,0.002557908483115548
 3.5650E-03,0.00019800559802550174
 3.5805E-03,-0.0017192976081914202
 3.5960E-03,-0.0028327589267441748
 3.6115E-03,-0.002921249560430635
 3.6270E-03,-0.0019678661727830947
 3.6425E-03,-0.00016318666852239917
 3.6580E-03,0.0021509619312771195
 3.6735E-03,0.0045798499587941695
 3.6890E-03,0.0067872615035165645
 3.7045E-03,0.008584257521212809
 3.7200E-03,0.009966074623272689
 3.7355E-03,0.011087491898914477
 3.7510E-03,0.012187273170546725
 3.7665E-03,0.013485973750869342
 3.7820E-03,0.015089888051849083
 3.7975E-03,0.016934262952208262
 3.8130E-03,0.018785652820451745
 3.8285E-03,0.020301921181564896
 3.8440E-03,0.021130630888553097
 3.8595E-03,0.021016095932749248
 3.8750E-03,0.019881263785445358
 3.8905E-03,0.01785681412559601
 3.9060E-03,0.015248064102379617
 3.9215E-03,0.012451516959176828
 3.9370E-03,0.009847305844257045
 3.9525E-03,0.007700053601037151
 3.9680E-03,0.006099143545088396
 3.9835E-03,0.004957235338844557
 3.9990E-03,0.004065509913822045
 4.0145E-03,0.003185631954443231
 4.0300E-03,0.002148471469865029
 4.0455E-03,0.0009278321035331924
 4.0610E-03,-0.00033587052026185665
 4.0765E-03,-0.0013706258714309078
 4.0920E-03,-0.0018547165634609074
 4.1075E-03,-0.0015188866380328853
 4.1230E-03,-0.00023699321859825453
 4.1385E-03,0.0019235817313574548
 4.1540E-03,0.004708942768108534
 4.1695E-03,0.0077415111803458
 4.1850E-03,0.010618540557546713
 4.2005E-03,0.013015792402221962
 4.2160E-03,0.014765059409361955
 4.2315E-03,0.015881740872112863
 4.2470E-03,0.016534162440900026
 4.2625E-03,0.016965993045740514
 4.2780E-03,0.01739843913797243
 4.2935E-03,0.017944151471425654
 4.3090E-03,0.018560484795784173
 4.3245E-03,0.019057789531419116
 4.3400E-03,0.01916057547649405
 4.3555E-03,0.018601328923146546
 4.3710E-03,0.017216230577540105
 4.3865E-03,0.015012109466951369
 4.4020E-03,0.012182862841978677
 4.4175E-03,0.009068996495180446
 4.4330E-03,0.006072477744187855
 4.4485E-03,0.0035538774173645596
 4.4640E-03,0.0017437002373771934
 4.4795E-03,0.0006944547280027609
 4.4950E-03,0.00028740425043691757
 4.5105E-03,0.000290997068370494
 4.5260E-03,0.00045115314639756484
 4.5415E-03,0.0005833962182615294
 4.5570E-03,0.0006371080530173341
 4.5725E-03,0.0007115990220293748
 4.5880E-03,0.0010188267608414745
 4.6035E-03,0.0018048180419476042
 4.6190E-03,0.0032557634529851737
 4.6345E-03,0.005419710117078461
 4.6500E-03,0.008169314876174462
 4.6655E-03,0.01121819790275412
 4.6810E-03,0.014186934493101492
 4.6965E-03,0.01669878112657345
 4.7120E-03,0.018475288953875547
 4.7275E-03,0.01940216705660471
 4.7430E-03,0.01954560632271207
 4.7585E-03,0.01911483403735371
 4.7740E-03,0.018383515681081652
 4.7895E-03,0.01759591183275997
 4.8050E-03,0.0168884581497653
 4.8205E-03,0.016251739898577613
 4.8360E-03,0.015544370887236177
 4.8515E-03,0.014553761011256747
 4.8670E-03,0.01308367608045697
 4.8825E-03,0.011039470364850637
 4.8980E-03,0.008482553200153321
 4.9135E-03,0.005635879093330764
 4.9290E-03,0.002837989315802712
 4.9445E-03,0.00045932162644733146
 4.9600E-03,-0.0011934283140473782
 4.9755E-03,-0.0019551498251467302
 4.9910E-03,-0.0018384988482766254
 5.0065E-03,-0.0010180156938240652
 5.0220E-03,0.00023200488445184234
 5.0375E-03,0.0016258526003813327
 5.0530E-03,0.0029526921157945994
 5.0685E-03,0.004133325943368903
 5.0840E-03,0.005229859493757727
 5.0995E-03,0.006406146246586102
 5.1150E-03,0.007852625897120422
 5.1305E-03,0.009700557488375014
 5.1460E-03,0.011954237907302722
 5.1615E-03,0.014464045145389817
 5.1770E-03,0.016949851123539948
 5.1925E-03,0.01906819261124181
 5.2080E-03,0.020502702152123884
 5.2235E-03,0.021049693261842965
 5.2390E-03,0.0206720124368179
 5.2545E-03,0.01950437310384332
 5.2700E-03,0.017809003809349095
 5.2855E-03,0.015896137140275764
 5.3010E-03,0.01403470663411593
 5.3165E-03,0.01238145347860926
 5.3320E-03,0.010950462822084275
 5.3475E-03,0.009631799661492708
 5.3630E-03,0.008251957777868092
 5.3785E-03,0.006655543959841038
 5.3940E-03,0.00478094243026619
 5.4095E-03,0.00270462233739092
 5.4250E-03,0.000638911147188123
 5.4405E-03,-0.0011167506377943845
 5.4560E-03,-0.002256033355378102
 5.4715E-03,-0.0025523953318364796
 5.4870E-03,-0.0019251145419394728
 5.5025E-03,-0.000463976543236885
 5.5180E-03,0.0015950687654328313
 5.5335E-03,0.003935516476934829
 5.5490E-03,0.006246586606087501
 5.5645E-03,0.008303321207205944
 5.5800E-03,0.010015770355471248
 5.5955E-03,0.011432520509998935
 5.6110E-03,0.012698638655349499
 5.6265E-03,0.013982839838844683
 5.6420E-03,0.015398432116153056
 5.6575E-03,0.01694438995435332
 5.6730E-03,0.018486345501065808
 5.6885E-03,0.019784358959655208
 5.7040E-03,0.02055910069031457
 5.7195E-03,0.020575564579398055
 5.7350E-03,0.0197176909375914
 5.7505E-03,0.018030028535321777
 5.7660E-03,0.015712941275244308
 5.7815E-03,0.013072656220419344
 5.7970E-03,0.010441819649275944
 5.8125E-03,0.008095381957094017
 5.8280E-03,0.006187725449535884
 5.8435E-03,0.004729882565334666
 5.8590E-03,0.0036127750788454488
 5.8745E-03,0.0026676763263495246
 5.8900E-03,0.0017432896516417972
 5.9055E-03,0.0007737612180911804
 5.9210E-03,-0.0001848802427011502
 5.9365E-03,-0.0009620437370088385
 5.9520E-03,-0.001321623261589341
 5.9675E-03,-0.0010371602288576202
 5.9830E-03,3.0978454818052226e-05
 5.9985E-03,0.0018812029196271284
 6.0140E-03,0.004356733394026648
 6.0295E-03,0.007177054076596332
 6.0450E-03,0.010005506546480088
 6.0605E-03,0.012532338794837259
 6.0760E-03,0.014547697295071962
 6.0915E-03,0.015982363145103887
 6.1070E-03,0.016904391972209807
 6.1225E-03,0.017473923625970028
 6.1380E-03,0.017871782695748396
 6.1535E-03,0.01822573712586179
 6.1690E-03,0.018558732835643008
 6.1845E-03,0.018776046079023362
 6.2000E-03,0.018695568790276874
 6.2155E-03,0.01811140661670846
 6.2310E-03,0.0168700687692374
 6.2465E-03,0.01493431411734011
 6.2620E-03,0.012413590441449206
 6.2775E-03,0.009550663454317435
 6.2930E-03,0.006667992126570708
 6.3085E-03,0.004090182068763104
 6.3240E-03,0.002066339929827292
 6.3395E-03,0.0007159769526408515
 6.3550E-03,1.4440884825664565e-05
 6.3705E-03,-0.00017872952866743852
 6.3860E-03,-5.863448800059177e-05
 6.4015E-03,0.0001986454667038688
 6.4170E-03,0.000498154625761464
 6.4325E-03,0.000856573472515267
 6.4480E-03,0.0013915082667985907
 6.4635E-03,0.0022733638794780724
 6.4790E-03,0.0036557527857781487
 6.4945E-03,0.005607391452330887
 6.5100E-03,0.008068052136187533
 6.5255E-03,0.010843521360542166
 6.5410E-03,0.013642142835733157
 6.5565E-03,0.01614232366593361
 6.5720E-03,0.01807050061668187
 6.5875E-03,0.019265652771764723
 6.6030E-03,0.01971068053332172
 6.6185E-03,0.01952153054630511
 6.6340E-03,0.01889839260194392
 6.6495E-03,0.018055260584891895
 6.6650E-03,0.01715079890386613
 6.6805E-03,0.016242687953974946
 6.6960E-03,0.015279737670768203
 6.7115E-03,0.014133662007178449
 6.7270E-03,0.01265951269948786
 6.7425E-03,0.010764479397607893
 6.7580E-03,0.00846201980905014
 6.7735E-03,0.005892981904890846
 6.7890E-03,0.003306011284900565
 6.8045E-03,0.0010026240559529564
 6.8200E-03,-0.0007363832292799017
 6.8355E-03,-0.0017206062192033403
 6.8510E-03,-0.0018944875228188753
 6.8665E-03,-0.0013432421967845233
 6.8820E-03,-0.0002590572016743717
 6.8975E-03,0.0011212399114746616
 6.9130E-03,0.0025870630875584446
 6.9285E-03,0.004011084718269456
 6.9440E-03,0.005374664473327335
 6.9595E-03,0.006754315016818698
 6.9750E-03,0.0082745009150049
 6.9905E-03,0.010042958257912682
 7.0060E-03,0.012090344794543849
 7.0215E-03,0.014334625601023991
 7.0370E-03,0.01658264529346427
 7.0525E-03,0.01856937792505106
 7.0680E-03,0.02002319703564436
 7.0835E-03,0.02073705288550303
 7.0990E-03,0.02062339768121798
 7.1145E-03,0.01973575204282284
 7.1300E-03,0.01825036286329934
 7.1455E-03,0.016414045126709256
 7.1610E-03,0.014474906666877011
 7.1765E-03,0.012617811715041533
 7.1920E-03,0.010924563861902874
 7.2075E-03,0.009370573673324698
 7.2230E-03,0.007857903743329063
 7.2385E-03,0.006272864375653068
 7.2540E-03,0.004548499922511403
 7.2695E-03,0.0027108358985083645
 7.2850E-03,0.0008930945297393293
 7.3005E-03,-0.0006874990336172616
 7.3160E-03,-0.001783574921973511
 7.3315E-03,-0.0021854813104115463
 7.3470E-03,-0.0017819443436998927
 7.3625E-03,-0.0005945214245889057
 7.3780E-03,0.001224968574889329
 7.3935E-03,0.0034332938677008543
 7.4090E-03,0.005758892805592077
 7.4245E-03,0.007969663006686164
 7.4400E-03,0.009924632681791943
 7.4555E-03,0.01159400946691013
 7.4710E-03,0.013042349595202056
 7.4865E-03,0.014381476027499748
 7.5020E-03,0.015709457883420513
 7.5175E-03,0.017056326121906246
 7.5330E-03,0.018354873339264024
 7.5485E-03,0.019446660998270773
 7.5640E-03,0.0201218885145602
 7.5795E-03,0.020180731561558186
 7.5950E-03,0.019496673699626575
 7.6105E-03,0.018061530126326854
 7.6260E-03,0.015997578520853855
 7.6415E-03,0.013532624164265861
 7.6570E-03,0.010945553597473226
 7.6725E-03,0.008499173099023342
 7.6880E-03,0.006380930394550977
 7.7035E-03,0.004669333373825773
 7.7190E-03,0.003335491826605217
 7.7345E-03,0.0022779478556303953
 7.7500E-03,0.0013784111676680537
 7.7655E-03,0.0005595063101444442
 7.7810E-03,-0.0001747803499507958
 7.7965E-03,-0.0007294822394765038
 7.8120E-03,-0.0009432805316715904
 7.8275E-03,-0.0006396238909407985
 7.8430E-03,0.00031205893066968274
 7.8585E-03,0.0019448203082242884
 7.8740E-03,0.004169151209115077
 7.8895E-03,0.006782974355716341
 7.9050E-03,0.009514224527854866
 7.9205E-03,0.012083334751468925
 7.9360E-03,0.014266701774957095
 7.9515E-03,0.01594195122362194
 7.9670E-03,0.0171016753664295
 7.9825E-03,0.017832411397306947
 7.9980E-03,0.018266706996124645
 8.0135E-03,0.0185246001343866
 8.0290E-03,0.018663999300761548
 8.0445E-03,0.018656310332720114
 8.0600E-03,0.018395274755145203
 8.0755E-03,0.017736082934207996
 8.0910E-03,0.016551903793753417
 8.1065E-03,0.014789209446114844
 8.1220E-03,0.01250352341516961
 8.1375E-03,0.009863408649019237
 8.1530E-03,0.007120626863016559
 8.1685E-03,0.004555155057450367
 8.1840E-03,0.002411668145027108
 8.1995E-03,0.0008466816847393643
 8.2150E-03,-9.795823397760583e-05
 8.2305E-03,-0.0004879593638645755
 8.2460E-03,-0.00045916551451029834
 8.2615E-03,-0.0001626031152768137
 8.2770E-03,0.000289920814438396
 8.2925E-03,0.0008620502338992211
 8.3080E-03,0.001599417921751182
 8.3235E-03,0.0026047276873940777
 8.3390E-03,0.003989899632892162
 8.3545E-03,0.0058212930465616495
 8.3700E-03,0.00807634706293244
 8.3855E-03,0.010626418795435346
 8.4010E-03,0.013252305562407415
 8.4165E-03,0.015688549776030083
 8.4320E-03,0.01768343602740027
 8.4475E-03,0.019056528784786413
 8.4630E-03,0.019736307003430667
 8.4785E-03,0.019766732617161865
 8.4940E-03,0.019281433228285908
 8.5095E-03,0.01845439749558861
 8.5250E-03,0.01744336716120778
 8.5405E-03,0.01634413566262746
 8.5560E-03,0.015170131686210094
 8.5715E-03,0.013863264930030225
 8.5870E-03,0.012331768679062619
 8.6025E-03,0.01050197661084903
 8.6180E-03,0.008366428725147642
 8.6335E-03,0.006011859081817061
 8.6490E-03,0.003617090772245008
 8.6645E-03,0.0014205473938054924
 8.6800E-03,-0.00033315306488204254
 8.6955E-03,-0.0014513609249324562
 8.7110E-03,-0.0018386252588565156
 8.7265E-03,-0.0015153679435622497
 8.7420E-03,-0.0006046934010494008
 8.7575E-03,0.0007080532174297972
 8.7730E-03,0.0022299617889137264
 8.7885E-03,0.0038121972151219474
 8.8040E-03,0.00538257299501157
 8.8195E-03,0.006949362155381761
 8.8350E-03,0.008576049184097505
 8.8505E-03,0.01033616583391995
 8.8660E-03,0.012263795091577703
 8.8815E-03,0.014316715256438349
 8.8970E-03,0.01636506879082719
 8.9125E-03,0.018210202996775164
 8.9280E-03,0.019628575450387185
 8.9435E-03,0.02042746060511508
 8.9590E-03,0.020495254544493968
 8.9745E-03,0.019830739080768725
 8.9900E-03,0.018542250376674518
 9.0055E-03,0.016817177675376164
 9.0210E-03,0.014871519737912687
 9.0365E-03,0.012895346829478323
 9.0520E-03,0.011011016874687553
 9.0675E-03,0.009256617589502445
 9.0830E-03,0.007598816182692562
 9.0985E-03,0.0059697770885365434
 9.1140E-03,0.004315095845136544
 9.1295E-03,0.0026362393005450882
 9.1450E-03,0.0010128640257889088
 9.1605E-03,-0.00040301860056970486
 9.1760E-03,-0.001419891242503124
 9.1915E-03,-0.0018566696565684507
 9.2070E-03,-0.0015942219854768454
 9.2225E-03,-0.0006123250025300041
 9.2380E-03,0.000999606161912724
 9.2535E-03,0.0030615325634560913
 9.2690E-03,0.005345832170631647
 9.2845E-03,0.007631225992336922
 9.3000E-03,0.009751179876263331
 9.3155E-03,0.011622301691144138
 9.3310E-03,0.013244776404331209
 9.3465E-03,0.014675908498745689
 9.3620E-03,0.015986462807154853
 9.3775E-03,0.017214933966029425
 9.3930E-03,0.01833539601520363
 9.4085E-03,0.01925004683138611
 9.4240E-03,0.019809446327578382
 9.4395E-03,0.01985436442270662
 9.4550E-03,0.019266019409716346
 9.4705E-03,0.01800859725780978
 9.4860E-03,0.016150239720261722
 9.5015E-03,0.013855438908099635
 9.5170E-03,0.011350790181939753
 9.5325E-03,0.0088744116209022
 9.5480E-03,0.006624352392852018
 9.5635E-03,0.004721415798274221
 9.5790E-03,0.0031970469863268234
 9.5945E-03,0.002008859920350878
 9.6100E-03,0.0010775967718699854
 9.6255E-03,0.0003326088194328034
 9.6410E-03,-0.00024956968650069553
 9.6565E-03,-0.000626535593687532
 9.6720E-03,-0.0006975903185655435
 9.6875E-03,-0.0003353095986821222
 9.7030E-03,0.0005690329125294282
 9.7185E-03,0.0020609351090524505
 9.7340E-03,0.004093654696337323
 9.7495E-03,0.006524556835722584
 9.7650E-03,0.009138741630948305
 9.7805E-03,0.011693320880312268
 9.7960E-03,0.013969233474186282
 9.8115E-03,0.015815142558383715
 9.8270E-03,0.0171705108564754
 9.8425E-03,0.01806160200084
 9.8580E-03,0.018572769704955486
 9.8735E-03,0.01880319101466364
 9.8890E-03,0.01882366379020818
 9.9045E-03,0.018647806521897924
 9.9200E-03,0.018227097938422948
 9.9355E-03,0.01747128137771811
 9.9510E-03,0.0162872904931154
 9.9665E-03,0.01462371769388946
 9.9820E-03,0.012505915316947086
 9.9975E-03,0.010049711931100828
 1.0013E-02,0.007448502619669846
 1.0029E-02,0.004936932563220286
 1.0044E-02,0.002741802607244538
 1.0060E-02,0.0010348172092653428
 1.0075E-02,-9.886503067051914e-05
 1.0091E-02,-0.0006673637902964923
 1.0106E-02,-0.0007529657115642094
 1.0122E-02,-0.0004740947649607737
 1.0137E-02,5.892883522686513e-05
 1.0153E-02,0.0007799340502853999
 1.0168E-02,0.0016832445545322927
 1.0183E-02,0.0028153853051466745
 1.0199E-02,0.004245324008968872
 1.0214E-02,0.006023472737499188
 1.0230E-02,0.008143407021664342
 1.0246E-02,0.01051949124168498
 1.0261E-02,0.012988588910938705
 1.0277E-02,0.015336384933364417
 1.0292E-02,0.01734098573856742
 1.0308E-02,0.018820896293227644
 1.0323E-02,0.0196729903305399
 1.0339E-02,0.019889187196829892
 1.0354E-02,0.019547243848791328
 1.0370E-02,0.01877920539546091
 1.0385E-02,0.017728001729931206
 1.0401E-02,0.016506199966783767
 1.0416E-02,0.015169920692114505
 1.0431E-02,0.013715768653945927
 1.0447E-02,0.01210100916011157
 1.0462E-02,0.010279600043869828
 1.0478E-02,0.008241506885920244
 1.0494E-02,0.006041638059395315
 1.0509E-02,0.0038080728856933234
 1.0525E-02,0.0017259308611575052
 1.0540E-02,1.0783842823379984e-06
 1.0556E-02,-0.0011856362683325713
 1.0571E-02,-0.001719853892610234
 1.0587E-02,-0.0015784049766652398
 1.0602E-02,-0.0008299691863171364
 1.0618E-02,0.00038812585407627727
 1.0633E-02,0.0019094417497492826
 1.0648E-02,0.003581845842683041
 1.0664E-02,0.00530137847526585
 1.0679E-02,0.007026431966724535
 1.0695E-02,0.00876859815555672
 1.0710E-02,0.01056415589763332
 1.0726E-02,0.012436453263606817
 1.0742E-02,0.01436237624805731
 1.0757E-02,0.016254756173792188
 1.0773E-02,0.017967394437301127
 1.0788E-02,0.019322038511523518
 1.0804E-02,0.02014947842714002
 1.0819E-02,0.020332246988005325
 1.0835E-02,0.019835715967805412
 1.0850E-02,0.018717921955088247
 1.0866E-02,0.017115094218189377
 1.0881E-02,0.015207445619066891
 1.0896E-02,0.013175874381372597
 1.0912E-02,0.011162864543090607
 1.0927E-02,0.009249258276014215
 1.0943E-02,0.007453272251728503
 1.0959E-02,0.0057508768193651515
 1.0974E-02,0.004109781082956086
 1.0990E-02,0.0025249563730910703
 1.1005E-02,0.0010432442028380663
 1.1021E-02,-0.00023176475384878653
 1.1036E-02,-0.0011569146284671119
 1.1052E-02,-0.001583841840692358
 1.1067E-02,-0.001399969476896191
 1.1083E-02,-0.0005633247625887189
 1.1098E-02,0.0008798390010642032
 1.1114E-02,0.0028003574028830423
 1.1129E-02,0.005013065064421427
 1.1144E-02,0.0073173017608573
 1.1160E-02,0.009538879959344231
 1.1175E-02,0.011561075823081895
 1.1191E-02,0.01333583553847194
 1.1207E-02,0.01487279368000868
 1.1222E-02,0.01621082144789755
 1.1238E-02,0.017382366446343393
 1.1253E-02,0.01838303404878477
 1.1269E-02,0.01915700644458485
 1.1284E-02,0.019603615185480858
 1.1300E-02,0.019603386099729392
 1.1315E-02,0.019055414844205882
 1.1331E-02,0.017914087591295483
 1.1346E-02,0.016213177887399014
 1.1362E-02,0.014069227338462933
 1.1377E-02,0.011662601213396795
 1.1392E-02,0.009201600737933174
 1.1408E-02,0.006880259774091249
 1.1423E-02,0.004842290896685461
 1.1439E-02,0.0031615291327963006
 1.1455E-02,0.0018438736982189221
 1.1470E-02,0.0008488822174300657
 1.1486E-02,0.00012300945477094105
 1.1501E-02,-0.00036705211565890236
 1.1517E-02,-0.0006122766459941713
 1.1532E-02,-0.0005579589725433164
 1.1548E-02,-0.00012038307759147974
 1.1563E-02,0.0007818565374068899
 1.1579E-02,0.0021921281385023222
 1.1594E-02,0.004087468786917674
 1.1610E-02,0.00636736092534555
 1.1625E-02,0.008863933543356316
 1.1640E-02,0.01137124970439433
 1.1656E-02,0.013685358164920263
 1.1671E-02,0.015643410799723777
 1.1687E-02,0.017150463638006656
 1.1703E-02,0.018186498572747713
 1.1718E-02,0.018792473684118325
 1.1734E-02,0.019040813222408075
 1.1749E-02,0.019000555679377508
 1.1765E-02,0.018708852741602576
 1.1780E-02,0.01815820395404397
 1.1796E-02,0.01730349311073761
 1.1811E-02,0.01608629311013
 1.1827E-02,0.014468155549610734
 1.1842E-02,0.012461549101982886
 1.1857E-02,0.010147736319491035
 1.1873E-02,0.007674974517539615
 1.1888E-02,0.0052366627193725385
 1.1904E-02,0.003035415960840853
 1.1920E-02,0.0012434901493793057
 1.1935E-02,-2.8894561629175253e-05
 1.1951E-02,-0.0007482976069892694
 1.1966E-02,-0.0009521525349130765
 1.1982E-02,-0.0007249144594029106
 1.1997E-02,-0.0001644544243107408
 1.2013E-02,0.0006502628793846853
 1.2028E-02,0.001679871059095818
 1.2044E-02,0.002927301603005819
 1.2059E-02,0.004422122863985165
 1.2075E-02,0.00619222391346259
 1.2090E-02,0.008232752666061164
 1.2105E-02,0.010483209418160621
 1.2121E-02,0.012821066396257593
 1.2136E-02,0.015075042655878806
 1.2152E-02,0.017054881737884085
 1.2168E-02,0.018589159171678325
 1.2183E-02,0.019559993342968495
 1.2199E-02,0.019924409255086043
 1.2214E-02,0.019716241803101654
 1.2230E-02,0.019028536281116917
 1.2245E-02,0.017982450113646877
 1.2261E-02,0.01669273502824279
 1.2276E-02,0.015240689152088135
 1.2292E-02,0.013662786772938714
 1.2307E-02,0.01195791670928715
 1.2323E-02,0.010110005030996239
 1.2338E-02,0.008117744903017827
 1.2353E-02,0.006020820590125774
 1.2369E-02,0.003913131965234883
 1.2384E-02,0.001937725833669093
 1.2400E-02,0.0002640562271910077
 1.2416E-02,-0.0009460817140540599
 1.2431E-02,-0.0015739008699422706
 1.2447E-02,-0.0015696987237437286
 1.2462E-02,-0.0009619177709172067
 1.2478E-02,0.00015332845539585633
 1.2493E-02,0.0016387994460914373
 1.2509E-02,0.0033504190762119303
 1.2524E-02,0.005168780375359813
 1.2540E-02,0.007018456679557997
 1.2555E-02,0.008869810506897013
 1.2571E-02,0.010723744602680909
 1.2586E-02,0.012585397471752779
 1.2601E-02,0.014436362787448507
 1.2617E-02,0.01621546508710745
 1.2632E-02,0.017815316875898088
 1.2648E-02,0.019096722192444945
 1.2664E-02,0.019917136309549697
 1.2679E-02,0.020164721372979293
 1.2695E-02,0.01978756021080573
 1.2710E-02,0.018808952190591206
 1.2726E-02,0.01732398511538977
 1.2741E-02,0.015478379207558521
 1.2757E-02,0.013436060114808015
 1.2772E-02,0.011345285761361266
 1.2788E-02,0.009313368764405755
 1.2803E-02,0.007397070369429808
 1.2819E-02,0.005610578932887632
 1.2834E-02,0.0039472964973301505
 1.2849E-02,0.002407259104124228
 1.2865E-02,0.0010203022612757862
 1.2880E-02,-0.00014341827860162872
 1.2896E-02,-0.0009797280425441989
 1.2912E-02,-0.0013721759930380522
 1.2927E-02,-0.0012227197449888325
 1.2943E-02,-0.0004818188526714677
 1.2958E-02,0.0008315993194595304
 1.2974E-02,0.0026268121301750535
 1.2989E-02,0.004756038153311864
 1.3005E-02,0.007043121992140617
 1.3020E-02,0.009317799900192521
 1.3036E-02,0.011445558581527184
 1.3051E-02,0.013344626368022212
 1.3066E-02,0.014985823875591803
 1.3082E-02,0.016376507515852023
 1.3097E-02,0.017534892740015125
 1.3113E-02,0.01846402094393208
 1.3129E-02,0.019134586759744786
 1.3144E-02,0.019482802056852357
 1.3160E-02,0.019424431947202003
 1.3175E-02,0.01888072688810033
 1.3191E-02,0.017807939711764652
 1.3206E-02,0.01622076095464998
 1.3222E-02,0.014201771113692065
 1.3237E-02,0.011893325430497
 1.3253E-02,0.009473759391682029
 1.3268E-02,0.007124666799905479
 1.3284E-02,0.004998704263641029
 1.3299E-02,0.0031970771492899233
 1.3314E-02,0.0017626935287338142
 1.3330E-02,0.000689973685310127
 1.3345E-02,-5.292447920835137e-05
 1.3361E-02,-0.000497503994555101
 1.3377E-02,-0.0006531734121945802
 1.3392E-02,-0.0004977682836119051
 1.3408E-02,1.639289533166661e-05
 1.3423E-02,0.0009428661365738761
 1.3439E-02,0.002314363769740295
 1.3454E-02,0.004117931844654103
 1.3470E-02,0.006280570228796947
 1.3485E-02,0.008670672443932994
 1.3501E-02,0.011115752794298295
 1.3516E-02,0.013431833922123479
 1.3532E-02,0.015456204732796755
 1.3547E-02,0.017074196598990073
 1.3562E-02,0.018232512175097686
 1.3578E-02,0.018935878301855658
 1.3593E-02,0.01922902262112916
 1.3609E-02,0.01917050989160111
 1.3625E-02,0.018807363689329108
 1.3640E-02,0.018158889535104708
 1.3656E-02,0.017214894492008744
 1.3671E-02,0.015948624133276152
 1.3687E-02,0.014339791569063577
 1.3702E-02,0.012399650535211568
 1.3718E-02,0.010189265808706292
 1.3733E-02,0.007824212081290702
 1.3749E-02,0.005463210257871894
 1.3764E-02,0.0032833032419568482
 1.3780E-02,0.001448443321148279
 1.3795E-02,8.045266722167457e-05
 1.3810E-02,-0.0007594169979189758
 1.3826E-02,-0.0010733993897558728
 1.3841E-02,-0.0009144767338898443
 1.3857E-02,-0.00036264149558761535
 1.3873E-02,0.0005019392194098333
 1.3888E-02,0.0016202367221457644
 1.3904E-02,0.0029635630500615085
 1.3919E-02,0.004528190935667669
 1.3935E-02,0.006317794277987341
 1.3950E-02,0.008320176990920906
 1.3966E-02,0.010486710407732719
 1.3981E-02,0.012722116291315158
 1.3997E-02,0.014888966382150216
 1.4012E-02,0.01682656328448903
 1.4028E-02,0.018379223483033426
 1.4043E-02,0.019425888659852467
 1.4058E-02,0.01990244558042032
 1.4074E-02,0.01981032340712078
 1.4090E-02,0.019209163499765865
 1.4105E-02,0.018196261197007325
 1.4121E-02,0.016879483544054188
 1.4136E-02,0.015352192746910704
 1.4152E-02,0.013677788221441311
 1.4167E-02,0.011888144928466935
 1.4183E-02,0.009995568238351932
 1.4198E-02,0.00801341311647415
 1.4214E-02,0.005977662895433983
 1.4229E-02,0.003961437278173606
 1.4245E-02,0.0020766925029552727
 1.4260E-02,0.0004615389546666624
 1.4275E-02,-0.0007437135055527689
 1.4291E-02,-0.0014249687781827396
 1.4306E-02,-0.001518857049685629
 1.4322E-02,-0.0010260775682433125
 1.4338E-02,-9.669176591198389e-06
 1.4353E-02,0.001421121741754999
 1.4369E-02,0.003136368535575782
 1.4384E-02,0.005012636480217013
 1.4400E-02,0.00695375885027425
 1.4415E-02,0.008899420343211388
 1.4431E-02,0.01081980768118585
 1.4446E-02,0.01269915130537653
 1.4462E-02,0.014514586889501371
 1.4477E-02,0.016218254990460774
 1.4493E-02,0.01772945877297482
 1.4508E-02,0.018940372684747048
 1.4523E-02,0.019734312230891334
 1.4539E-02,0.02001137986204239
 1.4554E-02,0.019713748063098023
 1.4570E-02,0.018842757771722795
 1.4586E-02,0.017462432768413465
 1.4601E-02,0.015688161468406472
 1.4617E-02,0.013663839003396558
 1.4632E-02,0.011534235835980036
 1.4648E-02,0.009420662467241282
 1.4663E-02,0.007406741644119588
 1.4679E-02,0.0055377134077803265
 1.4694E-02,0.0038322899034816975
 1.4710E-02,0.0023020623230627577
 1.4725E-02,0.0009711175876747861
 1.4741E-02,-0.00011141834758527053
 1.4756E-02,-0.00087076727559028
 1.4771E-02,-0.0012186720370391882
 1.4787E-02,-0.0010749311580801647
 1.4802E-02,-0.0003916809771403985
 1.4818E-02,0.0008272684508960502
 1.4834E-02,0.002518369599509772
 1.4849E-02,0.004564493004736875
 1.4865E-02,0.006813926838726853
 1.4880E-02,0.00910694088504323
 1.4896E-02,0.011302379971004787
 1.4911E-02,0.013296859430342391
 1.4927E-02,0.01503157112656075
 1.4942E-02,0.016485693503787216
 1.4958E-02,0.01765965347688123
 1.4973E-02,0.01855464491641018
 1.4989E-02,0.01915585840590745
 1.5004E-02,0.019425493863018638
 1.5019E-02,0.019308270682356223
 1.5035E-02,0.018747911401819924
 1.5051E-02,0.017709326946369657
 1.5066E-02,0.016199186859975873
 1.5082E-02,0.014277879590649092
 1.5097E-02,0.012058453878754406
 1.5113E-02,0.009692147688596437
 1.5128E-02,0.007344261328402976
 1.5144E-02,0.005167087163539984
 1.5159E-02,0.0032774379003542888
 1.5175E-02,0.001744778644823234
 1.5190E-02,0.0005925799720562764
 1.5206E-02,-0.00018863679618530763
 1.5221E-02,-0.0006216768963153182
 1.5237E-02,-0.0007234849808956086
 1.5252E-02,-0.0004930312936582362
 1.5267E-02,8.96008951266087e-05
 1.5283E-02,0.0010526253099293228
 1.5299E-02,0.002414067550228516
 1.5314E-02,0.004161727303246463
 1.5330E-02,0.006238616532429025
 1.5345E-02,0.008539320297780819
 1.5361E-02,0.010919378205037807
 1.5376E-02,0.01321572995410024
 1.5392E-02,0.015272794250203389
 1.5407E-02,0.01696696359319255
 1.5423E-02,0.018222773565722078
 1.5438E-02,0.01901659791262396
 1.5454E-02,0.01936760154862402
 1.5469E-02,0.019319606337649297
 1.5485E-02,0.018920230471532806
 1.5500E-02,0.01820429164074647
 1.5515E-02,0.01718683306208487
 1.5531E-02,0.015867785555450806
 1.5547E-02,0.014246311201715727
 1.5562E-02,0.012339570124803544
 1.5578E-02,0.010199077015194086
 1.5593E-02,0.00791847266419208
 1.5609E-02,0.005629210594345693
 1.5624E-02,0.003484482879096591
 1.5640E-02,0.0016354502373383732
 1.5655E-02,0.00020630407884572794
 1.5671E-02,-0.0007249018306604855
 1.5686E-02,-0.0011344678524447375
 1.5702E-02,-0.0010484795939960485
 1.5717E-02,-0.0005274962529762173
 1.5733E-02,0.0003542783286441148
 1.5748E-02,0.0015286207371527105
 1.5764E-02,0.002945637535968455
 1.5779E-02,0.004575340204546082
 1.5795E-02,0.00639860868604118
 1.5810E-02,0.008391279108726703
 1.5826E-02,0.010507425520750095
 1.5841E-02,0.012668253159079698
 1.5857E-02,0.01476127086459355
 1.5872E-02,0.016651122341146175
 1.5888E-02,0.01819968117573966
 1.5903E-02,0.019289962408866063
 1.5919E-02,0.019847057401841096
 1.5934E-02,0.01985009923899224
 1.5950E-02,0.019331963314009035
 1.5965E-02,0.018367138243491257
 1.5981E-02,0.017051767418393985
 1.5996E-02,0.015482120739571888
 1.6012E-02,0.013737998649801447
 1.6027E-02,0.011875742091566114
 1.6043E-02,0.009932233614462025
 1.6058E-02,0.007937598393240628
 1.6074E-02,0.005931434508861989
 1.6089E-02,0.003976239410411557
 1.6105E-02,0.002162617393361754
 1.6120E-02,0.0006035448768416263
 1.6136E-02,-0.0005814378747472631
 1.6151E-02,-0.0012879051259042278
 1.6167E-02,-0.0014478786353624242
 1.6182E-02,-0.0010445456898723275
 1.6198E-02,-0.00011600636753335899
 1.6213E-02,0.0012530342730847307
 1.6229E-02,0.002949115370137498
 1.6244E-02,0.004852101242824378
 1.6260E-02,0.006855065052085732
 1.6275E-02,0.00887644805691553
 1.6291E-02,0.01086159572451808
 1.6306E-02,0.01277428059054312
 1.6322E-02,0.014582082750929124
 1.6337E-02,0.016241465143112494
 1.6353E-02,0.0176884239462849
 1.6368E-02,0.018838706122768795
 1.6384E-02,0.01959837883258087
 1.6399E-02,0.01988204518727453
 1.6415E-02,0.01963335555625003
 1.6430E-02,0.018841521728281543
 1.6446E-02,0.017548613429244943
 1.6461E-02,0.01584516280818705
 1.6477E-02,0.013855140193848783
 1.6492E-02,0.011714557728815588
 1.6508E-02,0.009549788956801265
 1.6523E-02,0.007461592665555286
 1.6539E-02,0.005518854440849218
 1.6554E-02,0.003762862996013621
 1.6570E-02,0.0022195536328366893
 1.6585E-02,0.0009146585561110908
 1.6601E-02,-0.00011411107323441362
 1.6616E-02,-0.0008126185327852087
 1.6632E-02,-0.0011156971276241078
 1.6647E-02,-0.0009611459864111718
 1.6663E-02,-0.00030812620408789235
 1.6678E-02,0.0008458616198743856
 1.6694E-02,0.0024550013209936944
 1.6709E-02,0.004425752391885521
 1.6725E-02,0.0066284124062232115
 1.6740E-02,0.008916743527093785
 1.6756E-02,0.01115033893433132
 1.6771E-02,0.013213645327149071
 1.6787E-02,0.015026695781898634
 1.6802E-02,0.016545279296714642
 1.6818E-02,0.017751622896849076
 1.6833E-02,0.018639614182984175
 1.6849E-02,0.019200201361789508
 1.6864E-02,0.019412365127721126
 1.6880E-02,0.019243052782338472
 1.6895E-02,0.018656357527902966
 1.6911E-02,0.017629025937209844
 1.6926E-02,0.016167122426262014
 1.6942E-02,0.014318102713818918
 1.6957E-02,0.01217383762534733
 1.6973E-02,0.009862869228367379
 1.6988E-02,0.007533490273669314
 1.7004E-02,0.00533205389432451
 1.7019E-02,0.003382349568005914
 1.7035E-02,0.0017714830828778826
 1.7050E-02,0.0005456192140191037
 1.7066E-02,-0.00028413747991566294
 1.7081E-02,-0.0007285515872880453
 1.7097E-02,-0.0008047276081050286
 1.7112E-02,-0.0005237330705190606
 1.7128E-02,0.00011439019557349373
 1.7143E-02,0.0011166018870952098
 1.7159E-02,0.0024853218558190363
 1.7174E-02,0.00420349104182638
 1.7190E-02,0.006221637946954701
 1.7205E-02,0.008451884431180902
 1.7221E-02,0.010771748121059372
 1.7236E-02,0.013037572205808385
 1.7252E-02,0.015104396857722701
 1.7267E-02,0.01684704037860378
 1.7283E-02,0.018176738514255858
 1.7298E-02,0.01904903658718101
 1.7314E-02,0.019461314128246796
 1.7329E-02,0.019441486034054888
 1.7345E-02,0.019032053855294714
 1.7360E-02,0.01827493751931543
 1.7376E-02,0.017202011535899536
 1.7391E-02,0.015834181810826492
 1.7407E-02,0.014188858780037228
 1.7422E-02,0.0122927807961297
 1.7438E-02,0.010195257957479139
 1.7453E-02,0.007976647357298194
 1.7469E-02,0.005748316143374418
 1.7484E-02,0.0036430289701749005
 1.7500E-02,0.0017977463800644671
 1.7515E-02,0.0003332625960879021
 1.7531E-02,-0.0006638296007597342
 1.7546E-02,-0.0011520097924363221
 1.7562E-02,-0.0011358426086496632
 1.7577E-02,-0.0006573894510739564
 1.7593E-02,0.00021889476946088517
 1.7608E-02,0.0014228724117074975
 1.7624E-02,0.00289188217087503
 1.7639E-02,0.004576569993652549
 1.7655E-02,0.006438179121625289
 1.7670E-02,0.008439002616628465
 1.7686E-02,0.010530030971706716
 1.7701E-02,0.01264082086330958
 1.7717E-02,0.014675949430045283
 1.7732E-02,0.016520313124098508
 1.7748E-02,0.01805265529650318
 1.7763E-02,0.01916398455463079
 1.7779E-02,0.019775853503264423
 1.7794E-02,0.019853354978068685
 1.7810E-02,0.019409204117543984
 1.7825E-02,0.01849792935362296
 1.7841E-02,0.017202143412148044
 1.7856E-02,0.015615163774588301
 1.7872E-02,0.013825172998617642
 1.7887E-02,0.011905375002158002
 1.7903E-02,0.009912470751626835
 1.7918E-02,0.007892947899240565
 1.7934E-02,0.005894070910913719
 1.7949E-02,0.003974908227989489
 1.7965E-02,0.002212731942945997
 1.7980E-02,0.0007016639405421378
 1.7996E-02,-0.00045698289568157566
 1.8011E-02,-0.0011704414311898698
 1.8027E-02,-0.0013719879182641694
 1.8042E-02,-0.0010351478441753697
 1.8058E-02,-0.00018040774029133382
 1.8073E-02,0.0011276033915223389
 1.8089E-02,0.002791700275331372
 1.8104E-02,0.004699177778394669
 1.8120E-02,0.00673946844460161
 1.8135E-02,0.008817592692135605
 1.8151E-02,0.010860077607074609
 1.8166E-02,0.012812541960511892
 1.8182E-02,0.014630872942399373
 1.8197E-02,0.0162699778261945
 1.8213E-02,0.0176748221744909
 1.8228E-02,0.01877763552952612
 1.8244E-02,0.019503048677642982
 1.8259E-02,0.019780210502494035
 1.8275E-02,0.01955849744415058
 1.8290E-02,0.01882206558664836
 1.8306E-02,0.01759865076583606
 1.8321E-02,0.01595965202031873
 1.8337E-02,0.014011117331083319
 1.8352E-02,0.011877959741434223
 1.8368E-02,0.009685702140208988
 1.8383E-02,0.0075446605491220255
 1.8399E-02,0.005540551080021482
 1.8414E-02,0.0037333597374752895
 1.8430E-02,0.002163646071872124
 1.8445E-02,0.00086311699952845
 1.8461E-02,-0.00013495466461575898
 1.8476E-02,-0.0007896906691999415
 1.8492E-02,-0.0010535843715998403
 1.8507E-02,-0.0008806820820484605
 1.8523E-02,-0.0002396363023258165
 1.8538E-02,0.0008724802717600646
 1.8554E-02,0.0024201770243275776
 1.8569E-02,0.004326942094755564
 1.8585E-02,0.006481460153953232
 1.8600E-02,0.008751450120753821
 1.8616E-02,0.011001644355531992
 1.8631E-02,0.013111222409394939
 1.8647E-02,0.014986254964459319
 1.8662E-02,0.016564329165021784
 1.8678E-02,0.01781099823426771
 1.8693E-02,0.018710234091922136
 1.8709E-02,0.019252849827504102
 1.8724E-02,0.01942733093135668
 1.8740E-02,0.019216528769496026
 1.8755E-02,0.018601556597284134
 1.8771E-02,0.01757167972002425
 1.8786E-02,0.01613683769883993
 1.8802E-02,0.014338378567342701
 1.8817E-02,0.012253968160579845
 1.8833E-02,0.009994340511372417
 1.8848E-02,0.00769203031580293
 1.8864E-02,0.005484681612311247
 1.8879E-02,0.0034971764997521354
 1.8895E-02,0.0018271567835453115
 1.8910E-02,0.000537428962461721
 1.8926E-02,-0.0003433938338985653
 1.8941E-02,-0.0008131653948445626
 1.8957E-02,-0.0008846305089558536
 1.8972E-02,-0.0005742434149456086
 1.8988E-02,0.00010474568837706927
 1.9003E-02,0.0011426773295543616
 1.9019E-02,0.0025274144021102726
 1.9034E-02,0.0042341816396770015
 1.9050E-02,0.006215188181727293
 1.9065E-02,0.008393153670893556
 1.9081E-02,0.010661753356306385
 1.9096E-02,0.012893890257188702
 1.9112E-02,0.014956260489567509
 1.9127E-02,0.01672667852359128
 1.9143E-02,0.01810971238995343
 1.9158E-02,0.01904664210938469
 1.9174E-02,0.01951745434067786
 1.9189E-02,0.019534981011378624
 1.9205E-02,0.019133613952956798
 1.9220E-02,0.018356540336186437
 1.9236E-02,0.01724566956291379
 1.9251E-02,0.015837304145774413
 1.9267E-02,0.014164521485650124
 1.9282E-02,0.012264865273039497
 1.9298E-02,0.010190065074141818
 1.9313E-02,0.008013718596985598
 1.9329E-02,0.005833434336573601
 1.9344E-02,0.003765658229721212
 1.9360E-02,0.001933738494450665
 1.9375E-02,0.0004519689375595817
 1.9391E-02,-0.0005903047249702852
 1.9406E-02,-0.00114035201560317
 1.9422E-02,-0.0011865399678602328
 1.9437E-02,-0.0007547758113003063
 1.9453E-02,0.0001016063824714888
 1.9468E-02,0.001315190195129648
 1.9484E-02,0.0028169535481097803
 1.9499E-02,0.00454430320450375
 1.9515E-02,0.006442735809118604
 1.9530E-02,0.008461421145711991
 1.9546E-02,0.01054509485238911
 1.9561E-02,0.012625930020163247
 1.9577E-02,0.014619116953984455
 1.9592E-02,0.016424697931859307
 1.9608E-02,0.01793615824146374
 1.9623E-02,0.0190540235054513
 1.9639E-02,0.01970098230345758
 1.9654E-02,0.019834404301956727
 1.9670E-02,0.01945277343507776
 1.9685E-02,0.018594301144992862
 1.9701E-02,0.017328270206818062
 1.9716E-02,0.015741755655700674
 1.9732E-02,0.013925610741646147
 1.9747E-02,0.011963607780173715
 1.9763E-02,0.009927403346450897
 1.9778E-02,0.00787796321589418
 1.9794E-02,0.0058718990772180756
 1.9809E-02,0.003969540728070139
 1.9825E-02,0.0022410134970614268
 1.9840E-02,0.0007672812070159
 1.9856E-02,-0.0003651803349178013
 1.9871E-02,-0.0010752498042185957
 1.9887E-02,-0.0013008109971083506
 1.9902E-02,-0.001011361733049305
 1.9918E-02,-0.00021588328159621048
 1.9933E-02,0.0010364397461554357
 1.9949E-02,0.0026630156287643157
 1.9964E-02,0.004560364681030628
 1.9980E-02,0.006618966307144088
 1.9995E-02,0.008736493232945253
 2.0011E-02,0.010826167470624138
 2.0026E-02,0.012818647062959682
 2.0042E-02,0.014657986731527786
 2.0057E-02,0.01629412342035228
 2.0073E-02,0.017675407695560898
 2.0088E-02,0.018744593609492384
 2.0104E-02,0.019440453302960185
 2.0119E-02,0.019705205943744534
 2.0135E-02,0.019495887011603916
 2.0150E-02,0.018796305499501557
 2.0166E-02,0.01762582722108454
 2.0181E-02,0.016042020960810408
 2.0197E-02,0.014135958933822211
 2.0212E-02,0.012021113519175227
 2.0228E-02,0.009818652586508837
 2.0243E-02,0.007642917972689831
 2.0259E-02,0.005590674723511047
 2.0274E-02,0.0037364213536591794
 2.0290E-02,0.002134081223247858
 2.0305E-02,0.0008233873393395238
 2.0321E-02,-0.00016213401665325427
 2.0336E-02,-0.0007890415933837173
 2.0352E-02,-0.0010224015773531172
 2.0367E-02,-0.0008297750531759016
 2.0383E-02,-0.00018978995223557847
 2.0398E-02,0.0008973767188654059
 2.0414E-02,0.00240111923199792
 2.0429E-02,0.004256349504135692
 2.0445E-02,0.006366161133031553
 2.0460E-02,0.008611144682352672
 2.0476E-02,0.010863318272063556
 2.0491E-02,0.013001276881949811
 2.0507E-02,0.014922841892867026
 2.0522E-02,0.016552310983169394
 2.0538E-02,0.01784110620979102
 2.0553E-02,0.01876265212461986
 2.0569E-02,0.019304035830230357
 2.0584E-02,0.019457859547204234
 2.0600E-02,0.019217426236062034
 2.0615E-02,0.018577098563272575
 2.0631E-02,0.01753777190928044
 2.0646E-02,0.016115525948206835
 2.0662E-02,0.014350279565061769
 2.0677E-02,0.012311075889312656
 2.0693E-02,0.010095535329809908
 2.0708E-02,0.007822743251179102
 2.0724E-02,0.005620831177777534
 2.0739E-02,0.0036121303301104393
 2.0755E-02,0.0018995121172220612
 2.0770E-02,0.0005571566362230183
 2.0786E-02,-0.0003723640866315325
 2.0801E-02,-0.0008747001636954888
 2.0817E-02,-0.0009558886364479906
 2.0832E-02,-0.0006331299525536998
 2.0848E-02,7.255949034015892e-05
 2.0863E-02,0.0011394044939116521
 2.0879E-02,0.0025428420523859107
 2.0894E-02,0.004249468695842104
 2.0910E-02,0.006209522477105969
 2.0925E-02,0.008351106424653445
 2.0941E-02,0.010578948757163503
 2.0956E-02,0.012779149910417118
 2.0972E-02,0.014829512729300552
 2.0987E-02,0.016613279656055385
 2.1003E-02,0.018032976395375967
 2.1018E-02,0.019020948440198398
 2.1034E-02,0.019544116126247995
 2.1049E-02,0.019602169167673374
 2.1065E-02,0.019220333203853437
 2.1080E-02,0.018439360365646126
 2.1096E-02,0.017306043903373657
 2.1111E-02,0.01586713822104899
 2.1127E-02,0.014168230267339939
 2.1142E-02,0.01225730013456587
 2.1158E-02,0.010191020227473589
 2.1173E-02,0.00804082235301552
 2.1189E-02,0.005895739841366534
 2.1204E-02,0.003860012675913892
 2.1220E-02,0.0020451094981387597
 2.1235E-02,0.0005576345329937091
 2.1251E-02,-0.0005140311471243284
 2.1266E-02,-0.0011109952396918172
 2.1282E-02,-0.0012101900120404482
 2.1297E-02,-0.0008243280962283739
 2.1313E-02,4.157802020588689e-06
 2.1328E-02,0.0012131526829447757
 2.1344E-02,0.0027318197156724856
 2.1359E-02,0.004489379854057708
 2.1375E-02,0.0064195283803878365
 2.1390E-02,0.008459893001663043
 2.1406E-02,0.010547675584220508
 2.1421E-02,0.012613946448779617
 2.1437E-02,0.01457954836771702
 2.1452E-02,0.01635505935914216
 2.1468E-02,0.01784592228700248
 2.1483E-02,0.018962107215203666
 2.1499E-02,0.019630092314508973
 2.1514E-02,0.019804044195109585
 2.1530E-02,0.019473146909663765
 2.1545E-02,0.018663055915616285
 2.1561E-02,0.01743111516269603
 2.1576E-02,0.015856743838151038
 2.1592E-02,0.014029713393328163
 2.1607E-02,0.012039484321657029
 2.1623E-02,0.009968226331133286
 2.1638E-02,0.007888795739266194
 2.1654E-02,0.005867235624018559
 2.1669E-02,0.003967851933647962
 2.1685E-02,0.002258087357249143
 2.1700E-02,0.0008105257543718934
 2.1716E-02,-0.00029963001959503583
 2.1731E-02,-0.0010016866536976198
 2.1747E-02,-0.0012396419204848926
 2.1762E-02,-0.0009827038550616163
 2.1778E-02,-0.0002331157833897207
 2.1793E-02,0.0009711106275616925
 2.1809E-02,0.0025595632681290077
 2.1824E-02,0.004438196081927163
 2.1840E-02,0.006501290949576388
 2.1855E-02,0.008643587737675103
 2.1871E-02,0.010769661411719684
 2.1886E-02,0.012798620934029753
 2.1902E-02,0.014663767689464823
 2.1917E-02,0.01630847877788485
 2.1933E-02,0.017680750761117185
 2.1948E-02,0.01872917913711481
 2.1964E-02,0.01940255374311271
 2.1979E-02,0.019653918679931423
 2.1995E-02,0.019448313617815745
 2.2010E-02,0.018772015193007197
 2.2026E-02,0.01764039125956613
 2.2041E-02,0.016101702111303084
 2.2057E-02,0.014235266615048658
 2.2072E-02,0.012144013962369256
 2.2088E-02,0.009943053477297816
 2.2103E-02,0.007747005447741596
 2.2119E-02,0.0056590997231929265
 2.2134E-02,0.0037643940031057543
 2.2150E-02,0.002128111255527039
 2.2165E-02,0.0007984844414044095
 2.2181E-02,-0.0001878589135863118
 2.2196E-02,-0.0008006136218225356
 2.2212E-02,-0.0010130445117646244
 2.2227E-02,-0.0008031766508378886
 2.2243E-02,-0.00015885389532125228
 2.2258E-02,0.0009148780635046176
 2.2274E-02,0.0023885836814602364
 2.2289E-02,0.004204127274123221
 2.2305E-02,0.006275214449351279
 2.2320E-02,0.008493396468986373
 2.2336E-02,0.010738557878902271
 2.2351E-02,0.012891588779032511
 2.2367E-02,0.014846312258726364
 2.2382E-02,0.01651799465641712
 2.2398E-02,0.017846829700148285
 2.2413E-02,0.018796318337803247
 2.2429E-02,0.019347975956349177
 2.2444E-02,0.019494807568589664
 2.2460E-02,0.019236182742171346
 2.2475E-02,0.018576064522045486
 2.2491E-02,0.017525230436667212
 2.2506E-02,0.016106604395631025
 2.2522E-02,0.01436159516071909
 2.2537E-02,0.01235481154854514
 2.2553E-02,0.010174870813769695
 2.2568E-02,0.00793012630121669
 2.2584E-02,0.0057396587586153805
 2.2599E-02,0.0037213179545452
 2.2615E-02,0.001979509954275733
 2.2630E-02,0.0005955166301718543
 2.2646E-02,-0.0003776145209060689
 2.2661E-02,-0.000914917788572173
 2.2677E-02,-0.0010149170468764822
 2.2692E-02,-0.0006926278455967048
 2.2708E-02,2.7279624317723666e-05
 2.2723E-02,0.0011148908098337967
 2.2739E-02,0.002535788560942692
 2.2754E-02,0.004248293097350853
 2.2770E-02,0.006198699981145507
 2.2785E-02,0.008316839822217696
 2.2801E-02,0.010514328538112658
 2.2816E-02,0.012687123500558518
 2.2832E-02,0.014722685357697673
 2.2847E-02,0.01651058570502303
 2.2863E-02,0.017954263894886295
 2.2878E-02,0.018981188744198633
 2.2894E-02,0.01954907081521616
 2.2909E-02,0.01964687868400341
 2.2925E-02,0.019290888040567767
 2.2940E-02,0.01851736769855671
 2.2956E-02,0.017374347793621084
 2.2971E-02,0.015914963424052367
 2.2987E-02,0.014194120056907655
 2.3002E-02,0.012268939466338176
 2.3018E-02,0.010202042657000714
 2.3033E-02,0.008065667866227453
 2.3049E-02,0.0059442510097155185
 2.3064E-02,0.003933531875516582
 2.3080E-02,0.0021353498478947817
 2.3095E-02,0.0006487023996005307
 2.3111E-02,-0.0004410950494119594
 2.3126E-02,-0.0010725928455292033
 2.3142E-02,-0.0012152400063791336
 2.3157E-02,-0.0008715912991409283
 2.3173E-02,-7.433500780343425e-05
 2.3188E-02,0.0011208001108091647
 2.3204E-02,0.0026441347051320598
 2.3219E-02,0.004420608097237207
 2.3235E-02,0.0063757005423796965
 2.3250E-02,0.008437622127361374
 2.3266E-02,0.010536030516254583
 2.3281E-02,0.012598759668468821
 2.3297E-02,0.014548738730540961
 2.3312E-02,0.016303229595620652
 2.3328E-02,0.017776729681511033
 2.3343E-02,0.018887626254682367
 2.3359E-02,0.019567358622473215
 2.3374E-02,0.01976987773561706
 2.3390E-02,0.01947890711536584
 2.3405E-02,0.018711004082215012
 2.3421E-02,0.01751354408326721
 2.3436E-02,0.015958148901542277
 2.3452E-02,0.014131309709301272
 2.3467E-02,0.012124632639372683
 2.3483E-02,0.010027052805038603
 2.3498E-02,0.007920562421271702
 2.3514E-02,0.005879748838035192
 2.3529E-02,0.003974147696857779
 2.3545E-02,0.002271501198931977
 2.3560E-02,0.0008397621500517713
 2.3576E-02,-0.0002538253966519544
 2.3591E-02,-0.0009471731682468645
 2.3607E-02,-0.0011906362951907884
 2.3622E-02,-0.0009553559895822823
 2.3638E-02,-0.00024032245487015007
 2.3653E-02,0.0009239960787913182
 2.3669E-02,0.0024767521226344586
 2.3684E-02,0.00433256448355423
 2.3700E-02,0.006390834881405783
 2.3715E-02,0.008546346765233115
 2.3731E-02,0.010698707529177447
 2.3746E-02,0.01275868149321263
 2.3762E-02,0.01465052358207928
 2.3777E-02,0.016310720346619755
 2.3793E-02,0.017684660044449057
 2.3808E-02,0.018723331144667135
 2.3824E-02,0.01938200772732127
 2.3839E-02,0.019622072716758254
 2.3855E-02,0.01941592364895628
 2.3870E-02,0.01875369789956845
 2.3886E-02,0.01764974287014785
 2.3901E-02,0.01614661127969764
 2.3917E-02,0.01431493657589707
 2.3932E-02,0.012248659705024659
 2.3948E-02,0.010056382778949715
 2.3963E-02,0.00785070510080598
 2.3979E-02,0.005737914562752147
 2.3994E-02,0.0038102069181582005
 2.4010E-02,0.0021417608413786694
 2.4025E-02,0.0007887846883870822
 2.4041E-02,-0.00020754006720970545
 2.4056E-02,-0.0008170879169519798
 2.4072E-02,-0.0010178131730371038
 2.4087E-02,-0.0007952656279387276
 2.4103E-02,-0.00014507133582315616
 2.4118E-02,0.0009223323882200102
 2.4134E-02,0.0023763756445956837
 2.4149E-02,0.004162531968307069
 2.4165E-02,0.006201809132397714
 2.4180E-02,0.008394500641054188
 2.4196E-02,0.01062793679990584
 2.4211E-02,0.012786809716605226
 2.4227E-02,0.014763891377090676
 2.4242E-02,0.01646885726029466
 2.4258E-02,0.01783350428503902
 2.4273E-02,0.018812728646951705
 2.4289E-02,0.01938186419261991
 2.4304E-02,0.019531983574712013
 2.4320E-02,0.01926521761054917
 2.4335E-02,0.018591916775217914
 2.4351E-02,0.017530648477266153
 2.4366E-02,0.016110873846446088
 2.4382E-02,0.014377059323459764
 2.4397E-02,0.012392310645338902
 2.4413E-02,0.010239591163872113
 2.4428E-02,0.008019215207948129
 2.4444E-02,0.005842390965101467
 2.4459E-02,0.0038217805616083517
 2.4475E-02,0.002060968410043354
 2.4490E-02,0.0006450914088977013
 2.4506E-02,-0.000365424915536575
 2.4521E-02,-0.0009369601728636545
 2.4537E-02,-0.0010607297879555633
 2.4552E-02,-0.0007479552740401025
 2.4568E-02,-2.405877419631988e-05
 2.4583E-02,0.001076169060415268
 2.4599E-02,0.0025110387682382826
 2.4614E-02,0.004231673393966682
 2.4630E-02,0.006179664033674102
 2.4645E-02,0.008284216619592145
 2.4661E-02,0.01046065035214909
 2.4676E-02,0.012611784781009869
 2.4692E-02,0.014632891475964726
 2.4707E-02,0.016419760393276125
 2.4723E-02,0.01787840046738729
 2.4738E-02,0.018934290966082862
 2.4754E-02,0.019539122446878204
 2.4769E-02,0.019673612271342726
 2.4785E-02,0.019346048266174507
 2.4800E-02,0.01858736854316058
 2.4816E-02,0.017444462537898
 2.4831E-02,0.015973706110409706
 2.4847E-02,0.014236428974068878
 2.4862E-02,0.012297170175565954
 2.4878E-02,0.010224489850875634
 2.4893E-02,0.00809313175454171
 2.4909E-02,0.00598578927782382
 2.4924E-02,0.003992793452588504
 2.4940E-02,0.0022086925990401525
 2.4955E-02,0.0007257186206679248
 2.4971E-02,-0.00037479638718686085
 2.4986E-02,-0.0010312212244325755
 2.5002E-02,-0.0012085912899109162
 2.5017E-02,-0.000902084869741667
 2.5033E-02,-0.00013625285531600672
 2.5048E-02,0.0010396378676877118
 2.5064E-02,0.0025587935670323123
 2.5079E-02,0.004344695302104902
 2.5095E-02,0.006317621868353069
 2.5110E-02,0.008398606730116817
 2.5126E-02,0.01051051907305775
 2.5141E-02,0.0125769914120311
 2.5157E-02,0.014520668948662666
 2.5172E-02,0.01626248603598487
 2.5188E-02,0.017723309024157516
 2.5203E-02,0.01882844201228511
 2.5219E-02,0.01951444723102991
 2.5234E-02,0.019736826406372705
 2.5250E-02,0.019476641753913886
 2.5265E-02,0.018744283555227805
 2.5281E-02,0.017579282171388048
 2.5296E-02,0.016046101127486757
 2.5312E-02,0.014226908169973003
 2.5327E-02,0.012213071000484407
 2.5343E-02,0.010097333556068799
 2.5358E-02,0.007968242085782413
 2.5374E-02,0.005907543364872644
 2.5389E-02,0.003990250347222451
 2.5405E-02,0.0022861966050929192
 2.5420E-02,0.0008614592127291485
 2.5436E-02,-0.000221842998595021
 2.5451E-02,-0.0009082204570480752
 2.5467E-02,-0.0011538434444877024
 2.5482E-02,-0.0009328749358306194
 2.5498E-02,-0.000243417076191753
 2.5513E-02,0.0008887238212559563
 2.5529E-02,0.0024097888672662097
 2.5544E-02,0.004241780712984655
 2.5560E-02,0.006289540579163408
 2.5575E-02,0.008449709186709389
 2.5591E-02,0.010619650336027402
 2.5606E-02,0.012704544859107603
 2.5622E-02,0.014621517124610565
 2.5637E-02,0.016300624576233207
 2.5653E-02,0.017683512482155606
 2.5668E-02,0.01872120129930897
 2.5684E-02,0.019372623244451933
 2.5699E-02,0.01960511611716021
 2.5715E-02,0.01939725558821435
 2.5730E-02,0.01874343728010259
 2.5746E-02,0.017658828724791655
 2.5761E-02,0.016182962516647085
 2.5777E-02,0.014380456080367494
 2.5792E-02,0.012338058482661042
 2.5808E-02,0.010158216806785057
 2.5823E-02,0.007950311214383578
 2.5839E-02,0.005821329093674564
 2.5854E-02,0.0038678437498163376
 2.5870E-02,0.002170709723840372
 2.5885E-02,0.0007930361529843179
 2.5901E-02,-0.0002189745423102319
 2.5916E-02,-0.000833524873664364
 2.5932E-02,-0.001030620068059961
 2.5947E-02,-0.0008007549963550934
 2.5963E-02,-0.00014564026464719472
 2.5978E-02,0.0009191728243412388
 2.5994E-02,0.002360755016956375
 2.6009E-02,0.004125858743050456
 2.6025E-02,0.006140107131005453
 2.6040E-02,0.008310353005213272
 2.6056E-02,0.010530390321397144
 2.6071E-02,0.012689243048601265
 2.6087E-02,0.014680500535181131
 2.6102E-02,0.016410853107537687
 2.6118E-02,0.01780620804733916
 2.6133E-02,0.01881446375999954
 2.6149E-02,0.01940496867813064
 2.6164E-02,0.019565591556131422
 2.6180E-02,0.019298898732396142
 2.6195E-02,0.01861899750583714
 2.6211E-02,0.01755015322621664
 2.6226E-02,0.016127478004220784
 2.6242E-02,0.01439909303275885
 2.6257E-02,0.012428482517238205
 2.6273E-02,0.010295512804056755
 2.6288E-02,0.008094869345290828
 2.6304E-02,0.00593138039309248
 2.6319E-02,0.003912622300361641
 2.6335E-02,0.002140042569333694
 2.6350E-02,0.000700326914179462
 2.6366E-02,-0.00034127814596902157
 2.6381E-02,-0.00094448894191949
 2.6397E-02,-0.0010940058943554867
 2.6412E-02,-0.0007966043175558236
 2.6428E-02,-7.657477234394145e-05
 2.6443E-02,0.0010289249219174136
 2.6459E-02,0.0024732643013541085
 2.6474E-02,0.004201779730571716
 2.6490E-02,0.0061514010988176215
 2.6505E-02,0.008249377558152703
 2.6521E-02,0.010412455528432554
 2.6536E-02,0.012547828549126273
 2.6552E-02,0.01455667632275124
 2.6567E-02,0.016340297674613237
 2.6583E-02,0.017807978976190835
 2.6598E-02,0.018885104423616413
 2.6614E-02,0.019519815284518554
 2.6629E-02,0.01968683151042794
 2.6645E-02,0.019387769149773866
 2.6660E-02,0.018648196484808182
 2.6676E-02,0.017512486311223447
 2.6691E-02,0.01603798882059352
 2.6707E-02,0.014290030143408225
 2.6722E-02,0.012338754298558845
 2.6738E-02,0.010258039650571364
 2.6753E-02,0.008125897667143884
 2.6769E-02,0.006025172906869528
 2.6784E-02,0.0040432009163791005
 2.6800E-02,0.0022693972329862065
 2.6815E-02,0.0007904426168273331
 2.6831E-02,-0.0003164273919456582
 2.6846E-02,-0.000990799033969687
 2.6862E-02,-0.0011955269530815754
 2.6877E-02,-0.000920763907173651
 2.6893E-02,-0.00018464194962772784
 2.6908E-02,0.0009694937462002717
 2.6924E-02,0.002478541578519292
 2.6939E-02,0.004266415641886253
 2.6955E-02,0.006250562134806799
 2.6970E-02,0.008346926604428468
 2.6986E-02,0.010472732576472365
 2.7001E-02,0.012547246866546336
 2.7017E-02,0.014491417410506831
 2.7032E-02,0.01622764608436599
 2.7048E-02,0.017680880952213523
 2.7063E-02,0.018781706780686067
 2.7079E-02,0.01947134588103392
 2.7094E-02,0.019707705592304555
 2.7110E-02,0.019471080654879288
 2.7125E-02,0.018768016280114264
 2.7141E-02,0.017632202137002468
 2.7156E-02,0.0161219895655823
 2.7172E-02,0.014314979795828726
 2.7187E-02,0.012300853260051342
 2.7203E-02,0.010173976768105117
 2.7218E-02,0.008027229254720955
 2.7234E-02,0.005947969327372833
 2.7249E-02,0.004016303458551602
 2.7265E-02,0.0023050523611285807
 2.7280E-02,0.0008802994007045986
 2.7296E-02,-0.0001987000138811096
 2.7311E-02,-0.0008811378664875987
 2.7327E-02,-0.0011280378093072479
 2.7342E-02,-0.0009168810461745401
 2.7358E-02,-0.0002463364219193086
 2.7373E-02,0.000860307721926602
 2.7389E-02,0.002354235226424523
 2.7404E-02,0.004163370381686451
 2.7420E-02,0.0061976806461710495
 2.7435E-02,0.00835659674881984
 2.7451E-02,0.010537116328043767
 2.7466E-02,0.012641056396527874
 2.7482E-02,0.014580262482465365
 2.7497E-02,0.016279256368220276
 2.7513E-02,0.0176755937915998
 2.7528E-02,0.01871885688462
 2.7544E-02,0.019369517549041017
 2.7559E-02,0.019598783261575645
 2.7575E-02,0.019390023874558546
 2.7590E-02,0.01874165101091666
 2.7606E-02,0.017670624373579302
 2.7621E-02,0.01621532573700227
 2.7637E-02,0.01443651989760563
 2.7652E-02,0.012415526998098406
 2.7668E-02,0.010249438748489482
 2.7683E-02,0.008044000776762528
 2.7699E-02,0.0059054075553872445
 2.7714E-02,0.003932521838955835
 2.7730E-02,0.002210859141554051
 2.7745E-02,0.0008091296893646682
 2.7761E-02,-0.00022161708047315322
 2.7776E-02,-0.0008469103413437875
 2.7792E-02,-0.0010469550175379967
 2.7807E-02,-0.0008150848009487754
 2.7823E-02,-0.00015740689487690903
 2.7838E-02,0.000906146204855963
 2.7854E-02,0.0023398337456083645
 2.7869E-02,0.004090199342435923
 2.7885E-02,0.0060854377466593315
 2.7900E-02,0.00823701699806757
 2.7916E-02,0.01044397215263177
 2.7931E-02,0.012599547591891105
 2.7947E-02,0.014599182752771337
 2.7962E-02,0.0163484264629394
 2.7978E-02,0.017769358927789643
 2.7993E-02,0.018804501820408288
 2.8009E-02,0.0194178808498912
 2.8024E-02,0.01959365714765124
 2.8040E-02,0.019333328777512256
 2.8055E-02,0.018652741889541143
 2.8071E-02,0.017579975935888417
 2.8086E-02,0.016154646521297746
 2.8102E-02,0.014428481844076736
 2.8117E-02,0.012466405916802085
 2.8133E-02,0.010347012679247916
 2.8148E-02,0.008161358252200802
 2.8164E-02,0.0060094243071309745
 2.8179E-02,0.003994279969963302
 2.8195E-02,0.002214678673757842
 2.8210E-02,0.0007573447948512866
 2.8226E-02,-0.0003096314071294754
 2.8241E-02,-0.0009411148293121556
 2.8257E-02,-0.0011163604840027535
 2.8272E-02,-0.0008376871199474666
 2.8288E-02,-0.00012717131669865778
 2.8303E-02,0.0009774667359512546
 2.8319E-02,0.0024266041830311898
 2.8334E-02,0.0041612609396687
 2.8350E-02,0.006114230407069415
 2.8365E-02,0.008210220707082841
 2.8381E-02,0.01036590374487743
 2.8396E-02,0.012490912047848347
 2.8412E-02,0.014490586525060939
 2.8427E-02,0.016270735343259558
 2.8443E-02,0.01774398853266921
 2.8458E-02,0.01883674312347059
 2.8474E-02,0.019495382775678707
 2.8489E-02,0.019690529485557696
 2.8505E-02,0.019418526160305143
 2.8520E-02,0.01870002326899402
 2.8536E-02,0.017576241646992986
 2.8551E-02,0.01610399122307501
 2.8567E-02,0.014350689104399066
 2.8582E-02,0.012390398903979881
 2.8598E-02,0.010301389103885495
 2.8613E-02,0.008165060116038576
 2.8629E-02,0.006065533203011289
 2.8644E-02,0.004088912485659204
 2.8660E-02,0.002321315538684878
 2.8675E-02,0.0008451903386380928
 2.8691E-02,-0.00026594136387089414
 2.8706E-02,-0.0009535543922302621
 2.8722E-02,-0.001179829115162345
 2.8737E-02,-0.0009317505055403911
 2.8753E-02,-0.00022264665819364754
 2.8768E-02,0.0009092014054121556
 2.8784E-02,0.002404555124632002
 2.8799E-02,0.004188903214528305
 2.8815E-02,0.006178604200098451
 2.8830E-02,0.008286305210039029
 2.8846E-02,0.010424846994019361
 2.8861E-02,0.012509465919315912
 2.8877E-02,0.014458717206291662
 2.8892E-02,0.01619497112947307
 2.8908E-02,0.01764543817065328
 2.8923E-02,0.0187444286755473
 2.8939E-02,0.019437031843828022
 2.8954E-02,0.019683781018138235
 2.8970E-02,0.019465363173974858
 2.8985E-02,0.01878620223036835
 2.9001E-02,0.01767588033548342
 2.9016E-02,0.016187823827102443
 2.9032E-02,0.014395330615960331
 2.9047E-02,0.012385652670421762
 2.9063E-02,0.010253275369101129
 2.9078E-02,0.00809362684599148
 2.9094E-02,0.0059981853315058675
 2.9109E-02,0.004051424154581551
 2.9125E-02,0.0023294173032391073
 2.9140E-02,0.0008994225218717962
 2.9156E-02,-0.00018047629499546225
 2.9171E-02,-0.0008624801656345674
 2.9187E-02,-0.001111347146259964
 2.9202E-02,-0.000907666134328943
 2.9218E-02,-0.0002514339179601902
 2.9233E-02,0.0008350931574845066
 2.9249E-02,0.0023063083874728715
 2.9264E-02,0.004094631906505533
 2.9280E-02,0.00611449404641889
 2.9295E-02,0.008268424800756525
 2.9311E-02,0.010454236405646003
 2.9326E-02,0.01257205490238616
 2.9342E-02,0.014530076184003152
 2.9357E-02,0.016248351728773206
 2.9373E-02,0.017660511118907637
 2.9388E-02,0.018713911288270303
 2.9404E-02,0.019369082857703675
 2.9419E-02,0.019599405360682085
 2.9435E-02,0.019391673420140906
 2.9450E-02,0.018747710788968325
 2.9466E-02,0.01768662100617354
 2.9481E-02,0.016246825026124033
 2.9497E-02,0.014486877959353339
 2.9512E-02,0.012484238204906966
 2.9528E-02,0.010331631665516977
 2.9543E-02,0.008131266919270096
 2.9559E-02,0.005987723340454921
 2.9574E-02,0.004000677680839348
 2.9590E-02,0.0022586512599339402
 2.9605E-02,0.0008346489235419854
 2.9621E-02,-0.00021597615865368383
 2.9636E-02,-0.0008556908331842781
 2.9652E-02,-0.0010637073694903375
 2.9667E-02,-0.0008345869149053161
 2.9683E-02,-0.0001773189912014229
 2.9698E-02,0.0008847171464237049
 2.9714E-02,0.0023130281906992467
 2.9729E-02,0.00405311742119421
 2.9745E-02,0.006034298703011393
 2.9760E-02,0.008171048815718307
 2.9776E-02,0.010366398346583552
 2.9791E-02,0.012517325491629441
 2.9807E-02,0.014521546349700694
 2.9822E-02,0.016284669487091563
 2.9838E-02,0.01772653771637416
 2.9853E-02,0.01878576454422733
 2.9869E-02,0.019421931196843444
 2.9884E-02,0.019615500574333457
 2.9900E-02,0.019366043799893838
 2.9915E-02,0.01868969789323978
 2.9931E-02,0.017616785249717857
 2.9946E-02,0.016190233907930777
 2.9962E-02,0.014464947092415534
 2.9977E-02,0.012507749651824336
 2.9993E-02,0.010397164453178738
 3.0008E-02,0.008222171075813895
 3.0024E-02,0.006079309651748582
 3.0039E-02,0.004067950109249473
 3.0055E-02,0.0022841067740670042
 3.0070E-02,0.0008136623347425158
 3.0086E-02,-0.00027388056647404497
 3.0101E-02,-0.000930059032881533
 3.0117E-02,-0.001129812522253454
 3.0132E-02,-0.0008713808380250933
 3.0148E-02,-0.00017413473950791296
 3.0163E-02,0.0009248441618933105
 3.0179E-02,0.002374464916297799
 3.0194E-02,0.004112791262379489
 3.0210E-02,0.006069243207017743
 3.0225E-02,0.008165912899361754
 3.0241E-02,0.010318512526857128
 3.0256E-02,0.012437704894841865
 3.0272E-02,0.01443151323238143
 3.0287E-02,0.016209180402206015
 3.0303E-02,0.017686353223122186
 3.0318E-02,0.018790965352369265
 3.0334E-02,0.019468847164253674
 3.0349E-02,0.019688019728331924
 3.0365E-02,0.01944086214758143
 3.0380E-02,0.018743810206456653
 3.0396E-02,0.017634807051205625
 3.0411E-02,0.016169211476094944
 3.0427E-02,0.014415130304845735
 3.0442E-02,0.012449105176897044
 3.0458E-02,0.010352773321464028
 3.0473E-02,0.008210646491373156
 3.0489E-02,0.006108672801777432
 3.0504E-02,0.00413292182919567
 3.0520E-02,0.002367670188923794
 3.0535E-02,0.0008923826783297549
 3.0551E-02,-0.00022248926608577383
 3.0566E-02,-0.0009204748348469698
 3.0582E-02,-0.0011639989965323738
 3.0597E-02,-0.000938254663902064
 3.0613E-02,-0.0002531577517468648
 3.0628E-02,0.0008571113402604568
 3.0644E-02,0.0023369480238752795
 3.0659E-02,0.004113991991665645
 3.0675E-02,0.006104709655289855
 3.0690E-02,0.008219881217417449
 3.0706E-02,0.01036917468145278
 3.0721E-02,0.012464399382917499
 3.0737E-02,0.014421524690875513
 3.0752E-02,0.016161965094489684
 3.0768E-02,0.017613837510577244
 3.0783E-02,0.0187138265402857
 3.0799E-02,0.019409974987087297
 3.0814E-02,0.01966525830866251
 3.0830E-02,0.019461357569672353
 3.0845E-02,0.018801767081080452
 3.0861E-02,0.01771335864688423
 3.0876E-02,0.016245787607074513
 3.0892E-02,0.014468590571158995
 3.0907E-02,0.012466349904117862
 3.0923E-02,0.010332725470795053
 3.0938E-02,0.008164352084143055
 3.0954E-02,0.006055516779322295
 3.0969E-02,0.004094198258693674
 3.0985E-02,0.002359583525873977
 3.1000E-02,0.0009207259257097786
 3.1016E-02,-0.00016428232660391597
 3.1031E-02,-0.0008492927617596034
 3.1047E-02,-0.0011016955148067534
 3.1062E-02,-0.0009046919646322
 3.1078E-02,-0.0002598742449615233
 3.1093E-02,0.0008105918712087688
 3.1109E-02,0.002262997131919798
 3.1124E-02,0.0040329956941154875
 3.1140E-02,0.006038672605746722
 3.1155E-02,0.008185560112148148
 3.1171E-02,0.010372928769635767
 3.1186E-02,0.012500390853308865
 3.1202E-02,0.014473826013237961
 3.1217E-02,0.016209878798531852
 3.1233E-02,0.017638707473909318
 3.1248E-02,0.018705147436612602
 3.1263E-02,0.019368838852229682
 3.1279E-02,0.019604038285252465
 3.1295E-02,0.019399740702631955
 3.1310E-02,0.018760420122592325
 3.1326E-02,0.017707266507619356
 3.1341E-02,0.016279401946967833
 3.1357E-02,0.014534337414121268
 3.1372E-02,0.012546962565675645
 3.1388E-02,0.0104066428121353
 3.1403E-02,0.008212446323516427
 3.1419E-02,0.006067000664986293
 3.1434E-02,0.004069836846362004
 3.1450E-02,0.0023112079289256057
 3.1465E-02,0.0008672324110030778
 3.1481E-02,-0.00020314500598544202
 3.1496E-02,-0.0008593479046414366
 3.1512E-02,-0.0010789194402799729
 3.1527E-02,-0.0008564954861954458
 3.1543E-02,-0.00020268886370906295
 3.1558E-02,0.000856637592991747
 3.1574E-02,0.0022805994136341407
 3.1589E-02,0.004013306563792533
 3.1605E-02,0.005984240688910955
 3.1620E-02,0.008109644465959947
 3.1636E-02,0.010295408789866158
 3.1651E-02,0.01244158167535071
 3.1667E-02,0.01444817498476271
 3.1682E-02,0.01622155185949803
 3.1698E-02,0.017680464525841807
 3.1713E-02,0.018760849144360447
 3.1728E-02,0.019418763483318505
 3.1744E-02,0.019631290131728384
 3.1760E-02,0.019395688982843735
 3.1775E-02,0.018727427547682144
 3.1791E-02,0.017657844646387977
 3.1806E-02,0.016232081683467594
 3.1822E-02,0.014507596006090825
 3.1837E-02,0.01255316628696192
 3.1853E-02,0.01044795011359238
 3.1868E-02,0.00827997919990501
 3.1884E-02,0.006143539722282176
 3.1899E-02,0.004135168068014334
 3.1915E-02,0.0023484073009810216
 3.1930E-02,0.0008678850049892704
 3.1946E-02,-0.00023644397505164882
 3.1961E-02,-0.0009139875378844375
 3.1977E-02,-0.0011364235545633882
 3.1992E-02,-0.0008984869055651064
 3.2008E-02,-0.0002167555835809017
 3.2023E-02,0.0008730449875479876
 3.2039E-02,0.0023194728617493506
 3.2054E-02,0.004058794557038417
 3.2070E-02,0.00601788789973484
 3.2085E-02,0.008116468965020949
 3.2101E-02,0.010268865105873267
 3.2116E-02,0.012385818441898873
 3.2132E-02,0.014376864653411757
 3.2147E-02,0.016153668570187612
 3.2163E-02,0.01763436275677889
 3.2178E-02,0.0187485373164072
 3.2193E-02,0.019442199983319666
 3.2209E-02,0.01968187655289531
 3.2225E-02,0.019457107644877826
 3.2240E-02,0.01878089891472577
 3.2256E-02,0.01768810971518531
 3.2271E-02,0.016232191223318027
 3.2287E-02,0.014480981793341036
 3.2302E-02,0.012512349570599744
 3.2318E-02,0.010410324166727172
 3.2333E-02,0.008262037870849472
 3.2349E-02,0.006155413838700241
 3.2364E-02,0.004177222662196844
 3.2380E-02,0.0024109839850356522
 3.2395E-02,0.0009342629965321592
 3.2411E-02,-0.0001848227818433809
 3.2426E-02,-0.0008917017317644493
 3.2442E-02,-0.0011495167912744114
 3.2457E-02,-0.0009426171892832399
 3.2473E-02,-0.00027862551557418123
 3.2488E-02,0.0008114469554722566
 3.2504E-02,0.002275182374371177
 3.2519E-02,0.004042549960604934
 3.2535E-02,0.006030869802690295
 3.2550E-02,0.008150128825699538
 3.2566E-02,0.010307880476047911
 3.2581E-02,0.012413212500132333
 3.2597E-02,0.014379637679332487
 3.2612E-02,0.016127129396368803
 3.2628E-02,0.017583769484541267
 3.2643E-02,0.018687522947720872
 3.2659E-02,0.01938849151513819
 3.2674E-02,0.019651683553011036
 3.2690E-02,0.019459979954691987
 3.2705E-02,0.018816697786373526
 3.2720E-02,0.017747054067053653
 3.2736E-02,0.01629795219644746
 3.2752E-02,0.014535823455876076
 3.2767E-02,0.012542664637667397
 3.2783E-02,0.010410797316157601
 3.2798E-02,0.00823711945602244
 3.2814E-02,0.006117655404219876
 3.2829E-02,0.004143031762261667
 3.2845E-02,0.0023951768837059293
 3.2860E-02,0.0009451691644964924
 3.2876E-02,-0.00014813731891202895
 3.2891E-02,-0.0008392106809524165
 3.2907E-02,-0.0010970905889549085
 3.2922E-02,-0.000906973359665945
 3.2938E-02,-0.0002719895239895146
 3.2953E-02,0.0007852663185368093
 3.2969E-02,0.0022220549879174126
 3.2984E-02,0.003976227414187593
 3.3000E-02,0.005968708577541417
 3.3015E-02,0.008107701032524913
 3.3031E-02,0.010294189979874191
 3.3046E-02,0.012428035638357445
 3.3062E-02,0.014413824227931117
 3.3077E-02,0.016165750126007905
 3.3093E-02,0.017611085892418058
 3.3108E-02,0.018692174498072294
 3.3124E-02,0.019367231665613136
 3.3139E-02,0.019610467583587466
 3.3155E-02,0.01941206235069926
 3.3170E-02,0.018778358869234364
 3.3185E-02,0.01773233510153037
 3.3201E-02,0.016314091887587985
 3.3217E-02,0.014580857660914033
 3.3232E-02,0.01260595216212635
 3.3248E-02,0.010476294806880535
 3.3263E-02,0.00828835055017117
 3.3279E-02,0.006142784233841911
 3.3294E-02,0.0041384273729975635
 3.3310E-02,0.0023663468090988375
 3.3325E-02,0.000904786504137839
 3.3341E-02,-0.00018446078929550635
 3.3356E-02,-0.0008580387536818835
 3.3372E-02,-0.00109152337110313
 3.3387E-02,-0.0008788636795984421
 3.3403E-02,-0.00023131583828541055
 3.3418E-02,0.0008236585741529064
 3.3434E-02,0.002243291894936828
 3.3449E-02,0.003970271645959167
 3.3465E-02,0.005933692968307119
 3.3480E-02,0.008050664746382805
 3.3496E-02,0.010228982733562113
 3.3511E-02,0.0123710602239167
 3.3527E-02,0.014378976766052329
 3.3542E-02,0.01616017087053949
 3.3558E-02,0.01763307024356461
 3.3573E-02,0.018731899029391513
 3.3589E-02,0.01941004694023339
 3.3604E-02,0.01964168867638934
 3.3620E-02,0.019421712868252162
 3.3635E-02,0.01876434658719528
 3.3650E-02,0.01770104820624278
 3.3666E-02,0.01627823800907988
 3.3682E-02,0.014555254171472593
 3.3697E-02,0.012602630623127616
 3.3713E-02,0.010500496200263424
 3.3728E-02,0.008336695138793036
 3.3744E-02,0.006204197668079077
 3.3759E-02,0.004197520577335523
 3.3775E-02,0.002408165163962224
 3.3790E-02,0.0009194127998577882
 3.3806E-02,-0.000198910360962781
 3.3821E-02,-0.0008949666508446991
 3.3837E-02,-0.001138075899696435
 3.3852E-02,-0.0009201034637895018
 3.3868E-02,-0.0002550003301135214
 3.3883E-02,0.0008232192419286748
 3.3899E-02,0.002263523022224547
 3.3914E-02,0.004001302889860274
 3.3930E-02,0.005961684406748435
 3.3945E-02,0.008062413760957367
 3.3961E-02,0.010216328366566219
 3.3976E-02,0.012333669596318719
 3.3992E-02,0.014324618709536618
 3.4007E-02,0.016102388150065754
 3.4023E-02,0.017586995209655423
 3.4038E-02,0.018709551054970002
 3.4054E-02,0.019416613395350363
 3.4069E-02,0.019673972619759082
 3.4085E-02,0.019469233375570997
 3.4100E-02,0.018812726777183514
 3.4115E-02,0.01773659558830292
 3.4131E-02,0.01629224605573661
 3.4147E-02,0.014546652053874579
 3.4162E-02,0.012578145797433856
 3.4178E-02,0.010472296803942386
 3.4193E-02,0.00831828700345976
 3.4209E-02,0.0062059053415107176
 3.4224E-02,0.0042230073564680105
 3.4240E-02,0.002453106686992436
 3.4255E-02,0.000972744323020834
 3.4271E-02,-0.00015157719941495803
 3.4286E-02,-0.0008668524055042649
 3.4302E-02,-0.0011371000402628886
 3.4317E-02,-0.0009464221315344589
 3.4333E-02,-0.00030099097815122094
 3.4348E-02,0.0007705318169819915
 3.4364E-02,0.0022183810398788925
 3.4379E-02,0.003974776660303927
 3.4395E-02,0.00595829322827476
 3.4410E-02,0.008078875882286408
 3.4426E-02,0.010242825288870909
 3.4441E-02,0.012357204767889273
 3.4457E-02,0.014333381647198228
 3.4472E-02,0.01608971606361808
 3.4488E-02,0.01755365705029218
 3.4503E-02,0.018663620412385538
 3.4519E-02,0.0193709725052868
 3.4534E-02,0.019642250376617404
 3.4550E-02,0.019461481273921652
 3.4565E-02,0.01883221768230762
 3.4581E-02,0.017778766365551316
 3.4596E-02,0.016346114963219274
 3.4612E-02,0.014598248627983071
 3.4627E-02,0.012614850004222931
 3.4642E-02,0.01048670029160718
 3.4658E-02,0.008310351095775582
 3.4674E-02,0.0061827430443541845
 3.4689E-02,0.0041963804764140415
 3.4705E-02,0.0024354585300311775
 3.4720E-02,0.0009730507888217764
 3.4736E-02,-0.0001308054606514481
 3.4751E-02,-0.0008304596902270403
 3.4767E-02,-0.0010957886014636468
 3.4782E-02,-0.0009133536187112294
 3.4798E-02,-0.00028757681373261005
 3.4813E-02,0.0007583051740048042
 3.4829E-02,0.002181920133146392
 3.4844E-02,0.00392251729434096
 3.4860E-02,0.005903124113368439
 3.4875E-02,0.008034173233190865
 3.4891E-02,0.010218362156635411
 3.4906E-02,0.012356234898692269
 3.4922E-02,0.014351818472913933
 3.4937E-02,0.016117654752781763
 3.4953E-02,0.017578737102971094
 3.4968E-02,0.018675138736114663
 3.4984E-02,0.01936342054447117
 3.4999E-02,0.019617138926144532
 3.5015E-02,0.019426871035760036
 3.5030E-02,0.018800113188708438
 3.5046E-02,0.017761217200094874
 3.5061E-02,0.01635128079107492
 3.5077E-02,0.014627691948166386
 3.5092E-02,0.012662922351333377
 3.5107E-02,0.010542213890142607
 3.5123E-02,0.008359996453254111
 3.5139E-02,0.006215158380151419
 3.5154E-02,0.004205577404136492
 3.5170E-02,0.0024225218082923744
 3.5185E-02,0.0009455869995293449
 3.5201E-02,-0.00016127489447337697
 3.5216E-02,-0.0008523123168267708
 3.5232E-02,-0.0011010939098886664
 3.5247E-02,-0.0009004319170618194
 3.5263E-02,-0.00026151152816612593
 3.5278E-02,0.0007873566509925282
 3.5294E-02,0.002202067768440762
 3.5309E-02,0.003924056154720034
 3.5325E-02,0.005881770951939752
 3.5340E-02,0.007992584246241932
 3.5356E-02,0.010165444956979908
 3.5371E-02,0.012304473111169466
 3.5387E-02,0.01431346190035919
 3.5402E-02,0.01610098894536327
 3.5418E-02,0.017585618084107645
 3.5433E-02,0.018700570966032004
 3.5449E-02,0.019397300201374198
 3.5464E-02,0.01964759130397028
 3.5480E-02,0.01944410311276531
 3.5495E-02,0.01879954287102303
 3.5511E-02,0.01774487946061153
 3.5526E-02,0.016327069537906694
 3.5542E-02,0.014606693947146681
 3.5557E-02,0.012655711109618608
 3.5572E-02,0.010555301224081316
 3.5588E-02,0.008393583431254145
 3.5604E-02,0.006262905908591651
 3.5619E-02,0.0042564673026658974
 3.5635E-02,0.0024642110364863036
 3.5650E-02,0.000968184225230343
 3.5666E-02,-0.00016221039590491745
 3.5681E-02,-0.0008744956897432926
 3.5697E-02,-0.0011363565925912524
 3.5712E-02,-0.0009373982101250274
 3.5728E-02,-0.00028924612164370786
 3.5743E-02,0.0007758977489880803
 3.5759E-02,0.0022078812857158903
 3.5774E-02,0.003941910311263701
 3.5790E-02,0.005902044887161005
 3.5805E-02,0.008004527695092512
 3.5821E-02,0.01016080484743556
 3.5836E-02,0.012280318572543872
 3.5852E-02,0.014273298074893276
 3.5867E-02,0.016053799772292533
 3.5883E-02,0.017543142550040965
 3.5898E-02,0.018673683119741564
 3.5914E-02,0.019392649073309634
 3.5929E-02,0.019665571352496972
 3.5945E-02,0.019478797108565545
 3.5960E-02,0.018840645865239074
 3.5976E-02,0.01778097886540682
 3.5991E-02,0.016349226020647364
 3.6007E-02,0.014611178104818628
 3.6022E-02,0.012645028727278344
 3.6038E-02,0.010537193966596418
 3.6053E-02,0.008378342624172648
 3.6069E-02,0.006259875472649528
 3.6084E-02,0.004270866393052104
 3.6100E-02,0.0024952981890891813
 3.6115E-02,0.0010093501963128698
 3.6131E-02,-0.00012145339483951383
 3.6146E-02,-0.0008452662921041203
 3.6162E-02,-0.0011269350915045035
 3.6177E-02,-0.0009506396917926853
 3.6193E-02,-0.00032169499218497684
 3.6208E-02,0.0007329167596334898
 3.6224E-02,0.0021655498024984593
 3.6239E-02,0.003910449029794239
 3.6255E-02,0.005887596696232549
 3.6270E-02,0.008007379039433092
 3.6286E-02,0.01017550197676399
 3.6301E-02,0.012297627610618202
 3.6317E-02,0.014283368012939076
 3.6332E-02,0.016049504201345717
 3.6348E-02,0.017522521704292287
 3.6363E-02,0.01864069958885176
 3.6379E-02,0.019356014232123055
 3.6394E-02,0.019636020116434977
 3.6410E-02,0.01946568646482405
 3.6425E-02,0.018848967987452947
 3.6441E-02,0.017809744070136375
 3.6456E-02,0.01639172919252864
 3.6472E-02,0.014657057733258207
 3.6487E-02,0.012683455311540505
 3.6503E-02,0.010560167749324093
 3.6518E-02,0.008383052410916319
 3.6534E-02,0.006249377444127693
 3.6549E-02,0.004252883614754488
 3.6564E-02,0.0024795430805762218
 3.6580E-02,0.001004241069322136
 3.6596E-02,-0.00011162300479636896
 3.6611E-02,-0.0008217981356540383
 3.6627E-02,-0.001096369003845348
 3.6642E-02,-0.0009226875876991789
 3.6658E-02,-0.0003061306731829298
 3.6673E-02,0.0007294157473168075
 3.6689E-02,0.002141598978959943
 3.6704E-02,0.0038704916768980222
 3.6720E-02,0.005840606565437409
 3.6735E-02,0.007964144994772132
 3.6751E-02,0.010145359087616693
 3.6766E-02,0.012285673093426796
 3.6782E-02,0.01428904241247137
 3.6797E-02,0.0160669791837718
 3.6813E-02,0.01754275666598656
 3.6828E-02,0.01865449577653924
 3.6844E-02,0.01935707832497198
 3.6859E-02,0.019623050538162542
 3.6875E-02,0.019442813907399
 3.6890E-02,0.018824413550952112
 3.6906E-02,0.017793132308755247
 3.6921E-02,0.016390924505548965
 3.6937E-02,0.014675542957813738
 3.6952E-02,0.012719094089492124
 3.6968E-02,0.010605745944499154
 3.6983E-02,0.00842842329768437
 3.6999E-02,0.00628452416602441
 3.7014E-02,0.004270923674973447
 3.7029E-02,0.002478724006371334
 3.7045E-02,0.000988303763005004
 3.7061E-02,-0.0001348129751452328
 3.7076E-02,-0.0008428991531857228
 3.7092E-02,-0.0011076355060989553
 3.7107E-02,-0.0009204801714566315
 3.7123E-02,-0.0002920642188351443
 3.7138E-02,0.0007490465310449092
 3.7154E-02,0.0021579248512886996
 3.7169E-02,0.0038750241443521044
 3.7185E-02,0.00582809188186275
 3.7200E-02,0.007934399511168734
 3.7216E-02,0.010103495377181915
 3.7231E-02,0.012240641281028917
 3.7247E-02,0.014250949646556007
 3.7262E-02,0.016044039982560866
 3.7278E-02,0.01753884328162242
 3.7293E-02,0.018668063692976695
 3.7309E-02,0.019381800149381945
 3.7324E-02,0.019649944117003607
 3.7340E-02,0.01946317357707511
 3.7355E-02,0.018832600081991436
 3.7371E-02,0.01778832797428134
 3.7386E-02,0.016377297187825178
 3.7402E-02,0.014660777484576743
 3.7417E-02,0.012711773917125115
 3.7433E-02,0.010612435278011714
 3.7448E-02,0.008451391996989879
 3.7464E-02,0.006320847549108232
 3.7479E-02,0.004313245952798748
 3.7495E-02,0.00251744097417799
 3.7510E-02,0.0010144684027602298
 3.7526E-02,-0.00012678560487926161
 3.7541E-02,-0.0008535831478784699
 3.7557E-02,-0.001132516883175672
 3.7572E-02,-0.0009514646600824628
 3.7588E-02,-0.00032008012369392775
 3.7603E-02,0.000731185344469147
 3.7619E-02,0.002153308525215041
 3.7634E-02,0.0038817884688858036
 3.7650E-02,0.00584017631669881
 3.7665E-02,0.00794366787064944
 3.7681E-02,0.010102529960647696
 3.7696E-02,0.012225307125237079
 3.7712E-02,0.01422190099164867
 3.7727E-02,0.01600668154307522
 3.7743E-02,0.017501755200155174
 3.7758E-02,0.018640391871100347
 3.7774E-02,0.019370444858899927
 3.7789E-02,0.01965744325045216
 3.7805E-02,0.019486952690686832
 3.7820E-02,0.018865822259045272
 3.7836E-02,0.017822064292899602
 3.7851E-02,0.01640331811156008
 3.7867E-02,0.014674071455298233
 3.7882E-02,0.012711992905351749
 3.7898E-02,0.010603816310935576
 3.7913E-02,0.008441195075717561
 3.7929E-02,0.006316825473990852
 3.7944E-02,0.004320968450877588
 3.7960E-02,0.0025383372754972846
 3.7975E-02,0.0010452176470880051
 3.7991E-02,-9.332113222441864e-05
 3.8006E-02,-0.000826181102356149
 3.8022E-02,-0.0011188695869236561
 3.8037E-02,-0.0009557735304336116
 3.8053E-02,-0.0003417335387293528
 3.8068E-02,0.0006974338476935905
 3.8084E-02,0.0021157228887055497
 3.8099E-02,0.003849111624159301
 3.8115E-02,0.005818979085292461
 3.8130E-02,0.007936425884063323
 3.8146E-02,0.010107033314377026
 3.8161E-02,0.012235579280849207
 3.8177E-02,0.01423032002000723
 3.8192E-02,0.01600661285423697
 3.8208E-02,0.017489843267289265
 3.8223E-02,0.018617770663402266
 3.8239E-02,0.01934247634613044
 3.8254E-02,0.019632067720389362
 3.8270E-02,0.019472181007737267
 3.8285E-02,0.018867175119132763
 3.8301E-02,0.017840779079353896
 3.8316E-02,0.01643589603058475
 3.8332E-02,0.014713307001654422
 3.8347E-02,0.01274915357282884
 3.8363E-02,0.010631275204606022
 3.8378E-02,0.008454679106255051
 3.8394E-02,0.006316570392832019
 3.8409E-02,0.00431142603003713
 3.8425E-02,0.0025265446185869915
 3.8440E-02,0.0010383647738121497
 3.8456E-02,-9.033725530318919e-05
 3.8471E-02,-0.0008124290268853512
 3.8486E-02,-0.001097747423486591
 3.8502E-02,-0.0009339509390907418
 3.8518E-02,-0.0003270134780707812
 3.8533E-02,0.0006986472620304047
 3.8549E-02,0.00210053950294404
 3.8564E-02,0.003819176656255042
 3.8580E-02,0.005780073675197736
 3.8595E-02,0.00789677269861758
 3.8611E-02,0.010074845184376142
 3.8626E-02,0.012216628561781302
 3.8642E-02,0.014226297404329279
 3.8657E-02,0.016014789854515512
 3.8673E-02,0.017504134267014387
 3.8688E-02,0.018630842555979833
 3.8704E-02,0.019348220072721724
 3.8719E-02,0.01962763340016567
 3.8735E-02,0.01945892248786869
 3.8750E-02,0.01885020358527439
 3.8766E-02,0.017827274378525375
 3.8781E-02,0.016432723801123726
 3.8797E-02,0.014724711361625446
 3.8812E-02,0.012775268616400331
 3.8828E-02,0.010667933734631497
 3.8843E-02,0.008494580242794657
 3.8859E-02,0.006351433448681018
 3.8874E-02,0.00433444540069053
 3.8890E-02,0.002534368419717262
 3.8905E-02,0.0010319763011962112
 3.8921E-02,-0.00010610315698113206
 3.8936E-02,-0.0008305667604505046
 3.8952E-02,-0.0011114112446583436
 3.8967E-02,-0.0009386852509890528
 3.8983E-02,-0.00032216995400823317
 3.8998E-02,0.0007097544862679966
 3.9014E-02,0.0021117834610850992
 3.9029E-02,0.0038236969770208376
 3.9045E-02,0.005772613874989359
 3.9060E-02,0.007875521827491565
 3.9076E-02,0.010042189632901726
 3.9091E-02,0.012178568883126283
 3.9107E-02,0.014190712076137656
 3.9122E-02,0.01598909636016553
 3.9138E-02,0.01749308980250187
 3.9153E-02,0.018635180710295275
 3.9169E-02,0.01936455099370763
 3.9184E-02,0.019649629885898207
 3.9200E-02,0.01947940352424885
 3.9215E-02,0.018863442129743026
 3.9231E-02,0.01783078872965832
 3.9246E-02,0.01642798246858235
 3.9262E-02,0.01471653400067756
 3.9277E-02,0.012770126047606033
 3.9293E-02,0.010671702931980609
 3.9308E-02,0.008510482644594863
 3.9324E-02,0.006378822918121439
 3.9339E-02,0.004368837089848934
 3.9355E-02,0.0025687011254795647
 3.9370E-02,0.001058706840418375
 3.9386E-02,-9.273882903044995e-05
 3.9401E-02,-0.0008328413826535501
 3.9417E-02,-0.0011274811518171648
 3.9432E-02,-0.0009632427953992562
 3.9448E-02,-0.00034815760042550053
 3.9463E-02,0.000688919803306488
 3.9479E-02,0.002100185712187193
 3.9494E-02,0.0038217380930968465
 3.9510E-02,0.00577704221273123
 3.9525E-02,0.007880652667575047
 3.9541E-02,0.010041916656179798
 3.9556E-02,0.012168513137645573
 3.9572E-02,0.014169812252754268
 3.9587E-02,0.015960124666797266
 3.9603E-02,0.017461923347165856
 3.9618E-02,0.01860905809571757
 3.9634E-02,0.019349869425285725
 3.9649E-02,0.019649985023797934
 3.9665E-02,0.019494495662774818
 3.9680E-02,0.018889193851309993
 3.9696E-02,0.017860631036620823
 3.9711E-02,0.016454893675574647
 3.9727E-02,0.014735178024007587
 3.9742E-02,0.012778409731000955
 3.9758E-02,0.01067126309097271
 3.9773E-02,0.00850595990530923
 3.9789E-02,0.006376169111909764
 3.9804E-02,0.0043732109040113525
 3.9820E-02,0.002582635045058943
 3.9835E-02,0.0010811374837288127
 3.9851E-02,-6.626446530945927e-05
 3.9866E-02,-0.0008088490414775288
 3.9882E-02,-0.0011125620837962424
 3.9897E-02,-0.0009619958681861415
 3.9913E-02,-0.0003617352206553322
 3.9928E-02,0.0006632010069908587
 3.9944E-02,0.0020680479196094
 3.9959E-02,0.0037902144249590958
 3.9975E-02,0.0057523678156136005
 3.9990E-02,0.007866443151788617
 4.0006E-02,0.01003820756182649
 4.0021E-02,0.012171956710701988
 4.0037E-02,0.014174956621984
 4.0052E-02,0.015961354356575523
 4.0068E-02,0.017455429751577548
 4.0083E-02,0.018594201315229472
 4.0099E-02,0.019329490742083844
 4.0114E-02,0.01962956834374451
 4.0130E-02,0.019480447201401775
 4.0145E-02,0.018886792813708267
 4.0161E-02,0.017872309110040393
 4.0176E-02,0.016479394638042544
 4.0192E-02,0.014767865763257292
 4.0207E-02,0.012812625200290657
 4.0223E-02,0.01070029667686307
 4.0238E-02,0.008525012217145893
 4.0254E-02,0.0063836813136209595
 4.0269E-02,0.004371151335050689
 4.0285E-02,0.0025756648262005026
 4.0300E-02,0.0010749358529317517
 4.0316E-02,-6.696852330707079e-05
 4.0331E-02,-0.0008019027153215352
 4.0347E-02,-0.0010991499520687045
 4.0362E-02,-0.0009462939643920837
 4.0378E-02,-0.0003495711953969199
 4.0393E-02,0.0006662503378933259
 4.0408E-02,0.002058510974636925
 4.0424E-02,0.003767936386016942
 4.0440E-02,0.005720689930650433
 4.0455E-02,0.007831289682285726
 4.0471E-02,0.01000636812757293
 4.0486E-02,0.012149107355514152
 4.0502E-02,0.014164044701370494
 4.0517E-02,0.01596185437213117
 4.0533E-02,0.017463697492730614
 4.0548E-02,0.018604801949830996
 4.0564E-02,0.019337065738549163
 4.0579E-02,0.019630635987479692
 4.0595E-02,0.019474556297141538
 4.0610E-02,0.01887666038744582
 4.0626E-02,0.017862901971318106
 4.0641E-02,0.01647625524248504
 4.0657E-02,0.014775225353256313
 4.0672E-02,0.01283191421648971
 4.0688E-02,0.010729533334545484
 4.0703E-02,0.008559267488212053
 4.0719E-02,0.006416473883821803
 4.0734E-02,0.004396330128970475
 4.0750E-02,0.0025891836454223624
 4.0765E-02,0.001075962350184594
 4.0781E-02,-7.595232789073931e-05
 4.0796E-02,-0.0008160286215112452
 4.0812E-02,-0.0011128139619377892
 4.0827E-02,-0.0009549952863502774
 4.0843E-02,-0.0003513504507666349
 4.0858E-02,0.000670230981874176
 4.0874E-02,0.0020644258455122413
 4.0889E-02,0.0037706392043275186
 4.0905E-02,0.0057155049362119115
 4.0920E-02,0.00781567129219469
 4.0936E-02,0.009980891963493398
 4.0951E-02,0.012117469778426926
 4.0967E-02,0.014132065417424766
 4.0982E-02,0.015935795620787067
 4.0998E-02,0.017448431680464595
 4.1013E-02,0.01860240744905975
 4.1029E-02,0.0193462927560525
 4.1044E-02,0.019647405422254956
 4.1060E-02,0.019493324229625183
 4.1075E-02,0.018892205508557372
 4.1091E-02,0.017871961147091314
 4.1106E-02,0.016478485368013385
 4.1122E-02,0.014773189757570483
 4.1137E-02,0.01283010751588019
 4.1153E-02,0.010732767877200983
 4.1168E-02,0.008570948195070998
 4.1184E-02,0.006437321771524446
 4.1199E-02,0.00442396853917809
 4.1215E-02,0.002618723233441529
 4.1230E-02,0.0011014009246350254
 4.1246E-02,-5.99586086260965e-05
 4.1261E-02,-0.0008125831081920356
 4.1277E-02,-0.0011218848232634083
 4.1292E-02,-0.0009734865431560126
 4.1308E-02,-0.00037410964094558824
 4.1323E-02,0.0006487941458442858
 4.1339E-02,0.0020486270608130754
 4.1354E-02,0.0037622568658051275
 4.1370E-02,0.005713363723045229
 4.1385E-02,0.007816195974301412
 4.1401E-02,0.009979444093878066
 4.1416E-02,0.01211002951808302
 4.1432E-02,0.014116711095132949
 4.1447E-02,0.015913499680594287
 4.1463E-02,0.01742291208041731
 4.1478E-02,0.018579077514035203
 4.1494E-02,0.019330642304589172
 4.1509E-02,0.01964332860284545
 4.1525E-02,0.019501926401071585
 4.1540E-02,0.018911467603945162
 4.1556E-02,0.017897365214021507
 4.1571E-02,0.016504398091267896
 4.1587E-02,0.014794560448019356
 4.1602E-02,0.012843940080872704
 4.1618E-02,0.010738902915183517
 4.1633E-02,0.008571915862622556
 4.1649E-02,0.00643732549055257
 4.1664E-02,0.00442733756318036
 4.1680E-02,0.0026283398624422235
 4.1695E-02,0.0011176129858899275
 4.1711E-02,-3.958785090820349e-05
 4.1726E-02,-0.0007926055074285133
 4.1742E-02,-0.0011075911469608656
 4.1757E-02,-0.000969261982304031
 4.1773E-02,-0.0003820445952908263
 4.1788E-02,0.0006295963229572616
 4.1804E-02,0.00202182579711881
 4.1819E-02,0.0037332052921039893
 4.1835E-02,0.005687534101825648
 4.1850E-02,0.007797597846703454
 4.1866E-02,0.00996953317999355
 4.1881E-02,0.012107446517926657
 4.1897E-02,0.014117922922399807
 4.1912E-02,0.015914126715019034
 4.1928E-02,0.017419306285186374
 4.1943E-02,0.01856963774861653
 4.1959E-02,0.019316439843742667
 4.1974E-02,0.01962783959960828
 4.1990E-02,0.019489956587188335
 4.2005E-02,0.0189076149291539
 4.2021E-02,0.01790451468826241
 4.2036E-02,0.01652273239883471
 4.2052E-02,0.014821404012373952
 4.2067E-02,0.012874487173540899
 4.2083E-02,0.010767598366730026
 4.2098E-02,0.008594050441002867
 4.2114E-02,0.006450342667830693
 4.2129E-02,0.004431444072860171
 4.2145E-02,0.002626237372406113
 4.2160E-02,0.0011134496006470372
 4.2176E-02,-4.1699832917158064e-05
 4.2191E-02,-0.0007900237680094443
 4.2207E-02,-0.0011000668583407958
 4.2222E-02,-0.0009590567174322873
 4.2238E-02,-0.00037320487425548563
 4.2253E-02,0.0006325722071271307
 4.2269E-02,0.0020154994736829254
 4.2284E-02,0.003716402265732852
 4.2300E-02,0.005661851903291476
 4.2315E-02,0.007767052179124983
 4.2331E-02,0.009939450473351513
 4.2346E-02,0.012082951032192042
 4.2362E-02,0.014102494888625926
 4.2377E-02,0.015908684061060663
 4.2393E-02,0.017422094069901643
 4.2408E-02,0.01857695064539754
 4.2424E-02,0.019323936984897056
 4.2439E-02,0.019632023210094256
 4.2455E-02,0.019489336249836467
 4.2470E-02,0.018903183549526466
 4.2486E-02,0.01789938620059451
 4.2501E-02,0.016521062450583667
 4.2517E-02,0.01482694584808673
 4.2532E-02,0.012889251645588207
 4.2548E-02,0.010791052544692183
 4.2563E-02,0.008623115597310719
 4.2579E-02,0.0064801960131519645
 4.2594E-02,0.004456872108239339
 4.2610E-02,0.0026431140931606313
 4.2625E-02,0.0011198751728028972
 4.2641E-02,-4.495390860970129e-05
 4.2656E-02,-0.0007998948011634616
 4.2672E-02,-0.0011122756893677116
 4.2687E-02,-0.0009695271124425132
 4.2703E-02,-0.00037937124019624374
 4.2718E-02,0.0006309857204034119
 4.2734E-02,0.0020164734135054373
 4.2749E-02,0.0037163855011278168
 4.2765E-02,0.005657043152248079
 4.2780E-02,0.00775478227848293
 4.2796E-02,0.009919216148727428
 4.2811E-02,0.012056762695748235
 4.2827E-02,0.014074420757534902
 4.2842E-02,0.015883730271407645
 4.2858E-02,0.01740477301851474
 4.2873E-02,0.018569989428497854
 4.2889E-02,0.0193275326582414
 4.2904E-02,0.019643876348415572
 4.2920E-02,0.019505445449575675
 4.2935E-02,0.01891914120903844
 4.2951E-02,0.017911757939706213
 4.2966E-02,0.016528409288784917
 4.2982E-02,0.014830166544992338
 4.2997E-02,0.012891143633885115
 4.3013E-02,0.010795242060256924
 4.3028E-02,0.00863270980721605
 4.3044E-02,0.006496597661246979
 4.3059E-02,0.004479143129512968
 4.3075E-02,0.0026680970787961466
 4.3090E-02,0.0011430380981586924
 4.3106E-02,-2.821550486352322e-05
 4.3121E-02,-0.0007929093707260355
 4.3137E-02,-0.0011161259454341855
 4.3152E-02,-0.0009827626437827223
 4.3168E-02,-0.00039848989659597533
 4.3183E-02,0.0006104448101568521
 4.3199E-02,0.0019985748105636886
 4.3214E-02,0.0037036105152482646
 4.3230E-02,0.005649644422211813
 4.3245E-02,0.007750877960311917
 4.3261E-02,0.009915583966823712
 4.3276E-02,0.01205006982315385
 4.3292E-02,0.014062486398485088
 4.3307E-02,0.015866408321348544
 4.3323E-02,0.01738416517766114
 4.3338E-02,0.018549915057892122
 4.3354E-02,0.019312421071943673
 4.3369E-02,0.01963743318097632
 4.3385E-02,0.019509517532891575
 4.3400E-02,0.01893314085946332
 4.3416E-02,0.017932828474858255
 4.3431E-02,0.016552276896837345
 4.3447E-02,0.014852405573054553
 4.3462E-02,0.012908452829575643
 4.3478E-02,0.010806329303285143
 4.3493E-02,0.00863851153966854
 4.3509E-02,0.006499774431744135
 4.3524E-02,0.004483024889547715
 4.3540E-02,0.002675426730542543
 4.3555E-02,0.0011549238756383936
 4.3571E-02,-1.2797899708984553e-05
 4.3586E-02,-0.0007769021952101663
 4.3602E-02,-0.0011035290166328884
 4.3617E-02,-0.0009774007419355076
 4.3633E-02,-0.0004028005936728233
 4.3648E-02,0.0005962167347472567
 4.3664E-02,0.0019765195566801294
 4.3679E-02,0.0036775859470233184
 4.3695E-02,0.0056241779910238794
 4.3710E-02,0.007729884041491424
 4.3726E-02,0.009901299640439426
 4.3741E-02,0.012042540490510933
 4.3757E-02,0.014059755571025408
 4.3772E-02,0.01586534019654102
 4.3788E-02,0.017381626544448043
 4.3803E-02,0.018543929377825435
 4.3819E-02,0.019302918591068724
 4.3834E-02,0.019626352858488377
 4.3850E-02,0.019500226734847557
 4.3865E-02,0.018929359346075807
 4.3881E-02,0.017937403194094603
 4.3896E-02,0.01656620220844705
 4.3912E-02,0.01487440471960559
 4.3927E-02,0.012935256625555119
 4.3943E-02,0.010833565366511857
 4.3958E-02,0.008661923559010392
 4.3974E-02,0.0065163878154593236
 4.3989E-02,0.00449189500559914
 4.4005E-02,0.0026777415613567727
 4.4020E-02,0.001153440101341723
 4.4036E-02,-1.4794200543697365e-05
 4.4051E-02,-0.0007767694864953937
 4.4067E-02,-0.001100198348766049
 4.4082E-02,-0.0009717592110196336
 4.4098E-02,-0.0003974082131119643
 4.4113E-02,0.0005979839796450311
 4.4129E-02,0.0019716233709804834
 4.4144E-02,0.003664403690255354
 4.4160E-02,0.005603156331588815
 4.4175E-02,0.007703554783164325
 4.4191E-02,0.009873647360083372
 4.4206E-02,0.012017917974998613
 4.4222E-02,0.014041686705693734
 4.4237E-02,0.015855585078086026
 4.4253E-02,0.01737979902924349
 4.4268E-02,0.01854778024333044
 4.4284E-02,0.019309184867146095
 4.4299E-02,0.019631893962691462
 4.4315E-02,0.019503078508316857
 4.4330E-02,0.018929366418774914
 4.4346E-02,0.017936228435068646
 4.4361E-02,0.016566714387061452
 4.4377E-02,0.0148796465255535
 4.4392E-02,0.012947330232145584
 4.4408E-02,0.010852798730219413
 4.4423E-02,0.008686589898777951
 4.4439E-02,0.006543073010029226
 4.4454E-02,0.004516400434042894
 4.4470E-02,0.002696239625547937
 4.4485E-02,0.0011635204004977436
 4.4501E-02,-1.3513707472450568e-05
 4.4516E-02,-0.000782652392480946
 4.4532E-02,-0.0011102091175568553
 4.4547E-02,-0.0009824875951100838
 4.4563E-02,-0.00040616805387583255
 4.4578E-02,0.0005923327154462228
 4.4594E-02,0.00196838899642843
 4.4609E-02,0.0036613995719470853
 4.4625E-02,0.005597545553391771
 4.4640E-02,0.007692925110885311
 4.4656E-02,0.009856965062587581
 4.4671E-02,0.011996047915120545
 4.4687E-02,0.014017305155718345
 4.4702E-02,0.01583250638420132
 4.4718E-02,0.017361925166412082
 4.4733E-02,0.01853800322938123
 4.4749E-02,0.01930858719734975
 4.4764E-02,0.01963949692547847
 4.4780E-02,0.01951621323513397
 4.4795E-02,0.018944544198559902
 4.4811E-02,0.01795022895114827
 4.4826E-02,0.016577543640302207
 4.4842E-02,0.014887061314938548
 4.4857E-02,0.0129527680463457
 4.4873E-02,0.010858744570424893
 4.4888E-02,0.008695592739963919
 4.4904E-02,0.006556736288804611
 4.4919E-02,0.00453467783168437
 4.4935E-02,0.0027172680295379963
 4.4950E-02,0.0011840487852109634
 4.4966E-02,2.768133862590498e-06
 4.4981E-02,-0.0007737836129615025
 4.4997E-02,-0.001110419883711375
 4.5012E-02,-0.0009914685923648541
 4.5028E-02,-0.0004217501936322803
 4.5043E-02,0.0005735104035524207
 4.5059E-02,0.001949873433268043
 4.5074E-02,0.00364589870662091
 4.5090E-02,0.005586206863603495
 4.5105E-02,0.007685140725226143
 4.5121E-02,0.0098507568041665
 4.5136E-02,0.011988899347374904
 4.5152E-02,0.014007164704519865
 4.5167E-02,0.015818631513081764
 4.5183E-02,0.01734528961914522
 4.5198E-02,0.01852113071423458
 4.5214E-02,0.0192948600731732
 4.5229E-02,0.019632157888371943
 4.5245E-02,0.019517377233052007
 4.5260E-02,0.018954535037999196
 4.5276E-02,0.017967451438928646
 4.5291E-02,0.01659893124055665
 4.5307E-02,0.014908956334084662
 4.5322E-02,0.012971955053513914
 4.5338E-02,0.010873311544364862
 4.5353E-02,0.008705352510160115
 4.5369E-02,0.006563083855488518
 4.5384E-02,0.004539940699886879
 4.5400E-02,0.002723768436296079
 4.5415E-02,0.0011931871297320362
 4.5431E-02,1.4427727666667172e-05
 4.5446E-02,-0.0007613155067854759
 4.5462E-02,-0.0010999866813952341
 4.5477E-02,-0.000986181802148964
 4.5493E-02,-0.0004240042933576308
 4.5508E-02,0.0005628313210766573
 4.5524E-02,0.0019317435362381
 4.5539E-02,0.003622940328964379
 4.5555E-02,0.005561986678070986
 4.5570E-02,0.007663192385601788
 4.5586E-02,0.009833635855962317
 4.5601E-02,0.011977564298760023
 4.5617E-02,0.014000872696025561
 4.5632E-02,0.015815371862887513
 4.5648E-02,0.017342606587753037
 4.5663E-02,0.018517063224059306
 4.5679E-02,0.019288690397819268
 4.5694E-02,0.019624724775705076
 4.5710E-02,0.01951085090373525
 4.5725E-02,0.018951726108779106
 4.5741E-02,0.017970876754304834
 4.5756E-02,0.016609938351453822
 4.5772E-02,0.014927189868864502
 4.5787E-02,0.012995338840152098
 4.5803E-02,0.010898555621990038
 4.5818E-02,0.008728827229308476
 4.5834E-02,0.0065817875652729885
 4.5849E-02,0.004552259689773911
 4.5865E-02,0.0027297960727895405
 4.5880E-02,0.0011945109843692321
 4.5896E-02,1.3463153863963254e-05
 4.5911E-02,-0.0007622236535067005
 4.5927E-02,-0.0010994010438085445
 4.5942E-02,-0.0009840776640680667
 4.5958E-02,-0.0004217810435780563
 4.5973E-02,0.0005628343772345341
 4.5989E-02,0.0019270691868350292
 4.6004E-02,0.003611906589207899
 4.6020E-02,0.005544360962666005
 4.6035E-02,0.007640426011718774
 4.6051E-02,0.009808578064903341
 4.6066E-02,0.011953740703266292
 4.6082E-02,0.01398155167436718
 4.6097E-02,0.01580270965156089
 4.6113E-02,0.0173371362171596
 4.6128E-02,0.01851768228339887
 4.6144E-02,0.019293143321882967
 4.6159E-02,0.0196304180991009
 4.6175E-02,0.01951573519021044
 4.6190E-02,0.018954959504208536
 4.6206E-02,0.01797305802304889
 4.6221E-02,0.01661283798159253
 4.6237E-02,0.014933070774320099
 4.6252E-02,0.013006090823051089
 4.6268E-02,0.010914927612778973
 4.6283E-02,0.008750009585365294
 4.6299E-02,0.006605484106618705
 4.6314E-02,0.004575232251059948
 4.6330E-02,0.002748713611365478
 4.6345E-02,0.0012068387834786275
 4.6361E-02,1.81157836665999e-05
 4.6376E-02,-0.0007646660110004451
 4.6392E-02,-0.001106974279539587
 4.6407E-02,-0.0009941172887207217
 4.6423E-02,-0.0004317855475529153
 4.6438E-02,0.0005544369093185263
 4.6454E-02,0.0019204939762888823
 4.6469E-02,0.0036060564391977162
 4.6485E-02,0.005537321365011052
 4.6500E-02,0.007630245341473525
 4.6516E-02,0.009794075445157886
 4.6531E-02,0.011935075173899388
 4.6547E-02,0.013960362854717728
 4.6562E-02,0.01578177758952133
 4.6578E-02,0.017319662483198286
 4.6593E-02,0.018506416089747908
 4.6609E-02,0.019289626483534474
 4.6624E-02,0.019634585004996968
 4.6640E-02,0.01952599083573408
 4.6655E-02,0.01896870653473552
 4.6671E-02,0.0179875016050008
 4.6686E-02,0.01662581073654925
 4.6702E-02,0.014943616491933537
 4.6717E-02,0.013014625851514382
 4.6733E-02,0.010922936432941182
 4.6748E-02,0.008759381557775416
 4.6764E-02,0.0066177133878804915
 4.6779E-02,0.004590745807391458
 4.6795E-02,0.002766549886120672
 4.6810E-02,0.0012247860500128743
 4.6826E-02,3.3271275696262126e-05
 4.6841E-02,-0.0007550900436215576
 4.6857E-02,-0.0011048504843629223
 4.6872E-02,-0.0009998602954957932
 4.6888E-02,-0.00044423595464307235
 4.6903E-02,0.0005376669187440951
 4.6919E-02,0.0019023241127339046
 4.6934E-02,0.0035891113042464413
 4.6950E-02,0.005523232643162412
 4.6965E-02,0.007619299430933778
 4.6981E-02,0.00978531073679524
 4.6996E-02,0.011926788450047673
 4.7000E-02,0.012465816173644064
